t_wall,stamp_ns,segment,distance_on_segment_m,segment_length_m,segment_progress,decision,pending_maneuver,pending_source,visible_instruction,applied_instruction,parking_route,stopped_at_terminal,effective_speed_mps,active_speed_mps,traffic_light_state,camera_traffic_light_state,traffic_light_control_state,map_x,map_y,yaw,actual_map_x,actual_map_y,actual_yaw
0.13382142699992983,53411000000,inner_middle_cross_reverse,2.2560415375168357,5.461513532244725,0.41307991350697704,route/left_nearby from camera_sign_turn_left: inner_middle_cross_reverse delta=+88.2deg,,,camera_sign_speed_limit,camera_sign_turn_left,False,False,0.28,0.28,red,red,red,161.7962423599128,125.8,3.141592653589793,160.1161511924666,125.79609425506548,3.1411827410491053
0.13400062599976081,53516000000,inner_middle_cross_reverse,2.285419791523613,5.461513532244725,0.4184590549909866,route/left_nearby from camera_sign_turn_left: inner_middle_cross_reverse delta=+88.2deg,,,camera_sign_speed_limit,camera_sign_turn_left,False,False,0.28,0.28,red,red,red,160.54277018895698,125.8,3.141592653589793,158.92254017540733,125.79543505955556,3.141278515803385
0.1993443829996977,53617000000,inner_middle_cross_reverse,2.3136831221030345,5.461513532244725,0.4236340546339528,route/left_nearby from camera_sign_turn_left: inner_middle_cross_reverse delta=+88.2deg,,,camera_sign_turn_right,camera_sign_turn_left,False,False,0.28,0.28,red,red,red,159.336868084235,125.8,3.141592653589793,157.7290618492477,125.79498768001798,3.141319034717333
0.30853173800005607,53718000000,inner_middle_cross_reverse,2.3419586177690865,5.461513532244725,0.42881128169731425,route/left_nearby from camera_sign_turn_left: inner_middle_cross_reverse delta=+88.2deg,,,camera_sign_turn_right,camera_sign_turn_left,False,False,0.28,0.28,red,red,red,158.13044693581676,125.8,3.141592653589793,156.53538206517518,125.79459457623929,3.141399749029873
0.3994034219999776,53818000000,inner_middle_cross_reverse,2.3699586177690866,5.461513532244725,0.43393806566199516,route/left_nearby from camera_sign_turn_left: inner_middle_cross_reverse delta=+88.2deg,right,camera_sign_turn_right,camera_sign_turn_right,camera_sign_turn_right,False,False,0.28,0.28,red,red,red,156.93578026915011,125.8,3.141592653589793,155.34138010744155,125.79428754525102,3.1415141189287743
0.5994743339997513,54015000000,inner_middle_cross_reverse,2.4250971369500958,5.461513532244725,0.44403389694676115,route/left_nearby from camera_sign_turn_left: inner_middle_cross_reverse delta=+88.2deg,right,camera_sign_turn_right,camera_sign_turn_right,camera_sign_turn_right,False,False,0.28,0.28,red,red,red,154.58320345076038,125.8,3.141592653589793,152.9538121901593,125.7941662820054,-3.1415225225175907
0.7009175579996736,54116000000,inner_middle_cross_reverse,2.4532737406626195,5.461513532244725,0.449193016950066,route/left_nearby from camera_sign_turn_left: inner_middle_cross_reverse delta=+88.2deg,right,camera_sign_turn_right,camera_sign_speed_limit,camera_sign_turn_right,False,False,0.28,0.28,red,red,red,153.38100169235938,125.8,3.141592653589793,151.76013083142232,125.79421256924053,-3.1414575049556257
0.9020766919998096,54314000000,inner_middle_cross_reverse,2.5086086682040425,5.461513532244725,0.45932481049314267,route/left_nearby from camera_sign_turn_left: inner_middle_cross_reverse delta=+88.2deg,right,camera_sign_turn_right,camera_sign_turn_right,camera_sign_turn_right,False,False,0.28,0.28,red,red,red,151.02004478392533,125.8,3.141592653589793,149.37260283278832,125.79445661861931,-3.141326905605129
1.0022936789996493,54416000000,inner_middle_cross_reverse,2.5371686682040426,5.461513532244725,0.4645541301371172,route/left_nearby from camera_sign_turn_left: inner_middle_cross_reverse delta=+88.2deg,right,camera_sign_turn_right,camera_sign_turn_right,camera_sign_turn_right,False,False,0.28,0.28,red,red,red,149.8014847839253,125.8,3.141592653589793,148.1791957827345,125.79468346638252,-3.1412891345843326
1.1043375549998018,54519000000,inner_middle_cross_reverse,2.5660076024872693,5.461513532244725,0.4698345224886077,route/left_nearby from camera_sign_turn_left: inner_middle_cross_reverse delta=+88.2deg,right,camera_sign_turn_right,camera_sign_speed_limit,camera_sign_turn_right,False,False,0.28,0.28,red,yellow,yellow,148.57102358784098,125.8,3.141592653589793,146.9855267586285,125.79499826993856,-3.1412248447286983
1.2116899769998781,54620000000,inner_middle_cross_reverse,2.5942876024872694,5.461513532244725,0.4750125742929354,route/left_nearby from camera_sign_turn_left: inner_middle_cross_reverse delta=+88.2deg,right,camera_sign_turn_right,camera_sign_speed_limit,camera_sign_turn_right,False,False,0.28,0.28,red,yellow,yellow,147.36441025450765,125.8,3.141592653589793,145.7910481392115,125.79535672299274,-3.1411909518128374
1.4046987889996672,54818000000,inner_middle_cross_reverse,2.6497243200281595,5.461513532244725,0.4851630055266204,route/left_nearby from camera_sign_turn_left: inner_middle_cross_reverse delta=+88.2deg,right,camera_sign_turn_right,camera_sign_turn_right,camera_sign_turn_right,False,False,0.28,0.28,red,green,green,144.99911030609633,125.8,3.141592653589793,143.40284970169492,125.79621416678063,-3.1411357655820895
1.5059091319999425,54920000000,inner_middle_cross_reverse,2.678240076504,5.461513532244725,0.49038422420665917,route/left_nearby from camera_sign_turn_left: inner_middle_cross_reverse delta=+88.2deg,right,camera_sign_turn_right,camera_sign_turn_right,camera_sign_turn_right,False,False,0.28,0.28,red,green,green,143.78243802979378,125.8,3.141592653589793,142.20947389704844,125.79672977335188,-3.141145212662599
1.6124772989996927,55021000000,inner_middle_cross_reverse,2.7064401437907515,5.461513532244725,0.4955476403769677,route/left_nearby from camera_sign_turn_left: inner_middle_cross_reverse delta=+88.2deg,right,camera_sign_turn_right,camera_sign_turn_right,camera_sign_turn_right,False,False,0.28,0.28,red,green,green,142.5792351588924,125.8,3.141592653589793,141.0159715294794,125.79723703171433,-3.141147503410493
1.8078483389999747,55219000000,inner_middle_cross_reverse,2.7618542811078495,5.461513532244725,0.5056939371846079,route/left_nearby from camera_sign_turn_left: inner_middle_cross_reverse delta=+88.2deg,right,camera_sign_turn_right,camera_sign_turn_right,camera_sign_turn_right,False,False,0.28,0.28,red,green,green,140.21489863336288,125.8,3.141592653589793,138.62860131690454,125.79824676088147,-3.1411171182402517
1.9080581769999299,55320000000,inner_middle_cross_reverse,2.7901079936579305,5.461513532244725,0.5108671757719099,route/left_nearby from camera_sign_turn_left: inner_middle_cross_reverse delta=+88.2deg,right,camera_sign_turn_right,camera_sign_turn_right,camera_sign_turn_right,False,False,0.28,0.28,red,green,green,139.00940689789277,125.8,3.141592653589793,137.4347061089935,125.79882697942108,-3.1409781764160463
2.0100033119997534,55422000000,inner_middle_cross_reverse,2.8186339235735556,5.461513532244725,0.516090257202947,route/left_nearby from camera_sign_turn_left: inner_middle_cross_reverse delta=+88.2deg,right,camera_sign_turn_right,camera_sign_turn_right,camera_sign_turn_right,False,False,0.28,0.28,red,green,green,137.79230055482608,125.8,3.141592653589793,136.2409362056964,125.79946662481305,-3.14082046816432
2.1090116559998933,55523000000,inner_middle_cross_reverse,2.846871970847983,5.461513532244725,0.5212606274872483,route/left_nearby from camera_sign_turn_left: inner_middle_cross_reverse delta=+88.2deg,right,camera_sign_turn_right,camera_sign_turn_right,camera_sign_turn_right,False,False,0.28,0.28,red,green,green,136.58747720445052,125.8,3.141592653589793,135.04739419311218,125.80014948622934,-3.1406521398039824
2.315779652999936,55720000000,inner_middle_cross_reverse,2.901927926929777,5.461513532244725,0.531341341515831,route/left_nearby from camera_sign_turn_left: inner_middle_cross_reverse delta=+88.2deg,right,camera_sign_turn_right,camera_sign_turn_right,camera_sign_turn_right,False,False,0.28,0.28,red,green,green,134.23842307829398,125.8,3.141592653589793,132.66094877239718,125.80181808759025,-3.140313099096924
2.5153233179999006,55922000000,inner_middle_cross_reverse,2.958365643372287,5.461513532244725,0.5416750550751406,route/left_nearby from camera_sign_turn_left: inner_middle_cross_reverse delta=+88.2deg,right,camera_sign_turn_right,camera_sign_turn_right,camera_sign_turn_right,False,False,0.28,0.28,red,green,green,131.83041384341354,125.8,3.141592653589793,130.27505169826244,125.80483410976146,-3.1401857208435557
2.6159975609998583,56023000000,inner_middle_cross_reverse,2.986580428480666,5.461513532244725,0.5468411660701604,route/left_nearby from camera_sign_turn_left: inner_middle_cross_reverse delta=+88.2deg,right,camera_sign_turn_right,camera_sign_turn_right,camera_sign_turn_right,False,False,0.28,0.28,green,green,green,130.62658301212272,125.8,3.141592653589793,129.08226965261264,125.80675692658677,-3.140222860851335
2.71605091299989,56124000000,inner_middle_cross_reverse,3.014793182025911,5.461513532244725,0.5520069050871338,route/left_nearby from camera_sign_turn_left: inner_middle_cross_reverse delta=+88.2deg,right,camera_sign_turn_right,camera_sign_turn_right,camera_sign_turn_right,False,False,0.28,0.28,green,green,green,129.42283886085895,125.8,3.141592653589793,127.88957939844559,125.80874041814906,-3.1403038629147138
2.813208442999894,56227000000,inner_middle_cross_reverse,3.043563092624335,5.461513532244725,0.5572746592414661,route/left_nearby from camera_sign_turn_left: inner_middle_cross_reverse delta=+88.2deg,right,camera_sign_turn_right,camera_sign_turn_right,camera_sign_turn_right,False,False,0.28,0.28,green,green,green,128.19532267532617,125.8,3.141592653589793,126.69695914067692,125.81066990558342,-3.140414401446649
3.0134394649999194,56424000000,inner_middle_cross_reverse,3.098587126632971,5.461513532244725,0.5673495283567351,route/left_nearby from camera_sign_turn_left: inner_middle_cross_reverse delta=+88.2deg,right,camera_sign_turn_right,camera_sign_turn_right,camera_sign_turn_right,False,False,0.28,0.28,green,green,green,125.84763055762437,125.8,3.141592653589793,124.31182297156471,125.81418623296042,-3.1406807356468596
3.1149425669996162,56526000000,inner_middle_cross_reverse,3.1270765934970983,5.461513532244725,0.5725659334239249,route/left_nearby from camera_sign_turn_left: inner_middle_cross_reverse delta=+88.2deg,right,camera_sign_turn_right,camera_sign_turn_right,camera_sign_turn_right,False,False,0.28,0.28,green,green,green,124.6320799714216,125.8,3.141592653589793,123.11926016345929,125.81576245097071,-3.140821798859264
3.2162039719996756,56626000000,inner_middle_cross_reverse,3.1550076539405456,5.461513532244725,0.577680094595282,route/left_nearby from camera_sign_turn_left: inner_middle_cross_reverse delta=+88.2deg,right,camera_sign_turn_right,camera_sign_turn_right,camera_sign_turn_right,False,False,0.28,0.28,green,green,green,123.44035472583452,125.8,3.141592653589793,121.92668658540177,125.81719348101976,-3.140958811510939
3.3143819329998223,56727000000,inner_middle_cross_reverse,3.1832182445119317,5.461513532244725,0.5828454375729807,route/left_nearby from camera_sign_turn_left: inner_middle_cross_reverse delta=+88.2deg,right,camera_sign_turn_right,camera_sign_turn_right,camera_sign_turn_right,False,False,0.28,0.28,green,green,green,122.23670286145538,125.8,3.141592653589793,120.73410256631414,125.81844802954689,-3.1410887829954586
3.51584753599991,56928000000,inner_middle_cross_reverse,3.2393608798104943,5.461513532244725,0.5931251219438234,route/left_nearby from camera_sign_turn_left: inner_middle_cross_reverse delta=+88.2deg,right,camera_sign_turn_right,camera_sign_turn_right,camera_sign_turn_right,False,False,0.28,0.28,green,green,green,119.84128375538337,125.8,3.141592653589793,118.34891073700642,125.82031006717912,-3.1413150069389837
3.6161798819998694,57028000000,inner_middle_cross_reverse,3.2672930271750356,5.461513532244725,0.5982394821298104,route/left_nearby from camera_sign_turn_left: inner_middle_cross_reverse delta=+88.2deg,right,camera_sign_turn_right,camera_sign_turn_right,camera_sign_turn_right,False,False,0.28,0.28,green,green,green,118.64951213449628,125.8,3.141592653589793,117.15629987645185,125.82092861647357,-3.141404426388525
3.8169053239998902,57228000000,inner_middle_cross_reverse,3.323158322219001,5.461513532244725,0.6084683856588664,route/left_nearby from camera_sign_turn_left: inner_middle_cross_reverse delta=+88.2deg,right,camera_sign_turn_right,camera_sign_turn_right,camera_sign_turn_right,False,False,0.28,0.28,green,green,green,116.26592621262041,125.8,3.141592653589793,114.77102861191325,125.82178986821728,-3.14153634598717
3.9178394289997414,57329000000,inner_middle_cross_reverse,3.3513706034422532,5.461513532244725,0.6136340381939535,route/left_nearby from camera_sign_turn_left: inner_middle_cross_reverse delta=+88.2deg,right,camera_sign_turn_right,camera_sign_turn_right,camera_sign_turn_right,False,False,0.28,0.28,green,green,green,115.06220221376167,125.8,3.141592653589793,113.57837467881241,125.8220893412103,-3.1415806714333896
4.018359125999723,57429000000,inner_middle_cross_reverse,3.379303412241551,5.461513532244725,0.6187485194882655,route/left_nearby from camera_sign_turn_left: inner_middle_cross_reverse delta=+88.2deg,right,camera_sign_turn_right,camera_sign_turn_right,camera_sign_turn_right,False,False,0.28,0.28,green,green,green,113.8704023716583,125.8,3.141592653589793,112.38572292186629,125.82229532376832,3.141573031285894
4.123652979999861,57531000000,inner_middle_cross_reverse,3.407795393097555,5.461513532244725,0.6239653848659282,route/left_nearby from camera_sign_turn_left: inner_middle_cross_reverse delta=+88.2deg,right,camera_sign_turn_right,camera_sign_turn_right,camera_sign_turn_right,False,False,0.28,0.28,green,green,green,112.65474452180212,125.8,3.141592653589793,110.95454713651712,125.82245252549454,3.14153693619335
4.2258791649996965,57631000000,inner_middle_cross_reverse,3.4357287048146032,5.461513532244725,0.6290799582441924,route/left_nearby from camera_sign_turn_left: inner_middle_cross_reverse delta=+88.2deg,right,camera_sign_turn_right,camera_sign_turn_right,camera_sign_turn_right,False,False,0.28,0.28,green,green,green,111.46292322187473,125.8,3.141592653589793,109.76190807019475,125.82253524334928,3.1414984841455067
4.420208463999643,57830000000,inner_middle_cross_reverse,3.4913198820908002,5.461513532244725,0.6392586709669545,route/left_nearby from camera_sign_turn_left: inner_middle_cross_reverse delta=+88.2deg,right,camera_sign_turn_right,camera_sign_turn_right,camera_sign_turn_right,False,False,0.28,0.28,green,green,green,109.09103299142366,125.8,3.141592653589793,107.61506958514465,125.82261434606208,3.1414269269367874
4.52110440999968,57930000000,inner_middle_cross_reverse,3.5192571570862357,5.461513532244725,0.6443739700192217,route/left_nearby from camera_sign_turn_left: inner_middle_cross_reverse delta=+88.2deg,right,camera_sign_turn_right,camera_sign_turn_right,camera_sign_turn_right,False,False,0.28,0.28,green,green,green,107.89904259161841,125.8,3.141592653589793,106.4223169884722,125.82264595767056,3.141392064512522
4.7235188770000605,58132000000,inner_middle_cross_reverse,3.5756938524821944,5.461513532244725,0.6547074966254924,route/left_nearby from camera_sign_turn_left: inner_middle_cross_reverse delta=+88.2deg,right,camera_sign_turn_right,camera_sign_turn_right,camera_sign_turn_right,False,False,0.28,0.28,green,green,green,105.49107692139084,125.8,3.141592653589793,103.79816183761471,125.8226508891285,3.141314559398971
4.924100321999958,58332000000,inner_middle_cross_reverse,3.6315768401218755,5.461513532244725,0.6649396396586916,route/left_nearby from camera_sign_turn_left: inner_middle_cross_reverse delta=+88.2deg,right,camera_sign_turn_right,camera_sign_turn_right,camera_sign_turn_right,False,False,0.28,0.28,green,green,green,103.1067361154311,125.8,3.141592653589793,101.4124613572144,125.82246438038938,3.1412234994956134
5.027885840999716,58433000000,inner_middle_cross_reverse,3.6598001898642103,5.461513532244725,0.6701073188332839,route/left_nearby from camera_sign_turn_left: inner_middle_cross_reverse delta=+88.2deg,right,camera_sign_turn_right,camera_sign_turn_right,camera_sign_turn_right,False,False,0.28,0.28,green,,,101.90253985975816,125.8,3.141592653589793,100.21955030736633,125.82231219437135,3.141174478541316
5.127305133999926,58533000000,inner_middle_cross_reverse,3.6877460756963885,5.461513532244725,0.6752241945248273,route/left_nearby from camera_sign_turn_left: inner_middle_cross_reverse delta=+88.2deg,right,camera_sign_turn_right,camera_sign_turn_right,camera_sign_turn_right,False,False,0.28,0.28,green,,,100.7101820642519,125.8,3.141592653589793,99.02658012685582,125.82214287989788,3.1411285824783053
5.326217586999974,58731000000,inner_middle_cross_reverse,3.7430859550005007,5.461513532244725,0.6853568947328165,route/left_nearby from camera_sign_turn_left: inner_middle_cross_reverse delta=+88.2deg,right,camera_sign_turn_right,camera_sign_turn_right,camera_sign_turn_right,False,False,0.28,0.28,green,,,98.34901388060977,125.8,3.141592653589793,96.8790465199854,125.82182526897702,3.1410496472192246
5.428675012999975,58834000000,inner_middle_cross_reverse,3.7718781054256447,5.461513532244725,0.6906287209866847,route/left_nearby from camera_sign_turn_left: inner_middle_cross_reverse delta=+88.2deg,right,camera_sign_turn_right,camera_sign_turn_right,camera_sign_turn_right,False,False,0.28,0.28,green,,,97.12054879580363,125.8,3.141592653589793,95.44724418585696,125.82157180712126,3.1409870534933604
5.527343803999884,58935000000,inner_middle_cross_reverse,3.800147388692363,5.461513532244725,0.6958048105632859,route/left_nearby from camera_sign_turn_left: inner_middle_cross_reverse delta=+88.2deg,right,camera_sign_turn_right,camera_sign_turn_right,camera_sign_turn_right,False,False,0.28,0.28,green,,,95.91439270975698,125.8,3.141592653589793,94.25407679606514,125.82136949368429,3.140895454190562
5.728312862999701,59134000000,inner_middle_cross_reverse,3.8558337296114455,5.461513532244725,0.7060009476945611,route/left_nearby from camera_sign_turn_left: inner_middle_cross_reverse delta=+88.2deg,right,camera_sign_turn_right,camera_sign_turn_right,camera_sign_turn_right,False,False,0.28,0.28,green,,,93.53844216387611,125.8,3.141592653589793,91.8686798662176,125.82065821752605,3.140406448791416
5.9290219189997515,59335000000,inner_middle_cross_reverse,3.9120968453899745,5.461513532244725,0.7163026919722878,route/left_nearby from camera_sign_turn_left: inner_middle_cross_reverse delta=+88.2deg,right,camera_sign_turn_right,camera_sign_turn_right,camera_sign_turn_right,False,False,0.28,0.28,green,,,91.13788255732555,125.8,3.141592653589793,89.48043307014694,125.81856517764669,3.1400796015684795
6.030718514,59438000000,inner_middle_cross_reverse,3.94088496294386,5.461513532244725,0.721573779809738,route/left_nearby from camera_sign_turn_left: inner_middle_cross_reverse delta=+88.2deg,right,camera_sign_turn_right,camera_sign_turn_right,camera_sign_turn_right,False,False,0.28,0.28,green,,,89.90958954169312,125.8,3.141592653589793,88.28642094300767,125.81729601370711,3.139894015505779
6.130445858999792,59538000000,inner_middle_cross_reverse,3.96888496294386,5.461513532244725,0.7267005637744189,route/left_nearby from camera_sign_turn_left: inner_middle_cross_reverse delta=+88.2deg,right,camera_sign_turn_right,camera_sign_turn_right,camera_sign_turn_right,False,False,0.28,0.28,green,green,green,88.71492287502645,125.8,3.141592653589793,87.09219890452972,125.81556255896938,3.1398257350516077
6.331301462999818,59736000000,inner_middle_cross_reverse,4.024312434713277,5.461513532244725,0.7368493021126422,route/left_nearby from camera_sign_turn_left: inner_middle_cross_reverse delta=+88.2deg,right,camera_sign_turn_right,camera_sign_turn_right,camera_sign_turn_right,False,False,0.28,0.28,green,green,green,86.35001741286464,125.8,3.141592653589793,84.70428542959317,125.81153774482495,3.139873401423849
6.432605091999903,59838000000,inner_middle_cross_reverse,4.052872434713277,5.461513532244725,0.7420786217566167,route/left_nearby from camera_sign_turn_left: inner_middle_cross_reverse delta=+88.2deg,right,camera_sign_turn_right,camera_sign_turn_right,camera_sign_turn_right,False,False,0.28,0.28,green,green,green,85.13145741286465,125.8,3.141592653589793,83.51022713474686,125.80942379018039,3.1399841595463847
6.6325601319999805,60039000000,inner_middle_cross_reverse,4.109136958910912,5.461513532244725,0.7523806239150751,route/left_nearby from camera_sign_turn_left: inner_middle_cross_reverse delta=+88.2deg,right,camera_sign_turn_right,camera_sign_turn_right,camera_sign_turn_right,False,False,0.28,0.28,green,,,82.73083771376557,125.8,3.141592653589793,81.12222393607698,125.80546822858312,3.14028558849854
6.732086266999886,60141000000,inner_middle_cross_reverse,4.13769673345055,5.461513532244725,0.7576099022773866,route/left_nearby from camera_sign_turn_left: inner_middle_cross_reverse delta=+88.2deg,right,camera_sign_turn_right,camera_sign_turn_right,camera_sign_turn_right,False,False,0.28,0.28,green,,,81.51228733340767,125.8,3.141592653589793,79.92851061595832,125.80384755228923,3.1404017278493384
6.833258888999808,60241000000,inner_middle_cross_reverse,4.165592778460851,5.461513532244725,0.7627176521429875,route/left_nearby from camera_sign_turn_left: inner_middle_cross_reverse delta=+88.2deg,right,camera_sign_turn_right,camera_sign_turn_right,camera_sign_turn_right,False,False,0.28,0.28,green,,,80.32205607963485,125.8,3.141592653589793,78.73519500923749,125.80224475559646,3.1404929967194506
6.9394321739996485,60341000000,inner_middle_cross_reverse,4.193585310439325,5.461513532244725,0.7678430687172038,route/left_nearby from camera_sign_turn_left: inner_middle_cross_reverse delta=+88.2deg,right,camera_sign_turn_right,camera_sign_turn_right,camera_sign_turn_right,False,False,0.28,0.28,green,,,79.12770804855327,125.8,3.141592653589793,77.54137340115628,125.80071561630498,3.1406483585531633
7.035710078999728,60441000000,inner_middle_cross_reverse,4.221572942622774,5.461513532244725,0.7729675881417571,route/left_nearby from camera_sign_turn_left: inner_middle_cross_reverse delta=+88.2deg,right,camera_sign_turn_right,camera_sign_turn_right,camera_sign_turn_right,False,False,0.28,0.28,green,,,77.9335690753928,125.8,3.141592653589793,76.34739617817164,125.799391637756,3.14080988468435
7.133854993999648,60541000000,inner_middle_cross_reverse,4.249559585969836,5.461513532244725,0.7780919265109344,route/left_nearby from camera_sign_turn_left: inner_middle_cross_reverse delta=+88.2deg,right,camera_sign_turn_right,camera_sign_turn_right,camera_sign_turn_right,False,False,0.28,0.28,green,,,76.7394722925848,125.8,3.141592653589793,75.15343568205813,125.79830621550855,3.1409520948323184
7.2348541469996235,60641000000,inner_middle_cross_reverse,4.277540113184331,5.461513532244725,0.7832151450197412,route/left_nearby from camera_sign_turn_left: inner_middle_cross_reverse delta=+88.2deg,right,camera_sign_turn_right,,camera_sign_turn_right,False,False,0.28,0.28,green,,,75.54563646476632,125.8,3.141592653589793,73.95957665055803,125.79739111780931,3.141086816863357
7.436499616999754,60843000000,inner_middle_cross_reverse,4.334086081881597,5.461513532244725,0.7935686795049015,route/left_nearby from camera_sign_turn_left: inner_middle_cross_reverse delta=+88.2deg,right,camera_sign_turn_right,,camera_sign_turn_right,False,False,0.28,0.28,green,,,73.13300846701634,125.8,3.141592653589793,71.57241149621814,125.7960044070854,3.1412528289109733
7.5372471519999635,60944000000,inner_middle_cross_reverse,4.362356230396273,5.461513532244725,0.7987449275079083,route/left_nearby from camera_sign_turn_left: inner_middle_cross_reverse delta=+88.2deg,right,camera_sign_turn_right,,camera_sign_turn_right,False,False,0.28,0.28,green,,,71.9268154637235,125.8,3.141592653589793,70.37892800031005,125.79553929837974,3.14129907567316
7.638122743999702,61044000000,inner_middle_cross_reverse,4.390258710800707,5.461513532244725,0.8038538556904896,route/left_nearby from camera_sign_turn_left: inner_middle_cross_reverse delta=+88.2deg,right,camera_sign_turn_right,,camera_sign_turn_right,False,False,0.28,0.28,yellow,,,70.73630963313428,125.8,3.141592653589793,69.18538640129995,125.79518727026414,3.1413305552334765
7.838590703999671,61244000000,inner_middle_cross_reverse,4.446214765872141,5.461513532244725,0.8140993773285978,route/left_nearby from camera_sign_turn_left: inner_middle_cross_reverse delta=+88.2deg,right,camera_sign_turn_right,,camera_sign_turn_right,False,False,0.28,0.28,yellow,,,68.34885128341978,125.8,3.141592653589793,66.79765068385348,125.79453893875797,3.141514545982955
8.039001906000067,61437000000,inner_middle_cross_reverse,4.500237698335793,5.461513532244725,0.823990945324301,route/left_nearby from camera_sign_turn_left: inner_middle_cross_reverse delta=+88.2deg,right,camera_sign_turn_right,,camera_sign_turn_right,False,False,0.28,0.28,yellow,,,66.04387283163729,125.8,3.141592653589793,64.40985224358656,125.79441415749366,-3.141517289697497
8.139321873999961,61540000000,inner_middle_cross_reverse,4.529077698335793,5.461513532244725,0.8292715328079223,route/left_nearby from camera_sign_turn_left: inner_middle_cross_reverse delta=+88.2deg,right,camera_sign_turn_right,,camera_sign_turn_right,False,False,0.28,0.28,yellow,,,64.81336616497063,125.8,3.141592653589793,63.21577578524695,125.79452739534341,-3.141435100343406
8.239705609999874,61642000000,inner_middle_cross_reverse,4.557612726654467,5.461513532244725,0.8344962801513471,route/left_nearby from camera_sign_turn_left: inner_middle_cross_reverse delta=+88.2deg,right,camera_sign_turn_right,,camera_sign_turn_right,False,False,0.28,0.28,yellow,,,63.59587162337387,125.8,3.141592653589793,62.022021221157786,125.7946631772532,-3.1413887294433436
8.340606299999763,61742000000,inner_middle_cross_reverse,4.585612726654467,5.461513532244725,0.8396230641160279,route/left_nearby from camera_sign_turn_left: inner_middle_cross_reverse delta=+88.2deg,right,camera_sign_turn_right,,camera_sign_turn_right,False,False,0.28,0.28,yellow,,,62.40120495670722,125.8,3.141592653589793,60.82817071526965,125.79482796527654,-3.141323685519076
8.444634177999887,61843000000,inner_middle_cross_reverse,4.613892726654466,5.461513532244725,0.8448011159203556,route/left_nearby from camera_sign_turn_left: inner_middle_cross_reverse delta=+88.2deg,right,camera_sign_turn_right,,camera_sign_turn_right,False,False,0.28,0.28,yellow,,,61.19459162337391,125.8,3.141592653589793,59.63449957999393,125.79510407377376,-3.141268616277321
8.542128851999678,61945000000,inner_middle_cross_reverse,4.642447399039286,5.461513532244725,0.8500294600810416,route/left_nearby from camera_sign_turn_left: inner_middle_cross_reverse delta=+88.2deg,right,camera_sign_turn_right,,camera_sign_turn_right,False,False,0.28,0.28,yellow,,,59.97625893495494,125.8,3.141592653589793,58.44020938370954,125.7953677374809,-3.1412111439919546
8.643750849999833,62047000000,inner_middle_cross_reverse,4.6710073990392855,5.461513532244725,0.8552587797250161,route/left_nearby from camera_sign_turn_left: inner_middle_cross_reverse delta=+88.2deg,right,camera_sign_turn_right,,camera_sign_turn_right,False,False,0.28,0.28,red,,,58.757698934954945,125.8,3.141592653589793,57.245822304021104,125.79568358953453,-3.1411385593150762
8.843333665000046,62247000000,inner_middle_cross_reverse,4.725808375805544,5.461513532244725,0.8652928071869483,route/left_nearby from camera_sign_turn_left: inner_middle_cross_reverse delta=+88.2deg,right,camera_sign_turn_right,,camera_sign_turn_right,False,False,0.28,0.28,red,,,56.41952392626126,125.8,-3.0630060326080435,54.89553909060321,125.75201358850327,-3.125959578209164
9.045460253999863,62446000000,inner_middle_cross_reverse,4.776833166459912,5.461513532244725,0.8746354171343775,route/left_nearby from camera_sign_turn_left: inner_middle_cross_reverse delta=+88.2deg,right,camera_sign_turn_right,,camera_sign_turn_right,False,False,0.28,0.28,red,,,54.242466191674865,125.8,-2.9308262245462835,52.72014104731478,125.57378013679336,-3.0400598166333648
9.145061070999873,62548000000,inner_middle_cross_reverse,4.802281023952393,5.461513532244725,0.879294905267518,route/left_nearby from camera_sign_turn_left: inner_middle_cross_reverse delta=+88.2deg,right,camera_sign_turn_right,,camera_sign_turn_right,False,False,0.28,0.28,red,,,53.15669093866238,125.8,-2.862102011819628,51.672940444202695,125.5023592856429,-2.9787675321516573
9.24529526599963,62648000000,inner_middle_cross_reverse,4.8267837768907444,5.461513532244725,0.8837813452980494,route/left_nearby from camera_sign_turn_left: inner_middle_cross_reverse delta=+88.2deg,right,camera_sign_turn_right,,camera_sign_turn_right,False,False,0.28,0.28,red,,,52.11124014662603,125.8,-2.7948931803453787,50.63392042614073,125.4740175459769,-2.910813579038074
9.346336426999642,62749000000,inner_middle_cross_reverse,4.851257111700746,5.461513532244725,0.8882623988861273,route/left_nearby from camera_sign_turn_left: inner_middle_cross_reverse delta=+88.2deg,right,camera_sign_turn_right,,camera_sign_turn_right,False,False,0.28,0.28,red,,,51.06704452806598,125.8,-2.7273477390112935,49.601319248279694,125.51455204196648,-2.8427171800650948
9.446622552999997,62850000000,inner_middle_cross_reverse,4.875575930706455,5.461513532244725,0.8927151607189289,route/left_nearby from camera_sign_turn_left: inner_middle_cross_reverse delta=+88.2deg,right,camera_sign_turn_right,,camera_sign_turn_right,False,False,0.28,0.28,red,,,50.029441583822404,125.8,-2.660421398534117,48.57476363543361,125.62212265506834,-2.773510786636808
9.64859479200004,63049000000,inner_middle_cross_reverse,4.92443000460458,5.461513532244725,0.9016603136714376,route/left_nearby from camera_sign_turn_left: inner_middle_cross_reverse delta=+88.2deg,right,camera_sign_turn_right,,camera_sign_turn_right,False,False,0.28,0.28,red,yellow,yellow,47.945001097502384,125.8,-2.528902038278378,46.548894551459185,126.07790526231243,-2.644005487602852
9.74825149399976,63151000000,inner_middle_cross_reverse,4.949572505307784,5.461513532244725,0.9062638911513363,route/left_nearby from camera_sign_turn_left: inner_middle_cross_reverse delta=+88.2deg,right,camera_sign_turn_right,,camera_sign_turn_right,False,False,0.28,0.28,red,green,green,46.87225440083235,125.8,-2.463834606838254,45.55788356616361,126.4257490664008,-2.58597348123811
9.853037346999827,63251000000,inner_middle_cross_reverse,4.974505066941934,5.461513532244725,0.9108290289079214,route/left_nearby from camera_sign_turn_left: inner_middle_cross_reverse delta=+88.2deg,right,camera_sign_turn_right,,camera_sign_turn_right,False,False,0.28,0.28,red,green,green,45.808465104441936,125.8,-2.4016667272550527,44.395010237741175,126.94477771294807,-2.5237506894405435
9.949009772999943,63353000000,inner_middle_cross_reverse,5.000318581536361,5.461513532244725,0.9155554686470201,route/left_nearby from camera_sign_turn_left: inner_middle_cross_reverse delta=+88.2deg,right,camera_sign_turn_right,,camera_sign_turn_right,False,False,0.28,0.28,red,green,green,44.79288027915523,126.00711972084478,-2.3561944901923453,43.4501771631671,127.45199549249773,-2.4767852477123213
10.152339512999788,63551000000,inner_middle_cross_reverse,5.051699636300777,5.461513532244725,0.92496331034897,route/left_nearby from camera_sign_turn_left: inner_middle_cross_reverse delta=+88.2deg,right,camera_sign_turn_right,,camera_sign_turn_right,False,False,0.28,0.28,red,green,green,43.24271954322198,127.55728045677803,-2.356194490192345,41.62134603957594,128.67889222189638,-2.404474468166698
10.250197372999992,63653000000,inner_middle_cross_reverse,5.078567489934186,5.461513532244725,0.929882798962297,route/left_nearby from camera_sign_turn_left: inner_middle_cross_reverse delta=+88.2deg,right,camera_sign_turn_right,,camera_sign_turn_right,False,False,0.28,0.28,red,green,green,42.43211937255056,128.36788062744944,-2.356194490192345,40.738690513368155,129.37604516484038,-2.377153528210435
10.350991844999953,63754000000,inner_middle_cross_reverse,5.105355392930128,5.461513532244725,0.9347876486596907,route/left_nearby from camera_sign_turn_left: inner_middle_cross_reverse delta=+88.2deg,right,camera_sign_turn_right,,camera_sign_turn_right,False,False,0.28,0.28,red,green,green,41.62393130376343,129.17606869623657,-2.3223777449892986,39.87437533952459,130.10052381877617,-2.3506228508901192
10.451825129999634,63856000000,inner_middle_cross_reverse,5.1312570156056525,5.461513532244725,0.9395302209379798,route/left_nearby from camera_sign_turn_left: inner_middle_cross_reverse delta=+88.2deg,right,camera_sign_turn_right,,camera_sign_turn_right,False,False,0.28,0.28,red,green,green,40.84248221415923,129.95751778584076,-2.258253522342645,39.02699923714613,130.78624609786232,-2.308650208343147
10.653769159999683,64053000000,inner_middle_cross_reverse,5.179357596063877,5.461513532244725,0.9483374096731607,route/left_nearby from camera_sign_turn_left: inner_middle_cross_reverse delta=+88.2deg,right,camera_sign_turn_right,,camera_sign_turn_right,False,False,0.28,0.28,red,green,green,39.39129302499572,131.40870697500426,-2.131255265930521,37.417493526234466,132.13383290196114,-2.1921397962827576
10.754230110999742,64158000000,inner_middle_cross_reverse,5.204487228717222,5.461513532244725,0.9529386310204998,route/left_nearby from camera_sign_turn_left: inner_middle_cross_reverse delta=+88.2deg,right,camera_sign_turn_right,,camera_sign_turn_right,False,False,0.28,0.28,red,green,green,38.633134788925005,132.166865211075,-2.061023427867171,36.66652211368262,132.83715864611125,-2.12323485866297
10.957915136999873,64358000000,inner_middle_cross_reverse,5.2547115621976985,5.461513532244725,0.962134677717803,route/left_nearby from camera_sign_turn_left: inner_middle_cross_reverse delta=+88.2deg,right,camera_sign_turn_right,camera_sign_turn_right,camera_sign_turn_right,False,False,0.28,0.28,red,green,green,37.11787220611457,133.68212779388543,-1.9180387081773267,35.44487615712889,134.52164773007345,-2.04938241919962
11.055689435999739,64459000000,inner_middle_cross_reverse,5.278126646960541,5.461513532244725,0.9664219663282954,route/left_nearby from camera_sign_turn_left: inner_middle_cross_reverse delta=+88.2deg,left,camera_sign_turn_left,camera_sign_turn_left,camera_sign_turn_left,False,False,0.28,0.28,red,green,green,36.4114416901524,134.38855830984758,-2.356194490192345,34.870641698474046,135.3717730030179,-2.0014180199615623
11.15702655899986,64560000000,inner_middle_cross_reverse,5.30000395241056,5.461513532244725,0.9704276884272806,route/left_nearby from camera_sign_turn_left: inner_middle_cross_reverse delta=+88.2deg,right,camera_sign_turn_right,camera_sign_turn_right,camera_sign_turn_right,False,False,0.28,0.28,red,green,green,35.751405805873006,135.048594194127,-1.7900567543221655,34.10721781243417,135.88410486579622,-1.8395446817471743
11.357497790999787,64759000000,inner_middle_cross_reverse,5.349960584944618,5.461513532244725,0.9795747192346043,route/left_nearby from camera_sign_turn_left: inner_middle_cross_reverse delta=+88.2deg,right,camera_sign_turn_right,camera_sign_turn_right,camera_sign_turn_right,False,False,0.28,0.28,red,red,red,34.24421973098974,136.55578026901028,-1.6549041781027274,33.24601151667996,137.6429428223652,-1.6742034370818337
11.457331281999814,64861000000,inner_middle_cross_reverse,5.376382140427735,5.461513532244725,0.9844124909122032,route/left_nearby from camera_sign_turn_left: inner_middle_cross_reverse delta=+88.2deg,right,camera_sign_turn_right,camera_sign_turn_right,camera_sign_turn_right,False,False,0.28,0.28,red,red,red,33.447084326121114,137.3529156738789,-1.5873700115834393,33.03400518145641,138.7328219020384,-1.6395211004367836
11.55928684699984,64961000000,inner_middle_cross_reverse,5.4026392179907505,5.461513532244725,0.9892201467768265,route/left_nearby from camera_sign_turn_left: inner_middle_cross_reverse delta=+88.2deg,right,camera_sign_turn_right,camera_sign_turn_right,camera_sign_turn_right,False,False,0.28,0.28,red,red,red,33.0,138.2880292584971,-1.5499240572839157,32.87365255215195,139.84394497136142,-1.6100894625942581
11.75914144699982,65159000000,inner_middle_cross_reverse,5.455744277733818,5.461513532244725,0.9989436528030472,route/left_nearby from camera_sign_turn_left: inner_middle_cross_reverse delta=+88.2deg,right,camera_sign_turn_right,camera_sign_turn_right,camera_sign_turn_right,False,False,0.28,0.28,red,red,red,33.0,140.553845140868,-1.5453274769249845,32.68629794787313,142.11194968564644,-1.5653577330784458
11.859863594999752,65263000000,outer_left_lower_to_mid_reverse,0.022422125946355943,1.8052961635923481,0.012420192541559657,route/right from camera_sign_turn_right: outer_left_lower_to_mid_reverse delta=+6.6deg,,,camera_sign_turn_right,camera_sign_turn_right,False,False,0.28,0.28,red,red,red,33.024840385083124,141.7563548257001,-1.5448281395833408,32.647339203614706,143.2658291728494,-1.549177170018525
11.960509059999822,65363000000,outer_left_lower_to_mid_reverse,0.04983976551594128,1.8052961635923481,0.027607528626641197,route/right from camera_sign_turn_right: outer_left_lower_to_mid_reverse delta=+6.6deg,,,camera_sign_turn_right,camera_sign_turn_right,False,False,0.28,0.28,red,green,green,33.05521505725328,142.92577970425137,-1.5448281395833352,32.63694997747781,144.42895929152635,-1.5363827456462074
12.060491644999729,65463000000,outer_left_lower_to_mid_reverse,0.07739650394264838,1.8052961635923481,0.042871915148059436,route/right from camera_sign_turn_right: outer_left_lower_to_mid_reverse delta=+6.6deg,,,camera_sign_turn_right,camera_sign_turn_right,False,False,0.28,0.28,red,green,green,33.08574383029611,144.1011374664006,-1.5448281395833352,32.65045031697639,145.60024158808318,-1.5267280528302138
12.262332499999957,65663000000,outer_left_lower_to_mid_reverse,0.1325799234595548,1.8052961635923481,0.0734394312320117,route/right from camera_sign_turn_right: outer_left_lower_to_mid_reverse delta=+6.6deg,,,camera_sign_turn_right,camera_sign_turn_right,False,False,0.28,0.28,red,green,green,33.14687886246402,146.4548362048649,-1.5448281395833408,32.7275149367764,147.95560740473238,-1.5138793814541702
12.465007736999723,65863000000,outer_left_lower_to_mid_reverse,0.18842879160305637,1.8052961635923481,0.10437555643396651,route/right from camera_sign_turn_right: outer_left_lower_to_mid_reverse delta=+6.6deg,,,camera_sign_turn_right,camera_sign_turn_right,False,False,0.28,0.28,red,green,green,33.208751112867944,148.83691784541543,-1.5448281395833408,32.85491442512357,150.3306763385261,-1.5096362072771214
12.563783523999973,65963000000,outer_left_lower_to_mid_reverse,0.21638839667563078,1.8052961635923481,0.11986310115734185,route/right from camera_sign_turn_right: outer_left_lower_to_mid_reverse delta=+6.6deg,,,camera_sign_turn_right,camera_sign_turn_right,False,False,0.28,0.28,red,green,green,33.239726202314685,150.02945878911532,-1.5448281395833408,32.92877744304603,151.52064587239792,-1.5099248022183493
12.773254605999682,66164000000,outer_left_lower_to_mid_reverse,0.2723588363001453,1.8052961635923481,0.1508665679309815,route/right from camera_sign_turn_right: outer_left_lower_to_mid_reverse delta=+6.6deg,,,camera_sign_turn_right,camera_sign_turn_right,False,False,0.28,0.28,red,green,green,33.301733135861966,152.41672573068558,-1.5448281395833408,33.09719307676278,154.13137247281438,-1.5139009458167696
12.965022338999916,66362000000,outer_left_lower_to_mid_reverse,0.32738776816427206,1.8052961635923481,0.18134850932868826,route/right from camera_sign_turn_right: outer_left_lower_to_mid_reverse delta=+6.6deg,,,camera_sign_speed_limit,camera_sign_turn_right,False,False,0.28,0.28,red,red,red,33.362697018657386,154.763835218309,-1.5448281395833408,33.231483176836264,156.26343978803015,-1.5191730889780837
13.065164184999958,66465000000,outer_left_lower_to_mid_reverse,0.355997431130222,1.8052961635923481,0.197196137846892,route/right from camera_sign_turn_right: outer_left_lower_to_mid_reverse delta=+6.6deg,,,camera_sign_speed_limit,camera_sign_turn_right,False,False,0.28,0.28,red,red,red,33.39439227569379,155.98410261421068,-1.5448281395833408,33.3021615743059,157.4473694755975,-1.5224876992647582
13.166051142000015,66565000000,outer_left_lower_to_mid_reverse,0.38377370275482614,1.8052961635923481,0.21258212945578808,route/right from camera_sign_turn_right: outer_left_lower_to_mid_reverse delta=+6.6deg,,,camera_sign_speed_limit,camera_sign_speed_limit,False,False,0.28,0.28,red,red,red,33.42516425891158,157.1688239680957,-1.5448281395833408,33.36899656640509,158.63146155571096,-1.5258268730296753
13.367448036000042,66766000000,outer_left_lower_to_mid_reverse,0.4396268533783981,1.8052961635923481,0.24352062683365328,route/right from camera_sign_turn_right: outer_left_lower_to_mid_reverse delta=+6.6deg,,,camera_sign_speed_limit,camera_sign_speed_limit,False,False,0.28,0.28,red,yellow,yellow,33.487041253667314,159.5510882661913,-1.5448281395833408,33.48982873437758,161.00115187355723,-1.5321144383906213
13.469527987999754,66867000000,outer_left_lower_to_mid_reverse,0.4677101887262065,1.8052961635923481,0.2590767089403839,route/right from camera_sign_turn_right: outer_left_lower_to_mid_reverse delta=+6.6deg,,,camera_sign_speed_limit,camera_sign_speed_limit,False,False,0.28,0.28,red,,,33.518153417880754,160.74890658840957,-1.5448281395833352,33.54372076299482,162.18703749211417,-1.5349139395578415
13.568963205999808,66967000000,outer_left_lower_to_mid_reverse,0.49553007452977105,1.8052961635923481,0.27448685956531294,route/right from camera_sign_turn_right: outer_left_lower_to_mid_reverse delta=+6.6deg,,,camera_sign_speed_limit,camera_sign_speed_limit,False,False,0.28,0.28,red,,,33.54897371913063,161.93548818652908,-1.5448281395833408,33.593460587395455,163.37370910108055,-1.537421076445993
13.769071871000051,67168000000,outer_left_lower_to_mid_reverse,0.551495017586378,1.8052961635923481,0.30548728164854755,route/right from camera_sign_turn_right: outer_left_lower_to_mid_reverse delta=+6.6deg,,,camera_sign_speed_limit,camera_sign_speed_limit,False,False,0.28,0.28,red,,,33.61097456329709,164.32252068693816,-1.5448281395833408,33.68178479780927,165.74944539411194,-1.541482870806941
13.869173459999729,67268000000,outer_left_lower_to_mid_reverse,0.579360890227089,1.8052961635923481,0.32092290556593345,route/right from camera_sign_turn_right: outer_left_lower_to_mid_reverse delta=+6.6deg,,,camera_sign_speed_limit,camera_sign_speed_limit,False,False,0.28,0.28,red,,,33.64184581113187,165.5110637285769,-1.5448281395833408,33.72115059069564,166.9384473831028,-1.5430396609306536
13.96952703299985,67369000000,outer_left_lower_to_mid_reverse,0.6075197208094857,1.8052961635923481,0.3365208064257921,route/right from camera_sign_turn_right: outer_left_lower_to_mid_reverse delta=+6.6deg,,,,camera_sign_speed_limit,False,False,0.28,0.28,red,,,33.67304161285159,166.712102094786,-1.5448281395833408,33.757868932637166,168.12814188451713,-1.5443054530060902
14.171239346999755,67568000000,outer_left_lower_to_mid_reverse,0.6630382437911495,1.8052961635923481,0.36727394494196103,route/right from camera_sign_turn_right: outer_left_lower_to_mid_reverse delta=+6.6deg,,,,camera_sign_speed_limit,False,False,0.28,0.28,red,,,33.73454788988391,169.08009376053099,-1.5448281395833352,33.82490434703071,170.50935366077988,-1.5460664679281386
14.272682183999677,67668000000,outer_left_lower_to_mid_reverse,0.6909529309039361,1.8052961635923481,0.38273660845155344,route/right from camera_sign_turn_right: outer_left_lower_to_mid_reverse delta=+6.6deg,,,,camera_sign_speed_limit,False,False,0.28,0.28,red,,,33.7654732169031,170.2707188507696,-1.5448281395833408,33.85596545290365,171.70072287611342,-1.546614077408142
14.373368225999911,67770000000,outer_left_lower_to_mid_reverse,0.7194348545884056,1.8052961635923481,0.3985134788946798,route/right from camera_sign_turn_right: outer_left_lower_to_mid_reverse delta=+6.6deg,,,,camera_sign_speed_limit,False,False,0.28,0.28,red,,,33.797026957789356,171.48553787489035,-1.5448281395833408,33.8858694652662,172.89250418197605,-1.5469755576990236
14.574946398000066,67971000000,outer_left_lower_to_mid_reverse,0.7755815775433378,1.8052961635923481,0.42961459354126835,route/right from camera_sign_turn_right: outer_left_lower_to_mid_reverse delta=+6.6deg,,,,camera_sign_speed_limit,False,False,0.28,0.28,red,,,33.85922918708253,173.88032370267766,-1.5448281395833408,33.943430684466946,175.27701285021143,-1.5472538692258144
14.675115149999783,68074000000,outer_left_lower_to_mid_reverse,0.8043612161998588,1.8052961635923481,0.445556375968398,route/right from camera_sign_turn_right: outer_left_lower_to_mid_reverse delta=+6.6deg,,,,camera_sign_speed_limit,False,False,0.28,0.28,red,,,33.8911127519368,175.10784094956665,-1.5448281395833408,33.97718441903449,176.7081566925699,-1.5472223027327514
14.778752448999967,68175000000,outer_left_lower_to_mid_reverse,0.832585132851663,1.8052961635923481,0.46119032967693613,route/right from camera_sign_turn_right: outer_left_lower_to_mid_reverse delta=+6.6deg,,,,camera_sign_speed_limit,False,False,0.28,0.28,red,,,33.92238065935386,176.31165538512408,-1.5448281395833408,34.00514707376669,177.9009254694624,-1.5471328103143749
14.877201796000008,68275000000,outer_left_lower_to_mid_reverse,0.8605322875103024,1.8052961635923481,0.47667097779565115,route/right from camera_sign_turn_right: outer_left_lower_to_mid_reverse delta=+6.6deg,,,,camera_sign_speed_limit,False,False,0.28,0.28,red,,,33.95334195559131,177.50366529026513,-1.5448281395833408,34.03303594756393,179.093814779239,-1.5469885869091933
15.082409941999686,68473000000,outer_left_lower_to_mid_reverse,0.9158721930312543,1.8052961635923481,0.5073251755040379,route/right from camera_sign_turn_right: outer_left_lower_to_mid_reverse delta=+6.6deg,,,,camera_sign_speed_limit,False,False,0.28,0.28,red,,,34.01465035100807,179.86403851381093,-1.5448281395833408,34.08909211297909,181.4797996409923,-1.5465920958344295
15.178222876999826,68573000000,outer_left_lower_to_mid_reverse,0.9438224177433944,1.8052961635923481,0.5228075242043875,route/right from camera_sign_turn_right: outer_left_lower_to_mid_reverse delta=+6.6deg,,,,camera_sign_speed_limit,False,False,0.28,0.28,red,,,34.04561504840878,181.05617936373784,-1.5448281395833408,34.11744944984183,182.67282224551914,-1.546366635569222
15.279015599999639,68674000000,outer_left_lower_to_mid_reverse,0.9720521422598755,1.8052961635923481,0.5384446950386216,route/right from camera_sign_turn_right: outer_left_lower_to_mid_reverse delta=+6.6deg,,,,camera_sign_speed_limit,False,False,0.28,0.28,red,,,34.076889390077255,182.26024151797387,-1.5448281395833408,34.14609149162908,183.86583761337,-1.546140496110161
15.379967262999799,68774000000,outer_left_lower_to_mid_reverse,1.0000020008464312,1.8052961635923481,0.5539268409325887,route/right from camera_sign_turn_right: outer_left_lower_to_mid_reverse delta=+6.6deg,,,,camera_sign_speed_limit,False,False,0.28,0.28,red,,,34.107853681865166,183.45236675180934,-1.5448281395833408,34.1750235654611,185.05883748644843,-1.5459250608390942
15.480465108999852,68876000000,outer_left_lower_to_mid_reverse,1.0285101190482013,1.8052961635923481,0.5697182211929012,route/right from camera_sign_turn_right: outer_left_lower_to_mid_reverse delta=+6.6deg,,,,camera_sign_speed_limit,False,False,0.28,0.28,red,,,34.139436442385815,184.66830303185338,-1.5448281395833408,34.20422727819617,186.25180687691798,-1.545725684960351
15.580681250999987,68979000000,outer_left_lower_to_mid_reverse,1.0572969180199094,1.8052961635923481,0.5856639699028665,route/right from camera_sign_turn_right: outer_left_lower_to_mid_reverse delta=+6.6deg,,,,camera_sign_speed_limit,False,False,0.28,0.28,red,,,34.171327939805735,185.89612568252073,-1.5448281395833408,34.233689710644114,187.44473790663454,-1.5455428617913767
15.781666860999849,69179000000,outer_left_lower_to_mid_reverse,1.1131906652118722,1.8052961635923481,0.6166249547646192,route/right from camera_sign_turn_right: outer_left_lower_to_mid_reverse delta=+6.6deg,,,,camera_sign_speed_limit,False,False,0.28,0.28,red,,,34.23324990952925,188.28012151687568,-1.5448281395833408,34.29342066878557,189.83045535001057,-1.5452283672480385
15.982718618000035,69376000000,outer_left_lower_to_mid_reverse,1.1682416336539785,1.8052961635923481,0.6471191027899275,route/right from camera_sign_turn_right: outer_left_lower_to_mid_reverse delta=+6.6deg,,,,camera_sign_speed_limit,False,False,0.28,0.28,red,,,34.29423820557986,190.6281709148244,-1.5448281395833408,34.35417188070012,192.215947366073,-1.544993518809612
16.08297230199969,69478000000,outer_left_lower_to_mid_reverse,1.1967435938346007,1.8052961635923481,0.6629070719638642,route/right from camera_sign_turn_right: outer_left_lower_to_mid_reverse delta=+6.6deg,,,,camera_sign_speed_limit,False,False,0.28,0.28,red,,,34.32581414392773,191.84384454121755,-1.5448281395833408,34.38484284126527,193.4086237951489,-1.5449135761281825
16.186219620999964,69578000000,outer_left_lower_to_mid_reverse,1.2246858447227458,1.8052961635923481,0.6783850037579157,route/right from camera_sign_turn_right: outer_left_lower_to_mid_reverse delta=+6.6deg,,,,camera_sign_speed_limit,False,False,0.28,0.28,red,,,34.356770007515834,193.0356452893595,-1.5448281395833408,34.41563295558656,194.60126264381535,-1.5448538758838246
16.38486368399981,69779000000,outer_left_lower_to_mid_reverse,1.2808476281806396,1.8052961635923481,0.7094944608046407,route/right from camera_sign_turn_right: outer_left_lower_to_mid_reverse delta=+6.6deg,,,,camera_sign_speed_limit,False,False,0.28,0.28,red,,,34.418988921609284,195.43107348195736,-1.544828139583341,34.47749733864731,196.98643888894043,-1.5447779610115773
16.58369106400005,69977000000,outer_left_lower_to_mid_reverse,1.3361687323689184,1.8052961635923481,0.7401382439710524,route/right from camera_sign_turn_right: outer_left_lower_to_mid_reverse delta=+6.6deg,,,,camera_sign_speed_limit,False,False,0.28,0.28,red,,,34.480276487942106,197.79064478577104,-1.544828139583341,34.539711515308454,199.3714892272112,-1.544738544149978
16.6856333249998,70080000000,outer_left_lower_to_mid_reverse,1.3649462428409125,1.8052961635923481,0.7560788475420088,route/right from camera_sign_turn_right: outer_left_lower_to_mid_reverse delta=+6.6deg,,,,camera_sign_speed_limit,False,False,0.28,0.28,green,,,34.512157695084014,199.0180712607347,-1.5448281395833408,34.57091258460264,200.56398234628182,-1.5447349918626951
16.884342209999886,70280000000,outer_left_lower_to_mid_reverse,1.4208241418073988,1.8052961635923481,0.7870310536638538,route/right from camera_sign_turn_right: outer_left_lower_to_mid_reverse delta=+6.6deg,,,,camera_sign_speed_limit,False,False,0.28,0.28,green,,,34.57406210732772,201.40139113211677,-1.5448281395833408,34.63330966739028,202.94894691079037,-1.5447536029125042
17.086799336999775,70478000000,outer_left_lower_to_mid_reverse,1.476142740068933,1.8052961635923481,0.8176734487329577,route/right from camera_sign_turn_right: outer_left_lower_to_mid_reverse delta=+6.6deg,,,,camera_sign_speed_limit,False,False,0.28,0.28,green,,,34.63534689746592,203.76085555243776,-1.5448281395833408,34.695638859498885,205.33388777172888,-1.5447831651134922
17.186896348999653,70581000000,outer_left_lower_to_mid_reverse,1.5049193516779167,1.8052961635923481,0.8336135544005625,route/right from camera_sign_turn_right: outer_left_lower_to_mid_reverse delta=+6.6deg,,,,camera_sign_speed_limit,False,False,0.28,0.28,green,,,34.66722710880113,204.9882436888433,-1.5448281395833408,34.72680831083244,206.52634555324966,-1.5447956260908304
17.287017409999862,70681000000,outer_left_lower_to_mid_reverse,1.5313844551105715,1.8052961635923481,0.8482732562081552,route/right from camera_sign_turn_right: outer_left_lower_to_mid_reverse delta=+6.6deg,,,,camera_sign_speed_limit,False,False,0.28,0.28,green,,,34.69654651241632,206.11704072802797,-1.5448281395833408,34.68939527482162,207.6581637498318,-1.5217517224341088
17.490487339999618,70877000000,outer_left_lower_to_mid_reverse,1.580814174210593,1.8052961635923481,0.8756536495734529,route/right from camera_sign_turn_right: outer_left_lower_to_mid_reverse delta=+6.6deg,,,,camera_sign_speed_limit,False,False,0.28,0.28,green,,,34.7513072991469,208.2253310171559,-1.544828139583341,34.57233067210892,209.8301534138526,-1.4310903986803596
17.588103093999962,70978000000,outer_left_lower_to_mid_reverse,1.6052064599663183,1.8052961635923481,0.8891651643307807,route/right from camera_sign_turn_right: outer_left_lower_to_mid_reverse delta=+6.6deg,,,,camera_sign_speed_limit,False,False,0.28,0.28,green,,,34.77833032866157,209.26571765347012,-1.5448281395833408,34.52311384133418,210.8748714760494,-1.3642135496992882
17.68859395699974,71082000000,outer_left_lower_to_mid_reverse,1.629510601609313,1.8052961635923481,0.9026278537958888,route/right from camera_sign_turn_right: outer_left_lower_to_mid_reverse delta=+6.6deg,,,,camera_sign_speed_limit,False,False,0.28,0.28,green,,,34.80525570759177,210.30234474228342,-1.5448281395833408,34.48345642914563,211.87902195038393,-1.2806273805615465
17.88910754399967,71281000000,outer_left_lower_to_mid_reverse,1.6745174977636068,1.8052961635923481,0.9275583317207601,route/right from camera_sign_turn_right: outer_left_lower_to_mid_reverse delta=+6.6deg,,,,camera_sign_speed_limit,False,False,0.28,0.28,green,yellow,yellow,34.85511666344151,212.22199154249853,-1.5448281395833352,34.47691329664853,213.80189353835397,-1.0595290249347697
17.989312363999943,71383000000,outer_left_lower_to_mid_reverse,1.6972436317949118,1.8052961635923481,0.9401469221634952,route/right from camera_sign_turn_right: outer_left_lower_to_mid_reverse delta=+6.6deg,,,,camera_sign_speed_limit,False,False,0.28,0.28,green,yellow,yellow,34.880293844327,213.19131300658913,-1.544828139583341,34.57906582936157,214.74101385529087,-0.9350357866426184
18.090178816999924,71484000000,outer_left_lower_to_mid_reverse,1.7193520621774663,1.8052961635923481,0.9523933506600589,route/right from camera_sign_turn_right: outer_left_lower_to_mid_reverse delta=+6.6deg,,,,camera_sign_speed_limit,False,False,0.28,0.28,green,green,green,34.90478670132012,214.13428800082454,-1.5448281395833408,34.78575635650469,215.6589728533233,-0.8079382087285072
18.194398959999944,71586000000,outer_left_lower_to_mid_reverse,1.7424765454993545,1.8052961635923481,0.9652025970254159,route/right from camera_sign_turn_right: outer_left_lower_to_mid_reverse delta=+6.6deg,,,camera_sign_turn_right,camera_sign_speed_limit,False,False,0.28,0.28,green,green,green,34.930405194050834,215.12059997095702,-1.2797489494254501,35.11292144540887,216.54184692582663,-0.6826479143491347
18.29083724999964,71686000000,outer_left_lower_to_mid_reverse,1.7651369986766126,1.8052961635923481,0.9777548051529544,route/right from camera_sign_turn_right: outer_left_lower_to_mid_reverse delta=+6.6deg,,,camera_sign_turn_right,camera_sign_speed_limit,False,False,0.28,0.28,green,green,green,34.95550961030591,216.08711999677746,-0.9619147929169849,35.57911186710298,217.36979482981957,-0.5651068881830178
18.492910670999663,71885000000,outer_bottom_left_corner_reverse,0.00486402513820388,0.3709787607362388,0.013111330493828836,route/default: outer_bottom_left_corner_reverse,,,camera_sign_turn_right,camera_sign_speed_limit,False,False,0.28,0.28,green,green,green,35.207531739230035,217.8,-0.6110408690505928,36.874234420977416,218.80267156629583,-0.35509871289009337
18.592679289999978,71986000000,outer_bottom_left_corner_reverse,0.02840448839996304,0.3709787607362388,0.07656634666521589,route/default: outer_bottom_left_corner_reverse,,,camera_sign_turn_right,camera_sign_speed_limit,False,False,0.28,0.28,green,green,green,36.149853490333385,217.9498534903334,-0.610031463143426,37.67953387881397,219.37737826576512,-0.26647011815166155
18.79413455599979,72187000000,outer_bottom_left_corner_reverse,0.07680267185373955,0.3709787607362388,0.207027140047905,route/default: outer_bottom_left_corner_reverse,,,,camera_sign_speed_limit,False,False,0.28,0.28,green,green,green,37.61002132893715,219.41002132893715,-0.11935701834521226,39.54244702101636,220.23489874236907,-0.12272776946641098
18.894143605999943,72288000000,outer_bottom_left_corner_reverse,0.10214790224587295,0.3709787607362388,0.2753470361568726,route/default: outer_bottom_left_corner_reverse,,,,camera_sign_speed_limit,False,False,0.28,0.28,green,green,green,38.52988337107773,219.8,0.0,40.566441084121436,220.52196445591557,-0.06708493964411472
18.99680139999964,72390000000,outer_bottom_left_corner_reverse,0.12809231499073956,0.3709787607362388,0.3452820715033106,route/default: outer_bottom_left_corner_reverse,,,,camera_sign_speed_limit,False,False,0.28,0.28,green,green,green,39.63684498152537,219.8,0.0,41.63160895485646,220.72197867058588,-0.022087412153380878
19.194950655999946,72587000000,outer_bottom_left_corner_reverse,0.18037313767646432,0.3709787607362388,0.48620879890400875,route/default: outer_bottom_left_corner_reverse,,,,camera_sign_speed_limit,False,False,0.28,0.28,green,green,green,41.86749341611629,219.8,0.0,43.853917738068915,220.91057417576053,0.04270320965038359
19.296021020999888,72688000000,outer_bottom_left_corner_reverse,0.2078316468221373,0.3709787607362388,0.5602251902768713,route/default: outer_bottom_left_corner_reverse,,,,camera_sign_speed_limit,False,False,0.28,0.28,green,green,green,43.039056472998325,219.8,0.0,45.001931584764336,220.9142555817158,0.061697110046743275
19.397359773000062,72791000000,outer_bottom_left_corner_reverse,0.2360251119007172,0.3709787607362388,0.6362227083628867,route/default: outer_bottom_left_corner_reverse,,,,camera_sign_speed_limit,False,False,0.28,0.28,green,green,green,44.241977649684415,219.8,0.0,46.16621465004111,220.8754989223247,0.07364287703750427
19.496944191999773,72891000000,outer_bottom_left_corner_reverse,0.26361020491641174,0.3709787607362388,0.7105803156850676,route/default: outer_bottom_left_corner_reverse,,,,camera_sign_speed_limit,False,False,0.28,0.28,green,green,green,45.41894161835404,219.8,0.0,47.33737906878865,220.81157110365643,0.08180852503370974
19.59903162799992,72991000000,outer_bottom_left_corner_reverse,0.291493774017624,0.3709787607362388,0.7857424868181938,route/default: outer_bottom_left_corner_reverse,,,,camera_sign_speed_limit,False,False,0.28,0.28,green,green,green,46.608640566672435,219.8,0.0,48.51889470198812,220.72469780972847,0.08556267260129438
19.698692489999758,73091000000,outer_bottom_left_corner_reverse,0.3193348366961484,0.3709787607362388,0.8607900788239234,route/default: outer_bottom_left_corner_reverse,,,,camera_sign_speed_limit,False,False,0.28,0.28,green,green,green,47.79652590762281,219.8,0.0,49.70417895133174,220.6213375127752,0.08518933863835573
19.79933508899967,73192000000,outer_bottom_left_corner_reverse,0.3473746330978838,0.3709787607362388,0.9363733719108053,route/default: outer_bottom_left_corner_reverse,,,,camera_sign_speed_limit,False,False,0.28,0.28,green,green,green,48.992890554096846,219.8,0.0,51.12013185720592,220.4879766953489,0.08080633037406194
19.899475507999796,73291000000,outer_bottom_left_mid_to_bottom_left_reverse,0.003800343643049056,0.796875,0.004769058689316463,route/default: outer_bottom_left_mid_to_bottom_left_reverse,,,,camera_sign_speed_limit,False,False,0.28,0.28,green,green,green,50.16214799543677,219.8,0.0,52.060265928350205,220.39786645384106,0.0761043352578662
19.99943164699971,73391000000,outer_bottom_left_mid_to_bottom_left_reverse,0.031375052842248355,0.796875,0.03937261533144892,route/default: outer_bottom_left_mid_to_bottom_left_reverse,,,,camera_sign_speed_limit,False,False,0.28,0.28,green,green,green,51.33866892126926,219.8,0.0,53.23233644628159,220.28809657945845,0.06898756801436132
20.105068392999783,73492000000,outer_bottom_left_mid_to_bottom_left_reverse,0.059191102813012146,0.796875,0.07427903098103485,route/default: outer_bottom_left_mid_to_bottom_left_reverse,,,,camera_sign_speed_limit,False,False,0.28,0.28,green,green,green,52.52548705335518,219.8,0.0,54.63672118674398,220.16454640481743,0.059164659748806296
20.200874395000028,73592000000,outer_bottom_left_mid_to_bottom_left_reverse,0.08674198284986509,0.796875,0.10885268436061502,route/default: outer_bottom_left_mid_to_bottom_left_reverse,,,,camera_sign_speed_limit,False,False,0.28,0.28,green,green,green,53.70099126826091,219.8,0.0,55.807499245230076,220.07125136616042,0.050637763498709874
20.301456507999774,73692000000,outer_bottom_left_mid_to_bottom_left_reverse,0.11431160720242471,0.796875,0.14344986001872906,route/default: outer_bottom_left_mid_to_bottom_left_reverse,,,,camera_sign_speed_limit,False,False,0.28,0.28,green,green,green,54.87729524063678,219.8,0.0,56.74495948466925,220.00375455111651,0.04384290356007282
20.402569519999815,73792000000,outer_bottom_left_mid_to_bottom_left_reverse,0.14185430552219927,0.796875,0.17801324614550496,route/default: outer_bottom_left_mid_to_bottom_left_reverse,,,,camera_sign_speed_limit,False,False,0.28,0.28,green,green,green,56.05245036894716,219.8,0.0,58.15318594760721,219.9147296522787,0.0338535297109187
20.50379024499989,73894000000,outer_bottom_left_mid_to_bottom_left_reverse,0.16998960753978226,0.796875,0.21332029181462872,route/default: outer_bottom_left_mid_to_bottom_left_reverse,,,,camera_sign_speed_limit,False,False,0.28,0.28,green,green,green,57.252889921697374,219.8,0.0,59.32907255939941,219.8534084383628,0.02629323661912392
20.602873971999998,73996000000,outer_bottom_left_mid_to_bottom_left_reverse,0.19815804882063592,0.796875,0.2486689240102098,route/default: outer_bottom_left_mid_to_bottom_left_reverse,,,,camera_sign_speed_limit,False,False,0.28,0.28,green,green,green,58.45474341634713,219.8,0.0,60.50693653405209,219.80306174704407,0.01948502627078562
20.704180017999988,74096000000,outer_bottom_left_mid_to_bottom_left_reverse,0.22581253922847996,0.796875,0.28337259824750427,route/default: outer_bottom_left_mid_to_bottom_left_reverse,,,,camera_sign_speed_limit,False,False,0.28,0.28,green,green,green,59.634668340415146,219.8,0.0,61.686769034310046,219.76300116740993,0.013470194645542895
20.903565309999976,74294000000,outer_bottom_left_mid_to_bottom_left_reverse,0.2806893847233039,0.796875,0.3522376592606167,route/default: outer_bottom_left_mid_to_bottom_left_reverse,,,,camera_sign_speed_limit,False,False,0.28,0.28,green,green,green,61.97608041486096,219.8,0.0,64.05231584131641,219.71037343480526,0.003969178880581616
21.104621153999688,74493000000,outer_bottom_left_mid_to_bottom_left_reverse,0.3359973111208364,0.796875,0.4216436845437947,route/default: outer_bottom_left_mid_to_bottom_left_reverse,,,,camera_sign_speed_limit,False,False,0.28,0.28,green,green,green,64.33588527448902,219.8,0.0,66.42497764640919,219.68728586902756,-0.002308960739431691
21.306355694999638,74693000000,outer_bottom_left_mid_to_bottom_left_reverse,0.39171164770926553,0.796875,0.49155971477241167,route/default: outer_bottom_left_mid_to_bottom_left_reverse,,,,camera_sign_speed_limit,False,False,0.28,0.28,green,green,green,66.71303030226198,219.8,0.0,68.80354825266221,219.68524133623043,-0.0057718274936405314
21.406701451999652,74795000000,outer_bottom_left_mid_to_bottom_left_reverse,0.42017054318964825,0.796875,0.5272728385124997,route/default: outer_bottom_left_mid_to_bottom_left_reverse,,,,camera_sign_speed_limit,False,False,0.28,0.28,green,green,green,67.92727650942498,219.8,0.0,69.99433404742058,219.6888605442756,-0.0068650931357451895
21.507080591999966,74897000000,outer_bottom_left_mid_to_bottom_left_reverse,0.4486011182148562,0.796875,0.5629504228578588,route/default: outer_bottom_left_mid_to_bottom_left_reverse,,,,camera_sign_speed_limit,False,False,0.28,0.28,green,green,green,69.14031437716719,219.8,0.0,71.18576632650183,219.69400021424445,-0.007937379585854328
21.607173070000044,74997000000,outer_bottom_left_mid_to_bottom_left_reverse,0.47654958549385995,0.796875,0.5980230092471968,route/default: outer_bottom_left_mid_to_bottom_left_reverse,,,,camera_sign_speed_limit,False,False,0.28,0.28,green,green,green,70.33278231440468,219.8,0.0,72.37829936067774,219.70135608879076,-0.008690894875447162
21.808573496999998,75196000000,outer_bottom_left_mid_to_bottom_left_reverse,0.5322386762316431,0.796875,0.6679073584083365,route/default: outer_bottom_left_mid_to_bottom_left_reverse,,,,camera_sign_speed_limit,False,False,0.14,0.28,yellow,yellow,yellow,72.70885018588345,219.8,0.0,74.76477443944182,219.7218911082722,-0.008895618136197112
21.909456673000022,75298000000,outer_bottom_left_mid_to_bottom_left_reverse,0.5465135152510708,0.796875,0.6858208818836967,route/default: outer_bottom_left_mid_to_bottom_left_reverse,,,,camera_sign_speed_limit,False,False,0.14,0.28,yellow,yellow,yellow,73.31790998404568,219.8,0.0,75.54095467023652,219.72851544502788,-0.00879570240627371
22.009604455000044,75399000000,outer_bottom_left_mid_to_bottom_left_reverse,0.5606290762831327,0.796875,0.7035345271004019,route/default: outer_bottom_left_mid_to_bottom_left_reverse,,,,camera_sign_speed_limit,False,False,0.14,0.28,yellow,yellow,yellow,73.92017392141366,219.8,0.0,76.13705013230768,219.7356941287593,-0.00817415395466197
22.109762778000004,75500000000,outer_bottom_left_mid_to_bottom_left_reverse,0.5747590546637578,0.796875,0.7212662646760881,route/default: outer_bottom_left_mid_to_bottom_left_reverse,,,,camera_sign_speed_limit,False,False,0.14,0.28,yellow,yellow,yellow,74.523052998987,219.8,0.0,76.73313356008865,219.74258374095052,-0.007526046748902888
22.31034908499987,75697000000,outer_bottom_left_mid_to_bottom_left_reverse,0.6023200656632569,0.796875,0.7558526314205577,route/default: outer_bottom_left_mid_to_bottom_left_reverse,,,,camera_sign_speed_limit,False,False,0.14,0.28,yellow,yellow,yellow,75.69898946829895,219.8,0.0,77.92535019309764,219.75506884681693,-0.00627176907101762
22.410262472999875,75798000000,outer_bottom_left_mid_to_bottom_left_reverse,0.6164510831817877,0.796875,0.7735856730124394,route/default: outer_bottom_left_mid_to_bottom_left_reverse,,,,camera_sign_speed_limit,False,False,0.14,0.28,yellow,yellow,yellow,76.30191288242295,219.8,0.0,78.52151349324117,219.760640156436,-0.005680710919624974
22.513062437999906,75900000000,outer_bottom_left_mid_to_bottom_left_reverse,0.6307227408646962,0.796875,0.7914952042223637,route/default: outer_bottom_left_mid_to_bottom_left_reverse,,,,camera_sign_speed_limit,False,False,0.14,0.28,yellow,yellow,yellow,76.91083694356038,219.8,0.0,79.11772152251118,219.76577064195692,-0.005117955204697094
22.71364184999993,76100000000,outer_bottom_left_mid_to_bottom_left_reverse,0.6586939198896304,0.796875,0.826596291626203,route/default: outer_bottom_left_mid_to_bottom_left_reverse,,,,camera_sign_speed_limit,False,False,0.14,0.28,red,yellow,yellow,78.10427391529089,219.8,0.0,80.31040983561095,219.7744006656602,-0.004090485579748497
22.912564846999885,76298000000,outer_bottom_left_mid_to_bottom_left_reverse,0.686392691350684,0.796875,0.8613555342439957,route/default: outer_bottom_left_mid_to_bottom_left_reverse,,,camera_sign_speed_limit,camera_sign_speed_limit,False,False,0.14,0.28,red,red,red,79.28608816429585,219.8,0.0,81.5038670608674,219.78139906793388,-0.00312787965361553
23.013810424999974,76400000000,outer_bottom_left_mid_to_bottom_left_reverse,0.7006764038544324,0.796875,0.8792801930722289,route/default: outer_bottom_left_mid_to_bottom_left_reverse,,,camera_sign_speed_limit,camera_sign_speed_limit,False,False,0.14,0.28,red,red,red,79.89552656445579,219.8,0.0,82.10066758658897,219.7842230291651,-0.002731972113486727
23.112994026999786,76502000000,outer_bottom_left_mid_to_bottom_left_reverse,0.7149206655298648,0.796875,0.8971553449786538,route/default: outer_bottom_left_mid_to_bottom_left_reverse,,,camera_sign_speed_limit,camera_sign_speed_limit,False,False,0.14,0.28,red,red,red,80.50328172927422,219.8,0.0,82.69743722293663,219.786604100114,-0.002400005858297842
23.31435150299967,76698000000,outer_bottom_left_mid_to_bottom_left_reverse,0.742253802921063,0.796875,0.9314557526852556,route/default: outer_bottom_left_mid_to_bottom_left_reverse,,,camera_sign_speed_limit,camera_sign_speed_limit,False,False,0.14,0.28,red,red,red,81.6694955912987,219.8,0.0,83.89062327492843,219.79034829641955,-0.001909474202753297
23.415143876000002,76801000000,outer_bottom_left_mid_to_bottom_left_reverse,0.7566511366853608,0.796875,0.949522995056139,route/default: outer_bottom_left_mid_to_bottom_left_reverse,,,camera_sign_speed_limit,camera_sign_speed_limit,False,False,0.14,0.28,red,red,red,82.28378183190873,219.8,0.0,84.48680409641395,219.79169912271448,-0.0017954057018287938
23.515528527999777,76903000000,outer_bottom_left_mid_to_bottom_left_reverse,0.7709374725907336,0.796875,0.9674509459962147,route/default: outer_bottom_left_mid_to_bottom_left_reverse,,,camera_sign_speed_limit,camera_sign_speed_limit,False,False,0.14,0.28,red,red,red,82.89333216387129,219.8,0.0,85.08311045944478,219.79317016574862,-0.0016406836951472488
23.717503081999894,77102000000,outer_bottom_mid_to_bottom_left_mid_reverse,0.00191727300750719,0.984375,0.0019477059123882564,route/default: outer_bottom_mid_to_bottom_left_mid_reverse,,,camera_sign_speed_limit,camera_sign_speed_limit,False,False,0.14,0.28,red,red,red,84.08180364832032,219.8,0.0,86.27572471560228,219.7958187218514,-0.0013433458919724344
23.828462535999734,77206000000,outer_bottom_mid_to_bottom_left_mid_reverse,0.01648126678917337,0.984375,0.01674287419852533,route/default: outer_bottom_mid_to_bottom_left_mid_reverse,,,camera_sign_speed_limit,camera_sign_speed_limit,False,False,0.14,0.28,red,red,red,84.70320071633807,219.8,0.0,86.99149171838789,219.79719633370752,-0.0011757382612736533
24.0189633949999,77404000000,outer_bottom_mid_to_bottom_left_mid_reverse,0.04414869391121116,0.984375,0.04484946683043673,route/default: outer_bottom_mid_to_bottom_left_mid_reverse,,,camera_sign_speed_limit,camera_sign_speed_limit,False,False,0.14,0.28,red,red,red,85.88367760687834,219.8,0.0,88.06529453637197,219.7989753312275,-0.0009161778655377715
24.11879215299996,77505000000,outer_bottom_mid_to_bottom_left_mid_reverse,0.05826067340673438,0.984375,0.05918544600049207,route/default: outer_bottom_mid_to_bottom_left_mid_reverse,,,camera_sign_speed_limit,camera_sign_speed_limit,False,False,0.14,0.28,red,red,red,86.48578873202067,219.8,0.0,88.66222009402918,219.79973834811403,-0.0007748896916949336
24.320086320999962,77705000000,outer_bottom_mid_to_bottom_left_mid_reverse,0.0862592084661102,0.984375,0.08762840225128656,route/default: outer_bottom_mid_to_bottom_left_mid_reverse,,,camera_sign_speed_limit,camera_sign_speed_limit,False,False,0.14,0.28,red,red,red,87.68039289455405,219.8,0.0,89.85597951394035,219.80090652722322,-0.0005275420462187736
24.420656637999855,77807000000,outer_bottom_mid_to_bottom_left_mid_reverse,0.10054472718184186,0.984375,0.1021406752323473,route/default: outer_bottom_mid_to_bottom_left_mid_reverse,,,camera_sign_speed_limit,camera_sign_speed_limit,False,False,0.14,0.28,red,red,red,88.28990835975858,219.8,0.0,90.45268418493198,219.8013285241973,-0.00042431818970239303
24.528918578999765,77908000000,outer_bottom_mid_to_bottom_left_mid_reverse,0.11467042856870525,0.984375,0.11649059410154185,route/default: outer_bottom_mid_to_bottom_left_mid_reverse,,,camera_sign_speed_limit,camera_sign_speed_limit,False,False,0.14,0.28,red,red,red,88.89260495226475,219.8,0.0,91.168788958871,219.8016423969409,-0.00032905328703512575
24.72973143299987,78106000000,outer_bottom_mid_to_bottom_left_mid_reverse,0.12852159865608628,0.984375,0.13056162403157973,route/default: outer_bottom_mid_to_bottom_left_mid_reverse,,,camera_sign_speed_limit,camera_sign_speed_limit,False,False,0.0,0.28,red,red,red,89.48358820932634,219.8,0.0,91.82462610948647,219.79939616276818,-0.001013893665951388
24.922558858999764,78298000000,outer_bottom_mid_to_bottom_left_mid_reverse,0.12852710624700672,0.984375,0.13056721904457827,route/default: outer_bottom_mid_to_bottom_left_mid_reverse,,,camera_sign_speed_limit,camera_sign_speed_limit,False,False,0.0,0.28,red,red,red,89.48382319987229,219.8,0.0,91.8247262645088,219.79941225805766,-0.001009206289531585
25.023052817999996,78400000000,outer_bottom_mid_to_bottom_left_mid_reverse,0.12853518335205208,0.984375,0.13057542435764022,route/default: outer_bottom_mid_to_bottom_left_mid_reverse,,,camera_sign_speed_limit,camera_sign_speed_limit,False,False,0.0,0.28,red,red,red,89.4841678230209,219.8,0.0,91.82478285565028,219.7994175623001,-0.0010069769919242493
25.123240496999642,78506000000,outer_bottom_mid_to_bottom_left_mid_reverse,0.12854269613829278,0.984375,0.13058305639445617,route/default: outer_bottom_mid_to_bottom_left_mid_reverse,,,camera_sign_speed_limit,camera_sign_speed_limit,False,False,0.0,0.28,red,red,red,89.48448836856716,219.8,0.0,91.82483892638533,219.79942843737314,-0.001004201651904259
25.224302952000016,78609000000,outer_bottom_mid_to_bottom_left_mid_reverse,0.1285447247979324,0.984375,0.13058511725504246,route/default: outer_bottom_mid_to_bottom_left_mid_reverse,,,camera_sign_speed_limit,camera_sign_speed_limit,False,False,0.0,0.28,red,red,red,89.48457492471178,219.8,0.0,91.82489460502401,219.79943486353903,-0.0010015175872314828
25.425892959000066,78808000000,outer_bottom_mid_to_bottom_left_mid_reverse,0.12854747992301785,0.984375,0.1305879161122721,route/default: outer_bottom_mid_to_bottom_left_mid_reverse,,,camera_sign_speed_limit,camera_sign_speed_limit,False,False,0.0,0.28,red,red,red,89.48469247671542,219.8,0.0,91.82500684360912,219.7994484724871,-0.0009968652291831148
25.52607537599988,78909000000,outer_bottom_mid_to_bottom_left_mid_reverse,0.1285522587704385,0.984375,0.1305927708144137,route/default: outer_bottom_mid_to_bottom_left_mid_reverse,,,camera_sign_speed_limit,camera_sign_speed_limit,False,False,0.0,0.28,red,red,red,89.48489637420538,219.8,0.0,91.82506298877877,219.79945703312154,-0.0009940856006707321
25.62649899200005,79009000000,outer_bottom_mid_to_bottom_left_mid_reverse,0.12855326439523151,0.984375,0.13059379240150504,route/default: outer_bottom_mid_to_bottom_left_mid_reverse,,,camera_sign_speed_limit,camera_sign_speed_limit,False,False,0.0,0.28,red,red,red,89.48493928086322,219.8,0.0,91.82511813349353,219.79946575036763,-0.0009919144019158992
25.726401238999642,79110000000,outer_bottom_mid_to_bottom_left_mid_reverse,0.1285612622746821,0.984375,0.1306019172314231,route/default: outer_bottom_mid_to_bottom_left_mid_reverse,,,camera_sign_speed_limit,camera_sign_speed_limit,False,False,0.0,0.28,red,red,red,89.48528052371978,219.8,0.0,91.8251747248223,219.7994710538551,-0.0009896850974008837
25.8341376999997,79210000000,outer_bottom_mid_to_bottom_left_mid_reverse,0.128563021914389,0.984375,0.130603704801919,route/default: outer_bottom_mid_to_bottom_left_mid_reverse,,,camera_sign_speed_limit,camera_sign_speed_limit,False,False,0.0,0.28,red,red,red,89.4853556016806,219.8,0.0,91.8252419654078,219.79948056637738,-0.0009864900948593125
25.9277687849999,79310000000,outer_bottom_mid_to_bottom_left_mid_reverse,0.1285649914071822,0.984375,0.13060570555650255,route/default: outer_bottom_mid_to_bottom_left_mid_reverse,,,camera_sign_speed_limit,camera_sign_speed_limit,False,False,0.0,0.28,red,red,red,89.48543963337312,219.8,0.0,91.82528647455464,219.7994883537142,-0.0009842256829972243
26.028252924999833,79410000000,outer_bottom_mid_to_bottom_left_mid_reverse,0.12857809094800393,0.984375,0.1306190130265437,route/default: outer_bottom_mid_to_bottom_left_mid_reverse,,,camera_sign_speed_limit,camera_sign_speed_limit,False,False,0.0,0.28,red,red,red,89.48599854711483,219.8,0.0,91.8253466065517,219.79949396849997,-0.0009822341185104972
26.229620557999624,79612000000,outer_bottom_mid_to_bottom_left_mid_reverse,0.12858718623126678,0.984375,0.13062825267938213,route/default: outer_bottom_mid_to_bottom_left_mid_reverse,,,camera_sign_speed_limit,camera_sign_speed_limit,False,False,0.0,0.28,red,red,red,89.48638661253405,219.8,0.0,91.82546591801497,219.79951402044986,-0.0009765346086188922
26.430773620999844,79812000000,outer_bottom_mid_to_bottom_left_mid_reverse,0.12860141254524132,0.984375,0.1306427048078642,route/default: outer_bottom_mid_to_bottom_left_mid_reverse,,,camera_sign_speed_limit,camera_sign_speed_limit,False,False,0.0,0.28,red,red,red,89.4869936019303,219.8,0.0,91.82558172906528,219.79952605984306,-0.0009718589873226685
26.53100038299999,79912000000,outer_bottom_mid_to_bottom_left_mid_reverse,0.12860317221109654,0.984375,0.13064449240492348,route/default: outer_bottom_mid_to_bottom_left_mid_reverse,,,camera_sign_speed_limit,camera_sign_speed_limit,False,False,0.0,0.28,red,red,red,89.48706868100678,219.8,0.0,91.82563383617872,219.79953405233198,-0.0009691982087632074
26.631492762999642,80013000000,outer_bottom_mid_to_bottom_left_mid_reverse,0.1286079509169519,0.984375,0.13064934696325273,route/default: outer_bottom_mid_to_bottom_left_mid_reverse,,,camera_sign_speed_limit,camera_sign_speed_limit,False,False,0.0,0.28,red,red,red,89.48727257245662,219.8,0.0,91.82568998158169,219.79954261182627,-0.0009664185729173156
26.731973771999947,80113000000,outer_bottom_mid_to_bottom_left_mid_reverse,0.12860895681452122,0.984375,0.13065036882745013,route/default: outer_bottom_mid_to_bottom_left_mid_reverse,,,camera_sign_speed_limit,camera_sign_speed_limit,False,False,0.0,0.28,red,red,red,89.4873154907529,219.8,0.0,91.82574512674601,219.79955132802064,-0.0009642473932692936
26.832055990999834,80213000000,outer_bottom_mid_to_bottom_left_mid_reverse,0.12861687544637088,0.984375,0.13065841315186882,route/default: outer_bottom_mid_to_bottom_left_mid_reverse,,,camera_sign_speed_limit,camera_sign_speed_limit,False,False,0.0,0.28,red,red,red,89.48765335237849,219.8,0.0,91.82580171837444,219.79955663030023,-0.0009620180776955414
26.93249541599971,80314000000,outer_bottom_mid_to_bottom_left_mid_reverse,0.12862403352531554,0.984375,0.1306656848511142,route/default: outer_bottom_mid_to_bottom_left_mid_reverse,,,camera_sign_speed_limit,camera_sign_speed_limit,False,False,0.0,0.28,red,red,red,89.4879587637468,219.8,0.0,91.82585778958148,219.79956750359622,-0.0009592427137305731
27.033923241999673,80416000000,outer_bottom_mid_to_bottom_left_mid_reverse,0.12862604227791624,0.984375,0.1306677254886768,route/default: outer_bottom_mid_to_bottom_left_mid_reverse,,,camera_sign_speed_limit,camera_sign_speed_limit,False,False,0.0,0.28,red,red,red,89.48804447052441,219.8,0.0,91.82591346868043,219.79957392795177,-0.0009565586477180263
27.235270919999948,80616000000,outer_bottom_mid_to_bottom_left_mid_reverse,0.1286405614188571,0.984375,0.1306824750921723,route/default: outer_bottom_mid_to_bottom_left_mid_reverse,,,camera_sign_speed_limit,camera_sign_speed_limit,False,False,0.0,0.28,red,red,red,89.48866395387122,219.8,0.0,91.82602570833257,219.79958753345858,-0.0009519063281547067
27.335456385999805,80717000000,outer_bottom_mid_to_bottom_left_mid_reverse,0.12864534003620662,0.984375,0.13068732956059084,route/default: outer_bottom_mid_to_bottom_left_mid_reverse,,,camera_sign_speed_limit,camera_sign_speed_limit,False,False,0.0,0.28,red,red,red,89.48886784154482,219.8,0.0,91.82608185388125,219.7995960922404,-0.000949126687719432
27.535815510999782,80914000000,outer_bottom_mid_to_bottom_left_mid_reverse,0.1286541653909349,0.984375,0.13069629500031482,route/default: outer_bottom_mid_to_bottom_left_mid_reverse,,,camera_sign_speed_limit,camera_sign_speed_limit,False,False,0.0,0.28,red,red,red,89.48924439001323,219.8,0.0,91.82619359114216,219.79961010930225,-0.000944726197532806
27.737826716999734,81115000000,outer_bottom_mid_to_bottom_left_mid_reverse,0.12866319027236495,0.984375,0.13070546313383105,route/default: outer_bottom_mid_to_bottom_left_mid_reverse,,,camera_sign_speed_limit,camera_sign_speed_limit,False,False,0.0,0.28,red,red,red,89.48962945162091,219.8,0.0,91.82630534180655,219.7996274055743,-0.0009392667578063146
27.93823128999975,81316000000,outer_bottom_mid_to_bottom_left_mid_reverse,0.12867795390212253,0.984375,0.13072046110691812,route/default: outer_bottom_mid_to_bottom_left_mid_reverse,,,camera_sign_speed_limit,camera_sign_speed_limit,False,False,0.0,0.28,red,red,red,89.49025936649056,219.8,0.0,91.82641758186895,219.7996410097578,-0.0009346144530420779
28.039160682999864,81416000000,outer_bottom_mid_to_bottom_left_mid_reverse,0.12868268511877223,0.984375,0.1307252674222448,route/default: outer_bottom_mid_to_bottom_left_mid_reverse,,,camera_sign_speed_limit,camera_sign_speed_limit,False,False,0.0,0.28,red,red,red,89.49046123173429,219.8,0.0,91.82647372756337,219.79964956782715,-0.0009318348080216323
28.139271550999638,81516000000,outer_bottom_mid_to_bottom_left_mid_reverse,0.1286836913574757,0.984375,0.13072628963299118,route/default: outer_bottom_mid_to_bottom_left_mid_reverse,,,camera_sign_speed_limit,camera_sign_speed_limit,False,False,0.0,0.28,red,red,red,89.49050416458563,219.8,0.0,91.82652887328955,219.79965828270718,-0.0009296636522631866
28.351741447999757,81618000000,outer_bottom_mid_to_bottom_left_mid_reverse,0.12868548628609158,0.984375,0.13072811305253748,route/default: outer_bottom_mid_to_bottom_left_mid_reverse,,,camera_sign_speed_limit,camera_sign_speed_limit,False,False,0.0,0.28,red,red,red,89.49058074820658,219.8,0.0,91.82665270665436,219.79967309322035,-0.0009242393306019683
28.351888836999933,81721000000,outer_bottom_mid_to_bottom_left_mid_reverse,0.12868729881204682,0.984375,0.13072995434874599,route/default: outer_bottom_mid_to_bottom_left_mid_reverse,,,camera_sign_speed_limit,camera_sign_speed_limit,False,False,0.0,0.28,red,red,red,89.49065808264734,219.8,0.0,91.82665270665436,219.79967309322035,-0.0009242393306019683
28.547607065999728,81920000000,outer_bottom_mid_to_bottom_left_mid_reverse,0.12870257071846455,0.984375,0.13074546866637668,route/default: outer_bottom_mid_to_bottom_left_mid_reverse,,,camera_sign_speed_limit,camera_sign_speed_limit,False,False,0.0,0.28,red,red,red,89.49130968398782,219.8,0.0,91.82675734909986,219.79968649048982,-0.000919983360974282
28.64547542399987,82022000000,outer_bottom_mid_to_bottom_left_mid_reverse,0.12870436565777432,0.984375,0.13074729209678662,route/default: outer_bottom_mid_to_bottom_left_mid_reverse,,,camera_sign_speed_limit,camera_sign_speed_limit,False,False,0.0,0.28,red,red,red,89.49138626806504,219.8,0.0,91.82680945678777,219.79969448123,-0.0009173225833888123
28.842145087000063,82218000000,outer_bottom_mid_to_bottom_left_mid_reverse,0.12871002569251455,0.984375,0.1307530419733481,route/default: outer_bottom_mid_to_bottom_left_mid_reverse,,,camera_sign_speed_limit,camera_sign_speed_limit,False,False,0.0,0.28,red,red,red,89.49162776288063,219.8,0.0,91.82692074863493,219.79971175280986,-0.0009123717899408265
28.943210852999982,82319000000,outer_bottom_mid_to_bottom_left_mid_reverse,0.1287180233957191,0.984375,0.1307611666242226,route/default: outer_bottom_mid_to_bottom_left_mid_reverse,,,camera_sign_speed_limit,camera_sign_speed_limit,False,False,0.0,0.28,red,red,red,89.49196899821735,219.8,0.0,91.82697734082497,219.79971705282492,-0.0009101424535830017
29.044171905999974,82421000000,outer_bottom_mid_to_bottom_left_mid_reverse,0.12872525196125112,0.984375,0.13076850992889003,route/default: outer_bottom_mid_to_bottom_left_mid_reverse,,,camera_sign_speed_limit,camera_sign_speed_limit,False,False,0.0,0.28,red,red,red,89.49227741701338,219.8,0.0,91.82703341257624,219.79972792407108,-0.0009073670619478818
29.146325887999865,82524000000,outer_bottom_mid_to_bottom_left_mid_reverse,0.1287272801612041,0.984375,0.13077057032249306,route/default: outer_bottom_mid_to_bottom_left_mid_reverse,,,camera_sign_speed_limit,camera_sign_speed_limit,False,False,0.0,0.28,red,red,red,89.4923639535447,219.8,0.0,91.82708909220598,219.79973434633825,-0.0009046829943428863
29.346489965999808,82725000000,outer_bottom_mid_to_bottom_left_mid_reverse,0.12874204397665084,0.984375,0.13078556848421674,route/default: outer_bottom_mid_to_bottom_left_mid_reverse,,,camera_sign_speed_limit,camera_sign_speed_limit,False,False,0.0,0.28,red,red,red,89.4929938763371,219.8,0.0,91.8272013330888,219.7997479478754,-0.0009000307191473375
29.54663228699974,82924000000,outer_bottom_mid_to_bottom_left_mid_reverse,0.12874773428754666,0.984375,0.13079134911750773,route/default: outer_bottom_mid_to_bottom_left_mid_reverse,,,camera_sign_speed_limit,camera_sign_speed_limit,False,False,0.0,0.28,red,red,red,89.49323666293532,219.8,0.0,91.82731262536248,219.7997652180859,-0.0008950799330391377
29.647430817999975,83026000000,outer_bottom_mid_to_bottom_left_mid_reverse,0.12875581113721324,0.984375,0.13079955417113726,route/default: outer_bottom_mid_to_bottom_left_mid_reverse,,,camera_sign_speed_limit,camera_sign_speed_limit,False,False,0.0,0.28,red,red,red,89.49358127518776,219.8,0.0,91.82736921773966,219.79977051734625,-0.0008928505897405211
29.748737875999723,83131000000,outer_bottom_mid_to_bottom_left_mid_reverse,0.12876325217527707,0.984375,0.13080711332091638,route/default: outer_bottom_mid_to_bottom_left_mid_reverse,,,camera_sign_speed_limit,camera_sign_speed_limit,False,False,0.0,0.28,red,red,red,89.4938987594785,219.8,0.0,91.82742528967222,219.7997813879092,-0.0008900751888599968
29.849022348999824,83237000000,outer_bottom_mid_to_bottom_left_mid_reverse,0.1287682670232491,0.984375,0.13081220776964986,route/default: outer_bottom_mid_to_bottom_left_mid_reverse,,,camera_sign_speed_limit,camera_sign_speed_limit,False,False,0.0,0.28,red,red,red,89.49411272632528,219.8,0.0,91.82749260560581,219.7997885817632,-0.0008868759461905548
30.049618010999893,83438000000,outer_bottom_mid_to_bottom_left_mid_reverse,0.12877734046531783,0.984375,0.1308214252346086,route/default: outer_bottom_mid_to_bottom_left_mid_reverse,,,camera_sign_speed_limit,camera_sign_speed_limit,False,False,0.0,0.28,red,red,red,89.49449985985356,219.8,0.0,91.82760434455182,219.79980259374247,-0.0008824754740216762
30.15027859799966,83540000000,outer_bottom_mid_to_bottom_left_mid_reverse,0.1287845688251427,0.984375,0.13082876833030369,route/default: outer_bottom_mid_to_bottom_left_mid_reverse,,,camera_sign_speed_limit,camera_sign_speed_limit,False,False,0.0,0.28,red,red,red,89.49480826987275,219.8,0.0,91.82766041659316,219.7998134638956,-0.0008797000675922329
30.350656264999998,83738000000,outer_bottom_mid_to_bottom_left_mid_reverse,0.12879948708893565,0.984375,0.13084392339193462,route/default: outer_bottom_mid_to_bottom_left_mid_reverse,,,camera_sign_speed_limit,camera_sign_speed_limit,False,False,0.0,0.28,red,red,red,89.49544478246125,219.8,0.0,91.82777622985934,219.7998254952446,-0.0008750245243502254
30.451220741999805,83839000000,outer_bottom_mid_to_bottom_left_mid_reverse,0.12880126449972648,0.984375,0.13084572901559516,route/default: outer_bottom_mid_to_bottom_left_mid_reverse,,,camera_sign_speed_limit,camera_sign_speed_limit,False,False,0.0,0.28,red,red,red,89.49552061865501,219.8,0.0,91.8278283380449,219.79983348446962,-0.0008723637475798105
30.65250622199983,84038000000,outer_bottom_mid_to_bottom_left_mid_reverse,0.12880695494486005,0.984375,0.13085150978525464,route/default: outer_bottom_mid_to_bottom_left_mid_reverse,,,camera_sign_speed_limit,camera_sign_speed_limit,False,False,0.0,0.28,green,red,red,89.49576341098069,219.8,0.0,91.82793963100087,219.79985075248936,-0.0008674129731979188
30.752247826999792,84139000000,outer_bottom_mid_to_bottom_left_mid_reverse,0.12881495254836656,0.984375,0.13085963433484857,route/default: outer_bottom_mid_to_bottom_left_mid_reverse,,,camera_sign_speed_limit,camera_sign_speed_limit,False,False,0.28,0.28,green,green,green,89.49610464206364,219.8,0.0,91.82799622367742,219.79985605054213,-0.0008651836187810419
30.853110852999635,84244000000,outer_bottom_mid_to_bottom_left_mid_reverse,0.15817850490704963,0.984375,0.16068927482620915,route/default: outer_bottom_mid_to_bottom_left_mid_reverse,,,camera_sign_speed_limit,camera_sign_speed_limit,False,False,0.28,0.28,green,green,green,90.74894954270079,219.8,0.0,92.47695394991902,219.78494402255808,-0.006255884387906584
31.065022011999645,84441000000,outer_bottom_mid_to_bottom_left_mid_reverse,0.21316662986765267,0.984375,0.21655022716713923,route/default: outer_bottom_mid_to_bottom_left_mid_reverse,,,camera_sign_speed_limit,camera_sign_speed_limit,False,False,0.28,0.28,green,green,green,93.09510954101984,219.8,0.0,94.85932689003836,219.8066656389426,-0.0033302847384436684
31.154536092999933,84541000000,outer_bottom_mid_to_bottom_left_mid_reverse,0.24110021855859487,0.984375,0.24492720615476304,route/default: outer_bottom_mid_to_bottom_left_mid_reverse,,,camera_sign_speed_limit,camera_sign_speed_limit,False,False,0.28,0.28,green,green,green,94.28694265850004,219.8,0.0,96.05071158663655,219.8145126485917,-0.0019499579154834779
31.25462134700001,84643000000,outer_bottom_mid_to_bottom_left_mid_reverse,0.2696061337497304,0.984375,0.2738855961902023,route/default: outer_bottom_mid_to_bottom_left_mid_reverse,,,camera_sign_speed_limit,camera_sign_speed_limit,False,False,0.28,0.28,green,green,green,95.5031950399885,219.8,0.0,97.24277408277638,219.81985451254093,-0.0008777038608170856
31.45598644799975,84840000000,outer_bottom_mid_to_bottom_left_mid_reverse,0.32470048863227285,0.984375,0.32985446464230894,route/default: outer_bottom_mid_to_bottom_left_mid_reverse,,,camera_sign_speed_limit,camera_sign_speed_limit,False,False,0.28,0.28,green,green,green,97.85388751497698,219.8,0.0,99.6283638731764,219.8251045372121,0.0005960519710310782
31.555848498999694,84940000000,outer_bottom_mid_to_bottom_left_mid_reverse,0.3526728691681102,0.984375,0.35827085121839763,route/default: outer_bottom_mid_to_bottom_left_mid_reverse,,,camera_sign_speed_limit,camera_sign_speed_limit,False,False,0.28,0.28,green,green,green,99.04737575117271,219.8,0.0,100.82175526232962,219.82568613376645,0.0010546009533436676
31.756842329999927,85144000000,outer_bottom_mid_to_bottom_left_mid_reverse,0.4097561732989215,0.984375,0.4162602395417615,route/default: outer_bottom_mid_to_bottom_left_mid_reverse,,,camera_sign_speed_limit,camera_sign_speed_limit,False,False,0.28,0.28,green,green,green,101.48293006075399,219.8,0.0,103.20946156085965,219.824350396073,0.0015893404988807916
31.957550268999967,85343000000,outer_bottom_mid_to_bottom_left_mid_reverse,0.465448097381277,0.984375,0.47283616241907506,route/default: outer_bottom_mid_to_bottom_left_mid_reverse,,,camera_sign_speed_limit,camera_sign_speed_limit,False,False,0.28,0.28,green,red,red,103.85911882160116,219.8,0.0,105.59770359510682,219.8215866220711,0.0021155836650891277
32.05788596599996,85444000000,outer_bottom_mid_to_bottom_left_mid_reverse,0.49368880546879,0.984375,0.5015251357143263,route/default: outer_bottom_mid_to_bottom_left_mid_reverse,,,camera_sign_speed_limit,camera_sign_speed_limit,False,False,0.28,0.28,green,red,red,105.0640557000017,219.8,0.0,106.79149608181729,219.81994111282,0.002500081835175306
32.16048961499973,85544000000,outer_bottom_mid_to_bottom_left_mid_reverse,0.5216399662983504,0.984375,0.5299199657634036,route/default: outer_bottom_mid_to_bottom_left_mid_reverse,,,camera_sign_speed_limit,camera_sign_speed_limit,False,False,0.28,0.28,green,,,106.25663856206295,219.8,0.0,107.98497614076123,219.8176852840653,0.002809188351894311
32.35963732399978,85743000000,outer_bottom_mid_to_bottom_left_mid_reverse,0.5772404608809268,0.984375,0.5864030078790368,route/default: outer_bottom_mid_to_bottom_left_mid_reverse,,,camera_sign_speed_limit,camera_sign_speed_limit,False,False,0.28,0.28,green,,,108.62892633091954,219.8,0.0,110.37098817299523,219.8110300264176,0.0029616810532105214
32.46196136799972,85845000000,outer_bottom_mid_to_bottom_left_mid_reverse,0.6057308422308358,0.984375,0.6153456175043411,route/default: outer_bottom_mid_to_bottom_left_mid_reverse,,,camera_sign_speed_limit,camera_sign_speed_limit,False,False,0.28,0.28,green,,,109.84451593518233,219.8,0.0,111.5636192755028,219.8071417980791,0.0028570563655780285
32.561986283999886,85946000000,outer_bottom_mid_to_bottom_left_mid_reverse,0.6339383022911317,0.984375,0.6440008150259116,route/default: outer_bottom_mid_to_bottom_left_mid_reverse,,,camera_sign_speed_limit,camera_sign_speed_limit,False,False,0.28,0.28,green,,,111.04803423108828,219.8,0.0,112.75609111575675,219.80313584764627,0.002670514879539762
32.662563876999684,86046000000,outer_bottom_mid_to_bottom_left_mid_reverse,0.6618640728929082,0.984375,0.6723698518277162,route/default: outer_bottom_mid_to_bottom_left_mid_reverse,,,camera_sign_speed_limit,camera_sign_speed_limit,False,False,0.28,0.28,green,,,112.23953377676408,219.8,0.0,113.9484554090555,219.79916133381153,0.002428637785555919
32.864454933999696,86249000000,outer_bottom_mid_to_bottom_left_mid_reverse,0.7185496373615812,0.984375,0.7299551871609713,route/default: outer_bottom_mid_to_bottom_left_mid_reverse,,,camera_sign_speed_limit,camera_sign_speed_limit,False,False,0.28,0.28,green,,,114.6581178607608,219.8,0.0,116.33301006246617,219.791819448245,0.0018598731756258164
32.971975808000025,86352000000,outer_bottom_mid_to_bottom_left_mid_reverse,0.7473106947096563,0.984375,0.7591727692288571,route/default: outer_bottom_mid_to_bottom_left_mid_reverse,,,camera_sign_speed_limit,camera_sign_speed_limit,False,False,0.28,0.28,green,,,115.885256307612,219.8,0.0,117.76370191254178,219.78808159035378,0.0015059218451095033
33.16650101899995,86549000000,outer_bottom_mid_to_bottom_left_mid_reverse,0.8023215715698018,0.984375,0.8150568346105923,route/default: outer_bottom_mid_to_bottom_left_mid_reverse,,,camera_sign_speed_limit,camera_sign_speed_limit,False,False,0.28,0.28,green,,,118.23238705364487,219.8,0.0,119.90979384584666,219.78358623768918,0.001005698782226412
33.26610103599978,86649000000,outer_bottom_mid_to_bottom_left_mid_reverse,0.8302477042996057,0.984375,0.8434262392884884,route/default: outer_bottom_mid_to_bottom_left_mid_reverse,,,camera_sign_speed_limit,camera_sign_speed_limit,False,False,0.28,0.28,green,,,119.42390205011651,219.8,0.0,121.10214467690749,219.7816234205144,0.0007598020542205979
33.36669085099993,86750000000,outer_bottom_mid_to_bottom_left_mid_reverse,0.8584544168427606,0.984375,0.8720806774275663,route/default: outer_bottom_mid_to_bottom_left_mid_reverse,,,camera_sign_speed_limit,camera_sign_speed_limit,False,False,0.28,0.28,green,,,120.62738845195778,219.8,0.0,122.29455513956896,219.7799942061568,0.000541349907492741
33.56765219399995,86948000000,outer_bottom_mid_to_bottom_left_mid_reverse,0.9137543932841148,0.984375,0.9282584312727515,route/default: outer_bottom_mid_to_bottom_left_mid_reverse,,,camera_sign_speed_limit,camera_sign_speed_limit,False,False,0.28,0.28,green,,,122.98685411345556,219.8,0.0,124.67953566641135,219.77769132885123,0.0001919112364905212
33.668254326999886,87048000000,outer_bottom_mid_to_bottom_left_mid_reverse,0.9416849703883444,0.984375,0.9566323508706991,route/default: outer_bottom_mid_to_bottom_left_mid_reverse,,,camera_sign_speed_limit,camera_sign_speed_limit,False,False,0.28,0.28,green,,,124.17855873656936,219.8,0.0,125.8720816135539,219.77701223354916,6.097147384764849e-05
33.76893501099994,87151000000,outer_bottom_mid_to_bottom_left_mid_reverse,0.970454076449397,0.984375,0.9858581094089112,route/default: outer_bottom_mid_to_bottom_left_mid_reverse,,,camera_sign_speed_limit,camera_sign_speed_limit,False,False,0.28,0.28,green,,,125.40604059517428,219.8,0.0,127.0646508201432,219.7766194505752,-3.86652044859672e-05
33.87684788599972,87253000000,outer_bottom_right_mid_to_bottom_mid_reverse,0.014569277226276305,0.984375,0.014800535594947357,route/default: outer_bottom_right_mid_to_bottom_mid_reverse,,,camera_sign_speed_limit,camera_sign_speed_limit,False,False,0.28,0.28,green,,,126.62162249498779,219.8,0.0,128.4957520799269,219.7764193467296,-0.0001225356140223345
33.96983216599983,87354000000,outer_bottom_right_mid_to_bottom_mid_reverse,0.04278050483364468,0.984375,0.04345956046592475,route/default: outer_bottom_right_mid_to_bottom_mid_reverse,,,camera_sign_speed_limit,camera_sign_speed_limit,False,False,0.28,0.28,green,,,127.82530153956884,219.8,0.0,129.68835208569155,219.776362101051,-0.0001735007634616401
34.07376089799982,87454000000,outer_bottom_right_mid_to_bottom_mid_reverse,0.0707139597824278,0.984375,0.07183640358849808,route/default: outer_bottom_right_mid_to_bottom_mid_reverse,,,camera_sign_speed_limit,camera_sign_speed_limit,False,False,0.28,0.28,green,,,129.0171289507169,219.8,0.0,130.88098974305228,219.7763256316046,-0.00022121154991908826
34.39168928499976,87652000000,outer_bottom_right_mid_to_bottom_mid_reverse,0.12602740642675947,0.984375,0.12802784144940643,route/default: outer_bottom_right_mid_to_bottom_mid_reverse,,,camera_sign_speed_limit,camera_sign_speed_limit,False,False,0.28,0.28,green,,,131.37716934087507,219.8,0.0,134.45909972789087,219.77645229864083,-0.0003847164585111376
34.39961207499982,87755000000,outer_bottom_right_mid_to_bottom_mid_reverse,0.15480273203094777,0.984375,0.15725991825366123,route/default: outer_bottom_right_mid_to_bottom_mid_reverse,,,camera_sign_speed_limit,camera_sign_speed_limit,False,False,0.28,0.28,green,,,132.60491656665377,219.8,0.0,134.69764384765193,219.7764796484749,-0.000398494799816691
34.47558451699979,87855000000,outer_bottom_right_mid_to_bottom_mid_reverse,0.18274328651295976,0.984375,0.18564397360046705,route/default: outer_bottom_right_mid_to_bottom_mid_reverse,,,camera_sign_speed_limit,camera_sign_speed_limit,False,False,0.28,0.28,green,,,133.79704689121962,219.8,0.0,135.65187567670407,219.7766137525221,-0.00045141472232397686
34.67279972999995,88044000000,outer_bottom_right_mid_to_bottom_mid_reverse,0.235559855306391,0.984375,0.23929890062871467,route/default: outer_bottom_right_mid_to_bottom_mid_reverse,,,camera_sign_speed_limit,camera_sign_speed_limit,False,False,0.28,0.28,green,,,136.05055382640603,219.8,0.0,137.7991653169256,219.7770031279848,-0.0005581034083744762
34.87459283599992,88245000000,outer_bottom_right_mid_to_bottom_mid_reverse,0.2917409432817328,0.984375,0.29637175190525233,route/default: outer_bottom_right_mid_to_bottom_mid_reverse,,,camera_sign_speed_limit,camera_sign_speed_limit,False,False,0.28,0.28,green,,,138.4476135800206,219.8,0.0,140.18535717900173,219.7774849091703,-0.0006770848636226011
35.07838914800004,88444000000,outer_bottom_right_mid_to_bottom_mid_reverse,0.34739354795974886,0.984375,0.35290773126069724,route/default: outer_bottom_right_mid_to_bottom_mid_reverse,,,camera_sign_speed_limit,camera_sign_speed_limit,False,False,0.28,0.28,green,green,green,140.8221247129493,219.8,0.0,142.571484003778,219.77812742636337,-0.0009322457142044698
35.276153816999795,88647000000,outer_bottom_right_mid_to_bottom_mid_reverse,0.40419312140532876,0.984375,0.4106088852371594,route/default: outer_bottom_right_mid_to_bottom_mid_reverse,,,camera_sign_speed_limit,camera_sign_speed_limit,False,False,0.28,0.28,green,yellow,yellow,143.2455731799607,219.8,0.0,144.95728984432242,219.77934027201889,-0.001405610863420702
35.37648694999962,88748000000,outer_bottom_right_mid_to_bottom_mid_reverse,0.4324610350946741,0.984375,0.43932549596919274,route/default: outer_bottom_right_mid_to_bottom_mid_reverse,,,camera_sign_speed_limit,camera_sign_speed_limit,False,False,0.28,0.28,green,yellow,yellow,144.4516708307061,219.8,0.0,146.15111479644963,219.78031815093624,-0.0015856463310747017
35.57780290999972,88946000000,outer_bottom_right_mid_to_bottom_mid_reverse,0.4878942244453728,0.984375,0.49563857721434695,route/default: outer_bottom_right_mid_to_bottom_mid_reverse,,,camera_sign_speed_limit,camera_sign_speed_limit,False,False,0.28,0.28,green,yellow,yellow,146.81682024300258,219.8,0.0,148.53978499463474,219.7834835353446,-0.0018082939224855319
35.679411528999935,89048000000,outer_bottom_right_mid_to_bottom_mid_reverse,0.5163548281989225,0.984375,0.5245509365830324,route/default: outer_bottom_right_mid_to_bottom_mid_reverse,,,camera_sign_speed_limit,camera_sign_speed_limit,False,False,0.28,0.28,yellow,green,green,148.03113933648737,219.8,0.0,149.73340423025883,219.78534839076502,-0.0018834972431572307
35.778566187999786,89149000000,outer_bottom_right_mid_to_bottom_mid_reverse,0.5446348281989225,0.984375,0.5532798254719212,route/default: outer_bottom_right_mid_to_bottom_mid_reverse,,,camera_sign_speed_limit,camera_sign_speed_limit,False,False,0.28,0.28,yellow,green,green,149.23775266982068,219.8,0.0,150.92683126463646,219.78745058125259,-0.0019104825959026283
35.979308236999714,89345000000,outer_bottom_right_mid_to_bottom_mid_reverse,0.5994950327676362,0.984375,0.609010826938551,route/default: outer_bottom_right_mid_to_bottom_mid_reverse,,,camera_sign_speed_limit,camera_sign_speed_limit,False,False,0.28,0.28,yellow,green,green,151.57845473141913,219.8,0.0,153.31472231121506,219.7922146862495,-0.001602209110926481
36.07936074500003,89446000000,outer_bottom_right_mid_to_bottom_mid_reverse,0.6277750327676361,0.984375,0.6377397158274399,route/default: outer_bottom_right_mid_to_bottom_mid_reverse,,,camera_sign_speed_limit,camera_sign_speed_limit,False,False,0.28,0.28,yellow,green,green,152.78506806475247,219.8,0.0,154.5086836751661,219.79442320685325,-0.0014028057649494994
36.17948061099969,89550000000,outer_bottom_right_mid_to_bottom_mid_reverse,0.6568724663853234,0.984375,0.6672990134708047,route/default: outer_bottom_right_mid_to_bottom_mid_reverse,,,camera_sign_speed_limit,camera_sign_speed_limit,False,False,0.28,0.28,yellow,green,green,154.0265585657738,219.8,0.0,155.70247914071197,219.79632523197682,-0.001226883796603958
36.280086730999756,89650000000,outer_bottom_right_mid_to_bottom_mid_reverse,0.6848712878058238,0.984375,0.6957422606281385,route/default: outer_bottom_right_mid_to_bottom_mid_reverse,,,camera_sign_speed_limit,camera_sign_speed_limit,False,False,0.28,0.28,yellow,green,green,155.2211749463818,219.8,0.0,156.89559339836373,219.7978866040129,-0.0011648756057051164
36.380771380999704,89750000000,outer_bottom_right_mid_to_bottom_mid_reverse,0.7128669883936898,0.984375,0.7241823374158118,route/default: outer_bottom_right_mid_to_bottom_mid_reverse,,,camera_sign_speed_limit,camera_sign_speed_limit,False,False,0.28,0.28,yellow,green,green,156.4156581714641,219.8,0.0,158.08873785295947,219.79945323295573,-0.0010727929106339805
36.480333615999825,89853000000,outer_bottom_right_mid_to_bottom_mid_reverse,0.7416664762092691,0.984375,0.7534389599586225,route/default: outer_bottom_right_mid_to_bottom_mid_reverse,,,camera_sign_speed_limit,camera_sign_speed_limit,False,False,0.28,0.28,yellow,green,green,157.64443631826214,219.8,0.0,159.52106185137123,219.8013590009678,-0.0008614202910969145
36.68214104599974,90052000000,outer_bottom_right_mid_to_bottom_mid_reverse,0.7973590123454293,0.984375,0.8100155046048806,route/default: outer_bottom_right_mid_to_bottom_mid_reverse,,,camera_sign_speed_limit,camera_sign_speed_limit,False,False,0.28,0.28,red,yellow,yellow,160.02065119340497,219.8,0.0,161.6700418306667,219.80356453822225,-0.0005333872671676508
36.88164055599964,90251000000,outer_bottom_right_mid_to_bottom_mid_reverse,0.8530073124547668,0.984375,0.8665471110651599,route/default: outer_bottom_right_mid_to_bottom_mid_reverse,,,camera_sign_speed_limit,camera_sign_speed_limit,False,False,0.28,0.28,red,,,162.39497866473673,219.8,0.0,164.05780493395616,219.80513402801773,-0.00023016123301261644
37.082916007999756,90451000000,outer_bottom_right_mid_to_bottom_mid_reverse,0.9089824573506038,0.984375,0.9234107503244229,route/default: outer_bottom_right_mid_to_bottom_mid_reverse,,,camera_sign_speed_limit,camera_sign_speed_limit,False,False,0.28,0.28,red,,,164.78325151362577,219.8,0.0,166.44513054918698,219.80571706565456,-8.074410325058964e-05
37.18312434699965,90554000000,outer_bottom_right_mid_to_bottom_mid_reverse,0.9378100916395716,0.984375,0.952695966110041,route/default: outer_bottom_right_mid_to_bottom_mid_reverse,right,camera_sign_turn_right,camera_sign_turn_right,camera_sign_turn_right,False,False,0.28,0.28,red,,,166.0132305766217,219.8,0.0,167.87753040485217,219.8059425018875,6.2209904713152615e-06
37.287606806999975,90657000000,outer_bottom_right_mid_to_bottom_mid_reverse,0.9666275454947413,0.984375,0.9819708398676736,route/default: outer_bottom_right_mid_to_bottom_mid_reverse,right,camera_sign_turn_right,camera_sign_turn_right,camera_sign_turn_right,False,False,0.28,0.28,red,,,167.2427752744423,219.8,0.0,169.07110149351996,219.80596933848324,7.53392398927132e-05
37.38483435199987,90753000000,outer_bottom_right_to_bottom_right_mid_reverse,0.009118954133373446,0.8671875,0.010515550712358568,route/default: outer_bottom_right_to_bottom_right_mid_reverse,right,camera_sign_turn_right,camera_sign_turn_right,camera_sign_turn_right,False,False,0.28,0.28,red,,,168.38907537635725,219.8,0.0,170.26469042996587,219.80591148307303,0.00013764597646386833
37.49044787399998,90854000000,outer_bottom_right_to_bottom_right_mid_reverse,0.03739895413337345,0.8671875,0.04312672188352974,route/default: outer_bottom_right_to_bottom_right_mid_reverse,right,camera_sign_turn_right,camera_sign_turn_right,camera_sign_turn_right,False,False,0.28,0.28,red,,,169.5956887096906,219.8,0.0,171.4587469113045,219.80582938766895,0.00021374801705637285
37.68547558699993,91049000000,outer_bottom_right_to_bottom_right_mid_reverse,0.0919933670605606,0.8671875,0.10608244129506088,route/default: outer_bottom_right_to_bottom_right_mid_reverse,right,camera_sign_turn_right,camera_sign_turn_right,camera_sign_turn_right,False,False,0.28,0.28,red,,,171.92505032791726,219.8,0.0,173.60851644121027,219.80563323194076,0.00032589649749686006
37.78610685099966,91155000000,outer_bottom_right_to_bottom_right_mid_reverse,0.12167265820314685,0.8671875,0.14030720945948466,route/default: outer_bottom_right_to_bottom_right_mid_reverse,right,camera_sign_turn_right,camera_sign_turn_right,camera_sign_turn_right,False,False,0.28,0.28,red,,,173.19136675000092,219.8,0.0,175.04180720757435,219.80533223032603,0.00038462545863293435
37.88688207699988,91263000000,outer_bottom_right_to_bottom_right_mid_reverse,0.15189836306498175,0.8671875,0.17516207632718617,route/default: outer_bottom_right_to_bottom_right_mid_reverse,right,camera_sign_turn_right,camera_sign_turn_right,camera_sign_turn_right,False,False,0.28,0.28,red,,,174.4809968241059,219.8,0.0,176.23605956461807,219.80495766410138,0.0004548108597752899
38.08786735099966,91457000000,outer_bottom_right_to_bottom_right_mid_reverse,0.2061990238351122,0.8671875,0.23777905451256182,route/default: outer_bottom_right_to_bottom_right_mid_reverse,right,camera_sign_turn_right,camera_sign_turn_right,camera_sign_turn_right,False,False,0.28,0.28,red,,,176.7978250169648,219.8,0.0,178.62400791386975,219.80402741907028,0.0006039654734904794
38.18894400399995,91559000000,outer_bottom_right_to_bottom_right_mid_reverse,0.2347512562719871,0.8671875,0.27070415137670584,route/default: outer_bottom_right_to_bottom_right_mid_reverse,right,camera_sign_turn_right,camera_sign_turn_right,camera_sign_turn_right,False,False,0.28,0.28,red,,,178.0160536009381,219.8,0.0,179.81801453286027,219.8033474411854,0.0007564949897490193
38.28951070899984,91662000000,outer_bottom_right_to_bottom_right_mid_reverse,0.26358054631725597,0.8671875,0.30394873809557443,route/default: outer_bottom_right_to_bottom_right_mid_reverse,right,camera_sign_turn_right,camera_sign_turn_right,camera_sign_turn_right,False,False,0.28,0.28,red,,,179.24610330953627,219.8,0.0,181.01180523660474,219.80261324896804,0.0009375166964174527
38.39067162299989,91764000000,outer_bottom_right_to_bottom_right_mid_reverse,0.2921267743569896,0.8671875,0.3368669109702222,route/default: outer_bottom_right_to_bottom_right_mid_reverse,right,camera_sign_turn_right,camera_sign_turn_right,camera_sign_turn_right,False,False,0.28,0.28,red,,,180.4640757058982,219.8,0.0,182.2053353083166,219.8018211957591,0.0011303583158055245
38.59083630999976,91963000000,outer_bottom_right_to_bottom_right_mid_reverse,0.3478139773820774,0.8671875,0.4010827847288821,route/default: outer_bottom_right_to_bottom_right_mid_reverse,right,camera_sign_turn_right,camera_sign_turn_right,camera_sign_turn_right,False,False,0.28,0.28,red,,,182.84006303496864,219.8,0.0,184.59173631984194,219.79975819791872,0.0014867390657340026
38.79204896900001,92158000000,outer_bottom_right_to_bottom_right_mid_reverse,0.40237143796815716,0.8671875,0.4639958924317488,route/default: outer_bottom_right_to_bottom_right_mid_reverse,right,camera_sign_turn_right,camera_sign_turn_right,camera_sign_turn_right,False,False,0.28,0.28,red,,,185.1678480199747,219.8,0.0,186.9775586959548,219.79611438338776,0.0015547836082385714
38.89286719099982,92260000000,outer_bottom_right_to_bottom_right_mid_reverse,0.4309048754052632,0.8671875,0.49689931578264585,route/default: outer_bottom_right_to_bottom_right_mid_reverse,right,camera_sign_turn_right,camera_sign_turn_right,camera_sign_turn_right,False,False,0.28,0.28,red,,,186.3852746839579,219.8,0.0,188.17028755060394,219.7939417887335,0.0014911851391848732
38.99351159099979,92367000000,outer_bottom_right_to_bottom_right_mid_reverse,0.46083466241798804,0.8671875,0.5314129440495718,route/default: outer_bottom_right_to_bottom_right_mid_reverse,right,camera_sign_turn_right,camera_sign_turn_right,camera_sign_turn_right,False,False,0.28,0.28,red,,,187.66227892983417,219.8,0.0,189.36292360019286,219.79174396796174,0.0013853730759717567
39.19496126800004,92563000000,outer_bottom_right_to_bottom_right_mid_reverse,0.515655938175689,0.8671875,0.5946302710494432,route/default: outer_bottom_right_to_bottom_right_mid_reverse,right,camera_sign_turn_right,camera_sign_turn_right,camera_sign_turn_right,False,False,0.28,0.28,red,,,190.00132002882938,219.8,0.0,191.74802705316063,219.7876677374287,0.0011027463091789526
39.295665135000036,92664000000,outer_bottom_right_to_bottom_right_mid_reverse,0.5439053418215024,0.8671875,0.6272061599383091,route/default: outer_bottom_right_to_bottom_right_mid_reverse,right,camera_sign_turn_right,camera_sign_turn_right,camera_sign_turn_right,False,False,0.28,0.28,red,,,191.20662791771744,219.8,0.0,192.94055101020285,219.7858474385003,0.0009436648888162076
39.49629125899992,92861000000,outer_bottom_right_to_bottom_right_mid_reverse,0.5990065105292931,0.8671875,0.6907462463761218,route/default: outer_bottom_right_to_bottom_right_mid_reverse,right,camera_sign_turn_right,camera_sign_turn_right,camera_sign_turn_right,False,False,0.28,0.28,red,,,193.55761111591653,219.8,0.0,195.32562391372494,219.78269397280582,0.0006314611194023446
39.59620335699992,92963000000,outer_bottom_right_to_bottom_right_mid_reverse,0.6275363760008349,0.8671875,0.7236455507036654,route/default: outer_bottom_right_to_bottom_right_mid_reverse,right,camera_sign_turn_right,camera_sign_turn_right,camera_sign_turn_right,False,False,0.28,0.28,red,,,194.77488537603563,219.8,0.0,196.51818171380575,219.78140731153582,0.0004885362712807904
39.69732767000005,93063000000,outer_bottom_right_to_bottom_right_mid_reverse,0.6555070234986596,0.8671875,0.7558999910615174,route/default: outer_bottom_right_to_bottom_right_mid_reverse,right,camera_sign_turn_right,camera_sign_turn_right,camera_sign_turn_right,False,False,0.28,0.28,red,,,195.96829966927612,219.8,0.0,197.7107532265009,219.78035676602337,0.0003593444475713332
39.90204991799965,93264000000,outer_bottom_right_to_bottom_right_mid_reverse,0.7117290768949653,0.8671875,0.8207326292122122,route/default: outer_bottom_right_to_bottom_right_mid_reverse,right,camera_sign_turn_right,camera_sign_turn_right,camera_sign_turn_right,False,False,0.28,0.28,red,,,198.36710728085185,219.8,0.0,200.09593833949648,219.7789491881236,0.00015093525522793096
40.09961674199985,93462000000,outer_bottom_right_to_bottom_right_mid_reverse,0.7671140169693708,0.8671875,0.8845999474962113,route/default: outer_bottom_right_to_bottom_right_mid_reverse,right,camera_sign_turn_right,camera_sign_turn_right,camera_sign_turn_right,False,False,0.28,0.28,red,,,200.73019805735981,219.8,0.0,202.48119763989422,219.7781781763603,1.5851369500761264e-05
40.19873150800004,93563000000,outer_bottom_right_to_bottom_right_mid_reverse,0.7953661858527867,0.8671875,0.9171790251275379,route/default: outer_bottom_right_to_bottom_right_mid_reverse,right,camera_sign_turn_right,camera_sign_turn_right,camera_sign_turn_right,False,False,0.28,0.28,red,,,201.9356239297189,219.8,0.0,203.6738434398032,219.77793757075108,-2.656607740595875e-05
40.298855769000056,93663000000,outer_bottom_right_to_bottom_right_mid_reverse,0.8233383432417931,0.8671875,0.9494352066211669,route/default: outer_bottom_right_to_bottom_right_mid_reverse,right,camera_sign_turn_right,camera_sign_turn_right,camera_sign_turn_right,False,False,0.28,0.28,red,,,203.12910264498316,219.8,0.0,204.86648600861446,219.77778157089983,-5.7076698902324395e-05
40.50024002800001,93864000000,outer_bottom_right_corner_reverse,0.012374383763531092,0.3944162607362388,0.03137391886539463,route/default: outer_bottom_right_corner_reverse,right,camera_sign_turn_right,camera_sign_turn_right,camera_sign_turn_right,False,False,0.28,0.28,red,,,205.52797370724397,219.8,0.018253132428946137,207.25180177784267,219.77761213972923,-0.00012964075230170502
40.5998715339997,93965000000,outer_bottom_right_corner_reverse,0.03935554360244907,0.3944162607362388,0.09978174715460736,route/default: outer_bottom_right_corner_reverse,right,camera_sign_turn_right,camera_sign_turn_right,camera_sign_turn_right,False,False,0.28,0.28,red,,,206.67916986037116,219.8,0.08437518849574245,208.40585997394868,219.82731183912642,0.016552013968535628
40.800387829999636,94166000000,outer_bottom_right_corner_reverse,0.09082627201576121,0.3944162607362388,0.23028024211329412,route/default: outer_bottom_right_corner_reverse,right,camera_sign_turn_right,camera_sign_turn_right,camera_sign_turn_right,False,False,0.28,0.28,red,,,208.87525427267246,219.8,0.16553371520442528,210.59334873192614,219.9842573280883,0.09770018894111622
40.90143217099967,94267000000,outer_bottom_right_corner_reverse,0.11637202236707862,0.3944162607362388,0.295048744060025,route/default: outer_bottom_right_corner_reverse,right,camera_sign_turn_right,camera_sign_turn_right,camera_sign_turn_right,False,False,0.28,0.28,red,,,209.965206287662,219.8,0.2592921154315842,211.6646011314504,220.0329573596353,0.15064730642361046
41.00185911399967,94368000000,outer_bottom_right_corner_reverse,0.14032966687911605,0.3944162607362388,0.355790774490811,route/default: outer_bottom_right_corner_reverse,right,camera_sign_turn_right,camera_sign_turn_right,camera_sign_turn_right,False,False,0.28,0.28,red,,,210.9873991201756,219.8,0.3740062126777551,212.69415807466476,220.0846039106172,0.22086149169955802
41.10195284499969,94469000000,outer_bottom_right_corner_reverse,0.1630865008221742,0.3944162607362388,0.4134882789004391,route/default: outer_bottom_right_corner_reverse,right,camera_sign_turn_right,camera_sign_turn_right,camera_sign_turn_right,False,False,0.28,0.28,red,,,211.95835736841275,219.8,0.49411819554238096,213.68703251188282,220.13579268578923,0.31184829832620714
41.303347282999766,94666000000,outer_bottom_right_corner_reverse,0.20671601390283623,0.3944162607362388,0.5241062158973083,route/default: outer_bottom_right_corner_reverse,right,camera_sign_turn_right,camera_sign_turn_right,camera_sign_turn_right,False,False,0.28,0.28,red,green,green,213.81988325985435,219.8,0.7454022547324111,215.59211040569568,220.14654058509348,0.5473507165140261
41.50474042799988,94862000000,outer_bottom_right_corner_reverse,0.24957903590127553,0.3944162607362388,0.6327807972100282,route/default: outer_bottom_right_corner_reverse,right,camera_sign_turn_right,camera_sign_turn_right,camera_sign_turn_right,False,False,0.28,0.28,red,green,green,215.64870553178775,219.8,0.9951121605312402,217.4362596389733,219.77495287590983,0.8012921820581682
41.60416816799989,94965000000,outer_bottom_right_corner_reverse,0.27277381191627864,0.3944162607362388,0.6915886566317124,route/default: outer_bottom_right_corner_reverse,right,camera_sign_turn_right,camera_sign_speed_limit,camera_sign_turn_right,False,False,0.28,0.28,red,yellow,yellow,216.6383493084279,219.8,1.120923061271358,218.30439499444714,219.40446639487226,0.9242286529462724
41.70531322099987,95067000000,outer_bottom_right_corner_reverse,0.2959909377748864,0.3944162607362388,0.7504531816775851,route/default: outer_bottom_right_corner_reverse,right,camera_sign_turn_right,camera_sign_speed_limit,camera_sign_turn_right,False,False,0.28,0.28,red,yellow,yellow,217.62894667839515,219.8,1.2361915562183068,219.1121337949508,218.90373038338095,1.040013241941839
41.80656777099966,95167000000,outer_bottom_right_corner_reverse,0.31862786107786134,0.3944162607362388,0.8078466655585986,route/default: outer_bottom_right_corner_reverse,right,camera_sign_turn_right,camera_sign_speed_limit,camera_sign_turn_right,False,False,0.28,0.28,red,red,red,218.42057915094802,219.37942084905194,1.3138403008367003,219.8433538249879,218.27340139620117,1.1455198454659163
41.90718819099993,95269000000,outer_bottom_right_corner_reverse,0.34216164273346783,0.3944162607362388,0.8675140373137008,route/default: outer_bottom_right_corner_reverse,right,camera_sign_turn_right,camera_sign_turn_right,camera_sign_turn_right,False,False,0.28,0.28,red,red,red,219.13059073902883,218.66940926097118,1.3761813408018153,220.47953001051764,217.52359695231667,1.2376547218241072
42.00769789499964,95371000000,outer_bottom_right_corner_reverse,0.36612846324180287,0.3944162607362388,0.928279332495997,route/default: outer_bottom_right_corner_reverse,right,camera_sign_turn_right,camera_sign_turn_right,camera_sign_turn_right,False,False,0.28,0.28,red,red,red,219.85366706137228,217.94633293862773,1.43796093708921,221.02391008563967,216.6840188557992,1.3199137617548515
42.20941682399962,95569000000,outer_right_mid_to_lower_reverse,0.0203170084331471,1.289914491170345,0.015750662987523607,route/default: outer_right_mid_to_lower_reverse,right,camera_sign_turn_right,camera_sign_turn_right,camera_sign_turn_right,False,False,0.28,0.28,red,red,red,221.03150132597506,216.9337135356862,1.5344487057758749,221.8328373393677,214.77569031031385,1.4540580236550702
42.309682863000035,95670000000,outer_right_mid_to_lower_reverse,0.04596016678895736,1.289914491170345,0.035630398064027874,route/default: outer_right_mid_to_lower_reverse,right,camera_sign_turn_right,camera_sign_turn_right,camera_sign_turn_right,False,False,0.28,0.28,red,red,red,221.07126079612806,215.84032810647847,1.5344487057758764,222.09778239664496,213.73246864464977,1.5036144494944061
42.41030403900004,95772000000,outer_right_mid_to_lower_reverse,0.07229498517283794,1.289914491170345,0.0560463392478399,route/default: outer_right_mid_to_lower_reverse,right,camera_sign_turn_right,camera_sign_turn_right,camera_sign_turn_right,False,False,0.28,0.28,red,red,red,221.11209267849569,214.71745134136881,1.5344487057758764,222.3144027555423,212.42873138295158,1.5506891003262608
42.51062849099981,95874000000,outer_right_mid_to_lower_reverse,0.09923451251704726,1.289914491170345,0.07693107814225061,route/default: outer_right_mid_to_lower_reverse,right,camera_sign_turn_right,camera_sign_turn_right,camera_sign_turn_right,False,False,0.28,0.28,red,red,red,221.1538621562845,213.56879070217622,1.5344487057758764,222.4190101883505,211.30934358012547,1.5799212507487863
42.71153028699973,96071000000,outer_right_mid_to_lower_reverse,0.1527460427500669,1.289914491170345,0.1184156343661817,route/default: outer_right_mid_to_lower_reverse,right,camera_sign_turn_right,camera_sign_turn_right,camera_sign_turn_right,False,False,0.28,0.28,red,red,red,221.23683126873237,211.28714010986,1.5344487057758749,222.46643481526894,209.23603238464426,1.6099608972981785
42.91279279599985,96272000000,outer_right_mid_to_lower_reverse,0.20834288906803125,1.289914491170345,0.16151682184685034,route/default: outer_right_mid_to_lower_reverse,right,camera_sign_turn_right,camera_sign_turn_right,camera_sign_turn_right,False,False,0.28,0.28,red,red,red,221.3230336436937,208.91657479842326,1.5344487057758764,222.39028130072188,206.6469549564739,1.6244914700081419
43.012116047999825,96374000000,outer_right_mid_to_lower_reverse,0.236847373459049,1.289914491170345,0.1836147861585432,route/default: outer_right_mid_to_lower_reverse,right,camera_sign_turn_right,camera_sign_turn_right,camera_sign_turn_right,False,False,0.28,0.28,red,red,red,221.36722957231711,207.70118676128013,1.5344487057758764,222.32628002961826,205.45789281006103,1.6246282000097518
43.11200019299986,96476000000,outer_right_mid_to_lower_reverse,0.2652001075522218,1.289914491170345,0.20559510678231435,route/default: outer_right_mid_to_lower_reverse,right,camera_sign_turn_right,camera_sign_turn_right,camera_sign_turn_right,False,False,0.28,0.28,red,red,red,221.41119021356462,206.4922691269727,1.5344487057758749,222.2527855712778,204.27376111218965,1.6212947398247952
43.313638573999924,96677000000,outer_right_mid_to_lower_reverse,0.32077019666728446,1.289914491170345,0.24867555087023502,route/default: outer_right_mid_to_lower_reverse,right,camera_sign_turn_right,camera_sign_turn_right,camera_sign_turn_right,False,False,0.28,0.28,red,red,red,221.4973511017405,204.12284470213706,1.5344487057758764,222.1040680223963,201.92043543435733,1.6084929997038457
43.41456534700001,96778000000,outer_right_mid_to_lower_reverse,0.34854853601687796,1.289914491170345,0.2702105747340185,route/default: outer_right_mid_to_lower_reverse,right,camera_sign_turn_right,camera_sign_turn_right,camera_sign_turn_right,False,False,0.28,0.28,red,red,red,221.54042114946805,202.93841838962896,1.5344487057758764,222.03642163975064,200.74789992637994,1.6002450491377258
43.5151687409998,96879000000,outer_right_mid_to_lower_reverse,0.37627251736588935,1.289914491170345,0.29170345781951457,route/default: outer_right_mid_to_lower_reverse,right,camera_sign_turn_right,camera_sign_turn_right,camera_sign_turn_right,False,False,0.28,0.28,red,red,red,221.58340691563905,201.75630981992668,1.5344487057758764,221.9766228297193,199.57572082394927,1.5913330205797607
43.71576709300007,97078000000,outer_right_mid_to_lower_reverse,0.43098993400221774,1.289914491170345,0.3341228716728182,route/default: outer_right_mid_to_lower_reverse,right,camera_sign_turn_right,camera_sign_turn_right,camera_sign_turn_right,False,False,0.28,0.28,red,red,red,221.6682457433456,199.423242057995,1.5344487057758749,221.88827706029292,197.22909210328265,1.573301276905833
43.816426749999664,97180000000,outer_right_mid_to_lower_reverse,0.4591259065085589,1.289914491170345,0.3559351489198264,route/default: outer_right_mid_to_lower_reverse,right,camera_sign_turn_right,camera_sign_turn_right,camera_sign_turn_right,False,False,0.28,0.28,red,red,red,221.71187029783965,198.22356680940953,1.5344487057758764,221.86180514411376,196.0539681951954,1.5648784429705582
43.92112679899992,97280000000,outer_right_mid_to_lower_reverse,0.48674742490347134,1.289914491170345,0.37734859809338467,route/default: outer_right_mid_to_lower_reverse,right,camera_sign_turn_right,camera_sign_turn_right,camera_sign_turn_right,False,False,0.28,0.28,red,red,red,221.75469719618678,197.04582710486386,1.5344487057758749,221.84760723120644,194.87725981129964,1.557339472346069
44.01792306699963,97382000000,outer_right_mid_to_lower_reverse,0.5149482161458095,1.289914491170345,0.3992111257534558,route/default: outer_right_mid_to_lower_reverse,right,camera_sign_turn_right,camera_sign_turn_right,camera_sign_turn_right,False,False,0.28,0.28,red,red,red,221.7984222515069,195.84338808355994,1.5344487057758749,221.84482784522731,193.6990204584531,1.5506962294992903
44.21990934199994,97581000000,outer_right_mid_to_lower_reverse,0.5700364785483818,1.289914491170345,0.4419180360018944,route/default: outer_right_mid_to_lower_reverse,right,camera_sign_turn_right,camera_sign_turn_right,camera_sign_turn_right,False,False,0.28,0.28,red,red,red,221.88383607200382,193.49450801989582,1.5344487057758764,221.86858735699423,191.33633257447937,1.5398364079039688
44.32002180399968,97682000000,outer_right_mid_to_lower_reverse,0.5980829187670069,1.289914491170345,0.4636609037738336,route/default: outer_right_mid_to_lower_reverse,right,camera_sign_turn_right,camera_sign_turn_right,camera_sign_turn_right,False,False,0.28,0.28,red,red,red,221.92732180754768,192.29865029243916,1.5344487057758764,221.89164458058633,190.15361881627706,1.5351044676939498
44.525487319999684,97882000000,outer_right_mid_to_lower_reverse,0.6536735896435445,1.289914491170345,0.506757303773263,route/default: outer_right_mid_to_lower_reverse,right,camera_sign_turn_right,camera_sign_turn_right,camera_sign_turn_right,False,False,0.28,0.28,red,red,red,222.01351460754654,189.92834829247053,1.5344487057758749,221.96147299145292,187.78302826981044,1.528218084514673
44.73122911699966,98078000000,outer_right_mid_to_lower_reverse,0.7083426013332508,1.289914491170345,0.5491391919247054,route/default: outer_right_mid_to_lower_reverse,right,camera_sign_turn_right,camera_sign_turn_right,camera_sign_turn_right,False,False,0.28,0.28,green,red,red,222.0982783838494,187.5973444441412,1.5344487057758764,222.0556569346134,185.40479022059674,1.5248918381693102
44.923198279999724,98281000000,outer_right_mid_to_lower_reverse,0.7651739952790375,1.289914491170345,0.5931974565110838,route/default: outer_right_mid_to_lower_reverse,right,camera_sign_turn_right,camera_sign_turn_right,camera_sign_turn_right,False,False,0.28,0.28,green,green,green,222.18639491302218,185.17413989189038,1.5344487057758764,222.16342682213008,183.02103224681937,1.524022417697969
45.02347049299988,98382000000,outer_right_mid_to_lower_reverse,0.7934144121004197,1.289914491170345,0.6150907037105625,route/default: outer_right_mid_to_lower_reverse,right,camera_sign_turn_right,camera_sign_turn_right,camera_sign_turn_right,False,False,0.28,0.28,green,green,green,222.23018140742113,183.97001129591905,1.5344487057758764,222.2199375053093,181.82884559803625,1.5243532594721736
45.225498592999884,98580000000,outer_right_mid_to_lower_reverse,0.8487487341642826,1.289914491170345,0.6579883705269558,route/default: outer_right_mid_to_lower_reverse,right,camera_sign_turn_right,camera_sign_turn_right,camera_sign_turn_right,False,False,0.28,0.28,green,green,green,222.31597674105393,181.61063962101744,1.5344487057758764,222.33354991992837,179.44596909181405,1.5258263432758223
45.32623444000001,98684000000,outer_right_mid_to_lower_reverse,0.8778301638947464,1.289914491170345,0.6805336089358042,route/default: outer_right_mid_to_lower_reverse,right,camera_sign_turn_right,camera_sign_turn_right,camera_sign_turn_right,False,False,0.28,0.28,green,green,green,222.3610672178716,180.37065150853078,1.5344487057758764,222.3893435816803,178.25540889329812,1.5266915331959878
45.42662550499972,98788000000,outer_right_mid_to_lower_reverse,0.9068614977783438,1.289914491170345,0.7030400107805165,route/default: outer_right_mid_to_lower_reverse,right,camera_sign_turn_right,camera_sign_turn_right,camera_sign_turn_right,False,False,0.28,0.28,green,green,green,222.40608002156102,179.1327994070716,1.5344487057758749,222.44420780324685,177.06532826135617,1.5275543756171597
45.62767079199966,98987000000,outer_right_mid_to_lower_reverse,0.9624378665140348,1.289914491170345,0.746125323114101,route/default: outer_right_mid_to_lower_reverse,right,camera_sign_turn_right,camera_sign_turn_right,camera_sign_turn_right,False,False,0.28,0.28,green,green,green,222.49225064622823,176.76310722872444,1.5344487057758764,222.55121412459755,174.6850416757091,1.5294637015282915
45.82863480699962,99185000000,outer_right_mid_to_lower_reverse,1.0177306470636238,1.289914491170345,0.7889907850715223,route/default: outer_right_mid_to_lower_reverse,right,camera_sign_turn_right,camera_sign_turn_right,camera_sign_turn_right,False,False,0.28,0.28,green,green,green,222.57798157014304,174.40550682106627,1.5378183276605752,222.65544713898868,172.30499348021903,1.5320625402872785
45.93502770999976,99286000000,outer_right_mid_to_lower_reverse,1.0458342059413608,1.289914491170345,0.8107779338089851,route/default: outer_right_mid_to_lower_reverse,right,camera_sign_turn_right,camera_sign_turn_right,camera_sign_turn_right,False,False,0.28,0.28,green,green,green,222.62155586761799,173.2072136405058,1.5412231064637074,222.71869680217037,170.88024650726547,1.5350986098868178
46.02953075300002,99387000000,outer_right_mid_to_lower_reverse,1.07391191479007,1.289914491170345,0.8325450424358788,route/default: outer_right_mid_to_lower_reverse,right,camera_sign_turn_right,camera_sign_turn_right,camera_sign_turn_right,False,False,0.28,0.28,green,green,green,222.66509008487174,172.01002266602666,1.5446250174920657,222.7597320255901,169.93173421518682,1.5375307883189582
46.23120726599973,99585000000,outer_right_mid_to_lower_reverse,1.128894742506678,1.289914491170345,0.8751702149515561,route/default: outer_right_mid_to_lower_reverse,right,camera_sign_turn_right,camera_sign_turn_right,camera_sign_turn_right,False,False,0.28,0.28,green,green,green,222.75034042990313,169.66563817766442,1.5512872312392179,222.85505327646575,167.5638644168655,1.5449326038499045
46.33144838599992,99688000000,outer_right_mid_to_lower_reverse,1.157427578105176,1.289914491170345,0.8972901584003734,route/default: outer_right_mid_to_lower_reverse,right,camera_sign_turn_right,camera_sign_turn_right,camera_sign_turn_right,False,False,0.28,0.28,green,green,green,222.79458031680076,168.44904128797947,1.5547446102283027,222.89667601587155,166.38004085867627,1.548889837977361
46.435094233999735,99789000000,outer_right_mid_to_lower_reverse,1.1854952332986108,1.289914491170345,0.9190494729794111,route/default: outer_right_mid_to_lower_reverse,right,camera_sign_turn_right,camera_sign_turn_right,camera_sign_turn_right,False,False,0.28,0.28,green,green,green,222.83809894595885,167.25227898613238,1.5581455733463807,222.94022322140063,164.95914827995512,1.5535532096862115
46.53253047899989,99890000000,outer_right_mid_to_lower_reverse,1.2135866262177055,1.289914491170345,0.9408271901159999,route/default: outer_right_mid_to_lower_reverse,right,camera_sign_turn_right,camera_sign_turn_right,camera_sign_turn_right,False,False,0.28,0.28,green,green,green,222.88165438023202,166.05450454362,1.5615492848234243,222.96530757935778,164.01105198462477,1.5565806352443379
46.632782547999795,99990000000,outer_right_mid_to_lower_reverse,1.2413508394281039,1.289914491170345,0.9623512627583716,route/default: outer_right_mid_to_lower_reverse,right,camera_sign_turn_right,camera_sign_turn_left,camera_sign_turn_right,False,False,0.28,0.28,green,green,green,222.92470252551675,164.87068054828956,1.564913150433381,222.99164532171926,162.82512756065313,1.560021519944855
46.7347142499998,100090000000,outer_right_mid_to_lower_reverse,1.2691934977285841,1.289914491170345,0.9839361495792169,route/default: outer_right_mid_to_lower_reverse,left,camera_sign_turn_left,camera_sign_turn_left,camera_sign_turn_left,False,False,0.28,0.28,green,green,green,222.96787229915844,163.68351177314307,1.6185642265231164,223.01282825209483,161.6385687944345,1.5630331914325009
46.834685068,100191000000,inner_middle_cross_reverse,0.006213269606118357,5.461513532244725,0.0011376461066031004,route/left from camera_sign_turn_left: inner_middle_cross_reverse delta=+92.1deg,,,camera_sign_turn_left,camera_sign_turn_left,False,False,0.28,0.28,green,green,green,222.9856911859154,162.53528693943554,1.6247978271708632,223.0686490341974,160.4808759428525,1.5785998687409148
46.88064161400007,100191000000,inner_middle_cross_reverse,0.06481464346511139,5.461513532244725,0.011867524099765813,route/left_nearby from camera_sign_turn_left: inner_middle_cross_reverse delta=+89.1deg,,,camera_sign_turn_left,camera_sign_turn_left,False,False,0.28,0.28,green,green,green,222.850735483555,160.03860644576753,1.6247978271708632,223.09152472767107,160.02559081095043,1.5869278403521618
47.035473499999625,100391000000,inner_middle_cross_reverse,0.11904661882977358,5.461513532244725,0.021797367730927233,route/left_nearby from camera_sign_turn_left: inner_middle_cross_reverse delta=+89.1deg,,,camera_sign_turn_left,camera_sign_turn_left,False,False,0.28,0.28,green,green,green,222.7258422627349,157.72808186059592,1.6247978271708632,223.12930940086306,158.18330371787158,1.6149635658944446
47.13554044099965,100495000000,inner_middle_cross_reverse,0.14746828929970254,5.461513532244725,0.027001359317165678,route/left_nearby from camera_sign_turn_left: inner_middle_cross_reverse delta=+89.1deg,,,camera_sign_turn_left,camera_sign_turn_left,False,False,0.28,0.28,green,green,green,222.66038873753678,156.51719164443006,1.6247978271708632,223.10863507994452,156.78749772611815,1.6304359174378609
47.23595618299987,100595000000,inner_middle_cross_reverse,0.17493587223879775,5.461513532244725,0.03203065802290482,route/left_nearby from camera_sign_turn_left: inner_middle_cross_reverse delta=+89.1deg,,,camera_sign_turn_left,camera_sign_turn_left,False,False,0.28,0.28,green,green,green,222.59713242281947,155.34694982216052,1.6247978271708632,223.06450651183593,155.61769718030405,1.639653741181443
47.43722978200003,100797000000,inner_middle_cross_reverse,0.2308802597268,5.461513532244725,0.042274043333168566,route/left_nearby from camera_sign_turn_left: inner_middle_cross_reverse delta=+89.1deg,,,camera_sign_turn_left,camera_sign_turn_left,False,False,0.28,0.28,green,green,green,222.46829561218885,152.96346882549332,1.6247978271708687,222.92506172246146,153.26308842601213,1.6506640601031781
47.53776020999976,100898000000,inner_middle_cross_reverse,0.2590178322519142,5.461513532244725,0.04742601674841147,route/left_nearby from camera_sign_turn_left: inner_middle_cross_reverse delta=+89.1deg,,,camera_sign_turn_right,camera_sign_turn_left,False,False,0.28,0.28,green,green,green,222.40349634874525,151.76468245178714,1.6247978271708632,222.83705351975493,152.07847773528712,1.6531288022266621
47.738073472999986,101096000000,inner_middle_cross_reverse,0.3143252097051097,5.461513532244725,0.05755276588611135,route/left_nearby from camera_sign_turn_left: inner_middle_cross_reverse delta=+89.1deg,,,camera_sign_turn_right,camera_sign_turn_left,False,False,0.28,0.28,green,green,green,222.27612653677005,149.40834093024554,1.6247978271708634,222.64268793806775,149.70193009279683,1.6544018230597848
47.83898664499975,101196000000,inner_middle_cross_reverse,0.34221784204135586,5.461513532244725,0.06265989089304731,route/left_nearby from camera_sign_turn_left: inner_middle_cross_reverse delta=+89.1deg,,,camera_sign_turn_right,camera_sign_turn_left,False,False,0.28,0.28,green,green,green,222.2118913569485,148.2199901035478,1.6247978271708632,222.54077598585502,148.51504878081158,1.6535954175055816
48.03877598700001,101394000000,inner_middle_cross_reverse,0.3973638076070444,5.461513532244725,0.07275708560658363,route/left_nearby from camera_sign_turn_left: inner_middle_cross_reverse delta=+89.1deg,,,camera_sign_turn_right,camera_sign_turn_left,False,False,0.28,0.28,green,green,green,222.08489326756637,145.87052544997783,1.6247978271708632,222.33584465337321,146.14516529472863,1.6501699627491802
48.240693045999706,101592000000,inner_middle_cross_reverse,0.4524583750366454,5.461513532244725,0.08284486935083753,route/left_nearby from camera_sign_turn_left: inner_middle_cross_reverse delta=+89.1deg,,,,camera_sign_turn_left,False,False,0.28,0.28,green,yellow,yellow,221.95801354523093,143.52325058677167,1.6247978271708687,222.13670759591986,143.77728994011056,1.6455459600285607
48.34022290199982,101695000000,inner_middle_cross_reverse,0.4811143600817668,5.461513532244725,0.08809176380160409,route/left_nearby from camera_sign_turn_left: inner_middle_cross_reverse delta=+89.1deg,,,,camera_sign_turn_left,False,False,0.28,0.28,green,green,green,221.89202040660757,142.30237752223994,1.6247978271708687,222.04098614383383,142.5932755744829,1.64310752834092
48.54098217000001,101896000000,inner_middle_cross_reverse,0.5370454367739712,5.461513532244725,0.09833271191278022,route/left_nearby from camera_sign_turn_left: inner_middle_cross_reverse delta=+89.1deg,,,,camera_sign_turn_left,False,False,0.28,0.28,green,green,green,221.76321424999878,139.91946362497734,1.6247978271708687,221.85870914752422,140.22417819274375,1.6383944659483538
48.741723462999744,102097000000,inner_middle_cross_reverse,0.5924262149700208,5.461513532244725,0.1084729006844608,route/left_nearby from camera_sign_turn_left: inner_middle_cross_reverse delta=+89.1deg,,,,camera_sign_turn_left,False,False,0.28,0.28,green,green,green,221.63567540019812,137.5599949036649,1.6247978271708632,221.73632230255106,137.8818876390782,1.6500662909853132
48.94296940799995,102295000000,inner_middle_cross_reverse,0.6422235370311307,5.461513532244725,0.11759076183542326,route/left_nearby from camera_sign_turn_left: inner_middle_cross_reverse delta=+89.1deg,,,,camera_sign_turn_left,False,False,0.28,0.28,green,green,green,221.52099493911203,135.4384063735728,1.6247978271708687,221.79139943504111,135.70885181750748,1.7389089453433404
49.04346898799986,102395000000,inner_middle_cross_reverse,0.6659405421228481,5.461513532244725,0.12193333188522584,route/left_nearby from camera_sign_turn_left: inner_middle_cross_reverse delta=+89.1deg,,,,camera_sign_turn_left,False,False,0.28,0.28,green,green,green,221.46637599642753,134.42795593390912,1.6247978271708634,221.84836136084346,134.68972817675797,1.8159006212559563
49.14316126699987,102496000000,inner_middle_cross_reverse,0.6887393728796068,5.461513532244725,0.1261077847401267,route/left_nearby from camera_sign_turn_left: inner_middle_cross_reverse delta=+89.1deg,,,,camera_sign_turn_left,False,False,0.28,0.28,green,green,green,221.41387155813266,133.45662382545373,1.6247978271708632,221.89399687043004,133.7034141318371,1.9120944106077185
49.24405281999998,102599000000,inner_middle_cross_reverse,0.711580415330004,5.461513532244725,0.13028996653195857,route/left_nearby from camera_sign_turn_left: inner_middle_cross_reverse delta=+89.1deg,,,,camera_sign_turn_left,False,False,0.28,0.28,green,green,green,221.3612699086567,132.4834933101493,1.6247978271708634,221.91155102052994,132.74519585821417,2.026919586309777
49.3449804249999,102701000000,inner_middle_cross_reverse,0.7341119630026535,5.461513532244725,0.13441548000722936,route/left_nearby from camera_sign_turn_left: inner_middle_cross_reverse delta=+89.1deg,,,,camera_sign_turn_left,False,False,0.28,0.28,green,green,green,221.3093810084281,131.52354865591963,1.6247978271708632,221.8478857387102,131.79913887995664,2.1490406796565993
49.545489824000015,102900000000,inner_middle_cross_reverse,0.7780767694997869,5.461513532244725,0.1424654108986509,route/left_nearby from camera_sign_turn_left: inner_middle_cross_reverse delta=+89.1deg,,,camera_sign_turn_right,camera_sign_turn_left,False,False,0.28,0.28,green,green,green,221.20813250605954,129.65045136210188,1.6247978271708634,221.39381592869984,129.97174762620088,2.394281078414388
49.64989983799978,103001000000,inner_middle_cross_reverse,0.800527354490404,5.461513532244725,0.14657610015320807,route/left_nearby from camera_sign_turn_left: inner_middle_cross_reverse delta=+89.1deg,,,camera_sign_turn_right,camera_sign_turn_left,False,False,0.28,0.28,yellow,green,green,221.15643005838143,128.6939560800564,1.7988239755924205,220.97195110310662,129.1166924217816,2.509258784720692
49.84679733299981,103202000000,inner_middle_cross_reverse,0.8461698067351043,5.461513532244725,0.1549332070202382,route/left_nearby from camera_sign_turn_left: inner_middle_cross_reverse delta=+89.1deg,,,camera_sign_turn_right,camera_sign_turn_left,False,False,0.28,0.28,yellow,green,green,221.05131803123072,126.74938357776806,2.7804951148119237,219.7783637706762,127.60455813815022,2.717819572947829
50.04728564800007,103402000000,inner_middle_cross_reverse,0.8932021582718939,5.461513532244725,0.16354480365166849,route/left_nearby from camera_sign_turn_left: inner_middle_cross_reverse delta=+89.1deg,,,,camera_sign_turn_left,False,False,0.28,0.28,yellow,green,green,219.94405587436364,125.8,3.141592653589793,218.16289366853442,126.43944176653568,2.884157642490898
50.24810996799988,103597000000,inner_middle_cross_reverse,0.9415642298987598,5.461513532244725,0.1723998712700744,route/left_nearby from camera_sign_turn_left: inner_middle_cross_reverse delta=+89.1deg,,,,camera_sign_turn_left,False,False,0.28,0.28,yellow,green,green,217.8806074849507,125.8,3.141592653589793,216.2270616606503,125.64074585341743,3.0060772301380547
50.349193704999834,103698000000,inner_middle_cross_reverse,0.9672921048427467,5.461513532244725,0.17711063043822253,route/left_nearby from camera_sign_turn_left: inner_middle_cross_reverse delta=+89.1deg,,,,camera_sign_turn_left,False,False,0.28,0.28,yellow,green,green,216.78288482067393,125.8,3.141592653589793,215.17776672018368,125.36865973365397,3.050786538832744
50.44969371499974,103798000000,inner_middle_cross_reverse,0.9928279620061673,5.461513532244725,0.1817862312607156,route/left_nearby from camera_sign_turn_left: inner_middle_cross_reverse delta=+89.1deg,,,,camera_sign_turn_left,False,False,0.28,0.28,yellow,green,green,215.69335491503466,125.8,3.141592653589793,214.1059267196722,125.1526107816496,3.0918975071550157
50.54998445199999,103900000000,inner_middle_cross_reverse,1.0193927423831126,5.461513532244725,0.18665022733435108,route/left_nearby from camera_sign_turn_left: inner_middle_cross_reverse delta=+89.1deg,,,,camera_sign_turn_left,False,False,0.28,0.28,yellow,green,green,214.5599242856183,125.8,3.141592653589793,213.0091033598727,124.99702436346834,3.127459067294866
50.653982240999994,104001000000,inner_middle_cross_reverse,1.0461441018381166,5.461513532244725,0.1915483859303271,route/left_nearby from camera_sign_turn_left: inner_middle_cross_reverse delta=+89.1deg,,,,camera_sign_turn_left,False,False,0.28,0.28,red,green,green,213.41853294887147,125.8,3.141592653589793,211.88646205242497,124.90263312744575,-3.127861043806684
50.85111755199978,104202000000,inner_middle_cross_reverse,1.1004975161264143,5.461513532244725,0.20150046495885934,route/left_nearby from camera_sign_turn_left: inner_middle_cross_reverse delta=+89.1deg,,,,camera_sign_turn_left,False,False,0.28,0.28,red,green,green,211.09945393923743,125.8,3.141592653589793,209.58706332233663,124.86080346069735,-3.093120322324226
50.95188745899986,104302000000,inner_middle_cross_reverse,1.1280017349341849,5.461513532244725,0.20653647167117195,route/left_nearby from camera_sign_turn_left: inner_middle_cross_reverse delta=+89.1deg,,,,camera_sign_turn_left,False,False,0.28,0.28,red,green,green,209.92594060343924,125.8,3.141592653589793,208.4186236642525,124.8894509893087,-3.08296806122967
51.051927178999904,104402000000,inner_middle_cross_reverse,1.1556806640346429,5.461513532244725,0.2116044677380208,route/left_nearby from camera_sign_turn_left: inner_middle_cross_reverse delta=+89.1deg,,,,camera_sign_turn_left,False,False,0.28,0.28,red,green,green,208.7449729618197,125.8,3.141592653589793,207.24174811064506,124.94062782571011,-3.076531287175682
51.15248788100007,104504000000,inner_middle_cross_reverse,1.1841296954004803,5.461513532244725,0.21681346908863078,route/left_nearby from camera_sign_turn_left: inner_middle_cross_reverse delta=+89.1deg,,,,camera_sign_turn_left,False,False,0.28,0.28,red,green,green,207.53114762354397,125.8,3.141592653589793,206.05664218963958,125.0096147001271,-3.0734892191475014
51.353267651999886,104705000000,inner_middle_cross_reverse,1.240201640862405,5.461513532244725,0.22708021019086855,route/left_nearby from camera_sign_turn_left: inner_middle_cross_reverse delta=+89.1deg,,,camera_sign_speed_limit,camera_sign_turn_left,False,False,0.28,0.28,red,red,red,205.13874461716853,125.8,3.141592653589793,203.68355196998584,125.1787043562474,-3.075812741556759
51.55518718999974,104907000000,inner_middle_cross_reverse,1.296189408392437,5.461513532244725,0.23733153836198462,route/left_nearby from camera_sign_turn_left: inner_middle_cross_reverse delta=+89.1deg,,,camera_sign_speed_limit,camera_sign_turn_left,False,False,0.28,0.28,red,red,red,202.74993320255385,125.8,3.141592653589793,201.32358406149518,125.3562208249817,-3.0851490226917617
51.75659322599995,105106000000,inner_middle_cross_reverse,1.3511806743830017,5.461513532244725,0.24740040767191065,route/left_nearby from camera_sign_turn_left: inner_middle_cross_reverse delta=+89.1deg,,,camera_sign_speed_limit,camera_sign_turn_left,False,False,0.28,0.28,red,red,red,200.4036391869564,125.8,3.141592653589793,198.96882317008556,125.51750771829472,-3.097519930578125
51.95785465099971,105306000000,inner_middle_cross_reverse,1.4064470899961303,5.461513532244725,0.25751965672015276,route/left_nearby from camera_sign_turn_left: inner_middle_cross_reverse delta=+89.1deg,,,camera_sign_speed_limit,camera_sign_turn_left,False,False,0.28,0.28,red,red,red,198.0456054541296,125.8,3.141592653589793,196.6128036095219,125.6499188032417,-3.1101789855669324
52.058461093000005,105407000000,inner_middle_cross_reverse,1.4343804940082434,5.461513532244725,0.2626342469975904,route/left_nearby from camera_sign_turn_left: inner_middle_cross_reverse delta=+89.1deg,,,camera_sign_speed_limit,camera_sign_turn_left,False,False,0.28,0.28,red,red,red,196.8537802162794,125.8,3.141592653589793,195.43325602299262,125.70380024191304,-3.11607140028574
52.15917363699964,105509000000,inner_middle_cross_reverse,1.4626140562267895,5.461513532244725,0.26780379607072835,route/left_nearby from camera_sign_turn_left: inner_middle_cross_reverse delta=+89.1deg,,,camera_sign_speed_limit,camera_sign_turn_left,False,False,0.28,0.28,red,red,red,195.64914822828814,125.8,3.141592653589793,194.25241589735077,125.74941669054125,-3.121497231911419
52.36786666499984,105709000000,inner_middle_cross_reverse,1.518056309399375,5.461513532244725,0.2779552408754066,route/left_nearby from camera_sign_turn_left: inner_middle_cross_reverse delta=+89.1deg,,,camera_sign_speed_limit,camera_sign_turn_left,False,False,0.28,0.28,red,red,red,193.28361209292444,125.8,3.141592653589793,191.64977579871623,125.82256775486343,-3.131493143280094
52.4597210879997,105810000000,inner_middle_cross_reverse,1.5461043728418296,5.461513532244725,0.28309082522887546,route/left_nearby from camera_sign_turn_left: inner_middle_cross_reverse delta=+89.1deg,,,camera_sign_speed_limit,camera_sign_turn_left,False,False,0.28,0.28,red,red,red,192.08689471937976,125.8,3.141592653589793,190.7016498613454,125.84071476765722,-3.134397988177207
52.56011606999982,105911000000,inner_middle_cross_reverse,1.5741763694384505,5.461513532244725,0.28823079172916594,route/left_nearby from camera_sign_turn_left: inner_middle_cross_reverse delta=+89.1deg,,,camera_sign_speed_limit,camera_sign_turn_left,False,False,0.28,0.28,red,red,red,190.8891561979239,125.8,3.141592653589793,189.51521504483955,125.85792428502562,-3.1374494974834994
52.68229796800006,106011000000,inner_middle_cross_reverse,1.6019972498363477,5.461513532244725,0.29332477899728177,route/left_nearby from camera_sign_turn_left: inner_middle_cross_reverse delta=+89.1deg,,,camera_sign_speed_limit,camera_sign_turn_left,False,False,0.28,0.28,red,red,red,189.70213196761364,125.8,3.141592653589793,187.85245635578755,125.87390783340784,-3.1409223051812267
52.76167515099996,106112000000,inner_middle_cross_reverse,1.630127872531669,5.461513532244725,0.2984754799026697,route/left_nearby from camera_sign_turn_left: inner_middle_cross_reverse delta=+89.1deg,,,camera_sign_speed_limit,camera_sign_turn_left,False,False,0.28,0.28,red,red,red,188.50189206594658,125.8,3.141592653589793,186.9013576149628,125.87917377076118,3.140718294053851
52.96158388899994,106309000000,inner_middle_cross_reverse,1.6714003138214932,5.461513532244725,0.30603244026652343,route/left_nearby from camera_sign_turn_left: inner_middle_cross_reverse delta=+89.1deg,,,camera_sign_speed_limit,camera_sign_turn_left,False,False,0.14,0.28,red,red,red,186.7409345709141,125.8,3.141592653589793,185.1732436336362,125.88824019176084,3.136989918988306
53.06263868099995,106411000000,inner_middle_cross_reverse,1.6856547803457822,5.461513532244725,0.3086424249237308,route/left_nearby from camera_sign_turn_left: inner_middle_cross_reverse delta=+89.1deg,,,camera_sign_speed_limit,camera_sign_turn_left,False,False,0.14,0.28,red,red,red,186.1327439992111,125.8,3.141592653589793,184.57711794759018,125.88801490976581,3.136166890828536
53.163594675999775,106512000000,inner_middle_cross_reverse,1.6997765291360167,5.461513532244725,0.3112281090398389,route/left_nearby from camera_sign_turn_left: inner_middle_cross_reverse delta=+89.1deg,,,camera_sign_speed_limit,camera_sign_turn_left,False,False,0.14,0.28,red,red,red,185.53021605082776,125.8,3.141592653589793,183.8613605828152,125.8861227845393,3.135504957917192
53.37184684199974,106709000000,inner_middle_cross_reverse,1.7272865126055874,5.461513532244725,0.3162651712584257,route/left_nearby from camera_sign_turn_left: inner_middle_cross_reverse delta=+89.1deg,,,camera_sign_speed_limit,camera_sign_turn_left,False,False,0.14,0.28,red,red,red,184.35645675612608,125.8,3.141592653589793,182.78719137654886,125.88143507774663,3.1348648202946063
53.468745964999925,106812000000,inner_middle_cross_reverse,1.7416770271503759,5.461513532244725,0.31890006623027317,route/left_nearby from camera_sign_turn_left: inner_middle_cross_reverse delta=+89.1deg,,,camera_sign_speed_limit,camera_sign_turn_left,False,False,0.14,0.28,red,red,red,183.74246146888177,125.8,3.141592653589793,182.0707493869893,125.87713681007156,3.1346922094722993
53.566383736999796,106912000000,inner_middle_cross_reverse,1.755639691266096,5.461513532244725,0.3214566220335839,route/left_nearby from camera_sign_turn_left: inner_middle_cross_reverse delta=+89.1deg,,,camera_sign_speed_limit,camera_sign_turn_left,False,False,0.14,0.28,red,red,red,183.1467211332777,125.8,3.141592653589793,181.47383179972238,125.87300193544084,3.134696928643507
53.67123989599986,107012000000,inner_middle_cross_reverse,1.7696337453851683,5.461513532244725,0.3240189253285316,route/left_nearby from camera_sign_turn_left: inner_middle_cross_reverse delta=+89.1deg,,,camera_sign_speed_limit,camera_sign_turn_left,False,False,0.14,0.28,red,red,red,182.54964149086396,125.8,3.141592653589793,180.87727453853765,125.86900610095464,3.1347116606321586
53.87026639399983,107215000000,inner_middle_cross_reverse,1.7980303722001796,5.461513532244725,0.32921833143589685,route/left_nearby from camera_sign_turn_left: inner_middle_cross_reverse delta=+89.1deg,,,camera_sign_speed_limit,camera_sign_turn_left,False,False,0.14,0.28,red,red,red,181.33805208009014,125.8,3.141592653589793,179.68362274077077,125.85986671769025,3.1352240800198325
54.06783519199962,107412000000,inner_middle_cross_reverse,1.8255837121361038,5.461513532244725,0.33426333219864324,route/left_nearby from camera_sign_turn_left: inner_middle_cross_reverse delta=+89.1deg,,,camera_sign_speed_limit,camera_sign_turn_left,False,False,0.14,0.28,red,red,red,180.1624429094907,125.8,3.141592653589793,178.6104146184283,125.85226113919222,3.1356263189124
54.169151389000035,107516000000,inner_middle_cross_reverse,1.8401467217385588,5.461513532244725,0.3369298109167632,route/left_nearby from camera_sign_turn_left: inner_middle_cross_reverse delta=+89.1deg,,,camera_sign_speed_limit,camera_sign_turn_left,False,False,0.14,0.28,red,red,red,179.5410878331193,125.8,3.141592653589793,177.8950946732861,125.8469566676028,3.135997513541745
54.27047503099993,107617000000,inner_middle_cross_reverse,1.8542900364420924,5.461513532244725,0.3395194437392458,route/left_nearby from camera_sign_turn_left: inner_middle_cross_reverse delta=+89.1deg,,,camera_sign_speed_limit,camera_sign_turn_left,False,False,0.14,0.28,red,red,red,178.93763973910185,125.8,3.141592653589793,177.29899031277984,125.8426437635893,3.1363376356202575
54.37049056399974,107719000000,inner_middle_cross_reverse,1.8685569482713584,5.461513532244725,0.3421317071246671,route/left_nearby from camera_sign_turn_left: inner_middle_cross_reverse delta=+89.1deg,,,camera_sign_speed_limit,camera_sign_turn_left,False,False,0.14,0.28,red,red,red,178.32891816771985,125.8,3.141592653589793,176.70289325425608,125.83851218093415,3.136685292523409
54.57078830899991,107917000000,inner_middle_cross_reverse,1.896137191520755,5.461513532244725,0.34718163386870304,route/left_nearby from camera_sign_turn_left: inner_middle_cross_reverse delta=+89.1deg,,,camera_sign_speed_limit,camera_sign_turn_left,False,False,0.14,0.28,red,red,red,177.15216112241225,125.8,3.141592653589793,175.51103450917603,125.83135497795939,3.137238600663492
54.67211242199983,108018000000,inner_middle_cross_reverse,1.9102806626181552,5.461513532244725,0.349771295326813,route/left_nearby from camera_sign_turn_left: inner_middle_cross_reverse delta=+89.1deg,,,camera_sign_speed_limit,camera_sign_turn_left,False,False,0.14,0.28,red,red,red,176.54870635558984,125.8,3.141592653589793,174.91502191002058,125.8278784546861,3.1375612857363855
54.872700273999726,108216000000,inner_middle_cross_reverse,1.9379821449158625,5.461513532244725,0.35484342087116216,route/left_nearby from camera_sign_turn_left: inner_middle_cross_reverse delta=+89.1deg,,,camera_sign_speed_limit,camera_sign_turn_left,False,False,0.14,0.28,red,red,red,175.36677644422102,125.8,3.141592653589793,173.72168704900227,125.82120399504242,3.1383853346885666
54.97259871599999,108319000000,inner_middle_cross_reverse,1.9523795662595798,5.461513532244725,0.3574795804739381,route/left_nearby from camera_sign_turn_left: inner_middle_cross_reverse delta=+89.1deg,,,camera_sign_speed_limit,camera_sign_turn_left,False,False,0.14,0.28,red,red,red,174.75248646688905,125.8,3.141592653589793,173.12487870518973,125.818404626695,3.1387526797936287
55.17391666200001,108516000000,inner_middle_cross_reverse,1.9799284917798938,5.461513532244725,0.3625237729597143,route/left_nearby from camera_sign_turn_left: inner_middle_cross_reverse delta=+89.1deg,,,camera_sign_speed_limit,camera_sign_turn_left,False,False,0.28,0.28,red,red,red,173.577065644689,125.8,3.141592653589793,171.93111594075472,125.8138526372964,3.139366642043941
55.276709369999935,108618000000,inner_middle_cross_reverse,2.0084359768602327,5.461513532244725,0.36774347715197364,route/left_nearby from camera_sign_turn_left: inner_middle_cross_reverse delta=+89.1deg,,,camera_sign_speed_limit,camera_sign_turn_left,False,False,0.28,0.28,red,red,red,172.3607462812612,125.8,3.141592653589793,170.93277846029716,125.81429621210887,3.1383664906120172
55.37512951100007,108721000000,inner_middle_cross_reverse,2.0372384255751976,5.461513532244725,0.37301718901681025,route/left_nearby from camera_sign_turn_left: inner_middle_cross_reverse delta=+89.1deg,,,camera_sign_speed_limit,camera_sign_turn_left,False,False,0.28,0.28,red,red,red,171.13184180275604,125.8,3.141592653589793,169.7401131713078,125.8093844777727,3.1387625925904308
55.48364505999962,108821000000,inner_middle_cross_reverse,2.0651870330407007,5.461513532244725,0.37813456303785675,route/left_nearby from camera_sign_turn_left: inner_middle_cross_reverse delta=+89.1deg,,,camera_sign_speed_limit,camera_sign_turn_left,False,False,0.28,0.28,red,red,red,169.9393678842279,125.8,3.141592653589793,168.54772187847098,125.80496917369102,3.139172443908388
55.68107837999969,109022000000,inner_middle_cross_reverse,2.1213990719860227,5.461513532244725,0.38842695517667447,route/left_nearby from camera_sign_turn_left: inner_middle_cross_reverse delta=+89.1deg,,,camera_sign_turn_left,camera_sign_turn_left,False,False,0.28,0.28,red,red,red,167.54098755589416,125.8,3.141592653589793,166.16208448500683,125.79737685267584,3.1401024988249695
55.87722363900002,109220000000,inner_middle_cross_reverse,2.1767771581813586,5.461513532244725,0.39856665104456607,route/left_nearby from camera_sign_turn_left: inner_middle_cross_reverse delta=+89.1deg,,,camera_sign_turn_left,camera_sign_turn_left,False,False,0.28,0.28,red,red,red,165.17818921155984,125.8,3.141592653589793,163.77513368018126,125.79254717520064,3.140948883360162
55.983780173000014,109321000000,inner_middle_cross_reverse,2.2050488302089186,5.461513532244725,0.40374317800190934,route/left_nearby from camera_sign_turn_left: inner_middle_cross_reverse delta=+89.1deg,,,camera_sign_turn_left,camera_sign_turn_left,False,False,0.28,0.28,red,red,red,163.9719312050506,125.8,3.141592653589793,162.5820696915439,125.79141408227986,3.1411625776321457
56.082409984999686,109423000000,inner_middle_cross_reverse,2.2335528636023767,5.461513532244725,0.40896225019227755,route/left_nearby from camera_sign_turn_left: inner_middle_cross_reverse delta=+89.1deg,,,camera_sign_speed_limit,camera_sign_turn_left,False,False,0.28,0.28,red,red,red,162.75575911359638,125.8,3.141592653589793,161.38891718074032,125.79041167701264,3.141358022218245
56.1789583259997,109525000000,inner_middle_cross_reverse,2.2621110220856475,5.461513532244725,0.4141912326555936,route/left_nearby from camera_sign_turn_left: inner_middle_cross_reverse delta=+89.1deg,,,camera_sign_speed_limit,camera_sign_turn_left,False,False,0.28,0.28,red,red,red,161.53727768497683,125.8,3.141592653589793,160.1956555718324,125.78965887271714,3.141537266074493
56.37902422099978,109722000000,inner_middle_cross_reverse,2.317247104875146,5.461513532244725,0.42428661783846927,route/left_nearby from camera_sign_turn_left: inner_middle_cross_reverse delta=+89.1deg,right,camera_sign_turn_right,camera_sign_turn_right,camera_sign_turn_right,False,False,0.28,0.28,red,red,red,159.18480481929157,125.8,3.141592653589793,157.80887812369494,125.78925547126464,-3.1414253056139096
56.57990874699999,109923000000,inner_middle_cross_reverse,2.373497931645632,5.461513532244725,0.4345861120058611,route/left_nearby from camera_sign_turn_left: inner_middle_cross_reverse delta=+89.1deg,right,camera_sign_turn_right,camera_sign_turn_right,camera_sign_turn_right,False,False,0.28,0.28,red,red,red,156.78476954375083,125.8,3.141592653589793,155.42115471888022,125.78936319574201,-3.141267074476376
56.681453296999734,110024000000,inner_middle_cross_reverse,2.4017779316456322,5.461513532244725,0.43976416381018885,route/left_nearby from camera_sign_turn_left: inner_middle_cross_reverse delta=+89.1deg,right,camera_sign_turn_right,camera_sign_turn_right,camera_sign_turn_right,False,False,0.28,0.28,red,red,red,155.5781562104175,125.8,3.141592653589793,154.22727074383283,125.78956706189017,-3.141173553647457
56.78300166899999,110125000000,inner_middle_cross_reverse,2.430056908054464,5.461513532244725,0.44494202819555984,route/left_nearby from camera_sign_turn_left: inner_middle_cross_reverse delta=+89.1deg,right,camera_sign_turn_right,camera_sign_speed_limit,camera_sign_turn_right,False,False,0.28,0.28,red,red,red,154.37158655030734,125.8,3.141592653589793,153.03346324962976,125.78982557871603,-3.1410757915145506
56.88363602499976,110225000000,inner_middle_cross_reverse,2.458037914528381,5.461513532244725,0.4500653344564924,route/left_nearby from camera_sign_turn_left: inner_middle_cross_reverse delta=+89.1deg,right,camera_sign_turn_right,camera_sign_turn_right,camera_sign_turn_right,False,False,0.28,0.28,red,red,red,153.17773027408688,125.8,3.141592653589793,151.8396741367413,125.79020049250646,-3.1409622294361603
56.98385800599999,110325000000,inner_middle_cross_reverse,2.48593763524171,5.461513532244725,0.4551737573412128,route/left_nearby from camera_sign_turn_left: inner_middle_cross_reverse delta=+89.1deg,right,camera_sign_turn_right,camera_sign_turn_right,camera_sign_turn_right,False,False,0.28,0.28,red,red,red,151.98734219031817,125.8,3.141592653589793,150.64594821910225,125.7907231161189,-3.140847675575958
57.084551413999634,110426000000,inner_middle_cross_reverse,2.5141591121750255,5.461513532244725,0.4603410936055461,route/left_nearby from camera_sign_turn_left: inner_middle_cross_reverse delta=+89.1deg,right,camera_sign_turn_right,camera_sign_turn_right,camera_sign_turn_right,False,False,0.28,0.28,red,red,red,150.7832258411634,125.8,3.141592653589793,149.4521141822984,125.79141287362029,-3.1407459341062878
57.184879592000016,110530000000,inner_middle_cross_reverse,2.543254627569154,5.461513532244725,0.46566846581150123,route/left_nearby from camera_sign_turn_left: inner_middle_cross_reverse delta=+89.1deg,right,camera_sign_turn_right,camera_sign_turn_right,camera_sign_turn_right,False,False,0.28,0.28,red,red,red,149.54181718434722,125.8,3.141592653589793,148.25804436194343,125.79224637288283,-3.1405420952335388
57.3856426479997,110729000000,inner_middle_cross_reverse,2.598895138486479,5.461513532244725,0.475856211495701,route/left_nearby from camera_sign_turn_left: inner_middle_cross_reverse delta=+89.1deg,right,camera_sign_turn_right,camera_sign_speed_limit,camera_sign_turn_right,False,False,0.28,0.28,red,yellow,yellow,147.1678220518747,125.8,3.141592653589793,145.87071738659077,125.79423288685007,-3.1400720028729276
57.58695867899996,110930000000,inner_middle_cross_reverse,2.6550625639529444,5.461513532244725,0.48614043493208975,route/left_nearby from camera_sign_turn_left: inner_middle_cross_reverse delta=+89.1deg,right,camera_sign_turn_right,camera_sign_turn_right,camera_sign_turn_right,False,False,0.28,0.28,red,green,green,144.77134523197216,125.8,3.141592653589793,143.4844178144556,125.79728635653495,-3.139719124338285
57.68806089200007,111032000000,inner_middle_cross_reverse,2.683559217482082,5.461513532244725,0.49135815587352727,route/left_nearby from camera_sign_turn_left: inner_middle_cross_reverse delta=+89.1deg,right,camera_sign_turn_right,camera_sign_turn_right,camera_sign_turn_right,False,False,0.28,0.28,red,green,green,143.55548801472898,125.8,3.141592653589793,142.0529556816564,125.7999836758796,-3.1396980997938644
57.88815131399997,111227000000,inner_middle_cross_reverse,2.7380287960974146,5.461513532244725,0.5013315045238135,route/left_nearby from camera_sign_turn_left: inner_middle_cross_reverse delta=+89.1deg,right,camera_sign_turn_right,camera_sign_turn_right,camera_sign_turn_right,False,False,0.28,0.28,red,green,green,141.2314526604748,125.8,3.141592653589793,139.9061267787923,125.80463383466498,-3.1398554467566506
57.98870576799982,111328000000,inner_middle_cross_reverse,2.766238645543342,5.461513532244725,0.506496711801865,route/left_nearby from camera_sign_turn_left: inner_middle_cross_reverse delta=+89.1deg,right,camera_sign_turn_right,camera_sign_turn_right,camera_sign_turn_right,False,False,0.28,0.28,red,green,green,140.02783241744854,125.8,3.141592653589793,138.71356156820463,125.80725556385376,-3.1400008026627857
58.08971212999995,111430000000,inner_middle_cross_reverse,2.7947265710198157,5.461513532244725,0.5117128346418582,route/left_nearby from camera_sign_turn_left: inner_middle_cross_reverse delta=+89.1deg,right,camera_sign_turn_right,camera_sign_turn_right,camera_sign_turn_right,False,False,0.28,0.28,red,green,green,138.812347597119,125.8,3.141592653589793,137.52105302496759,125.8097566562698,-3.1401701088239213
58.189101908999874,111531000000,inner_middle_cross_reverse,2.8229345304332787,5.461513532244725,0.5168776958560479,route/left_nearby from camera_sign_turn_left: inner_middle_cross_reverse delta=+89.1deg,right,camera_sign_turn_right,camera_sign_turn_right,camera_sign_turn_right,False,False,0.28,0.28,red,green,green,137.60880799547792,125.8,3.141592653589793,136.3285807790694,125.81205029653734,-3.140351318394725
58.290228487999684,111631000000,inner_middle_cross_reverse,2.850863187230433,5.461513532244725,0.5219914169211453,route/left_nearby from camera_sign_turn_left: inner_middle_cross_reverse delta=+89.1deg,right,camera_sign_turn_right,camera_sign_turn_right,camera_sign_turn_right,False,False,0.28,0.28,red,green,green,136.417185305466,125.8,3.141592653589793,135.13611770405953,125.81410551037725,-3.140535815647854
58.391044187999796,111731000000,inner_middle_cross_reverse,2.8787921909501573,5.461513532244725,0.5271052015075666,route/left_nearby from camera_sign_turn_left: inner_middle_cross_reverse delta=+89.1deg,right,camera_sign_turn_right,camera_sign_turn_right,camera_sign_turn_right,False,False,0.28,0.28,red,green,green,135.2255478134244,125.8,3.141592653589793,133.94363911724673,125.81593197819407,-3.1407170412618144
58.492631675999746,111832000000,inner_middle_cross_reverse,2.9070010283405554,5.461513532244725,0.5322702234788302,route/left_nearby from camera_sign_turn_left: inner_middle_cross_reverse delta=+89.1deg,right,camera_sign_turn_right,camera_sign_turn_right,camera_sign_turn_right,False,False,0.28,0.28,red,green,green,134.0219707514341,125.8,3.141592653589793,132.5126367668183,125.81785067013385,-3.14092425127468
58.59194869099974,111934000000,inner_middle_cross_reverse,2.93548956590183,5.461513532244725,0.5374864583912,route/left_nearby from camera_sign_turn_left: inner_middle_cross_reverse delta=+89.1deg,right,camera_sign_turn_right,camera_sign_turn_right,camera_sign_turn_right,False,False,0.28,0.28,red,green,green,132.8064598154864,125.8,3.141592653589793,131.3201119704207,125.81922721784329,-3.1410852084705834
58.79388913999992,112132000000,inner_middle_cross_reverse,2.9907926846344823,5.461513532244725,0.5476124277596074,route/left_nearby from camera_sign_turn_left: inner_middle_cross_reverse delta=+89.1deg,right,camera_sign_turn_right,camera_sign_turn_right,camera_sign_turn_right,False,False,0.28,0.28,green,green,green,130.4468600828932,125.8,3.141592653589793,128.93498994446972,125.82125234742631,-3.1413542794972265
58.893944153999655,112233000000,inner_middle_cross_reverse,3.019003532208026,5.461513532244725,0.5527778177942538,route/left_nearby from camera_sign_turn_left: inner_middle_cross_reverse delta=+89.1deg,right,camera_sign_turn_right,camera_sign_turn_right,camera_sign_turn_right,False,False,0.28,0.28,green,green,green,129.24319725308868,125.8,3.141592653589793,127.74240377356814,125.8218869633894,-3.1414586366074553
58.99366119399974,112334000000,inner_middle_cross_reverse,3.047214835887888,5.461513532244725,0.557943291341706,route/left_nearby from camera_sign_turn_left: inner_middle_cross_reverse delta=+89.1deg,right,camera_sign_turn_right,camera_sign_turn_right,camera_sign_turn_right,False,False,0.28,0.28,green,green,green,128.03951496274792,125.8,3.141592653589793,126.54979934821796,125.82231023371287,-3.141540738747387
59.09607286499977,112436000000,inner_middle_cross_reverse,3.0757058208137953,5.461513532244725,0.5631599743651383,route/left_nearby from camera_sign_turn_left: inner_middle_cross_reverse delta=+89.1deg,right,camera_sign_turn_right,camera_sign_turn_right,camera_sign_turn_right,False,False,0.28,0.28,green,green,green,126.8238996059092,125.8,3.141592653589793,125.3571770883178,125.82258292864806,3.1415846742988673
59.19541425599982,112536000000,inner_middle_cross_reverse,3.1036383966117285,5.461513532244725,0.568274412997034,route/left_nearby from camera_sign_turn_left: inner_middle_cross_reverse delta=+89.1deg,right,camera_sign_turn_right,camera_sign_turn_right,camera_sign_turn_right,False,False,0.28,0.28,green,green,green,125.63210970519738,125.8,3.141592653589793,124.1645417346003,125.82275999331766,3.1415447327064108
59.29615940299982,112637000000,inner_middle_cross_reverse,3.131850748474547,5.461513532244725,0.5734400784661852,route/left_nearby from camera_sign_turn_left: inner_middle_cross_reverse delta=+89.1deg,right,camera_sign_turn_right,camera_sign_turn_right,camera_sign_turn_right,False,False,0.28,0.28,green,green,green,124.4283826923838,125.8,3.141592653589793,122.9718958614434,125.82289534791111,3.1415138669794582
59.396622054999625,112737000000,inner_middle_cross_reverse,3.1597846288844478,5.461513532244725,0.578554755971785,route/left_nearby from camera_sign_turn_left: inner_middle_cross_reverse delta=+89.1deg,right,camera_sign_turn_right,camera_sign_turn_right,camera_sign_turn_right,False,False,0.28,0.28,green,green,green,123.23653712822802,125.8,3.141592653589793,121.77923424958234,125.82300473196352,3.141481847726195
59.498069718999886,112838000000,inner_middle_cross_reverse,3.1879988325843907,5.461513532244725,0.583720760511253,route/left_nearby from camera_sign_turn_left: inner_middle_cross_reverse delta=+89.1deg,right,camera_sign_turn_right,camera_sign_turn_right,camera_sign_turn_right,False,False,0.28,0.28,green,green,green,122.03273110369713,125.8,3.141592653589793,120.58655678707994,125.82307216932836,3.1414444874556375
59.69938205399967,113041000000,inner_middle_cross_reverse,3.244710503890432,5.461513532244725,0.594104635049184,route/left_nearby from camera_sign_turn_left: inner_middle_cross_reverse delta=+89.1deg,right,camera_sign_turn_right,camera_sign_turn_right,camera_sign_turn_right,False,False,0.28,0.28,green,green,green,119.6130331279727,125.8,3.141592653589793,118.20111324342328,125.82306805877607,3.1413563199953516
59.89997579099963,113236000000,inner_middle_cross_reverse,3.2991928846580953,5.461513532244725,0.6040803277662302,route/left_nearby from camera_sign_turn_left: inner_middle_cross_reverse delta=+89.1deg,right,camera_sign_turn_right,camera_sign_turn_right,camera_sign_turn_right,False,False,0.28,0.28,green,green,green,117.2884515485524,125.8,3.141592653589793,115.81549398204237,125.82297316129652,3.1412716374449685
60.00041911499966,113337000000,inner_middle_cross_reverse,3.3274140614393386,5.461513532244725,0.6092476090728911,route/left_nearby from camera_sign_turn_left: inner_middle_cross_reverse delta=+89.1deg,right,camera_sign_turn_right,camera_sign_turn_right,camera_sign_turn_right,False,False,0.28,0.28,green,green,green,116.08434800588601,125.8,3.141592653589793,114.62262647675487,125.82290515101796,3.1412316859894425
60.10095853299981,113437000000,inner_middle_cross_reverse,3.3553575044403035,5.461513532244725,0.6143640374834383,route/left_nearby from camera_sign_turn_left: inner_middle_cross_reverse delta=+89.1deg,right,camera_sign_turn_right,camera_sign_turn_right,camera_sign_turn_right,False,False,0.28,0.28,green,green,green,114.89209443784485,125.8,3.141592653589793,113.4297212517849,125.8228017805971,3.1411897288087314
60.201647320999655,113537000000,inner_middle_cross_reverse,3.383302766354977,5.461513532244725,0.6194807989360438,route/left_nearby from camera_sign_turn_left: inner_middle_cross_reverse delta=+89.1deg,right,camera_sign_turn_right,camera_sign_turn_right,camera_sign_turn_right,False,False,0.28,0.28,green,green,green,113.69976326281876,125.8,3.141592653589793,112.23677754293604,125.82264455960926,3.1411434669970077
60.30271809399983,113641000000,inner_middle_cross_reverse,3.4123683245727165,5.461513532244725,0.6248026860001583,route/left_nearby from camera_sign_turn_left: inner_middle_cross_reverse delta=+89.1deg,right,camera_sign_turn_right,camera_sign_turn_right,camera_sign_turn_right,False,False,0.28,0.28,green,green,green,112.45963277886189,125.8,3.141592653589793,111.04377784206795,125.82243898184117,3.141091934475336
60.409116665000056,113742000000,inner_middle_cross_reverse,3.4405983851137676,5.461513532244725,0.6299715939181524,route/left_nearby from camera_sign_turn_left: inner_middle_cross_reverse delta=+89.1deg,right,camera_sign_turn_right,camera_sign_turn_right,camera_sign_turn_right,False,False,0.28,0.28,green,green,green,111.25515019577705,125.8,3.141592653589793,109.8506930352526,125.8222115187872,3.1410357496466554
60.503521245999764,113844000000,inner_middle_cross_reverse,3.469110782861581,5.461513532244725,0.6351921976170128,route/left_nearby from camera_sign_turn_left: inner_middle_cross_reverse delta=+89.1deg,right,camera_sign_turn_right,camera_sign_turn_right,camera_sign_turn_right,False,False,0.28,0.28,green,green,green,110.03862122520367,125.8,3.141592653589793,108.65752146177373,125.82197754556988,3.140977975627516
60.61438638299978,113944000000,inner_middle_cross_reverse,3.497067051538277,5.461513532244725,0.6403109744014412,route/left_nearby from camera_sign_turn_left: inner_middle_cross_reverse delta=+89.1deg,right,camera_sign_turn_right,camera_sign_turn_right,camera_sign_turn_right,False,False,0.28,0.28,green,green,green,108.84582042833131,125.8,3.141592653589793,107.4642643857606,125.82174081619159,3.140919538916504
60.70474158699972,114045000000,inner_middle_cross_reverse,3.5253059866516736,5.461513532244725,0.6454815072485494,route/left_nearby from camera_sign_turn_left: inner_middle_cross_reverse delta=+89.1deg,right,camera_sign_turn_right,camera_sign_turn_right,camera_sign_turn_right,False,False,0.28,0.28,green,green,green,107.64095919682639,125.8,3.141592653589793,106.27094192004166,125.82148645752552,3.1408567692494946
60.90597053500005,114236000000,inner_middle_cross_reverse,3.5787410722715283,5.461513532244725,0.6552654408238072,route/left_nearby from camera_sign_turn_left: inner_middle_cross_reverse delta=+89.1deg,right,camera_sign_turn_right,camera_sign_turn_right,camera_sign_turn_right,False,False,0.28,0.28,green,green,green,105.36106221037926,125.8,3.141592653589793,103.88466149772671,125.82069317369996,3.14053960886407
61.00660062199995,114336000000,inner_middle_cross_reverse,3.6067321650433017,5.461513532244725,0.6603905938801009,route/left_nearby from camera_sign_turn_left: inner_middle_cross_reverse delta=+89.1deg,right,camera_sign_turn_right,camera_sign_turn_right,camera_sign_turn_right,False,False,0.28,0.28,green,green,green,104.16677558545025,125.8,3.141592653589793,102.69174482314796,125.8200647904283,3.1403163255132682
61.10720436199972,114436000000,inner_middle_cross_reverse,3.6347321650433018,5.461513532244725,0.6655173778447818,route/left_nearby from camera_sign_turn_left: inner_middle_cross_reverse delta=+89.1deg,right,camera_sign_turn_right,camera_sign_turn_right,camera_sign_turn_right,False,False,0.28,0.28,green,yellow,yellow,102.97210891878359,125.8,3.141592653589793,101.49810769980766,125.81919219626761,3.1401233216985327
61.207174201999806,114537000000,inner_middle_cross_reverse,3.663004563036329,5.461513532244725,0.6706940377259865,route/left_nearby from camera_sign_turn_left: inner_middle_cross_reverse delta=+89.1deg,right,camera_sign_turn_right,camera_sign_turn_right,camera_sign_turn_right,False,False,0.28,0.28,green,yellow,yellow,101.76581993774776,125.8,3.141592653589793,100.30430042358152,125.81804522000466,3.139948696020096
61.307687558,114637000000,inner_middle_cross_reverse,3.6909949430251867,5.461513532244725,0.6758190602721365,route/left_nearby from camera_sign_turn_left: inner_middle_cross_reverse delta=+89.1deg,right,camera_sign_turn_right,camera_sign_turn_right,camera_sign_turn_right,False,False,0.28,0.28,green,,,100.57156372488983,125.8,3.141592653589793,99.11007150117509,125.81653882137158,3.1398641242107908
61.40757660200006,114738000000,inner_middle_cross_reverse,3.7192390426920525,5.461513532244725,0.6809905387460271,route/left_nearby from camera_sign_turn_left: inner_middle_cross_reverse delta=+89.1deg,right,camera_sign_turn_right,camera_sign_turn_right,camera_sign_turn_right,False,False,0.28,0.28,green,,,99.36648213910355,125.8,3.141592653589793,97.9162552950959,125.81483444720199,3.139789446711494
61.60827255100003,114935000000,inner_middle_cross_reverse,3.774351091668465,5.461513532244725,0.6910815233514906,route/left_nearby from camera_sign_turn_left: inner_middle_cross_reverse delta=+89.1deg,right,camera_sign_turn_right,camera_sign_turn_right,camera_sign_turn_right,False,False,0.28,0.28,green,,,97.01503471610995,125.8,3.141592653589793,95.5293562773061,125.81068152990508,3.1397872071690007
61.70893602299975,115037000000,inner_middle_cross_reverse,3.802872730086314,5.461513532244725,0.6963038190117427,route/left_nearby from camera_sign_turn_left: inner_middle_cross_reverse delta=+89.1deg,right,camera_sign_turn_right,camera_sign_turn_right,camera_sign_turn_right,False,False,0.28,0.28,green,,,95.7981114769484,125.8,3.141592653589793,94.33550330573576,125.80832044416029,3.139940877447708
61.809827570999914,115139000000,inner_middle_cross_reverse,3.8314045146808815,5.461513532244725,0.7015279724311412,route/left_nearby from camera_sign_turn_left: inner_middle_cross_reverse delta=+89.1deg,right,camera_sign_turn_right,camera_sign_turn_right,camera_sign_turn_right,False,False,0.28,0.28,green,,,94.58075533424685,125.8,3.141592653589793,93.14159270136054,125.80608766111814,3.1401276529107256
62.011444688999745,115340000000,inner_middle_cross_reverse,3.8876694863720083,5.461513532244725,0.7118300565254017,route/left_nearby from camera_sign_turn_left: inner_middle_cross_reverse delta=+89.1deg,right,camera_sign_turn_right,camera_sign_turn_right,camera_sign_turn_right,False,False,0.28,0.28,green,,,92.18011654209212,125.8,3.141592653589793,90.75374191550037,125.80225930898844,3.1405185614938667
62.11263410699985,115441000000,inner_middle_cross_reverse,3.9159023376759787,5.461513532244725,0.7169994754304879,route/left_nearby from camera_sign_turn_left: inner_middle_cross_reverse delta=+89.1deg,right,camera_sign_turn_right,camera_sign_turn_right,camera_sign_turn_right,False,False,0.28,0.28,green,,,90.97551488645604,125.8,3.141592653589793,89.56028729458143,125.80092347661125,3.140622609719999
62.313301881999905,115636000000,inner_middle_cross_reverse,3.970439775037974,5.461513532244725,0.726985248978426,route/left_nearby from camera_sign_turn_left: inner_middle_cross_reverse delta=+89.1deg,right,camera_sign_turn_right,camera_sign_speed_limit,camera_sign_turn_right,False,False,0.28,0.28,green,green,green,88.64858422567758,125.8,3.141592653589793,87.17354562499949,125.79831597979702,3.1408277962943867
62.41423384299969,115738000000,inner_middle_cross_reverse,3.998962109984783,5.461513532244725,0.7322076721727316,route/left_nearby from camera_sign_turn_left: inner_middle_cross_reverse delta=+89.1deg,right,camera_sign_turn_right,camera_sign_speed_limit,camera_sign_speed_limit,False,False,0.28,0.28,green,green,green,87.43163126794704,125.8,3.141592653589793,85.97964403835795,125.7971709592275,3.1409875398144163
62.52367387000004,115842000000,inner_middle_cross_reverse,4.028068379933361,5.461513532244725,0.7375370135314475,route/left_nearby from camera_sign_turn_left: inner_middle_cross_reverse delta=+89.1deg,right,camera_sign_turn_right,camera_sign_turn_right,camera_sign_turn_right,False,False,0.28,0.28,green,green,green,86.18976375014105,125.8,3.141592653589793,84.78569747545532,125.79624662714865,3.141133026376751
62.622172024000065,115943000000,inner_middle_cross_reverse,4.056348379933361,5.461513532244725,0.7427150653357751,route/left_nearby from camera_sign_turn_left: inner_middle_cross_reverse delta=+89.1deg,right,camera_sign_turn_right,camera_sign_turn_right,camera_sign_turn_right,False,False,0.28,0.28,green,green,green,84.98315041680772,125.8,3.141592653589793,83.59175269077946,125.79556132690777,3.141280016515742
62.71656311900006,116043000000,inner_middle_cross_reverse,4.0843081377670725,5.461513532244725,0.7478344809828549,route/left_nearby from camera_sign_turn_left: inner_middle_cross_reverse delta=+89.1deg,right,camera_sign_turn_right,camera_sign_turn_right,camera_sign_turn_right,False,False,0.28,0.28,green,green,green,83.79020074923605,125.8,3.141592653589793,82.39784337908017,125.79506036201663,3.1413972682289857
62.81655086599994,116143000000,inner_middle_cross_reverse,4.112293985320175,5.461513532244725,0.7529586736426138,route/left_nearby from camera_sign_turn_left: inner_middle_cross_reverse delta=+89.1deg,right,camera_sign_turn_right,camera_sign_turn_right,camera_sign_turn_right,False,False,0.28,0.28,green,,,82.59613792030368,125.8,3.141592653589793,81.20420796759674,125.79478792314339,3.141449459231393
63.02006806099962,116343000000,inner_middle_cross_reverse,4.1682020190039255,5.461513532244725,0.7631954025921386,route/left_nearby from camera_sign_turn_left: inner_middle_cross_reverse delta=+89.1deg,right,camera_sign_turn_right,camera_sign_turn_right,camera_sign_turn_right,False,False,0.28,0.28,green,,,80.21072848313031,125.8,3.141592653589793,78.81678166971054,125.79441708245568,3.1415701842494927
63.117679013999805,116443000000,inner_middle_cross_reverse,4.196192658004616,5.461513532244725,0.7683204725632069,route/left_nearby from camera_sign_turn_left: inner_middle_cross_reverse delta=+89.1deg,right,camera_sign_turn_right,camera_sign_turn_right,camera_sign_turn_right,False,False,0.28,0.28,green,,,79.01646121910085,125.8,3.141592653589793,77.62311150903602,125.79432844241313,-3.1415525324423728
63.218680436999875,116544000000,inner_middle_cross_reverse,4.22446520865525,5.461513532244725,0.7734971603959317,route/left_nearby from camera_sign_turn_left: inner_middle_cross_reverse delta=+89.1deg,right,camera_sign_turn_right,camera_sign_turn_right,camera_sign_turn_right,False,False,0.28,0.28,green,,,77.8101657246738,125.8,3.141592653589793,76.42939394382219,125.79439126619701,-3.141494855471617
63.31886847499982,116645000000,inner_middle_cross_reverse,4.2527452086552495,5.461513532244725,0.7786752122002595,route/left_nearby from camera_sign_turn_left: inner_middle_cross_reverse delta=+89.1deg,right,camera_sign_turn_right,camera_sign_turn_right,camera_sign_turn_right,False,False,0.28,0.28,green,,,76.60355239134049,125.8,3.141592653589793,75.23557840918946,125.79449481213382,-3.14143775223354
63.419659109999884,116746000000,inner_middle_cross_reverse,4.281011193400903,5.461513532244725,0.7838506978195426,route/left_nearby from camera_sign_turn_left: inner_middle_cross_reverse delta=+89.1deg,right,camera_sign_turn_right,camera_sign_turn_right,camera_sign_turn_right,False,False,0.28,0.28,green,,,75.39753704219262,125.8,3.141592653589793,74.04175430770744,125.79466132088353,-3.1413750743246607
63.52011935599967,116849000000,inner_middle_cross_reverse,4.309845921180205,5.461513532244725,0.7891303199625735,route/left_nearby from camera_sign_turn_left: inner_middle_cross_reverse delta=+89.1deg,right,camera_sign_turn_right,,camera_sign_turn_right,False,False,0.28,0.28,green,,,74.16725532360906,125.8,3.141592653589793,72.84794845361665,125.79486359468008,-3.1413178730189455
63.722227959000065,117047000000,inner_middle_cross_reverse,4.36526966548271,5.461513532244725,0.79927837580374,route/left_nearby from camera_sign_turn_left: inner_middle_cross_reverse delta=+89.1deg,right,camera_sign_turn_right,,camera_sign_turn_right,False,False,0.28,0.28,yellow,,,71.80250890003549,125.8,3.141592653589793,70.45912726672259,125.79532080437467,-3.1412331043898702
63.822230468999805,117149000000,inner_middle_cross_reverse,4.39380721166977,5.461513532244725,0.8045035841674243,route/left_nearby from camera_sign_turn_left: inner_middle_cross_reverse delta=+89.1deg,right,camera_sign_turn_right,,camera_sign_turn_right,False,False,0.28,0.28,yellow,,,70.58490692938759,125.8,3.141592653589793,69.26493891853951,125.79565509675527,-3.141177741100471
64.02495765100002,117349000000,inner_middle_cross_reverse,4.4498072116697704,5.461513532244725,0.814757152096786,route/left_nearby from camera_sign_turn_left: inner_middle_cross_reverse delta=+89.1deg,right,camera_sign_turn_right,,camera_sign_turn_right,False,False,0.28,0.28,yellow,,,68.19557359605426,125.8,3.141592653589793,66.87603473976901,125.79660907544647,-3.141149546932262
64.12451501899977,117451000000,inner_middle_cross_reverse,4.478286615854954,5.461513532244725,0.8199717146932242,route/left_nearby from camera_sign_turn_left: inner_middle_cross_reverse delta=+89.1deg,right,camera_sign_turn_right,,camera_sign_turn_right,False,False,0.28,0.28,yellow,,,66.98045235081975,125.8,3.141592653589793,65.6821600250534,125.79707399890476,-3.141084691694218
64.22559084099976,117551000000,inner_middle_cross_reverse,4.5062762824910525,5.461513532244725,0.8250966066248925,route/left_nearby from camera_sign_turn_left: inner_middle_cross_reverse delta=+89.1deg,right,camera_sign_turn_right,,camera_sign_turn_right,False,False,0.28,0.28,yellow,,,65.78622657434622,125.8,3.141592653589793,64.48896149466697,125.79772184178327,-3.1411217995415295
64.32660707099967,117652000000,inner_middle_cross_reverse,4.5345105438479685,5.461513532244725,0.8302662837098655,route/left_nearby from camera_sign_turn_left: inner_middle_cross_reverse delta=+89.1deg,right,camera_sign_turn_right,,camera_sign_turn_right,False,False,0.28,0.28,yellow,,,64.58156475645114,125.8,3.141592653589793,63.05663621273419,125.79833838170511,-3.1410972127624266
64.42716563399972,117752000000,inner_middle_cross_reverse,4.562493288802416,5.461513532244725,0.8353899082855875,route/left_nearby from camera_sign_turn_left: inner_middle_cross_reverse delta=+89.1deg,right,camera_sign_turn_right,,camera_sign_turn_right,False,False,0.28,0.28,yellow,,,63.3876343050614,125.8,3.141592653589793,62.10177934293513,125.79871711594733,-3.141058216401567
64.52747210000007,117853000000,inner_middle_cross_reverse,4.590772051046945,5.461513532244725,0.8405677334575973,route/left_nearby from camera_sign_turn_left: inner_middle_cross_reverse delta=+89.1deg,right,camera_sign_turn_right,,camera_sign_turn_right,False,False,0.28,0.28,yellow,,,62.18107378262816,125.8,3.141592653589793,60.669628997203645,125.7993660194389,-3.1409713527355265
64.63052246100006,117954000000,inner_middle_cross_reverse,4.61904049672463,5.461513532244725,0.8457436696721263,route/left_nearby from camera_sign_turn_left: inner_middle_cross_reverse delta=+89.1deg,right,camera_sign_turn_right,,camera_sign_turn_right,False,False,0.28,0.28,yellow,,,60.974953433713566,125.8,3.141592653589793,59.47603776881911,125.80002080589836,-3.1408654370227587
64.82895166899971,118155000000,inner_middle_cross_reverse,4.675291061402842,5.461513532244725,0.8560431158505727,route/left_nearby from camera_sign_turn_left: inner_middle_cross_reverse delta=+89.1deg,right,camera_sign_turn_right,,camera_sign_turn_right,False,False,0.28,0.28,red,,,58.57492934077656,125.8,3.141592653589793,57.08916627127003,125.80147575865911,-3.140527498410196
64.92958902199962,118258000000,inner_middle_cross_reverse,4.704047255459931,5.461513532244725,0.8613083585140419,route/left_nearby from camera_sign_turn_left: inner_middle_cross_reverse delta=+89.1deg,right,camera_sign_turn_right,,camera_sign_turn_right,False,False,0.28,0.28,red,,,57.34799839434076,125.8,-3.116367251159011,55.8972258986345,125.80084894483065,-3.1398369191197975
65.1312993409997,118454000000,inner_middle_cross_reverse,4.755175090424286,5.461513532244725,0.8706698358156172,route/left_nearby from camera_sign_turn_left: inner_middle_cross_reverse delta=+89.1deg,right,camera_sign_turn_right,,camera_sign_turn_right,False,False,0.28,0.28,red,,,55.16654410252825,125.8,-2.9880039483249217,53.64902348663925,125.66298646407358,-3.0847748512758293
65.23474595299967,118554000000,inner_middle_cross_reverse,4.780215615828274,5.461513532244725,0.8752547416766296,route/left_nearby from camera_sign_turn_left: inner_middle_cross_reverse delta=+89.1deg,right,camera_sign_turn_right,,camera_sign_turn_right,False,False,0.28,0.28,red,,,54.098148351958116,125.8,-2.9217768200863232,52.58249275811647,125.57225001703576,-3.032486132215024
65.43289372699974,118756000000,inner_middle_cross_reverse,4.829217436898966,5.461513532244725,0.884226947051822,route/left_nearby from camera_sign_turn_left: inner_middle_cross_reverse delta=+89.1deg,right,camera_sign_turn_right,,camera_sign_turn_right,False,False,0.28,0.28,red,,,52.007403986275264,125.8,-2.7881850536307353,50.49579400572648,125.48817631992358,-2.902748844542617
65.53333501899988,118860000000,inner_middle_cross_reverse,4.854304352813693,5.461513532244725,0.8888203469887835,route/left_nearby from camera_sign_turn_left: inner_middle_cross_reverse delta=+89.1deg,right,camera_sign_turn_right,,camera_sign_turn_right,False,False,0.28,0.28,red,,,50.9370289072469,125.8,-2.7189386431040075,49.46231166528625,125.53437560903745,-2.833492508205669
65.73568391699973,119060000000,inner_middle_cross_reverse,4.902666133990765,5.461513532244725,0.8976753614259985,route/left_nearby from camera_sign_turn_left: inner_middle_cross_reverse delta=+89.1deg,right,camera_sign_turn_right,,camera_sign_turn_right,False,False,0.28,0.28,red,,,48.87359291035848,125.8,-2.5868165794433504,47.41345530327841,125.85483408593619,-2.6993006440095275
65.83649360699974,119161000000,inner_middle_cross_reverse,4.927251978023441,5.461513532244725,0.9021770153883152,route/left_nearby from camera_sign_turn_left: inner_middle_cross_reverse delta=+89.1deg,right,camera_sign_turn_right,,camera_sign_turn_right,False,False,0.28,0.28,red,yellow,yellow,47.824596898297656,125.8,-2.5214928965069223,46.407184831319384,126.1323098161147,-2.6368149575609885
66.03591818899986,119358000000,inner_middle_cross_reverse,4.976162033160358,5.461513532244725,0.911132418473587,route/left_nearby from camera_sign_turn_left: inner_middle_cross_reverse delta=+89.1deg,right,camera_sign_turn_right,,camera_sign_turn_right,False,False,0.28,0.28,red,green,green,45.7377678791225,125.8,-2.397626923092122,44.45103044692276,126.92468118541996,-2.528152431412467
66.1369480049998,119459000000,inner_middle_cross_reverse,5.001743859654864,5.461513532244725,0.9158164362542754,route/left_nearby from camera_sign_turn_left: inner_middle_cross_reverse delta=+89.1deg,right,camera_sign_turn_right,,camera_sign_turn_right,False,False,0.28,0.28,red,green,green,44.74987979605463,126.05012020394537,-2.3561944901923453,43.502340999076566,127.43281197678759,-2.4824891389172214
66.23752279999962,119560000000,inner_middle_cross_reverse,5.027664237874991,5.461513532244725,0.9205624426620402,route/left_nearby from camera_sign_turn_left: inner_middle_cross_reverse delta=+89.1deg,right,camera_sign_turn_right,,camera_sign_turn_right,False,False,0.28,0.28,red,green,green,43.96786485374541,126.83213514625459,-2.3561944901923444,42.576187423038576,128.00547739427472,-2.442342707389745
66.43850230899989,119761000000,inner_middle_cross_reverse,5.080297203764043,5.461513532244725,0.9301995085739541,route/left_nearby from camera_sign_turn_left: inner_middle_cross_reverse delta=+89.1deg,right,camera_sign_turn_right,,camera_sign_turn_right,False,False,0.28,0.28,red,green,green,42.37993409773013,128.42006590226987,-2.356194490192345,40.78403646919564,129.3322408642201,-2.380165934178428
66.63955670699988,119960000000,inner_middle_cross_reverse,5.131506770856011,5.461513532244725,0.9395759509812881,route/left_nearby from camera_sign_turn_left: inner_middle_cross_reverse delta=+89.1deg,right,camera_sign_turn_right,,camera_sign_turn_right,False,False,0.28,0.28,red,green,green,40.83494712589618,129.96505287410383,-2.2576219269013635,39.07205647113278,130.7089773821814,-2.3045711272369984
66.73985819399968,120061000000,inner_middle_cross_reverse,5.156592059317495,5.461513532244725,0.9441690529324926,route/left_nearby from camera_sign_turn_left: inner_middle_cross_reverse delta=+89.1deg,right,camera_sign_turn_right,,camera_sign_turn_right,False,False,0.28,0.28,red,green,green,40.07812674918637,130.72187325081362,-2.1930193181911606,38.25216270536821,131.387432222777,-2.251321378867697
66.8405811079997,120162000000,inner_middle_cross_reverse,5.1810865509079855,5.461513532244725,0.948653980314962,route/left_nearby from camera_sign_turn_left: inner_middle_cross_reverse delta=+89.1deg,right,camera_sign_turn_right,,camera_sign_turn_right,False,False,0.28,0.28,red,green,green,39.33913064869131,131.46086935130867,-2.1264725436847502,37.463218205704905,132.0727481139806,-2.1887499515864306
66.94095429199979,120265000000,inner_middle_cross_reverse,5.2057552088327235,5.461513532244725,0.9531707974534885,route/left_nearby from camera_sign_turn_left: inner_middle_cross_reverse delta=+89.1deg,right,camera_sign_turn_right,,camera_sign_turn_right,False,False,0.28,0.28,red,green,green,38.59487996916691,132.2051200308331,-2.057444530636858,36.712378056735574,132.78223620454276,-2.1199371885006384
67.14170069600004,120457000000,inner_middle_cross_reverse,5.2538060789321355,5.461513532244725,0.9619688842504397,route/left_nearby from camera_sign_turn_left: inner_middle_cross_reverse delta=+89.1deg,right,camera_sign_turn_right,camera_sign_turn_right,camera_sign_turn_right,False,False,0.28,0.28,red,green,green,37.14519053602736,133.65480946397264,-1.9206223893394274,35.50592800101778,134.467150415477,-2.047490058689243
67.24218768499986,120564000000,inner_middle_cross_reverse,5.2787639389126335,5.461513532244725,0.9665386541197528,route/left_nearby from camera_sign_turn_left: inner_middle_cross_reverse delta=+89.1deg,left,camera_sign_turn_left,camera_sign_turn_right,camera_sign_turn_left,False,False,0.28,0.28,red,green,green,36.39221466248647,134.40778533751353,-2.3561944901923417,34.92925517285393,135.32169887226598,-2.0007180086741676
67.34330820299965,120665000000,inner_middle_cross_reverse,5.300924630461323,5.461513532244725,0.9705962640511122,route/left_nearby from camera_sign_turn_left: inner_middle_cross_reverse delta=+89.1deg,right,camera_sign_turn_right,camera_sign_turn_right,camera_sign_turn_right,False,False,0.28,0.28,red,green,green,35.72362905097236,135.07637094902765,-1.7874953490858356,34.17834647853597,135.87812319346233,-1.847585317927226
67.44386202799978,120765000000,inner_middle_cross_reverse,5.325414503841635,5.461513532244725,0.9750803458419425,route/left_nearby from camera_sign_turn_left: inner_middle_cross_reverse delta=+89.1deg,right,camera_sign_turn_right,camera_sign_turn_right,camera_sign_turn_right,False,False,0.28,0.28,red,green,green,34.984772281367285,135.8152277186327,-1.7202469432989416,33.62151803545726,136.63803581648023,-1.7380010120988947
67.54466457099988,120867000000,inner_middle_cross_reverse,5.3515066504175595,5.461513532244725,0.9798578029372836,route/left_nearby from camera_sign_turn_left: inner_middle_cross_reverse delta=+89.1deg,right,camera_sign_turn_right,camera_sign_turn_right,camera_sign_turn_right,False,False,0.28,0.28,red,red,red,34.197575106773186,136.6024248932268,-1.650868130304711,33.31199112941199,137.67325862952995,-1.6911017845785357
67.64550251499986,120967000000,inner_middle_cross_reverse,5.377628038112375,5.461513532244725,0.9846406140647477,route/left_nearby from camera_sign_turn_left: inner_middle_cross_reverse delta=+89.1deg,right,camera_sign_turn_right,camera_sign_turn_right,camera_sign_turn_right,False,False,0.28,0.28,red,red,red,33.409495730858225,137.3905042691418,-1.5842642135899327,33.07064921608783,138.74927229784652,-1.6524061381719681
67.7510858579999,121068000000,inner_middle_cross_reverse,5.404022242356893,5.461513532244725,0.989473377746223,route/left_nearby from camera_sign_turn_left: inner_middle_cross_reverse delta=+89.1deg,right,camera_sign_turn_right,camera_sign_turn_right,camera_sign_turn_right,False,False,0.28,0.28,red,red,red,33.0,138.34703829811917,-1.5498043426667722,32.856722724650226,140.07039111559473,-1.6137073640182997
67.84623223199969,121168000000,inner_middle_cross_reverse,5.430518148277342,5.461513532244725,0.9943247629463176,route/left_nearby from camera_sign_turn_left: inner_middle_cross_reverse delta=+89.1deg,right,camera_sign_turn_right,camera_sign_turn_right,camera_sign_turn_right,False,False,0.28,0.28,red,red,red,33.0,139.47753028405833,-1.547510904844692,32.75463700740444,140.96613850486725,-1.5921702136008646
67.94639378500005,121268000000,inner_middle_cross_reverse,5.457328320176298,5.461513532244725,0.9992336900671,route/left_nearby from camera_sign_turn_left: inner_middle_cross_reverse delta=+89.1deg,right,camera_sign_turn_right,camera_sign_turn_right,camera_sign_turn_right,False,False,0.28,0.28,red,red,red,33.0,140.62143095174713,-1.5451903751245906,32.66935796282621,142.1007491991415,-1.5705374572047532
68.04658837899979,121368000000,outer_left_lower_to_mid_reverse,0.02269698387340995,1.8052961635923481,0.012572443420167334,route/right from camera_sign_turn_right: outer_left_lower_to_mid_reverse delta=+6.6deg,,,camera_sign_speed_limit,camera_sign_turn_right,False,False,0.28,0.28,red,red,red,33.02514488684034,141.76807814335288,-1.5448281395833408,32.618960729698756,143.2476191810257,-1.5524550790854938
68.14619928799993,121469000000,outer_left_lower_to_mid_reverse,0.050166528857213497,1.8052961635923481,0.02778853124984624,route/right from camera_sign_turn_right: outer_left_lower_to_mid_reverse delta=+6.6deg,,,camera_sign_turn_right,camera_sign_turn_right,False,False,0.28,0.28,red,green,green,33.055577062499694,142.93971690623817,-1.5448281395833408,32.59882699336087,144.4054999286893,-1.5376435071725854
68.24700832500002,121569000000,outer_left_lower_to_mid_reverse,0.07764588000869263,1.8052961635923481,0.043010050968138966,route/right from camera_sign_turn_right: outer_left_lower_to_mid_reverse delta=+6.6deg,,,camera_sign_turn_right,camera_sign_turn_right,False,False,0.28,0.28,red,green,green,33.086020101936285,144.1117739245467,-1.5448281395833408,32.60672761717488,145.57254384631904,-1.5265278828235962
68.34711550199972,121669000000,outer_left_lower_to_mid_reverse,0.10516707472214443,1.8052961635923481,0.0582547489121525,route/right from camera_sign_turn_right: outer_left_lower_to_mid_reverse delta=+6.6deg,,,camera_sign_turn_right,camera_sign_turn_right,False,False,0.28,0.28,red,green,green,33.11650949782431,145.28561566623574,-1.5448281395833408,32.63530443882513,146.74641664478492,-1.5181119354075727
68.54770961899976,121868000000,outer_left_lower_to_mid_reverse,0.16027747810538534,1.8052961635923481,0.08878181948077159,route/right from camera_sign_turn_right: outer_left_lower_to_mid_reverse delta=+6.6deg,,,camera_sign_turn_right,camera_sign_turn_right,False,False,0.28,0.28,red,green,green,33.177563638961544,147.6362001000194,-1.5448281395833408,32.74037331955823,149.10727998792515,-1.508599965423766
68.65062399099997,121970000000,outer_left_lower_to_mid_reverse,0.1887846377005093,1.8052961635923481,0.10457266874419534,route/right from camera_sign_turn_right: outer_left_lower_to_mid_reverse delta=+6.6deg,,,camera_sign_turn_right,camera_sign_turn_right,False,False,0.28,0.28,red,green,green,33.209145337488394,148.85209549330304,-1.5448281395833408,32.82402431172608,150.53353282230606,-1.506562052254138
68.8494078409999,122167000000,outer_left_lower_to_mid_reverse,0.2437390177467951,1.8052961635923481,0.13501331397158695,route/right from camera_sign_turn_right: outer_left_lower_to_mid_reverse delta=+6.6deg,,,camera_sign_turn_right,camera_sign_turn_right,False,False,0.28,0.28,red,green,green,33.27002662794318,151.1960251758122,-1.5448281395833408,32.96552734926654,152.67277847190672,-1.50777755789725
68.95000178800001,122269000000,outer_left_lower_to_mid_reverse,0.27211616854107684,1.8052961635923481,0.15073214801475815,route/right from camera_sign_turn_right: outer_left_lower_to_mid_reverse delta=+6.6deg,,,camera_sign_turn_right,camera_sign_turn_right,False,False,0.28,0.28,red,green,green,33.30146429602951,152.40637539713637,-1.5448281395833352,33.04684891998271,153.85823089494102,-1.5100212205868244
69.05097631099989,122371000000,outer_left_lower_to_mid_reverse,0.3004611624364864,1.8052961635923481,0.166433169524163,route/right from camera_sign_turn_right: outer_left_lower_to_mid_reverse delta=+6.6deg,,,camera_sign_turn_right,camera_sign_turn_right,False,False,0.28,0.28,red,red,red,33.33286633904832,153.61535405336056,-1.5448281395833352,33.127379504745576,155.0422883887247,-1.512964904734511
69.15067421499998,122473000000,outer_left_lower_to_mid_reverse,0.32878681298674595,1.8052961635923481,0.1821234762569345,route/right from camera_sign_turn_right: outer_left_lower_to_mid_reverse delta=+6.6deg,,,camera_sign_turn_right,camera_sign_turn_right,False,False,0.28,0.28,red,red,red,33.36424695251388,154.82350767178394,-1.5448281395833408,33.22066180208871,156.4624106178782,-1.5169655962857136
69.25085833499998,122575000000,outer_left_lower_to_mid_reverse,0.35710707768965794,1.8052961635923481,0.19781079963026824,route/right from camera_sign_turn_right: outer_left_lower_to_mid_reverse delta=+6.6deg,,,camera_sign_turn_right,camera_sign_turn_right,False,False,0.28,0.28,red,red,red,33.39562159926054,156.03143157153065,-1.5448281395833408,33.29463556444688,157.64563557350726,-1.520519304416652
69.45311016000005,122772000000,outer_left_lower_to_mid_reverse,0.4118035409775402,1.8052961635923481,0.22810857812830818,route/right from camera_sign_turn_right: outer_left_lower_to_mid_reverse delta=+6.6deg,,,camera_sign_speed_limit,camera_sign_speed_limit,False,False,0.28,0.28,red,red,red,33.45621715625661,158.36436051587972,-1.5448281395833408,33.43004362667148,160.01275152560595,-1.527682824867324
69.55311971899982,122876000000,outer_left_lower_to_mid_reverse,0.44069514798885295,1.8052961635923481,0.24411238270839522,route/right from camera_sign_turn_right: outer_left_lower_to_mid_reverse delta=+6.6deg,,,camera_sign_speed_limit,camera_sign_speed_limit,False,False,0.28,0.28,red,yellow,yellow,33.4882247654168,159.59665346854644,-1.5448281395833408,33.49062053869284,161.1972364250135,-1.5310078357667853
69.65312549400005,122977000000,outer_left_lower_to_mid_reverse,0.46876680231484175,1.8052961635923481,0.2596619943965568,route/right from camera_sign_turn_right: outer_left_lower_to_mid_reverse delta=+6.6deg,,,camera_sign_speed_limit,camera_sign_speed_limit,False,False,0.28,0.28,red,yellow,yellow,33.51932398879312,160.79397356853488,-1.5448281395833408,33.54645987037834,162.3825337715017,-1.534048027524191
69.85414804099992,123177000000,outer_left_lower_to_mid_reverse,0.5244017702968481,1.8052961635923481,0.29047963479484945,route/right from camera_sign_turn_right: outer_left_lower_to_mid_reverse delta=+6.6deg,,,camera_sign_speed_limit,camera_sign_speed_limit,False,False,0.28,0.28,red,,,33.5809592695897,163.16693187920342,-1.5448281395833408,33.64507711357493,164.75566220933732,-1.5391653210382052
