t_wall,stamp_ns,visible,stable,stable_count,name,kind,maneuver,score,area_px,bbox_w,bbox_h,center_x,center_y,last_applied
0.1339468549999765,53309000000,True,False,1,camera_sign_speed_limit,speed_limit_sign,,0.4261411508555445,816,24,34,183,191,camera_sign_turn_left
0.13407561799976975,53411000000,True,True,2,camera_sign_speed_limit,speed_limit_sign,,0.43345844616432605,816,24,34,180,191,camera_sign_turn_left
0.13424158299994815,53411000000,True,False,1,camera_sign_turn_right,turn_right_sign,right,0.49003868900791364,620,20,31,396,230,camera_sign_turn_left
0.13434121099999174,53411000000,True,False,1,camera_sign_speed_limit,speed_limit_sign,,0.4258743058713631,900,25,36,174,190,camera_sign_turn_left
0.13441855799965197,53516000000,True,True,2,camera_sign_speed_limit,speed_limit_sign,,0.4315237395691436,875,25,35,171,189,camera_sign_turn_left
0.15311024699985865,53516000000,True,True,3,camera_sign_speed_limit,speed_limit_sign,,0.4306975784944506,936,26,36,168,189,camera_sign_turn_left
0.18449646599992775,53516000000,True,True,4,camera_sign_speed_limit,speed_limit_sign,,0.4353378783964061,936,26,36,164,188,camera_sign_turn_left
0.19845345599969733,53516000000,True,False,1,camera_sign_turn_right,turn_right_sign,right,0.48455954491697845,680,20,34,394,230,camera_sign_turn_left
0.2522747959997105,53617000000,True,False,1,camera_sign_speed_limit,speed_limit_sign,,0.42395390841458563,1131,29,39,157,187,camera_sign_turn_left
0.28651170800003456,53617000000,True,True,2,camera_sign_speed_limit,speed_limit_sign,,0.42954563282737235,1170,30,39,154,187,camera_sign_turn_left
0.3077324759997282,53617000000,True,False,1,camera_sign_turn_right,turn_right_sign,right,0.5030349422911544,620,20,31,393,229,camera_sign_turn_left
0.3606214510000427,53718000000,True,True,2,camera_sign_turn_right,turn_right_sign,right,0.5063905289097308,620,20,31,393,230,camera_sign_turn_right
0.38323383299984926,53718000000,True,True,3,camera_sign_turn_right,turn_right_sign,right,0.48401501683662224,770,22,35,393,230,camera_sign_turn_right
0.43169567699987965,53818000000,True,False,1,camera_sign_speed_limit,speed_limit_sign,,0.4250415542999577,1271,31,41,138,184,camera_sign_turn_right
0.44167520099972535,53818000000,True,False,1,camera_sign_turn_right,turn_right_sign,right,0.4932276416819225,714,21,34,392,229,camera_sign_turn_right
0.4741746729996521,53818000000,True,True,2,camera_sign_turn_right,turn_right_sign,right,0.4946702299572007,735,21,35,392,229,camera_sign_turn_right
0.5015210479996313,53818000000,True,False,1,camera_sign_speed_limit,speed_limit_sign,,0.43743318975772594,1575,35,45,126,182,camera_sign_turn_right
0.5606271249998827,53917000000,True,False,1,camera_sign_turn_right,turn_right_sign,right,0.4898747961191462,770,22,35,391,229,camera_sign_turn_right
0.5707414039998184,53917000000,True,True,2,camera_sign_turn_right,turn_right_sign,right,0.51407944057404,646,19,34,390,229,camera_sign_turn_right
0.6148265309998351,54015000000,True,False,1,camera_sign_speed_limit,speed_limit_sign,,0.4369381281134729,1872,39,48,112,180,camera_sign_turn_right
0.6600423339996269,54015000000,True,False,1,camera_sign_turn_right,turn_right_sign,right,0.49584679883166705,770,22,35,390,230,camera_sign_turn_right
0.6793328019998626,54015000000,True,False,1,camera_sign_speed_limit,speed_limit_sign,,0.45194554344737675,2009,41,49,103,179,camera_sign_turn_right
0.7148119549997318,54116000000,True,False,1,camera_sign_turn_right,turn_right_sign,right,0.5030943787216559,735,21,35,389,229,camera_sign_turn_right
0.7606711119997271,54116000000,True,True,2,camera_sign_turn_right,turn_right_sign,right,0.49214125554677124,828,23,36,389,229,camera_sign_turn_right
0.7727889999996478,54116000000,True,True,3,camera_sign_turn_right,turn_right_sign,right,0.49598279249721644,792,22,36,388,229,camera_sign_turn_right
0.8171267399998214,54214000000,True,True,4,camera_sign_turn_right,turn_right_sign,right,0.4983476795289127,828,23,36,388,229,camera_sign_turn_right
0.860267508999641,54214000000,True,False,1,camera_sign_speed_limit,speed_limit_sign,,0.46662003450980283,2700,50,54,77,175,camera_sign_turn_right
0.8936876039997514,54214000000,True,False,1,camera_sign_turn_right,turn_right_sign,right,0.5003790985756859,828,23,36,386,229,camera_sign_turn_right
0.9162851979999687,54314000000,True,True,2,camera_sign_turn_right,turn_right_sign,right,0.5045540527642662,805,23,35,386,229,camera_sign_turn_right
0.9595912999998291,54314000000,True,True,3,camera_sign_turn_right,turn_right_sign,right,0.5044357617041884,792,22,36,386,228,camera_sign_turn_right
0.9867439179997746,54314000000,True,True,4,camera_sign_turn_right,turn_right_sign,right,0.5106119311226722,792,22,36,386,229,camera_sign_turn_right
1.0261007139997673,54416000000,True,True,5,camera_sign_turn_right,turn_right_sign,right,0.509893866351743,792,22,36,385,228,camera_sign_turn_right
1.0703099949996613,54416000000,True,False,1,camera_sign_speed_limit,speed_limit_sign,,0.47683945208858824,3780,63,60,40,169,camera_sign_turn_right
1.0940889169996808,54416000000,True,True,2,camera_sign_speed_limit,speed_limit_sign,,0.4842002261589637,4032,64,63,33,168,camera_sign_turn_right
1.1031040349998875,54416000000,True,True,3,camera_sign_speed_limit,speed_limit_sign,,0.5163922819851545,3776,59,64,26,167,camera_sign_turn_right
1.1448218099999394,54519000000,True,True,4,camera_sign_speed_limit,speed_limit_sign,,0.5534533973127991,3456,54,64,19,166,camera_sign_turn_right
1.175731906999772,54519000000,True,True,5,camera_sign_speed_limit,speed_limit_sign,,0.5871350149016552,2640,44,60,14,166,camera_sign_turn_right
1.2111520939997718,54519000000,True,True,6,camera_sign_speed_limit,speed_limit_sign,,0.5878789139202403,1925,35,55,10,167,camera_sign_turn_right
1.2442305519998627,54620000000,True,False,1,camera_sign_turn_right,turn_right_sign,right,0.4953906972227914,975,25,39,381,228,camera_sign_turn_right
1.2661745479999809,54620000000,True,True,2,camera_sign_turn_right,turn_right_sign,right,0.5060024322132091,936,24,39,381,228,camera_sign_turn_right
1.311402920999626,54718000000,True,True,3,camera_sign_turn_right,turn_right_sign,right,0.499468297201879,1000,25,40,380,228,camera_sign_turn_right
1.344725389999894,54718000000,True,True,4,camera_sign_turn_right,turn_right_sign,right,0.5055656485131501,975,25,39,380,228,camera_sign_turn_right
1.4026114019998204,54718000000,True,True,5,camera_sign_turn_right,turn_right_sign,right,0.5031405176346028,1000,25,40,379,228,camera_sign_turn_right
1.412603364000006,54818000000,True,True,6,camera_sign_turn_right,turn_right_sign,right,0.5075576230930868,1000,25,40,379,228,camera_sign_turn_right
1.4335237830000551,54818000000,True,True,7,camera_sign_turn_right,turn_right_sign,right,0.5052339544845621,1000,25,40,378,227,camera_sign_turn_right
1.4679211379998378,54818000000,True,True,8,camera_sign_turn_right,turn_right_sign,right,0.507644603766023,1000,25,40,378,227,camera_sign_turn_right
1.5215570179998394,54920000000,True,True,9,camera_sign_turn_right,turn_right_sign,right,0.5076746290994735,1040,26,40,377,227,camera_sign_turn_right
1.5568412220000027,54920000000,True,True,10,camera_sign_turn_right,turn_right_sign,right,0.5093968071680895,1000,25,40,377,228,camera_sign_turn_right
1.5763185189998694,54920000000,True,True,11,camera_sign_turn_right,turn_right_sign,right,0.5152094948246138,1000,25,40,376,227,camera_sign_turn_right
1.612224981000054,54920000000,True,True,12,camera_sign_turn_right,turn_right_sign,right,0.5092687718934089,1066,26,41,375,227,camera_sign_turn_right
1.6575423419999424,55021000000,True,True,13,camera_sign_turn_right,turn_right_sign,right,0.5161606384721816,1025,25,41,375,228,camera_sign_turn_right
1.6816848670000581,55021000000,True,True,14,camera_sign_turn_right,turn_right_sign,right,0.5203450172463989,1025,25,41,374,227,camera_sign_turn_right
1.7256821569999374,55119000000,True,True,15,camera_sign_turn_right,turn_right_sign,right,0.5019138786627853,1189,29,41,374,227,camera_sign_turn_right
1.7556710779999776,55119000000,True,True,16,camera_sign_turn_right,turn_right_sign,right,0.5238083580208134,1025,25,41,373,227,camera_sign_turn_right
1.791635221999968,55119000000,True,True,17,camera_sign_turn_right,turn_right_sign,right,0.5222721948091235,1066,26,41,373,227,camera_sign_turn_right
1.857355921999897,55219000000,True,True,18,camera_sign_turn_right,turn_right_sign,right,0.4960720337271953,1276,29,44,372,227,camera_sign_turn_right
1.8637410060000548,55219000000,True,True,19,camera_sign_turn_right,turn_right_sign,right,0.5006052263350661,1276,29,44,371,227,camera_sign_turn_right
1.87243084299962,55219000000,True,True,20,camera_sign_turn_right,turn_right_sign,right,0.4999132232259343,1276,29,44,371,227,camera_sign_turn_right
1.92470380199984,55320000000,True,True,21,camera_sign_turn_right,turn_right_sign,right,0.5006636910096395,1320,30,44,370,227,camera_sign_turn_right
1.9468976729999667,55320000000,True,True,22,camera_sign_turn_right,turn_right_sign,right,0.500634602154633,1320,30,44,369,227,camera_sign_turn_right
2.002847993999694,55320000000,True,True,23,camera_sign_turn_right,turn_right_sign,right,0.5029823366317702,1320,30,44,369,227,camera_sign_turn_right
2.00884583800007,55320000000,True,True,24,camera_sign_turn_right,turn_right_sign,right,0.5078687324955012,1320,30,44,368,227,camera_sign_turn_right
2.045820614999684,55422000000,True,True,25,camera_sign_turn_right,turn_right_sign,right,0.5087451345245481,1320,30,44,368,227,camera_sign_turn_right
2.08925714399993,55422000000,True,True,26,camera_sign_turn_right,turn_right_sign,right,0.5038707472779935,1395,31,45,367,226,camera_sign_turn_right
2.1231719749998774,55523000000,True,True,27,camera_sign_turn_right,turn_right_sign,right,0.5035713844404768,1395,31,45,366,226,camera_sign_turn_right
2.135957051999867,55523000000,True,True,28,camera_sign_turn_right,turn_right_sign,right,0.5109563813208913,1395,31,45,365,226,camera_sign_turn_right
2.201936931999626,55523000000,True,True,29,camera_sign_turn_right,turn_right_sign,right,0.5130899244855389,1395,31,45,365,226,camera_sign_turn_right
2.208049254999878,55523000000,True,True,30,camera_sign_turn_right,turn_right_sign,right,0.5134755858360696,1395,31,45,364,226,camera_sign_turn_right
2.246731313000055,55621000000,True,True,31,camera_sign_turn_right,turn_right_sign,right,0.5167848492425768,1395,31,45,363,226,camera_sign_turn_right
2.283026976999736,55621000000,True,True,32,camera_sign_turn_right,turn_right_sign,right,0.49618859711909913,1632,34,48,363,226,camera_sign_turn_right
2.3153851859997303,55621000000,True,True,33,camera_sign_turn_right,turn_right_sign,right,0.5001683219978339,1632,34,48,362,226,camera_sign_turn_right
2.3932755020000513,55720000000,True,True,34,camera_sign_turn_right,turn_right_sign,right,0.49880035398377787,1632,34,48,361,226,camera_sign_turn_right
2.4003987839996626,55720000000,True,True,35,camera_sign_turn_right,turn_right_sign,right,0.4998327040950854,1680,35,48,361,226,camera_sign_turn_right
2.4408852869996736,55819000000,True,True,36,camera_sign_turn_right,turn_right_sign,right,0.5024590964849435,1680,35,48,360,226,camera_sign_turn_right
2.4480354499996793,55819000000,True,True,37,camera_sign_turn_right,turn_right_sign,right,0.5083790490976079,1632,34,48,359,226,camera_sign_turn_right
2.4799594369997067,55819000000,True,True,38,camera_sign_turn_right,turn_right_sign,right,0.5027524052746082,1764,36,49,358,225,camera_sign_turn_right
2.515111636999791,55819000000,True,True,39,camera_sign_turn_right,turn_right_sign,right,0.508280327957968,1715,35,49,358,225,camera_sign_turn_right
2.569593032999819,55922000000,True,True,40,camera_sign_turn_right,turn_right_sign,right,0.5109394068596884,1715,35,49,357,225,camera_sign_turn_right
2.580272783000055,55922000000,True,True,41,camera_sign_turn_right,turn_right_sign,right,0.5094779344073984,1764,36,49,356,225,camera_sign_turn_right
2.6145293309996305,55922000000,True,True,42,camera_sign_turn_right,turn_right_sign,right,0.5160253514865931,1715,35,49,355,225,camera_sign_turn_right
2.6357111049997,56023000000,True,True,43,camera_sign_turn_right,turn_right_sign,right,0.512751226518652,1800,36,50,354,225,camera_sign_turn_right
2.681896537999819,56023000000,True,True,44,camera_sign_turn_right,turn_right_sign,right,0.5151581725552427,1800,36,50,353,225,camera_sign_turn_right
2.715683418000026,56023000000,True,True,45,camera_sign_turn_right,turn_right_sign,right,0.5180643674628262,1800,36,50,353,225,camera_sign_turn_right
2.7723485999999866,56124000000,True,True,46,camera_sign_turn_right,turn_right_sign,right,0.5203746350110214,1800,36,50,352,225,camera_sign_turn_right
2.7785200469998017,56124000000,True,True,47,camera_sign_turn_right,turn_right_sign,right,0.5085472112147286,2000,40,50,351,225,camera_sign_turn_right
2.8360602589996233,56227000000,True,True,48,camera_sign_turn_right,turn_right_sign,right,0.5035768632199084,2120,40,53,350,225,camera_sign_turn_right
2.8420010719996753,56227000000,True,True,49,camera_sign_turn_right,turn_right_sign,right,0.5040795465714857,2120,40,53,349,224,camera_sign_turn_right
2.8840192699999534,56227000000,True,True,50,camera_sign_turn_right,turn_right_sign,right,0.5074912227145921,2120,40,53,348,224,camera_sign_turn_right
2.912603413999932,56227000000,True,True,51,camera_sign_turn_right,turn_right_sign,right,0.510040564328604,2120,40,53,347,224,camera_sign_turn_right
2.9491518169998017,56322000000,True,True,52,camera_sign_turn_right,turn_right_sign,right,0.49816626594621377,2376,44,54,346,224,camera_sign_turn_right
2.980123505999927,56322000000,True,True,53,camera_sign_turn_right,turn_right_sign,right,0.5013124946473602,2376,44,54,345,224,camera_sign_turn_right
3.0256594309998945,56424000000,True,True,54,camera_sign_turn_right,turn_right_sign,right,0.5043745118514827,2376,44,54,344,224,camera_sign_turn_right
3.0355530729998463,56424000000,True,True,55,camera_sign_turn_right,turn_right_sign,right,0.5149454247120436,2255,41,55,343,224,camera_sign_turn_right
3.0788708239997504,56424000000,True,True,56,camera_sign_turn_right,turn_right_sign,right,0.505718405622162,2420,44,55,342,224,camera_sign_turn_right
3.1144549489999918,56424000000,True,True,57,camera_sign_turn_right,turn_right_sign,right,0.49140715747443436,2784,48,58,341,224,camera_sign_turn_right
3.1463209359999382,56526000000,True,True,58,camera_sign_turn_right,turn_right_sign,right,0.5032968628479837,2610,45,58,340,224,camera_sign_turn_right
3.1806281249996573,56526000000,True,True,59,camera_sign_turn_right,turn_right_sign,right,0.496890923829953,2784,48,58,339,224,camera_sign_turn_right
3.215849409999919,56526000000,True,True,60,camera_sign_turn_right,turn_right_sign,right,0.49945746770675936,2784,48,58,338,223,camera_sign_turn_right
3.247819368999899,56626000000,True,True,61,camera_sign_turn_right,turn_right_sign,right,0.49991085786326517,2832,48,59,337,223,camera_sign_turn_right
3.3031492959999014,56626000000,True,True,62,camera_sign_turn_right,turn_right_sign,right,0.5035522000511126,2832,48,59,336,223,camera_sign_turn_right
3.3339672039996913,56727000000,True,True,63,camera_sign_turn_right,turn_right_sign,right,0.5035950601365329,2891,49,59,334,223,camera_sign_turn_right
3.3449223659999916,56727000000,True,True,64,camera_sign_turn_right,turn_right_sign,right,0.5073169415097365,2891,49,59,333,223,camera_sign_turn_right
3.3880633959997795,56727000000,True,True,65,camera_sign_turn_right,turn_right_sign,right,0.5096417443673107,2940,49,60,332,223,camera_sign_turn_right
3.412155388999963,56727000000,True,True,66,camera_sign_turn_right,turn_right_sign,right,0.49973420600796664,3180,53,60,331,223,camera_sign_turn_right
3.4574782249997043,56826000000,True,True,67,camera_sign_turn_right,turn_right_sign,right,0.5032791449626934,3180,53,60,330,223,camera_sign_turn_right
3.501961320999726,56826000000,True,True,68,camera_sign_turn_right,turn_right_sign,right,0.5014717272570037,3240,54,60,328,223,camera_sign_turn_right
3.5132371390000117,56826000000,True,True,69,camera_sign_turn_right,turn_right_sign,right,0.4999071765172575,3402,54,63,327,222,camera_sign_turn_right
3.5352489550000428,56928000000,True,True,70,camera_sign_turn_right,turn_right_sign,right,0.49923673336690544,3465,55,63,326,222,camera_sign_turn_right
3.6017976119997,56928000000,True,True,71,camera_sign_turn_right,turn_right_sign,right,0.5045916158698557,3465,55,63,325,222,camera_sign_turn_right
3.623721440999816,57028000000,True,True,72,camera_sign_turn_right,turn_right_sign,right,0.4983823305870328,3712,58,64,323,222,camera_sign_turn_right
3.6477371799996945,57028000000,True,True,73,camera_sign_turn_right,turn_right_sign,right,0.5005050937298335,3712,58,64,322,222,camera_sign_turn_right
3.680822390999765,57028000000,True,True,74,camera_sign_turn_right,turn_right_sign,right,0.5006610398445142,3776,59,64,321,222,camera_sign_turn_right
3.7249383539997325,57126000000,True,True,75,camera_sign_turn_right,turn_right_sign,right,0.5067227563070096,3712,58,64,319,222,camera_sign_turn_right
3.7370279259998824,57126000000,True,True,76,camera_sign_turn_right,turn_right_sign,right,0.5062607944763873,3835,59,65,318,221,camera_sign_turn_right
3.7947229309997965,57126000000,True,True,77,camera_sign_turn_right,turn_right_sign,right,0.5075711782244565,3900,60,65,317,221,camera_sign_turn_right
3.8147035909996703,57126000000,True,True,78,camera_sign_turn_right,turn_right_sign,right,0.5031494751511527,4095,63,65,315,221,camera_sign_turn_right
3.881609600000047,57228000000,True,True,79,camera_sign_turn_right,turn_right_sign,right,0.501214015538449,4284,63,68,314,221,camera_sign_turn_right
3.891771824999978,57228000000,True,True,80,camera_sign_turn_right,turn_right_sign,right,0.5029881979858731,4352,64,68,312,221,camera_sign_turn_right
3.9354410539999662,57329000000,True,True,81,camera_sign_turn_right,turn_right_sign,right,0.5033636470987786,4420,65,68,311,221,camera_sign_turn_right
3.946467049999683,57329000000,True,True,82,camera_sign_turn_right,turn_right_sign,right,0.5059906799387679,4485,65,69,309,220,camera_sign_turn_right
3.993234105999818,57329000000,True,True,83,camera_sign_turn_right,turn_right_sign,right,0.5025666754052839,4692,68,69,308,220,camera_sign_turn_right
4.0154501580000215,57329000000,True,True,84,camera_sign_turn_right,turn_right_sign,right,0.5038362019333357,4761,69,69,306,220,camera_sign_turn_right
4.07948164499976,57429000000,True,True,85,camera_sign_turn_right,turn_right_sign,right,0.503509334497999,4900,70,70,304,220,camera_sign_turn_right
4.086388917000022,57429000000,True,True,86,camera_sign_turn_right,turn_right_sign,right,0.5075531051191812,4900,70,70,303,220,camera_sign_turn_right
4.122672813999998,57429000000,True,True,87,camera_sign_turn_right,turn_right_sign,right,0.499070486649112,5329,73,73,301,220,camera_sign_turn_right
4.146247117999792,57531000000,True,True,88,camera_sign_turn_right,turn_right_sign,right,0.5065982705129264,5180,74,70,299,219,camera_sign_turn_right
4.180107286999828,57531000000,True,True,89,camera_sign_turn_right,turn_right_sign,right,0.5089045106131751,5180,74,70,297,219,camera_sign_turn_right
4.225061273999927,57531000000,True,True,90,camera_sign_turn_right,turn_right_sign,right,0.5061021542176191,5475,75,73,296,219,camera_sign_turn_right
4.2680570139996235,57631000000,True,True,91,camera_sign_turn_right,turn_right_sign,right,0.5009814067386177,5767,79,73,294,219,camera_sign_turn_right
4.274394782999934,57631000000,True,True,92,camera_sign_turn_right,turn_right_sign,right,0.5037920351191101,5846,79,74,292,218,camera_sign_turn_right
4.337920256999951,57728000000,True,True,93,camera_sign_turn_right,turn_right_sign,right,0.5049752686609311,5920,80,74,290,218,camera_sign_turn_right
4.359944274999634,57728000000,True,True,94,camera_sign_turn_right,turn_right_sign,right,0.5037909954855622,6059,83,73,288,218,camera_sign_turn_right
4.392837422999946,57728000000,True,True,95,camera_sign_turn_right,turn_right_sign,right,0.5045823410981088,6216,84,74,286,217,camera_sign_turn_right
4.403923931999998,57728000000,True,True,96,camera_sign_turn_right,turn_right_sign,right,0.5061236148600354,6290,85,74,284,217,camera_sign_turn_right
4.460630074999699,57830000000,True,True,97,camera_sign_turn_right,turn_right_sign,right,0.5028472621143537,6600,88,75,282,217,camera_sign_turn_right
4.481833002999792,57830000000,True,True,98,camera_sign_turn_right,turn_right_sign,right,0.506485360663826,6586,89,74,280,216,camera_sign_turn_right
4.514091303999976,57830000000,True,True,99,camera_sign_turn_right,turn_right_sign,right,0.5024396539028252,6975,93,75,278,216,camera_sign_turn_right
4.535388877000059,57930000000,True,True,100,camera_sign_turn_right,turn_right_sign,right,0.5053552483674959,6975,93,75,276,215,camera_sign_turn_right
4.584647979999772,57930000000,True,True,101,camera_sign_turn_right,turn_right_sign,right,0.5026402091514066,7332,94,78,273,215,camera_sign_turn_right
4.639103300999977,58028000000,True,True,102,camera_sign_turn_right,turn_right_sign,right,0.50001881618945,7644,98,78,271,215,camera_sign_turn_right
4.6484337059996506,58028000000,True,True,103,camera_sign_turn_right,turn_right_sign,right,0.5027621986598667,7722,99,78,268,214,camera_sign_turn_right
4.672316043999672,58028000000,True,True,104,camera_sign_turn_right,turn_right_sign,right,0.5039231843385972,7800,100,78,266,214,camera_sign_turn_right
4.703592860999834,58028000000,True,True,105,camera_sign_turn_right,turn_right_sign,right,0.5017122832458139,8137,103,79,264,213,camera_sign_turn_right
4.773651303999941,58132000000,True,True,106,camera_sign_turn_right,turn_right_sign,right,0.5027685858567278,8295,105,79,261,213,camera_sign_turn_right
4.784930794000047,58132000000,True,True,107,camera_sign_turn_right,turn_right_sign,right,0.5030371495532445,8532,108,79,258,212,camera_sign_turn_right
4.807265030000053,58132000000,True,True,108,camera_sign_turn_right,turn_right_sign,right,0.5022333050750648,8800,110,80,256,212,camera_sign_turn_right
4.862415133000013,58228000000,True,True,109,camera_sign_turn_right,turn_right_sign,right,0.5029255589885284,9006,114,79,253,211,camera_sign_turn_right
4.884183383999698,58228000000,True,True,110,camera_sign_turn_right,turn_right_sign,right,0.4993642846950811,9440,118,80,250,211,camera_sign_turn_right
4.916176138999617,58228000000,True,True,111,camera_sign_turn_right,turn_right_sign,right,0.4982161256520885,9877,119,83,247,210,camera_sign_turn_right
4.9381315669998,58332000000,True,True,112,camera_sign_turn_right,turn_right_sign,right,0.5052874846005142,9600,120,80,244,210,camera_sign_turn_right
4.995398887999727,58332000000,True,True,113,camera_sign_turn_right,turn_right_sign,right,0.4996746946472391,10292,124,83,241,209,camera_sign_turn_right
5.026500416999625,58332000000,True,True,114,camera_sign_turn_right,turn_right_sign,right,0.4973346703229658,10752,128,84,238,208,camera_sign_turn_right
5.059551839000051,58433000000,True,True,115,camera_sign_turn_right,turn_right_sign,right,0.4982017542190068,10956,132,83,235,208,camera_sign_turn_right
5.09184966399971,58433000000,True,True,116,camera_sign_turn_right,turn_right_sign,right,0.49866470020547804,11256,134,84,231,207,camera_sign_turn_right
5.12630298699969,58433000000,True,True,117,camera_sign_turn_right,turn_right_sign,right,0.49703939025538796,11730,138,85,228,206,camera_sign_turn_right
5.158397281999896,58533000000,True,True,118,camera_sign_turn_right,turn_right_sign,right,0.49670493397472837,12070,142,85,225,206,camera_sign_turn_right
5.18579474299986,58533000000,True,True,119,camera_sign_turn_right,turn_right_sign,right,0.4923563734546927,12936,147,88,221,205,camera_sign_turn_right
5.207895375999669,58533000000,True,True,120,camera_sign_turn_right,turn_right_sign,right,0.4981930293472052,12665,149,85,217,204,camera_sign_turn_right
5.2507756219997646,58631000000,True,True,121,camera_sign_turn_right,turn_right_sign,right,0.4946861470137928,13552,154,88,213,204,camera_sign_turn_right
5.2842983109999295,58631000000,True,True,122,camera_sign_turn_right,turn_right_sign,right,0.49344684042823905,14062,158,89,209,203,camera_sign_turn_right
5.351342000999921,58731000000,True,True,123,camera_sign_turn_right,turn_right_sign,right,0.4950790922334289,14418,162,89,206,202,camera_sign_turn_right
5.357598506999693,58731000000,True,True,124,camera_sign_turn_right,turn_right_sign,right,0.4945122561738111,15120,168,90,201,201,camera_sign_turn_right
5.381870433999666,58731000000,True,True,125,camera_sign_turn_right,turn_right_sign,right,0.49426840103585795,15570,173,90,197,200,camera_sign_turn_right
5.427572765999685,58731000000,True,True,126,camera_sign_turn_right,turn_right_sign,right,0.4912871971519297,16554,178,93,193,199,camera_sign_turn_right
5.435943343999952,58834000000,True,True,127,camera_sign_turn_right,turn_right_sign,right,0.4907940372613422,17019,183,93,188,199,camera_sign_turn_right
5.494547409999996,58834000000,True,True,128,camera_sign_turn_right,turn_right_sign,right,0.4924014041245904,17672,188,94,184,198,camera_sign_turn_right
5.515478007999718,58834000000,True,True,129,camera_sign_turn_right,turn_right_sign,right,0.49052611124314177,18236,194,94,179,197,camera_sign_turn_right
5.5596764100000655,58935000000,True,True,130,camera_sign_turn_right,turn_right_sign,right,0.48884762071000876,19190,202,95,174,196,camera_sign_turn_right
5.594404723000025,58935000000,True,True,131,camera_sign_turn_right,turn_right_sign,right,0.48757077726818976,20384,208,98,168,194,camera_sign_turn_right
5.6517898609999975,59034000000,True,True,132,camera_sign_turn_right,turn_right_sign,right,0.4849018229736388,21168,216,98,163,193,camera_sign_turn_right
5.658430849000069,59034000000,True,True,133,camera_sign_turn_right,turn_right_sign,right,0.4852763215144318,21978,222,99,158,192,camera_sign_turn_right
5.695639571999891,59034000000,True,True,134,camera_sign_turn_right,turn_right_sign,right,0.48320922536286237,22800,228,100,152,191,camera_sign_turn_right
5.7182356639996215,59034000000,True,True,135,camera_sign_turn_right,turn_right_sign,right,0.4814857817810388,24514,238,103,146,190,camera_sign_turn_right
5.76369940099994,59134000000,True,True,136,camera_sign_turn_right,turn_right_sign,right,0.480798383156515,25338,246,103,140,189,camera_sign_turn_right
5.797053309999683,59134000000,True,True,137,camera_sign_turn_right,turn_right_sign,right,0.47696329770702417,26624,256,104,131,185,camera_sign_turn_right
5.820714432999921,59134000000,True,True,138,camera_sign_turn_right,turn_right_sign,right,0.4809011503211596,27195,259,105,124,183,camera_sign_turn_right
5.855056117999993,59233000000,True,True,139,camera_sign_turn_right,turn_right_sign,right,0.4892770125573217,27864,258,108,117,182,camera_sign_turn_right
5.899803539000004,59233000000,True,True,140,camera_sign_turn_right,turn_right_sign,right,0.49374885333287816,27904,256,109,110,180,camera_sign_turn_right
5.943155187999764,59335000000,True,True,141,camera_sign_turn_right,turn_right_sign,right,0.4970374501526887,27830,253,110,102,179,camera_sign_turn_right
5.951480260999688,59335000000,True,True,142,camera_sign_turn_right,turn_right_sign,right,0.487133436772692,28476,252,113,95,177,camera_sign_turn_right
5.99894960499978,59335000000,True,True,143,camera_sign_turn_right,turn_right_sign,right,0.46560012352123453,28405,247,115,88,175,camera_sign_turn_right
6.010604370999772,59335000000,True,True,144,camera_sign_turn_right,turn_right_sign,right,0.43660826906935857,2635,85,31,102,197,camera_sign_turn_right
6.064799619000041,59438000000,True,True,145,camera_sign_turn_right,turn_right_sign,right,0.4676482398793833,1566,54,29,16,184,camera_sign_turn_right
6.107560408999689,59438000000,True,True,146,camera_sign_turn_right,turn_right_sign,right,0.4416822791849853,2700,90,30,87,195,camera_sign_turn_right
6.142244857999685,59538000000,True,False,1,camera_sign_speed_limit,speed_limit_sign,,0.4631473351624892,27060,220,123,85,171,camera_sign_turn_right
6.152394168999763,59538000000,True,True,2,camera_sign_speed_limit,speed_limit_sign,,0.4608133530590144,27051,213,127,81,170,camera_sign_speed_limit
6.183925181999712,59538000000,True,True,3,camera_sign_speed_limit,speed_limit_sign,,0.4530951748229714,26035,205,127,77,170,camera_sign_speed_limit
6.228842605999944,59538000000,True,False,1,camera_sign_turn_right,turn_right_sign,right,0.45664263468903016,25216,197,128,72,169,camera_sign_speed_limit
6.275141263000023,59637000000,True,True,2,camera_sign_turn_right,turn_right_sign,right,0.4566448483406577,24320,190,128,66,169,camera_sign_turn_right
6.284054383999774,59637000000,True,True,3,camera_sign_turn_right,turn_right_sign,right,0.4608168992215769,22987,181,127,63,169,camera_sign_turn_right
6.325981840999702,59637000000,True,True,4,camera_sign_turn_right,turn_right_sign,right,0.4674402502407881,21452,173,124,60,169,camera_sign_turn_right
6.367128765999951,59736000000,True,True,5,camera_sign_turn_right,turn_right_sign,right,0.4697298818367834,20049,163,123,57,170,camera_sign_turn_right
6.389369108999745,59736000000,True,True,6,camera_sign_turn_right,turn_right_sign,right,0.476355050847369,18172,154,118,54,170,camera_sign_turn_right
6.432107840999834,59736000000,True,True,7,camera_sign_turn_right,turn_right_sign,right,0.47487937610756953,16302,143,114,50,171,camera_sign_turn_right
6.454042441999718,59838000000,True,True,8,camera_sign_turn_right,turn_right_sign,right,0.47093171034899206,14740,134,110,46,171,camera_sign_turn_right
6.49844554099991,59838000000,True,True,9,camera_sign_turn_right,turn_right_sign,right,0.47928524815692714,12792,123,104,41,172,camera_sign_turn_right
6.5113947069999085,59838000000,True,True,10,camera_sign_turn_right,turn_right_sign,right,0.48560642012693034,11187,113,99,36,173,camera_sign_turn_right
6.565639238999665,59936000000,True,True,11,camera_sign_turn_right,turn_right_sign,right,0.49572354287737,9090,101,90,31,174,camera_sign_turn_right
6.575411769999846,59936000000,True,True,12,camera_sign_turn_right,turn_right_sign,right,0.49125749018071524,7392,88,84,26,175,camera_sign_turn_right
6.622370106999824,59936000000,True,True,13,camera_sign_turn_right,turn_right_sign,right,0.4903834302289887,5625,75,75,22,175,camera_sign_turn_right
6.660795919000066,60039000000,True,True,14,camera_sign_turn_right,turn_right_sign,right,0.4908091185576528,4030,62,65,18,176,camera_sign_turn_right
6.682119543999761,60039000000,True,True,15,camera_sign_turn_right,turn_right_sign,right,0.4904239792729971,2538,47,54,13,177,camera_sign_turn_right
6.72872401099994,60039000000,True,True,16,camera_sign_turn_right,turn_right_sign,right,0.4980919069572002,1280,32,40,9,179,camera_sign_turn_right
6.757177732999935,60141000000,True,True,16,camera_sign_turn_right,turn_right_sign,right,0.4980919069572002,1280,32,40,9,179,camera_sign_turn_right
6.79190188199982,60141000000,True,True,16,camera_sign_turn_right,turn_right_sign,right,0.4980919069572002,1280,32,40,9,179,camera_sign_turn_right
6.846051919999809,60241000000,True,True,16,camera_sign_turn_right,turn_right_sign,right,0.4980919069572002,1280,32,40,9,179,camera_sign_turn_right
6.850276077999752,60241000000,True,True,16,camera_sign_turn_right,turn_right_sign,right,0.4980919069572002,1280,32,40,9,179,camera_sign_turn_right
6.923509942999772,60241000000,True,True,16,camera_sign_turn_right,turn_right_sign,right,0.4980919069572002,1280,32,40,9,179,camera_sign_turn_right
6.935243488999731,60241000000,True,True,16,camera_sign_turn_right,turn_right_sign,right,0.4980919069572002,1280,32,40,9,179,camera_sign_turn_right
6.939040142000067,60341000000,True,True,16,camera_sign_turn_right,turn_right_sign,right,0.4980919069572002,1280,32,40,9,179,camera_sign_turn_right
6.980434839999816,60341000000,True,True,16,camera_sign_turn_right,turn_right_sign,right,0.4980919069572002,1280,32,40,9,179,camera_sign_turn_right
7.0149793129999125,60341000000,True,True,16,camera_sign_turn_right,turn_right_sign,right,0.4980919069572002,1280,32,40,9,179,camera_sign_turn_right
7.035542321999856,60341000000,True,True,16,camera_sign_turn_right,turn_right_sign,right,0.4980919069572002,1280,32,40,9,179,camera_sign_turn_right
7.0706922859999395,60441000000,True,True,16,camera_sign_turn_right,turn_right_sign,right,0.4980919069572002,1280,32,40,9,179,camera_sign_turn_right
7.103694840999651,60441000000,True,True,16,camera_sign_turn_right,turn_right_sign,right,0.4980919069572002,1280,32,40,9,179,camera_sign_turn_right
7.148874530999819,60541000000,False,False,0,,,,0.0,0,0,0,0,0,camera_sign_turn_right
7.170870019999711,60541000000,False,False,0,,,,0.0,0,0,0,0,0,camera_sign_turn_right
7.229897402999995,60541000000,False,False,0,,,,0.0,0,0,0,0,0,camera_sign_turn_right
7.273988039999949,60641000000,False,False,0,,,,0.0,0,0,0,0,0,camera_sign_turn_right
7.3059861429997,60641000000,False,False,0,,,,0.0,0,0,0,0,0,camera_sign_turn_right
7.3278059099998245,60641000000,False,False,0,,,,0.0,0,0,0,0,0,camera_sign_turn_right
7.339211078000062,60641000000,False,False,0,,,,0.0,0,0,0,0,0,camera_sign_turn_right
7.383909245999803,60739000000,False,False,0,,,,0.0,0,0,0,0,0,camera_sign_turn_right
7.406228232999638,60739000000,False,False,0,,,,0.0,0,0,0,0,0,camera_sign_turn_right
7.449718293999922,60843000000,False,False,0,,,,0.0,0,0,0,0,0,camera_sign_turn_right
7.472284449999734,60843000000,False,False,0,,,,0.0,0,0,0,0,0,camera_sign_turn_right
7.515317724999932,60843000000,False,False,0,,,,0.0,0,0,0,0,0,camera_sign_turn_right
7.548792133000006,60944000000,False,False,0,,,,0.0,0,0,0,0,0,camera_sign_turn_right
7.571202740999979,60944000000,False,False,0,,,,0.0,0,0,0,0,0,camera_sign_turn_right
7.6299523749999025,60944000000,False,False,0,,,,0.0,0,0,0,0,0,camera_sign_turn_right
7.649892577999708,61044000000,False,False,0,,,,0.0,0,0,0,0,0,camera_sign_turn_right
7.693313867999677,61044000000,False,False,0,,,,0.0,0,0,0,0,0,camera_sign_turn_right
7.772132376999707,61143000000,False,False,0,,,,0.0,0,0,0,0,0,camera_sign_turn_right
7.776353656999618,61143000000,False,False,0,,,,0.0,0,0,0,0,0,camera_sign_turn_right
7.7824642189998485,61143000000,False,False,0,,,,0.0,0,0,0,0,0,camera_sign_turn_right
7.80684584599976,61143000000,False,False,0,,,,0.0,0,0,0,0,0,camera_sign_turn_right
7.860510043999966,61244000000,False,False,0,,,,0.0,0,0,0,0,0,camera_sign_turn_right
7.897345956999743,61244000000,False,False,0,,,,0.0,0,0,0,0,0,camera_sign_turn_right
7.929443011999865,61244000000,False,False,0,,,,0.0,0,0,0,0,0,camera_sign_turn_right
7.942040307999832,61244000000,False,False,0,,,,0.0,0,0,0,0,0,camera_sign_turn_right
7.977509330999965,61342000000,False,False,0,,,,0.0,0,0,0,0,0,camera_sign_turn_right
8.02024608299962,61342000000,False,False,0,,,,0.0,0,0,0,0,0,camera_sign_turn_right
8.084817910999845,61437000000,False,False,0,,,,0.0,0,0,0,0,0,camera_sign_turn_right
8.092453636999835,61437000000,False,False,0,,,,0.0,0,0,0,0,0,camera_sign_turn_right
8.12317830899974,61437000000,False,False,0,,,,0.0,0,0,0,0,0,camera_sign_turn_right
8.155192687999715,61540000000,False,False,0,,,,0.0,0,0,0,0,0,camera_sign_turn_right
8.177644246,61540000000,False,False,0,,,,0.0,0,0,0,0,0,camera_sign_turn_right
8.209708237999621,61540000000,False,False,0,,,,0.0,0,0,0,0,0,camera_sign_turn_right
8.266114217999984,61642000000,False,False,0,,,,0.0,0,0,0,0,0,camera_sign_turn_right
8.289514481999959,61642000000,False,False,0,,,,0.0,0,0,0,0,0,camera_sign_turn_right
8.312461632999657,61642000000,False,False,0,,,,0.0,0,0,0,0,0,camera_sign_turn_right
8.352933598999698,61742000000,False,False,0,,,,0.0,0,0,0,0,0,camera_sign_turn_right
8.377072221999697,61742000000,False,False,0,,,,0.0,0,0,0,0,0,camera_sign_turn_right
8.411197091999838,61742000000,False,False,0,,,,0.0,0,0,0,0,0,camera_sign_turn_right
8.44417113099962,61742000000,False,False,0,,,,0.0,0,0,0,0,0,camera_sign_turn_right
8.476475283999662,61843000000,False,False,0,,,,0.0,0,0,0,0,0,camera_sign_turn_right
8.519335521999892,61843000000,False,False,0,,,,0.0,0,0,0,0,0,camera_sign_turn_right
8.562415600999884,61945000000,False,False,0,,,,0.0,0,0,0,0,0,camera_sign_turn_right
8.607891235999887,61945000000,False,False,0,,,,0.0,0,0,0,0,0,camera_sign_turn_right
8.629544633000023,61945000000,False,False,0,,,,0.0,0,0,0,0,0,camera_sign_turn_right
8.639769372000046,61945000000,False,False,0,,,,0.0,0,0,0,0,0,camera_sign_turn_right
8.684943590999865,62047000000,False,False,0,,,,0.0,0,0,0,0,0,camera_sign_turn_right
8.719504390999646,62047000000,False,False,0,,,,0.0,0,0,0,0,0,camera_sign_turn_right
8.741681460999644,62047000000,False,False,0,,,,0.0,0,0,0,0,0,camera_sign_turn_right
8.797924239999702,62146000000,False,False,0,,,,0.0,0,0,0,0,0,camera_sign_turn_right
8.807311782999932,62146000000,False,False,0,,,,0.0,0,0,0,0,0,camera_sign_turn_right
8.873430766999718,62247000000,False,False,0,,,,0.0,0,0,0,0,0,camera_sign_turn_right
8.885469151000052,62247000000,False,False,0,,,,0.0,0,0,0,0,0,camera_sign_turn_right
8.928704662999735,62247000000,False,False,0,,,,0.0,0,0,0,0,0,camera_sign_turn_right
8.995699930999763,62346000000,False,False,0,,,,0.0,0,0,0,0,0,camera_sign_turn_right
8.999786778999805,62346000000,False,False,0,,,,0.0,0,0,0,0,0,camera_sign_turn_right
9.009441013000014,62346000000,False,False,0,,,,0.0,0,0,0,0,0,camera_sign_turn_right
9.06602003099988,62446000000,False,False,0,,,,0.0,0,0,0,0,0,camera_sign_turn_right
9.088559043999794,62446000000,False,False,0,,,,0.0,0,0,0,0,0,camera_sign_turn_right
9.108741395999914,62446000000,False,False,0,,,,0.0,0,0,0,0,0,camera_sign_turn_right
9.150864525999623,62548000000,False,False,0,,,,0.0,0,0,0,0,0,camera_sign_turn_right
9.19830659199988,62548000000,False,False,0,,,,0.0,0,0,0,0,0,camera_sign_turn_right
9.218693339999845,62548000000,False,False,0,,,,0.0,0,0,0,0,0,camera_sign_turn_right
9.250829893999708,62648000000,False,False,0,,,,0.0,0,0,0,0,0,camera_sign_turn_right
9.286957205999897,62648000000,False,False,0,,,,0.0,0,0,0,0,0,camera_sign_turn_right
9.320955288999812,62648000000,False,False,0,,,,0.0,0,0,0,0,0,camera_sign_turn_right
9.351772230999813,62749000000,False,False,0,,,,0.0,0,0,0,0,0,camera_sign_turn_right
9.37528163199977,62749000000,False,False,0,,,,0.0,0,0,0,0,0,camera_sign_turn_right
9.40715191299978,62749000000,False,False,0,,,,0.0,0,0,0,0,0,camera_sign_turn_right
9.456234447000043,62850000000,False,False,0,,,,0.0,0,0,0,0,0,camera_sign_turn_right
9.486220294999839,62850000000,False,False,0,,,,0.0,0,0,0,0,0,camera_sign_turn_right
9.519615482000063,62850000000,False,False,0,,,,0.0,0,0,0,0,0,camera_sign_turn_right
9.559484548,62947000000,False,False,0,,,,0.0,0,0,0,0,0,camera_sign_turn_right
9.588563313999657,62947000000,False,False,0,,,,0.0,0,0,0,0,0,camera_sign_turn_right
9.634513110999706,62947000000,False,False,0,,,,0.0,0,0,0,0,0,camera_sign_turn_right
9.648109222999665,62947000000,False,False,0,,,,0.0,0,0,0,0,0,camera_sign_turn_right
9.686657024999931,63049000000,False,False,0,,,,0.0,0,0,0,0,0,camera_sign_turn_right
9.708883432999755,63049000000,False,False,0,,,,0.0,0,0,0,0,0,camera_sign_turn_right
9.752711838999858,63151000000,False,False,0,,,,0.0,0,0,0,0,0,camera_sign_turn_right
9.786257200999898,63151000000,False,False,0,,,,0.0,0,0,0,0,0,camera_sign_turn_right
9.841657660999772,63151000000,False,False,0,,,,0.0,0,0,0,0,0,camera_sign_turn_right
9.852191234999736,63151000000,False,False,0,,,,0.0,0,0,0,0,0,camera_sign_turn_right
9.876456644999962,63251000000,False,False,0,,,,0.0,0,0,0,0,0,camera_sign_turn_right
9.909383046999665,63251000000,False,False,0,,,,0.0,0,0,0,0,0,camera_sign_turn_right
9.941967467999802,63251000000,False,False,0,,,,0.0,0,0,0,0,0,camera_sign_turn_right
10.00909028499973,63353000000,False,False,0,,,,0.0,0,0,0,0,0,camera_sign_turn_right
10.013478422999924,63353000000,False,False,0,,,,0.0,0,0,0,0,0,camera_sign_turn_right
10.063615328999731,63452000000,False,False,0,,,,0.0,0,0,0,0,0,camera_sign_turn_right
10.08762917399963,63452000000,False,False,0,,,,0.0,0,0,0,0,0,camera_sign_turn_right
10.119866859000012,63452000000,False,False,0,,,,0.0,0,0,0,0,0,camera_sign_turn_right
10.15145665099999,63452000000,False,False,0,,,,0.0,0,0,0,0,0,camera_sign_turn_right
10.187048516999766,63551000000,False,False,0,,,,0.0,0,0,0,0,0,camera_sign_turn_right
10.231383597999866,63551000000,False,False,0,,,,0.0,0,0,0,0,0,camera_sign_turn_right
10.24146555499965,63551000000,False,False,0,,,,0.0,0,0,0,0,0,camera_sign_turn_right
10.275134122000054,63653000000,False,False,0,,,,0.0,0,0,0,0,0,camera_sign_turn_right
10.319533082999897,63653000000,False,False,0,,,,0.0,0,0,0,0,0,camera_sign_turn_right
10.365733444999933,63754000000,False,False,0,,,,0.0,0,0,0,0,0,camera_sign_turn_right
10.376310079999712,63754000000,False,False,0,,,,0.0,0,0,0,0,0,camera_sign_turn_right
10.439506141000038,63754000000,False,False,0,,,,0.0,0,0,0,0,0,camera_sign_turn_right
10.443836689999898,63754000000,False,False,0,,,,0.0,0,0,0,0,0,camera_sign_turn_right
10.475282646999858,63856000000,False,False,0,,,,0.0,0,0,0,0,0,camera_sign_turn_right
10.518292568999641,63856000000,False,False,0,,,,0.0,0,0,0,0,0,camera_sign_turn_right
10.540267003999816,63856000000,False,False,0,,,,0.0,0,0,0,0,0,camera_sign_turn_right
10.599467470000036,63955000000,False,False,0,,,,0.0,0,0,0,0,0,camera_sign_turn_right
10.691745351999998,64053000000,False,False,0,,,,0.0,0,0,0,0,0,camera_sign_turn_right
10.69638582799962,64053000000,False,False,0,,,,0.0,0,0,0,0,0,camera_sign_turn_right
10.70101425599978,64053000000,False,False,0,,,,0.0,0,0,0,0,0,camera_sign_turn_right
10.732191628999772,64053000000,False,False,0,,,,0.0,0,0,0,0,0,camera_sign_turn_right
10.740340888999981,64053000000,False,False,0,,,,0.0,0,0,0,0,0,camera_sign_turn_right
10.787647154999831,64158000000,True,False,1,camera_sign_turn_left,turn_left_sign,left,0.4971893299351967,364,14,26,3,179,camera_sign_turn_right
10.811703608999778,64158000000,True,True,2,camera_sign_turn_left,turn_left_sign,left,0.5401584078334679,2967,43,69,12,173,camera_sign_turn_left
10.846745824999743,64158000000,True,True,3,camera_sign_turn_left,turn_left_sign,left,0.5167685568050648,6840,72,95,21,170,camera_sign_turn_left
10.893265799999881,64255000000,True,False,1,camera_sign_turn_right,turn_right_sign,right,0.5129193195888895,11682,99,118,32,167,camera_sign_turn_left
10.956846392999978,64255000000,True,True,2,camera_sign_turn_right,turn_right_sign,right,0.5183120373510572,10488,92,114,29,167,camera_sign_turn_right
10.966842529999667,64358000000,True,False,1,camera_sign_turn_left,turn_left_sign,left,0.5236081457744685,5340,60,89,18,171,camera_sign_turn_right
10.986726706999889,64358000000,True,True,2,camera_sign_turn_left,turn_left_sign,left,0.5060021121836146,1104,23,48,6,176,camera_sign_turn_left
11.04241332699985,64358000000,True,True,3,camera_sign_turn_left,turn_left_sign,left,0.5353863908773185,1682,29,58,8,175,camera_sign_turn_left
11.06700300600005,64459000000,True,True,4,camera_sign_turn_left,turn_left_sign,left,0.5151875328049355,6664,68,98,20,169,camera_sign_turn_left
11.079813650999768,64459000000,True,False,1,camera_sign_turn_right,turn_right_sign,right,0.5050507734128048,13335,105,127,35,165,camera_sign_turn_left
11.116069655000047,64459000000,True,True,2,camera_sign_turn_right,turn_right_sign,right,0.47906769011850864,23691,159,149,59,159,camera_sign_turn_right
11.156137956999828,64459000000,True,True,3,camera_sign_turn_right,turn_right_sign,right,0.5048282707841236,32518,229,142,90,170,camera_sign_turn_right
11.188413642999876,64560000000,True,True,4,camera_sign_turn_right,turn_right_sign,right,0.49842822214255755,28644,217,132,150,182,camera_sign_turn_right
11.2467259189998,64560000000,True,True,5,camera_sign_turn_right,turn_right_sign,right,0.5009930234276424,23368,184,127,183,188,camera_sign_turn_right
11.257915354000033,64560000000,True,True,6,camera_sign_turn_right,turn_right_sign,right,0.49134120307456175,25456,172,148,198,199,camera_sign_turn_right
11.291845745000046,64659000000,True,True,7,camera_sign_turn_right,turn_right_sign,right,0.49069433640009863,24108,164,147,207,199,camera_sign_turn_right
11.336608655999953,64659000000,True,True,8,camera_sign_turn_right,turn_right_sign,right,0.4936007939488457,22896,159,144,211,200,camera_sign_turn_right
11.356298274999972,64659000000,True,True,9,camera_sign_turn_right,turn_right_sign,right,0.4914101258570696,22752,158,144,215,200,camera_sign_turn_right
11.39075895499991,64759000000,True,True,10,camera_sign_turn_right,turn_right_sign,right,0.4937770051957754,22032,153,144,218,200,camera_sign_turn_right
11.446027630999652,64759000000,True,True,11,camera_sign_turn_right,turn_right_sign,right,0.4923838276837947,21888,152,144,221,200,camera_sign_turn_right
11.454124411000066,64759000000,True,True,12,camera_sign_turn_right,turn_right_sign,right,0.4934142693701514,21456,149,144,223,200,camera_sign_turn_right
11.478176218000044,64861000000,True,True,13,camera_sign_turn_right,turn_right_sign,right,0.4918799845246811,21312,148,144,225,200,camera_sign_turn_right
11.524885926000024,64861000000,True,True,14,camera_sign_turn_right,turn_right_sign,right,0.49138728064882314,21168,147,144,226,200,camera_sign_turn_right
11.558718335999856,64861000000,True,True,15,camera_sign_turn_right,turn_right_sign,right,0.49067148610190625,21168,144,147,227,199,camera_sign_turn_right
11.590640188999714,64961000000,True,True,16,camera_sign_turn_right,turn_right_sign,right,0.4859243001471503,21168,144,147,228,199,camera_sign_turn_right
11.635924466999768,64961000000,True,True,17,camera_sign_turn_right,turn_right_sign,right,0.48180702843207407,21164,143,148,228,199,camera_sign_turn_right
11.710752319999756,65060000000,True,True,18,camera_sign_turn_right,turn_right_sign,right,0.47789147358697376,21164,143,148,228,199,camera_sign_turn_right
11.719740116999674,65060000000,True,True,19,camera_sign_turn_right,turn_right_sign,right,0.47492140058358384,21307,143,149,227,199,camera_sign_turn_right
11.729071994999686,65060000000,True,True,20,camera_sign_turn_right,turn_right_sign,right,0.4703417137334277,21736,143,152,227,198,camera_sign_turn_right
11.785948349999671,65159000000,True,True,21,camera_sign_turn_right,turn_right_sign,right,0.471706593891414,21879,143,153,226,198,camera_sign_turn_right
11.794953747999898,65159000000,True,True,22,camera_sign_turn_right,turn_right_sign,right,0.47237923760942985,21879,143,153,224,197,camera_sign_turn_right
11.847947133999696,65159000000,True,True,23,camera_sign_turn_right,turn_right_sign,right,0.4657164862274097,22451,143,157,222,197,camera_sign_turn_right
11.855740198999683,65159000000,True,True,24,camera_sign_turn_right,turn_right_sign,right,0.44379389210741776,34128,216,158,211,196,camera_sign_turn_right
11.889078138000059,65263000000,True,True,25,camera_sign_turn_right,turn_right_sign,right,0.4473568737738288,33231,209,159,210,196,camera_sign_turn_right
11.934600576999856,65263000000,True,True,26,camera_sign_turn_right,turn_right_sign,right,0.4429901426597135,33048,204,162,208,195,camera_sign_turn_right
11.95686709399979,65263000000,True,True,27,camera_sign_turn_right,turn_right_sign,right,0.4459943969757772,32636,199,164,206,194,camera_sign_turn_right
11.979429830999834,65363000000,True,True,28,camera_sign_turn_right,turn_right_sign,right,0.447853568764146,32398,194,167,204,194,camera_sign_turn_right
12.024884151999686,65363000000,True,True,29,camera_sign_turn_right,turn_right_sign,right,0.44274139044085514,33024,192,172,201,193,camera_sign_turn_right
12.05648747899977,65363000000,True,True,30,camera_sign_turn_right,turn_right_sign,right,0.4502011108445194,32016,184,174,198,192,camera_sign_turn_right
12.092277655999624,65463000000,True,True,31,camera_sign_turn_right,turn_right_sign,right,0.4487989887798987,32214,182,177,194,191,camera_sign_turn_right
12.137661165999816,65463000000,True,True,32,camera_sign_turn_right,turn_right_sign,right,0.45838960751699553,31146,174,179,191,190,camera_sign_turn_right
12.166699504999997,65463000000,True,True,33,camera_sign_turn_right,turn_right_sign,right,0.472232432396464,28914,158,183,187,189,camera_sign_turn_right
12.190776660999745,65562000000,True,True,34,camera_sign_turn_right,turn_right_sign,right,0.46615294054552797,30456,162,188,182,188,camera_sign_turn_right
12.227209358999971,65562000000,True,True,35,camera_sign_turn_right,turn_right_sign,right,0.4653541527196692,31296,163,192,176,187,camera_sign_turn_right
12.247927396999785,65562000000,True,True,36,camera_sign_turn_right,turn_right_sign,right,0.46142560596734566,32899,167,197,170,186,camera_sign_turn_right
12.313001037000049,65663000000,True,True,37,camera_sign_turn_right,turn_right_sign,right,0.46261866022995135,33631,169,199,163,185,camera_sign_turn_right
12.32053260099974,65663000000,True,True,38,camera_sign_turn_right,turn_right_sign,right,0.46195142003570533,35292,173,204,155,183,camera_sign_turn_right
12.350973795999835,65663000000,True,True,39,camera_sign_turn_right,turn_right_sign,right,0.45783317412183766,37524,177,212,147,182,camera_sign_turn_right
12.420228943999973,65761000000,True,True,40,camera_sign_turn_right,turn_right_sign,right,0.4549718623750573,39676,182,218,138,180,camera_sign_turn_right
12.42831777399988,65761000000,True,True,41,camera_sign_turn_right,turn_right_sign,right,0.4523971461182839,42262,187,226,129,178,camera_sign_turn_right
12.464623692999794,65761000000,True,True,42,camera_sign_turn_right,turn_right_sign,right,0.45242969953637935,44544,192,232,119,176,camera_sign_turn_right
12.494280381999943,65863000000,True,True,43,camera_sign_turn_right,turn_right_sign,right,0.4526601683331487,46886,197,238,108,175,camera_sign_turn_right
12.526797988999988,65863000000,True,True,44,camera_sign_turn_right,turn_right_sign,right,0.45629883552695005,48462,197,246,96,172,camera_sign_turn_right
12.55779550599982,65863000000,True,True,45,camera_sign_turn_right,turn_right_sign,right,0.47017775442392484,47564,188,253,84,170,camera_sign_turn_right
12.596808611999677,65963000000,True,True,46,camera_sign_turn_right,turn_right_sign,right,0.46809980252644123,45746,178,257,70,167,camera_sign_turn_right
12.620424994999667,65963000000,True,True,47,camera_sign_turn_right,turn_right_sign,right,0.45873970374123335,41796,162,258,59,167,camera_sign_turn_right
12.664654815999711,65963000000,True,True,48,camera_sign_turn_right,turn_right_sign,right,0.47267144736534505,38106,146,261,50,168,camera_sign_turn_right
12.686313823999626,66062000000,True,True,49,camera_sign_turn_right,turn_right_sign,right,0.49669274640636346,33012,126,262,41,171,camera_sign_turn_right
12.758990584999992,66062000000,True,True,50,camera_sign_turn_right,turn_right_sign,right,0.4950368352066655,27510,105,262,34,175,camera_sign_turn_right
12.771298466999724,66062000000,True,True,51,camera_sign_turn_right,turn_right_sign,right,0.4882002078584912,21238,82,259,27,179,camera_sign_turn_right
12.797680165999736,66164000000,True,True,52,camera_sign_turn_right,turn_right_sign,right,0.5056811877390605,13608,56,243,18,183,camera_sign_turn_right
12.81771360599987,66164000000,True,False,1,camera_sign_speed_limit,speed_limit_sign,,0.5059252180945661,4250,85,50,94,186,camera_sign_turn_right
12.884148418999757,66263000000,True,False,1,camera_sign_speed_limit,speed_limit_sign,,0.5059252180945661,4250,85,50,94,186,camera_sign_turn_right
12.891675163999935,66263000000,True,False,1,camera_sign_speed_limit,speed_limit_sign,,0.5059252180945661,4250,85,50,94,186,camera_sign_turn_right
12.938834957999916,66263000000,True,False,1,camera_sign_speed_limit,speed_limit_sign,,0.5059252180945661,4250,85,50,94,186,camera_sign_turn_right
12.983975713999826,66362000000,True,False,1,camera_sign_speed_limit,speed_limit_sign,,0.5059252180945661,4250,85,50,94,186,camera_sign_turn_right
12.993510305999735,66362000000,True,False,1,camera_sign_speed_limit,speed_limit_sign,,0.5059252180945661,4250,85,50,94,186,camera_sign_turn_right
13.013146072999916,66362000000,True,False,1,camera_sign_speed_limit,speed_limit_sign,,0.5059252180945661,4250,85,50,94,186,camera_sign_turn_right
13.06086246599989,66362000000,True,False,1,camera_sign_speed_limit,speed_limit_sign,,0.5059252180945661,4250,85,50,94,186,camera_sign_turn_right
13.103169467000043,66465000000,True,True,2,camera_sign_speed_limit,speed_limit_sign,,0.5622307402946369,6313,107,59,38,179,camera_sign_speed_limit
13.136220211999898,66465000000,True,True,3,camera_sign_speed_limit,speed_limit_sign,,0.5636161343238002,5841,99,59,34,178,camera_sign_speed_limit
13.161173306999899,66465000000,True,True,4,camera_sign_speed_limit,speed_limit_sign,,0.5659728279594594,5369,91,59,31,177,camera_sign_speed_limit
13.182563084999856,66565000000,True,True,5,camera_sign_speed_limit,speed_limit_sign,,0.569167853927898,4838,82,59,27,177,camera_sign_speed_limit
13.237051006999991,66565000000,True,True,6,camera_sign_speed_limit,speed_limit_sign,,0.574567266076653,4366,74,59,24,176,camera_sign_speed_limit
13.282570169999872,66664000000,True,True,7,camera_sign_speed_limit,speed_limit_sign,,0.5789099347182051,3828,66,58,21,176,camera_sign_speed_limit
13.29258216199969,66664000000,True,True,8,camera_sign_speed_limit,speed_limit_sign,,0.5646338371295037,3024,56,54,18,176,camera_sign_speed_limit
13.324876259999655,66664000000,True,True,9,camera_sign_speed_limit,speed_limit_sign,,0.553520837147749,2350,47,50,15,176,camera_sign_speed_limit
13.359747351999886,66664000000,True,True,10,camera_sign_speed_limit,speed_limit_sign,,0.5617790032076813,1824,38,48,12,176,camera_sign_speed_limit
13.415168140999867,66766000000,True,True,11,camera_sign_speed_limit,speed_limit_sign,,0.4939433142912969,1080,27,40,8,176,camera_sign_speed_limit
13.426119605999702,66766000000,True,True,11,camera_sign_speed_limit,speed_limit_sign,,0.4939433142912969,1080,27,40,8,176,camera_sign_speed_limit
13.447282093000013,66766000000,True,True,11,camera_sign_speed_limit,speed_limit_sign,,0.4939433142912969,1080,27,40,8,176,camera_sign_speed_limit
13.49189573700005,66867000000,True,True,11,camera_sign_speed_limit,speed_limit_sign,,0.4939433142912969,1080,27,40,8,176,camera_sign_speed_limit
13.535544102999665,66867000000,True,True,11,camera_sign_speed_limit,speed_limit_sign,,0.4939433142912969,1080,27,40,8,176,camera_sign_speed_limit
13.58135335399993,66967000000,True,True,11,camera_sign_speed_limit,speed_limit_sign,,0.4939433142912969,1080,27,40,8,176,camera_sign_speed_limit
13.590594190000047,66967000000,True,True,11,camera_sign_speed_limit,speed_limit_sign,,0.4939433142912969,1080,27,40,8,176,camera_sign_speed_limit
13.613358130000051,66967000000,True,True,11,camera_sign_speed_limit,speed_limit_sign,,0.4939433142912969,1080,27,40,8,176,camera_sign_speed_limit
13.670275732999926,66967000000,True,True,11,camera_sign_speed_limit,speed_limit_sign,,0.4939433142912969,1080,27,40,8,176,camera_sign_speed_limit
13.680597475000013,67066000000,True,True,11,camera_sign_speed_limit,speed_limit_sign,,0.4939433142912969,1080,27,40,8,176,camera_sign_speed_limit
13.723889070000041,67066000000,True,True,11,camera_sign_speed_limit,speed_limit_sign,,0.4939433142912969,1080,27,40,8,176,camera_sign_speed_limit
13.758518095,67066000000,True,True,11,camera_sign_speed_limit,speed_limit_sign,,0.4939433142912969,1080,27,40,8,176,camera_sign_speed_limit
13.790779736999866,67168000000,True,True,11,camera_sign_speed_limit,speed_limit_sign,,0.4939433142912969,1080,27,40,8,176,camera_sign_speed_limit
13.811125974999868,67168000000,True,True,11,camera_sign_speed_limit,speed_limit_sign,,0.4939433142912969,1080,27,40,8,176,camera_sign_speed_limit
13.85962299899984,67168000000,True,True,11,camera_sign_speed_limit,speed_limit_sign,,0.4939433142912969,1080,27,40,8,176,camera_sign_speed_limit
13.880650620999859,67268000000,False,False,0,,,,0.0,0,0,0,0,0,camera_sign_speed_limit
13.912583930999972,67268000000,False,False,0,,,,0.0,0,0,0,0,0,camera_sign_speed_limit
13.98196743599965,67369000000,False,False,0,,,,0.0,0,0,0,0,0,camera_sign_speed_limit
13.987315421999938,67369000000,False,False,0,,,,0.0,0,0,0,0,0,camera_sign_speed_limit
14.034826445999897,67369000000,False,False,0,,,,0.0,0,0,0,0,0,camera_sign_speed_limit
14.058601529000043,67369000000,False,False,0,,,,0.0,0,0,0,0,0,camera_sign_speed_limit
14.080338003999714,67468000000,False,False,0,,,,0.0,0,0,0,0,0,camera_sign_speed_limit
14.123876736000057,67468000000,False,False,0,,,,0.0,0,0,0,0,0,camera_sign_speed_limit
14.158861183999761,67468000000,False,False,0,,,,0.0,0,0,0,0,0,camera_sign_speed_limit
14.180498149999949,67568000000,False,False,0,,,,0.0,0,0,0,0,0,camera_sign_speed_limit
14.21406619499976,67568000000,False,False,0,,,,0.0,0,0,0,0,0,camera_sign_speed_limit
14.248112276000029,67568000000,False,False,0,,,,0.0,0,0,0,0,0,camera_sign_speed_limit
14.294634947999839,67668000000,False,False,0,,,,0.0,0,0,0,0,0,camera_sign_speed_limit
14.325889793999977,67668000000,False,False,0,,,,0.0,0,0,0,0,0,camera_sign_speed_limit
14.368427932000031,67668000000,False,False,0,,,,0.0,0,0,0,0,0,camera_sign_speed_limit
14.393120261999684,67770000000,False,False,0,,,,0.0,0,0,0,0,0,camera_sign_speed_limit
14.425555107000037,67770000000,False,False,0,,,,0.0,0,0,0,0,0,camera_sign_speed_limit
14.462950633999753,67770000000,False,False,0,,,,0.0,0,0,0,0,0,camera_sign_speed_limit
14.48382473599986,67867000000,False,False,0,,,,0.0,0,0,0,0,0,camera_sign_speed_limit
14.528702362999866,67867000000,False,False,0,,,,0.0,0,0,0,0,0,camera_sign_speed_limit
14.572231497999837,67867000000,False,False,0,,,,0.0,0,0,0,0,0,camera_sign_speed_limit
14.608618549999846,67971000000,False,False,0,,,,0.0,0,0,0,0,0,camera_sign_speed_limit
14.62401812600001,67971000000,False,False,0,,,,0.0,0,0,0,0,0,camera_sign_speed_limit
14.670177015999798,67971000000,False,False,0,,,,0.0,0,0,0,0,0,camera_sign_speed_limit
14.690306030999636,68074000000,False,False,0,,,,0.0,0,0,0,0,0,camera_sign_speed_limit
14.722818777999692,68074000000,False,False,0,,,,0.0,0,0,0,0,0,camera_sign_speed_limit
14.767228599999726,68074000000,False,False,0,,,,0.0,0,0,0,0,0,camera_sign_speed_limit
14.778304310999829,68074000000,False,False,0,,,,0.0,0,0,0,0,0,camera_sign_speed_limit
14.822280751999642,68175000000,False,False,0,,,,0.0,0,0,0,0,0,camera_sign_speed_limit
14.845461120999971,68175000000,False,False,0,,,,0.0,0,0,0,0,0,camera_sign_speed_limit
14.890062244999626,68275000000,False,False,0,,,,0.0,0,0,0,0,0,camera_sign_speed_limit
14.92332710599976,68275000000,False,False,0,,,,0.0,0,0,0,0,0,camera_sign_speed_limit
14.94783758299991,68275000000,False,False,0,,,,0.0,0,0,0,0,0,camera_sign_speed_limit
14.9828690989998,68373000000,False,False,0,,,,0.0,0,0,0,0,0,camera_sign_speed_limit
15.026976227999967,68373000000,False,False,0,,,,0.0,0,0,0,0,0,camera_sign_speed_limit
15.08195733499997,68373000000,False,False,0,,,,0.0,0,0,0,0,0,camera_sign_speed_limit
15.087375622999843,68473000000,False,False,0,,,,0.0,0,0,0,0,0,camera_sign_speed_limit
15.139378009999746,68473000000,False,False,0,,,,0.0,0,0,0,0,0,camera_sign_speed_limit
15.16062188199976,68473000000,False,False,0,,,,0.0,0,0,0,0,0,camera_sign_speed_limit
15.208309459999782,68573000000,False,False,0,,,,0.0,0,0,0,0,0,camera_sign_speed_limit
15.237563557999692,68573000000,False,False,0,,,,0.0,0,0,0,0,0,camera_sign_speed_limit
15.249148611999772,68573000000,False,False,0,,,,0.0,0,0,0,0,0,camera_sign_speed_limit
15.294114516999798,68674000000,False,False,0,,,,0.0,0,0,0,0,0,camera_sign_speed_limit
15.348477514000024,68674000000,False,False,0,,,,0.0,0,0,0,0,0,camera_sign_speed_limit
15.352279501999874,68674000000,False,False,0,,,,0.0,0,0,0,0,0,camera_sign_speed_limit
15.400752115999694,68774000000,False,False,0,,,,0.0,0,0,0,0,0,camera_sign_speed_limit
15.41820717499968,68774000000,False,False,0,,,,0.0,0,0,0,0,0,camera_sign_speed_limit
15.46009001199991,68774000000,False,False,0,,,,0.0,0,0,0,0,0,camera_sign_speed_limit
15.494741996999892,68876000000,False,False,0,,,,0.0,0,0,0,0,0,camera_sign_speed_limit
15.527928892999626,68876000000,False,False,0,,,,0.0,0,0,0,0,0,camera_sign_speed_limit
15.56114211699969,68876000000,False,False,0,,,,0.0,0,0,0,0,0,camera_sign_speed_limit
15.604298675999871,68979000000,False,False,0,,,,0.0,0,0,0,0,0,camera_sign_speed_limit
15.670473216999653,68979000000,False,False,0,,,,0.0,0,0,0,0,0,camera_sign_speed_limit
15.674666575999709,68979000000,False,False,0,,,,0.0,0,0,0,0,0,camera_sign_speed_limit
15.682987109999885,68979000000,False,False,0,,,,0.0,0,0,0,0,0,camera_sign_speed_limit
15.716873567999755,69077000000,False,False,0,,,,0.0,0,0,0,0,0,camera_sign_speed_limit
15.77369531999966,69077000000,False,False,0,,,,0.0,0,0,0,0,0,camera_sign_speed_limit
15.794511661999877,69179000000,False,False,0,,,,0.0,0,0,0,0,0,camera_sign_speed_limit
15.828924536999693,69179000000,False,False,0,,,,0.0,0,0,0,0,0,camera_sign_speed_limit
15.871630702999937,69179000000,False,False,0,,,,0.0,0,0,0,0,0,camera_sign_speed_limit
15.883440783999959,69179000000,False,False,0,,,,0.0,0,0,0,0,0,camera_sign_speed_limit
15.917177351999726,69278000000,False,False,0,,,,0.0,0,0,0,0,0,camera_sign_speed_limit
15.963192979999803,69278000000,False,False,0,,,,0.0,0,0,0,0,0,camera_sign_speed_limit
15.996319644999858,69376000000,False,False,0,,,,0.0,0,0,0,0,0,camera_sign_speed_limit
16.061115895000057,69376000000,False,False,0,,,,0.0,0,0,0,0,0,camera_sign_speed_limit
16.071740314999715,69376000000,False,False,0,,,,0.0,0,0,0,0,0,camera_sign_speed_limit
16.106881128999703,69478000000,False,False,0,,,,0.0,0,0,0,0,0,camera_sign_speed_limit
16.118176994999885,69478000000,False,False,0,,,,0.0,0,0,0,0,0,camera_sign_speed_limit
16.15116015800004,69478000000,False,False,0,,,,0.0,0,0,0,0,0,camera_sign_speed_limit
16.185622259999946,69478000000,False,False,0,,,,0.0,0,0,0,0,0,camera_sign_speed_limit
16.239467015999708,69578000000,False,False,0,,,,0.0,0,0,0,0,0,camera_sign_speed_limit
16.261445879999883,69578000000,False,False,0,,,,0.0,0,0,0,0,0,camera_sign_speed_limit
16.29757314599965,69677000000,False,False,0,,,,0.0,0,0,0,0,0,camera_sign_speed_limit
16.33930501199984,69677000000,False,False,0,,,,0.0,0,0,0,0,0,camera_sign_speed_limit
16.38467164099984,69677000000,False,False,0,,,,0.0,0,0,0,0,0,camera_sign_speed_limit
16.389112409000063,69779000000,False,False,0,,,,0.0,0,0,0,0,0,camera_sign_speed_limit
16.451388712999687,69779000000,False,False,0,,,,0.0,0,0,0,0,0,camera_sign_speed_limit
16.45589728899995,69779000000,False,False,0,,,,0.0,0,0,0,0,0,camera_sign_speed_limit
16.497283205999793,69877000000,False,False,0,,,,0.0,0,0,0,0,0,camera_sign_speed_limit
16.530657290999898,69877000000,False,False,0,,,,0.0,0,0,0,0,0,camera_sign_speed_limit
16.57710965399974,69877000000,False,False,0,,,,0.0,0,0,0,0,0,camera_sign_speed_limit
16.60001585200007,69977000000,False,False,0,,,,0.0,0,0,0,0,0,camera_sign_speed_limit
16.61805317399967,69977000000,False,False,0,,,,0.0,0,0,0,0,0,camera_sign_speed_limit
16.672989765999773,69977000000,False,False,0,,,,0.0,0,0,0,0,0,camera_sign_speed_limit
16.684252649999962,69977000000,False,False,0,,,,0.0,0,0,0,0,0,camera_sign_speed_limit
16.728980444999706,70080000000,False,False,0,,,,0.0,0,0,0,0,0,camera_sign_speed_limit
16.763727732999996,70080000000,False,False,0,,,,0.0,0,0,0,0,0,camera_sign_speed_limit
16.818659261999983,70179000000,False,False,0,,,,0.0,0,0,0,0,0,camera_sign_speed_limit
16.822656313999687,70179000000,False,False,0,,,,0.0,0,0,0,0,0,camera_sign_speed_limit
16.861906872999953,70179000000,False,False,0,,,,0.0,0,0,0,0,0,camera_sign_speed_limit
16.89682596800003,70280000000,False,False,0,,,,0.0,0,0,0,0,0,camera_sign_speed_limit
16.918003867999687,70280000000,False,False,0,,,,0.0,0,0,0,0,0,camera_sign_speed_limit
16.96137410199981,70280000000,False,False,0,,,,0.0,0,0,0,0,0,camera_sign_speed_limit
16.997068581999883,70378000000,False,False,0,,,,0.0,0,0,0,0,0,camera_sign_speed_limit
17.028345930999876,70378000000,False,False,0,,,,0.0,0,0,0,0,0,camera_sign_speed_limit
17.050804071999664,70378000000,False,False,0,,,,0.0,0,0,0,0,0,camera_sign_speed_limit
17.117487935999634,70478000000,False,False,0,,,,0.0,0,0,0,0,0,camera_sign_speed_limit
17.127749875000063,70478000000,False,False,0,,,,0.0,0,0,0,0,0,camera_sign_speed_limit
17.150699285999963,70478000000,False,False,0,,,,0.0,0,0,0,0,0,camera_sign_speed_limit
17.195488485999704,70581000000,False,False,0,,,,0.0,0,0,0,0,0,camera_sign_speed_limit
17.228986308000003,70581000000,False,False,0,,,,0.0,0,0,0,0,0,camera_sign_speed_limit
17.26125847100002,70581000000,False,False,0,,,,0.0,0,0,0,0,0,camera_sign_speed_limit
17.285318903999723,70581000000,False,False,0,,,,0.0,0,0,0,0,0,camera_sign_speed_limit
17.329490886999793,70681000000,False,False,0,,,,0.0,0,0,0,0,0,camera_sign_speed_limit
17.3508247689997,70681000000,False,False,0,,,,0.0,0,0,0,0,0,camera_sign_speed_limit
17.396991356999933,70778000000,False,False,0,,,,0.0,0,0,0,0,0,camera_sign_speed_limit
17.420285470999715,70778000000,False,False,0,,,,0.0,0,0,0,0,0,camera_sign_speed_limit
17.453385719999915,70778000000,False,False,0,,,,0.0,0,0,0,0,0,camera_sign_speed_limit
17.489919815999656,70778000000,False,False,0,,,,0.0,0,0,0,0,0,camera_sign_speed_limit
17.52374214299971,70877000000,False,False,0,,,,0.0,0,0,0,0,0,camera_sign_speed_limit
17.56655977299988,70877000000,False,False,0,,,,0.0,0,0,0,0,0,camera_sign_speed_limit
17.598940963999667,70978000000,False,False,0,,,,0.0,0,0,0,0,0,camera_sign_speed_limit
17.63275247999991,70978000000,False,False,0,,,,0.0,0,0,0,0,0,camera_sign_speed_limit
17.67185796700005,70978000000,False,False,0,,,,0.0,0,0,0,0,0,camera_sign_speed_limit
17.69927588599967,71082000000,False,False,0,,,,0.0,0,0,0,0,0,camera_sign_speed_limit
17.73939535999989,71082000000,False,False,0,,,,0.0,0,0,0,0,0,camera_sign_speed_limit
17.753060643000026,71082000000,False,False,0,,,,0.0,0,0,0,0,0,camera_sign_speed_limit
17.820355102999656,71180000000,False,False,0,,,,0.0,0,0,0,0,0,camera_sign_speed_limit
17.831149169999662,71180000000,False,False,0,,,,0.0,0,0,0,0,0,camera_sign_speed_limit
17.865471823999997,71180000000,False,False,0,,,,0.0,0,0,0,0,0,camera_sign_speed_limit
17.888624314000026,71180000000,False,False,0,,,,0.0,0,0,0,0,0,camera_sign_speed_limit
17.936158005999914,71281000000,False,False,0,,,,0.0,0,0,0,0,0,camera_sign_speed_limit
17.966037156999846,71281000000,False,False,0,,,,0.0,0,0,0,0,0,camera_sign_speed_limit
17.987443946999974,71281000000,False,False,0,,,,0.0,0,0,0,0,0,camera_sign_speed_limit
18.019938659999752,71383000000,False,False,0,,,,0.0,0,0,0,0,0,camera_sign_speed_limit
18.08570118999978,71383000000,False,False,0,,,,0.0,0,0,0,0,0,camera_sign_speed_limit
18.119209576999765,71484000000,True,False,1,camera_sign_turn_right,turn_right_sign,right,0.5193544859475941,1015,35,29,18,231,camera_sign_speed_limit
18.13039448599966,71484000000,True,True,2,camera_sign_turn_right,turn_right_sign,right,0.5169842555995053,754,29,26,70,232,camera_sign_speed_limit
18.150852131999727,71484000000,True,True,2,camera_sign_turn_right,turn_right_sign,right,0.5169842555995053,754,29,26,70,232,camera_sign_speed_limit
18.194197999999687,71484000000,True,True,2,camera_sign_turn_right,turn_right_sign,right,0.5169842555995053,754,29,26,70,232,camera_sign_speed_limit
18.21801721699967,71586000000,True,True,2,camera_sign_turn_right,turn_right_sign,right,0.5169842555995053,754,29,26,70,232,camera_sign_speed_limit
18.27718836799977,71586000000,True,True,2,camera_sign_turn_right,turn_right_sign,right,0.5169842555995053,754,29,26,70,232,camera_sign_speed_limit
18.28539818199988,71586000000,True,True,2,camera_sign_turn_right,turn_right_sign,right,0.5169842555995053,754,29,26,70,232,camera_sign_speed_limit
18.352558718999717,71686000000,True,True,2,camera_sign_turn_right,turn_right_sign,right,0.5169842555995053,754,29,26,70,232,camera_sign_speed_limit
18.35733101400001,71686000000,True,True,2,camera_sign_turn_right,turn_right_sign,right,0.5169842555995053,754,29,26,70,232,camera_sign_speed_limit
18.398415089999617,71785000000,True,True,2,camera_sign_turn_right,turn_right_sign,right,0.5169842555995053,754,29,26,70,232,camera_sign_speed_limit
18.47351371600007,71785000000,True,True,2,camera_sign_turn_right,turn_right_sign,right,0.5169842555995053,754,29,26,70,232,camera_sign_speed_limit
18.478412821999882,71785000000,True,True,2,camera_sign_turn_right,turn_right_sign,right,0.5169842555995053,754,29,26,70,232,camera_sign_speed_limit
18.499869645999752,71885000000,True,True,2,camera_sign_turn_right,turn_right_sign,right,0.5169842555995053,754,29,26,70,232,camera_sign_speed_limit
18.519308420000016,71885000000,True,True,2,camera_sign_turn_right,turn_right_sign,right,0.5169842555995053,754,29,26,70,232,camera_sign_speed_limit
18.56693308900003,71885000000,True,True,2,camera_sign_turn_right,turn_right_sign,right,0.5169842555995053,754,29,26,70,232,camera_sign_speed_limit
18.599232862999997,71986000000,False,False,0,,,,0.0,0,0,0,0,0,camera_sign_speed_limit
18.632780809999986,71986000000,False,False,0,,,,0.0,0,0,0,0,0,camera_sign_speed_limit
18.65899192100005,71986000000,False,False,0,,,,0.0,0,0,0,0,0,camera_sign_speed_limit
18.702823383999657,72084000000,False,False,0,,,,0.0,0,0,0,0,0,camera_sign_speed_limit
18.743484427999647,72084000000,False,False,0,,,,0.0,0,0,0,0,0,camera_sign_speed_limit
18.765459213999748,72084000000,False,False,0,,,,0.0,0,0,0,0,0,camera_sign_speed_limit
18.810308714999792,72187000000,False,False,0,,,,0.0,0,0,0,0,0,camera_sign_speed_limit
18.840328321000015,72187000000,False,False,0,,,,0.0,0,0,0,0,0,camera_sign_speed_limit
18.852744664000056,72187000000,False,False,0,,,,0.0,0,0,0,0,0,camera_sign_speed_limit
18.90894585199976,72288000000,False,False,0,,,,0.0,0,0,0,0,0,camera_sign_speed_limit
18.953257617999952,72288000000,False,False,0,,,,0.0,0,0,0,0,0,camera_sign_speed_limit
18.961414360999697,72288000000,False,False,0,,,,0.0,0,0,0,0,0,camera_sign_speed_limit
18.995732515999862,72288000000,False,False,0,,,,0.0,0,0,0,0,0,camera_sign_speed_limit
19.068993938999938,72390000000,False,False,0,,,,0.0,0,0,0,0,0,camera_sign_speed_limit
19.073843275999934,72390000000,False,False,0,,,,0.0,0,0,0,0,0,camera_sign_speed_limit
19.094339496999964,72390000000,False,False,0,,,,0.0,0,0,0,0,0,camera_sign_speed_limit
19.12182794699993,72486000000,False,False,0,,,,0.0,0,0,0,0,0,camera_sign_speed_limit
19.16357119999975,72486000000,False,False,0,,,,0.0,0,0,0,0,0,camera_sign_speed_limit
19.188700707999942,72486000000,False,False,0,,,,0.0,0,0,0,0,0,camera_sign_speed_limit
19.233910525999818,72587000000,False,False,0,,,,0.0,0,0,0,0,0,camera_sign_speed_limit
19.27590333099988,72587000000,False,False,0,,,,0.0,0,0,0,0,0,camera_sign_speed_limit
19.304292661999625,72688000000,False,False,0,,,,0.0,0,0,0,0,0,camera_sign_speed_limit
19.33982610799967,72688000000,False,False,0,,,,0.0,0,0,0,0,0,camera_sign_speed_limit
19.375974514000063,72688000000,False,False,0,,,,0.0,0,0,0,0,0,camera_sign_speed_limit
19.396769755999685,72688000000,False,False,0,,,,0.0,0,0,0,0,0,camera_sign_speed_limit
19.440441405,72791000000,False,False,0,,,,0.0,0,0,0,0,0,camera_sign_speed_limit
19.472627270999965,72791000000,False,False,0,,,,0.0,0,0,0,0,0,camera_sign_speed_limit
19.496754712999973,72791000000,False,False,0,,,,0.0,0,0,0,0,0,camera_sign_speed_limit
19.532899589999943,72891000000,False,False,0,,,,0.0,0,0,0,0,0,camera_sign_speed_limit
19.58956604800005,72891000000,False,False,0,,,,0.0,0,0,0,0,0,camera_sign_speed_limit
19.5982953849998,72891000000,False,False,0,,,,0.0,0,0,0,0,0,camera_sign_speed_limit
19.62109637599997,72991000000,False,False,0,,,,0.0,0,0,0,0,0,camera_sign_speed_limit
19.68950034599993,72991000000,False,False,0,,,,0.0,0,0,0,0,0,camera_sign_speed_limit
19.69532314099979,72991000000,False,False,0,,,,0.0,0,0,0,0,0,camera_sign_speed_limit
19.719528919999902,73091000000,False,False,0,,,,0.0,0,0,0,0,0,camera_sign_speed_limit
19.75266994699996,73091000000,False,False,0,,,,0.0,0,0,0,0,0,camera_sign_speed_limit
19.80945445799989,73192000000,False,False,0,,,,0.0,0,0,0,0,0,camera_sign_speed_limit
19.84266253299984,73192000000,False,False,0,,,,0.0,0,0,0,0,0,camera_sign_speed_limit
19.85333254399984,73192000000,False,False,0,,,,0.0,0,0,0,0,0,camera_sign_speed_limit
19.90722806599979,73291000000,False,False,0,,,,0.0,0,0,0,0,0,camera_sign_speed_limit
19.919685812999887,73291000000,False,False,0,,,,0.0,0,0,0,0,0,camera_sign_speed_limit
19.965496878000067,73291000000,False,False,0,,,,0.0,0,0,0,0,0,camera_sign_speed_limit
19.989663963999647,73291000000,False,False,0,,,,0.0,0,0,0,0,0,camera_sign_speed_limit
20.03183337199971,73391000000,False,False,0,,,,0.0,0,0,0,0,0,camera_sign_speed_limit
20.06598140799997,73391000000,False,False,0,,,,0.0,0,0,0,0,0,camera_sign_speed_limit
20.104040665999946,73391000000,False,False,0,,,,0.0,0,0,0,0,0,camera_sign_speed_limit
20.13190203699969,73492000000,False,False,0,,,,0.0,0,0,0,0,0,camera_sign_speed_limit
20.156398816999626,73492000000,False,False,0,,,,0.0,0,0,0,0,0,camera_sign_speed_limit
20.19923758999994,73492000000,False,False,0,,,,0.0,0,0,0,0,0,camera_sign_speed_limit
20.26684906799983,73592000000,False,False,0,,,,0.0,0,0,0,0,0,camera_sign_speed_limit
20.277170378999926,73592000000,False,False,0,,,,0.0,0,0,0,0,0,camera_sign_speed_limit
20.311937534999743,73692000000,False,False,0,,,,0.0,0,0,0,0,0,camera_sign_speed_limit
20.34376352199979,73692000000,False,False,0,,,,0.0,0,0,0,0,0,camera_sign_speed_limit
20.370469864999905,73692000000,False,False,0,,,,0.0,0,0,0,0,0,camera_sign_speed_limit
20.42439298499994,73792000000,False,False,0,,,,0.0,0,0,0,0,0,camera_sign_speed_limit
20.43511012099998,73792000000,False,False,0,,,,0.0,0,0,0,0,0,camera_sign_speed_limit
20.45568324299984,73792000000,False,False,0,,,,0.0,0,0,0,0,0,camera_sign_speed_limit
20.502844162999736,73792000000,False,False,0,,,,0.0,0,0,0,0,0,camera_sign_speed_limit
20.548108062999745,73894000000,False,False,0,,,,0.0,0,0,0,0,0,camera_sign_speed_limit
20.555490198999905,73894000000,False,False,0,,,,0.0,0,0,0,0,0,camera_sign_speed_limit
20.597867282999687,73894000000,False,False,0,,,,0.0,0,0,0,0,0,camera_sign_speed_limit
20.620756279000034,73996000000,False,False,0,,,,0.0,0,0,0,0,0,camera_sign_speed_limit
20.67795353299971,73996000000,False,False,0,,,,0.0,0,0,0,0,0,camera_sign_speed_limit
20.70407983799987,73996000000,False,False,0,,,,0.0,0,0,0,0,0,camera_sign_speed_limit
20.73259301300004,74096000000,False,False,0,,,,0.0,0,0,0,0,0,camera_sign_speed_limit
20.753588852999656,74096000000,False,False,0,,,,0.0,0,0,0,0,0,camera_sign_speed_limit
20.80034876799982,74096000000,False,False,0,,,,0.0,0,0,0,0,0,camera_sign_speed_limit
20.83345166199979,74194000000,False,False,0,,,,0.0,0,0,0,0,0,camera_sign_speed_limit
20.879646142999718,74194000000,False,False,0,,,,0.0,0,0,0,0,0,camera_sign_speed_limit
20.901806308999767,74194000000,False,False,0,,,,0.0,0,0,0,0,0,camera_sign_speed_limit
20.934961724000004,74294000000,False,False,0,,,,0.0,0,0,0,0,0,camera_sign_speed_limit
20.97974235799984,74294000000,False,False,0,,,,0.0,0,0,0,0,0,camera_sign_speed_limit
21.00304495299997,74294000000,False,False,0,,,,0.0,0,0,0,0,0,camera_sign_speed_limit
21.03632197199977,74393000000,False,False,0,,,,0.0,0,0,0,0,0,camera_sign_speed_limit
21.05830290899985,74393000000,False,False,0,,,,0.0,0,0,0,0,0,camera_sign_speed_limit
21.0926428759999,74393000000,False,False,0,,,,0.0,0,0,0,0,0,camera_sign_speed_limit
21.135109007999745,74493000000,False,False,0,,,,0.0,0,0,0,0,0,camera_sign_speed_limit
21.169099112999902,74493000000,False,False,0,,,,0.0,0,0,0,0,0,camera_sign_speed_limit
21.215167155000017,74590000000,False,False,0,,,,0.0,0,0,0,0,0,camera_sign_speed_limit
21.237297593999756,74590000000,False,False,0,,,,0.0,0,0,0,0,0,camera_sign_speed_limit
21.293466436000017,74590000000,False,False,0,,,,0.0,0,0,0,0,0,camera_sign_speed_limit
21.298088766999626,74590000000,False,False,0,,,,0.0,0,0,0,0,0,camera_sign_speed_limit
21.33611334499983,74693000000,False,False,0,,,,0.0,0,0,0,0,0,camera_sign_speed_limit
21.367831128000034,74693000000,False,False,0,,,,0.0,0,0,0,0,0,camera_sign_speed_limit
21.38971269600006,74693000000,False,False,0,,,,0.0,0,0,0,0,0,camera_sign_speed_limit
21.436159083999883,74795000000,False,False,0,,,,0.0,0,0,0,0,0,camera_sign_speed_limit
21.45611677099987,74795000000,False,False,0,,,,0.0,0,0,0,0,0,camera_sign_speed_limit
21.501838806999785,74795000000,False,False,0,,,,0.0,0,0,0,0,0,camera_sign_speed_limit
21.537669126999845,74897000000,False,False,0,,,,0.0,0,0,0,0,0,camera_sign_speed_limit
21.566777643000023,74897000000,False,False,0,,,,0.0,0,0,0,0,0,camera_sign_speed_limit
21.632247663999806,74997000000,False,False,0,,,,0.0,0,0,0,0,0,camera_sign_speed_limit
21.63726038499999,74997000000,False,False,0,,,,0.0,0,0,0,0,0,camera_sign_speed_limit
21.679149463999693,74997000000,False,False,0,,,,0.0,0,0,0,0,0,camera_sign_speed_limit
21.69679934199985,74997000000,False,False,0,,,,0.0,0,0,0,0,0,camera_sign_speed_limit
21.770392282999637,75094000000,False,False,0,,,,0.0,0,0,0,0,0,camera_sign_speed_limit
21.776279453999905,75094000000,False,False,0,,,,0.0,0,0,0,0,0,camera_sign_speed_limit
21.81728248599984,75196000000,False,False,0,,,,0.0,0,0,0,0,0,camera_sign_speed_limit
21.836232139000003,75196000000,False,False,0,,,,0.0,0,0,0,0,0,camera_sign_speed_limit
21.857106565999857,75196000000,False,False,0,,,,0.0,0,0,0,0,0,camera_sign_speed_limit
21.90342067399979,75196000000,False,False,0,,,,0.0,0,0,0,0,0,camera_sign_speed_limit
21.933019154999783,75298000000,False,False,0,,,,0.0,0,0,0,0,0,camera_sign_speed_limit
21.967513763999705,75298000000,False,False,0,,,,0.0,0,0,0,0,0,camera_sign_speed_limit
21.989084352999726,75298000000,False,False,0,,,,0.0,0,0,0,0,0,camera_sign_speed_limit
22.03303869299998,75399000000,False,False,0,,,,0.0,0,0,0,0,0,camera_sign_speed_limit
22.074314217999927,75399000000,False,False,0,,,,0.0,0,0,0,0,0,camera_sign_speed_limit
22.099746353999763,75399000000,False,False,0,,,,0.0,0,0,0,0,0,camera_sign_speed_limit
22.121841173999655,75500000000,False,False,0,,,,0.0,0,0,0,0,0,camera_sign_speed_limit
22.180045035999683,75500000000,False,False,0,,,,0.0,0,0,0,0,0,camera_sign_speed_limit
22.190986681999675,75500000000,False,False,0,,,,0.0,0,0,0,0,0,camera_sign_speed_limit
22.23624426499964,75598000000,False,False,0,,,,0.0,0,0,0,0,0,camera_sign_speed_limit
22.261009507999916,75598000000,False,False,0,,,,0.0,0,0,0,0,0,camera_sign_speed_limit
22.30423626599986,75598000000,False,False,0,,,,0.0,0,0,0,0,0,camera_sign_speed_limit
22.358340968999983,75697000000,False,False,0,,,,0.0,0,0,0,0,0,camera_sign_speed_limit
22.369404816000042,75697000000,False,False,0,,,,0.0,0,0,0,0,0,camera_sign_speed_limit
22.424033315999623,75798000000,False,False,0,,,,0.0,0,0,0,0,0,camera_sign_speed_limit
22.457599195000057,75798000000,False,False,0,,,,0.0,0,0,0,0,0,camera_sign_speed_limit
22.49155572799964,75798000000,False,False,0,,,,0.0,0,0,0,0,0,camera_sign_speed_limit
22.512745247999646,75798000000,False,False,0,,,,0.0,0,0,0,0,0,camera_sign_speed_limit
22.524452182000005,75900000000,False,False,0,,,,0.0,0,0,0,0,0,camera_sign_speed_limit
22.588517844999842,75900000000,False,False,0,,,,0.0,0,0,0,0,0,camera_sign_speed_limit
22.599067187999935,75900000000,False,False,0,,,,0.0,0,0,0,0,0,camera_sign_speed_limit
22.63534417699975,75999000000,False,False,0,,,,0.0,0,0,0,0,0,camera_sign_speed_limit
22.6687001209998,75999000000,False,False,0,,,,0.0,0,0,0,0,0,camera_sign_speed_limit
22.70399884399967,75999000000,False,False,0,,,,0.0,0,0,0,0,0,camera_sign_speed_limit
22.736548971000047,76100000000,True,False,1,camera_sign_speed_limit,speed_limit_sign,,0.4327980311580176,5727,83,69,301,166,camera_sign_speed_limit
22.780068758999732,76100000000,True,True,2,camera_sign_speed_limit,speed_limit_sign,,0.4335658131492187,5880,84,70,300,165,camera_sign_speed_limit
22.805677183999705,76100000000,True,True,3,camera_sign_speed_limit,speed_limit_sign,,0.43460139756483795,6132,84,73,299,165,camera_sign_speed_limit
22.83682950499997,76199000000,True,True,4,camera_sign_speed_limit,speed_limit_sign,,0.42890952598580556,5950,85,70,297,164,camera_sign_speed_limit
22.862001919999784,76199000000,True,True,5,camera_sign_speed_limit,speed_limit_sign,,0.4399396272715025,6424,88,73,296,164,camera_sign_speed_limit
22.89738803299997,76199000000,True,True,6,camera_sign_speed_limit,speed_limit_sign,,0.4385120079771261,6512,88,74,294,163,camera_sign_speed_limit
22.926361859999815,76298000000,True,True,7,camera_sign_speed_limit,speed_limit_sign,,0.4393226984711134,6512,88,74,293,163,camera_sign_speed_limit
22.97019887899978,76298000000,True,True,8,camera_sign_speed_limit,speed_limit_sign,,0.43388061853500226,6586,89,74,292,162,camera_sign_speed_limit
23.013313989999915,76298000000,True,True,9,camera_sign_speed_limit,speed_limit_sign,,0.4355031036278021,6660,90,74,290,161,camera_sign_speed_limit
23.03719134699986,76400000000,True,True,10,camera_sign_speed_limit,speed_limit_sign,,0.4313509610665982,6750,90,75,289,161,camera_sign_speed_limit
23.058586574999936,76400000000,True,True,11,camera_sign_speed_limit,speed_limit_sign,,0.43527648365978966,7020,90,78,287,160,camera_sign_speed_limit
23.09129830999973,76400000000,True,True,12,camera_sign_speed_limit,speed_limit_sign,,0.4405445128538829,7254,93,78,285,159,camera_sign_speed_limit
23.147573907999686,76502000000,True,True,13,camera_sign_speed_limit,speed_limit_sign,,0.4412348456485393,7426,94,79,284,159,camera_sign_speed_limit
23.194023602000016,76502000000,True,True,14,camera_sign_speed_limit,speed_limit_sign,,0.43601457276613587,7410,95,78,282,158,camera_sign_speed_limit
23.213897128999633,76502000000,True,True,15,camera_sign_speed_limit,speed_limit_sign,,0.4327435903835876,7505,95,79,280,157,camera_sign_speed_limit
23.227110897999864,76600000000,True,True,16,camera_sign_speed_limit,speed_limit_sign,,0.4391315234603053,7742,98,79,279,157,camera_sign_speed_limit
23.273087455999757,76600000000,True,True,17,camera_sign_speed_limit,speed_limit_sign,,0.4351270540487353,7840,98,80,277,156,camera_sign_speed_limit
23.307544204999886,76600000000,True,True,18,camera_sign_speed_limit,speed_limit_sign,,0.43908452571123274,8000,100,80,275,155,camera_sign_speed_limit
23.35318678099975,76698000000,True,True,19,camera_sign_speed_limit,speed_limit_sign,,0.4411863904204325,8300,100,83,273,154,camera_sign_speed_limit
23.36098130299979,76698000000,True,True,20,camera_sign_speed_limit,speed_limit_sign,,0.44406047407628435,8549,103,83,271,154,camera_sign_speed_limit
23.40690821299995,76698000000,True,True,21,camera_sign_speed_limit,speed_limit_sign,,0.4397700925334239,8652,103,84,269,153,camera_sign_speed_limit
23.438320606999696,76801000000,True,True,22,camera_sign_speed_limit,speed_limit_sign,,0.44210388866115347,8820,105,84,268,152,camera_sign_speed_limit
23.47852616,76801000000,True,True,23,camera_sign_speed_limit,speed_limit_sign,,0.43837825737057823,8925,105,85,265,151,camera_sign_speed_limit
23.495564279000064,76801000000,True,True,24,camera_sign_speed_limit,speed_limit_sign,,0.44280843599155195,9265,109,85,264,150,camera_sign_speed_limit
23.537785877999795,76903000000,True,True,25,camera_sign_speed_limit,speed_limit_sign,,0.44830099795121586,9701,109,89,262,150,camera_sign_speed_limit
23.560245441999996,76903000000,True,True,26,camera_sign_speed_limit,speed_limit_sign,,0.4489712364541646,9790,110,89,259,149,camera_sign_speed_limit
23.594818098999895,76903000000,True,True,27,camera_sign_speed_limit,speed_limit_sign,,0.4464586585544227,10170,113,90,257,148,camera_sign_speed_limit
23.637752587999785,77002000000,True,True,28,camera_sign_speed_limit,speed_limit_sign,,0.4463594478373012,10260,114,90,255,147,camera_sign_speed_limit
23.67094354899973,77002000000,True,True,29,camera_sign_speed_limit,speed_limit_sign,,0.44600544879724,10350,115,90,253,146,camera_sign_speed_limit
23.706686331999663,77002000000,True,True,30,camera_sign_speed_limit,speed_limit_sign,,0.44936339141728254,10810,115,94,251,145,camera_sign_speed_limit
23.738856951999878,77102000000,True,True,31,camera_sign_speed_limit,speed_limit_sign,,0.45206492975675433,11186,119,94,248,144,camera_sign_speed_limit
23.760489709000012,77102000000,True,True,32,camera_sign_speed_limit,speed_limit_sign,,0.4473281530732598,11400,120,95,246,143,camera_sign_speed_limit
23.805832026999724,77102000000,True,True,33,camera_sign_speed_limit,speed_limit_sign,,0.44856089721527703,11685,123,95,244,142,camera_sign_speed_limit
23.826636808999865,77102000000,True,True,34,camera_sign_speed_limit,speed_limit_sign,,0.45571818012104803,12152,124,98,241,141,camera_sign_speed_limit
23.85855660299967,77206000000,True,True,35,camera_sign_speed_limit,speed_limit_sign,,0.4528023701192863,12573,127,99,239,140,camera_sign_speed_limit
23.8919511969998,77206000000,True,True,36,camera_sign_speed_limit,speed_limit_sign,,0.45146947686226846,12771,129,99,236,139,camera_sign_speed_limit
23.950802493999618,77304000000,True,True,37,camera_sign_speed_limit,speed_limit_sign,,0.4577272956403905,13200,132,100,233,138,camera_sign_speed_limit
23.960903766999763,77304000000,True,True,38,camera_sign_speed_limit,speed_limit_sign,,0.45580694816808787,13699,133,103,231,137,camera_sign_speed_limit
23.99640721800006,77304000000,True,True,39,camera_sign_speed_limit,speed_limit_sign,,0.46084536415846067,14248,137,104,228,136,camera_sign_speed_limit
24.02899321399991,77404000000,True,True,40,camera_sign_speed_limit,speed_limit_sign,,0.45645214446271015,14352,138,104,225,135,camera_sign_speed_limit
24.061831117999645,77404000000,True,True,41,camera_sign_speed_limit,speed_limit_sign,,0.458907246928898,15012,139,108,222,133,camera_sign_speed_limit
24.10672625999996,77404000000,True,True,42,camera_sign_speed_limit,speed_limit_sign,,0.4619429181729161,15587,143,109,219,132,camera_sign_speed_limit
24.129202138999972,77505000000,True,True,43,camera_sign_speed_limit,speed_limit_sign,,0.4581988454349659,15696,144,109,216,131,camera_sign_speed_limit
24.17358642699992,77505000000,True,True,44,camera_sign_speed_limit,speed_limit_sign,,0.4607986978181509,16170,147,110,213,130,camera_sign_speed_limit
24.217849441999988,77505000000,True,True,45,camera_sign_speed_limit,speed_limit_sign,,0.46302775129247004,16986,149,114,210,128,camera_sign_speed_limit
24.25206752799977,77604000000,True,True,46,camera_sign_speed_limit,speed_limit_sign,,0.46504422587704625,17595,153,115,207,127,camera_sign_speed_limit
24.27371766899978,77604000000,True,True,47,camera_sign_speed_limit,speed_limit_sign,,0.4605181398687532,17710,154,115,203,126,camera_sign_speed_limit
24.31963380499974,77604000000,True,True,48,camera_sign_speed_limit,speed_limit_sign,,0.464665630697493,18644,158,118,200,124,camera_sign_speed_limit
24.35282351299975,77705000000,True,True,49,camera_sign_speed_limit,speed_limit_sign,,0.4666676456954554,19278,162,119,196,123,camera_sign_speed_limit
24.3769925229999,77705000000,True,True,50,camera_sign_speed_limit,speed_limit_sign,,0.46525597254809337,19680,164,120,193,121,camera_sign_speed_limit
24.405323683000006,77705000000,True,True,51,camera_sign_speed_limit,speed_limit_sign,,0.4672145680219666,20541,167,123,189,120,camera_sign_speed_limit
24.460680556999705,77807000000,True,True,52,camera_sign_speed_limit,speed_limit_sign,,0.47031349581512605,21844,172,127,185,118,camera_sign_speed_limit
24.470162914999946,77807000000,True,True,53,camera_sign_speed_limit,speed_limit_sign,,0.4714757010028915,22446,174,129,182,117,camera_sign_speed_limit
24.506030909999936,77807000000,True,True,54,camera_sign_speed_limit,speed_limit_sign,,0.4733612972976283,23496,178,132,177,115,camera_sign_speed_limit
24.528345699000056,77807000000,True,True,55,camera_sign_speed_limit,speed_limit_sign,,0.47290471259656774,24206,182,133,173,114,camera_sign_speed_limit
24.5705323469997,77908000000,True,True,56,camera_sign_speed_limit,speed_limit_sign,,0.47359459697469564,25058,187,134,169,112,camera_sign_speed_limit
24.60742531799997,77908000000,True,True,57,camera_sign_speed_limit,speed_limit_sign,,0.47569201265891714,26082,189,138,165,110,camera_sign_speed_limit
24.640654300999813,78007000000,True,True,58,camera_sign_speed_limit,speed_limit_sign,,0.46742228890799903,26441,193,137,160,108,camera_sign_speed_limit
24.67174647999991,78007000000,True,True,59,camera_sign_speed_limit,speed_limit_sign,,0.463368512367785,27126,198,137,157,107,camera_sign_speed_limit
24.728756531999807,78007000000,True,True,60,camera_sign_speed_limit,speed_limit_sign,,0.46330099183950907,27126,198,137,157,107,camera_sign_speed_limit
24.73975961999986,78106000000,True,True,61,camera_sign_speed_limit,speed_limit_sign,,0.4632807512232525,27126,198,137,157,107,camera_sign_speed_limit
24.763122854999892,78106000000,True,True,62,camera_sign_speed_limit,speed_limit_sign,,0.46327232135387364,27126,198,137,157,107,camera_sign_speed_limit
24.80951486899994,78106000000,True,True,63,camera_sign_speed_limit,speed_limit_sign,,0.46330099183950907,27126,198,137,157,107,camera_sign_speed_limit
24.846765456999947,78202000000,True,True,64,camera_sign_speed_limit,speed_limit_sign,,0.46330099183950907,27126,198,137,157,107,camera_sign_speed_limit
24.87968786099964,78202000000,True,True,65,camera_sign_speed_limit,speed_limit_sign,,0.46327232135387364,27126,198,137,157,107,camera_sign_speed_limit
24.916989443999682,78202000000,True,True,66,camera_sign_speed_limit,speed_limit_sign,,0.46329726591509707,27126,198,137,157,107,camera_sign_speed_limit
24.951833955999973,78298000000,True,True,67,camera_sign_speed_limit,speed_limit_sign,,0.46329726591509707,27126,198,137,157,107,camera_sign_speed_limit
24.99441834199979,78298000000,True,True,68,camera_sign_speed_limit,speed_limit_sign,,0.46329726591509707,27126,198,137,157,107,camera_sign_speed_limit
25.033505607999814,78400000000,True,True,69,camera_sign_speed_limit,speed_limit_sign,,0.46329726591509707,27126,198,137,157,107,camera_sign_speed_limit
25.092309313999976,78400000000,True,True,70,camera_sign_speed_limit,speed_limit_sign,,0.46327232135387364,27126,198,137,157,107,camera_sign_speed_limit
25.10141518899991,78400000000,True,True,71,camera_sign_speed_limit,speed_limit_sign,,0.46330099183950907,27126,198,137,157,107,camera_sign_speed_limit
25.114725193999675,78400000000,True,True,72,camera_sign_speed_limit,speed_limit_sign,,0.46319312260139694,27126,198,137,157,107,camera_sign_speed_limit
25.145538133999707,78506000000,True,True,73,camera_sign_speed_limit,speed_limit_sign,,0.46319312260139694,27126,198,137,157,107,camera_sign_speed_limit
25.171037671999784,78506000000,True,True,74,camera_sign_speed_limit,speed_limit_sign,,0.4632700667540548,27126,198,137,157,107,camera_sign_speed_limit
25.21012261299984,78506000000,True,True,75,camera_sign_speed_limit,speed_limit_sign,,0.46329726591509707,27126,198,137,157,107,camera_sign_speed_limit
25.243755341999986,78609000000,True,True,76,camera_sign_speed_limit,speed_limit_sign,,0.4632807512232525,27126,198,137,157,107,camera_sign_speed_limit
25.298994628999935,78609000000,True,True,77,camera_sign_speed_limit,speed_limit_sign,,0.46329726591509707,27126,198,137,157,107,camera_sign_speed_limit
25.305978349999805,78609000000,True,True,78,camera_sign_speed_limit,speed_limit_sign,,0.4634195304254317,27126,198,137,157,107,camera_sign_speed_limit
25.332103303999702,78609000000,True,True,79,camera_sign_speed_limit,speed_limit_sign,,0.46329726591509707,27126,198,137,157,107,camera_sign_speed_limit
25.38129995899999,78708000000,True,True,80,camera_sign_speed_limit,speed_limit_sign,,0.4632807512232525,27126,198,137,157,107,camera_sign_speed_limit
25.400652008999714,78708000000,True,True,81,camera_sign_speed_limit,speed_limit_sign,,0.4632807512232525,27126,198,137,157,107,camera_sign_speed_limit
25.443587750999995,78808000000,True,True,82,camera_sign_speed_limit,speed_limit_sign,,0.4634195304254317,27126,198,137,157,107,camera_sign_speed_limit
25.47523205399966,78808000000,True,True,83,camera_sign_speed_limit,speed_limit_sign,,0.46329726591509707,27126,198,137,157,107,camera_sign_speed_limit
25.523049176999848,78808000000,True,True,84,camera_sign_speed_limit,speed_limit_sign,,0.46329726591509707,27126,198,137,157,107,camera_sign_speed_limit
25.554639527999825,78909000000,True,True,85,camera_sign_speed_limit,speed_limit_sign,,0.46329726591509707,27126,198,137,157,107,camera_sign_speed_limit
25.56899683599977,78909000000,True,True,86,camera_sign_speed_limit,speed_limit_sign,,0.46329876404680803,27126,198,137,157,107,camera_sign_speed_limit
25.599401386999943,78909000000,True,True,87,camera_sign_speed_limit,speed_limit_sign,,0.46329876404680803,27126,198,137,157,107,camera_sign_speed_limit
25.63437609599987,79009000000,True,True,88,camera_sign_speed_limit,speed_limit_sign,,0.46329726591509707,27126,198,137,157,107,camera_sign_speed_limit
25.692177842999627,79009000000,True,True,89,camera_sign_speed_limit,speed_limit_sign,,0.4632807512232525,27126,198,137,157,107,camera_sign_speed_limit
25.72116492499981,79009000000,True,True,90,camera_sign_speed_limit,speed_limit_sign,,0.463366005403937,27126,198,137,157,107,camera_sign_speed_limit
25.765759136999804,79110000000,True,True,91,camera_sign_speed_limit,speed_limit_sign,,0.46329726591509707,27126,198,137,157,107,camera_sign_speed_limit
25.786452505999932,79110000000,True,True,92,camera_sign_speed_limit,speed_limit_sign,,0.46329726591509707,27126,198,137,157,107,camera_sign_speed_limit
25.8330271169998,79110000000,True,True,93,camera_sign_speed_limit,speed_limit_sign,,0.46329726591509707,27126,198,137,157,107,camera_sign_speed_limit
25.851522034000027,79210000000,True,True,94,camera_sign_speed_limit,speed_limit_sign,,0.463366005403937,27126,198,137,157,107,camera_sign_speed_limit
25.880754730999797,79210000000,True,True,95,camera_sign_speed_limit,speed_limit_sign,,0.46329726591509707,27126,198,137,157,107,camera_sign_speed_limit
25.91122431599979,79210000000,True,True,96,camera_sign_speed_limit,speed_limit_sign,,0.46329726591509707,27126,198,137,157,107,camera_sign_speed_limit
25.967778933999853,79310000000,True,True,97,camera_sign_speed_limit,speed_limit_sign,,0.4632807512232525,27126,198,137,157,107,camera_sign_speed_limit
25.977610601999913,79310000000,True,True,98,camera_sign_speed_limit,speed_limit_sign,,0.463366005403937,27126,198,137,157,107,camera_sign_speed_limit
25.998951526999917,79310000000,True,True,99,camera_sign_speed_limit,speed_limit_sign,,0.46329726591509707,27126,198,137,157,107,camera_sign_speed_limit
26.044126648999736,79410000000,True,True,100,camera_sign_speed_limit,speed_limit_sign,,0.46329726591509707,27126,198,137,157,107,camera_sign_speed_limit
26.06360221199975,79410000000,True,True,101,camera_sign_speed_limit,speed_limit_sign,,0.4632807512232525,27126,198,137,157,107,camera_sign_speed_limit
26.156028395999783,79508000000,True,True,102,camera_sign_speed_limit,speed_limit_sign,,0.4632807512232525,27126,198,137,157,107,camera_sign_speed_limit
26.163906911999675,79508000000,True,True,103,camera_sign_speed_limit,speed_limit_sign,,0.46329726591509707,27126,198,137,157,107,camera_sign_speed_limit
26.171697732999746,79508000000,True,True,104,camera_sign_speed_limit,speed_limit_sign,,0.46329726591509707,27126,198,137,157,107,camera_sign_speed_limit
26.210621208999783,79508000000,True,True,105,camera_sign_speed_limit,speed_limit_sign,,0.46329726591509707,27126,198,137,157,107,camera_sign_speed_limit
26.253155689999858,79612000000,True,True,106,camera_sign_speed_limit,speed_limit_sign,,0.4632807512232525,27126,198,137,157,107,camera_sign_speed_limit
26.278844908999872,79612000000,True,True,107,camera_sign_speed_limit,speed_limit_sign,,0.46329726591509707,27126,198,137,157,107,camera_sign_speed_limit
26.299324522999996,79612000000,True,True,108,camera_sign_speed_limit,speed_limit_sign,,0.46329726591509707,27126,198,137,157,107,camera_sign_speed_limit
26.34311685700004,79711000000,True,True,109,camera_sign_speed_limit,speed_limit_sign,,0.46329726591509707,27126,198,137,157,107,camera_sign_speed_limit
26.381542859999627,79711000000,True,True,110,camera_sign_speed_limit,speed_limit_sign,,0.46329726591509707,27126,198,137,157,107,camera_sign_speed_limit
26.414881326999875,79711000000,True,True,111,camera_sign_speed_limit,speed_limit_sign,,0.46329726591509707,27126,198,137,157,107,camera_sign_speed_limit
26.44274545799999,79812000000,True,True,112,camera_sign_speed_limit,speed_limit_sign,,0.46329726591509707,27126,198,137,157,107,camera_sign_speed_limit
26.46891382299964,79812000000,True,True,113,camera_sign_speed_limit,speed_limit_sign,,0.46329726591509707,27126,198,137,157,107,camera_sign_speed_limit
26.511326573999668,79812000000,True,True,114,camera_sign_speed_limit,speed_limit_sign,,0.4632807512232525,27126,198,137,157,107,camera_sign_speed_limit
26.546490811999774,79912000000,True,True,115,camera_sign_speed_limit,speed_limit_sign,,0.46329726591509707,27126,198,137,157,107,camera_sign_speed_limit
26.581208458999754,79912000000,True,True,116,camera_sign_speed_limit,speed_limit_sign,,0.46329726591509707,27126,198,137,157,107,camera_sign_speed_limit
26.62391887900003,79912000000,True,True,117,camera_sign_speed_limit,speed_limit_sign,,0.46329726591509707,27126,198,137,157,107,camera_sign_speed_limit
26.658968359000028,80013000000,True,True,118,camera_sign_speed_limit,speed_limit_sign,,0.46329726591509707,27126,198,137,157,107,camera_sign_speed_limit
26.669153583000025,80013000000,True,True,119,camera_sign_speed_limit,speed_limit_sign,,0.4633373191861588,27126,198,137,157,107,camera_sign_speed_limit
26.712224440999762,80013000000,True,True,120,camera_sign_speed_limit,speed_limit_sign,,0.46329726591509707,27126,198,137,157,107,camera_sign_speed_limit
26.769028679999792,80113000000,True,True,121,camera_sign_speed_limit,speed_limit_sign,,0.46329726591509707,27126,198,137,157,107,camera_sign_speed_limit
26.80286570499993,80113000000,True,True,122,camera_sign_speed_limit,speed_limit_sign,,0.46327232135387364,27126,198,137,157,107,camera_sign_speed_limit
26.810102185999767,80113000000,True,True,123,camera_sign_speed_limit,speed_limit_sign,,0.46327232135387364,27126,198,137,157,107,camera_sign_speed_limit
26.856190125000012,80213000000,True,True,124,camera_sign_speed_limit,speed_limit_sign,,0.46329726591509707,27126,198,137,157,107,camera_sign_speed_limit
26.877009392999753,80213000000,True,True,125,camera_sign_speed_limit,speed_limit_sign,,0.46329726591509707,27126,198,137,157,107,camera_sign_speed_limit
26.944431574999726,80314000000,True,True,126,camera_sign_speed_limit,speed_limit_sign,,0.46324045397153096,27126,198,137,157,107,camera_sign_speed_limit
26.951554380999823,80314000000,True,True,127,camera_sign_speed_limit,speed_limit_sign,,0.46327232135387364,27126,198,137,157,107,camera_sign_speed_limit
26.992004748,80314000000,True,True,128,camera_sign_speed_limit,speed_limit_sign,,0.46329726591509707,27126,198,137,157,107,camera_sign_speed_limit
27.02537365499984,80314000000,True,True,129,camera_sign_speed_limit,speed_limit_sign,,0.46329726591509707,27126,198,137,157,107,camera_sign_speed_limit
27.03255062299968,80314000000,True,True,130,camera_sign_speed_limit,speed_limit_sign,,0.46324045397153096,27126,198,137,157,107,camera_sign_speed_limit
27.103918746999625,80416000000,True,True,131,camera_sign_speed_limit,speed_limit_sign,,0.46327232135387364,27126,198,137,157,107,camera_sign_speed_limit
27.112706665999667,80416000000,True,True,132,camera_sign_speed_limit,speed_limit_sign,,0.46324045397153096,27126,198,137,157,107,camera_sign_speed_limit
27.15508725599966,80513000000,True,True,133,camera_sign_speed_limit,speed_limit_sign,,0.46326915192279333,27126,198,137,157,107,camera_sign_speed_limit
27.169043619999684,80513000000,True,True,134,camera_sign_speed_limit,speed_limit_sign,,0.46329503783235854,27126,198,137,157,107,camera_sign_speed_limit
27.21289697899965,80513000000,True,True,135,camera_sign_speed_limit,speed_limit_sign,,0.46330099183950907,27126,198,137,157,107,camera_sign_speed_limit
27.256180719999975,80616000000,True,True,136,camera_sign_speed_limit,speed_limit_sign,,0.46324045397153096,27126,198,137,157,107,camera_sign_speed_limit
27.268915710999863,80616000000,True,True,137,camera_sign_speed_limit,speed_limit_sign,,0.46326915192279333,27126,198,137,157,107,camera_sign_speed_limit
27.31377634799992,80616000000,True,True,138,camera_sign_speed_limit,speed_limit_sign,,0.46326915192279333,27126,198,137,157,107,camera_sign_speed_limit
27.361545961000047,80717000000,True,True,139,camera_sign_speed_limit,speed_limit_sign,,0.46326915192279333,27126,198,137,157,107,camera_sign_speed_limit
27.36904214399965,80717000000,True,True,140,camera_sign_speed_limit,speed_limit_sign,,0.46324045397153096,27126,198,137,157,107,camera_sign_speed_limit
27.415956398999697,80717000000,True,True,141,camera_sign_speed_limit,speed_limit_sign,,0.46329503783235854,27126,198,137,157,107,camera_sign_speed_limit
27.44943008099972,80815000000,True,True,142,camera_sign_speed_limit,speed_limit_sign,,0.46324045397153096,27126,198,137,157,107,camera_sign_speed_limit
27.481891932000053,80815000000,True,True,143,camera_sign_speed_limit,speed_limit_sign,,0.46326915192279333,27126,198,137,157,107,camera_sign_speed_limit
27.50230006599986,80815000000,True,True,144,camera_sign_speed_limit,speed_limit_sign,,0.46326915192279333,27126,198,137,157,107,camera_sign_speed_limit
27.546718605000024,80914000000,True,True,145,camera_sign_speed_limit,speed_limit_sign,,0.46329503783235854,27126,198,137,157,107,camera_sign_speed_limit
27.582366266999998,80914000000,True,True,146,camera_sign_speed_limit,speed_limit_sign,,0.46324045397153096,27126,198,137,157,107,camera_sign_speed_limit
27.62754972499988,80914000000,True,True,147,camera_sign_speed_limit,speed_limit_sign,,0.46326915192279333,27126,198,137,157,107,camera_sign_speed_limit
27.648906991999866,81013000000,True,True,148,camera_sign_speed_limit,speed_limit_sign,,0.46324045397153096,27126,198,137,157,107,camera_sign_speed_limit
27.69106396899997,81013000000,True,True,149,camera_sign_speed_limit,speed_limit_sign,,0.46329503783235854,27126,198,137,157,107,camera_sign_speed_limit
27.705886042999737,81013000000,True,True,150,camera_sign_speed_limit,speed_limit_sign,,0.46329503783235854,27126,198,137,157,107,camera_sign_speed_limit
27.750888886999746,81115000000,True,True,151,camera_sign_speed_limit,speed_limit_sign,,0.46326915192279333,27126,198,137,157,107,camera_sign_speed_limit
27.782053203000032,81115000000,True,True,152,camera_sign_speed_limit,speed_limit_sign,,0.46326915192279333,27126,198,137,157,107,camera_sign_speed_limit
27.838027038999826,81115000000,True,True,153,camera_sign_speed_limit,speed_limit_sign,,0.46328050299030066,27126,198,137,157,107,camera_sign_speed_limit
27.84822325999994,81214000000,True,True,154,camera_sign_speed_limit,speed_limit_sign,,0.46326915192279333,27126,198,137,157,107,camera_sign_speed_limit
27.87166338499992,81214000000,True,True,155,camera_sign_speed_limit,speed_limit_sign,,0.46326915192279333,27126,198,137,157,107,camera_sign_speed_limit
27.903178814000057,81214000000,True,True,156,camera_sign_speed_limit,speed_limit_sign,,0.46326915192279333,27126,198,137,157,107,camera_sign_speed_limit
27.94618544399964,81316000000,True,True,157,camera_sign_speed_limit,speed_limit_sign,,0.46328050299030066,27126,198,137,157,107,camera_sign_speed_limit
27.989386313000068,81316000000,True,True,158,camera_sign_speed_limit,speed_limit_sign,,0.46326915192279333,27126,198,137,157,107,camera_sign_speed_limit
28.015639436999663,81316000000,True,True,159,camera_sign_speed_limit,speed_limit_sign,,0.46326915192279333,27126,198,137,157,107,camera_sign_speed_limit
28.057401307999953,81416000000,True,True,160,camera_sign_speed_limit,speed_limit_sign,,0.46329726591509707,27126,198,137,157,107,camera_sign_speed_limit
28.08093932299971,81416000000,True,True,161,camera_sign_speed_limit,speed_limit_sign,,0.46329726591509707,27126,198,137,157,107,camera_sign_speed_limit
28.12519122699996,81416000000,True,True,162,camera_sign_speed_limit,speed_limit_sign,,0.46324045397153096,27126,198,137,157,107,camera_sign_speed_limit
28.137638933999824,81416000000,True,True,163,camera_sign_speed_limit,speed_limit_sign,,0.46326915192279333,27126,198,137,157,107,camera_sign_speed_limit
28.203666405999684,81516000000,True,True,164,camera_sign_speed_limit,speed_limit_sign,,0.46329726591509707,27126,198,137,157,107,camera_sign_speed_limit
28.216651551999803,81516000000,True,True,165,camera_sign_speed_limit,speed_limit_sign,,0.4632156032565991,27126,198,137,157,107,camera_sign_speed_limit
28.260406585000055,81516000000,True,True,166,camera_sign_speed_limit,speed_limit_sign,,0.46328050299030066,27126,198,137,157,107,camera_sign_speed_limit
28.290996882999934,81516000000,True,True,167,camera_sign_speed_limit,speed_limit_sign,,0.46326915192279333,27126,198,137,157,107,camera_sign_speed_limit
28.303091231000053,81516000000,True,True,168,camera_sign_speed_limit,speed_limit_sign,,0.46326915192279333,27126,198,137,157,107,camera_sign_speed_limit
28.335104243999922,81516000000,True,True,169,camera_sign_speed_limit,speed_limit_sign,,0.4632156032565991,27126,198,137,157,107,camera_sign_speed_limit
28.378738536999663,81721000000,True,True,170,camera_sign_speed_limit,speed_limit_sign,,0.46324045397153096,27126,198,137,157,107,camera_sign_speed_limit
28.42603118299985,81721000000,True,True,171,camera_sign_speed_limit,speed_limit_sign,,0.46332230354632387,27126,198,137,157,107,camera_sign_speed_limit
28.44911493299969,81721000000,True,True,172,camera_sign_speed_limit,speed_limit_sign,,0.46332230354632387,27126,198,137,157,107,camera_sign_speed_limit
28.480544674999692,81818000000,True,True,173,camera_sign_speed_limit,speed_limit_sign,,0.46329726591509707,27126,198,137,157,107,camera_sign_speed_limit
28.524938911999925,81818000000,True,True,174,camera_sign_speed_limit,speed_limit_sign,,0.46333140107520904,27126,198,137,157,107,camera_sign_speed_limit
28.54723179499979,81818000000,True,True,175,camera_sign_speed_limit,speed_limit_sign,,0.46332230354632387,27126,198,137,157,107,camera_sign_speed_limit
28.59182044199997,81920000000,True,True,176,camera_sign_speed_limit,speed_limit_sign,,0.46332230354632387,27126,198,137,157,107,camera_sign_speed_limit
28.615079759999844,81920000000,True,True,177,camera_sign_speed_limit,speed_limit_sign,,0.46332230354632387,27126,198,137,157,107,camera_sign_speed_limit
28.64497395499984,81920000000,True,True,178,camera_sign_speed_limit,speed_limit_sign,,0.46333140107520904,27126,198,137,157,107,camera_sign_speed_limit
28.681021860999863,82022000000,True,True,179,camera_sign_speed_limit,speed_limit_sign,,0.46332230354632387,27126,198,137,157,107,camera_sign_speed_limit
28.70346093499984,82022000000,True,True,180,camera_sign_speed_limit,speed_limit_sign,,0.46332230354632387,27126,198,137,157,107,camera_sign_speed_limit
28.75643367099974,82121000000,True,True,181,camera_sign_speed_limit,speed_limit_sign,,0.46329726591509707,27126,198,137,157,107,camera_sign_speed_limit
28.803587037999932,82121000000,True,True,182,camera_sign_speed_limit,speed_limit_sign,,0.46333140107520904,27126,198,137,157,107,camera_sign_speed_limit
28.81586232899963,82121000000,True,True,183,camera_sign_speed_limit,speed_limit_sign,,0.4632156032565991,27126,198,137,157,107,camera_sign_speed_limit
28.87189790299999,82218000000,True,True,184,camera_sign_speed_limit,speed_limit_sign,,0.46333077965635583,27126,198,137,157,107,camera_sign_speed_limit
28.882653276999918,82218000000,True,True,185,camera_sign_speed_limit,speed_limit_sign,,0.46329726591509707,27126,198,137,157,107,camera_sign_speed_limit
28.917028496000057,82218000000,True,True,186,camera_sign_speed_limit,speed_limit_sign,,0.463293608861464,27126,198,137,157,107,camera_sign_speed_limit
28.96164425400002,82319000000,True,True,187,camera_sign_speed_limit,speed_limit_sign,,0.4632156032565991,27126,198,137,157,107,camera_sign_speed_limit
28.97036610699979,82319000000,True,True,188,camera_sign_speed_limit,speed_limit_sign,,0.46332230354632387,27126,198,137,157,107,camera_sign_speed_limit
29.019203682999887,82319000000,True,True,189,camera_sign_speed_limit,speed_limit_sign,,0.463293608861464,27126,198,137,157,107,camera_sign_speed_limit
29.060576906999813,82421000000,True,True,190,camera_sign_speed_limit,speed_limit_sign,,0.463293608861464,27126,198,137,157,107,camera_sign_speed_limit
29.091429000000062,82421000000,True,True,191,camera_sign_speed_limit,speed_limit_sign,,0.4632156032565991,27126,198,137,157,107,camera_sign_speed_limit
29.115621308999835,82421000000,True,True,192,camera_sign_speed_limit,speed_limit_sign,,0.4632156032565991,27126,198,137,157,107,camera_sign_speed_limit
29.14575203200002,82421000000,True,True,193,camera_sign_speed_limit,speed_limit_sign,,0.463293608861464,27126,198,137,157,107,camera_sign_speed_limit
29.200250991999837,82524000000,True,True,194,camera_sign_speed_limit,speed_limit_sign,,0.46329726591509707,27126,198,137,157,107,camera_sign_speed_limit
29.20772077399988,82524000000,True,True,195,camera_sign_speed_limit,speed_limit_sign,,0.46333352413900414,27126,198,137,157,107,camera_sign_speed_limit
29.248293315999945,82524000000,True,True,196,camera_sign_speed_limit,speed_limit_sign,,0.46324969704759833,27126,198,137,157,107,camera_sign_speed_limit
29.318672117000006,82623000000,True,True,197,camera_sign_speed_limit,speed_limit_sign,,0.46324969704759833,27126,198,137,157,107,camera_sign_speed_limit
29.32616907199963,82623000000,True,True,198,camera_sign_speed_limit,speed_limit_sign,,0.46329726591509707,27126,198,137,157,107,camera_sign_speed_limit
29.34626624199973,82623000000,True,True,199,camera_sign_speed_limit,speed_limit_sign,,0.46333352413900414,27126,198,137,157,107,camera_sign_speed_limit
29.38137499200002,82725000000,True,True,200,camera_sign_speed_limit,speed_limit_sign,,0.46324969704759833,27126,198,137,157,107,camera_sign_speed_limit
29.41665921999993,82725000000,True,True,201,camera_sign_speed_limit,speed_limit_sign,,0.46324969704759833,27126,198,137,157,107,camera_sign_speed_limit
29.45816921100004,82824000000,True,True,202,camera_sign_speed_limit,speed_limit_sign,,0.46325338457040294,27126,198,137,157,107,camera_sign_speed_limit
29.480410052000025,82824000000,True,True,203,camera_sign_speed_limit,speed_limit_sign,,0.46333352413900414,27126,198,137,157,107,camera_sign_speed_limit
29.51460565399975,82824000000,True,True,204,camera_sign_speed_limit,speed_limit_sign,,0.46332230354632387,27126,198,137,157,107,camera_sign_speed_limit
29.53705491899973,82824000000,True,True,205,camera_sign_speed_limit,speed_limit_sign,,0.46324969704759833,27126,198,137,157,107,camera_sign_speed_limit
29.603406223999627,82924000000,True,True,206,camera_sign_speed_limit,speed_limit_sign,,0.46324969704759833,27126,198,137,157,107,camera_sign_speed_limit
29.610985313999663,82924000000,True,True,207,camera_sign_speed_limit,speed_limit_sign,,0.46324969704759833,27126,198,137,157,107,camera_sign_speed_limit
29.669114631999946,83026000000,True,True,208,camera_sign_speed_limit,speed_limit_sign,,0.46332230354632387,27126,198,137,157,107,camera_sign_speed_limit
29.676317834999736,83026000000,True,True,209,camera_sign_speed_limit,speed_limit_sign,,0.46324969704759833,27126,198,137,157,107,camera_sign_speed_limit
29.728993142000036,83026000000,True,True,210,camera_sign_speed_limit,speed_limit_sign,,0.46324969704759833,27126,198,137,157,107,camera_sign_speed_limit
29.736858674999894,83026000000,True,True,211,camera_sign_speed_limit,speed_limit_sign,,0.46324969704759833,27126,198,137,157,107,camera_sign_speed_limit
29.79058596799996,83131000000,True,True,212,camera_sign_speed_limit,speed_limit_sign,,0.46333352413900414,27126,198,137,157,107,camera_sign_speed_limit
29.79887941099969,83131000000,True,True,213,camera_sign_speed_limit,speed_limit_sign,,0.463293608861464,27126,198,137,157,107,camera_sign_speed_limit
29.839963821999845,83131000000,True,True,214,camera_sign_speed_limit,speed_limit_sign,,0.46324969704759833,27126,198,137,157,107,camera_sign_speed_limit
29.869635204999668,83237000000,True,True,215,camera_sign_speed_limit,speed_limit_sign,,0.46324969704759833,27126,198,137,157,107,camera_sign_speed_limit
29.904320145999918,83237000000,True,True,216,camera_sign_speed_limit,speed_limit_sign,,0.46333352413900414,27126,198,137,157,107,camera_sign_speed_limit
29.937369408999984,83237000000,True,True,217,camera_sign_speed_limit,speed_limit_sign,,0.463293608861464,27126,198,137,157,107,camera_sign_speed_limit
29.960029802999998,83336000000,True,True,218,camera_sign_speed_limit,speed_limit_sign,,0.46324969704759833,27126,198,137,157,107,camera_sign_speed_limit
30.01561426299986,83336000000,True,True,219,camera_sign_speed_limit,speed_limit_sign,,0.4631965720121769,27126,198,137,157,107,camera_sign_speed_limit
30.04136529599964,83336000000,True,True,220,camera_sign_speed_limit,speed_limit_sign,,0.46333352413900414,27126,198,137,157,107,camera_sign_speed_limit
30.07036529199968,83438000000,True,True,221,camera_sign_speed_limit,speed_limit_sign,,0.463293608861464,27126,198,137,157,107,camera_sign_speed_limit
30.112183339999774,83438000000,True,True,222,camera_sign_speed_limit,speed_limit_sign,,0.46324969704759833,27126,198,137,157,107,camera_sign_speed_limit
30.159113171999707,83540000000,True,True,223,camera_sign_speed_limit,speed_limit_sign,,0.46324969704759833,27126,198,137,157,107,camera_sign_speed_limit
30.16682677899962,83540000000,True,True,224,camera_sign_speed_limit,speed_limit_sign,,0.46333352413900414,27126,198,137,157,107,camera_sign_speed_limit
30.21278408099988,83540000000,True,True,225,camera_sign_speed_limit,speed_limit_sign,,0.463293608861464,27126,198,137,157,107,camera_sign_speed_limit
30.234926684999664,83540000000,True,True,226,camera_sign_speed_limit,speed_limit_sign,,0.46324969704759833,27126,198,137,157,107,camera_sign_speed_limit
30.257896634999724,83639000000,True,True,227,camera_sign_speed_limit,speed_limit_sign,,0.4633403637498871,27126,198,137,157,107,camera_sign_speed_limit
30.293122468999627,83639000000,True,True,228,camera_sign_speed_limit,speed_limit_sign,,0.4633403637498871,27126,198,137,157,107,camera_sign_speed_limit
30.337876142999903,83639000000,True,True,229,camera_sign_speed_limit,speed_limit_sign,,0.463293608861464,27126,198,137,157,107,camera_sign_speed_limit
30.37006382499976,83738000000,True,True,230,camera_sign_speed_limit,speed_limit_sign,,0.46324969704759833,27126,198,137,157,107,camera_sign_speed_limit
30.40672027799974,83738000000,True,True,231,camera_sign_speed_limit,speed_limit_sign,,0.4632150631015864,27126,198,137,157,107,camera_sign_speed_limit
30.438452787999722,83738000000,True,True,232,camera_sign_speed_limit,speed_limit_sign,,0.4632150631015864,27126,198,137,157,107,camera_sign_speed_limit
30.47028890499996,83839000000,True,True,233,camera_sign_speed_limit,speed_limit_sign,,0.46334447965186254,27126,198,137,157,107,camera_sign_speed_limit
30.494692879000013,83839000000,True,True,234,camera_sign_speed_limit,speed_limit_sign,,0.4632150631015864,27126,198,137,157,107,camera_sign_speed_limit
30.562855683999715,83938000000,True,True,235,camera_sign_speed_limit,speed_limit_sign,,0.4632150631015864,27126,198,137,157,107,camera_sign_speed_limit
30.571398689000034,83938000000,True,True,236,camera_sign_speed_limit,speed_limit_sign,,0.4632150631015864,27126,198,137,157,107,camera_sign_speed_limit
30.594611729000007,83938000000,True,True,237,camera_sign_speed_limit,speed_limit_sign,,0.46342171912280317,27126,198,137,157,107,camera_sign_speed_limit
30.637833572999625,83938000000,True,True,238,camera_sign_speed_limit,speed_limit_sign,,0.4632150631015864,27126,198,137,157,107,camera_sign_speed_limit
30.674952635999944,84038000000,True,True,239,camera_sign_speed_limit,speed_limit_sign,,0.4632150631015864,27126,198,137,157,107,camera_sign_speed_limit
30.70606993699994,84038000000,True,True,240,camera_sign_speed_limit,speed_limit_sign,,0.5628394694631278,899,31,29,429,233,camera_sign_speed_limit
30.746246393999627,84038000000,True,True,241,camera_sign_speed_limit,speed_limit_sign,,0.5624331162550307,899,31,29,429,233,camera_sign_speed_limit
30.759285370999805,84139000000,True,True,242,camera_sign_speed_limit,speed_limit_sign,,0.5628394694631278,899,31,29,429,233,camera_sign_speed_limit
30.816714111999772,84139000000,True,True,242,camera_sign_speed_limit,speed_limit_sign,,0.5628394694631278,899,31,29,429,233,camera_sign_speed_limit
30.835901955999816,84139000000,True,True,243,camera_sign_speed_limit,speed_limit_sign,,0.5666739424420222,899,31,29,417,220,camera_sign_speed_limit
30.866485556000043,84244000000,True,True,244,camera_sign_speed_limit,speed_limit_sign,,0.5973138764180989,1054,31,34,416,221,camera_sign_speed_limit
30.90026193599988,84244000000,True,True,245,camera_sign_speed_limit,speed_limit_sign,,0.6025836459655092,961,31,31,416,221,camera_sign_speed_limit
30.93613834200005,84244000000,True,True,246,camera_sign_speed_limit,speed_limit_sign,,0.5882864253896759,1054,31,34,428,232,camera_sign_speed_limit
30.955391474999942,84244000000,True,True,247,camera_sign_speed_limit,speed_limit_sign,,0.5169831709717407,1936,44,44,421,227,camera_sign_speed_limit
31.00462057200002,84343000000,True,True,248,camera_sign_speed_limit,speed_limit_sign,,0.5427474311449354,1435,41,35,421,223,camera_sign_speed_limit
31.05772845299998,84343000000,True,True,249,camera_sign_speed_limit,speed_limit_sign,,0.5420879836232749,1435,41,35,421,222,camera_sign_speed_limit
31.06464147199995,84441000000,True,True,250,camera_sign_speed_limit,speed_limit_sign,,0.5181237451297847,1936,44,44,421,226,camera_sign_speed_limit
31.104134144,84441000000,True,True,251,camera_sign_speed_limit,speed_limit_sign,,0.5167555020389987,1936,44,44,420,226,camera_sign_speed_limit
31.151779988999806,84441000000,True,True,252,camera_sign_speed_limit,speed_limit_sign,,0.5168342061853878,1936,44,44,421,226,camera_sign_speed_limit
31.176959576999707,84541000000,True,True,253,camera_sign_speed_limit,speed_limit_sign,,0.5925104163692596,1190,34,35,414,220,camera_sign_speed_limit
31.205225663999954,84541000000,True,True,254,camera_sign_speed_limit,speed_limit_sign,,0.564391608748124,1054,34,31,414,219,camera_sign_speed_limit
31.23644306999995,84541000000,True,True,255,camera_sign_speed_limit,speed_limit_sign,,0.5185015423876123,1980,44,45,419,226,camera_sign_speed_limit
31.30495164900003,84643000000,True,True,256,camera_sign_speed_limit,speed_limit_sign,,0.5964145482398088,1225,35,35,413,220,camera_sign_speed_limit
31.31432393399973,84643000000,True,True,257,camera_sign_speed_limit,speed_limit_sign,,0.5192195438471889,2025,45,45,420,226,camera_sign_speed_limit
31.32577167799991,84643000000,True,True,258,camera_sign_speed_limit,speed_limit_sign,,0.5170200601763654,2025,45,45,419,226,camera_sign_speed_limit
31.37709333199973,84741000000,True,True,259,camera_sign_speed_limit,speed_limit_sign,,0.5192597622984909,2025,45,45,419,226,camera_sign_speed_limit
31.398281331999897,84741000000,True,True,260,camera_sign_speed_limit,speed_limit_sign,,0.5217615201552008,2160,45,48,418,225,camera_sign_speed_limit
31.44204849799962,84741000000,True,True,261,camera_sign_speed_limit,speed_limit_sign,,0.5203870295820998,2160,45,48,418,226,camera_sign_speed_limit
31.50331398499975,84840000000,True,True,262,camera_sign_speed_limit,speed_limit_sign,,0.5975780240788395,1260,35,36,411,219,camera_sign_speed_limit
31.51286487699963,84840000000,True,True,263,camera_sign_speed_limit,speed_limit_sign,,0.512827623071484,2304,48,48,417,226,camera_sign_speed_limit
31.545487838999634,84840000000,True,True,264,camera_sign_speed_limit,speed_limit_sign,,0.5154683653961946,2304,48,48,416,226,camera_sign_speed_limit
31.577512335999927,84940000000,True,True,265,camera_sign_speed_limit,speed_limit_sign,,0.5233779118567574,1872,48,39,417,221,camera_sign_speed_limit
31.607772206999925,84940000000,True,True,266,camera_sign_speed_limit,speed_limit_sign,,0.514909561081299,2352,49,48,416,225,camera_sign_speed_limit
31.641042430999732,84940000000,True,True,267,camera_sign_speed_limit,speed_limit_sign,,0.5172829960224772,2400,48,50,416,225,camera_sign_speed_limit
31.66523974399979,84940000000,True,True,268,camera_sign_speed_limit,speed_limit_sign,,0.5173639268740959,2400,48,50,415,225,camera_sign_speed_limit
31.69547453899986,85039000000,True,True,269,camera_sign_speed_limit,speed_limit_sign,,0.5175070889837762,2450,49,50,415,225,camera_sign_speed_limit
31.72774966599991,85039000000,True,True,270,camera_sign_speed_limit,speed_limit_sign,,0.515315348504881,2450,49,50,415,225,camera_sign_speed_limit
31.793878581999707,85144000000,True,True,271,camera_sign_speed_limit,speed_limit_sign,,0.5178349063847745,2450,49,50,414,225,camera_sign_speed_limit
31.814467710999907,85144000000,True,True,272,camera_sign_speed_limit,speed_limit_sign,,0.5170693808913256,2450,49,50,414,225,camera_sign_speed_limit
31.849766205999913,85144000000,True,True,273,camera_sign_speed_limit,speed_limit_sign,,0.5158309209962708,2650,50,53,413,225,camera_sign_speed_limit
31.884773225999652,85242000000,True,True,274,camera_sign_speed_limit,speed_limit_sign,,0.5185823970814653,2597,49,53,413,225,camera_sign_speed_limit
31.905559230999643,85242000000,True,True,275,camera_sign_speed_limit,speed_limit_sign,,0.5178372473512719,2650,50,53,413,225,camera_sign_speed_limit
31.948004303999824,85242000000,True,True,276,camera_sign_speed_limit,speed_limit_sign,,0.5172758753608532,2650,50,53,413,225,camera_sign_speed_limit
31.975000802000068,85343000000,True,True,277,camera_sign_speed_limit,speed_limit_sign,,0.5190914865738246,2650,50,53,412,225,camera_sign_speed_limit
32.015454143999705,85343000000,True,True,278,camera_sign_speed_limit,speed_limit_sign,,0.5201531702553666,2700,50,54,412,225,camera_sign_speed_limit
32.037502517999656,85343000000,True,True,279,camera_sign_speed_limit,speed_limit_sign,,0.5151163808751964,2862,53,54,411,224,camera_sign_speed_limit
32.07348937799998,85444000000,True,True,280,camera_sign_speed_limit,speed_limit_sign,,0.5208459594157394,2700,50,54,410,224,camera_sign_speed_limit
32.10524303400007,85444000000,True,True,281,camera_sign_speed_limit,speed_limit_sign,,0.5165944383077792,2862,53,54,410,224,camera_sign_speed_limit
32.1369639579998,85444000000,True,True,282,camera_sign_speed_limit,speed_limit_sign,,0.5147117268560258,2862,53,54,410,224,camera_sign_speed_limit
32.15939998699969,85444000000,True,True,283,camera_sign_speed_limit,speed_limit_sign,,0.5170822018946609,2915,53,55,409,224,camera_sign_speed_limit
32.208779137999954,85544000000,True,True,284,camera_sign_speed_limit,speed_limit_sign,,0.5164769871512225,2970,54,55,409,224,camera_sign_speed_limit
32.243521041999884,85544000000,True,True,285,camera_sign_speed_limit,speed_limit_sign,,0.5150709803211696,2970,54,55,408,224,camera_sign_speed_limit
32.264048813000045,85544000000,True,True,286,camera_sign_speed_limit,speed_limit_sign,,0.5172347469730321,2970,54,55,408,224,camera_sign_speed_limit
32.30720935999989,85642000000,True,True,287,camera_sign_speed_limit,speed_limit_sign,,0.5168493796205358,2970,54,55,407,223,camera_sign_speed_limit
32.35183056300002,85642000000,True,True,288,camera_sign_speed_limit,speed_limit_sign,,0.5169172515753642,3190,55,58,407,223,camera_sign_speed_limit
32.37349469599985,85743000000,True,True,289,camera_sign_speed_limit,speed_limit_sign,,0.5164446737262697,3190,55,58,406,223,camera_sign_speed_limit
32.407689610000034,85743000000,True,True,290,camera_sign_speed_limit,speed_limit_sign,,0.5172788951348379,3190,55,58,406,223,camera_sign_speed_limit
32.438628053999764,85743000000,True,True,291,camera_sign_speed_limit,speed_limit_sign,,0.5190479984721086,3190,55,58,405,223,camera_sign_speed_limit
32.48473576699962,85845000000,True,True,292,camera_sign_speed_limit,speed_limit_sign,,0.5160550445065105,3422,58,59,405,223,camera_sign_speed_limit
32.508807914000045,85845000000,True,True,293,camera_sign_speed_limit,speed_limit_sign,,0.5202372311310435,3245,55,59,404,223,camera_sign_speed_limit
32.52988140399975,85845000000,True,True,294,camera_sign_speed_limit,speed_limit_sign,,0.5165113165729396,3422,58,59,404,223,camera_sign_speed_limit
32.58324655299975,85946000000,True,True,295,camera_sign_speed_limit,speed_limit_sign,,0.5121072706524972,3481,59,59,403,223,camera_sign_speed_limit
32.61977512099975,85946000000,True,True,296,camera_sign_speed_limit,speed_limit_sign,,0.5142032319657568,3422,58,59,402,223,camera_sign_speed_limit
32.65258407700003,85946000000,True,True,297,camera_sign_speed_limit,speed_limit_sign,,0.5137818739989027,3540,59,60,402,222,camera_sign_speed_limit
32.69589185799987,86046000000,True,True,298,camera_sign_speed_limit,speed_limit_sign,,0.5106054236642251,3540,59,60,401,222,camera_sign_speed_limit
32.70170691799967,86046000000,True,True,299,camera_sign_speed_limit,speed_limit_sign,,0.5111220278851897,3540,59,60,401,222,camera_sign_speed_limit
32.748207157999786,86046000000,True,True,300,camera_sign_speed_limit,speed_limit_sign,,0.5119293979504288,3540,59,60,400,222,camera_sign_speed_limit
32.787132326999654,86145000000,True,True,301,camera_sign_speed_limit,speed_limit_sign,,0.5115962195681285,3780,60,63,399,222,camera_sign_speed_limit
32.79893594999976,86145000000,True,True,302,camera_sign_speed_limit,speed_limit_sign,,0.5123522795960579,3780,60,63,399,222,camera_sign_speed_limit
32.830908409999665,86145000000,True,True,303,camera_sign_speed_limit,speed_limit_sign,,0.5068212552847908,3969,63,63,398,222,camera_sign_speed_limit
32.8843980329998,86249000000,True,True,304,camera_sign_speed_limit,speed_limit_sign,,0.5125493605285568,3840,60,64,398,221,camera_sign_speed_limit
32.906812692999665,86249000000,True,True,305,camera_sign_speed_limit,speed_limit_sign,,0.5080217349450291,4032,63,64,397,221,camera_sign_speed_limit
32.94988713699968,86249000000,True,True,306,camera_sign_speed_limit,speed_limit_sign,,0.5094389451028234,4032,63,64,396,221,camera_sign_speed_limit
32.970464376999644,86249000000,True,True,307,camera_sign_speed_limit,speed_limit_sign,,0.510186937497102,4096,64,64,395,221,camera_sign_speed_limit
32.993822411999645,86352000000,True,True,308,camera_sign_speed_limit,speed_limit_sign,,0.5114180116351927,4160,64,65,395,221,camera_sign_speed_limit
33.06799498500004,86352000000,True,True,309,camera_sign_speed_limit,speed_limit_sign,,0.5116637481026267,4225,65,65,394,221,camera_sign_speed_limit
33.07716768199998,86448000000,True,True,310,camera_sign_speed_limit,speed_limit_sign,,0.5131834226292974,4160,64,65,393,221,camera_sign_speed_limit
33.10801798199964,86448000000,True,True,311,camera_sign_speed_limit,speed_limit_sign,,0.5148682550148144,4352,64,68,393,220,camera_sign_speed_limit
33.14278947599996,86448000000,True,True,312,camera_sign_speed_limit,speed_limit_sign,,0.5132715986606644,4420,65,68,392,220,camera_sign_speed_limit
33.173953470000015,86549000000,True,True,313,camera_sign_speed_limit,speed_limit_sign,,0.5142412456436928,4420,65,68,391,220,camera_sign_speed_limit
33.21003742799985,86549000000,True,True,314,camera_sign_speed_limit,speed_limit_sign,,0.5095977876198199,4692,68,69,390,220,camera_sign_speed_limit
33.24128213499989,86549000000,True,True,315,camera_sign_speed_limit,speed_limit_sign,,0.5075866321379443,4692,68,69,389,220,camera_sign_speed_limit
33.27347720099988,86649000000,True,True,316,camera_sign_speed_limit,speed_limit_sign,,0.5061103859634065,4761,69,69,389,220,camera_sign_speed_limit
33.341383970999686,86649000000,True,True,317,camera_sign_speed_limit,speed_limit_sign,,0.5064559543409751,4830,69,70,388,219,camera_sign_speed_limit
33.352381713999876,86649000000,True,True,318,camera_sign_speed_limit,speed_limit_sign,,0.5066407121524589,4830,69,70,387,219,camera_sign_speed_limit
33.375270510000064,86750000000,True,True,319,camera_sign_speed_limit,speed_limit_sign,,0.5061109086153878,4900,70,70,386,219,camera_sign_speed_limit
33.43098430600003,86750000000,True,True,320,camera_sign_speed_limit,speed_limit_sign,,0.4986551617017214,5767,79,73,384,220,camera_sign_speed_limit
33.45321268899988,86750000000,True,True,321,camera_sign_speed_limit,speed_limit_sign,,0.5002497619726036,5694,78,73,383,220,camera_sign_speed_limit
33.497357952999664,86849000000,True,True,322,camera_sign_speed_limit,speed_limit_sign,,0.5057959158455149,5475,75,73,383,219,camera_sign_speed_limit
33.53143276699984,86849000000,True,True,323,camera_sign_speed_limit,speed_limit_sign,,0.5036078182277876,5772,78,74,382,219,camera_sign_speed_limit
33.558895903999655,86849000000,True,True,324,camera_sign_speed_limit,speed_limit_sign,,0.5089770025829364,5550,75,74,381,219,camera_sign_speed_limit
33.57682719499962,86948000000,True,True,325,camera_sign_speed_limit,speed_limit_sign,,0.5115352761753541,5625,75,75,381,218,camera_sign_speed_limit
33.612906334999934,86948000000,True,True,326,camera_sign_speed_limit,speed_limit_sign,,0.5133660911393056,5850,75,78,380,218,camera_sign_speed_limit
33.65649142099983,86948000000,True,True,327,camera_sign_speed_limit,speed_limit_sign,,0.5154364873672704,5850,75,78,379,218,camera_sign_speed_limit
33.67679809299989,87048000000,True,True,328,camera_sign_speed_limit,speed_limit_sign,,0.5169150438156732,5925,75,79,378,217,camera_sign_speed_limit
33.72471599899973,87048000000,True,True,329,camera_sign_speed_limit,speed_limit_sign,,0.5182311466966185,5925,75,79,377,218,camera_sign_speed_limit
33.748920195999744,87048000000,True,True,330,camera_sign_speed_limit,speed_limit_sign,,0.5152695827582658,6320,79,80,376,217,camera_sign_speed_limit
33.78632414399999,87151000000,True,True,331,camera_sign_speed_limit,speed_limit_sign,,0.5156539299373335,6320,79,80,375,217,camera_sign_speed_limit
33.830721107000045,87151000000,True,True,332,camera_sign_speed_limit,speed_limit_sign,,0.5162021351921322,6557,79,83,374,217,camera_sign_speed_limit
33.83650462700007,87151000000,True,True,333,camera_sign_speed_limit,speed_limit_sign,,0.5168680441702556,6557,79,83,373,216,camera_sign_speed_limit
33.875437616,87151000000,True,True,334,camera_sign_speed_limit,speed_limit_sign,,0.5170445679756287,6720,80,84,372,216,camera_sign_speed_limit
33.918902739999794,87253000000,True,True,335,camera_sign_speed_limit,speed_limit_sign,,0.5175231255405254,6720,80,84,371,216,camera_sign_speed_limit
33.96373530999972,87253000000,True,True,336,camera_sign_speed_limit,speed_limit_sign,,0.5144870683112814,7055,83,85,370,216,camera_sign_speed_limit
33.99578913200003,87354000000,True,True,337,camera_sign_speed_limit,speed_limit_sign,,0.514774063146996,7140,84,85,368,216,camera_sign_speed_limit
34.00138567799968,87354000000,True,True,338,camera_sign_speed_limit,speed_limit_sign,,0.5161042218914189,7392,84,88,367,215,camera_sign_speed_limit
34.05041864299983,87354000000,True,True,339,camera_sign_speed_limit,speed_limit_sign,,0.5163515236913923,7480,85,88,366,215,camera_sign_speed_limit
34.07288960899996,87354000000,True,True,340,camera_sign_speed_limit,speed_limit_sign,,0.5161880687625516,7565,85,89,365,215,camera_sign_speed_limit
34.11876233199973,87454000000,True,True,341,camera_sign_speed_limit,speed_limit_sign,,0.5141413213201873,7832,88,89,364,215,camera_sign_speed_limit
34.142358556999625,87454000000,True,True,342,camera_sign_speed_limit,speed_limit_sign,,0.5136124635305177,7920,88,90,362,214,camera_sign_speed_limit
34.19829778899975,87552000000,True,True,343,camera_sign_speed_limit,speed_limit_sign,,0.5148742034844278,8010,89,90,361,214,camera_sign_speed_limit
34.204340194,87552000000,True,True,344,camera_sign_speed_limit,speed_limit_sign,,0.515503975636573,8370,90,93,360,214,camera_sign_speed_limit
34.27835714999992,87552000000,True,True,345,camera_sign_speed_limit,speed_limit_sign,,0.5159639413720819,8460,90,94,358,213,camera_sign_speed_limit
34.287822796,87552000000,True,True,346,camera_sign_speed_limit,speed_limit_sign,,0.5135271077560059,8742,93,94,357,213,camera_sign_speed_limit
34.335356262000005,87552000000,True,True,347,camera_sign_speed_limit,speed_limit_sign,,0.513481111995392,8930,94,95,356,213,camera_sign_speed_limit
34.38504519299977,87552000000,True,True,348,camera_sign_speed_limit,speed_limit_sign,,0.515171833934761,8930,94,95,354,213,camera_sign_speed_limit
34.39126886399981,87652000000,True,True,349,camera_sign_speed_limit,speed_limit_sign,,0.5158438290156995,9405,95,99,352,212,camera_sign_speed_limit
34.39884784800006,87755000000,True,True,350,camera_sign_speed_limit,speed_limit_sign,,0.5165423722861997,9405,95,99,351,212,camera_sign_speed_limit
34.44301233299984,87755000000,True,True,351,camera_sign_speed_limit,speed_limit_sign,,0.5147279023292213,10094,98,103,349,211,camera_sign_speed_limit
34.47481604299992,87755000000,True,True,352,camera_sign_speed_limit,speed_limit_sign,,0.5137942492451002,10197,99,103,348,211,camera_sign_speed_limit
34.51175283599969,87855000000,True,True,353,camera_sign_speed_limit,speed_limit_sign,,0.5157096611767591,10296,99,104,346,211,camera_sign_speed_limit
34.5810217559997,87948000000,True,True,354,camera_sign_speed_limit,speed_limit_sign,,0.5135060404747646,10815,103,105,344,210,camera_sign_speed_limit
34.58790042700002,87948000000,True,True,355,camera_sign_speed_limit,speed_limit_sign,,0.5137682722043075,10920,104,105,342,210,camera_sign_speed_limit
34.615258786999675,87948000000,True,True,356,camera_sign_speed_limit,speed_limit_sign,,0.5151070643651227,11232,104,108,341,210,camera_sign_speed_limit
34.65110805199993,87948000000,True,True,357,camera_sign_speed_limit,speed_limit_sign,,0.5146078613461328,11445,105,109,339,209,camera_sign_speed_limit
34.69709327800001,88044000000,True,True,358,camera_sign_speed_limit,speed_limit_sign,,0.5156587349044522,11550,105,110,337,209,camera_sign_speed_limit
34.71898815299983,88044000000,True,True,359,camera_sign_speed_limit,speed_limit_sign,,0.5142550592596383,12317,109,113,335,208,camera_sign_speed_limit
34.769476294000015,88044000000,True,True,360,camera_sign_speed_limit,speed_limit_sign,,0.51519726998962,12426,109,114,333,208,camera_sign_speed_limit
34.80030083499969,88143000000,True,True,361,camera_sign_speed_limit,speed_limit_sign,,0.5137356220449847,12995,113,115,331,207,camera_sign_speed_limit
34.85352295999974,88143000000,True,True,362,camera_sign_speed_limit,speed_limit_sign,,0.5151051559893067,13452,114,118,329,207,camera_sign_speed_limit
34.86496610899985,88143000000,True,True,363,camera_sign_speed_limit,speed_limit_sign,,0.5155076680949371,13566,114,119,326,206,camera_sign_speed_limit
34.89967215999968,88245000000,True,True,364,camera_sign_speed_limit,speed_limit_sign,,0.5136547023409864,14160,118,120,324,206,camera_sign_speed_limit
34.92320521600004,88245000000,True,True,365,camera_sign_speed_limit,speed_limit_sign,,0.5142667744793383,14637,119,123,322,205,camera_sign_speed_limit
34.95488257199986,88245000000,True,True,366,camera_sign_speed_limit,speed_limit_sign,,0.5146619556606639,14880,120,124,319,205,camera_sign_speed_limit
34.97906562599974,88245000000,True,True,367,camera_sign_speed_limit,speed_limit_sign,,0.5148114993428665,15621,123,127,317,204,camera_sign_speed_limit
35.01227195899992,88344000000,True,True,368,camera_sign_speed_limit,speed_limit_sign,,0.515071953603196,15872,124,128,314,203,camera_sign_speed_limit
35.0454202599999,88344000000,True,True,369,camera_sign_speed_limit,speed_limit_sign,,0.5130346773953395,16383,127,129,312,203,camera_sign_speed_limit
35.07810320699991,88344000000,True,True,370,camera_sign_speed_limit,speed_limit_sign,,0.5139832721182672,17028,129,132,309,202,camera_sign_speed_limit
35.112763620999885,88444000000,True,True,371,camera_sign_speed_limit,speed_limit_sign,,0.5137282123629276,17688,132,134,306,201,camera_sign_speed_limit
35.201110159999644,88543000000,True,True,372,camera_sign_speed_limit,speed_limit_sign,,0.5148121693597522,17822,133,134,303,200,camera_sign_speed_limit
35.208759901999656,88543000000,True,True,373,camera_sign_speed_limit,speed_limit_sign,,0.5159009079233002,18358,134,137,300,199,camera_sign_speed_limit
35.22280218299966,88543000000,True,True,374,camera_sign_speed_limit,speed_limit_sign,,0.5140025681852665,19182,138,139,297,198,camera_sign_speed_limit
35.25469797300002,88543000000,True,True,375,camera_sign_speed_limit,speed_limit_sign,,0.5166667381691153,19738,139,142,294,197,camera_sign_speed_limit
35.29026148699995,88647000000,True,True,376,camera_sign_speed_limit,speed_limit_sign,,0.5150165653382185,20449,143,143,290,195,camera_sign_speed_limit
35.30994345199997,88647000000,True,True,377,camera_sign_speed_limit,speed_limit_sign,,0.5145999154907465,21168,147,144,287,194,camera_sign_speed_limit
35.344600724999964,88647000000,True,True,378,camera_sign_speed_limit,speed_limit_sign,,0.5152104111319936,21756,148,147,283,192,camera_sign_speed_limit
35.38854077299993,88748000000,True,True,379,camera_sign_speed_limit,speed_limit_sign,,0.515559159212734,22052,149,148,280,191,camera_sign_speed_limit
35.40993854699991,88748000000,True,True,380,camera_sign_speed_limit,speed_limit_sign,,0.5137544274736595,23256,153,152,276,189,camera_sign_speed_limit
35.45591329199988,88748000000,True,True,381,camera_sign_speed_limit,speed_limit_sign,,0.5124919321697227,24021,157,153,271,187,camera_sign_speed_limit
35.48910124799977,88846000000,True,True,382,camera_sign_speed_limit,speed_limit_sign,,0.5125513705536447,24963,159,157,267,186,camera_sign_speed_limit
35.52251918899992,88846000000,True,True,383,camera_sign_speed_limit,speed_limit_sign,,0.5108812556029415,25912,164,158,263,184,camera_sign_speed_limit
35.54813378599965,88846000000,True,True,384,camera_sign_speed_limit,speed_limit_sign,,0.5126415458222352,27216,168,162,258,182,camera_sign_speed_limit
35.61615142699975,88946000000,True,True,385,camera_sign_speed_limit,speed_limit_sign,,0.5117522971910798,28036,172,163,253,181,camera_sign_speed_limit
35.63324479999983,88946000000,True,True,386,camera_sign_speed_limit,speed_limit_sign,,0.5147141768452785,28536,174,164,248,179,camera_sign_speed_limit
35.66684786199994,88946000000,True,True,387,camera_sign_speed_limit,speed_limit_sign,,0.5163993936462118,30251,179,169,243,177,camera_sign_speed_limit
35.68909299000006,89048000000,True,True,388,camera_sign_speed_limit,speed_limit_sign,,0.5160110071966191,31648,184,172,237,175,camera_sign_speed_limit
35.72433162900006,89048000000,True,True,389,camera_sign_speed_limit,speed_limit_sign,,0.5143441333975497,32712,188,174,232,173,camera_sign_speed_limit
35.756981706999795,89048000000,True,True,390,camera_sign_speed_limit,speed_limit_sign,,0.5148873627480186,34547,193,179,225,171,camera_sign_speed_limit
35.788407150999774,89149000000,True,True,391,camera_sign_speed_limit,speed_limit_sign,,0.51430346314727,36036,198,182,219,168,camera_sign_speed_limit
35.83308186999966,89149000000,True,True,392,camera_sign_speed_limit,speed_limit_sign,,0.5136653750768494,37352,203,184,213,166,camera_sign_speed_limit
35.84326821700006,89149000000,True,True,393,camera_sign_speed_limit,speed_limit_sign,,0.514700215440327,39312,208,189,205,164,camera_sign_speed_limit
35.898506951999934,89243000000,True,True,394,camera_sign_speed_limit,speed_limit_sign,,0.5128794985430443,42098,217,194,198,161,camera_sign_speed_limit
35.94103159699989,89243000000,True,True,395,camera_sign_speed_limit,speed_limit_sign,,0.513572220536215,44178,222,199,190,158,camera_sign_speed_limit
35.95995639700004,89243000000,True,True,396,camera_sign_speed_limit,speed_limit_sign,,0.5138050280202371,46081,227,203,182,156,camera_sign_speed_limit
36.00290152599973,89345000000,True,True,397,camera_sign_speed_limit,speed_limit_sign,,0.5135789836583777,48464,233,208,174,153,camera_sign_speed_limit
36.04315021100001,89345000000,True,True,398,camera_sign_speed_limit,speed_limit_sign,,0.5128723704297392,51759,243,213,164,149,camera_sign_speed_limit
36.06264678399975,89345000000,True,True,399,camera_sign_speed_limit,speed_limit_sign,,0.5134805455549197,54718,251,218,154,146,camera_sign_speed_limit
36.12446877000002,89446000000,True,True,400,camera_sign_speed_limit,speed_limit_sign,,0.5146702778473503,58308,258,226,144,143,camera_sign_speed_limit
36.1326140619999,89446000000,True,True,401,camera_sign_speed_limit,speed_limit_sign,,0.5140594053538133,60836,268,227,132,138,camera_sign_speed_limit
36.17172804199981,89446000000,True,True,402,camera_sign_speed_limit,speed_limit_sign,,0.5071306464236558,59890,265,226,120,134,camera_sign_speed_limit
36.19050191799988,89550000000,True,True,403,camera_sign_speed_limit,speed_limit_sign,,0.5129637542709269,58566,258,227,107,130,camera_sign_speed_limit
36.23437729899979,89550000000,True,True,404,camera_sign_speed_limit,speed_limit_sign,,0.5627715307221102,56726,251,226,93,125,camera_sign_speed_limit
36.246998020999854,89550000000,True,True,405,camera_sign_speed_limit,speed_limit_sign,,0.5635789644916166,54466,241,226,82,120,camera_sign_speed_limit
36.291771178999625,89650000000,True,True,406,camera_sign_speed_limit,speed_limit_sign,,0.5390801018251452,51076,226,226,95,109,camera_sign_speed_limit
36.32411283800002,89650000000,True,True,407,camera_sign_speed_limit,speed_limit_sign,,0.5386626773259673,47460,210,226,91,109,camera_sign_speed_limit
36.359280922999915,89650000000,True,True,408,camera_sign_speed_limit,speed_limit_sign,,0.5469250869583264,43232,193,224,87,111,camera_sign_speed_limit
36.38019222499997,89650000000,True,True,409,camera_sign_speed_limit,speed_limit_sign,,0.5490240182080486,38454,174,221,80,114,camera_sign_speed_limit
36.4237334229997,89750000000,True,True,410,camera_sign_speed_limit,speed_limit_sign,,0.5631614403006491,33418,154,217,71,116,camera_sign_speed_limit
36.46964811299995,89750000000,True,True,411,camera_sign_speed_limit,speed_limit_sign,,0.5777560103842256,27903,131,213,59,118,camera_sign_speed_limit
36.47915547599996,89750000000,True,True,411,camera_sign_speed_limit,speed_limit_sign,,0.5777560103842256,27903,131,213,59,118,camera_sign_speed_limit
36.545190251999884,89853000000,True,True,412,camera_sign_speed_limit,speed_limit_sign,,0.6059921249231716,2552,58,44,17,237,camera_sign_speed_limit
36.57961306499965,89853000000,True,True,413,camera_sign_speed_limit,speed_limit_sign,,0.6041974869188528,1054,31,34,8,234,camera_sign_speed_limit
36.58779549799965,89853000000,True,True,414,camera_sign_speed_limit,speed_limit_sign,,0.5096515002990261,920,23,40,57,240,camera_sign_speed_limit
36.61163958299994,89952000000,True,True,415,camera_sign_speed_limit,speed_limit_sign,,0.5148364381250021,1100,25,44,33,240,camera_sign_speed_limit
36.65586039799973,89952000000,True,True,415,camera_sign_speed_limit,speed_limit_sign,,0.5148364381250021,1100,25,44,33,240,camera_sign_speed_limit
36.67496496900003,89952000000,True,True,415,camera_sign_speed_limit,speed_limit_sign,,0.5148364381250021,1100,25,44,33,240,camera_sign_speed_limit
36.70831840899973,90052000000,True,True,415,camera_sign_speed_limit,speed_limit_sign,,0.5148364381250021,1100,25,44,33,240,camera_sign_speed_limit
36.74290062499995,90052000000,True,True,415,camera_sign_speed_limit,speed_limit_sign,,0.5148364381250021,1100,25,44,33,240,camera_sign_speed_limit
36.785031712999626,90052000000,True,True,415,camera_sign_speed_limit,speed_limit_sign,,0.5148364381250021,1100,25,44,33,240,camera_sign_speed_limit
36.81109087100003,90151000000,True,True,415,camera_sign_speed_limit,speed_limit_sign,,0.5148364381250021,1100,25,44,33,240,camera_sign_speed_limit
36.85388555600002,90151000000,True,True,415,camera_sign_speed_limit,speed_limit_sign,,0.5148364381250021,1100,25,44,33,240,camera_sign_speed_limit
36.87762496300002,90151000000,True,True,415,camera_sign_speed_limit,speed_limit_sign,,0.5148364381250021,1100,25,44,33,240,camera_sign_speed_limit
36.92020591299979,90251000000,True,True,415,camera_sign_speed_limit,speed_limit_sign,,0.5148364381250021,1100,25,44,33,240,camera_sign_speed_limit
36.95526272699999,90251000000,True,True,415,camera_sign_speed_limit,speed_limit_sign,,0.5148364381250021,1100,25,44,33,240,camera_sign_speed_limit
36.98798107399989,90350000000,True,True,415,camera_sign_speed_limit,speed_limit_sign,,0.5148364381250021,1100,25,44,33,240,camera_sign_speed_limit
37.010677851999844,90350000000,True,True,415,camera_sign_speed_limit,speed_limit_sign,,0.5148364381250021,1100,25,44,33,240,camera_sign_speed_limit
37.056468243999916,90350000000,True,True,415,camera_sign_speed_limit,speed_limit_sign,,0.5148364381250021,1100,25,44,33,240,camera_sign_speed_limit
37.09119787899999,90451000000,True,False,1,camera_sign_turn_right,turn_right_sign,right,0.5201192337670428,624,24,26,316,231,camera_sign_speed_limit
37.12118826100004,90451000000,True,True,2,camera_sign_turn_right,turn_right_sign,right,0.5152269070326293,676,26,26,316,231,camera_sign_turn_right
37.1419271259997,90451000000,True,True,3,camera_sign_turn_right,turn_right_sign,right,0.5252366245700169,624,24,26,315,231,camera_sign_turn_right
37.198851723999724,90554000000,True,True,4,camera_sign_turn_right,turn_right_sign,right,0.523420257532176,650,25,26,315,231,camera_sign_turn_right
37.23410752399968,90554000000,True,True,5,camera_sign_turn_right,turn_right_sign,right,0.5243973370460359,650,25,26,314,231,camera_sign_turn_right
37.25204748099986,90554000000,True,True,6,camera_sign_turn_right,turn_right_sign,right,0.5294770410390591,650,25,26,313,231,camera_sign_turn_right
37.287292882999736,90554000000,True,True,7,camera_sign_turn_right,turn_right_sign,right,0.5212075921176029,676,26,26,313,231,camera_sign_turn_right
37.318560353000066,90657000000,True,True,8,camera_sign_turn_right,turn_right_sign,right,0.5313128534322711,650,25,26,312,231,camera_sign_turn_right
37.351640698999745,90657000000,True,True,9,camera_sign_turn_right,turn_right_sign,right,0.5298503794651096,650,25,26,311,231,camera_sign_turn_right
37.40196593699966,90753000000,True,True,10,camera_sign_turn_right,turn_right_sign,right,0.5347306968095877,650,25,26,311,231,camera_sign_turn_right
37.42349801499995,90753000000,True,True,11,camera_sign_turn_right,turn_right_sign,right,0.5356656997409128,676,26,26,310,231,camera_sign_turn_right
37.470261719000064,90753000000,True,True,12,camera_sign_turn_right,turn_right_sign,right,0.5110004274221471,754,29,26,309,231,camera_sign_turn_right
37.48966332300006,90753000000,True,True,13,camera_sign_turn_right,turn_right_sign,right,0.5376443573460123,676,26,26,309,231,camera_sign_turn_right
37.53791608799975,90854000000,True,True,14,camera_sign_turn_right,turn_right_sign,right,0.5374028514241163,676,26,26,308,231,camera_sign_turn_right
37.58204688099977,90854000000,True,True,15,camera_sign_turn_right,turn_right_sign,right,0.5171517002047921,754,29,26,307,231,camera_sign_turn_right
37.61019278599997,90946000000,True,True,16,camera_sign_turn_right,turn_right_sign,right,0.5156641113061611,754,26,29,307,231,camera_sign_turn_right
37.64590804299996,90946000000,True,True,17,camera_sign_turn_right,turn_right_sign,right,0.518834222231993,754,26,29,306,231,camera_sign_turn_right
37.65170627999987,90946000000,True,True,18,camera_sign_turn_right,turn_right_sign,right,0.5032514225714548,841,29,29,306,231,camera_sign_turn_right
37.69601353899998,91049000000,True,True,19,camera_sign_turn_right,turn_right_sign,right,0.5026456631515185,841,29,29,305,231,camera_sign_turn_right
37.72636206699963,91049000000,True,True,20,camera_sign_turn_right,turn_right_sign,right,0.5308032456614405,754,26,29,304,231,camera_sign_turn_right
37.75696546099971,91049000000,True,True,21,camera_sign_turn_right,turn_right_sign,right,0.5053500575271934,870,30,29,303,231,camera_sign_turn_right
37.7773834249997,91049000000,True,True,22,camera_sign_turn_right,turn_right_sign,right,0.5107471608346819,841,29,29,303,230,camera_sign_turn_right
37.811369846999696,91155000000,True,True,23,camera_sign_turn_right,turn_right_sign,right,0.5090443913418714,870,30,29,302,230,camera_sign_turn_right
37.8448463069999,91155000000,True,True,24,camera_sign_turn_right,turn_right_sign,right,0.5142049024818643,841,29,29,302,230,camera_sign_turn_right
37.88014044800002,91155000000,True,True,25,camera_sign_turn_right,turn_right_sign,right,0.5162492684479095,841,29,29,300,230,camera_sign_turn_right
37.9266914599998,91263000000,True,True,26,camera_sign_turn_right,turn_right_sign,right,0.5140047510295426,870,30,29,300,230,camera_sign_turn_right
37.95615047599995,91263000000,True,True,27,camera_sign_turn_right,turn_right_sign,right,0.5153207688091409,870,30,29,299,230,camera_sign_turn_right
37.978453102,91263000000,True,True,28,camera_sign_turn_right,turn_right_sign,right,0.5130377015651945,870,30,29,298,230,camera_sign_turn_right
38.013374690999626,91356000000,True,True,29,camera_sign_turn_right,turn_right_sign,right,0.5178264096824576,870,30,29,298,230,camera_sign_turn_right
38.058618231999844,91356000000,True,True,30,camera_sign_turn_right,turn_right_sign,right,0.5202906409356428,870,30,29,297,230,camera_sign_turn_right
38.11276403800002,91457000000,True,True,31,camera_sign_turn_right,turn_right_sign,right,0.5150423556814313,930,31,30,296,230,camera_sign_turn_right
38.11967063499969,91457000000,True,True,32,camera_sign_turn_right,turn_right_sign,right,0.5139654844985535,930,31,30,296,230,camera_sign_turn_right
38.14107065799999,91457000000,True,True,33,camera_sign_turn_right,turn_right_sign,right,0.5174968683937667,930,31,30,295,230,camera_sign_turn_right
38.17539698399969,91457000000,True,True,34,camera_sign_turn_right,turn_right_sign,right,0.5245613862286505,900,30,30,294,230,camera_sign_turn_right
38.22151441999995,91559000000,True,True,35,camera_sign_turn_right,turn_right_sign,right,0.5215111119767227,930,31,30,293,230,camera_sign_turn_right
38.25316537599974,91559000000,True,True,36,camera_sign_turn_right,turn_right_sign,right,0.5234489007218235,930,31,30,293,230,camera_sign_turn_right
38.273056516,91559000000,True,True,37,camera_sign_turn_right,turn_right_sign,right,0.5228112802771165,930,31,30,292,230,camera_sign_turn_right
38.34236394699974,91662000000,True,True,38,camera_sign_turn_right,turn_right_sign,right,0.5039996996252429,1020,34,30,291,230,camera_sign_turn_right
38.34960295499968,91662000000,True,True,39,camera_sign_turn_right,turn_right_sign,right,0.5058924558421952,1020,34,30,290,230,camera_sign_turn_right
38.3985733239997,91764000000,True,True,40,camera_sign_turn_right,turn_right_sign,right,0.5301364616121791,930,31,30,289,230,camera_sign_turn_right
38.43200541199985,91764000000,True,True,41,camera_sign_turn_right,turn_right_sign,right,0.5289069959359167,930,31,30,289,230,camera_sign_turn_right
38.44411039999977,91764000000,True,True,42,camera_sign_turn_right,turn_right_sign,right,0.5177670602858918,1020,34,30,288,230,camera_sign_turn_right
38.48004227699994,91764000000,True,True,43,camera_sign_turn_right,turn_right_sign,right,0.5199113439869203,1020,34,30,287,230,camera_sign_turn_right
38.51877896299993,91863000000,True,True,44,camera_sign_turn_right,turn_right_sign,right,0.5178784851602122,1020,34,30,286,230,camera_sign_turn_right
38.564344554999934,91863000000,True,True,45,camera_sign_turn_right,turn_right_sign,right,0.5087070935131809,1085,35,31,285,230,camera_sign_turn_right
38.57284224399973,91863000000,True,True,46,camera_sign_turn_right,turn_right_sign,right,0.5095053602011166,1085,35,31,284,230,camera_sign_turn_right
38.61117325799978,91963000000,True,True,47,camera_sign_turn_right,turn_right_sign,right,0.5092758128767615,1085,35,31,284,229,camera_sign_turn_right
38.6543322829998,91963000000,True,True,48,camera_sign_turn_right,turn_right_sign,right,0.5125861255736375,1085,35,31,283,229,camera_sign_turn_right
38.69118675999971,91963000000,True,True,49,camera_sign_turn_right,turn_right_sign,right,0.514168948859996,1116,36,31,282,230,camera_sign_turn_right
38.747066876999725,92059000000,True,True,50,camera_sign_turn_right,turn_right_sign,right,0.5152954312179245,1116,36,31,281,229,camera_sign_turn_right
38.752934750999884,92059000000,True,True,51,camera_sign_turn_right,turn_right_sign,right,0.5145159740819429,1116,36,31,280,229,camera_sign_turn_right
38.80338694500006,92158000000,True,True,52,camera_sign_turn_right,turn_right_sign,right,0.5175473184974921,1116,36,31,279,229,camera_sign_turn_right
38.837342734999766,92158000000,True,True,53,camera_sign_turn_right,turn_right_sign,right,0.5200357342004809,1116,36,31,278,229,camera_sign_turn_right
38.84875233699995,92158000000,True,True,54,camera_sign_turn_right,turn_right_sign,right,0.5082247672188337,1209,39,31,278,229,camera_sign_turn_right
38.877500547999716,92158000000,True,True,55,camera_sign_turn_right,turn_right_sign,right,0.5070830417065385,1209,39,31,277,229,camera_sign_turn_right
38.91214296699991,92260000000,True,True,56,camera_sign_turn_right,turn_right_sign,right,0.5093709491716755,1209,39,31,276,229,camera_sign_turn_right
38.95464043899983,92260000000,True,True,57,camera_sign_turn_right,turn_right_sign,right,0.4927268052295591,1326,39,34,275,229,camera_sign_turn_right
38.98485261099995,92260000000,True,True,58,camera_sign_turn_right,turn_right_sign,right,0.4945315004615965,1326,39,34,274,229,camera_sign_turn_right
39.017973040000015,92367000000,True,True,59,camera_sign_turn_right,turn_right_sign,right,0.49766536345675105,1326,39,34,273,229,camera_sign_turn_right
39.06642337199992,92367000000,True,True,60,camera_sign_turn_right,turn_right_sign,right,0.5000366364103718,1326,39,34,272,229,camera_sign_turn_right
39.084718522,92367000000,True,True,61,camera_sign_turn_right,turn_right_sign,right,0.49831950388717916,1360,40,34,271,229,camera_sign_turn_right
39.13258578099976,92466000000,True,True,62,camera_sign_turn_right,turn_right_sign,right,0.49997573685326274,1360,40,34,270,229,camera_sign_turn_right
39.178756326999974,92466000000,True,True,63,camera_sign_turn_right,turn_right_sign,right,0.5028595137148268,1360,40,34,269,229,camera_sign_turn_right
39.18879437099986,92466000000,True,True,64,camera_sign_turn_right,turn_right_sign,right,0.5001319945641458,1394,41,34,268,228,camera_sign_turn_right
39.22377619400004,92563000000,True,True,65,camera_sign_turn_right,turn_right_sign,right,0.5015338060829785,1394,41,34,267,228,camera_sign_turn_right
39.245856470000035,92563000000,True,True,66,camera_sign_turn_right,turn_right_sign,right,0.5031338743505196,1394,41,34,266,228,camera_sign_turn_right
39.29162675899988,92563000000,True,True,67,camera_sign_turn_right,turn_right_sign,right,0.49705384376761397,1435,41,35,265,228,camera_sign_turn_right
39.31233160800002,92664000000,True,True,68,camera_sign_turn_right,turn_right_sign,right,0.49969381538543534,1435,41,35,264,228,camera_sign_turn_right
39.400987430999976,92664000000,True,True,69,camera_sign_turn_right,turn_right_sign,right,0.5013011842620227,1435,41,35,263,228,camera_sign_turn_right
39.40637939499993,92763000000,True,True,70,camera_sign_turn_right,turn_right_sign,right,0.49140008725319245,1540,44,35,261,228,camera_sign_turn_right
39.41320969699973,92763000000,True,True,71,camera_sign_turn_right,turn_right_sign,right,0.4914596594154897,1540,44,35,260,228,camera_sign_turn_right
39.44552047299976,92763000000,True,True,72,camera_sign_turn_right,turn_right_sign,right,0.4932062981105269,1540,44,35,259,228,camera_sign_turn_right
39.49252034999972,92763000000,True,True,73,camera_sign_turn_right,turn_right_sign,right,0.4946921995863134,1540,44,35,258,228,camera_sign_turn_right
39.54116911799974,92861000000,True,True,74,camera_sign_turn_right,turn_right_sign,right,0.4920878955289545,1575,45,35,257,228,camera_sign_turn_right
39.55905167699984,92861000000,True,True,75,camera_sign_turn_right,turn_right_sign,right,0.4941098459177324,1575,45,35,256,228,camera_sign_turn_right
39.59203373199989,92861000000,True,True,76,camera_sign_turn_right,turn_right_sign,right,0.4972576703966495,1575,45,35,255,228,camera_sign_turn_right
39.646639840999796,92963000000,True,True,77,camera_sign_turn_right,turn_right_sign,right,0.48477356814671835,1728,48,36,253,228,camera_sign_turn_right
39.656911578999825,92963000000,True,True,78,camera_sign_turn_right,turn_right_sign,right,0.4889238440250852,1728,48,36,252,228,camera_sign_turn_right
39.69095153299986,92963000000,True,True,79,camera_sign_turn_right,turn_right_sign,right,0.4900369104284196,1728,48,36,251,227,camera_sign_turn_right
39.71396737199984,93063000000,True,True,80,camera_sign_turn_right,turn_right_sign,right,0.4873769154268615,1764,49,36,250,227,camera_sign_turn_right
39.758065406999776,93063000000,True,True,81,camera_sign_turn_right,turn_right_sign,right,0.49057818734850267,1764,49,36,249,227,camera_sign_turn_right
39.79147500699992,93063000000,True,True,82,camera_sign_turn_right,turn_right_sign,right,0.49208203017633545,1764,49,36,248,227,camera_sign_turn_right
39.8265263469998,93162000000,True,True,83,camera_sign_turn_right,turn_right_sign,right,0.48946204668145415,1800,50,36,246,227,camera_sign_turn_right
39.8510622509998,93162000000,True,True,84,camera_sign_turn_right,turn_right_sign,right,0.4933077119630724,1800,50,36,245,227,camera_sign_turn_right
39.901844900000015,93162000000,True,True,85,camera_sign_turn_right,turn_right_sign,right,0.48081857853787086,1950,50,39,244,227,camera_sign_turn_right
39.95253718899994,93264000000,True,True,86,camera_sign_turn_right,turn_right_sign,right,0.4742590063324693,2067,53,39,243,227,camera_sign_turn_right
39.95861862399988,93264000000,True,True,87,camera_sign_turn_right,turn_right_sign,right,0.4838494262519782,1950,50,39,242,227,camera_sign_turn_right
39.992505651999636,93264000000,True,True,88,camera_sign_turn_right,turn_right_sign,right,0.47828960449798713,2067,53,39,240,227,camera_sign_turn_right
40.053466573999685,93361000000,True,True,89,camera_sign_turn_right,turn_right_sign,right,0.4796144630739961,2067,53,39,239,227,camera_sign_turn_right
40.08526661099995,93361000000,True,True,90,camera_sign_turn_right,turn_right_sign,right,0.4793438034979089,2106,54,39,237,227,camera_sign_turn_right
40.09108443700006,93361000000,True,True,91,camera_sign_turn_right,turn_right_sign,right,0.4813705575897924,2106,54,39,236,227,camera_sign_turn_right
40.11868171699962,93462000000,True,True,92,camera_sign_turn_right,turn_right_sign,right,0.4808055814101116,2145,55,39,235,226,camera_sign_turn_right
40.18395555799998,93462000000,True,True,93,camera_sign_turn_right,turn_right_sign,right,0.48001713155201536,2160,54,40,234,227,camera_sign_turn_right
40.194463197000005,93462000000,True,True,94,camera_sign_turn_right,turn_right_sign,right,0.4795234875806849,2200,55,40,232,226,camera_sign_turn_right
40.238332826999795,93563000000,True,True,95,camera_sign_turn_right,turn_right_sign,right,0.4811023937956301,2200,55,40,231,227,camera_sign_turn_right
40.27226951199964,93563000000,True,True,96,camera_sign_turn_right,turn_right_sign,right,0.4758357859628927,2320,58,40,230,226,camera_sign_turn_right
40.29668000999982,93563000000,True,True,97,camera_sign_turn_right,turn_right_sign,right,0.48432597163763724,2200,55,40,228,226,camera_sign_turn_right
40.34256593700002,93663000000,True,True,98,camera_sign_turn_right,turn_right_sign,right,0.47794783630870474,2320,58,40,226,226,camera_sign_turn_right
40.384977847999835,93663000000,True,True,99,camera_sign_turn_right,turn_right_sign,right,0.4807544137916416,2320,58,40,225,226,camera_sign_turn_right
40.39603169599968,93663000000,True,True,100,camera_sign_turn_right,turn_right_sign,right,0.47723510398327934,2378,58,41,224,226,camera_sign_turn_right
40.44096945000001,93762000000,True,True,101,camera_sign_turn_right,turn_right_sign,right,0.48054641731629083,2378,58,41,222,226,camera_sign_turn_right
40.45182467199993,93762000000,True,True,102,camera_sign_turn_right,turn_right_sign,right,0.48106260891723823,2419,59,41,221,226,camera_sign_turn_right
40.497262331,93762000000,True,True,103,camera_sign_turn_right,turn_right_sign,right,0.48223742062225733,2419,59,41,219,225,camera_sign_turn_right
40.537104516,93864000000,True,True,104,camera_sign_turn_right,turn_right_sign,right,0.486042123858837,2419,59,41,218,226,camera_sign_turn_right
40.57084433599994,93864000000,True,True,105,camera_sign_turn_right,turn_right_sign,right,0.483215633250454,2460,60,41,219,226,camera_sign_turn_right
40.58411138499969,93864000000,True,True,106,camera_sign_turn_right,turn_right_sign,right,0.48083320580326633,2460,60,41,222,226,camera_sign_turn_right
40.62727987599965,93965000000,True,True,107,camera_sign_turn_right,turn_right_sign,right,0.4798125762421045,2419,59,41,225,226,camera_sign_turn_right
40.65154023099967,93965000000,True,True,108,camera_sign_turn_right,turn_right_sign,right,0.4821402137290852,2360,59,40,231,226,camera_sign_turn_right
40.68131766999977,93965000000,True,True,109,camera_sign_turn_right,turn_right_sign,right,0.4818773696566781,2320,58,40,237,226,camera_sign_turn_right
40.72748464000006,94064000000,True,True,110,camera_sign_turn_right,turn_right_sign,right,0.4863696495528277,2200,55,40,243,226,camera_sign_turn_right
40.783155322999846,94064000000,True,True,111,camera_sign_turn_right,turn_right_sign,right,0.4869122495908604,2145,55,39,249,227,camera_sign_turn_right
40.792445872999906,94064000000,True,True,112,camera_sign_turn_right,turn_right_sign,right,0.48761504662440813,2067,53,39,255,227,camera_sign_turn_right
40.81583186099988,94166000000,True,True,113,camera_sign_turn_right,turn_right_sign,right,0.4923751440843995,1950,50,39,260,227,camera_sign_turn_right
40.84735395100006,94166000000,True,True,114,camera_sign_turn_right,turn_right_sign,right,0.5018579838452784,1800,50,36,267,227,camera_sign_turn_right
40.88509037099993,94166000000,True,True,115,camera_sign_turn_right,turn_right_sign,right,0.5075180520895297,1728,48,36,274,228,camera_sign_turn_right
40.914459727999656,94267000000,True,True,116,camera_sign_turn_right,turn_right_sign,right,0.4975639488285561,1728,48,36,281,228,camera_sign_turn_right
40.98094117899973,94267000000,True,True,117,camera_sign_turn_right,turn_right_sign,right,0.510440424682559,1540,44,35,289,228,camera_sign_turn_right
40.98993121500007,94267000000,True,True,118,camera_sign_turn_right,turn_right_sign,right,0.503755638978109,1540,44,35,298,229,camera_sign_turn_right
41.01395020599966,94368000000,True,True,119,camera_sign_turn_right,turn_right_sign,right,0.5173586132754634,1360,40,34,307,229,camera_sign_turn_right
41.081292106999626,94368000000,True,True,120,camera_sign_turn_right,turn_right_sign,right,0.5195570266424824,1224,36,34,317,229,camera_sign_turn_right
41.089746789999936,94368000000,True,True,121,camera_sign_turn_right,turn_right_sign,right,0.5297336472654928,1116,36,31,326,230,camera_sign_turn_right
41.125556422000045,94469000000,True,True,122,camera_sign_turn_right,turn_right_sign,right,0.522941085895822,1054,34,31,336,230,camera_sign_turn_right
41.20300087299984,94469000000,True,True,123,camera_sign_turn_right,turn_right_sign,right,0.5279321986851275,930,31,30,347,230,camera_sign_turn_right
41.20870821899962,94565000000,True,True,124,camera_sign_turn_right,turn_right_sign,right,0.5184438074680884,930,31,30,357,230,camera_sign_turn_right
41.21723656599988,94565000000,True,True,125,camera_sign_turn_right,turn_right_sign,right,0.5134973733686506,870,30,29,367,230,camera_sign_turn_right
41.25086785099984,94565000000,True,True,126,camera_sign_turn_right,turn_right_sign,right,0.5059434013753956,841,29,29,377,230,camera_sign_turn_right
41.29743844299992,94565000000,True,True,127,camera_sign_turn_right,turn_right_sign,right,0.5186781309448744,754,26,29,386,231,camera_sign_turn_right
41.31996936399992,94666000000,True,True,128,camera_sign_turn_right,turn_right_sign,right,0.5279738646594416,650,25,26,396,231,camera_sign_turn_right
41.36505101900002,94666000000,True,True,129,camera_sign_turn_right,turn_right_sign,right,0.5242033228908979,650,25,26,405,231,camera_sign_turn_right
41.4086699139998,94666000000,True,True,130,camera_sign_turn_right,turn_right_sign,right,0.5165631873295393,624,24,26,413,231,camera_sign_turn_right
41.45362973800002,94763000000,True,True,131,camera_sign_turn_right,turn_right_sign,right,0.5178812563249369,624,24,26,422,231,camera_sign_turn_right
41.46324672599985,94763000000,True,True,131,camera_sign_turn_right,turn_right_sign,right,0.5178812563249369,624,24,26,422,231,camera_sign_turn_right
41.50939055699973,94862000000,True,True,131,camera_sign_turn_right,turn_right_sign,right,0.5178812563249369,624,24,26,422,231,camera_sign_turn_right
41.53454682199981,94862000000,True,True,131,camera_sign_turn_right,turn_right_sign,right,0.5178812563249369,624,24,26,422,231,camera_sign_turn_right
41.554822349999995,94862000000,True,True,131,camera_sign_turn_right,turn_right_sign,right,0.5178812563249369,624,24,26,422,231,camera_sign_turn_right
41.601672853999844,94862000000,True,False,1,camera_sign_speed_limit,speed_limit_sign,,0.33136157209476996,2960,40,74,32,263,camera_sign_turn_right
41.631977861999985,94965000000,True,False,1,camera_sign_speed_limit,speed_limit_sign,,0.33136157209476996,2960,40,74,32,263,camera_sign_turn_right
41.66542858499997,94965000000,True,False,1,camera_sign_speed_limit,speed_limit_sign,,0.33136157209476996,2960,40,74,32,263,camera_sign_turn_right
41.71312958999988,95067000000,True,False,1,camera_sign_speed_limit,speed_limit_sign,,0.33136157209476996,2960,40,74,32,263,camera_sign_turn_right
41.74195734899968,95067000000,True,False,1,camera_sign_speed_limit,speed_limit_sign,,0.33136157209476996,2960,40,74,32,263,camera_sign_turn_right
41.750173083999925,95067000000,True,False,1,camera_sign_speed_limit,speed_limit_sign,,0.33136157209476996,2960,40,74,32,263,camera_sign_turn_right
41.797973719999845,95067000000,True,False,1,camera_sign_speed_limit,speed_limit_sign,,0.33136157209476996,2960,40,74,32,263,camera_sign_turn_right
41.856216604999645,95167000000,True,False,1,camera_sign_turn_right,turn_right_sign,right,0.5029435361925463,598,23,26,508,231,camera_sign_turn_right
41.864756743999806,95167000000,True,True,2,camera_sign_turn_right,turn_right_sign,right,0.5058296275725062,598,23,26,514,231,camera_sign_turn_right
41.88998575100004,95167000000,True,True,3,camera_sign_turn_right,turn_right_sign,right,0.4931209434848436,650,25,26,519,231,camera_sign_turn_right
41.91924896599994,95269000000,True,True,4,camera_sign_turn_right,turn_right_sign,right,0.5104713814390706,598,23,26,526,231,camera_sign_turn_right
41.951945000999785,95269000000,True,True,5,camera_sign_turn_right,turn_right_sign,right,0.51745586567232,624,24,26,531,231,camera_sign_turn_right
42.00496668899996,95269000000,True,True,6,camera_sign_turn_right,turn_right_sign,right,0.5079969452812343,624,24,26,536,231,camera_sign_turn_right
42.04435415099988,95371000000,True,True,7,camera_sign_turn_right,turn_right_sign,right,0.506417634554474,696,24,29,542,231,camera_sign_turn_right
42.063021085999935,95371000000,True,True,8,camera_sign_turn_right,turn_right_sign,right,0.5062163614318083,725,25,29,548,230,camera_sign_turn_right
42.10013000199979,95371000000,True,True,9,camera_sign_turn_right,turn_right_sign,right,0.5149657401116019,725,25,29,553,230,camera_sign_turn_right
42.126608458999726,95468000000,True,True,10,camera_sign_turn_right,turn_right_sign,right,0.5111621207975214,725,25,29,558,230,camera_sign_turn_right
42.17749039599994,95468000000,True,True,11,camera_sign_turn_right,turn_right_sign,right,0.5118424537555925,754,26,29,562,231,camera_sign_turn_right
42.203268382999795,95468000000,True,True,12,camera_sign_turn_right,turn_right_sign,right,0.521747223544379,780,26,30,567,230,camera_sign_turn_right
42.235523608999756,95569000000,True,True,13,camera_sign_turn_right,turn_right_sign,right,0.48955197487279056,900,30,30,572,230,camera_sign_turn_right
42.27681868899981,95569000000,True,True,14,camera_sign_turn_right,turn_right_sign,right,0.5013617430800776,870,29,30,576,230,camera_sign_turn_right
42.29888406600003,95569000000,True,True,15,camera_sign_turn_right,turn_right_sign,right,0.504281479654522,870,29,30,579,230,camera_sign_turn_right
42.35718828099971,95670000000,True,True,16,camera_sign_turn_right,turn_right_sign,right,0.5136008061946853,930,30,31,584,230,camera_sign_turn_right
42.36501012100007,95670000000,True,True,17,camera_sign_turn_right,turn_right_sign,right,0.5074886899870052,961,31,31,587,230,camera_sign_turn_right
42.39816070999996,95670000000,True,True,18,camera_sign_turn_right,turn_right_sign,right,0.5186869399441452,961,31,31,591,229,camera_sign_turn_right
42.43279449500005,95772000000,True,True,19,camera_sign_turn_right,turn_right_sign,right,0.4971410716117863,1054,34,31,595,229,camera_sign_turn_right
42.463806702000056,95772000000,True,True,20,camera_sign_turn_right,turn_right_sign,right,0.5128745055536844,1054,31,34,598,229,camera_sign_turn_right
42.49597208599971,95772000000,True,True,21,camera_sign_turn_right,turn_right_sign,right,0.48657348690321217,1190,35,34,601,229,camera_sign_turn_right
42.51904096699991,95874000000,True,True,22,camera_sign_turn_right,turn_right_sign,right,0.48762533704215305,1190,35,34,604,229,camera_sign_turn_right
42.55866483799991,95874000000,True,True,23,camera_sign_turn_right,turn_right_sign,right,0.5086472441953525,1156,34,34,607,229,camera_sign_turn_right
42.621651466,95968000000,True,True,24,camera_sign_turn_right,turn_right_sign,right,0.5066859495810913,1190,35,34,609,229,camera_sign_turn_right
42.63311288499972,95968000000,True,True,25,camera_sign_turn_right,turn_right_sign,right,0.5084294718769408,1190,35,34,612,229,camera_sign_turn_right
42.654193999999734,95968000000,True,True,26,camera_sign_turn_right,turn_right_sign,right,0.5028230496808525,1260,35,36,613,229,camera_sign_turn_right
42.700029361999896,95968000000,True,True,27,camera_sign_turn_right,turn_right_sign,right,0.5077490546255489,1260,35,36,615,229,camera_sign_turn_right
42.73101595099979,96071000000,True,True,28,camera_sign_turn_right,turn_right_sign,right,0.48029205154535826,1404,39,36,617,229,camera_sign_turn_right
42.78177110699971,96071000000,True,True,29,camera_sign_turn_right,turn_right_sign,right,0.5052655068258819,1296,36,36,619,228,camera_sign_turn_right
42.80084771499969,96071000000,True,True,30,camera_sign_turn_right,turn_right_sign,right,0.5028547975050803,1296,36,36,620,229,camera_sign_turn_right
42.821827947999736,96170000000,True,True,31,camera_sign_turn_right,turn_right_sign,right,0.5140495214523156,1296,36,36,622,228,camera_sign_turn_right
42.880823856999996,96170000000,True,True,32,camera_sign_turn_right,turn_right_sign,right,0.5049185223525559,1404,36,39,623,228,camera_sign_turn_right
42.9121445679998,96170000000,True,True,33,camera_sign_turn_right,turn_right_sign,right,0.508276879093784,1404,36,39,624,228,camera_sign_turn_right
42.934209955999904,96272000000,True,True,34,camera_sign_turn_right,turn_right_sign,right,0.49743028376504056,1521,39,39,625,228,camera_sign_turn_right
42.95359630999974,96272000000,True,True,35,camera_sign_turn_right,turn_right_sign,right,0.5006484048221628,1521,39,39,626,228,camera_sign_turn_right
42.986525785999675,96272000000,True,True,36,camera_sign_turn_right,turn_right_sign,right,0.49187069896453656,1521,39,39,627,228,camera_sign_turn_right
43.03171098199982,96374000000,True,True,37,camera_sign_turn_right,turn_right_sign,right,0.49822360862380033,1521,39,39,627,228,camera_sign_turn_right
43.065655711999625,96374000000,True,True,38,camera_sign_turn_right,turn_right_sign,right,0.48976726082299804,1560,40,39,628,228,camera_sign_turn_right
43.10898816100007,96374000000,True,True,39,camera_sign_turn_right,turn_right_sign,right,0.4998344066696364,1521,39,39,629,228,camera_sign_turn_right
43.13192852999964,96476000000,True,True,40,camera_sign_turn_right,turn_right_sign,right,0.49894448937694524,1560,40,39,629,228,camera_sign_turn_right
43.17674603899968,96476000000,True,True,41,camera_sign_turn_right,turn_right_sign,right,0.4954888298685011,1600,40,40,629,228,camera_sign_turn_right
43.221578276999935,96574000000,True,True,42,camera_sign_turn_right,turn_right_sign,right,0.49318422106598286,1600,40,40,630,228,camera_sign_turn_right
43.22909716899994,96574000000,True,True,43,camera_sign_turn_right,turn_right_sign,right,0.5022626090643196,1560,39,40,630,228,camera_sign_turn_right
43.26490270499971,96574000000,True,True,44,camera_sign_turn_right,turn_right_sign,right,0.5039496029076748,1560,39,40,630,228,camera_sign_turn_right
43.29703920499969,96574000000,True,True,45,camera_sign_turn_right,turn_right_sign,right,0.504631246736821,1560,39,40,630,228,camera_sign_turn_right
43.33157199499965,96677000000,True,True,46,camera_sign_turn_right,turn_right_sign,right,0.504136971857166,1600,40,40,630,228,camera_sign_turn_right
43.38364288599996,96677000000,True,True,47,camera_sign_turn_right,turn_right_sign,right,0.5043117391808276,1600,40,40,630,228,camera_sign_turn_right
43.390970169999946,96677000000,True,True,48,camera_sign_turn_right,turn_right_sign,right,0.5073612190362897,1560,39,40,630,228,camera_sign_turn_right
43.422317674999704,96778000000,True,True,49,camera_sign_turn_right,turn_right_sign,right,0.49623429790283413,1600,40,40,630,228,camera_sign_turn_right
43.47625538400007,96778000000,True,True,50,camera_sign_turn_right,turn_right_sign,right,0.49089446108223445,1640,41,40,629,228,camera_sign_turn_right
43.49465157199984,96778000000,True,True,51,camera_sign_turn_right,turn_right_sign,right,0.500844624916968,1600,40,40,630,227,camera_sign_turn_right
43.52999798199971,96879000000,True,True,52,camera_sign_turn_right,turn_right_sign,right,0.5017621066131904,1600,40,40,629,227,camera_sign_turn_right
43.556899340999735,96879000000,True,True,53,camera_sign_turn_right,turn_right_sign,right,0.5028902973307606,1600,40,40,629,227,camera_sign_turn_right
43.598338559999775,96879000000,True,True,54,camera_sign_turn_right,turn_right_sign,right,0.504186464172984,1600,40,40,629,227,camera_sign_turn_right
43.64318051999999,96976000000,True,True,55,camera_sign_turn_right,turn_right_sign,right,0.5035358950258034,1640,40,41,629,227,camera_sign_turn_right
43.6670272399997,96976000000,True,True,56,camera_sign_turn_right,turn_right_sign,right,0.49512092149245507,1640,40,41,629,227,camera_sign_turn_right
43.68811744699997,96976000000,True,True,57,camera_sign_turn_right,turn_right_sign,right,0.48961459782053507,1681,41,41,628,227,camera_sign_turn_right
43.75320653799963,97078000000,True,True,58,camera_sign_turn_right,turn_right_sign,right,0.49836229760426853,1640,40,41,628,227,camera_sign_turn_right
43.797135841,97078000000,True,True,59,camera_sign_turn_right,turn_right_sign,right,0.5001804156565706,1640,40,41,628,227,camera_sign_turn_right
43.803380273999664,97078000000,True,True,60,camera_sign_turn_right,turn_right_sign,right,0.501220843706816,1640,40,41,628,227,camera_sign_turn_right
43.83142524200002,97180000000,True,True,61,camera_sign_turn_right,turn_right_sign,right,0.5008822633900608,1640,40,41,628,227,camera_sign_turn_right
43.86545580999973,97180000000,True,True,62,camera_sign_turn_right,turn_right_sign,right,0.5013925551480455,1640,40,41,628,227,camera_sign_turn_right
43.895488145999934,97180000000,True,True,63,camera_sign_turn_right,turn_right_sign,right,0.5023882153686376,1640,40,41,628,227,camera_sign_turn_right
43.920557762000044,97180000000,True,True,64,camera_sign_turn_right,turn_right_sign,right,0.5017221823630887,1640,40,41,628,227,camera_sign_turn_right
43.964367347999996,97280000000,True,True,65,camera_sign_turn_right,turn_right_sign,right,0.5010482875858103,1640,40,41,629,227,camera_sign_turn_right
43.99661197799969,97280000000,True,True,66,camera_sign_turn_right,turn_right_sign,right,0.4978386244839875,1681,41,41,629,227,camera_sign_turn_right
44.03292225599989,97382000000,True,True,67,camera_sign_turn_right,turn_right_sign,right,0.5086324012585971,1640,40,41,629,227,camera_sign_turn_right
44.052315459000056,97382000000,True,True,68,camera_sign_turn_right,turn_right_sign,right,0.5026890250390315,1760,40,44,629,227,camera_sign_turn_right
44.09774175099983,97382000000,True,True,69,camera_sign_turn_right,turn_right_sign,right,0.5012012952763143,1760,40,44,629,227,camera_sign_turn_right
44.14302648600005,97481000000,True,True,70,camera_sign_turn_right,turn_right_sign,right,0.4990207260532832,1804,41,44,630,227,camera_sign_turn_right
44.16599149199965,97481000000,True,True,71,camera_sign_turn_right,turn_right_sign,right,0.49698666191125157,1804,41,44,630,226,camera_sign_turn_right
44.19784036300007,97481000000,True,True,72,camera_sign_turn_right,turn_right_sign,right,0.5024913644271158,1804,41,44,630,227,camera_sign_turn_right
44.24437539099972,97581000000,True,True,73,camera_sign_turn_right,turn_right_sign,right,0.5003788109146312,1804,41,44,631,227,camera_sign_turn_right
44.27637234199983,97581000000,True,True,74,camera_sign_turn_right,turn_right_sign,right,0.49634183371053503,1804,41,44,631,227,camera_sign_turn_right
44.287969087999954,97581000000,True,True,75,camera_sign_turn_right,turn_right_sign,right,0.5035684002316198,1804,41,44,632,226,camera_sign_turn_right
44.34274936499969,97682000000,True,True,76,camera_sign_turn_right,turn_right_sign,right,0.5003101860238016,1804,41,44,632,226,camera_sign_turn_right
44.36518613599992,97682000000,True,True,77,camera_sign_turn_right,turn_right_sign,right,0.5078231246664734,1845,41,45,633,226,camera_sign_turn_right
44.409346816999914,97682000000,True,True,78,camera_sign_turn_right,turn_right_sign,right,0.5033793928291934,1845,41,45,633,226,camera_sign_turn_right
44.43589136399987,97781000000,True,True,79,camera_sign_turn_right,turn_right_sign,right,0.5091918553580809,1845,41,45,634,226,camera_sign_turn_right
44.46803815899966,97781000000,True,True,80,camera_sign_turn_right,turn_right_sign,right,0.5046614582566481,1845,41,45,634,226,camera_sign_turn_right
44.510939747000066,97781000000,True,True,81,camera_sign_turn_right,turn_right_sign,right,0.510213306732803,1845,41,45,635,226,camera_sign_turn_right
44.52502403299968,97781000000,True,True,82,camera_sign_turn_right,turn_right_sign,right,0.49539999218442354,1980,44,45,635,226,camera_sign_turn_right
44.58735217100002,97882000000,True,True,83,camera_sign_turn_right,turn_right_sign,right,0.4987042342593454,1980,44,45,636,226,camera_sign_turn_right
44.62127030400006,97882000000,True,True,84,camera_sign_turn_right,turn_right_sign,right,0.5014671984239991,1980,44,45,637,226,camera_sign_turn_right
44.6284256619997,97980000000,True,True,85,camera_sign_turn_right,turn_right_sign,right,0.48916825249924156,2112,44,48,638,226,camera_sign_turn_right
44.668614415999855,97980000000,True,True,86,camera_sign_turn_right,turn_right_sign,right,0.4933040342530755,2112,44,48,638,226,camera_sign_turn_right
44.70056358900001,97980000000,True,True,87,camera_sign_turn_right,turn_right_sign,right,0.4974816200783055,2112,44,48,639,226,camera_sign_turn_right
44.72913995099998,97980000000,True,True,88,camera_sign_turn_right,turn_right_sign,right,0.49974684450087853,2112,44,48,640,226,camera_sign_turn_right
44.77240560099972,98078000000,True,True,89,camera_sign_turn_right,turn_right_sign,right,0.4994295525743119,2112,44,48,641,226,camera_sign_turn_right
44.807839770999635,98078000000,True,True,90,camera_sign_turn_right,turn_right_sign,right,0.4926591522354126,2160,45,48,642,225,camera_sign_turn_right
44.83254783099983,98177000000,True,True,91,camera_sign_turn_right,turn_right_sign,right,0.4948107410124725,2205,45,49,643,225,camera_sign_turn_right
44.87288262899983,98177000000,True,True,92,camera_sign_turn_right,turn_right_sign,right,0.4959644954878643,2205,45,49,644,225,camera_sign_turn_right
44.89216839299979,98177000000,True,True,93,camera_sign_turn_right,turn_right_sign,right,0.48876772860879364,2352,48,49,645,225,camera_sign_turn_right
44.93488117299967,98281000000,True,True,94,camera_sign_turn_right,turn_right_sign,right,0.4901807835399687,2352,48,49,646,225,camera_sign_turn_right
44.98119793099977,98281000000,True,True,95,camera_sign_turn_right,turn_right_sign,right,0.49072661603275103,2352,48,49,647,225,camera_sign_turn_right
45.01253009899983,98281000000,True,True,96,camera_sign_turn_right,turn_right_sign,right,0.48825883926147284,2400,48,50,649,225,camera_sign_turn_right
45.05798061299993,98382000000,True,True,97,camera_sign_turn_right,turn_right_sign,right,0.498289768149179,2400,48,50,650,225,camera_sign_turn_right
45.06664385499971,98382000000,True,True,98,camera_sign_turn_right,turn_right_sign,right,0.4968294744356769,2400,48,50,651,225,camera_sign_turn_right
45.112851641999896,98382000000,True,True,99,camera_sign_turn_right,turn_right_sign,right,0.4960421024867356,2400,48,50,652,225,camera_sign_turn_right
45.13929403699967,98480000000,True,True,100,camera_sign_turn_right,turn_right_sign,right,0.4963008903907417,2450,49,50,654,225,camera_sign_turn_right
45.16092940999988,98480000000,True,True,101,camera_sign_turn_right,turn_right_sign,right,0.4927835492591215,2597,49,53,655,224,camera_sign_turn_right
45.204159509999954,98480000000,True,True,102,camera_sign_turn_right,turn_right_sign,right,0.4896280861000444,2650,50,53,656,224,camera_sign_turn_right
45.23943937700005,98580000000,True,True,103,camera_sign_turn_right,turn_right_sign,right,0.49635257446023856,2597,49,53,658,224,camera_sign_turn_right
45.27148785300005,98580000000,True,True,104,camera_sign_turn_right,turn_right_sign,right,0.4964101637787056,2597,49,53,659,224,camera_sign_turn_right
45.301289861999976,98580000000,True,True,105,camera_sign_turn_right,turn_right_sign,right,0.492955512175799,2650,50,53,660,224,camera_sign_turn_right
45.333923572,98684000000,True,True,106,camera_sign_turn_right,turn_right_sign,right,0.4923855177938221,2700,50,54,662,224,camera_sign_turn_right
45.37748985400003,98684000000,True,True,107,camera_sign_turn_right,turn_right_sign,right,0.5015925144965347,2650,50,53,663,224,camera_sign_turn_right
45.399039038999945,98684000000,True,True,108,camera_sign_turn_right,turn_right_sign,right,0.4912664379382601,2809,53,53,665,223,camera_sign_turn_right
45.44298659199967,98788000000,True,True,109,camera_sign_turn_right,turn_right_sign,right,0.4880552672619476,2809,53,53,666,223,camera_sign_turn_right
45.46554170199988,98788000000,True,True,110,camera_sign_turn_right,turn_right_sign,right,0.4933531114761885,2862,53,54,668,223,camera_sign_turn_right
45.5167823769998,98788000000,True,True,111,camera_sign_turn_right,turn_right_sign,right,0.4906426384136034,2916,54,54,669,223,camera_sign_turn_right
45.53335956899991,98788000000,True,True,112,camera_sign_turn_right,turn_right_sign,right,0.49630063776864847,2862,53,54,671,223,camera_sign_turn_right
45.566208452999945,98887000000,True,True,113,camera_sign_turn_right,turn_right_sign,right,0.49330414878759005,2916,54,54,672,223,camera_sign_turn_right
45.60848228299983,98887000000,True,True,114,camera_sign_turn_right,turn_right_sign,right,0.4985394715117469,2970,54,55,674,222,camera_sign_turn_right
45.64472281799999,98987000000,True,True,115,camera_sign_turn_right,turn_right_sign,right,0.49452941053633465,3025,55,55,676,222,camera_sign_turn_right
45.66727269299963,98987000000,True,True,116,camera_sign_turn_right,turn_right_sign,right,0.500106064063439,2970,54,55,677,222,camera_sign_turn_right
45.712465518000045,98987000000,True,True,117,camera_sign_turn_right,turn_right_sign,right,0.49579648837006385,3025,55,55,679,222,camera_sign_turn_right
45.73759879399995,99084000000,True,True,118,camera_sign_turn_right,turn_right_sign,right,0.49591865379192795,3190,55,58,681,222,camera_sign_turn_right
45.78332147299989,99084000000,True,True,119,camera_sign_turn_right,turn_right_sign,right,0.4844520383296537,3364,58,58,682,222,camera_sign_turn_right
45.80423836099999,99084000000,True,True,120,camera_sign_turn_right,turn_right_sign,right,0.48727033338533815,3364,58,58,684,222,camera_sign_turn_right
45.83682431299985,99185000000,True,True,121,camera_sign_turn_right,turn_right_sign,right,0.48909015416342705,3422,58,59,686,221,camera_sign_turn_right
45.86871891999999,99185000000,True,True,122,camera_sign_turn_right,turn_right_sign,right,0.4918333391230621,3422,58,59,688,221,camera_sign_turn_right
45.900668461999885,99185000000,True,True,123,camera_sign_turn_right,turn_right_sign,right,0.49244064271174237,3422,58,59,690,221,camera_sign_turn_right
45.933836466999765,99185000000,True,True,124,camera_sign_turn_right,turn_right_sign,right,0.49348108186169337,3540,59,60,692,221,camera_sign_turn_right
45.96889680100003,99286000000,True,True,125,camera_sign_turn_right,turn_right_sign,right,0.4954586507787162,3540,59,60,695,221,camera_sign_turn_right
46.01164150199975,99286000000,True,True,126,camera_sign_turn_right,turn_right_sign,right,0.4952404441003545,3600,60,60,697,221,camera_sign_turn_right
46.04660120199969,99387000000,True,True,127,camera_sign_turn_right,turn_right_sign,right,0.49075291408789934,3780,60,63,699,220,camera_sign_turn_right
46.05463619500006,99387000000,True,True,128,camera_sign_turn_right,turn_right_sign,right,0.48153003199170435,3969,63,63,702,220,camera_sign_turn_right
46.101462614999946,99387000000,True,True,129,camera_sign_turn_right,turn_right_sign,right,0.4812179146853959,4032,64,63,704,220,camera_sign_turn_right
46.139669814999706,99485000000,True,True,130,camera_sign_turn_right,turn_right_sign,right,0.48657018264123,4096,64,64,707,219,camera_sign_turn_right
46.171144140999786,99485000000,True,True,131,camera_sign_turn_right,turn_right_sign,right,0.4828232221062397,4096,64,64,709,219,camera_sign_turn_right
46.19365451099975,99485000000,True,True,132,camera_sign_turn_right,turn_right_sign,right,0.4812892854959086,4352,64,68,712,219,camera_sign_turn_right
46.25263315199982,99585000000,True,True,133,camera_sign_turn_right,turn_right_sign,right,0.4788977153520387,4420,65,68,715,219,camera_sign_turn_right
46.28412775199968,99585000000,True,True,134,camera_sign_turn_right,turn_right_sign,right,0.4751728676033259,4692,68,69,718,219,camera_sign_turn_right
46.303501221999795,99585000000,True,True,135,camera_sign_turn_right,turn_right_sign,right,0.47283376351218753,4761,69,69,721,218,camera_sign_turn_right
46.345867996999914,99688000000,True,True,136,camera_sign_turn_right,turn_right_sign,right,0.4747325436087338,4761,69,69,724,218,camera_sign_turn_right
46.35694713899966,99688000000,True,True,137,camera_sign_turn_right,turn_right_sign,right,0.476617131894819,4830,69,70,727,218,camera_sign_turn_right
46.39067018800006,99688000000,True,True,138,camera_sign_turn_right,turn_right_sign,right,0.476974266176112,4900,70,70,730,218,camera_sign_turn_right
46.434376533999966,99688000000,True,True,139,camera_sign_turn_right,turn_right_sign,right,0.47536557943904023,5110,70,73,733,217,camera_sign_turn_right
46.468511860000035,99789000000,True,True,140,camera_sign_turn_right,turn_right_sign,right,0.4722794212619761,5329,73,73,737,217,camera_sign_turn_right
46.5152509579998,99789000000,True,True,141,camera_sign_turn_right,turn_right_sign,right,0.4739039980273324,5402,73,74,740,217,camera_sign_turn_right
46.523483596000005,99789000000,True,True,142,camera_sign_turn_right,turn_right_sign,right,0.47357001392385,5476,74,74,743,217,camera_sign_turn_right
46.565435495999736,99890000000,True,True,143,camera_sign_turn_right,turn_right_sign,right,0.4740457478313805,5625,75,75,747,216,camera_sign_turn_right
46.625206503999834,99890000000,True,False,1,camera_sign_turn_left,turn_left_sign,left,0.47084061717675735,5850,75,78,750,216,camera_sign_turn_right
46.64732124500006,99990000000,True,True,2,camera_sign_turn_left,turn_left_sign,left,0.4689830181437646,6162,78,79,754,216,camera_sign_turn_left
46.666877616999955,99990000000,True,True,3,camera_sign_turn_left,turn_left_sign,left,0.46935433629149576,6320,79,80,757,216,camera_sign_turn_left
46.699695838000025,99990000000,True,True,4,camera_sign_turn_left,turn_left_sign,left,0.47228756249024817,6320,79,80,761,216,camera_sign_turn_left
46.73416677299974,99990000000,True,True,5,camera_sign_turn_left,turn_left_sign,left,0.4697342826776758,6640,80,83,765,215,camera_sign_turn_left
46.789364204999856,100090000000,True,True,6,camera_sign_turn_left,turn_left_sign,left,0.46956612848306784,6889,83,83,768,215,camera_sign_turn_left
46.80039201699992,100090000000,True,True,7,camera_sign_turn_left,turn_left_sign,left,0.4720051973260207,7056,84,84,776,215,camera_sign_turn_left
46.83381697499999,100090000000,True,True,8,camera_sign_turn_left,turn_left_sign,left,0.4724752295407339,7480,88,85,785,214,camera_sign_turn_left
46.88100503199985,100191000000,True,True,9,camera_sign_turn_left,turn_left_sign,left,0.4709454347607432,8010,90,89,793,214,camera_sign_turn_left
46.89062207699999,100191000000,True,True,10,camera_sign_turn_left,turn_left_sign,left,0.47378395681352625,8370,93,90,802,213,camera_sign_turn_left
46.92413478799972,100191000000,True,True,11,camera_sign_turn_left,turn_left_sign,left,0.47468971231673696,8835,95,93,811,213,camera_sign_turn_left
46.96887323400006,100289000000,True,True,12,camera_sign_turn_left,turn_left_sign,left,0.4768471383996507,9306,99,94,821,212,camera_sign_turn_left
47.001988461999645,100289000000,True,True,13,camera_sign_turn_left,turn_left_sign,left,0.47200143927207094,10094,103,98,829,212,camera_sign_turn_left
47.04852670399987,100391000000,True,True,14,camera_sign_turn_left,turn_left_sign,left,0.47651475495157497,10395,105,99,838,211,camera_sign_turn_left
47.069303856999795,100391000000,True,True,15,camera_sign_turn_left,turn_left_sign,left,0.47681485430675036,10900,109,100,848,210,camera_sign_turn_left
47.109900575999745,100391000000,True,True,16,camera_sign_turn_left,turn_left_sign,left,0.4744480002123786,11752,113,104,857,210,camera_sign_turn_left
47.144720331999906,100495000000,True,True,17,camera_sign_turn_left,turn_left_sign,left,0.47940315393930466,12075,115,105,867,209,camera_sign_turn_left
47.16792562699993,100495000000,True,True,18,camera_sign_turn_left,turn_left_sign,left,0.4761637206074335,13080,120,109,876,209,camera_sign_turn_left
47.18897038299974,100495000000,True,True,19,camera_sign_turn_left,turn_left_sign,left,0.47810002412416935,13640,124,110,885,208,camera_sign_turn_left
47.233153225000024,100495000000,True,True,20,camera_sign_turn_left,turn_left_sign,left,0.47861648068269735,14464,128,113,895,208,camera_sign_turn_left
47.28106307999997,100595000000,True,True,21,camera_sign_turn_left,turn_left_sign,left,0.48409034771361925,13800,120,115,905,207,camera_sign_turn_left
47.313812635999966,100595000000,True,True,22,camera_sign_turn_left,turn_left_sign,left,0.48662995135847775,13334,113,118,914,206,camera_sign_turn_left
47.34865163399991,100692000000,True,True,23,camera_sign_turn_left,turn_left_sign,left,0.47672136231248646,12669,103,123,922,207,camera_sign_turn_left
47.383322658,100692000000,True,True,24,camera_sign_turn_left,turn_left_sign,left,0.48405723490325203,11284,91,124,927,207,camera_sign_turn_left
47.40313749000006,100692000000,True,True,25,camera_sign_turn_left,turn_left_sign,left,0.48249839602508576,10112,79,128,932,208,camera_sign_turn_left
47.435411639999984,100692000000,True,True,26,camera_sign_turn_left,turn_left_sign,left,0.486792173450472,8704,68,128,937,209,camera_sign_turn_left
47.46680544899982,100797000000,True,True,27,camera_sign_turn_left,turn_left_sign,left,0.4871951765952556,6765,55,123,941,210,camera_sign_turn_left
47.512015237000014,100797000000,True,True,28,camera_sign_turn_left,turn_left_sign,left,0.4890807669412004,5192,44,118,944,210,camera_sign_turn_left
47.534761593999974,100797000000,True,False,1,camera_sign_turn_right,turn_right_sign,right,0.5094800157627479,3456,32,108,949,212,camera_sign_turn_left
47.56573565400004,100898000000,True,True,2,camera_sign_turn_right,turn_right_sign,right,0.5077566828358193,1700,20,85,953,215,camera_sign_turn_left
47.60900854299962,100898000000,True,True,2,camera_sign_turn_right,turn_right_sign,right,0.5077566828358193,1700,20,85,953,215,camera_sign_turn_left
47.63350068999989,100898000000,True,True,3,camera_sign_turn_right,turn_right_sign,right,0.33067394730907024,697,17,41,308,262,camera_sign_turn_left
47.655480847000035,100997000000,True,True,4,camera_sign_turn_right,turn_right_sign,right,0.32688706741510665,748,17,44,307,261,camera_sign_turn_left
47.69228323599964,100997000000,True,True,4,camera_sign_turn_right,turn_right_sign,right,0.32688706741510665,748,17,44,307,261,camera_sign_turn_left
47.733715802000006,100997000000,True,True,4,camera_sign_turn_right,turn_right_sign,right,0.32688706741510665,748,17,44,307,261,camera_sign_turn_left
47.769515277999744,101096000000,True,True,4,camera_sign_turn_right,turn_right_sign,right,0.32688706741510665,748,17,44,307,261,camera_sign_turn_left
47.81180061299983,101096000000,True,True,4,camera_sign_turn_right,turn_right_sign,right,0.32688706741510665,748,17,44,307,261,camera_sign_turn_left
47.833929519999856,101096000000,True,True,4,camera_sign_turn_right,turn_right_sign,right,0.32688706741510665,748,17,44,307,261,camera_sign_turn_left
47.86982894999983,101196000000,True,True,4,camera_sign_turn_right,turn_right_sign,right,0.32688706741510665,748,17,44,307,261,camera_sign_turn_left
47.89967165100006,101196000000,True,True,4,camera_sign_turn_right,turn_right_sign,right,0.32688706741510665,748,17,44,307,261,camera_sign_turn_left
47.948532904999865,101294000000,True,True,4,camera_sign_turn_right,turn_right_sign,right,0.32688706741510665,748,17,44,307,261,camera_sign_turn_left
47.96958019499971,101294000000,True,True,4,camera_sign_turn_right,turn_right_sign,right,0.32688706741510665,748,17,44,307,261,camera_sign_turn_left
48.00282204399991,101294000000,True,True,4,camera_sign_turn_right,turn_right_sign,right,0.32688706741510665,748,17,44,307,261,camera_sign_turn_left
48.03737427299984,101294000000,True,True,4,camera_sign_turn_right,turn_right_sign,right,0.32688706741510665,748,17,44,307,261,camera_sign_turn_left
48.06022466700006,101394000000,True,True,4,camera_sign_turn_right,turn_right_sign,right,0.32688706741510665,748,17,44,307,261,camera_sign_turn_left
48.105321700999866,101394000000,True,True,4,camera_sign_turn_right,turn_right_sign,right,0.32688706741510665,748,17,44,307,261,camera_sign_turn_left
48.148400864999985,101493000000,False,False,0,,,,0.0,0,0,0,0,0,camera_sign_turn_left
48.159870300999955,101493000000,False,False,0,,,,0.0,0,0,0,0,0,camera_sign_turn_left
48.202702989000045,101493000000,False,False,0,,,,0.0,0,0,0,0,0,camera_sign_turn_left
48.228174469999885,101493000000,False,False,0,,,,0.0,0,0,0,0,0,camera_sign_turn_left
48.29509915599965,101592000000,False,False,0,,,,0.0,0,0,0,0,0,camera_sign_turn_left
48.30437181299976,101592000000,False,False,0,,,,0.0,0,0,0,0,0,camera_sign_turn_left
48.33023328799982,101592000000,False,False,0,,,,0.0,0,0,0,0,0,camera_sign_turn_left
48.35615488999974,101695000000,False,False,0,,,,0.0,0,0,0,0,0,camera_sign_turn_left
48.42525846399985,101695000000,False,False,0,,,,0.0,0,0,0,0,0,camera_sign_turn_left
48.46555454300005,101794000000,False,False,0,,,,0.0,0,0,0,0,0,camera_sign_turn_left
48.47243977499966,101794000000,False,False,0,,,,0.0,0,0,0,0,0,camera_sign_turn_left
48.51471690899962,101794000000,False,False,0,,,,0.0,0,0,0,0,0,camera_sign_turn_left
48.538971190999746,101794000000,False,False,0,,,,0.0,0,0,0,0,0,camera_sign_turn_left
48.568582520999826,101896000000,False,False,0,,,,0.0,0,0,0,0,0,camera_sign_turn_left
48.603627639000024,101896000000,False,False,0,,,,0.0,0,0,0,0,0,camera_sign_turn_left
48.63611580099996,101896000000,False,False,0,,,,0.0,0,0,0,0,0,camera_sign_turn_left
48.65723957099999,101995000000,False,False,0,,,,0.0,0,0,0,0,0,camera_sign_turn_left
48.712698678999914,101995000000,False,False,0,,,,0.0,0,0,0,0,0,camera_sign_turn_left
48.73780316099965,101995000000,False,False,0,,,,0.0,0,0,0,0,0,camera_sign_turn_left
48.769538826999906,102097000000,False,False,0,,,,0.0,0,0,0,0,0,camera_sign_turn_left
48.8148271099999,102097000000,False,False,0,,,,0.0,0,0,0,0,0,camera_sign_turn_left
48.836912989999746,102097000000,False,False,0,,,,0.0,0,0,0,0,0,camera_sign_turn_left
48.87391776499999,102195000000,False,False,0,,,,0.0,0,0,0,0,0,camera_sign_turn_left
48.896325915000034,102195000000,False,False,0,,,,0.0,0,0,0,0,0,camera_sign_turn_left
48.939766297999995,102195000000,False,False,0,,,,0.0,0,0,0,0,0,camera_sign_turn_left
48.96159518800005,102295000000,False,False,0,,,,0.0,0,0,0,0,0,camera_sign_turn_left
48.997634772999845,102295000000,False,False,0,,,,0.0,0,0,0,0,0,camera_sign_turn_left
49.039768336999714,102295000000,False,False,0,,,,0.0,0,0,0,0,0,camera_sign_turn_left
49.081976592000046,102395000000,False,False,0,,,,0.0,0,0,0,0,0,camera_sign_turn_left
49.107113724999635,102395000000,False,False,0,,,,0.0,0,0,0,0,0,camera_sign_turn_left
49.13767244499968,102395000000,False,False,0,,,,0.0,0,0,0,0,0,camera_sign_turn_left
49.15812696199964,102496000000,False,False,0,,,,0.0,0,0,0,0,0,camera_sign_turn_left
49.20247301499967,102496000000,False,False,0,,,,0.0,0,0,0,0,0,camera_sign_turn_left
49.22297179599991,102496000000,False,False,0,,,,0.0,0,0,0,0,0,camera_sign_turn_left
49.26653474599971,102599000000,False,False,0,,,,0.0,0,0,0,0,0,camera_sign_turn_left
49.310712863999925,102599000000,False,False,0,,,,0.0,0,0,0,0,0,camera_sign_turn_left
49.33459779199984,102599000000,False,False,0,,,,0.0,0,0,0,0,0,camera_sign_turn_left
49.36772429199982,102701000000,False,False,0,,,,0.0,0,0,0,0,0,camera_sign_turn_left
49.38936625799988,102701000000,True,False,1,camera_sign_turn_right,turn_right_sign,right,0.516992018504647,1189,41,29,21,231,camera_sign_turn_left
49.43580862399995,102701000000,True,False,1,camera_sign_turn_right,turn_right_sign,right,0.516992018504647,1189,41,29,21,231,camera_sign_turn_left
49.46834094099995,102799000000,True,False,1,camera_sign_turn_right,turn_right_sign,right,0.516992018504647,1189,41,29,21,231,camera_sign_turn_left
49.491507029999866,102799000000,True,False,1,camera_sign_turn_right,turn_right_sign,right,0.516992018504647,1189,41,29,21,231,camera_sign_turn_left
49.536319250999895,102799000000,True,False,1,camera_sign_turn_right,turn_right_sign,right,0.516992018504647,1189,41,29,21,231,camera_sign_turn_left
49.568819434000034,102900000000,True,False,1,camera_sign_turn_right,turn_right_sign,right,0.516992018504647,1189,41,29,21,231,camera_sign_turn_left
49.60290534999967,102900000000,True,False,1,camera_sign_turn_right,turn_right_sign,right,0.516992018504647,1189,41,29,21,231,camera_sign_turn_left
49.64803594399973,102900000000,True,False,1,camera_sign_turn_right,turn_right_sign,right,0.516992018504647,1189,41,29,21,231,camera_sign_turn_left
49.683645599999636,103001000000,True,False,1,camera_sign_turn_right,turn_right_sign,right,0.516992018504647,1189,41,29,21,231,camera_sign_turn_left
49.69263263499988,103001000000,True,False,1,camera_sign_turn_right,turn_right_sign,right,0.516992018504647,1189,41,29,21,231,camera_sign_turn_left
49.75086408799962,103001000000,True,False,1,camera_sign_turn_right,turn_right_sign,right,0.516992018504647,1189,41,29,21,231,camera_sign_turn_left
49.75726435999968,103100000000,True,False,1,camera_sign_turn_right,turn_right_sign,right,0.516992018504647,1189,41,29,21,231,camera_sign_turn_left
49.80241892899994,103100000000,True,False,1,camera_sign_turn_right,turn_right_sign,right,0.516992018504647,1189,41,29,21,231,camera_sign_turn_left
49.846280593999836,103100000000,True,False,1,camera_sign_turn_right,turn_right_sign,right,0.516992018504647,1189,41,29,21,231,camera_sign_turn_left
49.86920012399969,103202000000,False,False,0,,,,0.0,0,0,0,0,0,camera_sign_turn_left
49.905667515000005,103202000000,False,False,0,,,,0.0,0,0,0,0,0,camera_sign_turn_left
49.938370723999924,103202000000,False,False,0,,,,0.0,0,0,0,0,0,camera_sign_turn_left
49.969479714000045,103301000000,False,False,0,,,,0.0,0,0,0,0,0,camera_sign_turn_left
50.01389281399997,103301000000,False,False,0,,,,0.0,0,0,0,0,0,camera_sign_turn_left
50.026890532999914,103301000000,False,False,0,,,,0.0,0,0,0,0,0,camera_sign_turn_left
50.058855372999915,103402000000,False,False,0,,,,0.0,0,0,0,0,0,camera_sign_turn_left
50.105468086999736,103402000000,False,False,0,,,,0.0,0,0,0,0,0,camera_sign_turn_left
50.1411683299998,103402000000,False,False,0,,,,0.0,0,0,0,0,0,camera_sign_turn_left
50.17721717199993,103498000000,False,False,0,,,,0.0,0,0,0,0,0,camera_sign_turn_left
50.219113232999916,103498000000,False,False,0,,,,0.0,0,0,0,0,0,camera_sign_turn_left
50.24141307799982,103498000000,False,False,0,,,,0.0,0,0,0,0,0,camera_sign_turn_left
50.28787062399988,103597000000,False,False,0,,,,0.0,0,0,0,0,0,camera_sign_turn_left
50.34120141299991,103597000000,False,False,0,,,,0.0,0,0,0,0,0,camera_sign_turn_left
50.34754173700003,103597000000,False,False,0,,,,0.0,0,0,0,0,0,camera_sign_turn_left
50.36480469199978,103698000000,False,False,0,,,,0.0,0,0,0,0,0,camera_sign_turn_left
50.407799665999846,103698000000,False,False,0,,,,0.0,0,0,0,0,0,camera_sign_turn_left
50.432349857999725,103698000000,False,False,0,,,,0.0,0,0,0,0,0,camera_sign_turn_left
50.475795946999824,103798000000,False,False,0,,,,0.0,0,0,0,0,0,camera_sign_turn_left
50.51860720299965,103798000000,False,False,0,,,,0.0,0,0,0,0,0,camera_sign_turn_left
50.54104241899995,103798000000,False,False,0,,,,0.0,0,0,0,0,0,camera_sign_turn_left
50.57350811099968,103900000000,False,False,0,,,,0.0,0,0,0,0,0,camera_sign_turn_left
50.607814889999645,103900000000,False,False,0,,,,0.0,0,0,0,0,0,camera_sign_turn_left
50.6526839979997,103900000000,False,False,0,,,,0.0,0,0,0,0,0,camera_sign_turn_left
50.667188990999875,104001000000,False,False,0,,,,0.0,0,0,0,0,0,camera_sign_turn_left
50.71909179699969,104001000000,False,False,0,,,,0.0,0,0,0,0,0,camera_sign_turn_left
50.752124032999745,104001000000,False,False,0,,,,0.0,0,0,0,0,0,camera_sign_turn_left
50.775898956999754,104099000000,False,False,0,,,,0.0,0,0,0,0,0,camera_sign_turn_left
50.83186309699977,104099000000,False,False,0,,,,0.0,0,0,0,0,0,camera_sign_turn_left
50.8409488049997,104099000000,False,False,0,,,,0.0,0,0,0,0,0,camera_sign_turn_left
50.863949737999974,104202000000,False,False,0,,,,0.0,0,0,0,0,0,camera_sign_turn_left
50.91995158899999,104202000000,False,False,0,,,,0.0,0,0,0,0,0,camera_sign_turn_left
50.93211149699982,104202000000,False,False,0,,,,0.0,0,0,0,0,0,camera_sign_turn_left
50.97487107799998,104302000000,False,False,0,,,,0.0,0,0,0,0,0,camera_sign_turn_left
50.99673059299994,104302000000,False,False,0,,,,0.0,0,0,0,0,0,camera_sign_turn_left
51.03103072099975,104302000000,False,False,0,,,,0.0,0,0,0,0,0,camera_sign_turn_left
51.07453474799968,104402000000,False,False,0,,,,0.0,0,0,0,0,0,camera_sign_turn_left
51.09928341199975,104402000000,False,False,0,,,,0.0,0,0,0,0,0,camera_sign_turn_left
51.13092295699971,104402000000,False,False,0,,,,0.0,0,0,0,0,0,camera_sign_turn_left
51.16352263299996,104504000000,False,False,0,,,,0.0,0,0,0,0,0,camera_sign_turn_left
51.21699433499998,104504000000,False,False,0,,,,0.0,0,0,0,0,0,camera_sign_turn_left
51.255164731999685,104504000000,True,False,1,camera_sign_speed_limit,speed_limit_sign,,0.358306738961737,1054,34,31,660,204,camera_sign_turn_left
51.27534180099974,104603000000,True,True,2,camera_sign_speed_limit,speed_limit_sign,,0.40935770993506293,1360,40,34,662,204,camera_sign_turn_left
51.29750821499965,104603000000,True,True,3,camera_sign_speed_limit,speed_limit_sign,,0.3914782982427373,1240,40,31,663,204,camera_sign_turn_left
51.34248128499985,104603000000,True,True,4,camera_sign_speed_limit,speed_limit_sign,,0.39854448399427156,1240,40,31,664,203,camera_sign_turn_left
51.37378214799992,104705000000,True,True,5,camera_sign_speed_limit,speed_limit_sign,,0.4119034241042583,1360,40,34,665,203,camera_sign_turn_left
51.43307304699965,104705000000,True,True,6,camera_sign_speed_limit,speed_limit_sign,,0.3861296933571349,1271,41,31,666,203,camera_sign_turn_left
51.44085071999962,104705000000,True,True,7,camera_sign_speed_limit,speed_limit_sign,,0.3846975952270041,1271,41,31,667,203,camera_sign_turn_left
51.47667408799998,104804000000,True,True,8,camera_sign_speed_limit,speed_limit_sign,,0.4002981744145834,1394,41,34,668,203,camera_sign_turn_left
51.51907910399996,104804000000,True,True,9,camera_sign_speed_limit,speed_limit_sign,,0.40762819454323745,1435,41,35,668,202,camera_sign_turn_left
51.53157863999968,104804000000,True,True,10,camera_sign_speed_limit,speed_limit_sign,,0.3983627619171026,1364,44,31,669,202,camera_sign_turn_left
51.56854182500001,104907000000,True,True,11,camera_sign_speed_limit,speed_limit_sign,,0.3739821524545359,1271,41,31,670,202,camera_sign_turn_left
51.607543297999655,104907000000,True,True,12,camera_sign_speed_limit,speed_limit_sign,,0.40309118705889035,1496,44,34,670,202,camera_sign_turn_left
51.667344862999926,105005000000,True,True,13,camera_sign_speed_limit,speed_limit_sign,,0.4119520053619915,1540,44,35,671,201,camera_sign_turn_left
51.677815266999914,105005000000,True,True,14,camera_sign_speed_limit,speed_limit_sign,,0.40451552372162486,1496,44,34,672,201,camera_sign_turn_left
51.719045168999855,105005000000,True,True,15,camera_sign_speed_limit,speed_limit_sign,,0.408976496329621,1540,44,35,672,201,camera_sign_turn_left
51.74026099899993,105005000000,True,True,16,camera_sign_speed_limit,speed_limit_sign,,0.402782088705964,1540,44,35,673,201,camera_sign_turn_left
51.777279797999654,105106000000,True,True,17,camera_sign_speed_limit,speed_limit_sign,,0.41124607476720626,1575,45,35,674,200,camera_sign_turn_left
51.798530983999626,105106000000,True,True,18,camera_sign_speed_limit,speed_limit_sign,,0.4069759610441283,1530,45,34,674,201,camera_sign_turn_left
51.85504609700001,105106000000,True,True,19,camera_sign_speed_limit,speed_limit_sign,,0.4081743993176481,1540,44,35,675,200,camera_sign_turn_left
51.890377992999674,105205000000,True,True,20,camera_sign_speed_limit,speed_limit_sign,,0.41140990792883325,1620,45,36,676,200,camera_sign_turn_left
51.92251998899974,105205000000,True,True,21,camera_sign_speed_limit,speed_limit_sign,,0.3992175579719982,1575,45,35,677,200,camera_sign_turn_left
51.9469492129997,105205000000,True,True,22,camera_sign_speed_limit,speed_limit_sign,,0.3997445133773474,1575,45,35,677,200,camera_sign_turn_left
51.98895524499994,105306000000,True,True,23,camera_sign_speed_limit,speed_limit_sign,,0.412351744179405,1680,48,35,678,199,camera_sign_turn_left
52.01103291599975,105306000000,True,True,24,camera_sign_speed_limit,speed_limit_sign,,0.41788362976499993,1728,48,36,679,199,camera_sign_turn_left
52.034726615999716,105306000000,True,True,25,camera_sign_speed_limit,speed_limit_sign,,0.40696415561426325,1680,48,35,680,199,camera_sign_turn_left
52.07591626199974,105407000000,True,True,26,camera_sign_speed_limit,speed_limit_sign,,0.4085661561041358,1728,48,36,681,199,camera_sign_turn_left
52.10809569899993,105407000000,True,True,27,camera_sign_speed_limit,speed_limit_sign,,0.4202990666709271,1911,49,39,682,198,camera_sign_turn_left
52.15482719800002,105407000000,True,True,28,camera_sign_speed_limit,speed_limit_sign,,0.4071084435820529,1764,49,36,683,198,camera_sign_turn_left
52.17722688799995,105509000000,True,True,29,camera_sign_speed_limit,speed_limit_sign,,0.40839578893476813,1764,49,36,684,198,camera_sign_turn_left
52.20927915499988,105509000000,True,True,30,camera_sign_speed_limit,speed_limit_sign,,0.4212233630691463,1911,49,39,685,197,camera_sign_turn_left
52.25459246899982,105509000000,True,True,31,camera_sign_speed_limit,speed_limit_sign,,0.4068855997935616,1764,49,36,686,197,camera_sign_turn_left
52.27594663899981,105607000000,True,True,32,camera_sign_speed_limit,speed_limit_sign,,0.4145488077341053,1911,49,39,687,197,camera_sign_turn_left
52.29841065099981,105607000000,True,True,33,camera_sign_speed_limit,speed_limit_sign,,0.41943648342807227,2000,50,40,688,197,camera_sign_turn_left
52.35495315599974,105607000000,True,True,34,camera_sign_speed_limit,speed_limit_sign,,0.40237183154252865,1800,50,36,689,196,camera_sign_turn_left
52.3669372559998,105607000000,True,True,35,camera_sign_speed_limit,speed_limit_sign,,0.41467329913661,1950,50,39,690,196,camera_sign_turn_left
52.40725533199975,105709000000,True,True,36,camera_sign_speed_limit,speed_limit_sign,,0.4093775083350139,1950,50,39,692,196,camera_sign_turn_left
52.44323089499994,105709000000,True,True,37,camera_sign_speed_limit,speed_limit_sign,,0.4123763853888641,2000,50,40,693,196,camera_sign_turn_left
52.48887905299989,105810000000,True,True,38,camera_sign_speed_limit,speed_limit_sign,,0.4199585241385173,2173,53,41,695,195,camera_sign_turn_left
52.50865066899996,105810000000,True,True,39,camera_sign_speed_limit,speed_limit_sign,,0.41321032949924463,2106,54,39,696,195,camera_sign_turn_left
52.542339332999745,105810000000,True,True,40,camera_sign_speed_limit,speed_limit_sign,,0.4203427971815681,2173,53,41,698,194,camera_sign_turn_left
52.59081714800004,105911000000,True,True,41,camera_sign_speed_limit,speed_limit_sign,,0.41280548520318133,2160,54,40,699,194,camera_sign_turn_left
52.59854048099987,105911000000,True,True,42,camera_sign_speed_limit,speed_limit_sign,,0.4136969120955133,2214,54,41,701,194,camera_sign_turn_left
52.64422950599965,105911000000,True,True,43,camera_sign_speed_limit,speed_limit_sign,,0.4138492820534325,2200,55,40,703,193,camera_sign_turn_left
52.69021600499991,106011000000,True,True,44,camera_sign_speed_limit,speed_limit_sign,,0.4145577585253838,2255,55,41,705,193,camera_sign_turn_left
52.69812353399993,106011000000,True,True,45,camera_sign_speed_limit,speed_limit_sign,,0.4096646218456771,2255,55,41,706,193,camera_sign_turn_left
52.73305093599993,106011000000,True,True,46,camera_sign_speed_limit,speed_limit_sign,,0.41959684104097217,2552,58,44,708,192,camera_sign_turn_left
52.78934995099962,106112000000,True,True,47,camera_sign_speed_limit,speed_limit_sign,,0.41014117380504567,2378,58,41,710,192,camera_sign_turn_left
52.81255096699988,106112000000,True,True,48,camera_sign_speed_limit,speed_limit_sign,,0.4304159754116248,2655,59,45,712,191,camera_sign_turn_left
52.84642332999965,106112000000,True,True,49,camera_sign_speed_limit,speed_limit_sign,,0.41452738300016223,2596,59,44,714,191,camera_sign_turn_left
52.89126409799974,106211000000,True,True,50,camera_sign_speed_limit,speed_limit_sign,,0.42595935139006535,2655,59,45,717,190,camera_sign_turn_left
52.90874251199966,106211000000,True,True,51,camera_sign_speed_limit,speed_limit_sign,,0.41643271544140936,2640,60,44,718,190,camera_sign_turn_left
52.956628695999825,106211000000,True,True,52,camera_sign_speed_limit,speed_limit_sign,,0.4248894306048978,2700,60,45,719,190,camera_sign_turn_left
52.991741266999725,106309000000,True,True,53,camera_sign_speed_limit,speed_limit_sign,,0.4297390470723964,3024,63,48,720,190,camera_sign_turn_left
53.023957382999924,106309000000,True,True,54,camera_sign_speed_limit,speed_limit_sign,,0.4191691429538079,2835,63,45,721,190,camera_sign_turn_left
53.07803562299978,106411000000,True,True,55,camera_sign_speed_limit,speed_limit_sign,,0.424722594701058,2700,60,45,722,189,camera_sign_turn_left
53.08583372699968,106411000000,True,True,56,camera_sign_speed_limit,speed_limit_sign,,0.42306097710781043,2835,63,45,723,189,camera_sign_turn_left
53.111187419999624,106411000000,True,True,57,camera_sign_speed_limit,speed_limit_sign,,0.43432276590068275,3024,63,48,724,189,camera_sign_turn_left
53.14582641399966,106411000000,True,True,58,camera_sign_speed_limit,speed_limit_sign,,0.43373021116343,3024,63,48,725,189,camera_sign_turn_left
53.202559048999774,106512000000,True,True,59,camera_sign_speed_limit,speed_limit_sign,,0.4247668098525409,3072,64,48,727,188,camera_sign_turn_left
53.22054910099996,106512000000,True,True,60,camera_sign_speed_limit,speed_limit_sign,,0.4339200933908192,3136,64,49,728,188,camera_sign_turn_left
53.26173877799965,106512000000,True,True,61,camera_sign_speed_limit,speed_limit_sign,,0.4214363453364761,2925,65,45,729,188,camera_sign_turn_left
53.27310938599976,106512000000,True,True,62,camera_sign_speed_limit,speed_limit_sign,,0.42194564830583636,3120,65,48,731,187,camera_sign_turn_left
53.33846361099995,106609000000,True,True,63,camera_sign_speed_limit,speed_limit_sign,,0.43756652889443903,3332,68,49,732,187,camera_sign_turn_left
53.34966468399989,106609000000,True,True,64,camera_sign_speed_limit,speed_limit_sign,,0.42973355124665263,3185,65,49,733,187,camera_sign_turn_left
53.37153264699964,106709000000,True,True,65,camera_sign_speed_limit,speed_limit_sign,,0.4209682847265697,3185,65,49,734,187,camera_sign_turn_left
53.4153886969998,106709000000,True,True,66,camera_sign_speed_limit,speed_limit_sign,,0.4374529425972467,3332,68,49,736,186,camera_sign_turn_left
53.43442131199981,106709000000,True,True,67,camera_sign_speed_limit,speed_limit_sign,,0.43164120079701085,3381,69,49,737,186,camera_sign_turn_left
53.46717720499964,106709000000,True,True,68,camera_sign_speed_limit,speed_limit_sign,,0.43192092603895516,3400,68,50,739,186,camera_sign_turn_left
53.512404785999934,106812000000,True,True,69,camera_sign_speed_limit,speed_limit_sign,,0.4263849312245821,3381,69,49,740,186,camera_sign_turn_left
53.548594665999644,106812000000,True,True,70,camera_sign_speed_limit,speed_limit_sign,,0.42908918208998503,3500,70,50,742,185,camera_sign_turn_left
53.57924570899968,106912000000,True,True,71,camera_sign_speed_limit,speed_limit_sign,,0.4292212655737662,3500,70,50,743,185,camera_sign_turn_left
53.61434112699999,106912000000,True,True,72,camera_sign_speed_limit,speed_limit_sign,,0.4302884225884033,3500,70,50,745,185,camera_sign_turn_left
53.64749689199971,106912000000,True,True,73,camera_sign_speed_limit,speed_limit_sign,,0.42668852598630147,3650,73,50,746,184,camera_sign_turn_left
53.67021668899997,106912000000,True,True,74,camera_sign_speed_limit,speed_limit_sign,,0.436088959101714,3710,70,53,748,184,camera_sign_turn_left
53.71449108199977,107012000000,True,True,75,camera_sign_speed_limit,speed_limit_sign,,0.43482968394871496,3869,73,53,749,184,camera_sign_turn_left
53.77106486100001,107012000000,True,True,76,camera_sign_speed_limit,speed_limit_sign,,0.4371636343447746,3869,73,53,751,183,camera_sign_turn_left
53.79457519399966,107111000000,True,True,77,camera_sign_speed_limit,speed_limit_sign,,0.4382189662308201,3922,74,53,753,183,camera_sign_turn_left
53.82627167700002,107111000000,True,True,78,camera_sign_speed_limit,speed_limit_sign,,0.4382944246837521,3996,74,54,754,183,camera_sign_turn_left
53.83698178499981,107111000000,True,True,79,camera_sign_speed_limit,speed_limit_sign,,0.4268658342710451,3975,75,53,756,182,camera_sign_turn_left
53.869324479999705,107111000000,True,True,80,camera_sign_speed_limit,speed_limit_sign,,0.4332854866698668,3975,75,53,758,182,camera_sign_turn_left
53.90380718899996,107215000000,True,True,81,camera_sign_speed_limit,speed_limit_sign,,0.43993613508054696,4212,78,54,760,182,camera_sign_turn_left
53.95917964799992,107215000000,True,True,82,camera_sign_speed_limit,speed_limit_sign,,0.43192916913358415,4212,78,54,761,181,camera_sign_turn_left
53.98304608499984,107313000000,True,True,83,camera_sign_speed_limit,speed_limit_sign,,0.43419615185274496,4345,79,55,763,181,camera_sign_turn_left
54.01478055999996,107313000000,True,True,84,camera_sign_speed_limit,speed_limit_sign,,0.4323525645479972,4345,79,55,765,181,camera_sign_turn_left
54.050524316000065,107313000000,True,True,85,camera_sign_speed_limit,speed_limit_sign,,0.4333052656911307,4400,80,55,767,180,camera_sign_turn_left
54.10506495199979,107412000000,True,True,86,camera_sign_speed_limit,speed_limit_sign,,0.43215889396705276,4400,80,55,769,180,camera_sign_turn_left
54.115342516000055,107412000000,True,True,87,camera_sign_speed_limit,speed_limit_sign,,0.43641358536317176,4640,80,58,771,179,camera_sign_turn_left
54.139992957999766,107412000000,True,True,88,camera_sign_speed_limit,speed_limit_sign,,0.4325953261137117,4400,80,55,773,179,camera_sign_turn_left
54.18096100899993,107516000000,True,True,89,camera_sign_speed_limit,speed_limit_sign,,0.4392458713714824,4872,84,58,775,179,camera_sign_turn_left
54.21136072699983,107516000000,True,True,90,camera_sign_speed_limit,speed_limit_sign,,0.4415995186524508,4872,84,58,776,178,camera_sign_turn_left
54.237595338999654,107516000000,True,True,91,camera_sign_speed_limit,speed_limit_sign,,0.4397238740385142,4956,84,59,778,178,camera_sign_turn_left
54.28299180899967,107617000000,True,True,92,camera_sign_speed_limit,speed_limit_sign,,0.4394858010786682,4872,84,58,781,177,camera_sign_turn_left
54.31369874799975,107617000000,True,True,93,camera_sign_speed_limit,speed_limit_sign,,0.44122368514820165,5192,88,59,783,177,camera_sign_turn_left
54.33657165399973,107617000000,True,True,94,camera_sign_speed_limit,speed_limit_sign,,0.436997293489911,5192,88,59,785,177,camera_sign_turn_left
54.36950771299962,107617000000,True,True,95,camera_sign_speed_limit,speed_limit_sign,,0.43799120098173033,5340,89,60,787,176,camera_sign_turn_left
54.42234267999993,107719000000,True,True,96,camera_sign_speed_limit,speed_limit_sign,,0.43618533266426557,5251,89,59,789,176,camera_sign_turn_left
54.45922332700002,107719000000,True,True,97,camera_sign_speed_limit,speed_limit_sign,,0.43710606127417767,5400,90,60,791,175,camera_sign_turn_left
54.482314996999776,107817000000,True,True,98,camera_sign_speed_limit,speed_limit_sign,,0.43344733501489974,5400,90,60,793,175,camera_sign_turn_left
54.511599613999806,107817000000,True,True,99,camera_sign_speed_limit,speed_limit_sign,,0.43867481621769866,5580,93,60,796,174,camera_sign_turn_left
54.547197463999964,107817000000,True,True,100,camera_sign_speed_limit,speed_limit_sign,,0.4335602971029018,5580,93,60,798,174,camera_sign_turn_left
54.58135997099998,107917000000,True,True,101,camera_sign_speed_limit,speed_limit_sign,,0.4434295076148459,5922,94,63,800,173,camera_sign_turn_left
54.63631124699987,107917000000,True,True,102,camera_sign_speed_limit,speed_limit_sign,,0.43285676020008396,5922,94,63,802,173,camera_sign_turn_left
54.6594355899997,107917000000,True,True,103,camera_sign_speed_limit,speed_limit_sign,,0.4406694227746151,5985,95,63,805,173,camera_sign_turn_left
54.671216765999816,107917000000,True,True,104,camera_sign_speed_limit,speed_limit_sign,,0.44119445664304124,6272,98,64,807,172,camera_sign_turn_left
54.72076290299992,108018000000,True,True,105,camera_sign_speed_limit,speed_limit_sign,,0.440831619583935,6237,99,63,810,172,camera_sign_turn_left
54.75013442399995,108018000000,True,True,106,camera_sign_speed_limit,speed_limit_sign,,0.4399294997805842,6400,100,64,812,171,camera_sign_turn_left
54.79258418599966,108117000000,True,True,107,camera_sign_speed_limit,speed_limit_sign,,0.4414435410408274,6695,103,65,815,171,camera_sign_turn_left
54.81973421099974,108117000000,True,True,108,camera_sign_speed_limit,speed_limit_sign,,0.4387690243054617,6695,103,65,817,170,camera_sign_turn_left
54.87163481699963,108117000000,True,True,109,camera_sign_speed_limit,speed_limit_sign,,0.4393043525453267,6760,104,65,820,170,camera_sign_turn_left
54.90407018799988,108216000000,True,True,110,camera_sign_speed_limit,speed_limit_sign,,0.43345805330739734,6825,105,65,823,169,camera_sign_turn_left
54.91302980099999,108216000000,True,True,111,camera_sign_speed_limit,speed_limit_sign,,0.4378049589567353,6825,105,65,825,168,camera_sign_turn_left
54.949543854999774,108216000000,True,True,112,camera_sign_speed_limit,speed_limit_sign,,0.44469694644654345,7344,108,68,828,168,camera_sign_turn_left
54.970938341999954,108216000000,True,True,113,camera_sign_speed_limit,speed_limit_sign,,0.44248456851652807,7521,109,69,831,167,camera_sign_turn_left
55.01834191499984,108319000000,True,True,114,camera_sign_speed_limit,speed_limit_sign,,0.44054938258411364,7412,109,68,834,167,camera_sign_turn_left
55.04916342999968,108319000000,True,True,115,camera_sign_speed_limit,speed_limit_sign,,0.4417517799503769,7797,113,69,837,166,camera_sign_turn_left
55.10533270299993,108417000000,True,True,116,camera_sign_speed_limit,speed_limit_sign,,0.4403799991089278,7910,113,70,839,166,camera_sign_turn_left
55.11334055999987,108417000000,True,True,117,camera_sign_speed_limit,speed_limit_sign,,0.4425057785564458,7980,114,70,842,165,camera_sign_turn_left
55.14188790499975,108417000000,True,True,118,camera_sign_speed_limit,speed_limit_sign,,0.436932040793356,8050,115,70,846,164,camera_sign_turn_left
55.185996753999916,108516000000,True,True,119,camera_sign_speed_limit,speed_limit_sign,,0.44187127256253717,8260,118,70,849,164,camera_sign_turn_left
55.22166458599986,108516000000,True,True,120,camera_sign_speed_limit,speed_limit_sign,,0.44492902060268513,8687,119,73,851,163,camera_sign_turn_left
55.27571611099984,108516000000,True,True,121,camera_sign_speed_limit,speed_limit_sign,,0.44576257898016525,8760,120,73,856,162,camera_sign_turn_left
55.30765722199976,108618000000,True,True,122,camera_sign_speed_limit,speed_limit_sign,,0.445226076774922,9525,127,75,862,161,camera_sign_turn_left
55.343333165999866,108618000000,True,True,123,camera_sign_speed_limit,speed_limit_sign,,0.4392445904263633,9600,128,75,869,160,camera_sign_turn_left
55.355001009999796,108618000000,True,True,124,camera_sign_speed_limit,speed_limit_sign,,0.4473203457238293,10296,132,78,876,158,camera_sign_turn_left
55.391720167999665,108721000000,True,True,125,camera_sign_speed_limit,speed_limit_sign,,0.4485437914022668,10823,137,79,883,157,camera_sign_turn_left
55.412895470999956,108721000000,True,True,126,camera_sign_speed_limit,speed_limit_sign,,0.44108663014046895,10960,137,80,890,155,camera_sign_turn_left
55.44725661299981,108721000000,True,True,127,camera_sign_speed_limit,speed_limit_sign,,0.42809694299833645,10956,132,83,898,154,camera_sign_turn_left
55.48309159199971,108721000000,True,True,128,camera_sign_speed_limit,speed_limit_sign,,0.4239515961462344,10584,126,84,906,152,camera_sign_turn_left
55.513872080000056,108821000000,True,True,129,camera_sign_speed_limit,speed_limit_sign,,0.4034472943437842,10115,119,85,914,151,camera_sign_turn_left
55.54833463399973,108821000000,True,True,130,camera_sign_speed_limit,speed_limit_sign,,0.3998308186325529,9790,110,89,920,150,camera_sign_turn_left
55.606099578999874,108920000000,True,True,131,camera_sign_speed_limit,speed_limit_sign,,0.3870525780023421,9090,101,90,924,149,camera_sign_turn_left
55.615195460999985,108920000000,True,False,1,camera_sign_turn_left,turn_left_sign,left,0.3413495585120854,14276,83,172,841,295,camera_sign_turn_left
55.6479986989998,108920000000,True,True,2,camera_sign_turn_left,turn_left_sign,left,0.34323078323021267,14532,84,173,846,297,camera_sign_turn_left
55.680697658999634,108920000000,True,True,3,camera_sign_turn_left,turn_left_sign,left,0.3411968645666225,15576,88,177,853,298,camera_sign_turn_left
55.73527182299995,109022000000,True,True,4,camera_sign_turn_left,turn_left_sign,left,0.340657171942544,15931,89,179,859,299,camera_sign_turn_left
55.7451679349997,109022000000,True,True,5,camera_sign_turn_left,turn_left_sign,left,0.33907367599859234,17108,94,182,866,299,camera_sign_turn_left
55.781476028999805,109022000000,True,True,6,camera_sign_turn_left,turn_left_sign,left,0.339295195019212,17480,95,184,872,300,camera_sign_turn_left
55.804804759000035,109121000000,True,True,7,camera_sign_turn_left,turn_left_sign,left,0.33965717261263445,18612,99,188,879,301,camera_sign_turn_left
55.83751773699987,109121000000,True,True,8,camera_sign_turn_left,turn_left_sign,left,0.33889666256869894,19776,103,192,886,302,camera_sign_turn_left
55.89567763399964,109220000000,True,True,9,camera_sign_turn_left,turn_left_sign,left,0.33915159032032566,20844,108,193,893,304,camera_sign_turn_left
55.920320532000005,109220000000,True,True,10,camera_sign_turn_left,turn_left_sign,left,0.33748728602643074,21780,110,198,901,305,camera_sign_turn_left
55.97405407799988,109220000000,True,True,11,camera_sign_turn_left,turn_left_sign,left,0.3384242669696655,21614,107,202,910,306,camera_sign_turn_left
55.98279699199975,109220000000,True,True,12,camera_sign_turn_left,turn_left_sign,left,0.3384709600646804,20604,101,204,918,307,camera_sign_turn_left
56.00643474699973,109321000000,True,True,13,camera_sign_turn_left,turn_left_sign,left,0.32634368947320097,19646,94,209,926,308,camera_sign_turn_left
56.07089131599969,109321000000,True,True,14,camera_sign_turn_left,turn_left_sign,left,0.32502000083267324,17808,84,212,932,316,camera_sign_turn_left
56.082152396999845,109321000000,True,False,1,camera_sign_speed_limit,speed_limit_sign,,0.4207177235266195,713,23,31,190,192,camera_sign_turn_left
56.114472225999634,109423000000,True,False,1,camera_sign_turn_right,turn_right_sign,right,0.49877481442513,570,19,30,397,230,camera_sign_turn_left
56.14636164800004,109423000000,True,False,1,camera_sign_speed_limit,speed_limit_sign,,0.418990125463954,782,23,34,184,191,camera_sign_turn_left
56.17876292599976,109423000000,True,True,2,camera_sign_speed_limit,speed_limit_sign,,0.439275261368791,816,24,34,181,191,camera_sign_turn_left
56.214868426000066,109525000000,True,False,1,camera_sign_turn_right,turn_right_sign,right,0.505334466972832,558,18,31,397,230,camera_sign_turn_left
56.283693965999646,109525000000,True,True,2,camera_sign_turn_right,turn_right_sign,right,0.49586828220272355,620,20,31,396,230,camera_sign_turn_right
56.293528716999845,109624000000,True,False,1,camera_sign_speed_limit,speed_limit_sign,,0.4345179949763558,875,25,35,172,190,camera_sign_turn_right
56.33111671500001,109624000000,True,True,2,camera_sign_speed_limit,speed_limit_sign,,0.4303459878254272,936,26,36,169,189,camera_sign_turn_right
56.34164805499995,109624000000,True,False,1,camera_sign_turn_right,turn_right_sign,right,0.4895217542330846,651,21,31,395,230,camera_sign_turn_right
56.40507828099999,109722000000,True,True,2,camera_sign_turn_right,turn_right_sign,right,0.48994343648039784,646,19,34,394,230,camera_sign_turn_right
56.41523723399996,109722000000,True,False,1,camera_sign_speed_limit,speed_limit_sign,,0.4233519722563961,1131,29,39,158,187,camera_sign_turn_right
56.4539572169997,109722000000,True,False,1,camera_sign_turn_right,turn_right_sign,right,0.4957667317169796,651,21,31,394,230,camera_sign_turn_right
56.46846324099988,109722000000,True,True,2,camera_sign_turn_right,turn_right_sign,right,0.4957667317169796,651,21,31,394,230,camera_sign_turn_right
56.49036522899996,109816000000,True,True,3,camera_sign_turn_right,turn_right_sign,right,0.5005876275492019,646,19,34,393,230,camera_sign_turn_right
56.54317590899973,109816000000,True,False,1,camera_sign_speed_limit,speed_limit_sign,,0.4373712503429713,1200,30,40,147,186,camera_sign_turn_right
56.554854520999925,109816000000,True,False,1,camera_sign_turn_right,turn_right_sign,right,0.49763510755644796,682,22,31,393,230,camera_sign_turn_right
56.59636753899986,109923000000,True,True,2,camera_sign_turn_right,turn_right_sign,right,0.4900632457741801,700,20,35,392,229,camera_sign_turn_right
56.60569528499991,109923000000,True,False,1,camera_sign_speed_limit,speed_limit_sign,,0.436339566624627,1364,31,44,135,184,camera_sign_turn_right
56.65033234299972,109923000000,True,False,1,camera_sign_turn_right,turn_right_sign,right,0.4865221396197465,770,22,35,392,230,camera_sign_turn_right
56.69528058700007,110024000000,True,True,2,camera_sign_turn_right,turn_right_sign,right,0.5075928170712755,646,19,34,391,229,camera_sign_turn_right
56.762680478999755,110024000000,True,True,3,camera_sign_turn_right,turn_right_sign,right,0.4880192160645811,770,22,35,391,229,camera_sign_turn_right
56.77090700999997,110024000000,True,True,4,camera_sign_turn_right,turn_right_sign,right,0.49411252966004887,770,22,35,391,230,camera_sign_turn_right
56.78283009400002,110024000000,True,False,1,camera_sign_speed_limit,speed_limit_sign,,0.4348147130412533,1872,39,48,113,180,camera_sign_turn_right
56.819783945999916,110125000000,True,False,1,camera_sign_turn_right,turn_right_sign,right,0.4929919949080939,770,22,35,390,229,camera_sign_turn_right
56.86165324900003,110125000000,True,True,2,camera_sign_turn_right,turn_right_sign,right,0.495874569323111,782,23,34,389,229,camera_sign_turn_right
56.883206831999814,110125000000,True,True,3,camera_sign_turn_right,turn_right_sign,right,0.492668891498497,792,22,36,389,229,camera_sign_turn_right
56.908303328999864,110225000000,True,True,4,camera_sign_turn_right,turn_right_sign,right,0.5017308559722908,770,22,35,389,229,camera_sign_turn_right
56.93750668599978,110225000000,True,False,1,camera_sign_speed_limit,speed_limit_sign,,0.46526420800602203,2385,45,53,89,177,camera_sign_turn_right
56.975282910999795,110225000000,True,False,1,camera_sign_turn_right,turn_right_sign,right,0.5011572804216324,792,22,36,388,228,camera_sign_turn_right
57.02022841799999,110325000000,True,True,2,camera_sign_turn_right,turn_right_sign,right,0.5003106611055789,805,23,35,388,229,camera_sign_turn_right
57.07282408999981,110325000000,True,True,3,camera_sign_turn_right,turn_right_sign,right,0.5027161728199763,792,22,36,386,228,camera_sign_turn_right
57.08296501099994,110325000000,True,True,4,camera_sign_turn_right,turn_right_sign,right,0.5045542299384063,792,22,36,386,229,camera_sign_turn_right
57.10783764400003,110426000000,True,True,5,camera_sign_turn_right,turn_right_sign,right,0.4996196140993859,828,23,36,386,228,camera_sign_turn_right
57.16197047700007,110426000000,True,True,6,camera_sign_turn_right,turn_right_sign,right,0.5054111263139843,792,22,36,386,228,camera_sign_turn_right
57.18458117699993,110426000000,True,True,7,camera_sign_turn_right,turn_right_sign,right,0.5017507356810023,864,24,36,385,229,camera_sign_turn_right
57.2403518809997,110530000000,True,True,8,camera_sign_turn_right,turn_right_sign,right,0.5115233757788246,792,22,36,385,228,camera_sign_turn_right
57.26172214799999,110530000000,True,False,1,camera_sign_speed_limit,speed_limit_sign,,0.48689359037118174,4032,64,63,36,168,camera_sign_turn_right
57.28345082299984,110530000000,True,True,2,camera_sign_speed_limit,speed_limit_sign,,0.5063327815259531,3904,61,64,29,167,camera_sign_turn_right
57.31808231700006,110628000000,True,True,3,camera_sign_speed_limit,speed_limit_sign,,0.5413022401100998,3584,56,64,22,166,camera_sign_turn_right
57.340223046999654,110628000000,True,True,4,camera_sign_speed_limit,speed_limit_sign,,0.5762984081045414,3024,48,63,16,166,camera_sign_turn_right
57.372916772999815,110628000000,True,True,5,camera_sign_speed_limit,speed_limit_sign,,0.5979912828453161,2301,39,59,11,167,camera_sign_turn_right
57.42919623999978,110729000000,True,True,6,camera_sign_speed_limit,speed_limit_sign,,0.5928912148953186,1537,29,53,8,167,camera_sign_turn_right
57.43946244499966,110729000000,True,False,1,camera_sign_turn_right,turn_right_sign,right,0.501506188144477,936,24,39,381,228,camera_sign_turn_right
57.505582003999734,110828000000,True,True,2,camera_sign_turn_right,turn_right_sign,right,0.5058382476728002,936,24,39,381,228,camera_sign_turn_right
57.51572077999981,110828000000,True,True,3,camera_sign_turn_right,turn_right_sign,right,0.49921678195844393,1000,25,40,380,228,camera_sign_turn_right
57.570668094999746,110828000000,True,True,4,camera_sign_turn_right,turn_right_sign,right,0.5076586296425234,960,24,40,380,228,camera_sign_turn_right
57.604279332999795,110930000000,True,True,5,camera_sign_turn_right,turn_right_sign,right,0.5108503053129818,960,24,40,379,227,camera_sign_turn_right
57.63682565399995,110930000000,True,True,6,camera_sign_turn_right,turn_right_sign,right,0.5120654298578078,960,24,40,379,228,camera_sign_turn_right
57.670973925,110930000000,True,True,7,camera_sign_turn_right,turn_right_sign,right,0.5085110859637286,1000,25,40,378,228,camera_sign_turn_right
57.68189452699971,110930000000,True,True,8,camera_sign_turn_right,turn_right_sign,right,0.5079707391664731,1000,25,40,378,228,camera_sign_turn_right
57.71678698100004,111032000000,True,True,9,camera_sign_turn_right,turn_right_sign,right,0.5127249869147102,1000,25,40,377,227,camera_sign_turn_right
57.76244441799963,111032000000,True,True,10,camera_sign_turn_right,turn_right_sign,right,0.5066171214752061,1040,26,40,376,228,camera_sign_turn_right
57.80842486499978,111127000000,True,True,11,camera_sign_turn_right,turn_right_sign,right,0.5100949944971185,1040,26,40,376,227,camera_sign_turn_right
57.815631839999696,111127000000,True,True,12,camera_sign_turn_right,turn_right_sign,right,0.5095631431254404,1066,26,41,375,227,camera_sign_turn_right
57.86301592999962,111127000000,True,True,13,camera_sign_turn_right,turn_right_sign,right,0.5150746795728237,1025,25,41,375,227,camera_sign_turn_right
57.876450309999655,111127000000,True,True,14,camera_sign_turn_right,turn_right_sign,right,0.5212587995590506,1025,25,41,374,227,camera_sign_turn_right
57.92141360100004,111227000000,True,True,15,camera_sign_turn_right,turn_right_sign,right,0.5047650836935023,1189,29,41,373,227,camera_sign_turn_right
57.952964087000055,111227000000,True,True,16,camera_sign_turn_right,turn_right_sign,right,0.5021132969685087,1189,29,41,373,227,camera_sign_turn_right
58.00018445099977,111328000000,True,True,17,camera_sign_turn_right,turn_right_sign,right,0.5086439451130546,1189,29,41,372,227,camera_sign_turn_right
58.01914544099964,111328000000,True,True,18,camera_sign_turn_right,turn_right_sign,right,0.49905678942220577,1276,29,44,372,227,camera_sign_turn_right
58.07320703000005,111328000000,True,True,19,camera_sign_turn_right,turn_right_sign,right,0.49562837630955775,1320,30,44,371,227,camera_sign_turn_right
58.080573510999784,111328000000,True,True,20,camera_sign_turn_right,turn_right_sign,right,0.50317391847297,1276,29,44,370,227,camera_sign_turn_right
58.15082391499982,111430000000,True,True,21,camera_sign_turn_right,turn_right_sign,right,0.5029154427139056,1276,29,44,370,227,camera_sign_turn_right
58.15706883899975,111430000000,True,True,22,camera_sign_turn_right,turn_right_sign,right,0.5047200272059946,1320,30,44,369,227,camera_sign_turn_right
58.18444926999973,111430000000,True,True,23,camera_sign_turn_right,turn_right_sign,right,0.5058652227215628,1320,30,44,368,227,camera_sign_turn_right
58.21828543399988,111531000000,True,True,24,camera_sign_turn_right,turn_right_sign,right,0.508829179039756,1320,30,44,368,227,camera_sign_turn_right
58.250480289999814,111531000000,True,True,25,camera_sign_turn_right,turn_right_sign,right,0.5083881119340554,1350,30,45,367,227,camera_sign_turn_right
58.2731066299998,111531000000,True,True,26,camera_sign_turn_right,turn_right_sign,right,0.5121535470022388,1350,30,45,366,226,camera_sign_turn_right
58.307172307999735,111631000000,True,True,27,camera_sign_turn_right,turn_right_sign,right,0.5152456150181712,1350,30,45,366,226,camera_sign_turn_right
58.35184369699982,111631000000,True,True,28,camera_sign_turn_right,turn_right_sign,right,0.5099690191238668,1395,31,45,365,226,camera_sign_turn_right
58.387415967999914,111631000000,True,True,29,camera_sign_turn_right,turn_right_sign,right,0.5139203547375798,1395,31,45,364,226,camera_sign_turn_right
58.45141491000004,111731000000,True,True,30,camera_sign_turn_right,turn_right_sign,right,0.5183675144591467,1395,31,45,364,226,camera_sign_turn_right
58.46350373899986,111731000000,True,True,31,camera_sign_turn_right,turn_right_sign,right,0.49057676653523524,1680,35,48,363,226,camera_sign_turn_right
58.541446210999766,111832000000,True,True,32,camera_sign_turn_right,turn_right_sign,right,0.4978583934364184,1632,34,48,362,226,camera_sign_turn_right
58.54927725799962,111832000000,True,True,33,camera_sign_turn_right,turn_right_sign,right,0.49895803030274205,1632,34,48,361,226,camera_sign_turn_right
58.55512403500006,111832000000,True,True,34,camera_sign_turn_right,turn_right_sign,right,0.5013479191711315,1632,34,48,361,226,camera_sign_turn_right
58.57298378299993,111832000000,True,True,35,camera_sign_turn_right,turn_right_sign,right,0.5016019345938129,1680,35,48,360,226,camera_sign_turn_right
58.618974369999705,111934000000,True,True,36,camera_sign_turn_right,turn_right_sign,right,0.505300097024105,1680,35,48,359,226,camera_sign_turn_right
58.66094540499989,111934000000,True,True,37,camera_sign_turn_right,turn_right_sign,right,0.5058366034985422,1715,35,49,358,225,camera_sign_turn_right
58.67325511199988,111934000000,True,True,38,camera_sign_turn_right,turn_right_sign,right,0.5048790407564249,1764,36,49,357,225,camera_sign_turn_right
58.7180691399999,112033000000,True,True,39,camera_sign_turn_right,turn_right_sign,right,0.5104744952527533,1715,35,49,357,225,camera_sign_turn_right
58.74753071199984,112033000000,True,True,40,camera_sign_turn_right,turn_right_sign,right,0.5103486444554485,1764,36,49,356,225,camera_sign_turn_right
58.78629706999982,112033000000,True,True,41,camera_sign_turn_right,turn_right_sign,right,0.5184431446831501,1715,35,49,355,225,camera_sign_turn_right
58.82084125499978,112132000000,True,True,42,camera_sign_turn_right,turn_right_sign,right,0.512939963292174,1800,36,50,354,225,camera_sign_turn_right
58.87685406399987,112132000000,True,True,43,camera_sign_turn_right,turn_right_sign,right,0.5133864040204114,1800,36,50,353,225,camera_sign_turn_right
58.88802319399974,112132000000,True,True,44,camera_sign_turn_right,turn_right_sign,right,0.5063570112314684,1950,39,50,352,225,camera_sign_turn_right
58.920135002999814,112233000000,True,True,45,camera_sign_turn_right,turn_right_sign,right,0.503867120950264,2000,40,50,351,225,camera_sign_turn_right
58.969817859999694,112233000000,True,True,46,camera_sign_turn_right,turn_right_sign,right,0.5056503137543321,2000,40,50,350,225,camera_sign_turn_right
58.976848721999886,112233000000,True,True,47,camera_sign_turn_right,turn_right_sign,right,0.5026492667078541,2120,40,53,350,225,camera_sign_turn_right
59.02004023899963,112334000000,True,True,48,camera_sign_turn_right,turn_right_sign,right,0.5031369168971126,2173,41,53,349,224,camera_sign_turn_right
59.050646933999815,112334000000,True,True,49,camera_sign_turn_right,turn_right_sign,right,0.5067891595167124,2120,40,53,348,224,camera_sign_turn_right
59.08518933999994,112334000000,True,True,50,camera_sign_turn_right,turn_right_sign,right,0.5066773291396937,2173,41,53,347,224,camera_sign_turn_right
59.10855447899985,112436000000,True,True,51,camera_sign_turn_right,turn_right_sign,right,0.5113400179673265,2173,41,53,346,224,camera_sign_turn_right
59.147645051999916,112436000000,True,True,52,camera_sign_turn_right,turn_right_sign,right,0.5118311969179081,2214,41,54,345,224,camera_sign_turn_right
59.186606629999915,112436000000,True,True,53,camera_sign_turn_right,turn_right_sign,right,0.5151435523697578,2214,41,54,344,224,camera_sign_turn_right
59.21770950899963,112536000000,True,True,54,camera_sign_turn_right,turn_right_sign,right,0.5048959546720966,2430,45,54,343,224,camera_sign_turn_right
59.250110284999664,112536000000,True,True,55,camera_sign_turn_right,turn_right_sign,right,0.5058299248046249,2420,44,55,342,224,camera_sign_turn_right
59.28577874799976,112536000000,True,True,56,camera_sign_turn_right,turn_right_sign,right,0.5003545199823466,2610,45,58,341,224,camera_sign_turn_right
59.307423068999924,112637000000,True,True,57,camera_sign_turn_right,turn_right_sign,right,0.5031260497353874,2610,45,58,340,224,camera_sign_turn_right
59.35172031000002,112637000000,True,True,58,camera_sign_turn_right,turn_right_sign,right,0.4966317566247959,2784,48,58,339,224,camera_sign_turn_right
59.38660483800004,112637000000,True,True,59,camera_sign_turn_right,turn_right_sign,right,0.49893219185209436,2784,48,58,338,223,camera_sign_turn_right
59.40791732999969,112737000000,True,True,60,camera_sign_turn_right,turn_right_sign,right,0.4979932179078847,2891,49,59,337,223,camera_sign_turn_right
59.4413431869998,112737000000,True,True,61,camera_sign_turn_right,turn_right_sign,right,0.5026386487592056,2832,48,59,336,223,camera_sign_turn_right
59.487009728999965,112737000000,True,True,62,camera_sign_turn_right,turn_right_sign,right,0.506423927170546,2832,48,59,334,223,camera_sign_turn_right
59.550071036999725,112838000000,True,True,63,camera_sign_turn_right,turn_right_sign,right,0.506723166258312,2891,49,59,333,223,camera_sign_turn_right
59.559703764000005,112838000000,True,True,64,camera_sign_turn_right,turn_right_sign,right,0.5039148213553073,3000,50,60,332,223,camera_sign_turn_right
59.5857902849998,112838000000,True,True,65,camera_sign_turn_right,turn_right_sign,right,0.500831813018447,3180,53,60,331,223,camera_sign_turn_right
59.620309692999854,112937000000,True,True,66,camera_sign_turn_right,turn_right_sign,right,0.5023719450798605,3180,53,60,330,223,camera_sign_turn_right
59.66776124499984,112937000000,True,True,67,camera_sign_turn_right,turn_right_sign,right,0.5051325404485943,3180,53,60,329,223,camera_sign_turn_right
59.68487478799989,112937000000,True,True,68,camera_sign_turn_right,turn_right_sign,right,0.4990585439788412,3402,54,63,327,222,camera_sign_turn_right
59.70642210400001,113041000000,True,True,69,camera_sign_turn_right,turn_right_sign,right,0.5015448567797272,3402,54,63,326,222,camera_sign_turn_right
59.74038646600002,113041000000,True,True,70,camera_sign_turn_right,turn_right_sign,right,0.5030249609013381,3465,55,63,325,222,camera_sign_turn_right
59.79949352099993,113041000000,True,True,71,camera_sign_turn_right,turn_right_sign,right,0.5046341723162039,3520,55,64,324,222,camera_sign_turn_right
59.80954235699983,113137000000,True,True,72,camera_sign_turn_right,turn_right_sign,right,0.5000105788554432,3712,58,64,322,222,camera_sign_turn_right
59.85792745699973,113137000000,True,True,73,camera_sign_turn_right,turn_right_sign,right,0.5008123899446593,3776,59,64,321,222,camera_sign_turn_right
59.878884726999786,113137000000,True,True,74,camera_sign_turn_right,turn_right_sign,right,0.5063025114106776,3712,58,64,320,222,camera_sign_turn_right
59.91243930799965,113236000000,True,True,75,camera_sign_turn_right,turn_right_sign,right,0.5058482382771035,3835,59,65,318,221,camera_sign_turn_right
59.957173495999996,113236000000,True,True,76,camera_sign_turn_right,turn_right_sign,right,0.5065420088384176,3900,60,65,317,221,camera_sign_turn_right
60.021417712999664,113337000000,True,True,77,camera_sign_turn_right,turn_right_sign,right,0.5095542965609738,3900,60,65,315,221,camera_sign_turn_right
60.027820986999814,113337000000,True,True,78,camera_sign_turn_right,turn_right_sign,right,0.5003871472159969,4284,63,68,314,221,camera_sign_turn_right
60.0763817699999,113337000000,True,True,79,camera_sign_turn_right,turn_right_sign,right,0.5019279318082349,4352,64,68,312,221,camera_sign_turn_right
60.08762204200002,113337000000,True,True,80,camera_sign_turn_right,turn_right_sign,right,0.5035730413565774,4420,65,68,311,221,camera_sign_turn_right
60.144323647999954,113437000000,True,True,81,camera_sign_turn_right,turn_right_sign,right,0.49998839890740654,4692,68,69,309,221,camera_sign_turn_right
60.15041766600007,113437000000,True,True,82,camera_sign_turn_right,turn_right_sign,right,0.5084981410573091,4485,65,69,308,220,camera_sign_turn_right
60.21060009299981,113537000000,True,True,83,camera_sign_turn_right,turn_right_sign,right,0.5057122421073194,4692,68,69,306,220,camera_sign_turn_right
60.21689389899984,113537000000,True,True,84,camera_sign_turn_right,turn_right_sign,right,0.5057631127011107,4830,69,70,305,220,camera_sign_turn_right
60.2696922719997,113537000000,True,True,85,camera_sign_turn_right,turn_right_sign,right,0.5062861526206835,4900,70,70,303,220,camera_sign_turn_right
60.31150484,113641000000,True,True,86,camera_sign_turn_right,turn_right_sign,right,0.49757633779480137,5329,73,73,301,220,camera_sign_turn_right
60.31786695599976,113641000000,True,True,87,camera_sign_turn_right,turn_right_sign,right,0.5062403125439872,5180,74,70,299,219,camera_sign_turn_right
60.358276355999806,113641000000,True,True,88,camera_sign_turn_right,turn_right_sign,right,0.5073832201747228,5250,75,70,298,219,camera_sign_turn_right
60.37457216999974,113641000000,True,True,89,camera_sign_turn_right,turn_right_sign,right,0.5046334063253227,5475,75,73,296,219,camera_sign_turn_right
60.40889435400004,113641000000,True,True,90,camera_sign_turn_right,turn_right_sign,right,0.5024301127684254,5694,78,73,294,219,camera_sign_turn_right
60.45161446799966,113742000000,True,True,91,camera_sign_turn_right,turn_right_sign,right,0.5029307676623531,5767,79,73,292,218,camera_sign_turn_right
60.474357748999864,113742000000,True,True,92,camera_sign_turn_right,turn_right_sign,right,0.5037036058939218,5920,80,74,290,218,camera_sign_turn_right
60.53977054899997,113844000000,True,True,93,camera_sign_turn_right,turn_right_sign,right,0.5081565006286546,5840,80,73,288,218,camera_sign_turn_right
60.54632308500004,113844000000,True,True,94,camera_sign_turn_right,turn_right_sign,right,0.5053843393403663,6216,84,74,286,217,camera_sign_turn_right
60.607891736000056,113844000000,True,True,95,camera_sign_turn_right,turn_right_sign,right,0.50786844679268,6216,84,74,284,217,camera_sign_turn_right
60.614197494999644,113944000000,True,True,96,camera_sign_turn_right,turn_right_sign,right,0.5022838591239124,6600,88,75,282,217,camera_sign_turn_right
60.67593531099965,113944000000,True,True,97,camera_sign_turn_right,turn_right_sign,right,0.5054891581737414,6586,89,74,280,216,camera_sign_turn_right
60.68574372299963,113944000000,True,True,98,camera_sign_turn_right,turn_right_sign,right,0.5065627636779425,6750,90,75,278,216,camera_sign_turn_right
60.74241698800006,114045000000,True,True,99,camera_sign_turn_right,turn_right_sign,right,0.5055664748170227,6975,93,75,276,216,camera_sign_turn_right
60.755159425999864,114045000000,True,True,100,camera_sign_turn_right,turn_right_sign,right,0.5014489409997616,7332,94,78,273,215,camera_sign_turn_right
60.80145988999993,114045000000,True,True,101,camera_sign_turn_right,turn_right_sign,right,0.4994911684980136,7644,98,78,271,215,camera_sign_turn_right
60.83840236499964,114137000000,True,True,102,camera_sign_turn_right,turn_right_sign,right,0.5013188201410966,7722,99,78,269,214,camera_sign_turn_right
60.8490064409998,114137000000,True,True,103,camera_sign_turn_right,turn_right_sign,right,0.5039356697276294,7800,100,78,266,214,camera_sign_turn_right
60.88724292699999,114137000000,True,True,104,camera_sign_turn_right,turn_right_sign,right,0.5019259094423021,8137,103,79,264,213,camera_sign_turn_right
60.917646802000036,114236000000,True,True,105,camera_sign_turn_right,turn_right_sign,right,0.5061938269206935,8112,104,78,261,213,camera_sign_turn_right
60.96499370599986,114236000000,True,True,106,camera_sign_turn_right,turn_right_sign,right,0.5013732162433885,8611,109,79,258,212,camera_sign_turn_right
60.997192899999845,114236000000,True,True,107,camera_sign_turn_right,turn_right_sign,right,0.5028347888346939,8720,109,80,256,212,camera_sign_turn_right
61.04419264299986,114336000000,True,True,108,camera_sign_turn_right,turn_right_sign,right,0.5025089154161931,9006,114,79,253,211,camera_sign_turn_right
61.05276964699988,114336000000,True,True,109,camera_sign_turn_right,turn_right_sign,right,0.4994644337589122,9440,118,80,250,211,camera_sign_turn_right
61.10170120199973,114336000000,True,True,110,camera_sign_turn_right,turn_right_sign,right,0.4978137663446657,9877,119,83,247,210,camera_sign_turn_right
61.14205608999964,114436000000,True,True,111,camera_sign_turn_right,turn_right_sign,right,0.5049613362488405,9600,120,80,244,210,camera_sign_turn_right
61.15159361799988,114436000000,True,True,112,camera_sign_turn_right,turn_right_sign,right,0.49870035595724116,10292,124,83,241,209,camera_sign_turn_right
61.18824096399976,114436000000,True,True,113,camera_sign_turn_right,turn_right_sign,right,0.4971203750346547,10752,128,84,238,208,camera_sign_turn_right
61.230790413999785,114537000000,True,True,114,camera_sign_turn_right,turn_right_sign,right,0.49786925378308333,10956,132,83,235,208,camera_sign_turn_right
61.28339113699985,114537000000,True,True,115,camera_sign_turn_right,turn_right_sign,right,0.49777057023273147,11256,134,84,231,207,camera_sign_turn_right
61.30506553399982,114537000000,True,True,116,camera_sign_turn_right,turn_right_sign,right,0.49636601151698645,11730,138,85,228,206,camera_sign_turn_right
61.329325375999815,114637000000,True,True,117,camera_sign_turn_right,turn_right_sign,right,0.4947726269141114,12155,143,85,224,206,camera_sign_turn_right
61.36377714499986,114637000000,True,True,118,camera_sign_turn_right,turn_right_sign,right,0.4915129892684942,12936,147,88,221,205,camera_sign_turn_right
61.398394817999815,114637000000,True,True,119,camera_sign_turn_right,turn_right_sign,right,0.4985455746776375,12665,149,85,217,204,camera_sign_turn_right
61.43059836099974,114738000000,True,True,120,camera_sign_turn_right,turn_right_sign,right,0.49434423845547243,13464,153,88,213,204,camera_sign_turn_right
61.46167203499999,114738000000,True,True,121,camera_sign_turn_right,turn_right_sign,right,0.49307415519102116,14062,158,89,209,203,camera_sign_turn_right
61.49938144199996,114738000000,True,True,122,camera_sign_turn_right,turn_right_sign,right,0.49436370413613734,14418,162,89,205,202,camera_sign_turn_right
61.53151164499968,114837000000,True,True,123,camera_sign_turn_right,turn_right_sign,right,0.49393225966706267,15120,168,90,201,201,camera_sign_turn_right
61.55200310300006,114837000000,True,True,124,camera_sign_turn_right,turn_right_sign,right,0.4949414674649086,15570,173,90,197,200,camera_sign_turn_right
61.5866540789998,114837000000,True,True,125,camera_sign_turn_right,turn_right_sign,right,0.4903564639252063,16554,178,93,193,199,camera_sign_turn_right
61.62080543999991,114935000000,True,True,126,camera_sign_turn_right,turn_right_sign,right,0.4912780639759569,17019,183,93,188,199,camera_sign_turn_right
61.65334718299982,114935000000,True,True,127,camera_sign_turn_right,turn_right_sign,right,0.492124232488692,17672,188,94,184,198,camera_sign_turn_right
61.72506433699982,115037000000,True,True,128,camera_sign_turn_right,turn_right_sign,right,0.4906449449109814,18236,194,94,179,197,camera_sign_turn_right
61.73121672799971,115037000000,True,True,129,camera_sign_turn_right,turn_right_sign,right,0.4907285481722485,18905,199,95,174,196,camera_sign_turn_right
61.754371082000034,115037000000,True,True,130,camera_sign_turn_right,turn_right_sign,right,0.4872178174141979,20286,207,98,169,195,camera_sign_turn_right
61.82347480499993,115139000000,True,True,131,camera_sign_turn_right,turn_right_sign,right,0.48579460714851963,20874,213,98,163,193,camera_sign_turn_right
61.83077873399998,115139000000,True,True,132,camera_sign_turn_right,turn_right_sign,right,0.48512475577155745,21879,221,99,158,192,camera_sign_turn_right
61.86575593799989,115139000000,True,True,133,camera_sign_turn_right,turn_right_sign,right,0.48472482942536416,22473,227,99,152,191,camera_sign_turn_right
61.953339744999994,115238000000,True,True,134,camera_sign_turn_right,turn_right_sign,right,0.48064739892317737,24411,237,103,146,190,camera_sign_turn_right
61.959949524999956,115238000000,True,True,135,camera_sign_turn_right,turn_right_sign,right,0.48106179806477684,25029,243,103,141,189,camera_sign_turn_right
61.96820218499988,115238000000,True,True,136,camera_sign_turn_right,turn_right_sign,right,0.47661103604340904,26312,253,104,132,185,camera_sign_turn_right
61.99318354499974,115238000000,True,True,137,camera_sign_turn_right,turn_right_sign,right,0.4786432066127565,27300,260,105,125,184,camera_sign_turn_right
62.02041231899966,115340000000,True,True,138,camera_sign_turn_right,turn_right_sign,right,0.4867582088524338,27864,258,108,119,182,camera_sign_turn_right
62.07829894799988,115340000000,True,True,139,camera_sign_turn_right,turn_right_sign,right,0.4930782926038511,27540,255,108,111,181,camera_sign_turn_right
62.093504137999844,115340000000,True,True,140,camera_sign_turn_right,turn_right_sign,right,0.4969209238760969,27686,254,109,104,179,camera_sign_turn_right
62.134097484999984,115441000000,True,True,141,camera_sign_turn_right,turn_right_sign,right,0.4914304873452669,28476,252,113,96,177,camera_sign_turn_right
62.157341883999834,115441000000,True,True,142,camera_sign_turn_right,turn_right_sign,right,0.470598330687405,28272,248,114,89,176,camera_sign_turn_right
62.192235340000025,115441000000,True,True,143,camera_sign_turn_right,turn_right_sign,right,0.43413471775372914,2635,85,31,104,198,camera_sign_turn_right
62.23953469399976,115540000000,True,True,144,camera_sign_turn_right,turn_right_sign,right,0.44639377374906464,2550,85,30,97,197,camera_sign_turn_right
62.26963212999999,115540000000,True,True,145,camera_sign_turn_right,turn_right_sign,right,0.4401067460141668,2700,90,30,89,195,camera_sign_turn_right
62.29473462799979,115540000000,True,False,1,camera_sign_speed_limit,speed_limit_sign,,0.464188313037001,27306,222,123,85,171,camera_sign_turn_right
62.33784831699995,115636000000,True,True,2,camera_sign_speed_limit,speed_limit_sign,,0.46307768265953997,27432,216,127,82,170,camera_sign_speed_limit
62.36828046699975,115636000000,True,True,3,camera_sign_speed_limit,speed_limit_sign,,0.4561292852444743,26624,208,128,78,170,camera_sign_speed_limit
62.42680195899993,115738000000,True,False,1,camera_sign_turn_right,turn_right_sign,right,0.4533593948478412,25600,200,128,74,169,camera_sign_speed_limit
62.43714361000002,115738000000,True,True,2,camera_sign_turn_right,turn_right_sign,right,0.4579712166748196,24511,193,127,68,169,camera_sign_turn_right
62.46875347900004,115738000000,True,True,3,camera_sign_turn_right,turn_right_sign,right,0.4607935944707008,23368,184,127,64,169,camera_sign_turn_right
62.491579456999716,115738000000,True,True,4,camera_sign_turn_right,turn_right_sign,right,0.46901032304714296,21824,176,124,61,169,camera_sign_turn_right
62.52273263999996,115738000000,True,True,5,camera_sign_turn_right,turn_right_sign,right,0.470841522199131,20418,166,123,58,169,camera_sign_turn_right
62.555417763999685,115842000000,True,True,6,camera_sign_turn_right,turn_right_sign,right,0.4743066164167178,18683,157,119,55,170,camera_sign_turn_right
62.59164130799991,115842000000,True,True,7,camera_sign_turn_right,turn_right_sign,right,0.4768771953469603,16758,147,114,51,170,camera_sign_turn_right
62.62185555499991,115842000000,True,True,8,camera_sign_turn_right,turn_right_sign,right,0.47220839735573666,15070,137,110,47,171,camera_sign_turn_right
62.65528012899995,115943000000,True,True,9,camera_sign_turn_right,turn_right_sign,right,0.47524849799859364,13716,127,108,43,172,camera_sign_turn_right
62.6953889639999,115943000000,True,True,10,camera_sign_turn_right,turn_right_sign,right,0.4857135899484387,11500,115,100,38,172,camera_sign_turn_right
62.74477167799978,116043000000,True,True,11,camera_sign_turn_right,turn_right_sign,right,0.4923469932624865,9870,105,94,33,173,camera_sign_turn_right
62.75513242399984,116043000000,True,True,12,camera_sign_turn_right,turn_right_sign,right,0.4932208387041685,8096,92,88,27,174,camera_sign_turn_right
62.81514266499971,116043000000,True,True,13,camera_sign_turn_right,turn_right_sign,right,0.4921610877668138,6162,79,78,23,175,camera_sign_turn_right
62.831456592999984,116143000000,True,True,14,camera_sign_turn_right,turn_right_sign,right,0.4887469097813966,4623,67,69,19,176,camera_sign_turn_right
62.852379046999886,116143000000,True,True,15,camera_sign_turn_right,turn_right_sign,right,0.4913742153439024,3068,52,59,15,177,camera_sign_turn_right
62.904494750999675,116143000000,True,False,1,camera_sign_turn_left,turn_left_sign,left,0.4906566077357113,1710,38,45,10,178,camera_sign_turn_right
62.9236294289999,116242000000,True,False,1,camera_sign_turn_right,turn_right_sign,right,0.5027198147721771,630,21,30,6,180,camera_sign_turn_right
62.97485538799992,116242000000,True,False,1,camera_sign_turn_right,turn_right_sign,right,0.5027198147721771,630,21,30,6,180,camera_sign_turn_right
62.987250225000025,116242000000,True,False,1,camera_sign_turn_right,turn_right_sign,right,0.5027198147721771,630,21,30,6,180,camera_sign_turn_right
63.01988393199963,116242000000,True,False,1,camera_sign_turn_right,turn_right_sign,right,0.5027198147721771,630,21,30,6,180,camera_sign_turn_right
63.06194330699964,116343000000,True,False,1,camera_sign_turn_right,turn_right_sign,right,0.5027198147721771,630,21,30,6,180,camera_sign_turn_right
63.08973165999987,116343000000,True,False,1,camera_sign_turn_right,turn_right_sign,right,0.5027198147721771,630,21,30,6,180,camera_sign_turn_right
63.13245193399962,116443000000,True,False,1,camera_sign_turn_right,turn_right_sign,right,0.5027198147721771,630,21,30,6,180,camera_sign_turn_right
63.188796335000006,116443000000,True,False,1,camera_sign_turn_right,turn_right_sign,right,0.5027198147721771,630,21,30,6,180,camera_sign_turn_right
63.210835482999755,116443000000,True,False,1,camera_sign_turn_right,turn_right_sign,right,0.5027198147721771,630,21,30,6,180,camera_sign_turn_right
63.25325321499986,116544000000,True,False,1,camera_sign_turn_right,turn_right_sign,right,0.5027198147721771,630,21,30,6,180,camera_sign_turn_right
63.257407450999835,116544000000,True,False,1,camera_sign_turn_right,turn_right_sign,right,0.5027198147721771,630,21,30,6,180,camera_sign_turn_right
63.30858952699964,116544000000,True,False,1,camera_sign_turn_right,turn_right_sign,right,0.5027198147721771,630,21,30,6,180,camera_sign_turn_right
63.351753861999896,116645000000,True,False,1,camera_sign_turn_right,turn_right_sign,right,0.5027198147721771,630,21,30,6,180,camera_sign_turn_right
63.356022924999706,116645000000,True,False,1,camera_sign_turn_right,turn_right_sign,right,0.5027198147721771,630,21,30,6,180,camera_sign_turn_right
63.40383684299968,116645000000,True,False,1,camera_sign_turn_right,turn_right_sign,right,0.5027198147721771,630,21,30,6,180,camera_sign_turn_right
63.451488232999964,116746000000,False,False,0,,,,0.0,0,0,0,0,0,camera_sign_turn_right
63.46236883399979,116746000000,False,False,0,,,,0.0,0,0,0,0,0,camera_sign_turn_right
63.498798738999994,116746000000,False,False,0,,,,0.0,0,0,0,0,0,camera_sign_turn_right
63.529389591999916,116849000000,False,False,0,,,,0.0,0,0,0,0,0,camera_sign_turn_right
63.585404533999736,116849000000,False,False,0,,,,0.0,0,0,0,0,0,camera_sign_turn_right
63.59591266899997,116849000000,False,False,0,,,,0.0,0,0,0,0,0,camera_sign_turn_right
63.63022840099984,116947000000,False,False,0,,,,0.0,0,0,0,0,0,camera_sign_turn_right
63.654559307,116947000000,False,False,0,,,,0.0,0,0,0,0,0,camera_sign_turn_right
63.697348151999904,116947000000,False,False,0,,,,0.0,0,0,0,0,0,camera_sign_turn_right
63.72048160699978,116947000000,False,False,0,,,,0.0,0,0,0,0,0,camera_sign_turn_right
63.764163457999985,117047000000,False,False,0,,,,0.0,0,0,0,0,0,camera_sign_turn_right
63.799568521999845,117047000000,False,False,0,,,,0.0,0,0,0,0,0,camera_sign_turn_right
63.83020839399978,117149000000,False,False,0,,,,0.0,0,0,0,0,0,camera_sign_turn_right
63.87433156499992,117149000000,False,False,0,,,,0.0,0,0,0,0,0,camera_sign_turn_right
63.91178534699975,117149000000,False,False,0,,,,0.0,0,0,0,0,0,camera_sign_turn_right
63.93255451999994,117248000000,False,False,0,,,,0.0,0,0,0,0,0,camera_sign_turn_right
63.953688391000014,117248000000,False,False,0,,,,0.0,0,0,0,0,0,camera_sign_turn_right
64.00844759099982,117248000000,False,False,0,,,,0.0,0,0,0,0,0,camera_sign_turn_right
64.03060388099993,117349000000,False,False,0,,,,0.0,0,0,0,0,0,camera_sign_turn_right
64.06425932299999,117349000000,False,False,0,,,,0.0,0,0,0,0,0,camera_sign_turn_right
64.10094001299967,117349000000,False,False,0,,,,0.0,0,0,0,0,0,camera_sign_turn_right
64.119996163,117349000000,False,False,0,,,,0.0,0,0,0,0,0,camera_sign_turn_right
64.15268768899978,117451000000,False,False,0,,,,0.0,0,0,0,0,0,camera_sign_turn_right
64.22995716700007,117551000000,False,False,0,,,,0.0,0,0,0,0,0,camera_sign_turn_right
64.24145120000003,117551000000,False,False,0,,,,0.0,0,0,0,0,0,camera_sign_turn_right
64.29734752199965,117551000000,False,False,0,,,,0.0,0,0,0,0,0,camera_sign_turn_right
64.30741787399984,117551000000,False,False,0,,,,0.0,0,0,0,0,0,camera_sign_turn_right
64.33456596899987,117652000000,False,False,0,,,,0.0,0,0,0,0,0,camera_sign_turn_right
64.36630189399966,117652000000,False,False,0,,,,0.0,0,0,0,0,0,camera_sign_turn_right
64.4109826189997,117652000000,False,False,0,,,,0.0,0,0,0,0,0,camera_sign_turn_right
64.45355200099993,117752000000,False,False,0,,,,0.0,0,0,0,0,0,camera_sign_turn_right
64.46419441299986,117752000000,False,False,0,,,,0.0,0,0,0,0,0,camera_sign_turn_right
64.50240030099985,117752000000,False,False,0,,,,0.0,0,0,0,0,0,camera_sign_turn_right
64.55078809099996,117853000000,False,False,0,,,,0.0,0,0,0,0,0,camera_sign_turn_right
64.55461048699999,117853000000,False,False,0,,,,0.0,0,0,0,0,0,camera_sign_turn_right
64.61004611199996,117853000000,False,False,0,,,,0.0,0,0,0,0,0,camera_sign_turn_right
64.62975161199984,117853000000,False,False,0,,,,0.0,0,0,0,0,0,camera_sign_turn_right
64.67587238599981,117954000000,False,False,0,,,,0.0,0,0,0,0,0,camera_sign_turn_right
64.7102654739997,117954000000,False,False,0,,,,0.0,0,0,0,0,0,camera_sign_turn_right
64.72072857399962,117954000000,False,False,0,,,,0.0,0,0,0,0,0,camera_sign_turn_right
64.78792818800002,118053000000,False,False,0,,,,0.0,0,0,0,0,0,camera_sign_turn_right
64.79824353899994,118053000000,False,False,0,,,,0.0,0,0,0,0,0,camera_sign_turn_right
64.83952849499974,118155000000,False,False,0,,,,0.0,0,0,0,0,0,camera_sign_turn_right
64.86243311199996,118155000000,False,False,0,,,,0.0,0,0,0,0,0,camera_sign_turn_right
64.92164171499962,118155000000,False,False,0,,,,0.0,0,0,0,0,0,camera_sign_turn_right
64.92784533999975,118155000000,False,False,0,,,,0.0,0,0,0,0,0,camera_sign_turn_right
64.96196273199985,118258000000,False,False,0,,,,0.0,0,0,0,0,0,camera_sign_turn_right
65.02941662700005,118258000000,False,False,0,,,,0.0,0,0,0,0,0,camera_sign_turn_right
65.033747511,118258000000,False,False,0,,,,0.0,0,0,0,0,0,camera_sign_turn_right
65.06335277399967,118355000000,False,False,0,,,,0.0,0,0,0,0,0,camera_sign_turn_right
65.10043752899992,118355000000,False,False,0,,,,0.0,0,0,0,0,0,camera_sign_turn_right
65.14415193599962,118454000000,False,False,0,,,,0.0,0,0,0,0,0,camera_sign_turn_right
65.16584901599981,118454000000,False,False,0,,,,0.0,0,0,0,0,0,camera_sign_turn_right
65.22646213799999,118454000000,False,False,0,,,,0.0,0,0,0,0,0,camera_sign_turn_right
65.23437264599988,118454000000,False,False,0,,,,0.0,0,0,0,0,0,camera_sign_turn_right
65.2674385309997,118554000000,False,False,0,,,,0.0,0,0,0,0,0,camera_sign_turn_right
65.32455359000005,118554000000,False,False,0,,,,0.0,0,0,0,0,0,camera_sign_turn_right
65.33546180299982,118554000000,False,False,0,,,,0.0,0,0,0,0,0,camera_sign_turn_right
65.36928773299996,118652000000,False,False,0,,,,0.0,0,0,0,0,0,camera_sign_turn_right
65.40157398199972,118652000000,False,False,0,,,,0.0,0,0,0,0,0,camera_sign_turn_right
65.42301873999986,118652000000,False,False,0,,,,0.0,0,0,0,0,0,camera_sign_turn_right
65.46706982499973,118756000000,False,False,0,,,,0.0,0,0,0,0,0,camera_sign_turn_right
65.52379484599987,118756000000,False,False,0,,,,0.0,0,0,0,0,0,camera_sign_turn_right
65.53218594400005,118756000000,False,False,0,,,,0.0,0,0,0,0,0,camera_sign_turn_right
65.56691792299989,118860000000,False,False,0,,,,0.0,0,0,0,0,0,camera_sign_turn_right
65.58837331599989,118860000000,False,False,0,,,,0.0,0,0,0,0,0,camera_sign_turn_right
65.63259455299976,118860000000,False,False,0,,,,0.0,0,0,0,0,0,camera_sign_turn_right
65.66663543499999,118959000000,False,False,0,,,,0.0,0,0,0,0,0,camera_sign_turn_right
65.69144658599998,118959000000,False,False,0,,,,0.0,0,0,0,0,0,camera_sign_turn_right
65.73505276299966,118959000000,False,False,0,,,,0.0,0,0,0,0,0,camera_sign_turn_right
65.75421963300005,119060000000,False,False,0,,,,0.0,0,0,0,0,0,camera_sign_turn_right
65.79910231099984,119060000000,False,False,0,,,,0.0,0,0,0,0,0,camera_sign_turn_right
65.83338989000003,119060000000,False,False,0,,,,0.0,0,0,0,0,0,camera_sign_turn_right
65.85326118399962,119161000000,False,False,0,,,,0.0,0,0,0,0,0,camera_sign_turn_right
65.89108672199973,119161000000,False,False,0,,,,0.0,0,0,0,0,0,camera_sign_turn_right
65.93563953700004,119161000000,False,False,0,,,,0.0,0,0,0,0,0,camera_sign_turn_right
65.96798827899966,119259000000,False,False,0,,,,0.0,0,0,0,0,0,camera_sign_turn_right
66.02389312099967,119259000000,False,False,0,,,,0.0,0,0,0,0,0,camera_sign_turn_right
66.04559888899985,119358000000,False,False,0,,,,0.0,0,0,0,0,0,camera_sign_turn_right
66.06884168499982,119358000000,False,False,0,,,,0.0,0,0,0,0,0,camera_sign_turn_right
66.10053125499962,119358000000,False,False,0,,,,0.0,0,0,0,0,0,camera_sign_turn_right
66.15877923499966,119459000000,False,False,0,,,,0.0,0,0,0,0,0,camera_sign_turn_right
66.16696291399967,119459000000,False,False,0,,,,0.0,0,0,0,0,0,camera_sign_turn_right
66.20056938399966,119459000000,False,False,0,,,,0.0,0,0,0,0,0,camera_sign_turn_right
66.22011203900001,119459000000,False,False,0,,,,0.0,0,0,0,0,0,camera_sign_turn_right
66.26723504099982,119560000000,False,False,0,,,,0.0,0,0,0,0,0,camera_sign_turn_right
66.29086980600005,119560000000,False,False,0,,,,0.0,0,0,0,0,0,camera_sign_turn_right
66.33505263000006,119560000000,False,False,0,,,,0.0,0,0,0,0,0,camera_sign_turn_right
66.36818517199981,119659000000,False,False,0,,,,0.0,0,0,0,0,0,camera_sign_turn_right
66.39084976200002,119659000000,False,False,0,,,,0.0,0,0,0,0,0,camera_sign_turn_right
66.43527605500003,119659000000,False,False,0,,,,0.0,0,0,0,0,0,camera_sign_turn_right
66.46966103799969,119761000000,False,False,0,,,,0.0,0,0,0,0,0,camera_sign_turn_right
66.51190562299962,119761000000,False,False,0,,,,0.0,0,0,0,0,0,camera_sign_turn_right
66.53444781999997,119761000000,False,False,0,,,,0.0,0,0,0,0,0,camera_sign_turn_right
66.55956958399975,119860000000,False,False,0,,,,0.0,0,0,0,0,0,camera_sign_turn_right
66.61553235999963,119860000000,False,False,0,,,,0.0,0,0,0,0,0,camera_sign_turn_right
66.63548028900004,119860000000,False,False,0,,,,0.0,0,0,0,0,0,camera_sign_turn_right
66.67044863699994,119960000000,False,False,0,,,,0.0,0,0,0,0,0,camera_sign_turn_right
66.70310729999983,119960000000,False,False,0,,,,0.0,0,0,0,0,0,camera_sign_turn_right
66.72633740299989,119960000000,False,False,0,,,,0.0,0,0,0,0,0,camera_sign_turn_right
66.7791584329998,120061000000,False,False,0,,,,0.0,0,0,0,0,0,camera_sign_turn_right
66.79050320299984,120061000000,False,False,0,,,,0.0,0,0,0,0,0,camera_sign_turn_right
66.83459191899965,120061000000,False,False,0,,,,0.0,0,0,0,0,0,camera_sign_turn_right
66.85795366000002,120162000000,False,False,0,,,,0.0,0,0,0,0,0,camera_sign_turn_right
66.90145450299997,120162000000,False,False,0,,,,0.0,0,0,0,0,0,camera_sign_turn_right
66.93505600399976,120162000000,False,False,0,,,,0.0,0,0,0,0,0,camera_sign_turn_right
66.96714737399998,120265000000,True,False,1,camera_sign_turn_left,turn_left_sign,left,0.5056514016858739,1012,23,44,6,177,camera_sign_turn_right
67.02616340799977,120265000000,True,True,2,camera_sign_turn_left,turn_left_sign,left,0.5258875116546268,4400,55,80,16,172,camera_sign_turn_left
67.03935052099996,120265000000,True,False,1,camera_sign_turn_right,turn_right_sign,right,0.5089142496895868,8240,80,103,24,169,camera_sign_turn_left
67.06234797399975,120363000000,True,True,2,camera_sign_turn_right,turn_right_sign,right,0.5059279714572947,13038,106,123,35,166,camera_sign_turn_right
67.1217255409997,120363000000,True,True,3,camera_sign_turn_right,turn_right_sign,right,0.5128726078751329,11564,98,118,31,167,camera_sign_turn_right
67.17967439899985,120457000000,True,False,1,camera_sign_turn_left,turn_left_sign,left,0.518750354449117,6138,66,93,19,170,camera_sign_turn_right
67.18597922199979,120457000000,True,True,2,camera_sign_turn_left,turn_left_sign,left,0.5415622746871156,1798,31,58,9,174,camera_sign_turn_left
67.193025433,120457000000,True,True,3,camera_sign_turn_left,turn_left_sign,left,0.5437077872594119,2652,39,68,11,173,camera_sign_turn_left
67.22958425299976,120457000000,True,False,1,camera_sign_turn_right,turn_right_sign,right,0.5118991468373855,7622,74,103,22,169,camera_sign_turn_left
67.26179178199982,120564000000,True,True,2,camera_sign_turn_right,turn_right_sign,right,0.5040450884112265,13696,107,128,36,165,camera_sign_turn_right
67.29863580899973,120564000000,True,True,3,camera_sign_turn_right,turn_right_sign,right,0.48120605262361715,24287,163,149,60,159,camera_sign_turn_right
67.33963823499971,120564000000,True,True,4,camera_sign_turn_right,turn_right_sign,right,0.48996028213733445,32518,229,142,86,169,camera_sign_turn_right
67.36094808200005,120665000000,True,True,5,camera_sign_turn_right,turn_right_sign,right,0.4974776099692662,29964,227,132,140,180,camera_sign_turn_right
67.42074072099967,120665000000,True,True,6,camera_sign_turn_right,turn_right_sign,right,0.5025358731331212,24638,194,127,173,186,camera_sign_turn_right
67.44160061699995,120665000000,True,True,7,camera_sign_turn_right,turn_right_sign,right,0.5006325223046807,23241,183,127,184,188,camera_sign_turn_right
67.47435474599979,120765000000,True,True,8,camera_sign_turn_right,turn_right_sign,right,0.49237482330290877,25926,174,149,194,198,camera_sign_turn_right
67.50667854199992,120765000000,True,True,9,camera_sign_turn_right,turn_right_sign,right,0.4920756619514017,25181,169,149,200,198,camera_sign_turn_right
67.56273808299966,120867000000,True,True,10,camera_sign_turn_right,turn_right_sign,right,0.4911913402877308,24716,167,148,204,199,camera_sign_turn_right
67.57101270999965,120867000000,True,True,11,camera_sign_turn_right,turn_right_sign,right,0.4921980502163703,23976,162,148,208,199,camera_sign_turn_right
67.60398676099976,120867000000,True,True,12,camera_sign_turn_right,turn_right_sign,right,0.49109229798257725,23532,159,148,211,199,camera_sign_turn_right
67.63858322499982,120867000000,True,True,13,camera_sign_turn_right,turn_right_sign,right,0.4901792788427485,23236,157,148,214,199,camera_sign_turn_right
67.67170751100002,120967000000,True,True,14,camera_sign_turn_right,turn_right_sign,right,0.491156833378512,22644,153,148,217,199,camera_sign_turn_right
67.71840483599999,120967000000,True,True,15,camera_sign_turn_right,turn_right_sign,right,0.4898212933879452,22496,152,148,219,199,camera_sign_turn_right
67.74956049499997,120967000000,True,True,16,camera_sign_turn_right,turn_right_sign,right,0.49097089205747213,22052,149,148,221,199,camera_sign_turn_right
67.7719556359998,121068000000,True,True,17,camera_sign_turn_right,turn_right_sign,right,0.48679526312911153,21904,148,148,222,199,camera_sign_turn_right
67.7964810389999,121068000000,True,True,18,camera_sign_turn_right,turn_right_sign,right,0.4793985401992894,22052,148,149,223,199,camera_sign_turn_right
67.83894548499984,121068000000,True,True,19,camera_sign_turn_right,turn_right_sign,right,0.47686891461043635,21903,147,149,223,198,camera_sign_turn_right
67.87287474599998,121168000000,True,True,20,camera_sign_turn_right,turn_right_sign,right,0.46930347276404466,22344,147,152,224,198,camera_sign_turn_right
67.90633521899963,121168000000,True,True,21,camera_sign_turn_right,turn_right_sign,right,0.4719236307126131,21888,144,152,223,198,camera_sign_turn_right
67.93937673599976,121168000000,True,True,22,camera_sign_turn_right,turn_right_sign,right,0.4724942535936803,22032,144,153,222,197,camera_sign_turn_right
67.98334620900005,121268000000,True,True,23,camera_sign_turn_right,turn_right_sign,right,0.4741840232760032,22176,144,154,221,197,camera_sign_turn_right
67.99648200000001,121268000000,True,True,24,camera_sign_turn_right,turn_right_sign,right,0.4664308701833932,22608,144,157,220,197,camera_sign_turn_right
68.04014923799969,121268000000,True,False,1,camera_sign_speed_limit,speed_limit_sign,,0.44375552640458155,35708,226,158,209,196,camera_sign_turn_right
68.07102826699975,121368000000,True,False,1,camera_sign_turn_right,turn_right_sign,right,0.4474282779706407,33708,212,159,208,196,camera_sign_turn_right
68.11845083499975,121368000000,True,True,2,camera_sign_turn_right,turn_right_sign,right,0.44252515603117465,33534,207,162,206,195,camera_sign_turn_right
68.12772308600006,121368000000,True,True,3,camera_sign_turn_right,turn_right_sign,right,0.4454525377892644,33128,202,164,205,194,camera_sign_turn_right
68.17126241999995,121469000000,True,True,4,camera_sign_turn_right,turn_right_sign,right,0.44695233655616334,32899,197,167,203,194,camera_sign_turn_right
68.20325577499989,121469000000,True,True,5,camera_sign_turn_right,turn_right_sign,right,0.4501200378017853,32448,192,169,201,193,camera_sign_turn_right
68.25987285199972,121569000000,True,True,6,camera_sign_turn_right,turn_right_sign,right,0.45013657807327284,31832,184,173,198,192,camera_sign_turn_right
68.26748608599974,121569000000,True,True,7,camera_sign_turn_right,turn_right_sign,right,0.4480291444994394,32214,182,177,195,192,camera_sign_turn_right
68.30635737199964,121569000000,True,True,8,camera_sign_turn_right,turn_right_sign,right,0.4550941532593466,31683,177,179,191,191,camera_sign_turn_right
68.36898592099988,121669000000,True,True,9,camera_sign_turn_right,turn_right_sign,right,0.4598979929439193,31476,172,183,187,190,camera_sign_turn_right
68.37625402200001,121669000000,True,True,10,camera_sign_turn_right,turn_right_sign,right,0.46533691831859286,30668,164,187,183,189,camera_sign_turn_right
68.39496154699964,121669000000,True,True,11,camera_sign_turn_right,turn_right_sign,right,0.4633526819016185,31296,163,192,177,187,camera_sign_turn_right
68.43898637699976,121669000000,True,True,12,camera_sign_turn_right,turn_right_sign,right,0.46566013033357134,31816,164,194,171,186,camera_sign_turn_right
68.47237949199962,121768000000,True,True,13,camera_sign_turn_right,turn_right_sign,right,0.4617364686476554,33432,168,199,164,185,camera_sign_turn_right
68.50639120599999,121768000000,True,True,14,camera_sign_turn_right,turn_right_sign,right,0.46034369622276156,35088,172,204,157,183,camera_sign_turn_right
68.53136419099974,121768000000,True,True,15,camera_sign_turn_right,turn_right_sign,right,0.4602838871661263,36366,174,209,149,182,camera_sign_turn_right
68.56315567299998,121868000000,True,True,16,camera_sign_turn_right,turn_right_sign,right,0.45463849502774967,38843,179,217,141,180,camera_sign_turn_right
68.59497879999981,121868000000,True,True,17,camera_sign_turn_right,turn_right_sign,right,0.4557103680640294,40809,183,223,132,179,camera_sign_turn_right
68.64976237499968,121868000000,True,True,18,camera_sign_turn_right,turn_right_sign,right,0.45552520777613303,43092,189,228,122,177,camera_sign_turn_right
68.66249959099969,121970000000,True,True,19,camera_sign_turn_right,turn_right_sign,right,0.4522700705734351,45784,194,236,111,175,camera_sign_turn_right
68.70789781099984,121970000000,True,True,20,camera_sign_turn_right,turn_right_sign,right,0.45379033586441075,48357,199,243,100,173,camera_sign_turn_right
68.73061797899982,121970000000,True,True,21,camera_sign_turn_right,turn_right_sign,right,0.4645966791749744,48132,191,252,88,171,camera_sign_turn_right
68.76282903599986,122069000000,True,True,22,camera_sign_turn_right,turn_right_sign,right,0.4725603043622663,46336,181,256,75,168,camera_sign_turn_right
68.81092395699989,122069000000,True,True,23,camera_sign_turn_right,turn_right_sign,right,0.45309364084488973,43086,167,258,61,166,camera_sign_turn_right
68.84404685999971,122069000000,True,True,24,camera_sign_turn_right,turn_right_sign,right,0.4714915273131876,39000,150,260,53,168,camera_sign_turn_right
68.87962816799973,122167000000,True,True,25,camera_sign_turn_right,turn_right_sign,right,0.49074208251435286,34322,131,262,44,170,camera_sign_turn_right
68.91593775499996,122167000000,True,True,26,camera_sign_turn_right,turn_right_sign,right,0.502007652815173,28930,110,263,36,173,camera_sign_turn_right
68.93449437899972,122167000000,True,True,27,camera_sign_turn_right,turn_right_sign,right,0.4943766381277515,22880,88,260,29,178,camera_sign_turn_right
68.96760094299998,122269000000,True,True,28,camera_sign_turn_right,turn_right_sign,right,0.5004333634850799,16192,64,253,21,181,camera_sign_turn_right
69.01176504099976,122269000000,True,True,29,camera_sign_turn_right,turn_right_sign,right,0.5308882338705614,7488,36,208,11,190,camera_sign_turn_right
69.04046432799987,122269000000,True,True,29,camera_sign_turn_right,turn_right_sign,right,0.5308882338705614,7488,36,208,11,190,camera_sign_turn_right
69.06781688699994,122371000000,True,True,29,camera_sign_turn_right,turn_right_sign,right,0.5308882338705614,7488,36,208,11,190,camera_sign_turn_right
69.10480886599998,122371000000,True,True,29,camera_sign_turn_right,turn_right_sign,right,0.5308882338705614,7488,36,208,11,190,camera_sign_turn_right
69.12662169499981,122371000000,True,True,29,camera_sign_turn_right,turn_right_sign,right,0.5308882338705614,7488,36,208,11,190,camera_sign_turn_right
69.1682770819998,122473000000,True,True,29,camera_sign_turn_right,turn_right_sign,right,0.5308882338705614,7488,36,208,11,190,camera_sign_turn_right
69.19195729900002,122473000000,True,True,29,camera_sign_turn_right,turn_right_sign,right,0.5308882338705614,7488,36,208,11,190,camera_sign_turn_right
69.23533734299963,122473000000,True,True,29,camera_sign_turn_right,turn_right_sign,right,0.5308882338705614,7488,36,208,11,190,camera_sign_turn_right
69.26674047100005,122575000000,True,True,29,camera_sign_turn_right,turn_right_sign,right,0.5308882338705614,7488,36,208,11,190,camera_sign_turn_right
69.30459409199966,122575000000,True,False,1,camera_sign_speed_limit,speed_limit_sign,,0.556144290012061,5974,103,58,36,178,camera_sign_turn_right
69.33702482499984,122575000000,True,True,2,camera_sign_speed_limit,speed_limit_sign,,0.5586030264776407,5510,95,58,33,178,camera_sign_speed_limit
69.35942451599976,122671000000,True,True,3,camera_sign_speed_limit,speed_limit_sign,,0.567851954772422,5133,87,59,29,177,camera_sign_speed_limit
69.40673716499987,122671000000,True,True,4,camera_sign_speed_limit,speed_limit_sign,,0.5708560084307234,4602,78,59,26,177,camera_sign_speed_limit
69.43751710199967,122671000000,True,True,5,camera_sign_speed_limit,speed_limit_sign,,0.5756264341845764,4060,70,58,23,176,camera_sign_speed_limit
69.4708442709998,122772000000,True,True,6,camera_sign_speed_limit,speed_limit_sign,,0.5640758007905544,3300,60,55,19,176,camera_sign_speed_limit
69.50586260399996,122772000000,True,True,7,camera_sign_speed_limit,speed_limit_sign,,0.5665374213772331,2703,51,53,16,176,camera_sign_speed_limit
69.548328287,122772000000,True,True,8,camera_sign_speed_limit,speed_limit_sign,,0.560504343973653,2058,42,49,13,176,camera_sign_speed_limit
69.56866571,122876000000,True,True,9,camera_sign_speed_limit,speed_limit_sign,,0.5404073260150704,1408,32,44,10,176,camera_sign_speed_limit
69.60237100799986,122876000000,True,True,10,camera_sign_speed_limit,speed_limit_sign,,0.4761277358547102,756,21,36,6,177,camera_sign_speed_limit
69.63521875099968,122876000000,True,True,10,camera_sign_speed_limit,speed_limit_sign,,0.4761277358547102,756,21,36,6,177,camera_sign_speed_limit
69.667407465,122977000000,True,True,10,camera_sign_speed_limit,speed_limit_sign,,0.4761277358547102,756,21,36,6,177,camera_sign_speed_limit
69.71333886899993,122977000000,True,True,10,camera_sign_speed_limit,speed_limit_sign,,0.4761277358547102,756,21,36,6,177,camera_sign_speed_limit
69.73696210599974,122977000000,True,True,10,camera_sign_speed_limit,speed_limit_sign,,0.4761277358547102,756,21,36,6,177,camera_sign_speed_limit
69.76522225300005,123076000000,True,True,10,camera_sign_speed_limit,speed_limit_sign,,0.4761277358547102,756,21,36,6,177,camera_sign_speed_limit
69.78943708999986,123076000000,True,True,10,camera_sign_speed_limit,speed_limit_sign,,0.4761277358547102,756,21,36,6,177,camera_sign_speed_limit
69.83554879599978,123076000000,True,True,10,camera_sign_speed_limit,speed_limit_sign,,0.4761277358547102,756,21,36,6,177,camera_sign_speed_limit
69.88015168599986,123177000000,True,True,10,camera_sign_speed_limit,speed_limit_sign,,0.4761277358547102,756,21,36,6,177,camera_sign_speed_limit
69.89081508599975,123177000000,True,True,10,camera_sign_speed_limit,speed_limit_sign,,0.4761277358547102,756,21,36,6,177,camera_sign_speed_limit
69.93534224999985,123177000000,True,True,10,camera_sign_speed_limit,speed_limit_sign,,0.4761277358547102,756,21,36,6,177,camera_sign_speed_limit
69.98133195499986,123274000000,True,True,10,camera_sign_speed_limit,speed_limit_sign,,0.4761277358547102,756,21,36,6,177,camera_sign_speed_limit
70.00370976399972,123274000000,True,True,10,camera_sign_speed_limit,speed_limit_sign,,0.4761277358547102,756,21,36,6,177,camera_sign_speed_limit
