t_wall,stamp_ns,name,x,y,z,roll,pitch,yaw,map_x,map_y,linear_x,linear_y,linear_z,speed_xy,angular_z
0.06903641700000662,1780929982489790722,track_preview_car,2.131236659940474,0.3531606339622115,-0.0019998426710319196,-1.4394151787772069e-06,-5.914492633116208e-07,2.914148740254433,218.9327641574602,125.73181295094564,-0.20634136561021363,0.11344756833694866,0.00597381939883982,0.23547210009564717,0.8047364442395921
0.17185288500013485,1780929982592607160,track_preview_car,2.1097501901867526,0.3634680138538715,-0.0020073728119275277,-1.0224623937437687e-05,-4.281030345016901e-06,2.990740492022995,218.01600811463476,125.29203140890148,-0.22479652299319622,0.09532320670068312,-0.007857564107095647,0.2441720509917787,0.733397122513936
0.27735958099992786,1780929982698111452,track_preview_car,2.0867655705631263,0.3714559163821534,-0.0020042154745730585,1.4999698292821307e-08,4.4373806530480385e-05,3.056566829086452,217.03533101069337,124.95121423436146,-0.24144224162662145,0.07135381526283886,-0.0044478720718491615,0.2517652140273775,0.6241433710317282
0.37756692399989333,1780929982798320709,track_preview_car,2.062432923672874,0.37717754867542624,-0.0019997567501501327,3.232371723084212e-06,-1.0706968524126386e-07,3.1108469939709256,215.9971380767093,124.70709125651514,-0.2482270633364946,0.045047079411110746,0.001930197865395968,0.25228141892761546,0.4689736142960928
0.49624492000020837,1780929982916998955,track_preview_car,2.031995698762693,0.3813543805965149,-0.001999996113025099,3.7134404042287537e-09,-3.022809202755286e-08,-3.1213958934150634,214.6984831472082,124.52887976121536,-0.25672651792953666,0.024586487916557567,0.0006033704400606686,0.25790114461997976,0.36818773531256715
0.6172213770000781,1780929983037975302,track_preview_car,2.0005224677011846,0.3830692511119834,-0.001999986817218236,3.6577967717201798e-09,-1.44135700890801e-07,-3.084002563273977,213.3556252885839,124.45571195255538,-0.26330463392359815,0.006162754025650043,0.005655863569858746,0.2633767449544866,0.2751317755034083
0.7348791839999649,1780929983155633520,track_preview_car,1.9683410086767117,0.38278230224935084,-0.0020023798835264394,9.48718222814675e-08,-3.059228658036386e-05,-3.058957532138385,211.9825497035397,124.4679551040277,-0.268791641986839,-0.007051527443605111,-0.00329799196668765,0.268884121586361,0.18931986084847208
0.855325453000205,1780929983276078466,track_preview_car,1.9355928212062303,0.38100664229257303,-0.0020000540542999073,-3.81804417805317e-06,3.4626877917922754e-06,-3.0439736719334545,210.58529370479914,124.54371659551688,-0.27497291980105143,-0.021342160172040797,-7.732247891104288e-05,0.27579991737621046,0.06781060238749452
0.956466490999901,1780929983377218582,track_preview_car,1.9080657301271355,0.37867954077642785,-0.002002589241743992,3.4470986527426855e-05,1.1304191827691971e-06,-3.0382586927980237,209.41080448542445,124.64300626020574,-0.2777370700598851,-0.027292741619886728,-0.0024832026195799614,0.2790748534543724,0.02082338755460268
1.0567160440000407,1780929983477469658,track_preview_car,1.8803197764129411,0.3758609679583863,-0.002004667387896414,-5.403022059505478e-10,4.913034008523994e-05,-3.0372350351804087,208.22697712695214,124.76326536710886,-0.27609185773329664,-0.0307523924237771,-0.00469328557942139,0.2777992504424893,-0.021853344445232535
1.1570958520001113,1780929983577847202,track_preview_car,1.8526799912751784,0.3727594530802262,-0.0020051876475556617,-1.482730489953996e-09,5.4606803697312395e-05,-3.0402842816799613,207.04767962774093,124.89559666857701,-0.27415084590354466,-0.03202310583786968,-0.005209601193882306,0.27601479238825677,-0.05407170832891917
1.2751645849998567,1780929983695919421,track_preview_car,1.819738647790783,0.3689208278334975,-0.0019999758873738053,4.344907458768122e-10,-2.5249456437246785e-07,-3.047842068141164,205.64218230574008,125.05937801243743,-0.2736600115339896,-0.032152918226822896,2.1479555470690165e-05,0.27554239612677406,-0.08043940339693825
1.378338635000091,1780929983799093221,track_preview_car,1.7923798159750952,0.3657872726500077,-0.002007259603792828,-6.402480367369403e-08,3.108664769163789e-05,-3.0562376752973255,204.47487214827072,125.193076366933,-0.273132361482309,-0.030697226034111624,-0.007282085018123085,0.2748519721142492,-0.09213405438302416
1.4958993800000826,1780929983916654527,track_preview_car,1.7595864554070073,0.3622276815901765,-0.0020000048095055747,5.069945364802602e-08,1.2922455443368346e-08,-3.067991156061618,203.0756887640323,125.34495225215247,-0.27307394210167973,-0.028136444972460744,0.00036082097232933616,0.274519648460069,-0.1000876468270041
1.5992340090001562,1780929984019986191,track_preview_car,1.732262328632208,0.35952277946807043,-0.0019999545866653734,-5.871124054362534e-10,-4.781435590919667e-07,-3.0783595100806393,201.90985935497423,125.46036140936232,-0.27367732725544763,-0.025942754962956296,0.0012555609834852986,0.2749041760118485,-0.10606169230480678
1.7154987710000569,1780929984136251844,track_preview_car,1.6994285451187203,0.3566486188047124,-0.0020017192695150087,-2.193922986013506e-05,1.472580701541175e-06,-3.0908169813345276,200.50895125839872,125.58299226433228,-0.27362331929045886,-0.021992566536036245,-0.0002903085733393625,0.27450572642910454,-0.10255506183136923
1.819478037999943,1780929984240230891,track_preview_car,1.6720264911423286,0.3545866962375486,-0.002001714158915513,-2.1894732673170307e-05,1.452750959512243e-06,-3.100856317675345,199.33979695540603,125.67096762719792,-0.2739240443472796,-0.01909637444819106,-0.0003017583626984625,0.27458888103606083,-0.10065618051847294
1.9384134790002463,1780929984359164829,track_preview_car,1.6391015831591897,0.35254984090056046,-0.0019999808231037516,2.5746748954943045e-07,-1.069140952440644e-08,-3.1118920465345083,197.93500088145876,125.75787345490942,-0.2752146141280695,-0.015828594453397817,0.0023261862662873303,0.2756694183837452,-0.0956371553766534
2.039017436999984,1780929984459772283,track_preview_car,1.611593903052148,0.3511919528924758,-0.0020043118260459638,-4.082001124882252e-08,-5.411577304896806e-05,-3.1200800139352687,196.7613398635583,125.81581000992104,-0.27522601198668145,-0.012633241761354474,-0.004313938280142311,0.27551580076557086,-0.08499883454304674
2.157256597000014,1780929984578010452,track_preview_car,1.5784767781867999,0.3499422297732441,-0.0020026187128469185,3.6491540469167744e-08,-3.3136543740779055e-05,-3.1285844020028404,195.34834253597012,125.86913152967492,-0.2769904649376133,-0.008861645880413202,-0.003193405337914798,0.27713218224173286,-0.06503206651645106
2.2774622749998343,1780929984698216300,track_preview_car,1.5452798560912724,0.34907488703884654,-0.001999987328335887,2.4027206551676877e-08,-1.1289918506304144e-07,-3.135556843159519,193.93194052656094,125.90613815300921,-0.2774518777668512,-0.005886619661982397,2.312094241224652e-06,0.2775143181304283,-0.05153656880833546
2.382016727000064,1780929984802769950,track_preview_car,1.5175630353393172,0.348597303834309,-0.002003147582876107,-1.2818444697010375e-09,3.313167997526629e-05,-3.140278160403275,192.74935617447755,125.92651503640282,-0.2767476079270664,-0.0032924686624687433,-0.0011951714111120267,0.27676719249803905,-0.0386185990208981
2.49974754699997,1780929984920500991,track_preview_car,1.4842352272177655,0.3482762710041763,-0.0020010590973209854,2.6402446150746683e-05,-8.861489720041209e-06,3.138415949708954,191.32736969462465,125.94021243715514,-0.2778524224022287,-0.0017483899569481244,-0.0010691623467403723,0.2778579232309708,-0.029058178884156512
2.6195255699999507,1780929985040279395,track_preview_car,1.4508386520668899,0.3481811603144617,-0.0019989903499884835,8.480961220324027e-08,1.2586131404284185e-05,3.135196484582413,189.90244915485397,125.94427049324963,-0.2785708309939672,-0.0003124620132053248,0.004731065234135028,0.2785710062321259,-0.025578696324397018
2.7378118400001767,1780929985158566416,track_preview_car,1.417388375732013,0.3482618934616961,-0.002003723273954076,-6.165816672769717e-10,3.919140026981214e-05,3.1330610649786794,188.47523736456588,125.94082587896763,-0.27801743416250646,0.0013474519100680122,1.729780414698075e-05,0.2780206994541118,-0.014291656736827299
2.859017152999968,1780929985279771178,track_preview_car,1.3838985896948957,0.34843170284301594,-0.001999992977583013,2.26594511963939e-10,-7.328626671493117e-08,3.1312862219511675,187.0463398269822,125.93358067869798,-0.2790054381518122,0.001655988194540723,0.0015035750263483892,0.2790103525233162,-0.015036645303881718
2.9604730830001245,1780929985381227168,track_preview_car,1.3559578558524739,0.3486542466084912,-0.0019995821007747746,2.6067591560539155e-08,5.055900305727671e-06,3.130365743069594,185.85420184970556,125.92408547803771,-0.2796289523768784,0.002227574541145446,0.004304924257538305,0.2796378248658913,-0.008937786009663499
3.0609566379998796,1780929985481708449,track_preview_car,1.3404300879817899,0.3487654145607253,-0.001999924575903997,7.034632309582783e-09,-7.668981352272002e-07,3.1297414392933494,185.1916837538897,125.91934231207571,-0.1398161407246968,0.001757091639022244,0.0008022837433243021,0.13982718111360232,0.0014302152975045705
3.178742399999919,1780929985599497066,track_preview_car,1.323654212596568,0.34897320460462083,-0.0019994700864650427,1.9499161704689666e-08,5.822516534564138e-06,3.1298857148824166,184.4759130707869,125.91047660353618,-0.1394564606091552,0.0013431087411440242,0.0004906024722933296,0.1394629282165099,-0.0024506741042068965
3.2990576000001965,1780929985719810724,track_preview_car,1.3068891110033667,0.3491955508527642,-0.0020039119243075625,4.9968267379136396e-11,4.11774894607576e-05,3.1302727748851265,183.760602069477,125.90098983028206,-0.13896822829516758,0.0016193429637491783,-0.001312191565893378,0.1389776627632371,0.0013355868481165789
3.4000875550000274,1780929985820842131,track_preview_car,1.2929235890783366,0.3493817159863683,-0.002002529391957955,1.5424804420610722e-07,-3.2611860737121406e-05,3.1306955380588395,183.1647398006757,125.89304678458161,-0.1399301565020944,0.002051715756692951,-0.0034034606525628693,0.1399451972603808,0.006772359724622565
3.501684184000169,1780929985922435454,track_preview_car,1.278960315901695,0.3495692223251292,-0.0019998910018207998,1.9867195612734388e-07,6.740005502813741e-07,3.1312195505099507,182.56897347847232,125.88504651412782,-0.13980421544635116,0.001798632607919303,0.003997265289566613,0.13981578500236674,0.0059347392515921
3.6177923169998394,1780929986038545300,track_preview_car,1.2622085272280026,0.3497880269420898,-0.0020039196807319884,1.4635348044046921e-10,4.1259138190601336e-05,3.1319095747947023,181.85423049506144,125.87571085047084,-0.13891654492553387,0.0016066822945683694,-0.0013202384158276076,0.1389258359055059,0.003913464750254126
3.7186913260002257,1780929986139446663,track_preview_car,1.248247843242644,0.34996753553709425,-0.0019999681684818166,1.1385005473731127e-09,-3.329862858398268e-07,3.1325654991053375,181.25857464501948,125.86805181708398,-0.13943888639857172,0.0016524500871352116,0.004043437946010492,0.13944867740987815,0.005566781541587456
3.820836682999925,1780929986241589716,track_preview_car,1.2342858260681824,0.35014105433528453,-0.0019999893168845934,2.728766917352996e-08,-1.3116573403624738e-07,3.1332546529991365,180.66286191224245,125.8606483483612,-0.13972958046901943,0.0018394267463447901,1.4154923022525885e-06,0.13974168722612212,0.008423802467772155
3.93778101099997,1780929986358535257,track_preview_car,1.217522795753442,0.3503416639445701,-0.0019999974567574707,6.518363888480948e-11,-2.7675118604531172e-08,3.1341759532627838,179.9476392854802,125.85208900503167,-0.13952192714264303,0.001250378283432953,0.0042115757079231,0.1395275298980408,0.007288267538561464
4.0381086460001825,1780929986458861068,track_preview_car,1.203556363716868,0.35049334065149335,-0.0019999932993059683,-6.3821425924334e-11,-7.124321585606965e-08,3.1348678831096515,179.35173818525303,125.84561746553628,-0.1397419934974705,0.0015446327204229689,1.1095135002723162e-06,0.1397505300057502,0.007623376956841784
4.13817612899993,1780929986558932789,track_preview_car,1.1895809255618661,0.350641142743062,-0.001999992089477867,-3.269950428794502e-10,-8.506781708403955e-08,3.1356050771435635,178.75545282397294,125.83931124296268,-0.13976016170445985,0.0014289118658138,-4.034904857041083e-07,0.13976746613134627,0.007321704001629784
4.242133017000015,1780929986662901780,track_preview_car,1.1756042395834687,0.35077364628746677,-0.0020022016585421677,-6.704355262637551e-08,-2.8339474108437393e-05,3.136294125816007,178.159114222228,125.83365775840142,-0.1399067572707553,0.001325076415272263,-0.003222335241356812,0.13991303212183043,0.006995128655005852
4.359065652000027,1780929986779818485,track_preview_car,1.1588370046971288,0.350906674122554,-0.002002201778622841,1.4747177521357893e-08,-2.8323702217393533e-05,3.136990814470723,177.44371220041083,125.82798190410436,-0.13992714379017543,0.0011740134196933387,-0.0032289514673553635,0.1399320687933472,0.006490997924740337
4.4788258930002485,1780929986899582352,track_preview_car,1.142076739366073,0.3510174291701832,-0.00199934517528994,1.4948573310379868e-07,7.696685771615764e-06,3.13751954653528,176.7286075462858,125.82325635540552,-0.13983225690541318,0.0007438100349636167,0.0044352197081197415,0.1398342351666057,0.004141437337299491
4.598969689000114,1780929987019724616,track_preview_car,1.1253145764263104,0.35111915856537856,-0.0019999545771521863,4.930325528579271e-09,-4.604378615814734e-07,3.138026350805069,176.0134219275226,125.81891590121052,-0.13958762749993756,0.0007262462556117012,0.0028658454602752733,0.13958951674350445,0.0031229719968935317
4.718628256000102,1780929987139379917,track_preview_car,1.1085523534247035,0.3512088114786013,-0.002004081882187771,1.9075428281193784e-07,-5.2019193619307766e-05,3.1384727957149554,175.29823374612067,125.81509071024635,-0.1399905826249876,0.000870918871320805,-0.004195466394002255,0.1399932917084383,0.0054330865588881625
4.819633491999866,1780929987240384792,track_preview_car,1.0945851340829245,0.3512711913005918,-0.0020027383043283165,3.373330592667342e-08,-3.538496364630712e-05,3.1387685930607625,174.7022990542048,125.81242917117476,-0.14002296554888397,0.0009646760923075879,-0.0032760042269609478,0.14002628853564253,0.005794150780284684
4.922430676000204,1780929987343182307,track_preview_car,1.080614994922165,0.35132858341809325,-0.001999939774103803,7.148425485504058e-07,-9.287962262169765e-08,3.1390690991719064,174.1062397833457,125.80998044082801,-0.13971851112363579,0.00031041759231934424,0.003803695995433713,0.13971885595612055,-0.0005198626476596969
5.042188051000267,1780929987462940994,track_preview_car,1.0638425610754405,0.35139535983305814,-0.001999945951041771,-2.4708261189001942e-09,-5.801108812038866e-07,3.139480909799582,173.3906159392188,125.80713131378951,-0.1396596059496626,0.0004899780084181549,0.0027892352146482134,0.1396604654598565,0.0025332845877851433
5.142935702000159,1780929987563689546,track_preview_car,1.0498547607134077,0.35144640408125283,-0.001999962151192142,-1.6123629302785426e-09,-4.0536527959437923e-07,3.139858188675493,172.79380312377205,125.80495342586654,-0.1398766557417123,0.0006012331611167345,-1.7088078388102363e-06,0.13987794787885444,0.0035164069079651186
5.243040635999932,1780929987663795623,track_preview_car,1.0358656349587412,0.35148728747369506,-0.0020008041238875215,-2.4009103016086586e-07,-1.1022231890139434e-05,3.1401810228215696,172.19693375823962,125.80320906778901,-0.1399521192427135,0.000447129377791011,-0.0008119426508567138,0.139952833501888,0.0030657872910412813
5.362191592000272,1780929987782943924,track_preview_car,1.0068880984161834,0.3513492391559225,-0.001999659000673935,3.5631464805451167e-09,-3.5757379873235075e-06,3.1369357766301516,170.96055886575715,125.8090991293473,-0.279804295774047,0.001552910434714574,1.4658717170694807e-05,0.2798086050578656,0.0029400728479444774
5.4822665760002565,1780929987903020100,track_preview_car,0.9733709278176338,0.3515984448253274,-0.001999718819663059,4.320952585845206e-09,-2.945339833500261e-06,3.138398727631253,169.53049292021905,125.79846635411937,-0.279150155258704,0.0016365872240568468,0.0037039437149943345,0.2791549526673322,0.010148111059113969
5.58271720599987,1780929988003470931,track_preview_car,0.9454339899030203,0.35176128052876665,-0.0019997606656433796,-5.296307552041879e-10,-2.5217420064175276e-06,3.1395100220230794,168.33851690252885,125.79151869743929,-0.2794438040536049,0.0013674671205251222,-3.6965604274381836e-07,0.2794471499054432,0.009738477194967288
5.686108112000056,1780929988106861636,track_preview_car,0.9174878310465604,0.35188172785465194,-0.0019997931987551358,-1.4742332697443934e-09,-2.1830045547361367e-06,3.140451018899611,167.1461474579866,125.78637961153485,-0.279534615751145,0.0009640173496726638,-2.887644064677869e-07,0.2795362780259313,0.007991214076188566
5.803901798999959,1780929988224654331,track_preview_car,0.8839402514307833,0.35197625656275333,-0.001999823738405164,-1.1970842748351753e-09,-1.8604500821670694e-06,3.141344044551855,165.71478406104674,125.78234638665586,-0.27962114990356873,0.0005787948332046056,-2.274306258159692e-07,0.2796217489339,0.006304166597488054
5.904781680000269,1780929988325537759,track_preview_car,0.8559751231981283,0.3520205785914706,-0.001999845492113768,-4.373150034504231e-10,-1.628481514776274e-06,-3.1412730138907716,164.52160525645348,125.7804553134306,-0.2796999609700311,0.00029502189449569016,-2.0160522947255954e-07,0.27970011656156873,0.0047510015793627
6.0239192510002795,1780929988444673617,track_preview_car,0.8224070213079204,0.35204031799264185,-0.001999868637554374,-2.2422184227005306e-10,-1.384014477289767e-06,-3.140786584681169,163.08936624247127,125.77961309898062,-0.2797699682706572,4.694672308101927e-05,-1.8155695634179681e-07,0.2797699722095982,0.0033572987271746216
6.14357090600015,1780929988564322948,track_preview_car,0.7888298856979881,0.3520313026260254,-0.0019998885693220947,-2.885928144545609e-09,-1.1812563482415745e-06,-3.1404947433139787,161.65674178978082,125.77999775462291,-0.27983320138407414,-0.0001563718760264198,-1.4317463001915776e-07,0.2798332450746755,0.0018417031429357256
6.261865686999954,1780929988682618940,track_preview_car,0.7552471156759242,0.35200982870906805,-0.0019999018999579624,-1.1029526884718663e-09,-1.03545991616233e-06,-3.140265733183965,160.2238769355061,125.78091397507976,-0.2798574085220788,-0.00019953239906369158,-1.0510204773067633e-07,0.2798574796532549,0.002099942781853665
6.362040808000074,1780929988782794403,track_preview_car,0.7272585185934256,0.35198622368501425,-0.0019999086943786955,2.695520284225002e-09,-9.538297527243337e-07,-3.1400688821687477,159.0296967933195,125.78192112277273,-0.2796552216452741,-0.0002303914323906947,0.003727782608706357,0.27965531654820996,0.0024280913552999963
6.487086235999868,1780929988907841182,track_preview_car,0.6936749642707167,0.35194887556414045,-0.001999793173937049,1.6679078870519362e-05,-1.4818479002367206e-05,-3.139829969114667,157.59679847555057,125.78351464259667,-0.27957047553374076,-0.000345663752257351,0.00019227673580878336,0.27957068922473177,0.003279578605647685
6.605436912000187,1780929989026190256,track_preview_car,0.6601042061117737,0.3519079029819722,-0.0020016942644006616,-2.1416715850451784e-05,1.6059861743132667e-06,-3.139494321592586,156.16444612743567,125.78526280610252,-0.2795698585692386,-0.00024004559155949045,-0.00044438375834096274,0.2795699616237591,0.0024975946764629487
6.722945514000003,1780929989143696914,track_preview_car,0.6265381628329861,0.3518560939772737,-0.0020017187421053576,-2.1712660319885452e-05,1.6391116070789477e-06,-3.1391289863881933,154.73229494754074,125.78747332363632,-0.27947344795822765,-0.0004477476462015742,-0.0003184410453897176,0.2794738066288411,0.0010112877702904788
6.839948223000192,1780929989260702057,track_preview_car,0.5929823413433455,0.35177825818537695,-0.0020017131453737287,-2.171178682199512e-05,1.5814036588517648e-06,-3.1389912326615135,153.30057989731608,125.79079431742392,-0.27941405755850396,-0.0005804245631007987,-0.0003069835468139587,0.2794146604134801,-0.00027263971012157984
6.942112045000158,1780929989362867162,track_preview_car,0.565025840288683,0.35170202681642426,-0.002001714095622337,-2.1807059850148234e-05,1.5198600578206761e-06,-3.1390123126531573,152.10776918565048,125.79404685583256,-0.27935556845935394,-0.0006576916991737778,-0.00030427442837591167,0.27935634266581444,-0.0014558752481763839
7.045263476999935,1780929989466018013,track_preview_car,0.5370740494089616,0.3516209607067138,-0.002001713044473182,-2.1824357187969526e-05,1.4959269373028057e-06,-3.139126466530096,150.91515944144902,125.79750567651354,-0.2793122788190275,-0.000691643297518912,-0.00030237723961289365,0.27931313515395073,-0.002326664248465872
7.163088654000148,1780929989583842038,track_preview_car,0.5035359174914359,0.35152222125550664,-0.002001711012390098,-2.1737331845933896e-05,1.5399852445613441e-06,-3.139349266335829,149.48419914630125,125.80171855976505,-0.27928240815649585,-0.0006896529941710334,-0.0003043260501019335,0.27928325966112594,-0.0029564484436771076
7.264300603000265,1780929989685055791,track_preview_car,0.47558983280179723,0.3514412707013373,-0.0020017101172395374,-2.1641220109064413e-05,1.60270133164711e-06,-3.139588712308373,148.29183286621003,125.80517245007627,-0.2792623122974504,-0.000667712721838707,-0.0003078361477142149,0.27926311054272396,-0.003360532514077367
7.382006834999629,1780929989802761781,track_preview_car,0.4420559444578558,0.35134996296684545,-0.0020017112658381204,-2.1613136446483603e-05,1.6357102646038056e-06,-3.1399083736848175,146.86105363020184,125.80906824674793,-0.27924559490100087,-0.0006115502803814682,-0.0003101725045219763,0.2792462645504132,-0.0036991391808953696
7.4825177769998845,1780929989903272013,track_preview_car,0.41411146756349687,0.35128160952002985,-0.002001713348023238,-2.1687042389642277e-05,1.6019982858249928e-06,-3.140183479070033,145.66875594937588,125.81198466047873,-0.27924510484521775,-0.0005280171187766711,-0.00030886649740243145,0.279245604051513,-0.0037056989001232198
7.583366804999969,1780929990004119577,track_preview_car,0.38616693836795374,0.351222115820085,-0.0020017145586363407,-2.1787368804725806e-05,1.5394041292286348e-06,-3.140453871444933,144.4764560370327,125.81452305834304,-0.2792504793948238,-0.00042946588092696345,-0.00030554542206693316,0.2792508096374687,-0.003577549401394136
7.684965321999698,1780929990105719808,track_preview_car,0.3582219807050366,0.3511720342113522,-0.002001713789730968,-2.1831544968930495e-05,1.498282334766183e-06,-3.140709749099974,143.2841378434149,125.81665987364897,-0.279259286468573,-0.00033296798932378927,-0.0003028065508900751,0.2792594849716271,-0.00336741569249611
7.787243922000016,1780929990207998057,track_preview_car,0.3302760321165472,0.35113075016820383,-0.002001711820852602,-2.1786324080042775e-05,1.511676668309661e-06,-3.14094374478011,142.091777370306,125.81842132615664,-0.2792713333424139,-0.0002511938240738995,-0.0003030455129936554,0.2792714463119832,-0.0031240629741755323
7.907010724999964,1780929990327765211,track_preview_car,0.29673905311836035,0.35109118809244055,-0.0020017097712157392,-2.1663845211839868e-05,1.5821447328318407e-06,-3.1411905909636957,140.66086626638338,125.82010930805586,-0.27928545501726687,-0.0001722883672895966,-0.00030668123900378085,0.2792855081587358,-0.002823677603704241
8.025058662000447,1780929990445812657,track_preview_car,0.26320013331210046,0.3510613352604335,-0.002001710249645504,-2.159855218918282e-05,1.6360812933673585e-06,-3.1413967696704552,139.22987235464961,125.82138302888816,-0.27929764431961474,-9.871907084465051e-05,-0.00030981686730273953,0.279297661765975,-0.002505446187523649
8.144738359999792,1780929990565492555,track_preview_car,0.22965969307131784,0.3510410157999736,-0.0020017125853990314,-2.166149465291847e-05,1.613236289755923e-06,-3.141560209234567,137.7988135710429,125.82224999253447,-0.2793068598127816,-2.2419738660059608e-05,-0.00030924553116309217,0.2793068607125888,-0.002197649100018276
8.246223627999825,1780929990666980408,track_preview_car,0.20170865549159442,0.351031479943866,-0.002001713494730604,-2.175470067765325e-05,1.552842414567086e-06,3.14152367194172,136.60623596764137,125.82265685572838,-0.2793119060044663,4.336203466308988e-05,-0.0003059163924119303,0.2793119093703558,-0.001896049743198711
8.365266494000025,1780929990786020239,track_preview_car,0.16816751148255402,0.3510276004075141,-0.0020017119244611758,-2.1796172940911835e-05,1.505419254980532e-06,3.1414388239320026,135.17514715658896,125.82282238261273,-0.27931152699036227,0.00010416755838039876,-0.0003023177045506726,0.2793115464146946,-0.00156807955896188
8.465380608000487,1780929990886135475,track_preview_car,0.1402162820094954,0.3510273421409033,-0.0020017101116939504,-2.1753149474937087e-05,1.5187908712335573e-06,3.1413805305415434,133.98256136573846,125.82283340198812,-0.27932085484767144,0.00011580431663027676,-0.00030262507210896436,0.2793208788534679,-0.0015552962793793656
8.585464013000092,1780929991006220112,track_preview_car,0.1066733173602383,0.351027853186693,-0.0020017089495515277,-2.1648566821673846e-05,1.5850831537139633e-06,3.141311635334463,132.55139487403684,125.82281159736776,-0.27933945806872656,0.00012382436210717207,-0.00030643052883705797,0.27933948551288357,-0.0014814952193403755
8.704480635999971,1780929991125234952,track_preview_car,0.07312827027107892,0.351029080379893,-0.002001711233328371,-2.162501119822051e-05,1.6265323435032984e-06,3.141247286540712,131.12013953156602,125.82275923712456,-0.27937642806925567,0.00013817582374413232,-0.00030986401074648977,0.27937646223920554,-0.0013406643423172812
8.80687325100007,1780929991227626926,track_preview_car,0.04517273539500543,0.35103101662753794,-0.002001714355164553,-2.169898905692967e-05,1.6035961826377928e-06,3.1411930222588293,129.92737004352023,125.82267662389171,-0.2793962032908317,0.00015432915043980371,-0.00030956102871757495,0.27939624591396794,-0.0013348562875646229
8.907159678000426,1780929991327911599,track_preview_car,0.017216058608333997,0.35103428273827,-0.0020017169652237848,-2.1823108440605363e-05,1.5377379014421174e-06,3.1411343217934644,128.73455183395558,125.82253726983382,-0.2794183456006323,0.00017664378304746043,-0.00030655520628179885,0.2794184014363057,-0.0013611107555893522
9.009188545000143,1780929991429942029,track_preview_car,-0.010741818743409164,0.35103913772911016,-0.0020017175134487758,-2.1913210356254624e-05,1.475897330551012e-06,3.141070099923732,127.5416824002812,125.82233012355796,-0.2794445817294789,0.00020053537131960243,-0.00030310119404119263,0.27944465368369203,-0.0013591428450556574
9.125952710000092,1780929991546704861,track_preview_car,-0.04429363414739313,0.3510466245694206,-0.0020017157040352483,-2.1902771879658465e-05,1.4648827844671994e-06,3.1409890457342713,126.1101382763779,125.82201068503805,-0.2794809939373369,0.0002125813191078,-0.0003022786219116136,0.27948107478507195,-0.0013986690218846078
9.229496468000434,1780929991650251334,track_preview_car,-0.07225609811251531,0.3510533369281028,-0.0020017145171907836,-2.182916257529445e-05,1.5077636236035813e-06,3.1409183291342146,124.91707314719935,125.82172429106761,-0.27951535908238606,0.00021398240793981462,-0.0003048401690387203,0.27951544098927006,-0.0014124046109597775
9.34494691800046,1780929991765700201,track_preview_car,-0.10581439286146906,0.3510616089673223,-0.0020017154986620754,-2.1773317884169443e-05,1.559925969575186e-06,3.140831209173438,123.48525257124399,125.82137135072759,-0.27955348836577665,0.00021641170291372854,-0.00030824982706202143,0.27955357213153187,-0.0014366901601647762
9.446154600000227,1780929991866908856,track_preview_car,-0.1337825678869736,0.35106893457062605,-0.002001718672245336,-2.1833244197464698e-05,1.5481820635033626e-06,3.1407540868367456,122.2919437701558,125.82105879165329,-0.27959608374847317,0.000223766582612167,-0.0003088559428824614,0.27959617329099257,-0.0015138204893060461
9.547158907000266,1780929991967912631,track_preview_car,-0.1617533854525323,0.351077195411058,-0.0020017217445829454,-2.1963063195979465e-05,1.483015528870739e-06,3.1406671489249747,121.09852222069196,125.8207063291282,-0.27963882665464607,0.00023775043892145604,-0.00030620614278295435,0.2796389277229806,-0.00166152537773423
9.66634357699968,1780929992087097061,track_preview_car,-0.1953080717854705,0.3510897715611695,-0.001998445153350206,1.0308531024461255e-07,1.906940961081566e-05,3.140421450000975,119.66685560381993,125.82016974672344,-0.2797891911459997,9.5347517614307e-06,0.005121899455888145,0.27978919130846397,-0.0032330252472144104
9.785552317999645,1780929992206305892,track_preview_car,-0.2288724464400968,0.35111163815186164,-0.001999984884876933,1.6320065694804907e-09,-1.53417741705452e-07,3.1401518300172415,118.23477561855587,125.81923677218724,-0.28000574750224105,0.0001484302732050378,0.005312580754050557,0.28000578684347716,-0.0020724787077063384
9.885666494999896,1780929992306420039,track_preview_car,-0.25685110054415883,0.35113606464775937,-0.0019999718720679657,-1.633044894308128e-10,-2.916517551335039e-07,3.139950493241562,117.04101971011589,125.81819457502894,-0.27977525200281245,0.00017388153991776428,-0.0001958143837523162,0.2797753060368751,-0.0014881499968686363
9.987044880000212,1780929992407798925,track_preview_car,-0.2848490901347411,0.3511640192901511,-0.001999966542867863,-1.979043339259407e-09,-3.5280998780729127e-07,3.1398342521192624,115.84643882091771,125.81700184362022,-0.2796575050747555,0.0002512920234123116,0.0032712375517307624,0.27965761797654987,-0.0026473885117371306
10.088201745000333,1780929992508955149,track_preview_car,-0.3128381825534369,0.3512040197936527,-0.001999977594732736,-3.451480175243099e-09,-2.3698005306370696e-07,3.139765635017949,114.6522375443867,125.81529515547082,-0.27986722791474206,0.000199918927339771,1.0208867614780612e-05,0.27986729931926607,-0.002095488080447188
10.208329903000049,1780929992629083346,track_preview_car,-0.3464134368274103,0.35126279112957237,-0.0019999868592054226,6.988705530146844e-09,-1.4138898377429366e-07,3.1397388198121696,113.2196933620305,125.81278757847159,-0.27982640009068566,0.0006339079486604351,1.805341361970539e-06,0.27982711810508976,0.0014319132375803518
10.308533614000225,1780929992729288571,track_preview_car,-0.37438427572444194,0.35131420905073557,-0.002003890536497051,-8.942444693306555e-11,4.095232521900027e-05,3.1397632973564997,112.02627090242382,125.81059374716861,-0.2789572173899085,0.0002593033284220632,-0.001174544447278271,0.2789573379069581,-0.0023533677510137506
10.428646090999791,1780929992849400417,track_preview_car,-0.4079621706166501,0.3513804836782464,-0.002002718072286826,3.553202549535014e-05,1.6816749539751886e-06,3.139938109038192,110.59361405368959,125.80776602972816,-0.2798312380773458,0.0003712857608234771,-0.002686026470558064,0.2798314843919754,0.003276386295951165
10.529219431000456,1780929992949973436,track_preview_car,-0.43594409199682804,0.35143271334052134,-0.001999940113846927,-9.57307965290394e-10,-6.345992928567029e-07,3.1401182132081242,109.39971874146867,125.80553756413775,-0.27983879040325726,0.0006510173850032751,1.90126183133435e-06,0.27983954766614694,0.002067702290897774
10.629490580000493,1780929993050245768,track_preview_car,-0.46392679802581316,0.35148087364695185,-0.002000799400365842,-2.46337136070208e-07,-1.1021384852281416e-05,3.140321470641857,108.20578995089863,125.80348272439672,-0.27989404006597374,0.0005322261024169433,-0.0008099471560030003,0.27989454608669495,0.0021314854723754914
10.747586239000157,1780929993168339523,track_preview_car,-0.49750465865784305,0.35153082038948363,-0.0019999754542160027,-3.4549694585166395e-10,-2.6034381566344166e-07,3.140555937325384,106.77313456393203,125.80135166338204,-0.27979681105714715,0.0005102791693172683,-6.057783842354114e-06,0.27979727636733626,0.0017094033760250704
10.847760966000351,1780929993268514961,track_preview_car,-0.5254866087304028,0.35156352744862074,-0.0020037039779450217,-5.507559040162277e-11,3.8988280676293385e-05,3.140725290540215,105.57923802750281,125.79995616219219,-0.2787993252928953,0.00012022170179903948,1.880544013863754e-05,0.27879935121343313,-0.0012683605634386203
10.968582485000297,1780929993389338383,track_preview_car,-0.5590522795746545,0.35159918273671925,-0.002004101585886619,-3.0638197737683893e-11,4.317403083006351e-05,3.1408707287436872,104.14710273814808,125.79843486989998,-0.27904536011899955,8.129715776775641e-05,-0.0018911242327903407,0.27904537196156826,-0.0008565002709902504
11.069400950000272,1780929993490153532,track_preview_car,-0.5870244055842496,0.3516249400437601,-0.0019999382008627263,-2.31743699820554e-09,-6.597807605928293e-07,3.140986298714079,102.95362536173869,125.79733589146623,-0.2796414200311938,8.704029923939156e-05,0.0027901731208285117,0.2796414335771369,-0.0005045995298632939
11.186966543999915,1780929993607720660,track_preview_car,-0.6206039536428263,0.35164984220228285,-0.00199993570391032,-8.914285281923466e-10,-6.807362186635463e-07,3.1411557549625475,101.52089797790607,125.79627339936927,-0.27986274929539273,0.0003098558200514122,2.6192584807065015e-06,0.2798629208269739,0.0015318673782024157
11.289028383999721,1780929993709783492,track_preview_car,-0.6485877589511699,0.35166587277846445,-0.0020000661405232775,-1.0945024652130737e-05,8.991405973442281e-06,3.141286604288936,100.32692228475008,125.79558942811884,-0.27986906497777925,0.00033545341445932503,-0.00010479644911372409,0.27986926601634865,0.0010878804086594976
11.406201316000079,1780929993826956002,track_preview_car,-0.6821705624073637,0.3516761449567677,-0.001999992394310358,-2.562711612045336e-10,-8.149987554256742e-08,3.141439415405376,98.89405600395249,125.79515114851125,-0.27984956920576276,0.00011465853767942873,1.7517985798570224e-06,0.27984959269441734,0.0010632317199026791
11.509433991999686,1780929993930188488,track_preview_car,-0.710156430357963,0.35168502128191476,-0.0019999969327074854,8.281998997978577e-08,3.242863154143087e-08,3.1415121501166734,97.6999923047269,125.79477242530497,-0.2798367496466807,-1.9607807051771257e-06,0.00021363239340151558,0.27983674965355015,0.0002722650318267891
11.62685461000001,1780929994047608214,track_preview_car,-0.7437259224689294,0.35168926432873454,-0.002006494918484541,1.6503334978256587e-06,4.270837256014427e-05,3.141557281228365,96.26769397465901,125.79459138864065,-0.2792218947482324,0.00021618200389689825,-0.006523073989745673,0.2792219784355303,-0.0024543038076589507
11.730112792,1780929994150866076,track_preview_car,-0.7717016794428817,0.351691995848808,-0.0019999684371935877,-2.902999503303898e-10,-3.326441567090295e-07,-3.1415686688986324,95.07406167710371,125.79447484378419,-0.2795508165189884,1.117056887391005e-05,0.004353737016454441,0.2795508167421707,-0.00011774189848291851
11.831091975999698,1780929994251845881,track_preview_car,-0.7996796877437734,0.35169384192728365,-0.0020001187052551767,-1.6541235240762314e-05,1.3786060864424433e-05,-3.141502404884659,93.88033332293233,125.79439607776924,-0.27983891305301706,6.905525822242323e-05,-0.00014581873190476033,0.2798389215733271,0.00031389084774858394
11.949894819000292,1780929994370648694,track_preview_car,-0.8332512487889094,0.35169140554629935,-0.0019997314673064633,1.900845248353432e-05,-1.723370981846623e-05,-3.1414205135094244,92.44794671833986,125.79450003002457,-0.2798074567590414,-0.00017627583843075187,0.0002622364441611825,0.2798075122850243,0.0014560629729034281
12.068089370000052,1780929994488842764,track_preview_car,-0.8668313994049894,0.3516862302173669,-0.0019999910355300563,2.4593285872313974e-07,-2.407490925786883e-07,-3.141343150253706,91.01519362538713,125.79472084405901,-0.2798353376531538,-9.135994679669113e-05,3.801644305290272e-06,0.27983535256663783,0.0006187991633198595
12.17259375499998,1780929994593348311,track_preview_car,-0.8948211721423879,0.3516812510619405,-0.001999975015022191,-1.3144470275252904e-09,-2.6994145839498707e-07,-3.1412809516565225,89.82096332192478,125.79493328802387,-0.2796830794261316,-4.7021532220171874e-05,0.0037532098136280924,0.2796830833788635,0.0004937612811029459
12.288875873000507,1780929994709630299,track_preview_car,-0.9284139731437311,0.3516744766633236,-0.0019999720240192367,1.4927599086291246e-10,-2.953831949718924e-07,-3.1412260301454595,88.3876704792008,125.79522232903153,-0.2799418825915893,-5.402201840451537e-05,3.1351551012248624e-09,0.27994188780406126,0.0005686175406194562
12.389224174000447,1780929994809978850,track_preview_car,-0.9564086588713523,0.3516670648725612,-0.0019999830353215104,1.7894376489209156e-09,-1.7442798301020852e-07,-3.1411762041540774,87.19323055482229,125.79553856543738,-0.2797382867909667,-6.180112809199361e-05,0.0030849710418592883,0.2797382936176679,0.0006512128781998905
12.49430607100021,1780929994915059716,track_preview_car,-0.984386065786932,0.35165653337239156,-0.0020041910150076225,1.3504455892717103e-11,4.41156361832157e-05,-3.1411614318088676,85.99952785975756,125.79598790944462,-0.2792398593435107,-4.2799918991639516e-05,-0.003049773350201081,0.2792398626235458,0.00045267109760621703
12.612908168999638,1780929995033750001,track_preview_car,-1.0179525418711695,0.3516434195014434,-0.0020000022414343966,1.160408522342347e-09,2.384537646233521e-08,-3.1411489921280813,84.56735821349676,125.79654743460509,-0.2797373967139434,-5.805296381758281e-05,0.005617337036540803,0.27973740273771175,0.00017021696065891477
12.730984060000083,1780929995151738246,track_preview_car,-1.0515355809477047,0.3516285899561735,-0.0020017200327089387,-2.187936320116245e-05,1.5280070379695391e-06,-3.1410094211254944,83.13448187956459,125.79718016186993,-0.2797800460317445,1.8384717317522134e-06,-0.0003271329068734617,0.2797800460377849,0.0008174534419753058
12.849373295000078,1780929995270129044,track_preview_car,-1.0851154746484761,0.3516098796587394,-0.002001719519601862,-2.1841938733517297e-05,1.550448140505284e-06,-3.1408125531731024,81.70173974833168,125.79797846789378,-0.2796826756127399,-1.5892796107431324e-05,-0.00030879608768304216,0.2796826760642891,0.001008731704005455
12.949923954000042,1780929995370699189,track_preview_car,-1.1130921379289116,0.35159303880227366,-0.0020017186609694254,-2.1865426245133626e-05,1.5236799323894346e-06,-3.1406354063868926,80.50806878169976,125.79869701110299,-0.2795936864272265,-2.727884761330593e-05,-0.00030590720596111807,0.279593687757971,0.0011274615245484238
13.051906964000409,1780929995472661009,track_preview_car,-1.1410629518402418,0.3515745286830817,-0.0020017155254343005,-2.1863923276522585e-05,1.4921929526106861e-06,-3.1404517847177797,79.3146473881497,125.79948677618852,-0.2795108670818029,-6.796742079366559e-05,-0.0003027186957037211,0.2795108753454713,0.0009718258427414448
13.17178696100018,1780929995592541617,track_preview_car,-1.174621008509895,0.3515483090433329,-0.002001709998755974,-2.1758365475575877e-05,1.5137372476098952e-06,-3.140234840378837,77.88283697024448,125.8006054808178,-0.2794316789522445,-0.000130568431865951,-0.00030257491943326645,0.27943170945722257,0.0007922078949607072
13.292019886000162,1780929995712773630,track_preview_car,-1.2081744226500941,0.3515085851820381,-0.002001709032635169,-2.1662371761471458e-05,1.575602670103158e-06,-3.140107437367295,76.45122463359598,125.80230036556637,-0.2794061635971849,-0.00026952244496656675,-0.00030603041122055733,0.27940629359133123,-0.00029540861465838814
13.392889704000481,1780929995813641284,track_preview_car,-1.236132205453551,0.3514646136857868,-0.002001709799111965,-2.1603048716960553e-05,1.6280459659624392e-06,-3.140100751832761,75.25835923398182,125.80417648273976,-0.27937265101255987,-0.00034352555819131035,-0.0003093702594910813,0.27937286221749363,-0.001060435306764774
13.495033162999789,1780929995915785585,track_preview_car,-1.264087170716626,0.35141587161257426,-0.0020017121756838534,-2.1630664464516942e-05,1.632093298628825e-06,-3.14015710811628,74.06561404942397,125.80625614453017,-0.2793449537555396,-0.0003752629361574244,-0.00031030835658391775,0.27934520581344474,-0.0016466285152268365
13.612849983999695,1780929996033603929,track_preview_car,-1.2976302463722147,0.35135639671311586,-0.0020017147165015655,-2.1747557140196927e-05,1.5709267253850315e-06,-3.1402828847343076,72.63444282145218,125.80879374024039,-0.27932307599707495,-0.0003637201516059056,-0.00030732317779320596,0.2793233128058172,-0.002095348605027013
13.71315338400018,1780929996133906237,track_preview_car,-1.325580868570162,0.35130886458706295,-0.0020017144722082,-2.1821697197397206e-05,1.5127948909582056e-06,-3.1404226524446983,71.44188294100641,125.81082177761864,-0.2793078300855158,-0.0003364806652004891,-0.0003037362295630888,0.2793080327636808,-0.0023833466291353915
13.814773035999679,1780929996235525207,track_preview_car,-1.353530596992732,0.3512648093412857,-0.002001712270080159,-2.181083546098583e-05,1.4979894464670922e-06,-3.1405773909795776,70.24936119497676,125.81270146810515,-0.27930005365539706,-0.00030366519486052615,-0.0003021944834793476,0.2793002187332803,-0.0025405075902817597
13.9336266600003,1780929996354380224,track_preview_car,-1.3870700188263294,0.3512166013022441,-0.0020017096529294396,-2.170398777418158e-05,1.5508202796497679e-06,-3.140772381873013,68.81834586340995,125.81475834443759,-0.2792988357129413,-0.00026347335034216626,-0.0003047136457024412,0.27929895998519383,-0.0025785422440896227
14.033905072999914,1780929996454659018,track_preview_car,-1.415019870876759,0.3511806522969913,-0.0020017093822175315,-2.16178587515264e-05,1.6125706838012185e-06,-3.1409317928861418,67.62581884259163,125.8162921686617,-0.27930206363027577,-0.00022356168902394228,-0.000308321289673779,0.27930215310297807,-0.002488624982206977
14.136661972999718,1780929996557415908,track_preview_car,-1.442970111030131,0.35114905968934024,-0.0020017113555106333,-2.1611519941831228e-05,1.637885734735176e-06,-3.141083341693067,66.4332752627144,125.81764011992148,-0.27930601571847224,-0.0001766395743882053,-0.00031040745650062177,0.27930607157393966,-0.0023822033399021627
14.255247283999779,1780929996676001509,track_preview_car,-1.476510857876018,0.3511180067273754,-0.0020017142310126347,-2.170914588552967e-05,1.5946619837779187e-06,-3.1412503664838876,65.00220339728989,125.81896504629864,-0.27930986615495784,-0.00011073797883698359,-0.0003086808284897227,0.2793098881070995,-0.002260851762899239
14.37281429199993,1780929996793565732,track_preview_car,-1.5100520565320292,0.351095400168505,-0.002001714280908417,-2.1807329525207244e-05,1.5215793645931952e-06,-3.1413942683796754,63.57111225463342,125.81992959281045,-0.27931405541025534,-4.0066111191086834e-05,-0.0003041723237165017,0.2793140582838903,-0.00206807883067628
14.491966831000354,1780929996912721788,track_preview_car,-1.543593718847686,0.35108061875197355,-0.002001711119593458,-2.179082200017143e-05,1.5010181700478876e-06,-3.141507784041287,62.1400013291654,125.82056026658246,-0.27931767852819883,1.3423173667840876e-05,-0.0003020284814849503,0.27931767885073766,-0.0018464854342643187
14.61304400500012,1780929997033796147,track_preview_car,-1.5771359808753738,0.3510712459290268,-0.0020017079657059685,-2.1672545653318602e-05,1.5568284779234185e-06,-3.1415910373650697,60.70886481598406,125.82096017369486,-0.27932180450542815,4.454232837407582e-05,-0.00030455152792507385,0.2793218080569214,-0.0016118791243945915
14.732341590000033,1780929997153096187,track_preview_car,-1.610678825192654,0.35106544021215497,-0.002001707972053293,-2.157396384077109e-05,1.630824638773267e-06,3.1415409380372536,59.277703458446766,125.82120788428139,-0.27932591547862085,7.443073006384547e-05,-0.00030880306110794283,0.2793259253952329,-0.0012680524697725759
14.85037549200024,1780929997271128876,track_preview_car,-1.6442219294553035,0.351061642988152,-0.002001711454457832,-2.1615343189643376e-05,1.636097260759389e-06,3.1415021336346935,57.84653100990705,125.82136989917218,-0.2793325795461408,8.49795845665298e-05,-0.00031008498391454903,0.2793325924725414,-0.001248816306549632
14.950397755000267,1780929997371150908,track_preview_car,-1.672174912877796,0.3510594835366439,-0.0020017142082772842,-2.172701688404401e-05,1.5810696655292427e-06,3.1414671546540776,56.6538703838807,125.82146203576985,-0.27934197082399914,9.913455220865165e-05,-0.0003077018888776611,0.2793419884147305,-0.0012988819176231136
15.05144809400008,1780929997472204694,track_preview_car,-1.7000918296906693,0.3511041430822394,-0.001999931660257807,1.1225716808261514e-09,-7.160295326493873e-07,-3.141121944698922,55.46274859986478,125.81955656182446,-0.27885082673906775,0.0013316008562678687,0.0004625132548003364,0.2788540061284793,0.01822527866576112
15.152451750000182,1780929997573205464,track_preview_car,-1.727519577735393,0.351845944394776,-0.0020035298172590443,1.152272110537865e-08,3.715486272469959e-05,-3.130879216709369,54.29249801662323,125.78790637248956,-0.2635122003557446,0.01731489698442483,0.0007703053943803526,0.2640804525024662,0.2513590410116109
15.271177733000513,1780929997691929113,track_preview_car,-1.7586241636083306,0.3543435878153773,-0.0020013620009332756,1.7835950560864302e-05,8.149980604848471e-07,-3.0884663404665447,52.96536901937789,125.68134025321056,-0.2502161042486348,0.023313276210297162,-0.0013687970291461115,0.2512998361977605,0.46137564350462146
15.374257690000377,1780929997795011114,track_preview_car,-1.7835231353940053,0.35673606675662906,-0.001999980740772511,-8.175054218547098e-07,-8.091146871785496e-07,-3.0339766704071973,51.90301288985577,125.57926115171716,-0.2468505762066504,0.02500100615854581,0.0035943288109368367,0.24811339601580357,0.6358211299059364
15.492487688000438,1780929997913238927,track_preview_car,-1.812709696761145,0.35878524166632847,-0.002004576770307843,-5.488065380614053e-06,-5.3140957368565266e-05,-2.9551823408333933,50.65771960485782,125.49182968890332,-0.24046267589090659,0.010519772589013805,-0.00458361687137328,0.24069267565079697,0.7009881681208056
15.59288650400049,1780929998013640949,track_preview_car,-1.83667762668467,0.35925606941205473,-0.00200561540945866,-2.622639779479771e-05,3.923123347681134e-05,-2.8827941255610754,49.63508792812074,125.471741038419,-0.23879721501030138,-0.0026725845614757045,-0.00567873820548261,0.23881217013568287,0.7318554294606291
15.694296749000387,1780929998115051104,track_preview_car,-1.860579308456381,0.35807221501798286,-0.001999954413869121,7.999980477374171e-09,-4.933810177517976e-07,-2.808762471894796,48.61528283919441,125.52225215923274,-0.24249567390927293,-0.019485195279274625,0.004691265568032752,0.24327725890387678,0.7832180321315724
15.79476873800013,1780929998215520318,track_preview_car,-1.8844334932503977,0.3550612576711695,-0.001999944002095171,5.438935857699607e-07,-1.671287108198188e-07,-2.73516631364214,47.59750428798303,125.65071967269677,-0.23660130321990125,-0.03975640611758086,0.0039431885823877745,0.2399182121322633,0.7256304838536434
15.895988623999983,1780929998316743120,track_preview_car,-1.9079803922187744,0.3500368936298313,-0.002000009022744651,3.3377833042484964e-07,-1.9219008889448644e-06,-2.6656037908192887,46.59283659866563,125.86509253846053,-0.233381147546334,-0.05986855729048351,-2.814978739374771e-05,0.24093775997565764,0.6861301448811119
16.01573173199995,1780929998436483232,track_preview_car,-1.9358227367222856,0.341379138003204,-0.001999942770242745,-3.979708045881107e-08,-5.724247941693508e-07,-2.587807011210695,45.404896566515816,126.2344901118633,-0.22865745174283159,-0.08066899514925106,5.43507714841783e-06,0.24247003323280023,0.6446883306634433
16.135520484000153,1780929998556274409,track_preview_car,-1.96298130540743,0.330018096048293,-0.001999904573555331,3.247238742008486e-06,-3.4673870161647762e-06,-2.517264013145734,44.24613096928299,126.71922790193949,-0.22297368512133064,-0.10016131993224037,0.00010483301769295268,0.24443721948008434,0.6128911669053527
16.255962068000372,1780929998676716494,track_preview_car,-1.9893636997927382,0.3157271994647792,-0.0020051641681933016,-2.247769622287439e-05,3.7322597909348733e-05,-2.457932790383649,43.1204821421765,127.32897282283609,-0.21615168425175288,-0.12978245687356413,-0.005179211215828698,0.2521210755113662,0.44812984945578804
16.375986789000308,1780929998796741405,track_preview_car,-2.014981784320805,0.298912085612356,-0.0020008521386972616,5.962911440957197e-10,-1.1605100464122384e-05,-2.4087107293703216,42.02744386897899,128.0464176805395,-0.20965400768457346,-0.1485268267401744,-0.0008767612582245215,0.25693388488035,0.3712880482387369
16.495753692000108,1780929998916507476,track_preview_car,-2.039771339266762,0.2800054347062647,-0.0020081376823463926,-7.853745057549987e-06,1.1446747963285716e-05,-2.368791868050158,40.96975619128483,128.8531014525327,-0.2040274223074514,-0.16336961723390184,-0.008180680949641746,0.26137486659695247,0.3140631304552562
16.597115696999936,1780929999017867768,track_preview_car,-2.059847450334324,0.2628097705799113,-0.001999975961669596,-1.7464400259125547e-10,-5.915119640160642e-07,-2.342925490857586,40.113175452402174,129.5867831219238,-0.19757542669652062,-0.17580917077044125,-1.6442617392589966e-05,0.2644710074115921,0.23809319012374977
16.716132309000386,1780929999136885452,track_preview_car,-2.083361773263676,0.2414543900678079,-0.001999538571943653,6.012118617671874e-06,-3.0056019427451004e-07,-2.3125899338681046,39.10989767408314,130.49794602377352,-0.19415362919745588,-0.18081521623218375,0.0004618806461967124,0.265310712470557,0.26763515617907696
16.816296795999733,1780929999237048437,track_preview_car,-2.102635093214695,0.22473736260369634,-0.0019999708167419733,-4.276270557138313e-07,-1.1161050477700112e-08,-2.2692233076525707,38.28756935617302,131.21120586224228,-0.1925022974263134,-0.17151659040389497,0.003331432909981704,0.2578276077114053,0.47370608955723226
16.917200693000268,1780929999337954037,track_preview_car,-2.1212423940126306,0.20828878767687142,-0.0020050726120506204,3.407822651089663e-05,-2.983715069903104e-05,-2.2150341954759742,37.493657855461095,131.91301172578682,-0.18191955696943987,-0.16718460516615186,-0.005159260200796333,0.24707370846069268,0.5704197637902527
17.018657417999748,1780929999439411323,track_preview_car,-2.1391618357540314,0.19199706349211107,-0.0019999385876251136,7.126886514722748e-08,-5.92174687875328e-07,-2.148127848871396,36.72909500782799,132.60812529100326,-0.17233263793479534,-0.1695949969043021,-1.5143124754577519e-05,0.24178709864783005,0.65241654089066
17.121981276000042,1780929999542732696,track_preview_car,-2.1560830645178237,0.17477490486090802,-0.0019997077700187587,8.594613435600875e-06,-9.596674410706291e-06,-2.078265303792921,36.007122580572855,133.34293739260124,-0.171134316428177,-0.1802549445539962,0.0001384456998302269,0.2485534133652235,0.7660732782698348
17.238343122000515,1780929999659096636,track_preview_car,-2.174934410719777,0.1530979206378513,-0.001999887513134238,-3.8835689251829057e-10,-1.1837096811851947e-06,-1.9883473103526939,35.202798475956186,134.26782205278502,-0.14851375315076443,-0.1862913713954393,4.661705641869633e-05,0.23824527263162998,0.7471737802649229
17.356266153999968,1780929999777020400,track_preview_car,-2.1915768868536714,0.12947930301685032,-0.0020044715728473063,1.697115265975172e-08,4.706910414101893e-05,-1.9026517176185362,34.49271949424336,135.27554973794773,-0.13222448818147714,-0.208936034762462,-0.004619991907001304,0.24726015024082287,0.6976166354279716
17.45823363999989,1780929999878989809,track_preview_car,-2.2036897541506204,0.10845473761397657,-0.0019998092833890028,-2.2695588571034066e-06,-3.0482839006787587e-07,-1.8349020115906476,33.97590382290686,136.17259786180367,-0.11590872743519431,-0.22157764345910627,0.002507523230008075,0.2500629624245402,0.6821139395032307
17.560256871000092,1780929999981010786,track_preview_car,-2.2140921818423114,0.086242821634083,-0.0019999667861617843,7.035206588224357e-08,-2.8990844539054117e-07,-1.7722155601538152,33.53206690806138,137.1203062769458,-0.09211455160029372,-0.22842680827218567,0.005234285926155265,0.2463004209374013,0.5626915193963311
17.675796049000382,1780930000096549594,track_preview_car,-2.2242379729449024,0.05820613607729932,-0.0019999592900393033,5.556538389754034e-11,-4.7172271813318027e-07,-1.705475429845346,33.0991798210175,138.31653819403522,-0.07464143030645126,-0.2415203804984036,0.0034972876969964236,0.2527912920064425,0.5301710659254929
17.796808811999654,1780930000217565001,track_preview_car,-2.231992601880156,0.028849992109918787,-0.0019999534316271265,3.841164668793722e-07,-1.9263835606754855e-07,-1.647488452955937,32.76831565311335,139.56906700331012,-0.05482911165996191,-0.24710446063573116,0.00022069671948619552,0.2531142942456948,0.4426571663664132
17.914699953999843,1780930000335453618,track_preview_car,-2.23780406303467,-0.0012677852337548614,-0.001998917484898458,3.1778994995188e-07,1.3284748076602168e-05,-1.5928931047346933,32.52035997718741,140.85409216997354,-0.03468930378088965,-0.2563493322597079,0.004763014170993308,0.2586857706693605,0.3626324772465184
18.014703056000144,1780930000435457211,track_preview_car,-2.2404766169177748,-0.02725121812502088,-0.0020035446683335347,1.2466394062804676e-08,3.731125061086586e-05,-1.561145638125979,32.40633101150827,141.9627186400009,-0.019336734724058585,-0.2615062521668209,0.0007344980964434368,0.262220192266205,0.2728989619565799
18.116820729999745,1780930000537575286,track_preview_car,-2.241864280016227,-0.053695889631281975,-0.001999987038263009,1.9798791751775974e-07,1.7424943860992094e-08,-1.5361818213996925,32.34712405264098,143.09102462426802,-0.008412351220547202,-0.2658203718836336,0.004169193982758944,0.2659534503656817,0.22264769174891436
18.21932382599971,1780930000640077821,track_preview_car,-2.2421421601285156,-0.08060029059558353,-0.0020030995624255874,-7.359442726768848e-07,-3.9558878857375936e-05,-1.5176910678435356,32.33526783451667,144.23894573207824,-0.0005085016854231582,-0.27049910172841224,-0.0030831757650342365,0.27049957968514843,0.1877460119247831
18.336371256999882,1780930000757122277,track_preview_car,-2.241443892890042,-0.11324897227151551,-0.002004697259901062,3.1642613452638413e-09,4.944478100050154e-05,-1.5010822622812172,32.365060570024866,145.6319561502513,0.008797250002280151,-0.27317339367516963,-0.004728632206146705,0.27331500986885415,0.12712760884563667
18.437966937000056,1780930000858720491,track_preview_car,-2.24014317474631,-0.1406380667178868,-0.0020019506252103034,-6.092434061362684e-08,-2.459416169003898e-05,-1.4918851695968074,32.420557877490765,146.8005575132965,0.014221624003312332,-0.27374836035575895,-0.0019542973578769406,0.2741175284193954,0.09040341922824942
18.553635756000403,1780930000974389931,track_preview_car,-2.237916564620647,-0.1737585208631839,-0.0020034267420817797,1.2958072108877185e-09,3.607105417703442e-05,-1.4857038372124964,32.51555990951907,148.2136968901625,0.01899207899290474,-0.27524897349498684,-0.003682877147068047,0.2759034187438001,0.05294559468082574
18.654146632999982,1780930001074900789,track_preview_car,-2.2356191470350786,-0.20155777784050535,-0.0020044395728025352,3.717292299647799e-05,1.85591644557725e-05,-1.4844839929347942,32.61358305983664,149.3997985211949,0.02473157595522016,-0.27829619566577257,-0.004821200045718008,0.27939295512104595,-0.005997732706492723
18.75815382699966,1780930001178909405,track_preview_car,-2.2331345661956212,-0.22935262027107303,-0.0020030868065877227,-8.923491986906672e-10,3.249177194646835e-05,-1.4856257601136484,32.719591842320156,150.58571179823244,0.025222105677582443,-0.27600976727006893,-7.731335523400447e-05,0.2771597846789623,-0.023427263282666907
18.85882459200002,1780930001279578106,track_preview_car,-2.230571522307345,-0.2570483083470609,-0.002003719470421834,1.0639076294731078e-07,-4.667800437839516e-05,-1.4885668782059795,32.82894838155329,151.7673944894746,0.026042391538830856,-0.2764400552425821,-0.0037260643018074188,0.2776640241363357,-0.04100751900425096
18.958980362999682,1780930001379739668,track_preview_car,-2.2279985416750225,-0.2846744444826172,-0.001999994304999231,-4.542617972597182e-09,-7.938467467091966e-08,-1.4929958708022555,32.93872888853237,152.94610963125834,0.025775522313390406,-0.2760089583850083,3.2384644068070334e-05,0.27720988918021183,-0.05377519380857001
19.080470459000026,1780930001501224414,track_preview_car,-2.2249970807567245,-0.3177722649728649,-0.0019999889751377595,-4.7368625424843023e-07,2.4239591761199455e-07,-1.4996114093553667,33.066791221046415,154.3582833055089,0.02436913696284009,-0.27539175275213373,0.0016144734669310532,0.27646785042786803,-0.05491768381836319
19.197681454000303,1780930001618435428,track_preview_car,-2.2221810999407245,-0.35085199260309147,-0.001999991262700133,3.750204640009791e-09,-7.940990528171841e-08,-1.506799218918413,33.186939735862424,155.7696850177319,0.022418375598136867,-0.2755647169607787,0.009783936195393498,0.2764751287152847,-0.05920481487841198
19.298680730999877,1780930001719435828,track_preview_car,-2.2200154593114916,-0.37842057014371244,-0.002001741191266493,-4.7658371514514295e-06,-1.707545374638596e-05,-1.5128567236112083,33.27934040270969,156.94594432613172,0.021005800259094598,-0.27586781144919914,-0.0017411930979629236,0.27666639304096163,-0.061228783157049244
19.419091552000282,1780930001839843613,track_preview_car,-2.2176495951958346,-0.4115318860146215,-0.002000665778183744,-5.735815801875611e-06,-2.0697521811667204e-06,-1.5198844483022134,33.38028393831105,158.35869380329052,0.01879996488477533,-0.2761702971735229,-0.0006839385623625412,0.2768094502010015,-0.057294645783836314
19.52579403100026,1780930001946548466,track_preview_car,-2.215878241564097,-0.43915808805833945,-0.001999985846068314,1.5645918313105628e-09,-1.442560146279797e-07,-1.525414606666508,33.45586169326519,159.5374117571558,0.01663329942137993,-0.2761097269112967,6.422175508359051e-06,0.27661028170455293,-0.05260132754673871
19.64507617399977,1780930002065829858,track_preview_car,-2.2139824024430883,-0.4723585486647405,-0.0020017052413829443,-2.176074687628934e-05,1.461197315271015e-06,-1.5315145162034667,33.5367508290949,160.95396474302893,0.014783124941482892,-0.27656458034682285,-0.0002576683638672379,0.27695939753951254,-0.050819820400073254
19.76321731200005,1780930002183971406,track_preview_car,-2.212343706521945,-0.5056176645668515,-0.0020016981908950347,-2.164671306531271e-05,1.4735448078442178e-06,-1.5367146356803267,33.60666852173034,162.37302035485234,0.012391114620707638,-0.27726321268843185,-0.0002981539386281203,0.27753995898222317,-0.03870482516254092
19.879467708000448,1780930002300220661,track_preview_car,-2.210934500515911,-0.5389297638412764,-0.00200171826039283,-2.181007628288318e-05,1.560409031604321e-06,-1.541016317985598,33.66679464465447,163.79433659056113,0.01070652270289594,-0.2776470755966398,-0.00031068806768369317,0.2778534293755502,-0.032305219658086144
19.99908031399991,1780930002419836343,track_preview_car,-2.209723190773546,-0.5722920357474176,-0.0020017330622877564,-2.191255051712959e-05,1.6380110433209674e-06,-1.5444306944088793,33.718477193662025,165.21779352522316,0.009279380715379135,-0.27799581577708155,-0.00031387300240983074,0.2781506435297715,-0.026128432610877224
20.120792972000345,1780930002541546646,track_preview_car,-2.2086766341565243,-0.6056999673729313,-0.0020017266109470773,-2.1845534887367805e-05,1.6210996592076818e-06,-1.547015977090261,33.7631302759883,166.64319860791173,0.008106436605289261,-0.27831324916174355,-0.0003130089851183972,0.27843128231828107,-0.02043631533644208
20.24012380000022,1780930002660876012,track_preview_car,-2.2077623490163227,-0.6391482416522309,-0.0020017029466679716,-2.1637896266587605e-05,1.530173379120451e-06,-1.5488586753309161,33.80213977530356,168.07032497716185,0.0071752441768673765,-0.2785912750114814,-0.0003027368411252947,0.278683660521245,-0.01533363886386287
20.34124649000023,1780930002762000394,track_preview_car,-2.207083019510658,-0.6670509169918334,-0.002001690709180364,-2.1543734421437077e-05,1.4732950516459898e-06,-1.5498444280551955,33.8311245008786,169.2608391249849,0.006523363672552082,-0.2788358663429439,-0.0002960800025771705,0.2789121629345419,-0.010698521589408627
20.44226810100008,1780930002863020042,track_preview_car,-2.2064573943553882,-0.6949741596261194,-0.002001696341267249,-2.1606468433170003e-05,1.4850679672266537e-06,-1.5504335998840657,33.85781784083677,170.45223081071444,0.006046227708039566,-0.2790410184382779,-0.000298161326225946,0.27910651522415025,-0.006754211736397727
20.561759893999806,1780930002982514200,track_preview_car,-2.2057569691394643,-0.7285054228209459,-0.002001721026106131,-2.1826565570753537e-05,1.5775344257029297e-06,-1.550683992345777,33.88770265004952,171.88289804036035,0.0055015527182597015,-0.27934992627670807,-0.0003110963355133796,0.2794040951616744,-0.0006472379988235425
20.678403959000207,1780930003099155920,track_preview_car,-2.2050872753144715,-0.7620545649170007,-0.0020017341258960885,-2.191130468233997e-05,1.6506014414580366e-06,-1.5505658460276739,33.91627625324922,173.31432810312538,0.0053759938196243275,-0.2794573728806284,-0.0003179473461453657,0.2795090777897763,0.0014976867920656986
20.779133592000107,1780930003199888949,track_preview_car,-2.2045388161440584,-0.7900223403853075,-0.002001727977016481,-2.184117945709514e-05,1.639092432719813e-06,-1.5502639551107462,33.93967717785351,174.5076198564398,0.00534088708991711,-0.2795343636365936,-0.00031538148024486096,0.279585381464451,0.0029876100091685326
20.879718836000393,1780930003300474874,track_preview_car,-2.2039889179933088,-0.8179956215079917,-0.0020017097991323145,-2.1683566355964123e-05,1.5677643504035802e-06,-1.5498553099685213,33.96313949895216,175.70114651767432,0.0053794374556145755,-0.2795768489640766,-0.0003063551813912737,0.27962859800818113,0.0038108333448244307
20.998129591999714,1780930003418883948,track_preview_car,-2.203323554466221,-0.8515681520624125,-0.0020016908059488463,-2.1530864259248795e-05,1.484264857826266e-06,-1.5492311109367318,33.99152834277457,177.13357448799627,0.00547328589236201,-0.2795838831346396,-0.0002957725981336915,0.27963745201081947,0.00466809032657489
21.10226206399966,1780930003523018022,track_preview_car,-2.2027565159362226,-0.8795451643182033,-0.002001694160584857,-2.157857042569422e-05,1.4834836020240332e-06,-1.5486613009064307,34.015721986721175,178.32726034424334,0.005623750268185045,-0.27957480840583054,-0.00029693394454667556,0.27963136458958926,0.004768656848624891
21.203541791000134,1780930003624300344,track_preview_car,-2.202174787337526,-0.9075205073208072,-0.0020017120184164417,-2.1739855892546276e-05,1.548746631118978e-06,-1.548069385553698,34.04054240693222,179.5208749790211,0.005775334599041732,-0.27955589623092286,-0.0003054482494158707,0.27961554607568834,0.005050483369319331
21.304637573000036,1780930003725391688,track_preview_car,-2.2015757317482976,-0.93549540310742,-0.0020017299325363986,-2.1884506718548725e-05,1.6270500349616639e-06,-1.547476316821008,34.06610211207264,180.71447053258325,0.005965982234816611,-0.2795629063730074,-0.0003146678034379258,0.279626557329144,0.004884695046974318
21.423195907000263,1780930003843950353,track_preview_car,-2.20083152519837,-0.9690671845003298,-0.0020017320389373768,-2.1881320694539964e-05,1.6513771263456854e-06,-1.5468053747985262,34.09785492486954,182.14686653868074,0.00619158599988665,-0.2795834425556298,-0.00031656013953209504,0.2796519928204538,0.004472208425224331
21.542406763000145,1780930003963161039,track_preview_car,-2.2000605283582173,-1.0026378496044384,-0.0020017118229197542,-2.169876656455967e-05,1.5774669520169319e-06,-1.5462052686342216,34.13075079004939,183.57921491645604,0.0063941642770863425,-0.2795623630091785,-0.0003069281452681154,0.27963547727010263,0.003913297776597859
21.661978107000323,1780930004082733293,track_preview_car,-2.199264263394581,-1.036203640318293,-0.0020016919213278815,-2.1540543490787823e-05,1.4886012515350106e-06,-1.5457020354094688,34.16472476183121,185.01135532024716,0.006591026363544165,-0.2795165056076985,-0.0002964854479601294,0.2795942033298678,0.003042613308852777
21.780648633000055,1780930004201400133,track_preview_car,-2.198446094290747,-1.0697643623503879,-0.0020016947151394347,-2.1585581735761943e-05,1.4839537845460023e-06,-1.5452922909279974,34.19963331026146,186.4432794602832,0.006778926152564303,-0.27946575980402993,-0.00029689434812322764,0.2795479650124924,0.0021046326496994235
21.882894536000094,1780930004303648110,track_preview_car,-2.1977504724760113,-1.0977289329276219,-0.0020017127428279156,-2.1746437405283578e-05,1.5512867051019673e-06,-1.544996049189202,34.22931317435685,187.63643447157853,0.006932490661061686,-0.2794221677956532,-0.00030532863021672955,0.2795081524435162,0.0013342569104792695
22.001677522000136,1780930004422429263,track_preview_car,-2.1968978332486944,-1.1312808767904345,-0.0020017327252214957,-2.1907105100247016e-05,1.639135885264554e-06,-1.54473667970255,34.2656924480557,189.06798407639187,0.007056007377731872,-0.27938999596353403,-0.0003158719323851246,0.279479081658392,0.0008417102690167698
22.101766707000024,1780930004522520792,track_preview_car,-2.1961765884368156,-1.1592376850929047,-0.002001731472263748,-2.1878454178100463e-05,1.6475324100602947e-06,-1.5445757682171384,34.296465560029205,190.26080789729727,0.007143370872514159,-0.2793635513985105,-0.0003159956538325542,0.27945486504516337,0.00032993907616074434
22.220366767000087,1780930004641119971,track_preview_car,-2.1953012876567386,-1.1927827783930847,-0.002001710696487262,-2.1692326191346467e-05,1.5704685529317346e-06,-1.5444487644576899,34.33381172664582,191.6920652114383,0.007206418355194091,-0.2793419098335441,-0.00030647367173292246,0.27943484939241553,-0.00014746327150165573
22.322222609000164,1780930004742975792,track_preview_car,-2.194566447495314,-1.220734872106348,-0.0020016934945951827,-2.155469237540904e-05,1.4943203961456767e-06,-1.5443891040490803,34.365164906866596,192.8846878765375,0.007243172684754339,-0.2793228680824305,-0.00029750776006294707,0.27941676432228624,-0.000540727912949055
22.422905129000355,1780930004843657130,track_preview_car,-2.193828312484282,-1.2486852803767274,-0.0020016915576077533,-2.1556608793805222e-05,1.4726947001333015e-06,-1.5443632151109001,34.396658667337306,194.07723862940702,0.007271146846053855,-0.2793071198415039,-0.00029571882508553406,0.279401747973439,-0.0008481601611597709
22.52402305099986,1780930004944779671,track_preview_car,-2.193087744313687,-1.27663430686092,-0.0020017064978988435,-2.169731852898129e-05,1.5229598797998518e-06,-1.544362560540315,34.42825624261603,195.2697304260659,0.007294427626987583,-0.2792950432411049,-0.0003025990392580406,0.2793902823175065,-0.0010544954508167645
22.62581246100035,1780930005046567678,track_preview_car,-2.1923453759294307,-1.3045821549458365,-0.0020017260440653517,-2.1860318721442895e-05,1.6045229514897487e-06,-1.5443798512135851,34.45993062701096,196.4621719443557,0.007312193804629139,-0.2792842796742754,-0.0003124272801947225,0.27937998684840565,-0.0011949288789733692
22.742660713000078,1780930005163414187,track_preview_car,-2.191453289265988,-1.3381183235839005,-0.0020017339484086193,-2.1906031821041255e-05,1.6526409702906844e-06,-1.544417938318995,34.497992991317844,197.8930484729131,0.007318541561497957,-0.27927650521425607,-0.0003171698135403859,0.27937238126786224,-0.0013174056479438232
22.86331109999992,1780930005284064544,track_preview_car,-2.190561321664299,-1.371653903498848,-0.002001717586743263,-2.1750965532870345e-05,1.5983116375645684e-06,-1.5444737150593193,34.53605027565658,199.32389988261752,0.0073071849446392405,-0.2792735609135818,-0.0003097094136665738,0.27936914070306196,-0.0014571268881701884
22.965472546000456,1780930005386227432,track_preview_car,-2.189819371480581,-1.399600003137401,-0.0020016981214629284,-2.158900423781119e-05,1.5168085164291012e-06,-1.5445318016878204,34.56770681682855,200.5162668005291,0.007287504313710921,-0.27927078337936606,-0.00029990342622011033,0.27936585003977693,-0.0015599659681409278
23.08370738800022,1780930005504460531,track_preview_car,-2.188931763400604,-1.4331353027618587,-0.0020016906824865486,-2.154683161790848e-05,1.4708853861260445e-06,-1.5446059777360561,34.60557809490757,201.94710625117264,0.007260731521557009,-0.27927126158656873,-0.000295288543143248,0.2793656309755762,-0.0015747988539399035
23.189886387000115,1780930005610640341,track_preview_car,-2.1881942395606018,-1.4610815190427267,-0.0020017037142118737,-2.1673398553558365e-05,1.5118623681448127e-06,-1.5446649375931636,34.63704577874766,203.139478145823,0.007247097508274106,-0.27927217951337086,-0.0003011380020516046,0.2793661945770155,-0.0015430906893820712
23.303922713000247,1780930005724676417,track_preview_car,-2.1873110810916163,-1.4946170643624808,-0.002001726912109681,-2.18674523361967e-05,1.6082194778438794e-06,-1.544728554926283,34.67472720675771,204.57032807946587,0.0072330389856989415,-0.27927483091214483,-0.00031283083429305125,0.27936848074536924,-0.0014191725708673033
23.40419001600003,1780930005824943059,track_preview_car,-2.186576709092815,-1.522563577135834,-0.0020017343329669156,-2.191193141367098e-05,1.652228387196389e-06,-1.5447711869115106,34.70606041203989,205.76271262446227,0.007220971381535516,-0.2792778549334078,-0.00031726628970764624,0.27937119157833457,-0.0013336952296413
23.50591265999992,1780930005926666775,track_preview_car,-2.185843599661561,-1.5505104595304753,-0.0020017240191176635,-2.1807421854039402e-05,1.6230480062015367e-06,-1.544810000825385,34.73733974777339,206.95511293996697,0.007207579800401982,-0.27928061639864665,-0.00031284126283958474,0.27937360630987884,-0.001343550882860482
23.606024755000362,1780930006026778619,track_preview_car,-2.1860625232249626,-1.5776783316306273,-0.00199991177166465,3.186245349251223e-08,-9.011564902406792e-07,-1.5324269232512873,34.727999009068256,208.11427548290675,-0.00770797300142721,-0.2651932667996239,0.00022218505195964653,0.26530526116842695,0.2265810566178456
23.70656627399967,1780930006127320118,track_preview_car,-2.1872457716551383,-1.6038821327167823,-0.001999844546517201,1.5894336696426666e-09,-1.6350894742845516e-06,-1.5005908794525493,34.6775137427141,209.23230432924936,-0.021901788955859997,-0.2569650561539376,-7.339741083261266e-05,0.25789673988568246,0.4964847718234379
23.8234446940005,1780930006244198509,track_preview_car,-2.189381914657802,-1.6338127319545812,-0.0020025572382434513,3.432278053547315e-05,8.886433221450711e-07,-1.436300738460785,34.58637164126712,210.50934323006214,-0.017487188280464507,-0.24422165157888504,-0.002464878504763776,0.2448469253510747,0.6303597097957641
23.926046296000095,1780930006346801693,track_preview_car,-2.191085254840852,-1.658028524015524,-0.0020048853191683693,9.136131239095302e-07,-6.279117941789064e-05,-1.3642528534518599,34.513695793456975,211.5425503579957,-0.013833931985251829,-0.23665577807074892,-0.004977346617332207,0.23705977087739735,0.7741760877263659
24.02631714400013,1780930006447071710,track_preview_car,-2.192337290237386,-1.6813471598190421,-0.0019999642641677093,3.842324021516796e-09,-3.634179926171835e-07,-1.2772700194007884,34.4602756165382,212.5374788189458,-0.013274263025497043,-0.22710697278665795,0.009700034562753704,0.22749457828086778,0.9870246606253866
24.12699659000009,1780930006547750836,track_preview_car,-2.1929126572164392,-1.704198240319129,-0.002000216168500016,-1.5169310643785463e-05,1.3786404994354474e-05,-1.1737778551857383,34.435726625431926,213.51245825361616,0.0029174191270338818,-0.2284419571405958,-0.0002994649134058864,0.22846058547720788,1.0724790539395421
24.230076978999932,1780930006650831334,track_preview_car,-2.192878940971589,-1.7264202137981017,-0.0020014146232309846,1.721007679103303e-05,1.8103272674857359e-06,-1.050429022059397,34.43716518521221,214.460595788719,0.00696605857131614,-0.21962142925779266,0.0008469283129854981,0.21973187789042953,1.3105899156429652
24.345639957000458,1780930006766394703,track_preview_car,-2.190344836310989,-1.7526548962163564,-0.0019998517115559695,2.4256888536593325e-08,-1.5590844306342427e-06,-0.890485929463709,34.545286984064475,215.5799422385645,0.038552382615909,-0.21908944340955397,0.0028272792558847355,0.22245554706248974,1.3043786939325865
24.46384507699986,1780930006884599333,track_preview_car,-2.1841646413070066,-1.7780952110905515,-0.0019999336248124463,7.689950856126356e-09,-6.824224794260581e-07,-0.7265120035433674,34.80897530423438,216.66539567319688,0.06792190013088505,-0.20708259873798887,0.008660796392730031,0.21793711757630646,1.373357905902185
24.564326949999668,1780930006985080894,track_preview_car,-2.1752835859719366,-1.7981611994587239,-0.002006246159009255,-5.557684575535531e-05,-1.4772533079772021e-05,-0.5965491662638139,35.18790033186404,217.52154451023887,0.10169279965256188,-0.19477859959067875,-0.006447304811903624,0.2197273955602306,1.2991247236485695
24.683418638999683,1780930007104170430,track_preview_car,-2.1600453406510094,-1.8200484988916859,-0.0019988971598918323,-3.283757655221019e-06,9.314812535285838e-06,-0.45510686127588423,35.83806546555694,218.45540261937862,0.1473438429442673,-0.16814576037431261,0.00455280377194686,0.2235692393542561,1.0922139286794694
24.785558567000407,1780930007206312411,track_preview_car,-2.1441460697499526,-1.836128234765658,-0.001999931998184373,-6.465560319407366e-09,-7.48564640489246e-07,-0.34738828869528954,36.516434357335356,219.14147135000138,0.17519233497184214,-0.1460166540766362,0.00912493197899404,0.22806406446571584,0.9751343710494025
24.88603794899973,1780930007306791843,track_preview_car,-2.125573654300932,-1.8499128222836367,-0.0019999652642710055,-6.909492190625776e-07,-8.673532182993306e-07,-0.25090335621446974,37.30885741649358,219.72961375076852,0.19996037659571722,-0.12080205848631055,0.0037484261404665013,0.23361782796445793,0.8413003829652412
24.99144960400008,1780930007412204160,track_preview_car,-2.104707860403283,-1.861165387555882,-0.0020000146881119624,-3.0911395320754378e-06,2.5049167158710155e-06,-0.1671871940998082,38.19913128945991,220.20972320238428,0.21962877135720263,-0.09428613512598254,0.0008794160162793477,0.23901186682855188,0.7116609442315232
25.10955524000019,1780930007530309024,track_preview_car,-2.0773001047741566,-1.871205025211309,-0.0019998998796095474,6.323929253966203e-09,-1.0470051025859257e-06,-0.08511952771903068,39.36852886296931,220.63808107568252,0.23592100983655787,-0.06617413804343152,0.004757159156628429,0.24502599745351994,0.5789188333244978
25.22634258800008,1780930007647098927,track_preview_car,-2.0480296618661034,-1.877863820685142,-0.002001764139931056,2.416588911364769e-05,2.3624779449069779e-07,-0.020503980514636432,40.61740109371293,220.92218968256606,0.2515211186246008,-0.04402495042488386,0.0015451420630458786,0.2553450006835536,0.5004616896660966
25.344399761000204,1780930007765153315,track_preview_car,-2.0175405170157314,-1.8816970385477942,-0.002000298843991942,-7.980715380120595e-07,-4.944737969564716e-06,0.02985941630429799,41.91827127399546,221.08574031137255,0.25788007867589935,-0.020585428105586227,-0.00028805710862882033,0.25870039587943866,0.35164944395443626
25.445958729999802,1780930007866713346,track_preview_car,-1.9912678079881347,-1.8828197300964222,-0.0019999795980295376,7.827854371463007e-09,-2.05429713938096e-07,0.05883616761211666,43.039240192506256,221.13364181744737,0.26578465920874506,-0.00517420553170084,0.0024298917650805297,0.265835019276229,0.262072014127514
25.546171232000233,1780930007966924916,track_preview_car,-1.9644418492449172,-1.882545737563264,-0.002005292548039958,9.948108483486512e-07,-4.671250762059473e-05,0.07885202206524013,44.18381443221686,221.1219514693659,0.2692037893739113,0.006690467404238252,-0.005340828003942455,0.2692869149575604,0.1804341867723843
25.665829100999872,1780930008086582304,track_preview_car,-1.9319018646684631,-1.8810503252230748,-0.0019999799204550757,6.608200174559583e-09,-1.8749928847858734e-07,0.09614981888862421,45.57218710747891,221.05814720951787,0.2720218757656555,0.016247920194135852,0.003970824857699719,0.2725066894696362,0.12115343511620258
25.767497650999758,1780930008188251916,track_preview_car,-1.904377835256882,-1.878798795856207,-0.001999980287217172,-2.163446421088383e-07,-4.298364298886026e-08,0.10222823328046364,46.74654569570636,220.9620819565315,0.27511122555360035,0.02305643866669096,2.0657009693977658e-05,0.2760756885160206,0.06286973313003207
25.886513817000377,1780930008307267471,track_preview_car,-1.8710519434610386,-1.8754202018496007,-0.0020016630249248646,-2.1074173359119156e-05,1.5362865313567245e-06,0.10309533431223213,48.16845041232902,220.8179286122496,0.2763480747892278,0.030736418021387987,-0.00014786559384880748,0.2780521279049994,-0.028470599838054018
25.988830663000044,1780930008409584978,track_preview_car,-1.843393673443284,-1.8723700838206077,-0.0020017182653487933,-2.17594555211316e-05,1.5984487401963518e-06,0.10033149223558963,49.34853659975322,220.6877902430126,0.276448568634303,0.029986774094715986,-0.00032557271146027366,0.2780701669013821,-0.02848900026336429
26.107919584999763,1780930008528674501,track_preview_car,-1.8104217171119639,-1.8685781590184067,-0.0019999636373599903,-1.0884550745052456e-09,-3.8209129045635316e-07,0.09304140765294953,50.75534006988954,220.52600145145203,0.27325949688676887,0.03129199889746354,0.0037568233883641805,0.2750453450502461,-0.07349589643839553
26.22817837599996,1780930008648932631,track_preview_car,-1.777608171369654,-1.8648725759153664,-0.001999989410709319,7.60066456319122e-08,-1.6786830790051673e-07,0.08298120543373254,52.1553846882281,220.367896572389,0.2732857598282277,0.030302931083071614,0.0046860217247123035,0.2749606774742838,-0.09415444644292421
26.3473574059999,1780930008768112303,track_preview_car,-1.744845056431247,-1.8614013850590907,-0.0020042636257838753,-3.505495804600457e-05,-1.1914511593454731e-05,0.07122851830037565,53.553277592266795,220.21979242918786,0.27343266131561533,0.027738613245865955,-0.004277960405461606,0.27483604374052495,-0.10398151957935824
26.467491594999956,1780930008888246131,track_preview_car,-1.712066074320388,-1.8582655975224769,-0.0019999910432585274,-5.979363953814728e-10,-9.008025675625216e-08,0.058663009508380645,54.95184749566344,220.0859988276257,0.2727271388458777,0.02444850679738993,0.00571030362028879,0.2738207839950807,-0.10701389728719637
26.586943323000014,1780930009007696176,track_preview_car,-1.6792331170914747,-1.8555474417514382,-0.0020040441033548043,-3.736057836431918e-09,4.2568905261760806e-05,0.046249508693584906,56.35272033743041,219.9700241813947,0.2734171423349552,0.0207528296585243,-0.0016046194810928598,0.27420359892140156,-0.10161134350044423
26.706970518999697,1780930009127724884,track_preview_car,-1.6463217779555797,-1.8532888376224206,-0.0020043620280831144,-2.7843218625956342e-09,4.591576602258778e-05,0.0346540328868269,57.75693747389526,219.87365707188997,0.2744640928254106,0.016704428672679374,-0.0031214100140266768,0.27497195527499935,-0.09005125323462203
26.80740032599988,1780930009228154121,track_preview_car,-1.6188614554849734,-1.851757446864125,-0.0020039932307428674,-3.034348926073084e-09,4.203335879930493e-05,0.02593360778492982,58.9285778993078,219.80831773286934,0.2747622559036651,0.013520107968170656,-0.0013389932369327249,0.27509469385784624,-0.0802713297396733
26.90886866799974,1780930009329647378,track_preview_car,-1.5913276730700001,-1.8505315196687138,-0.0019999871774535015,7.675517168877902e-09,-1.0636124389942292e-07,0.01815209404394988,60.103352615679995,219.7560115058651,0.27579060287463697,0.01073007991304441,0.0046851948401915615,0.2759992595078763,-0.07124460541262591
27.00912612800039,1780930009429881846,track_preview_car,-1.5637254139262875,-1.849580755191735,-0.0020025595884415157,-3.3947561997324036e-05,1.2248213153248035e-06,0.011285992041921421,61.28104900581174,219.71544555484735,0.27647302448534133,0.007803082767849299,0.00014739041195062672,0.27658311837267663,-0.0646725041690026
27.127330633999918,1780930009548083126,track_preview_car,-1.5305221821663098,-1.8487687844952612,-0.0020017492497352816,-2.227865608486903e-05,1.5316771797972238e-06,0.0043674936461356485,62.697720227570784,219.6808014717978,0.27687584345608407,0.005160726059656767,-0.0003860423938177464,0.2769239350128132,-0.05130359216811463
27.228847170000336,1780930009649600794,track_preview_car,-1.5027916804377865,-1.8483398099192896,-0.0020017026609648,-2.1561329037797533e-05,1.5841133414248252e-06,-0.0002778091511664769,63.88088830132111,219.66249855655633,0.2774147150326156,0.0030431909401432717,-0.0003056900500912008,0.2774314061668677,-0.04073948266637331
27.331408433000433,1780930009752161716,track_preview_car,-1.475011910023903,-1.8481035911207422,-0.0020017141386715807,-2.166169373960743e-05,1.628675438803683e-06,-0.003943229650232213,65.0661585056468,219.65241988781833,0.2778444403942301,0.001338799229449532,-0.0003141265249169778,0.2778476658915091,-0.03216854759835183
27.45167497500006,1780930009872428349,track_preview_car,-1.4416167726064713,-1.8480337441121995,-0.0020017187964179685,-2.1759096025186212e-05,1.604401874130849e-06,-0.007128554842309143,66.49101770212388,219.6494397487872,0.27832647435873115,-0.00035154549376544637,-0.00030672660222351254,0.27832669637172003,-0.022303376753199208
27.551921490000495,1780930009972675124,track_preview_car,-1.4137424074080096,-1.8481200769072577,-0.0020017180716144474,-2.1846803999030107e-05,1.5312477471424704e-06,-0.008823652823201161,67.6803239505916,219.65312328137634,0.27870992603723777,-0.0014279131953908596,-0.0003032779515945164,0.2787135838235663,-0.014868650007562578
27.65743837700029,1780930010078189978,track_preview_car,-1.385844322004163,-1.8482665965168774,-0.0020039138732453367,8.731830641974029e-10,4.119803025624343e-05,-0.010292740794156674,68.87064226115572,219.65937478472011,0.27827015036643327,-0.0015380704626472837,-0.0013410719464227875,0.2782744009888539,-0.016083614894651495
27.77029921800022,1780930010191053353,track_preview_car,-1.3523258182140083,-1.848533426058291,-0.0019994559520294273,-1.4759797517322382e-08,5.725017672362046e-06,-0.011515448276325493,70.30076508953564,219.6707595118204,0.2795565651915505,-0.0027206169892926967,0.0005058113891522614,0.27956980326655456,-0.00666485818205708
27.888477927999702,1780930010309230981,track_preview_car,-1.3187426186408808,-1.848900037245149,-0.002000059598917743,-1.0951916655921033e-05,8.927767669859004e-06,-0.011769388040059225,71.73364827132241,219.68640158912638,0.279969100317136,-0.0033739675717345484,-0.00010412087756255077,0.27998942978184316,-0.0011959402123795418
28.007566500000394,1780930010428320776,track_preview_car,-1.300559653279091,-1.8490804584548535,-0.0019999636998930667,-8.044708011787012e-08,-3.1838993914060633e-07,-0.01193582500679402,72.50945479342545,219.69409956074043,0.1397563452529473,-0.002218666834119923,-5.963822331729221e-06,0.13977395508814164,0.0062134646747043195
28.128131544000098,1780930010548890067,track_preview_car,-1.2837986877222405,-1.849323682462825,-0.0019999951549749505,3.288223471739924e-10,-4.9195394964286194e-08,-0.011250085570469281,73.22458932385106,219.70447711841388,0.1392663981359214,-0.0015378544429178562,0.00569694564324906,0.13927488878487956,0.002744280714748853
28.22876664999967,1780930010649522989,track_preview_car,-1.2698532918038063,-1.8495068583412224,-0.0019999755414274734,2.020965143059032e-09,-2.5138658922812523e-07,-0.010824671736065201,73.81959288303759,219.71229262255883,0.13951474092321034,-0.0019273561611844136,0.002828507509087745,0.13952805322458475,0.00562896812377059
28.33201953200023,1780930010752773927,track_preview_car,-1.2558920618798097,-1.8497080133978134,-0.0020028037269298636,6.856379374545547e-08,-3.563877940739074e-05,-0.010117000446038658,74.41527202646145,219.7208752383067,0.1398875381369001,-0.0022717609818026555,-0.0028325327051505565,0.13990598351736472,0.009574368585954058
28.433412178000253,1780930010854174899,track_preview_car,-1.2419315494818983,-1.8499024365134922,-0.001999975402546404,1.6005326300691982e-07,-1.3581043180123035e-07,-0.009359992190334059,75.01092055543901,219.72917062457566,0.1397656384608056,-0.0017632680026026949,0.0039400145262858234,0.13977676061636865,0.0075044917702762936
28.551983569000186,1780930010972737724,track_preview_car,-1.2251773344677608,-1.850122502196624,-0.0019999761001970352,4.2434243046401655e-09,-2.347346314104578e-07,-0.008446845370691318,75.72576706270888,219.73856009372264,0.13977825085289963,-0.0016236261805860689,0.004058571743675839,0.13978768033510827,0.007425683996320889
28.67075857800046,1780930011091513284,track_preview_car,-1.2084224124079892,-1.8503255565678112,-0.001999956803058594,2.6386047113850325e-09,-4.466023511609849e-07,-0.007555823670875272,76.44064373725914,219.74722374689327,0.13947567829199684,-0.0014878576484282503,0.0036246968051403794,0.13948361393151018,0.00597454122459372
28.772303673999886,1780930011193059031,track_preview_car,-1.194452753925666,-1.8504828874167463,-0.002002729605968265,1.138889014348136e-08,-3.547678832174976e-05,-0.006799619165519107,77.03668249917158,219.75393652978119,0.13987004865224076,-0.0015556120565071844,-0.002760039860082292,0.13987869901757935,0.008244032055213553
28.890909218999695,1780930011311664095,track_preview_car,-1.1776783965942546,-1.8506542406103061,-0.002004257011090761,2.723182119487381e-05,-2.619167729819427e-05,-0.005891376684267708,77.75238841197847,219.76124759937306,0.13992310188232598,-0.0012513167286979977,-0.004205575112167758,0.13992869696358676,0.009913297349460152
28.99161206500048,1780930011412367292,track_preview_car,-1.1636995342249994,-1.8507806379086242,-0.0020027341181722107,-1.0695167480753757e-07,-3.530093741566424e-05,-0.005213023466069097,78.3488198730667,219.766640550768,0.13989860689722325,-0.0012388713601300303,-0.002758114978165429,0.13990409219901592,0.007099198737932195
29.109326093000163,1780930011530080769,track_preview_car,-1.1469207744877719,-1.8509137889017924,-0.0019999598362472233,-3.39193880568618e-09,-4.3676630454618066e-07,-0.004467599108689779,79.06471362185508,219.7723216598098,0.13974033148134035,-0.0010651386953862124,0.0008288422487321306,0.13974439081034806,0.004914809266365474
29.21293789900028,1780930011633693927,track_preview_car,-1.132936904774713,-1.8510102882915205,-0.0019999892009711783,9.750043283711731e-10,-1.1095153685468623e-07,-0.003909027608052584,79.66135872961223,219.77643896710487,0.1397127621310717,-0.0005732827937921799,0.004225405800006701,0.13971393830056858,0.0042621721355547825
29.332135644000118,1780930011752889618,track_preview_car,-1.1161551602967252,-1.851109302763029,-0.0019999951651593485,4.169820036014618e-10,-5.041146963255714e-08,-0.0033292193259879047,80.37737982733972,219.7806635845559,0.13969103698410246,-0.0004317186283046224,0.004211330527423638,0.13969170410109508,0.003515692433766682
29.4516215929998,1780930011872376069,track_preview_car,-1.0993856639211412,-1.851187893775862,-0.0019999770677139694,6.555982398688507e-10,-2.403694788326464e-07,-0.0029306492429250516,81.09287833936463,219.78401680110346,0.13959640174555607,-0.0005295943569271132,0.002903324784369195,0.13959740631720052,0.0017591521433861909
29.552195840000422,1780930011972950025,track_preview_car,-1.0854071553698623,-1.8512471010648412,-0.001999969085749986,-7.107287537538009e-10,-3.2873711374777474e-07,-0.002615793421660907,81.68929470421921,219.78654297876653,0.13987100593425142,-0.000691296786283109,2.6813991294659668e-06,0.13987271425230197,0.0034527808257362935
29.671942640999987,1780930012092696836,track_preview_car,-1.068636519389688,-1.8513066041418527,-0.002002224448683569,5.591687492900801e-08,-2.8401788182094716e-05,-0.002314633532722259,82.40484183937332,219.78908177671906,0.1399766940380662,-0.0007388634488449046,-0.00225155609155293,0.13997864406052246,0.004325419327869066
29.774655436999637,1780930012195415653,track_preview_car,-1.0546634322725563,-1.8513533520822352,-0.0019999746314015754,1.6064781633106364e-07,-1.435577744137588e-07,-0.0020845201917637952,83.00102688970426,219.79107635550872,0.13992838702119417,-0.0003198127121844703,0.0039393399627012755,0.13992875249398878,0.002174354865337434
29.8884140629998,1780930012309172035,track_preview_car,-1.0378942679879672,-1.8514049710768583,-0.001999976156281586,4.3560289517246744e-09,-2.3423434568172008e-07,-0.0018191260187426289,83.7165112325134,219.79327876594596,0.13994065466104247,-0.0002543674096294674,0.004043592181161572,0.13994088584020123,0.0019627174016780503
30.00379136399988,1780930012424547562,track_preview_car,-1.0211282967908493,-1.8514479833467634,-0.001999589044966205,1.7835883654048183e-07,4.527702096163595e-06,-0.0016140873473281154,84.43185933692376,219.79511395612855,0.13992029468595962,-0.00022632759554773313,0.004286513139620971,0.1399204777335551,0.0018435322652931281
30.12165741300032,1780930012542410376,track_preview_car,-1.0043466508200676,-1.851490267375159,-0.001999932505495656,-2.329767121675854e-09,-7.209652409655137e-07,-0.001331370515333503,85.14787623167712,219.79691807467344,0.13969707250420912,-0.0002270793448016574,0.002798054669001223,0.13969725706424982,0.0006816926816428983
30.241676382999685,1780930012662433182,track_preview_car,-0.9875595584300554,-1.8515249438927492,-0.001999932875652197,-1.0699935813500667e-09,-7.112241906062465e-07,-0.0010733612941728151,85.8641255069843,219.79839760609065,0.13992927467784952,-0.00038279410730364437,2.5710910591495163e-06,0.13992979826755145,0.002057812958623214
30.36113464800019,1780930012781889164,track_preview_car,-0.9707715026645218,-1.8515514466447758,-0.001999946375126243,-1.0388000349103733e-09,-5.691109972588302e-07,-0.0008674601941808407,86.58041588631374,219.7995283901771,0.13991023048377016,-0.00035298580187494974,-6.600938430889783e-06,0.13991067576492516,0.001740315900612638
30.480456113999935,1780930012901210038,track_preview_car,-0.9539827758839653,-1.8515721185592542,-0.0020000619084962804,-1.0939420697661555e-05,8.94261570916879e-06,-0.0006955620900565099,87.29673489561748,219.80041039186153,0.13993920596484904,-0.00035534587368024937,-0.00010361449989276886,0.13993965712678585,0.001199382207451486
30.58167698499983,1780930013002431591,track_preview_car,-0.9399943586826631,-1.8515859335852876,-0.002002206313264552,-1.1127501045440977e-07,-2.8264349738742947e-05,-0.0005664943312604794,87.8935740295397,219.80099983297225,0.140042610150686,-0.000283831239080698,-0.0032266236671253216,0.14004289777774986,0.0019954504329102204
30.701367012000446,1780930013122120887,track_preview_car,-0.9232071898087899,-1.8515973516245476,-0.002003726913978016,3.741119826021828e-09,-4.733286394691723e-05,-0.0004224362289549647,88.6098265681583,219.80148700264738,0.14008994507065256,-0.00031464587273135464,-0.0037632326585136807,0.14009029842185244,0.0018095636294489887
30.801989282999784,1780930013222742676,track_preview_car,-0.9092166644436553,-1.8516081846348806,-0.001999991391019804,-2.216715419425683e-10,-9.199694828174866e-08,-0.00034983802282961433,89.20675565040403,219.80194921108824,0.13991558584516708,-0.00010517201521292578,1.942561315018687e-08,0.13991562537311228,0.000697326111311122
30.90216298300038,1780930013322916146,track_preview_car,-0.8952246449204001,-1.85161707007295,-0.001999987840910616,-4.222898267723518e-10,-1.3017827568960386e-07,-0.0002957508579635634,89.80374848339626,219.80232832311253,0.1399213851063533,-8.295253348794002e-05,4.958788606142795e-07,0.13992140969559747,0.0005274081652670254
31.005355760000384,1780930013426109474,track_preview_car,-0.881239635128007,-1.85162130371483,-0.00200422249656033,-6.398021550379989e-10,-5.3377213668040395e-05,-0.0002338513838019272,90.40044223453836,219.8025089584994,0.14009210502083946,-0.0001698560233573385,-0.004241565660973207,0.14009220799258817,0.0012104082133380508
31.106251066000368,1780930013527005782,track_preview_car,-0.867247533936157,-1.8516281604286369,-0.0019999789317762208,-8.484325281090976e-08,-2.8462229064663444e-07,-0.00018670570719743867,90.9974385520573,219.80280151162185,0.13996357563112627,-5.372045913891682e-05,-1.529464560354604e-07,0.13996358594055003,0.00031052551748341975
31.22739095900033,1780930013648145074,track_preview_car,-0.8504677518205128,-1.8516310497247996,-0.0020035560520472685,-4.7643347551137376e-05,1.3239569730453777e-06,-0.00014723269136990793,91.71337592232479,219.8029247882581,0.1400723779256466,-0.0001819318551985608,-0.0035754109925004106,0.14007249607594313,-0.000845682206040292
31.347237814000437,1780930013767990256,track_preview_car,-0.8376987072259595,-1.8515915556769291,-0.001999913973041683,-1.0132914263965617e-10,-9.001634921321782e-07,-0.0006257339402705003,92.2581884916924,219.8012397088823,-5.843746137687349e-05,-2.1876443457615553e-06,0.0023297136198633245,5.847839498444809e-05,-1.4773647295343254e-05
31.46379535899996,1780930013884549624,track_preview_car,-0.8376977196274982,-1.8515919668332996,-0.001999922903991132,-8.548385768787043e-11,-8.098879183922543e-07,-0.0006247590807689267,92.25823062922674,219.8012572515541,-5.8363649442375444e-05,-8.440922010878692e-07,0.002329190876587222,5.836975302223257e-05,-6.1376708765602915e-06
31.566929507000168,1780930013987683923,track_preview_car,-0.8376968284540169,-1.8515921353018072,-0.0019999344921878804,2.815766062645674e-10,-6.865554525961345e-07,-0.0006239555568091079,92.2582686526286,219.8012644395438,-5.836135966635454e-05,-8.22939265988698e-07,0.0023288638438622236,5.836716141068624e-05,-5.847187494501267e-06
31.681608959000187,1780930014102361601,track_preview_car,-0.8376957518026571,-1.8515923281698887,-0.001999945913067715,6.411791759978138e-10,-5.650188614276641e-07,-0.0006228322664211415,92.2583145897533,219.80127266858193,-5.8358216440807e-05,-7.987754846203008e-07,0.0023285112604126304,5.836368278670313e-05,-5.537336067255377e-06
31.785501313999703,1780930014206255429,track_preview_car,-0.8376948490396104,-1.8515924829848034,-0.0019999537250458567,8.860039558204596e-10,-4.818985567734888e-07,-0.0006217818930156495,92.25835310764329,219.80127927401827,-5.835524240298304e-05,-7.786828998194843e-07,0.0023282444902035316,5.836043748096292e-05,-5.3005633531875586e-06
31.886320192000312,1780930014307074507,track_preview_car,-0.8376939408706167,-1.8515926328335746,-0.0019999602596671704,1.0902594849007168e-09,-4.12374040244044e-07,-0.000620650402708876,92.25839185618702,219.80128566756582,-5.8352248716290225e-05,-7.604210707239085e-07,0.0023280018921047227,5.835720324392349e-05,-5.09194305031342e-06
32.00433276599961,1780930014425084977,track_preview_car,-0.8376928437399053,-1.8515928070624958,-0.0019999667096620858,1.2904624379091852e-09,-3.437644679421898e-07,-0.0006192088065767988,92.25843866709738,219.80129310133316,-5.834826391679055e-05,-7.379897317417035e-07,0.0023277292279634027,5.835293078284585e-05,-4.8547812220715696e-06
32.120813995999924,1780930014541567690,track_preview_car,-0.837691737925814,-1.8515929725976483,-0.0019999722775964433,1.4610858370150022e-09,-2.8459871023499947e-07,-0.0006176847521857112,92.2584858484986,219.80130016416632,-5.834230560728351e-05,-6.917721014952986e-07,0.0023275009413587394,5.834640667782441e-05,-4.475736781736496e-06
32.221896025000206,1780930014642648547,track_preview_car,-0.8376908071090701,-1.8515930958275826,-0.0019999767140406275,1.6735388606720117e-09,-2.373306373662044e-07,-0.000616334999203454,92.25852556334635,219.80130542197685,-5.8332078741219786e-05,-5.751536758759271e-07,0.0023272892939070443,5.8334914176869574e-05,-3.588973769924647e-06
32.32572126499963,1780930014746473196,track_preview_car,-0.8376898683233751,-1.85159321689601,-0.0019999803441277863,1.8515053491413639e-09,-1.9864706561407865e-07,-0.0006149416719861305,92.25856561820265,219.80131058756308,-5.832279146401646e-05,-4.7508933766560434e-07,0.002327083248277634,5.832472643771177e-05,-2.8276335905256376e-06
32.44314024800042,1780930014863891487,track_preview_car,-0.837688730839518,-1.8515933590161617,-0.0019999837829208873,2.0251243542905026e-09,-1.620298763112772e-07,-0.0006132386124950293,92.25861415084722,219.80131665135622,-5.831086424336576e-05,-3.593856676317504e-07,0.002326933813066468,5.8311971728508116e-05,-1.9447931069113873e-06
32.54581634199985,1780930014966571369,track_preview_car,-0.8376877757448272,-1.8515934734939938,-0.0019999847232039345,2.100289271990189e-09,-1.5217486665165287e-07,-0.0006117653374156717,92.25865490155404,219.80132153574374,-5.8283586573787166e-05,-2.4992084341042573e-07,0.0023279549537114363,5.828412240337942e-05,-9.456480277387386e-07
32.64738559699981,1780930015068140944,track_preview_car,-0.8376868361814669,-1.8515935678375637,-0.0019999850690939555,1.9616378093327997e-09,-1.4878751483892547e-07,-0.0006105386122593528,92.25869498959074,219.8013255610694,-5.827558893633155e-05,-4.0989534911848763e-07,0.0023288902376125847,5.827703046718765e-05,-1.9289210171996187e-06
32.75192218800021,1780930015172677335,track_preview_car,-0.8376861651080685,-1.851591924678822,-0.002003546818696669,-4.95395383566699e-11,3.733382458124028e-05,-0.0006239909154797087,92.25872362205575,219.80125545296306,-0.00018372582622033312,4.136193175726825e-08,0.000753291398565776,0.00018372583087620929,-6.943924553192188e-07
32.85211401000015,1780930015272867754,track_preview_car,-0.8376859023736047,-1.851588970988798,-0.001999979807591536,5.1960154325622525e-09,-1.9301860576796e-07,-0.0006459469502961073,92.25873483205953,219.8011294288554,7.385711427301598e-05,7.69026976981485e-05,0.004205005605173471,0.00010662503571858795,-0.00020716247061887958
32.97189604899995,1780930015392649272,track_preview_car,-0.8376856840883874,-1.8515855210917087,-0.001999979807738123,5.19612080093034e-09,-1.9301673365415653e-07,-0.0006719024310830492,92.25874414556213,219.80098223324626,7.385866766445299e-05,7.689796563491667e-05,0.0042050054595946925,0.0001066226988401482,-0.0002071337520473409
33.09054762899996,1780930015511301684,track_preview_car,-0.8376854657036193,-1.851582071248421,-0.0019999798078851523,5.196224759461199e-09,-1.9301486276107015e-07,-0.0006978573541948019,92.25875346331225,219.80083503993262,7.386022037478475e-05,7.689323489933261e-05,0.004205005313677264,0.00010662036262879482,-0.00020710504439111482
33.20762057800039,1780930015628374242,track_preview_car,-0.837685247219302,-1.851578621458931,-0.00199997980803221,5.196328652147833e-09,-1.930129916156691e-07,-0.0007238117196813194,92.25876278530978,219.80068784891438,7.386177310978609e-05,7.688850417252805e-05,0.004205005167734311,0.00010661802662219172,-0.0002070763378081436
33.32604500799971,1780930015746799764,track_preview_car,-0.8376850286354357,-1.851575171723239,-0.0019999798081792985,5.196432505726909e-09,-1.930111201997215e-07,-0.0007497655275748242,92.25877211155475,219.80054066019153,7.386332586092134e-05,7.688377351959308e-05,0.004205005021760406,0.00010661569086137712,-0.00020704763241393543
33.426662335999936,1780930015847416371,track_preview_car,-0.837684799197811,-1.8515723161091804,-0.002001125405220793,1.3228463857016973e-07,-1.4626104510696308e-05,-0.0007716181951505012,92.2587819008934,219.80041882065836,6.919416040880381e-05,-2.741047619263881e-06,-0.002688085105542958,6.924843086114187e-05,-0.00025677821445443553
33.54592551800033,1780930015966682037,track_preview_car,-0.8376845804313328,-1.8515688664713263,-0.0020011254054388655,1.3228582183441892e-07,-1.4626103996555166e-05,-0.0007975710004063703,92.2587912349298,219.80027163610993,6.919410797971422e-05,-2.742218889862744e-06,-0.0026880850001634584,6.924842484525025e-05,-0.0002567827934001026
33.649830676999954,1780930016070583930,track_preview_car,-0.8376845261829684,-1.851566051409508,-0.0020035468207398144,-4.9489537943675695e-11,3.7333846069170436e-05,-0.0008186469666037365,92.25879354952667,219.80015152680568,-0.00018372577809834618,7.719353173450019e-08,0.0007532894435022288,0.00018372579431501739,-6.936868812114884e-07
33.76963533399976,1780930016190390460,track_preview_car,-0.8376843072363812,-1.851562601869386,-0.0020035468209514493,-4.94828168895549e-11,3.733384829433595e-05,-0.0008445987313647485,92.25880289124774,219.80000434642716,-0.00018372577302007114,8.197610176037458e-08,0.0007532893748243893,0.00018372579130841688,-6.935914028450637e-07
33.87289907499962,1780930016293656135,track_preview_car,-0.8376840437761214,-1.8515596485783696,-0.001999979808841583,5.196899682835843e-09,-1.9300269557414435e-07,-0.0008665507636724323,92.25881413221882,219.79987833934376,7.387031356357323e-05,7.686248623972635e-05,0.0042050043644611965,0.00010660518288025567,-0.00020691847113590698
33.987427525000385,1780930016408180017,track_preview_car,-0.8376838246447385,-1.851556199138562,-0.0019999798089888414,5.197003415033764e-09,-1.9300082270727522e-07,-0.0008925015053377085,92.25882348182449,219.79973116324533,7.387186645521785e-05,7.685775589782908e-05,0.004205004218297988,0.00010660284843862203,-0.0002068897715562479
34.09422094399997,1780930016514974547,track_preview_car,-0.8376835947502723,-1.8515533437667224,-0.002001125406420302,1.3229114121981406e-07,-1.4626101680398522e-05,-0.0009143517253228249,92.25883329065505,219.7996093340468,6.919387127478656e-05,-2.7474888629661533e-06,-0.002688084525690521,6.924839721642556e-05,-0.00025680340044066435
34.21070046499972,1780930016631452937,track_preview_car,-0.8376833754362812,-1.8515498944247495,-0.002001125406638429,1.3229232231948964e-07,-1.4626101165281142e-05,-0.0009403014646588232,92.258842648052,219.79946216212267,6.919381859614902e-05,-2.74865991636542e-06,-0.002688084420200965,6.92483910517249e-05,-0.0002568079803407751
34.32993785400049,1780930016750691719,track_preview_car,-0.8376831560227432,-1.8515464451365715,-0.002001125406856579,1.3229350277732738e-07,-1.4626100650073423e-05,-0.0009662506466511873,92.25885200969628,219.7993149924937,6.919376582190761e-05,-2.749830825349185e-06,-0.0026880843146996304,6.924838480560418e-05,-0.00025681256031779507
34.44970716500029,1780930016870461841,track_preview_car,-0.8376829365096584,-1.8515429959021878,-0.002001125407074748,1.322946828685167e-07,-1.4626100134677846e-05,-0.0009921992713328982,92.25886137558791,219.79916782516,6.919371300169837e-05,-2.7510016717643446e-06,-0.0026880842091808518,6.924837853090463e-05,-0.00025681714065757473
34.550998040000195,1780930016971756132,track_preview_car,-0.8376828816570955,-1.851540181169865,-0.0020035468223277967,-4.9438932607703886e-11,3.733386276541407e-05,-0.001013271615773284,92.25886371596393,219.79904772991426,-0.0001837257369907137,1.1306030764222418e-07,0.0007532889283762517,0.00018372577177797912,-6.929707794434498e-07
34.67160182400039,1780930017092353895,track_preview_car,-0.8376826619639052,-1.851536732033207,-0.0020035468225396546,-4.94321788856101e-11,3.7333864992958265e-05,-0.0010392192003855064,92.25887308954005,219.79890056675015,-0.00018372573098310486,1.1784210835331324e-07,0.0007532888596809956,0.00018372576877520125,-6.92875296825522e-07
34.79007024600014,1780930017210822978,track_preview_car,-0.8376824421711688,-1.851533282950342,-0.0020035468227515454,-4.942543046989318e-11,3.7333867220786695e-05,-0.0010651662277758338,92.25888246736346,219.79875340588126,-0.00018372572485172967,1.2262380702754203e-07,0.000753288790984477,0.0001837257657730443,-6.927798148583905e-07
34.91158776999964,1780930017332344480,track_preview_car,-0.8376822222788871,-1.851529833921271,-0.0020035468229634692,-4.9418645645345107e-11,3.7333869449028686e-05,-0.0010911126979743194,92.25889184943415,219.79860624730753,-0.00018372571859643245,1.274054027219617e-07,0.0007532887222767462,0.00018372576277134384,-6.926843327177215e-07
35.0151644030002,1780930017435918228,track_preview_car,-0.837681958008783,-1.8515268810721601,-0.0019999798102417637,5.1978846727873635e-09,-1.9298489296506258e-07,-0.0011130603077135358,92.2589031249586,219.79848025907881,7.388506695047503e-05,7.681754976293684e-05,0.004205002974676369,0.00010658301492197271,-0.00020664586938831368
35.11820104100025,1780930017538955356,track_preview_car,-0.8376817274083096,-1.8515240260746384,-0.002001125408274843,1.3230116693596485e-07,-1.4626097296657115e-05,-0.001134906746544479,92.25891296391212,219.79835844585125,6.919342166438235e-05,-2.7574407377792376e-06,-0.0026880836284792356,6.924834352565685e-05,-0.0002568423350142089
35.23838789900037,1780930017659141814,track_preview_car,-0.8376815072481792,-1.8515205771899101,-0.0020011254084930947,1.3230234452603548e-07,-1.4626096780269913e-05,-0.0011608517494535633,92.25892235741102,219.79821129343617,6.91933685432204e-05,-2.7586113369753574e-06,-0.0026880835228438424,6.924833706932182e-05,-0.00025684691634505363
35.35739298699991,1780930017778147673,track_preview_car,-0.8376812869885041,-1.8515171283589735,-0.0020011254087113554,1.3230352162119152e-07,-1.4626096263636226e-05,-0.0011867961952833307,92.25893175515716,219.7980641433162,6.919331537662605e-05,-2.7597818565496004e-06,-0.002688083417186774,6.924833058424567e-05,-0.00025685149774902114
35.46017829500033,1780930017880933762,track_preview_car,-0.8376812315317493,-1.8515143139561292,-0.002003546823917485,-4.938823464105593e-11,3.7333879479666993e-05,-0.0012078649194154027,92.25893412131202,219.79794406212818,-0.00018372568891489215,1.4892131508850617e-07,0.0007532884130938606,0.00018372574926996436,-6.922546528566933e-07
35.58041389099981,1780930018001167976,track_preview_car,-0.8376810110919717,-1.8515108652229126,-0.002003546824129566,-4.9381520176699266e-11,3.733388170959719e-05,-0.0012338083255955168,92.25894352674254,219.79779691617762,-0.00018372568197856098,1.537023469593329e-07,0.0007532883443849538,0.00018372574627117122,-6.921591683216234e-07
35.697843007999836,1780930018118597063,track_preview_car,-0.8376807905526507,-1.8515074165434866,-0.002003546824341672,-4.9374770631632654e-11,3.7333883939683144e-05,-0.0012597511747829333,92.25895293642023,219.7976497725221,-0.00018372567491810172,1.584832760815471e-07,0.0007532882756700362,0.0001837257432725768,-6.920636834504869e-07
35.80047077400013,1780930018221224548,track_preview_car,-0.8376805257284552,-1.8515044639967146,-0.0019999798112013685,5.198557599170982e-09,-1.9297269878216288e-07,-0.0012816957598933212,92.25896423558592,219.79752379719315,7.389516258164104e-05,7.678680641037902e-05,0.004205002022089511,0.00010656785956221597,-0.0002064594089537929
35.9005374190001,1780930018321291233,track_preview_car,-0.8376802945881116,-1.8515016092854188,-0.002001125409693668,1.3230881405310035e-07,-1.4626093936679135e-05,-0.0013035393084634933,92.25897409757391,219.79740199617788,6.919307559719158e-05,-2.7650486333769838e-06,-0.0026880829415070803,6.924830109499877e-05,-0.00025687211714326303
36.00203815900022,1780930018422792384,track_preview_car,-0.8376802387688457,-1.8514987950802524,-0.0020035468248721035,-4.9357867550902076e-11,3.733388951679733e-05,-0.0013246058611071868,92.25897647919592,219.79728192342412,-0.0001837256567260646,1.704351508929454e-07,0.0007532881038598628,0.00018372573577908017,-6.918249669955559e-07
36.1197682359998,1780930018540523122,track_preview_car,-0.8376800178811236,-1.8514953465890902,-0.0020035468250843287,-4.935110593935481e-11,3.7333891748106554e-05,-0.001350546761056261,92.25898590373873,219.79713478780116,-0.00018372564923248863,1.7521572113705509e-07,0.0007532880351299714,0.00018372573278245045,-6.917294813058301e-07
36.23875266899995,1780930018659507125,track_preview_car,-0.837679796893859,-1.851491898151717,-0.0020035468252965765,-4.9344371448670956e-11,3.733389397975795e-05,-0.0013764871041474142,92.25899533252868,219.79698765447324,-0.00018372564161516072,1.7999618923884282e-07,0.0007532879664012385,0.00018372572978636012,-6.916339931393013e-07
36.339072689000204,1780930018759829289,track_preview_car,-0.8376795316860671,-1.8514889458142483,-0.0019999798118664714,5.19902306244611e-09,-1.9296425020913144e-07,-0.0013984295959185806,92.25900664806113,219.7968616880746,7.390215245472622e-05,7.676552386276189e-05,0.004205001361801756,0.00010655737323792221,-0.00020633034763818775
36.43971753400001,1780930018860471800,track_preview_car,-0.8376793001719754,-1.851486091301101,-0.0020011254106762203,1.3231409846739954e-07,-1.4626091606129648e-05,-0.0014202711441558304,92.25901652599572,219.79673989551367,6.919283482545818e-05,-2.7703144553223752e-06,-0.0026880824654568697,6.924827097743672e-05,-0.0002568927396113418
36.54003944200031,1780930018960792525,track_preview_car,-0.8376792439902008,-1.8514832772936072,-0.002003546825827338,-4.9327463574193796e-11,3.733389956027036e-05,-0.0014413355258347485,92.25901892308477,219.79661983119388,-0.0001837256220303793,1.919469104895055e-07,0.0007532877945638835,0.00018372572229839306,-6.91395273467291e-07
36.64131267799985,1780930019062066021,track_preview_car,-0.8376789785693028,-1.851480325072415,-0.0019999798122362312,5.1992814677137505e-09,-1.9295955427458873e-07,-0.0014632768548643851,92.25903024770975,219.79649386975638,7.390603590598165e-05,7.675370065834803e-05,0.004205000994700866,0.00010655154953395819,-0.0002062586566117467
36.759431124,1780930019180183816,track_preview_car,-0.8376787571483996,-1.851476876869809,-0.0019999798123841897,5.199384753784291e-09,-1.9295767547947813e-07,-0.001489214784148804,92.25903969500162,219.79634674644518,7.390758933913385e-05,7.674897142171517e-05,0.004205000847801328,0.00010654922043925662,-0.000206229981933436
36.86064193400034,1780930019281396019,track_preview_car,-0.8376785253436199,-1.8514740225107715,-0.002001125411440627,1.3231820288860553e-07,-1.4626089791474891e-05,-0.0015110547769192938,92.25904958533889,219.7962249604596,6.919264692702319e-05,-2.7744093860872525e-06,-0.0026880820949520853,6.924824717066348e-05,-0.00025690878175304227
36.978544820000025,1780930019399297863,track_preview_car,-0.8334419974779367,-1.8514976184200667,-0.0019995236520005187,-1.1841776090141214e-05,-1.3988938020750525e-05,-0.0013633741744914012,92.43980810760803,219.79723171925616,0.2156501458425991,0.00414519415887259,9.22605676279923e-05,0.21568998130777658,-0.06085506453116226
37.095948670000325,1780930019516704678,track_preview_car,-0.8002469176927074,-1.851504812960058,-0.0020036510869181944,-5.748982347477793e-07,-4.734436709105388e-05,-0.0022861386177782427,93.85613151177782,219.7975386862958,0.2797776499453617,-0.0013169812902345344,-0.0037420865580249734,0.2797807496034497,0.0077130572659202335
37.19886190200032,1780930019619618963,track_preview_car,-0.7722877885892436,-1.8516098033511832,-0.0019999148387139106,-3.625702320734224e-07,-6.218959278215451e-07,-0.001664751403481023,95.0490543535256,219.80201827631714,0.27968821968891266,-0.0009592112066226559,1.6984587777977025e-05,0.27968986452657235,0.006149914325761491
37.31183658900045,1780930019732592537,track_preview_car,-0.7387328459225508,-1.8516947944093272,-0.0019999516917203215,-2.2322602319484402e-07,-3.408486217783446e-07,-0.0011099658898476193,96.4807319073045,219.80564456146465,0.2797175730233437,-0.0006996666867572129,4.2413297200188506e-05,0.2797184480715245,0.0047068325513564945
37.42854537099993,1780930019849302872,track_preview_car,-0.7107742561629592,-1.8517433145314623,-0.002004221645156662,2.7405098218339406e-05,-2.6041946498085183e-05,-0.0007773519647086862,97.67363173704707,219.8077147533424,0.2798774950071016,-0.0003534633613195968,-0.004135188228424911,0.27987771820528684,0.006480116044080462
37.54388883000047,1780930019964643426,track_preview_car,-0.6772052506433613,-1.851787070119388,-0.0020031377955013713,8.736898321020357e-08,-4.0451621062241074e-05,-0.00036120225273480517,99.10590930588324,219.8095816584272,0.27992257897906675,-0.00038454439788494207,-0.003154355931033433,0.27992284311339405,0.003196111057867224
37.665247762000035,1780930020086001957,track_preview_car,-0.6436304207907831,-1.8518130568117688,-0.002000045797979915,-1.0861262962733123e-05,8.713816896160441e-06,-1.544860688734242e-05,100.53843537959325,219.81069042396882,0.27984900214925335,-0.0002956272369379425,-0.00010208296117820288,0.27984915829674384,0.0017658736576181234
37.78495190400008,1780930020205706130,track_preview_car,-0.6100535528467265,-1.851821660116172,-0.0020027142202106974,3.5728298639304544e-05,1.4923866810077228e-06,0.0002241760692655809,101.971048411873,219.81105749828998,0.27984517669027276,0.0001865452734813799,-0.0026676247403493655,0.279845238865965,0.0029850894699671197
37.90193346399974,1780930020322687639,track_preview_car,-0.5764807664900025,-1.8518198416946596,-0.0020047159011159195,7.433848404946607e-12,4.964100679035028e-05,0.00040795932101434467,103.40348729642656,219.81097991230547,0.27942751190505494,2.837746264358206e-05,-0.004732256976604732,0.2794275133460018,0.00029911274261072745
38.00360488200022,1780930020424358607,track_preview_car,-0.5485017264872454,-1.8518130798831174,-0.00199999513766035,1.2189454939948125e-07,4.2667747443818593e-08,0.0005163026670999808,104.59725966987753,219.81069140834632,0.2798726839199583,6.606695345623668e-05,0.000941299975116971,0.2798726917178652,0.0009320109257614868
38.10508316100004,1780930020525928246,track_preview_car,-0.5205225485590692,-1.8518034147138387,-0.0020043303962140294,6.724806350157904e-08,-5.476922295388973e-05,0.000635945051469856,105.79103792814638,219.81027902779044,0.2800573856465407,3.072336919584426e-05,-0.004336539021290818,0.2800573873317764,0.0008549665776792228
38.22567389699998,1780930020646428473,track_preview_car,-0.4869514194928348,-1.8517882681959816,-0.002003565887686048,4.45601289124185e-11,3.753453727773108e-05,0.0007590092609810099,107.22340610163904,219.80963277636187,0.27877765268335125,9.216867294466332e-05,0.0007430119152172266,0.2787776679196228,0.0009713864756259414
38.34466856899962,1780930020765423505,track_preview_car,-0.4533837340253377,-1.8517681951077718,-0.0020022628274295362,1.4436522932846598e-07,-2.8748199254693128e-05,0.000831312249557504,108.65562734825225,219.80877632459828,0.28008070521155615,0.00021909751205255695,-0.0032624069465952985,0.28008079090777077,-4.020530164682965e-05
38.4456531779997,1780930020866407252,track_preview_car,-0.425407190483449,-1.8517502497347471,-0.0020043113147056517,3.3394458155934965e-09,-5.4284153428820915e-05,0.0008966111539999832,109.8492932060395,219.80801065534922,0.28011302050347614,0.0002222647979762747,-0.004325725905123381,0.28011310868508327,-6.930709612242818e-05
38.56073491799998,1780930020981489013,track_preview_car,-0.3918420723265509,-1.851726753497199,-0.002000979075134248,-3.2030278780401946e-08,-1.2539350620732383e-05,0.001022842153463093,111.28140491406717,219.8070081492138,0.28001429667743966,0.00032828033418860086,-0.002600315546709236,0.2800144891103655,-0.0013229192486217173
38.662558625999736,1780930021083313322,track_preview_car,-0.36386380114891875,-1.8517056163549341,-0.002001404572553778,1.820780656953902e-05,9.871795811747346e-07,0.0012410988891954483,112.4751444843128,219.80610629781052,0.27988979326633107,0.00036372501040988017,0.0003069719797880131,0.2798900296019005,0.0029834771729701235
38.76598216500042,1780930021186737012,track_preview_car,-0.3358906639805485,-1.8516815527442891,-0.00200140474981068,1.8249971481772517e-05,9.574883977152087e-07,0.0014806878347596373,113.6686650034966,219.8050795837563,0.27986050099472665,0.00038216384098664467,0.0003107451745579934,0.2798607619267495,0.0031755652787500274
38.86782220300029,1780930021288578111,track_preview_car,-0.3079237916468009,-1.8516520304897526,-0.002001409108477165,1.8132018093178226e-05,1.0914219503702182e-06,0.0017048676603565625,114.86191822306984,219.8038199675628,0.27983329267238555,0.0004962686917260435,0.00030913376917000905,0.2798337327244222,0.0024025774200519146
38.97056735800015,1780930021391321182,track_preview_car,-0.27996114121214644,-1.851610735216401,-0.0020014117795933103,1.8009729871407043e-05,1.2122153996814531e-06,0.0018300047684523437,116.05499130828176,219.8020580358998,0.2797872704174081,0.0006109347393964439,0.00030507130732335407,0.27978793742561464,0.0013598128645689346
39.07125436200022,1780930021492010410,track_preview_car,-0.2520028708398434,-1.851559843571648,-0.002001409249380338,1.801961519012929e-05,1.1781024422761748e-06,0.0018535284577310364,117.24787751083335,219.799886659057,0.2797503387365437,0.0006800543303550294,0.00030120147691565374,0.2797511653185795,0.0005604424833350418
39.18958537799972,1780930021610339523,track_preview_car,-0.2184575010052805,-1.851491104773111,-0.0020014024696915905,1.81685427105355e-05,9.93882244881624e-07,0.0017788152502139143,118.6791466237747,219.79695380365274,0.2797251818952162,0.0007136064933144234,0.0003022377119668187,0.2797260921339643,-5.445518662411072e-05
39.30819102100031,1780930021728945536,track_preview_car,-0.18491541026650285,-1.8514190453172013,-0.0020013996595489446,1.8309285966494717e-05,8.576472583105273e-07,0.001630299872690524,120.11027582862921,219.79387926686724,0.27970714004843317,0.0007150802661467664,0.00030698259503227554,0.2797080541097464,-0.0004980070731400769
39.410609202999694,1780930021831365001,track_preview_car,-0.15696543357258264,-1.8513596007910726,-0.002001402551251834,1.829099526267163e-05,9.019565220594177e-07,0.0014688887640167355,121.30280816756981,219.79134296708577,0.27969359812282146,0.0006945441140039715,0.00031091419757949907,0.27969446047860275,-0.0007794752752277053
39.51149540000006,1780930021932248834,track_preview_car,-0.12901654557980083,-1.8513033876915046,-0.0020014081336328163,1.8162177675462433e-05,1.0583499925657746e-06,0.001286762295997474,122.49529405526184,219.78894454150418,0.2796832810488479,0.0006517031894702041,0.0003112340119904217,0.27968404032996946,-0.0009286857932916459
39.6297530060001,1780930022050505197,track_preview_car,-0.0954788065313817,-1.8512429631697376,-0.0020014120300120264,1.801147318892332e-05,1.213576474019812e-06,0.0010559026024610746,123.92623758799438,219.7863664285755,0.27967615333704526,0.0005814565947465816,0.000306632610370283,0.2796767577707844,-0.0009621374901426019
39.732504116999735,1780930022153258853,track_preview_car,-0.06753078269873435,-1.8511996072118895,-0.002001409878001479,1.8007284122778336e-05,1.1940968870091543e-06,0.0008656890758715047,125.118686604854,219.78451657437392,0.27967842467799325,0.0005207187345037146,0.00030220461031127426,0.27967890942715795,-0.0009066449490014183
39.849360252000224,1780930022270114467,track_preview_car,-0.03399250984312644,-1.851155245690249,-0.002001403297143934,1.815315915959782e-05,1.0142710957366654e-06,0.0006468412625881978,126.54965291335994,219.78262381611728,0.2796858060896024,0.0004577357577830092,0.0003014486759888912,0.2796861806561322,-0.0008324818853383844
39.949381768999956,1780930022370141404,track_preview_car,-0.006042947859979208,-1.8511242672137933,-0.002001399573640375,1.8287906847783975e-05,8.729556350472722e-07,0.00048242257139596736,127.74216755797423,219.7813020677885,0.2796952470334236,0.0004052849910582885,0.00030514171697049137,0.27969554066701136,-0.0006775033486554979
40.04956753500028,1780930022470322221,track_preview_car,0.02190743799365998,-1.851098347392813,-0.002001400798302913,1.831834301705411e-05,8.627829085833437e-07,0.0003370162468613171,128.93471735439616,219.78019615542667,0.27970309210085864,0.0003531669488273382,0.0003097528194238223,0.2797033150637925,-0.0004954848229054165
40.15057872699981,1780930022571333243,track_preview_car,0.04985847875592823,-1.8510776041983816,-0.0020014058975251383,1.8221413677625006e-05,9.899228151425822e-07,0.00021113267085803115,130.12729509358627,219.77931111246426,0.27970792281985624,0.00029909289953550944,0.00031162793136024964,0.2797080827304803,-0.0002949289942453674
40.26942399299969,1780930022690178048,track_preview_car,0.08340022213312498,-1.851060043268266,-0.002001410879211242,1.8059602003440012e-05,1.1650050763138423e-06,8.723349480937788e-05,131.55840947768,219.77856184611267,0.2797140665946244,0.0002192731009786485,0.0003084337949657,0.2797141525407586,0.0001342898640018135
40.37232951199985,1780930022793084699,track_preview_car,0.11135180807587404,-1.8510514088905787,-0.002001409959923137,1.8020367743072627e-05,1.1850872564065117e-06,9.260990237471312e-06,132.75101047790395,219.778193445998,0.2797138949761493,0.0001685527156003155,0.0003034588685165115,0.2797139457602109,0.0003976822238629367
40.490764543000296,1780930022911517987,track_preview_car,0.14489391497303794,-1.851046584069538,-0.0020014038329138695,1.8140204013363656e-05,1.0311121757916308e-06,-5.289899526069931e-05,134.18214037218294,219.77798758696696,0.27971605635806945,0.00013688796578184843,0.0003006022651183997,0.27971608985331153,0.0005772237537923344
40.609514081999805,1780930023030269690,track_preview_car,0.17843658597413242,-1.8510439436792328,-0.002001398689671801,1.8301677985557503e-05,8.547160353433319e-07,-9.893651997331792e-05,135.61329433489632,219.77787493031394,0.2797214844808427,0.00013419829586777075,0.00030410180328635424,0.27972151667211614,0.0005697635122646385
40.713727008000205,1780930023134483467,track_preview_car,0.20638960509455162,-1.8510419176337356,-0.0020013997023626867,1.833748005461865e-05,8.381975974421065e-07,-0.00013452602032416492,136.8059564840342,219.77778848570603,0.27972560934666185,0.00013296385424726003,0.00030890153434140347,0.2797256409479614,0.0005559496370739518
40.81471817900001,1780930023235471934,track_preview_car,0.23434326754690632,-1.8510402569517357,-0.0020014051128542814,1.823950392304928e-05,9.693655606408503e-07,-0.0001701785370012611,137.99864608200133,219.7777176299407,0.2797265051823424,0.0001291448919132241,0.00031145597124126746,0.2797265349943229,0.0005157229909582919
40.932060320000346,1780930023352813723,track_preview_car,0.2678882410304208,-1.8510394171688995,-0.0020014115657111717,1.8049437912514518e-05,1.1812964341031652e-06,-0.00021896028839144452,139.42989828396463,219.7776817992064,0.27972340179715544,0.00012053952524541994,0.0003088938104285978,0.279723427768841,0.0004262383519996936
41.04824887900031,1780930023469001000,track_preview_car,0.3014342455984779,-1.8510403723732878,-0.002001411965070935,1.796418147455395e-05,1.2500425727784129e-06,-0.000275516297324935,140.86119447886838,219.7777225545936,0.2797244376238505,0.00011234279296211882,0.00030301296432918423,0.2797244601833786,0.000341270797337796
41.15225552799984,1780930023573011546,track_preview_car,0.32939061011851156,-1.8510423624379553,-0.0020014075474404226,1.803420279931531e-05,1.1504015552602162e-06,-0.00032484032822476677,142.05399936505648,219.77780746401942,0.27973138839278133,0.00010869431629601034,0.0003005300808690702,0.27973140951027914,0.00030314173063670575
41.270867053000075,1780930023691620647,track_preview_car,0.3629398708651179,-1.851045516824439,-0.0020014026444023065,1.817668348269414e-05,9.906803860903442e-07,-0.0003823517443453331,143.48543449024504,219.77794205117607,0.27974581712524527,0.0001089023724225392,0.0003035233874334068,0.2797458383225708,0.0003045700292355567
41.38795641199977,1780930023808707692,track_preview_car,0.39649101551641824,-1.8510491334945862,-0.0020014040695161394,1.8218019354300163e-05,9.7427599789627e-07,-0.00043450340442125027,144.9169499953672,219.7780963624357,0.2797528432769316,0.00010709217542078297,0.0003090860614918366,0.27975286377490666,0.0002845533972257768
41.48835845800022,1780930023909109688,track_preview_car,0.4244513088629512,-1.8510527062167748,-0.0020014096465484155,1.8110337557599468e-05,1.1145454313463014e-06,-0.0004776636807161363,146.1099225114859,219.7782487985824,0.2797537219832308,0.00010222115692766117,0.00031163069829171473,0.2797537406588797,0.00023330974887890272
41.59248758099966,1780930024013242026,track_preview_car,0.45241287357344395,-1.8510571375363964,-0.002001415979706451,1.7932566773043625e-05,1.315816101106737e-06,-0.0005248972046420438,147.30294927246695,219.77843786821956,0.2797594332822677,9.683564695714266e-05,0.0003091978172269307,0.27975945004156355,0.0001776292710373552
41.692562799999905,1780930024113316895,track_preview_car,0.480376149759947,-1.8510624623459826,-0.0020014177970488593,1.781708059323737e-05,1.4222936356682232e-06,-0.0005810077819728988,148.4960490564244,219.77866506009525,0.27976192536557337,8.924740767118218e-05,0.0003041068847433259,0.27976193960106943,9.905327835547997e-05
41.793997949000186,1780930024214749640,track_preview_car,0.5083412251609725,-1.8510686408478683,-0.002001414579205897,1.7837858098546343e-05,1.3726175584336283e-06,-0.0006460866744140319,149.68922560686815,219.77892867617572,0.27977384798656396,8.388477314108636e-05,0.0002998761753710888,0.27977386056217646,4.333193093517544e-05
41.911970690999624,1780930024332725848,track_preview_car,0.5419019646265997,-1.8510767871615292,-0.0020014087287047663,1.7979202914768845e-05,1.2038174618250655e-06,-0.0007318656786948723,151.12115049073492,219.77927625222526,0.27978815430930953,7.88565721344752e-05,0.00030083668704361283,0.27978816542192947,-1.008500841582478e-05
42.01336266599992,1780930024434119756,track_preview_car,0.5698716846047133,-1.8510838658836006,-0.002001407931070995,1.8046223924891836e-05,1.144494085361012e-06,-0.000806381373805857,152.3145252098011,219.7795782777003,0.27980187111819227,7.602239782790732e-05,0.00030526836091525756,0.279801881445866,-4.0724417405883544e-05
42.11560843100051,1780930024536362686,track_preview_car,0.5978439066103712,-1.8510912605705079,-0.0020014124242455026,1.7981296163097894e-05,1.2408514233240751e-06,-0.0008841993884788111,153.5080066820425,219.77989378434165,0.2798135243487953,7.107013369812752e-05,0.0003092309306971402,0.27981353337438447,-9.315410950309573e-05
42.23176692099969,1780930024652520856,track_preview_car,0.6314165388828693,-1.8511045641280623,-0.001999942817253789,-1.96744056097343e-09,-6.137008242291015e-07,-0.0010252307793582132,154.94043899233577,219.7804614027973,0.27981788154404447,-0.00015745895697122188,-5.6089065027450926e-08,0.2798179258466477,-0.0016577294288330773
42.333613529000104,1780930024754367764,track_preview_car,0.6594006337159992,-1.8511211988406304,-0.001999956308826186,1.8720003537004e-09,-4.542373711454403e-07,-0.001202050204345397,156.1344270385493,219.78117115053357,0.27959991865085115,-0.0001811653485404678,0.0037481419170436727,0.2795999773434292,-0.001907828367168867
42.45326956700046,1780930024874023221,track_preview_car,0.6929841693292227,-1.8511478556399092,-0.001999998344866719,1.162723951858141e-09,-1.4693348230263097e-08,-0.0014143103584040163,157.56732455804683,219.7823085073028,0.2797687073995196,0.0001591919170447452,0.005756728369220173,0.27976875269061846,0.0006362431170119779
42.55432986899996,1780930024975084294,track_preview_car,0.7209702762745078,-1.8511735635323674,-0.001999995458821364,-1.0289204946088745e-09,-4.744520935257141e-08,-0.001572852435592581,158.761398454379,219.78340537738103,0.27973248692698977,-0.00012495187777362702,0.001960393357294946,0.27973251483395756,-0.0010997723233941911
42.672145870999884,1780930025092899225,track_preview_car,0.7545592968418742,-1.8512129772815384,-0.0020027456763264426,-1.8359704770033466e-07,-3.5096851392733865e-05,-0.0017078921757971626,160.19452999858663,219.785087030679,0.2800540737384186,-0.0003862870200021191,-0.0027550744524255997,0.28005434014695335,-0.00039635049122018493
42.77320645800046,1780930025193959972,track_preview_car,0.7825440574457938,-1.8512548135790443,-0.001999980006647867,-9.71169383919129e-08,-2.819345581281774e-07,-0.0017403854025089631,161.38854645102055,219.7868720460392,0.2799554897696966,-0.0005313153568288371,-4.376177391595848e-06,0.2799559939494047,9.384203134462022e-05
42.89371578299961,1780930025314469277,track_preview_car,0.81612953163378,-1.8513181272186003,-0.002003150215048925,7.805181741055032e-08,-4.054763217888957e-05,-0.0016316271785238574,162.82152668304127,219.78957342799362,0.2800174391359572,-0.000576694930756351,-0.003162066386990647,0.28001803298591804,0.001162183756230982
42.994283551999615,1780930025415037527,track_preview_car,0.8441174937451051,-1.851364838775308,-0.0019999624744169906,-2.998996596440953e-10,-3.967275096508486e-07,-0.0015167169159369825,164.0156797331245,219.79156645441316,0.2796191372910112,-0.0004766581945894634,0.002734989619303552,0.2796195435630418,0.0004581006170678722
43.09484701200017,1780930025515600896,track_preview_car,0.8721052576662037,-1.8514088543152436,-0.0020032055640060217,3.017316072915789e-08,-4.1683358588667746e-05,-0.0013817151245948437,165.20982432709135,219.79344445078374,0.2800094651945671,-0.0005493108431107933,-0.003248922975422902,0.28001000400155324,0.0016047562309739617
43.21278329100005,1780930025633537336,track_preview_car,0.9056861713615094,-1.8514593147354539,-0.0020000508147092234,-1.0868375413085968e-05,8.77197692926136e-06,-0.0012222468580172176,166.64260997809106,219.7955974287127,0.279856666202348,-0.0006101615919192971,-0.00010399858961352528,0.2798573313584275,0.0012081704398019268
43.33268536000014,1780930025753438753,track_preview_car,0.9392663413483009,-1.8515046372779733,-0.0020026900997365035,3.583481305804208e-05,1.1577502821469753e-06,-0.0010499925345259279,168.0753638975275,219.79753119052685,0.2798516092195659,-0.00017091625370889134,-0.0026245226440478387,0.27985166141216034,0.003095420582337206
43.43464578400017,1780930025855399298,track_preview_car,0.9672469440391717,-1.8515402686207816,-0.0019999922617644885,3.8986733308202425e-09,-8.288552801761154e-08,-0.0009109464122507924,169.26920294567134,219.79905146115334,0.27979771324147906,-0.00041179999064903293,1.7222902824274299e-06,0.279798016280304,0.0019234217202931496
43.5533216570002,1780930025974074029,track_preview_car,1.0008267530353239,-1.851583696937653,-0.0019999991112846583,-1.9345642434597187e-09,-1.334564429255122e-08,-0.0006969444013843673,170.7019414628405,219.8009044026732,0.27971095329976364,8.702366375284197e-05,0.0026529103538665867,0.2797109668371632,0.0016598782575234473
43.65484088700032,1780930026075594842,track_preview_car,1.0288005513650205,-1.8516070256127795,-0.002002371083192733,4.911590331056174e-08,-3.0444082232833226e-05,-0.0006080361001741761,171.8954901915742,219.8018997594786,0.279953118630397,-0.0004135189572077444,-0.002405754136081928,0.2799534240348082,0.002297771530656122
43.7728352160002,1780930026193589862,track_preview_car,1.0623700076943694,-1.8516335337114016,-0.001999959048799772,-2.012729281033634e-09,-4.3352617844655677e-07,-0.0004875839542286667,173.32778699495975,219.80303077168645,0.27950694013422284,-5.880487327282962e-05,0.004396229958317287,0.2795069463201391,-0.0006197970101663207
43.873061749000044,1780930026293815232,track_preview_car,1.0903411914724503,-1.8516521934307884,-0.002003890792533254,-2.5514688818223164e-11,4.0954999763265225e-05,-0.0004014927055442741,174.5212241694912,219.80382691971363,0.2789571145598448,-6.261690456159484e-05,-0.0010698232758108233,0.2789571215875858,-0.0006604024297697296
43.99107615200046,1780930026411827572,track_preview_car,1.1239205743272758,-1.8516688376140842,-0.002000062611992234,-1.0933046274303044e-05,8.945188056713061e-06,-0.0002598508510798748,175.95394450463044,219.80453707153424,0.27989659627850527,-0.00029563135785099827,-0.00010393134635225618,0.2798967524037968,0.000706031463863244
44.093175056999826,1780930026513926888,track_preview_car,1.151900869508557,-1.851676851424547,-0.002000567203602598,9.699304705437478e-08,-7.413434133075862e-06,-0.00016019218798151027,177.1477704323651,219.804878994114,0.2798960225521701,-0.00021506158865224843,-0.000582157645704985,0.27989610517478053,0.001162815265649368
44.19464125000013,1780930026615395125,track_preview_car,1.1798771439099063,-1.8516825664099257,-0.001999982365477638,2.060845815942894e-09,-1.7383777233174476e-07,-0.00014452302337338423,178.34142480682266,219.80512283349015,0.2796748316597778,-8.00743248520777e-05,0.0052142830128302144,0.2796748431229068,-0.00011342992604986486
44.297893017000206,1780930026718647322,track_preview_car,1.2078508765797182,-1.8516879255282757,-0.0019999685746654237,4.0988962969466083e-07,-1.7796846262857598e-08,-0.00011099792582595423,179.53497073406797,219.80535148920643,0.27983330523301125,-0.00015833955770349964,0.005490257465934724,0.279833350030062,-0.0005254338771568754
44.39873832400008,1780930026819493541,track_preview_car,1.235823460741132,-1.851692127963046,-0.001999962942243337,2.8335405161130067e-09,-3.7626051979489446e-07,-7.928643234401967e-05,180.7284676582883,219.80553079308999,0.2796400059294688,-2.7376789765159076e-05,0.002876670034159772,0.2796400072695643,-0.0002821197756811644
44.51475406300051,1780930026935511945,track_preview_car,1.2693970243957278,-1.8516973506840924,-0.0020043717664301095,2.0565675499667475e-11,4.601828677013615e-05,8.711670131097405e-06,182.16093970755105,219.80575362918796,0.27920065764907553,6.396876800679075e-05,-0.003213837855091279,0.27920066497714424,0.0006732228500828242
44.61516488500001,1780930027035919792,track_preview_car,1.297371529436987,-1.8516984085854626,-0.0019989756387197737,-5.028586689581006e-08,1.2527814726419183e-05,6.454392534336962e-05,183.35451858931145,219.80579876631305,0.279886879847299,6.789860694123844e-05,0.004736468400999558,0.2798868880831633,0.0007841683282168037
44.71722391300045,1780930027137977868,track_preview_car,1.3253520287461475,-1.8516980981602529,-0.0019999727602622868,-9.404921241933376e-10,-2.8538628696339856e-07,0.00013995946708647786,184.5483532265023,219.8057855215041,0.2799247888436523,8.71620181344146e-06,5.957834917569002e-06,0.2799247889793533,9.342104500179903e-05
44.835534599999846,1780930027256288244,track_preview_car,1.358929082041402,-1.8516938122308089,-0.0020027126956047112,3.5904080736866764e-05,1.3431818701579776e-06,0.00021618454744419836,185.98097416709982,219.8056026551812,0.2799376009452241,0.000259553396521591,-0.0026436725168240706,0.2799377212719521,0.0017459053018988812
44.93599950400039,1780930027356751215,track_preview_car,1.3869091652185122,-1.8516881736469604,-0.0020037296989302653,4.224865178968566e-08,-4.7086334555882715e-05,0.00028535647613135245,187.17479104932318,219.80536207560363,0.2800836295530118,-0.00011354823830640521,-0.00375790797601507,0.28008365256971207,0.0007049026369033656
45.05529227900024,1780930027476045683,track_preview_car,1.4204838154430346,-1.85168156936823,-0.002000898433933399,1.1783282850902924e-05,5.266579048400382e-07,0.00036727038005650786,188.60730945890282,219.80508029304445,0.28013788071321455,0.0003560755753147506,-0.0006350859626823776,0.28013810701207104,0.0034899375820124654
45.15711004500008,1780930027577864471,track_preview_car,1.4484647715451409,-1.8516743761537195,-0.0019999765895688504,3.888017590932477e-09,-2.3183089640430362e-07,0.00043000145573671795,189.80116358592602,219.80477338255872,0.2800365885614803,0.0001894129530459135,0.003990988949324995,0.2800366526196501,-0.0005505568950768239
45.27751205500044,1780930027698264698,track_preview_car,1.4820463067325913,-1.851662926198,-0.0019999311083361043,-8.223147302401838e-07,-1.0425985775089916e-07,0.0005166873182697965,191.2339757539239,219.8042848511147,0.2799817153892152,0.00015377088157825903,0.002767710508829536,0.2799817576160481,0.0007918129737287383
45.38625540300018,1780930027807027070,track_preview_car,1.5100318582117092,-1.85164912214906,-0.0020014186112401367,1.81029914914101e-05,1.21359486631047e-06,0.0006136248995121352,192.42802595036625,219.80369587835992,0.27994112343155275,0.00030145857019075556,0.00029541422478700176,0.27994128574647464,0.0023293083279693886
45.49987131600028,1780930027920624299,track_preview_car,1.5436118657162443,-1.8516299310338646,-0.002001410229597395,1.8067002786732215e-05,1.1531162952219018e-06,0.0008155525075499756,193.86077293722644,219.8028770574449,0.2798977892069336,0.0003132517739260813,0.000310286957525006,0.27989796449706966,0.0024538299965585104
45.60185152299982,1780930028022604857,track_preview_car,1.571589093408403,-1.851612205198468,-0.002001413639188677,1.802178865537054e-05,1.2236172000258118e-06,0.001001897352161126,195.0544679854252,219.80212075513464,0.2798660688544314,0.0003252469831776915,0.00031009103287526905,0.27986625784762514,0.0025793786827235906
45.70270206399982,1780930028123456320,track_preview_car,1.59956021261396,-1.8515926711076756,-0.002001413492347881,1.7982093442774628e-05,1.252481156159343e-06,0.0011963504708259205,196.24790240486232,219.80128730059414,0.2798393869229761,0.0003371159179239956,0.0003064166686389138,0.27983958998070524,0.0027041528292615184
45.82171484799983,1780930028242468843,track_preview_car,1.633118504796417,-1.851564385230791,-0.002001407433370009,1.804449401917164e-05,1.1401503287586803e-06,0.0014142133591933184,197.6797228713138,219.80008043651372,0.27982174024070333,0.0003919509667115237,0.00030183513961811446,0.2798220147466885,0.0025270496268582684
45.940698970000085,1780930028361452453,track_preview_car,1.6666719369625889,-1.851523050327216,-0.0020014019703226377,1.8188838988222096e-05,9.732222593498574e-07,0.0015377157883390937,199.11133597707044,219.7983168139612,0.2797951922616014,0.0005206969390127568,0.0003016987589806594,0.27979567676790285,0.001487096467109512
46.05922005699995,1780930028479974623,track_preview_car,1.7002211084517054,-1.8514687522899733,-0.002001399415699352,1.8316066407545863e-05,8.499197324613727e-07,0.0015417497800380181,200.54276729393945,219.79600009770553,0.2797652949818813,0.0005901941917692889,0.0003066005005977739,0.27976591751942026,0.0007397170197834334
46.161997809999775,1780930028582751344,track_preview_car,1.7281756813281783,-1.851418238444856,-0.0020014028102785567,1.828906079860001e-05,9.061310361596871e-07,0.001477515276836051,201.73549573666895,219.79384484031385,0.2797395974500463,0.0006184760685958131,0.0003108804416425235,0.27974028114335153,0.00019283782127326184
46.27920822499982,1780930028699961228,track_preview_car,1.761718523236133,-1.851356769662752,-0.0020014095619573825,1.8125244291766022e-05,1.1013615798108378e-06,0.0013473616401751879,203.16665699140833,219.7912221722774,0.27971735416616705,0.0006077145576958621,0.00031108256164620585,0.2797180143264008,-0.00018905900488083027
46.398964084,1780930028819718400,track_preview_car,1.7952590314334826,-1.8512983536830578,-0.0020014121106932303,1.79991236182309e-05,1.223776289192271e-06,0.0011765614968348714,204.59771867449524,219.7887297571438,0.2796947487444945,0.0005822109752204265,0.0003056880225380111,0.27969535470734147,-0.0005637573307010408
46.50048225899991,1780930028921237897,track_preview_car,1.8232087363296152,-1.8512539647313697,-0.002001408626301967,1.802846216249192e-05,1.1648651575710793e-06,0.0010207913524060825,205.79023941673023,219.78683582853841,0.2796930634761048,0.0005415121619243364,0.00030146499660535617,0.2796935876849341,-0.0006206732018557701
46.60119110800042,1780930029021945423,track_preview_car,1.8511216415461247,-1.8512707608986587,-0.002006004739507951,-1.596972744357903e-08,4.670607954825111e-05,0.0015977260901811035,206.98119003930134,219.7875524650094,0.27697299534874376,-0.0025140626363416387,-0.006045218961354538,0.2769844050906019,0.03306604596973964
46.72024960100043,1780930029141001362,track_preview_car,1.8842576220016543,-1.8517517225699462,-0.002002377413930075,8.13909686982764e-08,-2.978592039980437e-05,0.009416049188375051,208.3949918720706,219.80807349631772,0.2659039722033838,-0.01609222885728346,-0.0022443614449160405,0.26639046954261164,0.23684933461527977
46.821706748,1780930029242460051,track_preview_car,1.9102656091729766,-1.8538607808811884,-0.0020016835701418636,2.0742818332204675e-05,1.9964052590640884e-06,0.043731337324988025,209.50466599138034,219.89805998426402,0.2502609692129541,-0.025851004876059437,-0.0017026587886184586,0.2515925816961009,0.4585945282708527
46.94026258899976,1780930029361016744,track_preview_car,1.9407051449524502,-1.8559967961759527,-0.002003341610667523,5.354454380312882e-07,-4.261873815900038e-05,0.09782377412782939,210.8034195179712,219.98919663684063,0.25886925113017867,-0.008253121650474782,-0.0033556126006346406,0.2590007783727243,0.4161727199689421
47.041482012000415,1780930029462235616,track_preview_car,1.9659701032080337,-1.8568281524364885,-0.001999670066954778,-6.140749356645782e-09,-3.497632272690643e-06,0.14597133528736939,211.88139107020942,220.02466783729017,0.2477046938445162,-0.009799302435567899,-4.134719325303293e-07,0.24789845033970911,0.5706830793906136
47.16210835000038,1780930029582864509,track_preview_car,1.9948207283173387,-1.8585386677557079,-0.0019999038809541273,-3.1946028424773186e-09,-1.0248869386974516e-06,0.23354089469318412,213.11235107487312,220.09764982424355,0.23694743104978633,-0.01088863404695231,-2.6145786999240416e-06,0.2371974861428799,0.8172465074212694
47.26536023300014,1780930029686114969,track_preview_car,2.0176356235183466,-1.860357185126646,-0.002000389215306026,2.769700085348176e-05,2.5064419962296176e-05,0.3354590209041432,214.08578660344944,220.1752398987369,0.22558958540384352,-0.013345138268249967,-0.0004213752539964298,0.22598396792267528,1.0707638567567865
47.381201551999766,1780930029801956418,track_preview_car,2.044363955249272,-1.8612466201130653,-0.001998473195266622,1.3408260869218407e-06,1.778373240051654e-05,0.47975969956324493,215.22619542396893,220.2131891248241,0.22056185938314846,0.00424620443071466,0.004960858330657371,0.22060272905523898,1.2362284086165594
47.488926590999654,1780930029909681257,track_preview_car,2.0663988493803647,-1.8596901993224555,-0.0020091410201319732,1.184563308177015e-06,4.3075349696196105e-06,0.6068725438189336,216.16635090689556,220.1467818377581,0.21972005236254752,0.028080134517943982,-0.009474489504318463,0.22150710003236115,1.295455002523096
47.6053996390001,1780930030026153073,track_preview_car,2.092300232669448,-1.8547042944308092,-0.00199995828667353,-1.2118188287520722e-08,-4.985287324631629e-07,0.7641321186227825,217.27147659389647,219.9340498957145,0.21098241902307627,0.05769407165727948,0.008716917690466055,0.21872856933017287,1.3062984429373938
47.72404025600008,1780930030144794592,track_preview_car,2.1170035381365047,-1.8451529730059206,-0.0019993723315329783,1.5311987770666264e-08,-6.611254268997446e-06,0.9146739734301226,218.32548429382422,219.52652684825262,0.19817970748999855,0.11000430850434706,0.002812820946023935,0.22666306348927023,1.1252290184472116
47.84367974700035,1780930030264434593,track_preview_car,2.1397175256543335,-1.8311387325531672,-0.001999928911549845,1.7908643102722045e-08,-7.837394613716279e-07,1.0552264245880898,219.29461442791825,218.92858592226844,0.17936103532650927,0.13269768482912384,0.00373718729907359,0.22311220619322195,1.1317549187800242
47.94470446699961,1780930030365457911,track_preview_car,2.156604615450162,-1.816320657175028,-0.001999955310910296,-9.02109636759124e-08,-4.1432443599244835e-07,1.1623864290736592,220.0151302592069,218.2963480394679,0.15700016735776845,0.16535195046432996,0.0077628045698591415,0.2280138593873748,0.9813710253441509
48.061841241000366,1780930030482594054,track_preview_car,2.1739392968853792,-1.794719952022306,-0.001999947906076319,-1.0789300842019065e-07,-4.839362023754562e-07,1.2731642119577613,220.75474333377616,217.3747179529517,0.1303894941689162,0.1926568563192582,0.006784790738541275,0.23263293936251836,0.8557941762790786
48.162835621999875,1780930030583589857,track_preview_car,2.1858338685505454,-1.7742157048181975,-0.0020051470308234723,-2.441011754931866e-05,3.567790337943347e-05,1.351967560145425,221.26224505815662,216.49987007224308,0.10737775130743182,0.2118291545866031,-0.005177787686219937,0.2374901518141661,0.7370528100558622
48.263877618999686,1780930030684632996,track_preview_car,2.195561753473217,-1.7518666359827708,-0.001999596091311432,1.3340623897459255e-05,-1.4370176893559516e-05,1.420599519517937,221.6773014815239,215.54630980193156,0.08540833129847894,0.2276799606874382,0.00030674498317614907,0.24317225901369618,0.6293141794991598
48.36516668199965,1780930030785921398,track_preview_car,2.203029939316053,-1.7281370611807085,-0.002001809808261053,2.4235771537274825e-05,6.636783104774445e-07,1.4777755093263825,221.99594407748492,214.5338479437102,0.06555951330684949,0.24430054130409296,0.0010215438602923545,0.252944271068755,0.5441656410794937
48.48292991499966,1780930030903683980,track_preview_car,2.209306161749047,-1.6982510373744786,-0.0019997998308128213,2.791266676403368e-09,-2.105492029894027e-06,1.5320040143529703,222.26372956795933,213.25871092797775,0.045523517795919406,0.256114144310419,-0.00017442511555355896,0.260128517445461,0.43831309585452416
48.5841128459997,1780930031004866500,track_preview_car,2.212545323882318,-1.6724175352398896,-0.0019999940250842695,-1.5617633620065023e-08,-6.645771166845537e-08,1.565696618279679,222.40193381897888,212.1564815035686,0.026378564879585408,0.25964930750004883,0.0056160754955536666,0.26098580722016557,0.31511064151216844
48.70121148999988,1780930031121964563,track_preview_car,2.2145849018199804,-1.6406087637455575,-0.002001063838526543,5.341724140780872e-07,-1.4304483088126345e-05,1.59548999060798,222.48895581098583,210.7993072531438,0.011526883338991021,0.26675918722486175,-0.002655869923232073,0.26700811412460773,0.22494265805429325
48.80133035800009,1780930031222084383,track_preview_car,2.2149582076284426,-1.6135348899705277,-0.002003720114914688,7.135287466093691e-08,-4.7155379859225765e-05,1.6112822009603713,222.50488352548024,209.64415530540919,0.0022468784785621915,0.27262205786939503,-0.0037619978671921206,0.27263131679952174,0.16390260340874147
48.903235144000064,1780930031323989289,track_preview_car,2.214516123800493,-1.5861256670945854,-0.0019999686217920466,4.0363194255289655e-07,-2.2820390118230345e-08,1.6214937949499535,222.48602128215435,208.47469512936897,-0.005926051446957901,0.27345569651648877,0.002755664895193209,0.2735199006344328,0.09840578218078025
49.02150812800028,1780930031442260470,track_preview_car,2.2132078668083626,-1.5529260054421394,-0.0020021816261900174,2.877431852748121e-05,1.1562645614287513e-06,1.6275814984729495,222.43020231715678,207.05817623219795,-0.014808061383122023,0.27856981224477295,-0.002190983281369176,0.278963114006161,0.016353718320033125
49.122250653000265,1780930031543005699,track_preview_car,2.211655811442136,-1.5250558549350024,-0.0020037395327616218,-6.171356059435922e-08,-4.701998244165596e-05,1.62818498051782,222.3639812881978,205.8690498105601,-0.01785237819956389,0.2778273123810886,-0.0037480990545930176,0.2784002925865547,-0.02558974694727889
49.22279337600048,1780930031643572632,track_preview_car,2.2098553524029527,-1.4972962333699145,-0.001999980849324881,-8.023092385416356e-08,-1.4301160110754173e-07,1.62518738447219,222.28716170252596,204.6846392904497,-0.019277420709097052,0.27616485080188097,2.1359663851258744e-05,0.27683685406322023,-0.05450809440552812
49.32414907299972,1780930031744901184,track_preview_car,2.2079987353424597,-1.4696939034472511,-0.0020071574227465056,5.513855784413888e-08,3.253672305973325e-05,1.6198571588694974,222.20794604127826,203.50693988041604,-0.01873383018071964,0.27488010622603803,-0.007179802255786056,0.27551774750835556,-0.0690485541624043
49.425185205999696,1780930031845940823,track_preview_car,2.2061623199616482,-1.4421611165629686,-0.0020030061952253284,-3.0953506683647904e-09,3.164300211220701e-05,1.6125604238685238,222.12959231836368,202.33220764002,-0.017580516697318183,0.273944188240318,-2.915732838668651e-05,0.2745077281935637,-0.07979974494243947
49.54450460499993,1780930031965259702,track_preview_car,2.2041196629865407,-1.4092034128917987,-0.0019999913588612064,-3.098487939744243e-08,-1.1481519295733451e-07,1.6021776766540932,222.0424389540924,200.92601228338341,-0.015910411842857842,0.27486828817296444,0.002310312388209363,0.27532838038993573,-0.09177491664465266
49.64571438799976,1780930032066466720,track_preview_car,2.2026437026304317,-1.3817363182739708,-0.001999981911584135,2.6321388496647263e-09,-1.8106909488835348e-07,1.5928798025827688,221.9794646455651,199.75408291302276,-0.013666750324670731,0.2750847515470101,6.43693779232557e-06,0.2754240378001114,-0.09455947276824456
49.76600675000009,1780930032186760695,track_preview_car,2.201203927213643,-1.348768674272747,-0.002003240245973952,2.0735514031082408e-07,-4.080909996909275e-05,1.5816250965125194,221.91803422778213,198.34746343563722,-0.010609451535552364,0.27556308129284224,-0.0031922546486962394,0.27576724285797766,-0.09525290465691813
49.88636351700006,1780930032307118974,track_preview_car,2.200176430563575,-1.3157710278986576,-0.0019999906156237556,-7.647297940831685e-08,-4.017883957360745e-08,1.571006422856504,221.87419437071253,196.93956385700938,-0.0072969235214892635,0.27569860992568634,3.675438141975934e-06,0.2757951569695056,-0.08976536604482843
50.005921867000325,1780930032426674499,track_preview_car,2.199547879420015,-1.2827081818937154,-0.0019999919803114826,1.1566284196134045e-09,-7.765243766447547e-08,1.561168398973342,221.8473761885873,195.5288824274652,-0.003923802139233291,0.2759797704785687,0.003531636327716458,0.27600766282230516,-0.07782377262544055
50.1243838219998,1780930032545138338,track_preview_car,2.1993324473689375,-1.2495909969123662,-0.0019997046501753547,1.8146851060886907e-05,-1.6861518753024457e-05,1.5526977813814036,221.8381844210747,194.1158825349276,-7.453582169680826e-05,0.2760283213719211,0.0002946000576400721,0.2760283314353606,-0.06314133269187225
50.22532725400015,1780930032646085757,track_preview_car,2.1994236495813135,-1.2219444171214529,-0.0019999959191477493,1.6602449699661564e-09,-3.449929875512558e-08,1.5464785179124845,221.84207571546938,192.9362951305153,0.002278030984989444,0.2767204305565577,0.002910713975220481,0.27672980705477906,-0.05719698445183793
50.32930435900016,1780930032750063554,track_preview_car,2.1997400292695617,-1.1942493244999353,-0.002001495127093614,1.9470354602165087e-05,9.84901450393233e-07,1.5410988194401813,221.85557458216795,191.75463784533056,0.004254614354639267,0.27744661937203585,0.00026466266952089335,0.27747923948338554,-0.04674136363652607
50.44690761899983,1780930032867661243,track_preview_car,2.200354140144048,-1.16098715350411,-0.001999946903217446,-7.672828127122307e-08,-6.148183415813799e-07,1.5352878168482056,221.88177664614602,190.33545188284202,0.006482627584752506,0.2771670308520631,-6.374765606869226e-06,0.27724283119992676,-0.042734848642668175
50.56666869299988,1780930032987422687,track_preview_car,2.2012392811558157,-1.127703000817044,-0.0019999605575055533,1.8913395447051926e-09,-4.060323031767108e-07,1.5305450715963622,221.91954266264815,188.91532803486055,0.008344347961195866,0.2774696715524106,0.003975640847535492,0.2775951130230864,-0.03451592508114521
50.68664040499971,1780930033107394229,track_preview_car,2.202375728545491,-1.0943378672148283,-0.0019999627776923594,2.3078037628166505e-09,-3.8314080204244363e-07,1.5272539959643103,221.96803108460762,187.491749001166,0.010310966415673858,0.2782640837050274,0.00045080795179104237,0.2784550525823219,-0.0232734689129027
50.808098728000004,1780930033228850698,track_preview_car,2.2037004300779204,-1.0609040010660602,-0.001999465936055101,6.850091152317462e-08,5.877071531054676e-06,1.5251755682742185,222.0245516833246,186.06523737881858,0.01154237146141591,0.2787923405901854,0.0005072887605863443,0.27903117300887226,-0.015106849663529143
50.92733237399989,1780930033348083724,track_preview_car,2.205154459319585,-1.0274042342045901,-0.001999955804739259,-2.518354328892562e-08,3.2453969683595643e-07,1.524072193062814,222.0865902643023,184.63591399272917,0.012597905458489031,0.2796516002283732,0.003962334980571809,0.2799352152413678,-0.0036236395316282042
51.02825478900013,1780930033449008754,track_preview_car,2.2064411682664646,-0.9994522437818879,-0.0019999709605076164,2.253344943133558e-09,-2.972010921331869e-07,1.523828024471179,222.14148984603582,183.4432957346939,0.013005968696225913,0.27956376671002864,0.0027203506881107843,0.27986613742792554,0.0010910888409982732
51.14855062700008,1780930033569304291,track_preview_car,2.2080314010008997,-0.9659154523333141,-0.0019999674966884487,2.5985226262451346e-09,-3.329372874126198e-07,1.5241370146179043,222.2093397760384,182.01239263288807,0.013111136402198686,0.2792376059579708,0.004282317297275962,0.2795452422755501,0.0044665375762317095
51.26452001300004,1780930033685276432,track_preview_car,2.2096363921902635,-0.9323998167798171,-0.0019999584999388256,3.965687458195489e-09,-4.1920142963583427e-07,1.5248833580208077,222.2778194001179,180.58239218260553,0.012606854085331099,0.278794100785556,0.004825303921053055,0.2790789913317654,0.002394484177152331
51.366592327000035,1780930033787346331,track_preview_car,2.21095803895605,-0.9045037563060824,-0.0020030251671309604,3.9556113609724676e-07,-3.907560371007487e-05,1.5255262000521594,222.3342096621248,179.3921602690595,0.013236144340628982,0.279234824237023,-0.003632865670819267,0.27954835464314054,0.007810204526673321
51.471103005999794,1780930033891857051,track_preview_car,2.212278901302646,-0.8766079455492933,-0.00199963865396773,9.717741610380877e-08,4.387347895623764e-06,1.5264037768273395,222.39056645557957,178.2019390101032,0.012898918735395415,0.2789895459285314,0.004267733069910174,0.27928757373350943,0.00886684053229435
51.587189478000255,1780930034007943062,track_preview_car,2.2138330853905916,-0.8431381869052126,-0.002003226843083777,-4.900556309237489e-09,-4.096990329203146e-05,1.5275493589238618,222.45687830999856,176.7738959746224,0.013199575933294619,0.2792452693889141,-0.0035100441000533228,0.2795570590790116,0.012420820525410058
51.689801472,1780930034110552952,track_preview_car,2.215104875378844,-0.8152372959430518,-0.001999962002385326,-1.930451649530528e-09,-4.0819475582522327e-07,1.528626409247501,222.51114134949734,175.58345796023687,0.012770960236619767,0.27907933121703077,-3.0823297578310426e-06,0.27937138460821376,0.011248186418407928
51.78988275000029,1780930034210634792,track_preview_car,2.216350201139596,-0.7873279812856521,-0.002003743689210936,2.3726849303381417e-05,-2.3530974114901664e-05,1.5297618471807675,222.56427524862278,174.39266053485449,0.012159815683198466,0.27926088592234477,-0.003655362195571057,0.27952549709030516,0.013729034372233278
51.892998680000346,1780930034313752304,track_preview_car,2.2175589480975435,-0.7594127250721425,-0.002003410098625992,2.0966195662574676e-05,-2.13895343199419e-05,1.5308246688419425,222.61584845216186,173.20160960307808,0.011789172265237588,0.27935125876050054,-0.0032981008441752427,0.27959991121918404,0.013006469689327445
52.0098162940003,1780930034430570990,track_preview_car,2.2190250576610233,-0.7259801163204179,-0.0019999670834903614,2.5766184529309793e-09,-3.380290465755536e-07,1.5328817402488368,222.67840246020364,171.77515162967117,0.012117963869607947,0.278588827733125,0.0013723935186830537,0.2788522547623775,0.01897878618259374
52.11024050099968,1780930034530995177,track_preview_car,2.220261186850186,-0.6981806450669216,-0.0019996140756581354,2.277820275465714e-07,4.571860449416843e-06,1.535656665569919,222.7311439722746,170.58904085618866,0.011787789388330267,0.27791403632944456,0.0042318160951558765,0.2781639149271297,0.027158777532129183
52.21109906699985,1780930034631866957,track_preview_car,2.221460106983636,-0.6704129012359114,-0.0020013654414085913,1.8091747866807135e-05,6.598593317322225e-07,1.5390630557224687,222.78229789796848,169.40428378606555,0.011259414725552499,0.27772325647579477,-0.0012055043978699118,0.27795140152098907,0.03845672603455244
52.311748379000164,1780930034732503927,track_preview_car,2.222585442609971,-0.642666871095311,-0.0019996326309510673,4.315331170327281e-06,-5.957106513172854e-07,1.5428413182575063,222.83031221802543,168.22045316673328,0.010522890816269403,0.2776217666109872,0.00037323192172765104,0.27782112325619984,0.036364345449084796
52.43111677500019,1780930034851870499,track_preview_car,2.223818565423346,-0.6093686440354542,-0.0020000582451897265,-1.0844867258120937e-05,8.832756305791375e-06,1.5476697914664677,222.88292545806274,166.79972881217938,0.00988617999409995,0.27781632716396865,-0.00010020504911405483,0.277992172900161,0.04119455879490519
52.5519625449997,1780930034972716089,track_preview_car,2.2248860055863493,-0.5760527271438601,-0.001999952697866984,1.2386873817485261e-08,-4.2246767452395576e-07,1.5524662799087803,222.92846957168422,165.37824969147135,0.00828902155281052,0.2779274423756649,1.2048284128392637e-05,0.27805102248289165,0.0393874612082274
52.67246108099971,1780930035093215075,track_preview_car,2.2257692890563665,-0.5427187381766239,-0.0020032619375183578,2.712590856524681e-07,-4.1451697449385185e-05,1.556849907010919,222.96615633307164,163.95599949553596,0.006734867756039441,0.27801210268884263,-0.00377267971791373,0.27809366710725886,0.0355161943491365
52.772636519000116,1780930035193389752,track_preview_car,2.2263685618260687,-0.514932316932799,-0.0020004337901063786,1.4264209190164574e-07,-6.228766985250751e-06,1.5601120898813696,222.99172530457895,162.77044552246608,0.0055762685310324035,0.2782640402078762,-0.000463637643732602,0.27831990737915374,0.0320562119694097
52.87294795999969,1780930035293706153,track_preview_car,2.2277118253823867,-0.48774230311325695,-0.00199896045758884,9.005005565147132e-08,1.2798054618161441e-05,1.5750412310777564,223.04903788298185,161.61033826616563,0.015018305921248096,0.2671487217021696,0.004714176847535237,0.2675705309256747,0.2027617131320805
52.98916800999996,1780930035409919120,track_preview_car,2.229050046522475,-0.4554932411311482,-0.001999984516578346,-1.3418887713439312e-09,-1.6417640302800477e-07,1.598351053509047,223.10613531829227,160.23437828826232,0.007296222235199683,0.2684910686072763,0.00974236804109437,0.2685901874246015,0.1860550459230594
53.10801301399988,1780930035528766788,track_preview_car,2.2294021064065075,-0.4230379375749226,-0.0019999847393428966,-6.133204545025388e-09,-1.810379531156947e-07,1.6181985426827468,223.121156540011,158.84961866986336,-0.0006573333006170503,0.2707374315262668,0.009753220096285922,0.27073822950685794,0.15405664194368773
53.208461612000065,1780930035629216909,track_preview_car,2.228893018678171,-0.3957419145690015,-0.002000175874245893,1.0359583271330926e-05,9.701451712809055e-06,1.6302911330721999,223.09943546360194,157.68498835494407,-0.007706512374185482,0.2732813270225379,0.0002552087589839659,0.2733899669559451,0.10513900846077838
53.313429394000195,1780930035734185433,track_preview_car,2.2278871791884125,-0.3683586045187507,-0.0019999816141504367,1.2664309790975527e-07,-9.641369241844829e-08,1.6397682723497902,223.05651964537225,156.51663379280004,-0.011848065784722273,0.2739406471883158,8.306125981012907e-06,0.27419674477424494,0.08847391419533729
53.43109058099981,1780930035851843955,track_preview_car,2.2261044498947786,-0.3353245447659155,-0.0019999952820515224,-6.492323634147479e-10,-4.756728522309659e-08,1.647775030845672,222.9804565288439,155.10718057667907,-0.017302902327362552,0.2764801296924822,1.3762302891292821e-06,0.27702103267391454,0.04800514425504301
53.53121942300004,1780930035951973778,track_preview_car,2.224285904288229,-0.30769620832621497,-0.001999994625400154,2.18259436837263e-09,-5.078643005577595e-08,1.652487266612349,222.90286524963108,153.92837155525183,-0.018828165411975767,0.27629704230064367,0.0029199753705039444,0.2769378186468298,0.045822459914260545
53.65321667700027,1780930036073970531,track_preview_car,2.221742581768037,-0.27437650081951936,-0.0019999715598209935,-9.988410094274656e-09,-3.392654597729872e-07,1.6554808482401158,222.79435015543623,152.50673070163282,-0.023023705027047037,0.2785813594923869,0.0003238762253506081,0.2795311518414343,0.007919543460897781
53.77174697099963,1780930036192501757,track_preview_car,2.2189421795728377,-0.24096234105240247,-0.002001694158865958,-2.1627083433388126e-05,1.4468115215847382e-06,1.6561496774226327,222.67486632844106,151.08105988490252,-0.02390733015638455,0.2782680829854651,-6.592050728941729e-05,0.27929319082930054,-0.003482024459370974
53.890079079000316,1780930036310832884,track_preview_car,2.2160208772489853,-0.20758320505635589,-0.0020016976497750655,-2.1606121316169603e-05,1.498842092149067e-06,1.655241316844991,222.5502240959567,149.65688341573787,-0.02446734139069874,0.2777000285366945,-0.00029412106591331934,0.2787758178967644,-0.01396722006604338
54.01039875399965,1780930036431152989,track_preview_car,2.213051169913381,-0.1742739579594727,-0.0020017277049584285,-2.1896723788473222e-05,1.5940981699382628e-06,1.6529963609282174,222.42351658297093,148.2356888729375,-0.024519356217934815,0.27726130619182277,-0.0003138630691868297,0.2783433684148729,-0.02268114097268618
54.11172039400026,1780930036532474038,track_preview_car,2.210589266990268,-0.1465510708092893,-0.0020017339191210123,-2.1934258795369158e-05,1.6306172675898934e-06,1.6503913646701747,222.31847539158474,147.052845687863,-0.024219359177933292,0.2770171333143734,-0.0003163683032692507,0.2780738562121637,-0.0281473024958457
54.24143521899987,1780930036662189634,track_preview_car,2.207703165707304,-0.11329957296996708,-0.002001719117517901,-2.1793550276892757e-05,1.5817248210574064e-06,1.6468026272918657,222.19533507017832,145.63411511338526,-0.023466859879194377,0.276925543596171,-0.0003089275814207453,0.2779180638400904,-0.03138703067750586
54.35321148999992,1780930036773965064,track_preview_car,2.2049231706129104,-0.08005075176151369,-0.0020016967695692723,-2.1609142554283552e-05,1.4869774307191665e-06,1.642963581502535,222.07672194615083,144.21549874182458,-0.022494240017906064,0.27693875318141054,-0.0002981483821757129,0.2778507942181512,-0.032750975035388534
54.471205339000335,1780930036891958051,track_preview_car,2.202275674128186,-0.046788129697620924,-0.002001691494460868,-2.1585020953580496e-05,1.4501047593126457e-06,1.6391830781658552,221.96376209613595,142.79629353376515,-0.021351269756795514,0.27708461964977027,-0.00029497328313247815,0.27790603298000804,-0.031588179015075254
54.58772595000028,1780930037008480817,track_preview_car,2.1997676045117056,-0.01350424064329394,-0.0020017094101459957,-2.1750577233924942e-05,1.5128078298714604e-06,1.63562112225753,221.85675112583277,141.37618093411388,-0.02020798042223315,0.27727154526467035,-0.00030210525636245453,0.2780069644562947,-0.029468603397021138
54.689211339000394,1780930037109963881,track_preview_car,2.1977844794805668,0.014252989140629564,-0.002001727686801805,-2.1895935575086586e-05,1.594418382895118e-06,1.6329218351912165,221.77213779117085,140.19187246333314,-0.019256212527171444,0.27747064647814595,-0.0003113722439012176,0.2781380257675887,-0.026700302427057655
54.79061767500025,1780930037211372722,track_preview_car,2.1958945138787134,0.042030791656833294,-0.002001733245982879,-2.19178724220881e-05,1.6359813045679098e-06,1.6305182991763378,221.6914992588251,139.00668622264178,-0.018356039917795056,0.2776814841367764,-0.0003150449074379873,0.27828753265977707,-0.023613675788506993
54.8926991670005,1780930037313451308,track_preview_car,2.1940910682515518,0.0698298010239504,-0.0020017216280359277,-2.179721453481605e-05,1.6053797030653144e-06,1.6284283617551196,221.61455224539952,137.82059515631144,-0.017526706107157508,0.2778927567829632,-0.00031017233872687375,0.27844491322234965,-0.020450996695504743
54.99487159799992,1780930037415623208,track_preview_car,2.1923662911467328,0.0976494931414069,-0.0020017020478089163,-2.162741866075795e-05,1.5286176491284896e-06,1.6266552193203534,221.5409617555939,136.63362162596664,-0.016778412811904037,0.2780948488234146,-0.00030063957261412377,0.27860053854686734,-0.017303162457017643
55.09490722099963,1780930037515661787,track_preview_car,2.191897660928189,0.12468386942829682,-0.0020000179788517806,-6.156100599128902e-06,4.85720196261542e-06,1.641142063227459,221.52096686626942,135.48015490439266,-0.0002518763196068109,0.26780220934994875,-8.077073612236253e-05,0.2678023277986846,0.23484601748372178
55.21527882800001,1780930037636033785,track_preview_car,2.1930924070722932,0.15547887554804127,-0.00199989301253352,-3.032861176685095e-09,-1.1386554748169534e-06,1.6907489391289612,221.5719427017512,134.16623464328356,0.012858027766367627,0.24936123883053618,-1.7891553490047284e-06,0.24969252353472743,0.5321343715570419
55.333182088000285,1780930037753936954,track_preview_car,2.195934537980541,0.18404692564303304,-0.0019993063602640466,-1.5025712293665515e-08,-7.361045339923442e-06,1.7836508010800503,221.6932069538364,132.94733117256393,0.01746549062206327,0.23585152275995167,-7.198521452375234e-07,0.23649732377102575,0.8349152790476764
55.45413616099995,1780930037874890436,track_preview_car,2.1993652677879068,0.2111220337949945,-0.001999742968925707,-9.99258868534843e-09,-2.7456967011435776e-06,1.9178078237006861,221.8395847589507,131.79212655808024,0.02940808428805596,0.22164708726963994,-6.939783862490973e-06,0.22358950493394986,1.2872256409574154
55.57260208600019,1780930037993355870,track_preview_car,2.2015419752930985,0.23761543543021443,-0.001999535205967978,2.0874799528434318e-08,-4.8872668306859975e-06,2.0792462302313197,221.93245761250552,130.6617414216442,0.015358619848417415,0.21563076026353006,0.0025558426548662884,0.21617703850195605,1.499171419601892
55.69400349300031,1780930038114757308,track_preview_car,2.201180740631981,0.2636052481217847,-0.0020056371795028,-2.6219492965418016e-05,3.9463930735955996e-05,2.259463211003355,221.9170449336312,129.55284274680386,-0.024621709260053425,0.21990581388960767,-0.005711044686000301,0.2212799031754519,1.4968222686595194
55.794500199999675,1780930038215254235,track_preview_car,2.1971154927693126,0.2849353545674652,-0.00199990490405694,-1.991485922064623e-06,-2.4940599647727922e-06,2.407384155667668,221.74359435815734,128.64275820512148,-0.05831813615743705,0.20815618194584587,0.00265451214395879,0.21617123094239313,1.4512950569147292
55.898082841999894,1780930038318836726,track_preview_car,2.189303901285881,0.3052784828396923,-0.0020030105090205427,-3.7878912482644944e-05,3.017123665281581e-06,2.547855730467134,221.41029978819756,127.77478473217313,-0.09525078786034756,0.19505233663993363,-0.0033220426480049304,0.21706710164535511,1.3668032515507298
56.01687108799979,1780930038437628970,track_preview_car,2.174980769919676,0.327419081242448,-0.002007474848445934,-3.350715853390763e-05,1.1743857288546916e-06,2.700890805186658,220.79917951657285,126.83011920032222,-0.13469439658458435,0.1740106633033898,-0.007571304739551736,0.22005065647384692,1.2478059159199055
56.134244496000065,1780930038555003320,track_preview_car,2.1559670199693253,0.34635506205372674,-0.001999579024696809,-2.401569749044158e-06,-2.5998404228040303e-06,2.835710664551621,219.98792618535788,126.02218401904099,-0.17714306539782573,0.15067842848262164,0.00034411862964662523,0.23255892678745077,1.1164921879185747
56.23450333999972,1780930038655257375,track_preview_car,2.136886286211653,0.35941619052718576,-0.0019997667823187606,-2.9064028463498168e-06,-2.795157939440944e-07,2.9332685866895414,219.17381487836388,125.46490920417341,-0.20041612818564414,0.12303061626908697,0.0029264558834367006,0.23516623264507147,0.9779720550845296
56.33508784100013,1780930038755842908,track_preview_car,2.115564830558179,0.36970620412284905,-0.001999892869108966,1.833383935793802e-08,-1.129643928970684e-06,3.016052521259251,218.26409943714896,125.02586862409177,-0.21657347445962796,0.09076398523336257,0.003733602866517149,0.23482370164648453,0.7935618286412174
56.45595063499968,1780930038876704299,track_preview_car,2.0876566131853043,0.37849868389482766,-0.001999927307724284,8.530063663627627e-07,-1.1259756354743992e-07,3.0963403122701543,217.07334882923965,124.65072282048735,-0.2429528003955714,0.05873375834386618,0.004682493941579278,0.24995143046049173,0.5903274168386972
56.57458260899966,1780930038995337866,track_preview_car,2.0579627522096136,0.383705540791215,-0.0019999837615276707,-8.969311002659805e-07,4.936920118083728e-07,-3.1266991039715637,215.8064107609435,124.42856359290816,-0.25501957535027114,0.028755911021715083,0.001396439133178114,0.25663570723989565,0.41346505714835297
56.677440368000134,1780930039098197699,track_preview_car,2.0322558083557705,0.3858270384706533,-0.0019999793841111585,1.2936795991790034e-07,-1.1363950794999366e-07,-3.0888005168873574,214.70958115651285,124.33804635858546,-0.26194209365299964,0.01051594507052377,0.0046282967161062685,0.26215309559118904,0.3027057282974127
56.778168668000035,1780930039198922833,track_preview_car,2.0059229355807355,0.38627536309387805,-0.00199993534228631,-6.2365039292278145e-09,-7.051930994263142e-07,-3.0608267504294484,213.58604525144472,124.31891784132787,-0.2695318118350032,-0.004196597345375311,2.675775764401814e-05,0.2695644802646276,0.2169596176168139
56.878236816000026,1780930039298991432,track_preview_car,1.9790519600567866,0.38535424253162637,-0.0020052522807031807,1.434967924643959e-05,-5.311054782225292e-05,-3.041669085603314,212.43955029575625,124.35821898531728,-0.2717310526893077,-0.016162776660464104,-0.005297899475548928,0.2722113156079581,0.14014176353606683
56.996050060000016,1780930039416806439,track_preview_car,1.9464108664788815,0.38291345643338065,-0.0020000000643424823,-2.0805350356223026e-07,-1.5357576089323073e-07,-3.0281753887207197,211.04686363643228,124.46235919217575,-0.2748306269347404,-0.026118923981316555,0.005037704808670283,0.27606896183976254,0.06543797094387938
57.114979085000414,1780930039535733220,track_preview_car,1.9131961265263697,0.37931623041273177,-0.002001810949834674,-2.310849574917502e-05,1.5537747751762196e-06,-3.024817911445612,209.62970139845845,124.61584083572345,-0.2776701133474092,-0.03182404054880388,-0.00039626906011237426,0.2794878555558631,0.006987099227374552
57.217185329999666,1780930039637939756,track_preview_car,1.8855903863051262,0.37588572001984283,-0.0019989842281994195,1.5709955814252405e-07,1.2396162470944557e-05,-3.0275241244329396,208.45185648235207,124.76220927915337,-0.27582031953101727,-0.034787402554363925,0.004733949067667426,0.2780054172901525,-0.037310087965434155
57.31766854200032,1780930039738422487,track_preview_car,1.8581628810437127,0.372316928654784,-0.0020003005792635815,-3.505432312866085e-05,2.9728693513948177e-05,-3.0337719070359057,207.2816162578651,124.91447771072922,-0.2730227520997692,-0.034937016720787015,-0.0003098274095552642,0.275249011445056,-0.06901236293748245
57.43608339799994,1780930039856837382,track_preview_car,1.825401381326182,0.36808650436789614,-0.0019999944071607007,5.340007926710644e-10,-6.337473564030946e-08,-3.044423842695474,205.88379226991708,125.09497581363644,-0.27318967024783186,-0.03397963774818544,0.007635484383197882,0.2752947724015424,-0.09009613406520756
57.552005917000315,1780930039972759180,track_preview_car,1.7927491823393684,0.3641056323851708,-0.002008140785683484,-8.845403416554848e-08,1.989957462839234e-05,-3.056993922859651,204.49063177981304,125.26482635156604,-0.2715448716958821,-0.03121131608826914,-0.008974361660828697,0.2733326976347596,-0.10331514846117607
57.65215925800021,1780930040072913433,track_preview_car,1.7655566215303249,0.361044159594108,-0.001999986516814416,1.404891039533362e-09,-1.324654453307335e-07,-3.068460981254897,203.33041585196054,125.39544919065139,-0.27206737840211825,-0.029462606137555004,0.0034113125204476616,0.27365800472673574,-0.11851759779762071
57.75464828599979,1780930040175402170,track_preview_car,1.738342404071683,0.358282256475816,-0.0020011419014066417,-1.4545151161440656e-05,7.625529320528348e-07,-3.0801416708468228,202.16927590705848,125.51329039036519,-0.27274540913102374,-0.02621256223006213,-0.0011434267354838434,0.2740021106136126,-0.11794936006575357
57.85562249299983,1780930040276375696,track_preview_car,1.7110617349692512,0.35585425561569695,-0.002003734585697979,-1.6455675206298914e-05,-3.1381713864083667e-05,-3.091477175545208,201.00530069202136,125.61688509373026,-0.27322037058701276,-0.022686662659553717,-0.0037410171460493494,0.2741606382512504,-0.11563625256748947
57.974321347000114,1780930040395076664,track_preview_car,1.6782395526220433,0.3533958608442798,-0.002004476704823984,-2.295510523443006e-05,-3.1079971001722846e-05,-3.104287030947433,199.6048875785405,125.72177660397739,-0.27445309780943866,-0.018412775470438583,-0.004480888685939786,0.27507005143730584,-0.10162520459188694
58.076480360999994,1780930040497234055,track_preview_car,1.650792184821618,0.3517354174842224,-0.0020026574132052137,1.4568616023469579e-08,-3.352706818988051e-05,-3.1139089325398928,198.43379988572235,125.79262218733984,-0.2755728740045269,-0.01495464864946638,-0.0032111043348935137,0.2759783513309402,-0.09070134559821465
58.1950511240002,1780930040615805911,track_preview_car,1.6177908890170984,0.3501922905020352,-0.002002776528356332,-1.5371682789397166e-07,-3.4807540538566856e-05,-3.1238965026463217,197.0257445980629,125.85846227191317,-0.27561463368006495,-0.01120608951746311,-0.0027730383811616854,0.275842351245906,-0.07798025819532127
58.295750674000374,1780930040716509177,track_preview_car,1.5902189003532134,0.3492202653630826,-0.0019999954457404533,-4.2203998283030666e-10,-4.921169401721316e-08,-3.131258407779827,195.8493397484038,125.89993534450848,-0.27595390510433654,-0.008007690542532133,8.783492167771397e-06,0.27607006511057686,-0.06318570319444763
58.398957891000464,1780930040819711024,track_preview_car,1.5625764005804705,0.34853789494542436,-0.001999988859663142,1.256402459550439e-09,-1.1124906238544256e-07,-3.1373654982079646,194.66992642476674,125.9290498156619,-0.27697576418500336,-0.005363290469833211,0.00415012984787263,0.277027686036126,-0.05318578867837288
58.5170215979997,1780930040937775462,track_preview_car,1.5293037437930592,0.3480410318540073,-0.0020037192818564745,-1.7102811844133505e-09,3.914937644522435e-05,3.140091997926851,193.25029306850388,125.95024930756236,-0.276809765903214,-0.002686839237503129,1.2804313730631622e-05,0.27682280542701015,-0.039647014651653406
58.61763126200003,1780930041038384636,track_preview_car,1.5015177047062522,0.34784822790810527,-0.001999976337039077,-1.1160620066799204e-07,-3.3391292733764023e-07,3.1364973470563227,192.0647554008001,125.95847560925418,-0.2782715096572563,-0.0011185908796294383,0.0034163594257144167,0.27827375789406456,-0.032289608489209726
58.7378843080005,1780930041158639144,track_preview_car,1.4681165356703025,0.34782085953653225,-0.002004556835744639,-3.468888635856778e-05,-2.2322053159447887e-05,3.133330788438714,190.63963885526624,125.9596433264413,-0.278658035247893,0.00043423837455128895,-0.004505874723226958,0.2786583735888479,-0.028353283831793686
58.85852357400017,1780930041279278420,track_preview_car,1.4346619350131296,0.34796783411212856,-0.002001484584401282,1.8838678297379837e-05,1.3515364957324182e-06,3.1313513185826856,189.21224256056018,125.95337241121585,-0.2790152822428947,0.0013617498030880013,0.0002195731689320786,0.2790186052714198,-0.015308044030513647
58.95946670400008,1780930041380220719,track_preview_car,1.4067564605153828,0.3481576430611158,-0.002003399854365393,2.1815014613396867e-07,-4.349438716118769e-05,3.1299272187866887,188.02160898198966,125.94527389605906,-0.2793241167198906,0.002245592102985166,-0.0038458804234119434,0.27933314315569513,-0.012626241466179064
59.078399166000054,1780930041499151778,track_preview_car,1.3732597627865473,0.3484660903077426,-0.0019999693234087094,4.7834159057617364e-09,-3.0727724764927426e-07,3.1286233287185383,186.59241654555936,125.93211348020299,-0.27974500558131454,0.0032931766929075383,0.005352521579860702,0.2797643886566344,-0.0037630129549098305
59.19782672299971,1780930041618580026,track_preview_car,1.3438021463743035,0.3488802025371359,-0.0020035768303274517,8.067703446866373e-08,-4.8411124647902705e-05,3.1293719324337093,185.33555824530362,125.91444469174887,-0.13991107425876187,0.0022670998416849143,-0.003735580752425294,0.13992944094054313,0.006157877193378936
59.2999570259999,1780930041720711021,track_preview_car,1.3298278403210384,0.3490872541538852,-0.0019998509278898514,2.2719656037912608e-07,-1.3966391732626063e-06,3.129870038218755,184.73932118703098,125.90561048943422,-0.13979187871198148,0.0020620610893442113,9.277631135836933e-06,0.13980708655058058,0.005130387837250056
59.418559990000176,1780930041839313954,track_preview_car,1.3130593134466337,0.34932984934614963,-0.002003619108548878,1.8861981000063263e-07,-4.804141774482946e-05,3.130509337045436,184.0238640403897,125.89525976123095,-0.13991968278766223,0.002165502382449792,-0.0037500597315123425,0.13993643925714422,0.006887385378382831
59.53573140400022,1780930041956483285,track_preview_car,1.2962945172862388,0.349568788179046,-0.0019998911268366763,1.8174910767144398e-09,-1.1408439473252041e-06,3.131251525970325,183.30856607087952,125.88506503769403,-0.13946191015531523,0.0017590072502021048,0.003740272939615977,0.1394730027305481,0.005021872207705063
59.63863654499983,1780930042059389808,track_preview_car,1.2823252845471929,0.34976256794726207,-0.0019998993743430326,4.260336932189694e-09,-1.042865951489483e-06,3.131927464753669,182.71254547401355,125.87679710091682,-0.13970367486818433,0.0019211531573926919,1.2217491948133472e-05,0.13971688373682517,0.006955762260109257
59.74131358300019,1780930042162067367,track_preview_car,1.2683567094821908,0.3499484507010374,-0.001999905855439248,5.446444886791372e-09,-9.699896952364935e-07,3.1326257093824608,182.11655293790682,125.8688661034224,-0.13969802942908316,0.00183341878935811,2.6265417686122506e-05,0.13971005994854543,0.007117411862230195
59.85970862999966,1780930042280463636,track_preview_car,1.2515945132089723,0.35015914158284667,-0.001999913763139161,7.029522633149625e-09,-8.805680533827685e-07,3.133471521326124,181.40136589691616,125.85987662579853,-0.13969188522332682,0.0017104139130096026,0.00012255218112317123,0.1397023561469202,0.00711909942057544
59.97917494400008,1780930042399935020,track_preview_car,1.234831824380943,0.35035491502001814,-0.00199992220202125,8.72830028694027e-09,-7.85096361775868e-07,3.134307739911173,180.68615784025357,125.85152362581256,-0.13969472994324159,0.001567519316451026,0.00021378361561579903,0.13970352426020843,0.006851717817732557
60.097686178000004,1780930042518437678,track_preview_car,1.2180797844961009,0.3505223812767103,-0.0019999447488753723,1.9609936578817352e-09,-5.747433414160326e-07,3.13499430653072,179.9714041385003,125.84437839886036,-0.13973509935797038,0.0015577616332974878,0.000572462381072972,0.1397437820222711,0.006989764826242516
60.19911366999986,1780930042619868066,track_preview_car,1.2041184444946855,0.3506542684336557,-0.001999955553740084,2.64308146418721e-09,-4.591593825408719e-07,3.135569830799864,179.37572029843992,125.83875121349736,-0.13957511030702316,0.0012436089747795184,0.002479020103203989,0.13958065045162898,0.005331975250482913
60.317369782999776,1780930042738123377,track_preview_car,1.1873611300386775,0.3507998184054668,-0.001999936733839522,7.408621848138671e-07,-1.048596514952142e-07,3.1362540811656046,178.6607415483169,125.83254108136674,-0.1396123000916051,0.0009699567645924745,0.0038062934549096027,0.1396156694393347,0.0026042924752433844
60.42096428199966,1780930042841717796,track_preview_car,1.1733927502834467,0.3509138253550088,-0.0019999380360105497,-8.776713007507669e-10,-6.561594537563642e-07,3.136838913309378,178.06475734542707,125.82767678485295,-0.13983194317419897,0.0012732651194468621,1.513057636977691e-06,0.1398377400272788,0.00670949260321563
60.53836354699979,1780930042959117282,track_preview_car,1.156614927900415,0.3510405971151764,-0.001999956114301366,-1.905813791977549e-09,-4.7007802152013663e-07,3.137594306367127,177.3489035904177,125.82226785641915,-0.13982468787468158,0.0011102335777475043,-1.2547594269257945e-06,0.13982909553397418,0.00594569507820069
60.63888100599979,1780930043059633288,track_preview_car,1.1426309475807348,0.35113064243351566,-0.001999961260431613,-3.637377329313647e-09,-4.227253892584145e-07,3.1381540808120048,176.75225376344468,125.81842592283667,-0.13974439700343091,0.0009006393314774497,0.0008307731333721482,0.13974729924065765,0.004684247147650484
60.75869803099977,1780930043179449932,track_preview_car,1.1258483499703769,0.3512223130353119,-0.001999966727412897,-3.569213211825933e-09,-3.6490590070513545e-07,3.1387393898761817,176.03619626540274,125.8145146438267,-0.13975508345324586,0.0007594540953405428,0.0008368537593728452,0.13975714694263994,0.0039630849830729386
60.86026389200015,1780930043281017536,track_preview_car,1.1118618193727996,0.3512852031965572,-0.001999995509832407,3.754057051170721e-10,-4.6936341706296647e-08,3.1391480774616487,175.43943762657278,125.81183133028023,-0.13969778398072255,0.0002775551868204993,0.004210287798203697,0.13969805970737875,0.0031418547879055966
60.96074334199966,1780930043381497036,track_preview_car,1.097882372905479,0.35133997340909706,-0.001999993381932493,-3.7651632933609165e-11,-7.030005209866079e-08,3.1394462425759664,174.8429812439671,125.80949446787852,-0.1398501511528185,0.0005800537596553861,1.07551412032586e-08,0.13985135408650956,0.0034909433170907337
61.06193899800019,1780930043482692953,track_preview_car,1.0838964267742217,0.35139324787170934,-0.001999992152645992,-1.0587826274668507e-10,-8.353396780055617e-08,3.1397639485777358,174.2462475423668,125.80722142414041,-0.13986175037090073,0.0005114818094972861,1.574335585829978e-08,0.13986268562577223,0.0031840035649458834
61.162122886999896,1780930043582874968,track_preview_car,1.0699175395423575,0.35142918106690507,-0.001999644762648052,-5.327709838159197e-12,-3.7393691946572904e-06,3.139962860757831,173.6498150204739,125.80568827447871,-0.13943977935098117,-8.604563928613453e-05,0.0003541532386558818,0.13943980589954347,0.0009060098371789148
61.263309897,1780930043684064372,track_preview_car,1.0559424753315683,0.3514614084791632,-0.00199997099313571,-2.183080326916028e-09,-3.040907912154161e-07,3.1401217782868125,173.0535456141469,125.80431323822236,-0.13954641960668093,7.215745018029805e-05,0.004298344200953678,0.13954643826247048,-0.0006973892328329281
61.37980193099975,1780930043800555555,track_preview_car,1.0391714284503084,0.3514981311678081,-0.001999957687017037,9.296086345796409e-10,-4.423884523443172e-07,3.1403185610781397,172.33798094721317,125.80274640350686,-0.13988273050499125,0.00040922282668019077,0.00015094181335664677,0.13988332908840098,0.0022152270641083134
61.49976995700035,1780930043920523280,track_preview_car,1.018539066403836,0.35154969880850706,-0.0019999820840857743,4.982880299397331e-10,-1.8721421496363167e-07,3.140693266817795,171.45766683323035,125.80054618417037,-0.27984312655553417,1.840585788440787e-05,0.0027337191275491144,0.2798431271608297,0.0011992894013264533
61.59987241999988,1780930044020625983,track_preview_car,0.9905564304436835,0.351580299726941,-0.0020027329922522948,-1.1510928001085344e-07,-3.549922621622096e-05,3.1408658668162257,170.26374103226382,125.79924054498385,-0.2799335362709451,0.0002803103815904759,-0.00276835296998745,0.279933676614777,0.001731320628641583
61.718164175999846,1780930044138918341,track_preview_car,0.956976194933089,0.3516080393143735,-0.001999950673059784,-7.73749529122624e-09,-5.368101899628477e-07,3.141018201200789,168.83098431714512,125.7980569892534,-0.2796536752885966,8.082571992263304e-05,0.0027904712823318485,0.27965368696875215,-0.0007775639465578992
61.82083006300036,1780930044241584279,track_preview_car,0.9289931758329876,0.3516268080115586,-0.001999990176588944,-1.1149441901124886e-09,-1.0312362239137473e-07,3.1411451450199417,167.63704216887413,125.79725619150683,-0.27984549852448964,-4.992974065270999e-05,0.001741953340992911,0.2798455029786956,0.0010126649871698872
61.922943020000275,1780930044343697165,track_preview_car,0.9010085406219895,0.3516451654377704,-0.001999987590486842,-3.3165303430329287e-10,-1.3241352953270008e-07,3.141262976336967,166.44303106653823,125.7964729413218,-0.2798489706019498,0.00016977962630044074,2.3737670485699523e-06,0.2798490221031556,0.0010411048439164944
62.03983750000043,1780930044460591625,track_preview_car,0.8674395087827236,0.3516590788172425,-0.001999957935988811,-3.007178707202551e-08,-4.1835830822793365e-07,3.141359634715849,165.01075237472955,125.79587930379765,-0.2798819341561242,0.00022877114798407452,6.501673696337404e-06,0.27988202765310105,0.001322231180622428
62.140751721000015,1780930044561503532,track_preview_car,0.839469754763024,0.35166643550323373,-0.0020012221708385035,-3.6155927151611465e-09,-1.6079648376686857e-05,3.141378399944991,163.81737620322235,125.7955654185287,-0.27988195806782357,6.672764260169013e-06,-0.0012477801061375677,0.2798819581473674,0.00048402315614741676
62.24344559099973,1780930044664200848,track_preview_car,0.8114924205213706,0.3516742830487419,-0.002003001851968586,1.8400256354492272e-07,-3.8338697209328856e-05,3.1414288547896385,162.6236766089118,125.79523058992035,-0.2799943816001526,0.0002029180915362138,-0.00365587444699979,0.27999445512974674,0.001446534767941863
62.36127562599995,1780930044782030141,track_preview_car,0.7779188038528364,0.35168135364692904,-0.002000329364904412,3.408837178731833e-08,-4.705913864340588e-06,3.1415102667045334,161.19120229772102,125.79492891106436,-0.27988359674060886,0.0002087009339893579,-0.00035622617377533474,0.27988367455166013,0.0012563688930055732
62.461655215000064,1780930044882408759,track_preview_car,0.7499331547167066,0.35168565269323854,-0.0019999800557485,-1.0932152587465803e-09,-2.147918616181445e-07,3.1415571874669688,159.9971479345795,125.79474548508848,-0.2798701191658256,6.660800099503324e-05,-6.692621252236964e-07,0.27987012709204817,0.000520986535494853
62.56442706500002,1780930044985181050,track_preview_car,0.7219445632182043,0.35168831388717997,-0.001999977093574315,-1.6005894553836502e-09,-2.4793612801605743e-07,3.1415829421397796,158.8029680306434,125.79463194081366,-0.2798913914075272,1.516969698959789e-05,8.401208395035636e-07,0.2798913918186147,0.0001818876594913303
62.66576075299963,1780930045086515219,track_preview_car,0.693963396369343,0.35168970699231844,-0.001999984489090403,2.5550965015905353e-09,-1.5101742942877253e-07,-3.141559833079239,157.60910491175864,125.79457250166108,-0.27965015906463747,-6.048510993712629e-06,0.0036334265552500984,0.27965015913004865,6.703176797220702e-05
62.78237107000041,1780930045203124493,track_preview_car,0.6603899506942974,0.3516908037880334,-0.0019999808976634147,9.974824447308697e-10,-1.9372643530834923e-07,-3.1415018477805075,156.17663789629003,125.79452570504391,-0.2798814443655528,-7.879804205264708e-05,0.008692372246977744,0.27988145545798393,0.0008249357919417119
62.89980670899968,1780930045320562447,track_preview_car,0.6268139196744718,0.3516878719162993,-0.0020056812106925078,-2.644750695124606e-05,3.975770045041693e-05,-3.1414136008292304,154.74406057277747,125.7946507982379,-0.27952765580023714,0.00015792992442974915,-0.005706089074294205,0.27952770041453295,-0.0011039560840263062
63.00340345299992,1780930045424164361,track_preview_car,0.5988336968543247,0.35168350154279765,-0.001999987578470037,3.8523181156338327e-10,-1.2853012595926408e-07,-3.141335817877401,153.5502377324512,125.7948372675073,-0.279978814855083,-0.00010300180432178489,0.006631501260349271,0.2799788338018225,0.0010815471510586731
63.10389853800007,1780930045524651200,track_preview_car,0.5708557644151432,0.35167753591941625,-0.001999999692343429,4.886396477476616e-10,-3.0884550934356444e-09,-3.1412718825350128,152.3565126150461,125.79509180077157,-0.2794564253078818,-0.00026129375217649395,0.005884533284665474,0.27945654746361664,0.003376846804609649
63.221784162000404,1780930045642537916,track_preview_car,0.53727390579161,0.3516663161966838,-0.0020014120869284472,1.787704689415939e-05,1.3158716019329991e-06,-3.141160745065588,150.9236866471087,125.7955705089415,-0.27993883951531195,-0.00028571687361047805,0.0003066154806375148,0.2799389853223581,0.002167959294767883
63.34164246599994,1780930045762397152,track_preview_car,0.5036865293965681,0.35164958781250844,-0.0020003121236784,-1.5863275094993168e-07,-4.7904469218235966e-06,-3.1409974421347986,149.4906252542536,125.79628425333297,-0.28002601296327634,-0.00019876668346487455,-0.0003405060071926552,0.28002608350706093,-0.0004128517405860248
63.44319648400051,1780930045863953705,track_preview_car,0.47570980059906376,0.3516348901293603,-0.0019999843353238076,4.36506171361576e-09,-1.5681063375583072e-07,-3.14092976459102,148.29695149222673,125.79691135448063,-0.2795456942084682,-1.8200120737796343e-05,0.004723207875242034,0.2795456948009373,4.403130165536074e-05
63.56232978600019,1780930045983109779,track_preview_car,0.4421444431130964,0.351616151685353,-0.00200968815348739,2.3720321018070525e-08,7.877034185500959e-07,-3.140862607233705,146.86482957282544,125.79771086142495,-0.2798783443921294,-0.00020446739899087192,-0.009748097856156903,0.27987841907977945,-0.0002915744183054219
63.682489144999636,1780930046103243431,track_preview_car,0.4085822242336415,0.35159499273452227,-0.0020015417173156725,-1.9620230256541463e-05,1.3629584286973587e-06,-3.1408066161402086,145.43284156730203,125.79861364332704,-0.2796669821028462,-1.6426457079067312e-05,-6.362644648406889e-05,0.2796669825852565,0.0009896556102368759
63.78504683099982,1780930046205800665,track_preview_car,0.380607084788738,0.35157859099480854,-0.0020017208300414572,-2.1879054180158866e-05,1.536109709170935e-06,-3.140634053410423,144.2392356176528,125.79931345088816,-0.2796159652892832,-3.080773863355874e-05,-0.00031532901822256727,0.27961596698646224,0.0011685531782013492
63.88584790799996,1780930046306601422,track_preview_car,0.35263719495799156,0.3515593467336002,-0.00200171177123973,-2.165182486182708e-05,1.6120843651003896e-06,-3.140448871472608,143.04585365154097,125.8001345393664,-0.279534396328788,-7.758893195716575e-05,-0.00030955732909989265,0.27953440709676924,0.0012062924135326095
64.00301889799994,1780930046423773033,track_preview_car,0.3190802593848995,0.35153054936807676,-0.0020017178370941562,-2.1713831314669935e-05,1.62879350974214e-06,-3.1402398319321243,141.61409106708905,125.80136322696205,-0.2794186900420627,-0.00021022068933980426,-0.000311110044422121,0.27941876912183355,7.865960741988329e-05
64.1038788779997,1780930046524632722,track_preview_car,0.29111943407277563,0.35149629566631124,-0.002001719710028454,-2.18191022263052e-05,1.5693702309618048e-06,-3.140150241411042,140.42109585377176,125.80282471823739,-0.27938429576758006,-0.0002949702255326709,-0.00030806741842703394,0.2793844514803582,-0.0008009474494832453
64.20558912399974,1780930046626343950,track_preview_car,0.2631620162341581,0.3514549034439108,-0.0020017142245099505,-2.1823288479992875e-05,1.5090387916265923e-06,-3.1401426651223674,139.22824602599076,125.80459078639313,-0.27935396160080067,-0.0003382326253764465,-0.0003030661500812085,0.279354166361217,-0.001441153388230393
64.30667257100049,1780930046727426806,track_preview_car,0.23520733133900368,0.3514096388923452,-0.002001706480624201,-2.1734274052924623e-05,1.4950468301620257e-06,-3.1401961297423546,138.0355128037975,125.8065220739266,-0.2793327679086327,-0.00036082874321147017,-0.0003002512466680403,0.2793330009592136,-0.0019149603039859658
64.42620854300003,1780930046846963981,track_preview_car,0.20166419012553607,0.35135288402298104,-0.002001703268943591,-2.1613622391757755e-05,1.5520232997818672e-06,-3.1403191794730763,136.60433877868954,125.80894361501947,-0.27931810596080453,-0.00036220728563829917,-0.00030301105953901885,0.27931834080784773,-0.002210300525426962
64.54417187299987,1780930046964927060,track_preview_car,0.16812270062431725,0.35129664046313763,-0.0020017096200885976,-2.160414819152967e-05,1.6253276394048927e-06,-3.1404798171007315,135.17323522663753,125.81134334023946,-0.2793082777026377,-0.00034474944548621724,-0.0003092429141755129,0.2793084904642069,-0.0023930264051535426
64.6451860240004,1780930047065939859,track_preview_car,0.14017231031633923,0.35125233385373317,-0.002001717662776959,-2.1699228755857132e-05,1.6378747919363087e-06,-3.140630741177435,133.9806852401638,125.81323375557405,-0.2793021603887958,-0.00031229839668110487,-0.00031209674868784435,0.27930233498511464,-0.0025086278359559818
64.76269395600048,1780930047183449253,track_preview_car,0.10663249046851098,0.3512049146991183,-0.0020017210515360516,-2.1823555625312857e-05,1.5799832698792963e-06,-3.140819505962462,132.54965292665648,125.81525697283762,-0.2792987245795431,-0.0002502356341599347,-0.0003095314431749275,0.2792988366779068,-0.002545998906210302
64.8666400560005,1780930047287393771,track_preview_car,0.07868275740179312,0.3511715677074402,-0.0020017158727601196,-2.1836049361796293e-05,1.516633324818432e-06,-3.1409724887320394,131.35713098247652,125.81667977781589,-0.2792998789094158,-0.0001923591298472778,-0.00030431231408812004,0.2792999451501006,-0.0024999661826599407
64.9869514510001,1780930047407709494,track_preview_car,0.04514268630955335,0.3511383705116569,-0.0020017061400970804,-2.1727547093798958e-05,1.4965318081828947e-06,-3.1411475039253403,129.9260879492076,125.81809619150263,-0.2793037773773295,-0.00013650141903778808,-0.0003005122582882887,0.279303810732833,-0.002433727639880814
65.10540937000042,1780930047526162323,track_preview_car,0.011601600609584208,0.3511118123113452,-0.002001702810404139,-2.1601490707478268e-05,1.5563431421099799e-06,-3.141301722938132,128.49500162600893,125.81922934138261,-0.2793155910829839,-7.807998552220416e-05,-0.0003033355059905147,0.279315601996238,-0.002094235176755023
65.22343060900039,1780930047644181558,track_preview_car,-0.021940385323541714,0.35109097419624696,-0.002001709308250743,-2.1594749248315012e-05,1.6291359598329376e-06,-3.1414297829684132,127.06387689286223,125.82011843429346,-0.27932104841448724,-3.7206876866376475e-05,-0.00030933390495123706,0.2793210508925527,-0.0018805336330808586
65.32527244500034,1780930047746026159,track_preview_car,-0.049892471458771126,0.3510778192358474,-0.0020017172175028713,-2.1690643794955288e-05,1.639688281715149e-06,-3.141517104379358,125.87125455109243,125.82067971260385,-0.27932335753828264,3.1759089126001193e-07,-0.000312028461767876,0.27932335753846316,-0.0017237981147083755
65.42711109599986,1780930047847864469,track_preview_car,-0.07784458013768668,0.3510688904659601,-0.0020017200613523106,-2.1791187291898873e-05,1.593954140225484e-06,-3.1415865153501437,124.6786312474587,125.82106067345237,-0.2793236434246011,4.667496926254082e-05,-0.000310072418214362,0.27932364732429377,-0.0015222761231407978
65.54692994600009,1780930047967682508,track_preview_car,-0.11138682827649563,0.3510638476705002,-0.002001713993731775,-2.1802499446723778e-05,1.522252351683166e-06,3.1415424191536236,123.24749532686953,125.82127583272532,-0.2793206293843531,8.86238657242234e-05,-0.00030379901975360245,0.2793206434438041,-0.0013670571414314463
65.66671065199989,1780930048087464306,track_preview_car,-0.14492942617442445,0.3510616036548375,-0.0020017045664038886,-2.1698693212346562e-05,1.5018082249778669e-06,3.1414938580597718,121.81634448322455,125.82137157739359,-0.27933146759875344,0.00010065485158685752,-0.0003001698353850084,0.27933148573383665,-0.0013739989299858845
65.76677063999978,1780930048187524615,track_preview_car,-0.17288249252638174,0.35106026105249605,-0.0020017018430408206,-2.1600788002954636e-05,1.546823408383168e-06,3.1414536966459634,120.62368031887438,125.82142886176017,-0.2793421757501563,0.00010443566988774677,-0.0003022722869904194,0.2793421952724657,-0.0013204240987915307
65.86703059000047,1780930048287781689,track_preview_car,-0.20083631615239914,0.3510590834009982,-0.002001706637350135,-2.1583169583915432e-05,1.6100084792875406e-06,3.141415759932792,119.4309838441643,125.82147910822408,-0.2793523265049056,0.00010627360774876657,-0.00030735665664771375,0.2793523467196635,-0.0012657121765415158
65.98678272300003,1780930048407535675,track_preview_car,-0.234381869723097,0.35105806445371557,-0.002001717260764411,-2.169681401666767e-05,1.6355385917996552e-06,3.1413713733110065,117.99970689181453,125.82152258330814,-0.2793655487938032,0.0001142858330675137,-0.00031182704969050115,0.2793655721704349,-0.001250601591959462
66.08784757499961,1780930048508600026,track_preview_car,-0.2623372492308601,0.3510580652364413,-0.0020017221797624133,-2.1824484091593983e-05,1.5910877712724743e-06,3.141331428857642,116.80694403281663,125.82152254991183,-0.2793781975239424,0.0001290260487278176,-0.0003106226650145332,0.2793782273181792,-0.001283333343988209
66.18946875399979,1780930048610223160,track_preview_car,-0.2902933065570277,0.35105928334385034,-0.0020017194234492088,-2.188183129531105e-05,1.5193533242347864e-06,3.141286149125331,115.61415225356681,125.82147057732905,-0.2793926672095832,0.00014793780548356204,-0.0003057038012062335,0.27939270637595254,-0.0013232528952205104
66.30729158400027,1780930048728046771,track_preview_car,-0.3238419277562391,0.3510623570023196,-0.0020017105062296635,-2.1824910720397648e-05,1.469067999239041e-06,3.141226849734669,114.1827444157338,125.8213394345677,-0.27942683043226935,0.0001701956865490812,-0.00030056879167451617,0.2794268822643876,-0.0012585411665858427
66.40778866300025,1780930048828539932,track_preview_car,-0.35180056881937527,0.3510658111919846,-0.002001705724174047,-2.1723766231524642e-05,1.4950495293588477e-06,3.1411774184898564,112.98984239704,125.82119205580865,-0.2794459332720529,0.00017932610756788943,-0.000301019223646902,0.2794459908106422,-0.001192703992727291
66.508287398,1780930048929039750,track_preview_car,-0.37976060142232476,0.35106965469176926,-0.0020017085322734905,-2.168101081651626e-05,1.5562727903376112e-06,3.1411314349529857,111.79688100598081,125.82102806648452,-0.2794661589139036,0.00018439648863568836,-0.0003056123407095932,0.27946621974785474,-0.0011008281425579438
66.62739371899988,1780930049048147854,track_preview_car,-0.413314589586349,0.35107457256336283,-0.0020017187390047823,-2.1765243126749455e-05,1.5995608794788097e-06,3.14107956733163,110.36524417764912,125.82081823729652,-0.2794889163633882,0.00018578546379565252,-0.00031112388963162326,0.2794889781122317,-0.001114604829536473
66.74556518000009,1780930049166319646,track_preview_car,-0.4468706780225392,0.3510800779666618,-0.0020017263643117506,-2.1927825265140854e-05,1.557246684513379e-06,3.1410215371694683,108.93351773770499,125.8205833400891,-0.27951679101211685,0.0001956413788900508,-0.00031069238736720813,0.27951685947946064,-0.00121868234980031
66.84602359600012,1780930049266777009,track_preview_car,-0.4748352473079375,0.35108570536370065,-0.002001724819684333,-2.200842069525604e-05,1.4808135289003416e-06,3.140962252615139,107.740362781528,125.82034323781544,-0.2795376430814912,0.00020854668149194962,-0.0003061360186847523,0.27953772087371953,-0.001355475930194146
66.94645936500001,1780930049367217187,track_preview_car,-0.5027955536533794,0.3510899649190976,-0.0020041831002291055,-2.411679315760152e-09,4.4032336571027316e-05,3.140747449419225,106.54738971078915,125.82016149678518,-0.2795765175049126,0.00016713044859696915,-0.004200630946179102,0.2795765674600815,-0.001894545318492739
67.04868260800049,1780930049469435610,track_preview_car,-0.5307505588582261,0.3510984730764659,-0.0019999876979131834,-5.4619575912268125e-08,-8.941582278177934e-08,3.1405132336704455,105.35464282204902,125.81979848207078,-0.2798485065762539,1.8586359803919512e-05,0.003982103627046481,0.27984850719346777,-0.0027530030172264524
67.16636637600004,1780930049587117656,track_preview_car,-0.5643272425648823,0.35111916817146493,-0.0020033970683199726,-1.1458774351709408e-09,-4.268089836938413e-05,3.1402815049801673,103.92203765056502,125.81891549135082,-0.2800222772617505,0.00021732839299721455,-0.0034067546646889078,0.2800223615972251,-0.0018285245176600923
67.26810775700051,1780930049688862503,track_preview_car,-0.5923101690801446,0.35114060860632323,-0.0019999988292924865,-1.7351359046295467e-09,-1.5993467128240636e-08,3.1400969137758823,102.7280994525805,125.81800069946354,-0.27976905267816604,9.898516954678066e-05,0.0026176560774010247,0.2797690701891512,-0.00030588446288828757
67.38613474799968,1780930049806887971,track_preview_car,-0.6258891673418217,0.351175244466207,-0.001999977910262424,9.84420674968532e-08,-3.0504774330249957e-07,3.139902128056936,101.29539552674895,125.81652290277516,-0.2799065776211221,0.0003714744062240673,-1.4402021105467676e-06,0.2799068241197484,-0.0014209538608412257
67.48751298000025,1780930049908268728,track_preview_car,-0.6538694748990136,0.351213563685977,-0.0020000978509959644,3.756227439131681e-08,-2.120870518558815e-06,3.139787867552099,100.10156907097542,125.81488794939831,-0.2799435487955101,0.0005127839857728285,-0.0001302630586055862,0.27994401843875893,-0.00014794329397661585
67.58874328500042,1780930050009497491,track_preview_car,-0.6818448925018576,0.3512577114376215,-0.0019999675578577284,1.8922329827317605e-09,-3.3458073999672114e-07,3.139719352306859,98.90795125325407,125.81300431199482,-0.27992600637651566,0.00024076457522324854,0.002748861097286692,0.27992610991739547,-0.0002288609899545612
67.71033026199984,1780930050131082814,track_preview_car,-0.7154288785560263,0.3513198962887523,-0.0019999351599688255,-3.75234751681196e-09,-6.985322027134626e-07,3.1398150098465427,97.47503451494288,125.8103510916799,-0.2796587936223851,0.00045444977507610464,0.0027992971861323197,0.2796591628660249,-0.0005565516030496992
67.8290347029997,1780930050249788848,track_preview_car,-0.7490102227981457,0.35138355507621033,-0.0020007921518781203,-2.8579055228865613e-07,-1.103353783721102e-05,3.1399939919699387,96.04223049394578,125.80763498341503,-0.2799145980341443,0.0006263196910326786,-0.000811945665928771,0.2799152987404796,0.001959671217678556
67.94835594400047,1780930050369112163,track_preview_car,-0.7825906562917722,0.35144380005434317,-0.002002691083120142,3.578429751467037e-05,1.206383356800701e-06,3.14021866793572,94.60946533155106,125.8050645310147,-0.27984117873969927,0.0002686452650581721,-0.0026134917592537644,0.27984130768830884,0.0033579243652159447
68.05003888800002,1780930050470793023,track_preview_car,-0.8105691567056522,0.35148699094014885,-0.002000231012306159,-3.062378845467285e-05,2.564074682903885e-05,3.140378328056856,93.41571598055884,125.80322171988698,-0.2799151236501223,0.0006051554034959399,-0.0002599664304676744,0.27991577779954746,0.0009777251950670001
68.16664142900026,1780930050587395374,track_preview_car,-0.8441303139055932,0.3515323562458018,-0.0020064878142708837,1.0398522410659596e-06,4.198858261192423e-05,3.1404883616308084,91.98377327336135,125.80128613351246,-0.2789317060553555,0.0003261585658956874,-0.00651948139005191,0.278931896746072,-0.003580775010899497
68.26668063800025,1780930050687434052,track_preview_car,-0.8720939172698281,0.35156671776321685,-0.0020037711322586607,-5.513935865402165e-11,3.969528097555463e-05,3.1405752116427306,90.79065952982066,125.79982004210275,-0.2788536279355738,0.00012712994163526493,-0.0004681872941618237,0.27885365691497305,-0.0013400722651907492
68.36773892699966,1780930050788492101,track_preview_car,-0.9000749520468302,0.3516029247708056,-0.001999942984740707,-3.1056907236808567e-09,-6.129423908960663e-07,3.1407791436142953,89.59680204600191,125.79827520977896,-0.27972650190622417,0.0004135718180073622,0.0008254740524626212,0.27972680763620333,0.0015594761170865383
68.46796136800003,1780930050888716124,track_preview_car,-0.9280565907320829,0.35163259146891623,-0.0020026923954191717,3.579731914076397e-05,1.210318897677654e-06,3.1409715182498226,88.40291879543113,125.79700943065957,-0.27983144135596355,7.900452091001628e-05,-0.002633827094126072,0.27983145250859554,0.003448697674272146
68.58765963299993,1780930051008414630,track_preview_car,-0.9616322234835275,0.35166068611009926,-0.0019999920612336795,-3.209145997707085e-08,-1.06396656405964e-07,3.141168837585816,86.97035846470283,125.79581072596909,-0.279857827532942,0.00025864793643058404,1.4300957451592183e-06,0.2798579470556678,0.0017965714152951956
68.68787017700015,1780930051108624001,track_preview_car,-0.9896155540547096,0.3516838469885609,-0.001999990277081831,-1.8406937059237736e-08,-1.1485995547185063e-07,3.1413403505386808,85.77640302699905,125.79482252848807,-0.27986892035426136,0.00019705743217824062,2.4394843339538564e-06,0.2798689897289292,0.0015274375451805348
68.80526889799967,1780930051226021089,track_preview_car,-1.0231927959366571,0.35169838155140576,-0.001999987650096342,3.712061649830113e-09,-1.0881008262799244e-07,3.1414849767428596,84.34377404003595,125.79420238714002,-0.2798925931440983,-7.544633386887829e-05,0.004666479843638459,0.279892603312551,0.0007966402246042802
68.90930022500015,1780930051330053318,track_preview_car,-1.0511665540167205,0.3517034162494372,-0.002000330549286593,1.5418529777079868e-07,-4.78651222520812e-06,3.1415418976684926,83.15022702861992,125.79398757335734,-0.27987855951319945,0.00015257067760321216,-0.0003548770693751924,0.2798786010987535,0.0007726167767967939
69.0106927249999,1780930051431444385,track_preview_car,-1.0791442489439909,0.35170771183280697,-0.0020085754470266005,-7.15190117196338e-09,1.4567056846776282e-05,-3.141565684158907,81.9565120450564,125.79380429513357,-0.27986609207410673,0.00017224412736630495,-0.009203291267553006,0.27986614507809227,0.0014337095178242173
69.1287688399998,1780930051549523576,track_preview_car,-1.1127177374359285,0.351708365955952,-0.0020037385933899094,-4.200018311079574e-08,-4.7178757565923826e-05,-3.1414771054621,80.52404320273371,125.79377638587938,-0.28004301478456367,0.00016115197025180466,-0.0037602905890229458,0.2800430611523607,0.0014528203253002252
69.23902289600028,1780930051659777472,track_preview_car,-1.1406909360258501,0.3517060669336846,-0.001999994258539118,2.0452356741775655e-09,-5.497469783289585e-08,-3.141413027323241,79.33052006289705,125.79387447749612,-0.2796329504384862,-9.097251322599768e-05,0.004935024121983381,0.2796329652364525,0.0003567856347248467
69.35034334600005,1780930051771097010,track_preview_car,-1.1742672825429725,0.35170110143548944,-0.0020020233826598456,-2.6536181380349076e-05,1.1970492256220103e-06,-3.141334746302056,77.89792927816652,125.79408633875245,-0.2799004677796561,0.0001333008978858202,-0.0005165148522571939,0.27990049952152585,-6.618194385807031e-05
69.4665339080002,1780930051887287713,track_preview_car,-1.2078440122576046,0.3516937394638405,-0.001998388773356319,1.1268533048079029e-07,1.988422920123363e-05,-3.1412448342910078,76.46532214367554,125.7944004495428,-0.2799124962552204,-0.00018109825963316957,0.005153011385628969,0.2799125548388432,-0.00013723944143866876
69.56943945800049,1780930051990194224,track_preview_car,-1.2358284145070226,0.3516878422957897,-0.002003711529700751,3.503254606274861e-08,-4.6909207067090465e-05,-3.141166961691891,75.27132098103371,125.79465206204631,-0.2801290713959236,-8.248457416539579e-05,-0.0037336993313654464,0.28012908353979854,0.00042728259570998586
69.6705774459997,1780930052091329537,track_preview_car,-1.2638132775319753,0.3516783386373115,-0.0020035657831509977,2.3420252616919723e-11,3.7533435646360655e-05,-3.141128101881234,74.07730015863572,125.79505755147471,-0.2788042188491557,-4.83671691640788e-05,0.0007417793434351681,0.2788042230445424,0.0005099824589794037
69.7880516639998,1780930052208805488,track_preview_car,-1.297385902825577,0.35166595464529093,-0.0020097393908635793,-6.002842443799137e-07,-1.8214139635613164e-07,-3.1410799202960433,72.6448681461087,125.79558593513426,-0.2799263642974192,-4.772938384038573e-05,-0.009769988972555934,0.2799263683665144,0.0004551839840700614
69.88995187399996,1780930052310705839,track_preview_car,-1.3253709083444634,0.35165235280551377,-0.0020017029674881956,-2.1703808140557575e-05,1.4818159859727149e-06,-3.1409457333932607,71.45084124396956,125.79616628029808,-0.27980659114505113,-8.091975129850972e-06,-0.0003040781123665199,0.27980659126206064,0.0009198110753824345
69.99200013999962,1780930052412754024,track_preview_car,-1.3533546499012585,0.3516360244231196,-0.0020017208389840387,-2.185362318538728e-05,1.555551378032305e-06,-3.1407739226493536,70.25686827087964,125.7968629579469,-0.27973040234893914,-2.7809644411097283e-05,-0.0003087629738807201,0.27973040373129926,0.001134726398966086
70.11255574500046,1780930052533309309,track_preview_car,-1.3869278428227825,0.3516142462456342,-0.0020017259265123094,-2.191210959251452e-05,1.5644905160828584e-06,-3.140544829646804,68.82441203956128,125.79779216018628,-0.2796360735690853,-4.881557180003825e-05,-0.00031077187319433335,0.279636077829909,0.0013551571605512228
70.2307348229997,1780930052651489218,track_preview_car,-1.4204914227473888,0.35158948729563055,-0.0020017179163246317,-2.1841732556127835e-05,1.5337689823836699e-06,-3.1403106708150026,67.39236596277809,125.7988485420531,-0.279467066146808,-0.00010548389219229329,-0.00030545537904782643,0.2794670860540752,0.0009560308409685218
70.33110827000019,1780930052751863216,track_preview_car,-1.44845561480157,0.3515643745873853,-0.0020017083164616963,-2.1759562526157084e-05,1.4952630599109046e-06,-3.140129747411136,66.19922710179969,125.79992001760489,-0.2794215781402644,-0.0002142953822540996,-0.00030045085856649845,0.2794216603144909,0.00011284436040069642
70.45143166100024,1780930052872185235,track_preview_car,-1.482008457174806,0.35151978982919563,-0.0020017025846077756,-2.1643249713251375e-05,1.5227045681855433e-06,-3.140031301260408,64.76763916054162,125.80182230062098,-0.279386561028881,-0.00032162175196701943,-0.0003008428125484467,0.2793867461496625,-0.0007831815092208341
70.55258244400011,1780930052973336739,track_preview_car,-1.509965733657751,0.35147340669755706,-0.00200170467404522,-2.1585580061326447e-05,1.5877106791307748e-06,-3.140036927544268,63.57479536393596,125.80380131423756,-0.2793555783175599,-0.0003852175380286584,-0.0003053621873296226,0.2793558439154083,-0.001435934506338647
70.65377907400034,1780930053074530164,track_preview_car,-1.537920237409443,0.35142238698085904,-0.002001712747539857,-2.163273961175361e-05,1.6365013850570068e-06,-3.1401033273436845,62.38206987053043,125.80597815548334,-0.2793314542428349,-0.00041409055298072636,-0.0003104606234542586,0.27933176117370373,-0.0019300085135124682
70.77116708199992,1780930053191921087,track_preview_car,-1.5714627607275038,0.3513598264554846,-0.002001721286039409,-2.177261511878416e-05,1.6206272595993335e-06,-3.1402412557842156,60.95092220895984,125.80864740456599,-0.2793130180456088,-0.0003996516030156877,-0.0003121294578969426,0.2793133039637575,-0.0022930417966706166
70.87508926400005,1780930053295842617,track_preview_car,-1.5994130882199238,0.3513100275537791,-0.002001720593886899,-2.184674329307184e-05,1.5578280822177217e-06,-3.1403873339065123,59.75837490261658,125.81077215770543,-0.2793002936012657,-0.00036560460797114565,-0.0003081789359870954,0.2793005328897218,-0.0025293130578375117
70.99394859800032,1780930053414703154,track_preview_car,-1.632952278454956,0.35125546697425786,-0.0020017111479882807,-2.179749083914278e-05,1.4962874504096929e-06,-3.1405834506026458,58.32736945258854,125.81310007576499,-0.27929408014284685,-0.00031245304958890674,-0.0003018337178972571,0.2792942549171879,-0.0026722988868723083
71.0961530730001,1780930053516907468,track_preview_car,-1.660901479086683,0.35121479146712403,-0.0020017036563568674,-2.1682036259582678e-05,1.5047567844322806e-06,-3.140753328417573,57.134870225634856,125.81483556406937,-0.2792942501825018,-0.00026980510176353187,-0.00030037041590554183,0.2792943805016471,-0.002687394342040697
71.21315357300045,1780930053633906385,track_preview_car,-1.6944408885301483,0.35117160923662216,-0.002001703706709585,-2.158636425615549e-05,1.5770150083787863e-06,-3.1409534470385183,55.70385542271367,125.81667800590412,-0.2792964447090567,-0.00022212302929267255,-0.00030474379350599047,0.2792965330356954,-0.002614956262832456
71.33137177499975,1780930053752125118,track_preview_car,-1.72739810377757,0.35194653924336033,-0.002004439316056729,7.517106420078424e-09,4.672978031954663e-05,-3.129220028160587,54.29768090549034,125.78361432561663,-0.2611439693288921,0.021205470002903352,-0.004547066086188369,0.26200352034828345,0.30670160927287193
71.43477371100016,1780930053855526764,track_preview_car,-1.7534144800711655,0.35386988680072173,-0.00200436387419741,1.161146399380136e-08,4.59354579203717e-05,-3.096200623351056,53.18764885029694,125.70155149650253,-0.2486452585117614,0.02885488709560116,-0.0044011049033620625,0.25031394106138105,0.5020761170684007
71.5358429200005,1780930053956596364,track_preview_car,-1.778451602569002,0.3562620305203595,-0.002004830701065383,2.971593275145837e-05,-3.428777337171976e-05,-3.0442567498749717,52.11939829038924,125.599486697798,-0.24348732592998057,0.025799027885762143,-0.005197556262392357,0.2448502965658464,0.6236911140835282
71.65045703800024,1780930054071209560,track_preview_car,-1.8077955017425482,0.3586023828285066,-0.0019999601691693012,7.256840253861924e-09,-4.4078874588502043e-07,-2.9654846792931684,50.867391925651276,125.49963166598371,-0.23936522600980353,0.013073836373622447,0.0042218023592376416,0.2397219986155809,0.692577226379793
71.75312972899974,1780930054173883533,track_preview_car,-1.8319952392377068,0.3592865475765553,-0.0019998195571011503,-9.843752960295274e-09,-1.9800553132464086e-06,-2.8929273155334725,49.834869792524515,125.47044063673364,-0.24770571786293946,0.002136663037404651,0.0023008795848718754,0.24771493291872734,0.7857517961974271
71.85313640700042,1780930054273891504,track_preview_car,-1.8560065191328026,0.3582844729383937,-0.00199995498903119,6.379304814820354e-07,1.9489620690177728e-08,-2.819403464898979,48.81038851700042,125.5131958212952,-0.238584648680017,-0.019609736480238348,0.00402669338926373,0.23938917341975086,0.7238986799987475
71.95529427800011,1780930054376052049,track_preview_car,-1.8798970843982885,0.3553040931720968,-0.002004051520791871,5.329016220412341e-07,-5.3785973083951755e-05,-2.7485359221056194,47.791057732339695,125.64035869132387,-0.24000690217527956,-0.03951082685560165,-0.0040890960326234035,0.24323737075249674,0.7097590678610058
72.05530486200041,1780930054476057755,track_preview_car,-1.90354081378063,0.3506105663395774,-0.002009550667569454,2.4700011348132856e-06,-8.262342673325319e-07,-2.6786297673472923,46.78225861202645,125.84061583617803,-0.2343212738593864,-0.057320608401402594,-0.009704665684700294,0.24123041170340132,0.669982275304519
72.17470509499981,1780930054595459049,track_preview_car,-1.9314252482201926,0.34239104901172457,-0.0019999394756434457,-9.009260383565498e-08,-5.676233620555196e-07,-2.6002310237839996,45.59252274260511,126.19131524216641,-0.22988003153827116,-0.07945919456253672,-1.7318413474049915e-06,0.243225394440144,0.6287351594245939
72.27588200500031,1780930054696633395,track_preview_car,-1.9541972652109758,0.33335436346434033,-0.002002159776882614,4.489818944890073e-08,-2.7918050644756915e-05,-2.541155356850073,44.6209166843317,126.57688049218814,-0.22550769880335994,-0.09970026692759301,-0.002199238507992774,0.24656412035213116,0.5637971597563028
72.37700737999967,1780930054797761424,track_preview_car,-1.9765004007943061,0.3223712164647667,-0.002005430640709439,3.6683006000763384e-05,-3.3353467814572945e-05,-2.488486890992237,43.66931623277627,127.04549476416996,-0.22015273286350964,-0.11869199083107745,-0.005485855271336273,0.2501100047473439,0.4970206925437932
72.49627495300047,1780930054917030080,track_preview_car,-2.002584750995364,0.3072025218104875,-0.0020040582220851107,-2.747633976089886e-05,2.3973916181578065e-05,-2.4292518407967125,42.55638395753114,127.69269240275253,-0.21223263953228333,-0.13794594490050127,-0.004086012913243783,0.253124034807705,0.4309201040329218
72.61531208999986,1780930055036067517,track_preview_car,-2.0277407020725016,0.28915151587808396,-0.0019999721678898826,7.624216372941374e-09,-2.9528342722590255e-07,-2.3857028520761827,41.48306337823993,128.46286865586842,-0.2055662493015697,-0.1558952418694586,0.003788813653630467,0.2579938163783235,0.34651843804654353
72.73241152599985,1780930055153166142,track_preview_car,-2.05208285114392,0.26926445352635414,-0.00200070297370661,5.011525575950095e-07,-9.384170118165982e-06,-2.3505945746846773,40.4444650178594,129.3113833162089,-0.2003995391939355,-0.17181339448421476,-0.002456258328780695,0.263969350177876,0.26547277619338894
72.83539362900046,1780930055256148315,track_preview_car,-2.0718560182646644,0.2513983263385816,-0.002001093977256812,4.006015299370022e-08,-1.422936192456e-05,-2.32786840511959,39.600809887374325,130.07367140955384,-0.19639066651959813,-0.18336727141924505,-0.002668697442969735,0.26868727197943537,0.20892026056668658
72.93773443099963,1780930055358490399,track_preview_car,-2.091247332153693,0.23380281443250955,-0.001999959026948142,-8.193128219305537e-09,-4.918876044989899e-07,-2.297518117990442,38.773447161442434,130.8244132508796,-0.19336570739169825,-0.18049933164713175,0.005354159206114917,0.2645190078617284,0.31342701029905506
73.05705858100009,1780930055477810031,track_preview_car,-2.114004926066479,0.21358767466104947,-0.0020032442699957367,7.102896459345625e-06,-3.434999614545166e-05,-2.2420767462528186,37.80245648783023,131.68692588112856,-0.18913425903162842,-0.1522282046402169,-0.0032489888962324576,0.2427863139211658,0.6666481456080403
73.15721930200016,1780930055577975831,track_preview_car,-2.1323144173744124,0.1973544677266665,-0.002000014262788452,-1.260342665063376e-07,2.1263392002171281e-07,-2.1797882600123546,37.02125152535841,132.3795427103289,-0.18711977136937652,-0.15694493401515602,0.005090705447903117,0.244224325468102,0.8053247722242096
73.27625385200008,1780930055697005703,track_preview_car,-2.1530781988842818,0.17728149159203882,-0.001999964523892886,3.0190596740532132e-09,-3.7456393517431035e-07,-2.095539397932474,36.135330180937316,133.23598969207302,-0.1651339381515486,-0.17241961609093615,0.009451610909294752,0.23874199786042102,0.7117148520936376
73.37655001999974,1780930055797303785,track_preview_car,-2.169094809092731,0.15957309021270938,-0.0019999461118265197,5.351419201318641e-09,-5.58786873568017e-07,-2.022547825096154,35.45195481204348,133.9915481509244,-0.15336848317097998,-0.18137809655600431,0.000497871873491113,0.23752874676646274,0.7375103150233309
73.4939290379998,1780930055914683042,track_preview_car,-2.1865861182349926,0.13682232087613946,-0.001999969941144816,9.312811990401962e-09,-3.386246982619797e-07,-1.9345583010812273,34.70565895530699,134.96224764261805,-0.136539230868578,-0.19541494020496408,0.003261055316402312,0.23839035303781175,0.7247901902206882
73.61463948999972,1780930056035391391,track_preview_car,-2.201911731080259,0.11233452993534483,-0.001999968409465557,-2.7023733070311794e-07,-1.4346689432805748e-07,-1.8492092102434063,34.05176614057562,136.00706005609194,-0.11659840140864437,-0.21002679265015098,0.005974149662501094,0.24022164940313118,0.6844377407151213
73.7178358680003,1780930056138592648,track_preview_car,-2.2127548603001648,0.09042302791043666,-0.001999682470555189,2.1469255590359655e-09,-3.342011624418721e-06,-1.7843045263412334,33.5891259605263,136.9419508091547,-0.10562778833712573,-0.22866171114542153,-0.00012352573432501343,0.25187974871542335,0.675946042110139
73.83624213700023,1780930056256996443,track_preview_car,-2.2234379431895235,0.06274783293527532,-0.0019999380828582447,4.856088442398009e-08,-5.196230172039407e-07,-1.7141293006639224,33.13331442391366,138.1227591280949,-0.0806161413589931,-0.2330286344587866,0.004542594842219492,0.24657920984004295,0.574350942480463
73.95501068999965,1780930056375764334,track_preview_car,-2.2315267755267216,0.033633136810035706,-0.0020016285161622424,-1.890786280272043e-06,-2.2332355896847467e-05,-1.6546020260456287,32.78819091085988,139.3649861627718,-0.05843326990606048,-0.251868687090307,-0.0015454685885435164,0.2585580835489571,0.46579463603878063
74.05661354699987,1780930056477365599,track_preview_car,-2.236481909615278,0.008517000789500061,-0.0019999808219695915,-2.618891458026556e-08,-2.1746814828032326e-07,-1.6122279780344055,32.576771856414794,140.43660796631465,-0.04096452587525855,-0.2564895216319988,0.004631137499702201,0.2597401915129738,0.37393630245186327
74.15709507100019,1780930056577846491,track_preview_car,-2.239878291497616,-0.017237754095189628,-0.0020044124200173275,3.5938330827741165e-05,-2.0594076959303245e-05,-1.577238922993794,32.431859562768395,141.53547750806143,-0.025360475985089476,-0.2604329485439752,-0.004429672931822421,0.26166481312835915,0.29903674633704264
74.25802049200047,1780930056678774667,track_preview_car,-2.241971615642485,-0.04349203089104565,-0.001999956012765765,6.436303768039948e-09,-4.4071968784890465e-07,-1.5482026123914643,32.34254439925398,142.6556599846846,-0.012588500344078409,-0.26539083805375074,0.007739324867509526,0.2656892306131075,0.23095352418378987
74.37747585800025,1780930056798229973,track_preview_car,-2.2428918335778176,-0.07558251136686316,-0.001999978465702125,8.917768005198652e-08,-1.5589384000260405e-07,-1.5220247441764891,32.30328176734645,144.02485381831949,-0.0011674567893350622,-0.26955997423573824,0.004652106623717411,0.26956250233540796,0.17929562414169326
74.49677269899985,1780930056917528648,track_preview_car,-2.2424157481047033,-0.10813372356758423,-0.0019984666609020106,4.5817184663008394e-07,1.893314688908663e-05,-1.5040445386066206,32.32359474753265,145.4137055388836,0.008935726602006339,-0.2718653886777364,0.005073738374789015,0.2720121996727399,0.11842504727541384
74.59743803200035,1780930057018191726,track_preview_car,-2.2412587775933694,-0.1354641157560221,-0.002003736268015796,-9.129581315946974e-09,-4.714308475787624e-05,-1.4937363874301723,32.372958822682904,146.57980227225693,0.014252313127993103,-0.2740420967420274,-0.0037544975952973885,0.2744124618457862,0.08660199158357959
74.69850325399966,1780930057119257248,track_preview_car,-2.239581752226366,-0.16295313219814955,-0.002000016177983317,7.46729526788993e-08,2.2896185922332474e-07,-1.4868341474301334,32.44451190500838,147.7526669737877,0.019112982899734593,-0.2760113894474731,0.004131823028517885,0.27667235716646904,0.052284573561734715
74.81797786100014,1780930057238730173,track_preview_car,-2.2370155247331605,-0.1962148803686394,-0.0020035347986373177,4.728028076025947e-05,1.3751618508164094e-06,-1.4828832661004874,32.55400427805182,149.1718348957286,0.022896267268426772,-0.27814972351634404,-0.0035549282094400787,0.2790905009975185,0.022438154870386723
74.93775081700005,1780930057358502257,track_preview_car,-2.234053446126798,-0.22959235229643365,-0.0020013649452900197,1.767955725143154e-05,9.695612019472771e-07,-1.483036941507985,32.68038629858995,150.59594036464784,0.02511438691931924,-0.27836052659050164,0.00043328825758997576,0.27949117194300543,-0.005001398207487211
75.03966775200024,1780930057460421637,track_preview_car,-2.2314317563493855,-0.2572906548170807,-0.0020017158305261143,-2.1811013727650122e-05,1.5344436249622183e-06,-1.4857723979807687,32.79224506242622,151.77773460552876,0.025750119145555014,-0.2768581675309299,-0.0002976977678986453,0.2780530768838833,-0.02867594515066571
75.15741631000037,1780930057578168201,track_preview_car,-2.228281095842887,-0.29043474591620894,-0.0020018645454357104,9.161563488444738e-06,-3.592499172326323e-05,-1.4908753837709874,32.92667324403682,153.19188249242492,0.025773093812269502,-0.2764972511971322,-0.001908526083939645,0.2776958449171072,-0.04366181482772581
75.25792385800014,1780930057678677572,track_preview_car,-2.225712840834044,-0.3179987443381268,-0.0020042457246997538,-5.1574871733582005e-05,7.38927798728607e-06,-1.4962693934677953,33.03625212441413,154.3679464250934,0.02532584571750332,-0.2754549789863649,-0.004272891672497516,0.27661678168485276,-0.061448384184551494
75.3597903939999,1780930057780544689,track_preview_car,-2.2232555720712823,-0.3455379688204671,-0.0019999936470914584,8.816666964905988e-08,-1.2716907135840464e-07,-1.5023302606555768,33.14109559162529,155.54295333633993,0.024046862901471382,-0.27553399748609325,0.0022790725095515234,0.27658133593225087,-0.061943119456642715
75.46177335799985,1780930057882528004,track_preview_car,-2.2209388461851525,-0.3730861989334531,-0.002001392170692773,1.810390376656858e-05,9.357973378464076e-07,-1.5087302903902342,33.23994256276683,156.71834448782732,0.02246748334700248,-0.27578254572513017,0.00030332384079254923,0.27669622392541127,-0.06362906697792892
75.57941573799962,1780930058000169663,track_preview_car,-2.218394773022702,-0.4061715441584627,-0.0020014010962540072,1.815135244704084e-05,9.937334859149698e-07,-1.516363588793122,33.34848968436472,158.1299858840944,0.020159188119615784,-0.2760800577082157,0.0002928373050682048,0.2768150847222994,-0.06106037850597372
75.69865826899968,1780930058119412003,track_preview_car,-2.2161327509191935,-0.4392993845419941,-0.0020014099110021387,1.7996420314172856e-05,1.2038428786240756e-06,-1.5235333893176606,33.44500262744775,159.54344040712508,0.017837667316017672,-0.27644490435576796,0.00030259505276996484,0.27701979625930456,-0.05666957804331775
75.80158968199976,1780930058222342615,track_preview_car,-2.21446416314964,-0.4669462576907257,-0.002001416859770373,1.794365001732332e-05,1.3168523739607456e-06,-1.5289548107231525,33.51619570561536,160.72304032813764,0.0159011865228541,-0.27682730835208336,0.0003114331823613471,0.27728362083306335,-0.05103459348331284
75.90212652799983,1780930058322883779,track_preview_car,-2.212983755559061,-0.49463254667335593,-0.0020014161631966023,1.7999137378952162e-05,1.2673490725685042e-06,-1.533775341284087,33.5793597628134,161.90432199139653,0.014078581876650441,-0.2772259988912658,0.0003147230398991629,0.2775832504473526,-0.04475836382865126
76.00383447399963,1780930058424588459,track_preview_car,-2.2116780718330458,-0.5223586299216214,-0.0020014081619704805,1.8123678769247764e-05,1.088608313881452e-06,-1.5379551832061213,33.635068935123385,163.08730154332252,0.012407330089057133,-0.2776198607190285,0.00030998317654995386,0.27789697534444596,-0.03822705551764746
76.10747202000039,1780930058528226486,track_preview_car,-2.210530868487878,-0.5501231087273801,-0.0020013990814813296,1.8223659164296735e-05,9.171091245188589e-07,-1.5414848535896337,33.684016277850546,164.27191930570154,0.010909846226321736,-0.27799500555145484,0.0003011181341445892,0.27820900031493484,-0.03170205430732716
76.22329437099961,1780930058644047724,track_preview_car,-2.2093357071014834,-0.5834866461779925,-0.0020013962640111505,1.8201998284148895e-05,9.03728734577286e-07,-1.5449037729146737,33.73500983033671,165.69543023692768,0.009456083015378364,-0.2783490954142774,0.00029699563376845095,0.2785096702521121,-0.025391209270896595
76.32459012399977,1780930058745343267,track_preview_car,-2.208471267945491,-0.6113274320210247,-0.002001402887006624,1.809535048264069e-05,1.0541417842814904e-06,-1.5470626609411162,33.77189256765905,166.8833037662304,0.008375619235951657,-0.27867208863960663,0.00030037258572301184,0.2787979267934868,-0.019338281191508936
76.44304360200022,1780930058863796334,track_preview_car,-2.2075561520845737,-0.6447731003710113,-0.002001414424206508,1.8006636517908192e-05,1.242704826687551e-06,-1.5489592332722606,33.810937511058185,168.31031894916316,0.007417221332686856,-0.278958884872871,0.0003096154249655629,0.2790574754809728,-0.013867852116738338
76.56243062799967,1780930058983185684,track_preview_car,-2.206750709084031,-0.6782591164417276,-0.002001415698250319,1.8037400093801016e-05,1.232615632191079e-06,-1.5500895124728422,33.84530307908135,169.73905563484703,0.006393801742887809,-0.27941764854997136,0.0003192935509116134,0.2794907923741365,-0.004884445790548213
76.66302732500026,1780930059083875936,track_preview_car,-2.20613496732038,-0.7061854346608742,-0.0020014087549663274,1.8157871573481087e-05,1.068155522489449e-06,-1.5506155854272807,33.8715747276638,170.93057854553064,0.00598784095573459,-0.27959090624903205,0.000315395169962661,0.27965501800694764,-0.001592343068226371
76.76351039600013,1780930059184264180,track_preview_car,-2.2055549983985774,-0.7341283344495775,-0.002001399613304872,1.8262100717637866e-05,8.92869540789425e-07,-1.5508223606090956,33.89632006832737,172.1228089365153,0.005708268805511477,-0.27973312096987196,0.0003063916711431489,0.27979135672908306,0.0011709213651104314
76.8645776960002,1780930059285332102,track_preview_car,-2.2049987380348295,-0.7620846908957876,-0.002001395695609501,1.8269074903321546e-05,8.462943462196861e-07,-1.5507648999909587,33.92005384384727,173.31561347822026,0.005549261669435345,-0.2798409797572746,0.0002988790812097014,0.2798959954279219,0.0033253916301393925
76.96502925799996,1780930059385785497,track_preview_car,-2.204454751548794,-0.7900512555093071,-0.0020014001186178854,1.817481708417623e-05,9.642537797310131e-07,-1.550502392235835,33.94326393391812,174.50885356839711,0.005491018261059473,-0.27992003834124074,0.0002987891076327225,0.27997389011567664,0.004962389255213579
77.08556911600044,1780930059506322900,track_preview_car,-2.203805046345429,-0.8236208992860284,-0.0020014114222246374,1.805070350489415e-05,1.177281659698218e-06,-1.5499823845645706,33.9709846892617,175.94115836953722,0.005548414043847678,-0.2799717411914489,0.00030634853491590325,0.28002671437592097,0.006112743982106812
77.18817974499962,1780930059608933279,track_preview_car,-2.203256065104694,-0.85159863438162,-0.0020014161221262837,1.8025872698129247e-05,1.2455618189783916e-06,-1.5494461031658882,33.99440788886638,177.13487506694912,0.005654172167649628,-0.2799585286507287,0.0003145508503291529,0.28001561996999796,0.006716131994623844
77.30687976399986,1780930059727633679,track_preview_car,-2.2025805525460065,-0.8851698412976715,-0.0020014113933779676,1.8131596790199198e-05,1.1156563218826192e-06,-1.5487404685680173,34.02322975803706,178.56724656203397,0.005832911878377431,-0.2799391012897943,0.00031496738587463935,0.2799998630212498,0.006992602194829581
77.42531246500039,1780930059846065969,track_preview_car,-2.2018823466861908,-0.918739686804184,-0.0020014004955072376,1.8264410016162776e-05,9.002799096616361e-07,-1.5480190635311784,34.05301987472252,179.99955997031185,0.006033882616148799,-0.2799370571876604,0.00030561030972489216,0.28000207807499017,0.006973664892899549
77.52676552400044,1780930059947518376,track_preview_car,-2.201280715984985,-0.9467158534493157,-0.0020013956132371507,1.828204158825096e-05,8.355306561831632e-07,-1.5474468230957283,34.0786894513073,181.1932097471708,0.006227760198842713,-0.27996165291716474,0.0002979665112524402,0.28003091276001174,0.006503968251098299
77.64505050000025,1780930060065804825,track_preview_car,-2.2005352017379756,-0.9802884938865526,-0.0020014006557749786,1.817063676041654e-05,9.730492341239443e-07,-1.5468106980576695,34.110498059179704,182.62564240582626,0.006428937051449739,-0.27996021580582214,0.00029780189954140674,0.28003402233595476,0.006182954617436744
77.74528162299976,1780930060166034606,track_preview_car,-2.1998958536605775,-1.0082644837980637,-0.002001409781637863,1.805363159196211e-05,1.1577944352818163e-06,-1.546307943378717,34.13777691048203,183.81928464205072,0.006583973418963192,-0.27994555225551443,0.00030564603481164296,0.28002296501113366,0.0060243682394243185
77.86401778300024,1780930060284771828,track_preview_car,-2.1991052839104084,-1.0418316134696448,-0.002001416061396979,1.8023246243374405e-05,1.2469394691607137e-06,-1.545767021601832,34.17150788648924,185.25148217470485,0.0067836718535644975,-0.27991213330802533,0.00031503301798664087,0.27999432240112765,0.005475789092365433
77.96493932700014,1780930060385693922,track_preview_car,-2.1984262836117163,-1.0697995019600077,-0.0020014124484762376,1.8109911512760798e-05,1.14324934196559e-06,-1.5454024850269648,34.2004785659001,186.44477875029366,0.0069599885645069024,-0.2798679997344789,0.0003154991402592624,0.2799545297297337,0.004577491335573685
78.06659036099973,1780930060487344757,track_preview_car,-2.1977328433722985,-1.0977642116962754,-0.0020014035205942918,1.822944905947535e-05,9.58686335863086e-07,-1.545102791302628,34.230065349448594,187.63793969904108,0.0070933722945822585,-0.2798367791299499,0.0003086289094043725,0.27992666697607416,0.003937143422488188
78.16823209799986,1780930060588985572,track_preview_car,-2.1970289267473198,-1.125726816207123,-0.0020013964869724154,1.828410788973476e-05,8.432266143465288e-07,-1.5448450366015671,34.260099125447695,188.83101082483725,0.007192469182325724,-0.2798155964275761,0.0002998902229052328,0.2799080199227218,0.003539310014580034
78.26864951199968,1780930060689400831,track_preview_car,-2.196314744206476,-1.1536862777689414,-0.002001397118888757,1.8227558575393594e-05,8.927466496175565e-07,-1.5446461077177471,34.290570913857024,190.02394785147484,0.007289793041099753,-0.27978377988661973,0.00029625270142745214,0.27987873190049034,0.0029635821561561125
78.36881314099992,1780930060789567437,track_preview_car,-2.1955906717204394,-1.181641885251831,-0.002001404888613735,1.810513020637897e-05,1.0673372989250401e-06,-1.544517801496552,34.32146467326125,191.21672043741145,0.007380819103446398,-0.27974450717741167,0.00030079628349306896,0.27984185853186927,0.0022616297490543093
78.48603574400022,1780930060906792864,track_preview_car,-2.194713855772147,-1.2151860892270132,-0.002001414687712855,1.8012446514718076e-05,1.24074826776779e-06,-1.5444035753333718,34.35887548705506,192.6479398070192,0.00747894416925851,-0.2796999816585516,0.00031096462999461865,0.2797999541559665,0.0014742360688836085
78.58722083199973,1780930061007971490,track_preview_car,-2.193976235579478,-1.2431368210501657,-0.00200141552226142,1.804984070442267e-05,1.2212037072584988e-06,-1.5443578960637205,34.39034728194228,193.8405043648071,0.007522850888604549,-0.2796837634660363,0.0003159247809557732,0.27978491887880214,0.00113364951855062
78.70823676600048,1780930061128990731,track_preview_car,-2.1930861349688238,-1.2766757735254495,-0.0020014067372459638,1.818765139844619e-05,1.0242915907878688e-06,-1.5443473966014887,34.42832490799685,195.2714996704192,0.00754944183127653,-0.27967397418063034,0.00031159749455526815,0.27977584939724826,0.000848650928090247
78.80836728600025,1780930061229120760,track_preview_car,-2.19234280362386,-1.3046237846147664,-0.0020013982401045865,1.8273482820505405e-05,8.69797093187974e-07,-1.5443660583983456,34.460040378715306,196.46394814356336,0.007556478401254765,-0.27966544205382526,0.00030266410202975396,0.2797675103456263,0.0006468416931890925
78.92666576800002,1780930061347419613,track_preview_car,-2.1914510398421854,-1.3381603197563743,-0.002001396694486379,1.8238286718043036e-05,8.802011659715964e-07,-1.5444124749510046,34.49808896673342,197.89484030960529,0.007548512828631402,-0.2796582841521806,0.0002962591632375683,0.2797601400143805,0.0005180226769921649
79.04576327599989,1780930061466516890,track_preview_car,-2.190560632685963,-1.3716961732355415,-0.0020014056174235077,1.8095264329995055e-05,1.082524487238539e-06,-1.544470920608508,34.53607967206558,199.32570339138312,0.0075343329702001124,-0.27965373275788796,0.00030120473674603875,0.27975520802788656,0.0004830728986966911
79.14606780400027,1780930061566822069,track_preview_car,-2.189819596816271,-1.3996423696412121,-0.002001413927168715,1.8013132673448893e-05,1.2322440264136082e-06,-1.5445210241229794,34.56769720250577,200.51807443802505,0.007524182385041196,-0.2796501307874993,0.0003101732151542963,0.2797513341702391,0.0004731609289243314
79.24721368500013,1780930061667967009,track_preview_car,-2.1890791576792226,-1.4275883305816144,-0.0020014159031235533,1.8037537476063236e-05,1.2345515107879887e-06,-1.5445716961173221,34.599289272353175,201.71043543814886,0.007517207540088513,-0.2796494090644899,0.0003158765873193905,0.27975042519953236,0.0004382060016500623
79.34802116100036,1780930061768777550,track_preview_car,-2.188339454358927,-1.4555344038447318,-0.002001409950368652,1.814783710821359e-05,1.088299399032759e-06,-1.5446251861411906,34.630849947352445,202.90280123070858,0.00750765899447536,-0.2796521609120146,0.00031383343250312155,0.279752919638628,0.00039833200522272145
79.45009902200036,1780930061870857705,track_preview_car,-2.1876012806816365,-1.4834806750714542,-0.002001400804782606,1.8256195030584116e-05,9.09903293283716e-07,-1.5446813372602293,34.662345357583504,204.0951754697154,0.007490474341938711,-0.27965434853205146,0.00030566926692211224,0.2797546458215723,0.00038617606781426984
79.56592272200032,1780930061986673741,track_preview_car,-2.186718589763281,-1.5170164697812307,-0.0020013959331332282,1.8264282484156516e-05,8.524877765911988e-07,-1.5447479554630035,34.70000683676669,205.52603604399917,0.0074636050024685825,-0.27965632235307236,0.0002970475034330844,0.27975590079867557,0.0004196887648496243
79.67034121899997,1780930062091095033,track_preview_car,-2.1859859587430557,-1.544963453860315,-0.002001400816942815,1.8162037059706856e-05,9.813845915430533e-07,-1.5447943813191796,34.731265760296296,206.71844069804013,0.007440274338143506,-0.2796597848331996,0.0002976631591908347,0.27975874058763267,0.0005224380999151785
79.78913104799994,1780930062209882828,track_preview_car,-2.1856249596702995,-1.57844339798068,-0.0019992878352349517,1.0801263346798533e-06,-8.315821899088785e-06,-1.5383534502842107,34.74666838740056,208.14691831384235,-0.03636646323774469,-0.2606430657777202,-5.652183245062878e-06,0.26316786921360896,0.5731225577273724
79.88915137500044,1780930062309904398,track_preview_car,-2.187298240748468,-1.604277610581624,-0.0019998267343725945,3.9225845736924385e-09,-1.8202332705144289e-06,-1.501161965898522,34.67527506139869,209.24917805148263,-0.028233428400190934,-0.2527649858604458,-0.0001360951255387926,0.25433691150963533,0.5683534823576183
80.00688796400027,1780930062427641428,track_preview_car,-2.1897771204977317,-1.6339696300500846,-0.0019999677952281837,-4.161294099449824e-07,-6.466628849072528e-07,-1.43211633129398,34.56950952543012,210.5160375488036,-0.01916798646322469,-0.2421998215396329,0.0023807596054573697,0.2429571263801175,0.6595623044384017
80.10865360200023,1780930062529407286,track_preview_car,-2.1911845805219228,-1.6581213145091176,-0.001999832892154466,-5.529058395364942e-09,-1.7813628807627267e-06,-1.3630537801214697,34.509457897731295,211.54650941905567,-0.012303313711587445,-0.23887769513824791,-3.512730758680402e-06,0.23919432426971893,0.7659177065966914
80.22644172299988,1780930062647196178,track_preview_car,-2.192892254243016,-1.6859925233829356,-0.0020024583885074844,-4.9769070575355785e-05,1.3224409206167726e-05,-1.2529819535271796,34.43659715229798,212.73568099767192,-0.01635201092455691,-0.22966124285114756,-0.002498700676770869,0.23024264315979912,1.1121998457271436
80.34558487100003,1780930062766339377,track_preview_car,-2.1938878629425003,-1.7128991629549657,-0.0020011856984681804,1.3330599925715087e-06,-1.7052347944741038e-05,-1.1142972457807774,34.39411784778666,213.88369761941186,0.00011232322119709122,-0.22276424458016628,-0.002698801653724892,0.22276427289823242,1.252266396817957
80.44962635499996,1780930062870380270,track_preview_car,-2.1931792074520957,-1.734915357679163,-0.001999854899204011,-1.272941700213981e-07,-1.6024327004796486e-06,-0.9838305260314177,34.424353815377245,214.82305526097764,0.017376211645947277,-0.21869479601592912,0.004006587607964969,0.21938401613520894,1.3331939469742524
80.5502050289997,1780930062970959294,track_preview_car,-2.190018139099212,-1.7566168808532183,-0.0019994027331670895,-4.667698477355082e-06,-2.743976104344636e-06,-0.8497750141677755,34.55922606510029,215.74898691640396,0.04657268959581674,-0.21598567933891305,0.0005042290180876745,0.22094983388923395,1.3211417392469729
80.65063828599978,1780930063071393132,track_preview_car,-2.183770695029231,-1.7776591249940579,-0.0019999365209006025,-1.713904511315906e-08,-6.85291485753162e-07,-0.7185765386087052,34.82578367875281,216.64678933307982,0.07284993330017281,-0.20547773711621695,0.004402022378667433,0.21800966316253226,1.3354265000738315
80.75231123000049,1780930063173064774,track_preview_car,-2.17459045677886,-1.7976010703390453,-0.002003370977342186,1.0363901759991658e-06,-4.371704094004948e-05,-0.5901956564812525,35.217473844101974,217.49764566779925,0.10746987250817484,-0.19256644304406298,-0.00341045126474217,0.22052575469447033,1.254837265503264
80.8696117620002,1780930063290362701,track_preview_car,-2.1594306832619568,-1.8194302461377108,-0.001999949220801438,-9.209840342586972e-08,-4.6335610552718065e-07,-0.4464442457764225,35.86429084748984,218.42902383520897,0.14141744755274396,-0.1716299190955303,1.583880522315867e-06,0.22238642854515955,1.1703179915003818
80.98893676500029,1780930063409690610,track_preview_car,-2.1396867569526647,-1.8382475555555524,-0.00200835698842974,-2.9230487423093037e-05,7.147009588391703e-06,-0.31989490193104164,36.70669837001964,219.23189570370357,0.18039344756665884,-0.14044287877967745,-0.00842876612820196,0.2286175805245696,0.9560124059690142
81.09059282399994,1780930063511346067,track_preview_car,-2.120446035140376,-1.8511259634898174,-0.00199996369353831,-6.846369308603178e-09,-3.942337870127404e-07,-0.2300555882116686,37.52763583401061,219.78137444223222,0.20392082150418037,-0.11516997580800084,0.002317724179884171,0.23419612458483444,0.8196163283043691
81.20994777299984,1780930063630701377,track_preview_car,-2.0944804123375524,-1.8632975218694392,-0.002007566283366079,-1.2032868268262785e-05,-2.9802404132943645e-06,-0.13974288718119576,38.635502406931096,220.3006942664294,0.22760602507303865,-0.08926906058460506,-0.007953872665279825,0.24448613013258358,0.6834641072961062
81.32970134599964,1780930063750455130,track_preview_car,-2.0664152489144123,-1.8721446607603183,-0.001999942453845879,2.4456966204052637e-08,-5.430308401460105e-07,-0.0648854553112228,39.83294937965174,220.67817219244023,0.24019148923276337,-0.06020375395974867,0.0036118451131243396,0.2476215731528629,0.5517361064566879
81.43116531600026,1780930063851918429,track_preview_car,-2.041722859372509,-1.877037751935266,-0.0019995155725665422,-2.1277922413444255e-07,2.809557956731813e-06,-0.01563451274013168,40.88649133343961,220.88694408257135,0.2556003115051476,-0.04002384942995423,0.00045568863721732436,0.25871495465998895,0.4439491085089351
81.53213415299979,1780930063952889059,track_preview_car,-2.0160993545055903,-1.8800533539756412,-0.0020013203787844396,2.9710016558910908e-05,-8.624835174319735e-06,0.023789585092744786,41.97976087442815,221.01560976962736,0.259593608149874,-0.022140074427264764,-0.0013792390215284442,0.260536032609532,0.35007707487874995
81.65122811800029,1780930064071979097,track_preview_car,-1.9845427420656687,-1.8815007479415289,-0.0019999195496074166,7.55863386507397e-09,-8.214848731746809e-07,0.05885351631920206,43.32617633853147,221.07736524550523,0.2658511074589016,-0.005055000426830391,-0.0001558171738471179,0.26589916202658426,0.2512811559076207
81.76977725500001,1780930064190531189,track_preview_car,-1.9522841084473292,-1.881045633627754,-0.0020098279571074615,-1.6910059664951205e-05,1.3171568403649794e-05,0.08217167123139466,44.70254470624728,221.05794703478415,0.2707018597948025,0.008273536174672325,-0.009946936504890504,0.27082826347558064,0.17068446513321778
81.8716949110003,1780930064292448836,track_preview_car,-1.9250928503560871,-1.8795932744521022,-0.0020036378834077453,2.608409469937908e-09,3.8293805104573674e-05,0.0942205056070825,45.86270505147361,220.99597970995637,0.27168502177395576,0.016711519227364826,-0.0038546677405489837,0.2721985046454175,0.10903532233110429
81.97429715999988,1780930064395050193,track_preview_car,-1.897507076171795,-1.8773020567195386,-0.0019999836238618384,-1.1609581078863461e-07,-8.421025614812012e-08,0.09899538465794067,47.039698083336745,220.8982210867003,0.276035270712549,0.02384984784933098,7.831881924831294e-06,0.27706368567494816,0.044584455188329396
82.09131727899967,1780930064512072135,track_preview_car,-1.8641350049457652,-1.8739573701434427,-0.001999976814870906,1.8013763574342738e-10,-2.433399094787636e-07,0.09867681181263759,48.46357312231402,220.75551445945354,0.27616380622024567,0.029996160343616296,2.0948909594877412e-05,0.27778808020038104,-0.032848198788840245
82.21055760000036,1780930064631312266,track_preview_car,-1.8310055625174446,-1.8703870806453033,-0.0020009526627012887,-1.2292100611882514e-05,7.137911142903753e-07,0.09415752539206516,49.8770959992557,220.60318210753292,0.2745776054294289,0.030649511557640917,0.0009863011906181237,0.2762829237612797,-0.0603909348077734
82.3294501219998,1780930064750204057,track_preview_car,-1.7980517650072627,-1.8667534568840483,-0.0019999939681350307,-7.637845934938495e-08,-1.2174042957289465e-07,0.08611629780605602,51.28312469302345,220.44814749371938,0.2742266974419405,0.03010640473931934,0.0023104134533837644,0.2758743866259448,-0.08077799753363324
82.43079351300003,1780930064851547247,track_preview_car,-1.7706671557557103,-1.863812226153152,-0.0020025604761251536,3.660650851331702e-05,3.2078921883328876e-06,0.07749395572827657,52.451534687756364,220.32265498253446,0.273507154854964,0.028787912793638067,-0.0025684375198871527,0.2750180133734359,-0.09483192932451824
82.55116588600049,1780930064971920743,track_preview_car,-1.7378515135997392,-1.8605308482156024,-0.0020007944344015284,-1.5850960222123198e-08,-1.0191690622709836e-05,0.06604051762752765,53.85166875307779,220.18264952386568,0.2731834828763556,0.025565085107200146,-0.0008047725333606597,0.2743770925077282,-0.09356470198194132
82.65351842200016,1780930065074271865,track_preview_car,-1.710500883076192,-1.8580698010044023,-0.0020000245804756597,3.1691270187433917e-07,1.371226497227428e-08,0.0562014710385361,55.01862898874914,220.0776448428545,0.27309342111794244,0.023596302832943557,0.0014667119896162248,0.27411093040097073,-0.10306452385545416
82.77290879599968,1780930065193661799,track_preview_car,-1.6776632103077167,-1.8554868926933596,-0.0019999768501421447,1.185696152669349e-09,-2.3145026087945778e-07,0.04461160141645641,56.41970302687075,219.96744075491665,0.2735632572839798,0.02002066027856966,0.004930026217554068,0.2742948825148052,-0.09931965918888264
82.89016701200035,1780930065310920666,track_preview_car,-1.644755010178073,-1.8533210005053395,-0.001999985852405187,-1.996878391294057e-10,-1.439602693753548e-07,0.0335394702546015,57.82378623240221,219.87502935489448,0.2743827369009707,0.01629982373011274,0.00581688169556366,0.274866459508795,-0.08968975843242638
83.00877078400026,1780930065429524077,track_preview_car,-1.6117409704843346,-1.8515758853691016,-0.00199999499730642,1.6440283974242254e-07,-1.765321089493428e-07,0.023438721888655364,59.23238525933506,219.80057110908166,0.27556633536747616,0.012537738339847454,4.475172355555976e-05,0.2758514094046627,-0.07777249950815332
83.10898220000036,1780930065529736314,track_preview_car,-1.5841681239881724,-1.8504450393623835,-0.002000088433338568,1.0718797106523627e-06,1.1943955441136802e-07,0.016079385003833067,60.40882670983798,219.75232167946172,0.276421823484337,0.00976525259404493,0.0016065122273520218,0.27659425998496695,-0.06410057665936456
83.22555538000051,1780930065646307261,track_preview_car,-1.5509998976583645,-1.8494456669389885,-0.001999980999110356,-2.5682150907047782e-08,-2.2074353103439406e-07,0.008633393512550677,61.824004366576446,219.70968178939683,0.27693631097019555,0.006798028326860815,2.293416409178954e-05,0.2770197348979196,-0.05603613801888912
83.32839831100046,1780930065749149761,track_preview_car,-1.5232956144454628,-1.8488666665602176,-0.002005491017972419,3.648484994875856e-05,-3.3198894126791286e-05,0.003485375034786856,63.00605378366025,219.68497777323597,0.27793231472273955,0.005094609547113384,-0.005511137826706338,0.2779790039078086,-0.04721204187981875
83.43011914700037,1780930065850871920,track_preview_car,-1.4955405679144285,-1.8484912764482486,-0.002005509294211605,2.0255872319498443e-05,3.3996331692327905e-05,-0.0007810318821717212,64.19026910231773,219.6689611284586,0.27779886309389823,0.0027056171951516063,-0.005522447002798583,0.2778120384372663,-0.03630716730789771
83.54754518400023,1780930065968296614,track_preview_car,-1.4621809927129543,-1.8482803099056984,-0.0020009813931912476,1.2995236037462613e-05,4.831233229739994e-07,-0.004646404149573525,65.6136109775806,219.6599598893098,0.27834330760237497,0.0007174166351820802,0.0009411618247657654,0.27834423215446513,-0.02302024189735338
83.65190648800035,1780930066072660714,track_preview_car,-1.4343282036129055,-1.848267453124441,-0.0020014397840381077,1.873607523665648e-05,9.569032635349934e-07,-0.006808002127992457,66.80199664584936,219.6594113333095,0.27889464640960115,-0.00029764134173329327,0.0002464333593126155,0.27889480523363064,-0.01731072802657732
83.77248822900037,1780930066193241592,track_preview_car,-1.4008604789846149,-1.8483819981291034,-0.0020014027761105888,1.8136330731924378e-05,1.0226689003016623e-06,-0.008554809184762957,68.22995289665644,219.66429858684177,0.27914741223754225,-0.0011097946516688247,0.00030823834923311537,0.2791496183108356,-0.012605936620587664
83.87483263700051,1780930066295588956,track_preview_car,-1.3729413739478609,-1.8485326878498392,-0.0019999913206045984,-6.91569740666267e-08,-1.4230947760656984e-07,-0.009828089650396412,69.42116804489126,219.67072801492645,0.2793007674198062,-0.0018046611522993575,-8.000696662687213e-07,0.27930659763630233,-0.01177470556530567
83.9901480059998,1780930066410900919,track_preview_car,-1.3394030755491773,-1.8487986095060192,-0.002002417168822324,1.896288001385757e-07,-3.0962007567957064e-05,-0.010782027838249155,70.85213544323511,219.68207400559015,0.27978110951445806,-0.002564778364165271,-0.0033361226757586257,0.27979286504340756,-0.00549192385804355
84.09101581800041,1780930066511768731,track_preview_car,-1.3239861345783082,-1.8489123916111265,-0.0020034732850865837,3.21339305264988e-08,-4.989146619972228e-05,-0.011314735769109149,71.50992492465886,219.6869287087414,0.14012980718559942,-0.001652953788460969,-0.0037556912367704845,0.14013955586521623,0.00010741819700332696
84.1946775639999,1780930066615430897,track_preview_car,-1.3099973675852745,-1.8490911188572323,-0.0019997574412901216,-3.875067704596573e-10,-2.5551244947841344e-06,-0.011041154907246433,72.10677898302828,219.69455440457523,0.13989064834108317,-0.0017716150972983762,-3.451498986119239e-07,0.13990186601093485,0.0027810262940099854
84.29477514900009,1780930066715528493,track_preview_car,-1.2960125724351985,-1.849277989042914,-0.001999787720782354,-1.0953548124638016e-09,-2.2391798362838685e-06,-0.010602294684943243,72.70346357609819,219.70252753249764,0.13984787550496214,-0.001839006088223669,-2.6597742533991663e-07,0.13985996649021448,0.0044019449887421685
84.395061016,1780930066815891242,track_preview_car,-1.2820305194025743,-1.8494663326201617,-0.001999811285205334,-1.5101640289155195e-09,-1.992768605884393e-06,-0.010058039739494994,73.30003117215682,219.71056352512687,0.13982068369369618,-0.0018460832308403122,-2.098966959244303e-07,0.13983287028402094,0.005450442750274555
84.51535548999982,1780930066936110837,track_preview_car,-1.2652545011835785,-1.8496891423400474,-0.00199983378915005,-1.648910544268138e-09,-1.7564372400832598e-06,-0.009308970650194865,74.01580794950064,219.72007007317535,0.13979152375365506,-0.00183139810445033,-1.7024447261955456e-07,0.13980351974247893,0.006583851442254214
84.63728971599994,1780930067058043060,track_preview_car,-1.2484795915298192,-1.8499025819328772,-0.0019998530871321394,-1.5075780039974153e-09,-1.552752809475494e-06,-0.008513973207777156,74.73153742806105,219.72917682913607,0.139788941686669,-0.0017301588226116998,-1.5440924865947615e-07,0.13979964830939456,0.006713195820328672
84.75349996600016,1780930067174254392,track_preview_car,-1.2317048120251541,-1.8501031806388104,-0.0019998714100997305,-1.2374740788677798e-09,-1.358826215842211e-06,-0.007710918894380603,75.44726135359343,219.73773570725592,0.13979062585153568,-0.0016141628510277519,-1.5203373711207558e-07,0.1397999449129851,0.0066700907951985355
84.85886650199973,1780930067279620858,track_preview_car,-1.2177254443590506,-1.8502590376627936,-0.001999886645057721,-1.0482528023851017e-09,-1.1977229244172746e-06,-0.007055028685857893,76.04371437401383,219.74438560694585,0.1397957341203545,-0.0015071807937204452,-1.5203587929410457e-07,0.139803858574053,0.006481174948680911
84.97582607500044,1780930067396580130,track_preview_car,-1.2009495002715638,-1.850431996686708,-0.001999904625645597,-9.941757047515327e-10,-1.0082543240766028e-06,-0.006294979328052016,76.75948798841327,219.75176519196623,0.13980138250682048,-0.0013826777409841388,-1.4559747701074764e-07,0.1398082198890814,0.006255130230567709
