t_wall,stamp_ns,visible,stable,stable_count,name,kind,maneuver,score,area_px,bbox_w,bbox_h,center_x,center_y,last_applied
0.13346951299990906,47203000000,False,False,0,,,,0.0,0,0,0,0,0,camera_sign_turn_left
0.1338308220001636,47310000000,False,False,0,,,,0.0,0,0,0,0,0,camera_sign_turn_left
0.1339332759998797,47310000000,False,False,0,,,,0.0,0,0,0,0,0,camera_sign_turn_left
0.13402934800024013,47310000000,False,False,0,,,,0.0,0,0,0,0,0,camera_sign_turn_left
0.14905516299995725,47406000000,False,False,0,,,,0.0,0,0,0,0,0,camera_sign_turn_left
0.18294210200019734,47406000000,False,False,0,,,,0.0,0,0,0,0,0,camera_sign_turn_left
0.22834928800011767,47406000000,False,False,0,,,,0.0,0,0,0,0,0,camera_sign_turn_left
0.2768338760001825,47503000000,False,False,0,,,,0.0,0,0,0,0,0,camera_sign_turn_left
0.2875026120000257,47503000000,False,False,0,,,,0.0,0,0,0,0,0,camera_sign_turn_left
0.323356338999929,47503000000,False,False,0,,,,0.0,0,0,0,0,0,camera_sign_turn_left
0.34612234499991246,47600000000,False,False,0,,,,0.0,0,0,0,0,0,camera_sign_turn_left
0.3878291450000688,47600000000,False,False,0,,,,0.0,0,0,0,0,0,camera_sign_turn_left
0.4496787440002663,47701000000,False,False,0,,,,0.0,0,0,0,0,0,camera_sign_turn_left
0.4551589259999673,47701000000,False,False,0,,,,0.0,0,0,0,0,0,camera_sign_turn_left
0.4866026869999587,47701000000,False,False,0,,,,0.0,0,0,0,0,0,camera_sign_turn_left
0.5261909460000425,47701000000,False,False,0,,,,0.0,0,0,0,0,0,camera_sign_turn_left
0.5452388520002387,47801000000,False,False,0,,,,0.0,0,0,0,0,0,camera_sign_turn_left
0.5899269470000945,47801000000,True,False,1,camera_sign_turn_left,turn_left_sign,left,0.38508771422037064,720,16,45,616,265,camera_sign_turn_left
0.6118125560001317,47801000000,True,True,2,camera_sign_turn_left,turn_left_sign,left,0.35143208259784575,901,17,53,619,264,camera_sign_turn_left
0.681262992000029,47901000000,True,True,2,camera_sign_turn_left,turn_left_sign,left,0.35143208259784575,901,17,53,619,264,camera_sign_turn_left
0.6884529710000606,47901000000,True,True,2,camera_sign_turn_left,turn_left_sign,left,0.35143208259784575,901,17,53,619,264,camera_sign_turn_left
0.7130515869998817,47901000000,True,True,2,camera_sign_turn_left,turn_left_sign,left,0.35143208259784575,901,17,53,619,264,camera_sign_turn_left
0.7661399319999873,48004000000,True,True,2,camera_sign_turn_left,turn_left_sign,left,0.35143208259784575,901,17,53,619,264,camera_sign_turn_left
0.797937673999968,48004000000,True,True,2,camera_sign_turn_left,turn_left_sign,left,0.35143208259784575,901,17,53,619,264,camera_sign_turn_left
0.8403433980001864,48106000000,True,True,2,camera_sign_turn_left,turn_left_sign,left,0.35143208259784575,901,17,53,619,264,camera_sign_turn_left
0.8468527429999995,48106000000,True,True,2,camera_sign_turn_left,turn_left_sign,left,0.35143208259784575,901,17,53,619,264,camera_sign_turn_left
0.8765095270000529,48106000000,True,True,2,camera_sign_turn_left,turn_left_sign,left,0.35143208259784575,901,17,53,619,264,camera_sign_turn_left
0.9233983730000546,48106000000,True,True,2,camera_sign_turn_left,turn_left_sign,left,0.35143208259784575,901,17,53,619,264,camera_sign_turn_left
0.9536628270002439,48204000000,True,True,2,camera_sign_turn_left,turn_left_sign,left,0.35143208259784575,901,17,53,619,264,camera_sign_turn_left
0.9991313450000234,48204000000,True,True,2,camera_sign_turn_left,turn_left_sign,left,0.35143208259784575,901,17,53,619,264,camera_sign_turn_left
1.0462647089998427,48303000000,False,False,0,,,,0.0,0,0,0,0,0,camera_sign_turn_left
1.0557601290001912,48303000000,False,False,0,,,,0.0,0,0,0,0,0,camera_sign_turn_left
1.0879938759999277,48303000000,False,False,0,,,,0.0,0,0,0,0,0,camera_sign_turn_left
1.1341345740001998,48303000000,False,False,0,,,,0.0,0,0,0,0,0,camera_sign_turn_left
1.1545239229999424,48405000000,False,False,0,,,,0.0,0,0,0,0,0,camera_sign_turn_left
1.1777586210000663,48405000000,False,False,0,,,,0.0,0,0,0,0,0,camera_sign_turn_left
1.2113192719998551,48405000000,False,False,0,,,,0.0,0,0,0,0,0,camera_sign_turn_left
1.2671579500001826,48505000000,False,False,0,,,,0.0,0,0,0,0,0,camera_sign_turn_left
1.3004620649999197,48505000000,False,False,0,,,,0.0,0,0,0,0,0,camera_sign_turn_left
1.323597614999926,48505000000,True,False,1,camera_sign_speed_limit,speed_limit_sign,,0.35858667128922284,961,31,31,667,204,camera_sign_turn_left
1.344177992999903,48606000000,True,True,2,camera_sign_speed_limit,speed_limit_sign,,0.41186577937417124,1394,41,34,670,203,camera_sign_turn_left
1.4010672300000806,48606000000,True,True,3,camera_sign_speed_limit,speed_limit_sign,,0.4089154931909161,1394,41,34,670,203,camera_sign_turn_left
1.4215677950001009,48606000000,True,True,4,camera_sign_speed_limit,speed_limit_sign,,0.3783739658818682,1271,41,31,670,203,camera_sign_turn_left
1.4543266750001749,48708000000,True,True,5,camera_sign_speed_limit,speed_limit_sign,,0.38375349149688104,1271,41,31,670,203,camera_sign_turn_left
1.489772319000167,48708000000,True,True,6,camera_sign_speed_limit,speed_limit_sign,,0.41208964417850635,1394,41,34,671,203,camera_sign_turn_left
1.525259202000143,48708000000,True,True,7,camera_sign_speed_limit,speed_limit_sign,,0.399660695656184,1394,41,34,671,202,camera_sign_turn_left
1.549479612000141,48804000000,True,True,8,camera_sign_speed_limit,speed_limit_sign,,0.40850579846457197,1435,41,35,671,202,camera_sign_turn_left
1.5863812830002644,48804000000,True,True,9,camera_sign_speed_limit,speed_limit_sign,,0.40398859307795354,1435,41,35,671,202,camera_sign_turn_left
1.6388355530002627,48804000000,True,True,10,camera_sign_speed_limit,speed_limit_sign,,0.37590247267224963,1271,41,31,671,202,camera_sign_turn_left
1.6587158259999342,48904000000,True,True,11,camera_sign_speed_limit,speed_limit_sign,,0.3727325998503781,1271,41,31,671,202,camera_sign_turn_left
1.6796317739999722,48904000000,True,True,12,camera_sign_speed_limit,speed_limit_sign,,0.4076608471882853,1394,41,34,671,202,camera_sign_turn_left
1.7128340350000144,48904000000,True,True,13,camera_sign_speed_limit,speed_limit_sign,,0.39761683365761946,1394,41,34,671,202,camera_sign_turn_left
1.7671927810001762,49007000000,True,True,14,camera_sign_speed_limit,speed_limit_sign,,0.41167077570785293,1540,44,35,671,201,camera_sign_turn_left
1.8024883309999495,49007000000,True,True,15,camera_sign_speed_limit,speed_limit_sign,,0.4029200043836353,1496,44,34,671,202,camera_sign_turn_left
1.8357405930000823,49007000000,True,True,16,camera_sign_speed_limit,speed_limit_sign,,0.40348544285830024,1496,44,34,671,201,camera_sign_turn_left
1.8477990549999959,49105000000,True,True,17,camera_sign_speed_limit,speed_limit_sign,,0.4083043443977631,1540,44,35,671,201,camera_sign_turn_left
1.890266134000285,49105000000,True,True,18,camera_sign_speed_limit,speed_limit_sign,,0.40673800822243245,1540,44,35,672,201,camera_sign_turn_left
1.9348849080001855,49105000000,True,True,19,camera_sign_speed_limit,speed_limit_sign,,0.4101850833607181,1584,44,36,672,201,camera_sign_turn_left
1.9590297650001958,49206000000,True,True,20,camera_sign_speed_limit,speed_limit_sign,,0.4032696066864191,1496,44,34,672,201,camera_sign_turn_left
2.0162602270002026,49206000000,True,True,21,camera_sign_speed_limit,speed_limit_sign,,0.4062146845814245,1530,45,34,673,201,camera_sign_turn_left
2.027743580999868,49206000000,True,True,22,camera_sign_speed_limit,speed_limit_sign,,0.4067550820565502,1540,44,35,673,200,camera_sign_turn_left
2.0587527400002728,49305000000,True,True,23,camera_sign_speed_limit,speed_limit_sign,,0.41201459131940793,1620,45,36,674,200,camera_sign_turn_left
2.0800873590001174,49305000000,True,True,24,camera_sign_speed_limit,speed_limit_sign,,0.3975724090264875,1540,44,35,674,200,camera_sign_turn_left
2.123500131000128,49305000000,True,True,25,camera_sign_speed_limit,speed_limit_sign,,0.39884643371509,1575,45,35,675,200,camera_sign_turn_left
2.181514578000133,49408000000,True,True,26,camera_sign_speed_limit,speed_limit_sign,,0.40289016560646174,1620,45,36,676,199,camera_sign_turn_left
2.18994007099991,49408000000,True,True,27,camera_sign_speed_limit,speed_limit_sign,,0.4169910752411432,1728,48,36,676,199,camera_sign_turn_left
2.222768169000119,49408000000,True,True,28,camera_sign_speed_limit,speed_limit_sign,,0.4084265866464632,1680,48,35,677,199,camera_sign_turn_left
2.2568567849998544,49509000000,True,True,29,camera_sign_speed_limit,speed_limit_sign,,0.4070669748064731,1620,45,36,678,199,camera_sign_turn_left
2.2797675249998974,49509000000,True,True,30,camera_sign_speed_limit,speed_limit_sign,,0.4157900405314728,1755,45,39,679,198,camera_sign_turn_left
2.3161180130000503,49509000000,True,True,31,camera_sign_speed_limit,speed_limit_sign,,0.4069504471585552,1728,48,36,680,198,camera_sign_turn_left
2.3738369910001893,49604000000,True,True,32,camera_sign_speed_limit,speed_limit_sign,,0.4125948818102812,1764,49,36,681,198,camera_sign_turn_left
2.3859722380002495,49604000000,True,True,33,camera_sign_speed_limit,speed_limit_sign,,0.42100983803785874,1911,49,39,682,197,camera_sign_turn_left
2.4189548899998954,49604000000,True,True,34,camera_sign_speed_limit,speed_limit_sign,,0.40549940575316723,1728,48,36,683,197,camera_sign_turn_left
2.49357821600006,49706000000,True,True,35,camera_sign_speed_limit,speed_limit_sign,,0.41950772453645213,1911,49,39,684,197,camera_sign_turn_left
2.501378245000069,49706000000,True,True,36,camera_sign_speed_limit,speed_limit_sign,,0.4188003662057217,1960,49,40,686,197,camera_sign_turn_left
2.526967185000103,49706000000,True,True,37,camera_sign_speed_limit,speed_limit_sign,,0.4082418803898754,1800,50,36,687,196,camera_sign_turn_left
2.549921839000035,49808000000,True,True,38,camera_sign_speed_limit,speed_limit_sign,,0.4197636749202648,2000,50,40,688,196,camera_sign_turn_left
2.5999293730001227,49808000000,True,True,39,camera_sign_speed_limit,speed_limit_sign,,0.4103461321618991,1950,50,39,690,196,camera_sign_turn_left
2.6497350700001334,49909000000,True,True,40,camera_sign_speed_limit,speed_limit_sign,,0.41647728940367695,2120,53,40,691,195,camera_sign_turn_left
2.657921020000231,49909000000,True,True,41,camera_sign_speed_limit,speed_limit_sign,,0.41172153958105184,2067,53,39,693,195,camera_sign_turn_left
2.6911109990001023,49909000000,True,True,42,camera_sign_speed_limit,speed_limit_sign,,0.4165232870495915,2120,53,40,695,195,camera_sign_turn_left
2.725590719000138,49909000000,True,True,43,camera_sign_speed_limit,speed_limit_sign,,0.41490597048536565,2120,53,40,696,194,camera_sign_turn_left
2.768872440999985,50011000000,True,True,44,camera_sign_speed_limit,speed_limit_sign,,0.4169095673872715,2214,54,41,698,194,camera_sign_turn_left
2.7903095810002014,50011000000,True,True,45,camera_sign_speed_limit,speed_limit_sign,,0.4254682148381536,2214,54,41,700,194,camera_sign_turn_left
2.815163119999852,50011000000,True,True,46,camera_sign_speed_limit,speed_limit_sign,,0.41839637868990587,2214,54,41,702,193,camera_sign_turn_left
2.8919152570001643,50112000000,True,True,47,camera_sign_speed_limit,speed_limit_sign,,0.40709475610685775,2255,55,41,704,193,camera_sign_turn_left
2.9028840760001913,50112000000,True,True,48,camera_sign_speed_limit,speed_limit_sign,,0.4235476759915223,2552,58,44,706,192,camera_sign_turn_left
2.940708443999938,50112000000,True,True,49,camera_sign_speed_limit,speed_limit_sign,,0.413079983698651,2378,58,41,708,192,camera_sign_turn_left
2.960711915000047,50210000000,True,True,50,camera_sign_speed_limit,speed_limit_sign,,0.4189959937829406,2552,58,44,710,191,camera_sign_turn_left
3.00902503899988,50210000000,True,True,51,camera_sign_speed_limit,speed_limit_sign,,0.4185034371933888,2596,59,44,712,191,camera_sign_turn_left
3.0276877420001256,50210000000,True,True,52,camera_sign_speed_limit,speed_limit_sign,,0.42630486769143694,2596,59,44,713,191,camera_sign_turn_left
3.0493262370000593,50310000000,True,True,53,camera_sign_speed_limit,speed_limit_sign,,0.4266296703068799,2655,59,45,715,190,camera_sign_turn_left
3.087033573000099,50310000000,True,True,54,camera_sign_speed_limit,speed_limit_sign,,0.41763126219016355,2640,60,44,716,190,camera_sign_turn_left
3.1490409210000507,50412000000,True,True,55,camera_sign_speed_limit,speed_limit_sign,,0.4249321779927284,2700,60,45,717,190,camera_sign_turn_left
3.1590954190000957,50412000000,True,True,56,camera_sign_speed_limit,speed_limit_sign,,0.42686756613591764,2880,60,48,718,190,camera_sign_turn_left
3.1904882899998483,50412000000,True,True,57,camera_sign_speed_limit,speed_limit_sign,,0.42052929013090606,2835,63,45,720,190,camera_sign_turn_left
3.2505718800002796,50512000000,True,True,58,camera_sign_speed_limit,speed_limit_sign,,0.42484471679624713,2700,60,45,721,189,camera_sign_turn_left
3.2583666040000026,50512000000,True,True,59,camera_sign_speed_limit,speed_limit_sign,,0.4330116430774257,3024,63,48,722,189,camera_sign_turn_left
3.2925737979999212,50512000000,True,True,60,camera_sign_speed_limit,speed_limit_sign,,0.4195435393880803,2835,63,45,723,189,camera_sign_turn_left
3.3276202269998976,50512000000,True,True,61,camera_sign_speed_limit,speed_limit_sign,,0.42896614159809443,3072,64,48,725,188,camera_sign_turn_left
3.3586509470001147,50614000000,True,True,62,camera_sign_speed_limit,speed_limit_sign,,0.43077516422483064,3136,64,49,726,188,camera_sign_turn_left
3.415835973999947,50614000000,True,True,63,camera_sign_speed_limit,speed_limit_sign,,0.4222147539089029,2880,64,45,728,188,camera_sign_turn_left
3.424011294000138,50614000000,True,True,64,camera_sign_speed_limit,speed_limit_sign,,0.42742348165213284,3120,65,48,729,188,camera_sign_turn_left
3.4934993159999976,50712000000,True,True,65,camera_sign_speed_limit,speed_limit_sign,,0.4323391276584896,3185,65,49,731,187,camera_sign_turn_left
3.50076228800026,50712000000,True,True,66,camera_sign_speed_limit,speed_limit_sign,,0.42428868954118715,3120,65,48,732,187,camera_sign_turn_left
3.550857962000009,50813000000,True,True,67,camera_sign_speed_limit,speed_limit_sign,,0.42677630750266904,3332,68,49,734,187,camera_sign_turn_left
3.558651779000229,50813000000,True,True,68,camera_sign_speed_limit,speed_limit_sign,,0.42872234489697947,3400,68,50,735,186,camera_sign_turn_left
3.590295375000096,50813000000,True,True,69,camera_sign_speed_limit,speed_limit_sign,,0.42977402452656,3332,68,49,737,186,camera_sign_turn_left
3.614143154999965,50813000000,True,True,70,camera_sign_speed_limit,speed_limit_sign,,0.4322799698116425,3450,69,50,738,186,camera_sign_turn_left
3.6587390690001484,50916000000,True,True,71,camera_sign_speed_limit,speed_limit_sign,,0.42645724788017775,3381,69,49,740,185,camera_sign_turn_left
3.724574355000186,50916000000,True,True,72,camera_sign_speed_limit,speed_limit_sign,,0.42464068889023016,3450,69,50,741,185,camera_sign_turn_left
3.7324870649999866,50916000000,True,True,73,camera_sign_speed_limit,speed_limit_sign,,0.4295986105846402,3500,70,50,743,185,camera_sign_turn_left
3.757851859999846,51016000000,True,True,74,camera_sign_speed_limit,speed_limit_sign,,0.4295823627543782,3500,70,50,745,184,camera_sign_turn_left
3.804283899999973,51016000000,True,True,75,camera_sign_speed_limit,speed_limit_sign,,0.4360165419034008,3869,73,53,746,184,camera_sign_turn_left
3.85015774600015,51016000000,True,True,76,camera_sign_speed_limit,speed_limit_sign,,0.42248750663112344,3650,73,50,748,184,camera_sign_turn_left
3.8613844679998692,51113000000,True,True,77,camera_sign_speed_limit,speed_limit_sign,,0.4271946146049438,3700,74,50,750,183,camera_sign_turn_left
3.906568532000165,51113000000,True,True,78,camera_sign_speed_limit,speed_limit_sign,,0.42260856770084376,3700,74,50,752,183,camera_sign_turn_left
3.9162754710000627,51113000000,True,True,79,camera_sign_speed_limit,speed_limit_sign,,0.43553104133732484,3922,74,53,753,183,camera_sign_turn_left
3.9695940179999525,51217000000,True,True,80,camera_sign_speed_limit,speed_limit_sign,,0.43797754313072684,4050,75,54,755,182,camera_sign_turn_left
4.014193745000284,51217000000,True,True,81,camera_sign_speed_limit,speed_limit_sign,,0.43033526803288835,4050,75,54,757,182,camera_sign_turn_left
4.037743966000107,51217000000,True,True,82,camera_sign_speed_limit,speed_limit_sign,,0.4386284020321418,4212,78,54,759,181,camera_sign_turn_left
4.059034438000253,51318000000,True,True,83,camera_sign_speed_limit,speed_limit_sign,,0.4326411646852111,4212,78,54,761,181,camera_sign_turn_left
4.103484627999933,51318000000,True,True,84,camera_sign_speed_limit,speed_limit_sign,,0.43475111839483377,4290,78,55,763,181,camera_sign_turn_left
4.157441488000131,51418000000,True,True,85,camera_sign_speed_limit,speed_limit_sign,,0.43083525243426257,4345,79,55,764,181,camera_sign_turn_left
4.1651997070002835,51418000000,True,True,86,camera_sign_speed_limit,speed_limit_sign,,0.4355253510718158,4400,80,55,767,180,camera_sign_turn_left
4.199281739000071,51418000000,True,True,87,camera_sign_speed_limit,speed_limit_sign,,0.4335928472527618,4400,80,55,768,180,camera_sign_turn_left
4.214545521000218,51418000000,True,True,88,camera_sign_speed_limit,speed_limit_sign,,0.4374771310023877,4640,80,58,771,179,camera_sign_turn_left
4.250215510000089,51418000000,True,True,89,camera_sign_speed_limit,speed_limit_sign,,0.43350895396341005,4565,83,55,772,179,camera_sign_turn_left
4.298971558000176,51515000000,True,True,90,camera_sign_speed_limit,speed_limit_sign,,0.4281836502215809,4565,83,55,774,179,camera_sign_turn_left
4.331930664000083,51515000000,True,True,91,camera_sign_speed_limit,speed_limit_sign,,0.44175859376366333,4872,84,58,776,178,camera_sign_turn_left
4.384245645000192,51617000000,True,True,92,camera_sign_speed_limit,speed_limit_sign,,0.43904738590249187,4956,84,59,779,178,camera_sign_turn_left
4.392355825999857,51617000000,True,True,93,camera_sign_speed_limit,speed_limit_sign,,0.44314515091918183,4930,85,58,781,177,camera_sign_turn_left
4.438689014999909,51617000000,True,True,94,camera_sign_speed_limit,speed_limit_sign,,0.44077992442827807,5192,88,59,783,177,camera_sign_turn_left
4.459699351999916,51717000000,True,True,95,camera_sign_speed_limit,speed_limit_sign,,0.43489843638610753,5192,88,59,785,177,camera_sign_turn_left
4.491734792999978,51717000000,True,True,96,camera_sign_speed_limit,speed_limit_sign,,0.43635096865849216,5340,89,60,787,176,camera_sign_turn_left
4.524446884000099,51717000000,True,True,97,camera_sign_speed_limit,speed_limit_sign,,0.4342289167534834,5251,89,59,789,176,camera_sign_turn_left
4.559567954000158,51817000000,True,True,98,camera_sign_speed_limit,speed_limit_sign,,0.43617155456331563,5400,90,60,791,175,camera_sign_turn_left
4.592202896999879,51817000000,True,True,99,camera_sign_speed_limit,speed_limit_sign,,0.4319038970047021,5400,90,60,794,175,camera_sign_turn_left
4.627486755000064,51817000000,True,True,100,camera_sign_speed_limit,speed_limit_sign,,0.4363348651158335,5580,93,60,796,174,camera_sign_turn_left
4.65900648600018,51918000000,True,True,101,camera_sign_speed_limit,speed_limit_sign,,0.43354791794143355,5640,94,60,798,174,camera_sign_turn_left
4.692236464999951,51918000000,True,True,102,camera_sign_speed_limit,speed_limit_sign,,0.44262026044642183,5922,94,63,800,173,camera_sign_turn_left
4.716316339000059,51918000000,True,True,103,camera_sign_speed_limit,speed_limit_sign,,0.4411265274494358,5985,95,63,803,173,camera_sign_turn_left
4.760090223000134,52018000000,True,True,104,camera_sign_speed_limit,speed_limit_sign,,0.4422719642292655,6174,98,63,805,172,camera_sign_turn_left
4.804695180000181,52018000000,True,True,105,camera_sign_speed_limit,speed_limit_sign,,0.43952387524413594,6272,98,64,808,172,camera_sign_turn_left
4.818280934000086,52018000000,True,True,106,camera_sign_speed_limit,speed_limit_sign,,0.4309185601734632,6336,99,64,810,172,camera_sign_turn_left
4.873345025000162,52117000000,True,True,107,camera_sign_speed_limit,speed_limit_sign,,0.43885839896400713,6400,100,64,813,171,camera_sign_turn_left
4.920961004000219,52117000000,True,True,108,camera_sign_speed_limit,speed_limit_sign,,0.4392660955169674,6500,100,65,815,171,camera_sign_turn_left
4.929029361000175,52117000000,True,True,109,camera_sign_speed_limit,speed_limit_sign,,0.4373241498746083,6592,103,64,818,170,camera_sign_turn_left
4.974776049999946,52217000000,True,True,110,camera_sign_speed_limit,speed_limit_sign,,0.4380346066967862,6760,104,65,820,169,camera_sign_turn_left
4.998766766000244,52217000000,True,True,111,camera_sign_speed_limit,speed_limit_sign,,0.44221022784221653,7140,105,68,823,169,camera_sign_turn_left
5.030754963000163,52217000000,True,True,112,camera_sign_speed_limit,speed_limit_sign,,0.4368849397467983,6825,105,65,826,168,camera_sign_turn_left
5.051881285000036,52217000000,True,True,113,camera_sign_speed_limit,speed_limit_sign,,0.4441274914600817,7344,108,68,828,168,camera_sign_turn_left
5.0997470659999635,52316000000,True,True,114,camera_sign_speed_limit,speed_limit_sign,,0.4416668978535492,7521,109,69,831,167,camera_sign_turn_left
5.130549859999974,52316000000,True,True,115,camera_sign_speed_limit,speed_limit_sign,,0.4417127510021113,7480,110,68,834,167,camera_sign_turn_left
5.1536882169998535,52316000000,True,True,116,camera_sign_speed_limit,speed_limit_sign,,0.44174304905184664,7797,113,69,837,166,camera_sign_turn_left
5.197695156999998,52417000000,True,True,117,camera_sign_speed_limit,speed_limit_sign,,0.4392680208270915,7910,113,70,840,165,camera_sign_turn_left
5.250455606000287,52417000000,True,True,118,camera_sign_speed_limit,speed_limit_sign,,0.44403219137365324,7980,114,70,843,165,camera_sign_turn_left
5.260551501999998,52517000000,True,True,119,camera_sign_speed_limit,speed_limit_sign,,0.436582071710955,8050,115,70,846,164,camera_sign_turn_left
5.3014459830001215,52517000000,True,True,120,camera_sign_speed_limit,speed_limit_sign,,0.441092965195657,8260,118,70,849,164,camera_sign_turn_left
5.329430105000029,52517000000,True,True,121,camera_sign_speed_limit,speed_limit_sign,,0.44607628155937473,8687,119,73,851,163,camera_sign_turn_left
5.351353480999933,52517000000,True,True,122,camera_sign_speed_limit,speed_limit_sign,,0.45099355933898033,9102,123,74,857,162,camera_sign_turn_left
5.390951637999933,52619000000,True,True,123,camera_sign_speed_limit,speed_limit_sign,,0.4442318292832288,9398,127,74,864,161,camera_sign_turn_left
5.432789986999978,52619000000,True,True,124,camera_sign_speed_limit,speed_limit_sign,,0.4450004514951632,9900,132,75,871,159,camera_sign_turn_left
5.452022252000006,52619000000,True,True,125,camera_sign_speed_limit,speed_limit_sign,,0.4487992398173145,10374,133,78,878,158,camera_sign_turn_left
5.4962646730000415,52719000000,True,True,126,camera_sign_speed_limit,speed_limit_sign,,0.4478162015759465,11040,138,80,885,156,camera_sign_turn_left
5.519316490000165,52719000000,True,True,127,camera_sign_speed_limit,speed_limit_sign,,0.438311816311136,11205,135,83,893,155,camera_sign_turn_left
5.554555373999847,52719000000,True,True,128,camera_sign_speed_limit,speed_limit_sign,,0.4291475916051065,10790,130,83,902,153,camera_sign_turn_left
5.598878006000177,52819000000,True,True,129,camera_sign_speed_limit,speed_limit_sign,,0.4200507333576158,10416,124,84,910,151,camera_sign_turn_left
5.628247606000059,52819000000,True,True,130,camera_sign_speed_limit,speed_limit_sign,,0.38899690688024186,9690,114,85,917,150,camera_sign_turn_left
5.665316855000128,52917000000,True,True,131,camera_sign_speed_limit,speed_limit_sign,,0.39116679183599895,9345,105,89,922,149,camera_sign_turn_left
5.724213854000027,52917000000,True,False,1,camera_sign_turn_left,turn_left_sign,left,0.34026901764074396,13760,80,172,838,295,camera_sign_turn_left
5.734124658999917,52917000000,True,True,2,camera_sign_turn_left,turn_left_sign,left,0.34287408848426426,14448,84,172,844,296,camera_sign_turn_left
5.75733349400025,52917000000,True,True,3,camera_sign_turn_left,turn_left_sign,left,0.3415954767239724,14790,85,174,850,297,camera_sign_turn_left
5.798797994999859,53018000000,True,True,4,camera_sign_turn_left,turn_left_sign,left,0.3408662060151034,15842,89,178,856,298,camera_sign_turn_left
5.834349901000223,53018000000,True,True,5,camera_sign_turn_left,turn_left_sign,left,0.33838562430405605,16926,93,182,863,299,camera_sign_turn_left
5.868139821000113,53118000000,True,True,6,camera_sign_turn_left,turn_left_sign,left,0.3381333429399812,17480,95,184,870,300,camera_sign_turn_left
5.923454166000283,53118000000,True,True,7,camera_sign_turn_left,turn_left_sign,left,0.338990348992616,18612,99,188,877,301,camera_sign_turn_left
5.93441330099995,53118000000,True,True,8,camera_sign_turn_left,turn_left_sign,left,0.3384027607877857,19776,103,192,884,302,camera_sign_turn_left
5.9641435690000435,53219000000,True,True,9,camera_sign_turn_left,turn_left_sign,left,0.3381217250701822,20265,105,193,891,303,camera_sign_turn_left
5.997764088000167,53219000000,True,True,10,camera_sign_turn_left,turn_left_sign,left,0.3374551354697415,21473,109,197,899,304,camera_sign_turn_left
6.043539191000036,53219000000,True,True,11,camera_sign_turn_left,turn_left_sign,left,0.3379928466672591,21691,109,199,907,305,camera_sign_turn_left
6.054235204000179,53219000000,True,True,12,camera_sign_turn_left,turn_left_sign,left,0.3392787907057269,21112,104,203,915,306,camera_sign_turn_left
6.120472229999905,53322000000,True,True,13,camera_sign_turn_left,turn_left_sign,left,0.33020652100744874,20384,98,208,923,308,camera_sign_turn_left
6.142582895000032,53322000000,True,True,14,camera_sign_turn_left,turn_left_sign,left,0.3257644684749681,18444,87,212,930,313,camera_sign_turn_left
6.178210555000078,53421000000,True,False,1,camera_sign_speed_limit,speed_limit_sign,,0.42334640597957957,682,22,31,193,193,camera_sign_turn_left
6.19841883800018,53421000000,True,True,2,camera_sign_speed_limit,speed_limit_sign,,0.4296266230142961,713,23,31,190,192,camera_sign_turn_left
6.218382607999956,53421000000,True,True,3,camera_sign_speed_limit,speed_limit_sign,,0.4255900366354799,713,23,31,187,192,camera_sign_turn_left
6.255129055999987,53421000000,True,False,1,camera_sign_turn_right,turn_right_sign,right,0.4930477153565455,600,20,30,397,230,camera_sign_turn_left
6.318907648000277,53523000000,True,False,1,camera_sign_speed_limit,speed_limit_sign,,0.4172108562023967,816,24,34,181,191,camera_sign_turn_left
6.326783640000031,53523000000,True,True,2,camera_sign_speed_limit,speed_limit_sign,,0.42722066143691234,840,24,35,178,190,camera_sign_turn_left
6.352556530000129,53523000000,True,False,1,camera_sign_turn_right,turn_right_sign,right,0.49258204793546617,620,20,31,396,229,camera_sign_turn_left
6.396999601000061,53623000000,True,False,1,camera_sign_speed_limit,speed_limit_sign,,0.4171918212882482,875,25,35,171,189,camera_sign_turn_left
6.445814870000049,53623000000,True,False,1,camera_sign_turn_right,turn_right_sign,right,0.4891280855514236,646,19,34,395,230,camera_sign_turn_left
6.463682566999978,53725000000,True,False,1,camera_sign_speed_limit,speed_limit_sign,,0.43460134003104306,1014,26,39,165,188,camera_sign_turn_left
6.508680579000156,53725000000,True,True,2,camera_sign_speed_limit,speed_limit_sign,,0.4231335873774936,1131,29,39,161,188,camera_sign_turn_left
6.540124189999915,53725000000,True,False,1,camera_sign_turn_right,turn_right_sign,right,0.49638100855213546,646,19,34,394,230,camera_sign_turn_left
6.577800608999951,53822000000,True,False,1,camera_sign_speed_limit,speed_limit_sign,,0.42422582507134166,1131,29,39,154,187,camera_sign_turn_left
6.612711666999985,53822000000,True,False,1,camera_sign_turn_right,turn_right_sign,right,0.48776686355969073,714,21,34,394,230,camera_sign_turn_left
6.634972460999961,53822000000,True,True,2,camera_sign_turn_right,turn_right_sign,right,0.4933302149604364,680,20,34,393,230,camera_sign_turn_left
6.661276366000038,53822000000,True,False,1,camera_sign_speed_limit,speed_limit_sign,,0.42929705717349714,1240,31,40,143,185,camera_sign_turn_left
6.708530118999988,53926000000,True,False,1,camera_sign_turn_right,turn_right_sign,right,0.4906405753023354,735,21,35,393,230,camera_sign_turn_left
6.718499115000213,53926000000,True,True,2,camera_sign_turn_right,turn_right_sign,right,0.5058149048597408,646,19,34,392,229,camera_sign_turn_left
6.785684516999936,54025000000,True,True,3,camera_sign_turn_right,turn_right_sign,right,0.4922180345270163,714,21,34,392,229,camera_sign_turn_left
6.7942078229998515,54025000000,True,True,4,camera_sign_turn_right,turn_right_sign,right,0.49696033577233617,735,21,35,392,229,camera_sign_turn_left
6.8289614310001525,54025000000,True,False,1,camera_sign_speed_limit,speed_limit_sign,,0.4340103711232857,1620,36,45,123,182,camera_sign_turn_left
6.851334381000015,54025000000,True,False,1,camera_sign_turn_right,turn_right_sign,right,0.4967141218378488,735,21,35,391,229,camera_sign_turn_left
6.895583344999977,54130000000,True,True,2,camera_sign_turn_right,turn_right_sign,right,0.49490408548417836,770,22,35,391,230,camera_sign_turn_left
6.926749127000221,54130000000,True,False,1,camera_sign_speed_limit,speed_limit_sign,,0.44343258260314095,1960,40,49,109,180,camera_sign_turn_left
6.975594172000001,54226000000,True,False,1,camera_sign_turn_right,turn_right_sign,right,0.4975060094879158,770,22,35,390,230,camera_sign_turn_left
6.998870383999929,54226000000,True,False,1,camera_sign_speed_limit,speed_limit_sign,,0.452985675506477,2050,41,50,99,178,camera_sign_turn_left
7.037297695000234,54226000000,True,False,1,camera_sign_turn_right,turn_right_sign,right,0.5013024745791799,756,21,36,389,229,camera_sign_turn_left
7.058686348000265,54226000000,True,True,2,camera_sign_turn_right,turn_right_sign,right,0.4953807650987114,828,23,36,389,229,camera_sign_turn_left
7.095852173999901,54326000000,True,True,3,camera_sign_turn_right,turn_right_sign,right,0.4975708854228863,792,22,36,388,229,camera_sign_turn_left
7.132495928000026,54326000000,True,True,4,camera_sign_turn_right,turn_right_sign,right,0.5004710632158604,828,23,36,388,229,camera_sign_turn_left
7.174499278999974,54427000000,True,True,5,camera_sign_turn_right,turn_right_sign,right,0.4971397974216227,828,23,36,386,228,camera_sign_turn_left
7.182747231000121,54427000000,True,True,6,camera_sign_turn_right,turn_right_sign,right,0.5042720313107106,792,22,36,387,229,camera_sign_turn_left
7.242069801000071,54427000000,True,False,1,camera_sign_speed_limit,speed_limit_sign,,0.47817867671045367,3132,54,58,60,172,camera_sign_turn_left
7.256109705000199,54427000000,True,False,1,camera_sign_turn_right,turn_right_sign,right,0.5076301458946744,792,22,36,386,228,camera_sign_turn_left
7.320069423999939,54525000000,True,True,2,camera_sign_turn_right,turn_right_sign,right,0.5067063288600759,828,23,36,385,229,camera_sign_turn_left
7.329192934000275,54525000000,True,True,3,camera_sign_turn_right,turn_right_sign,right,0.5110522246553775,792,22,36,384,228,camera_sign_turn_left
7.373716697999953,54628000000,True,False,1,camera_sign_speed_limit,speed_limit_sign,,0.48876639459852705,4032,64,63,34,168,camera_sign_turn_left
7.385980273000314,54628000000,True,True,2,camera_sign_speed_limit,speed_limit_sign,,0.5170359763580583,3776,59,64,26,167,camera_sign_turn_left
7.452289787000154,54628000000,True,True,3,camera_sign_speed_limit,speed_limit_sign,,0.5535741356814556,3380,52,65,19,166,camera_sign_turn_left
7.460199328000272,54628000000,True,True,4,camera_sign_speed_limit,speed_limit_sign,,0.589935602144355,2640,44,60,14,166,camera_sign_turn_left
7.49283346700031,54729000000,True,True,5,camera_sign_speed_limit,speed_limit_sign,,0.5996903701865011,2030,35,58,10,167,camera_sign_turn_left
7.573896629000046,54827000000,True,False,1,camera_sign_turn_right,turn_right_sign,right,0.5015006481802506,936,24,39,382,228,camera_sign_turn_left
7.581821984999806,54827000000,True,True,2,camera_sign_turn_right,turn_right_sign,right,0.5080595480250919,936,24,39,381,228,camera_sign_turn_left
7.596300799999881,54827000000,True,True,3,camera_sign_turn_right,turn_right_sign,right,0.5002922959740259,1000,25,40,381,228,camera_sign_turn_left
7.641414370000348,54827000000,True,True,4,camera_sign_turn_right,turn_right_sign,right,0.5077655795334081,960,24,40,380,228,camera_sign_turn_left
7.708499923999625,54928000000,True,True,5,camera_sign_turn_right,turn_right_sign,right,0.5022452914715128,1000,25,40,379,227,camera_sign_turn_left
7.714614010999867,54928000000,True,True,6,camera_sign_turn_right,turn_right_sign,right,0.5075261681741324,1000,25,40,379,228,camera_sign_turn_left
7.729794331000448,54928000000,True,True,7,camera_sign_turn_right,turn_right_sign,right,0.5060980343829398,1000,25,40,378,227,camera_sign_turn_left
7.788225881000471,55026000000,True,True,8,camera_sign_turn_right,turn_right_sign,right,0.5077216569916154,1000,25,40,378,227,camera_sign_turn_left
7.794789698999921,55026000000,True,True,9,camera_sign_turn_right,turn_right_sign,right,0.5093579665979854,1000,25,40,377,227,camera_sign_turn_left
7.833327158000429,55026000000,True,True,10,camera_sign_turn_right,turn_right_sign,right,0.5104798377525603,1000,25,40,377,228,camera_sign_turn_left
7.875517563000358,55127000000,True,True,11,camera_sign_turn_right,turn_right_sign,right,0.510932520384194,1040,26,40,376,227,camera_sign_turn_left
7.887039915000059,55127000000,True,True,12,camera_sign_turn_right,turn_right_sign,right,0.5100852024273047,1066,26,41,375,227,camera_sign_turn_left
7.932639702000415,55127000000,True,True,13,camera_sign_turn_right,turn_right_sign,right,0.5168308756587079,1025,25,41,375,227,camera_sign_turn_left
7.9749596430001475,55228000000,True,True,14,camera_sign_turn_right,turn_right_sign,right,0.5129676937138993,1066,26,41,374,227,camera_sign_turn_left
7.98635443800049,55228000000,True,True,15,camera_sign_turn_right,turn_right_sign,right,0.501148172278943,1189,29,41,373,227,camera_sign_turn_left
8.032906893000472,55228000000,True,True,16,camera_sign_turn_right,turn_right_sign,right,0.5184355049735351,1066,26,41,373,227,camera_sign_turn_left
8.07574287100033,55330000000,True,True,17,camera_sign_turn_right,turn_right_sign,right,0.5089090575793815,1189,29,41,372,227,camera_sign_turn_left
8.095233895999627,55330000000,True,True,18,camera_sign_turn_right,turn_right_sign,right,0.49684337582770244,1276,29,44,372,227,camera_sign_turn_left
8.131590625999706,55330000000,True,True,19,camera_sign_turn_right,turn_right_sign,right,0.4954155718326875,1320,30,44,371,227,camera_sign_turn_left
8.19846578600027,55430000000,True,True,20,camera_sign_turn_right,turn_right_sign,right,0.502199153686851,1276,29,44,370,227,camera_sign_turn_left
8.205582100000356,55430000000,True,True,21,camera_sign_turn_right,turn_right_sign,right,0.500850167217743,1320,30,44,370,227,camera_sign_turn_left
8.243263844000467,55430000000,True,True,22,camera_sign_turn_right,turn_right_sign,right,0.5083726995571318,1276,29,44,369,227,camera_sign_turn_left
8.287158692000048,55531000000,True,True,23,camera_sign_turn_right,turn_right_sign,right,0.5038790424714397,1320,30,44,368,227,camera_sign_turn_left
8.320087234999846,55531000000,True,True,24,camera_sign_turn_right,turn_right_sign,right,0.5112583288348485,1276,29,44,368,227,camera_sign_turn_left
8.342984900999909,55531000000,True,True,25,camera_sign_turn_right,turn_right_sign,right,0.5066007491937997,1350,30,45,367,226,camera_sign_turn_left
8.364290481999888,55531000000,True,True,26,camera_sign_turn_right,turn_right_sign,right,0.505836135741205,1395,31,45,366,226,camera_sign_turn_left
8.395172495000224,55632000000,True,True,27,camera_sign_turn_right,turn_right_sign,right,0.5079003998351385,1395,31,45,366,226,camera_sign_turn_left
8.429915560000154,55632000000,True,True,28,camera_sign_turn_right,turn_right_sign,right,0.5077714618149007,1395,31,45,365,226,camera_sign_turn_left
8.47384737199991,55733000000,True,True,29,camera_sign_turn_right,turn_right_sign,right,0.5129786160708738,1395,31,45,364,226,camera_sign_turn_left
8.495650746000138,55733000000,True,True,30,camera_sign_turn_right,turn_right_sign,right,0.5216868176208542,1350,30,45,364,226,camera_sign_turn_left
8.520282465000491,55733000000,True,True,31,camera_sign_turn_right,turn_right_sign,right,0.49479700426445616,1632,34,48,363,226,camera_sign_turn_left
8.56367666999995,55733000000,True,True,32,camera_sign_turn_right,turn_right_sign,right,0.4963129269331702,1632,34,48,362,226,camera_sign_turn_left
8.596709325999655,55834000000,True,True,33,camera_sign_turn_right,turn_right_sign,right,0.49773271308252504,1632,34,48,361,226,camera_sign_turn_left
8.651797593000083,55834000000,True,True,34,camera_sign_turn_right,turn_right_sign,right,0.4991132673262708,1680,35,48,361,226,camera_sign_turn_left
8.658371510000507,55834000000,True,True,35,camera_sign_turn_right,turn_right_sign,right,0.5001980536758842,1680,35,48,360,226,camera_sign_turn_left
8.692510411000512,55936000000,True,True,36,camera_sign_turn_right,turn_right_sign,right,0.4997407264719576,1680,35,48,359,226,camera_sign_turn_left
8.74168488000032,55936000000,True,True,37,camera_sign_turn_right,turn_right_sign,right,0.505512823384314,1715,35,49,358,225,camera_sign_turn_left
8.777261426999758,56035000000,True,True,38,camera_sign_turn_right,turn_right_sign,right,0.5102269493468273,1666,34,49,358,225,camera_sign_turn_left
8.80727503199978,56035000000,True,True,39,camera_sign_turn_right,turn_right_sign,right,0.5063669745451178,1764,36,49,357,225,camera_sign_turn_left
8.833922783000162,56035000000,True,True,40,camera_sign_turn_right,turn_right_sign,right,0.5082945351613376,1764,36,49,356,225,camera_sign_turn_left
8.867122028999802,56035000000,True,True,41,camera_sign_turn_right,turn_right_sign,right,0.5146320571334886,1715,35,49,355,225,camera_sign_turn_left
8.899262906999866,56132000000,True,True,42,camera_sign_turn_right,turn_right_sign,right,0.5017286615034002,1911,39,49,354,225,camera_sign_turn_left
8.968615220999709,56132000000,True,True,43,camera_sign_turn_right,turn_right_sign,right,0.5026809551302525,1950,39,50,354,225,camera_sign_turn_left
8.975039115000072,56132000000,True,True,44,camera_sign_turn_right,turn_right_sign,right,0.5039029248264502,1950,39,50,353,225,camera_sign_turn_left
9.000572621000174,56231000000,True,True,45,camera_sign_turn_right,turn_right_sign,right,0.5063829279651336,1950,39,50,352,225,camera_sign_turn_left
9.0448540160005,56231000000,True,True,46,camera_sign_turn_right,turn_right_sign,right,0.5052171792769705,2000,40,50,351,225,camera_sign_turn_left
9.078530181000133,56334000000,True,True,47,camera_sign_turn_right,turn_right_sign,right,0.5042603922602604,2067,39,53,350,225,camera_sign_turn_left
9.119448848000502,56334000000,True,True,48,camera_sign_turn_right,turn_right_sign,right,0.5080732327522052,2067,39,53,349,225,camera_sign_turn_left
9.125044821000301,56334000000,True,True,49,camera_sign_turn_right,turn_right_sign,right,0.5098095102084056,2067,39,53,348,224,camera_sign_turn_left
9.176831489000506,56334000000,True,True,50,camera_sign_turn_right,turn_right_sign,right,0.5103160010611073,2120,40,53,347,224,camera_sign_turn_left
9.203180088999943,56433000000,True,True,51,camera_sign_turn_right,turn_right_sign,right,0.5088432066935565,2173,41,53,346,224,camera_sign_turn_left
9.246973604999766,56433000000,True,True,52,camera_sign_turn_right,turn_right_sign,right,0.4997673269151665,2376,44,54,345,224,camera_sign_turn_left
9.256175503000122,56433000000,True,True,53,camera_sign_turn_right,turn_right_sign,right,0.513016854900591,2214,41,54,344,224,camera_sign_turn_left
9.299089148000348,56535000000,True,True,54,camera_sign_turn_right,turn_right_sign,right,0.516592664170332,2214,41,54,343,224,camera_sign_turn_left
9.342764916000306,56535000000,True,True,55,camera_sign_turn_right,turn_right_sign,right,0.5073462931862067,2376,44,54,342,224,camera_sign_turn_left
9.364224883999668,56535000000,True,True,56,camera_sign_turn_right,turn_right_sign,right,0.5086302267271803,2420,44,55,341,224,camera_sign_turn_left
9.395595748999767,56640000000,True,True,57,camera_sign_turn_right,turn_right_sign,right,0.5030841595160214,2610,45,58,340,224,camera_sign_turn_left
9.418270101999951,56640000000,True,True,58,camera_sign_turn_right,turn_right_sign,right,0.5054405935821799,2610,45,58,339,223,camera_sign_turn_left
9.464335794999897,56640000000,True,True,59,camera_sign_turn_right,turn_right_sign,right,0.506964088965739,2610,45,58,338,223,camera_sign_turn_left
9.52069883599961,56738000000,True,True,60,camera_sign_turn_right,turn_right_sign,right,0.5098507576183254,2610,45,58,337,224,camera_sign_turn_left
9.56485216800047,56738000000,True,True,61,camera_sign_turn_right,turn_right_sign,right,0.49883021125115856,2891,49,59,336,223,camera_sign_turn_left
9.571243418999984,56738000000,True,True,62,camera_sign_turn_right,turn_right_sign,right,0.4994555474282965,2950,50,59,335,223,camera_sign_turn_left
9.606686396999976,56838000000,True,True,63,camera_sign_turn_right,turn_right_sign,right,0.5059449377337004,2891,49,59,334,223,camera_sign_turn_left
9.647196588000043,56838000000,True,True,64,camera_sign_turn_right,turn_right_sign,right,0.5037593965209611,3000,50,60,332,223,camera_sign_turn_left
9.666536683000231,56838000000,True,True,65,camera_sign_turn_right,turn_right_sign,right,0.5075445614143738,3000,50,60,331,223,camera_sign_turn_left
9.706914246000451,56940000000,True,True,66,camera_sign_turn_right,turn_right_sign,right,0.5010836930671274,3180,53,60,330,223,camera_sign_turn_left
9.734469811000054,56940000000,True,True,67,camera_sign_turn_right,turn_right_sign,right,0.5046728192524129,3180,53,60,329,223,camera_sign_turn_left
9.764613772000303,56940000000,True,True,68,camera_sign_turn_right,turn_right_sign,right,0.4974657240025137,3402,54,63,328,223,camera_sign_turn_left
9.785734412999773,57041000000,True,True,69,camera_sign_turn_right,turn_right_sign,right,0.502988236809718,3402,54,63,326,222,camera_sign_turn_left
9.840631443000348,57041000000,True,True,70,camera_sign_turn_right,turn_right_sign,right,0.5011787742460337,3465,55,63,325,222,camera_sign_turn_left
9.853477055999974,57041000000,True,True,71,camera_sign_turn_right,turn_right_sign,right,0.5052898386986224,3465,55,63,324,222,camera_sign_turn_left
9.941584101999979,57142000000,True,True,72,camera_sign_turn_right,turn_right_sign,right,0.4988542551747902,3712,58,64,323,222,camera_sign_turn_left
9.948698813000192,57142000000,True,True,73,camera_sign_turn_right,turn_right_sign,right,0.5022875651919967,3712,58,64,321,222,camera_sign_turn_left
9.965620773999945,57142000000,True,True,74,camera_sign_turn_right,turn_right_sign,right,0.5033585290235316,3776,59,64,320,222,camera_sign_turn_left
10.009342438999738,57241000000,True,True,75,camera_sign_turn_right,turn_right_sign,right,0.5028203048478078,3900,60,65,318,222,camera_sign_turn_left
10.04420606199983,57241000000,True,True,76,camera_sign_turn_right,turn_right_sign,right,0.5082113871977315,3835,59,65,317,221,camera_sign_turn_left
10.088718873999824,57340000000,True,True,77,camera_sign_turn_right,turn_right_sign,right,0.5090516340591379,3900,60,65,316,221,camera_sign_turn_left
10.122431398000117,57340000000,True,True,78,camera_sign_turn_right,turn_right_sign,right,0.49967496201359496,4284,63,68,314,221,camera_sign_turn_left
10.13120715399964,57340000000,True,True,79,camera_sign_turn_right,turn_right_sign,right,0.500883019055029,4352,64,68,313,221,camera_sign_turn_left
10.17554509599995,57340000000,True,True,80,camera_sign_turn_right,turn_right_sign,right,0.5047888081101058,4352,64,68,311,221,camera_sign_turn_left
10.232106082000428,57443000000,True,True,81,camera_sign_turn_right,turn_right_sign,right,0.5034614712750114,4485,65,69,310,221,camera_sign_turn_left
10.2428791250004,57443000000,True,True,82,camera_sign_turn_right,turn_right_sign,right,0.5078104785223829,4485,65,69,308,220,camera_sign_turn_left
10.268625659999998,57443000000,True,True,83,camera_sign_turn_right,turn_right_sign,right,0.5041534243629875,4692,68,69,306,220,camera_sign_turn_left
10.309708308000154,57542000000,True,True,84,camera_sign_turn_right,turn_right_sign,right,0.5041318514450973,4830,69,70,305,220,camera_sign_turn_left
10.357296354000027,57542000000,True,True,85,camera_sign_turn_right,turn_right_sign,right,0.5052865152607283,4900,70,70,303,220,camera_sign_turn_left
10.364939555999626,57542000000,True,True,86,camera_sign_turn_right,turn_right_sign,right,0.5081688599233481,4900,70,70,302,220,camera_sign_turn_left
10.399304724999638,57642000000,True,True,87,camera_sign_turn_right,turn_right_sign,right,0.506373099475942,5110,73,70,300,219,camera_sign_turn_left
10.440402160999838,57642000000,True,True,88,camera_sign_turn_right,turn_right_sign,right,0.5063608940885965,5180,74,70,298,219,camera_sign_turn_left
10.454544287999852,57642000000,True,True,89,camera_sign_turn_right,turn_right_sign,right,0.5045263896690135,5402,74,73,296,219,camera_sign_turn_left
10.509699879999971,57743000000,True,True,90,camera_sign_turn_right,turn_right_sign,right,0.5004479219389857,5694,78,73,295,219,camera_sign_turn_left
10.534021905000372,57743000000,True,True,91,camera_sign_turn_right,turn_right_sign,right,0.5031450138227572,5767,79,73,293,218,camera_sign_turn_left
10.57698806999997,57743000000,True,True,92,camera_sign_turn_right,turn_right_sign,right,0.5044599253052414,5846,79,74,291,218,camera_sign_turn_left
10.586685721999856,57845000000,True,True,93,camera_sign_turn_right,turn_right_sign,right,0.5051340344148344,5920,80,74,289,218,camera_sign_turn_left
10.636910229000023,57845000000,True,True,94,camera_sign_turn_right,turn_right_sign,right,0.5040778107296829,6142,83,74,287,217,camera_sign_turn_left
10.677121126000202,57845000000,True,True,95,camera_sign_turn_right,turn_right_sign,right,0.5064050475173828,6216,84,74,285,217,camera_sign_turn_left
10.71918308899967,57944000000,True,True,96,camera_sign_turn_right,turn_right_sign,right,0.5064900948786885,6290,85,74,283,217,camera_sign_turn_left
10.725451108000016,57944000000,True,True,97,camera_sign_turn_right,turn_right_sign,right,0.5025878288752157,6675,89,75,281,216,camera_sign_turn_left
10.775874001000375,57944000000,True,True,98,camera_sign_turn_right,turn_right_sign,right,0.5076818955895099,6586,89,74,279,216,camera_sign_turn_left
10.82067454800017,58045000000,True,True,99,camera_sign_turn_right,turn_right_sign,right,0.5033226280187177,6975,93,75,277,216,camera_sign_turn_left
10.875830543999655,58045000000,True,True,100,camera_sign_turn_right,turn_right_sign,right,0.5045977807312625,7050,94,75,274,215,camera_sign_turn_left
10.882031905999611,58045000000,True,True,101,camera_sign_turn_right,turn_right_sign,right,0.5018753549179195,7410,95,78,272,215,camera_sign_turn_left
10.899197718999858,58146000000,True,True,102,camera_sign_turn_right,turn_right_sign,right,0.5065598388282246,7350,98,75,270,215,camera_sign_turn_left
10.931054749000396,58146000000,True,True,103,camera_sign_turn_right,turn_right_sign,right,0.5033605274752209,7722,99,78,267,214,camera_sign_turn_left
10.976431586000217,58146000000,True,True,104,camera_sign_turn_right,turn_right_sign,right,0.5010076795019056,8034,103,78,265,214,camera_sign_turn_left
11.00100420400031,58244000000,True,True,105,camera_sign_turn_right,turn_right_sign,right,0.5020101264163644,8216,104,79,262,213,camera_sign_turn_left
11.058268730999771,58244000000,True,True,106,camera_sign_turn_right,turn_right_sign,right,0.5022285141650107,8532,108,79,260,213,camera_sign_turn_left
11.06552243599981,58244000000,True,True,107,camera_sign_turn_right,turn_right_sign,right,0.5026422541942521,8611,109,79,257,212,camera_sign_turn_left
11.113012155000433,58344000000,True,True,108,camera_sign_turn_right,turn_right_sign,right,0.4994346217599506,9040,113,80,255,212,camera_sign_turn_left
11.157711320999624,58344000000,True,True,109,camera_sign_turn_right,turn_right_sign,right,0.5040772235458091,9006,114,79,252,211,camera_sign_turn_left
11.176779295000415,58344000000,True,True,110,camera_sign_turn_right,turn_right_sign,right,0.5005285422308158,9440,118,80,249,211,camera_sign_turn_left
11.209060993999628,58448000000,True,True,111,camera_sign_turn_right,turn_right_sign,right,0.4988046759237069,9877,119,83,246,210,camera_sign_turn_left
11.235423105000336,58448000000,True,True,112,camera_sign_turn_right,turn_right_sign,right,0.498513722887691,10209,123,83,243,209,camera_sign_turn_left
11.278585992000444,58448000000,True,True,113,camera_sign_turn_right,turn_right_sign,right,0.4979531753444566,10541,127,83,240,209,camera_sign_turn_left
11.299570805999792,58546000000,True,True,114,camera_sign_turn_right,turn_right_sign,right,0.49694481790713824,10836,129,84,237,208,camera_sign_turn_left
11.335593984000297,58546000000,True,True,115,camera_sign_turn_right,turn_right_sign,right,0.49801975539648063,11088,132,84,234,207,camera_sign_turn_left
11.36719278199962,58546000000,True,True,116,camera_sign_turn_right,turn_right_sign,right,0.4956944926859951,11508,137,84,230,207,camera_sign_turn_left
11.38676096600011,58546000000,True,True,117,camera_sign_turn_right,turn_right_sign,right,0.4972447349359009,11676,139,84,227,206,camera_sign_turn_left
11.425702685000033,58650000000,True,True,118,camera_sign_turn_right,turn_right_sign,right,0.4957197654422471,12155,143,85,223,205,camera_sign_turn_left
11.455570754000291,58650000000,True,True,119,camera_sign_turn_right,turn_right_sign,right,0.4934266458516785,12936,147,88,220,205,camera_sign_turn_left
11.498815857000409,58749000000,True,True,120,camera_sign_turn_right,turn_right_sign,right,0.4924371208184609,13376,152,88,216,204,camera_sign_turn_left
11.535551353999836,58749000000,True,True,121,camera_sign_turn_right,turn_right_sign,right,0.49649042115270925,13552,154,88,213,203,camera_sign_turn_left
11.578034162999757,58749000000,True,True,122,camera_sign_turn_right,turn_right_sign,right,0.4944853780520413,14062,158,89,209,203,camera_sign_turn_left
11.599998982000216,58849000000,True,True,123,camera_sign_turn_right,turn_right_sign,right,0.49474795577225605,14596,164,89,205,202,camera_sign_turn_left
11.655101977000413,58849000000,True,True,124,camera_sign_turn_right,turn_right_sign,right,0.49589728125506677,15120,168,90,200,201,camera_sign_turn_left
11.676845928999683,58849000000,True,True,125,camera_sign_turn_right,turn_right_sign,right,0.49663011077891495,15570,173,90,196,200,camera_sign_turn_left
11.732540453000183,58948000000,True,True,126,camera_sign_turn_right,turn_right_sign,right,0.4925374968255225,16554,178,93,192,199,camera_sign_turn_left
11.74379841999962,58948000000,True,True,127,camera_sign_turn_right,turn_right_sign,right,0.4926655381007932,17019,183,93,187,198,camera_sign_turn_left
11.757398861999718,58948000000,True,True,128,camera_sign_turn_right,turn_right_sign,right,0.49380825546346463,17672,188,94,183,197,camera_sign_turn_left
11.826987936000478,59048000000,True,True,129,camera_sign_turn_right,turn_right_sign,right,0.49220327289948024,18236,194,94,178,196,camera_sign_turn_left
11.836837906000255,59048000000,True,True,130,camera_sign_turn_right,turn_right_sign,right,0.4888304610651812,19796,202,98,173,195,camera_sign_turn_left
11.86860606800019,59048000000,True,True,131,camera_sign_turn_right,turn_right_sign,right,0.4885561642789545,20384,208,98,168,194,camera_sign_turn_left
11.894949127000473,59150000000,True,True,132,camera_sign_turn_right,turn_right_sign,right,0.48559864579716244,21266,217,98,162,193,camera_sign_turn_left
11.936229850000018,59150000000,True,True,133,camera_sign_turn_right,turn_right_sign,right,0.48625240111983303,21978,222,99,157,192,camera_sign_turn_left
11.969999941999959,59150000000,True,True,134,camera_sign_turn_right,turn_right_sign,right,0.48228008878957945,23200,232,100,151,191,camera_sign_turn_left
12.012724789000458,59249000000,True,True,135,camera_sign_turn_right,turn_right_sign,right,0.4817470197884428,23800,238,100,145,190,camera_sign_turn_left
12.057325159000357,59249000000,True,True,136,camera_sign_turn_right,turn_right_sign,right,0.47998625124255284,25688,247,104,139,188,camera_sign_turn_left
12.070213195999713,59249000000,True,True,137,camera_sign_turn_right,turn_right_sign,right,0.477780189891307,26728,257,104,130,185,camera_sign_turn_left
12.091052179000144,59249000000,True,True,138,camera_sign_turn_right,turn_right_sign,right,0.4806429653051048,27300,260,105,123,183,camera_sign_turn_left
12.169450983000388,59350000000,True,True,139,camera_sign_turn_right,turn_right_sign,right,0.49018766291335486,27864,258,108,117,182,camera_sign_turn_left
12.179512003999662,59350000000,True,True,140,camera_sign_turn_right,turn_right_sign,right,0.49474556071738385,27795,255,109,109,180,camera_sign_turn_left
12.203938913999991,59448000000,True,True,141,camera_sign_turn_right,turn_right_sign,right,0.4977234862625246,27830,253,110,102,179,camera_sign_turn_left
12.238043700999697,59448000000,True,True,142,camera_sign_turn_right,turn_right_sign,right,0.4857775490014307,28728,252,114,94,177,camera_sign_turn_left
12.271868566000194,59448000000,True,True,143,camera_sign_turn_right,turn_right_sign,right,0.4651188611664961,28405,247,115,88,175,camera_sign_turn_left
12.292197384999781,59448000000,True,True,144,camera_sign_turn_right,turn_right_sign,right,0.43623970114358523,2635,85,31,102,197,camera_sign_turn_left
12.32722656399983,59552000000,True,True,145,camera_sign_turn_right,turn_right_sign,right,0.4710121460943224,1508,52,29,15,184,camera_sign_turn_left
12.357431075000022,59552000000,True,True,146,camera_sign_turn_right,turn_right_sign,right,0.4352068624548159,2790,93,30,86,195,camera_sign_turn_left
12.401793283000188,59652000000,True,False,1,camera_sign_speed_limit,speed_limit_sign,,0.46277215752045153,27060,220,123,85,170,camera_sign_turn_left
12.467965757999991,59652000000,True,True,2,camera_sign_speed_limit,speed_limit_sign,,0.4602226275085919,27051,213,127,81,170,camera_sign_speed_limit
12.481914949000384,59652000000,True,True,3,camera_sign_speed_limit,speed_limit_sign,,0.4525381140737017,26035,205,127,77,170,camera_sign_speed_limit
12.520129628000177,59748000000,True,False,1,camera_sign_turn_right,turn_right_sign,right,0.45662674179797513,25216,197,128,72,169,camera_sign_speed_limit
12.542380699000205,59748000000,True,True,2,camera_sign_turn_right,turn_right_sign,right,0.4571848244762768,24192,189,128,66,169,camera_sign_speed_limit
12.580385352999656,59748000000,True,True,3,camera_sign_turn_right,turn_right_sign,right,0.46102260241251636,22987,181,127,63,169,camera_sign_speed_limit
12.628843481999866,59848000000,True,True,4,camera_sign_turn_right,turn_right_sign,right,0.46777438371548347,21452,173,124,60,169,camera_sign_speed_limit
12.662090839000484,59848000000,True,True,5,camera_sign_turn_right,turn_right_sign,right,0.4693158105979794,20049,163,123,57,170,camera_sign_speed_limit
12.673127672000192,59848000000,True,True,6,camera_sign_turn_right,turn_right_sign,right,0.47568564326479384,18172,154,118,54,170,camera_sign_speed_limit
12.706213639000453,59950000000,True,True,7,camera_sign_turn_right,turn_right_sign,right,0.4747156268651966,16302,143,114,50,171,camera_sign_speed_limit
12.739265520999652,59950000000,True,True,8,camera_sign_turn_right,turn_right_sign,right,0.47107263450147,14740,134,110,46,171,camera_sign_speed_limit
12.769814543999928,59950000000,True,True,9,camera_sign_turn_right,turn_right_sign,right,0.479317127024941,12792,123,104,41,172,camera_sign_speed_limit
12.804413556000327,60053000000,True,True,10,camera_sign_turn_right,turn_right_sign,right,0.48585372905261115,11187,113,99,36,173,camera_sign_speed_limit
12.849645139999666,60053000000,True,True,11,camera_sign_turn_right,turn_right_sign,right,0.49574563405232397,9090,101,90,31,174,camera_sign_speed_limit
12.870040916000107,60053000000,True,True,12,camera_sign_turn_right,turn_right_sign,right,0.49017773394502584,7392,88,84,25,175,camera_sign_speed_limit
12.912346031000197,60155000000,True,True,13,camera_sign_turn_right,turn_right_sign,right,0.4917379702978949,5625,75,75,22,175,camera_sign_speed_limit
12.934972603999995,60155000000,True,True,14,camera_sign_turn_right,turn_right_sign,right,0.4898110981283907,4030,62,65,17,176,camera_sign_speed_limit
12.966200337000373,60155000000,True,True,15,camera_sign_turn_right,turn_right_sign,right,0.4924763714822682,2538,47,54,13,177,camera_sign_speed_limit
12.9909256990004,60155000000,True,True,16,camera_sign_turn_right,turn_right_sign,right,0.49816223401324816,1280,32,40,9,179,camera_sign_speed_limit
13.034761650000291,60255000000,True,True,16,camera_sign_turn_right,turn_right_sign,right,0.49816223401324816,1280,32,40,9,179,camera_sign_speed_limit
13.068815786999949,60255000000,True,True,16,camera_sign_turn_right,turn_right_sign,right,0.49816223401324816,1280,32,40,9,179,camera_sign_speed_limit
13.087950068999817,60255000000,True,True,16,camera_sign_turn_right,turn_right_sign,right,0.49816223401324816,1280,32,40,9,179,camera_sign_speed_limit
13.12373100900004,60355000000,True,True,16,camera_sign_turn_right,turn_right_sign,right,0.49816223401324816,1280,32,40,9,179,camera_sign_speed_limit
13.15616475600018,60355000000,True,True,16,camera_sign_turn_right,turn_right_sign,right,0.49816223401324816,1280,32,40,9,179,camera_sign_speed_limit
13.212555643999622,60454000000,True,True,16,camera_sign_turn_right,turn_right_sign,right,0.49816223401324816,1280,32,40,9,179,camera_sign_speed_limit
13.237254876000407,60454000000,True,True,16,camera_sign_turn_right,turn_right_sign,right,0.49816223401324816,1280,32,40,9,179,camera_sign_speed_limit
13.261033390000193,60454000000,True,True,16,camera_sign_turn_right,turn_right_sign,right,0.49816223401324816,1280,32,40,9,179,camera_sign_speed_limit
13.322651917000258,60555000000,True,True,16,camera_sign_turn_right,turn_right_sign,right,0.49816223401324816,1280,32,40,9,179,camera_sign_speed_limit
13.326817027999823,60555000000,True,True,16,camera_sign_turn_right,turn_right_sign,right,0.49816223401324816,1280,32,40,9,179,camera_sign_speed_limit
13.36974753100003,60555000000,True,True,16,camera_sign_turn_right,turn_right_sign,right,0.49816223401324816,1280,32,40,9,179,camera_sign_speed_limit
13.392346094999994,60555000000,True,True,16,camera_sign_turn_right,turn_right_sign,right,0.49816223401324816,1280,32,40,9,179,camera_sign_speed_limit
13.4484300109998,60655000000,False,False,0,,,,0.0,0,0,0,0,0,camera_sign_speed_limit
13.460901776000355,60655000000,False,False,0,,,,0.0,0,0,0,0,0,camera_sign_speed_limit
13.494518247999622,60655000000,False,False,0,,,,0.0,0,0,0,0,0,camera_sign_speed_limit
13.537053035999634,60753000000,False,False,0,,,,0.0,0,0,0,0,0,camera_sign_speed_limit
13.569846157000029,60753000000,False,False,0,,,,0.0,0,0,0,0,0,camera_sign_speed_limit
13.604144460000498,60855000000,False,False,0,,,,0.0,0,0,0,0,0,camera_sign_speed_limit
13.648503923000135,60855000000,False,False,0,,,,0.0,0,0,0,0,0,camera_sign_speed_limit
13.691838134000136,60855000000,False,False,0,,,,0.0,0,0,0,0,0,camera_sign_speed_limit
13.69617325299987,60855000000,False,False,0,,,,0.0,0,0,0,0,0,camera_sign_speed_limit
13.757186888999968,60957000000,False,False,0,,,,0.0,0,0,0,0,0,camera_sign_speed_limit
13.812518644999727,61054000000,False,False,0,,,,0.0,0,0,0,0,0,camera_sign_speed_limit
13.816660610000326,61054000000,False,False,0,,,,0.0,0,0,0,0,0,camera_sign_speed_limit
13.826496804999806,61054000000,False,False,0,,,,0.0,0,0,0,0,0,camera_sign_speed_limit
13.862233558000298,61054000000,False,False,0,,,,0.0,0,0,0,0,0,camera_sign_speed_limit
13.90213706600025,61054000000,False,False,0,,,,0.0,0,0,0,0,0,camera_sign_speed_limit
13.935913479999726,61157000000,False,False,0,,,,0.0,0,0,0,0,0,camera_sign_speed_limit
13.97094756000024,61157000000,False,False,0,,,,0.0,0,0,0,0,0,camera_sign_speed_limit
14.015042633000121,61258000000,False,False,0,,,,0.0,0,0,0,0,0,camera_sign_speed_limit
14.049042673000258,61258000000,False,False,0,,,,0.0,0,0,0,0,0,camera_sign_speed_limit
14.070089226000164,61258000000,False,False,0,,,,0.0,0,0,0,0,0,camera_sign_speed_limit
14.090596054000343,61258000000,False,False,0,,,,0.0,0,0,0,0,0,camera_sign_speed_limit
14.138744218000284,61357000000,False,False,0,,,,0.0,0,0,0,0,0,camera_sign_speed_limit
14.172103163999964,61357000000,False,False,0,,,,0.0,0,0,0,0,0,camera_sign_speed_limit
14.215962815999774,61456000000,False,False,0,,,,0.0,0,0,0,0,0,camera_sign_speed_limit
14.227904911999758,61456000000,False,False,0,,,,0.0,0,0,0,0,0,camera_sign_speed_limit
14.2731758609998,61456000000,False,False,0,,,,0.0,0,0,0,0,0,camera_sign_speed_limit
14.3044734289997,61456000000,False,False,0,,,,0.0,0,0,0,0,0,camera_sign_speed_limit
14.33813174199986,61559000000,False,False,0,,,,0.0,0,0,0,0,0,camera_sign_speed_limit
14.371587257999636,61559000000,False,False,0,,,,0.0,0,0,0,0,0,camera_sign_speed_limit
14.42561505499998,61660000000,False,False,0,,,,0.0,0,0,0,0,0,camera_sign_speed_limit
14.429615623000245,61660000000,False,False,0,,,,0.0,0,0,0,0,0,camera_sign_speed_limit
14.458881477000432,61660000000,False,False,0,,,,0.0,0,0,0,0,0,camera_sign_speed_limit
14.513121867999871,61761000000,False,False,0,,,,0.0,0,0,0,0,0,camera_sign_speed_limit
14.522239291000005,61761000000,False,False,0,,,,0.0,0,0,0,0,0,camera_sign_speed_limit
14.588340551000329,61761000000,False,False,0,,,,0.0,0,0,0,0,0,camera_sign_speed_limit
14.591549155999928,61761000000,False,False,0,,,,0.0,0,0,0,0,0,camera_sign_speed_limit
14.635627507000208,61862000000,False,False,0,,,,0.0,0,0,0,0,0,camera_sign_speed_limit
14.682180732999768,61862000000,False,False,0,,,,0.0,0,0,0,0,0,camera_sign_speed_limit
14.702817137000238,61862000000,False,False,0,,,,0.0,0,0,0,0,0,camera_sign_speed_limit
14.74793760600005,61962000000,False,False,0,,,,0.0,0,0,0,0,0,camera_sign_speed_limit
14.7673841120004,61962000000,False,False,0,,,,0.0,0,0,0,0,0,camera_sign_speed_limit
14.810370490000423,62064000000,False,False,0,,,,0.0,0,0,0,0,0,camera_sign_speed_limit
14.845331071000146,62064000000,False,False,0,,,,0.0,0,0,0,0,0,camera_sign_speed_limit
14.867393520000405,62064000000,False,False,0,,,,0.0,0,0,0,0,0,camera_sign_speed_limit
14.886705802000506,62064000000,False,False,0,,,,0.0,0,0,0,0,0,camera_sign_speed_limit
14.93313522399967,62164000000,False,False,0,,,,0.0,0,0,0,0,0,camera_sign_speed_limit
14.990448143999856,62164000000,False,False,0,,,,0.0,0,0,0,0,0,camera_sign_speed_limit
14.997691954000402,62164000000,False,False,0,,,,0.0,0,0,0,0,0,camera_sign_speed_limit
15.069112815999688,62265000000,False,False,0,,,,0.0,0,0,0,0,0,camera_sign_speed_limit
15.073078841000097,62265000000,False,False,0,,,,0.0,0,0,0,0,0,camera_sign_speed_limit
15.110204894999697,62366000000,False,False,0,,,,0.0,0,0,0,0,0,camera_sign_speed_limit
15.134807671999624,62366000000,False,False,0,,,,0.0,0,0,0,0,0,camera_sign_speed_limit
15.179974327999844,62366000000,False,False,0,,,,0.0,0,0,0,0,0,camera_sign_speed_limit
15.189135186000385,62366000000,False,False,0,,,,0.0,0,0,0,0,0,camera_sign_speed_limit
15.258456614999886,62465000000,False,False,0,,,,0.0,0,0,0,0,0,camera_sign_speed_limit
15.268009368000094,62465000000,False,False,0,,,,0.0,0,0,0,0,0,camera_sign_speed_limit
15.313735634000295,62565000000,False,False,0,,,,0.0,0,0,0,0,0,camera_sign_speed_limit
15.33537522700044,62565000000,False,False,0,,,,0.0,0,0,0,0,0,camera_sign_speed_limit
15.380697904000044,62565000000,False,False,0,,,,0.0,0,0,0,0,0,camera_sign_speed_limit
15.402861790000316,62565000000,False,False,0,,,,0.0,0,0,0,0,0,camera_sign_speed_limit
15.437468486000398,62665000000,False,False,0,,,,0.0,0,0,0,0,0,camera_sign_speed_limit
15.471546941999804,62665000000,False,False,0,,,,0.0,0,0,0,0,0,camera_sign_speed_limit
15.491042196000308,62665000000,False,False,0,,,,0.0,0,0,0,0,0,camera_sign_speed_limit
15.538598396000452,62765000000,False,False,0,,,,0.0,0,0,0,0,0,camera_sign_speed_limit
15.571087749000071,62765000000,False,False,0,,,,0.0,0,0,0,0,0,camera_sign_speed_limit
15.603064906000327,62765000000,False,False,0,,,,0.0,0,0,0,0,0,camera_sign_speed_limit
15.62569086700023,62867000000,False,False,0,,,,0.0,0,0,0,0,0,camera_sign_speed_limit
15.658071382999879,62867000000,False,False,0,,,,0.0,0,0,0,0,0,camera_sign_speed_limit
15.712691028000336,62867000000,False,False,0,,,,0.0,0,0,0,0,0,camera_sign_speed_limit
15.72620801100038,62965000000,False,False,0,,,,0.0,0,0,0,0,0,camera_sign_speed_limit
15.768982157999744,62965000000,False,False,0,,,,0.0,0,0,0,0,0,camera_sign_speed_limit
15.794313385999885,62965000000,False,False,0,,,,0.0,0,0,0,0,0,camera_sign_speed_limit
15.828377308999734,63065000000,False,False,0,,,,0.0,0,0,0,0,0,camera_sign_speed_limit
15.872904484999708,63065000000,False,False,0,,,,0.0,0,0,0,0,0,camera_sign_speed_limit
15.91781786699994,63164000000,False,False,0,,,,0.0,0,0,0,0,0,camera_sign_speed_limit
15.940716113000235,63164000000,False,False,0,,,,0.0,0,0,0,0,0,camera_sign_speed_limit
15.974783137000486,63164000000,False,False,0,,,,0.0,0,0,0,0,0,camera_sign_speed_limit
16.005178589000025,63164000000,False,False,0,,,,0.0,0,0,0,0,0,camera_sign_speed_limit
16.03853378599979,63266000000,False,False,0,,,,0.0,0,0,0,0,0,camera_sign_speed_limit
16.062107863000165,63266000000,False,False,0,,,,0.0,0,0,0,0,0,camera_sign_speed_limit
16.094136603000152,63266000000,False,False,0,,,,0.0,0,0,0,0,0,camera_sign_speed_limit
16.16523954599961,63366000000,False,False,0,,,,0.0,0,0,0,0,0,camera_sign_speed_limit
16.171084991000498,63366000000,False,False,0,,,,0.0,0,0,0,0,0,camera_sign_speed_limit
16.22737721300018,63466000000,False,False,0,,,,0.0,0,0,0,0,0,camera_sign_speed_limit
16.234210352000446,63466000000,False,False,0,,,,0.0,0,0,0,0,0,camera_sign_speed_limit
16.263693787000193,63466000000,False,False,0,,,,0.0,0,0,0,0,0,camera_sign_speed_limit
16.303897751000477,63466000000,False,False,0,,,,0.0,0,0,0,0,0,camera_sign_speed_limit
16.32673130600051,63568000000,False,False,0,,,,0.0,0,0,0,0,0,camera_sign_speed_limit
16.404269952000504,63568000000,False,False,0,,,,0.0,0,0,0,0,0,camera_sign_speed_limit
16.425891932000013,63668000000,False,False,0,,,,0.0,0,0,0,0,0,camera_sign_speed_limit
16.43664945100045,63668000000,False,False,0,,,,0.0,0,0,0,0,0,camera_sign_speed_limit
16.482280791999983,63668000000,False,False,0,,,,0.0,0,0,0,0,0,camera_sign_speed_limit
16.50440356099989,63668000000,False,False,0,,,,0.0,0,0,0,0,0,camera_sign_speed_limit
16.53903496299972,63768000000,False,False,0,,,,0.0,0,0,0,0,0,camera_sign_speed_limit
16.596603566999875,63768000000,False,False,0,,,,0.0,0,0,0,0,0,camera_sign_speed_limit
16.602176856999904,63768000000,False,False,0,,,,0.0,0,0,0,0,0,camera_sign_speed_limit
16.640506421999817,63868000000,False,False,0,,,,0.0,0,0,0,0,0,camera_sign_speed_limit
16.671925505000218,63868000000,False,False,0,,,,0.0,0,0,0,0,0,camera_sign_speed_limit
16.705339854000158,63868000000,False,False,0,,,,0.0,0,0,0,0,0,camera_sign_speed_limit
16.739807808000478,63969000000,False,False,0,,,,0.0,0,0,0,0,0,camera_sign_speed_limit
16.775337979999676,63969000000,False,False,0,,,,0.0,0,0,0,0,0,camera_sign_speed_limit
16.80399272900013,63969000000,False,False,0,,,,0.0,0,0,0,0,0,camera_sign_speed_limit
16.827861042999757,64070000000,False,False,0,,,,0.0,0,0,0,0,0,camera_sign_speed_limit
16.87251562199981,64070000000,False,False,0,,,,0.0,0,0,0,0,0,camera_sign_speed_limit
16.89313071699962,64070000000,False,False,0,,,,0.0,0,0,0,0,0,camera_sign_speed_limit
16.950820942000064,64170000000,False,False,0,,,,0.0,0,0,0,0,0,camera_sign_speed_limit
16.964592919000097,64170000000,False,False,0,,,,0.0,0,0,0,0,0,camera_sign_speed_limit
17.01963632099978,64170000000,False,False,0,,,,0.0,0,0,0,0,0,camera_sign_speed_limit
17.053152501999648,64269000000,False,False,0,,,,0.0,0,0,0,0,0,camera_sign_speed_limit
17.077416494000317,64269000000,False,False,0,,,,0.0,0,0,0,0,0,camera_sign_speed_limit
17.102139962000365,64269000000,True,False,1,camera_sign_turn_left,turn_left_sign,left,0.4900643486311675,578,17,34,4,178,camera_sign_speed_limit
17.146154287000172,64368000000,True,True,2,camera_sign_turn_left,turn_left_sign,left,0.5311524657701471,3552,48,74,14,173,camera_sign_speed_limit
17.19187278299978,64368000000,True,False,1,camera_sign_turn_right,turn_right_sign,right,0.5079088370138028,7800,78,100,23,169,camera_sign_speed_limit
17.20153664099962,64368000000,True,True,2,camera_sign_turn_right,turn_right_sign,right,0.5075763171831149,12600,105,120,35,166,camera_sign_speed_limit
17.244851110000127,64472000000,True,True,3,camera_sign_turn_right,turn_right_sign,right,0.47516310350685975,17810,130,137,47,163,camera_sign_speed_limit
17.290063532000204,64472000000,True,True,4,camera_sign_turn_right,turn_right_sign,right,0.48017710323920504,22032,153,144,56,161,camera_sign_speed_limit
17.300788880000255,64472000000,True,True,5,camera_sign_turn_right,turn_right_sign,right,0.4776047412555728,25604,173,148,64,160,camera_sign_speed_limit
17.335967869999877,64573000000,True,True,6,camera_sign_turn_right,turn_right_sign,right,0.4702369207889012,28371,193,147,75,160,camera_sign_speed_limit
17.367952982999668,64573000000,True,True,7,camera_sign_turn_right,turn_right_sign,right,0.4650560863255245,30030,210,143,84,161,camera_sign_speed_limit
17.43325633099994,64673000000,True,True,8,camera_sign_turn_right,turn_right_sign,right,0.48230021320587424,32092,226,142,83,165,camera_sign_speed_limit
17.442818858000464,64673000000,True,True,9,camera_sign_turn_right,turn_right_sign,right,0.5098807833167273,32292,234,138,101,172,camera_sign_speed_limit
17.476473190999968,64673000000,True,True,10,camera_sign_turn_right,turn_right_sign,right,0.4996128699258075,32294,241,134,115,175,camera_sign_speed_limit
17.511201526999685,64673000000,True,True,11,camera_sign_turn_right,turn_right_sign,right,0.4945959855840216,31624,236,134,129,177,camera_sign_speed_limit
17.54320450799969,64774000000,True,True,12,camera_sign_turn_right,turn_right_sign,right,0.4992370486909103,29526,222,133,142,180,camera_sign_speed_limit
17.600674459999937,64774000000,True,True,13,camera_sign_turn_right,turn_right_sign,right,0.5007633310311972,27984,212,132,152,182,camera_sign_speed_limit
17.61060070500025,64774000000,True,True,14,camera_sign_turn_right,turn_right_sign,right,0.5030838552850757,26268,199,132,162,183,camera_sign_speed_limit
17.637688552000327,64873000000,True,True,15,camera_sign_turn_right,turn_right_sign,right,0.49130875265129403,30528,192,159,172,195,camera_sign_speed_limit
17.678167816000496,64873000000,True,True,16,camera_sign_turn_right,turn_right_sign,right,0.49033195352831643,29072,184,158,180,196,camera_sign_speed_limit
17.72491542500029,64873000000,True,True,17,camera_sign_turn_right,turn_right_sign,right,0.48964516876741115,27946,178,157,187,196,camera_sign_speed_limit
17.734763872999793,64975000000,True,True,18,camera_sign_turn_right,turn_right_sign,right,0.48984190382894405,26488,172,154,194,197,camera_sign_speed_limit
17.77573819600002,64975000000,True,True,19,camera_sign_turn_right,turn_right_sign,right,0.48904499233981197,25551,167,153,199,197,camera_sign_speed_limit
17.806466015000296,64975000000,True,True,20,camera_sign_turn_right,turn_right_sign,right,0.488786679632118,24786,162,153,204,198,camera_sign_speed_limit
17.831578537000496,65077000000,True,True,21,camera_sign_turn_right,turn_right_sign,right,0.48538060681127854,24016,158,152,209,198,camera_sign_speed_limit
17.87477270399995,65077000000,True,True,22,camera_sign_turn_right,turn_right_sign,right,0.4829366814415485,22648,152,149,215,198,camera_sign_speed_limit
17.92725267700007,65077000000,True,True,23,camera_sign_turn_right,turn_right_sign,right,0.47835637343755927,22052,148,149,220,198,camera_sign_speed_limit
17.935559128000023,65179000000,True,True,24,camera_sign_turn_right,turn_right_sign,right,0.4736642151461453,21903,147,149,223,198,camera_sign_speed_limit
17.97290014400005,65179000000,True,True,25,camera_sign_turn_right,turn_right_sign,right,0.47340213057681235,21307,143,149,225,198,camera_sign_speed_limit
18.030217360999814,65179000000,True,True,26,camera_sign_turn_right,turn_right_sign,right,0.4715191079828404,21158,142,149,226,198,camera_sign_speed_limit
18.039401941000506,65279000000,True,True,27,camera_sign_turn_right,turn_right_sign,right,0.4614642889597295,22648,149,152,227,198,camera_sign_speed_limit
18.063696058999994,65279000000,True,True,28,camera_sign_turn_right,turn_right_sign,right,0.46569290315291556,21128,139,152,228,198,camera_sign_speed_limit
18.105051184999866,65279000000,True,True,29,camera_sign_turn_right,turn_right_sign,right,0.44430791724002355,31977,209,153,219,197,camera_sign_speed_limit
18.15343930600011,65378000000,True,True,30,camera_sign_turn_right,turn_right_sign,right,0.44599137898406077,31262,203,154,219,197,camera_sign_speed_limit
18.18649960499988,65378000000,True,True,31,camera_sign_turn_right,turn_right_sign,right,0.44189974659409376,31086,198,157,219,197,camera_sign_speed_limit
18.219767685999614,65378000000,True,True,32,camera_sign_turn_right,turn_right_sign,right,0.44303975430990994,30494,193,158,218,196,camera_sign_speed_limit
18.257195742000476,65477000000,True,True,33,camera_sign_turn_right,turn_right_sign,right,0.44645995005491546,29733,187,159,217,196,camera_sign_speed_limit
18.266449065000415,65477000000,True,True,34,camera_sign_turn_right,turn_right_sign,right,0.4454299235180923,29484,182,162,216,195,camera_sign_speed_limit
18.29831659499996,65477000000,True,True,35,camera_sign_turn_right,turn_right_sign,right,0.44992843272524596,28851,177,163,214,195,camera_sign_speed_limit
18.331547310999667,65477000000,True,True,36,camera_sign_turn_right,turn_right_sign,right,0.4498437799034028,28724,172,167,212,194,camera_sign_speed_limit
18.376459740999962,65579000000,True,True,37,camera_sign_turn_right,turn_right_sign,right,0.45228970943072727,28223,167,169,209,193,camera_sign_speed_limit
18.40939501699995,65579000000,True,True,38,camera_sign_turn_right,turn_right_sign,right,0.45546623097066513,28026,162,173,206,192,camera_sign_speed_limit
18.4349893790004,65679000000,True,True,39,camera_sign_turn_right,turn_right_sign,right,0.4577339900394015,27789,157,177,203,192,camera_sign_speed_limit
18.49884900500001,65679000000,True,True,40,camera_sign_turn_right,turn_right_sign,right,0.46408501174723293,27208,152,179,199,191,camera_sign_speed_limit
18.506918052999936,65679000000,True,True,41,camera_sign_turn_right,turn_right_sign,right,0.46547514764201553,27267,149,183,194,190,camera_sign_speed_limit
18.533322168000268,65679000000,True,True,42,camera_sign_turn_right,turn_right_sign,right,0.46267047705744196,28424,152,187,188,188,camera_sign_speed_limit
18.594365906999883,65783000000,True,True,43,camera_sign_turn_right,turn_right_sign,right,0.4592835959907367,29568,154,192,182,187,camera_sign_speed_limit
18.605419415999677,65783000000,True,True,44,camera_sign_turn_right,turn_right_sign,right,0.455632967128402,31126,158,197,175,186,camera_sign_speed_limit
18.62891127199964,65783000000,True,True,45,camera_sign_turn_right,turn_right_sign,right,0.46174512823756053,31641,159,199,168,184,camera_sign_speed_limit
18.68668164399969,65886000000,True,True,46,camera_sign_turn_right,turn_right_sign,right,0.45788348542712864,33741,163,207,160,183,camera_sign_speed_limit
18.730979478000336,65886000000,True,True,47,camera_sign_turn_right,turn_right_sign,right,0.45681545015729574,35828,169,212,151,181,camera_sign_speed_limit
18.742493409000417,65981000000,True,True,48,camera_sign_turn_right,turn_right_sign,right,0.45143467616509664,38233,173,221,141,180,camera_sign_speed_limit
18.780691199999637,65981000000,True,True,49,camera_sign_turn_right,turn_right_sign,right,0.45151580419046256,40406,178,227,131,178,camera_sign_speed_limit
18.803944199000398,65981000000,True,True,50,camera_sign_turn_right,turn_right_sign,right,0.4525809304571152,42872,184,233,120,176,camera_sign_speed_limit
18.844835910000256,66081000000,True,True,51,camera_sign_turn_right,turn_right_sign,right,0.45003559765561635,46464,192,242,107,173,camera_sign_speed_limit
18.904457135000484,66081000000,True,True,52,camera_sign_turn_right,turn_right_sign,right,0.45326497855298326,48443,193,251,95,171,camera_sign_speed_limit
18.912944841999888,66081000000,True,True,53,camera_sign_turn_right,turn_right_sign,right,0.473958175793449,46592,182,256,80,168,camera_sign_speed_limit
18.947766379999848,66182000000,True,True,54,camera_sign_turn_right,turn_right_sign,right,0.46273505912036805,44376,172,258,65,166,camera_sign_speed_limit
18.983157501000278,66182000000,True,True,55,camera_sign_turn_right,turn_right_sign,right,0.46610656081796603,39780,153,260,54,166,camera_sign_speed_limit
19.01448772399999,66182000000,True,True,56,camera_sign_turn_right,turn_right_sign,right,0.49101222530683075,34322,131,262,44,168,camera_sign_speed_limit
19.050533554999674,66283000000,True,True,57,camera_sign_turn_right,turn_right_sign,right,0.5013012177820673,29040,110,264,35,173,camera_sign_speed_limit
19.12348013599967,66283000000,True,True,58,camera_sign_turn_right,turn_right_sign,right,0.4924557901784915,22360,86,260,28,178,camera_sign_speed_limit
19.134625810000216,66283000000,True,True,59,camera_sign_turn_right,turn_right_sign,right,0.5027826434720009,14632,59,248,19,183,camera_sign_speed_limit
19.144690858000104,66382000000,True,True,59,camera_sign_turn_right,turn_right_sign,right,0.5027826434720009,14632,59,248,19,183,camera_sign_speed_limit
19.17749497099976,66382000000,True,True,59,camera_sign_turn_right,turn_right_sign,right,0.5027826434720009,14632,59,248,19,183,camera_sign_speed_limit
19.214307563999682,66382000000,True,True,59,camera_sign_turn_right,turn_right_sign,right,0.5027826434720009,14632,59,248,19,183,camera_sign_speed_limit
19.229949976999706,66382000000,True,True,59,camera_sign_turn_right,turn_right_sign,right,0.5027826434720009,14632,59,248,19,183,camera_sign_speed_limit
19.286581522000233,66486000000,True,True,59,camera_sign_turn_right,turn_right_sign,right,0.5027826434720009,14632,59,248,19,183,camera_sign_speed_limit
19.335175860999698,66486000000,True,True,59,camera_sign_turn_right,turn_right_sign,right,0.5027826434720009,14632,59,248,19,183,camera_sign_speed_limit
19.343758041,66584000000,True,True,59,camera_sign_turn_right,turn_right_sign,right,0.5027826434720009,14632,59,248,19,183,camera_sign_speed_limit
19.375859974000377,66584000000,True,True,59,camera_sign_turn_right,turn_right_sign,right,0.5027826434720009,14632,59,248,19,183,camera_sign_speed_limit
19.412696082000366,66584000000,True,True,59,camera_sign_turn_right,turn_right_sign,right,0.5027826434720009,14632,59,248,19,183,camera_sign_speed_limit
19.43318368600012,66584000000,True,False,1,camera_sign_speed_limit,speed_limit_sign,,0.5592530817347752,5841,99,59,34,178,camera_sign_speed_limit
19.48675341099988,66684000000,True,True,2,camera_sign_speed_limit,speed_limit_sign,,0.5636975166693758,5369,91,59,31,177,camera_sign_speed_limit
19.521249892000014,66684000000,True,True,3,camera_sign_speed_limit,speed_limit_sign,,0.5717098258460889,4838,82,59,27,177,camera_sign_speed_limit
19.55210868500035,66777000000,True,True,4,camera_sign_speed_limit,speed_limit_sign,,0.5744285996286678,4189,71,59,23,176,camera_sign_speed_limit
19.572490256000492,66777000000,True,True,5,camera_sign_speed_limit,speed_limit_sign,,0.5653146308256403,3410,62,55,20,176,camera_sign_speed_limit
19.615971764999813,66777000000,True,True,6,camera_sign_speed_limit,speed_limit_sign,,0.5636718095212316,2703,51,53,16,176,camera_sign_speed_limit
19.652832171000227,66880000000,True,True,7,camera_sign_speed_limit,speed_limit_sign,,0.5501146427124485,1960,40,49,13,176,camera_sign_speed_limit
19.692250991000037,66880000000,True,True,8,camera_sign_speed_limit,speed_limit_sign,,0.4929221134243798,1189,29,41,9,176,camera_sign_speed_limit
19.74108361599974,66979000000,True,True,9,camera_sign_speed_limit,speed_limit_sign,,0.4703218791881133,646,19,34,6,177,camera_sign_speed_limit
19.760402810000414,66979000000,True,True,9,camera_sign_speed_limit,speed_limit_sign,,0.4703218791881133,646,19,34,6,177,camera_sign_speed_limit
19.789245312000276,66979000000,True,True,9,camera_sign_speed_limit,speed_limit_sign,,0.4703218791881133,646,19,34,6,177,camera_sign_speed_limit
19.800251601000127,66979000000,True,True,9,camera_sign_speed_limit,speed_limit_sign,,0.4703218791881133,646,19,34,6,177,camera_sign_speed_limit
19.83356582200031,66979000000,True,True,9,camera_sign_speed_limit,speed_limit_sign,,0.4703218791881133,646,19,34,6,177,camera_sign_speed_limit
19.8771238420004,67085000000,True,True,9,camera_sign_speed_limit,speed_limit_sign,,0.4703218791881133,646,19,34,6,177,camera_sign_speed_limit
19.91025351999997,67085000000,True,True,9,camera_sign_speed_limit,speed_limit_sign,,0.4703218791881133,646,19,34,6,177,camera_sign_speed_limit
19.94064589699974,67186000000,True,True,9,camera_sign_speed_limit,speed_limit_sign,,0.4703218791881133,646,19,34,6,177,camera_sign_speed_limit
19.975409784000476,67186000000,True,True,9,camera_sign_speed_limit,speed_limit_sign,,0.4703218791881133,646,19,34,6,177,camera_sign_speed_limit
20.011015846999726,67186000000,True,True,9,camera_sign_speed_limit,speed_limit_sign,,0.4703218791881133,646,19,34,6,177,camera_sign_speed_limit
20.041981108999607,67287000000,True,True,9,camera_sign_speed_limit,speed_limit_sign,,0.4703218791881133,646,19,34,6,177,camera_sign_speed_limit
20.084512901999915,67287000000,True,True,9,camera_sign_speed_limit,speed_limit_sign,,0.4703218791881133,646,19,34,6,177,camera_sign_speed_limit
20.094539988999713,67287000000,True,True,9,camera_sign_speed_limit,speed_limit_sign,,0.4703218791881133,646,19,34,6,177,camera_sign_speed_limit
20.143711745000473,67386000000,True,True,9,camera_sign_speed_limit,speed_limit_sign,,0.4703218791881133,646,19,34,6,177,camera_sign_speed_limit
20.16630923499997,67386000000,True,True,9,camera_sign_speed_limit,speed_limit_sign,,0.4703218791881133,646,19,34,6,177,camera_sign_speed_limit
20.209650812999826,67386000000,True,True,9,camera_sign_speed_limit,speed_limit_sign,,0.4703218791881133,646,19,34,6,177,camera_sign_speed_limit
20.23201472599976,67386000000,True,True,9,camera_sign_speed_limit,speed_limit_sign,,0.4703218791881133,646,19,34,6,177,camera_sign_speed_limit
20.264209482000297,67488000000,False,False,0,,,,0.0,0,0,0,0,0,camera_sign_speed_limit
20.308145044999947,67488000000,False,False,0,,,,0.0,0,0,0,0,0,camera_sign_speed_limit
20.369123041999956,67587000000,False,False,0,,,,0.0,0,0,0,0,0,camera_sign_speed_limit
20.387821899999835,67587000000,False,False,0,,,,0.0,0,0,0,0,0,camera_sign_speed_limit
20.409171797000454,67587000000,False,False,0,,,,0.0,0,0,0,0,0,camera_sign_speed_limit
20.44823929300037,67688000000,False,False,0,,,,0.0,0,0,0,0,0,camera_sign_speed_limit
20.477274363000106,67688000000,False,False,0,,,,0.0,0,0,0,0,0,camera_sign_speed_limit
20.500883120999788,67688000000,False,False,0,,,,0.0,0,0,0,0,0,camera_sign_speed_limit
20.559425065999676,67788000000,False,False,0,,,,0.0,0,0,0,0,0,camera_sign_speed_limit
20.56722695500048,67788000000,False,False,0,,,,0.0,0,0,0,0,0,camera_sign_speed_limit
20.62173439399976,67788000000,False,False,0,,,,0.0,0,0,0,0,0,camera_sign_speed_limit
20.666018810000423,67890000000,False,False,0,,,,0.0,0,0,0,0,0,camera_sign_speed_limit
20.676218026999777,67890000000,False,False,0,,,,0.0,0,0,0,0,0,camera_sign_speed_limit
20.69570990900047,67890000000,False,False,0,,,,0.0,0,0,0,0,0,camera_sign_speed_limit
20.747719242999665,67990000000,False,False,0,,,,0.0,0,0,0,0,0,camera_sign_speed_limit
20.776829880999685,67990000000,False,False,0,,,,0.0,0,0,0,0,0,camera_sign_speed_limit
20.810334914000123,67990000000,False,False,0,,,,0.0,0,0,0,0,0,camera_sign_speed_limit
20.84226409100029,67990000000,False,False,0,,,,0.0,0,0,0,0,0,camera_sign_speed_limit
20.87500991500019,68091000000,False,False,0,,,,0.0,0,0,0,0,0,camera_sign_speed_limit
20.898722732999886,68091000000,False,False,0,,,,0.0,0,0,0,0,0,camera_sign_speed_limit
20.953904066000177,68190000000,False,False,0,,,,0.0,0,0,0,0,0,camera_sign_speed_limit
20.97432894800022,68190000000,False,False,0,,,,0.0,0,0,0,0,0,camera_sign_speed_limit
21.029000053000345,68190000000,False,False,0,,,,0.0,0,0,0,0,0,camera_sign_speed_limit
21.062042262999967,68293000000,False,False,0,,,,0.0,0,0,0,0,0,camera_sign_speed_limit
21.06649499299965,68293000000,False,False,0,,,,0.0,0,0,0,0,0,camera_sign_speed_limit
21.10968172400044,68293000000,False,False,0,,,,0.0,0,0,0,0,0,camera_sign_speed_limit
21.146954800000458,68389000000,False,False,0,,,,0.0,0,0,0,0,0,camera_sign_speed_limit
21.19569814100032,68389000000,False,False,0,,,,0.0,0,0,0,0,0,camera_sign_speed_limit
21.224119739999878,68389000000,False,False,0,,,,0.0,0,0,0,0,0,camera_sign_speed_limit
21.258990811999865,68489000000,False,False,0,,,,0.0,0,0,0,0,0,camera_sign_speed_limit
21.267838822000158,68489000000,False,False,0,,,,0.0,0,0,0,0,0,camera_sign_speed_limit
21.32535666700005,68489000000,False,False,0,,,,0.0,0,0,0,0,0,camera_sign_speed_limit
21.369707398000173,68588000000,False,False,0,,,,0.0,0,0,0,0,0,camera_sign_speed_limit
21.380693789999896,68588000000,False,False,0,,,,0.0,0,0,0,0,0,camera_sign_speed_limit
21.435458967999693,68588000000,False,False,0,,,,0.0,0,0,0,0,0,camera_sign_speed_limit
21.4561193010004,68690000000,False,False,0,,,,0.0,0,0,0,0,0,camera_sign_speed_limit
21.47702214600031,68690000000,False,False,0,,,,0.0,0,0,0,0,0,camera_sign_speed_limit
21.52120930000001,68690000000,False,False,0,,,,0.0,0,0,0,0,0,camera_sign_speed_limit
21.56826102099967,68792000000,False,False,0,,,,0.0,0,0,0,0,0,camera_sign_speed_limit
21.571830630000477,68792000000,False,False,0,,,,0.0,0,0,0,0,0,camera_sign_speed_limit
21.632208158999674,68792000000,False,False,0,,,,0.0,0,0,0,0,0,camera_sign_speed_limit
21.64325693400042,68792000000,False,False,0,,,,0.0,0,0,0,0,0,camera_sign_speed_limit
21.66675441300049,68894000000,False,False,0,,,,0.0,0,0,0,0,0,camera_sign_speed_limit
21.72664613300003,68894000000,False,False,0,,,,0.0,0,0,0,0,0,camera_sign_speed_limit
21.760223878000033,68992000000,False,False,0,,,,0.0,0,0,0,0,0,camera_sign_speed_limit
21.77858531000038,68992000000,False,False,0,,,,0.0,0,0,0,0,0,camera_sign_speed_limit
21.80914148700049,68992000000,False,False,0,,,,0.0,0,0,0,0,0,camera_sign_speed_limit
21.856227227999625,69094000000,False,False,0,,,,0.0,0,0,0,0,0,camera_sign_speed_limit
21.89284688400039,69094000000,False,False,0,,,,0.0,0,0,0,0,0,camera_sign_speed_limit
21.91512564200002,69094000000,False,False,0,,,,0.0,0,0,0,0,0,camera_sign_speed_limit
21.93462367600023,69094000000,False,False,0,,,,0.0,0,0,0,0,0,camera_sign_speed_limit
21.977745213999697,69194000000,False,False,0,,,,0.0,0,0,0,0,0,camera_sign_speed_limit
22.000469693000014,69194000000,False,False,0,,,,0.0,0,0,0,0,0,camera_sign_speed_limit
22.058027500000208,69293000000,False,False,0,,,,0.0,0,0,0,0,0,camera_sign_speed_limit
22.10229960900051,69293000000,False,False,0,,,,0.0,0,0,0,0,0,camera_sign_speed_limit
22.10625399499986,69293000000,False,False,0,,,,0.0,0,0,0,0,0,camera_sign_speed_limit
22.145083293000425,69293000000,False,False,0,,,,0.0,0,0,0,0,0,camera_sign_speed_limit
22.18699133500013,69396000000,False,False,0,,,,0.0,0,0,0,0,0,camera_sign_speed_limit
22.243617522000022,69396000000,False,False,0,,,,0.0,0,0,0,0,0,camera_sign_speed_limit
22.25386271499974,69497000000,False,False,0,,,,0.0,0,0,0,0,0,camera_sign_speed_limit
22.28763271600019,69497000000,False,False,0,,,,0.0,0,0,0,0,0,camera_sign_speed_limit
22.32353210800011,69497000000,False,False,0,,,,0.0,0,0,0,0,0,camera_sign_speed_limit
22.34579323900016,69497000000,False,False,0,,,,0.0,0,0,0,0,0,camera_sign_speed_limit
22.36805012199966,69595000000,False,False,0,,,,0.0,0,0,0,0,0,camera_sign_speed_limit
22.41349189599987,69595000000,False,False,0,,,,0.0,0,0,0,0,0,camera_sign_speed_limit
22.435828442000457,69595000000,False,False,0,,,,0.0,0,0,0,0,0,camera_sign_speed_limit
22.490690874000393,69695000000,False,False,0,,,,0.0,0,0,0,0,0,camera_sign_speed_limit
22.52593492000051,69695000000,False,False,0,,,,0.0,0,0,0,0,0,camera_sign_speed_limit
22.54982657599976,69695000000,False,False,0,,,,0.0,0,0,0,0,0,camera_sign_speed_limit
22.58139842499986,69794000000,False,False,0,,,,0.0,0,0,0,0,0,camera_sign_speed_limit
22.624819687000127,69794000000,False,False,0,,,,0.0,0,0,0,0,0,camera_sign_speed_limit
22.649320426000486,69794000000,False,False,0,,,,0.0,0,0,0,0,0,camera_sign_speed_limit
22.69243735100008,69894000000,False,False,0,,,,0.0,0,0,0,0,0,camera_sign_speed_limit
22.702344776000245,69894000000,False,False,0,,,,0.0,0,0,0,0,0,camera_sign_speed_limit
22.734660551999696,69894000000,False,False,0,,,,0.0,0,0,0,0,0,camera_sign_speed_limit
22.77156336200005,69997000000,False,False,0,,,,0.0,0,0,0,0,0,camera_sign_speed_limit
22.799719370000275,69997000000,False,False,0,,,,0.0,0,0,0,0,0,camera_sign_speed_limit
22.833829246000278,69997000000,False,False,0,,,,0.0,0,0,0,0,0,camera_sign_speed_limit
22.9079953749997,70097000000,False,False,0,,,,0.0,0,0,0,0,0,camera_sign_speed_limit
22.928143084999647,70097000000,False,False,0,,,,0.0,0,0,0,0,0,camera_sign_speed_limit
22.969858196000132,70196000000,False,False,0,,,,0.0,0,0,0,0,0,camera_sign_speed_limit
22.973726801999874,70196000000,False,False,0,,,,0.0,0,0,0,0,0,camera_sign_speed_limit
23.004961192999872,70196000000,False,False,0,,,,0.0,0,0,0,0,0,camera_sign_speed_limit
23.03666127300039,70196000000,False,False,0,,,,0.0,0,0,0,0,0,camera_sign_speed_limit
23.126824703999773,70297000000,False,False,0,,,,0.0,0,0,0,0,0,camera_sign_speed_limit
23.132099880999704,70297000000,False,False,0,,,,0.0,0,0,0,0,0,camera_sign_speed_limit
23.16941264900015,70392000000,False,False,0,,,,0.0,0,0,0,0,0,camera_sign_speed_limit
23.201762691999647,70392000000,False,False,0,,,,0.0,0,0,0,0,0,camera_sign_speed_limit
23.218859771999632,70392000000,False,False,0,,,,0.0,0,0,0,0,0,camera_sign_speed_limit
23.26041749399974,70496000000,False,False,0,,,,0.0,0,0,0,0,0,camera_sign_speed_limit
23.27086565599984,70496000000,False,False,0,,,,0.0,0,0,0,0,0,camera_sign_speed_limit
23.311913116999676,70496000000,False,False,0,,,,0.0,0,0,0,0,0,camera_sign_speed_limit
23.346435843999643,70496000000,False,False,0,,,,0.0,0,0,0,0,0,camera_sign_speed_limit
23.400198410000485,70600000000,False,False,0,,,,0.0,0,0,0,0,0,camera_sign_speed_limit
23.404373538000073,70600000000,False,False,0,,,,0.0,0,0,0,0,0,camera_sign_speed_limit
23.49171151599967,70698000000,False,False,0,,,,0.0,0,0,0,0,0,camera_sign_speed_limit
23.51401791799981,70698000000,False,False,0,,,,0.0,0,0,0,0,0,camera_sign_speed_limit
23.535798951000288,70698000000,False,False,0,,,,0.0,0,0,0,0,0,camera_sign_speed_limit
23.547576138000295,70698000000,False,False,0,,,,0.0,0,0,0,0,0,camera_sign_speed_limit
23.58313845199973,70798000000,False,False,0,,,,0.0,0,0,0,0,0,camera_sign_speed_limit
23.625951203999648,70798000000,False,False,0,,,,0.0,0,0,0,0,0,camera_sign_speed_limit
23.65996853100023,70899000000,False,False,0,,,,0.0,0,0,0,0,0,camera_sign_speed_limit
23.670995712999684,70899000000,False,False,0,,,,0.0,0,0,0,0,0,camera_sign_speed_limit
23.71232583300025,70899000000,False,False,0,,,,0.0,0,0,0,0,0,camera_sign_speed_limit
23.759255017000214,71001000000,False,False,0,,,,0.0,0,0,0,0,0,camera_sign_speed_limit
23.790549543000452,71001000000,False,False,0,,,,0.0,0,0,0,0,0,camera_sign_speed_limit
23.824170505999973,71001000000,False,False,0,,,,0.0,0,0,0,0,0,camera_sign_speed_limit
23.848049037000237,71001000000,False,False,0,,,,0.0,0,0,0,0,0,camera_sign_speed_limit
23.881137379000393,71102000000,False,False,0,,,,0.0,0,0,0,0,0,camera_sign_speed_limit
23.91405511300036,71102000000,False,False,0,,,,0.0,0,0,0,0,0,camera_sign_speed_limit
23.97173544100042,71200000000,False,False,0,,,,0.0,0,0,0,0,0,camera_sign_speed_limit
23.98195068000041,71200000000,False,False,0,,,,0.0,0,0,0,0,0,camera_sign_speed_limit
24.03710231599962,71200000000,False,False,0,,,,0.0,0,0,0,0,0,camera_sign_speed_limit
24.069660134000515,71299000000,False,False,0,,,,0.0,0,0,0,0,0,camera_sign_speed_limit
24.07367571499981,71299000000,False,False,0,,,,0.0,0,0,0,0,0,camera_sign_speed_limit
24.136088326999925,71299000000,False,False,0,,,,0.0,0,0,0,0,0,camera_sign_speed_limit
24.15867241700016,71299000000,False,False,0,,,,0.0,0,0,0,0,0,camera_sign_speed_limit
24.197426548000294,71399000000,False,False,0,,,,0.0,0,0,0,0,0,camera_sign_speed_limit
24.219636971,71399000000,False,False,0,,,,0.0,0,0,0,0,0,camera_sign_speed_limit
24.242862045000038,71399000000,False,False,0,,,,0.0,0,0,0,0,0,camera_sign_speed_limit
24.28375484800017,71499000000,False,False,0,,,,0.0,0,0,0,0,0,camera_sign_speed_limit
24.31515809800021,71499000000,False,False,0,,,,0.0,0,0,0,0,0,camera_sign_speed_limit
24.349868627000433,71499000000,False,False,0,,,,0.0,0,0,0,0,0,camera_sign_speed_limit
24.392692059000183,71604000000,False,False,0,,,,0.0,0,0,0,0,0,camera_sign_speed_limit
24.41475183900002,71604000000,False,False,0,,,,0.0,0,0,0,0,0,camera_sign_speed_limit
24.45188001400038,71604000000,True,False,1,camera_sign_turn_right,turn_right_sign,right,0.5202750021483551,780,30,26,60,231,camera_sign_speed_limit
24.48200943899974,71705000000,True,False,1,camera_sign_turn_right,turn_right_sign,right,0.5202750021483551,780,30,26,60,231,camera_sign_speed_limit
24.515901984000266,71705000000,True,False,1,camera_sign_turn_right,turn_right_sign,right,0.5202750021483551,780,30,26,60,231,camera_sign_speed_limit
24.539853661000052,71705000000,True,False,1,camera_sign_turn_right,turn_right_sign,right,0.5202750021483551,780,30,26,60,231,camera_sign_speed_limit
24.579985022999608,71806000000,True,False,1,camera_sign_turn_right,turn_right_sign,right,0.5202750021483551,780,30,26,60,231,camera_sign_speed_limit
24.625812498000414,71806000000,True,False,1,camera_sign_turn_right,turn_right_sign,right,0.5202750021483551,780,30,26,60,231,camera_sign_speed_limit
24.651914787999885,71806000000,True,False,1,camera_sign_turn_right,turn_right_sign,right,0.5202750021483551,780,30,26,60,231,camera_sign_speed_limit
24.681906853999863,71908000000,True,False,1,camera_sign_turn_right,turn_right_sign,right,0.5202750021483551,780,30,26,60,231,camera_sign_speed_limit
24.725052607999714,71908000000,True,False,1,camera_sign_turn_right,turn_right_sign,right,0.5202750021483551,780,30,26,60,231,camera_sign_speed_limit
24.748216468000464,71908000000,True,False,1,camera_sign_turn_right,turn_right_sign,right,0.5202750021483551,780,30,26,60,231,camera_sign_speed_limit
24.792450275000192,72006000000,True,False,1,camera_sign_turn_right,turn_right_sign,right,0.5202750021483551,780,30,26,60,231,camera_sign_speed_limit
24.825969030000124,72006000000,True,False,1,camera_sign_turn_right,turn_right_sign,right,0.5202750021483551,780,30,26,60,231,camera_sign_speed_limit
24.863067367999975,72006000000,True,False,1,camera_sign_turn_right,turn_right_sign,right,0.5202750021483551,780,30,26,60,231,camera_sign_speed_limit
24.872690154999873,72105000000,False,False,0,,,,0.0,0,0,0,0,0,camera_sign_speed_limit
24.9049619919997,72105000000,False,False,0,,,,0.0,0,0,0,0,0,camera_sign_speed_limit
24.96164603699981,72105000000,False,False,0,,,,0.0,0,0,0,0,0,camera_sign_speed_limit
24.997310532000483,72203000000,False,False,0,,,,0.0,0,0,0,0,0,camera_sign_speed_limit
25.008087090000117,72203000000,False,False,0,,,,0.0,0,0,0,0,0,camera_sign_speed_limit
25.076146809999955,72304000000,False,False,0,,,,0.0,0,0,0,0,0,camera_sign_speed_limit
25.081845790999978,72304000000,False,False,0,,,,0.0,0,0,0,0,0,camera_sign_speed_limit
25.116741617000116,72304000000,False,False,0,,,,0.0,0,0,0,0,0,camera_sign_speed_limit
25.16515576599977,72304000000,False,False,0,,,,0.0,0,0,0,0,0,camera_sign_speed_limit
25.17302675300016,72406000000,False,False,0,,,,0.0,0,0,0,0,0,camera_sign_speed_limit
25.240040063999913,72406000000,False,False,0,,,,0.0,0,0,0,0,0,camera_sign_speed_limit
25.248464277000494,72406000000,False,False,0,,,,0.0,0,0,0,0,0,camera_sign_speed_limit
25.271086058000037,72510000000,False,False,0,,,,0.0,0,0,0,0,0,camera_sign_speed_limit
25.312400722000348,72510000000,False,False,0,,,,0.0,0,0,0,0,0,camera_sign_speed_limit
25.347934245000033,72510000000,False,False,0,,,,0.0,0,0,0,0,0,camera_sign_speed_limit
25.392640596000092,72610000000,False,False,0,,,,0.0,0,0,0,0,0,camera_sign_speed_limit
25.425530925999738,72610000000,False,False,0,,,,0.0,0,0,0,0,0,camera_sign_speed_limit
25.470630083999822,72709000000,False,False,0,,,,0.0,0,0,0,0,0,camera_sign_speed_limit
25.475486717000422,72709000000,False,False,0,,,,0.0,0,0,0,0,0,camera_sign_speed_limit
25.52715601,72709000000,False,False,0,,,,0.0,0,0,0,0,0,camera_sign_speed_limit
25.549507517000166,72709000000,False,False,0,,,,0.0,0,0,0,0,0,camera_sign_speed_limit
25.598201797,72811000000,False,False,0,,,,0.0,0,0,0,0,0,camera_sign_speed_limit
25.61573541100006,72811000000,False,False,0,,,,0.0,0,0,0,0,0,camera_sign_speed_limit
25.64730494200012,72811000000,False,False,0,,,,0.0,0,0,0,0,0,camera_sign_speed_limit
25.705779885000084,72911000000,False,False,0,,,,0.0,0,0,0,0,0,camera_sign_speed_limit
25.72590188200047,72911000000,False,False,0,,,,0.0,0,0,0,0,0,camera_sign_speed_limit
25.771804402999805,73009000000,False,False,0,,,,0.0,0,0,0,0,0,camera_sign_speed_limit
25.78431153299971,73009000000,False,False,0,,,,0.0,0,0,0,0,0,camera_sign_speed_limit
25.816351520000353,73009000000,False,False,0,,,,0.0,0,0,0,0,0,camera_sign_speed_limit
25.839448978999826,73009000000,False,False,0,,,,0.0,0,0,0,0,0,camera_sign_speed_limit
25.894766108999647,73110000000,False,False,0,,,,0.0,0,0,0,0,0,camera_sign_speed_limit
25.916518703000293,73110000000,False,False,0,,,,0.0,0,0,0,0,0,camera_sign_speed_limit
25.938703189999615,73110000000,False,False,0,,,,0.0,0,0,0,0,0,camera_sign_speed_limit
25.99393625399989,73211000000,False,False,0,,,,0.0,0,0,0,0,0,camera_sign_speed_limit
26.027571843999795,73211000000,False,False,0,,,,0.0,0,0,0,0,0,camera_sign_speed_limit
26.04966024300029,73211000000,False,False,0,,,,0.0,0,0,0,0,0,camera_sign_speed_limit
26.083099133999895,73312000000,False,False,0,,,,0.0,0,0,0,0,0,camera_sign_speed_limit
26.116830945999936,73312000000,False,False,0,,,,0.0,0,0,0,0,0,camera_sign_speed_limit
26.160363062000215,73312000000,False,False,0,,,,0.0,0,0,0,0,0,camera_sign_speed_limit
26.184008420999817,73413000000,False,False,0,,,,0.0,0,0,0,0,0,camera_sign_speed_limit
26.20606444399982,73413000000,False,False,0,,,,0.0,0,0,0,0,0,camera_sign_speed_limit
26.25306826399992,73413000000,False,False,0,,,,0.0,0,0,0,0,0,camera_sign_speed_limit
26.286224491000212,73512000000,False,False,0,,,,0.0,0,0,0,0,0,camera_sign_speed_limit
26.328493824999896,73512000000,False,False,0,,,,0.0,0,0,0,0,0,camera_sign_speed_limit
26.364481788000376,73512000000,False,False,0,,,,0.0,0,0,0,0,0,camera_sign_speed_limit
26.383330020999892,73614000000,False,False,0,,,,0.0,0,0,0,0,0,camera_sign_speed_limit
26.417715446999864,73614000000,False,False,0,,,,0.0,0,0,0,0,0,camera_sign_speed_limit
26.459334809999746,73614000000,False,False,0,,,,0.0,0,0,0,0,0,camera_sign_speed_limit
26.48364848900019,73713000000,False,False,0,,,,0.0,0,0,0,0,0,camera_sign_speed_limit
26.53907977200015,73713000000,False,False,0,,,,0.0,0,0,0,0,0,camera_sign_speed_limit
26.544039616999726,73713000000,False,False,0,,,,0.0,0,0,0,0,0,camera_sign_speed_limit
26.60591854300037,73814000000,False,False,0,,,,0.0,0,0,0,0,0,camera_sign_speed_limit
26.62631331800003,73814000000,False,False,0,,,,0.0,0,0,0,0,0,camera_sign_speed_limit
26.650528529999974,73814000000,False,False,0,,,,0.0,0,0,0,0,0,camera_sign_speed_limit
26.68490788700001,73914000000,False,False,0,,,,0.0,0,0,0,0,0,camera_sign_speed_limit
26.727290675000404,73914000000,False,False,0,,,,0.0,0,0,0,0,0,camera_sign_speed_limit
26.760693121999793,73914000000,False,False,0,,,,0.0,0,0,0,0,0,camera_sign_speed_limit
26.784213861000353,74015000000,False,False,0,,,,0.0,0,0,0,0,0,camera_sign_speed_limit
26.814358057999925,74015000000,False,False,0,,,,0.0,0,0,0,0,0,camera_sign_speed_limit
26.861068627999884,74015000000,False,False,0,,,,0.0,0,0,0,0,0,camera_sign_speed_limit
26.895994493000217,74115000000,False,False,0,,,,0.0,0,0,0,0,0,camera_sign_speed_limit
26.919276567000452,74115000000,False,False,0,,,,0.0,0,0,0,0,0,camera_sign_speed_limit
26.9636415519999,74115000000,False,False,0,,,,0.0,0,0,0,0,0,camera_sign_speed_limit
26.983381005999945,74216000000,False,False,0,,,,0.0,0,0,0,0,0,camera_sign_speed_limit
27.019863847000124,74216000000,False,False,0,,,,0.0,0,0,0,0,0,camera_sign_speed_limit
27.097130332999768,74315000000,False,False,0,,,,0.0,0,0,0,0,0,camera_sign_speed_limit
27.108166928000173,74315000000,False,False,0,,,,0.0,0,0,0,0,0,camera_sign_speed_limit
27.1169893389997,74315000000,False,False,0,,,,0.0,0,0,0,0,0,camera_sign_speed_limit
27.16202124099982,74315000000,False,False,0,,,,0.0,0,0,0,0,0,camera_sign_speed_limit
27.172989785000027,74315000000,False,False,0,,,,0.0,0,0,0,0,0,camera_sign_speed_limit
27.241587520000394,74416000000,False,False,0,,,,0.0,0,0,0,0,0,camera_sign_speed_limit
27.264943752000363,74416000000,False,False,0,,,,0.0,0,0,0,0,0,camera_sign_speed_limit
27.298154111000258,74516000000,False,False,0,,,,0.0,0,0,0,0,0,camera_sign_speed_limit
27.319177446999674,74516000000,False,False,0,,,,0.0,0,0,0,0,0,camera_sign_speed_limit
27.34628421599973,74516000000,False,False,0,,,,0.0,0,0,0,0,0,camera_sign_speed_limit
27.390468780000447,74614000000,False,False,0,,,,0.0,0,0,0,0,0,camera_sign_speed_limit
27.421166459000233,74614000000,False,False,0,,,,0.0,0,0,0,0,0,camera_sign_speed_limit
27.453475086000253,74614000000,False,False,0,,,,0.0,0,0,0,0,0,camera_sign_speed_limit
27.476716846999807,74614000000,False,False,0,,,,0.0,0,0,0,0,0,camera_sign_speed_limit
27.52163683100025,74716000000,False,False,0,,,,0.0,0,0,0,0,0,camera_sign_speed_limit
27.55821850099983,74716000000,False,False,0,,,,0.0,0,0,0,0,0,camera_sign_speed_limit
27.586740396000096,74816000000,False,False,0,,,,0.0,0,0,0,0,0,camera_sign_speed_limit
27.622071554000286,74816000000,False,False,0,,,,0.0,0,0,0,0,0,camera_sign_speed_limit
27.652410671000325,74816000000,False,False,0,,,,0.0,0,0,0,0,0,camera_sign_speed_limit
27.6925678839998,74912000000,False,False,0,,,,0.0,0,0,0,0,0,camera_sign_speed_limit
27.722224041000118,74912000000,False,False,0,,,,0.0,0,0,0,0,0,camera_sign_speed_limit
27.787273842000104,75018000000,False,False,0,,,,0.0,0,0,0,0,0,camera_sign_speed_limit
27.810040096000193,75018000000,False,False,0,,,,0.0,0,0,0,0,0,camera_sign_speed_limit
27.840682422999635,75018000000,False,False,0,,,,0.0,0,0,0,0,0,camera_sign_speed_limit
27.85173866599962,75018000000,False,False,0,,,,0.0,0,0,0,0,0,camera_sign_speed_limit
27.88488622499972,75120000000,False,False,0,,,,0.0,0,0,0,0,0,camera_sign_speed_limit
27.928697420999924,75120000000,False,False,0,,,,0.0,0,0,0,0,0,camera_sign_speed_limit
27.953066400999887,75120000000,False,False,0,,,,0.0,0,0,0,0,0,camera_sign_speed_limit
27.97637584200038,75120000000,False,False,0,,,,0.0,0,0,0,0,0,camera_sign_speed_limit
28.027936630999648,75221000000,False,False,0,,,,0.0,0,0,0,0,0,camera_sign_speed_limit
28.063919545999852,75221000000,False,False,0,,,,0.0,0,0,0,0,0,camera_sign_speed_limit
28.072787066000274,75221000000,False,False,0,,,,0.0,0,0,0,0,0,camera_sign_speed_limit
28.14078549900023,75321000000,False,False,0,,,,0.0,0,0,0,0,0,camera_sign_speed_limit
28.16526338099993,75321000000,False,False,0,,,,0.0,0,0,0,0,0,camera_sign_speed_limit
28.1879179309999,75419000000,False,False,0,,,,0.0,0,0,0,0,0,camera_sign_speed_limit
28.23171765799998,75419000000,False,False,0,,,,0.0,0,0,0,0,0,camera_sign_speed_limit
28.25377374599975,75419000000,False,False,0,,,,0.0,0,0,0,0,0,camera_sign_speed_limit
28.288493893000123,75521000000,False,False,0,,,,0.0,0,0,0,0,0,camera_sign_speed_limit
28.323273863000395,75521000000,False,False,0,,,,0.0,0,0,0,0,0,camera_sign_speed_limit
28.376751939000314,75521000000,False,False,0,,,,0.0,0,0,0,0,0,camera_sign_speed_limit
28.382327215999794,75521000000,False,False,0,,,,0.0,0,0,0,0,0,camera_sign_speed_limit
28.449376378000125,75616000000,False,False,0,,,,0.0,0,0,0,0,0,camera_sign_speed_limit
28.479938336000487,75616000000,False,False,0,,,,0.0,0,0,0,0,0,camera_sign_speed_limit
28.498628948999794,75717000000,False,False,0,,,,0.0,0,0,0,0,0,camera_sign_speed_limit
28.523128933000407,75717000000,False,False,0,,,,0.0,0,0,0,0,0,camera_sign_speed_limit
28.555577484999958,75717000000,False,False,0,,,,0.0,0,0,0,0,0,camera_sign_speed_limit
28.58966456899998,75819000000,False,False,0,,,,0.0,0,0,0,0,0,camera_sign_speed_limit
28.62096653699973,75819000000,False,False,0,,,,0.0,0,0,0,0,0,camera_sign_speed_limit
28.645281467999666,75819000000,False,False,0,,,,0.0,0,0,0,0,0,camera_sign_speed_limit
28.68855413199981,75918000000,False,False,0,,,,0.0,0,0,0,0,0,camera_sign_speed_limit
28.746882141999777,75918000000,False,False,0,,,,0.0,0,0,0,0,0,camera_sign_speed_limit
28.781229017999976,75918000000,False,False,0,,,,0.0,0,0,0,0,0,camera_sign_speed_limit
28.787301541000488,76021000000,False,False,0,,,,0.0,0,0,0,0,0,camera_sign_speed_limit
28.818441938000433,76021000000,True,False,1,camera_sign_speed_limit,speed_limit_sign,,0.4345411545728385,4599,73,63,320,174,camera_sign_speed_limit
28.846378987000207,76021000000,True,True,2,camera_sign_speed_limit,speed_limit_sign,,0.43468352740641997,4599,73,63,319,173,camera_sign_speed_limit
28.879076473999703,76021000000,True,True,3,camera_sign_speed_limit,speed_limit_sign,,0.4304780521842579,4599,73,63,318,173,camera_sign_speed_limit
28.922264691000237,76123000000,True,True,4,camera_sign_speed_limit,speed_limit_sign,,0.42082342674979667,4599,73,63,317,173,camera_sign_speed_limit
28.968192540000018,76123000000,True,True,5,camera_sign_speed_limit,speed_limit_sign,,0.4362789386278698,4736,74,64,316,172,camera_sign_speed_limit
29.000504782999997,76222000000,True,True,6,camera_sign_speed_limit,speed_limit_sign,,0.42753998109575725,4736,74,64,315,172,camera_sign_speed_limit
29.011775290000514,76222000000,True,True,7,camera_sign_speed_limit,speed_limit_sign,,0.4272063961677993,4810,74,65,314,171,camera_sign_speed_limit
29.055073878999792,76222000000,True,True,8,camera_sign_speed_limit,speed_limit_sign,,0.4253976484075328,4800,75,64,313,171,camera_sign_speed_limit
29.11203249600021,76325000000,True,True,9,camera_sign_speed_limit,speed_limit_sign,,0.425868024887863,4875,75,65,311,170,camera_sign_speed_limit
29.13298695499998,76325000000,True,True,10,camera_sign_speed_limit,speed_limit_sign,,0.43719770102723066,5304,78,68,310,170,camera_sign_speed_limit
29.16677651700047,76325000000,True,True,11,camera_sign_speed_limit,speed_limit_sign,,0.4321531082358755,5135,79,65,309,169,camera_sign_speed_limit
29.19185563100018,76425000000,True,True,12,camera_sign_speed_limit,speed_limit_sign,,0.4359848473485237,5372,79,68,308,169,camera_sign_speed_limit
29.236028342999816,76425000000,True,True,13,camera_sign_speed_limit,speed_limit_sign,,0.43153591275374625,5440,80,68,307,168,camera_sign_speed_limit
29.24655998900016,76425000000,True,True,14,camera_sign_speed_limit,speed_limit_sign,,0.4310891712437884,5372,79,68,305,168,camera_sign_speed_limit
29.34546217099978,76524000000,True,True,15,camera_sign_speed_limit,speed_limit_sign,,0.4327521830075147,5520,80,69,304,167,camera_sign_speed_limit
29.353325101000337,76524000000,True,True,16,camera_sign_speed_limit,speed_limit_sign,,0.4243257199228416,5520,80,69,303,167,camera_sign_speed_limit
29.368407339999976,76524000000,True,True,17,camera_sign_speed_limit,speed_limit_sign,,0.4332590470776765,5727,83,69,301,166,camera_sign_speed_limit
29.39018044400018,76524000000,True,True,18,camera_sign_speed_limit,speed_limit_sign,,0.43135636495926855,5810,83,70,300,165,camera_sign_speed_limit
29.42382057800023,76624000000,True,True,19,camera_sign_speed_limit,speed_limit_sign,,0.43519420127754305,6132,84,73,299,165,camera_sign_speed_limit
29.46837137900002,76624000000,True,True,20,camera_sign_speed_limit,speed_limit_sign,,0.42873320918777885,5950,85,70,297,164,camera_sign_speed_limit
29.491711112999837,76624000000,True,True,21,camera_sign_speed_limit,speed_limit_sign,,0.4326340345998574,6205,85,73,296,164,camera_sign_speed_limit
29.523428884999703,76725000000,True,True,22,camera_sign_speed_limit,speed_limit_sign,,0.43902965618657486,6512,88,74,295,163,camera_sign_speed_limit
29.581501779000064,76725000000,True,True,23,camera_sign_speed_limit,speed_limit_sign,,0.4391875122430524,6512,88,74,293,162,camera_sign_speed_limit
29.587738072999855,76725000000,True,True,24,camera_sign_speed_limit,speed_limit_sign,,0.4337384478315388,6586,89,74,292,162,camera_sign_speed_limit
29.643953103000058,76827000000,True,True,25,camera_sign_speed_limit,speed_limit_sign,,0.43507346765294075,6660,90,74,290,161,camera_sign_speed_limit
29.65510632800033,76827000000,True,True,26,camera_sign_speed_limit,speed_limit_sign,,0.43906872861345536,6975,93,75,288,161,camera_sign_speed_limit
29.69072623700049,76827000000,True,True,27,camera_sign_speed_limit,speed_limit_sign,,0.43165554450252863,6750,90,75,287,160,camera_sign_speed_limit
29.72697698600041,76925000000,True,True,28,camera_sign_speed_limit,speed_limit_sign,,0.44059563039995236,7254,93,78,285,159,camera_sign_speed_limit
29.79042987699995,76925000000,True,True,29,camera_sign_speed_limit,speed_limit_sign,,0.44063528847747035,7426,94,79,284,159,camera_sign_speed_limit
29.80039533299987,77021000000,True,True,30,camera_sign_speed_limit,speed_limit_sign,,0.44082085913285085,7426,94,79,282,158,camera_sign_speed_limit
29.813653354000053,77021000000,True,True,31,camera_sign_speed_limit,speed_limit_sign,,0.43294718450821656,7505,95,79,280,157,camera_sign_speed_limit
29.855489915999897,77021000000,True,True,32,camera_sign_speed_limit,speed_limit_sign,,0.43825516729494307,7742,98,79,279,157,camera_sign_speed_limit
29.876969939000446,77021000000,True,True,33,camera_sign_speed_limit,speed_limit_sign,,0.4379043564812476,7920,99,80,277,156,camera_sign_speed_limit
29.93142318399987,77131000000,True,True,34,camera_sign_speed_limit,speed_limit_sign,,0.438834923375126,8000,100,80,275,155,camera_sign_speed_limit
29.939660701999856,77131000000,True,True,35,camera_sign_speed_limit,speed_limit_sign,,0.4411954180685146,8300,100,83,273,154,camera_sign_speed_limit
29.99347969199971,77131000000,True,True,36,camera_sign_speed_limit,speed_limit_sign,,0.4439893888218873,8549,103,83,271,154,camera_sign_speed_limit
30.015086577999682,77236000000,True,True,37,camera_sign_speed_limit,speed_limit_sign,,0.4425136535600522,8736,104,84,269,153,camera_sign_speed_limit
30.0619338409997,77236000000,True,True,38,camera_sign_speed_limit,speed_limit_sign,,0.44139812607167817,8820,105,84,267,152,camera_sign_speed_limit
30.073941421999734,77236000000,True,True,39,camera_sign_speed_limit,speed_limit_sign,,0.4378678475081166,8925,105,85,265,151,camera_sign_speed_limit
30.115130883000347,77337000000,True,True,40,camera_sign_speed_limit,speed_limit_sign,,0.4426845325895503,9265,109,85,264,150,camera_sign_speed_limit
30.147595073000048,77337000000,True,True,41,camera_sign_speed_limit,speed_limit_sign,,0.44778616624333983,9701,109,89,261,150,camera_sign_speed_limit
30.19077425999967,77337000000,True,True,42,camera_sign_speed_limit,speed_limit_sign,,0.4484350699906887,9790,110,89,259,149,camera_sign_speed_limit
30.20293622400004,77439000000,True,True,43,camera_sign_speed_limit,speed_limit_sign,,0.446415565873539,10170,113,90,257,148,camera_sign_speed_limit
30.25812795100046,77439000000,True,True,44,camera_sign_speed_limit,speed_limit_sign,,0.4457540882343956,10260,114,90,255,147,camera_sign_speed_limit
30.279221630999928,77439000000,True,True,45,camera_sign_speed_limit,speed_limit_sign,,0.4456029557941014,10350,115,90,253,146,camera_sign_speed_limit
30.31003096600034,77542000000,True,True,46,camera_sign_speed_limit,speed_limit_sign,,0.4489920578442601,10810,115,94,251,145,camera_sign_speed_limit
30.354765330999726,77542000000,True,True,47,camera_sign_speed_limit,speed_limit_sign,,0.4512053344846867,11186,119,94,248,144,camera_sign_speed_limit
30.389055257999644,77542000000,True,True,48,camera_sign_speed_limit,speed_limit_sign,,0.4469566208556237,11400,120,95,246,143,camera_sign_speed_limit
30.401679497999794,77639000000,True,True,49,camera_sign_speed_limit,speed_limit_sign,,0.44857530671428236,11685,123,95,244,142,camera_sign_speed_limit
30.445878817000448,77639000000,True,True,50,camera_sign_speed_limit,speed_limit_sign,,0.45562596265587996,12152,124,98,241,141,camera_sign_speed_limit
30.493542936000267,77639000000,True,True,51,camera_sign_speed_limit,speed_limit_sign,,0.4519473610663391,12573,127,99,239,140,camera_sign_speed_limit
30.535070030000497,77742000000,True,True,52,camera_sign_speed_limit,speed_limit_sign,,0.45198361251324176,12771,129,99,236,139,camera_sign_speed_limit
30.548035030999927,77742000000,True,True,53,camera_sign_speed_limit,speed_limit_sign,,0.45671308646198194,13200,132,100,233,138,camera_sign_speed_limit
30.590731604999746,77742000000,True,True,54,camera_sign_speed_limit,speed_limit_sign,,0.4554427523185052,13699,133,103,231,137,camera_sign_speed_limit
30.612670000000435,77842000000,True,True,55,camera_sign_speed_limit,speed_limit_sign,,0.4609244265793471,14248,137,104,228,136,camera_sign_speed_limit
30.67132835099983,77842000000,True,True,56,camera_sign_speed_limit,speed_limit_sign,,0.4562834232895659,14352,138,104,225,135,camera_sign_speed_limit
30.67862219000017,77842000000,True,True,57,camera_sign_speed_limit,speed_limit_sign,,0.45893048722440344,15012,139,108,222,133,camera_sign_speed_limit
30.711712944000283,77943000000,True,True,58,camera_sign_speed_limit,speed_limit_sign,,0.4614545521414329,15478,142,109,219,132,camera_sign_speed_limit
30.74550255899976,77943000000,True,True,59,camera_sign_speed_limit,speed_limit_sign,,0.45696779175885316,15696,144,109,216,131,camera_sign_speed_limit
30.791797324000072,77943000000,True,True,60,camera_sign_speed_limit,speed_limit_sign,,0.4604812082340555,16170,147,110,213,130,camera_sign_speed_limit
30.80241451999973,78042000000,True,True,61,camera_sign_speed_limit,speed_limit_sign,,0.4622227138127299,16986,149,114,210,128,camera_sign_speed_limit
30.838175754000076,78042000000,True,True,62,camera_sign_speed_limit,speed_limit_sign,,0.4643215467753272,17480,152,115,207,127,camera_sign_speed_limit
30.89280912600043,78042000000,True,True,63,camera_sign_speed_limit,speed_limit_sign,,0.4689718797802217,18526,157,118,203,126,camera_sign_speed_limit
30.915973164000206,78141000000,True,True,64,camera_sign_speed_limit,speed_limit_sign,,0.46464987519208917,18644,158,118,200,124,camera_sign_speed_limit
30.939511901000515,78141000000,True,True,65,camera_sign_speed_limit,speed_limit_sign,,0.46552255008334703,19278,162,119,196,123,camera_sign_speed_limit
30.986367491999772,78141000000,True,True,66,camera_sign_speed_limit,speed_limit_sign,,0.4646504114235874,19680,164,120,193,121,camera_sign_speed_limit
31.0321714669999,78240000000,True,True,67,camera_sign_speed_limit,speed_limit_sign,,0.4668477612227484,20541,167,123,189,120,camera_sign_speed_limit
31.041547621000063,78240000000,True,True,68,camera_sign_speed_limit,speed_limit_sign,,0.47143443009611086,21463,169,127,185,118,camera_sign_speed_limit
31.087293577999844,78240000000,True,True,69,camera_sign_speed_limit,speed_limit_sign,,0.4706179871208199,22317,173,129,181,117,camera_sign_speed_limit
31.129842069000006,78339000000,True,True,70,camera_sign_speed_limit,speed_limit_sign,,0.4739418351863437,23628,179,132,177,115,camera_sign_speed_limit
31.14112599300006,78339000000,True,True,71,camera_sign_speed_limit,speed_limit_sign,,0.47192340052986226,24206,182,133,173,113,camera_sign_speed_limit
31.197827486999813,78339000000,True,True,72,camera_sign_speed_limit,speed_limit_sign,,0.4772106324083062,25619,187,137,169,111,camera_sign_speed_limit
31.20837001400014,78441000000,True,True,73,camera_sign_speed_limit,speed_limit_sign,,0.4753792748605671,26082,189,138,165,110,camera_sign_speed_limit
31.270475884000007,78441000000,True,True,74,camera_sign_speed_limit,speed_limit_sign,,0.4660268539339606,26772,194,138,160,108,camera_sign_speed_limit
31.302753963000214,78535000000,True,True,75,camera_sign_speed_limit,speed_limit_sign,,0.4587330838639394,26928,198,136,155,106,camera_sign_speed_limit
31.345238890000473,78535000000,True,True,76,camera_sign_speed_limit,speed_limit_sign,,0.45293871339494396,27405,203,135,151,104,camera_sign_speed_limit
31.354081995000342,78535000000,True,True,77,camera_sign_speed_limit,speed_limit_sign,,0.44983764873381993,27945,207,135,147,103,camera_sign_speed_limit
31.40974682900014,78639000000,True,True,78,camera_sign_speed_limit,speed_limit_sign,,0.44981318542880205,27945,207,135,147,103,camera_sign_speed_limit
31.418352843999855,78639000000,True,True,79,camera_sign_speed_limit,speed_limit_sign,,0.44981318542880205,27945,207,135,147,103,camera_sign_speed_limit
31.467322170000443,78639000000,True,True,80,camera_sign_speed_limit,speed_limit_sign,,0.4498967850445914,27945,207,135,147,103,camera_sign_speed_limit
31.48891687699961,78639000000,True,True,81,camera_sign_speed_limit,speed_limit_sign,,0.44981318542880205,27945,207,135,147,103,camera_sign_speed_limit
31.520032831000208,78741000000,True,True,82,camera_sign_speed_limit,speed_limit_sign,,0.44981318542880205,27945,207,135,147,103,camera_sign_speed_limit
31.54028955299964,78741000000,True,True,83,camera_sign_speed_limit,speed_limit_sign,,0.4498967850445914,27945,207,135,147,103,camera_sign_speed_limit
31.587055644999964,78741000000,True,True,84,camera_sign_speed_limit,speed_limit_sign,,0.44981135188089577,27945,207,135,147,103,camera_sign_speed_limit
31.617781543999627,78842000000,True,True,85,camera_sign_speed_limit,speed_limit_sign,,0.44981135188089577,27945,207,135,147,103,camera_sign_speed_limit
31.663193141000193,78842000000,True,True,86,camera_sign_speed_limit,speed_limit_sign,,0.4498967850445914,27945,207,135,147,103,camera_sign_speed_limit
31.704383964000044,78842000000,True,True,87,camera_sign_speed_limit,speed_limit_sign,,0.4498675907315927,27945,207,135,147,103,camera_sign_speed_limit
31.736702158999833,78945000000,True,True,88,camera_sign_speed_limit,speed_limit_sign,,0.44981135188089577,27945,207,135,147,103,camera_sign_speed_limit
31.752537399000175,78945000000,True,True,89,camera_sign_speed_limit,speed_limit_sign,,0.4498967850445914,27945,207,135,147,103,camera_sign_speed_limit
31.805082187000153,79041000000,True,True,90,camera_sign_speed_limit,speed_limit_sign,,0.44981135188089577,27945,207,135,147,103,camera_sign_speed_limit
31.81512740299968,79041000000,True,True,91,camera_sign_speed_limit,speed_limit_sign,,0.44981135188089577,27945,207,135,147,103,camera_sign_speed_limit
31.85296985199966,79041000000,True,True,92,camera_sign_speed_limit,speed_limit_sign,,0.4498967850445914,27945,207,135,147,103,camera_sign_speed_limit
31.875673473999996,79041000000,True,True,93,camera_sign_speed_limit,speed_limit_sign,,0.44981135188089577,27945,207,135,147,103,camera_sign_speed_limit
31.919766650000383,79141000000,True,True,94,camera_sign_speed_limit,speed_limit_sign,,0.44981135188089577,27945,207,135,147,103,camera_sign_speed_limit
31.942055739999887,79141000000,True,True,95,camera_sign_speed_limit,speed_limit_sign,,0.4498967850445914,27945,207,135,147,103,camera_sign_speed_limit
31.98980469700018,79141000000,True,True,96,camera_sign_speed_limit,speed_limit_sign,,0.4498675907315927,27945,207,135,147,103,camera_sign_speed_limit
32.02801111400004,79244000000,True,True,97,camera_sign_speed_limit,speed_limit_sign,,0.4498675907315927,27945,207,135,147,103,camera_sign_speed_limit
32.06243743600044,79244000000,True,True,98,camera_sign_speed_limit,speed_limit_sign,,0.4498675907315927,27945,207,135,147,103,camera_sign_speed_limit
32.07274719700035,79244000000,True,True,99,camera_sign_speed_limit,speed_limit_sign,,0.4498675907315927,27945,207,135,147,103,camera_sign_speed_limit
32.13829098499991,79347000000,True,True,100,camera_sign_speed_limit,speed_limit_sign,,0.44981135188089577,27945,207,135,147,103,camera_sign_speed_limit
32.15907413399964,79347000000,True,True,101,camera_sign_speed_limit,speed_limit_sign,,0.4498675907315927,27945,207,135,147,103,camera_sign_speed_limit
32.170632829999704,79347000000,True,True,102,camera_sign_speed_limit,speed_limit_sign,,0.4498675907315927,27945,207,135,147,103,camera_sign_speed_limit
32.21604543400008,79445000000,True,True,103,camera_sign_speed_limit,speed_limit_sign,,0.44981135188089577,27945,207,135,147,103,camera_sign_speed_limit
32.24975244699999,79445000000,True,True,104,camera_sign_speed_limit,speed_limit_sign,,0.4498967850445914,27945,207,135,147,103,camera_sign_speed_limit
32.27130869699977,79445000000,True,True,105,camera_sign_speed_limit,speed_limit_sign,,0.44981135188089577,27945,207,135,147,103,camera_sign_speed_limit
32.321086889999606,79545000000,True,True,106,camera_sign_speed_limit,speed_limit_sign,,0.44981135188089577,27945,207,135,147,103,camera_sign_speed_limit
32.36311440700047,79545000000,True,True,107,camera_sign_speed_limit,speed_limit_sign,,0.4498967850445914,27945,207,135,147,103,camera_sign_speed_limit
32.398407464999764,79545000000,True,True,108,camera_sign_speed_limit,speed_limit_sign,,0.44981135188089577,27945,207,135,147,103,camera_sign_speed_limit
32.42047550300049,79646000000,True,True,109,camera_sign_speed_limit,speed_limit_sign,,0.4498675907315927,27945,207,135,147,103,camera_sign_speed_limit
32.44192901600036,79646000000,True,True,110,camera_sign_speed_limit,speed_limit_sign,,0.4498967850445914,27945,207,135,147,103,camera_sign_speed_limit
32.496771559999615,79646000000,True,True,111,camera_sign_speed_limit,speed_limit_sign,,0.44981135188089577,27945,207,135,147,103,camera_sign_speed_limit
32.50655966799968,79646000000,True,True,112,camera_sign_speed_limit,speed_limit_sign,,0.4498675907315927,27945,207,135,147,103,camera_sign_speed_limit
32.5390684490003,79747000000,True,True,113,camera_sign_speed_limit,speed_limit_sign,,0.44989861844474255,27945,207,135,147,103,camera_sign_speed_limit
32.57549430899962,79747000000,True,True,114,camera_sign_speed_limit,speed_limit_sign,,0.44981135188089577,27945,207,135,147,103,camera_sign_speed_limit
32.6177056610004,79847000000,True,True,115,camera_sign_speed_limit,speed_limit_sign,,0.4498675907315927,27945,207,135,147,103,camera_sign_speed_limit
32.66063434300031,79847000000,True,True,116,camera_sign_speed_limit,speed_limit_sign,,0.4498675907315927,27945,207,135,147,103,camera_sign_speed_limit
32.76538273400001,79940000000,True,True,117,camera_sign_speed_limit,speed_limit_sign,,0.44980478480516095,27945,207,135,147,103,camera_sign_speed_limit
32.77613532000032,79940000000,True,True,118,camera_sign_speed_limit,speed_limit_sign,,0.4498548801512219,27945,207,135,147,103,camera_sign_speed_limit
32.81713709300038,80038000000,True,True,119,camera_sign_speed_limit,speed_limit_sign,,0.4495491695589718,27945,207,135,147,103,camera_sign_speed_limit
32.85250627100049,80038000000,True,True,120,camera_sign_speed_limit,speed_limit_sign,,0.4496104885071871,27945,207,135,147,103,camera_sign_speed_limit
32.87130204300047,80038000000,True,True,121,camera_sign_speed_limit,speed_limit_sign,,0.4496942436497256,27945,207,135,147,103,camera_sign_speed_limit
32.90327209200041,80038000000,True,True,122,camera_sign_speed_limit,speed_limit_sign,,0.44969241063176385,27945,207,135,147,103,camera_sign_speed_limit
32.93615855000007,80140000000,True,True,123,camera_sign_speed_limit,speed_limit_sign,,0.4496942436497256,27945,207,135,147,103,camera_sign_speed_limit
32.98096868900029,80140000000,True,True,124,camera_sign_speed_limit,speed_limit_sign,,0.44969241063176385,27945,207,135,147,103,camera_sign_speed_limit
33.003256783000325,80140000000,True,True,125,camera_sign_speed_limit,speed_limit_sign,,0.44973443615886066,27945,207,135,147,103,camera_sign_speed_limit
33.0483939249998,80242000000,True,True,126,camera_sign_speed_limit,speed_limit_sign,,0.44966486724723975,27945,207,135,147,103,camera_sign_speed_limit
33.067934405000415,80242000000,True,True,127,camera_sign_speed_limit,speed_limit_sign,,0.44968318955584585,27945,207,135,147,103,camera_sign_speed_limit
33.11345673100004,80344000000,True,True,128,camera_sign_speed_limit,speed_limit_sign,,0.4492022491469716,27945,207,135,147,103,camera_sign_speed_limit
33.14475571100047,80344000000,True,True,129,camera_sign_speed_limit,speed_limit_sign,,0.4492022491469716,27945,207,135,147,103,camera_sign_speed_limit
33.169997812000474,80344000000,True,True,130,camera_sign_speed_limit,speed_limit_sign,,0.4490636431720454,27945,207,135,147,103,camera_sign_speed_limit
33.22362714300016,80447000000,True,True,131,camera_sign_speed_limit,speed_limit_sign,,0.4493494419034529,27945,207,135,147,103,camera_sign_speed_limit
33.23424052300015,80447000000,True,True,132,camera_sign_speed_limit,speed_limit_sign,,0.44937882817428065,27945,207,135,147,103,camera_sign_speed_limit
33.28953333000027,80447000000,True,True,133,camera_sign_speed_limit,speed_limit_sign,,0.44943137143465295,27945,207,135,147,103,camera_sign_speed_limit
33.311088014000234,80447000000,True,True,134,camera_sign_speed_limit,speed_limit_sign,,0.44863896615993126,27945,207,135,147,103,camera_sign_speed_limit
33.336041434000435,80546000000,True,True,135,camera_sign_speed_limit,speed_limit_sign,,0.4486547947772477,27945,207,135,147,103,camera_sign_speed_limit
33.37673272400025,80546000000,True,True,136,camera_sign_speed_limit,speed_limit_sign,,0.4488003639276127,27945,207,135,147,103,camera_sign_speed_limit
33.398112179000236,80546000000,True,True,137,camera_sign_speed_limit,speed_limit_sign,,0.4489208318855003,27945,207,135,147,103,camera_sign_speed_limit
33.4356768939997,80647000000,True,True,138,camera_sign_speed_limit,speed_limit_sign,,0.4488450062674122,27945,207,135,147,103,camera_sign_speed_limit
33.47728000200004,80647000000,True,True,139,camera_sign_speed_limit,speed_limit_sign,,0.44884779289403987,27945,207,135,147,103,camera_sign_speed_limit
33.49871065299976,80647000000,True,True,140,camera_sign_speed_limit,speed_limit_sign,,0.4487001992402767,27945,207,135,147,103,camera_sign_speed_limit
33.52795938199961,80751000000,True,True,141,camera_sign_speed_limit,speed_limit_sign,,0.4488474624714248,27945,207,135,147,103,camera_sign_speed_limit
33.56294800500018,80751000000,True,True,142,camera_sign_speed_limit,speed_limit_sign,,0.448861746147294,27945,207,135,147,103,camera_sign_speed_limit
33.58752293100042,80751000000,True,True,143,camera_sign_speed_limit,speed_limit_sign,,0.4490367817136347,27945,207,135,147,103,camera_sign_speed_limit
33.65528425299999,80847000000,True,True,144,camera_sign_speed_limit,speed_limit_sign,,0.44884563245154296,27945,207,135,147,103,camera_sign_speed_limit
33.67921767500047,80847000000,True,True,145,camera_sign_speed_limit,speed_limit_sign,,0.44892121312171385,27945,207,135,147,103,camera_sign_speed_limit
33.71673270300016,80946000000,True,True,146,camera_sign_speed_limit,speed_limit_sign,,0.44892436095253796,27945,207,135,147,103,camera_sign_speed_limit
33.73561177600004,80946000000,True,True,147,camera_sign_speed_limit,speed_limit_sign,,0.44888198091440934,27945,207,135,147,102,camera_sign_speed_limit
33.79533644300045,80946000000,True,True,148,camera_sign_speed_limit,speed_limit_sign,,0.44870600920727577,27945,207,135,147,102,camera_sign_speed_limit
33.81583180800044,80946000000,True,True,149,camera_sign_speed_limit,speed_limit_sign,,0.4486801718706383,27945,207,135,147,102,camera_sign_speed_limit
33.826669166999636,81045000000,True,True,150,camera_sign_speed_limit,speed_limit_sign,,0.4490232798261564,27945,207,135,147,103,camera_sign_speed_limit
33.881843666999885,81045000000,True,True,151,camera_sign_speed_limit,speed_limit_sign,,0.4486530637901721,27945,207,135,147,102,camera_sign_speed_limit
33.90449593500034,81045000000,True,True,152,camera_sign_speed_limit,speed_limit_sign,,0.448649374813676,27945,207,135,147,102,camera_sign_speed_limit
33.94660862500041,81146000000,True,True,153,camera_sign_speed_limit,speed_limit_sign,,0.4489060652740202,27945,207,135,147,103,camera_sign_speed_limit
33.979842251000264,81146000000,True,True,154,camera_sign_speed_limit,speed_limit_sign,,0.44891203316906964,27945,207,135,147,103,camera_sign_speed_limit
33.99894243499966,81146000000,True,True,155,camera_sign_speed_limit,speed_limit_sign,,0.44881174887311803,27945,207,135,147,102,camera_sign_speed_limit
34.0225944419999,81249000000,True,True,156,camera_sign_speed_limit,speed_limit_sign,,0.44881174887311803,27945,207,135,147,102,camera_sign_speed_limit
34.064218440999866,81249000000,True,True,157,camera_sign_speed_limit,speed_limit_sign,,0.4487527127554385,27945,207,135,147,102,camera_sign_speed_limit
34.10272862800048,81249000000,True,True,158,camera_sign_speed_limit,speed_limit_sign,,0.4488119013602583,27945,207,135,147,102,camera_sign_speed_limit
34.15076199000032,81346000000,True,True,159,camera_sign_speed_limit,speed_limit_sign,,0.4488155745925084,27945,207,135,147,102,camera_sign_speed_limit
34.182810997999695,81346000000,True,True,160,camera_sign_speed_limit,speed_limit_sign,,0.44881380746247657,27945,207,135,147,102,camera_sign_speed_limit
34.19348874000025,81346000000,True,True,161,camera_sign_speed_limit,speed_limit_sign,,0.4489924099344675,27945,207,135,147,103,camera_sign_speed_limit
34.23508223200042,81449000000,True,True,162,camera_sign_speed_limit,speed_limit_sign,,0.4488155745925084,27945,207,135,147,102,camera_sign_speed_limit
34.28095629299969,81449000000,True,True,163,camera_sign_speed_limit,speed_limit_sign,,0.44837054714043767,27945,207,135,147,102,camera_sign_speed_limit
34.29985835699972,81449000000,True,True,164,camera_sign_speed_limit,speed_limit_sign,,0.4483819908066362,27945,207,135,147,102,camera_sign_speed_limit
34.331951948000096,81552000000,True,True,165,camera_sign_speed_limit,speed_limit_sign,,0.4483819908066362,27945,207,135,147,102,camera_sign_speed_limit
34.36868317999961,81552000000,True,True,166,camera_sign_speed_limit,speed_limit_sign,,0.4484363559217931,27945,207,135,147,102,camera_sign_speed_limit
34.4016036969997,81552000000,True,True,167,camera_sign_speed_limit,speed_limit_sign,,0.4483801113239641,27945,207,135,147,102,camera_sign_speed_limit
34.4248709780004,81649000000,True,True,168,camera_sign_speed_limit,speed_limit_sign,,0.44846442755689064,27945,207,135,147,102,camera_sign_speed_limit
34.480373977000454,81649000000,True,True,169,camera_sign_speed_limit,speed_limit_sign,,0.4484344763702912,27945,207,135,147,102,camera_sign_speed_limit
34.504569087000164,81649000000,True,True,170,camera_sign_speed_limit,speed_limit_sign,,0.44847439110196574,27945,207,135,147,102,camera_sign_speed_limit
34.52368870800001,81751000000,True,True,171,camera_sign_speed_limit,speed_limit_sign,,0.4484438540096822,27945,207,135,147,102,camera_sign_speed_limit
34.5801394150003,81751000000,True,True,172,camera_sign_speed_limit,speed_limit_sign,,0.44854603831146267,27945,207,135,147,102,camera_sign_speed_limit
34.60434246400018,81751000000,True,True,173,camera_sign_speed_limit,speed_limit_sign,,0.4484732841772333,27945,207,135,146,102,camera_sign_speed_limit
34.63612262300012,81850000000,True,True,174,camera_sign_speed_limit,speed_limit_sign,,0.4484732841772333,27945,207,135,146,102,camera_sign_speed_limit
34.66913796799963,81850000000,True,True,175,camera_sign_speed_limit,speed_limit_sign,,0.4484732841772333,27945,207,135,146,102,camera_sign_speed_limit
34.72767752500022,81950000000,True,True,176,camera_sign_speed_limit,speed_limit_sign,,0.44855917212065843,27945,207,135,147,102,camera_sign_speed_limit
34.737453149999965,81950000000,True,True,177,camera_sign_speed_limit,speed_limit_sign,,0.4485575107095372,27945,207,135,147,102,camera_sign_speed_limit
34.781866340000306,81950000000,True,True,178,camera_sign_speed_limit,speed_limit_sign,,0.4485349816907076,27945,207,135,146,102,camera_sign_speed_limit
34.815787989000455,81950000000,True,True,179,camera_sign_speed_limit,speed_limit_sign,,0.44852710614766067,27945,207,135,147,102,camera_sign_speed_limit
34.8269711869998,82052000000,True,True,180,camera_sign_speed_limit,speed_limit_sign,,0.4484113199576957,27945,207,135,146,102,camera_sign_speed_limit
34.85819026900026,82052000000,True,True,181,camera_sign_speed_limit,speed_limit_sign,,0.44857993359986736,27945,207,135,147,102,camera_sign_speed_limit
34.90453253299984,82052000000,True,True,182,camera_sign_speed_limit,speed_limit_sign,,0.4484244614841674,27945,207,135,146,102,camera_sign_speed_limit
34.926643785000124,82152000000,True,True,183,camera_sign_speed_limit,speed_limit_sign,,0.44829154362964335,27945,207,135,146,102,camera_sign_speed_limit
34.95707410900013,82152000000,True,True,184,camera_sign_speed_limit,speed_limit_sign,,0.44842617690942466,27945,207,135,146,102,camera_sign_speed_limit
35.017084952000005,82152000000,True,True,185,camera_sign_speed_limit,speed_limit_sign,,0.44829154362964335,27945,207,135,146,102,camera_sign_speed_limit
35.04047886399985,82248000000,True,True,186,camera_sign_speed_limit,speed_limit_sign,,0.44843885171527276,27945,207,135,146,102,camera_sign_speed_limit
35.074163862000205,82248000000,True,True,187,camera_sign_speed_limit,speed_limit_sign,,0.4483161879706705,27945,207,135,146,102,camera_sign_speed_limit
35.10908189800011,82248000000,True,True,188,camera_sign_speed_limit,speed_limit_sign,,0.44840305571419015,27945,207,135,146,102,camera_sign_speed_limit
35.144223481000154,82347000000,True,True,189,camera_sign_speed_limit,speed_limit_sign,,0.44945823105613547,28080,208,135,146,102,camera_sign_speed_limit
35.20136145000015,82347000000,True,True,190,camera_sign_speed_limit,speed_limit_sign,,0.4484022436179723,27945,207,135,146,102,camera_sign_speed_limit
35.21133635499973,82347000000,True,True,191,camera_sign_speed_limit,speed_limit_sign,,0.44959717828436285,28080,208,135,146,102,camera_sign_speed_limit
35.24227438700018,82448000000,True,True,192,camera_sign_speed_limit,speed_limit_sign,,0.44954201007921224,28080,208,135,146,102,camera_sign_speed_limit
35.27373104199978,82448000000,True,True,193,camera_sign_speed_limit,speed_limit_sign,,0.44960557540435175,28080,208,135,146,102,camera_sign_speed_limit
35.309941415999674,82448000000,True,True,194,camera_sign_speed_limit,speed_limit_sign,,0.4494608793317241,28080,208,135,146,102,camera_sign_speed_limit
35.342980100000204,82547000000,True,True,195,camera_sign_speed_limit,speed_limit_sign,,0.4494893766829483,28080,208,135,146,102,camera_sign_speed_limit
35.36568792300022,82547000000,True,True,196,camera_sign_speed_limit,speed_limit_sign,,0.4494337739037646,28080,208,135,146,102,camera_sign_speed_limit
35.40993533399978,82547000000,True,True,197,camera_sign_speed_limit,speed_limit_sign,,0.4482105680703362,27945,207,135,146,102,camera_sign_speed_limit
35.4438569820004,82648000000,True,True,198,camera_sign_speed_limit,speed_limit_sign,,0.4494949727636999,28080,208,135,146,102,camera_sign_speed_limit
35.50715501099967,82648000000,True,True,199,camera_sign_speed_limit,speed_limit_sign,,0.4494432425116546,28080,208,135,146,102,camera_sign_speed_limit
35.517177171000185,82648000000,True,True,200,camera_sign_speed_limit,speed_limit_sign,,0.4494976203666292,28080,208,135,146,102,camera_sign_speed_limit
35.5582575440003,82745000000,True,True,201,camera_sign_speed_limit,speed_limit_sign,,0.4494976203666292,28080,208,135,146,102,camera_sign_speed_limit
35.570020023000325,82745000000,True,True,202,camera_sign_speed_limit,speed_limit_sign,,0.4492714336115866,28080,208,135,146,102,camera_sign_speed_limit
35.62254848700013,82745000000,True,True,203,camera_sign_speed_limit,speed_limit_sign,,0.4494676068279697,28080,208,135,146,102,camera_sign_speed_limit
35.63489177700012,82847000000,True,True,204,camera_sign_speed_limit,speed_limit_sign,,0.4493597011593946,28080,208,135,146,102,camera_sign_speed_limit
35.66395603700039,82847000000,True,True,205,camera_sign_speed_limit,speed_limit_sign,,0.4493021886049402,28080,208,135,146,102,camera_sign_speed_limit
35.69804473400018,82847000000,True,True,206,camera_sign_speed_limit,speed_limit_sign,,0.44947399103485397,28080,208,135,146,102,camera_sign_speed_limit
35.744893107999815,82948000000,True,True,207,camera_sign_speed_limit,speed_limit_sign,,0.4492358940853644,28080,208,135,146,102,camera_sign_speed_limit
35.771955358000014,82948000000,True,True,208,camera_sign_speed_limit,speed_limit_sign,,0.4492460667341345,28080,208,135,146,102,camera_sign_speed_limit
35.80177934200037,82948000000,True,True,209,camera_sign_speed_limit,speed_limit_sign,,0.44941963940060503,28080,208,135,146,102,camera_sign_speed_limit
35.86926103800033,83046000000,True,True,210,camera_sign_speed_limit,speed_limit_sign,,0.44941963940060503,28080,208,135,146,102,camera_sign_speed_limit
35.880411627000285,83046000000,True,True,211,camera_sign_speed_limit,speed_limit_sign,,0.4493857279644816,28080,208,135,146,102,camera_sign_speed_limit
35.901815109999916,83046000000,True,True,212,camera_sign_speed_limit,speed_limit_sign,,0.4493052807403022,28080,208,135,146,102,camera_sign_speed_limit
35.948194485000386,83147000000,True,True,213,camera_sign_speed_limit,speed_limit_sign,,0.4492486697726663,28080,208,135,146,102,camera_sign_speed_limit
36.014522682999996,83147000000,True,True,214,camera_sign_speed_limit,speed_limit_sign,,0.4492280630767506,28080,208,135,146,102,camera_sign_speed_limit
36.046085588000096,83248000000,True,True,215,camera_sign_speed_limit,speed_limit_sign,,0.4491911536177714,28080,208,135,146,102,camera_sign_speed_limit
36.05620223999995,83248000000,True,True,216,camera_sign_speed_limit,speed_limit_sign,,0.44904507708510233,28080,208,135,146,102,camera_sign_speed_limit
36.09854362999977,83248000000,True,True,217,camera_sign_speed_limit,speed_limit_sign,,0.44928247847806857,28080,208,135,146,102,camera_sign_speed_limit
36.12233977699998,83248000000,True,True,218,camera_sign_speed_limit,speed_limit_sign,,0.44898853968153973,28080,208,135,146,102,camera_sign_speed_limit
36.15507909000007,83349000000,True,True,219,camera_sign_speed_limit,speed_limit_sign,,0.4489907023108579,28080,208,135,146,102,camera_sign_speed_limit
36.175139539000156,83349000000,True,True,220,camera_sign_speed_limit,speed_limit_sign,,0.44909267852117485,28080,208,135,146,102,camera_sign_speed_limit
36.22322621700005,83349000000,True,True,221,camera_sign_speed_limit,speed_limit_sign,,0.44933312019215266,28080,208,135,146,102,camera_sign_speed_limit
36.24392294399968,83450000000,True,True,222,camera_sign_speed_limit,speed_limit_sign,,0.44912521909064523,28080,208,135,146,102,camera_sign_speed_limit
36.30139835099999,83450000000,True,True,223,camera_sign_speed_limit,speed_limit_sign,,0.449157917727684,28080,208,135,146,102,camera_sign_speed_limit
36.31160938799985,83450000000,True,True,224,camera_sign_speed_limit,speed_limit_sign,,0.44918556288866107,28080,208,135,146,102,camera_sign_speed_limit
36.33255362,83550000000,True,True,225,camera_sign_speed_limit,speed_limit_sign,,0.4489672059718455,28080,208,135,146,102,camera_sign_speed_limit
36.367246269000134,83550000000,True,True,226,camera_sign_speed_limit,speed_limit_sign,,0.4486734563565252,28080,208,135,146,102,camera_sign_speed_limit
36.41203678199963,83550000000,True,True,227,camera_sign_speed_limit,speed_limit_sign,,0.4491582126024957,28080,208,135,146,102,camera_sign_speed_limit
36.46762103000037,83650000000,True,True,228,camera_sign_speed_limit,speed_limit_sign,,0.44866951431822966,28080,208,135,146,102,camera_sign_speed_limit
36.47698658199988,83650000000,True,True,229,camera_sign_speed_limit,speed_limit_sign,,0.4485967666877616,28080,208,135,146,102,camera_sign_speed_limit
36.522010380999745,83650000000,True,True,230,camera_sign_speed_limit,speed_limit_sign,,0.4488203128785183,28080,208,135,146,102,camera_sign_speed_limit
36.54279179599962,83751000000,True,True,231,camera_sign_speed_limit,speed_limit_sign,,0.4488237461771949,28080,208,135,146,102,camera_sign_speed_limit
36.566758156000105,83751000000,True,True,232,camera_sign_speed_limit,speed_limit_sign,,0.44858891387479355,28080,208,135,146,102,camera_sign_speed_limit
36.60134301400012,83751000000,True,True,233,camera_sign_speed_limit,speed_limit_sign,,0.44843133127672763,28080,208,135,146,102,camera_sign_speed_limit
36.64613558499968,83850000000,True,True,234,camera_sign_speed_limit,speed_limit_sign,,0.44871311810890646,28080,208,135,146,102,camera_sign_speed_limit
36.7095569789999,83850000000,True,True,235,camera_sign_speed_limit,speed_limit_sign,,0.4483105511745919,28080,208,135,146,102,camera_sign_speed_limit
36.71931751299962,83850000000,True,True,236,camera_sign_speed_limit,speed_limit_sign,,0.44844808560534277,28080,208,135,146,102,camera_sign_speed_limit
36.75680568700045,83950000000,True,True,237,camera_sign_speed_limit,speed_limit_sign,,0.44851777818801486,28080,208,135,146,102,camera_sign_speed_limit
36.775814409000304,83950000000,True,True,238,camera_sign_speed_limit,speed_limit_sign,,0.4485199386535571,28080,208,135,146,102,camera_sign_speed_limit
36.799199136000425,83950000000,True,True,239,camera_sign_speed_limit,speed_limit_sign,,0.4486553529543432,28080,208,135,146,102,camera_sign_speed_limit
36.84214584300025,84054000000,True,True,240,camera_sign_speed_limit,speed_limit_sign,,0.4486553529543432,28080,208,135,146,102,camera_sign_speed_limit
36.86467758500021,84054000000,True,True,241,camera_sign_speed_limit,speed_limit_sign,,0.5810509882754986,930,31,30,417,221,camera_sign_speed_limit
36.908241035000174,84054000000,True,True,242,camera_sign_speed_limit,speed_limit_sign,,0.5801225268631656,930,31,30,417,221,camera_sign_speed_limit
36.96766313700027,84152000000,True,True,243,camera_sign_speed_limit,speed_limit_sign,,0.580663689715023,930,31,30,417,221,camera_sign_speed_limit
36.974735710999994,84152000000,True,True,244,camera_sign_speed_limit,speed_limit_sign,,0.5813323669277819,930,31,30,417,221,camera_sign_speed_limit
37.00830098500046,84152000000,True,True,245,camera_sign_speed_limit,speed_limit_sign,,0.5165386002923652,1394,34,41,427,228,camera_sign_speed_limit
37.04370126000049,84252000000,True,True,246,camera_sign_speed_limit,speed_limit_sign,,0.5151568121206,1804,44,41,423,227,camera_sign_speed_limit
37.06333204400016,84252000000,True,True,247,camera_sign_speed_limit,speed_limit_sign,,0.5807124620204362,1225,35,35,417,221,camera_sign_speed_limit
37.108330238000235,84252000000,True,True,248,camera_sign_speed_limit,speed_limit_sign,,0.597102698753948,1054,31,34,416,221,camera_sign_speed_limit
37.14046805500038,84356000000,True,True,249,camera_sign_speed_limit,speed_limit_sign,,0.586803131348419,1054,31,34,428,232,camera_sign_speed_limit
37.17479697700037,84356000000,True,True,250,camera_sign_speed_limit,speed_limit_sign,,0.5882683222706016,1190,35,34,427,232,camera_sign_speed_limit
37.20900910199998,84356000000,True,True,251,camera_sign_speed_limit,speed_limit_sign,,0.5581967154500623,986,34,29,416,219,camera_sign_speed_limit
37.252720135000345,84457000000,True,True,252,camera_sign_speed_limit,speed_limit_sign,,0.5949889906829379,1190,34,35,426,221,camera_sign_speed_limit
37.28654180099966,84457000000,True,True,253,camera_sign_speed_limit,speed_limit_sign,,0.5172843896053239,1936,44,44,421,226,camera_sign_speed_limit
37.32337874299992,84457000000,True,True,254,camera_sign_speed_limit,speed_limit_sign,,0.5238044114152819,1575,35,45,425,225,camera_sign_speed_limit
37.33317190700018,84562000000,True,True,255,camera_sign_speed_limit,speed_limit_sign,,0.5981150960193794,1260,36,35,415,220,camera_sign_speed_limit
37.39316864099965,84562000000,True,True,256,camera_sign_speed_limit,speed_limit_sign,,0.5187365807507598,1980,44,45,419,227,camera_sign_speed_limit
37.458021321999695,84646000000,True,True,257,camera_sign_speed_limit,speed_limit_sign,,0.5961896368125175,1225,35,35,413,220,camera_sign_speed_limit
37.470075420000285,84646000000,True,True,258,camera_sign_speed_limit,speed_limit_sign,,0.5190254024613216,2025,45,45,420,226,camera_sign_speed_limit
37.48627926100016,84646000000,True,True,259,camera_sign_speed_limit,speed_limit_sign,,0.5170063795765704,2025,45,45,419,226,camera_sign_speed_limit
37.50807496699963,84646000000,True,True,260,camera_sign_speed_limit,speed_limit_sign,,0.5194394283316264,2025,45,45,419,225,camera_sign_speed_limit
37.54007751300014,84749000000,True,True,261,camera_sign_speed_limit,speed_limit_sign,,0.5211389751851585,2160,45,48,418,226,camera_sign_speed_limit
37.604576968999936,84749000000,True,True,262,camera_sign_speed_limit,speed_limit_sign,,0.5379100284824709,1728,36,48,413,225,camera_sign_speed_limit
37.615845408000496,84749000000,True,True,263,camera_sign_speed_limit,speed_limit_sign,,0.5148942670453026,2304,48,48,418,225,camera_sign_speed_limit
37.651387320999675,84852000000,True,True,264,camera_sign_speed_limit,speed_limit_sign,,0.5207536738001876,2160,45,48,417,225,camera_sign_speed_limit
37.696922447999896,84852000000,True,True,265,camera_sign_speed_limit,speed_limit_sign,,0.5152405074461558,2304,48,48,416,225,camera_sign_speed_limit
37.71735647800051,84852000000,True,True,266,camera_sign_speed_limit,speed_limit_sign,,0.5158818130689313,2304,48,48,417,225,camera_sign_speed_limit
37.753686965999805,84951000000,True,True,267,camera_sign_speed_limit,speed_limit_sign,,0.5144969464585053,2352,49,48,416,225,camera_sign_speed_limit
37.78327700299997,84951000000,True,True,268,camera_sign_speed_limit,speed_limit_sign,,0.5996902386225766,1404,36,39,410,219,camera_sign_speed_limit
37.818180887999915,84951000000,True,True,269,camera_sign_speed_limit,speed_limit_sign,,0.5167279280106887,2450,49,50,415,225,camera_sign_speed_limit
37.85973122900032,85052000000,True,True,270,camera_sign_speed_limit,speed_limit_sign,,0.5160781378257332,2450,49,50,415,225,camera_sign_speed_limit
37.879938906999996,85052000000,True,True,271,camera_sign_speed_limit,speed_limit_sign,,0.517757691934334,2450,49,50,414,225,camera_sign_speed_limit
37.92643953199968,85052000000,True,True,272,camera_sign_speed_limit,speed_limit_sign,,0.5171898500688452,2450,49,50,414,225,camera_sign_speed_limit
37.9605354410005,85155000000,True,True,273,camera_sign_speed_limit,speed_limit_sign,,0.5946919774235662,1560,39,40,407,218,camera_sign_speed_limit
37.99422858999969,85155000000,True,True,274,camera_sign_speed_limit,speed_limit_sign,,0.5194617350985948,2597,49,53,413,225,camera_sign_speed_limit
38.014890624000145,85155000000,True,True,275,camera_sign_speed_limit,speed_limit_sign,,0.5174676729162276,2650,50,53,413,225,camera_sign_speed_limit
38.079729003000466,85253000000,True,True,276,camera_sign_speed_limit,speed_limit_sign,,0.5173628506307879,2650,50,53,412,225,camera_sign_speed_limit
38.09015204699972,85253000000,True,True,277,camera_sign_speed_limit,speed_limit_sign,,0.5183900046024968,2650,50,53,412,225,camera_sign_speed_limit
38.113848596000025,85253000000,True,True,278,camera_sign_speed_limit,speed_limit_sign,,0.5188031326263782,2650,50,53,411,225,camera_sign_speed_limit
38.1367633990003,85354000000,True,True,279,camera_sign_speed_limit,speed_limit_sign,,0.5155652259491367,2862,53,54,411,224,camera_sign_speed_limit
38.18154040799982,85354000000,True,True,280,camera_sign_speed_limit,speed_limit_sign,,0.5201141249104796,2700,50,54,411,224,camera_sign_speed_limit
38.214740682999945,85354000000,True,True,281,camera_sign_speed_limit,speed_limit_sign,,0.5163893191741257,2862,53,54,410,224,camera_sign_speed_limit
38.260328397000194,85455000000,True,True,282,camera_sign_speed_limit,speed_limit_sign,,0.5157250536905472,2862,53,54,410,224,camera_sign_speed_limit
38.27928095700008,85455000000,True,True,283,camera_sign_speed_limit,speed_limit_sign,,0.5169980517369042,2862,53,54,409,224,camera_sign_speed_limit
38.327110936999816,85455000000,True,True,284,camera_sign_speed_limit,speed_limit_sign,,0.5169479583878952,2915,53,55,409,224,camera_sign_speed_limit
38.34852836099981,85557000000,True,True,285,camera_sign_speed_limit,speed_limit_sign,,0.5145917653449201,2970,54,55,408,224,camera_sign_speed_limit
38.39179469800001,85557000000,True,True,286,camera_sign_speed_limit,speed_limit_sign,,0.5168708599152793,2970,54,55,408,224,camera_sign_speed_limit
38.41352902400013,85557000000,True,True,287,camera_sign_speed_limit,speed_limit_sign,,0.5161099497132845,2970,54,55,407,224,camera_sign_speed_limit
38.43842030900032,85655000000,True,True,288,camera_sign_speed_limit,speed_limit_sign,,0.517776913532872,2970,54,55,406,224,camera_sign_speed_limit
38.4708845160003,85655000000,True,True,289,camera_sign_speed_limit,speed_limit_sign,,0.518345242501348,3132,54,58,407,223,camera_sign_speed_limit
38.508977755999695,85655000000,True,True,290,camera_sign_speed_limit,speed_limit_sign,,0.5174544048909256,3190,55,58,406,223,camera_sign_speed_limit
38.54335645300034,85761000000,True,True,291,camera_sign_speed_limit,speed_limit_sign,,0.5178351145251668,3190,55,58,405,223,camera_sign_speed_limit
38.576193025000066,85761000000,True,True,292,camera_sign_speed_limit,speed_limit_sign,,0.5182268147435022,3190,55,58,405,223,camera_sign_speed_limit
38.63161172299988,85761000000,True,True,293,camera_sign_speed_limit,speed_limit_sign,,0.5149635014612481,3422,58,59,404,223,camera_sign_speed_limit
38.637898078000035,85861000000,True,True,294,camera_sign_speed_limit,speed_limit_sign,,0.5160075358971827,3422,58,59,404,223,camera_sign_speed_limit
38.68822140999964,85861000000,True,True,295,camera_sign_speed_limit,speed_limit_sign,,0.514959355673604,3422,58,59,403,223,camera_sign_speed_limit
38.747024264000174,85958000000,True,True,296,camera_sign_speed_limit,speed_limit_sign,,0.5153346813744091,3422,58,59,403,223,camera_sign_speed_limit
38.75744561600004,85958000000,True,True,297,camera_sign_speed_limit,speed_limit_sign,,0.5117642988990898,3481,59,59,402,222,camera_sign_speed_limit
38.79357554800026,85958000000,True,True,298,camera_sign_speed_limit,speed_limit_sign,,0.5154559008943576,3480,58,60,402,222,camera_sign_speed_limit
38.839098442999784,85958000000,True,True,299,camera_sign_speed_limit,speed_limit_sign,,0.5111152901187559,3540,59,60,401,222,camera_sign_speed_limit
38.848719323000296,86057000000,True,True,300,camera_sign_speed_limit,speed_limit_sign,,0.5094385218258285,3600,60,60,401,222,camera_sign_speed_limit
38.89344963199983,86057000000,True,True,301,camera_sign_speed_limit,speed_limit_sign,,0.5122832004544302,3540,59,60,400,222,camera_sign_speed_limit
38.917067336999935,86057000000,True,True,302,camera_sign_speed_limit,speed_limit_sign,,0.5115991050415625,3780,60,63,399,222,camera_sign_speed_limit
38.939402340000015,86156000000,True,True,303,camera_sign_speed_limit,speed_limit_sign,,0.5123760908076441,3780,60,63,399,222,camera_sign_speed_limit
39.00736571499965,86156000000,True,True,304,camera_sign_speed_limit,speed_limit_sign,,0.5065173572866903,3969,63,63,398,222,camera_sign_speed_limit
39.01735688400004,86156000000,True,True,305,camera_sign_speed_limit,speed_limit_sign,,0.5125599734157849,3840,60,64,398,221,camera_sign_speed_limit
39.042689984999924,86254000000,True,True,306,camera_sign_speed_limit,speed_limit_sign,,0.5078442605447238,4032,63,64,397,221,camera_sign_speed_limit
39.08525538899994,86254000000,True,True,307,camera_sign_speed_limit,speed_limit_sign,,0.509505187826073,4032,63,64,396,221,camera_sign_speed_limit
39.142191906000335,86254000000,True,True,308,camera_sign_speed_limit,speed_limit_sign,,0.5101729064288274,4096,64,64,395,221,camera_sign_speed_limit
39.17404414500015,86357000000,True,True,309,camera_sign_speed_limit,speed_limit_sign,,0.5120884103309289,4160,64,65,395,221,camera_sign_speed_limit
39.19867162100036,86357000000,True,True,310,camera_sign_speed_limit,speed_limit_sign,,0.5105379847566169,4160,64,65,394,221,camera_sign_speed_limit
39.218784613000025,86357000000,True,True,311,camera_sign_speed_limit,speed_limit_sign,,0.5134038914055772,4160,64,65,394,221,camera_sign_speed_limit
39.28030134599976,86458000000,True,True,312,camera_sign_speed_limit,speed_limit_sign,,0.5118958798248298,4420,65,68,393,220,camera_sign_speed_limit
39.288149471,86458000000,True,True,313,camera_sign_speed_limit,speed_limit_sign,,0.5132808021707671,4420,65,68,392,220,camera_sign_speed_limit
39.31633182200039,86458000000,True,True,314,camera_sign_speed_limit,speed_limit_sign,,0.5140260631790259,4420,65,68,391,220,camera_sign_speed_limit
39.34995993299981,86560000000,True,True,315,camera_sign_speed_limit,speed_limit_sign,,0.5089942380367105,4692,68,69,390,220,camera_sign_speed_limit
39.39788549700006,86560000000,True,True,316,camera_sign_speed_limit,speed_limit_sign,,0.5076831396353472,4692,68,69,389,220,camera_sign_speed_limit
39.421369540999876,86560000000,True,True,317,camera_sign_speed_limit,speed_limit_sign,,0.5060268176962073,4761,69,69,389,220,camera_sign_speed_limit
39.46186991800005,86660000000,True,True,318,camera_sign_speed_limit,speed_limit_sign,,0.5073164134210159,4830,69,70,388,219,camera_sign_speed_limit
39.48369572200045,86660000000,True,True,319,camera_sign_speed_limit,speed_limit_sign,,0.5067716525825092,4830,69,70,387,219,camera_sign_speed_limit
39.553600436000124,86757000000,True,True,320,camera_sign_speed_limit,speed_limit_sign,,0.5057125256735162,4900,70,70,386,219,camera_sign_speed_limit
39.566113910999775,86757000000,True,True,321,camera_sign_speed_limit,speed_limit_sign,,0.5088662069154103,5110,70,73,386,219,camera_sign_speed_limit
39.576566886000364,86757000000,True,True,322,camera_sign_speed_limit,speed_limit_sign,,0.5082778195942083,5110,70,73,385,219,camera_sign_speed_limit
39.62923473000046,86757000000,True,True,323,camera_sign_speed_limit,speed_limit_sign,,0.5024120264302805,5694,78,73,382,220,camera_sign_speed_limit
39.6510590630005,86861000000,True,True,324,camera_sign_speed_limit,speed_limit_sign,,0.5099898880781477,5402,73,74,383,218,camera_sign_speed_limit
39.69415326499984,86861000000,True,True,325,camera_sign_speed_limit,speed_limit_sign,,0.5082110774633263,5550,75,74,381,219,camera_sign_speed_limit
39.71887058700031,86861000000,True,True,326,camera_sign_speed_limit,speed_limit_sign,,0.5107301079065625,5550,74,75,381,218,camera_sign_speed_limit
39.74236457400002,86861000000,True,True,327,camera_sign_speed_limit,speed_limit_sign,,0.5133979189693602,5772,74,78,380,218,camera_sign_speed_limit
39.783008483999765,86959000000,True,True,328,camera_sign_speed_limit,speed_limit_sign,,0.5148017989007546,5850,75,78,379,218,camera_sign_speed_limit
39.808096173000195,86959000000,True,True,329,camera_sign_speed_limit,speed_limit_sign,,0.5176672151152852,5925,75,79,378,217,camera_sign_speed_limit
39.84968935500001,87062000000,True,True,330,camera_sign_speed_limit,speed_limit_sign,,0.5134162505922688,6162,78,79,377,217,camera_sign_speed_limit
39.88627283599999,87062000000,True,True,331,camera_sign_speed_limit,speed_limit_sign,,0.5153401260386428,6240,78,80,376,217,camera_sign_speed_limit
39.931629624999914,87062000000,True,True,332,camera_sign_speed_limit,speed_limit_sign,,0.5157938368700905,6320,79,80,375,217,camera_sign_speed_limit
39.97380570699988,87163000000,True,True,333,camera_sign_speed_limit,speed_limit_sign,,0.5163080230100077,6557,79,83,374,217,camera_sign_speed_limit
39.995637021999755,87163000000,True,True,334,camera_sign_speed_limit,speed_limit_sign,,0.5168799257465269,6557,79,83,373,216,camera_sign_speed_limit
40.05106882699965,87263000000,True,True,335,camera_sign_speed_limit,speed_limit_sign,,0.5130975104802615,6972,83,84,372,216,camera_sign_speed_limit
40.06104109199987,87263000000,True,True,336,camera_sign_speed_limit,speed_limit_sign,,0.5135417004889768,6972,83,84,371,216,camera_sign_speed_limit
40.08368854899982,87263000000,True,True,337,camera_sign_speed_limit,speed_limit_sign,,0.5143172964405687,7055,83,85,370,216,camera_sign_speed_limit
40.10617168899989,87263000000,True,True,338,camera_sign_speed_limit,speed_limit_sign,,0.515093147011695,7140,84,85,369,216,camera_sign_speed_limit
40.15296336099982,87361000000,True,True,339,camera_sign_speed_limit,speed_limit_sign,,0.5160465142162497,7392,84,88,367,215,camera_sign_speed_limit
40.172409883,87361000000,True,True,340,camera_sign_speed_limit,speed_limit_sign,,0.5162450946902347,7480,85,88,366,215,camera_sign_speed_limit
40.23056408100001,87361000000,True,True,341,camera_sign_speed_limit,speed_limit_sign,,0.5163261726878744,7565,85,89,365,215,camera_sign_speed_limit
40.25173164100033,87462000000,True,True,342,camera_sign_speed_limit,speed_limit_sign,,0.5137580935643467,7832,88,89,364,215,camera_sign_speed_limit
40.30762809099997,87462000000,True,True,343,camera_sign_speed_limit,speed_limit_sign,,0.5144729518074431,7920,88,90,362,214,camera_sign_speed_limit
40.31824012800007,87462000000,True,True,344,camera_sign_speed_limit,speed_limit_sign,,0.5145517114901861,8010,89,90,361,214,camera_sign_speed_limit
40.37466156899973,87563000000,True,True,345,camera_sign_speed_limit,speed_limit_sign,,0.5155590626228461,8277,89,93,360,214,camera_sign_speed_limit
40.38706789400021,87563000000,True,True,346,camera_sign_speed_limit,speed_limit_sign,,0.5168993238715843,8460,90,94,358,213,camera_sign_speed_limit
40.432136772000376,87563000000,True,True,347,camera_sign_speed_limit,speed_limit_sign,,0.5133998839063441,8742,93,94,357,213,camera_sign_speed_limit
40.441894356000375,87563000000,True,True,348,camera_sign_speed_limit,speed_limit_sign,,0.5138627252423914,8930,94,95,355,213,camera_sign_speed_limit
40.4724056189998,87664000000,True,True,349,camera_sign_speed_limit,speed_limit_sign,,0.5141207635761439,9025,95,95,354,213,camera_sign_speed_limit
40.530606072999944,87664000000,True,True,350,camera_sign_speed_limit,speed_limit_sign,,0.5163314885325456,9306,94,99,352,212,camera_sign_speed_limit
40.552254137999626,87763000000,True,True,351,camera_sign_speed_limit,speed_limit_sign,,0.5166500910152046,9500,95,100,351,212,camera_sign_speed_limit
40.59553616100038,87763000000,True,True,352,camera_sign_speed_limit,speed_limit_sign,,0.5141040838666573,9800,98,100,349,212,camera_sign_speed_limit
40.61731471999974,87763000000,True,True,353,camera_sign_speed_limit,speed_limit_sign,,0.5139572460055993,10197,99,103,348,211,camera_sign_speed_limit
40.674013357999684,87865000000,True,True,354,camera_sign_speed_limit,speed_limit_sign,,0.5157255869878746,10296,99,104,346,211,camera_sign_speed_limit
40.68703059899963,87865000000,True,True,355,camera_sign_speed_limit,speed_limit_sign,,0.5157679353125731,10500,100,105,344,210,camera_sign_speed_limit
40.72267148300034,87865000000,True,True,356,camera_sign_speed_limit,speed_limit_sign,,0.5138458260252913,10920,104,105,343,210,camera_sign_speed_limit
40.753083180999965,87965000000,True,True,357,camera_sign_speed_limit,speed_limit_sign,,0.5158016259356171,11232,104,108,341,210,camera_sign_speed_limit
40.78650681199997,87965000000,True,True,358,camera_sign_speed_limit,speed_limit_sign,,0.5149243719085776,11445,105,109,339,209,camera_sign_speed_limit
40.82137139800034,87965000000,True,True,359,camera_sign_speed_limit,speed_limit_sign,,0.5158085297537156,11550,105,110,337,209,camera_sign_speed_limit
40.85803507699984,88061000000,True,True,360,camera_sign_speed_limit,speed_limit_sign,,0.5145315145044882,12317,109,113,335,208,camera_sign_speed_limit
40.889067504000195,88061000000,True,True,361,camera_sign_speed_limit,speed_limit_sign,,0.515890388208936,12426,109,114,333,208,camera_sign_speed_limit
40.923500808000426,88061000000,True,True,362,camera_sign_speed_limit,speed_limit_sign,,0.5137150794323596,12995,113,115,331,207,camera_sign_speed_limit
40.953225629999906,88165000000,True,True,363,camera_sign_speed_limit,speed_limit_sign,,0.5157591457827526,13334,113,118,329,207,camera_sign_speed_limit
40.97544372300035,88165000000,True,True,364,camera_sign_speed_limit,speed_limit_sign,,0.5163791281383802,13566,114,119,326,206,camera_sign_speed_limit
41.02887302900035,88165000000,True,True,365,camera_sign_speed_limit,speed_limit_sign,,0.5137705704695659,14160,118,120,324,206,camera_sign_speed_limit
41.04070187399975,88165000000,True,True,366,camera_sign_speed_limit,speed_limit_sign,,0.5148911918003851,14637,119,123,322,205,camera_sign_speed_limit
41.10107756599973,88269000000,True,True,367,camera_sign_speed_limit,speed_limit_sign,,0.5155924472661337,14756,119,124,320,205,camera_sign_speed_limit
41.1095235570001,88269000000,True,True,368,camera_sign_speed_limit,speed_limit_sign,,0.5143446052822285,15621,123,127,317,204,camera_sign_speed_limit
41.154356959000324,88365000000,True,True,369,camera_sign_speed_limit,speed_limit_sign,,0.515301007474697,15872,124,128,315,203,camera_sign_speed_limit
41.20005906300048,88365000000,True,True,370,camera_sign_speed_limit,speed_limit_sign,,0.5136209720909475,16383,127,129,312,203,camera_sign_speed_limit
41.22339961800026,88365000000,True,True,371,camera_sign_speed_limit,speed_limit_sign,,0.5138775176540111,16896,128,132,309,202,camera_sign_speed_limit
41.25520904899986,88467000000,True,True,372,camera_sign_speed_limit,speed_limit_sign,,0.5131575770408938,17556,132,133,307,201,camera_sign_speed_limit
41.27642682500027,88467000000,True,True,373,camera_sign_speed_limit,speed_limit_sign,,0.5140087190593206,17822,133,134,304,200,camera_sign_speed_limit
41.32122159899973,88467000000,True,True,374,camera_sign_speed_limit,speed_limit_sign,,0.5158312223511655,18358,134,137,301,199,camera_sign_speed_limit
41.36357764700006,88570000000,True,True,375,camera_sign_speed_limit,speed_limit_sign,,0.5145869421971092,19182,138,139,297,198,camera_sign_speed_limit
41.38495638099994,88570000000,True,True,376,camera_sign_speed_limit,speed_limit_sign,,0.514092258158622,20164,142,142,294,197,camera_sign_speed_limit
41.43087478899997,88570000000,True,True,377,camera_sign_speed_limit,speed_limit_sign,,0.5149874338812198,20306,143,142,291,196,camera_sign_speed_limit
41.465907108000465,88672000000,True,True,378,camera_sign_speed_limit,speed_limit_sign,,0.5154411214422067,20736,144,144,287,194,camera_sign_speed_limit
41.48539410600006,88672000000,True,True,379,camera_sign_speed_limit,speed_limit_sign,,0.514444839419289,21756,148,147,284,192,camera_sign_speed_limit
41.520452574000046,88672000000,True,True,380,camera_sign_speed_limit,speed_limit_sign,,0.5137328915161782,22496,152,148,280,191,camera_sign_speed_limit
41.56298772399987,88771000000,True,True,381,camera_sign_speed_limit,speed_limit_sign,,0.5142251594848719,23256,153,152,276,189,camera_sign_speed_limit
41.58587539200016,88771000000,True,True,382,camera_sign_speed_limit,speed_limit_sign,,0.5129111959038313,24021,157,153,272,187,camera_sign_speed_limit
41.617432924999775,88771000000,True,True,383,camera_sign_speed_limit,speed_limit_sign,,0.5113173063464683,25434,162,157,268,186,camera_sign_speed_limit
41.67279109100036,88868000000,True,True,384,camera_sign_speed_limit,speed_limit_sign,,0.5117769981890146,25754,163,158,263,184,camera_sign_speed_limit
41.68988967800033,88868000000,True,True,385,camera_sign_speed_limit,speed_limit_sign,,0.5120146518955199,27054,167,162,259,183,camera_sign_speed_limit
41.74023091100025,88868000000,True,True,386,camera_sign_speed_limit,speed_limit_sign,,0.5148179348500757,27547,169,163,254,181,camera_sign_speed_limit
41.765458720000424,88968000000,True,True,387,camera_sign_speed_limit,speed_limit_sign,,0.5142897078260527,29058,174,167,249,179,camera_sign_speed_limit
41.79264460200011,88968000000,True,True,388,camera_sign_speed_limit,speed_limit_sign,,0.5149607241875673,30072,179,168,244,177,camera_sign_speed_limit
41.851174317000186,88968000000,True,True,389,camera_sign_speed_limit,speed_limit_sign,,0.5150757945841785,31648,184,172,238,175,camera_sign_speed_limit
41.859648741000456,89070000000,True,True,390,camera_sign_speed_limit,speed_limit_sign,,0.5153944331711152,32712,188,174,233,173,camera_sign_speed_limit
41.88717519900001,89070000000,True,True,391,camera_sign_speed_limit,speed_limit_sign,,0.5143210639611319,34354,193,178,227,171,camera_sign_speed_limit
41.913238555000135,89070000000,True,True,392,camera_sign_speed_limit,speed_limit_sign,,0.5151219191504024,36036,198,182,220,169,camera_sign_speed_limit
41.957198844999766,89070000000,True,True,393,camera_sign_speed_limit,speed_limit_sign,,0.5142890120313827,37168,202,184,214,166,camera_sign_speed_limit
41.99105720300031,89169000000,True,True,394,camera_sign_speed_limit,speed_limit_sign,,0.5137768095188338,39312,208,189,207,164,camera_sign_speed_limit
42.04611437099993,89169000000,True,True,395,camera_sign_speed_limit,speed_limit_sign,,0.5126341802109179,41904,216,194,199,161,camera_sign_speed_limit
42.05604387800031,89169000000,True,True,396,camera_sign_speed_limit,speed_limit_sign,,0.513348609007292,43758,221,198,192,159,camera_sign_speed_limit
42.080823581000004,89270000000,True,True,397,camera_sign_speed_limit,speed_limit_sign,,0.5127844293310957,46284,228,203,183,156,camera_sign_speed_limit
42.12675811200006,89270000000,True,True,398,camera_sign_speed_limit,speed_limit_sign,,0.5137830109795937,48464,233,208,175,153,camera_sign_speed_limit
42.17148748599993,89370000000,True,True,399,camera_sign_speed_limit,speed_limit_sign,,0.5130910378474832,51546,242,213,165,150,camera_sign_speed_limit
42.190896740000426,89370000000,True,True,400,camera_sign_speed_limit,speed_limit_sign,,0.51517583330199,54064,248,218,155,146,camera_sign_speed_limit
42.22369787200023,89370000000,True,True,401,camera_sign_speed_limit,speed_limit_sign,,0.5145702968856677,58082,257,226,144,142,camera_sign_speed_limit
42.25549543299985,89370000000,True,True,402,camera_sign_speed_limit,speed_limit_sign,,0.5148346802930602,60609,267,227,133,139,camera_sign_speed_limit
42.30042732499987,89472000000,True,True,403,camera_sign_speed_limit,speed_limit_sign,,0.5087224565301292,60116,266,226,122,135,camera_sign_speed_limit
42.34659802799979,89472000000,True,True,404,camera_sign_speed_limit,speed_limit_sign,,0.5104104780156635,58793,259,227,108,130,camera_sign_speed_limit
42.36962357199991,89571000000,True,True,405,camera_sign_speed_limit,speed_limit_sign,,0.5605177121237004,56952,252,226,94,125,camera_sign_speed_limit
42.38037799599988,89571000000,True,True,406,camera_sign_speed_limit,speed_limit_sign,,0.565765715616815,54918,243,226,82,121,camera_sign_speed_limit
42.42681490199993,89571000000,True,True,407,camera_sign_speed_limit,speed_limit_sign,,0.5385326235926429,51076,226,226,95,109,camera_sign_speed_limit
42.50296725099997,89672000000,True,True,408,camera_sign_speed_limit,speed_limit_sign,,0.5386589898262244,47460,210,226,92,108,camera_sign_speed_limit
42.51400800900046,89672000000,True,True,409,camera_sign_speed_limit,speed_limit_sign,,0.5468655344385261,43456,194,224,88,111,camera_sign_speed_limit
42.526547018999736,89672000000,True,True,410,camera_sign_speed_limit,speed_limit_sign,,0.5503027091340604,38454,174,221,81,114,camera_sign_speed_limit
42.57026673099972,89772000000,True,True,411,camera_sign_speed_limit,speed_limit_sign,,0.562288324476661,33418,154,217,71,116,camera_sign_speed_limit
42.59229176000008,89772000000,True,True,412,camera_sign_speed_limit,speed_limit_sign,,0.5777828668259575,27903,131,213,59,118,camera_sign_speed_limit
42.64777096099988,89772000000,True,True,412,camera_sign_speed_limit,speed_limit_sign,,0.5777828668259575,27903,131,213,59,118,camera_sign_speed_limit
42.66888141700019,89873000000,True,True,413,camera_sign_speed_limit,speed_limit_sign,,0.6085132560767215,2552,58,44,17,237,camera_sign_speed_limit
42.68186320699988,89873000000,True,True,414,camera_sign_speed_limit,speed_limit_sign,,0.5987033922473601,961,31,31,8,234,camera_sign_speed_limit
42.7121165640001,89873000000,True,True,415,camera_sign_speed_limit,speed_limit_sign,,0.5106184769914294,920,23,40,56,240,camera_sign_speed_limit
42.765689247999944,89974000000,True,True,416,camera_sign_speed_limit,speed_limit_sign,,0.5172225269151499,1056,24,44,33,240,camera_sign_speed_limit
42.78618543900029,89974000000,True,True,416,camera_sign_speed_limit,speed_limit_sign,,0.5172225269151499,1056,24,44,33,240,camera_sign_speed_limit
42.8203867430002,89974000000,True,True,416,camera_sign_speed_limit,speed_limit_sign,,0.5172225269151499,1056,24,44,33,240,camera_sign_speed_limit
42.85173378699983,89974000000,True,True,416,camera_sign_speed_limit,speed_limit_sign,,0.5172225269151499,1056,24,44,33,240,camera_sign_speed_limit
42.88488022599995,90074000000,True,True,416,camera_sign_speed_limit,speed_limit_sign,,0.5172225269151499,1056,24,44,33,240,camera_sign_speed_limit
42.918884951999644,90074000000,True,True,416,camera_sign_speed_limit,speed_limit_sign,,0.5172225269151499,1056,24,44,33,240,camera_sign_speed_limit
42.95315483600007,90074000000,True,True,416,camera_sign_speed_limit,speed_limit_sign,,0.5172225269151499,1056,24,44,33,240,camera_sign_speed_limit
43.00928150500022,90174000000,True,True,416,camera_sign_speed_limit,speed_limit_sign,,0.5172225269151499,1056,24,44,33,240,camera_sign_speed_limit
43.01410036600009,90174000000,True,True,416,camera_sign_speed_limit,speed_limit_sign,,0.5172225269151499,1056,24,44,33,240,camera_sign_speed_limit
43.04319215800024,90174000000,True,True,416,camera_sign_speed_limit,speed_limit_sign,,0.5172225269151499,1056,24,44,33,240,camera_sign_speed_limit
43.08984388200042,90274000000,True,True,416,camera_sign_speed_limit,speed_limit_sign,,0.5172225269151499,1056,24,44,33,240,camera_sign_speed_limit
43.13318721500036,90274000000,True,True,416,camera_sign_speed_limit,speed_limit_sign,,0.5172225269151499,1056,24,44,33,240,camera_sign_speed_limit
43.15397310099979,90274000000,True,True,416,camera_sign_speed_limit,speed_limit_sign,,0.5172225269151499,1056,24,44,33,240,camera_sign_speed_limit
43.18719575199975,90377000000,True,False,1,camera_sign_turn_right,turn_right_sign,right,0.5100518746704671,676,26,26,316,231,camera_sign_speed_limit
43.220615920000455,90377000000,True,True,2,camera_sign_turn_right,turn_right_sign,right,0.5164020636875376,650,25,26,316,231,camera_sign_turn_right
43.241661664000276,90377000000,True,True,3,camera_sign_turn_right,turn_right_sign,right,0.523538749393455,624,24,26,315,231,camera_sign_turn_right
43.275586314000066,90477000000,True,True,4,camera_sign_turn_right,turn_right_sign,right,0.5184899131948552,676,26,26,315,231,camera_sign_turn_right
43.307989175999865,90477000000,True,True,5,camera_sign_turn_right,turn_right_sign,right,0.5271401397223143,624,24,26,314,231,camera_sign_turn_right
43.34234038999966,90477000000,True,True,6,camera_sign_turn_right,turn_right_sign,right,0.5275226992808595,650,25,26,314,231,camera_sign_turn_right
43.409862256999986,90576000000,True,True,7,camera_sign_turn_right,turn_right_sign,right,0.5259620822126084,650,25,26,313,231,camera_sign_turn_right
43.44309293199967,90576000000,True,True,8,camera_sign_turn_right,turn_right_sign,right,0.5308995617931375,650,25,26,312,231,camera_sign_turn_right
43.453895415999796,90576000000,True,True,9,camera_sign_turn_right,turn_right_sign,right,0.5224485858470146,676,26,26,312,231,camera_sign_turn_right
43.47662753399982,90676000000,True,True,10,camera_sign_turn_right,turn_right_sign,right,0.5280935952906258,676,26,26,311,231,camera_sign_turn_right
43.52234438100004,90676000000,True,True,11,camera_sign_turn_right,turn_right_sign,right,0.5312785187472185,650,25,26,311,231,camera_sign_turn_right
43.54466974099978,90676000000,True,True,12,camera_sign_turn_right,turn_right_sign,right,0.5336596171662444,676,26,26,310,231,camera_sign_turn_right
43.59770386800028,90778000000,True,True,13,camera_sign_turn_right,turn_right_sign,right,0.5113424040004193,754,29,26,309,231,camera_sign_turn_right
43.61408397800005,90778000000,True,True,14,camera_sign_turn_right,turn_right_sign,right,0.5111965821121123,754,29,26,308,231,camera_sign_turn_right
43.6876847880003,90876000000,True,True,15,camera_sign_turn_right,turn_right_sign,right,0.5414086291896754,676,26,26,308,231,camera_sign_turn_right
43.71120950600016,90876000000,True,True,16,camera_sign_turn_right,turn_right_sign,right,0.5382358165164265,676,26,26,307,231,camera_sign_turn_right
43.72107530300036,90876000000,True,True,17,camera_sign_turn_right,turn_right_sign,right,0.4978912709739045,841,29,29,307,231,camera_sign_turn_right
43.77754558600009,90979000000,True,True,18,camera_sign_turn_right,turn_right_sign,right,0.5227675839450661,754,26,29,306,231,camera_sign_turn_right
43.78632591600035,90979000000,True,True,19,camera_sign_turn_right,turn_right_sign,right,0.5011620903084474,841,29,29,305,231,camera_sign_turn_right
43.82241257900023,90979000000,True,True,20,camera_sign_turn_right,turn_right_sign,right,0.5029163451593037,841,29,29,305,231,camera_sign_turn_right
43.85243926600015,90979000000,True,True,21,camera_sign_turn_right,turn_right_sign,right,0.5070517867304223,841,29,29,304,231,camera_sign_turn_right
43.9414759780002,91080000000,True,True,22,camera_sign_turn_right,turn_right_sign,right,0.5129123936400253,841,29,29,303,231,camera_sign_turn_right
43.946899767000104,91080000000,True,True,23,camera_sign_turn_right,turn_right_sign,right,0.5072379646867172,870,30,29,303,231,camera_sign_turn_right
43.952895882999655,91080000000,True,True,24,camera_sign_turn_right,turn_right_sign,right,0.5122854580547569,841,29,29,302,231,camera_sign_turn_right
43.984804169999734,91181000000,True,True,25,camera_sign_turn_right,turn_right_sign,right,0.511455091631803,870,30,29,301,230,camera_sign_turn_right
44.03087815100025,91181000000,True,True,26,camera_sign_turn_right,turn_right_sign,right,0.5171693879157533,841,29,29,301,230,camera_sign_turn_right
44.05331955499969,91181000000,True,True,27,camera_sign_turn_right,turn_right_sign,right,0.518468304338098,841,29,29,300,230,camera_sign_turn_right
44.08590338900012,91281000000,True,True,28,camera_sign_turn_right,turn_right_sign,right,0.5168251873360726,870,30,29,299,230,camera_sign_turn_right
44.14388758699988,91281000000,True,True,29,camera_sign_turn_right,turn_right_sign,right,0.5186642431364089,870,30,29,298,231,camera_sign_turn_right
44.155307908000395,91281000000,True,True,30,camera_sign_turn_right,turn_right_sign,right,0.516660797017569,870,30,29,297,230,camera_sign_turn_right
44.199413293999896,91380000000,True,True,31,camera_sign_turn_right,turn_right_sign,right,0.5210463765223375,870,30,29,297,230,camera_sign_turn_right
44.221367273000396,91380000000,True,True,32,camera_sign_turn_right,turn_right_sign,right,0.519808841478448,900,30,30,296,230,camera_sign_turn_right
44.26921622700047,91478000000,True,True,33,camera_sign_turn_right,turn_right_sign,right,0.5192792714364073,900,30,30,295,230,camera_sign_turn_right
44.326822916999845,91478000000,True,True,34,camera_sign_turn_right,turn_right_sign,right,0.5160676416050991,930,31,30,295,230,camera_sign_turn_right
44.4140736850004,91578000000,True,True,35,camera_sign_turn_right,turn_right_sign,right,0.5209076569612819,930,31,30,294,230,camera_sign_turn_right
44.41975218399966,91578000000,True,True,36,camera_sign_turn_right,turn_right_sign,right,0.5196431710586498,930,31,30,292,230,camera_sign_turn_right
44.44263015500019,91578000000,True,True,37,camera_sign_turn_right,turn_right_sign,right,0.5059585005879966,1020,34,30,291,230,camera_sign_turn_right
44.49348958900009,91681000000,True,True,38,camera_sign_turn_right,turn_right_sign,right,0.5022670957404665,1050,35,30,290,230,camera_sign_turn_right
44.50415343500026,91681000000,True,True,39,camera_sign_turn_right,turn_right_sign,right,0.52589109276521,930,31,30,290,230,camera_sign_turn_right
44.52405463699961,91681000000,True,True,40,camera_sign_turn_right,turn_right_sign,right,0.5288926960652206,930,31,30,289,230,camera_sign_turn_right
44.56898672199986,91681000000,True,True,41,camera_sign_turn_right,turn_right_sign,right,0.5144118086007003,1020,34,30,288,230,camera_sign_turn_right
44.59257540999988,91783000000,True,True,42,camera_sign_turn_right,turn_right_sign,right,0.5192068918236629,1020,34,30,287,230,camera_sign_turn_right
44.62712409600044,91783000000,True,True,43,camera_sign_turn_right,turn_right_sign,right,0.5181611855690207,1020,34,30,286,230,camera_sign_turn_right
44.6696277179999,91783000000,True,True,44,camera_sign_turn_right,turn_right_sign,right,0.5076514557060188,1085,35,31,285,230,camera_sign_turn_right
44.69401231899974,91882000000,True,True,45,camera_sign_turn_right,turn_right_sign,right,0.508741364861498,1085,35,31,285,229,camera_sign_turn_right
44.78352761699989,91982000000,True,True,46,camera_sign_turn_right,turn_right_sign,right,0.5101373178342614,1085,35,31,284,229,camera_sign_turn_right
44.7897005220002,91982000000,True,True,47,camera_sign_turn_right,turn_right_sign,right,0.5118248745662338,1085,35,31,283,229,camera_sign_turn_right
44.79635712900017,91982000000,True,True,48,camera_sign_turn_right,turn_right_sign,right,0.511585728207277,1116,36,31,282,230,camera_sign_turn_right
44.83796083499965,91982000000,True,True,49,camera_sign_turn_right,turn_right_sign,right,0.5145715546495213,1116,36,31,281,229,camera_sign_turn_right
44.86874056099987,91982000000,True,True,50,camera_sign_turn_right,turn_right_sign,right,0.5139534470088927,1116,36,31,280,229,camera_sign_turn_right
44.926131807000274,92084000000,True,True,51,camera_sign_turn_right,turn_right_sign,right,0.5157782874162323,1116,36,31,279,229,camera_sign_turn_right
44.932145806000335,92084000000,True,True,52,camera_sign_turn_right,turn_right_sign,right,0.5186081590307484,1116,36,31,278,229,camera_sign_turn_right
44.99458078899988,92184000000,True,True,53,camera_sign_turn_right,turn_right_sign,right,0.5072625338102514,1209,39,31,277,229,camera_sign_turn_right
45.00293697500001,92184000000,True,True,54,camera_sign_turn_right,turn_right_sign,right,0.5070928107240901,1209,39,31,277,229,camera_sign_turn_right
45.02406827100003,92184000000,True,True,55,camera_sign_turn_right,turn_right_sign,right,0.506906076590091,1209,39,31,276,229,camera_sign_turn_right
45.06759281599989,92184000000,True,True,56,camera_sign_turn_right,turn_right_sign,right,0.4911078907692997,1326,39,34,275,229,camera_sign_turn_right
45.12609516900011,92285000000,True,True,57,camera_sign_turn_right,turn_right_sign,right,0.49619598350821437,1326,39,34,274,229,camera_sign_turn_right
45.13571895699988,92285000000,True,True,58,camera_sign_turn_right,turn_right_sign,right,0.49522329051277825,1326,39,34,273,229,camera_sign_turn_right
45.17509094199977,92383000000,True,True,59,camera_sign_turn_right,turn_right_sign,right,0.4965683644646268,1360,40,34,272,229,camera_sign_turn_right
45.19257092299995,92383000000,True,True,60,camera_sign_turn_right,turn_right_sign,right,0.4958571182965886,1360,40,34,271,229,camera_sign_turn_right
45.23780298099973,92383000000,True,True,61,camera_sign_turn_right,turn_right_sign,right,0.5005190989754728,1360,40,34,270,229,camera_sign_turn_right
45.29840900599993,92484000000,True,True,62,camera_sign_turn_right,turn_right_sign,right,0.5018759223900011,1360,40,34,269,229,camera_sign_turn_right
45.30385188800028,92484000000,True,True,63,camera_sign_turn_right,turn_right_sign,right,0.5034459081940816,1360,40,34,268,229,camera_sign_turn_right
45.36701849699966,92484000000,True,True,64,camera_sign_turn_right,turn_right_sign,right,0.5027891956375508,1360,40,34,267,228,camera_sign_turn_right
45.40176234299997,92575000000,True,True,65,camera_sign_turn_right,turn_right_sign,right,0.4984218281423917,1394,41,34,266,228,camera_sign_turn_right
45.411071778000405,92575000000,True,True,66,camera_sign_turn_right,turn_right_sign,right,0.4905849531725894,1496,44,34,265,228,camera_sign_turn_right
45.488842112000384,92679000000,True,True,67,camera_sign_turn_right,turn_right_sign,right,0.4867210180097062,1540,44,35,264,228,camera_sign_turn_right
45.49563600700003,92679000000,True,True,68,camera_sign_turn_right,turn_right_sign,right,0.48876013973295734,1540,44,35,263,228,camera_sign_turn_right
45.501611740000044,92679000000,True,True,69,camera_sign_turn_right,turn_right_sign,right,0.49053551696094616,1540,44,35,262,228,camera_sign_turn_right
45.567033362000075,92679000000,True,True,70,camera_sign_turn_right,turn_right_sign,right,0.4936036930755901,1540,44,35,261,228,camera_sign_turn_right
45.588389741000356,92781000000,True,True,71,camera_sign_turn_right,turn_right_sign,right,0.4955637598765818,1540,44,35,260,228,camera_sign_turn_right
45.60939448299996,92781000000,True,True,72,camera_sign_turn_right,turn_right_sign,right,0.4902226356880356,1575,45,35,259,228,camera_sign_turn_right
45.641662629000166,92781000000,True,True,73,camera_sign_turn_right,turn_right_sign,right,0.49212616145312055,1575,45,35,258,228,camera_sign_turn_right
45.66256144399995,92781000000,True,True,74,camera_sign_turn_right,turn_right_sign,right,0.49414944931736526,1575,45,35,257,228,camera_sign_turn_right
45.71557424799994,92884000000,True,True,75,camera_sign_turn_right,turn_right_sign,right,0.49579130109510633,1575,45,35,256,228,camera_sign_turn_right
45.76850841400028,92884000000,True,True,76,camera_sign_turn_right,turn_right_sign,right,0.49360599961148127,1620,45,36,254,228,camera_sign_turn_right
45.79131397299989,92982000000,True,True,77,camera_sign_turn_right,turn_right_sign,right,0.4864069494378343,1728,48,36,253,228,camera_sign_turn_right
45.8002776860003,92982000000,True,True,78,camera_sign_turn_right,turn_right_sign,right,0.48840936945701297,1728,48,36,252,227,camera_sign_turn_right
45.843654453000454,92982000000,True,True,79,camera_sign_turn_right,turn_right_sign,right,0.4912200275822719,1728,48,36,251,227,camera_sign_turn_right
45.86534327000027,92982000000,True,True,80,camera_sign_turn_right,turn_right_sign,right,0.4887992422749662,1764,49,36,250,227,camera_sign_turn_right
45.924526294000316,93087000000,True,True,81,camera_sign_turn_right,turn_right_sign,right,0.4914556518574897,1764,49,36,249,227,camera_sign_turn_right
45.94182168200041,93087000000,True,True,82,camera_sign_turn_right,turn_right_sign,right,0.49173701854835744,1764,49,36,248,227,camera_sign_turn_right
45.97637454699998,93087000000,True,True,83,camera_sign_turn_right,turn_right_sign,right,0.48971934886560287,1800,50,36,246,227,camera_sign_turn_right
46.00792612799978,93187000000,True,True,84,camera_sign_turn_right,turn_right_sign,right,0.49217444599010446,1800,50,36,245,227,camera_sign_turn_right
46.04123747599988,93187000000,True,True,85,camera_sign_turn_right,turn_right_sign,right,0.4816211229286228,1950,50,39,244,227,camera_sign_turn_right
46.08699614800025,93286000000,True,True,86,camera_sign_turn_right,turn_right_sign,right,0.47547306330762223,2067,53,39,243,227,camera_sign_turn_right
46.14858901600019,93286000000,True,True,87,camera_sign_turn_right,turn_right_sign,right,0.4771196878750152,2067,53,39,241,227,camera_sign_turn_right
46.153424219000044,93286000000,True,True,88,camera_sign_turn_right,turn_right_sign,right,0.4777359796504711,2067,53,39,240,227,camera_sign_turn_right
46.18851723199987,93384000000,True,True,89,camera_sign_turn_right,turn_right_sign,right,0.4790750449299574,2067,53,39,239,227,camera_sign_turn_right
46.201388002000385,93384000000,True,True,90,camera_sign_turn_right,turn_right_sign,right,0.4784830593685475,2106,54,39,238,227,camera_sign_turn_right
46.243058862,93384000000,True,True,91,camera_sign_turn_right,turn_right_sign,right,0.4815900826911954,2106,54,39,236,227,camera_sign_turn_right
46.26479397300045,93384000000,True,True,92,camera_sign_turn_right,turn_right_sign,right,0.4821501013605687,2145,55,39,235,227,camera_sign_turn_right
46.318910148000214,93488000000,True,True,93,camera_sign_turn_right,turn_right_sign,right,0.48010614058652845,2160,54,40,234,227,camera_sign_turn_right
46.33012025300013,93488000000,True,True,94,camera_sign_turn_right,turn_right_sign,right,0.4794301056906653,2200,55,40,232,226,camera_sign_turn_right
46.36271276400021,93488000000,True,True,95,camera_sign_turn_right,turn_right_sign,right,0.4809941342255234,2200,55,40,231,227,camera_sign_turn_right
46.42973360799988,93590000000,True,True,96,camera_sign_turn_right,turn_right_sign,right,0.47629992338663846,2320,58,40,230,226,camera_sign_turn_right
46.435695830999975,93590000000,True,True,97,camera_sign_turn_right,turn_right_sign,right,0.48414234860928357,2200,55,40,228,226,camera_sign_turn_right
46.48652098599996,93689000000,True,True,98,camera_sign_turn_right,turn_right_sign,right,0.47812976535443835,2320,58,40,227,226,camera_sign_turn_right
46.50532650900004,93689000000,True,True,99,camera_sign_turn_right,turn_right_sign,right,0.4812798826513377,2320,58,40,225,226,camera_sign_turn_right
46.54084621600032,93689000000,True,True,100,camera_sign_turn_right,turn_right_sign,right,0.4779041348560473,2378,58,41,224,226,camera_sign_turn_right
46.574750011000106,93689000000,True,True,101,camera_sign_turn_right,turn_right_sign,right,0.476641882150333,2419,59,41,222,226,camera_sign_turn_right
46.607608790000086,93790000000,True,True,102,camera_sign_turn_right,turn_right_sign,right,0.48126253452104384,2419,59,41,221,226,camera_sign_turn_right
46.65238186799979,93790000000,True,True,103,camera_sign_turn_right,turn_right_sign,right,0.48243013932538586,2419,59,41,220,226,camera_sign_turn_right
46.67430737700033,93790000000,True,True,104,camera_sign_turn_right,turn_right_sign,right,0.4821116492899568,2460,60,41,219,226,camera_sign_turn_right
46.71883001700007,93891000000,True,True,105,camera_sign_turn_right,turn_right_sign,right,0.4885224196581853,2419,59,41,219,226,camera_sign_turn_right
46.743156882999756,93891000000,True,True,106,camera_sign_turn_right,turn_right_sign,right,0.4836350892297159,2460,60,41,220,225,camera_sign_turn_right
46.775203725999745,93891000000,True,True,107,camera_sign_turn_right,turn_right_sign,right,0.4812714565722056,2460,60,41,223,226,camera_sign_turn_right
46.84102168299978,93990000000,True,True,108,camera_sign_turn_right,turn_right_sign,right,0.4780732802117717,2419,59,41,227,226,camera_sign_turn_right
46.84651222699995,93990000000,True,True,109,camera_sign_turn_right,turn_right_sign,right,0.4828844250556594,2320,58,40,234,226,camera_sign_turn_right
46.88751966600012,94090000000,True,True,110,camera_sign_turn_right,turn_right_sign,right,0.48089752499222377,2320,58,40,241,226,camera_sign_turn_right
46.90872524800034,94090000000,True,True,111,camera_sign_turn_right,turn_right_sign,right,0.48889758650732,2145,55,39,248,227,camera_sign_turn_right
46.93201206899994,94090000000,True,True,112,camera_sign_turn_right,turn_right_sign,right,0.48900340855371416,2067,53,39,254,227,camera_sign_turn_right
46.96478948700042,94090000000,True,True,113,camera_sign_turn_right,turn_right_sign,right,0.48612651793932515,2067,53,39,259,227,camera_sign_turn_right
47.007021979000456,94191000000,True,True,114,camera_sign_turn_right,turn_right_sign,right,0.4912525295887404,1950,50,39,264,227,camera_sign_turn_right
47.06412004000049,94191000000,True,True,115,camera_sign_turn_right,turn_right_sign,right,0.5042298718551117,1764,49,36,271,227,camera_sign_turn_right
47.06954215699989,94191000000,True,True,116,camera_sign_turn_right,turn_right_sign,right,0.5022045541318502,1728,48,36,278,228,camera_sign_turn_right
47.11165140899993,94291000000,True,True,117,camera_sign_turn_right,turn_right_sign,right,0.5105175935279648,1575,45,35,285,228,camera_sign_turn_right
47.14369058000011,94291000000,True,True,118,camera_sign_turn_right,turn_right_sign,right,0.507376727241522,1540,44,35,295,229,camera_sign_turn_right
47.17603700299969,94291000000,True,True,119,camera_sign_turn_right,turn_right_sign,right,0.5207949791996402,1360,40,34,304,229,camera_sign_turn_right
47.21214741299991,94389000000,True,True,120,camera_sign_turn_right,turn_right_sign,right,0.5145335067109362,1326,39,34,314,229,camera_sign_turn_right
47.29178373600007,94487000000,True,True,121,camera_sign_turn_right,turn_right_sign,right,0.5302782072997114,1085,35,31,325,229,camera_sign_turn_right
47.29995427999984,94487000000,True,True,122,camera_sign_turn_right,turn_right_sign,right,0.5181540003874368,1085,35,31,336,230,camera_sign_turn_right
47.312819556999784,94487000000,True,True,123,camera_sign_turn_right,turn_right_sign,right,0.5288203018560864,930,31,30,346,230,camera_sign_turn_right
47.376268947000426,94487000000,True,True,124,camera_sign_turn_right,turn_right_sign,right,0.5223059581874083,900,30,30,357,230,camera_sign_turn_right
47.38746786699994,94487000000,True,True,125,camera_sign_turn_right,turn_right_sign,right,0.5176490048267259,841,29,29,367,230,camera_sign_turn_right
47.409037065999655,94592000000,True,True,126,camera_sign_turn_right,turn_right_sign,right,0.5252281479939823,754,26,29,377,231,camera_sign_turn_right
47.4363214949999,94592000000,True,True,127,camera_sign_turn_right,turn_right_sign,right,0.49299226148745445,841,29,29,386,231,camera_sign_turn_right
47.49548399499963,94685000000,True,True,128,camera_sign_turn_right,turn_right_sign,right,0.5239010844675742,650,25,26,396,231,camera_sign_turn_right
47.51716180200037,94685000000,True,True,129,camera_sign_turn_right,turn_right_sign,right,0.5120747294010428,676,26,26,405,231,camera_sign_turn_right
47.55060152399983,94685000000,True,True,130,camera_sign_turn_right,turn_right_sign,right,0.5166300304417273,624,24,26,414,231,camera_sign_turn_right
47.58239522799977,94685000000,True,True,131,camera_sign_turn_right,turn_right_sign,right,0.5049282131985601,624,24,26,422,231,camera_sign_turn_right
47.61416014899987,94789000000,True,True,131,camera_sign_turn_right,turn_right_sign,right,0.5049282131985601,624,24,26,422,231,camera_sign_turn_right
47.668336357000044,94789000000,True,True,131,camera_sign_turn_right,turn_right_sign,right,0.5049282131985601,624,24,26,422,231,camera_sign_turn_right
47.70142544600003,94890000000,True,True,131,camera_sign_turn_right,turn_right_sign,right,0.5049282131985601,624,24,26,422,231,camera_sign_turn_right
47.71189152599982,94890000000,True,True,131,camera_sign_turn_right,turn_right_sign,right,0.5049282131985601,624,24,26,422,231,camera_sign_turn_right
47.74550445299974,94890000000,True,True,131,camera_sign_turn_right,turn_right_sign,right,0.5049282131985601,624,24,26,422,231,camera_sign_turn_right
47.779470241000126,94890000000,True,True,131,camera_sign_turn_right,turn_right_sign,right,0.5049282131985601,624,24,26,422,231,camera_sign_turn_right
47.845493757999975,94991000000,True,True,131,camera_sign_turn_right,turn_right_sign,right,0.5049282131985601,624,24,26,422,231,camera_sign_turn_right
47.852866490999986,94991000000,True,True,131,camera_sign_turn_right,turn_right_sign,right,0.5049282131985601,624,24,26,422,231,camera_sign_turn_right
47.88016113499998,94991000000,True,True,131,camera_sign_turn_right,turn_right_sign,right,0.5049282131985601,624,24,26,422,231,camera_sign_turn_right
47.93261646999963,95093000000,True,True,131,camera_sign_turn_right,turn_right_sign,right,0.5049282131985601,624,24,26,422,231,camera_sign_turn_right
47.94932384300046,95093000000,True,True,131,camera_sign_turn_right,turn_right_sign,right,0.5049282131985601,624,24,26,422,231,camera_sign_turn_right
47.97826861300018,95093000000,True,True,132,camera_sign_turn_right,turn_right_sign,right,0.49029345383002165,650,25,26,510,231,camera_sign_turn_right
48.01035392100039,95194000000,True,True,133,camera_sign_turn_right,turn_right_sign,right,0.4934482663800654,650,25,26,516,231,camera_sign_turn_right
48.060657926000204,95194000000,True,True,134,camera_sign_turn_right,turn_right_sign,right,0.5009878549608491,624,24,26,522,231,camera_sign_turn_right
48.07837495199965,95194000000,True,True,135,camera_sign_turn_right,turn_right_sign,right,0.4996721464797148,650,25,26,528,231,camera_sign_turn_right
48.12242118599988,95295000000,True,True,136,camera_sign_turn_right,turn_right_sign,right,0.5163115075660917,624,24,26,534,231,camera_sign_turn_right
48.135730664999755,95295000000,True,True,137,camera_sign_turn_right,turn_right_sign,right,0.5201690778472904,624,24,26,539,231,camera_sign_turn_right
48.180354867999995,95295000000,True,True,138,camera_sign_turn_right,turn_right_sign,right,0.5038212436231327,725,25,29,545,231,camera_sign_turn_right
48.21437007999975,95397000000,True,True,139,camera_sign_turn_right,turn_right_sign,right,0.50400010195119,725,25,29,550,231,camera_sign_turn_right
48.26147618300001,95397000000,True,True,140,camera_sign_turn_right,turn_right_sign,right,0.506489292508528,754,26,29,555,231,camera_sign_turn_right
48.28473738299999,95397000000,True,True,141,camera_sign_turn_right,turn_right_sign,right,0.5121307631559145,754,26,29,560,231,camera_sign_turn_right
48.35077895300037,95494000000,True,True,142,camera_sign_turn_right,turn_right_sign,right,0.5176947380202515,780,26,30,565,230,camera_sign_turn_right
48.35816890299975,95494000000,True,True,143,camera_sign_turn_right,turn_right_sign,right,0.48828134142792295,900,30,30,570,230,camera_sign_turn_right
48.385455667000315,95494000000,True,True,144,camera_sign_turn_right,turn_right_sign,right,0.49421873749219036,870,29,30,574,230,camera_sign_turn_right
48.415072585000416,95595000000,True,True,145,camera_sign_turn_right,turn_right_sign,right,0.5115269455856669,870,29,30,578,230,camera_sign_turn_right
48.44933658900027,95595000000,True,True,146,camera_sign_turn_right,turn_right_sign,right,0.5114675376619003,870,29,30,582,230,camera_sign_turn_right
48.48413270800029,95595000000,True,True,147,camera_sign_turn_right,turn_right_sign,right,0.511859075920936,930,30,31,586,230,camera_sign_turn_right
48.524547222000365,95697000000,True,True,148,camera_sign_turn_right,turn_right_sign,right,0.5165383880053461,930,30,31,590,230,camera_sign_turn_right
48.5348015870004,95697000000,True,True,149,camera_sign_turn_right,turn_right_sign,right,0.5130421525394879,961,31,31,594,230,camera_sign_turn_right
48.59139410900025,95697000000,True,True,150,camera_sign_turn_right,turn_right_sign,right,0.49362344569676303,1054,34,31,597,230,camera_sign_turn_right
48.61267463900003,95797000000,True,True,151,camera_sign_turn_right,turn_right_sign,right,0.4929237294531624,1156,34,34,600,229,camera_sign_turn_right
48.64492224100013,95797000000,True,True,152,camera_sign_turn_right,turn_right_sign,right,0.4987218539811188,1156,34,34,603,229,camera_sign_turn_right
48.69017110000004,95797000000,True,True,153,camera_sign_turn_right,turn_right_sign,right,0.5110328252461989,1156,34,34,606,229,camera_sign_turn_right
48.70973621200028,95900000000,True,True,154,camera_sign_turn_right,turn_right_sign,right,0.5039164671462573,1190,35,34,608,229,camera_sign_turn_right
48.766682665999724,95900000000,True,True,155,camera_sign_turn_right,turn_right_sign,right,0.4978120703725107,1225,35,35,611,229,camera_sign_turn_right
48.77238009699977,95900000000,True,True,156,camera_sign_turn_right,turn_right_sign,right,0.4867864408779788,1296,36,36,613,229,camera_sign_turn_right
48.80880469600015,96000000000,True,True,157,camera_sign_turn_right,turn_right_sign,right,0.480236472747082,1404,39,36,615,229,camera_sign_turn_right
48.85590541700003,96000000000,True,True,158,camera_sign_turn_right,turn_right_sign,right,0.5041784202725172,1296,36,36,617,229,camera_sign_turn_right
48.87847614099974,96000000000,True,True,159,camera_sign_turn_right,turn_right_sign,right,0.5087455424609579,1296,36,36,619,229,camera_sign_turn_right
48.91284892499971,96099000000,True,True,160,camera_sign_turn_right,turn_right_sign,right,0.505002491708043,1296,36,36,620,228,camera_sign_turn_right
48.95639467000001,96099000000,True,True,161,camera_sign_turn_right,turn_right_sign,right,0.4909922694190933,1404,39,36,622,229,camera_sign_turn_right
48.978590845000326,96099000000,True,True,162,camera_sign_turn_right,turn_right_sign,right,0.5140992251710486,1296,36,36,623,228,camera_sign_turn_right
49.01110137900014,96200000000,True,True,163,camera_sign_turn_right,turn_right_sign,right,0.4938911887522866,1521,39,39,625,228,camera_sign_turn_right
49.04432693000035,96200000000,True,True,164,camera_sign_turn_right,turn_right_sign,right,0.4951446879681503,1521,39,39,626,228,camera_sign_turn_right
49.06689834000008,96200000000,True,True,165,camera_sign_turn_right,turn_right_sign,right,0.49919908987819245,1521,39,39,627,228,camera_sign_turn_right
49.112765201,96299000000,True,True,166,camera_sign_turn_right,turn_right_sign,right,0.49126401549104387,1560,40,39,627,228,camera_sign_turn_right
49.15078470899971,96299000000,True,True,167,camera_sign_turn_right,turn_right_sign,right,0.4939028032881952,1560,40,39,628,228,camera_sign_turn_right
49.17224222200002,96299000000,True,True,168,camera_sign_turn_right,turn_right_sign,right,0.49897428306639197,1521,39,39,629,228,camera_sign_turn_right
49.20475722399988,96401000000,True,True,169,camera_sign_turn_right,turn_right_sign,right,0.4957005375730312,1560,40,39,629,228,camera_sign_turn_right
49.251085449999664,96401000000,True,True,170,camera_sign_turn_right,turn_right_sign,right,0.49539153734129415,1560,40,39,629,228,camera_sign_turn_right
49.28162198799964,96401000000,True,True,171,camera_sign_turn_right,turn_right_sign,right,0.5016365316913454,1521,39,39,630,228,camera_sign_turn_right
49.31802064899966,96498000000,True,True,172,camera_sign_turn_right,turn_right_sign,right,0.500039969410582,1600,40,40,630,228,camera_sign_turn_right
49.37109551699996,96498000000,True,True,173,camera_sign_turn_right,turn_right_sign,right,0.499959337418942,1600,40,40,630,228,camera_sign_turn_right
49.38254666299963,96498000000,True,True,174,camera_sign_turn_right,turn_right_sign,right,0.49968920985550264,1600,40,40,630,228,camera_sign_turn_right
49.41635821900036,96600000000,True,True,175,camera_sign_turn_right,turn_right_sign,right,0.49765167204112526,1600,40,40,630,228,camera_sign_turn_right
49.438422590999835,96600000000,True,True,176,camera_sign_turn_right,turn_right_sign,right,0.5001266695550698,1600,40,40,630,228,camera_sign_turn_right
49.49348000200007,96600000000,True,True,177,camera_sign_turn_right,turn_right_sign,right,0.4993155961059847,1600,40,40,630,228,camera_sign_turn_right
49.51540564100014,96700000000,True,True,178,camera_sign_turn_right,turn_right_sign,right,0.5015142527011848,1600,40,40,630,228,camera_sign_turn_right
49.559814969999934,96700000000,True,True,179,camera_sign_turn_right,turn_right_sign,right,0.5045193020966514,1600,40,40,630,228,camera_sign_turn_right
49.594578403000014,96700000000,True,True,180,camera_sign_turn_right,turn_right_sign,right,0.506577424914965,1600,40,40,630,227,camera_sign_turn_right
49.61758267700043,96798000000,True,True,181,camera_sign_turn_right,turn_right_sign,right,0.4970444184294026,1600,40,40,630,228,camera_sign_turn_right
49.639636468999925,96798000000,True,True,182,camera_sign_turn_right,turn_right_sign,right,0.5001422350664669,1600,40,40,630,227,camera_sign_turn_right
49.706510232000255,96899000000,True,True,183,camera_sign_turn_right,turn_right_sign,right,0.5025894660665617,1600,40,40,629,227,camera_sign_turn_right
49.71639964699989,96899000000,True,True,184,camera_sign_turn_right,turn_right_sign,right,0.5027150645273525,1600,40,40,629,227,camera_sign_turn_right
49.73836367199965,96899000000,True,True,185,camera_sign_turn_right,turn_right_sign,right,0.5034500108544124,1600,40,40,629,227,camera_sign_turn_right
49.7828270480004,96899000000,True,True,186,camera_sign_turn_right,turn_right_sign,right,0.5030999613047702,1640,40,41,629,227,camera_sign_turn_right
49.8178260020004,97000000000,True,True,187,camera_sign_turn_right,turn_right_sign,right,0.4959954711038891,1640,40,41,629,227,camera_sign_turn_right
49.84654050500012,97000000000,True,True,188,camera_sign_turn_right,turn_right_sign,right,0.4982564643745217,1640,40,41,629,227,camera_sign_turn_right
49.90942805299983,97100000000,True,True,189,camera_sign_turn_right,turn_right_sign,right,0.4999198714932935,1640,40,41,628,227,camera_sign_turn_right
49.91634751099991,97100000000,True,True,190,camera_sign_turn_right,turn_right_sign,right,0.5016118274571265,1640,40,41,628,227,camera_sign_turn_right
49.949260587000026,97100000000,True,True,191,camera_sign_turn_right,turn_right_sign,right,0.5033719320447638,1640,40,41,628,227,camera_sign_turn_right
49.97160889800034,97100000000,True,True,192,camera_sign_turn_right,turn_right_sign,right,0.5013610044456467,1640,40,41,628,227,camera_sign_turn_right
50.00301890999981,97201000000,True,True,193,camera_sign_turn_right,turn_right_sign,right,0.5021368856813252,1640,40,41,628,227,camera_sign_turn_right
50.06384210499982,97201000000,True,True,194,camera_sign_turn_right,turn_right_sign,right,0.5011502035538598,1640,40,41,628,227,camera_sign_turn_right
50.07379117599976,97201000000,True,True,195,camera_sign_turn_right,turn_right_sign,right,0.5005043304283696,1640,40,41,628,227,camera_sign_turn_right
50.14974782700028,97301000000,True,True,196,camera_sign_turn_right,turn_right_sign,right,0.5008705285710611,1640,40,41,628,227,camera_sign_turn_right
50.1610827960003,97301000000,True,True,197,camera_sign_turn_right,turn_right_sign,right,0.4990567362906766,1681,41,41,629,227,camera_sign_turn_right
50.184121495,97301000000,True,True,198,camera_sign_turn_right,turn_right_sign,right,0.49796126430715354,1681,41,41,629,227,camera_sign_turn_right
50.20485932799966,97403000000,True,True,199,camera_sign_turn_right,turn_right_sign,right,0.5011208392665614,1760,40,44,629,227,camera_sign_turn_right
50.25145349200011,97403000000,True,True,200,camera_sign_turn_right,turn_right_sign,right,0.5027530248598356,1760,40,44,629,227,camera_sign_turn_right
50.2838361260001,97403000000,True,True,201,camera_sign_turn_right,turn_right_sign,right,0.4999232265002867,1804,41,44,630,227,camera_sign_turn_right
50.3155992410002,97502000000,True,True,202,camera_sign_turn_right,turn_right_sign,right,0.4970243173787414,1804,41,44,630,227,camera_sign_turn_right
50.36540016199979,97502000000,True,True,203,camera_sign_turn_right,turn_right_sign,right,0.5056756550648562,1760,40,44,630,227,camera_sign_turn_right
50.388477751999744,97502000000,True,True,204,camera_sign_turn_right,turn_right_sign,right,0.5017991020845237,1804,41,44,631,227,camera_sign_turn_right
50.44179534900013,97599000000,True,True,205,camera_sign_turn_right,turn_right_sign,right,0.4990970161571668,1804,41,44,631,226,camera_sign_turn_right
50.45161838100012,97599000000,True,True,206,camera_sign_turn_right,turn_right_sign,right,0.5052086350054894,1804,41,44,631,227,camera_sign_turn_right
50.47027580099984,97599000000,True,True,207,camera_sign_turn_right,turn_right_sign,right,0.502699774254414,1804,41,44,632,226,camera_sign_turn_right
50.505791859000055,97702000000,True,True,208,camera_sign_turn_right,turn_right_sign,right,0.48905463419539724,1980,44,45,632,226,camera_sign_turn_right
50.55044672300028,97702000000,True,True,209,camera_sign_turn_right,turn_right_sign,right,0.504932485972848,1845,41,45,633,226,camera_sign_turn_right
50.57419552400006,97702000000,True,True,210,camera_sign_turn_right,turn_right_sign,right,0.49049286716437474,1980,44,45,633,226,camera_sign_turn_right
50.604731679,97802000000,True,True,211,camera_sign_turn_right,turn_right_sign,right,0.5046147863641243,1845,41,45,634,226,camera_sign_turn_right
50.63960869699986,97802000000,True,True,212,camera_sign_turn_right,turn_right_sign,right,0.5099634738453801,1845,41,45,635,226,camera_sign_turn_right
50.67582200600009,97802000000,True,True,213,camera_sign_turn_right,turn_right_sign,right,0.4949986159860543,1980,44,45,635,226,camera_sign_turn_right
50.71445229100027,97903000000,True,True,214,camera_sign_turn_right,turn_right_sign,right,0.501521761875253,1980,44,45,636,226,camera_sign_turn_right
50.77169712799969,97903000000,True,True,215,camera_sign_turn_right,turn_right_sign,right,0.5149721359896718,1845,41,45,637,226,camera_sign_turn_right
50.777597113999946,97903000000,True,True,216,camera_sign_turn_right,turn_right_sign,right,0.4927166272602935,2112,44,48,637,226,camera_sign_turn_right
50.816038869000295,98003000000,True,True,217,camera_sign_turn_right,turn_right_sign,right,0.49496478866770843,2112,44,48,638,226,camera_sign_turn_right
50.850606619000246,98003000000,True,True,218,camera_sign_turn_right,turn_right_sign,right,0.49661451589416433,2112,44,48,639,226,camera_sign_turn_right
50.9092372060004,98105000000,True,True,219,camera_sign_turn_right,turn_right_sign,right,0.4965438461867871,2112,44,48,640,226,camera_sign_turn_right
50.915673600000446,98105000000,True,True,220,camera_sign_turn_right,turn_right_sign,right,0.4930050318773866,2160,45,48,641,226,camera_sign_turn_right
50.939679729999625,98105000000,True,True,221,camera_sign_turn_right,turn_right_sign,right,0.4929290522556695,2160,45,48,642,225,camera_sign_turn_right
51.00590894800007,98105000000,True,True,222,camera_sign_turn_right,turn_right_sign,right,0.4932035682216603,2205,45,49,643,225,camera_sign_turn_right
51.05022343899964,98204000000,True,True,223,camera_sign_turn_right,turn_right_sign,right,0.49796688267812433,2205,45,49,644,225,camera_sign_turn_right
51.0607535500003,98204000000,True,True,224,camera_sign_turn_right,turn_right_sign,right,0.48848070331232724,2352,48,49,645,225,camera_sign_turn_right
51.08563400100047,98204000000,True,True,225,camera_sign_turn_right,turn_right_sign,right,0.4899477352633192,2352,48,49,646,225,camera_sign_turn_right
51.127194188999965,98304000000,True,True,226,camera_sign_turn_right,turn_right_sign,right,0.4903840850861424,2352,48,49,647,225,camera_sign_turn_right
51.17400127699966,98304000000,True,True,227,camera_sign_turn_right,turn_right_sign,right,0.4893291304476902,2400,48,50,649,225,camera_sign_turn_right
51.18022429800021,98304000000,True,True,228,camera_sign_turn_right,turn_right_sign,right,0.4976528501569282,2400,48,50,650,225,camera_sign_turn_right
51.22539036699982,98408000000,True,True,229,camera_sign_turn_right,turn_right_sign,right,0.49752149672445606,2400,48,50,651,225,camera_sign_turn_right
51.23889418100043,98408000000,True,True,230,camera_sign_turn_right,turn_right_sign,right,0.496373027967923,2400,48,50,652,225,camera_sign_turn_right
51.28978819799977,98408000000,True,True,231,camera_sign_turn_right,turn_right_sign,right,0.49636933683111517,2450,49,50,654,225,camera_sign_turn_right
51.3182022179999,98506000000,True,True,232,camera_sign_turn_right,turn_right_sign,right,0.4906601270498203,2597,49,53,655,224,camera_sign_turn_right
51.349194313000226,98506000000,True,True,233,camera_sign_turn_right,turn_right_sign,right,0.49183388586610444,2597,49,53,656,224,camera_sign_turn_right
51.38394358300047,98506000000,True,True,234,camera_sign_turn_right,turn_right_sign,right,0.49752680403165617,2597,49,53,658,224,camera_sign_turn_right
51.438891308000166,98605000000,True,True,235,camera_sign_turn_right,turn_right_sign,right,0.49679814862598803,2597,49,53,659,224,camera_sign_turn_right
51.44493652700021,98605000000,True,True,236,camera_sign_turn_right,turn_right_sign,right,0.4950305149962957,2650,50,53,660,224,camera_sign_turn_right
51.4850085500002,98605000000,True,True,237,camera_sign_turn_right,turn_right_sign,right,0.49004202424086485,2700,50,54,662,224,camera_sign_turn_right
51.54098090400021,98706000000,True,True,238,camera_sign_turn_right,turn_right_sign,right,0.500997274808825,2650,50,53,663,224,camera_sign_turn_right
51.561787026000275,98706000000,True,True,239,camera_sign_turn_right,turn_right_sign,right,0.4898295635486056,2809,53,53,665,223,camera_sign_turn_right
51.58325452099962,98706000000,True,True,240,camera_sign_turn_right,turn_right_sign,right,0.48834836845052837,2809,53,53,666,223,camera_sign_turn_right
51.63781750100043,98806000000,True,True,241,camera_sign_turn_right,turn_right_sign,right,0.49401909159720037,2862,53,54,668,223,camera_sign_turn_right
51.64932675199998,98806000000,True,True,242,camera_sign_turn_right,turn_right_sign,right,0.49097762675060896,2862,53,54,669,223,camera_sign_turn_right
51.68431629600036,98806000000,True,True,243,camera_sign_turn_right,turn_right_sign,right,0.496251269680367,2862,53,54,671,223,camera_sign_turn_right
51.72866617700038,98905000000,True,True,244,camera_sign_turn_right,turn_right_sign,right,0.4929552487866304,2916,54,54,672,223,camera_sign_turn_right
51.772127770000225,98905000000,True,True,245,camera_sign_turn_right,turn_right_sign,right,0.4986478335896727,2970,54,55,674,222,camera_sign_turn_right
51.77800805300012,98905000000,True,True,246,camera_sign_turn_right,turn_right_sign,right,0.49401846272183775,3025,55,55,676,222,camera_sign_turn_right
51.818354559,99005000000,True,True,247,camera_sign_turn_right,turn_right_sign,right,0.49962997836370965,2970,54,55,677,222,camera_sign_turn_right
51.84289597000043,99005000000,True,True,248,camera_sign_turn_right,turn_right_sign,right,0.4940721678459258,3025,55,55,679,222,camera_sign_turn_right
51.90149777900024,99005000000,True,True,249,camera_sign_turn_right,turn_right_sign,right,0.49473302753428056,3190,55,58,681,222,camera_sign_turn_right
51.92257889099983,99104000000,True,True,250,camera_sign_turn_right,turn_right_sign,right,0.4844450491045334,3364,58,58,682,222,camera_sign_turn_right
51.9701635399997,99104000000,True,True,251,camera_sign_turn_right,turn_right_sign,right,0.4874739085499413,3364,58,58,684,222,camera_sign_turn_right
51.99932864699986,99104000000,True,True,252,camera_sign_turn_right,turn_right_sign,right,0.48939838668800323,3422,58,59,686,221,camera_sign_turn_right
52.01895848700042,99207000000,True,True,253,camera_sign_turn_right,turn_right_sign,right,0.4910023172201519,3422,58,59,688,221,camera_sign_turn_right
52.062785361999886,99207000000,True,True,254,camera_sign_turn_right,turn_right_sign,right,0.4927353077517083,3481,59,59,690,221,camera_sign_turn_right
52.09641926400036,99207000000,True,True,255,camera_sign_turn_right,turn_right_sign,right,0.4937657084497198,3540,59,60,692,221,camera_sign_turn_right
52.12086222200014,99307000000,True,True,256,camera_sign_turn_right,turn_right_sign,right,0.4948942122291578,3540,59,60,695,221,camera_sign_turn_right
52.15360126399992,99307000000,True,True,257,camera_sign_turn_right,turn_right_sign,right,0.49451869607320126,3600,60,60,697,221,camera_sign_turn_right
52.194234693,99307000000,True,True,258,camera_sign_turn_right,turn_right_sign,right,0.4902734483926981,3780,60,63,699,220,camera_sign_turn_right
52.22003072300049,99407000000,True,True,259,camera_sign_turn_right,turn_right_sign,right,0.48200129611322395,3969,63,63,702,220,camera_sign_turn_right
52.25297644800048,99407000000,True,True,260,camera_sign_turn_right,turn_right_sign,right,0.48693201503825484,3969,63,63,705,220,camera_sign_turn_right
52.28447884599973,99407000000,True,True,261,camera_sign_turn_right,turn_right_sign,right,0.48661042707534885,4096,64,64,707,219,camera_sign_turn_right
52.31881447700016,99507000000,True,True,262,camera_sign_turn_right,turn_right_sign,right,0.48049706547287635,4225,65,65,710,220,camera_sign_turn_right
52.35379627200018,99507000000,True,True,263,camera_sign_turn_right,turn_right_sign,right,0.4805640370073202,4420,65,68,713,219,camera_sign_turn_right
52.38859869299995,99507000000,True,True,264,camera_sign_turn_right,turn_right_sign,right,0.4725683316927472,4624,68,68,715,219,camera_sign_turn_right
52.40911988500011,99507000000,True,True,265,camera_sign_turn_right,turn_right_sign,right,0.47549314866487674,4692,68,69,718,219,camera_sign_turn_right
52.463630610999644,99608000000,True,True,266,camera_sign_turn_right,turn_right_sign,right,0.477296886575395,4692,68,69,721,218,camera_sign_turn_right
52.48675081900001,99608000000,True,True,267,camera_sign_turn_right,turn_right_sign,right,0.4740975703510169,4761,69,69,724,218,camera_sign_turn_right
52.51751916299963,99709000000,True,True,268,camera_sign_turn_right,turn_right_sign,right,0.47583599988016534,4830,69,70,727,218,camera_sign_turn_right
52.57569388600041,99709000000,True,True,269,camera_sign_turn_right,turn_right_sign,right,0.4758499937156277,4900,70,70,730,218,camera_sign_turn_right
52.58308849700006,99709000000,True,True,270,camera_sign_turn_right,turn_right_sign,right,0.47611598238028946,5110,70,73,734,217,camera_sign_turn_right
52.61877900000036,99807000000,True,True,271,camera_sign_turn_right,turn_right_sign,right,0.4702949831839064,5329,73,73,737,217,camera_sign_turn_right
52.69918805799989,99807000000,True,True,272,camera_sign_turn_right,turn_right_sign,right,0.4727596001399805,5402,73,74,740,217,camera_sign_turn_right
52.70630526599962,99807000000,True,False,1,camera_sign_turn_left,turn_left_sign,left,0.47376819590685176,5476,74,74,743,217,camera_sign_turn_right
52.713109170999815,99807000000,True,False,1,camera_sign_turn_right,turn_right_sign,right,0.4738973319855512,5625,75,75,747,216,camera_sign_turn_right
52.74594558799981,99906000000,True,False,1,camera_sign_turn_left,turn_left_sign,left,0.4662141723164875,6084,78,78,750,216,camera_sign_turn_right
52.80138182900009,99906000000,True,True,2,camera_sign_turn_left,turn_left_sign,left,0.4683987659366658,6162,78,79,754,216,camera_sign_turn_left
52.84684077899965,100009000000,True,True,3,camera_sign_turn_left,turn_left_sign,left,0.4694586862100489,6320,79,80,757,216,camera_sign_turn_left
52.87934140499965,100009000000,True,True,4,camera_sign_turn_left,turn_left_sign,left,0.4692096071974639,6640,83,80,764,216,camera_sign_turn_left
52.88832306400036,100009000000,True,True,5,camera_sign_turn_left,turn_left_sign,left,0.46879971485943633,7056,84,84,772,215,camera_sign_turn_left
52.924069446999965,100109000000,True,True,6,camera_sign_turn_left,turn_left_sign,left,0.4710651908718232,7225,85,85,779,215,camera_sign_turn_left
52.976861547000226,100109000000,True,True,7,camera_sign_turn_left,turn_left_sign,left,0.4697657060663242,7832,89,88,788,214,camera_sign_turn_left
52.98471200299991,100109000000,True,True,8,camera_sign_turn_left,turn_left_sign,left,0.4728717627481356,8010,90,89,796,214,camera_sign_turn_left
53.05284821999976,100212000000,True,True,9,camera_sign_turn_left,turn_left_sign,left,0.47428666739860464,8460,94,90,805,213,camera_sign_turn_left
53.06305944700034,100212000000,True,True,10,camera_sign_turn_left,turn_left_sign,left,0.4729553074752274,9114,98,93,814,213,camera_sign_turn_left
53.07338178200007,100212000000,True,True,11,camera_sign_turn_left,turn_left_sign,left,0.4778205837068987,9306,99,94,822,212,camera_sign_turn_left
53.10883394499979,100212000000,True,True,12,camera_sign_turn_left,turn_left_sign,left,0.4733375610684977,10094,103,98,831,212,camera_sign_turn_left
53.175593705999745,100314000000,True,True,13,camera_sign_turn_left,turn_left_sign,left,0.47404861620887623,10692,108,99,840,211,camera_sign_turn_left
53.18710923399976,100314000000,True,True,14,camera_sign_turn_left,turn_left_sign,left,0.4773515361026279,11000,110,100,849,211,camera_sign_turn_left
53.20510072599973,100314000000,True,True,15,camera_sign_turn_left,turn_left_sign,left,0.4759790941456022,11742,114,103,857,210,camera_sign_turn_left
53.266878639000424,100414000000,True,True,16,camera_sign_turn_left,turn_left_sign,left,0.4761319930265374,12390,118,105,866,209,camera_sign_turn_left
53.291238583999984,100414000000,True,True,17,camera_sign_turn_left,turn_left_sign,left,0.47730209157725545,12960,120,108,875,209,camera_sign_turn_left
53.3432196800004,100510000000,True,True,18,camera_sign_turn_left,turn_left_sign,left,0.47643620553493243,13640,124,110,884,208,camera_sign_turn_left
53.350879061999876,100510000000,True,True,19,camera_sign_turn_left,turn_left_sign,left,0.4768103873232785,14464,128,113,893,208,camera_sign_turn_left
53.3891522949998,100510000000,True,True,20,camera_sign_turn_left,turn_left_sign,left,0.4832678952673992,13908,122,114,902,207,camera_sign_turn_left
53.421209981000175,100611000000,True,True,21,camera_sign_turn_left,turn_left_sign,left,0.4865339835757729,13570,115,118,912,207,camera_sign_turn_left
53.454411058000005,100611000000,True,True,22,camera_sign_turn_left,turn_left_sign,left,0.47911078550317504,12720,106,120,920,207,camera_sign_turn_left
53.47655551299977,100611000000,True,True,23,camera_sign_turn_left,turn_left_sign,left,0.4831438029415778,11780,95,124,925,207,camera_sign_turn_left
53.50948855000024,100611000000,True,True,24,camera_sign_turn_left,turn_left_sign,left,0.48098209986741275,10541,83,127,931,208,camera_sign_turn_left
53.55558237300011,100712000000,True,True,25,camera_sign_turn_left,turn_left_sign,left,0.48620764001800687,9017,71,127,936,209,camera_sign_turn_left
53.59913177300041,100712000000,True,True,26,camera_sign_turn_left,turn_left_sign,left,0.4889024114533895,7440,60,124,939,209,camera_sign_turn_left
53.62032664799972,100813000000,True,True,27,camera_sign_turn_left,turn_left_sign,left,0.49031729651321043,5712,48,119,943,210,camera_sign_turn_left
53.65433398000005,100813000000,True,False,1,camera_sign_turn_right,turn_right_sign,right,0.5032404101360676,3960,36,110,947,211,camera_sign_turn_left
53.68896558600045,100813000000,True,True,2,camera_sign_turn_right,turn_right_sign,right,0.5124298244676563,2475,25,99,952,214,camera_sign_turn_left
53.73638011900039,100913000000,True,True,3,camera_sign_turn_right,turn_right_sign,right,0.49206601566666847,1110,15,74,955,216,camera_sign_turn_left
53.74341376200027,100913000000,True,True,3,camera_sign_turn_right,turn_right_sign,right,0.49206601566666847,1110,15,74,955,216,camera_sign_turn_left
53.785961331999715,100913000000,True,True,3,camera_sign_turn_right,turn_right_sign,right,0.49206601566666847,1110,15,74,955,216,camera_sign_turn_left
53.82294873899991,101012000000,True,True,4,camera_sign_turn_right,turn_right_sign,right,0.329184948431423,697,17,41,308,262,camera_sign_turn_left
53.868596823999724,101012000000,True,True,4,camera_sign_turn_right,turn_right_sign,right,0.329184948431423,697,17,41,308,262,camera_sign_turn_left
53.87820876400019,101012000000,True,True,4,camera_sign_turn_right,turn_right_sign,right,0.329184948431423,697,17,41,308,262,camera_sign_turn_left
53.91942317200028,101012000000,True,True,4,camera_sign_turn_right,turn_right_sign,right,0.329184948431423,697,17,41,308,262,camera_sign_turn_left
53.96745080300025,101116000000,True,True,4,camera_sign_turn_right,turn_right_sign,right,0.329184948431423,697,17,41,308,262,camera_sign_turn_left
54.00299544100017,101116000000,True,True,4,camera_sign_turn_right,turn_right_sign,right,0.329184948431423,697,17,41,308,262,camera_sign_turn_left
54.026392402000056,101216000000,True,True,4,camera_sign_turn_right,turn_right_sign,right,0.329184948431423,697,17,41,308,262,camera_sign_turn_left
54.04307017500014,101216000000,True,True,4,camera_sign_turn_right,turn_right_sign,right,0.329184948431423,697,17,41,308,262,camera_sign_turn_left
54.089262684999994,101216000000,True,True,4,camera_sign_turn_right,turn_right_sign,right,0.329184948431423,697,17,41,308,262,camera_sign_turn_left
54.12080508100007,101216000000,True,True,4,camera_sign_turn_right,turn_right_sign,right,0.329184948431423,697,17,41,308,262,camera_sign_turn_left
54.14483822700004,101315000000,True,True,4,camera_sign_turn_right,turn_right_sign,right,0.329184948431423,697,17,41,308,262,camera_sign_turn_left
54.20057002199974,101315000000,True,True,4,camera_sign_turn_right,turn_right_sign,right,0.329184948431423,697,17,41,308,262,camera_sign_turn_left
54.221569582000484,101315000000,True,True,4,camera_sign_turn_right,turn_right_sign,right,0.329184948431423,697,17,41,308,262,camera_sign_turn_left
54.25517702799971,101417000000,True,True,4,camera_sign_turn_right,turn_right_sign,right,0.329184948431423,697,17,41,308,262,camera_sign_turn_left
54.28251154999998,101417000000,True,True,4,camera_sign_turn_right,turn_right_sign,right,0.329184948431423,697,17,41,308,262,camera_sign_turn_left
54.33760471400001,101514000000,False,False,0,,,,0.0,0,0,0,0,0,camera_sign_turn_left
54.358097889999954,101514000000,False,False,0,,,,0.0,0,0,0,0,0,camera_sign_turn_left
54.37955097699978,101514000000,False,False,0,,,,0.0,0,0,0,0,0,camera_sign_turn_left
54.42246758900001,101514000000,False,False,0,,,,0.0,0,0,0,0,0,camera_sign_turn_left
54.46932377600024,101617000000,False,False,0,,,,0.0,0,0,0,0,0,camera_sign_turn_left
54.48872235199997,101617000000,False,False,0,,,,0.0,0,0,0,0,0,camera_sign_turn_left
54.50859279700035,101617000000,False,False,0,,,,0.0,0,0,0,0,0,camera_sign_turn_left
54.54281631200047,101720000000,False,False,0,,,,0.0,0,0,0,0,0,camera_sign_turn_left
54.583619645,101720000000,False,False,0,,,,0.0,0,0,0,0,0,camera_sign_turn_left
54.60641026600024,101720000000,False,False,0,,,,0.0,0,0,0,0,0,camera_sign_turn_left
54.66709943600017,101822000000,False,False,0,,,,0.0,0,0,0,0,0,camera_sign_turn_left
54.68731397400006,101822000000,False,False,0,,,,0.0,0,0,0,0,0,camera_sign_turn_left
54.71673147999991,101822000000,False,False,0,,,,0.0,0,0,0,0,0,camera_sign_turn_left
54.76463431600041,101922000000,False,False,0,,,,0.0,0,0,0,0,0,camera_sign_turn_left
54.78464933699979,101922000000,False,False,0,,,,0.0,0,0,0,0,0,camera_sign_turn_left
54.84138634299961,102020000000,False,False,0,,,,0.0,0,0,0,0,0,camera_sign_turn_left
54.864418584000305,102020000000,False,False,0,,,,0.0,0,0,0,0,0,camera_sign_turn_left
54.87731591099964,102020000000,False,False,0,,,,0.0,0,0,0,0,0,camera_sign_turn_left
54.935539547999724,102117000000,False,False,0,,,,0.0,0,0,0,0,0,camera_sign_turn_left
54.98495881600047,102117000000,False,False,0,,,,0.0,0,0,0,0,0,camera_sign_turn_left
54.99437238700011,102117000000,False,False,0,,,,0.0,0,0,0,0,0,camera_sign_turn_left
55.03989413399995,102217000000,False,False,0,,,,0.0,0,0,0,0,0,camera_sign_turn_left
55.06286381300015,102217000000,False,False,0,,,,0.0,0,0,0,0,0,camera_sign_turn_left
55.096765100000084,102217000000,False,False,0,,,,0.0,0,0,0,0,0,camera_sign_turn_left
55.13669515099991,102319000000,False,False,0,,,,0.0,0,0,0,0,0,camera_sign_turn_left
55.16217780500028,102319000000,False,False,0,,,,0.0,0,0,0,0,0,camera_sign_turn_left
55.18013920300018,102319000000,False,False,0,,,,0.0,0,0,0,0,0,camera_sign_turn_left
55.22424742899966,102319000000,False,False,0,,,,0.0,0,0,0,0,0,camera_sign_turn_left
55.27018792099989,102420000000,False,False,0,,,,0.0,0,0,0,0,0,camera_sign_turn_left
55.29186537199985,102420000000,False,False,0,,,,0.0,0,0,0,0,0,camera_sign_turn_left
55.32378321000033,102420000000,False,False,0,,,,0.0,0,0,0,0,0,camera_sign_turn_left
55.3486020979999,102520000000,False,False,0,,,,0.0,0,0,0,0,0,camera_sign_turn_left
55.402255119000074,102520000000,False,False,0,,,,0.0,0,0,0,0,0,camera_sign_turn_left
55.42339223700037,102520000000,False,False,0,,,,0.0,0,0,0,0,0,camera_sign_turn_left
55.44373046100009,102623000000,False,False,0,,,,0.0,0,0,0,0,0,camera_sign_turn_left
55.49047752200022,102623000000,False,False,0,,,,0.0,0,0,0,0,0,camera_sign_turn_left
55.524088455999845,102623000000,False,False,0,,,,0.0,0,0,0,0,0,camera_sign_turn_left
55.55477553000037,102722000000,False,False,0,,,,0.0,0,0,0,0,0,camera_sign_turn_left
55.576837081999656,102722000000,False,False,0,,,,0.0,0,0,0,0,0,camera_sign_turn_left
55.61013167800047,102722000000,False,False,0,,,,0.0,0,0,0,0,0,camera_sign_turn_left
55.66522159000033,102822000000,False,False,0,,,,0.0,0,0,0,0,0,camera_sign_turn_left
55.678640289000214,102822000000,True,False,1,camera_sign_turn_right,turn_right_sign,right,0.5249045997734044,1040,40,26,33,231,camera_sign_turn_left
55.71327685800043,102822000000,True,True,2,camera_sign_turn_right,turn_right_sign,right,0.5128175823945933,806,31,26,90,232,camera_sign_turn_left
55.761311836999994,102923000000,True,True,2,camera_sign_turn_right,turn_right_sign,right,0.5128175823945933,806,31,26,90,232,camera_sign_turn_left
55.81408462099989,102923000000,True,True,2,camera_sign_turn_right,turn_right_sign,right,0.5128175823945933,806,31,26,90,232,camera_sign_turn_left
55.81972085400048,102923000000,True,True,2,camera_sign_turn_right,turn_right_sign,right,0.5128175823945933,806,31,26,90,232,camera_sign_turn_left
55.84529390300031,103023000000,True,True,2,camera_sign_turn_right,turn_right_sign,right,0.5128175823945933,806,31,26,90,232,camera_sign_turn_left
55.91405423499964,103023000000,True,True,2,camera_sign_turn_right,turn_right_sign,right,0.5128175823945933,806,31,26,90,232,camera_sign_turn_left
55.921686159000274,103023000000,True,True,2,camera_sign_turn_right,turn_right_sign,right,0.5128175823945933,806,31,26,90,232,camera_sign_turn_left
55.95831510199969,103122000000,True,True,2,camera_sign_turn_right,turn_right_sign,right,0.5128175823945933,806,31,26,90,232,camera_sign_turn_left
55.99389148299997,103122000000,True,True,2,camera_sign_turn_right,turn_right_sign,right,0.5128175823945933,806,31,26,90,232,camera_sign_turn_left
56.01570024499961,103122000000,True,True,2,camera_sign_turn_right,turn_right_sign,right,0.5128175823945933,806,31,26,90,232,camera_sign_turn_left
56.07049359499979,103221000000,True,True,2,camera_sign_turn_right,turn_right_sign,right,0.5128175823945933,806,31,26,90,232,camera_sign_turn_left
56.09325303599962,103221000000,True,True,2,camera_sign_turn_right,turn_right_sign,right,0.5128175823945933,806,31,26,90,232,camera_sign_turn_left
56.14229023700045,103324000000,False,False,0,,,,0.0,0,0,0,0,0,camera_sign_turn_left
56.1586665599998,103324000000,False,False,0,,,,0.0,0,0,0,0,0,camera_sign_turn_left
56.20233001900033,103324000000,False,False,0,,,,0.0,0,0,0,0,0,camera_sign_turn_left
56.23617481600013,103424000000,False,False,0,,,,0.0,0,0,0,0,0,camera_sign_turn_left
56.26115789200048,103424000000,False,False,0,,,,0.0,0,0,0,0,0,camera_sign_turn_left
56.28063336200012,103424000000,False,False,0,,,,0.0,0,0,0,0,0,camera_sign_turn_left
56.321163669999805,103424000000,False,False,0,,,,0.0,0,0,0,0,0,camera_sign_turn_left
56.34796253599961,103524000000,False,False,0,,,,0.0,0,0,0,0,0,camera_sign_turn_left
56.40358859800017,103524000000,False,False,0,,,,0.0,0,0,0,0,0,camera_sign_turn_left
56.431864647999646,103524000000,False,False,0,,,,0.0,0,0,0,0,0,camera_sign_turn_left
56.46869755100033,103625000000,False,False,0,,,,0.0,0,0,0,0,0,camera_sign_turn_left
56.50134034199982,103625000000,False,False,0,,,,0.0,0,0,0,0,0,camera_sign_turn_left
56.519374817000426,103625000000,False,False,0,,,,0.0,0,0,0,0,0,camera_sign_turn_left
56.56609499499973,103728000000,False,False,0,,,,0.0,0,0,0,0,0,camera_sign_turn_left
56.578721324999606,103728000000,False,False,0,,,,0.0,0,0,0,0,0,camera_sign_turn_left
56.64571289200012,103822000000,False,False,0,,,,0.0,0,0,0,0,0,camera_sign_turn_left
56.65693809200002,103822000000,False,False,0,,,,0.0,0,0,0,0,0,camera_sign_turn_left
56.69508413099993,103822000000,False,False,0,,,,0.0,0,0,0,0,0,camera_sign_turn_left
56.725470610999764,103822000000,False,False,0,,,,0.0,0,0,0,0,0,camera_sign_turn_left
56.764037810000445,103924000000,False,False,0,,,,0.0,0,0,0,0,0,camera_sign_turn_left
56.78498523200051,103924000000,True,False,1,camera_sign_turn_left,turn_left_sign,left,0.3406229704769162,850,17,50,627,262,camera_sign_turn_left
56.84126658900004,104022000000,True,False,1,camera_sign_turn_left,turn_left_sign,left,0.3406229704769162,850,17,50,627,262,camera_sign_turn_left
56.86577767600011,104022000000,True,False,1,camera_sign_turn_left,turn_left_sign,left,0.3406229704769162,850,17,50,627,262,camera_sign_turn_left
56.895386928000335,104022000000,True,False,1,camera_sign_turn_left,turn_left_sign,left,0.3406229704769162,850,17,50,627,262,camera_sign_turn_left
56.937885352000194,104126000000,True,False,1,camera_sign_turn_left,turn_left_sign,left,0.3406229704769162,850,17,50,627,262,camera_sign_turn_left
56.95020456099974,104126000000,True,False,1,camera_sign_turn_left,turn_left_sign,left,0.3406229704769162,850,17,50,627,262,camera_sign_turn_left
57.015475209000215,104126000000,True,False,1,camera_sign_turn_left,turn_left_sign,left,0.3406229704769162,850,17,50,627,262,camera_sign_turn_left
57.0231442080003,104126000000,True,False,1,camera_sign_turn_left,turn_left_sign,left,0.3406229704769162,850,17,50,627,262,camera_sign_turn_left
57.04619411400017,104228000000,True,False,1,camera_sign_turn_left,turn_left_sign,left,0.3406229704769162,850,17,50,627,262,camera_sign_turn_left
57.10359638200043,104228000000,True,False,1,camera_sign_turn_left,turn_left_sign,left,0.3406229704769162,850,17,50,627,262,camera_sign_turn_left
57.124278518999745,104228000000,True,False,1,camera_sign_turn_left,turn_left_sign,left,0.3406229704769162,850,17,50,627,262,camera_sign_turn_left
57.17048711000007,104328000000,True,False,1,camera_sign_turn_left,turn_left_sign,left,0.3406229704769162,850,17,50,627,262,camera_sign_turn_left
57.195342854000046,104328000000,True,False,1,camera_sign_turn_left,turn_left_sign,left,0.3406229704769162,850,17,50,627,262,camera_sign_turn_left
57.22760209199987,104328000000,True,False,1,camera_sign_turn_left,turn_left_sign,left,0.3406229704769162,850,17,50,627,262,camera_sign_turn_left
57.27089435000016,104427000000,False,False,0,,,,0.0,0,0,0,0,0,camera_sign_turn_left
57.30712021399995,104427000000,False,False,0,,,,0.0,0,0,0,0,0,camera_sign_turn_left
57.343465726999966,104526000000,False,False,0,,,,0.0,0,0,0,0,0,camera_sign_turn_left
57.35150729199995,104526000000,False,False,0,,,,0.0,0,0,0,0,0,camera_sign_turn_left
57.40449256700049,104526000000,False,False,0,,,,0.0,0,0,0,0,0,camera_sign_turn_left
57.426321717000064,104526000000,False,False,0,,,,0.0,0,0,0,0,0,camera_sign_turn_left
57.45916155800023,104628000000,False,False,0,,,,0.0,0,0,0,0,0,camera_sign_turn_left
57.5060146349997,104628000000,True,False,1,camera_sign_speed_limit,speed_limit_sign,,0.3933659405269299,1054,34,31,667,204,camera_sign_turn_left
57.5251439120002,104628000000,True,True,2,camera_sign_speed_limit,speed_limit_sign,,0.38825714463025907,1271,41,31,670,203,camera_sign_turn_left
57.56815682999968,104733000000,True,True,3,camera_sign_speed_limit,speed_limit_sign,,0.4085780765784142,1394,41,34,670,203,camera_sign_turn_left
57.589641831000336,104733000000,True,True,4,camera_sign_speed_limit,speed_limit_sign,,0.41062026944253216,1394,41,34,670,203,camera_sign_turn_left
57.62148821000028,104733000000,True,True,5,camera_sign_speed_limit,speed_limit_sign,,0.3835262118393661,1271,41,31,670,203,camera_sign_turn_left
57.65591381900049,104833000000,True,True,6,camera_sign_speed_limit,speed_limit_sign,,0.3821693360607069,1271,41,31,670,203,camera_sign_turn_left
57.69314431699968,104833000000,True,True,7,camera_sign_speed_limit,speed_limit_sign,,0.4120549938095939,1394,41,34,670,203,camera_sign_turn_left
57.72400716300035,104833000000,True,True,8,camera_sign_speed_limit,speed_limit_sign,,0.4049178761036234,1394,41,34,670,203,camera_sign_turn_left
57.76103403199977,104931000000,True,True,9,camera_sign_speed_limit,speed_limit_sign,,0.415796951568142,1540,44,35,669,202,camera_sign_turn_left
57.794699793999825,104931000000,True,True,10,camera_sign_speed_limit,speed_limit_sign,,0.40989377506217406,1540,44,35,669,202,camera_sign_turn_left
57.82507158499993,104931000000,True,True,11,camera_sign_speed_limit,speed_limit_sign,,0.3987005699097923,1364,44,31,669,202,camera_sign_turn_left
57.8608030180003,105030000000,True,True,12,camera_sign_speed_limit,speed_limit_sign,,0.37616654759297163,1271,41,31,669,202,camera_sign_turn_left
57.89458389900028,105030000000,True,True,13,camera_sign_speed_limit,speed_limit_sign,,0.37248033812671905,1271,41,31,669,202,camera_sign_turn_left
57.93717132100028,105030000000,True,True,14,camera_sign_speed_limit,speed_limit_sign,,0.4063952017628019,1394,41,34,669,202,camera_sign_turn_left
57.96083197799999,105131000000,True,True,15,camera_sign_speed_limit,speed_limit_sign,,0.4038636619422379,1496,44,34,669,202,camera_sign_turn_left
57.99364502000026,105131000000,True,True,16,camera_sign_speed_limit,speed_limit_sign,,0.4108820035038099,1540,44,35,669,201,camera_sign_turn_left
58.02500702599991,105131000000,True,True,17,camera_sign_speed_limit,speed_limit_sign,,0.40386589334186673,1496,44,34,669,201,camera_sign_turn_left
58.08382649899977,105232000000,True,True,18,camera_sign_speed_limit,speed_limit_sign,,0.40337138804880746,1496,44,34,670,201,camera_sign_turn_left
58.09205791699969,105232000000,True,True,19,camera_sign_speed_limit,speed_limit_sign,,0.40105727088661924,1435,41,35,670,201,camera_sign_turn_left
58.1164249909998,105232000000,True,True,20,camera_sign_speed_limit,speed_limit_sign,,0.4049327113638368,1540,44,35,670,201,camera_sign_turn_left
58.152449930999865,105332000000,True,True,21,camera_sign_speed_limit,speed_limit_sign,,0.4113724068907775,1540,44,35,670,200,camera_sign_turn_left
58.181132753000384,105332000000,True,True,22,camera_sign_speed_limit,speed_limit_sign,,0.4082581777315418,1496,44,34,671,201,camera_sign_turn_left
58.225602819000414,105332000000,True,True,23,camera_sign_speed_limit,speed_limit_sign,,0.405663985207126,1496,44,34,671,200,camera_sign_turn_left
58.26092585599963,105432000000,True,True,24,camera_sign_speed_limit,speed_limit_sign,,0.4051995946834027,1575,45,35,672,200,camera_sign_turn_left
58.28426628099987,105432000000,True,True,25,camera_sign_speed_limit,speed_limit_sign,,0.41092552954447403,1584,44,36,672,200,camera_sign_turn_left
58.32559427999968,105432000000,True,True,26,camera_sign_speed_limit,speed_limit_sign,,0.39884484065938386,1540,44,35,673,200,camera_sign_turn_left
58.360887646000265,105533000000,True,True,27,camera_sign_speed_limit,speed_limit_sign,,0.4049311007116138,1620,45,36,674,199,camera_sign_turn_left
58.3951367059999,105533000000,True,True,28,camera_sign_speed_limit,speed_limit_sign,,0.4151398727083233,1620,45,36,675,199,camera_sign_turn_left
58.43039691099966,105533000000,True,True,29,camera_sign_speed_limit,speed_limit_sign,,0.40472972707192867,1575,45,35,675,199,camera_sign_turn_left
58.46337412899993,105632000000,True,True,30,camera_sign_speed_limit,speed_limit_sign,,0.4147225148581003,1620,45,36,677,199,camera_sign_turn_left
58.51730522700018,105632000000,True,True,31,camera_sign_speed_limit,speed_limit_sign,,0.4021121850995527,1728,48,36,677,199,camera_sign_turn_left
58.539331365999715,105632000000,True,True,32,camera_sign_speed_limit,speed_limit_sign,,0.4025227615290556,1728,48,36,678,198,camera_sign_turn_left
58.548432665999826,105736000000,True,True,33,camera_sign_speed_limit,speed_limit_sign,,0.40970569395383793,1715,49,35,680,198,camera_sign_turn_left
58.60676803699971,105736000000,True,True,34,camera_sign_speed_limit,speed_limit_sign,,0.4217987432044871,1911,49,39,681,197,camera_sign_turn_left
58.62916843000039,105736000000,True,True,35,camera_sign_speed_limit,speed_limit_sign,,0.40589326484390553,1728,48,36,682,197,camera_sign_turn_left
58.674249978999796,105834000000,True,True,36,camera_sign_speed_limit,speed_limit_sign,,0.4181121482757366,1911,49,39,683,197,camera_sign_turn_left
58.695961598000395,105834000000,True,True,37,camera_sign_speed_limit,speed_limit_sign,,0.4181184324556728,1960,49,40,685,197,camera_sign_turn_left
58.7157032289997,105834000000,True,True,38,camera_sign_speed_limit,speed_limit_sign,,0.40685366857428285,1800,50,36,686,196,camera_sign_turn_left
58.763631044999784,105934000000,True,True,39,camera_sign_speed_limit,speed_limit_sign,,0.42101575932668533,2000,50,40,688,196,camera_sign_turn_left
58.807918880000216,105934000000,True,True,40,camera_sign_speed_limit,speed_limit_sign,,0.4052790992755606,1950,50,39,689,196,camera_sign_turn_left
58.81901386299978,105934000000,True,True,41,camera_sign_speed_limit,speed_limit_sign,,0.40711295030659944,2000,50,40,691,195,camera_sign_turn_left
58.86252031599997,106035000000,True,True,42,camera_sign_speed_limit,speed_limit_sign,,0.4124119783580015,2067,53,39,693,195,camera_sign_turn_left
58.886000227000295,106035000000,True,True,43,camera_sign_speed_limit,speed_limit_sign,,0.4143574837927333,2120,53,40,695,195,camera_sign_turn_left
58.93040390199985,106035000000,True,True,44,camera_sign_speed_limit,speed_limit_sign,,0.41538456490755193,2120,53,40,696,194,camera_sign_turn_left
58.95436983899981,106134000000,True,True,45,camera_sign_speed_limit,speed_limit_sign,,0.4130652512566802,2214,54,41,698,194,camera_sign_turn_left
58.99598364400026,106134000000,True,True,46,camera_sign_speed_limit,speed_limit_sign,,0.41382707469122515,2160,54,40,700,193,camera_sign_turn_left
59.01843062300031,106134000000,True,True,47,camera_sign_speed_limit,speed_limit_sign,,0.41178103207126393,2214,54,41,702,193,camera_sign_turn_left
59.075625784000295,106236000000,True,True,48,camera_sign_speed_limit,speed_limit_sign,,0.4100544789093119,2255,55,41,704,193,camera_sign_turn_left
59.11791326399998,106236000000,True,True,49,camera_sign_speed_limit,speed_limit_sign,,0.430620694156807,2552,58,44,706,192,camera_sign_turn_left
59.12588707299983,106236000000,True,True,50,camera_sign_speed_limit,speed_limit_sign,,0.41341021491777635,2419,59,41,708,192,camera_sign_turn_left
59.16378748199986,106336000000,True,True,51,camera_sign_speed_limit,speed_limit_sign,,0.42658530604048717,2610,58,45,711,191,camera_sign_turn_left
59.19580930099983,106336000000,True,True,52,camera_sign_speed_limit,speed_limit_sign,,0.4260860335955421,2596,59,44,713,191,camera_sign_turn_left
59.23208636399977,106336000000,True,True,53,camera_sign_speed_limit,speed_limit_sign,,0.42621315462108067,2655,59,45,715,190,camera_sign_turn_left
59.2559962360001,106434000000,True,True,54,camera_sign_speed_limit,speed_limit_sign,,0.4170657185593304,2640,60,44,716,190,camera_sign_turn_left
59.2983372460003,106434000000,True,True,55,camera_sign_speed_limit,speed_limit_sign,,0.42275874083854265,2700,60,45,717,190,camera_sign_turn_left
59.31968222599971,106434000000,True,True,56,camera_sign_speed_limit,speed_limit_sign,,0.4310659791875474,3024,63,48,719,189,camera_sign_turn_left
59.366307143000085,106535000000,True,True,57,camera_sign_speed_limit,speed_limit_sign,,0.4152383563643813,2700,60,45,720,189,camera_sign_turn_left
59.39592304500002,106535000000,True,True,58,camera_sign_speed_limit,speed_limit_sign,,0.4286974114668405,2835,63,45,721,189,camera_sign_turn_left
59.429149941000105,106535000000,True,True,59,camera_sign_speed_limit,speed_limit_sign,,0.4299665824323191,3024,63,48,723,189,camera_sign_turn_left
59.45316738400015,106637000000,True,True,60,camera_sign_speed_limit,speed_limit_sign,,0.4193672351625816,2880,64,45,724,189,camera_sign_turn_left
59.518615249000504,106637000000,True,True,61,camera_sign_speed_limit,speed_limit_sign,,0.4231636813727944,3024,63,48,725,188,camera_sign_turn_left
59.52631551700051,106637000000,True,True,62,camera_sign_speed_limit,speed_limit_sign,,0.43423126520721755,3136,64,49,727,188,camera_sign_turn_left
59.56574331899992,106739000000,True,True,63,camera_sign_speed_limit,speed_limit_sign,,0.42121190563218996,2925,65,45,728,188,camera_sign_turn_left
59.58365242800028,106739000000,True,True,64,camera_sign_speed_limit,speed_limit_sign,,0.4212735280773064,3072,64,48,730,187,camera_sign_turn_left
59.63908024200009,106739000000,True,True,65,camera_sign_speed_limit,speed_limit_sign,,0.4349312342392446,3185,65,49,731,187,camera_sign_turn_left
59.65197804200034,106739000000,True,True,66,camera_sign_speed_limit,speed_limit_sign,,0.43042853233284517,3332,68,49,733,187,camera_sign_turn_left
59.68649912199999,106837000000,True,True,67,camera_sign_speed_limit,speed_limit_sign,,0.42785959166132553,3250,65,50,734,186,camera_sign_turn_left
59.75300761800008,106837000000,True,True,68,camera_sign_speed_limit,speed_limit_sign,,0.42495457094162326,3264,68,48,736,186,camera_sign_turn_left
59.76289091699982,106936000000,True,True,69,camera_sign_speed_limit,speed_limit_sign,,0.4263886168690912,3381,69,49,737,186,camera_sign_turn_left
59.786511647000225,106936000000,True,True,70,camera_sign_speed_limit,speed_limit_sign,,0.43074543167104323,3450,69,50,739,185,camera_sign_turn_left
59.81999060900034,106936000000,True,True,71,camera_sign_speed_limit,speed_limit_sign,,0.4280212210696037,3450,69,50,741,185,camera_sign_turn_left
59.85490805799964,106936000000,True,True,72,camera_sign_speed_limit,speed_limit_sign,,0.43321370820810845,3657,69,53,742,185,camera_sign_turn_left
59.90441735599961,107038000000,True,True,73,camera_sign_speed_limit,speed_limit_sign,,0.42373810883996677,3430,70,49,744,185,camera_sign_turn_left
59.94436406800014,107038000000,True,True,74,camera_sign_speed_limit,speed_limit_sign,,0.42587393387601674,3500,70,50,746,184,camera_sign_turn_left
59.967255417999695,107138000000,True,True,75,camera_sign_speed_limit,speed_limit_sign,,0.43764932200571516,3869,73,53,747,184,camera_sign_turn_left
59.98951543600015,107138000000,True,True,76,camera_sign_speed_limit,speed_limit_sign,,0.43539647293983563,3869,73,53,749,184,camera_sign_turn_left
60.036387916999956,107138000000,True,True,77,camera_sign_speed_limit,speed_limit_sign,,0.4364794971570888,3922,74,53,751,183,camera_sign_turn_left
60.062160753999706,107241000000,True,True,78,camera_sign_speed_limit,speed_limit_sign,,0.43851865404036144,3922,74,53,753,183,camera_sign_turn_left
60.09722354600035,107241000000,True,True,79,camera_sign_speed_limit,speed_limit_sign,,0.42718830006411695,3975,75,53,754,183,camera_sign_turn_left
60.118741037999825,107241000000,True,True,80,camera_sign_speed_limit,speed_limit_sign,,0.4270667090039735,3975,75,53,756,182,camera_sign_turn_left
60.16427816899977,107339000000,True,True,81,camera_sign_speed_limit,speed_limit_sign,,0.4318119689753299,3975,75,53,758,182,camera_sign_turn_left
60.20813705100045,107339000000,True,True,82,camera_sign_speed_limit,speed_limit_sign,,0.4293494325414086,4134,78,53,760,182,camera_sign_turn_left
60.242285696999716,107339000000,True,True,83,camera_sign_speed_limit,speed_limit_sign,,0.4305071010807474,4212,78,54,762,181,camera_sign_turn_left
60.271611449000375,107443000000,True,True,84,camera_sign_speed_limit,speed_limit_sign,,0.4319950258328691,4345,79,55,763,181,camera_sign_turn_left
60.308503621000455,107443000000,True,True,85,camera_sign_speed_limit,speed_limit_sign,,0.4309220702656642,4266,79,54,765,180,camera_sign_turn_left
60.327891984000416,107443000000,True,True,86,camera_sign_speed_limit,speed_limit_sign,,0.4326143850968458,4345,79,55,767,180,camera_sign_turn_left
60.35419264099983,107443000000,True,True,87,camera_sign_speed_limit,speed_limit_sign,,0.4342133861791315,4565,83,55,769,180,camera_sign_turn_left
60.41241553100008,107542000000,True,True,88,camera_sign_speed_limit,speed_limit_sign,,0.4397640377829931,4814,83,58,771,179,camera_sign_turn_left
60.456841750999956,107542000000,True,True,89,camera_sign_speed_limit,speed_limit_sign,,0.43311408247595773,4565,83,55,773,179,camera_sign_turn_left
60.466326247000325,107640000000,True,True,90,camera_sign_speed_limit,speed_limit_sign,,0.4378758460393134,4814,83,58,775,178,camera_sign_turn_left
60.51262258400038,107640000000,True,True,91,camera_sign_speed_limit,speed_limit_sign,,0.43921439973058246,4872,84,58,777,178,camera_sign_turn_left
60.521491841999705,107640000000,True,True,92,camera_sign_speed_limit,speed_limit_sign,,0.4384656930738202,5015,85,59,779,178,camera_sign_turn_left
60.561459702999855,107743000000,True,True,93,camera_sign_speed_limit,speed_limit_sign,,0.4356101141626713,4930,85,58,781,177,camera_sign_turn_left
60.596130279000135,107743000000,True,True,94,camera_sign_speed_limit,speed_limit_sign,,0.4415604897388965,5192,88,59,784,177,camera_sign_turn_left
60.63111598700016,107743000000,True,True,95,camera_sign_speed_limit,speed_limit_sign,,0.4311699987885954,5192,88,59,786,176,camera_sign_turn_left
60.66390463300013,107843000000,True,True,96,camera_sign_speed_limit,speed_limit_sign,,0.44204550713680063,5251,89,59,788,176,camera_sign_turn_left
60.68543274300009,107843000000,True,True,97,camera_sign_speed_limit,speed_limit_sign,,0.42953901870958355,5251,89,59,790,176,camera_sign_turn_left
60.728941653999755,107843000000,True,True,98,camera_sign_speed_limit,speed_limit_sign,,0.43539735871666263,5400,90,60,792,175,camera_sign_turn_left
60.79681934600012,107944000000,True,True,99,camera_sign_speed_limit,speed_limit_sign,,0.4332154917275406,5487,93,59,795,175,camera_sign_turn_left
60.80740977400001,107944000000,True,True,100,camera_sign_speed_limit,speed_limit_sign,,0.4362217812532349,5580,93,60,797,174,camera_sign_turn_left
60.832785923999836,107944000000,True,True,101,camera_sign_speed_limit,speed_limit_sign,,0.4425377405205075,5922,94,63,799,174,camera_sign_turn_left
60.879204871000184,108043000000,True,True,102,camera_sign_speed_limit,speed_limit_sign,,0.4394050390667966,5985,95,63,802,173,camera_sign_turn_left
60.909536561000095,108043000000,True,True,103,camera_sign_speed_limit,speed_limit_sign,,0.4418779921016598,5985,95,63,804,173,camera_sign_turn_left
60.93347555000037,108043000000,True,True,104,camera_sign_speed_limit,speed_limit_sign,,0.4366857304879196,6174,98,63,806,172,camera_sign_turn_left
60.96681709299992,108143000000,True,True,105,camera_sign_speed_limit,speed_limit_sign,,0.4400591768831099,6336,99,64,809,172,camera_sign_turn_left
61.022707908000484,108143000000,True,True,106,camera_sign_speed_limit,speed_limit_sign,,0.44166331786083857,6400,100,64,811,171,camera_sign_turn_left
61.03080341900022,108143000000,True,True,107,camera_sign_speed_limit,speed_limit_sign,,0.434548334586396,6336,99,64,814,171,camera_sign_turn_left
61.087659468999846,108242000000,True,True,108,camera_sign_speed_limit,speed_limit_sign,,0.4360660838346085,6500,100,65,816,170,camera_sign_turn_left
61.122521236000466,108242000000,True,True,109,camera_sign_speed_limit,speed_limit_sign,,0.4319378880580803,6592,103,64,819,170,camera_sign_turn_left
61.13083008800004,108242000000,True,True,110,camera_sign_speed_limit,speed_limit_sign,,0.4359934539901933,6760,104,65,821,169,camera_sign_turn_left
61.15572978799992,108242000000,True,True,111,camera_sign_speed_limit,speed_limit_sign,,0.4426632691615269,7072,104,68,824,169,camera_sign_turn_left
61.24543331200039,108342000000,True,True,112,camera_sign_speed_limit,speed_limit_sign,,0.43195847074424165,6825,105,65,827,168,camera_sign_turn_left
61.25408020600025,108342000000,True,True,113,camera_sign_speed_limit,speed_limit_sign,,0.443617374536719,7412,109,68,829,168,camera_sign_turn_left
61.26896908500021,108442000000,True,True,114,camera_sign_speed_limit,speed_limit_sign,,0.4413774917406458,7590,110,69,832,167,camera_sign_turn_left
61.290041430999736,108442000000,True,True,115,camera_sign_speed_limit,speed_limit_sign,,0.44339232508417936,7590,110,69,835,166,camera_sign_turn_left
61.32367415600038,108442000000,True,True,116,camera_sign_speed_limit,speed_limit_sign,,0.43879663829994153,7797,113,69,838,166,camera_sign_turn_left
61.369914032999986,108545000000,True,True,117,camera_sign_speed_limit,speed_limit_sign,,0.4428118040092389,7866,114,69,841,165,camera_sign_turn_left
61.39149701899987,108545000000,True,True,118,camera_sign_speed_limit,speed_limit_sign,,0.44010590614918876,8050,115,70,844,165,camera_sign_turn_left
61.43527844900018,108545000000,True,True,119,camera_sign_speed_limit,speed_limit_sign,,0.44526065040781115,8395,115,73,847,164,camera_sign_turn_left
61.47661711300043,108646000000,True,True,120,camera_sign_speed_limit,speed_limit_sign,,0.4394511767070163,8330,119,70,850,164,camera_sign_turn_left
61.5178689760005,108646000000,True,True,121,camera_sign_speed_limit,speed_limit_sign,,0.4455423424433634,8760,120,73,853,163,camera_sign_turn_left
61.536862773000394,108646000000,True,True,122,camera_sign_speed_limit,speed_limit_sign,,0.44711912485084654,9102,123,74,859,162,camera_sign_turn_left
61.58262833400022,108748000000,True,True,123,camera_sign_speed_limit,speed_limit_sign,,0.4471119487851889,9600,128,75,866,160,camera_sign_turn_left
61.600066171000435,108748000000,True,True,124,camera_sign_speed_limit,speed_limit_sign,,0.4407497840152296,9675,129,75,872,159,camera_sign_turn_left
61.634262378999665,108748000000,True,True,125,camera_sign_speed_limit,speed_limit_sign,,0.44826785289766763,10452,134,78,879,158,camera_sign_turn_left
61.66595545899963,108748000000,True,True,126,camera_sign_speed_limit,speed_limit_sign,,0.446609018937016,11040,138,80,887,156,camera_sign_turn_left
61.71145241999966,108849000000,True,True,127,camera_sign_speed_limit,speed_limit_sign,,0.43463792664367384,11205,135,83,894,155,camera_sign_turn_left
61.73081711099985,108849000000,True,True,128,camera_sign_speed_limit,speed_limit_sign,,0.4278167132358567,10836,129,84,902,153,camera_sign_turn_left
61.77005748400006,108949000000,True,True,129,camera_sign_speed_limit,speed_limit_sign,,0.4220729364974813,10540,124,85,910,152,camera_sign_turn_left
61.81058261399994,108949000000,True,True,130,camera_sign_speed_limit,speed_limit_sign,,0.40855790807057,10120,115,88,916,150,camera_sign_turn_left
61.83161308099989,108949000000,True,True,131,camera_sign_speed_limit,speed_limit_sign,,0.39065773620714905,9328,106,88,921,149,camera_sign_turn_left
61.881084208000175,109049000000,True,False,1,camera_sign_turn_left,turn_left_sign,left,0.34256219486963707,13520,80,169,838,295,camera_sign_turn_left
61.89016438500039,109049000000,True,True,2,camera_sign_turn_left,turn_left_sign,left,0.3428275304921418,14276,83,172,843,296,camera_sign_turn_left
61.94795699400038,109049000000,True,True,3,camera_sign_turn_left,turn_left_sign,left,0.33967725203098637,14790,85,174,849,297,camera_sign_turn_left
61.98445236899988,109147000000,True,True,4,camera_sign_turn_left,turn_left_sign,left,0.34139212468813507,15753,89,177,855,298,camera_sign_turn_left
61.99472883300041,109147000000,True,True,5,camera_sign_turn_left,turn_left_sign,left,0.34006599119256026,16647,93,179,861,299,camera_sign_turn_left
62.02395196700036,109147000000,True,True,6,camera_sign_turn_left,turn_left_sign,left,0.33886339915474234,17202,94,183,867,300,camera_sign_turn_left
62.10261090699987,109249000000,True,True,7,camera_sign_turn_left,turn_left_sign,left,0.33933268344267176,18326,98,187,874,301,camera_sign_turn_left
62.1271397950004,109249000000,True,True,8,camera_sign_turn_left,turn_left_sign,left,0.33936614345727095,18900,100,189,881,301,camera_sign_turn_left
62.13674761400034,109249000000,True,True,9,camera_sign_turn_left,turn_left_sign,left,0.33831350843795577,19968,104,192,888,303,camera_sign_turn_left
62.17968035800004,109348000000,True,True,10,camera_sign_turn_left,turn_left_sign,left,0.3380417426578568,20952,108,194,896,304,camera_sign_turn_left
62.21517997200044,109348000000,True,True,11,camera_sign_turn_left,turn_left_sign,left,0.3381243691037583,21780,110,198,903,305,camera_sign_turn_left
62.2246760500002,109348000000,True,True,12,camera_sign_turn_left,turn_left_sign,left,0.3391266486041929,21412,106,202,911,306,camera_sign_turn_left
62.28165687599994,109447000000,True,True,13,camera_sign_turn_left,turn_left_sign,left,0.33423810803096365,20700,100,207,920,307,camera_sign_turn_left
62.30424750200018,109447000000,True,True,14,camera_sign_turn_left,turn_left_sign,left,0.324722108222141,19228,92,209,927,310,camera_sign_turn_left
62.3452811950001,109447000000,True,True,15,camera_sign_turn_left,turn_left_sign,left,0.3217925504863828,17384,82,212,932,318,camera_sign_turn_left
62.36708704800003,109447000000,True,False,1,camera_sign_speed_limit,speed_limit_sign,,0.4296266230142961,713,23,31,190,192,camera_sign_turn_left
62.42450728299991,109550000000,True,False,1,camera_sign_turn_right,turn_right_sign,right,0.5087296066410327,540,18,30,397,230,camera_sign_turn_left
62.434248603000015,109550000000,True,False,1,camera_sign_speed_limit,speed_limit_sign,,0.42286263125631707,840,24,35,184,191,camera_sign_turn_left
62.46808184400015,109550000000,True,True,2,camera_sign_speed_limit,speed_limit_sign,,0.42078643521922254,816,24,34,181,191,camera_sign_turn_left
62.5018831110001,109650000000,True,False,1,camera_sign_turn_right,turn_right_sign,right,0.5098172059055398,558,18,31,397,230,camera_sign_turn_left
62.53162551800051,109650000000,True,False,1,camera_sign_speed_limit,speed_limit_sign,,0.4294431961189547,840,24,35,175,190,camera_sign_turn_left
62.565810733000035,109650000000,True,True,2,camera_sign_speed_limit,speed_limit_sign,,0.4250549613680442,875,25,35,171,189,camera_sign_turn_left
62.5965799329997,109749000000,True,True,3,camera_sign_speed_limit,speed_limit_sign,,0.4375771729676716,900,25,36,168,189,camera_sign_turn_left
62.651339474999986,109749000000,True,False,1,camera_sign_turn_right,turn_right_sign,right,0.4948776874269158,651,21,31,395,230,camera_sign_turn_left
62.661376687000484,109749000000,True,True,2,camera_sign_turn_right,turn_right_sign,right,0.4920547451223695,646,19,34,394,230,camera_sign_turn_left
62.70170347899966,109847000000,True,False,1,camera_sign_speed_limit,speed_limit_sign,,0.44459982658665564,1014,26,39,157,187,camera_sign_turn_left
62.73386235900034,109847000000,True,False,1,camera_sign_turn_right,turn_right_sign,right,0.49629198694090215,651,21,31,394,230,camera_sign_turn_left
62.767217528999936,109847000000,True,True,2,camera_sign_turn_right,turn_right_sign,right,0.5026421505778621,646,19,34,393,230,camera_sign_turn_left
62.788007801000276,109952000000,True,False,1,camera_sign_speed_limit,speed_limit_sign,,0.43432447663698504,1200,30,40,146,186,camera_sign_turn_left
62.831987800000206,109952000000,True,False,1,camera_sign_turn_right,turn_right_sign,right,0.4914772921254239,735,21,35,393,230,camera_sign_turn_left
62.89097941399996,110056000000,True,True,2,camera_sign_turn_right,turn_right_sign,right,0.49583445514238644,680,20,34,392,229,camera_sign_turn_left
62.90071034999983,110056000000,True,True,3,camera_sign_turn_right,turn_right_sign,right,0.4828888908740305,748,22,34,392,229,camera_sign_turn_left
62.94795795800019,110056000000,True,True,4,camera_sign_turn_right,turn_right_sign,right,0.48935749684930563,770,22,35,392,230,camera_sign_turn_left
62.9683471999997,110056000000,True,False,1,camera_sign_speed_limit,speed_limit_sign,,0.4323763909904697,1575,35,45,126,182,camera_sign_turn_left
63.003620067000156,110153000000,True,False,1,camera_sign_turn_right,turn_right_sign,right,0.493424795470311,770,22,35,391,229,camera_sign_turn_left
63.03626823000013,110153000000,True,True,2,camera_sign_turn_right,turn_right_sign,right,0.49085369641341264,770,22,35,391,229,camera_sign_turn_left
63.077184691000184,110254000000,True,False,1,camera_sign_speed_limit,speed_limit_sign,,0.4407873694847622,1920,40,48,113,180,camera_sign_turn_left
63.125129086000015,110254000000,True,False,1,camera_sign_turn_right,turn_right_sign,right,0.4965632074477411,770,22,35,390,229,camera_sign_turn_left
63.15678426999966,110254000000,True,False,1,camera_sign_speed_limit,speed_limit_sign,,0.44609963302901545,2009,41,49,103,179,camera_sign_turn_left
63.193532758999936,110356000000,True,False,1,camera_sign_turn_right,turn_right_sign,right,0.4982633665586335,770,22,35,389,229,camera_sign_turn_left
63.20373593600016,110356000000,True,True,2,camera_sign_turn_right,turn_right_sign,right,0.49369039818931243,828,23,36,389,229,camera_sign_turn_left
63.23627254999974,110356000000,True,True,3,camera_sign_turn_right,turn_right_sign,right,0.49582416555981956,792,22,36,388,229,camera_sign_turn_left
63.288354592999895,110455000000,True,True,4,camera_sign_turn_right,turn_right_sign,right,0.49814803211449515,828,23,36,387,228,camera_sign_turn_left
63.29788550600006,110455000000,True,False,1,camera_sign_speed_limit,speed_limit_sign,,0.46926388876399167,2646,49,54,77,175,camera_sign_turn_left
63.349135673999626,110455000000,True,False,1,camera_sign_turn_right,turn_right_sign,right,0.49731986406740686,828,23,36,386,228,camera_sign_turn_left
63.36604132899993,110455000000,True,True,2,camera_sign_turn_right,turn_right_sign,right,0.5022850404513837,828,23,36,387,229,camera_sign_turn_left
63.44349428999976,110558000000,True,True,3,camera_sign_turn_right,turn_right_sign,right,0.49937643544031723,828,23,36,385,228,camera_sign_turn_left
63.452175237999654,110558000000,True,True,4,camera_sign_turn_right,turn_right_sign,right,0.510046406992792,792,22,36,386,229,camera_sign_turn_left
63.48070739499963,110656000000,True,False,1,camera_sign_speed_limit,speed_limit_sign,,0.47616683899615564,3481,59,59,47,170,camera_sign_turn_left
63.50226385899987,110656000000,True,True,2,camera_sign_speed_limit,speed_limit_sign,,0.4797763691537015,3600,60,60,41,169,camera_sign_turn_left
63.5345727240001,110656000000,True,True,3,camera_sign_speed_limit,speed_limit_sign,,0.49057236962347384,3969,63,63,34,168,camera_sign_turn_left
63.5896677110004,110756000000,True,True,4,camera_sign_speed_limit,speed_limit_sign,,0.515437185503059,3776,59,64,27,167,camera_sign_turn_left
63.60004059499988,110756000000,True,True,5,camera_sign_speed_limit,speed_limit_sign,,0.5492855803127809,3510,54,65,20,166,camera_sign_turn_left
63.64995088500018,110756000000,True,True,6,camera_sign_speed_limit,speed_limit_sign,,0.5816041281815436,2640,44,60,14,166,camera_sign_turn_left
63.66788830600035,110756000000,True,True,7,camera_sign_speed_limit,speed_limit_sign,,0.5980850258059001,2088,36,58,10,167,camera_sign_turn_left
63.700127027000235,110858000000,True,False,1,camera_sign_turn_right,turn_right_sign,right,0.4964098841983887,975,25,39,381,228,camera_sign_turn_left
63.72165678800047,110858000000,True,True,2,camera_sign_turn_right,turn_right_sign,right,0.5059271726373936,936,24,39,381,228,camera_sign_turn_left
63.75480737900034,110858000000,True,True,3,camera_sign_turn_right,turn_right_sign,right,0.49746417303834756,1000,25,40,381,228,camera_sign_turn_left
63.8235902739998,110956000000,True,True,4,camera_sign_turn_right,turn_right_sign,right,0.5085450961201153,960,24,40,380,228,camera_sign_turn_left
63.830334455999946,110956000000,True,True,5,camera_sign_turn_right,turn_right_sign,right,0.5033420295664134,1000,25,40,380,228,camera_sign_turn_left
63.879147124000156,111055000000,True,True,6,camera_sign_turn_right,turn_right_sign,right,0.5049270344157375,1000,25,40,379,228,camera_sign_turn_left
63.91258053300044,111055000000,True,True,7,camera_sign_turn_right,turn_right_sign,right,0.5064287058615236,1000,25,40,378,227,camera_sign_turn_left
63.923190569000326,111055000000,True,True,8,camera_sign_turn_right,turn_right_sign,right,0.5087706183963061,1000,25,40,378,228,camera_sign_turn_left
63.95607074700001,111055000000,True,True,9,camera_sign_turn_right,turn_right_sign,right,0.5044683396431906,1040,26,40,377,228,camera_sign_turn_left
64.02069622399995,111158000000,True,True,10,camera_sign_turn_right,turn_right_sign,right,0.50871973375024,1040,26,40,377,227,camera_sign_turn_left
64.04212411400022,111158000000,True,True,11,camera_sign_turn_right,turn_right_sign,right,0.5109884233729544,1040,26,40,376,227,camera_sign_turn_left
64.05455235099998,111158000000,True,True,12,camera_sign_turn_right,turn_right_sign,right,0.5082536651540824,1066,26,41,376,227,camera_sign_turn_left
64.10807599500004,111261000000,True,True,13,camera_sign_turn_right,turn_right_sign,right,0.5154263862982195,1025,25,41,375,227,camera_sign_turn_left
64.14275182100027,111261000000,True,True,14,camera_sign_turn_right,turn_right_sign,right,0.49796649939241217,1189,29,41,374,227,camera_sign_turn_left
64.15551715699985,111261000000,True,True,15,camera_sign_turn_right,turn_right_sign,right,0.5121697776760912,1066,26,41,374,227,camera_sign_turn_left
64.21036389300025,111360000000,True,True,16,camera_sign_turn_right,turn_right_sign,right,0.5035102387943813,1189,29,41,374,227,camera_sign_turn_left
64.24669772699963,111360000000,True,True,17,camera_sign_turn_right,turn_right_sign,right,0.5029737254669042,1189,29,41,373,227,camera_sign_turn_left
64.26016365800024,111360000000,True,True,18,camera_sign_turn_right,turn_right_sign,right,0.504746910492857,1189,29,41,372,227,camera_sign_turn_left
64.2919974639999,111458000000,True,True,19,camera_sign_turn_right,turn_right_sign,right,0.5003815345198281,1276,29,44,372,227,camera_sign_turn_left
64.33343101100036,111458000000,True,True,20,camera_sign_turn_right,turn_right_sign,right,0.49685491312251123,1320,30,44,371,227,camera_sign_turn_left
64.36856778600031,111458000000,True,True,21,camera_sign_turn_right,turn_right_sign,right,0.5006258616596065,1320,30,44,370,227,camera_sign_turn_left
64.40216800400049,111560000000,True,True,22,camera_sign_turn_right,turn_right_sign,right,0.5216262688152338,1144,26,44,370,227,camera_sign_turn_left
64.45545321099962,111560000000,True,True,23,camera_sign_turn_right,turn_right_sign,right,0.5046310348553226,1320,30,44,369,227,camera_sign_turn_left
64.46600683399993,111560000000,True,True,24,camera_sign_turn_right,turn_right_sign,right,0.5059359185805784,1320,30,44,368,227,camera_sign_turn_left
64.48990050500015,111660000000,True,True,25,camera_sign_turn_right,turn_right_sign,right,0.5047062984152306,1364,31,44,368,227,camera_sign_turn_left
64.5490440399999,111660000000,True,True,26,camera_sign_turn_right,turn_right_sign,right,0.5082502102284137,1350,30,45,367,227,camera_sign_turn_left
64.56802573799996,111660000000,True,True,27,camera_sign_turn_right,turn_right_sign,right,0.5101901069472197,1350,30,45,366,226,camera_sign_turn_left
64.60013230300046,111759000000,True,True,28,camera_sign_turn_right,turn_right_sign,right,0.5114843924863364,1395,31,45,366,226,camera_sign_turn_left
64.63603098099975,111759000000,True,True,29,camera_sign_turn_right,turn_right_sign,right,0.5158443328674707,1350,30,45,365,226,camera_sign_turn_left
64.65703103099986,111759000000,True,True,30,camera_sign_turn_right,turn_right_sign,right,0.5137747449225007,1395,31,45,364,226,camera_sign_turn_left
64.7243437039997,111860000000,True,True,31,camera_sign_turn_right,turn_right_sign,right,0.5178692876105115,1395,31,45,363,226,camera_sign_turn_left
64.73095162899972,111860000000,True,True,32,camera_sign_turn_right,turn_right_sign,right,0.5089696875708687,1488,31,48,363,226,camera_sign_turn_left
64.76558337500046,111860000000,True,True,33,camera_sign_turn_right,turn_right_sign,right,0.5108811955589802,1488,31,48,362,226,camera_sign_turn_left
64.78748723300032,111964000000,True,True,34,camera_sign_turn_right,turn_right_sign,right,0.4992102971401977,1632,34,48,361,226,camera_sign_turn_left
64.84437606600022,111964000000,True,True,35,camera_sign_turn_right,turn_right_sign,right,0.4990803861260547,1680,35,48,360,226,camera_sign_turn_left
64.86931226999968,111964000000,True,True,36,camera_sign_turn_right,turn_right_sign,right,0.5038742694848013,1680,35,48,360,226,camera_sign_turn_left
64.91591174299992,112061000000,True,True,37,camera_sign_turn_right,turn_right_sign,right,0.5100941183553296,1632,34,48,359,226,camera_sign_turn_left
64.9291391859997,112061000000,True,True,38,camera_sign_turn_right,turn_right_sign,right,0.505659646409001,1715,35,49,358,225,camera_sign_turn_left
64.99019451500044,112161000000,True,True,39,camera_sign_turn_right,turn_right_sign,right,0.5064643582934336,1764,36,49,357,225,camera_sign_turn_left
65.00091086999964,112161000000,True,True,40,camera_sign_turn_right,turn_right_sign,right,0.5108260688094803,1715,35,49,357,225,camera_sign_turn_left
65.03345116400033,112161000000,True,True,41,camera_sign_turn_right,turn_right_sign,right,0.498192656393707,1911,39,49,356,225,camera_sign_turn_left
65.05669823799963,112161000000,True,True,42,camera_sign_turn_right,turn_right_sign,right,0.5011947060797148,1911,39,49,355,225,camera_sign_turn_left
65.11256830100046,112262000000,True,True,43,camera_sign_turn_right,turn_right_sign,right,0.5134276295174812,1800,36,50,354,225,camera_sign_turn_left
65.16012252499968,112262000000,True,True,44,camera_sign_turn_right,turn_right_sign,right,0.503661229180736,1950,39,50,353,225,camera_sign_turn_left
65.17664949699974,112262000000,True,True,45,camera_sign_turn_right,turn_right_sign,right,0.5026128984798187,2000,40,50,352,225,camera_sign_turn_left
65.21018415599974,112364000000,True,True,46,camera_sign_turn_right,turn_right_sign,right,0.5051172894501733,2000,40,50,351,225,camera_sign_turn_left
65.22024759800024,112364000000,True,True,47,camera_sign_turn_right,turn_right_sign,right,0.5107982118518591,1950,39,50,351,225,camera_sign_turn_left
65.2910168010003,112461000000,True,True,48,camera_sign_turn_right,turn_right_sign,right,0.49954343847361254,2173,41,53,349,225,camera_sign_turn_left
65.31390024699976,112461000000,True,True,49,camera_sign_turn_right,turn_right_sign,right,0.5037677685550791,2173,41,53,349,224,camera_sign_turn_left
65.33547954000005,112461000000,True,True,50,camera_sign_turn_right,turn_right_sign,right,0.5076892911266592,2120,40,53,348,224,camera_sign_turn_left
65.35712776299988,112461000000,True,True,51,camera_sign_turn_right,turn_right_sign,right,0.507142607724948,2173,41,53,347,224,camera_sign_turn_left
65.44612073600001,112563000000,True,True,52,camera_sign_turn_right,turn_right_sign,right,0.510314294195691,2173,41,53,346,224,camera_sign_turn_left
65.45681680800044,112563000000,True,True,53,camera_sign_turn_right,turn_right_sign,right,0.4997286851713099,2430,45,54,345,224,camera_sign_turn_left
65.4688133059999,112563000000,True,True,54,camera_sign_turn_right,turn_right_sign,right,0.5039188960577163,2376,44,54,344,224,camera_sign_turn_left
65.49073623000004,112663000000,True,True,55,camera_sign_turn_right,turn_right_sign,right,0.5045235351263085,2420,44,55,343,224,camera_sign_turn_left
65.53335931299989,112663000000,True,True,56,camera_sign_turn_right,turn_right_sign,right,0.5077923613769804,2420,44,55,342,224,camera_sign_turn_left
65.58078879000004,112663000000,True,True,57,camera_sign_turn_right,turn_right_sign,right,0.5030994711259531,2552,44,58,341,224,camera_sign_turn_left
65.60330165600044,112763000000,True,True,58,camera_sign_turn_right,turn_right_sign,right,0.502669577589741,2610,45,58,340,224,camera_sign_turn_left
65.63704064800004,112763000000,True,True,59,camera_sign_turn_right,turn_right_sign,right,0.497386830066105,2784,48,58,339,224,camera_sign_turn_left
65.67206694099968,112763000000,True,True,60,camera_sign_turn_right,turn_right_sign,right,0.49695609066332985,2842,49,58,338,224,camera_sign_turn_left
65.70169457500015,112864000000,True,True,61,camera_sign_turn_right,turn_right_sign,right,0.5002881490288178,2832,48,59,337,223,camera_sign_turn_left
65.74627519499973,112864000000,True,True,62,camera_sign_turn_right,turn_right_sign,right,0.5033700731798486,2832,48,59,335,223,camera_sign_turn_left
65.79278654799964,112963000000,True,True,63,camera_sign_turn_right,turn_right_sign,right,0.5044700953241404,2891,49,59,334,223,camera_sign_turn_left
65.80263180800011,112963000000,True,True,64,camera_sign_turn_right,turn_right_sign,right,0.5079071069831752,2891,49,59,333,223,camera_sign_turn_left
65.85864896899966,112963000000,True,True,65,camera_sign_turn_right,turn_right_sign,right,0.5093015041052612,2940,49,60,332,223,camera_sign_turn_left
65.86657475999982,112963000000,True,True,66,camera_sign_turn_right,turn_right_sign,right,0.5079402411021016,3000,50,60,331,223,camera_sign_turn_left
65.90289557699998,113065000000,True,True,67,camera_sign_turn_right,turn_right_sign,right,0.5109313935493383,3000,50,60,330,223,camera_sign_turn_left
65.95729186199969,113065000000,True,True,68,camera_sign_turn_right,turn_right_sign,right,0.505390923939795,3180,53,60,328,223,camera_sign_turn_left
65.96844226899975,113065000000,True,True,69,camera_sign_turn_right,turn_right_sign,right,0.5005438719844546,3402,54,63,327,222,camera_sign_turn_left
66.00329550900005,113165000000,True,True,70,camera_sign_turn_right,turn_right_sign,right,0.5034914449361019,3402,54,63,326,222,camera_sign_turn_left
66.0700387120005,113165000000,True,True,71,camera_sign_turn_right,turn_right_sign,right,0.5045240534966902,3465,55,63,325,222,camera_sign_turn_left
66.07610709999972,113165000000,True,True,72,camera_sign_turn_right,turn_right_sign,right,0.5056572321601384,3520,55,64,323,222,camera_sign_turn_left
66.09190684500027,113265000000,True,True,73,camera_sign_turn_right,turn_right_sign,right,0.5091756109325158,3520,55,64,322,222,camera_sign_turn_left
66.1376368199999,113265000000,True,True,74,camera_sign_turn_right,turn_right_sign,right,0.5051494824085616,3712,58,64,321,222,camera_sign_turn_left
66.15925642000002,113265000000,True,True,75,camera_sign_turn_right,turn_right_sign,right,0.5061947038718791,3776,59,64,319,222,camera_sign_turn_left
66.20511903100032,113364000000,True,True,76,camera_sign_turn_right,turn_right_sign,right,0.507556771757492,3835,59,65,318,221,camera_sign_turn_left
66.23644328000046,113364000000,True,True,77,camera_sign_turn_right,turn_right_sign,right,0.5075074923104319,3900,60,65,317,221,camera_sign_turn_left
66.27103505200012,113364000000,True,True,78,camera_sign_turn_right,turn_right_sign,right,0.5037613178938102,4095,63,65,315,221,camera_sign_turn_left
66.29397735600014,113466000000,True,True,79,camera_sign_turn_right,turn_right_sign,right,0.501695855356162,4284,63,68,314,221,camera_sign_turn_left
66.33591047299979,113466000000,True,True,80,camera_sign_turn_right,turn_right_sign,right,0.5026014812683398,4352,64,68,312,221,camera_sign_turn_left
66.38187442300023,113466000000,True,True,81,camera_sign_turn_right,turn_right_sign,right,0.5044679246210904,4420,65,68,311,221,camera_sign_turn_left
66.40562045899969,113565000000,True,True,82,camera_sign_turn_right,turn_right_sign,right,0.5055038771776983,4485,65,69,309,220,camera_sign_turn_left
66.43904922999991,113565000000,True,True,83,camera_sign_turn_right,turn_right_sign,right,0.5025336057977658,4692,68,69,308,220,camera_sign_turn_left
66.50332284999968,113666000000,True,True,84,camera_sign_turn_right,turn_right_sign,right,0.5046107659733875,4761,69,69,306,220,camera_sign_turn_left
66.51373410700035,113666000000,True,True,85,camera_sign_turn_right,turn_right_sign,right,0.503706257487065,4900,70,70,304,220,camera_sign_turn_left
66.53651626400006,113666000000,True,True,86,camera_sign_turn_right,turn_right_sign,right,0.5070248669778289,4900,70,70,303,220,camera_sign_turn_left
66.57012089599993,113666000000,True,True,87,camera_sign_turn_right,turn_right_sign,right,0.49996655415338254,5329,73,73,301,220,camera_sign_turn_left
66.60237143199993,113767000000,True,True,88,camera_sign_turn_right,turn_right_sign,right,0.5047728148475268,5180,74,70,299,219,camera_sign_turn_left
66.63503014599974,113767000000,True,True,89,camera_sign_turn_right,turn_right_sign,right,0.5099603221906238,5180,74,70,297,219,camera_sign_turn_left
66.66967588599982,113767000000,True,True,90,camera_sign_turn_right,turn_right_sign,right,0.5051817457476718,5475,75,73,296,219,camera_sign_turn_left
66.69089302599969,113870000000,True,True,91,camera_sign_turn_right,turn_right_sign,right,0.501470726249208,5767,79,73,294,219,camera_sign_turn_left
66.7234900200001,113870000000,True,True,92,camera_sign_turn_right,turn_right_sign,right,0.5044111734055418,5846,79,74,292,218,camera_sign_turn_left
66.7895052290005,113870000000,True,True,93,camera_sign_turn_right,turn_right_sign,right,0.5035054456410122,5920,80,74,290,218,camera_sign_turn_left
66.79999819800014,113970000000,True,True,94,camera_sign_turn_right,turn_right_sign,right,0.5036442812662005,6059,83,73,288,218,camera_sign_turn_left
66.82319544100028,113970000000,True,True,95,camera_sign_turn_right,turn_right_sign,right,0.5042053832631374,6216,84,74,286,217,camera_sign_turn_left
66.87011897400043,113970000000,True,True,96,camera_sign_turn_right,turn_right_sign,right,0.5064593015900489,6290,85,74,284,217,camera_sign_turn_left
66.89027729999998,113970000000,True,True,97,camera_sign_turn_right,turn_right_sign,right,0.5023475430050885,6600,88,75,282,217,camera_sign_turn_left
66.93430349899972,114071000000,True,True,98,camera_sign_turn_right,turn_right_sign,right,0.5059187298683737,6586,89,74,280,216,camera_sign_turn_left
66.96853406500031,114071000000,True,True,99,camera_sign_turn_right,turn_right_sign,right,0.506765044813401,6750,90,75,277,216,camera_sign_turn_left
67.01467295899965,114171000000,True,True,100,camera_sign_turn_right,turn_right_sign,right,0.50444298120212,7050,94,75,275,215,camera_sign_turn_left
67.05764874899978,114171000000,True,True,101,camera_sign_turn_right,turn_right_sign,right,0.5004813550405737,7410,95,78,273,215,camera_sign_turn_left
67.0799219290002,114171000000,True,True,102,camera_sign_turn_right,turn_right_sign,right,0.5055159082478816,7350,98,75,270,215,camera_sign_turn_left
67.10523137600012,114270000000,True,True,103,camera_sign_turn_right,turn_right_sign,right,0.5020817550552474,7722,99,78,268,214,camera_sign_turn_left
67.15983571900051,114270000000,True,True,104,camera_sign_turn_right,turn_right_sign,right,0.5000407815740767,8034,103,78,266,214,camera_sign_turn_left
67.16600192599981,114270000000,True,True,105,camera_sign_turn_right,turn_right_sign,right,0.5015243774405858,8216,104,79,263,213,camera_sign_turn_left
67.19219718299973,114370000000,True,True,106,camera_sign_turn_right,turn_right_sign,right,0.5039039223885884,8295,105,79,260,213,camera_sign_turn_left
67.24765738800033,114370000000,True,True,107,camera_sign_turn_right,turn_right_sign,right,0.501617092349652,8611,109,79,258,212,camera_sign_turn_left
67.27010835800047,114370000000,True,True,108,camera_sign_turn_right,turn_right_sign,right,0.5029228690983526,8800,110,80,255,212,camera_sign_turn_left
67.30574384900046,114470000000,True,True,109,camera_sign_turn_right,turn_right_sign,right,0.5030738415359327,9006,114,79,252,211,camera_sign_turn_left
67.32390124300036,114470000000,True,True,110,camera_sign_turn_right,turn_right_sign,right,0.5040327437346664,9200,115,80,249,211,camera_sign_turn_left
67.40140307399997,114572000000,True,True,111,camera_sign_turn_right,turn_right_sign,right,0.4985594417179518,9877,119,83,246,210,camera_sign_turn_left
67.41268568099986,114572000000,True,True,112,camera_sign_turn_right,turn_right_sign,right,0.5018355112373065,9840,123,80,243,210,camera_sign_turn_left
67.44548766200023,114572000000,True,True,113,camera_sign_turn_right,turn_right_sign,right,0.4966836916220023,10541,127,83,240,209,camera_sign_turn_left
67.45898248000049,114572000000,True,True,114,camera_sign_turn_right,turn_right_sign,right,0.4967574997508328,10836,129,84,237,208,camera_sign_turn_left
67.52408009700048,114672000000,True,True,115,camera_sign_turn_right,turn_right_sign,right,0.4967451568673995,11088,132,84,234,208,camera_sign_turn_left
67.53642724499969,114672000000,True,True,116,camera_sign_turn_right,turn_right_sign,right,0.4989302452559381,11256,134,84,231,207,camera_sign_turn_left
67.57154924800034,114672000000,True,True,117,camera_sign_turn_right,turn_right_sign,right,0.497470636859093,11676,139,84,227,206,camera_sign_turn_left
67.60375124599977,114771000000,True,True,118,camera_sign_turn_right,turn_right_sign,right,0.49633300793684476,12070,142,85,224,206,camera_sign_turn_left
67.63694839799973,114771000000,True,True,119,camera_sign_turn_right,turn_right_sign,right,0.49259067490484915,12936,147,88,220,205,camera_sign_turn_left
67.67035044499971,114771000000,True,True,120,camera_sign_turn_right,turn_right_sign,right,0.494768647853904,13112,149,88,216,204,camera_sign_turn_left
67.69414022700039,114771000000,True,True,121,camera_sign_turn_right,turn_right_sign,right,0.4953781541526479,13552,154,88,213,203,camera_sign_turn_left
67.78248295100002,114872000000,True,True,122,camera_sign_turn_right,turn_right_sign,right,0.4936940048447058,14062,158,89,209,203,camera_sign_turn_left
67.78815442799987,114872000000,True,True,123,camera_sign_turn_right,turn_right_sign,right,0.49433824545194727,14596,164,89,205,202,camera_sign_turn_left
67.80440054900009,114972000000,True,True,124,camera_sign_turn_right,turn_right_sign,right,0.4954435793099339,15120,168,90,201,201,camera_sign_turn_left
67.86088683900016,114972000000,True,True,125,camera_sign_turn_right,turn_right_sign,right,0.49528297288285306,15570,173,90,196,200,camera_sign_turn_left
67.87141797999993,114972000000,True,True,126,camera_sign_turn_right,turn_right_sign,right,0.4914575742916085,16554,178,93,192,199,camera_sign_turn_left
67.90244820899989,115073000000,True,True,127,camera_sign_turn_right,turn_right_sign,right,0.4917382538490018,17112,184,93,188,198,camera_sign_turn_left
67.92667044900008,115073000000,True,True,128,camera_sign_turn_right,turn_right_sign,right,0.4915862248538491,17766,189,94,183,197,camera_sign_turn_left
67.96029063199967,115073000000,True,True,129,camera_sign_turn_right,turn_right_sign,right,0.4907778487757287,18236,194,94,178,196,camera_sign_turn_left
68.00432565600022,115173000000,True,True,130,camera_sign_turn_right,turn_right_sign,right,0.49064240263871683,18905,199,95,173,196,camera_sign_turn_left
68.0587299079998,115173000000,True,True,131,camera_sign_turn_right,turn_right_sign,right,0.4879074111213216,20286,207,98,168,194,camera_sign_turn_left
68.06945486099994,115173000000,True,True,132,camera_sign_turn_right,turn_right_sign,right,0.4853699103819415,21168,216,98,163,193,camera_sign_turn_left
68.09289863400045,115173000000,True,True,133,camera_sign_turn_right,turn_right_sign,right,0.48566244720377244,21978,222,99,157,192,camera_sign_turn_left
68.13915215999987,115276000000,True,True,134,camera_sign_turn_right,turn_right_sign,right,0.48362507607075467,22800,228,100,152,191,camera_sign_turn_left
68.18151850499999,115276000000,True,True,135,camera_sign_turn_right,turn_right_sign,right,0.48257368531831013,24411,237,103,145,190,camera_sign_turn_left
68.20264379499986,115378000000,True,True,136,camera_sign_turn_right,turn_right_sign,right,0.4793721376993319,25441,247,103,140,189,camera_sign_turn_left
68.24000711000008,115378000000,True,True,137,camera_sign_turn_right,turn_right_sign,right,0.47701908232406354,26624,256,104,131,185,camera_sign_turn_left
68.27196607499991,115378000000,True,True,138,camera_sign_turn_right,turn_right_sign,right,0.48198975093650126,27300,260,105,124,183,camera_sign_turn_left
68.3182650560002,115478000000,True,True,139,camera_sign_turn_right,turn_right_sign,right,0.4884520684834622,27756,257,108,117,182,camera_sign_turn_left
68.33864996500051,115478000000,True,True,140,camera_sign_turn_right,turn_right_sign,right,0.4935527602597541,27795,255,109,110,180,camera_sign_turn_left
68.38307638300012,115478000000,True,True,141,camera_sign_turn_right,turn_right_sign,right,0.4968841711324792,27686,254,109,103,179,camera_sign_turn_left
68.40476272900014,115578000000,True,True,142,camera_sign_turn_right,turn_right_sign,right,0.4895869644133399,28363,251,113,95,177,camera_sign_turn_left
68.43658521900034,115578000000,True,True,143,camera_sign_turn_right,turn_right_sign,right,0.4673578602451503,28272,248,114,89,176,camera_sign_turn_left
68.48355420999997,115578000000,True,True,144,camera_sign_turn_right,turn_right_sign,right,0.43573885202344703,2635,85,31,103,198,camera_sign_turn_left
68.50719218599988,115677000000,True,True,145,camera_sign_turn_right,turn_right_sign,right,0.46850334803877414,1566,54,29,16,184,camera_sign_turn_left
68.5409120760005,115677000000,True,True,146,camera_sign_turn_right,turn_right_sign,right,0.4408922065407763,2700,90,30,88,195,camera_sign_turn_left
68.56327036499988,115677000000,True,False,1,camera_sign_speed_limit,speed_limit_sign,,0.4635137555163686,27183,221,123,85,171,camera_sign_turn_left
68.60570223400009,115779000000,True,True,2,camera_sign_speed_limit,speed_limit_sign,,0.4615307030279218,27178,214,127,82,170,camera_sign_speed_limit
68.6399540680004,115779000000,True,True,3,camera_sign_speed_limit,speed_limit_sign,,0.45382905285830155,26162,206,127,78,170,camera_sign_speed_limit
68.69459884600019,115779000000,True,False,1,camera_sign_turn_right,turn_right_sign,right,0.45623342060045896,25600,200,128,73,169,camera_sign_speed_limit
68.72862653100037,115879000000,True,True,2,camera_sign_turn_right,turn_right_sign,right,0.4571910766263326,24384,192,127,67,169,camera_sign_speed_limit
68.73882301899994,115879000000,True,True,3,camera_sign_turn_right,turn_right_sign,right,0.46042055336095067,23368,184,127,64,169,camera_sign_speed_limit
68.77930104500047,115879000000,True,True,4,camera_sign_turn_right,turn_right_sign,right,0.46904221861930334,21576,174,124,61,169,camera_sign_speed_limit
68.79560570499962,115879000000,True,True,5,camera_sign_turn_right,turn_right_sign,right,0.47019344019332693,20295,165,123,58,169,camera_sign_speed_limit
68.83886687199993,115982000000,True,True,6,camera_sign_turn_right,turn_right_sign,right,0.47298403167458813,18683,157,119,54,170,camera_sign_speed_limit
68.89477617299963,115982000000,True,True,7,camera_sign_turn_right,turn_right_sign,right,0.4753029186516829,16644,146,114,51,170,camera_sign_speed_limit
68.9399442720005,116079000000,True,True,8,camera_sign_turn_right,turn_right_sign,right,0.4723698129275421,14850,135,110,47,171,camera_sign_speed_limit
68.94836810299967,116079000000,True,True,9,camera_sign_turn_right,turn_right_sign,right,0.47666550859706375,13230,126,105,42,172,camera_sign_speed_limit
68.97638753299998,116079000000,True,True,10,camera_sign_turn_right,turn_right_sign,right,0.48578878390334057,11286,114,99,37,173,camera_sign_speed_limit
68.99570689600023,116079000000,True,True,11,camera_sign_turn_right,turn_right_sign,right,0.4925978335835007,9682,103,94,32,173,camera_sign_speed_limit
69.03184834300009,116179000000,True,True,12,camera_sign_turn_right,turn_right_sign,right,0.4930395436641432,7650,90,85,26,174,camera_sign_speed_limit
69.07421336799962,116179000000,True,True,13,camera_sign_turn_right,turn_right_sign,right,0.4921605939994804,5928,76,78,22,175,camera_sign_speed_limit
69.10544500800006,116279000000,True,True,14,camera_sign_turn_right,turn_right_sign,right,0.4910319053618058,4352,64,68,18,176,camera_sign_speed_limit
69.14926048899997,116279000000,True,True,15,camera_sign_turn_right,turn_right_sign,right,0.4932468631675008,2750,50,55,14,177,camera_sign_speed_limit
69.16181901300024,116279000000,True,True,16,camera_sign_turn_right,turn_right_sign,right,0.48665487736283836,1584,36,44,10,178,camera_sign_speed_limit
69.19336724300047,116279000000,True,False,1,camera_sign_turn_left,turn_left_sign,left,0.5143524713243002,494,19,26,5,180,camera_sign_speed_limit
69.23926166100046,116382000000,True,False,1,camera_sign_turn_left,turn_left_sign,left,0.5143524713243002,494,19,26,5,180,camera_sign_speed_limit
69.27153233399986,116382000000,True,False,1,camera_sign_turn_left,turn_left_sign,left,0.5143524713243002,494,19,26,5,180,camera_sign_speed_limit
69.31991518900031,116477000000,True,False,1,camera_sign_turn_left,turn_left_sign,left,0.5143524713243002,494,19,26,5,180,camera_sign_speed_limit
69.36428350000006,116477000000,True,False,1,camera_sign_turn_left,turn_left_sign,left,0.5143524713243002,494,19,26,5,180,camera_sign_speed_limit
69.36823800599996,116477000000,True,False,1,camera_sign_turn_left,turn_left_sign,left,0.5143524713243002,494,19,26,5,180,camera_sign_speed_limit
69.41577240199967,116582000000,True,False,1,camera_sign_turn_left,turn_left_sign,left,0.5143524713243002,494,19,26,5,180,camera_sign_speed_limit
69.42462207799963,116582000000,True,False,1,camera_sign_turn_left,turn_left_sign,left,0.5143524713243002,494,19,26,5,180,camera_sign_speed_limit
69.46877953199964,116582000000,True,False,1,camera_sign_turn_left,turn_left_sign,left,0.5143524713243002,494,19,26,5,180,camera_sign_speed_limit
69.51399687699995,116682000000,True,False,1,camera_sign_turn_left,turn_left_sign,left,0.5143524713243002,494,19,26,5,180,camera_sign_speed_limit
69.53638482699989,116682000000,True,False,1,camera_sign_turn_left,turn_left_sign,left,0.5143524713243002,494,19,26,5,180,camera_sign_speed_limit
69.5701430199997,116682000000,True,False,1,camera_sign_turn_left,turn_left_sign,left,0.5143524713243002,494,19,26,5,180,camera_sign_speed_limit
69.59454978699978,116682000000,True,False,1,camera_sign_turn_left,turn_left_sign,left,0.5143524713243002,494,19,26,5,180,camera_sign_speed_limit
69.66107949999969,116780000000,False,False,0,,,,0.0,0,0,0,0,0,camera_sign_speed_limit
69.66516088299977,116780000000,False,False,0,,,,0.0,0,0,0,0,0,camera_sign_speed_limit
69.71583078000003,116879000000,False,False,0,,,,0.0,0,0,0,0,0,camera_sign_speed_limit
69.73909183599972,116879000000,False,False,0,,,,0.0,0,0,0,0,0,camera_sign_speed_limit
69.77503556600004,116879000000,False,False,0,,,,0.0,0,0,0,0,0,camera_sign_speed_limit
69.80267855500006,116879000000,False,False,0,,,,0.0,0,0,0,0,0,camera_sign_speed_limit
69.835093314,116985000000,False,False,0,,,,0.0,0,0,0,0,0,camera_sign_speed_limit
69.85879016200033,116985000000,False,False,0,,,,0.0,0,0,0,0,0,camera_sign_speed_limit
69.91394224499982,117081000000,False,False,0,,,,0.0,0,0,0,0,0,camera_sign_speed_limit
69.93683119100024,117081000000,False,False,0,,,,0.0,0,0,0,0,0,camera_sign_speed_limit
69.96189824500016,117081000000,False,False,0,,,,0.0,0,0,0,0,0,camera_sign_speed_limit
70.01741402100015,117180000000,False,False,0,,,,0.0,0,0,0,0,0,camera_sign_speed_limit
70.02848889699999,117180000000,False,False,0,,,,0.0,0,0,0,0,0,camera_sign_speed_limit
70.07161894100045,117180000000,False,False,0,,,,0.0,0,0,0,0,0,camera_sign_speed_limit
70.11690190100035,117281000000,False,False,0,,,,0.0,0,0,0,0,0,camera_sign_speed_limit
70.13870183899962,117281000000,False,False,0,,,,0.0,0,0,0,0,0,camera_sign_speed_limit
70.18829232500048,117281000000,False,False,0,,,,0.0,0,0,0,0,0,camera_sign_speed_limit
70.21650364400011,117383000000,False,False,0,,,,0.0,0,0,0,0,0,camera_sign_speed_limit
70.24040285899991,117383000000,False,False,0,,,,0.0,0,0,0,0,0,camera_sign_speed_limit
70.26110563400016,117383000000,False,False,0,,,,0.0,0,0,0,0,0,camera_sign_speed_limit
70.30516852799974,117383000000,False,False,0,,,,0.0,0,0,0,0,0,camera_sign_speed_limit
70.33793419100039,117483000000,False,False,0,,,,0.0,0,0,0,0,0,camera_sign_speed_limit
70.36036775400044,117483000000,False,False,0,,,,0.0,0,0,0,0,0,camera_sign_speed_limit
70.41599345400027,117584000000,False,False,0,,,,0.0,0,0,0,0,0,camera_sign_speed_limit
70.42870845699963,117584000000,False,False,0,,,,0.0,0,0,0,0,0,camera_sign_speed_limit
70.49480498000048,117584000000,False,False,0,,,,0.0,0,0,0,0,0,camera_sign_speed_limit
70.5276802670005,117685000000,False,False,0,,,,0.0,0,0,0,0,0,camera_sign_speed_limit
70.53738307500043,117685000000,False,False,0,,,,0.0,0,0,0,0,0,camera_sign_speed_limit
70.56652009000027,117685000000,False,False,0,,,,0.0,0,0,0,0,0,camera_sign_speed_limit
70.60840036399986,117685000000,False,False,0,,,,0.0,0,0,0,0,0,camera_sign_speed_limit
70.653277849,117783000000,False,False,0,,,,0.0,0,0,0,0,0,camera_sign_speed_limit
70.66764459699971,117783000000,False,False,0,,,,0.0,0,0,0,0,0,camera_sign_speed_limit
70.70906272000047,117783000000,False,False,0,,,,0.0,0,0,0,0,0,camera_sign_speed_limit
70.73925899200003,117884000000,False,False,0,,,,0.0,0,0,0,0,0,camera_sign_speed_limit
70.77177287199993,117884000000,False,False,0,,,,0.0,0,0,0,0,0,camera_sign_speed_limit
70.79628524800046,117884000000,False,False,0,,,,0.0,0,0,0,0,0,camera_sign_speed_limit
70.8312127750005,117985000000,False,False,0,,,,0.0,0,0,0,0,0,camera_sign_speed_limit
70.88590009899963,117985000000,False,False,0,,,,0.0,0,0,0,0,0,camera_sign_speed_limit
70.91443239700038,118083000000,False,False,0,,,,0.0,0,0,0,0,0,camera_sign_speed_limit
70.94036660999973,118083000000,False,False,0,,,,0.0,0,0,0,0,0,camera_sign_speed_limit
70.98057334300029,118083000000,False,False,0,,,,0.0,0,0,0,0,0,camera_sign_speed_limit
71.03064054900005,118185000000,False,False,0,,,,0.0,0,0,0,0,0,camera_sign_speed_limit
71.04118536700025,118185000000,False,False,0,,,,0.0,0,0,0,0,0,camera_sign_speed_limit
71.1194602960004,118283000000,False,False,0,,,,0.0,0,0,0,0,0,camera_sign_speed_limit
71.1230277350005,118283000000,False,False,0,,,,0.0,0,0,0,0,0,camera_sign_speed_limit
71.1414962179997,118283000000,False,False,0,,,,0.0,0,0,0,0,0,camera_sign_speed_limit
71.17571883500023,118283000000,False,False,0,,,,0.0,0,0,0,0,0,camera_sign_speed_limit
71.19669796000017,118283000000,False,False,0,,,,0.0,0,0,0,0,0,camera_sign_speed_limit
71.23976775400024,118387000000,False,False,0,,,,0.0,0,0,0,0,0,camera_sign_speed_limit
71.30837120399974,118387000000,False,False,0,,,,0.0,0,0,0,0,0,camera_sign_speed_limit
71.31979139499981,118489000000,False,False,0,,,,0.0,0,0,0,0,0,camera_sign_speed_limit
71.36159049900016,118489000000,False,False,0,,,,0.0,0,0,0,0,0,camera_sign_speed_limit
71.38134750999961,118489000000,False,False,0,,,,0.0,0,0,0,0,0,camera_sign_speed_limit
71.40915384399977,118489000000,False,False,0,,,,0.0,0,0,0,0,0,camera_sign_speed_limit
71.44504117199995,118586000000,False,False,0,,,,0.0,0,0,0,0,0,camera_sign_speed_limit
71.48990318800043,118586000000,False,False,0,,,,0.0,0,0,0,0,0,camera_sign_speed_limit
71.51242801199987,118586000000,False,False,0,,,,0.0,0,0,0,0,0,camera_sign_speed_limit
71.54386104599962,118686000000,False,False,0,,,,0.0,0,0,0,0,0,camera_sign_speed_limit
71.56645963200026,118686000000,False,False,0,,,,0.0,0,0,0,0,0,camera_sign_speed_limit
71.59726341399983,118686000000,False,False,0,,,,0.0,0,0,0,0,0,camera_sign_speed_limit
71.6290526089997,118789000000,False,False,0,,,,0.0,0,0,0,0,0,camera_sign_speed_limit
71.67163850199995,118789000000,False,False,0,,,,0.0,0,0,0,0,0,camera_sign_speed_limit
71.70605475200045,118789000000,False,False,0,,,,0.0,0,0,0,0,0,camera_sign_speed_limit
71.74048253900037,118890000000,False,False,0,,,,0.0,0,0,0,0,0,camera_sign_speed_limit
71.7854909610005,118890000000,False,False,0,,,,0.0,0,0,0,0,0,camera_sign_speed_limit
71.81828664299974,118990000000,False,False,0,,,,0.0,0,0,0,0,0,camera_sign_speed_limit
71.83832629300014,118990000000,False,False,0,,,,0.0,0,0,0,0,0,camera_sign_speed_limit
71.88622604700049,118990000000,False,False,0,,,,0.0,0,0,0,0,0,camera_sign_speed_limit
71.93135202899975,119089000000,False,False,0,,,,0.0,0,0,0,0,0,camera_sign_speed_limit
71.9361220159999,119089000000,False,False,0,,,,0.0,0,0,0,0,0,camera_sign_speed_limit
72.00999016900005,119089000000,False,False,0,,,,0.0,0,0,0,0,0,camera_sign_speed_limit
72.0212237779997,119189000000,False,False,0,,,,0.0,0,0,0,0,0,camera_sign_speed_limit
72.03069461900031,119189000000,False,False,0,,,,0.0,0,0,0,0,0,camera_sign_speed_limit
72.09905843399974,119189000000,False,False,0,,,,0.0,0,0,0,0,0,camera_sign_speed_limit
72.10839621200012,119189000000,False,False,0,,,,0.0,0,0,0,0,0,camera_sign_speed_limit
72.12892773800013,119291000000,False,False,0,,,,0.0,0,0,0,0,0,camera_sign_speed_limit
72.17665676500019,119291000000,False,False,0,,,,0.0,0,0,0,0,0,camera_sign_speed_limit
72.24210299900005,119388000000,False,False,0,,,,0.0,0,0,0,0,0,camera_sign_speed_limit
72.24658460800038,119388000000,False,False,0,,,,0.0,0,0,0,0,0,camera_sign_speed_limit
72.26625335500012,119388000000,False,False,0,,,,0.0,0,0,0,0,0,camera_sign_speed_limit
72.308551309,119388000000,False,False,0,,,,0.0,0,0,0,0,0,camera_sign_speed_limit
72.33294472200032,119489000000,False,False,0,,,,0.0,0,0,0,0,0,camera_sign_speed_limit
72.36735539700021,119489000000,False,False,0,,,,0.0,0,0,0,0,0,camera_sign_speed_limit
72.40067630900012,119489000000,False,False,0,,,,0.0,0,0,0,0,0,camera_sign_speed_limit
72.4546491910005,119588000000,False,False,0,,,,0.0,0,0,0,0,0,camera_sign_speed_limit
72.48786232200018,119588000000,False,False,0,,,,0.0,0,0,0,0,0,camera_sign_speed_limit
72.50801863699962,119588000000,False,False,0,,,,0.0,0,0,0,0,0,camera_sign_speed_limit
72.59842301699973,119690000000,False,False,0,,,,0.0,0,0,0,0,0,camera_sign_speed_limit
72.60319658099979,119690000000,False,False,0,,,,0.0,0,0,0,0,0,camera_sign_speed_limit
72.61987089400009,119791000000,False,False,0,,,,0.0,0,0,0,0,0,camera_sign_speed_limit
72.64141419800035,119791000000,False,False,0,,,,0.0,0,0,0,0,0,camera_sign_speed_limit
72.67659388700031,119791000000,False,False,0,,,,0.0,0,0,0,0,0,camera_sign_speed_limit
72.69870119300049,119791000000,False,False,0,,,,0.0,0,0,0,0,0,camera_sign_speed_limit
72.74063748000026,119893000000,False,False,0,,,,0.0,0,0,0,0,0,camera_sign_speed_limit
72.7754477690005,119893000000,False,False,0,,,,0.0,0,0,0,0,0,camera_sign_speed_limit
72.80538357099977,119893000000,False,False,0,,,,0.0,0,0,0,0,0,camera_sign_speed_limit
72.83966767099992,119995000000,False,False,0,,,,0.0,0,0,0,0,0,camera_sign_speed_limit
72.8749015530002,119995000000,False,False,0,,,,0.0,0,0,0,0,0,camera_sign_speed_limit
72.91002778500024,119995000000,False,False,0,,,,0.0,0,0,0,0,0,camera_sign_speed_limit
72.94330415500008,120092000000,False,False,0,,,,0.0,0,0,0,0,0,camera_sign_speed_limit
72.9880659800001,120092000000,False,False,0,,,,0.0,0,0,0,0,0,camera_sign_speed_limit
72.99847319200035,120092000000,False,False,0,,,,0.0,0,0,0,0,0,camera_sign_speed_limit
73.05406825099999,120192000000,False,False,0,,,,0.0,0,0,0,0,0,camera_sign_speed_limit
73.08762720100003,120192000000,False,False,0,,,,0.0,0,0,0,0,0,camera_sign_speed_limit
73.1205377590004,120192000000,False,False,0,,,,0.0,0,0,0,0,0,camera_sign_speed_limit
73.14140582999971,120294000000,False,False,0,,,,0.0,0,0,0,0,0,camera_sign_speed_limit
73.19983105600022,120294000000,False,False,0,,,,0.0,0,0,0,0,0,camera_sign_speed_limit
73.20984482899985,120294000000,False,False,0,,,,0.0,0,0,0,0,0,camera_sign_speed_limit
73.26472568400004,120393000000,False,False,0,,,,0.0,0,0,0,0,0,camera_sign_speed_limit
73.27513076200012,120393000000,False,False,0,,,,0.0,0,0,0,0,0,camera_sign_speed_limit
73.32370130900017,120393000000,True,False,1,camera_sign_turn_left,turn_left_sign,left,0.5368829185849783,1856,32,58,9,175,camera_sign_speed_limit
73.34393953200015,120494000000,True,True,2,camera_sign_turn_left,turn_left_sign,left,0.5169742080985175,5456,62,88,18,171,camera_sign_speed_limit
73.39144026299982,120494000000,True,False,1,camera_sign_turn_right,turn_right_sign,right,0.5161964526024403,9900,90,110,28,168,camera_sign_speed_limit
73.41506457200012,120494000000,True,True,2,camera_sign_turn_right,turn_right_sign,right,0.49565360232797684,14720,115,128,40,165,camera_sign_speed_limit
73.44632958500006,120597000000,True,True,3,camera_sign_turn_right,turn_right_sign,right,0.48110042390035124,19321,139,139,51,162,camera_sign_speed_limit
73.48276193699985,120597000000,True,True,4,camera_sign_turn_right,turn_right_sign,right,0.4789897990275878,23814,162,147,60,160,camera_sign_speed_limit
73.52356042599968,120597000000,True,True,5,camera_sign_turn_right,turn_right_sign,right,0.4759584106175703,26936,182,148,68,159,camera_sign_speed_limit
73.55641498299974,120698000000,True,True,6,camera_sign_turn_right,turn_right_sign,right,0.4658545019915287,29547,201,147,79,160,camera_sign_speed_limit
73.57893095199961,120698000000,True,True,7,camera_sign_turn_right,turn_right_sign,right,0.47126333177924423,30956,218,142,81,164,camera_sign_speed_limit
73.6081829169998,120698000000,True,True,8,camera_sign_turn_right,turn_right_sign,right,0.5068270688317867,32109,231,139,93,170,camera_sign_speed_limit
73.64448005400027,120797000000,True,True,9,camera_sign_turn_right,turn_right_sign,right,0.5052276653042692,32606,238,137,110,174,camera_sign_speed_limit
73.67824610000025,120797000000,True,True,10,camera_sign_turn_right,turn_right_sign,right,0.49347230199648845,32294,241,134,124,176,camera_sign_speed_limit
73.71463190200029,120797000000,True,True,11,camera_sign_turn_right,turn_right_sign,right,0.49832522268187784,30191,227,133,137,179,camera_sign_speed_limit
73.74999133900019,120895000000,True,True,12,camera_sign_turn_right,turn_right_sign,right,0.5009102851638134,28329,213,133,149,181,camera_sign_speed_limit
73.80542924099973,120895000000,True,True,13,camera_sign_turn_right,turn_right_sign,right,0.5008224509179361,26796,203,132,160,183,camera_sign_speed_limit
73.81603993299996,120895000000,True,True,14,camera_sign_turn_right,turn_right_sign,right,0.5008658139611061,25608,194,132,169,184,camera_sign_speed_limit
73.84710792599981,120998000000,True,True,15,camera_sign_turn_right,turn_right_sign,right,0.49180985218892054,29072,184,158,178,196,camera_sign_speed_limit
73.90359457900013,120998000000,True,True,16,camera_sign_turn_right,turn_right_sign,right,0.49113809868440733,27946,178,157,186,196,camera_sign_speed_limit
73.91199919900009,120998000000,True,True,17,camera_sign_turn_right,turn_right_sign,right,0.49104104948861627,26488,172,154,192,197,camera_sign_speed_limit
73.94605923499967,121099000000,True,True,18,camera_sign_turn_right,turn_right_sign,right,0.4897344140165775,25551,167,153,198,197,camera_sign_speed_limit
73.99131378000038,121099000000,True,True,19,camera_sign_turn_right,turn_right_sign,right,0.48885013327515153,24786,162,153,204,198,camera_sign_speed_limit
74.03594062600041,121199000000,True,True,20,camera_sign_turn_right,turn_right_sign,right,0.48899218901434166,23864,157,152,208,198,camera_sign_speed_limit
74.0469658510001,121199000000,True,True,21,camera_sign_turn_right,turn_right_sign,right,0.4846530348360261,23256,153,152,213,198,camera_sign_speed_limit
74.1143077429997,121199000000,True,True,22,camera_sign_turn_right,turn_right_sign,right,0.4748202356752862,23104,152,152,216,198,camera_sign_speed_limit
74.1226794940003,121199000000,True,True,23,camera_sign_turn_right,turn_right_sign,right,0.4726368572219551,22496,148,152,219,198,camera_sign_speed_limit
74.14849820499967,121299000000,True,True,24,camera_sign_turn_right,turn_right_sign,right,0.47216256482240215,21888,144,152,221,198,camera_sign_speed_limit
74.18048174500018,121299000000,True,True,25,camera_sign_turn_right,turn_right_sign,right,0.4702743195880499,21888,144,152,223,198,camera_sign_speed_limit
74.2432503709997,121398000000,True,True,26,camera_sign_turn_right,turn_right_sign,right,0.4726865985966083,21584,142,152,224,198,camera_sign_speed_limit
74.25182557399967,121398000000,True,True,27,camera_sign_turn_right,turn_right_sign,right,0.4690284355079933,21726,142,153,225,198,camera_sign_speed_limit
74.292395855,121398000000,True,True,28,camera_sign_turn_right,turn_right_sign,right,0.44393652556739643,32589,213,153,216,197,camera_sign_speed_limit
74.31747448500028,121398000000,True,True,29,camera_sign_turn_right,turn_right_sign,right,0.44634687193914896,31416,204,154,217,197,camera_sign_speed_limit
74.34736595100003,121499000000,True,True,30,camera_sign_turn_right,turn_right_sign,right,0.442979532953685,31243,199,157,217,197,camera_sign_speed_limit
74.37978420499985,121499000000,True,False,1,camera_sign_speed_limit,speed_limit_sign,,0.44069948749482313,31916,202,158,217,196,camera_sign_speed_limit
74.41402019700035,121499000000,True,False,1,camera_sign_turn_right,turn_right_sign,right,0.4458166964835459,29892,188,159,216,196,camera_sign_speed_limit
74.43485018200045,121602000000,True,True,2,camera_sign_turn_right,turn_right_sign,right,0.44406531640779817,29646,183,162,216,195,camera_sign_speed_limit
74.47979732499971,121602000000,True,True,3,camera_sign_turn_right,turn_right_sign,right,0.44949119738072263,28851,177,163,214,195,camera_sign_speed_limit
74.51430859999982,121602000000,True,True,4,camera_sign_turn_right,turn_right_sign,right,0.45422883078433307,28208,172,164,212,194,camera_sign_speed_limit
74.54686565999964,121702000000,True,True,5,camera_sign_turn_right,turn_right_sign,right,0.4513776115070009,28223,167,169,210,193,camera_sign_speed_limit
74.5813187650001,121702000000,True,True,6,camera_sign_turn_right,turn_right_sign,right,0.4546776576125077,28026,162,173,207,193,camera_sign_speed_limit
74.62420137899971,121702000000,True,True,7,camera_sign_turn_right,turn_right_sign,right,0.4624398516395064,27318,157,174,203,192,camera_sign_speed_limit
74.63566986499973,121802000000,True,True,8,camera_sign_turn_right,turn_right_sign,right,0.4633191723501377,27056,152,178,200,191,camera_sign_speed_limit
74.6800563730003,121802000000,True,True,9,camera_sign_turn_right,turn_right_sign,right,0.4654766586437005,26936,148,182,195,190,camera_sign_speed_limit
74.71372970700031,121802000000,True,True,10,camera_sign_turn_right,turn_right_sign,right,0.4640549205809756,27863,149,187,190,189,camera_sign_speed_limit
74.7918706090004,121901000000,True,True,11,camera_sign_turn_right,turn_right_sign,right,0.46226762596126914,28917,153,189,184,188,camera_sign_speed_limit
74.79940069799977,121901000000,True,True,12,camera_sign_turn_right,turn_right_sign,right,0.45890033774809075,30458,157,194,177,186,camera_sign_speed_limit
74.84720107500016,122002000000,True,True,13,camera_sign_turn_right,turn_right_sign,right,0.46005244767831127,31284,158,198,170,185,camera_sign_speed_limit
74.85435199400035,122002000000,True,True,14,camera_sign_turn_right,turn_right_sign,right,0.4573779459498395,33089,163,203,163,184,camera_sign_speed_limit
74.89024782500019,122002000000,True,True,15,camera_sign_turn_right,turn_right_sign,right,0.45994370818780317,34276,164,209,154,182,camera_sign_speed_limit
74.90214154099976,122002000000,True,True,16,camera_sign_turn_right,turn_right_sign,right,0.45442349197225174,36673,169,217,145,180,camera_sign_speed_limit
74.94678050000039,122103000000,True,True,17,camera_sign_turn_right,turn_right_sign,right,0.4547550549691315,38802,174,223,135,179,camera_sign_speed_limit
74.99421852199976,122103000000,True,True,18,camera_sign_turn_right,turn_right_sign,right,0.44969018450867687,42042,182,231,124,176,camera_sign_speed_limit
75.00582045299961,122103000000,True,True,19,camera_sign_turn_right,turn_right_sign,right,0.45161530240701764,44506,187,238,113,174,camera_sign_speed_limit
75.07297620500049,122201000000,True,True,20,camera_sign_turn_right,turn_right_sign,right,0.45199843614153135,47424,192,247,100,172,camera_sign_speed_limit
75.12974797300012,122201000000,True,True,21,camera_sign_turn_right,turn_right_sign,right,0.464868724087509,46990,185,254,86,169,camera_sign_speed_limit
75.139788984,122302000000,True,True,22,camera_sign_turn_right,turn_right_sign,right,0.4757181011024243,44975,175,257,72,167,camera_sign_speed_limit
75.15169894500013,122302000000,True,True,23,camera_sign_turn_right,turn_right_sign,right,0.45789460100909884,41699,161,259,59,165,camera_sign_speed_limit
75.18522243999996,122302000000,True,True,24,camera_sign_turn_right,turn_right_sign,right,0.48101257975638595,36801,141,261,49,167,camera_sign_speed_limit
75.22987454400027,122302000000,True,True,25,camera_sign_turn_right,turn_right_sign,right,0.5015554504007712,31297,119,263,39,171,camera_sign_speed_limit
75.26618360999964,122402000000,True,True,26,camera_sign_turn_right,turn_right_sign,right,0.5034106154937246,25152,96,262,31,176,camera_sign_speed_limit
75.31074369700036,122402000000,True,True,27,camera_sign_turn_right,turn_right_sign,right,0.4951660653962821,17990,70,257,23,181,camera_sign_speed_limit
75.32191279200015,122402000000,True,True,28,camera_sign_turn_right,turn_right_sign,right,0.526153069231138,8720,40,218,13,189,camera_sign_speed_limit
75.36071146700033,122502000000,True,True,28,camera_sign_turn_right,turn_right_sign,right,0.526153069231138,8720,40,218,13,189,camera_sign_speed_limit
75.37465012600023,122502000000,True,True,28,camera_sign_turn_right,turn_right_sign,right,0.526153069231138,8720,40,218,13,189,camera_sign_speed_limit
75.41643744799967,122502000000,True,True,28,camera_sign_turn_right,turn_right_sign,right,0.526153069231138,8720,40,218,13,189,camera_sign_speed_limit
75.46197485399989,122601000000,True,True,28,camera_sign_turn_right,turn_right_sign,right,0.526153069231138,8720,40,218,13,189,camera_sign_speed_limit
75.47349011400001,122601000000,True,True,28,camera_sign_turn_right,turn_right_sign,right,0.526153069231138,8720,40,218,13,189,camera_sign_speed_limit
75.53948444100024,122703000000,True,True,28,camera_sign_turn_right,turn_right_sign,right,0.526153069231138,8720,40,218,13,189,camera_sign_speed_limit
75.54984607900042,122703000000,True,True,28,camera_sign_turn_right,turn_right_sign,right,0.526153069231138,8720,40,218,13,189,camera_sign_speed_limit
75.58322295000016,122703000000,True,True,28,camera_sign_turn_right,turn_right_sign,right,0.526153069231138,8720,40,218,13,189,camera_sign_speed_limit
75.63825804499993,122805000000,True,False,1,camera_sign_speed_limit,speed_limit_sign,,0.5594945627454615,6254,106,59,38,178,camera_sign_speed_limit
75.65801668400036,122805000000,True,True,2,camera_sign_speed_limit,speed_limit_sign,,0.5595910652140562,5664,96,59,33,178,camera_sign_speed_limit
75.68006852100007,122805000000,True,True,3,camera_sign_speed_limit,speed_limit_sign,,0.5665035026080042,5133,87,59,29,177,camera_sign_speed_limit
75.71496456800014,122805000000,True,True,4,camera_sign_speed_limit,speed_limit_sign,,0.5736856763718831,4602,78,59,26,176,camera_sign_speed_limit
75.74795094199999,122905000000,True,True,5,camera_sign_speed_limit,speed_limit_sign,,0.5730975830693441,3886,67,58,22,176,camera_sign_speed_limit
75.82708126600028,122905000000,True,True,6,camera_sign_speed_limit,speed_limit_sign,,0.5616465130714833,3024,56,54,18,176,camera_sign_speed_limit
75.83356292600001,122905000000,True,True,7,camera_sign_speed_limit,speed_limit_sign,,0.5532346936811745,2300,46,50,15,176,camera_sign_speed_limit
75.885971101,123004000000,True,True,8,camera_sign_speed_limit,speed_limit_sign,,0.5261396708790675,1575,35,45,11,176,camera_sign_speed_limit
75.90828352399967,123004000000,True,True,9,camera_sign_speed_limit,speed_limit_sign,,0.48904399817933486,936,24,39,7,176,camera_sign_speed_limit
75.940385719,123103000000,True,True,9,camera_sign_speed_limit,speed_limit_sign,,0.48904399817933486,936,24,39,7,176,camera_sign_speed_limit
75.95011273399996,123103000000,True,True,9,camera_sign_speed_limit,speed_limit_sign,,0.48904399817933486,936,24,39,7,176,camera_sign_speed_limit
75.97999290400003,123103000000,True,True,9,camera_sign_speed_limit,speed_limit_sign,,0.48904399817933486,936,24,39,7,176,camera_sign_speed_limit
76.03693395000028,123103000000,True,True,9,camera_sign_speed_limit,speed_limit_sign,,0.48904399817933486,936,24,39,7,176,camera_sign_speed_limit
76.04210147400045,123201000000,True,True,9,camera_sign_speed_limit,speed_limit_sign,,0.48904399817933486,936,24,39,7,176,camera_sign_speed_limit
76.0862992530001,123201000000,True,True,9,camera_sign_speed_limit,speed_limit_sign,,0.48904399817933486,936,24,39,7,176,camera_sign_speed_limit
76.12023317600051,123201000000,True,True,9,camera_sign_speed_limit,speed_limit_sign,,0.48904399817933486,936,24,39,7,176,camera_sign_speed_limit
76.15379522399962,123299000000,True,True,9,camera_sign_speed_limit,speed_limit_sign,,0.48904399817933486,936,24,39,7,176,camera_sign_speed_limit
76.18782215900046,123299000000,True,True,9,camera_sign_speed_limit,speed_limit_sign,,0.48904399817933486,936,24,39,7,176,camera_sign_speed_limit
76.207196759,123299000000,True,True,9,camera_sign_speed_limit,speed_limit_sign,,0.48904399817933486,936,24,39,7,176,camera_sign_speed_limit
76.25175012300042,123402000000,True,True,9,camera_sign_speed_limit,speed_limit_sign,,0.48904399817933486,936,24,39,7,176,camera_sign_speed_limit
76.30940540699976,123402000000,True,True,9,camera_sign_speed_limit,speed_limit_sign,,0.48904399817933486,936,24,39,7,176,camera_sign_speed_limit
76.33169490700038,123402000000,True,True,9,camera_sign_speed_limit,speed_limit_sign,,0.48904399817933486,936,24,39,7,176,camera_sign_speed_limit
76.35067618599987,123503000000,False,False,0,,,,0.0,0,0,0,0,0,camera_sign_speed_limit
76.40805785900011,123503000000,False,False,0,,,,0.0,0,0,0,0,0,camera_sign_speed_limit
76.4150263270003,123503000000,False,False,0,,,,0.0,0,0,0,0,0,camera_sign_speed_limit
76.44144272300036,123503000000,False,False,0,,,,0.0,0,0,0,0,0,camera_sign_speed_limit
76.47271044900026,123605000000,False,False,0,,,,0.0,0,0,0,0,0,camera_sign_speed_limit
76.50522972199997,123605000000,False,False,0,,,,0.0,0,0,0,0,0,camera_sign_speed_limit
76.53825750899978,123605000000,False,False,0,,,,0.0,0,0,0,0,0,camera_sign_speed_limit
76.59330615500039,123707000000,False,False,0,,,,0.0,0,0,0,0,0,camera_sign_speed_limit
76.61899018399981,123707000000,False,False,0,,,,0.0,0,0,0,0,0,camera_sign_speed_limit
76.65018182600033,123805000000,False,False,0,,,,0.0,0,0,0,0,0,camera_sign_speed_limit
76.6941613050003,123805000000,False,False,0,,,,0.0,0,0,0,0,0,camera_sign_speed_limit
76.71738922700024,123805000000,False,False,0,,,,0.0,0,0,0,0,0,camera_sign_speed_limit
76.78542797200043,123906000000,False,False,0,,,,0.0,0,0,0,0,0,camera_sign_speed_limit
76.80773649000002,123906000000,False,False,0,,,,0.0,0,0,0,0,0,camera_sign_speed_limit
76.84035195300021,123906000000,False,False,0,,,,0.0,0,0,0,0,0,camera_sign_speed_limit
76.85095956199984,124006000000,False,False,0,,,,0.0,0,0,0,0,0,camera_sign_speed_limit
76.87383685700024,124006000000,False,False,0,,,,0.0,0,0,0,0,0,camera_sign_speed_limit
76.91889790999994,124006000000,False,False,0,,,,0.0,0,0,0,0,0,camera_sign_speed_limit
76.93957758899978,124006000000,False,False,0,,,,0.0,0,0,0,0,0,camera_sign_speed_limit
76.9967169520005,124107000000,False,False,0,,,,0.0,0,0,0,0,0,camera_sign_speed_limit
77.0180251720003,124107000000,False,False,0,,,,0.0,0,0,0,0,0,camera_sign_speed_limit
77.12262466199991,124209000000,False,False,0,,,,0.0,0,0,0,0,0,camera_sign_speed_limit
77.12632321199999,124209000000,False,False,0,,,,0.0,0,0,0,0,0,camera_sign_speed_limit
77.13058731599995,124209000000,False,False,0,,,,0.0,0,0,0,0,0,camera_sign_speed_limit
77.14576152500013,124209000000,False,False,0,,,,0.0,0,0,0,0,0,camera_sign_speed_limit
77.20034376700005,124306000000,False,False,0,,,,0.0,0,0,0,0,0,camera_sign_speed_limit
77.21189113899982,124306000000,False,False,0,,,,0.0,0,0,0,0,0,camera_sign_speed_limit
77.27652056500028,124407000000,False,False,0,,,,0.0,0,0,0,0,0,camera_sign_speed_limit
77.29827725199993,124407000000,False,False,0,,,,0.0,0,0,0,0,0,camera_sign_speed_limit
77.30927275399972,124407000000,False,False,0,,,,0.0,0,0,0,0,0,camera_sign_speed_limit
77.36655483300001,124507000000,False,False,0,,,,0.0,0,0,0,0,0,camera_sign_speed_limit
77.39949787899968,124507000000,False,False,0,,,,0.0,0,0,0,0,0,camera_sign_speed_limit
77.44162628000049,124507000000,False,False,0,,,,0.0,0,0,0,0,0,camera_sign_speed_limit
77.44548529799977,124507000000,False,False,0,,,,0.0,0,0,0,0,0,camera_sign_speed_limit
77.50084799700016,124609000000,False,False,0,,,,0.0,0,0,0,0,0,camera_sign_speed_limit
77.54174912300005,124609000000,False,False,0,,,,0.0,0,0,0,0,0,camera_sign_speed_limit
77.54628783000044,124609000000,False,False,0,,,,0.0,0,0,0,0,0,camera_sign_speed_limit
77.5725516700004,124709000000,False,False,0,,,,0.0,0,0,0,0,0,camera_sign_speed_limit
77.60780306299966,124709000000,False,False,0,,,,0.0,0,0,0,0,0,camera_sign_speed_limit
77.65087888299968,124810000000,False,False,0,,,,0.0,0,0,0,0,0,camera_sign_speed_limit
77.68619650999972,124810000000,False,False,0,,,,0.0,0,0,0,0,0,camera_sign_speed_limit
77.71990105700024,124810000000,False,False,0,,,,0.0,0,0,0,0,0,camera_sign_speed_limit
77.75234096500026,124911000000,False,False,0,,,,0.0,0,0,0,0,0,camera_sign_speed_limit
77.79612626800008,124911000000,False,False,0,,,,0.0,0,0,0,0,0,camera_sign_speed_limit
77.81870406800044,124911000000,False,False,0,,,,0.0,0,0,0,0,0,camera_sign_speed_limit
77.84327569800007,124911000000,False,False,0,,,,0.0,0,0,0,0,0,camera_sign_speed_limit
77.90827575300045,125013000000,False,False,0,,,,0.0,0,0,0,0,0,camera_sign_speed_limit
77.91991777699968,125013000000,False,False,0,,,,0.0,0,0,0,0,0,camera_sign_speed_limit
77.95085919699977,125114000000,False,False,0,,,,0.0,0,0,0,0,0,camera_sign_speed_limit
77.98609241899976,125114000000,False,False,0,,,,0.0,0,0,0,0,0,camera_sign_speed_limit
78.05300349000026,125211000000,False,False,0,,,,0.0,0,0,0,0,0,camera_sign_speed_limit
78.05716125599974,125211000000,False,False,0,,,,0.0,0,0,0,0,0,camera_sign_speed_limit
78.07621655000003,125211000000,False,False,0,,,,0.0,0,0,0,0,0,camera_sign_speed_limit
78.14343446800012,125211000000,False,False,0,,,,0.0,0,0,0,0,0,camera_sign_speed_limit
78.17729425400012,125311000000,False,False,0,,,,0.0,0,0,0,0,0,camera_sign_speed_limit
78.1819990920003,125311000000,False,False,0,,,,0.0,0,0,0,0,0,camera_sign_speed_limit
78.23148625199974,125311000000,False,False,0,,,,0.0,0,0,0,0,0,camera_sign_speed_limit
78.26450149300035,125412000000,False,False,0,,,,0.0,0,0,0,0,0,camera_sign_speed_limit
78.28683976400043,125412000000,False,False,0,,,,0.0,0,0,0,0,0,camera_sign_speed_limit
78.32120742200004,125412000000,False,False,0,,,,0.0,0,0,0,0,0,camera_sign_speed_limit
78.3757135650003,125512000000,False,False,0,,,,0.0,0,0,0,0,0,camera_sign_speed_limit
78.38820664099967,125512000000,False,False,0,,,,0.0,0,0,0,0,0,camera_sign_speed_limit
78.40995520900015,125512000000,False,False,0,,,,0.0,0,0,0,0,0,camera_sign_speed_limit
78.46398253500047,125615000000,False,False,0,,,,0.0,0,0,0,0,0,camera_sign_speed_limit
78.49722341699999,125615000000,False,False,0,,,,0.0,0,0,0,0,0,camera_sign_speed_limit
78.5185358259996,125615000000,False,False,0,,,,0.0,0,0,0,0,0,camera_sign_speed_limit
78.5646931729998,125714000000,False,False,0,,,,0.0,0,0,0,0,0,camera_sign_speed_limit
78.58675585400033,125714000000,False,False,0,,,,0.0,0,0,0,0,0,camera_sign_speed_limit
78.6318535979999,125714000000,False,False,0,,,,0.0,0,0,0,0,0,camera_sign_speed_limit
78.6647322660001,125815000000,False,False,0,,,,0.0,0,0,0,0,0,camera_sign_speed_limit
78.67698125799961,125815000000,False,False,0,,,,0.0,0,0,0,0,0,camera_sign_speed_limit
78.7334596440005,125815000000,False,False,0,,,,0.0,0,0,0,0,0,camera_sign_speed_limit
78.76327931499964,125915000000,False,False,0,,,,0.0,0,0,0,0,0,camera_sign_speed_limit
78.85604639099984,126013000000,False,False,0,,,,0.0,0,0,0,0,0,camera_sign_speed_limit
78.86041146400021,126013000000,False,False,0,,,,0.0,0,0,0,0,0,camera_sign_speed_limit
78.86449520099995,126013000000,False,False,0,,,,0.0,0,0,0,0,0,camera_sign_speed_limit
78.88648758700037,126013000000,False,False,0,,,,0.0,0,0,0,0,0,camera_sign_speed_limit
78.93049359700035,126013000000,False,False,0,,,,0.0,0,0,0,0,0,camera_sign_speed_limit
78.951940035,126013000000,False,False,0,,,,0.0,0,0,0,0,0,camera_sign_speed_limit
78.9961795320005,126117000000,False,False,0,,,,0.0,0,0,0,0,0,camera_sign_speed_limit
79.04166480999993,126117000000,False,False,0,,,,0.0,0,0,0,0,0,camera_sign_speed_limit
79.05393555200044,126117000000,False,False,0,,,,0.0,0,0,0,0,0,camera_sign_speed_limit
79.08606317900012,126219000000,False,False,0,,,,0.0,0,0,0,0,0,camera_sign_speed_limit
79.14216681499965,126219000000,False,False,0,,,,0.0,0,0,0,0,0,camera_sign_speed_limit
79.15244369799984,126219000000,False,False,0,,,,0.0,0,0,0,0,0,camera_sign_speed_limit
79.18666497100003,126318000000,False,False,0,,,,0.0,0,0,0,0,0,camera_sign_speed_limit
79.24261637299969,126318000000,False,False,0,,,,0.0,0,0,0,0,0,camera_sign_speed_limit
79.2511343920005,126318000000,False,False,0,,,,0.0,0,0,0,0,0,camera_sign_speed_limit
79.3205770960003,126418000000,False,False,0,,,,0.0,0,0,0,0,0,camera_sign_speed_limit
79.3325023590005,126418000000,False,False,0,,,,0.0,0,0,0,0,0,camera_sign_speed_limit
79.35364779300016,126418000000,False,False,0,,,,0.0,0,0,0,0,0,camera_sign_speed_limit
79.39804978899974,126517000000,False,False,0,,,,0.0,0,0,0,0,0,camera_sign_speed_limit
79.4217919319999,126517000000,False,False,0,,,,0.0,0,0,0,0,0,camera_sign_speed_limit
79.45514768999965,126517000000,False,False,0,,,,0.0,0,0,0,0,0,camera_sign_speed_limit
79.47985080699982,126616000000,False,False,0,,,,0.0,0,0,0,0,0,camera_sign_speed_limit
79.54289449099997,126616000000,False,False,0,,,,0.0,0,0,0,0,0,camera_sign_speed_limit
79.54731749999974,126616000000,False,False,0,,,,0.0,0,0,0,0,0,camera_sign_speed_limit
79.576035047,126721000000,False,False,0,,,,0.0,0,0,0,0,0,camera_sign_speed_limit
79.62063973400018,126721000000,False,False,0,,,,0.0,0,0,0,0,0,camera_sign_speed_limit
79.65403758200046,126721000000,False,False,0,,,,0.0,0,0,0,0,0,camera_sign_speed_limit
79.69022705899988,126817000000,False,False,0,,,,0.0,0,0,0,0,0,camera_sign_speed_limit
79.73412346399982,126817000000,False,False,0,,,,0.0,0,0,0,0,0,camera_sign_speed_limit
79.75548521699966,126817000000,False,False,0,,,,0.0,0,0,0,0,0,camera_sign_speed_limit
79.77813161700033,126918000000,False,False,0,,,,0.0,0,0,0,0,0,camera_sign_speed_limit
79.82145853899965,126918000000,False,False,0,,,,0.0,0,0,0,0,0,camera_sign_speed_limit
79.86703240400038,127018000000,False,False,0,,,,0.0,0,0,0,0,0,camera_sign_speed_limit
79.87826018099986,127018000000,False,False,0,,,,0.0,0,0,0,0,0,camera_sign_speed_limit
79.92174407099992,127018000000,False,False,0,,,,0.0,0,0,0,0,0,camera_sign_speed_limit
79.95624105600018,127018000000,False,False,0,,,,0.0,0,0,0,0,0,camera_sign_speed_limit
79.98861791899981,127118000000,False,False,0,,,,0.0,0,0,0,0,0,camera_sign_speed_limit
80.0448454389998,127118000000,False,False,0,,,,0.0,0,0,0,0,0,camera_sign_speed_limit
80.05353788600041,127118000000,False,False,0,,,,0.0,0,0,0,0,0,camera_sign_speed_limit
80.07813512600023,127221000000,False,False,0,,,,0.0,0,0,0,0,0,camera_sign_speed_limit
80.11225885800013,127221000000,False,False,0,,,,0.0,0,0,0,0,0,camera_sign_speed_limit
80.1633240379997,127323000000,False,False,0,,,,0.0,0,0,0,0,0,camera_sign_speed_limit
80.18725253699995,127323000000,False,False,0,,,,0.0,0,0,0,0,0,camera_sign_speed_limit
80.24213486099961,127323000000,False,False,0,,,,0.0,0,0,0,0,0,camera_sign_speed_limit
80.25097187200026,127323000000,False,False,0,,,,0.0,0,0,0,0,0,camera_sign_speed_limit
80.28558048400009,127425000000,False,False,0,,,,0.0,0,0,0,0,0,camera_sign_speed_limit
80.31975802200031,127425000000,False,False,0,,,,0.0,0,0,0,0,0,camera_sign_speed_limit
80.34330967599999,127425000000,False,False,0,,,,0.0,0,0,0,0,0,camera_sign_speed_limit
80.37513675500031,127526000000,False,False,0,,,,0.0,0,0,0,0,0,camera_sign_speed_limit
80.45363209799962,127526000000,False,False,0,,,,0.0,0,0,0,0,0,camera_sign_speed_limit
80.45894904899978,127526000000,False,False,0,,,,0.0,0,0,0,0,0,camera_sign_speed_limit
80.48998073199982,127622000000,False,False,0,,,,0.0,0,0,0,0,0,camera_sign_speed_limit
80.52480804700008,127622000000,False,False,0,,,,0.0,0,0,0,0,0,camera_sign_speed_limit
80.55715440400036,127622000000,False,False,0,,,,0.0,0,0,0,0,0,camera_sign_speed_limit
80.59368082000037,127722000000,True,False,1,camera_sign_turn_right,turn_right_sign,right,0.5235387025532594,600,20,30,6,232,camera_sign_speed_limit
80.62480429700008,127722000000,True,True,2,camera_sign_turn_right,turn_right_sign,right,0.5221140399999831,780,30,26,57,231,camera_sign_speed_limit
80.65789526400022,127722000000,True,True,2,camera_sign_turn_right,turn_right_sign,right,0.5221140399999831,780,30,26,57,231,camera_sign_speed_limit
80.69293806299993,127822000000,True,True,2,camera_sign_turn_right,turn_right_sign,right,0.5221140399999831,780,30,26,57,231,camera_sign_speed_limit
80.71213332600018,127822000000,True,True,2,camera_sign_turn_right,turn_right_sign,right,0.5221140399999831,780,30,26,57,231,camera_sign_speed_limit
80.76949784000044,127922000000,True,True,2,camera_sign_turn_right,turn_right_sign,right,0.5221140399999831,780,30,26,57,231,camera_sign_speed_limit
80.8025636909997,127922000000,True,True,2,camera_sign_turn_right,turn_right_sign,right,0.5221140399999831,780,30,26,57,231,camera_sign_speed_limit
80.83437775600032,127922000000,True,True,2,camera_sign_turn_right,turn_right_sign,right,0.5221140399999831,780,30,26,57,231,camera_sign_speed_limit
80.86819271399963,128023000000,True,True,2,camera_sign_turn_right,turn_right_sign,right,0.5221140399999831,780,30,26,57,231,camera_sign_speed_limit
80.90174815800037,128023000000,True,True,2,camera_sign_turn_right,turn_right_sign,right,0.5221140399999831,780,30,26,57,231,camera_sign_speed_limit
80.9245615259997,128023000000,True,True,2,camera_sign_turn_right,turn_right_sign,right,0.5221140399999831,780,30,26,57,231,camera_sign_speed_limit
80.944966217,128023000000,True,True,2,camera_sign_turn_right,turn_right_sign,right,0.5221140399999831,780,30,26,57,231,camera_sign_speed_limit
80.98957393399996,128125000000,True,True,2,camera_sign_turn_right,turn_right_sign,right,0.5221140399999831,780,30,26,57,231,camera_sign_speed_limit
81.02316117700047,128125000000,True,True,2,camera_sign_turn_right,turn_right_sign,right,0.5221140399999831,780,30,26,57,231,camera_sign_speed_limit
81.0451672729996,128125000000,True,True,2,camera_sign_turn_right,turn_right_sign,right,0.5221140399999831,780,30,26,57,231,camera_sign_speed_limit
81.11196193199976,128227000000,False,False,0,,,,0.0,0,0,0,0,0,camera_sign_speed_limit
81.11696007699993,128227000000,False,False,0,,,,0.0,0,0,0,0,0,camera_sign_speed_limit
81.2124342420002,128326000000,False,False,0,,,,0.0,0,0,0,0,0,camera_sign_speed_limit
81.21704076100013,128326000000,False,False,0,,,,0.0,0,0,0,0,0,camera_sign_speed_limit
81.23608438599967,128326000000,False,False,0,,,,0.0,0,0,0,0,0,camera_sign_speed_limit
81.25636514400048,128326000000,False,False,0,,,,0.0,0,0,0,0,0,camera_sign_speed_limit
81.3013766009999,128428000000,False,False,0,,,,0.0,0,0,0,0,0,camera_sign_speed_limit
81.33455718599998,128428000000,False,False,0,,,,0.0,0,0,0,0,0,camera_sign_speed_limit
81.35606018900035,128428000000,False,False,0,,,,0.0,0,0,0,0,0,camera_sign_speed_limit
81.39111858700016,128528000000,False,False,0,,,,0.0,0,0,0,0,0,camera_sign_speed_limit
81.41338534399983,128528000000,False,False,0,,,,0.0,0,0,0,0,0,camera_sign_speed_limit
81.47106372899998,128528000000,False,False,0,,,,0.0,0,0,0,0,0,camera_sign_speed_limit
81.48654113999964,128626000000,False,False,0,,,,0.0,0,0,0,0,0,camera_sign_speed_limit
81.5374677130003,128626000000,False,False,0,,,,0.0,0,0,0,0,0,camera_sign_speed_limit
81.58299382099995,128727000000,False,False,0,,,,0.0,0,0,0,0,0,camera_sign_speed_limit
81.60412569799973,128727000000,False,False,0,,,,0.0,0,0,0,0,0,camera_sign_speed_limit
81.62462141699962,128727000000,False,False,0,,,,0.0,0,0,0,0,0,camera_sign_speed_limit
81.64900443900024,128727000000,False,False,0,,,,0.0,0,0,0,0,0,camera_sign_speed_limit
81.68681351099985,128829000000,False,False,0,,,,0.0,0,0,0,0,0,camera_sign_speed_limit
81.72516644700045,128829000000,False,False,0,,,,0.0,0,0,0,0,0,camera_sign_speed_limit
81.74785398699987,128829000000,False,False,0,,,,0.0,0,0,0,0,0,camera_sign_speed_limit
81.80132652199973,128931000000,False,False,0,,,,0.0,0,0,0,0,0,camera_sign_speed_limit
81.82545363700046,128931000000,False,False,0,,,,0.0,0,0,0,0,0,camera_sign_speed_limit
81.84834196100019,128931000000,False,False,0,,,,0.0,0,0,0,0,0,camera_sign_speed_limit
81.90885652500037,129030000000,False,False,0,,,,0.0,0,0,0,0,0,camera_sign_speed_limit
81.92582727799982,129030000000,False,False,0,,,,0.0,0,0,0,0,0,camera_sign_speed_limit
81.95865340300043,129030000000,False,False,0,,,,0.0,0,0,0,0,0,camera_sign_speed_limit
81.99770600500051,129128000000,False,False,0,,,,0.0,0,0,0,0,0,camera_sign_speed_limit
82.03946299200015,129128000000,False,False,0,,,,0.0,0,0,0,0,0,camera_sign_speed_limit
82.08249750300001,129230000000,False,False,0,,,,0.0,0,0,0,0,0,camera_sign_speed_limit
82.08744896200005,129230000000,False,False,0,,,,0.0,0,0,0,0,0,camera_sign_speed_limit
82.12453348100007,129230000000,False,False,0,,,,0.0,0,0,0,0,0,camera_sign_speed_limit
82.14672312099992,129230000000,False,False,0,,,,0.0,0,0,0,0,0,camera_sign_speed_limit
82.1914281190002,129332000000,False,False,0,,,,0.0,0,0,0,0,0,camera_sign_speed_limit
82.22612590599965,129332000000,False,False,0,,,,0.0,0,0,0,0,0,camera_sign_speed_limit
82.25642363400038,129332000000,False,False,0,,,,0.0,0,0,0,0,0,camera_sign_speed_limit
82.29214431000037,129433000000,False,False,0,,,,0.0,0,0,0,0,0,camera_sign_speed_limit
82.33537628900012,129433000000,False,False,0,,,,0.0,0,0,0,0,0,camera_sign_speed_limit
82.3551812200003,129433000000,False,False,0,,,,0.0,0,0,0,0,0,camera_sign_speed_limit
82.39115431600021,129534000000,False,False,0,,,,0.0,0,0,0,0,0,camera_sign_speed_limit
82.42424768000001,129534000000,False,False,0,,,,0.0,0,0,0,0,0,camera_sign_speed_limit
82.44721525099976,129534000000,False,False,0,,,,0.0,0,0,0,0,0,camera_sign_speed_limit
82.51981124699978,129632000000,False,False,0,,,,0.0,0,0,0,0,0,camera_sign_speed_limit
82.52573392700015,129632000000,False,False,0,,,,0.0,0,0,0,0,0,camera_sign_speed_limit
82.55753527999968,129632000000,False,False,0,,,,0.0,0,0,0,0,0,camera_sign_speed_limit
82.591499268,129734000000,False,False,0,,,,0.0,0,0,0,0,0,camera_sign_speed_limit
82.6263446009998,129734000000,False,False,0,,,,0.0,0,0,0,0,0,camera_sign_speed_limit
82.66150094099976,129734000000,False,False,0,,,,0.0,0,0,0,0,0,camera_sign_speed_limit
82.69702191000033,129832000000,False,False,0,,,,0.0,0,0,0,0,0,camera_sign_speed_limit
82.72772283199993,129832000000,False,False,0,,,,0.0,0,0,0,0,0,camera_sign_speed_limit
82.75979844500034,129832000000,False,False,0,,,,0.0,0,0,0,0,0,camera_sign_speed_limit
82.79404833999979,129933000000,False,False,0,,,,0.0,0,0,0,0,0,camera_sign_speed_limit
82.85163369800011,129933000000,False,False,0,,,,0.0,0,0,0,0,0,camera_sign_speed_limit
82.85616536799989,129933000000,False,False,0,,,,0.0,0,0,0,0,0,camera_sign_speed_limit
82.89204442099981,130035000000,False,False,0,,,,0.0,0,0,0,0,0,camera_sign_speed_limit
82.92535602299995,130035000000,False,False,0,,,,0.0,0,0,0,0,0,camera_sign_speed_limit
82.94723054600036,130035000000,False,False,0,,,,0.0,0,0,0,0,0,camera_sign_speed_limit
82.98122632400009,130136000000,False,False,0,,,,0.0,0,0,0,0,0,camera_sign_speed_limit
83.05636652999965,130136000000,False,False,0,,,,0.0,0,0,0,0,0,camera_sign_speed_limit
83.07873861099961,130136000000,False,False,0,,,,0.0,0,0,0,0,0,camera_sign_speed_limit
83.08406175300024,130239000000,False,False,0,,,,0.0,0,0,0,0,0,camera_sign_speed_limit
83.13720258299963,130239000000,False,False,0,,,,0.0,0,0,0,0,0,camera_sign_speed_limit
83.1569635220003,130239000000,False,False,0,,,,0.0,0,0,0,0,0,camera_sign_speed_limit
83.19943804000013,130341000000,False,False,0,,,,0.0,0,0,0,0,0,camera_sign_speed_limit
83.22150970100029,130341000000,False,False,0,,,,0.0,0,0,0,0,0,camera_sign_speed_limit
83.2419725210002,130341000000,False,False,0,,,,0.0,0,0,0,0,0,camera_sign_speed_limit
83.2911879760004,130440000000,False,False,0,,,,0.0,0,0,0,0,0,camera_sign_speed_limit
83.32357249899997,130440000000,False,False,0,,,,0.0,0,0,0,0,0,camera_sign_speed_limit
83.36760899199999,130440000000,False,False,0,,,,0.0,0,0,0,0,0,camera_sign_speed_limit
83.38100875800046,130440000000,False,False,0,,,,0.0,0,0,0,0,0,camera_sign_speed_limit
83.42487237299974,130540000000,False,False,0,,,,0.0,0,0,0,0,0,camera_sign_speed_limit
83.45684651900046,130540000000,False,False,0,,,,0.0,0,0,0,0,0,camera_sign_speed_limit
83.48228156599998,130540000000,False,False,0,,,,0.0,0,0,0,0,0,camera_sign_speed_limit
83.54647604900038,130639000000,False,False,0,,,,0.0,0,0,0,0,0,camera_sign_speed_limit
83.55150015199979,130639000000,False,False,0,,,,0.0,0,0,0,0,0,camera_sign_speed_limit
83.58758959900024,130743000000,False,False,0,,,,0.0,0,0,0,0,0,camera_sign_speed_limit
83.6567794749999,130743000000,False,False,0,,,,0.0,0,0,0,0,0,camera_sign_speed_limit
83.70078376499987,130839000000,False,False,0,,,,0.0,0,0,0,0,0,camera_sign_speed_limit
83.7053804570005,130839000000,False,False,0,,,,0.0,0,0,0,0,0,camera_sign_speed_limit
83.72468139900047,130839000000,False,False,0,,,,0.0,0,0,0,0,0,camera_sign_speed_limit
83.7486685949998,130839000000,False,False,0,,,,0.0,0,0,0,0,0,camera_sign_speed_limit
83.79757273700034,130939000000,False,False,0,,,,0.0,0,0,0,0,0,camera_sign_speed_limit
83.8177442490005,130939000000,False,False,0,,,,0.0,0,0,0,0,0,camera_sign_speed_limit
83.85206428400033,130939000000,False,False,0,,,,0.0,0,0,0,0,0,camera_sign_speed_limit
83.88956967299964,131038000000,False,False,0,,,,0.0,0,0,0,0,0,camera_sign_speed_limit
83.92978429699997,131038000000,False,False,0,,,,0.0,0,0,0,0,0,camera_sign_speed_limit
83.96366939099971,131038000000,False,False,0,,,,0.0,0,0,0,0,0,camera_sign_speed_limit
83.99800557599974,131139000000,False,False,0,,,,0.0,0,0,0,0,0,camera_sign_speed_limit
84.0258573330002,131139000000,False,False,0,,,,0.0,0,0,0,0,0,camera_sign_speed_limit
84.0583279880002,131139000000,False,False,0,,,,0.0,0,0,0,0,0,camera_sign_speed_limit
84.09332547299982,131242000000,False,False,0,,,,0.0,0,0,0,0,0,camera_sign_speed_limit
84.12605509500008,131242000000,False,False,0,,,,0.0,0,0,0,0,0,camera_sign_speed_limit
84.14911290700002,131242000000,False,False,0,,,,0.0,0,0,0,0,0,camera_sign_speed_limit
84.20682475800004,131340000000,False,False,0,,,,0.0,0,0,0,0,0,camera_sign_speed_limit
84.22967140699984,131340000000,False,False,0,,,,0.0,0,0,0,0,0,camera_sign_speed_limit
84.27342509299979,131340000000,False,False,0,,,,0.0,0,0,0,0,0,camera_sign_speed_limit
84.29867806099992,131438000000,False,False,0,,,,0.0,0,0,0,0,0,camera_sign_speed_limit
84.32815469900015,131438000000,False,False,0,,,,0.0,0,0,0,0,0,camera_sign_speed_limit
84.35049638500004,131438000000,False,False,0,,,,0.0,0,0,0,0,0,camera_sign_speed_limit
84.42113512600008,131540000000,False,False,0,,,,0.0,0,0,0,0,0,camera_sign_speed_limit
84.42972991100032,131540000000,False,False,0,,,,0.0,0,0,0,0,0,camera_sign_speed_limit
84.46369715899982,131540000000,False,False,0,,,,0.0,0,0,0,0,0,camera_sign_speed_limit
84.4871811160001,131540000000,False,False,0,,,,0.0,0,0,0,0,0,camera_sign_speed_limit
84.52995201999966,131641000000,False,False,0,,,,0.0,0,0,0,0,0,camera_sign_speed_limit
84.58636452599967,131641000000,False,False,0,,,,0.0,0,0,0,0,0,camera_sign_speed_limit
84.59140924900021,131740000000,False,False,0,,,,0.0,0,0,0,0,0,camera_sign_speed_limit
84.64101817899973,131740000000,False,False,0,,,,0.0,0,0,0,0,0,camera_sign_speed_limit
84.68649214200013,131740000000,False,False,0,,,,0.0,0,0,0,0,0,camera_sign_speed_limit
84.69637502800015,131839000000,False,False,0,,,,0.0,0,0,0,0,0,camera_sign_speed_limit
84.71729581300042,131839000000,False,False,0,,,,0.0,0,0,0,0,0,camera_sign_speed_limit
84.78839817700009,131839000000,False,False,0,,,,0.0,0,0,0,0,0,camera_sign_speed_limit
84.80373496799984,131936000000,False,False,0,,,,0.0,0,0,0,0,0,camera_sign_speed_limit
84.82500304699988,131936000000,False,False,0,,,,0.0,0,0,0,0,0,camera_sign_speed_limit
84.86587483899984,131936000000,False,False,0,,,,0.0,0,0,0,0,0,camera_sign_speed_limit
84.88792995099993,131936000000,False,False,0,,,,0.0,0,0,0,0,0,camera_sign_speed_limit
84.9337745820003,132038000000,True,False,1,camera_sign_speed_limit,speed_limit_sign,,0.4196729390041628,4012,68,59,325,176,camera_sign_speed_limit
84.96495658399999,132038000000,True,True,2,camera_sign_speed_limit,speed_limit_sign,,0.4244930853139295,4200,70,60,324,175,camera_sign_speed_limit
84.98774355600017,132038000000,True,True,3,camera_sign_speed_limit,speed_limit_sign,,0.42311640917413906,4130,70,59,323,175,camera_sign_speed_limit
