t_wall,stamp_ns,name,x,y,z,roll,pitch,yaw,map_x,map_y,linear_x,linear_y,linear_z,speed_xy,angular_z
11.669021049000548,1780933060055072493,track_preview_car,-2.2108911587498046,-0.5919418089602246,-0.00199963964330594,-1.0894588622085319e-07,-4.212124383911508e-06,-1.5449330197243876,33.66864389334167,166.0561838489696,0.0090387992538376,-0.15809617551982297,0.003727123949236359,0.15835435139567794,-0.11862183020570516
11.776267221000126,1780933060162318123,track_preview_car,-2.2111354971135464,-0.5939376098064019,0.012723053117992237,-6.386276447554686e-08,-0.001373392267343008,-1.5448272031777557,33.658218789822016,166.1413380184065,2.722134285785338e-09,-8.496448050859992e-10,-0.3723999996877618,2.851650638605241e-09,6.230914394798875e-08
11.87854979199983,1780933060264600675,track_preview_car,-2.2104370025803557,-0.6035784963712832,-0.0019997402683037567,-1.0820167486834773e-05,5.466758541464471e-06,-1.549074451051405,33.68802122323815,166.55268251184143,0.00495928121759034,-0.28018065780731494,-0.000108678581074717,0.2802245447485549,0.0010858272074429516
11.980119456000466,1780933060366170538,track_preview_car,-2.209893068727283,-0.6315203518292231,-0.001999978934690791,-4.788467685711438e-10,-2.2437980867553513e-07,-1.5481709557848329,33.71122906763593,167.74486834471352,0.004905016354964572,-0.27839838791807603,0.0025534545658286185,0.2784415945594803,0.01852221606078709
12.080467818000216,1780933060466518540,track_preview_car,-2.209338887687682,-0.6594345766529583,-0.0020035232503449844,4.690546029569161e-05,1.5377937294111616e-06,-1.5469712520819103,33.734874125325575,168.93587527052622,0.005920288240227123,-0.27956057008308377,-0.003547994462123613,0.27962325038885116,0.012292145300037745
12.181486274000235,1780933060567535853,track_preview_car,-2.2087486752647836,-0.6873717778701729,-0.0020013293473830148,1.7316247356978906e-05,8.698664129412857e-07,-1.5458248341319847,33.760056522035896,170.1278625224607,0.006223465537826723,-0.2796204281968109,0.0003204486829571047,0.2796896769426222,0.012046336031547455
12.28319437800019,1780933060669243547,track_preview_car,-2.2081155088028317,-0.7153205850720203,-0.0020013966575820703,1.8311892151282454e-05,8.238324869474283e-07,-1.5448136265077341,33.78707162441252,171.32034496307287,0.006718253712174793,-0.27976683450565004,0.0002988417299229978,0.27984748814712085,0.00950784896715737
12.383210404999772,1780933060769259835,track_preview_car,-2.2074338121059287,-0.7432861047224258,-0.0020013999125391793,1.823128299248559e-05,9.192437844406426e-07,-1.5440975062075342,33.81615735014704,172.51354046815683,0.007114731666591774,-0.27989942222259767,0.0003011688567490625,0.2799898318997167,0.0071447069845956045
12.501218823000272,1780933060887267782,track_preview_car,-2.2065715896233775,-0.7768507004771107,-0.0020014123426983963,1.8099095199920108e-05,1.150316348113038e-06,-1.5435010036970418,33.85294550940256,173.9456298870234,0.0074336348632469415,-0.27989040854920344,0.0003128137524682622,0.2799891064400901,0.005299091398226921
12.602002917999926,1780933060988051806,track_preview_car,-2.2058257120535707,-0.8048143991383148,-0.0020014175175011397,1.8027892316831263e-05,1.2587820110214928e-06,-1.5431855341952219,33.884769619047646,175.1387476965681,0.007640967592520262,-0.27980799333907336,0.0003170922589411145,0.2799123032704866,0.0037895876616166864
12.702610539000489,1780933061088660660,track_preview_car,-2.2050627812080577,-0.8327712391664134,-0.0020014135472235317,1.805552166101808e-05,1.1960771126687275e-06,-1.5429999615028152,33.91732133512288,176.3315728711003,0.007789637318204396,-0.27974488986703716,0.00031246906451650353,0.2798533220390101,0.002536191233220492
12.823129047000293,1780933061209179027,track_preview_car,-2.204133052444091,-0.8663130470609536,-0.0020014013990709437,1.817959247944614e-05,9.741870784918507e-07,-1.542909828353995,33.95698976238545,177.76269000793403,0.007890121560920497,-0.2796972244689803,0.00030089071888901066,0.27980849056791907,0.0015333800445284755
12.941554361000271,1780933061327602899,track_preview_car,-2.2031936711500633,-0.8998488314067086,-0.0020013946862351777,1.8269824758479344e-05,8.351646872477377e-07,-1.5429417727829255,33.99707003093063,179.19355014001957,0.007982870188897161,-0.2796330886767209,0.000294536161842769,0.2797470116003666,0.0002313103803648541
13.043147940999916,1780933061429197701,track_preview_car,-2.202408058366174,-0.9277926986891352,-0.002001398959330698,1.8234406187428868e-05,9.069990760845545e-07,-1.5430225395866157,34.03058950970991,180.38582181073645,0.007992973358559403,-0.27961380599080726,0.00029966732196762074,0.27972802527414986,-0.00015001137841872132
13.144308875000206,1780933061530357282,track_preview_car,-2.2016218127411893,-0.9557347418105008,-0.0020014090073326276,1.8126044498699947e-05,1.0949037933201236e-06,-1.543137759694562,34.06413598970926,181.57801565058136,0.007984098946464738,-0.2795994983997443,0.00030975010099469294,0.27971347007496,-0.00040181556322010855
13.264582962000532,1780933061650632151,track_preview_car,-2.2006800265651996,-0.9892634513831216,-0.0020014171725929618,1.802274966740558e-05,1.2591416421506264e-06,-1.5433046275800357,34.10431886655148,183.00857392567985,0.007949479498520822,-0.2795889635518009,0.00031741550372742743,0.27970195345093257,-0.0005446030233092681
13.38152964100027,1780933061767579601,track_preview_car,-2.199742834621212,-1.0227912629908422,-0.0020014129511542393,1.8055640156135765e-05,1.1897808488644069e-06,-1.5434890930414578,34.14430572282829,184.43909388760926,0.007903068127735812,-0.27958767466252793,0.0003122485818783779,0.2796993498545022,-0.0006395196954886913
13.484679752000375,1780933061870729422,track_preview_car,-2.198966708312833,-1.0507311768772094,-0.002001402894324198,1.8163509177422765e-05,1.0021640573079014e-06,-1.5436513087115225,34.17742044531913,185.63119688009428,0.007857326860215811,-0.2795905357275658,0.00030223340492529176,0.2797009210814571,-0.000675221946698247
13.60129861400037,1780933061987347673,track_preview_car,-2.1980421634962024,-1.0842595448869705,-0.0020013948389932244,1.8264454914513506e-05,8.408613166647817e-07,-1.5438458590082702,34.21686769082869,187.06174058184408,0.007797911248397504,-0.27959589382405947,0.0002949662557216067,0.2797046143042918,-0.0006346352002448653
13.702469306999774,1780933062088518516,track_preview_car,-2.197277039818887,-1.1122002993079176,-0.0020013978794684644,1.8243210095140214e-05,8.889682755270229e-07,-1.5440026345157265,34.24951296772748,188.2538794371378,0.007750976778175659,-0.2796003050919932,0.00029870734524009687,0.2797077193224233,-0.0005670838049140971
13.822587239999848,1780933062208636590,track_preview_car,-2.1963650207720065,-1.1457301176998325,-0.002001409623326309,1.8117113074482984e-05,1.108157073553349e-06,-1.5441724685454916,34.28842578039439,189.68448502185953,0.0076935956129276445,-0.27960784932009164,0.0003105206819083906,0.2797136764887665,-0.0003885156449778016
13.940669399999933,1780933062326720182,track_preview_car,-2.1956100043183686,-1.1736724702238797,-0.002001416891003753,1.803011039898169e-05,1.2505930094714404e-06,-1.5442928501051252,34.3206398157496,190.87669206288552,0.00764912714930617,-0.2796124505971309,0.00031707547549410524,0.27971705646077294,-0.00023972762235083115
14.05018799499976,1780933062436237545,track_preview_car,-2.194709067951935,-1.2072037181192927,-0.00200141401801726,1.8046435473703623e-05,1.207974571636968e-06,-1.5444273610152175,34.3590797673841,192.3073586397565,0.007593822868028294,-0.27962471411274104,0.0003136254883870921,0.2797278085718028,-4.1042518578037104e-05
14.16941012100051,1780933062555459621,track_preview_car,-2.1938145738426247,-1.240736417776956,-0.0020014022817257332,1.8173954492826107e-05,9.877830891317228e-07,-1.5445441915592442,34.39724484938135,193.73808715848344,0.007548471464317557,-0.27963553126363677,0.00030165543233993746,0.27973739429426303,7.289905378248185e-05
14.286599131000003,1780933062672649682,track_preview_car,-2.1929259416995857,-1.2742704133269802,-0.002001394699330422,1.8267681388481195e-05,8.36927540995319e-07,-1.5446439009474873,34.435159820817674,195.16887096861782,0.007507176811446921,-0.2796454476840386,0.00029490966266253947,0.27974619588849586,0.0002214951087779864
14.40557095999975,1780933062791620279,track_preview_car,-2.1920417527834117,-1.3078055135263842,-0.0020014000013268843,1.822143884841081e-05,9.277852583004913e-07,-1.5447238778611663,34.47288521457443,196.59970191045906,0.007477436929075245,-0.2796520771246184,0.0003009745470163402,0.2797520264504653,0.0003540327624199791
14.508281319000162,1780933062894331620,track_preview_car,-2.19130718657176,-1.3357520605447515,-0.0020014102401972253,1.811024212408209e-05,1.1198395816080235e-06,-1.5447756461439952,34.50422670627158,197.79208791657607,0.00745679345583344,-0.27965592647176213,0.00031105365485102247,0.2797553234156994,0.00047524028596031525
14.608604271999866,1780933062994654533,track_preview_car,-2.190574215851249,-1.3636988700617907,-0.002001417040191963,1.8027792313314447e-05,1.2539027470384332e-06,-1.5448162648565475,34.53550012368004,198.98448512263639,0.007438503364522285,-0.2796574366164437,0.0003172558190802441,0.27975634610707983,0.0005734892069818143
14.7274834560003,1780933063113531402,track_preview_car,-2.1896967318210794,-1.3972353716909434,-0.002001413520067248,1.8053426395261193e-05,1.1974205143665281e-06,-1.5448559346491777,34.57293944230061,200.4153758588136,0.0074213990636265706,-0.2796620269612332,0.0003130680095152796,0.27976048056887365,0.0006246344123159567
14.828183943000113,1780933063214233844,track_preview_car,-2.188967418292522,-1.4251830696842067,-0.0020014035973512398,1.815917213817637e-05,1.0128229736345188e-06,-1.5448844364738488,34.60405681951907,201.60781097319284,0.007406425332405421,-0.2796681917508701,0.0003031797323365209,0.27976624637973385,0.0006731847650180228
14.929461266000544,1780933063315509383,track_preview_car,-2.188239811736612,-1.4531312305180746,-0.002001395625431941,1.825458611631542e-05,8.565901384418383e-07,-1.5449091467064218,34.63510136590456,202.80026583543787,0.007393107236392241,-0.2796728125224228,0.00029565442980456565,0.27977051327616903,0.0007266671450544411
15.036574636000296,1780933063422623304,track_preview_car,-2.187513415111076,-1.4810797535001397,-0.002001396089720149,1.8260543805555438e-05,8.569616790580742e-07,-1.5449283756511867,34.66609428859408,203.9927361493393,0.007384240173823389,-0.2796760901266273,0.00029674176558980954,0.27977355556138983,0.000785860018091321
15.14067606000026,1780933063526726942,track_preview_car,-2.1869425055430054,-1.5089460796912517,-0.0020017302408753775,-2.196509319588977e-05,1.5701190910636538e-06,-1.5426734453066449,34.690453096831774,205.18169940016008,0.005839911971509926,-0.2784980325950086,-0.00015054594319177428,0.2785592553320127,0.022555726639535676
15.260507314000279,1780933063646555572,track_preview_car,-2.1882235027338766,-1.5405527786963025,-0.0019999289766921566,-1.37363622382725e-06,2.7236701934183956e-07,-1.509474551547174,34.63579721668793,206.53025189104224,-0.017434795410196696,-0.2586143243753231,0.0009665880103167721,0.2592013519700472,0.42545616625215926
15.362403805000213,1780933063748452242,track_preview_car,-2.1896461795808944,-1.5660579143366926,-0.0020051897033434222,1.3940289336094298e-08,5.462843965348311e-05,-1.4652185559713709,34.575096337881845,207.6184710116989,-0.014509916550669476,-0.2480616371003016,-0.005218477939046539,0.2484856403883112,0.5072413080553231
15.47997754700009,1780933063866032266,track_preview_car,-2.190913607821853,-1.5958956497947017,-0.0019999665304829797,3.134113097277777e-07,-1.1810067347230951e-07,-1.3981613915128257,34.521019399600945,208.89154772457394,-0.013943427317867263,-0.24376613229113275,3.9035755921567815e-05,0.24416458878704478,0.6859994275662044
15.600551229000303,1780933063986603304,track_preview_car,-2.1918591288176676,-1.624608500927689,-0.0020034520212042937,3.811408566287244e-08,3.6335890709871294e-05,-1.309261609943257,34.480677170446185,210.11662937291473,-0.0048348997463593954,-0.23307363052350558,0.0008932186522007551,0.23312377292109218,0.8252361760049136
15.7199185999998,1780933064105968791,track_preview_car,-2.191912218483127,-1.6524539892320413,-0.0020040801862461956,5.247404931294152e-08,-5.548591161043723e-05,-1.1988000923291604,34.47841201138658,211.30470354056712,0.008480007318167667,-0.2314144743834982,-0.0041485579240030665,0.23156979396783794,0.9892082362848574
15.82032842100034,1780933064206377610,track_preview_car,-2.190661270320842,-1.675241738527438,-0.0019999041567385534,-9.465621513180351e-11,-1.0088058632915862e-06,-1.0950685023397342,34.53178579964407,212.27698084383735,0.01945174695439743,-0.2236969170735059,2.2621549166999753e-05,0.22454104561921168,1.0743534420072243
15.920828312000594,1780933064306876038,track_preview_car,-2.1879894244502243,-1.6975933280413522,-0.0019998764179833426,-6.616863640910128e-07,-8.316034644664106e-07,-0.9814428311031926,34.64578455679043,213.2306486630977,0.03768096638192395,-0.21941625327390923,0.0037013264826735613,0.2226282718529611,1.1450439066227893
16.038548337000066,1780933064424596504,track_preview_car,-2.1816108991611323,-1.723621886502014,-0.002001889743307814,3.9508210992077774e-05,-1.0077333089349987e-05,-0.8452053230516049,34.91793496912503,214.3412004907526,0.06902337116172505,-0.21185809023261212,-0.001940429813815706,0.2228184825447361,1.1203735101400312
16.14002112199978,1780933064526069610,track_preview_car,-2.1731944865801824,-1.7445301807904487,-0.0019999364004196422,1.4799958454709218e-08,-6.559549868518267e-07,-0.7359681040193367,35.27703523924555,215.23328771372582,0.09645261676766786,-0.20364605307800648,0.005074272960734064,0.22533269229204367,1.0792061647085538
16.260968190000312,1780933064647017529,track_preview_car,-2.1597291897698576,-1.7681570084614757,-0.001999878532943971,-1.1984166872974268e-06,-4.046798602315793e-07,-0.6096348581294315,35.85155456981941,216.24136569435632,0.12840782554222005,-0.1874502011287774,0.0045553389424138726,0.22721388065807144,1.004254334006659
16.38055691699992,1780933064766606297,track_preview_car,-2.143006474300799,-1.789739953443654,-0.0019999386985153273,-6.849804281832505e-10,-6.364455908798694e-07,-0.4885951131801449,36.565057096499245,217.16223801359592,0.1436729011534761,-0.1738365924250545,0.0016060167229739659,0.2255239752039925,1.0800863862759382
16.500848106000376,1780933064886897646,track_preview_car,-2.122364226307981,-1.8084916091979673,-0.002004331503730728,8.645374006907252e-08,-5.43611106611156e-05,-0.3844111448451826,37.445793010859475,217.96230865911326,0.18883264252328735,-0.14531326304540876,-0.004348831305389637,0.23827234690419236,0.7792951071951744
16.601795481999943,1780933064987845463,track_preview_car,-2.1026943878637003,-1.8219983218323645,-0.00199995544536895,5.3430224502776274e-09,-4.6054282630338873e-07,-0.3090175903218955,38.28503945114879,218.53859506484753,0.20255414430238147,-0.1251927526021293,0.0005004766621815304,0.2381205717240069,0.7243966429203791
16.71958973800065,1780933065105638106,track_preview_car,-2.0770807016070467,-1.8357642724025092,-0.0019999555046592257,-5.447623359333772e-10,-4.6113691480686044e-07,-0.22757970564316432,39.37789006476601,219.12594228917374,0.21922219483309296,-0.10301179094910327,0.0029967245333687356,0.24221849595350955,0.6398402727653947
16.821852101999866,1780933065207901601,track_preview_car,-2.054120457873636,-1.8451494175506518,-0.0019999340628992332,-2.4339844038153138e-08,-7.746740105142687e-07,-0.16890365181447034,40.35752713072486,219.5263751488278,0.23396060422963932,-0.08856401668986541,0.009730746766045507,0.25016224611987453,0.5865589309705291
16.923324504999982,1780933065309372973,track_preview_car,-2.03008062896426,-1.8526813354158098,-0.0019997676329628167,4.2836235761368126e-09,-2.442000322886498e-06,-0.11861094576848184,41.3832264975249,219.8477369777412,0.2470074165976152,-0.07024951287411724,-0.00016303212970461277,0.2568027607197372,0.5024167468717788
17.02444670800014,1780933065410496929,track_preview_car,-2.0051213517086146,-1.8584527208330406,-0.001999975340164545,2.2964151077285844e-07,-8.227789778379297e-08,-0.07701686323311512,42.44815566043245,220.09398275554304,0.25127904867281353,-0.0514298703597462,3.9190797313461547e-05,0.25648819050228117,0.3984956391516452
17.14125403700018,1780933065527302305,track_preview_car,-1.974294816730138,-1.8634352143127553,-0.002000042670151813,6.786524423153813e-07,-7.326808708340715e-08,-0.03638129096045598,43.76342115284744,220.3065691440109,0.25900732277185357,-0.03461371647037826,0.003890985417619759,0.26130997420177987,0.32723533779799896
17.241801056999975,1780933065627849405,track_preview_car,-1.9479458681783806,-1.8661393177525487,-0.00199999791903793,-8.470820892525758e-10,-2.5219991821382752e-08,-0.010158899629077785,44.887642957722434,220.42194422410876,0.2625487413688512,-0.022488351298964725,0.009733586815036863,0.2635100900127234,0.252839130656794
17.360454053000467,1780933065746503332,track_preview_car,-1.9158178932581582,-1.8680146811030856,-0.001999948975421738,-3.5538842741240454e-09,-5.706872129298891e-07,0.014181209428398529,46.25843655431858,220.50195972706496,0.26937250854532485,-0.012961093660588771,0.003163228097902019,0.26968414545330555,0.20717711607337094
17.461517896999794,1780933065847567407,track_preview_car,-1.8886865743588725,-1.8686302974803475,-0.0020054882645568913,-2.4127708988106533e-05,3.948447372524434e-05,0.029344631485756556,47.41603949402143,220.52822602582813,0.2704149829084234,-0.004154190228587042,-0.005613273660053554,0.27044688993926,0.1495743123167164
17.581846369000232,1780933065967896199,track_preview_car,-1.8557371201142219,-1.868377468192923,-0.00200401679933562,2.452542261814164e-09,4.22814526967489e-05,0.04079977964680582,48.82188287512653,220.51743864289807,0.27583349825902137,0.006000515727968629,-0.00143682696499219,0.27589875851625567,0.06529775160824047
17.68283425900063,1780933066068882937,track_preview_car,-1.828107470612964,-1.8676271538014635,-0.0020037200676169993,2.0312106958280905e-09,3.9157650365976586e-05,0.04661736965842532,50.00074792051353,220.48542522886243,0.2760604672752712,0.00896230742527576,7.303162193186011e-06,0.27620590968809167,0.04713149135962275
17.804236325000602,1780933066190286756,track_preview_car,-1.7948151541962691,-1.8663406215408624,-0.0020015851025244457,-1.9907490019854416e-05,1.600025086693548e-06,0.05101229594736196,51.421220087625855,220.43053318574346,0.2785477005942199,0.012638992879130695,-0.00035383188406201205,0.2788342978317515,0.018094025438404177
17.921237460000157,1780933066307289164,track_preview_car,-1.7613538476300983,-1.8646748785490885,-0.0019999672547845763,-2.3684366882792332e-08,-3.2668792818503914e-07,0.05193621416760577,52.8489025011158,220.35946148476108,0.2792107908778058,0.015026711593626018,8.667012958812629e-06,0.2796148561931712,-0.006362113047027227
18.039918137999848,1780933066425967337,track_preview_car,-1.7279435853392826,-1.8628089088240487,-0.0020018506088834635,-2.364902180265139e-05,1.561288911635905e-06,0.05002016920121541,54.27440702552394,220.27984677649272,0.2779629740277423,0.015465117842169427,-0.0005178985897896305,0.27839286054103385,-0.02164953374312569
18.159398994000185,1780933066545450908,track_preview_car,-1.6946243345288616,-1.8609057985621769,-0.002001711246075948,-2.1830693745148536e-05,1.471789647000643e-06,0.046407679348494574,55.69602839343524,220.19864740531955,0.2773884298886647,0.015377970173301394,-0.0002891272477223437,0.2778143678839336,-0.033179711690875614
18.260152910000215,1780933066646202900,track_preview_car,-1.6668636364463483,-1.8594005507225768,-0.0020017145477415343,-2.1835433897150855e-05,1.5026668024147606e-06,0.043180048489748706,56.8804848449558,220.13442349749658,0.27743697756566726,0.014486651534868177,-0.00030443702757819804,0.2778149376715825,-0.03316520737577563
18.377611808999973,1780933066763661219,track_preview_car,-1.633641737335206,-1.857602193087422,-0.0020016632384134174,-2.1046474301252585e-05,1.5591213627053947e-06,0.03750883674581589,58.29795254036455,220.05769357173,0.2765856786541371,0.014331986660372675,-0.00037333940637331286,0.2769567538049987,-0.050864384230155754
18.498224330000085,1780933066884274531,track_preview_car,-1.6004220216482996,-1.8559692007466284,-0.002001718770707306,-2.1743292487975014e-05,1.6153799999005396e-06,0.03150279633918954,59.71532707633922,219.98801923185613,0.276665947765626,0.012662655057669342,-0.0003200033628030565,0.2769555731271021,-0.0508638328844851
18.600944853999863,1780933066986994524,track_preview_car,-1.5727278800886066,-1.8547662502679467,-0.002001711248584348,-2.167408812614626e-05,1.5888972202088436e-06,0.02657385546942385,60.89694378288611,219.93669334476573,0.2768239174285867,0.011138257830613214,-0.00030819172655290576,0.2770479056914349,-0.048886010506824715
18.71877123000013,1780933067104821200,track_preview_car,-1.5394718867230912,-1.8535245272745475,-0.0020017126665315306,-2.178818376976036e-05,1.5181983756257122e-06,0.020978077391708407,62.31586616648144,219.88371316371405,0.2770285334829715,0.009340429925321721,-0.00030281381093362643,0.27718595201581864,-0.045944805562071
18.82257107300029,1780933067208623338,track_preview_car,-1.5117342847564856,-1.8526586798626854,-0.0020017128523152432,-2.1843416586258153e-05,1.478819865106581e-06,0.01670681892268342,63.499337183723284,219.8467703408079,0.27727083877767317,0.00782146503929866,-0.0002999242264242474,0.2773811337344979,-0.041840782283692445
18.923118319999958,1780933067309166817,track_preview_car,-1.4839719777358225,-1.851939897683044,-0.002001712024800515,-2.181447620526364e-05,1.4919929924495355e-06,0.012865623847878864,64.68386228327157,219.8161023011432,0.2775210413365482,0.006405862935676031,-0.0003003121920687629,0.27759496296668057,-0.037427149145114136
19.042268218000572,1780933067428318128,track_preview_car,-1.4506249774410322,-1.8512541547627384,-0.002001711828479227,-2.1717133689559093e-05,1.5630213251992212e-06,0.008835505411296645,66.10666762918262,219.7868439365435,0.2777746983756089,0.004933975722923895,-0.0003057593460893736,0.2778185148151486,-0.0328522805814266
19.142902243000208,1780933067528952023,track_preview_car,-1.4228080245954613,-1.8508179074688713,-0.002001711405151504,-2.1639566283453964e-05,1.6168503127618603e-06,0.005995214163177459,67.29352428392698,219.76823071867182,0.2780167693955435,0.0037851943072211647,-0.0003088241526820917,0.2780425358844905,-0.02825138951292478
19.262556516000586,1780933067648604953,track_preview_car,-1.4019218347682911,-1.8504889930101298,-0.001999650914839093,-1.0141495242704837e-08,-3.7147416307574294e-06,0.0030020079797469963,68.18466838321959,219.75419703509885,0.13922461081816764,0.002340472504030821,-6.822574587593972e-07,0.13924428199754693,-0.024096195146815932
19.36355612999978,1780933067749605319,track_preview_car,-1.387985782903203,-1.8503032712983352,-0.0019997130290354786,-8.825642582384576e-09,-3.055748884171899e-06,0.0010229207392506605,68.77927326279666,219.74627290872894,0.13936263388991052,0.001719649609104337,-5.678072295094011e-07,0.13937324319793715,-0.019770575790622198
19.480583723000564,1780933067866633282,track_preview_car,-1.3712453763966757,-1.8501561773754909,-0.0019997739525694507,-7.204227102717248e-09,-2.408096214738955e-06,-0.0008074778246759639,69.49353060707517,219.7399969013543,0.13959284396128843,0.0008730759484543586,-4.60078865068797e-07,0.13959557423791197,-0.012379101419745608
19.58368658100062,1780933067969735689,track_preview_car,-1.357284405892522,-1.8500819908476722,-0.0019998157502172445,-5.884600376737891e-09,-1.9629645464185207e-06,-0.001988716249864064,70.08919868191907,219.73683160950065,0.13968061853129457,0.00047743880176382515,-3.858204232710105e-07,0.1396814344896789,-0.009491423911571083
19.684603618999972,1780933068070653440,track_preview_car,-1.3433150585540385,-1.8500446719868298,-0.001999850804789604,-4.731834859412229e-09,-1.5895096485977364e-06,-0.0028897683819530907,70.68522416836103,219.73523933810475,0.13975063300694412,0.00015773712197259579,-3.22568477092236e-07,0.1397507220261893,-0.007066500583678423
19.805255410000427,1780933068191304869,track_preview_car,-1.326543161428486,-1.850039420741825,-0.0019998855260489902,-3.7004089960516487e-09,-1.2200257220558139e-06,-0.0036526584964872984,71.40082511238461,219.7350152849845,0.13980077074678704,-0.00011773598207316724,-2.599852760016563e-07,0.13980082032362035,-0.00495113012404505
19.92449162899993,1780933068310540257,track_preview_car,-1.309764561101767,-1.8500662770010508,-0.00199991298108574,-1.3821771653035651e-09,-9.269225457015561e-07,-0.004143923173760841,72.11671205965794,219.73616115204482,0.13984426895353563,-0.0003147676058299489,-1.9695973241770638e-07,0.13984462319944407,-0.0033255346985736033
20.049345051999808,1780933068435395072,track_preview_car,-1.2929806392264438,-1.850107156370039,-0.0019999282300673534,1.8175556072699871e-09,-7.457432713605914e-07,-0.00453669987076468,72.83282605967173,219.737905338455,0.13988694189680095,-0.00033619359912639106,1.8226490321126872e-05,0.1398873458872355,-0.003539470226877017
20.16704978800044,1780933068553097995,track_preview_car,-1.2761927626359746,-1.850161383414022,-0.001999937720968349,6.59620651147461e-09,-6.300219514801778e-07,-0.004838172588132125,73.54910879419842,219.74021902566494,0.13990911144459964,-0.0004758265977165385,6.928941019005405e-05,0.13990992057809373,-0.0023770043136940953
20.269805319000625,1780933068655854989,track_preview_car,-1.2622096649728014,-1.850213394949768,-0.0019999857650905848,-4.6319271591429793e-08,-1.8346084564581317e-07,-0.005051519484523427,74.14572096116046,219.74243818452345,0.13996775104381193,-0.000586535855309705,1.2443585861336843e-06,0.1399689799797515,-0.0014635142874044641
20.38849123,1780933068774540128,track_preview_car,-1.2454232647218062,-1.8502918876563943,-0.001998978006037648,-5.4644159801921194e-08,1.2530279850608865e-05,-0.005085826547417957,74.86194070520293,219.74578720667284,0.1399443509984005,-0.00046870384509711653,0.0047301053263118465,0.13994513589138396,-0.00039104754037311875
20.50724907499989,1780933068893298354,track_preview_car,-1.2286387896000073,-1.8503758791120382,-0.0019999561626249172,-2.3325484889864543e-07,-2.859256321891301e-07,-0.00501680394548334,75.57807831039969,219.74937084211365,0.1399387363706734,-0.0007661541289041929,4.361797020136447e-05,0.1399408336732709,0.001149313580409366
20.6257975059998,1780933069011846144,track_preview_car,-1.2118575757963894,-1.850465328247799,-0.0019999750585698124,-7.732520762488791e-10,-2.661690882036809e-07,-0.0048610164921669904,76.29407676602071,219.75318733857273,0.1398950129814876,-0.0009084252949827982,-4.967331749959808e-06,0.1398979624355092,0.0018922910512050336
20.745980747999965,1780933069132030809,track_preview_car,-1.1950844183274005,-1.8505530089644417,-0.0019999712366418993,-1.444723866926346e-09,-3.0970286482318107e-07,-0.004705291718323904,77.00973148469757,219.75692838248284,0.1396692063380529,-0.0007055187343515251,0.002231189974629499,0.1396709882394555,0.0005136441278885
20.865755094000633,1780933069251807379,track_preview_car,-1.178307197095254,-1.8506457129989882,-0.0019999689835001003,-4.3088570251643224e-10,-3.294720871652578e-07,-0.004435372486567458,77.7255595906025,219.76088375462348,0.13967053929378756,-0.0006922675112495427,0.002234150533063734,0.13967225487162646,0.0009460338472270324
20.984032639999896,1780933069370084644,track_preview_car,-1.1615390831050363,-1.8507335811153747,-0.0020040490713851104,-2.0068129159350255e-11,4.2621194979729164e-05,-0.004206876502414882,78.44099912085179,219.764632794256,0.13906211244482017,-0.00047174455353107163,-0.0016339524034854466,0.13906291259908082,-0.0005465493713225751
21.085994447000303,1780933069472043285,track_preview_car,-1.147564815730183,-1.850806764416597,-0.0020042385552335343,1.3606650644480647e-07,-5.393261707064118e-05,-0.0039804823504408825,79.03723452884552,219.76775528177478,0.14003232086623474,-0.0008710467302595692,-0.004272466885447443,0.1400350299374782,0.0038971575999546993
21.186867563000305,1780933069572917454,track_preview_car,-1.1335909925353191,-1.8508778080837234,-0.0020040852995676303,1.8889160353873366e-07,-5.2057965131038524e-05,-0.003743564967532107,79.63345098515973,219.77078647823885,0.1400246089441527,-0.0008380475601043721,-0.004196813667374618,0.14002711677984334,0.003929743916823402
21.28893987900028,1780933069674990100,track_preview_car,-1.1196206338881858,-1.8509395584770278,-0.002003522592529042,-4.7519962871394694e-05,1.0651563454828072e-06,-0.0035774064462238174,80.22951962077073,219.77342116168654,0.1400273903876718,-0.0009496551899849605,-0.0035703898638062524,0.14003061059554556,0.0024979418854666345
21.390779895999913,1780933069776829295,track_preview_car,-1.1056583910560323,-1.8509923049552208,-0.0020027139578148237,2.8724000198641782e-08,-3.503941236547291e-05,-0.0035021494003059815,80.82524198160928,219.7756716780894,0.14003353922695527,-0.0010094145621410023,-0.0032630135227597235,0.14003717730012086,0.0051634872448765405
21.50730078900051,1780933069893350368,track_preview_car,-1.088898443292882,-1.8510625030779146,-0.0019999456470708773,-8.786802343042734e-08,-5.068534062179284e-07,-0.003267450667929066,81.54033308617036,219.77866679799104,0.1398931042021105,-0.0007217674940583401,4.2769758598256474e-05,0.13989496614109467,0.0037157219823507745
21.60744978100047,1780933069993499681,track_preview_car,-1.074933597751937,-1.8511162170737039,-0.0019999708426162426,1.995426361786785e-11,-3.0741908908476795e-07,-0.003092898803516017,82.13616649591737,219.78095859514468,0.13985728496908043,-0.0008122133186304917,-3.3439474327957993e-06,0.13985964339078494,0.003990220166086537
21.707840959999885,1780933070093892082,track_preview_car,-1.0609546409163586,-1.8511792842271746,-0.001999990190056031,2.909242882143167e-08,-1.2335037904915552e-07,-0.002774987689356203,82.7326019875687,219.78364946035947,0.1398297444210614,-0.000713577881855551,6.787751838104178e-07,0.1398315651712904,0.0040201249112279515
21.827294857000197,1780933070213344056,track_preview_car,-1.0441784774076177,-1.8512481682902462,-0.001999961588458449,-1.2205847626211956e-07,-3.0909982476066225e-07,-0.0023904215867529125,83.44838496394163,219.78658851371716,0.13984103715718796,-0.0006711614432943991,-9.442871314043824e-06,0.13984264775411323,0.0034515991007389364
21.92875091699989,1780933070314802541,track_preview_car,-1.0301990694276948,-1.851296640748614,-0.0020022062829743617,-1.921196062573565e-07,-2.8352925893135537e-05,-0.0021177020977094308,84.04483970441837,219.78865667194088,0.1400033130530322,-0.0005904790638974638,-0.003229258719695054,0.14000455825204491,0.003305775413933295
22.046414669000114,1780933070432468857,track_preview_car,-1.0134215381506786,-1.8513474477940528,-0.0019999511777691607,-2.8508219463107467e-07,-2.9943898899695415e-07,-0.0018171776421348164,84.76068103890438,219.79082443921294,0.13992205599120167,-0.00043224925680682825,4.753214114577832e-05,0.13992272364496405,0.002470385794772013
22.148944235999807,1780933070534994897,track_preview_car,-0.9994397866497853,-1.8513824100494265,-0.0019999906975304692,-4.4868615428790004e-08,-1.3044116097081955e-07,-0.0016263600917715462,85.35723576960916,219.79231616210888,0.1399228781196781,-0.00041232245468866764,1.3068233035170711e-06,0.1399234856309009,0.0023638339238235924
22.268902964000517,1780933070654950681,track_preview_car,-0.9826592423356257,-1.8514252289807511,-0.0019999367720115106,9.543604243790247e-08,3.4691923927324243e-07,-0.001394958612813888,86.07320566034664,219.79414310317873,0.13996144793761695,-0.0001752139881562004,0.003968677871217992,0.13996155761042353,0.0012919989804297293
22.38873808000062,1780933070774786358,track_preview_car,-0.9658821112698057,-1.8514587039370587,-0.001999970697385014,8.277680119711062e-08,-3.6869078299909053e-07,-0.0012332355403849905,86.78902991915496,219.79557136798115,0.1398739778730684,-0.00037475770870639997,-3.076470183890456e-06,0.13987447990743654,0.0022519515689064366
22.50865785499991,1780933070894707445,track_preview_car,-0.9491088436887769,-1.8514877543998605,-0.0020024941450377414,1.5777244331889015e-07,-3.203573013178599e-05,-0.001090685569272932,87.50468933594553,219.79681085439404,0.14004320168294082,-0.0003495962945255258,-0.0033873532878933507,0.14004363803892694,0.0024560760928185772
22.60880294100025,1780933070994855567,track_preview_car,-0.9351300198665145,-1.8515112197032286,-0.0019999638738009066,-1.1055741187664314e-08,-3.872140721542128e-07,-0.0009695916767759654,88.10111915236206,219.7978120406711,0.13992881231317295,-0.00025657216825957375,4.015739483090225e-06,0.1399290475371454,0.0014921272425115744
22.7249991030003,1780933071111047280,track_preview_car,-0.9183501327150684,-1.8515364938907724,-0.0020039075800438243,-2.606546518338447e-11,4.113173952864013e-05,-0.000826475663187481,88.81706100415708,219.7988904060063,0.13904227460773366,-6.533697511611528e-05,-0.001207823083757279,0.1390422899588925,-0.000688692969330817
22.844272256000295,1780933071230321595,track_preview_car,-0.9015686828903747,-1.851555702377189,-0.0020043004177028026,2.734772965999586e-05,-2.6269735585284326e-05,-0.0007080544238795645,89.53306953001068,219.7997099680934,0.1400871744674756,2.384181405399883e-05,-0.004248376699444605,0.1400871764963269,0.0027931426443595325
22.94623601800049,1780933071332286459,track_preview_car,-0.8875885387515811,-1.8515631155380512,-0.0020037344568639387,5.151400501123063e-05,1.3266355410338642e-05,-0.0006962320508366736,90.12955567993254,219.80002626295686,0.1397268396803123,1.3207217252785617e-05,-0.003758307449075669,0.13972684030449656,-0.00017664706026540312
23.047121534000325,1780933071433170462,track_preview_car,-0.8736112940961259,-1.8515702957501916,-0.0020014962105610926,-1.9353167635349103e-05,1.0880288027673541e-06,-0.0006948384861152765,90.72591811856529,219.80033261867482,0.13988726918266117,-0.00011105258973603145,-0.0017898639552422163,0.1398873132634264,-0.00034893886874401886
23.14739602300051,1780933071533446495,track_preview_car,-0.8596239692592432,-1.851587227708973,-0.001998991834282759,-5.021400961814301e-08,1.2646933285485326e-05,-0.0005860835074806311,91.32271064493895,219.80105504891617,0.13985792311496642,2.193023598804796e-05,0.004735660633944586,0.13985792483433718,0.0017718155364449028
23.253616443999817,1780933071639666624,track_preview_car,-0.8456331858333398,-1.8516032032115124,-0.0019999888783486467,-5.789392216442957e-10,-1.1986179910248334e-07,-0.00048077075926764734,91.9196507377775,219.80173667035785,0.13991111602087677,-0.00015350896112089875,-2.6369085049143815e-07,0.1399112002350362,0.0009772117389776687
23.370795806999922,1780933071756850366,track_preview_car,-0.8386072696270692,-1.8516793678215653,-0.0019998948562455513,-3.5425703251138728e-09,-1.11967143975431e-06,0.000455029767998518,92.21942316257838,219.8049863603868,-3.704809191687583e-08,-4.851628513404954e-07,-1.8882211936972758e-07,4.865753317170128e-07,-3.402361113856067e-06
23.486830605999785,1780933071872881087,track_preview_car,-0.8386072762211377,-1.8516794595205786,-0.0019999151992598375,-3.2060553894886046e-09,-9.034643685070286e-07,0.0004543867864004385,92.21942288123145,219.804990272878,-6.02162058689233e-08,-8.492913737054852e-07,-1.5132778693922876e-07,8.514234134082752e-07,-5.955056788752786e-06
23.587244879000536,1780933071973295140,track_preview_car,-0.8386072819519942,-1.8516795405309177,-0.001999929045319834,-2.933424078535682e-09,-7.568368817357229e-07,0.000453818758814148,92.21942263671491,219.80499372931916,-5.362289889837975e-08,-7.589358029165835e-07,-1.2661907494880553e-07,7.608278177320444e-07,-5.321500736710481e-06
23.688320242000373,1780933072074368219,track_preview_car,-0.8386072868979798,-1.851679610555524,-0.0019999406511848174,-2.7001792804059415e-09,-6.339972047703991e-07,0.00045332776074834274,92.21942242568619,219.8049967170357,-4.5467128674493766e-08,-6.438248695537132e-07,-1.062584433331043e-07,6.454283247935116e-07,-4.514369685270548e-06
23.78943195500051,1780933072175482667,track_preview_car,-0.8386072910706225,-1.851679669641334,-0.001999950399539313,-2.5045461981996906e-09,-5.308311126041179e-07,0.000452913462948103,92.21942224765344,219.80499923803023,-3.8243601414692015e-08,-5.415146315774907e-07,-8.932778703490963e-08,5.42863398344069e-07,-3.7969943932405016e-06
23.889863231000163,1780933072275910927,track_preview_car,-0.8386072945783325,-1.8516797193046408,-0.0019999586054320006,-2.341286825954121e-09,-4.4399537234019765e-07,0.0004525652335454877,92.21942209799116,219.805001356998,-3.2146861565624146e-08,-4.5508409541826985e-07,-7.531452408203465e-08,4.562180998285627e-07,-3.1909631642160813e-06
24.007509273999858,1780933072393558573,track_preview_car,-0.8386072980613243,-1.8516797685993347,-0.001999966804495392,-2.1821686274842282e-09,-3.572450405577844e-07,0.00045221958854315574,92.2194219493835,219.80500346023825,-2.617816599635149e-08,-3.703590760096612e-07,-6.202249374173685e-08,3.7128310163224847e-07,-2.5968886440522687e-06
24.128390487000615,1780933072514439055,track_preview_car,-0.838607300903077,-1.8516798087649022,-0.0019999736752513713,-2.058120438376238e-09,-2.8458423542487727e-07,0.00045193795541327255,92.21942182813538,219.80500517396916,-2.1322042814146656e-08,-3.007810999413429e-07,-5.359221805079084e-08,3.0153590099968596e-07,-2.109015292610466e-06
24.228457983000226,1780933072614506901,track_preview_car,-0.8386072835442926,-1.8516797944621646,-0.0019999796800407514,-1.6506260022653304e-09,-2.201339195485245e-07,0.0004521191903147272,92.21942256877685,219.80500456371902,2.503802220440078e-07,2.6879334910770234e-07,-5.451420248517303e-08,3.6734196617775896e-07,3.0263533082500327e-06
24.329690346999996,1780933072715738354,track_preview_car,-0.8386072566389824,-1.8516797662781357,-0.0019999844677429713,-1.3630673072609684e-09,-1.685188988315422e-07,0.0004524391125814652,92.21942371673674,219.80500336120048,2.8672492842593777e-07,2.946665321377286e-07,-4.184973334390995e-08,4.111441958035334e-07,3.366403772698287e-06
24.430527768000502,1780933072816579392,track_preview_car,-0.8386072266595342,-1.8516797359834176,-0.0019999881433295434,-1.1389346623310307e-09,-1.2887916746982577e-07,0.00045278721739274726,92.21942499585987,219.8050020686258,3.1234125883068575e-07,3.113996474686545e-07,-3.21080081212427e-08,4.4105192711464225e-07,3.5948646678700277e-06
24.532325818000572,1780933072918375148,track_preview_car,-0.8386063839190959,-1.85167956394393,-0.002001679435665365,-3.260974162042375e-08,-2.1215323610086183e-05,0.0004539752559590619,92.21946095278524,219.80499472827432,5.6784295951913255e-05,-2.398321001912537e-05,-0.0016890153418941394,6.164130619621835e-05,-3.880350843840091e-05
24.649271783000586,1780933073035321143,track_preview_car,-0.8386046846264449,-1.8516793897190207,-0.0019999877503808932,5.125465830615452e-09,-1.2387939179453274e-07,0.0004550283337047226,92.21953345593835,219.8049872946782,9.642360139450707e-06,-9.414415860899233e-05,0.00398046405777531,9.46366615496023e-05,2.0964138630549177e-05
24.75054110900055,1780933073136591209,track_preview_car,-0.8386030975522194,-1.8516791373005412,-0.0020007429921360905,1.721817011333054e-08,-9.631370712894145e-06,0.00045649566631113876,92.2196011711053,219.80497652482308,3.568709459966007e-05,-4.492533567712413e-05,-0.0007557207983538073,5.7374685242425245e-05,-7.682588935703352e-05
24.850602317000266,1780933073236649533,track_preview_car,-0.8386015526820603,-1.851678926453134,-0.0020020558730796936,-1.1569987601795385e-07,-2.591171577746202e-05,0.0004553395851292771,92.21966708556542,219.80496752866702,0.00012029796730189248,4.695096627073546e-05,-0.001674384315887559,0.00012913556508848726,-0.00028010821785396474
24.95213868600058,1780933073338187985,track_preview_car,-0.8386001256892169,-1.8516787896590439,-0.0019999933036195148,-2.3114972572629288e-09,-7.755681104691497e-08,0.0004553797427598156,92.21972797059341,219.8049616921192,-1.3227292922706824e-05,-7.292298746743725e-05,0.0040681508706234435,7.411290966652909e-05,5.8358708018211435e-05
25.052637247999883,1780933073438685927,track_preview_car,-0.8385986705379153,-1.8516786227159785,-0.002000576403529626,3.17866445117688e-05,3.0158613965695668e-05,0.0004562427756545112,92.21979005704895,219.80495456921506,-4.3688308106544746e-05,3.673684513507637e-05,-0.0005876843570395213,5.70812058009549e-05,-0.0002351094697756957
25.154729953999777,1780933073540779454,track_preview_car,-0.8385971083721534,-1.8516784813757572,-0.0019999911004964562,-8.607249957598276e-08,-8.753082748658256e-08,0.0004565112719035403,92.21985670945479,219.80494853869897,2.0071433381351556e-05,-1.0115846969251277e-05,4.180231909198556e-06,2.247649434158592e-05,-4.0225406811014165e-05
25.272510011000122,1780933073658557727,track_preview_car,-0.8385953196130148,-1.8516781014180592,-0.0019999910520235543,-1.0006524127116515e-09,-9.137614312217796e-08,0.00045631694293701304,92.2199330298447,219.80493232717055,-4.9665028231534196e-05,-2.3840471402899058e-06,0.0019786797910106347,4.972221545754184e-05,-1.818771888700382e-05
25.37474203000056,1780933073760792972,track_preview_car,-0.8385936968526603,-1.8516780462030729,-0.002003737260223514,-4.9452969378162716e-08,-4.696032908096822e-05,0.0004577965385498538,92.22000226761983,219.8049299713311,0.00011484426341174713,-1.5193766289744374e-05,-0.0037401769500694892,0.00011584496265549976,-3.844692824867036e-05
25.494367766999858,1780933073880417798,track_preview_car,-0.8385920022085951,-1.8516777298741658,-0.0019999905995153615,-1.304764944651572e-09,-9.621770542973303e-08,0.00045864528259874875,92.22007457243328,219.80491647463106,-5.817604103369474e-05,-3.0414397620284707e-06,0.0023119955361981335,5.825548992309808e-05,-2.244286952560462e-05
25.595026157000575,1780933073981075276,track_preview_car,-0.8385905575549357,-1.8516775435904007,-0.002000399998514165,2.2244473148632e-05,2.1070493495436535e-05,0.0004579347976558344,92.22013621098941,219.80490852652377,-2.05662211453939e-05,1.5120980140236945e-05,-0.00041043038492497144,2.552672114868432e-05,-0.00030584597213428936
25.712551874000383,1780933074098601394,track_preview_car,-0.8385888166594836,-1.8516774494769586,-0.0020031231019915787,5.5134560436672445e-12,3.287412620171643e-05,0.00045964467460990737,92.22021048919537,219.8049045110169,-0.00013719363160644764,1.7273419298538692e-05,-0.0011604005493826904,0.00013827676438081995,6.198764592849236e-07
25.83275186100036,1780933074218800850,track_preview_car,-0.8385867882917275,-1.8516771730740393,-0.0020037372597813486,-4.945235287174565e-08,-4.6960323169608056e-05,0.0004596598542699205,92.2202970328863,219.80489271782568,0.00011484434866526602,-1.519321220799592e-05,-0.0037401765080424957,0.0001158449745027655,-3.844549314335598e-05
25.93317320799997,1780933074319222507,track_preview_car,-0.8385852896234596,-1.851676984586914,-0.0020037441404685634,-2.3503674708765253e-08,-4.700870439509126e-05,0.00045973562187496435,92.22036097606573,219.8048846757083,0.00011443430635875062,-2.157180630928357e-07,-0.003750448106199453,0.00011443450968170022,-2.6708578343491542e-05
26.05273655000019,1780933074438785940,track_preview_car,-0.838583649003519,-1.8516766704634486,-0.0020003999994604054,2.224448865745705e-05,2.1070515205255645e-05,0.00045979812761337015,92.22043097584987,219.80487127310715,-2.056619151288395e-05,1.5120839520829291e-05,-0.00041043139132075965,2.5526613977558654e-05,-0.0003058473926810264
26.154268336000314,1780933074540317605,track_preview_car,-0.8385820697948211,-1.8516765428880129,-0.002000000007289007,3.7020467206887185e-07,2.8060140899434795e-07,0.00046103813828477083,92.22049835542097,219.80486582988857,3.540401789860336e-05,8.57770485620966e-06,-7.379817995740958e-06,3.6428306355976385e-05,0.0002897800890845377
26.2732180160001,1780933074659266935,track_preview_car,-0.8385803209158164,-1.851676266218967,-0.0020003248491866025,1.801375592003461e-05,1.70731148644588e-05,0.0004621734869745269,92.2205729742585,219.8048540253426,-2.4543230027822885e-06,-6.853582416703897e-06,-0.0003397467536233103,7.279786627679351e-06,-0.00044780627596738325
26.391992937000396,1780933074778041375,track_preview_car,-0.8385783810888852,-1.8516761114639873,-0.002003744140485449,-2.3503560812454206e-08,-4.700870444292389e-05,0.0004615989739532131,92.22065574020758,219.80484742246347,0.00011443435449714625,-2.1548505334728315e-07,-0.003750448137375141,0.00011443455738100598,-2.6707476836741506e-05
26.511368018999747,1780933074897417809,track_preview_car,-0.8385767404736166,-1.8516757973413542,-0.0020004000004081143,2.224450419043619e-05,2.1070536948735424e-05,0.00046166148418594366,92.22072573979236,219.80483401989778,-2.056616179892843e-05,1.5120698754685194e-05,-0.0004104323992952876,2.5526506654253368e-05,-0.000305848815299148
26.631607359000554,1780933075017658542,track_preview_car,-0.8385749995905233,-1.8516757032304165,-0.0020031231015101287,5.513988242324852e-12,3.287412113358354e-05,0.00046337138490279287,92.220800017471,219.80483000449777,-0.00013719368984637946,1.7272922280730346e-05,-0.0011604003918879962,0.00013827676007840479,6.198845743852966e-07
26.732440063000467,1780933075118487458,track_preview_car,-0.8385734123966314,-1.8516753930993022,-0.0020003248495737798,1.801376295298388e-05,1.707312426383843e-05,0.00046403685733348245,92.22086773774373,219.8048167722369,-2.454326362606937e-06,-6.853574993344312e-06,-0.00033974717935123726,7.279780771670387e-06,-0.0004478063201944725
26.83560136200049,1780933075221651333,track_preview_car,-0.8385718415648599,-1.8516751989985094,-0.002001679095639238,-3.358041465742963e-08,-2.1209479004366475e-05,0.0004632877614449255,92.22093475989931,219.80480849060308,5.6228477601239174e-05,-2.4430444723160365e-05,-0.00168850221514999,6.130651125879249e-05,-4.479427182560849e-05
26.952285567000217,1780933075338335687,track_preview_car,-0.8385701418687449,-1.8516750240848179,-0.0019999877501526105,5.128598970126141e-09,-1.238794698199678e-07,0.0004643449956937559,92.22100728026689,219.8048010276189,9.642910010827952e-06,-9.414346681715969e-05,0.003980474241747529,9.463602938538035e-05,2.0970949744535472e-05
27.07291043300029,1780933075458958991,track_preview_car,-0.838568252767622,-1.8516747966527884,-0.0020000000068050045,3.701808173575249e-07,2.8057823714048147e-07,0.0004647648813440776,92.2210878819148,219.80479132385233,3.540379863773022e-05,8.577895907590088e-06,-7.379323516798069e-06,3.6428138247547034e-05,0.0002897786825400234
27.174645916999907,1780933075560698653,track_preview_car,-0.8385667581652492,-1.8516746362680978,-0.001999992855524703,-2.211705823011556e-09,-8.209828218502241e-08,0.0004646950407421683,92.22115165161603,219.80478448077218,-2.9772184681465866e-05,-7.621257303509573e-05,0.004837281278504393,8.182138638117245e-05,2.448208731104984e-05
27.29393293300018,1780933075679980910,track_preview_car,-0.8385649330716244,-1.8516743258845723,-0.002001679096670585,-3.358027137242629e-08,-2.1209493617526956e-05,0.00046515116466655,92.22122952227735,219.80477123774176,5.622852092055224e-05,-2.4430253932390884e-05,-0.0016885033075427194,6.130647496075828e-05,-4.479419283241917e-05
27.413412783999775,1780933075799462103,track_preview_car,-0.8385632333818298,-1.8516741509726227,-0.001999987750106714,5.129228902422933e-09,-1.2387948549277453e-07,0.0004662084081006678,92.22130204237527,219.80476377483188,9.643019667896512e-06,-9.41433278691684e-05,0.003980476288451336,9.463590233414155e-05,2.0972318687527087e-05
27.53311565400054,1780933075919164763,track_preview_car,-0.8385613442863982,-1.8516739235425652,-0.0020000000065624256,3.7016886048433543e-07,2.805666226852574e-07,0.0004666282930660515,92.22138264378034,219.80475407114943,3.5403688856943295e-05,8.577991627218382e-06,-7.379075680904096e-06,3.642805409345769e-05,0.000289777979827063
27.63543043900063,1780933076021480450,track_preview_car,-0.8385598496888254,-1.8516737631585078,-0.001999992855516683,-2.2116780503716594e-09,-8.209828706112082e-08,0.00046655846580071565,92.2214464132768,219.80474722809635,-2.9772108003255464e-05,-7.621253160944163e-05,0.004837283547542664,8.182131989449722e-05,2.4483177155404057e-05
27.754672251000557,1780933076140720718,track_preview_car,-0.8385580245999974,-1.8516734527755876,-0.0020016790977035216,-3.358012786540375e-08,-2.120950825282716e-05,0.00046701459476636785,92.22152428373344,219.80473398509173,5.622856425288551e-05,-2.4430062932836193e-05,-0.0016885044016118952,6.130643859206968e-05,-4.479411282702506e-05
27.855725070000517,1780933076241773598,track_preview_car,-0.8385564910471163,-1.851673257476347,-0.0020059577095369163,3.878327901864193e-05,-2.9840490995538127e-05,0.0004676070388604803,92.22158971532303,219.80472565232412,0.00010845170423169394,2.828648982130439e-05,-0.00596431541478695,0.00011207987177530842,0.00045439341622013945
27.974370493000606,1780933076360423138,track_preview_car,-0.8385547378731664,-1.8516730254530998,-0.002000742991646696,1.7213051860238098e-08,-9.631368205928046e-06,0.00046953920330469035,92.22166451741157,219.80471575266557,3.5687980594999574e-05,-4.4923469569716264e-05,-0.0007557209095784225,5.737377516888957e-05,-7.681228534192166e-05
28.094132551000257,1780933076480182301,track_preview_car,-0.8385529412340356,-1.8516728900538972,-0.001999992855508655,-2.2116502724345494e-09,-8.209829191755262e-08,0.00046842191782095065,92.22174117401448,219.80470997563293,-2.9772031454224725e-05,-7.621248999596588e-05,0.004837285820346088,8.182125327991832e-05,2.448426916523279e-05
28.195395174000623,1780933076581446638,track_preview_car,-0.8231956050716511,-1.8518868859325042,-0.0020006240458391037,-7.689630799402425e-06,7.407166713123472e-07,0.003966064395944359,92.87698751694288,219.81384046645348,0.2797992471940333,0.0007702077188429032,-0.0006312721372496978,0.2798003072733801,0.003320438842539651
28.315062478000073,1780933076701111727,track_preview_car,-0.7896690964909623,-1.8517284763270365,-0.0020015265110785645,1.9664964059714905e-05,1.1655081952342712e-06,0.0036497859656432715,94.30745188305227,219.8070816566202,0.279577552637947,0.0014827406691342204,0.00016053364110946768,0.2795814844708353,-0.003080073847150979
28.415499656000065,1780933076801549316,track_preview_car,-0.7617348261818853,-1.8515937838425076,-0.0020014012329930965,1.7857432957402774e-05,1.2167215106645971e-06,0.0031782855732231823,95.49931408290624,219.80133477728032,0.2795399954766107,0.0013952858071630595,0.0003107587295001833,0.2795434776444394,-0.0037407350069087048
28.516955795000285,1780933076903004293,track_preview_car,-0.733800630874748,-1.8514724407554117,-0.002001410492485857,1.802197170416619e-05,1.189488952421444e-06,0.0027045969133049383,96.69117308267742,219.7961574722309,0.27954086747517876,0.0012658326026030757,0.0003025288319712132,0.27954373346750816,-0.0037598733938051005
28.6172053600003,1780933077003252786,track_preview_car,-0.7058653713458878,-1.8513648663853932,-0.0020014055786464684,1.8148224185235446e-05,1.0420812910954961e-06,0.002247063027314215,97.88307748924213,219.79156763244345,0.27955291267002025,0.0011322452459657576,0.00030540413014743434,0.27955520557054375,-0.0036112856340462956
28.717285999000524,1780933077103334436,track_preview_car,-0.6779284829167921,-1.851270988849924,-0.0020014016383358827,1.8284510983252384e-05,8.973124414382119e-07,0.0018174419000063881,99.0750513955502,219.7875621909301,0.27956952046225475,0.000996723031797175,0.00030878209795177577,0.27957129721825374,-0.0033431106780146707
28.836582409000584,1780933077222630436,track_preview_car,-0.6444015417079721,-1.8511767645757722,-0.0020014016476250676,1.8298538578831713e-05,8.867638639543049e-07,0.0013523600297093926,100.50553422045985,219.78354195523292,0.27960764848226094,0.0008051046278084944,0.0003104228393245513,0.2796088075923956,-0.0025663851186231833
28.95672023499992,1780933077342769745,track_preview_car,-0.61087187316483,-1.8511025066254552,-0.002001406778032299,1.8148463486510127e-05,1.0544965682368555e-06,0.000946620987353424,101.93613341163392,219.7803736160194,0.2796249362227462,0.0006500825701546001,0.00030701904412449584,0.27962569188993147,-0.00213196463155814
29.057548531000066,1780933077443598863,track_preview_car,-0.5829284833358919,-1.8510551374153215,-0.0020014105536357235,1.8018877172674105e-05,1.1924380535838336e-06,0.0006550444543906018,103.12838471100194,219.7783525297204,0.2796435352748281,0.0005225034719721982,0.00030355499607736907,0.27964402341348593,-0.001644655641821393
29.17647669300004,1780933077562526053,track_preview_car,-0.5493938327020929,-1.8510137043918526,-0.002001409907973128,1.8010585858108302e-05,1.1919188488012177e-06,0.000365576293708745,104.55919647137738,219.77658472071903,0.2796633418676187,0.0004047003223240305,0.0003024114849300288,0.2796636346880221,-0.001203633513022001
29.296953592000136,1780933077683002651,track_preview_car,-0.5158563070206621,-1.8509852260051678,-0.002001404669883594,1.8169672039784175e-05,1.0162149318713417e-06,0.00013558612581664376,105.99013090045175,219.77536964288714,0.2796849272357716,0.0003141437747943779,0.0003055787804418028,0.2796851036597947,-0.0007996027093495131
29.41686774200025,1780933077802917141,track_preview_car,-0.482316437019265,-1.8509668257526355,-0.0020014003377048554,1.8323039975032335e-05,8.543876204313309e-07,-3.7734752917545064e-05,107.42116535384469,219.77458456544576,0.2797002989662016,0.00023950415572162806,0.0003092594093879986,0.27970040150851255,-0.000416023191014245
29.536717370000588,1780933077922766308,track_preview_car,-0.44877494461740186,-1.8509577279227147,-0.0020014010138063175,1.831066432807777e-05,8.709322479723304e-07,-0.00015067962975666603,108.85226902965752,219.77419639136917,0.2797131412700573,0.00014225574854247877,0.00030983421663301186,0.27971317744407576,0.0003149449259719055
29.65651105699999,1780933078042561118,track_preview_car,-0.4152331278744814,-1.850955946496292,-0.0020014070426481517,1.8131180786453258e-05,1.0718446478114477e-06,-0.000221545158186727,110.28338654402212,219.77412038384176,0.2797115901048349,0.00011504246136896674,0.00030610565920003433,0.27971161376271647,0.0003683844380777673
29.77466404200004,1780933078160714393,track_preview_car,-0.38169006599266886,-1.8509569757709963,-0.002001411100567642,1.7983640037763688e-05,1.226289394829217e-06,-0.0002937757613706708,111.7145571843128,219.77416429956253,0.27971258845729247,0.00010534350577895142,0.00030248776184815557,0.2797126082941791,0.0002675009037182843
29.8748779739999,1780933078260927263,track_preview_car,-0.3537360852210973,-1.8509592020022472,-0.002001410037425402,1.8004191378512944e-05,1.1994345194922446e-06,-0.0003570798406383834,112.90726036389985,219.7742592854292,0.2797192554902568,0.0001004552933520838,0.0003024222584153747,0.27971927352846016,0.00021609333015809126
29.9779007850002,1780933078363950304,track_preview_car,-0.3257805256653687,-1.8509622029399015,-0.002001406218372304,1.812446856602649e-05,1.067985189711993e-06,-0.0004189929747899696,114.10003090494428,219.77438732543578,0.27972911511973586,9.813699917804203e-05,0.00030530165515005325,0.2797291323343728,0.00019095038632954093
30.08069373699982,1780933078466754778,track_preview_car,-0.2978235158073618,-1.8509657329984461,-0.002001403300985102,1.823172661895743e-05,9.559067751718392e-07,-0.00047813809936344425,115.29286332555256,219.77453794126706,0.27973677597977786,9.54294330661755e-05,0.00030864177001198984,0.27973679225718073,0.00016166759459397082
30.198409329999777,1780933078584458529,track_preview_car,-0.2642730045749856,-1.8509709590956491,-0.0020014052419537348,1.8193034866475765e-05,1.0055519749774337e-06,-0.0005465554472221007,116.72435180480062,219.77476092141438,0.27974444308371793,9.019193866596892e-05,0.0003098918170631276,0.2797444576230337,0.00010661693812571404
30.316427548999854,1780933078702474724,track_preview_car,-0.23072017839165404,-1.8509778091645783,-0.002001411660554647,1.79973408071016e-05,1.2213215092074238e-06,-0.0006199437396075639,118.15593905528942,219.77505319102198,0.2797478325273477,8.03455695927276e-05,0.0003066844602607752,0.2797478440652573,4.205711982296439e-06
30.418417935000434,1780933078804468496,track_preview_car,-0.2027572282593438,-1.850984687205559,-0.002001416240638882,1.783578376243992e-05,1.3918014144678866e-06,-0.0006923943852659881,119.34902492760133,219.77534665410383,0.279752261574569,7.150763614527688e-05,0.0003028729889313488,0.2797522707136228,-8.759982618298844e-05
30.518799117000526,1780933078904849548,track_preview_car,-0.1747992391336649,-1.8509903139686452,-0.0020047138300405987,-3.507972484431949e-11,4.9619206732647643e-05,-0.0008837101418339653,120.54189913029697,219.77558672932884,0.27904730081058143,-0.00013370987616471953,-0.004725290250061757,0.27904733284516825,-0.0014085807386831697
30.637804718000552,1780933079023853657,track_preview_car,-0.14125769071735786,-1.8510012330569798,-0.001998455368422773,1.0727038268967629e-08,1.911786588427766e-05,-0.0012122303020007414,121.9730051960594,219.77605261043112,0.2797798924881522,-4.8316690258735955e-05,0.005108030565907966,0.2797798966601864,-0.002683410513014669
30.739070595000157,1780933079125118772,track_preview_car,-0.11328229109268721,-1.8510199273821724,-0.0019999878546826696,5.878681499784387e-09,-1.056100427135993e-07,-0.0014314455240891683,123.16662224671201,219.7768502349727,0.27933459193624655,5.602383205153741e-05,0.005920726957376375,0.2793345975543652,0.0009187600760066227
30.840805921000538,1780933079226854789,track_preview_car,-0.08530292521275586,-1.8510441696671183,-0.002002546252933773,3.827171927179908e-05,1.2699357424282825e-05,-0.0016570118386057416,124.36040852425575,219.77788457246373,0.2797873294629042,-0.00025493257334379554,-0.002563484698104675,0.2797874456057681,-0.0021827461825755143
30.958422618999975,1780933079344474493,track_preview_car,-0.05171871334286709,-1.8510870015419842,-0.001999986743920149,-5.785457870123166e-08,-1.8192421449705573e-07,-0.001876038988726508,125.79333489737101,219.77971206579133,0.279963758478175,-0.0004814659763799344,8.355977939513425e-07,0.2799641724769659,-0.0005520021183532342
31.07616127199981,1780933079462212224,track_preview_car,-0.01813783133347919,-1.8511421151537744,-0.002001239427720455,-1.9267889994518998e-08,-1.663056344840504e-05,-0.0019660763563282275,127.22611919643822,219.78206357989438,0.28001734668542366,-0.0005460523338200833,-0.001258806301328188,0.2800178791039887,0.00026065397395568554
31.17837347600016,1780933079564423116,track_preview_car,0.00985142812682679,-1.851193190898414,-0.0020027169832562367,3.551451738842479e-05,1.6835204772010802e-06,-0.0019418008224522324,128.42032760007794,219.78424281166565,0.2798918807982972,-0.0003625091892481495,-0.002685996043402505,0.2798921155547624,0.002130025911119194
31.278652969000177,1780933079664704482,track_preview_car,0.03783823852115674,-1.851246848793245,-0.001999936733144068,-8.089972525499015e-10,-6.69597979376822e-07,-0.0018629196113172485,129.61443151023602,219.78653221517845,0.2798769005903677,-0.0007076017488458244,8.104484499183579e-07,0.27987779508975974,0.0012895815277938888
31.379181500999948,1780933079765232243,track_preview_car,0.0658240751677313,-1.8513009287619704,-0.0020007920994147277,-2.1521823953112495e-07,-1.104822292632697e-05,-0.0017365508628743463,130.8084938738232,219.78883962717742,0.27992600552794433,-0.0006430532373837721,-0.0008091058540369809,0.27992674414620844,0.0016692744873269627
31.49711545199989,1780933079883165973,track_preview_car,0.09940228460594894,-1.8513633088302213,-0.002002676670843999,3.572049028059971e-05,1.1030368737643196e-06,-0.001560929636313046,132.24116414318715,219.79150117675613,0.2798540559993979,-0.0002928707394248195,-0.0025953509728479924,0.27985420924578597,0.0031765795354398124
31.59941013200023,1780933079985459290,track_preview_car,0.12737793797291685,-1.851410523724723,-0.001998975431762679,-2.0710624467772535e-09,1.2517570958631112e-05,-0.0014282765794637593,133.43479202017778,219.7935156789215,0.27983208179138036,-0.00030768336797815706,0.0047308755158555855,0.27983225094465564,0.0007616528964193086
31.702839778999987,1780933080088888367,track_preview_car,0.15535042668628793,-1.8514554576215005,-0.002004131965251895,1.4928711634308035e-07,-5.2531217751798596e-05,-0.0013051916500044284,134.6282848719483,219.79543285851736,0.27997982408805977,-0.0005802077137892191,-0.004214907558256587,0.27998042527536104,0.00257086625772034
31.81871312900057,1780933080204766405,track_preview_car,0.18892177271030128,-1.8515062129375952,-0.0020042583297436908,2.7076622365939834e-05,-2.6151629465687234e-05,-0.0011235406378240986,136.06066230230618,219.7975984186707,0.2800063708566433,-0.0002870648522174567,-0.00421378828453537,0.2800065180072376,0.004096130527076628
31.937471803000335,1780933080323520191,track_preview_car,0.22250195369390044,-1.8515491632534509,-0.0019999393940330727,-2.6829524925917317e-09,-6.497749718440456e-07,-0.0009152361218383818,137.49341669093974,219.79943096548055,0.2796223941035599,-0.0002498961936621189,0.0027942952204971392,0.27962250576860614,9.746009053599039e-05
32.05771873100002,1780933080443768902,track_preview_car,0.2560829133690385,-1.8515851039544176,-0.00199996525660877,-3.124923497130749e-09,-3.7858724219972905e-07,-0.0007130778885581383,138.92620430374564,219.8009644353885,0.279753208279093,-0.0003187652439783379,0.0008366630553371338,0.27975338988781956,0.0008897359868498169
32.160656021999785,1780933080546704861,track_preview_car,0.2840582437042007,-1.8516105003711794,-0.0020040208298510447,2.082768770788334e-11,4.232442399404924e-05,-0.0005979285221123639,140.1198183980459,219.802048015837,0.2790031769486754,8.579219563757823e-05,-0.004378491661514608,0.27900319013902813,0.0009025735611164826
32.26122333800049,1780933080647273178,track_preview_car,0.31203950273696546,-1.85162731939584,-0.001999994180720502,-2.2263066836269356e-09,-6.159915200502415e-08,-0.0005099034111045882,141.31368545011054,219.80276562755586,0.27963399060402505,7.290447708719177e-05,0.0019872768824194973,0.2796340001076313,0.0009662856071672798
32.37811304200022,1780933080764164165,track_preview_car,0.3456125144390367,-1.8516495506013058,-0.0020013990156768245,-1.8820075544621556e-05,4.7231875070337473e-07,-0.00040100115890290603,142.7461339493989,219.80371415898907,0.2798813968585499,-0.00017093877547531757,-0.001670539372107843,0.2798814490593438,-0.0009848187652197328
32.49671648900039,1780933080883027411,track_preview_car,0.37917945812506865,-1.851661222657452,-0.00199996054756868,1.9356379361442097e-09,-4.105294585866522e-07,-0.00038635310144601444,144.1783235466696,219.80421216671795,0.2791974553996473,-0.00022765163251471266,0.002482294256510611,0.2791975482107675,-0.002443300717320524
32.599202604999846,1780933080985253908,track_preview_car,0.40715350918117543,-1.8516728986482738,-0.002003851778620545,-1.2690258938872698e-11,4.054429438694871e-05,-0.00032813473941586263,145.3718830583968,219.80471034232636,0.2789531106827166,-3.0453876536575935e-05,-0.0009328624278944459,0.2789531123450723,-0.00032148574808485783
32.70120669800053,1780933081087258682,track_preview_car,0.4351381234669356,-1.8516839673892824,-0.0020027034330925117,3.576589999642609e-05,1.3503528464963891e-06,-0.00021182083303263199,146.56589326792258,219.80518260860936,0.27988164633449336,0.00010848679860157481,-0.002643917593084551,0.2798816673601397,0.0024751780315733843
32.81999302500026,1780933081206042625,track_preview_car,0.4687121694192647,-1.8516921080362156,-0.0019999839244973974,6.160982182677819e-10,-1.6317359191021017e-07,-0.00012007242509133087,147.99838589522196,219.80552994287854,0.27967182304973737,-7.546152382482977e-05,0.005217508415869043,0.27967183323031514,-6.138369556580996e-05
32.92056706400035,1780933081306615953,track_preview_car,0.49669018525287306,-1.8516971021834243,-0.0019999858397165963,1.3373572244132191e-09,-1.4063307732185825e-07,-9.51863598814178e-05,149.19211457078924,219.8057430264928,0.2796877105315225,-7.48873852558434e-05,0.005231069048833953,0.27968772055720503,-3.2192703275864003e-05
33.020617728000616,1780933081406667358,track_preview_car,0.5246683864613622,-1.851702199070966,-0.002001177947953132,-9.281737486879836e-09,-1.544381603754987e-05,-3.0493354482379825e-05,150.38585115568478,219.80596049369456,0.27988041506644074,5.235930703505306e-05,-0.0011886268929860067,0.2798804199640628,0.0010621791486645337
33.12316533500052,1780933081509218442,track_preview_car,0.5526463994689668,-1.8517049692496272,-0.0019999697385534925,-1.9856867716181589e-10,-3.1865809495948323e-07,4.993281277203978e-05,151.57957971067592,219.8060786879841,0.2795483317764231,-8.951343992050483e-06,0.0043529037289204075,0.2795483319197374,-9.433512329097916e-05
33.240973867999855,1780933081627023047,track_preview_car,0.5862223919632629,-1.8517047791064265,-0.002001661131489316,2.1960918610741554e-05,8.412324143040171e-07,0.0001302430981555049,153.01215539043255,219.8060705752075,0.2798998002623275,0.0004498290423405706,0.0018783339474459594,0.27990016172388715,0.0032706316456765096
33.35970896900017,1780933081745758849,track_preview_car,0.6197943968483044,-1.8517004917622806,-0.001999991252352031,1.6615672612839935e-09,-8.850961693876896e-08,0.0002132390551844046,154.44456093219432,219.805887648524,0.27996408118675303,8.15395516213129e-05,0.0041965779756635655,0.2799640930609519,0.0007512619305512245
33.46215346900044,1780933081848202868,track_preview_car,0.6477752207946477,-1.8516956812607368,-0.0019999732230277364,-1.0235116767318989e-09,-2.856078380474577e-07,0.0002721749235191702,155.63840942057163,219.80568240045812,0.27993256182990417,4.109667588994664e-05,3.457965903849725e-08,0.27993256484658924,0.0004325826230211147
33.56651063499976,1780933081952560616,track_preview_car,0.6757687425137435,-1.8516912685039861,-0.0019999697700027945,-1.3715804912904614e-09,-3.246861725107771e-07,0.00031862314282138214,156.8327996805864,219.80549412283676,0.279943815037834,4.718930265988919e-05,1.5820678009842437e-08,0.27994381901511467,0.0004967036338416037
33.682787409999946,1780933082068837290,track_preview_car,0.7093622892878156,-1.851685046029371,-0.001999968705328204,-7.845139042397443e-10,-3.3490707388802383e-07,0.00038411887596315696,158.2661243429468,219.8052286305865,0.279951507533681,5.6869695935410686e-05,-6.0500387874112826e-09,0.27995151330997115,0.0005985857940672641
33.78305474199988,1780933082169104202,track_preview_car,0.7373521667017378,-1.8516771316687495,-0.00199844472405155,1.0423301209874209e-07,1.9074702573457783e-05,0.000435359112757374,159.46035911260748,219.80489095119998,0.2799512722250185,0.0002256342437431423,0.005121255983703632,0.2799513631529919,-0.0005290700668801404
33.901048237000396,1780933082287096394,track_preview_car,0.7709201700390731,-1.851663975972165,-0.0020041916256680332,1.3604128641864217e-11,4.4122064241975965e-05,0.000447219217302058,160.89259392166713,219.80432964147906,0.2792295933243114,4.30795453504921e-05,-0.003050466622347838,0.2792295966474678,0.00045572824193381133
34.02053162700031,1780933082406580045,track_preview_car,0.8044830551102697,-1.8516498162973372,-0.0019984752088898616,2.209672539716493e-08,1.89100178280674e-05,0.00044343415023962666,162.32461035137152,219.80372549535304,0.2798955084940412,0.00022120826413613313,0.005080180939709247,0.27989559590717755,-0.0003751414974825419
34.13995280100062,1780933082526000518,track_preview_car,0.8380602665412339,-1.8516363461658114,-0.00200178125769216,-2.2721406282025006e-05,1.5349491185244493e-06,0.0005432994262855528,163.75723803909264,219.8031507697413,0.27980808034766197,-1.2343079572879332e-05,-0.00044890642288670276,0.27980808061990503,0.0007077653004774674
34.26034500500009,1780933082646392541,track_preview_car,0.8716405309295475,-1.8516183018533505,-0.002001719182172342,-2.1834655397048866e-05,1.5524100614064718e-06,0.000733146680939451,165.18999598632735,219.80238087907628,0.27968723842307,9.928774128209375e-06,-0.00030511057300559093,0.2796872385993035,0.0009469699273699704
34.36293753700011,1780933082748985253,track_preview_car,0.899618547234829,-1.8516018812098838,-0.002001718121773866,-2.185292449034083e-05,1.5274602529014156e-06,0.0009058830422487852,166.38372468201936,219.80168026495505,0.27960238218191685,2.145617680712192e-05,-0.0003066468617959758,0.2796023830051708,0.0010658222665121955
34.46318129500014,1780933082849231155,track_preview_car,0.9275908532168732,-1.851584108527894,-0.0020017157574572886,-2.186536734898855e-05,1.4935268333374749e-06,0.0010881498938882857,167.57720973725327,219.8009219638568,0.27952060460652683,5.69273302936826e-05,-0.00030290461690336276,0.27952061040345355,0.0009591625801245783
34.56492790300035,1780933082950980819,track_preview_car,0.9555579620166774,-1.8515636035173462,-0.002001711338910023,-2.1790383098790355e-05,1.5037151127676156e-06,0.001270290584786534,168.7704730460449,219.80004708340675,0.279441257709768,0.00010617138629830827,-0.0003017366461594918,0.2794412778792357,0.0007969453165244574
34.681939095000416,1780933083067990328,track_preview_car,0.9891127853376305,-1.851530940879624,-0.002001709770970338,-2.169965061290045e-05,1.5553540953973787e-06,0.0014539582064214808,170.2021455077389,219.79865347753065,0.2794116915819243,0.00024360530515296164,-0.0003045906758263585,0.2794117977756435,-0.0001369796995558693
34.801575276999756,1780933083187625788,track_preview_car,1.0226644810934662,-1.8514829324909448,-0.0020017098758115855,-2.1609870377364073e-05,1.6237323767022972e-06,0.0015186983672603605,171.63368452665455,219.79660511961362,0.2793732557971392,0.00034939166444844863,-0.0003086434300098576,0.2793734742763331,-0.0010503949373184454
34.92193994900026,1780933083307990100,track_preview_car,1.056211613178715,-1.8514252071992625,-0.0020017122760874508,-2.1635226163100016e-05,1.6297197421738674e-06,0.0014756166051925648,173.0650288289585,219.7941421738352,0.2793474581668784,0.00038196692871959317,-0.0003103559917480787,0.2793477193088043,-0.0015969351957612285
35.026025453999864,1780933083412074853,track_preview_car,1.084165350570289,-1.8513758075186317,-0.002001714224991298,-2.173063930489604e-05,1.5784904982618705e-06,0.001394833504611965,174.25772162433233,219.79203445412827,0.2793330268534233,0.0003729267228630772,-0.00030780631049876937,0.27933327579333606,-0.001894971869439306
35.14569288199982,1780933083531742292,track_preview_car,1.117707535749666,-1.8513181275056785,-0.002001714170668513,-2.1821898375090814e-05,1.5095053168726321e-06,0.0012563204655128665,175.6888548586524,219.7895734402423,0.27931746114463446,0.0003442068317053024,-0.0003034449948809588,0.27931767323001133,-0.0021872196685877145
35.26447705700048,1780933083650525003,track_preview_car,1.1512482966832027,-1.8512642662877323,-0.0020017117840934995,-2.1795254682813224e-05,1.5046098192173134e-06,0.001092753463235142,177.11992732514997,219.7872753616099,0.2793066586396003,0.00031670053384571134,-0.0003024371390593543,0.27930683818991314,-0.0024144725864910154
35.38273666300029,1780933083768786804,track_preview_car,1.1847888603690029,-1.85121456698819,-0.002001709676475094,-2.167962214643785e-05,1.5693357335094984e-06,0.0009197797717275535,178.55099137574413,219.7851548581628,0.27930441916524934,0.00028608233514129043,-0.0003057521409014846,0.2793045656775767,-0.0024684816197230687
35.4867721239998,1780933083872824739,track_preview_car,1.2127392479347436,-1.8511762520781794,-0.002001709908663363,-2.1608556404096557e-05,1.6250317380025212e-06,0.0007703876134984221,179.74354124521574,219.78352008866898,0.2793061249701364,0.00025036491625183427,-0.0003091892874652095,0.2793062371813862,-0.002413100970819251
35.60438396800055,1780933083990433728,track_preview_car,1.2462800679061246,-1.8511357919347637,-0.0020017123486233573,-2.1637607707158582e-05,1.628675937923457e-06,0.0005987462823045754,181.17461623066131,219.78179378921658,0.2793098685953211,0.00019416389497393588,-0.00031015244639365474,0.27930993608239874,-0.0023141398917341928
35.726546418,1780933084112596018,track_preview_car,1.2798213112395784,-1.8511028444068096,-0.002001714456526733,-2.1753951837431932e-05,1.563420814606482e-06,0.00044246915346400037,182.60570927955536,219.78038802802388,0.2793134548768441,0.00012805644598086499,-0.0003068163880305678,0.2793134842317717,-0.0022039804377556337
35.845886541000255,1780933084231934969,track_preview_car,1.3133628995883324,-1.8510777940408998,-0.0020017134884303825,-2.1821027000976426e-05,1.503052958984235e-06,0.000306170525985944,184.03681704910218,219.77931921241174,0.2793162488797757,6.6466187711627e-05,-0.0003028591504752684,0.2793162567879337,-0.0020617372640807275
35.96500639900023,1780933084351057652,track_preview_car,1.346904999590692,-1.8510593630884473,-0.002001710374677258,-2.1761100940460848e-05,1.5155386003333811e-06,0.00019402210332762388,185.46794664920287,219.7785328251071,0.27932069149249106,2.3142702942316215e-05,-0.00030273503014030485,0.27932069245121827,-0.0018766834500391536
36.08201595100036,1780933084468064078,track_preview_car,1.3804478956487602,-1.8510455834581332,-0.0020017082572069272,-2.1634672445710815e-05,1.5882638735291125e-06,0.00010885633534600622,186.8991102143471,219.7779448942137,0.27932885679962827,-1.5821018522052164e-05,-0.00030653571880404225,0.27932885724767476,-0.0015184566270972548
36.187321696000254,1780933084573370785,track_preview_car,1.4084006931023,-1.8510365061307754,-0.0020017088936535882,-2.1579569771654633e-05,1.6362055712682933e-06,5.4459267937091e-05,188.09176290569815,219.7775575949131,0.27933036801828687,-3.2843193236184694e-05,-0.0003095384980573963,0.2793303699491104,-0.001391266698316535
36.30523478899977,1780933084691284219,track_preview_car,1.441944121479018,-1.8510284998157627,-0.002001711488008839,-2.1632670954290342e-05,1.623427904260348e-06,5.018132626470214e-06,189.52294918310477,219.7772159921392,0.2793293227008865,-5.977029162165745e-05,-0.0003095427509195439,0.27932932909564606,-0.0012784917701048227
36.42532937299984,1780933084811379734,track_preview_car,1.4754872631918245,-1.8510239229620493,-0.0020017136075421355,-2.1755334300098384e-05,1.5535824457124189e-06,-3.1634229735776114e-05,190.95412322951785,219.77702071304742,0.2793311456165691,-8.407605374771037e-05,-0.000305744469956271,0.2793311582696204,-0.0012645673477647422
36.544522598000185,1780933084930571597,track_preview_car,1.5090306476785316,-1.8510211697754029,-0.0020017124424195386,-2.1810115058434524e-05,1.5003721481756529e-06,-7.233705535695702e-05,192.385307634284,219.7769032437505,0.27933958304237083,-9.868666613592964e-05,-0.000302238002045094,0.2793396004746618,-0.0013154217910386831
36.66479710200019,1780933085050847073,track_preview_car,1.542574843148246,-1.8510193513772437,-0.002001709729783249,-2.1738396573968123e-05,1.5258718765091012e-06,-0.00011613457269856355,193.8165266409918,219.7768256587624,0.2793497786152946,-0.0001049558571321895,-0.0003030970860769363,0.2793497983320304,-0.001289910593447505
36.7664833380004,1780933085152533048,track_preview_car,1.5705292279115348,-1.8510180456298682,-0.002001708773504055,-2.1644738795696246e-05,1.5861203242209763e-06,-0.00015025584101102738,195.0092470575588,219.77676994687437,0.2793591728547649,-0.00010589922061341145,-0.000306497321151634,0.27935919292685424,-0.001225967319518558
36.866957611000544,1780933085253006951,track_preview_car,1.5984842069128309,-1.851016825271597,-0.0020017102086044808,-2.1606667305397208e-05,1.629614261560327e-06,-0.00018235571307020148,196.20199282828077,219.77671787825483,0.27936697531892424,-0.00010835149537412951,-0.0003095464944414312,0.279366996330796,-0.0011883710599426708
36.967930714999966,1780933085353980295,track_preview_car,1.626439786781891,-1.8510160128669548,-0.002001713329024499,-2.1665428905955914e-05,1.618074035350362e-06,-0.000214786100379929,197.39476423602736,219.77668321565676,0.2793771372096195,-0.00011749164738661798,-0.00030985078683589003,0.27937716191508877,-0.0011939684038521086
37.08769637400019,1780933085473746265,track_preview_car,1.659987321161553,-1.8510162470130742,-0.002001716452902124,-2.1809981074195476e-05,1.5422519387026127e-06,-0.0002586841483098108,198.8261257028929,219.77669320589115,0.2794009293879807,-0.00013868801743817394,-0.00030645438976412403,0.2794009638087055,-0.0012040303536342627
37.20454827600042,1780933085590596773,track_preview_car,1.6935358592437613,-1.8510181840918751,-0.0020017156792620336,-2.1883303257671613e-05,1.4792184565184365e-06,-0.00030980442300020046,200.2575299944005,219.77677585458667,0.27941689555233185,-0.00015804462801199663,-0.0003024912856953238,0.2794169402491681,-0.0012355853515348925
37.32353676599996,1780933085709591856,track_preview_car,1.7270857971647837,-1.851021402131753,-0.002001713000087589,-2.1828124935535674e-05,1.492664954271538e-06,-0.00036352834307859874,201.6889940123641,219.77691315762144,0.27943533444974294,-0.00016905850077186723,-0.0003025391625730937,0.2794353855899721,-0.0011953676210511132
37.42538879499989,1780933085811438705,track_preview_car,1.7550454859280507,-1.8510245121079523,-0.002001712085511891,-2.173943340391964e-05,1.5496229256737279e-06,-0.0004053582962325043,202.88194073293016,219.77704584993927,0.27945195069877254,-0.0001730768807517108,-0.00030584309163453745,0.2794520042958287,-0.0011113261265932087
37.52741069400054,1780933085913461647,track_preview_car,1.7830063839909933,-1.8510278270216465,-0.0020017135592355385,-2.1696329616918904e-05,1.597196871714129e-06,-0.00044316268002149564,204.07493905028238,219.7771872862569,0.27946820351124124,-0.00017799126308470052,-0.00030914686154145444,0.2794682601919049,-0.0010356087967579794
37.64554402400063,1780933086031593834,track_preview_car,1.8165610001061943,-1.8510322109967305,-0.0020017174261720023,-2.1768672775014846e-05,1.5832961010670273e-06,-0.000489416715787439,205.50660267119764,219.7773743358605,0.2794883225784603,-0.00018407748791068656,-0.00030965953636655067,0.279488383197304,-0.001096860621990648
37.765476112000215,1780933086151528257,track_preview_car,1.8500583335727898,-1.8511245385728914,-0.0019999657559999547,1.383448531283788e-07,-6.377845925769804e-08,0.0007128534419441748,206.93582223243902,219.78131364577672,0.279202886783227,-0.0006777866339322006,0.003944603883591905,0.27920370947179163,0.012676380193905604
37.885705882000366,1780933086271755882,track_preview_car,1.8820040795341813,-1.8530828647804274,-0.0019999996489208183,-9.433295443781483e-09,-3.2953138507188285e-09,0.030780661450320178,208.29884072679175,219.8648688972982,0.25438703294992054,-0.024391286951393032,0.004426542345149147,0.2555537074906352,0.40460259192025827
38.004887797000265,1780933086390937137,track_preview_car,1.9127084943410666,-1.8552795814889909,-0.0019997165102900107,1.1626276364523033e-05,-1.1800052822665017e-05,0.07979832894016166,209.6088957585522,219.9585954768636,0.2597155286378428,-0.01225916176410402,0.00019699306476314164,0.26000469777062224,0.41128038675741974
38.10630934599976,1780933086492359126,track_preview_car,1.9381678610535285,-1.8563068826354256,-0.002001301246220113,1.778013381965658e-05,1.9913185291689718e-07,0.12455938363948475,210.69516207161723,220.00242699244484,0.24859592439960615,-0.012268793505993768,0.0010061021983185446,0.24889848718340457,0.5592719663255948
38.20652286800032,1780933086592572258,track_preview_car,1.9627497631243809,-1.8576452068589318,-0.0019999764602431237,-2.5724958498506216e-08,-2.949610878947387e-07,0.18839029886576003,211.74398989330692,220.0595288259811,0.23658940538971027,-0.01732302006868331,0.006823122555767642,0.23722275136874343,0.7708197135321797
38.30769493700063,1780933086693744878,track_preview_car,1.9862695300269695,-1.8589927318636603,-0.0019999744781871967,-9.480944692847281e-09,-2.8282525467959713e-07,0.2717400069127366,212.74749994781735,220.11702322618282,0.22786904796457483,-0.014686064387251369,0.0023766388725329967,0.2283418128759343,0.9542035060642445
38.42668156200034,1780933086812731352,track_preview_car,2.0138310496886445,-1.8600203736585796,-0.001998545926282094,1.538288512016791e-06,1.7104795554345316e-05,0.3976250598482306,213.92345812004885,220.1608692760994,0.22491364408218661,6.719304890720717e-05,0.004776011283686485,0.22491365411916267,1.1023604703772218
38.54439415199977,1780933086930443742,track_preview_car,2.040857791943371,-1.8585823290365426,-0.0020015722665787158,-1.2144458932415078e-05,-3.6752105339007146e-05,0.5342737825541414,215.07659912291717,220.09951270555916,0.22480256407737947,0.022884967363110843,-0.001573291015725681,0.22596440991221375,1.1639066496893515
38.644591684999796,1780933087030641445,track_preview_car,2.0628744559407415,-1.8553317754124428,-0.0020000895405024887,7.981987187892955e-06,6.986691640869357e-06,0.6557336799876026,216.01597678680497,219.96082241759757,0.21939623424978177,0.04502282243735705,-0.00010643623356905174,0.22396821681482149,1.1985713999664702
38.746420461000525,1780933087132468649,track_preview_car,2.0843052442505523,-1.84940362915524,-0.0019999273709818298,-3.444455549888917e-10,-7.646164552533648e-07,0.7762142872440694,216.93035708802358,219.70788817729022,0.2091856805983854,0.0723263980906812,5.6833324487024215e-05,0.22133629803577495,1.1888276341189763
38.846590260000085,1780933087232639379,track_preview_car,2.104773056338398,-1.8406418750683633,-0.001999969949490849,-4.1487820115876437e-07,-6.001767103623334e-07,0.8926828112585385,217.80365040377166,219.33405333625018,0.1993201899283762,0.10026241080220992,0.0035922379851359583,0.22311676121025747,1.1497225968679845
38.94777563600019,1780933087333826799,track_preview_car,2.1239946413756603,-1.829036621702167,-0.0020020978050198854,-5.309258239000307e-07,-2.7265289064937396e-05,1.003528113898819,218.6237713653615,218.83889585929245,0.18515910580801032,0.12592780824715186,0.0029496482599643257,0.2239234408309086,1.1101635620293866
39.06497484200008,1780933087451022709,track_preview_car,2.145010574739133,-1.811950477703068,-0.001999932636131757,-1.7380668149659133e-07,-5.759795799060083e-07,1.1310735641453964,219.52045118886969,218.10988704866423,0.16371206547156966,0.15730681868228544,-5.436551145445167e-06,0.22703981057274722,1.0143469213445455
39.16560001700054,1780933087551648494,track_preview_car,2.1601738230861227,-1.794420727976447,-0.0020039993100141006,-2.7541176259173248e-05,2.330931480241924e-05,1.221925090655296,220.16741645167457,217.3619510603284,0.14233936838726408,0.18150745689727485,-0.004098752843509284,0.2306630718216537,0.899604457262658
39.28576655300003,1780933087671816493,track_preview_car,2.175594315564549,-1.7705787314625985,-0.0020026182739518116,3.4940202057062676e-08,-3.524554859036159e-05,1.3176390949375145,220.8253574640874,216.34469254240418,0.11781725672723037,0.20427919803997707,-0.0027409438173671484,0.23581962754314217,0.7871467535810687
39.3886338100001,1780933087774684552,track_preview_car,2.185908445304905,-1.7486534108627394,-0.001999872887171693,9.771920904665908e-09,-1.325003871577649e-06,1.3839319879740672,221.26542699967592,215.4092121968102,0.0916668280757645,0.23222976361648728,0.0004658277173989893,0.2496667188049727,0.5932918343422224
39.50753626000005,1780933087893585359,track_preview_car,2.195609653483017,-1.7203751069876103,-0.00199957550214825,1.7205168713743272e-05,-1.7515780463069193e-05,1.4501122032063856,221.67934521527542,214.20267123147136,0.06770035343643645,0.24152698501012582,0.0003662943708565716,0.25083584740523024,0.47855882630908486
39.60879562300033,1780933087994845313,track_preview_car,2.2016090519030396,-1.6956559387259391,-0.0020051547754765726,3.3254691019297884e-07,-4.866462204681454e-05,1.4948385414979632,221.935319547863,213.1479867189734,0.05098111534823175,0.2525518832434262,-0.00518714176172552,0.25764612912277746,0.38809455714735497
39.70989829200062,1780933088095950016,track_preview_car,2.205982951848764,-1.6700742969944145,-0.0019999112572566696,-1.8440850740825827e-06,4.44648553785364e-07,1.5313189146615045,222.12193927888057,212.05650333842834,0.03570375561002767,0.26151847700800956,0.0011996731723044542,0.26394444866533834,0.32464168237628777
39.80992203799997,1780933088195974032,track_preview_car,2.2088661238444027,-1.6438239925363531,-0.0019999547747162052,2.443242501946431e-09,-4.7023837024622334e-07,1.5593961080774332,222.2449546173612,210.93649034821772,0.021038099797012707,0.26639997845175545,5.261078077285811e-05,0.26722939614152635,0.22422151858598652
39.925219366999954,1780933088311268606,track_preview_car,2.210702168672006,-1.6116453300552214,-0.0019999800731164276,2.7315305653869658e-09,-1.982407912426143e-07,1.582987904627565,222.32329253000557,209.5635340823561,0.009334080478633105,0.2696838637266455,0.009720269429627355,0.2698453472137578,0.15908601043761042
40.02624393899987,1780933088412292857,track_preview_car,2.2112833464731056,-1.5844606963426238,-0.0020026305758694095,1.5848026983250766e-05,-1.675476564481078e-05,1.597060451567952,222.3480894495192,208.4036563772853,0.0009631401307067443,0.27455246750060125,-0.0024363927989819885,0.2745541568608643,0.11063644309168746
40.12819822199981,1780933088514248102,track_preview_car,2.2110891270864377,-1.5569561585690932,-0.0020096959539031268,6.660217006629682e-08,-1.043750506054859e-06,1.605299389529911,222.33980275568803,207.23012943228133,-0.004930843859951356,0.2768324213662334,-0.00975224884863689,0.2768763311311804,0.05678835528462718
40.228979726000034,1780933088615028484,track_preview_car,2.2104169476932087,-1.5292488887659894,-0.001999986982204491,1.194147984640107e-08,-1.2755025997930068e-07,1.6097482214493941,222.31112310157692,206.0479525873489,-0.008965083851546351,0.27842791141651146,1.332270400499573e-05,0.27857220712810893,0.0228486345700771
40.32909053599997,1780933088715141688,track_preview_car,2.209365125307208,-1.5013667425617756,-0.002002215629497765,2.9314585091247706e-05,1.1059060022372603e-06,1.6104183836083696,222.26624534644088,204.85831434930242,-0.011585107853540005,0.2793549607453647,-0.0006463583870267339,0.2795950801016041,-0.003184211439066167
40.45029923099992,1780933088836348971,track_preview_car,2.2078705322906806,-1.4679740478545817,-0.0020013950200436638,1.8205173225406268e-05,8.882971603409378e-07,1.6079405706454335,222.20247604440237,203.43355937512882,-0.012842573570419907,0.27805842627985433,0.0003127659461981056,0.27835484569365926,-0.028627717577137307
40.55062772100064,1780933088936676399,track_preview_car,2.206562452338324,-1.4402472278741478,-0.0020017158900084544,-2.184698608991907e-05,1.5076523491348104e-06,1.6038758441781893,222.1466646331018,202.25054838929697,-0.012986637379426222,0.2767069556954313,-0.00033523326973001956,0.2770115378114386,-0.049702638783173825
40.666039146,1780933089052089136,track_preview_car,2.2050188685210435,-1.4070657795820314,-0.002001728380756695,-2.190147717366753e-05,1.596752343468478e-06,1.5970051710580244,222.08080505689787,200.83480659550003,-0.012125964724260542,0.2761172657883825,-0.00031341644009280796,0.27638339944169277,-0.06267980666333135
40.784744274999866,1780933089170793173,track_preview_car,2.2036187525869897,-1.3739436152039917,-0.0020017345118365486,-2.193876866573131e-05,1.6325092801994676e-06,1.5887390205321064,222.0210667770449,199.42159424870363,-0.010526192259256087,0.2757769931230176,-0.00031518014612415594,0.27597780827351265,-0.07124546678014948
40.904860392000046,1780933089290910613,track_preview_car,2.2024538531433575,-1.3408423439206707,-0.0020017178285360693,-2.178902097611255e-05,1.5707720630187557e-06,1.579822336844896,221.97136440078327,198.00927334061527,-0.008384735337382494,0.27564892142114106,-0.00030798624224399434,0.27577641608251485,-0.07529230230235212
41.0126259030003,1780933089398675974,track_preview_car,2.2017112464282818,-1.3132502906823649,-0.002001700593750877,-2.1652249718797844e-05,1.4937152775273143e-06,1.5724172310104516,221.93967984760667,196.83201240244756,-0.006117291262969816,0.27582677611495127,-0.0003006483837980372,0.2758946024741395,-0.07263326135662637
41.12996545700025,1780933089516014916,track_preview_car,2.201119689272624,-1.2801129482587956,-0.0020016918123571194,-2.1584369115484826e-05,1.4531661886463872e-06,1.5639661058093413,221.91444007563194,195.41815245904195,-0.003414224846158979,0.27608739810155924,-0.0002963154518263236,0.27610850823867955,-0.06810101792868203
41.23049279499992,1780933089616542395,track_preview_car,2.2008769736943408,-1.2524696408647893,-0.0020017051905192574,-2.1709789655372637e-05,1.4987311306029784e-06,1.5574614710685402,221.90408421095856,194.23870467689767,-0.0011396826613222356,0.27638970096098686,-0.00030315707208875665,0.27639205067055067,-0.062150777922178185
41.331158988000425,1780933089717208397,track_preview_car,2.200856209616846,-1.2247954012161424,-0.0020017246218154705,-2.1868339692455477e-05,1.5825705572758106e-06,1.5515870347647074,221.90319827698545,193.0579371185554,0.0010319308764687347,0.27671729652886473,-0.00031345130433244826,0.27671922065439813,-0.05530063553244578
41.43152159500005,1780933089817572217,track_preview_car,2.201044701433985,-1.1970886929899773,-0.0020017346556843755,-2.19270350513645e-05,1.6433070494787708e-06,1.546411815812392,221.9112405945167,191.87578423423903,0.003044480108969806,0.27704633980533583,-0.00031957642112193346,0.27706306729455576,-0.04810481775463465
41.53366491700035,1780933089919714527,track_preview_car,2.2014148427170066,-1.1693588698438058,-0.002000373406260454,8.573421102172468e-08,-5.016072290935337e-06,1.5418162908993467,221.92703328925893,190.69264511333571,0.004476712633092518,0.2774642810304456,-0.00037718071621344783,0.2775003931596159,-0.04284113395563463
41.65281006500027,1780933090038860046,track_preview_car,2.202049193999739,-1.136077017823536,-0.0019999541574782427,2.1720687085606896e-08,-4.669841892049569e-07,1.5366488067172126,221.95409894398887,189.27261942713753,0.006569515664858804,0.2774770427343349,4.077098547731237e-06,0.2775548014008454,-0.03715579903668519
41.7541927430002,1780933090140244717,track_preview_car,2.202761526160295,-1.1082940549150448,-0.002001557986454776,-2.031694216126687e-05,1.0084140513482758e-06,1.533120828968137,221.98449178283926,188.0872130097086,0.0077096701880430794,0.2787081838692844,5.7778097541444405e-05,0.2788147965408638,-0.034357975816898825
41.85769401200014,1780933090243744524,track_preview_car,2.2036294588952674,-1.0804677501057796,-0.002000269193596719,1.5007663323893851e-05,1.420810735965534e-05,1.5304004558509072,222.0215235795314,186.8999573378466,0.009393646932325986,0.27800833719675205,-0.00030458679664606707,0.27816699328567396,-0.025310567000961424
41.97401077900031,1780933090360060319,track_preview_car,2.2048409901446946,-1.0470223773916802,-0.0020036333983661806,6.599753672867926e-08,-4.6359351512226425e-05,1.5282123348212187,222.07321557950695,185.4729547687117,0.010855050821430037,0.2789590679784061,-0.003719443654540389,0.2791701877631579,-0.014248329155530379
42.09264588499991,1780933090478695264,track_preview_car,2.206173732803995,-1.0135456054977428,-0.0020038650234387567,-3.8413200809892436e-05,-1.2270025035875006e-05,1.5267577287572407,222.13007926630377,184.04461250123703,0.011697693271698431,0.27935564434674476,-0.003913010989576993,0.2796004507440281,-0.010458759998492287
42.21319610499995,1780933090599246136,track_preview_car,2.207613875834608,-0.9800194214352298,-0.002002771848337914,1.975938175046431e-07,-3.534066218144292e-05,1.5261814880598241,222.1915253689433,182.61416198123646,0.012510371124080618,0.2797673355600886,-0.0035138239125887807,0.2800469093420841,0.0003803307806050889
42.31468239700007,1780933090700731065,track_preview_car,2.2088580973415324,-0.9520698741513909,-0.0019999981706520617,-5.652690797176045e-10,-2.185780606075142e-08,1.5261632252899229,222.24461215323873,181.42164796379268,0.012367318602865702,0.2794171167679756,0.0027280513941203262,0.27969067862971997,0.0030568235483681067
42.43373690600038,1780933090819786856,track_preview_car,2.2103780154264676,-0.918538235217707,-0.0019999786208973057,2.0639359578527392e-09,-2.1798777019996803e-07,1.526618442892309,222.3094619915293,179.99096470262216,0.01242978228043169,0.27924345636108205,0.004246612859073658,0.2795199588723898,0.004830019953824023
42.553624207999746,1780933090939672625,track_preview_car,2.2118988233577435,-0.8850171470416864,-0.001999955099686885,-1.6610395849629313e-09,-4.797916884665434e-07,1.5273469162815039,222.37434979659707,178.56073160711196,0.0127524547957959,0.27930490675884734,-2.3096468679254108e-06,0.27959587987466344,0.006508924102554315
42.654889749000176,1780933091040940721,track_preview_car,2.213154904393588,-0.8570885603043703,-0.0020000588185158366,-1.0833014154016051e-05,8.8294929132464e-06,1.5280843246994527,222.42794258745977,177.3691119063198,0.01268317045402209,0.2792815994672128,-0.00010424579610620624,0.2795694450646037,0.007324849708218472
42.774089575999824,1780933091160140398,track_preview_car,2.21463116699958,-0.8235937648761635,-0.002003150092199238,2.9611052386781433e-07,-4.018771369495079e-05,1.5288659033584608,222.49092979198207,175.9400006347163,0.012388282565801196,0.2793816729974932,-0.003719117257451764,0.2796561974135534,0.008126465435634509
42.89374705600039,1780933091279796525,track_preview_car,2.216088826933296,-0.7901032430430299,-0.0019999857633445474,4.4828117669284356e-09,-1.3176550683092235e-07,1.5297254339809396,222.55312328248732,174.51107170316928,0.011894458499315879,0.2792255232301517,0.0039445070460995815,0.2794787486843032,0.007003515779555635
43.01110494800014,1780933091397154969,track_preview_car,2.217531603705039,-0.7566157018237171,-0.0019999898886696064,7.838198947186177e-10,-1.049159432979402e-07,1.5308157845088093,222.61468175808164,173.08226994447858,0.012221603283400198,0.278448626948351,0.004253653032938047,0.2787167117993443,0.01738813773259214
43.11358687699976,1780933091499636897,track_preview_car,2.2187736427631424,-0.728751132937014,-0.002000785172415417,-3.414873142653254e-07,-1.0849379545829621e-05,1.5328123084287757,222.66767542456074,171.89338167197926,0.012788136309880136,0.2783031220293112,-0.000800890706505554,0.27859677701212143,0.027375343156092698
43.23297950699998,1780933091619031993,track_preview_car,2.220251810026879,-0.6953885152685677,-0.0019999681495748464,2.7692724441735127e-10,-3.378481068207646e-07,1.53617698917122,222.73074389448016,170.46990998479222,0.012158407853444278,0.2777856676218922,0.0026633553331287755,0.2780516211383618,0.031766553018876056
43.33343633599998,1780933091719485816,track_preview_car,2.2214397367449674,-0.6676092329980556,-0.0020029447715249906,4.8008824707552846e-08,-3.768379281730534e-05,1.5396428638181154,222.78142876778526,169.28466060791703,0.011913379964067815,0.2780686435219646,-0.0033744014226944805,0.2783237308105682,0.0389053513115038
43.43403579900041,1780933091820105386,track_preview_car,2.2225469702658414,-0.6398489866114203,-0.002002680950412752,1.6944830886066804e-07,-3.433228382953399e-05,1.5433283877421116,222.82867073134258,168.10022342875394,0.01096353252062728,0.27796760786405805,-0.0032405811883584918,0.2781837343681287,0.04024053507849326
43.55265501699978,1780933091938705399,track_preview_car,2.2237453973903514,-0.606548413826246,-0.001999882098689564,2.465119012779073e-07,1.2061845535949686e-06,1.54784318233711,222.87980362198834,166.67939898991983,0.009257145387730812,0.27739675327581054,0.0040185766268876905,0.2775511727027838,0.037672976402200256
43.65337674000057,1780933092039426210,track_preview_car,2.2246245154943547,-0.578792639829286,-0.0019999753896404494,2.313460114313739e-09,-2.547700385194086e-07,1.5515987491207441,222.91731266109247,165.4951526327162,0.008246629594753129,0.27757806995200884,0.003264313654398839,0.27770054342394684,0.03679997304878196
43.754942333000145,1780933092140991753,track_preview_car,2.2253968879220056,-0.5510257019290228,-0.0020037168395325563,-6.68004178362958e-08,-4.7214095479215346e-05,1.55531955887372,222.9502672180056,164.31042994897163,0.007654314711354614,0.27818973846598255,-0.0037577203768826583,0.278295021733182,0.03986534481247849
43.85645411299993,1780933092242503192,track_preview_car,2.22605441418029,-0.523235828884247,-0.002003705682589483,-2.305000105456348e-07,-4.7051370591644836e-05,1.5588496398402913,222.97832167169236,163.1247286990612,0.006239913817386443,0.2783052181123692,-0.003735890395265415,0.2783751622415725,0.035513560968319945
43.95669953600009,1780933092342749757,track_preview_car,2.2265808233794364,-0.4954206109582791,-0.0020000516074152757,-1.0759453542575539e-05,8.698013056342142e-06,1.561918439146934,223.00078179752262,161.93794606755324,0.005075930672195293,0.2784460670759931,-0.00010631631433831439,0.2784923290546391,0.030165635684379754
44.07803268299995,1780933092464084767,track_preview_car,2.2270749835178107,-0.46202132125379686,-0.002000515533602636,1.1950513761352786e-07,-7.3305683183401085e-06,1.565114821309792,223.0218659634266,160.51290970682868,0.0037407954154448633,0.27860034526315053,-0.0005473996148902626,0.27862545815321127,0.026545120001034136
44.19439394900019,1780933092580443749,track_preview_car,2.227429811847467,-0.42859586524130844,-0.001999971091076286,2.6033225882449533e-09,-2.982998586988667e-07,1.5677756973388544,223.0370053054919,159.08675691696249,0.0023488156121009205,0.2784114555134494,0.004300307398392249,0.2784213632175108,0.019834167102127365
44.29602653799975,1780933092682074695,track_preview_car,2.2276311596178706,-0.4007186670033589,-0.0019994073737691757,4.7170973740544945e-08,6.6107706444207265e-06,1.5695804073603492,223.04559614369583,157.89732979214332,0.001894372751775694,0.27893331236598556,0.0005681644180258555,0.27893974509844083,0.019175077718488323
44.41477995000059,1780933092800829760,track_preview_car,2.2277709293040395,-0.367234616752732,-0.00200006396463705,-1.0877647576085093e-05,8.917524575587629e-06,1.5712653899929427,223.0515596503057,156.4686769814499,0.0010078915457902126,0.2793303414502531,-0.00010114893672947311,0.2793321598027751,0.012202818401521424
44.516773009000644,1780933092902823901,track_preview_car,2.2278250926367225,-0.3393105308534983,-0.002005636068440226,2.046866157929954e-08,5.1283772460254504e-05,1.5724025563492037,223.05387061916684,155.27724931641592,-0.0001102157723356276,0.27844552424149166,-0.00566964242151945,0.27844554605458427,0.0011411514052604482
44.61682845700034,1780933093002878077,track_preview_car,2.227831143791299,-0.31136368618501437,-0.00200271355208213,3.5943780418915795e-05,1.3218366068400333e-06,1.5732830948681895,223.0541288017621,154.0848506105606,-0.00041151845150219716,0.27956081427349255,-0.002648663534930951,0.27956111715453946,0.008377048546723146
44.73695475600016,1780933093123005958,track_preview_car,2.2277890093274957,-0.27781507712528974,-0.001999992399875666,7.135117449319837e-10,-7.798426158447456e-08,1.5740402683840398,223.05233106463982,152.65344329067904,-0.000613720892037884,0.2795962084106098,0.0028061106899908233,0.27959688197639554,0.005880628828622551
44.85497984599988,1780933093241032211,track_preview_car,2.2277186688514856,-0.24426596334790257,-0.002005842873395101,-4.0944467610193005e-05,-2.5395581364953818e-05,1.5746430635960826,223.0493298709967,151.22201443617718,-0.000694913964325347,0.2798626849203973,-0.0059124047890739065,0.27986354767327487,0.0033569001635935106
44.95871950499986,1780933093344769145,track_preview_car,2.2276396135181007,-0.21629377034860153,-0.001999991739986126,2.8034420452975496e-10,-8.686794182795383e-08,1.5750848047149386,223.04595684343894,150.02853420154034,-0.0009192029944426833,0.27979261583002407,0.0015034120773682342,0.27979412575526386,0.002844280980970901
45.078223973000604,1780933093464275216,track_preview_car,2.2275122896107438,-0.18272559540179467,-0.0019999828778796786,9.781122724672018e-11,-1.8048372092046224e-07,1.5753679149557362,223.0405243567251,148.59629207047658,-0.0012936470855020518,0.2799593794969445,-0.0002014615625906905,0.27996236834813354,0.0014080085376291258
45.17996850800046,1780933093566017757,track_preview_car,2.227383056537468,-0.1547541091295823,-0.0020006750259165206,-6.038507310815049e-06,-1.9816324484316583e-06,1.5753474861252752,223.0350104122653,147.40284198952884,-0.0015160239350778422,0.2797038847322108,-0.000689505051239224,0.27970799320516676,-0.0027905301986888334
45.280388277000384,1780933093666437647,track_preview_car,2.2272576992464095,-0.1267948693970177,-0.0020016389263543453,-2.0802034672341216e-05,1.4899094899653301e-06,1.5753988002025867,223.0296618345135,146.2099144276061,-0.0011767557957110294,0.2793893480035146,-0.00024112315024233828,0.27939182617254876,-0.0007344039701928474
45.397974372000135,1780933093784022409,track_preview_car,2.227091723693879,-0.09325265704358927,-0.0020017268340342623,-2.1869843944237912e-05,1.6055895593007397e-06,1.5752582240862063,223.02258021093883,144.77878003385982,-0.0012751288392323684,0.2793066853155598,-0.0003181828433969282,0.2793095959961308,-0.0024310997708414913
45.49866265299988,1780933093884711892,track_preview_car,2.226946443257392,-0.06530872849504457,-0.00200173421526218,-2.1906379596632566e-05,1.6551183664274405e-06,1.57498647745652,223.01638157898208,143.5865057491219,-0.001308120536386648,0.2792419941152545,-0.00031657480244874755,0.2792450580705083,-0.0036895474620050515
45.62040298200009,1780933094006453905,track_preview_car,2.226773992220857,-0.03178189684332719,-0.002001722757641229,-2.179280382817383e-05,1.6207761568960676e-06,1.5745374610112672,223.00902366808992,142.15602759864862,-0.0013022733129563941,0.2791694846775326,-0.0003119359579305261,0.2791725220914493,-0.005223800860936292
45.7228412000004,1780933094108891732,track_preview_car,2.226638469057127,-0.0038453195506325025,-0.002001702986281888,-2.1624501934817794e-05,1.540829414729987e-06,1.5741042882582819,223.0032413464374,140.96406696749366,-0.001195037881442927,0.2791562395229899,-0.0003023131175316529,0.27915879742568567,-0.0055356669225915985
45.8406947680005,1780933094226744708,track_preview_car,2.2264907908072917,0.02967726245270637,-0.0020016900193134167,-2.1530833614020205e-05,1.475882531494355e-06,1.5735528453062786,222.9969404077778,139.5337701353512,-0.0010364577467500634,0.2791537449286389,-0.00029526154112563476,0.2791556690313568,-0.005602576894678184
45.94106711299992,1780933094327117034,track_preview_car,2.226382295258187,0.05761287566272774,-0.002001698593200845,-2.1619994202219755e-05,1.4984337926819391e-06,1.5730952332078225,222.99231126434933,138.34185063839027,-0.0008993010659949118,0.27916080312929265,-0.00029894089034083023,0.2791622516498228,-0.005453055109142027
46.05859784400036,1780933094444646432,track_preview_car,2.2262702172100406,0.09113681202214956,-0.0020017220596049044,-2.1821957107305943e-05,1.5916667546521665e-06,1.5725743055858443,222.98752926762842,136.91149602038828,-0.0007416385505648417,0.27917353827326674,-0.0003103583198951784,0.27917452337159065,-0.005141436264411452
46.16088307300015,1780933094546932022,track_preview_car,2.2261918775560967,0.11907494553318118,-0.002001734089147036,-2.1908905119739345e-05,1.6518894398532448e-06,1.5721773609028196,222.9841867757268,135.71946899058426,-0.000608513865611258,0.2791898744777698,-0.0003169090356366329,0.2791905376262553,-0.004757913821378929
46.28033742700063,1780933094666386025,track_preview_car,2.226115250220928,0.15260308909297773,-0.0020017256445801373,-2.181702188966753e-05,1.6327356771423445e-06,1.57174908513306,222.9809173427596,134.2889348653663,-0.00045761960094897026,0.2792099412903854,-0.0003136585976344924,0.27921031630489523,-0.004394900581777351
46.40024438300043,1780933094786293071,track_preview_car,2.2260570521129415,0.18613426894426308,-0.0020017020984898735,-2.1613802805282234e-05,1.539628053647697e-06,1.5713757164024178,222.97843422348552,132.85827119171145,-0.0003087870724587293,0.279230974856965,-0.00030222404497590356,0.27923114559272777,-0.004004027692524265
46.52261866700064,1780933094908673507,track_preview_car,2.226016848340713,0.21966892332989266,-0.002001690163826266,-2.1529578122809394e-05,1.4783840109405608e-06,1.5710720621161083,222.9767188625371,131.4274592712579,-0.00014059432434235727,0.27927352404947475,-0.0002956941829669663,0.27927355943908583,-0.0030934707050883337
46.64196549799999,1780933095028017082,track_preview_car,2.2259914642209404,0.2532063518427267,-0.002001702601163988,-2.165092133350626e-05,1.5170917247114733e-06,1.5708350111655962,222.97563580676012,129.99652898804365,-4.1826302594814e-05,0.2792911980455358,-0.0003011539892939976,0.2792912011774633,-0.002631340419781301
46.74371669700031,1780933095129766698,track_preview_car,2.2259791681902716,0.28115579310321914,-0.002001722082888475,-2.1812436039429424e-05,1.5991125938069754e-06,1.5706866898700724,222.97511117611828,128.80401949426266,2.7600406022689e-05,0.2793038276534057,-0.0003109779455773243,0.2793038290171221,-0.002151804438339393
46.86213156899976,1780933095248182711,track_preview_car,2.2259733134281783,0.3146962671586286,-0.0020017325715798195,-2.187345028269609e-05,1.6627169726185339e-06,1.5705710595120674,222.9748613729356,127.37295926789851,9.250702413779444e-05,0.27930972726729997,-0.0003170219274181948,0.27930974258640356,-0.0016531015054331221
46.96218503399996,1780933095348234274,track_preview_car,2.225973029307726,0.3426475413047639,-0.002001723448905723,-2.178446553064852e-05,1.6343385279203626e-06,1.5705058569000319,222.97484925046297,126.18037157099674,0.00011858631105837158,0.27932646417934476,-0.00031291107464653686,0.2793264893518836,-0.0015520702287374235
47.06358696100051,1780933095449634587,track_preview_car,2.2259744572975575,0.37060014405482833,-0.0020017044834916412,-2.1634052851149804e-05,1.5493781044734337e-06,1.5704402032615987,222.97491017802912,124.987727186994,0.00014288442782690741,0.2793484997060945,-0.00030325394665118053,0.2793485362481887,-0.0015638007666565403
47.181094347,1780933095567145310,track_preview_car,2.225978342386776,0.40414491049400614,-0.0020016908704747036,-2.1552070364470076e-05,1.4689243685028857e-06,1.570353845497182,222.97507594183577,123.5564838189224,0.00017136674051549357,0.279374524605295,-0.0002951651514826134,0.27937457716298086,-0.00158600558378331
47.28167441500045,1780933095667724256,track_preview_car,2.225983167790129,0.4321005032044596,-0.00200169885400512,-2.1653846798394667e-05,1.475852122294554e-06,1.570277890763118,222.97528182571216,122.3637118632764,0.00018866390543689193,0.27939847421292835,-0.0002978659031320496,0.2793985379106011,-0.001565130620828949
47.38598076300059,1780933095772029821,track_preview_car,2.225989026679661,0.4600577721954528,-0.002001719202358054,-2.1850929759677098e-05,1.5402239666890715e-06,1.570201797212257,222.97553180499887,121.17086838632734,0.00020175958042391873,0.27942877345037237,-0.0003071973500939026,0.27942884628990583,-0.0014795533795418593
47.50358756700007,1780933095889636456,track_preview_car,2.2259970428449254,0.49360917687381545,-0.0020017377966666957,-2.201735809413747e-05,1.609222528592542e-06,1.5701135370903117,222.97587382805017,119.7393417867172,0.0002134752157360426,0.2794667227083337,-0.00031634290634716155,0.27946680424158504,-0.0014056576285827198
47.60396161400058,1780933095990011064,track_preview_car,2.2260043662012743,0.5215710780983493,-0.0020017343784013166,-2.1987663141202854e-05,1.5959254517841528e-06,1.5700363896839162,222.97618629125435,118.54630066780376,0.00022137637568337969,0.2795002423762375,-0.00031493783329729894,0.27950033004609354,-0.0014886734708077806
47.705127938999794,1780933096091176798,track_preview_car,2.2260125458367117,0.549535847912162,-0.0020017172129069708,-2.1858070451449663e-05,1.5142605348538893e-06,1.5699502543313897,222.97653528903305,117.35313715574776,0.0002347499378319445,0.2795444614446455,-0.0003060474820097921,0.27954456001129807,-0.0016301948807758205
47.82085747800011,1780933096206906306,track_preview_car,2.2260239638278936,0.5830974908354988,-0.00200169849209887,-2.1742639881435496e-05,1.4058062246468728e-06,1.5698300681843804,222.9770224566568,115.92117372435206,0.000254267121564892,0.27959414967616664,-0.00029525805914243337,0.2795942652933135,-0.0018366968004407075
47.92489376699996,1780933096310942204,track_preview_car,2.2260347199747543,0.6110697289811827,-0.0020017005023814957,-2.181463118261913e-05,1.3729553572622814e-06,1.5697168943258002,222.9774813855895,114.72769156346953,0.00026668151646606794,0.2796515026242753,-0.0002943095724306102,0.2796516297807797,-0.001967233665812286
48.044022519000464,1780933096430072910,track_preview_car,2.2260604347266044,0.6446343986645395,-0.0020036361852061443,1.7830765763488324e-06,-4.4990483903024186e-05,1.5696543077381448,222.97857854833512,113.29559899031298,0.0008610060348571029,0.2794774280181534,-0.0036955144092098197,0.27947875429634034,0.005145298810278704
48.14563186600026,1780933096531680935,track_preview_car,2.2261461321672424,0.6725587686651401,-0.0020036772778111896,4.4281446497981403e-10,3.8707340996481696e-05,1.5704650429469362,222.98223497246903,112.1041592036207,0.0004768390867440331,0.27720282594937445,-0.00041982584992366305,0.27720323607388464,0.010943955520256541
48.26702827999998,1780933096653077489,track_preview_car,2.2263481135239847,0.705968828708602,-0.002002214029096243,1.2362437728416133e-07,-2.83782039821513e-05,1.573432232374124,222.99085284369,110.67866330843299,0.00214465360648478,0.2783503244297563,-0.0022456591554066594,0.278358586447845,0.035039343044199894
48.38345112299976,1780933096769501194,track_preview_car,2.2265445918117517,0.739303147870357,-0.0020005732759630847,3.857523682144945e-08,-7.90786395409581e-06,1.5778869719324442,222.9992359173014,109.2563990241981,0.0015169382007512242,0.27781556806614804,-0.0005984169353893232,0.2778197094545696,0.04304708383481763
48.48850448899975,1780933096874555602,track_preview_car,2.2266370649415643,0.7670376463009254,-0.002004148996515954,6.599787364906664e-08,-5.280511341031853e-05,1.582314311068378,223.00318143750673,108.07306042449385,0.000583468202115717,0.27742303024959974,-0.004164862770926293,0.2774236438157591,0.04734520645993219
48.6062387890006,1780933096992288388,track_preview_car,2.2266157228065007,0.8002936111403426,-0.0019999549879075574,-3.733885872271835e-10,-4.766649535742052e-07,1.588082624310408,223.00227083974403,106.65413925801205,-0.0007520076035637063,0.2773114653474048,0.0004879028538605815,0.27731248498500877,0.05018820018691452
48.72527408000042,1780933097111325092,track_preview_car,2.226412214965499,0.833548132453687,-0.0020054565771089263,-8.617141429961975e-08,5.3597375686796534e-05,1.5940138127738,222.99358783852796,105.23527968197602,-0.0028862098997870815,0.2762871554540938,-0.005487471898580576,0.27630223031401724,0.04099139391236283
48.825382320000244,1780933097211437360,track_preview_car,2.226075920967096,0.8612657978605024,-0.0019992667386190864,2.8898859749002925e-07,8.847859316898995e-06,1.5987402418391363,222.97923929459608,104.05265929128522,-0.004107229861400097,0.27689987711614594,0.004526893882147588,0.2769303365181776,0.046952144713064234
48.94421834000059,1780933097330267860,track_preview_car,2.2255076394647544,0.8944997169770018,-0.0020036813341264355,3.656333085204223e-05,-1.0750908205468024e-05,1.6044579949622548,222.95499261716287,102.63467874231459,-0.005924238041369398,0.2771537714837365,-0.0036973171314206724,0.27721708036127574,0.04654630421403989
49.04439574099979,1780933097430445230,track_preview_car,2.2248866441970074,0.9221923561229534,-0.00199957383618905,5.965706333533283e-08,4.641933251496073e-06,1.609202571483322,222.92849681907234,101.45312613875399,-0.007475595915245821,0.2773176611904032,0.0004026727877146289,0.27741840195344525,0.0398301670821751
49.14883748000011,1780933097534887620,track_preview_car,2.2240922275646744,0.9499180149000658,-0.001999995638637602,-6.894147506298553e-10,-5.0139036917559334e-08,1.6133427869766792,222.89460170942613,100.2701646975972,-0.008767231987833793,0.277020546937126,0.004320457490462458,0.2771592462503695,0.03965441496302207
49.26554320300056,1780933097651593033,track_preview_car,2.222944329239559,0.983242475414598,-0.0019999755574756305,8.634487402732945e-09,-2.2650139610802611e-07,1.6176259163471876,222.84562471422117,98.84832104897716,-0.010541449963729176,0.2778307744788306,0.002800181932123269,0.27803068430452893,0.029476070196492083
49.36633078199975,1780933097752379380,track_preview_car,2.2218168276311183,1.0110544252191787,-0.002005839471496027,3.714947501972625e-05,-2.9954773306431014e-05,1.6203317061584255,222.79751797892771,97.66167785731504,-0.012090666608943456,0.2790092978588737,-0.005916051200694854,0.27927114514526974,0.02221610953260564
49.466784033000295,1780933097852833562,track_preview_car,2.220585072870532,1.0389030072682355,-0.0020013814877858135,1.765948253198743e-05,1.1583923912046148e-06,1.6226322680952072,222.7449631091427,96.47347168988863,-0.013028022314859581,0.27885115235620034,0.0003046024439311389,0.2791553233162809,0.020606792488921742
49.56829804100016,1780933097954347059,track_preview_car,2.2192508529171904,1.066780964254616,-0.0020014162257680386,1.8014790234896268e-05,1.2548680125983634e-06,1.6243929982645495,222.68803639113344,95.28401219180304,-0.013976455280937584,0.27913561605653064,0.0003224304329826361,0.2794853009613904,0.015175696245597461
49.66977618200053,1780933098055824629,track_preview_car,2.2178311586809945,1.0946864048703218,-0.0020014116928139796,1.8068943902225333e-05,1.1662177902036474e-06,1.6256289559455286,222.62746277038912,94.09338005886627,-0.01473155343126342,0.2793965746847868,0.00031345523067482324,0.2797846754418294,0.010249393929781367
49.786629748999985,1780933098172679779,track_preview_car,2.216042130159259,1.1282051073573223,-0.002001400376525437,1.820527528446421e-05,9.438565189687033e-07,1.626507155724498,222.55113088679508,92.66324875275424,-0.015314877816832302,0.27961572564898013,0.0003020835848165447,0.28003481839362443,0.00615496459951966
49.9050154610004,1780933098291064440,track_preview_car,2.214191775589572,1.1617224598081604,-0.002001395233837042,1.8267637711297865e-05,8.425289024829042e-07,1.6268618469056217,222.4721824251551,91.23317504818516,-0.015675066665743722,0.2794305096201549,0.0002938298205443517,0.27986982227734913,0.002746513095869852
50.00742232199991,1780933098393471992,track_preview_car,2.2126207753609717,1.1896359290618586,-0.0020014003124926216,1.8199851670679157e-05,9.474223226397456e-07,1.6268309969684056,222.40515308206813,90.04220036002738,-0.015873949143005845,0.27928859590254745,0.00029834940183311073,0.2797393466472158,8.294660197139938e-05
50.11332001900064,1780933098499369649,track_preview_car,2.211036720878347,1.2175381415531679,-0.002001410507768241,1.808346527110094e-05,1.1429960533389806e-06,1.6265875674242012,222.3375667574761,88.85170596039816,-0.015963148954390334,0.27918393304886474,0.00030842050521216123,0.2796399302624234,-0.001907177713317012
50.22850498200023,1780933098614553209,track_preview_car,2.209132847828708,1.2510112123381927,-0.002001417573496466,1.800350818884146e-05,1.2779982250271829e-06,1.6261101306411772,222.25633484069152,87.42352160690379,-0.015938480190570255,0.279114579113276,0.00031696867061600434,0.27956928197562475,-0.0032830395108925147
50.34857439799998,1780933098734623977,track_preview_car,2.207234988887674,1.2844764673768287,-0.002001412384741291,1.8070068844673738e-05,1.1729737063083498e-06,1.6254681010236405,222.17535952587411,85.99567072525531,-0.015889576517038886,0.27903953305459184,0.00031220593282728,0.27949157348516873,-0.004968925570963163
50.46762003300046,1780933098853668441,track_preview_car,2.2053546907790236,1.31793961356459,-0.0020014001825077164,1.8200420489671743e-05,9.457379932720015e-07,1.6247491618328282,222.09513347323832,84.56790982124417,-0.0157040579051626,0.2790410912714005,0.00030086389935266174,0.2794826435623915,-0.005217667479854631
50.58655227100007,1780933098972601510,track_preview_car,2.2034983906898957,1.3514034297968491,-0.0020013950128548166,1.8251193103205903e-05,8.528364438873956e-07,1.6240118906575958,222.0159313361022,83.14012032866776,-0.015491133042517199,0.279056378854346,0.00029449728395369217,0.2794860243057624,-0.00515901665302788
50.68860465600028,1780933099074652623,track_preview_car,2.2019716619373653,1.3792919850280205,-0.002001400617326259,1.8181900176583472e-05,9.64343491656178e-07,1.6234165128526714,221.95079090932757,81.95020863880447,-0.015304803908203268,0.2790790451289091,0.0002992313376089098,0.27949839078737504,-0.004880349172561405
50.809781250000015,1780933099195834206,track_preview_car,2.2001638052764365,1.4127617168018367,-0.002001412665833932,1.8049595524206343e-05,1.191437037275259e-06,1.6227510502578233,221.87365569179462,80.52216674978831,-0.015088650996298874,0.2791083148769076,0.0003113378840522707,0.2795158650637118,-0.004440835597045412
50.91035195299992,1780933099296402444,track_preview_car,2.1986771731575385,1.4406566465762798,-0.002001417624908503,1.8004527829891695e-05,1.2777807694420346e-06,1.6222534242941014,221.81022605472162,79.33198307941205,-0.014911327614718806,0.27914015363208644,0.00031715691599721365,0.27953814240811276,-0.003924449570684917
51.02815521800039,1780933099414204818,track_preview_car,2.1969154982994468,1.474135057532542,-0.0020014117965870036,1.808112884255447e-05,1.1583674281471453e-06,1.6217232466185236,221.73506126077638,77.90357087861153,-0.01472175095462208,0.279179834509785,0.000312303657903098,0.2795677197891073,-0.0033954435456833177
51.13123619500038,1780933099517286516,track_preview_car,2.1954656152370267,1.5020383069749133,-0.0020014015274089614,1.819447869740577e-05,9.643474308733927e-07,1.6213472904297392,221.6731995834465,76.71303223573705,-0.014567794628182716,0.27921950167976767,0.0003023402089576683,0.27959926816539893,-0.0028060990064284258
51.24957368300056,1780933099635623183,track_preview_car,2.1937454052770846,1.5355273284300714,-0.002001394826562497,1.8257257803369356e-05,8.462035389694781e-07,1.6209743672730341,221.59980395848896,75.28416732031695,-0.014367584588758404,0.27928824244018086,0.00029520050314973387,0.27965755818901156,-0.0016139986900424936
51.36664105300042,1780933099752689952,track_preview_car,2.1920405200569406,1.5690192284669333,-0.0020014009074999423,1.8175398507231244e-05,9.722645884082992e-07,1.6206492401290005,221.5270621890961,73.85517958541084,-0.014309736944079492,0.2792706056708271,0.00030002987641923135,0.2796369785331678,-0.0020161577458215384
51.468481857999905,1780933099854532469,track_preview_car,2.190602802578923,1.5969091076622872,-0.0020047090012851256,-3.8820026335654924e-10,4.9568377201293174e-05,1.6200327809927053,221.46571957670074,72.66521140640907,-0.015047210737765637,0.2774870507626687,-0.004724116648996799,0.2778947316736152,-0.0156025273522232
51.569015009000395,1780933099955063948,track_preview_car,2.18906494713826,1.6247048525569439,-0.002001355665277833,1.71432899287793e-05,1.278858053069418e-06,1.6175954622344277,221.4001044112324,71.47925962423707,-0.01575790079515566,0.2777606243808556,0.00037283357454595924,0.27820725348903597,-0.03155372754062124
51.66971682900021,1780933100055767862,track_preview_car,2.1875356326267523,1.6524554656315815,-0.0020014204176927704,1.8090145533542538e-05,1.2430535495104305e-06,1.6142053247019439,221.33485365874145,70.29523346638587,-0.015469500804366902,0.2773901453844643,0.0003059307285429776,0.27782116228169257,-0.03983875660240598
51.78727460900063,1780933100173322926,track_preview_car,2.1857597528974906,1.6857096708430113,-0.0020014012399726363,1.8098617882211384e-05,1.03490186651623e-06,1.6090885596903928,221.25908279029295,68.87638737736486,-0.014533208333566819,0.27714144618897885,0.0003072069503985427,0.2775222429647496,-0.04610414105039919
51.8891555400005,1780933100275207764,track_preview_car,2.184377364418857,1.7134011260550042,-0.0020013958797751768,1.819400443374621e-05,9.062436893322968e-07,1.6042892916017126,221.2001008818712,67.69488528831982,-0.013414066628984887,0.27706811417497557,0.0002965831678849026,0.27739264063057645,-0.04883789930788382
51.99049505600033,1780933100376548123,track_preview_car,2.183121362236428,1.7410930114950598,-0.0020013988375082114,1.8189169455958388e-05,9.410166814728416e-07,1.599365515925218,221.14651145542092,66.51336484287745,-0.011956251826866451,0.2771895578221461,0.0002943126668860333,0.277447297560067,-0.04766739266641657
52.09195615600038,1780933100478006297,track_preview_car,2.182325912415632,1.7688776372047754,-0.002003741299989371,1.2417135792831895e-09,3.938116483645316e-05,1.5989868551268647,221.11257226306697,65.32788747926293,-0.005388105538924817,0.27732129945562156,-6.202622438658085e-05,0.2773736375596158,0.028959287500225122
52.19311335200018,1780933100579163773,track_preview_car,2.182829474350646,1.79576162744423,-0.002001128375778891,4.0380182183657033e-07,-1.4943173850705173e-05,1.616780760804905,221.13405757229424,64.18083722904618,0.007168321963646331,0.26578624560054237,-0.0026697899768788023,0.2658828937525059,0.2412186481090859
52.31033762000061,1780933100696387921,track_preview_car,2.1842390415267574,1.8268981965572824,-0.0019996855032742467,1.5545537824209363e-05,-1.5098237751849815e-05,1.6597144010415377,221.19419910514165,62.85234361355596,0.010942334640444903,0.2546987355528358,0.000331527209686252,0.25493367878645784,0.41755001961463695
52.41070609200051,1780933100796754019,track_preview_car,2.1854052167223648,1.8521178651244614,-0.0019999296066642,-1.5816925839792343e-10,-7.351986882481009e-07,1.7096585104921367,221.24395591348758,61.776304421356315,0.009454360912857318,0.24660023390460356,0.0030901093968715002,0.246781401856128,0.5482729108512336
52.51237850100006,1780933100898428451,track_preview_car,2.1860603456952976,1.8767357658394475,-0.0020022776483497344,-5.053194278396751e-07,-2.9655878749035055e-05,1.769676554310553,221.27190808299935,60.725940657516915,0.003576590944695268,0.242351576126008,-0.002170713875808628,0.24237796610572077,0.6439647793147907
52.63128243099982,1780933101017331930,track_preview_car,2.1855376275651763,1.9059269481476586,-0.0019999145176976775,2.0190059069422823e-08,-8.399222609395875e-07,1.8504075962652171,221.24960544278088,59.48045021236656,-0.015256117515297157,0.2436923130460032,0.0012769953820049972,0.24416939316661246,0.6507618253287977
52.73260648300038,1780933101118656484,track_preview_car,2.1833895401449244,1.930085745198714,-0.0019999875565804865,3.965285853330901e-06,2.868404992156722e-06,1.9186657749153129,221.1579537128501,58.44967487152154,-0.03064046426508095,0.24042706194713634,0.0006279290293708947,0.24237163647364315,0.6729304544969756
52.85255098500056,1780933101238599894,track_preview_car,2.180158174655251,1.9581368482804455,-0.0019999406167343615,5.870013143674706e-07,-1.74171973597086e-07,2.0190588106067273,221.02008211862403,57.25282780670099,-0.03782857319510708,0.23241210910094387,6.803247147170993e-05,0.2354705701499162,0.8219816267461734
52.95312867099983,1780933101339179273,track_preview_car,2.176578373087217,1.9808614535782054,-0.0020015858878730452,-6.820672579352519e-07,-2.0933496933496025e-05,2.1162617895461597,220.86734391838792,56.28324464732991,-0.04347954425373523,0.22360215666626984,-0.0011468655025895758,0.2277902439401644,0.9915227825831266
53.07365723300063,1780933101459709007,track_preview_car,2.1703041002400263,2.0073590518578843,-0.0020044692798594954,-3.9061337089344005e-05,-1.115030659488686e-05,2.242392419829907,220.59964161024112,55.1526804540636,-0.08392201620699594,0.2179236336895539,-0.004571857897367501,0.2335243347591556,0.8728477917529889
53.190054431000135,1780933101576106866,track_preview_car,2.159175126531516,2.0329296274400908,-0.0020032938943700023,-3.964690844578449e-05,4.643034391133752e-06,2.3509908036711646,220.124805398678,54.0616692292228,-0.10543736433726608,0.2068904172478811,-0.00370765753306857,0.23220827407177316,0.8798376830251169
53.29120557799979,1780933101677255318,track_preview_car,2.1475105461475024,2.053233110423753,-0.0020037128848017028,-1.0253105662653981e-07,-4.733249819356352e-05,2.4379713451945237,219.62711663562675,53.195387288586545,-0.1228697492095453,0.19690331024266455,-0.0037545192665716528,0.23209456877603912,0.8821322205229887
53.4100130679999,1780933101796061676,track_preview_car,2.131479072456177,2.0760345354067526,-0.0020037198093997774,-1.3639650126726422e-07,-4.7170054999105514e-05,2.5433322600056036,218.94310709146356,52.22252648931189,-0.1423225432237767,0.18317365457113083,-0.003749316486273652,0.23196614847565095,0.888242892609558
53.5107379810006,1780933101896788242,track_preview_car,2.1158123220586647,2.0935117402220587,-0.001999957851061233,1.2100319181322086e-08,-4.395552031110149e-07,2.625700369045401,218.274659074503,51.47683241719217,-0.16782843889878424,0.1659112913851775,0.004132472604422058,0.2359935200642175,0.7724411660558513
53.6110075280003,1780933101997057188,track_preview_car,2.097147362025967,2.109036789273732,-0.0020032526477919343,-3.961793285710764e-05,4.222153674786737e-06,2.689895868540758,217.47828744644124,50.81443032432078,-0.20469746799133537,0.1442037972831122,-0.0033410026535806102,0.2503912709199997,0.5024350189011368
53.71204884800045,1780933102098098979,track_preview_car,2.076600935887821,2.1230939110337315,-0.0019999620187969064,1.9377298111642778e-07,-2.53266332707423e-07,2.7441007557922616,216.6016399312137,50.21465979589412,-0.20763954638274046,0.13400996451732988,0.004517676916321159,0.2471292208784025,0.543498754092597
53.83114563300023,1780933102217197517,track_preview_car,2.0510591021967453,2.1386248645507204,-0.002002460421999395,-3.820042111771319e-05,3.583641545977995e-06,2.811904040951029,215.51185502706113,49.552005779169264,-0.21886995856881128,0.12389282115800934,-0.0025072314565275813,0.25150246499468676,0.5835952831847242
53.93301292900014,1780933102319061968,track_preview_car,2.0289761623792035,2.1501786477751996,-0.002003600728121536,-3.5166441194392883e-07,-4.8417515584906624e-05,2.867656040713511,214.569649594846,49.05904436159149,-0.223026407265931,0.1079645941765381,-0.003744604876717568,0.24778444651279766,0.5442501057579936
54.05273679600032,1780933102438786396,track_preview_car,2.001447102233152,2.1621549179612223,-0.0019999281595446915,5.168870139501637e-09,-7.520137024260047e-07,2.930539122981502,213.39507636194782,48.54805683365451,-0.23177360054743906,0.09071396272484918,0.0037821737083818686,0.24889360165333535,0.5073170396510445
54.17134103300032,1780933102557392536,track_preview_car,1.9726919299917847,2.1721060342740124,-0.0019999647671795407,6.237766024912512e-09,-3.486064815075295e-07,2.9878096095014777,212.1681890129828,48.12347587097547,-0.2464629747521566,0.07208182096384885,2.7612876762997784e-05,0.25678743512319,0.41230281331578317
54.27139674600039,1780933102657445074,track_preview_car,1.9479343212180462,2.1787458881734123,-0.001999947416964662,-4.4882988978635315e-07,-2.245281428129679e-07,3.028988059016468,211.11186437196997,47.840175437934406,-0.2512124498192546,0.056608128992239846,0.005402229216852363,0.2575115050093755,0.35911656325830565
54.37279869099984,1780933102758847810,track_preview_car,1.922556373056681,2.184050297047063,-0.0020028886911941323,-2.4670135972341935e-07,-3.688093661513783e-05,3.065119915021194,210.02907191708505,47.61385399265865,-0.2590576380929989,0.04519775233700621,-0.0035792183227810626,0.26297090460855277,0.31171515022290947
54.473297846000605,1780933102859347556,track_preview_car,1.8966829099295468,2.1881279717136635,-0.0019999870277089262,-5.624069698475516e-10,-1.5261056637218088e-07,3.09645356348733,208.92513749032733,47.43987320688369,-0.26159823869474946,0.03298234909595865,0.0036112244028581723,0.26366925084295056,0.2629954474490132
54.59053418500025,1780933102976588393,track_preview_car,1.8650624223867787,2.191479353351638,-0.0019997884601759067,1.6874378706381838e-05,-1.5019006890369317e-05,3.1267471642309204,207.57599668850256,47.29688092366345,-0.26666057922065634,0.021566613633237624,0.00020926377487800186,0.26753127543130595,0.22603332419433
54.69493232000059,1780933103080984625,track_preview_car,1.8383293977621973,2.19319783521171,-0.0019999591446210542,1.889575432825196e-09,-4.291778216587163e-07,-3.1363112892306346,206.43538763785375,47.22355903096704,-0.27104448971321976,0.012132887670998458,0.000730871232556649,0.27131590879846457,0.16881277372618256
54.81289251399994,1780933103198942404,track_preview_car,1.8058039725702018,2.1941574257270657,-0.0019999955060654904,1.1553373738209884e-11,-4.76933724452271e-08,-3.11801531904229,205.04763616299527,47.18261650231186,-0.27131440654977573,0.003316153034369208,0.009725760017913703,0.27133467171079395,0.12680401518979934
54.91498353299994,1780933103301034495,track_preview_car,1.7784449020379942,2.1941902302400114,-0.0020000055095433416,-2.2437844708138304e-07,-1.110217596845017e-07,-3.107449044041114,203.88031582028776,47.181216843092855,-0.2743414184726584,-0.002121429059556546,7.49501392077502e-05,0.274349620650084,0.09144994873224586
55.03437486300027,1780933103420424322,track_preview_car,1.7453551077337621,2.1935977248385363,-0.0019993949974055738,7.5826513851906675e-06,-6.219186019910994e-07,-3.098753878838128,202.4684845966405,47.20649707355578,-0.276307629969349,-0.006458279958611335,0.0006048984299735845,0.27638309600860633,0.06547421193272603
55.15513719200044,1780933103541187463,track_preview_car,1.7120727823737347,2.1924853977924,-0.00200035930765154,4.804992897823721e-06,1.4026002431160118e-07,-3.093693077502072,201.0484387146127,47.2539563608576,-0.2775303715470256,-0.010157230312721872,-0.00036674761051780515,0.2777161796846841,0.03869039939026758
55.274200794000535,1780933103660251786,track_preview_car,1.6785873266685558,2.190943137390407,-0.0019999920225418433,1.4399767653801622e-07,2.4725362034715286e-08,-3.0925802451611655,199.6197259378584,47.319759471342635,-0.27904463329444334,-0.014537807666142582,0.0013864432659609052,0.279423075679458,-0.011282926772807952
55.392412868000065,1780933103778462719,track_preview_car,1.6451662264033327,2.1891885661150807,-0.0020031093218381662,-6.8132933433740715e-06,2.7565701239839658e-05,-3.0942906427075725,198.19375899320886,47.394621179089896,-0.2769902081493075,-0.014487144502933388,-0.0034446640740855793,0.27736880279953186,-0.021116993352150365
55.51271421199999,1780933103898764523,track_preview_car,1.61184879673479,2.1873727734062505,-0.0019999868519544393,-1.7967530347271472e-09,-1.437299974738677e-07,-3.0979548690406684,196.77221532735103,47.472095001333315,-0.2768048699006262,-0.014655408497212457,0.005697288898066661,0.2771925630296072,-0.029842351309526286
55.61287487499976,1780933103998927220,track_preview_car,1.5841335727240935,2.1858892674678043,-0.0020010680530055257,1.3606828861557958e-05,9.318258189490453e-07,-3.102006114991678,195.58969910289466,47.53539125470702,-0.2772500199824786,-0.01469212494682977,0.0006245879916680995,0.2776390320465371,-0.043608807269515805
55.713778457000444,1780933104099828888,track_preview_car,1.556439404863871,2.1844764685277127,-0.0020014367937623754,1.8267141264663192e-05,1.2814690787461562e-06,-3.1067067343778665,194.40808127419183,47.59567067615093,-0.27708779803370887,-0.01373187138750278,0.0002954484300162127,0.27742785027998246,-0.047951071797887566
55.832327881999845,1780933104218378374,track_preview_car,1.523214850414998,2.1829343654035207,-0.002001410201961177,1.7930494465456403e-05,1.2567179173827687e-06,-3.1126789731744746,192.99050028437324,47.66146707611645,-0.2770891834027351,-0.01218852144531119,0.0003023341575335368,0.2773571264882469,-0.04942617203936261
55.95138610000049,1780933104337436111,track_preview_car,1.4899819829534149,2.181590444548019,-0.002001404999568519,1.8099480999650443e-05,1.073888978317339e-06,-3.118665102950774,191.57256460601238,47.71880769928451,-0.27718611591919806,-0.010497094073486007,0.0003011943454592739,0.2773848082400309,-0.04893995289171138
56.0545468600003,1780933104440596860,track_preview_car,1.4622701857296732,2.1806365729831465,-0.00200140174872997,1.8233131708751835e-05,9.383388286836929e-07,-3.1234225377786795,190.3901945911327,47.759506219385756,-0.27734916253178854,-0.009005447354056359,0.00030523232326379703,0.2774953261572727,-0.0466801552802697
56.15687297099976,1780933104542936687,track_preview_car,1.434535595170526,2.1798378735014534,-0.0020014033381060958,1.825538497836488e-05,9.381281121534514e-07,-3.1278127396235496,189.20685206060912,47.793584063937985,-0.2775707835855407,-0.007496303563485513,0.0003094191198706312,0.27767199078662397,-0.04297977347634264
56.25809257899982,1780933104644142610,track_preview_car,1.4067758351653556,2.17918995128911,-0.0020014084926928406,1.8152124960917954e-05,1.0705479366332204e-06,-3.1317605498958896,188.02243563372184,47.82122874499797,-0.2778152626908347,-0.006042611231275701,0.0003106983176185079,0.27788096972349474,-0.03852891411893581
56.35918413899981,1780933104745233769,track_preview_car,1.3789898679366321,2.1786845332330738,-0.002001412899225592,1.801489086237068e-05,1.2208254040327235e-06,-3.1352196161948984,186.83690103196298,47.84279324872219,-0.2780712059723383,-0.0046809039433314634,0.00030802942839471643,0.27811060111516295,-0.03360340543467882
56.477457003999916,1780933104863509489,track_preview_car,1.345609669293327,2.1782521525910608,-0.002001411567710148,1.7954740734435657e-05,1.2521738044666236e-06,-3.1386617964555734,185.41267922318195,47.861241489448076,-0.2785826376669645,-0.002892004021198452,0.00030658916459647525,0.27859764840490286,-0.023313999857481497
56.57935819600061,1780933104965409208,track_preview_car,1.3177663279903076,2.178014964846849,-0.0020014063793838952,1.8052772760991958e-05,1.1231641498491338e-06,-3.141001223210517,184.2246966609198,47.871361499867774,-0.2788306482203763,-0.0018493246014857569,0.00030435997062425017,0.2788367809104045,-0.018412713280829808
56.69805679700039,1780933105084106928,track_preview_car,1.2843215196902436,2.1778581373171915,-0.002001402687407437,1.8269001395246312e-05,9.203316416579432e-07,3.1400326919187984,182.7977181734504,47.87805280779983,-0.2790607961373864,-0.0008935522502763586,0.00030119325294946986,0.27906222671020153,-0.013866372660940427
56.79809145299987,1780933105184142535,track_preview_car,1.2564275001298035,2.177812495434732,-0.002001402475928331,1.8331478118471167e-05,8.706718852052559e-07,3.1387115913302783,181.60757333887162,47.880000194784756,-0.27926324706419076,-0.0001955230749890892,0.00030636804132528234,0.27926331551084205,-0.009714060581796823
56.918399449999924,1780933105304449481,track_preview_car,1.2229303191795504,2.1778401088620347,-0.00200140495325898,1.8232078035520992e-05,9.720732369799173e-07,3.1376545766527473,180.17836028499414,47.87882202188652,-0.27941745768736637,0.00042041346168072426,0.0003111304435178735,0.2794177739657052,-0.005853961607193165
57.03686277399993,1780933105422912314,track_preview_car,1.1894078454627823,2.1779155887532657,-0.0019999443383866443,-1.1187000591014756e-09,-5.940943676739571e-07,3.1368280894020915,178.7480680730787,47.875601546527335,-0.2794488673745249,0.0007224924954031592,-8.665803844354336e-08,0.2794498013459854,-0.007610653450228927
57.14027273800002,1780933105526322448,track_preview_car,1.161460722092358,2.1779986202618167,-0.002003747370745802,-1.7244544938776623e-10,3.94458930792772e-05,3.1360740423252857,177.55565747594062,47.87205886882916,-0.2788621535086692,0.000710712145833437,-0.004243824289829958,0.27886305917286147,-0.007492596696412399
57.257835245000024,1780933105643883873,track_preview_car,1.1278933206263515,2.1781413979287447,-0.001999961580777569,2.615211594072495e-09,-3.946406912117155e-07,3.1354718316685766,176.12344834672433,47.86596702170689,-0.279879325014536,0.0011268089084670307,0.0027453479054288473,0.2798815933013611,-0.004537996707368647
57.35802003200024,1780933105744069151,track_preview_car,1.0998981520096882,2.1783008713993723,-0.001999948805197001,-1.4928331588576488e-09,-5.452157444801616e-07,3.135379525086385,174.92898781908002,47.85916282029345,-0.2799668251908024,0.0017679175974514814,3.0807866643667303e-07,0.2799724071047872,-0.0006893974723181788
57.45941515100003,1780933105845463158,track_preview_car,1.0719169197246055,2.1784774793703585,-0.001999975661670342,3.2055128728604507e-10,-2.5623341683041105e-07,3.135511815658594,173.73512190824982,47.851627546864705,-0.27957079731628776,0.00166279071837698,0.0026654053973335203,0.27957574212552483,-0.0003443458544013974
57.57622055200045,1780933105962269480,track_preview_car,1.0383614288681318,2.178696145310505,-0.0020001795679331,-2.5209150071325147e-05,2.0995804320475872e-05,3.135838444685491,172.3034209650403,47.84229780008512,-0.2797824811778423,0.0020902922198045766,-0.00021540831094216126,0.27979028949481766,0.0038972320540962553
57.68146739599979,1780933106067514101,track_preview_car,1.0103981244136595,2.1788826403874584,-0.001999987370226703,5.961299717934643e-10,-1.3088718254390908e-07,3.1363242175722696,171.11031997498281,47.83434067680177,-0.2796977040069011,0.0015792378955063976,0.0015713662502823559,0.27970216234248646,0.004443888116198346
57.79679997200037,1780933106182919133,track_preview_car,0.9768432768495834,2.1790984180958293,-0.0020015744619159286,2.070527006865567e-05,8.804421752525837e-07,3.1370509453964166,169.67864647891557,47.82513416124462,-0.27973088659820383,0.0014691794450131064,-0.0013925795053501416,0.2797347447230301,0.009013929707077754
57.90449064099994,1780933106290540472,track_preview_car,0.948882099032823,2.1792606053398815,-0.0020000484951043854,-1.0761713293959731e-05,8.666727422930086e-06,3.13768567375033,168.48563622540044,47.81821417216506,-0.2796188497383937,0.0017446302160331452,-0.00010588263961348426,0.27962429233457714,0.005919383067977074
58.02156749400001,1780933106407617645,track_preview_car,0.9153289389182602,2.1794322857102872,-0.001999959890011867,-3.5458027414546328e-09,-4.368215749228133e-07,3.1384496057815117,167.0540347271791,47.81088914302775,-0.2795220210958733,0.0013707364682232059,0.0008292273509625254,0.27952538202457966,0.005560102891243909
58.13754663800046,1780933106523596418,track_preview_car,0.8817743405660026,2.1795756357783125,-0.001999930081447084,-3.6988399103556686e-07,-4.5353402326918415e-07,3.139178166847087,165.62237186414944,47.804772873458674,-0.27961313086584766,0.0011753513192075216,4.336736432643437e-05,0.27961560114436607,0.005658392501303058
58.25593585700062,1780933106641991208,track_preview_car,0.8482297337696536,2.1796848590685522,-0.0020022029253351434,-2.73184118029505e-08,-2.833287964324405e-05,3.139721857434833,164.19113530750522,47.80011267974177,-0.27976960706058157,0.0009873204539790957,-0.003224301938547477,0.27977134920593827,0.005502067385668156
58.35704244699991,1780933106743092087,track_preview_car,0.8202736324368822,2.179758266286529,-0.0020026481791589473,8.489497056801414e-08,-3.400196732293668e-05,3.1401085767857637,162.9983416506403,47.79698063844144,-0.27984355041740994,0.0010180018964062025,-0.0032257086630416,0.2798454020313404,0.006190929876157783
58.45973427900026,1780933106845786012,track_preview_car,0.7923210814542709,2.179818472786274,-0.0020004316498884343,-6.557944869091513e-08,-6.307675831547857e-06,3.1404414421196383,161.80569947538223,47.79441182778564,-0.2795071166251707,0.0003373795034391177,-0.0004657432639555846,0.27950732024232583,0.0024970819198589502
58.56118328000048,1780933106947235865,track_preview_car,0.7643658956081811,2.1798702071031966,-0.0020027072045272197,1.014117346599751e-08,-3.4969690165015074e-05,3.1407533283685454,160.6129448792824,47.79220449693028,-0.27987812200072587,0.0007846582282699456,-0.0032598454988679187,0.2798792219211501,0.005544757419616727
58.67864793799981,1780933107064698790,track_preview_car,0.7308016792334043,2.1799212067217377,-0.0020000594716282354,-1.0926031295143862e-05,8.906845854430071e-06,3.1412103326401795,159.18087164729192,47.790028513205854,-0.2797492959580831,0.0005456040312227557,-0.00010169790021619975,0.2797498280121045,0.0034645210057446456
58.77902214900041,1780933107165073802,track_preview_car,0.7028244772236308,2.1799463191290847,-0.0019999672785985224,-2.0969952454733106e-09,-3.533086615107833e-07,3.1415327813832743,157.9871776948749,47.788957050492385,-0.27976758319988626,0.00034185943524416115,-1.088318304382649e-06,0.27976779206581076,0.00307904830550804
58.88136516400027,1780933107267417940,track_preview_car,0.6748491729605386,2.1799625888625487,-0.0019999934889677294,4.050436522259565e-08,-9.788595594012323e-08,-3.1414181165705286,156.79356471298297,47.78826287519793,-0.27975648204347764,0.00016905461406963826,-1.0742869483897077e-06,0.2797565331226514,0.0027276634982766816
58.982976441000574,1780933107369028665,track_preview_car,0.6468674231867579,2.1799711812172724,-0.0019999884738218935,5.245697661355083e-08,-1.5906200750232066e-07,-3.1412151410770637,155.599676722635,47.78789626806305,-0.27978660080017964,7.033582617317075e-05,-1.3249398094490743e-06,0.27978660964107543,0.0022177274920952496
59.100767163000455,1780933107486818687,track_preview_car,0.6132976205682369,2.179964490781393,-0.0019999755703834655,-4.15802045638943e-10,-2.53099128774662e-07,-3.141063817281832,154.16736514424477,47.78818172666057,-0.27988793581444166,-9.024149203023659e-05,1.778474247505968e-05,0.27988795036227604,0.0009515634853522122
59.20119949400032,1780933107587249534,track_preview_car,0.5853229278051645,2.1799555678950187,-0.0020003852878991597,1.2961713021908655e-05,-1.8656307698054165e-05,-3.140926070017739,152.97377825302036,47.78856243647921,-0.2800294731902113,-8.629976104487826e-05,-0.00039516697570529945,0.28002948648818404,0.0008070284031170104
59.3014289570001,1780933107687479238,track_preview_car,0.5573442474932655,2.179943539178085,-0.001999977893378203,1.4921371970534776e-08,-2.2041701127050026e-07,-3.1407902872979214,151.78002122637932,47.78907566173504,-0.27993882333289744,-6.351691811438426e-05,2.5684210437827147e-05,0.2799388305387555,0.0006777814477455632
59.420304308000595,1780933107806353587,track_preview_car,0.523766607956162,2.1799242140146315,-0.001999997896632916,2.9033875706163252e-09,-1.629296753419572e-08,-3.1406206091968554,150.34737527279626,47.78990020204239,-0.2798744009451055,-0.00010679271100738839,0.005779339633386444,0.27987442131974977,0.0004958455649651753
59.53727550199983,1780933107923324711,track_preview_car,0.49018398579745043,2.1798979789685884,-0.0020017158816577865,-2.1775083006160353e-05,1.5627093606808819e-06,-3.140347210642426,148.9145167273579,47.7910195640069,-0.27973446106124733,-9.040900893580129e-05,-0.00032143622684794763,0.2797344756711539,0.0017892771014180586
59.64209823600049,1780933108028147635,track_preview_car,0.4622050231070762,2.1798733587883152,-0.002001722375029483,-2.18207170446291e-05,1.5959914628043651e-06,-3.140090062080529,147.72074765256858,47.79207002503189,-0.27960874038247246,-0.00011957525092686054,-0.0003101142489738016,0.2796087659507719,0.001968697507973343
59.76177968800039,1780933108147830240,track_preview_car,0.4286402294397069,2.179839093556029,-0.0020017185831847366,-2.1820665017218686e-05,1.5565319436075187e-06,-3.1397753975087226,146.2886497894275,47.7935320082761,-0.27949236145000106,-0.0001932104462403056,-0.00030740944568184925,0.2794924282322771,0.0017368926907179198
59.87964074299998,1780933108265691636,track_preview_car,0.395082880021054,2.179789083018363,-0.0020017110833803584,-2.179486728355474e-05,1.4976459100700957e-06,-3.139575009024263,144.85686954756497,47.79566579121652,-0.2794425891063856,-0.00034451980435106763,-0.00030167614737586516,0.2794428014824784,0.00042182378188092783
60.000249956000516,1780933108386297783,track_preview_car,0.36153297744354235,2.179721071134067,-0.002001703596953903,-2.166455085018686e-05,1.5172691942169977e-06,-3.1395530539078917,143.42540703759113,47.79856763161315,-0.27935129860304153,-0.0005186639524544832,-0.0003006230658152077,0.2793517800972481,-0.001574261737109805
60.1181998940001,1780933108504251758,track_preview_car,0.3279882631068583,2.179643703353381,-0.0020017058047825027,-2.1592384724686834e-05,1.5943808063043122e-06,-3.1396477930632476,141.9941658925593,47.80186865692242,-0.2793197928145946,-0.0005562153971353073,-0.000306065752315461,0.27932034661577393,-0.002191435789961271
60.22039106400007,1780933108606438620,track_preview_car,0.3000372563970533,2.17957680729634,-0.002001713000173547,-2.1634951984070228e-05,1.6374602953592399e-06,-3.139788400957737,140.80158960627426,47.8047228886895,-0.27929726302947194,-0.0005599699853796121,-0.00031060997322665746,0.2792978243777394,-0.0026440668670633283
60.321893676999935,1780933108707944349,track_preview_car,0.27208827146141945,2.179511180262992,-0.002001719634662954,-2.174638744318887e-05,1.6230621526302748e-06,-3.1399692533235,139.6090995823539,47.80752297544568,-0.27928137929527963,-0.0005301583672493135,-0.0003115993755954161,0.2792818824932405,-0.0029561031374980796
60.44307630500043,1780933108829128810,track_preview_car,0.23855134857961377,2.179438085415363,-0.002001719554713887,-2.1843368246009102e-05,1.5495130689660825e-06,-3.140218210232968,138.1781908727302,47.810641688944514,-0.27927128916531146,-0.0004603473401006085,-0.0003073935983349775,0.2792716685804855,-0.003133480199051413
60.56148325400045,1780933108947532443,track_preview_car,0.20501529414327022,2.1793737435702702,-0.0020017110659860094,-2.1798739190363216e-05,1.4944870957447477e-06,-3.140480315788088,136.74731921677952,47.81338694100181,-0.2792691909438841,-0.0003830013609380859,-0.0003017022678059663,0.27926945357574295,-0.003191834345657072
60.681604221999805,1780933109067653160,track_preview_car,0.17147884026104912,2.1793184298014165,-0.002001703867701175,-2.166498435676013e-05,1.519737550162115e-06,-3.140739368577536,135.31643051780478,47.81574699513956,-0.27927312591430525,-0.00031226126344027197,-0.0003013510009405873,0.27927330048725396,-0.0031271701567603003
60.80147866600055,1780933109187525941,track_preview_car,0.13794119940704375,2.1792720081455026,-0.0020017059600944296,-2.1590154148860992e-05,1.5976608821385877e-06,-3.140978105508733,133.88549117470052,47.81772765245856,-0.27928781556747345,-0.00023275270103036218,-0.0003066506806341683,0.2792879125531051,-0.002788995121945912
60.9026647820001,1780933109288713861,track_preview_car,0.10999227871701976,2.1792399325740055,-0.002001713455625927,-2.1638552665590618e-05,1.6395110053745026e-06,-3.1411577679197493,132.69300389192617,47.81909621017577,-0.27929641134691635,-0.00017180702038335595,-0.00031112312216932144,0.2792964641897891,-0.002581346066590119
61.021559681000326,1780933109407610824,track_preview_car,0.07645252318884352,2.1792100766074674,-0.0020017203637865393,-2.176982150461629e-05,1.61310619530355e-06,-3.1413445980351105,131.261974322724,47.82037006474806,-0.2793045765737398,-9.390465749654419e-05,-0.00031138229596889346,0.2793045923595256,-0.002351257715988745
61.12156244800008,1780933109507611818,track_preview_car,0.04850204639742961,2.179192712201145,-0.0020017187681172052,-2.1833121162344995e-05,1.5490192117876526e-06,-3.1414734453296327,130.06942064629033,47.821110946084474,-0.2793110367924156,-2.44581406919294e-05,-0.0003071346472047282,0.27931103786326594,-0.0020961987818256507
61.22158133599987,1780933109607630756,track_preview_car,0.0205510920908587,2.1791816802981496,-0.0020017110673268795,-2.1790435987069177e-05,1.5007560107019682e-06,-3.14157542613509,128.87684659587663,47.82158164061228,-0.2793153423561025,3.3170879534327615e-05,-0.000302101086747549,0.27931534432575306,-0.001841614908476315
61.34153072200024,1780933109727580862,track_preview_car,-0.012990633140072242,2.179174873621795,-0.002001702300837562,-2.164726390171047e-05,1.5167270989607222e-06,3.1415234590390346,127.44573298602359,47.82187205880341,-0.2793188389205757,7.779296909171305e-05,-0.0003005568414694462,0.27931884975361854,-0.001539206269437138
61.44238030500037,1780933109828429774,track_preview_car,-0.0409424439067631,2.179172310967781,-0.0020017023885815868,-2.156100294486924e-05,1.5823443908617099e-06,3.1414755656149365,126.25312239331144,47.821981398708004,-0.279320957451703,9.236316285987391e-05,-0.00030433096927832867,0.27932097272258294,-0.0013685293161571147
61.543039678999776,1780933109929089569,track_preview_car,-0.06889485115315114,2.179170521453817,-0.002001709333773633,-2.1587214942353448e-05,1.6350863687250237e-06,3.1414350165141673,125.06048635079888,47.8220577513038,-0.2793333226442221,9.635310842901481e-05,-0.0003094018626687635,0.27933333926222015,-0.0013207527670499532
61.66335917200013,1780933110049407680,track_preview_car,-0.1024387818834741,2.179169063596011,-0.00200171895269275,-2.1729397007797037e-05,1.6287474775990144e-06,3.141385636956886,123.62927863963844,47.822119953236864,-0.27934800394758114,0.00010900791470415638,-0.0003117382984065283,0.27934802521625823,-0.0013308194644579695
61.76389137700062,1780933110149942700,track_preview_car,-0.13039278242617341,2.179168985440277,-0.00200172085976791,-2.1839072337575138e-05,1.566391165031471e-06,3.1413394952710725,122.43657461648327,47.82212328788151,-0.2793609632900367,0.0001267296690992237,-0.0003086877121991642,0.27936099203494075,-0.0013789726387297978
61.88301197200053,1780933110269060319,track_preview_car,-0.1639386296688057,2.1791706661465753,-0.002001714125212977,-2.1845545495396776e-05,1.4913308051494525e-06,3.141276582706827,121.00528513413096,47.82205157774612,-0.27937898269851474,0.00014936995414351908,-0.0003025082927029924,0.2793790226288298,-0.001420341995566453
62.00386540100044,1780933110389914439,track_preview_car,-0.1974864528964701,2.179173946549254,-0.0020017065232192915,-2.1748876538213905e-05,1.4845581359000693e-06,3.1412113894666853,119.57391134308395,47.82191161389849,-0.27941734692559267,0.0001686195166017352,-0.00030041152806682887,0.2794173978038561,-0.0013038594530366873
62.12395531099992,1780933110510004881,track_preview_car,-0.23103634943493034,2.1791780903600184,-0.0020017068653302066,-2.1664513441184047e-05,1.5513723798642963e-06,3.1411492856127765,118.14244909077631,47.82173481130589,-0.2794372204557903,0.00017582188932822686,-0.0003046992731366096,0.2794372757693481,-0.0012172917065359304
62.24113041000055,1780933110627179959,track_preview_car,-0.26458858896658183,2.1791828175396812,-0.0020017164290512487,-2.1727757309958525e-05,1.603534928882921e-06,3.141093385690797,116.71088687075917,47.82153311830693,-0.279468396830043,0.00018574174814879016,-0.0003103052983900392,0.2794684585543625,-0.0011142112084251148
62.34191604300031,1780933110727965302,track_preview_car,-0.2925503097723333,2.1791873551423726,-0.0020017240496001554,-2.1856213890139235e-05,1.586714130207109e-06,3.1410455424981665,115.51785344971378,47.82133951392544,-0.2794834370286363,0.00019317056389517905,-0.000311575810210609,0.27948350378547654,-0.001192460920586075
62.443384232000426,1780933110829433892,track_preview_car,-0.3205130003338026,2.179192768520456,-0.0020017256259474195,-2.197318588699905e-05,1.5155605604765854e-06,3.1409884949052884,114.32477865242443,47.82110854312721,-0.2795127755440022,0.00020473153148452297,-0.0003082799066840541,0.2795128505226759,-0.001314994524970081
62.546072017999904,1780933110932121067,track_preview_car,-0.34847441794932504,2.179196641942374,-0.0020055896370090045,2.5489978898900922e-08,-4.4293731446417104e-05,3.1408493998761866,113.13175816749546,47.82094327712538,-0.2797972309623621,-6.229047070811764e-05,-0.00560444948527681,0.27979723789613814,-0.0032788710442928216
62.64834700699976,1780933111034397539,track_preview_car,-0.3764285483934008,2.17920393589478,-0.002003972908271257,-6.804999644428977e-11,4.181952629097977e-05,3.140622918018632,111.93904860188157,47.82063206848939,-0.2788870533044541,0.0001836452534502837,-0.0017216215742038002,0.27888711376903125,-0.0019351368210318949
62.76468684300016,1780933111150736262,track_preview_car,-0.40999643708346684,2.1792199484794574,-0.0020037407514825775,-6.860319301050152e-08,-4.701915448615046e-05,3.1403980255757205,110.50681868443874,47.81994886487648,-0.28001640256819094,0.0001227963871594556,-0.0037535600448024824,0.2800164294933136,-0.0024041280613613155
62.86497517400039,1780933111251025535,track_preview_car,-0.43798153541657614,2.1792402620133284,-0.0019999817105729916,-4.218568476948833e-08,-1.60591521072949e-07,3.1402019242745087,109.31278782222608,47.819082154097984,-0.27985319118396823,0.00020391464858817787,2.8222954558834585e-06,0.27985326547502454,-0.0021473234498866826
62.98441800100045,1780933111370467291,track_preview_car,-0.47156083671131255,2.1792702345477992,-0.0019999820415152257,2.482296831240952e-09,-1.7649222023687128e-07,3.139948719153397,107.880070966984,47.81780332596057,-0.27967019668399423,0.00023029572961657342,0.003354420795634658,0.2796702915030252,-0.002378647743646559
63.102378530999886,1780933111488428181,track_preview_car,-0.5051410858357246,2.179309829713167,-0.0019999907043931607,-1.5862820538573054e-09,-9.91149140081235e-08,3.139767710216382,106.44731367100908,47.81611393223821,-0.2799344085273576,0.0001519029698180909,0.0027106265724866846,0.27993444974149534,-0.0008469632894630714
63.204042368000046,1780933111590093491,track_preview_car,-0.5331186665487138,2.179353873171797,-0.0019999817575222277,6.2201721969077e-10,-1.902189144919357e-07,3.1396823545458954,105.25360356058822,47.81423474467,-0.27992824938942307,0.00017091132107338616,0.002739291683192322,0.2799283015647162,-0.0005603828573379015
63.304725840000174,1780933111690775540,track_preview_car,-0.5611061493847861,2.1794055391393474,-0.001999930972810495,-3.258410211799753e-09,-7.406979018355204e-07,3.139744506604624,104.05947095958246,47.81203033005451,-0.2796533174408437,0.000489584099060467,0.0028016929271866553,0.2796537459936115,-0.0003642406487491558
63.406773931000316,1780933111792824292,track_preview_car,-0.5890917139670904,2.179458265919923,-0.0019999716853430645,1.937436948606177e-09,-2.908670542696787e-07,3.139854109418727,102.86542020407082,47.8097806540833,-0.2798886298126305,0.0003064123118617942,0.00272769516904726,0.27988879753733725,0.0006327224310753775
63.50888116399983,1780933111894931174,track_preview_car,-0.6170747940930573,2.1795117491320437,-0.0019999592973198397,-3.7803734117360275e-09,-4.445346535413714e-07,3.140005055616176,101.67147545202955,47.807498703699466,-0.2796238266029764,0.00044219552352077425,0.0027849661352245805,0.2796241762454964,9.848060572152546e-05
63.62516237,1780933112011213212,track_preview_car,-0.6506490684531477,2.1795779721686968,-0.0019999924439006653,-1.7486477240208897e-10,-8.07323855903489e-08,3.1402102297122445,100.23897307933237,47.804673187468936,-0.27980000550727285,0.0005501199249101041,3.654196568149415e-08,0.2798005463071895,0.0020350999509324533
63.729164954000225,1780933112115213642,track_preview_car,-0.6786188662969387,2.179621856658036,-0.001999699586835041,1.1128825717493502e-07,3.5042510963894976e-06,3.1403319287721287,99.04559503799729,47.80280078259047,-0.279860987562932,0.0002688424558992376,0.004218767928287149,0.2798611166917721,0.0011576231090368388
63.845177635000255,1780933112231226844,track_preview_car,-0.7121766246927437,2.179669946215118,-0.0019999553083433685,5.119096685144506e-10,-4.6920400988526963e-07,3.140451850448819,97.61379734644294,47.80074896148831,-0.27975311629558225,0.0005226664869767266,0.0006185926089692364,0.2797536045475485,0.0019131595576132115
63.96390180399976,1780933112349951564,track_preview_car,-0.7457484594597638,2.1797176863434524,-0.0020000360698904742,-1.0869110788064644e-05,8.617364880148811e-06,3.140681650624127,96.18139906305008,47.79871204934604,-0.2798381489874111,0.0005787431594422094,-0.00010327934752986148,0.2798387474463554,0.0019330964367074608
64.06634033200044,1780933112452388739,track_preview_car,-0.7737298245227985,2.1797507515296126,-0.001999950196024904,-3.6558336056888e-09,-5.391758336104939e-07,3.140896799322638,94.98752748702726,47.79730126806986,-0.27972435497222126,0.0003742485222502532,0.0008286090455626516,0.27972460532920884,0.0015199732700570362
64.18488213700039,1780933112570931827,track_preview_car,-0.8073092496905396,2.179782033427905,-0.0019999602547925398,-1.6140126199027543e-07,-2.93290879991991e-07,3.1411441109757834,93.55480534653697,47.79596657374272,-0.2797919397264455,0.0003508014406231355,-1.0255278319434762e-05,0.27979215964272064,0.001999200034870855
64.2854145629999,1780933112671463411,track_preview_car,-0.8352887577258709,2.179804431648483,-0.0019999921933069004,-3.4541853724228915e-08,-1.0691245048267373e-07,3.1412935379228157,92.36101300369617,47.79501091633139,-0.2798653994241676,0.00021033198557878898,9.913490658640805e-07,0.27986547846133686,0.0015606104622292822
64.40448778000064,1780933112790537380,track_preview_car,-0.8688700691613782,2.1798247849387176,-0.001999978288585504,-6.944369733250701e-08,-2.793442265986091e-07,3.141475334100515,90.92821038244787,47.794142509281386,-0.2798959981950987,0.00016032154818620612,-1.9363201471061382e-06,0.2798960441103616,0.0011514458713919235
64.52407003999997,1780933112910119239,track_preview_car,-0.9024369016038438,2.1798306916898396,-0.0020017734287292735,-2.4016525281682187e-05,4.801953819024338e-07,3.141526526020226,89.49602553156933,47.793890487900185,-0.27986909139612054,0.00020276671282515372,-0.001985981471757443,0.27986916484891633,-0.0012934147162306446
64.6241912380001,1780933113010240867,track_preview_car,-0.9304118824336755,2.1798345786337645,-0.001999975895426173,5.481081217733204e-10,-2.430545195167063e-07,-3.141580921374217,88.30242634949651,47.79372464495938,-0.27995028275769196,-4.858903190738336e-05,0.00439737072782994,0.2799502869743228,0.0005145199359023272
64.72640295900055,1780933113112452549,track_preview_car,-0.9583894201909862,2.179836819409766,-0.0020002548865307606,-3.3603760129438156e-05,2.8150527543841757e-05,-3.1414868105700133,87.10871807185126,47.79362903851664,-0.2798248834930386,0.00022156194300974462,-0.0002812892921756479,0.27982497120805216,0.0012680822746358887
64.82852346300024,1780933113214573153,track_preview_car,-0.9863670046718507,2.179835378104085,-0.0020037240961410106,-3.1485556615535935e-07,-4.7057624325597006e-05,-3.1414075084481743,85.9150078006677,47.7936905342257,-0.28005781620118564,0.0001431309444984986,-0.0037610418356671125,0.28005785277660816,0.001117713964203109
64.94661476500005,1780933113332665156,track_preview_car,-1.0199509439807994,2.1798325090572845,-0.0019999443616867014,-2.893942943149385e-09,-5.98355605948163e-07,-3.141304214948073,84.48209305681922,47.79381294688919,-0.2796775197776163,-4.4719418231963686e-05,0.003751194782047089,0.27967752335285245,0.00046867075425926656
65.06589902999985,1780933113451949101,track_preview_car,-1.0535411618965906,2.179828018853142,-0.0019999401592673423,-1.1116287894202326e-09,-6.366526137201614e-07,-3.1412234270233794,83.04891042574548,47.79400452893262,-0.27968745954193186,-5.3616923051339956e-05,0.00375238126854618,0.27968746468119415,0.0005631828862252292
65.16697440000007,1780933113553022667,track_preview_car,-1.081534856513991,2.1798215869765367,-0.001999945325287448,1.734306340062764e-11,-5.774651238165482e-07,-3.1411678407142083,81.85451278873637,47.794278955667764,-0.27994491187005677,-6.210747296533105e-05,-9.830741402419574e-08,0.27994491875951605,0.0006537152555776458
65.2705222579998,1780933113656570004,track_preview_car,-1.1095298530238078,2.179814809535647,-0.001999957141315662,-1.709716368186546e-10,-4.552514102831738e-07,-3.141096505089288,80.66005960431752,47.794568126479064,-0.279953017021338,-7.365627008230461e-05,-1.2348199203801591e-07,0.2799530267109032,0.0007752595512811551
65.3877158840005,1780933113773764582,track_preview_car,-1.1431163946661556,2.1798017341890854,-0.001999999764937446,2.9209895183905052e-08,-2.4232731726077396e-08,-3.1410272934448185,79.22703382757737,47.79512600793235,-0.27998818422662547,-9.017759243912093e-05,0.0009578217239499939,0.2799881987486632,0.0006884479480126288
65.49527380400013,1780933113881323434,track_preview_car,-1.1710980448718507,2.1797880476427363,-0.0020015281605325103,1.9545918317255816e-05,1.2731637743172638e-06,-3.1409226537128974,78.0331500854677,47.795709967243255,-0.2799413826556649,-0.00031580805344648226,0.00030569192852630925,0.27994156079062654,0.0024152853482960622
65.60999944300056,1780933113996134795,track_preview_car,-1.2046786054403582,2.1797678327942847,-0.0020013993950606956,1.7919413556620978e-05,1.1507603866751413e-06,-3.1407099203877094,76.60037950121139,47.79657246744385,-0.27992368334484213,-0.0003302226564593969,0.00032321604601240827,0.27992387812465425,0.0026343467792647
65.71035587900042,1780933114096405449,track_preview_car,-1.2326555589335833,2.1797490922266487,-0.0020014135813397112,1.8041764573512255e-05,1.2077068863329416e-06,-3.140512790357283,75.40669615216711,47.797372064996324,-0.27989349897816956,-0.00034488348072111036,0.00031050341029213567,0.2798937114600074,0.002785505332154251
65.83028153299983,1780933114216331233,track_preview_car,-1.2662191704478953,2.179723469002714,-0.0020014122386984036,1.8031775803919838e-05,1.2017707199474712e-06,-3.1402714137591237,73.97464872755646,47.79846532255087,-0.27983368913333106,-0.00035033721683478536,0.0003074874481642184,0.27983390843522743,0.0028424116167063353
65.9507354920006,1780933114336785122,track_preview_car,-1.2997755536528717,2.179690417079628,-0.0020014086122451895,1.8019728999165837e-05,1.1713018487788687e-06,-3.1400660483370793,72.54290971081082,47.799875537935876,-0.2798126754010611,-0.00046463198660872556,0.00030261153464518467,0.27981306116402527,0.0020600172722596926
66.06968189000054,1780933114455731169,track_preview_car,-1.3333274566234428,2.1796421822232266,-0.002001402631379464,1.8165616025204876e-05,9.97782448149965e-07,-3.139991604253061,71.11136185073312,47.80193355847567,-0.2797800086184504,-0.0005665494044559796,0.000301088665756966,0.2797805822439575,0.0011337445206126221
66.18867717100056,1780933114574726581,track_preview_car,-1.3668754285854376,2.1795842604609734,-0.002001399198425191,1.830707608965308e-05,8.544479461838578e-07,-3.1400151128425215,69.679981713688,47.80440488699847,-0.2797578184758257,-0.0006122496274408906,0.00030563372877850085,0.27975848842878626,0.0005806847873744256
66.30865606499992,1780933114694704883,track_preview_car,-1.4004193185035927,2.179520527372564,-0.0020014031074618906,1.827957145466352e-05,9.164563386616751e-07,-3.1401258482514067,68.24877574384672,47.80712416543727,-0.27972618765136437,-0.0006381250644632758,0.000311191282371734,0.2797269155114756,-8.86649418622593e-05
66.42704884100021,1780933114813097900,track_preview_car,-1.4339601306840537,2.179456861134333,-0.0020014101288583683,1.811509858014595e-05,1.1150270998109333e-06,-3.1402973592543617,66.8177010908137,47.8098405916018,-0.27969467338839316,-0.0006311304246813347,0.000311058029820536,0.27969538545970485,-0.0006618543197302792
66.5281403300005,1780933114914190781,track_preview_car,-1.4619095607704784,2.179407754347057,-0.002001412368127133,1.8005648382381525e-05,1.2215454334197248e-06,-3.1404609897435702,65.62519207379293,47.81193581452557,-0.2796861680654521,-0.000585446551841257,0.00030675631163234844,0.2796867808009548,-0.0007488064643780504
66.62999896800011,1780933115016051654,track_preview_car,-1.489858422188427,2.1793634038121463,-0.002001409321327563,1.8017414730817045e-05,1.1805564165727629e-06,-3.140634010533878,64.43270731996046,47.81382810401509,-0.27968614795557484,-0.0005347904579444361,0.00030195676150886327,0.2796866592439861,-0.0007553320642932265
66.75111875200037,1780933115137168512,track_preview_car,-1.5233972922334902,2.1793166095063063,-0.0020014022883775,1.8171622254129035e-05,9.896567391303703e-07,-3.1408417046962414,63.00171553137109,47.81582466106427,-0.27969201268415306,-0.000477628612074786,0.0003009424729459698,0.2796924205058183,-0.0007141319015719029
66.86874692699985,1780933115254796277,track_preview_car,-1.556936877647047,2.179276483578079,-0.0020013990558787904,1.8309752883406803e-05,8.509475755264125e-07,-3.1410379546310074,61.57069322039267,47.817536700668626,-0.27969885188788096,-0.0004218641319528907,0.0003059253340884454,0.279699170032277,-0.0006167971632860783
66.97086606999983,1780933115356915519,track_preview_car,-1.5848872044139743,2.179248292595403,-0.002001402239382187,1.829583063767826e-05,8.950124291172426e-07,-3.141185972308237,60.378145945003766,47.81873951592948,-0.27970486720524257,-0.0003702800555724548,0.0003106913842822992,0.27970511229797346,-0.00046332346694949976
67.08948826400047,1780933115475537683,track_preview_car,-1.6184282050579728,2.1792212699004754,-0.002001409193941887,1.8142203173656152e-05,1.084651714963087e-06,-3.141343224912395,58.94706325085983,47.81989248424638,-0.2797068158338506,-0.00030745262520928717,0.00031167069143113734,0.2797069848091541,-0.0002929804422132698
67.19167971299976,1780933115577730845,track_preview_car,-1.646379441310223,2.1792051232898118,-0.002001411874997543,1.8026550219883337e-05,1.2005259906118337e-06,-3.141452529560767,57.75447717076382,47.82058140630137,-0.27970898382907683,-0.00025026278311788966,0.00030766741984624324,0.27970909578731146,-6.431554061341947e-05
67.31113286100026,1780933115697181008,track_preview_car,-1.6799210547574852,2.179192428488647,-0.0020014080433726606,1.8042823417455803e-05,1.147874778396888e-06,-3.1415615235265935,56.32336833034729,47.821123051151076,-0.279710966187143,-0.00019689811189518394,0.00030161395418184367,0.27971103548879067,0.00014807149209296485
67.41136494300008,1780933115797414203,track_preview_car,-1.7072085109158164,2.1803524188529133,-0.0019999813887339253,-7.54166989836414e-09,-2.2164492788244506e-07,-3.123671355136404,55.159103534258506,47.77163012894236,-0.27078577938283893,0.006961448191624135,0.00973299372568033,0.27087524818058994,0.15038072626994453
67.53124564200061,1780933115917297827,track_preview_car,-1.7392501121034563,2.1815299928082794,-0.001999753634890938,2.0899397659390135e-05,-1.843622378439007e-05,-3.0964920787783465,53.791995216919204,47.72138697351342,-0.26912542570906844,0.0037269729064159317,0.00023956098100280974,0.2691512308909853,0.20198644454269837
67.63168022700029,1780933116017730558,track_preview_car,-1.7661825844970676,2.181540649274141,-0.0020017212922771623,2.322280380962429e-05,5.126750402596385e-07,-3.077729486137662,52.642876394791784,47.72093229763665,-0.2721778446313621,-0.0069475880892602235,0.0015893746197784464,0.2722665019579748,0.14163142934246453
67.73281533099998,1780933116118866464,track_preview_car,-1.7934444759067052,2.180579487670585,-0.0020035178396506223,4.333853608385415e-06,-4.9844196319542944e-05,-3.0657262660978066,51.47970236131391,47.76194185938837,-0.27419060711479326,-0.014061408446037019,-0.0035232842069087182,0.27455092831288186,0.08343282329081247
67.85055094000018,1780933116236599528,track_preview_car,-1.825778980576264,2.1794865961726044,-0.0020031961441195865,-4.156984977382545e-05,2.160316032962117e-06,-3.0460164782534207,50.10009682874606,47.80857189663554,-0.2642226390918957,-0.003145629655247389,-0.0031424062914959783,0.2642413631410006,0.2762205263919028
67.9709110620006,1780933116356960201,track_preview_car,-1.8569078877788285,2.1793526877566696,-0.0019999977106465376,1.1234626689942113e-07,6.76151879709372e-08,-3.002986803180343,48.771930121436654,47.814285322382105,-0.25306457119932585,8.662905120695034e-05,0.004157456866768701,0.25306458602675164,0.44561848111565766
68.09077582300051,1780933116476824982,track_preview_car,-1.887085186976549,2.1792041316670363,-0.002004722991204736,-4.011780466000422e-05,-1.6455442976897945e-05,-2.941636493402889,47.48436535566724,47.82062371553978,-0.24759143203415382,-0.003702806380733899,-0.00473965603793228,0.24761911879298862,0.5691589754534401
68.1919047600004,1780933116577954159,track_preview_car,-1.9116764018776538,2.178417683648655,-0.0020003615799304305,-7.93368682104933e-07,-8.62574092322827e-06,-2.8807615314413124,46.43514018655344,47.85417883099072,-0.24832879515647374,-0.009872908063968604,-0.0003974540920593539,0.24852497825672468,0.6834940774526573
68.29304601000058,1780933116679095049,track_preview_car,-1.9359202361666348,2.176534282511543,-0.00200617637847603,-4.744443612750826e-05,-2.1714836995253507e-05,-2.814839982208296,45.40073659022359,47.93453727950751,-0.2396798496079143,-0.024150117295527847,-0.006293644456927517,0.2408934587602166,0.6751402785850928
68.4091759540006,1780933116795225224,track_preview_car,-1.9647025041505446,2.1722884257015527,-0.0019999459449963272,4.745230686954288e-09,-5.730365868720869e-07,-2.7345249003913423,44.172693156243426,48.115693836733755,-0.2363788424654497,-0.043337849430937235,0.005806828280447515,0.24031880150875518,0.6797515069513795
68.50948711599995,1780933116895538689,track_preview_car,-1.9883207287484708,2.1670633928150638,-0.0020053407110461486,-1.9833773186211377e-05,-4.82341483829855e-05,-2.6672456216377762,43.16498224006524,48.33862857322394,-0.23562886135783748,-0.06124209581569084,-0.005347245622176349,0.24345750061291857,0.6896460124590399
68.61022039300042,1780933116996272918,track_preview_car,-2.0115763941925464,2.1599566652866464,-0.002003702498198688,6.289709815739632e-08,-4.745313204672263e-05,-2.6035782987786966,42.17274051445135,48.64184894776976,-0.23026527973655347,-0.07875403487640492,-0.0037550574604064595,0.24336042624360113,0.6291360540176713
68.72855040300055,1780933117114598780,track_preview_car,-2.0388917938922466,2.148994629253441,-0.0019999641325141953,2.8656127928868614e-09,-3.7494725198365215e-07,-2.5333416007018625,41.00728346059748,49.109562485186515,-0.2245537108022693,-0.10013772221231494,3.0206459805298956e-06,0.24586974690868324,0.5759914238386511
68.83001660100035,1780933117216065560,track_preview_car,-2.061112678936175,2.1377716070736135,-0.0019999740356500054,-7.111641348880503e-10,-2.768708235988074e-07,-2.4817637333697333,40.059192365389876,49.58841143152583,-0.2192771881915857,-0.11793355280083531,-2.4303323766822206e-08,0.24897953357140726,0.5146734006585821
68.93370391400003,1780933117319753393,track_preview_car,-2.0827742435672474,2.1256742826628323,-0.001999973907257901,-9.216533423210943e-10,-2.790560800823921e-07,-2.426868508373128,39.13496560779744,50.10456393971916,-0.21254062435231022,-0.12612237356929998,-6.145950601960103e-08,0.24714443168888894,0.5497587668965322
69.03456065899991,1780933117420608165,track_preview_car,-2.103653278940815,2.113906683771843,-0.001999588618008897,1.60534693305529e-05,-1.650767673657572e-05,-2.355884826390906,38.24412676519189,50.60664815906803,-0.20464152772970146,-0.12567399635978616,0.0003450325676043388,0.240150178497926,0.6973024532697255
69.15304687800017,1780933117539097299,track_preview_car,-2.1276539102237737,2.098819034658145,-0.0020036265301578717,-1.9022192833047647e-06,-4.7131714822761624e-05,-2.260757608120454,37.22009983045233,51.25038785458581,-0.19458866976462547,-0.1302389552162088,-0.0036245136687833956,0.23415152328476554,0.8407443069341364
69.25624406600036,1780933117642293766,track_preview_car,-2.1465893028134673,2.085064457619419,-0.0019998876402394293,1.9959527764751636e-07,-1.0113748573565335e-06,-2.175614229997719,36.4121897466254,51.83724980823813,-0.18172449224785395,-0.143689018191474,0.0047075484762999584,0.23166856720662404,0.859046312832836
69.37316569199993,1780933117759215523,track_preview_car,-2.1676753465336867,2.066820267126779,-0.001999963820701758,1.9511001659394164e-08,-3.8702324182943037e-07,-2.070962059463421,35.512518547896036,52.61566860259077,-0.16758179780072005,-0.16013470482847114,0.0037551681639099656,0.231790385142747,0.8774932704469063
69.49353830000018,1780933117879588110,track_preview_car,-2.1865900938710547,2.046203036793385,-0.001999961538614942,-1.6082608726224896e-08,-3.997527632224853e-07,-1.9694400985347815,34.705489328168326,53.495337096815575,-0.1474655201701838,-0.18244334861463798,0.005421071133985203,0.2345882671677874,0.8151037809668101
69.61137631200017,1780933117997425491,track_preview_car,-2.2029931523187316,2.0230633761705787,-0.0019999492273641115,3.106634241946582e-08,-5.848568162245595e-07,-1.8760754371277244,34.005625501067456,54.48262928338865,-0.12748014330977292,-0.20237124819481406,0.004710069463086612,0.23917631369809025,0.7689596413842839
69.72946839300039,1780933118115517222,track_preview_car,-2.2167258511785333,1.9976469021825576,-0.0020025087959512876,4.676770742625605e-07,-3.1480388585730545e-05,-1.7926710154564856,33.419697016382585,55.56706550687754,-0.10386167069390152,-0.21756185542206394,-0.0013504521557055119,0.24108174458888315,0.6698118009474678
69.83278116100064,1780933118218830410,track_preview_car,-2.2261330993126465,1.9747667279831531,-0.00199998208747082,6.572016592287082e-07,-7.00146948038487e-07,-1.731389102249079,33.018321095993755,56.5432862727188,-0.08630208498770497,-0.23140573412859097,0.0017131680498930696,0.24697502639096364,0.5991291266979457
69.95243736900011,1780933118338486638,track_preview_car,-2.2348149227216796,1.9458567533910878,-0.0020036798463082526,1.8456326352176594e-08,3.873409234771976e-05,-1.670441846487166,32.647896630541666,57.77677852198026,-0.06160468456925196,-0.2511452809731575,-0.00033942220434472525,0.25859058241932026,0.4462480447824495
70.07229892400028,1780933118458357852,track_preview_car,-2.240932670141979,1.9156560253005055,-0.0020029756193078157,-1.6310234071975774e-07,-3.7165802857757395e-05,-1.622307782475139,32.386872740608894,59.06534292051177,-0.04079067306212083,-0.2572819706605211,-0.0029003582751699563,0.26049547296608067,0.3474025952181241
70.19062425500033,1780933118576673253,track_preview_car,-2.244817897973402,1.884417555486186,-0.0019999151812947406,-1.0892504120315092e-10,-8.928457744692414e-07,-1.5864915049565433,32.221103019801504,60.39818429925607,-0.025229481949240566,-0.26263899397714024,7.981952821664224e-05,0.2638480015401886,0.2637256886867171
70.29425085399998,1780933118680300284,track_preview_car,-2.246715107307758,1.8578176926069738,-0.0019999136556039633,9.062680980019681e-10,-9.086986951649857e-07,-1.563904797339754,32.14015542153567,61.53311178210245,-0.015325974374516702,-0.2686846177229635,-0.00011168349606964243,0.26912136535671666,0.21193688829064927
70.4126751620006,1780933118798725423,track_preview_car,-2.247733059379891,1.8254123266498825,-0.001999972260716084,-1.404816897734001e-07,-1.893049667999408e-07,-1.5439551942953422,32.09672279979132,62.91574072960502,-0.004203245472208534,-0.27116872209795334,0.009751040572146758,0.2712012963035698,0.14514691105193187
70.53343909199975,1780933118919487670,track_preview_car,-2.2476039920951174,1.7925246805978488,-0.0019999934891264813,2.530973123966077e-10,-7.122481276091161e-08,-1.5317063599479883,32.102229670608324,64.31894696115845,0.003860359731190081,-0.27454113549719944,0.005802454659059699,0.2745682746737973,0.09285493283268814
70.634268496,1780933119020317795,track_preview_car,-2.246906648176345,1.7648906997505065,-0.00200000007614251,2.3356452200933896e-09,2.595237795558156e-09,-1.5259071926665349,32.13198301114261,65.49799681064505,0.007759049830251368,-0.276206928712433,0.004790183911902765,0.2763158886546761,0.056284137127296616
70.73543762600002,1780933119121485472,track_preview_car,-2.2457820819227137,1.7370344520034255,-0.0019999936578407717,5.7990279822860815e-08,-2.0370965768629556e-08,-1.5239740933145844,32.17996450463089,66.68653004785384,0.011608820883208118,-0.2786996291987088,0.005114908521882992,0.2789412985518569,0.01846574588644417
70.83588123900063,1780933119221931790,track_preview_car,-2.244407891612748,1.7091623004810543,-0.002002277049694398,-1.2297202430172623e-05,-1.6244927696385263e-05,-1.5249797274902939,32.238596624522756,67.8757418461417,0.01362625622794262,-0.27880367796681926,-0.0035667176616781225,0.27913646430843714,-0.012739155273319942
70.95320912100033,1780933119339256998,track_preview_car,-2.2426035185464737,1.6758737468783405,-0.0020019080137298976,2.5279988894557156e-05,9.270130495696752e-07,-1.5292551044569342,32.31558320868379,69.29605346652414,0.01563498128319789,-0.2768038316188708,-0.0004205514935210813,0.2772450429468742,-0.04930301213775618
71.05412148699997,1780933119440169955,track_preview_car,-2.2410917858355273,1.648218012228953,-0.0020013540492802,1.7606528546690322e-05,9.114551889556007e-07,-1.534638784194036,32.38008380435083,70.47603147823133,0.015290669860495824,-0.276295654314152,0.00033307505001552157,0.2767184366421364,-0.0632679077468391
71.15599122700041,1780933119542042680,track_preview_car,-2.2396561931141368,1.6206125967073046,-0.0020014009395563424,1.8229492458427987e-05,9.330663196813065e-07,-1.5411696944948639,32.4413357604635,71.65386254048835,0.014048581214394762,-0.2760190778649784,0.0002879487493130209,0.2763763629176172,-0.0704736160466186
71.25682090700047,1780933119642871308,track_preview_car,-2.238360217695581,1.5930304383495382,-0.002001403739012491,1.8075034328329586e-05,1.0796524046279296e-06,-1.5483427121430573,32.496630711655214,72.83070129708636,0.012290912984823606,-0.2759652413603624,0.00029499243854087874,0.27623881150389346,-0.0733395981940041
71.37722624700018,1780933119763276317,track_preview_car,-2.2370505623386427,1.559933159239725,-0.0020014152051194196,1.7957787225116296e-05,1.2891798106050603e-06,-1.5572094993125345,32.55250934021791,74.2428518724384,0.009790419495013294,-0.27609434058901844,0.00030728633838488813,0.2762678722167549,-0.07267741286973838
71.4951144050001,1780933119881163394,track_preview_car,-2.236049844167691,1.5268135794888151,-0.002001418077214946,1.7965167550306747e-05,1.3137513108793185e-06,-1.565838771089471,32.59520664884519,75.65595394181057,0.00715689516026994,-0.276326300766415,0.0003147386088121745,0.2764189675901173,-0.06949002288126375
71.61339763700016,1780933119999447077,track_preview_car,-2.235372821204918,1.4936570953452073,-0.0020014097474555324,1.809636559996728e-05,1.1265584150883347e-06,-1.5738729024483133,32.624092961923495,77.07063059860448,0.004534321959816062,-0.2766203644867643,0.0003132200289186798,0.2766575249734328,-0.06444707030864259
71.71381055300026,1780933120099860233,track_preview_car,-2.2350564296618463,1.4659911119357898,-0.0020014003440291398,1.81994766907286e-05,9.492966327083198e-07,-1.5799009959519934,32.63759233442789,78.25104589073965,0.002349870832169292,-0.27694635804200424,0.00030507325205630264,0.27695632710891055,-0.058075060170224
71.8138702719998,1780933120199919411,track_preview_car,-2.2349548384233153,1.4382901382221494,-0.0020013964551776854,1.820621788825353e-05,9.030939521721297e-07,-1.5852260197782313,32.641926893938546,79.43295410252162,0.00028331546760439853,-0.2772970086363728,0.00029841372960917703,0.2772971533686107,-0.05082124831903748
71.91638446600064,1780933120302433165,track_preview_car,-2.2350518526126,1.4105534119034921,-0.0020014007154869305,1.8113839296637385e-05,1.0177864481967981e-06,-1.589800928252823,32.6377876218624,80.61638775878433,-0.0016058819863801397,-0.2776509329682828,0.00029882919881123914,0.27765557699263316,-0.04320940399780683
72.0179362380004,1780933120403986118,track_preview_car,-2.2353271136055564,1.3827825626358898,-0.002001408167242094,1.8025592385260617e-05,1.1644855380281589e-06,-1.593616603270883,32.626043152829595,81.80127732753536,-0.0032633028278074194,-0.2779555707529038,0.0003055915569625348,0.2779747262934501,-0.035819514283313876
72.13695045300028,1780933120522999081,track_preview_car,-2.2358109792407777,1.3494560052220008,-0.0020028105664613148,5.653583882648931e-06,2.5299549058372887e-05,-1.5979300242278023,32.60539821906015,83.22321044386129,-0.004178075500345889,-0.27716682912891943,-0.0032603558015045536,0.2771983179679599,-0.035848623952530224
72.23707452899998,1780933120623122295,track_preview_car,-2.236370939644353,1.321647496490985,-0.00199978129618359,1.8261326767026833e-07,1.5416535787150215e-06,-1.6008397034758948,32.581506575174274,84.40970681638464,-0.0063074633427687736,-0.27820433264945843,0.0001712264959308314,0.27827582503471426,-0.026433554522685018
72.35662208400026,1780933120742672065,track_preview_car,-2.2372271627985745,1.288209804419151,-0.002004254245160369,6.744562871572639e-09,-5.396041690816896e-05,-1.603162407810914,32.54497438726082,85.83638167811623,-0.00811248264258583,-0.27926448973403745,-0.004276540853474163,0.27938229650612895,-0.0120438773959323
72.47663494600056,1780933120862686058,track_preview_car,-2.23820310797659,1.2547236970583584,-0.0019993184081636348,-6.837105350144416e-08,7.5116238006196784e-06,-1.6047976618057291,32.503334059665505,87.26512225884338,-0.008953585413072998,-0.27941591551123585,0.0006470603012964912,0.27955933275913236,-0.0072471027946266215
72.57711999200001,1780933120963170353,track_preview_car,-2.239111919353834,1.226773971815019,-0.0020000471288083286,-1.0860354216642887e-05,8.727078093004975e-06,-1.6054161755289291,32.46455810756976,88.45764386922585,-0.009670841844825449,-0.2797605479302274,-0.00010194835140682154,0.2799276502244976,-0.002288321733214508
72.69585368400021,1780933121081901220,track_preview_car,-2.240267432078564,1.1932095635636801,-0.001999935940446379,-2.5263293389441803e-10,-6.757633630958091e-07,-1.6054399450409922,32.415256231314615,89.88972528794966,-0.009930861649570442,-0.2796711958664241,6.437070632467761e-07,0.279847458109697,0.0019213165009218905
72.796564493,1780933121182612801,track_preview_car,-2.2412394378446234,1.1652643325455931,-0.0020042481930108414,8.216372535933569e-08,-5.39437742143114e-05,-1.6053054893423329,32.37378398529607,91.08205514472135,-0.010090541316243352,-0.27965239606101994,-0.00427343054580666,0.2798343825313901,0.005334349026812416
72.89953990699996,1780933121285589977,track_preview_car,-2.2422321639184464,1.1373395915093518,-0.0020033511644289995,2.856217276589397e-07,-4.258434830859062e-05,-1.604831558284627,32.33142767281295,92.27351076226765,-0.010111635236542753,-0.2794891993268886,-0.003812114332960297,0.2796720538551218,0.007386683788852653
73.01670147000004,1780933121402751109,track_preview_car,-2.243508304738254,1.1039057619249242,-0.001999978577145837,1.1533908482512305e-09,-2.247873267536557e-07,-1.6027426172916972,32.27697899783449,93.70002082453658,-0.010585833538910223,-0.27818260679871815,0.0036438601848008114,0.27838394816699424,0.021746041914104078
73.12489228899994,1780933121510973067,track_preview_car,-2.2446040043320714,1.0761308540857664,-0.0020048410542153634,2.6536813696398453e-05,3.084622941849613e-05,-1.599568724168723,32.23022914849828,94.88508355900731,-0.010147920556610932,-0.2764790207432722,-0.00528056351893166,0.27666519333443806,0.03620910094913006
73.23728365199986,1780933121623333482,track_preview_car,-2.245921978462632,1.0428886181692796,-0.001999990820024221,-3.438299251163698e-09,-1.0606234054463037e-07,-1.5938411942749806,32.17399558559437,96.30341895811074,-0.009929479980264886,-0.2766430912945029,0.006014123240797096,0.2768212320860832,0.04799149993365992
73.3380989010002,1780933121724148450,track_preview_car,-2.246915112335918,1.0152212051965366,-0.0019999544393640525,4.321705582537263e-08,-6.769463261302033e-07,-1.588409199973369,32.1316218736675,97.48389524494777,-0.009507530393929724,-0.2769634636175065,1.0822012643431078e-06,0.2771266015978931,0.057189098486352855
73.4578283210003,1780933121843877460,track_preview_car,-2.2479446222173856,0.9820396764328955,-0.002001166212712759,1.0413050737458196e-07,-1.5444377542945352e-05,-1.5813436597482882,32.08769611872488,98.89964047219645,-0.007942164796230675,-0.2769522528793548,-0.00120356769633471,0.2770661082785128,0.061837289162036735
73.55830426300054,1780933121944354805,track_preview_car,-2.2486227395047624,0.9544064787037421,-0.0019999659963533005,4.394312569334305e-09,-3.460885414775909e-07,-1.5754624212142272,32.058763114463474,100.07865690864034,-0.006117963553278243,-0.2766968264226461,0.0026159676686113597,0.2767644544200053,0.060135374567283476
73.67755200900046,1780933122063601809,track_preview_car,-2.2491951036727444,0.92125021595191,-0.0019999520933146006,5.048186843916255e-09,-4.90770659105513e-07,-1.5687109632760998,32.03434224329624,101.49332411938518,-0.003773305203556045,-0.27673419329840093,0.003207993958499407,0.27675991684612844,0.05455637462322409
73.7968616170001,1780933122182910476,track_preview_car,-2.2495227601256604,0.88804521725869,-0.0020046446587127734,-2.6918445889878523e-05,-3.4062476453789454e-05,-1.562224727040458,32.02036223463848,102.91007073029589,-0.0018710465982071732,-0.2775315026662162,-0.005124508000666683,0.2775378096540012,0.05085033199249874
73.89689295500011,1780933122282940400,track_preview_car,-2.2496049766530457,0.8603500091939446,-0.0019999740752605828,-6.94677175678886e-08,-2.1838645541616597e-07,-1.5573145884393238,32.01685432947005,104.09173294105837,-0.00010927644518674092,-0.27729580914218016,1.3256166756218504e-05,0.27729583067395347,0.048404683686146026
73.99715939500038,1780933122383209325,track_preview_car,-2.2495199633758816,0.8326035489420017,-0.002003002340844319,1.7986512100797094e-05,-1.9153028651578893e-05,-1.5528220227429028,32.02048156262906,105.27558191180792,0.0019801867798052426,-0.27783656370379617,-0.0028759089889191063,0.27784362017224096,0.04503499479433314
74.1159744000006,1780933122502022057,track_preview_car,-2.2492052948618166,0.799273923563586,-0.002003557696777338,1.5939898259010058e-09,3.744832843747593e-05,-1.5482629815367543,32.03390741922915,106.69764592795366,0.00336172463463029,-0.2768240927251946,0.0007290446586862661,0.2768445041998237,0.034850532235482394
74.22091106000062,1780933122606960099,track_preview_car,-2.2488086743171802,0.7714992860644585,-0.0020000082429732385,1.0069028407678775e-09,8.954941485958464e-08,-1.5447908624070736,32.050829895800305,107.88269712791643,0.004509285168379166,-0.2779314064966269,0.001693568743734634,0.2779679844333211,0.03490011957055887
74.33965375499974,1780933122725704356,track_preview_car,-2.2481584355645063,0.7381420767458897,-0.0019999961447693363,-8.739055641129932e-10,-4.6217970778023295e-08,-1.5412875292854002,32.07857341591439,109.30593805884203,0.00601212189148654,-0.27819997061272755,0.0028579604439052967,0.27826492638951206,0.02584954781703345
74.45214875900001,1780933122838198118,track_preview_car,-2.247340778891435,0.7047068665169033,-0.0020017020357369388,-2.161441954899207e-05,1.5390123090330579e-06,-1.5385725068715344,32.11346010063211,110.73250702861213,0.0071121668875608925,-0.2785619964106727,-0.00031692167977673686,0.2786527745459143,0.02103006900331796
74.56744491400059,1780933122953494394,track_preview_car,-2.2463744496716433,0.6712099579608481,-0.002001692382054207,-2.1561408365971185e-05,1.4779876710743942e-06,-1.5367551549451823,32.15469014734322,112.16170846033714,0.00819008582477245,-0.2789538728442076,-0.0002963743864808065,0.279074077407056,0.013997329268777626
74.68619362400023,1780933123072242382,track_preview_car,-2.2452803764978566,0.6376638561101308,-0.002001708572205891,-2.173481254941337e-05,1.5165457414705834e-06,-1.535938042668535,32.20137060275812,113.59300880596776,0.009363858577668712,-0.27941450679139423,-0.0003019151770141655,0.2795713655812066,0.002531590559840939
74.78938354500042,1780933123175435248,track_preview_car,-2.244321065524879,0.6097084051242341,-0.0020017228375624092,-2.183417558874869e-05,1.590674634323259e-06,-1.5356604036716304,32.242301204271826,114.78577471469934,0.009791911775769548,-0.27918729579150775,-0.00030816861372996084,0.2793589584523813,-0.0017449226355219323
74.90750739899977,1780933123293558101,track_preview_car,-2.24312117291914,0.5761930299538436,-0.002001733081074762,-2.190075237161934e-05,1.6474855564666307e-06,-1.5359261570848166,32.293496622116706,116.21576405530267,0.009961068435152971,-0.2790289909939933,-0.0003181076858322132,0.27920673469580887,-0.004748637277777997
75.01201913800014,1780933123398068638,track_preview_car,-2.242112067878864,0.5482759184742697,-0.0020017194215300703,-2.1755197740749e-05,1.6141504992726288e-06,-1.5363990575161852,32.3365517705018,117.40689414509782,0.01001781202505225,-0.27890899363280963,-0.00030992578631443887,0.27908884479146767,-0.0071850455633640006
