t_wall,stamp_ns,visible,stable,stable_count,name,kind,maneuver,score,area_px,bbox_w,bbox_h,center_x,center_y,last_applied
11.825418129000354,11869000000,False,False,0,,,,0.0,0,0,0,0,0,
11.829945077000048,11869000000,False,False,0,,,,0.0,0,0,0,0,0,
11.857492507000643,11869000000,False,False,0,,,,0.0,0,0,0,0,0,
11.892804644000535,11869000000,False,False,0,,,,0.0,0,0,0,0,0,
11.950016851999862,11966000000,False,False,0,,,,0.0,0,0,0,0,0,
11.97223397200014,11966000000,False,False,0,,,,0.0,0,0,0,0,0,
11.996423837999828,11966000000,False,False,0,,,,0.0,0,0,0,0,0,
12.026231083999846,12068000000,False,False,0,,,,0.0,0,0,0,0,0,
12.061124187000132,12068000000,False,False,0,,,,0.0,0,0,0,0,0,
12.09448178599996,12068000000,False,False,0,,,,0.0,0,0,0,0,0,
12.139111448999756,12164000000,False,False,0,,,,0.0,0,0,0,0,0,
12.163421455000389,12164000000,False,False,0,,,,0.0,0,0,0,0,0,
12.217632050000248,12164000000,False,False,0,,,,0.0,0,0,0,0,0,
12.221481261000008,12265000000,False,False,0,,,,0.0,0,0,0,0,0,
12.24907507900025,12265000000,False,False,0,,,,0.0,0,0,0,0,0,
12.316997161000472,12265000000,False,False,0,,,,0.0,0,0,0,0,0,
12.327420205000635,12364000000,False,False,0,,,,0.0,0,0,0,0,0,
12.372167653999895,12364000000,False,False,0,,,,0.0,0,0,0,0,0,
12.395666207999966,12364000000,False,False,0,,,,0.0,0,0,0,0,0,
12.417628054000488,12364000000,False,False,0,,,,0.0,0,0,0,0,0,
12.473231805000069,12466000000,False,False,0,,,,0.0,0,0,0,0,0,
12.515226339000037,12466000000,False,False,0,,,,0.0,0,0,0,0,0,
12.5190762860002,12566000000,False,False,0,,,,0.0,0,0,0,0,0,
12.550769752000633,12566000000,False,False,0,,,,0.0,0,0,0,0,0,
12.583312859000216,12566000000,False,False,0,,,,0.0,0,0,0,0,0,
12.628386486000636,12665000000,False,False,0,,,,0.0,0,0,0,0,0,
12.672898632000397,12665000000,False,False,0,,,,0.0,0,0,0,0,0,
12.705511414000284,12665000000,False,False,0,,,,0.0,0,0,0,0,0,
12.730514511000365,12764000000,False,False,0,,,,0.0,0,0,0,0,0,
12.776478642999791,12764000000,False,False,0,,,,0.0,0,0,0,0,0,
12.7982350150005,12764000000,False,False,0,,,,0.0,0,0,0,0,0,
12.851080889000514,12865000000,False,False,0,,,,0.0,0,0,0,0,0,
12.873244207000425,12865000000,False,False,0,,,,0.0,0,0,0,0,0,
12.883054171000367,12865000000,False,False,0,,,,0.0,0,0,0,0,0,
12.926487941000232,12967000000,False,False,0,,,,0.0,0,0,0,0,0,
12.982768621000105,12967000000,False,False,0,,,,0.0,0,0,0,0,0,
12.99368846500056,12967000000,False,False,0,,,,0.0,0,0,0,0,0,
13.028083472000617,13067000000,False,False,0,,,,0.0,0,0,0,0,0,
13.052996452000116,13067000000,False,False,0,,,,0.0,0,0,0,0,0,
13.129059439999764,13166000000,False,False,0,,,,0.0,0,0,0,0,0,
13.132923268000013,13166000000,False,False,0,,,,0.0,0,0,0,0,0,
13.152788748000603,13166000000,False,False,0,,,,0.0,0,0,0,0,0,
13.208098604000043,13166000000,False,False,0,,,,0.0,0,0,0,0,0,
13.232178352000119,13265000000,False,False,0,,,,0.0,0,0,0,0,0,
13.284405962000164,13265000000,False,False,0,,,,0.0,0,0,0,0,0,
13.305351507000523,13265000000,False,False,0,,,,0.0,0,0,0,0,0,
13.348930896000638,13370000000,False,False,0,,,,0.0,0,0,0,0,0,
13.359538747999977,13370000000,False,False,0,,,,0.0,0,0,0,0,0,
13.420323557000302,13370000000,False,False,0,,,,0.0,0,0,0,0,0,
13.428461977000552,13469000000,False,False,0,,,,0.0,0,0,0,0,0,
13.463422972000444,13469000000,False,False,0,,,,0.0,0,0,0,0,0,
13.509428952000235,13469000000,False,False,0,,,,0.0,0,0,0,0,0,
13.519984345000012,13469000000,False,False,0,,,,0.0,0,0,0,0,0,
13.572983157000635,13568000000,False,False,0,,,,0.0,0,0,0,0,0,
13.620853669000098,13568000000,False,False,0,,,,0.0,0,0,0,0,0,
13.638937112000349,13671000000,False,False,0,,,,0.0,0,0,0,0,0,
13.65071578000061,13671000000,False,False,0,,,,0.0,0,0,0,0,0,
13.704842156999803,13671000000,False,False,0,,,,0.0,0,0,0,0,0,
13.72763941500034,13771000000,False,False,0,,,,0.0,0,0,0,0,0,
13.773210751000079,13771000000,False,False,0,,,,0.0,0,0,0,0,0,
13.796308310000313,13771000000,False,False,0,,,,0.0,0,0,0,0,0,
13.829510041000503,13870000000,False,False,0,,,,0.0,0,0,0,0,0,
13.862539798999933,13870000000,False,False,0,,,,0.0,0,0,0,0,0,
13.903073892000066,13870000000,False,False,0,,,,0.0,0,0,0,0,0,
13.957781554000576,13953000000,False,False,0,,,,0.0,0,0,0,0,0,
13.975997076000567,13953000000,False,False,0,,,,0.0,0,0,0,0,0,
14.018377217000307,13953000000,False,False,0,,,,0.0,0,0,0,0,0,
14.0380655630006,14063000000,False,False,0,,,,0.0,0,0,0,0,0,
14.065053610000177,14063000000,False,False,0,,,,0.0,0,0,0,0,0,
14.104913914000463,14063000000,False,False,0,,,,0.0,0,0,0,0,0,
14.136601193000388,14165000000,False,False,0,,,,0.0,0,0,0,0,0,
14.170380803000626,14165000000,False,False,0,,,,0.0,0,0,0,0,0,
14.200749927999823,14165000000,False,False,0,,,,0.0,0,0,0,0,0,
14.235318093000387,14270000000,False,False,0,,,,0.0,0,0,0,0,0,
14.267159282000648,14270000000,False,False,0,,,,0.0,0,0,0,0,0,
14.304383370000323,14270000000,False,False,0,,,,0.0,0,0,0,0,0,
14.332119536000391,14371000000,False,False,0,,,,0.0,0,0,0,0,0,
14.387305228000514,14371000000,False,False,0,,,,0.0,0,0,0,0,0,
14.393001047000325,14371000000,False,False,0,,,,0.0,0,0,0,0,0,
14.422879669000395,14371000000,False,False,0,,,,0.0,0,0,0,0,0,
14.466502043999753,14471000000,False,False,0,,,,0.0,0,0,0,0,0,
14.494560623000325,14471000000,False,False,0,,,,0.0,0,0,0,0,0,
14.53753232300005,14569000000,False,False,0,,,,0.0,0,0,0,0,0,
14.589090903000397,14569000000,False,False,0,,,,0.0,0,0,0,0,0,
14.600466195000081,14569000000,False,False,0,,,,0.0,0,0,0,0,0,
14.646969481999804,14668000000,False,False,0,,,,0.0,0,0,0,0,0,
14.66689638600019,14668000000,False,False,0,,,,0.0,0,0,0,0,0,
14.690826553000079,14668000000,False,False,0,,,,0.0,0,0,0,0,0,
14.756066081000426,14770000000,False,False,0,,,,0.0,0,0,0,0,0,
14.767136159000074,14770000000,False,False,0,,,,0.0,0,0,0,0,0,
14.832408080000278,14870000000,False,False,0,,,,0.0,0,0,0,0,0,
14.836805328000082,14870000000,False,False,0,,,,0.0,0,0,0,0,0,
14.879277146999812,14870000000,False,False,0,,,,0.0,0,0,0,0,0,
14.910035476000303,14870000000,False,False,0,,,,0.0,0,0,0,0,0,
14.927486588000647,14870000000,False,False,0,,,,0.0,0,0,0,0,0,
14.959329561000231,14969000000,False,False,0,,,,0.0,0,0,0,0,0,
15.005206959000134,14969000000,False,False,0,,,,0.0,0,0,0,0,0,
15.065526121000403,15063000000,False,False,0,,,,0.0,0,0,0,0,0,
15.086795295999764,15063000000,False,False,0,,,,0.0,0,0,0,0,0,
15.110883670000476,15063000000,False,False,0,,,,0.0,0,0,0,0,0,
15.145991272000174,15161000000,False,False,0,,,,0.0,0,0,0,0,0,
15.192081562000567,15161000000,False,False,0,,,,0.0,0,0,0,0,0,
15.214525514000343,15161000000,False,False,0,,,,0.0,0,0,0,0,0,
15.237570739000148,15261000000,False,False,0,,,,0.0,0,0,0,0,0,
15.26990895400013,15261000000,False,False,0,,,,0.0,0,0,0,0,0,
15.303209517000141,15261000000,False,False,0,,,,0.0,0,0,0,0,0,
15.33686557800047,15362000000,False,False,0,,,,0.0,0,0,0,0,0,
15.3962191669998,15362000000,False,False,0,,,,0.0,0,0,0,0,0,
15.426314052000635,15362000000,False,False,0,,,,0.0,0,0,0,0,0,
15.460639926000113,15462000000,False,False,0,,,,0.0,0,0,0,0,0,
15.482745831000102,15462000000,False,False,0,,,,0.0,0,0,0,0,0,
15.523652677000428,15462000000,False,False,0,,,,0.0,0,0,0,0,0,
15.544942780000383,15566000000,False,False,0,,,,0.0,0,0,0,0,0,
15.602608089000569,15566000000,False,False,0,,,,0.0,0,0,0,0,0,
15.613637168999958,15566000000,False,False,0,,,,0.0,0,0,0,0,0,
15.671262843000477,15664000000,False,False,0,,,,0.0,0,0,0,0,0,
15.68145980600002,15664000000,False,False,0,,,,0.0,0,0,0,0,0,
15.722813373000463,15664000000,False,False,0,,,,0.0,0,0,0,0,0,
15.746411996000461,15766000000,False,False,0,,,,0.0,0,0,0,0,0,
15.805257386999983,15766000000,False,False,0,,,,0.0,0,0,0,0,0,
15.847086049000609,15866000000,False,False,0,,,,0.0,0,0,0,0,0,
15.852693886999987,15866000000,False,False,0,,,,0.0,0,0,0,0,0,
15.869642814000144,15866000000,False,False,0,,,,0.0,0,0,0,0,0,
15.91561182300029,15866000000,False,False,0,,,,0.0,0,0,0,0,0,
15.947008477000054,15966000000,False,False,0,,,,0.0,0,0,0,0,0,
15.97178727299979,15966000000,False,False,0,,,,0.0,0,0,0,0,0,
16.003767232000428,15966000000,False,False,0,,,,0.0,0,0,0,0,0,
16.036849369000265,15966000000,False,False,0,,,,0.0,0,0,0,0,0,
16.06959427000038,16068000000,True,False,1,camera_sign_turn_right,turn_right_sign,right,0.5243887441916165,720,24,30,8,231,
16.104618074000427,16068000000,True,True,2,camera_sign_turn_right,turn_right_sign,right,0.5269134008748948,780,30,26,55,231,
16.136853697000333,16068000000,True,True,2,camera_sign_turn_right,turn_right_sign,right,0.5269134008748948,780,30,26,55,231,
16.1931227390005,16167000000,True,True,2,camera_sign_turn_right,turn_right_sign,right,0.5269134008748948,780,30,26,55,231,
16.222344312000132,16167000000,True,True,2,camera_sign_turn_right,turn_right_sign,right,0.5269134008748948,780,30,26,55,231,
16.24930104699979,16267000000,True,True,2,camera_sign_turn_right,turn_right_sign,right,0.5269134008748948,780,30,26,55,231,
16.303834784000173,16267000000,True,True,2,camera_sign_turn_right,turn_right_sign,right,0.5269134008748948,780,30,26,55,231,
16.338937518999956,16267000000,True,False,1,camera_sign_speed_limit,speed_limit_sign,,0.5611602277006906,676,26,26,306,225,
16.34443283100063,16366000000,True,False,1,camera_sign_speed_limit,speed_limit_sign,,0.5611602277006906,676,26,26,306,225,
16.381595630999982,16366000000,True,False,1,camera_sign_speed_limit,speed_limit_sign,,0.5611602277006906,676,26,26,306,225,
16.41461668500051,16366000000,True,False,1,camera_sign_speed_limit,speed_limit_sign,,0.5611602277006906,676,26,26,306,225,
16.47200154100028,16468000000,True,False,1,camera_sign_speed_limit,speed_limit_sign,,0.5611602277006906,676,26,26,306,225,
16.47855768499994,16468000000,True,False,1,camera_sign_speed_limit,speed_limit_sign,,0.5611602277006906,676,26,26,306,225,
16.51388047799992,16468000000,True,False,1,camera_sign_speed_limit,speed_limit_sign,,0.5611602277006906,676,26,26,306,225,
16.54884024600051,16567000000,True,False,1,camera_sign_speed_limit,speed_limit_sign,,0.5611602277006906,676,26,26,306,225,
16.603804076000415,16567000000,True,False,1,camera_sign_speed_limit,speed_limit_sign,,0.5611602277006906,676,26,26,306,225,
16.627105628999743,16567000000,True,False,1,camera_sign_speed_limit,speed_limit_sign,,0.5611602277006906,676,26,26,306,225,
16.648838717000217,16668000000,True,False,1,camera_sign_speed_limit,speed_limit_sign,,0.5611602277006906,676,26,26,306,225,
16.691690157000266,16668000000,True,False,1,camera_sign_speed_limit,speed_limit_sign,,0.5611602277006906,676,26,26,306,225,
16.71440260899999,16668000000,True,False,1,camera_sign_speed_limit,speed_limit_sign,,0.5611602277006906,676,26,26,306,225,
16.748053968000022,16769000000,False,False,0,,,,0.0,0,0,0,0,0,
16.78103872200063,16769000000,False,False,0,,,,0.0,0,0,0,0,0,
16.805792365000343,16769000000,False,False,0,,,,0.0,0,0,0,0,0,
16.87593308400028,16868000000,False,False,0,,,,0.0,0,0,0,0,0,
16.915262268000333,16868000000,False,False,0,,,,0.0,0,0,0,0,0,
16.93779865000033,16868000000,False,False,0,,,,0.0,0,0,0,0,0,
16.960678268000265,16967000000,False,False,0,,,,0.0,0,0,0,0,0,
16.973569237999982,16967000000,False,False,0,,,,0.0,0,0,0,0,0,
17.051796073999867,17067000000,False,False,0,,,,0.0,0,0,0,0,0,
17.056431236999742,17067000000,False,False,0,,,,0.0,0,0,0,0,0,
17.09468757800005,17067000000,False,False,0,,,,0.0,0,0,0,0,0,
17.136609287999818,17067000000,False,False,0,,,,0.0,0,0,0,0,0,
17.15374532700025,17169000000,False,False,0,,,,0.0,0,0,0,0,0,
17.21551275799993,17169000000,False,False,0,,,,0.0,0,0,0,0,0,
17.220246710000538,17169000000,False,False,0,,,,0.0,0,0,0,0,0,
17.24914780600011,17270000000,False,False,0,,,,0.0,0,0,0,0,0,
17.28277018100016,17270000000,False,False,0,,,,0.0,0,0,0,0,0,
17.316296584000156,17270000000,False,False,0,,,,0.0,0,0,0,0,0,
17.361849292000443,17371000000,False,False,0,,,,0.0,0,0,0,0,0,
17.37093917400034,17371000000,False,False,0,,,,0.0,0,0,0,0,0,
17.404158054000618,17371000000,False,False,0,,,,0.0,0,0,0,0,0,
17.439918029000182,17371000000,False,False,0,,,,0.0,0,0,0,0,0,
17.484306364000076,17472000000,False,False,0,,,,0.0,0,0,0,0,0,
17.54144600700056,17472000000,False,False,0,,,,0.0,0,0,0,0,0,
17.551276134000545,17572000000,False,False,0,,,,0.0,0,0,0,0,0,
17.595039441000154,17572000000,False,False,0,,,,0.0,0,0,0,0,0,
17.61676533500031,17572000000,False,False,0,,,,0.0,0,0,0,0,0,
17.656222722000166,17669000000,False,False,0,,,,0.0,0,0,0,0,0,
17.673833755000487,17669000000,False,False,0,,,,0.0,0,0,0,0,0,
17.70684277500004,17669000000,False,False,0,,,,0.0,0,0,0,0,0,
17.750043236000238,17772000000,False,False,0,,,,0.0,0,0,0,0,0,
17.793169814000066,17772000000,False,False,0,,,,0.0,0,0,0,0,0,
17.822692249999818,17772000000,False,False,0,,,,0.0,0,0,0,0,0,
17.84005265199994,17772000000,False,False,0,,,,0.0,0,0,0,0,0,
17.895443215999876,17872000000,False,False,0,,,,0.0,0,0,0,0,0,
17.926587783000286,17872000000,False,False,0,,,,0.0,0,0,0,0,0,
17.93765260100008,17872000000,False,False,0,,,,0.0,0,0,0,0,0,
17.982493948999945,17977000000,False,False,0,,,,0.0,0,0,0,0,0,
18.002401126999757,17977000000,False,False,0,,,,0.0,0,0,0,0,0,
18.04774997200002,17977000000,False,False,0,,,,0.0,0,0,0,0,0,
18.080142830000113,18076000000,False,False,0,,,,0.0,0,0,0,0,0,
18.1050077280006,18076000000,False,False,0,,,,0.0,0,0,0,0,0,
18.16187777400046,18076000000,False,False,0,,,,0.0,0,0,0,0,0,
18.193691010000293,18076000000,False,False,0,,,,0.0,0,0,0,0,0,
18.21642307000002,18076000000,False,False,0,,,,0.0,0,0,0,0,0,
18.250544780999917,18076000000,False,False,0,,,,0.0,0,0,0,0,0,
18.2931217080004,18276000000,False,False,0,,,,0.0,0,0,0,0,0,
18.327475675000642,18276000000,False,False,0,,,,0.0,0,0,0,0,0,
18.348960702000113,18276000000,False,False,0,,,,0.0,0,0,0,0,0,
18.392569047000507,18378000000,False,False,0,,,,0.0,0,0,0,0,0,
18.401722698999947,18378000000,False,False,0,,,,0.0,0,0,0,0,0,
18.46723128800022,18481000000,False,False,0,,,,0.0,0,0,0,0,0,
18.47166329399988,18481000000,False,False,0,,,,0.0,0,0,0,0,0,
18.50193143300021,18481000000,False,False,0,,,,0.0,0,0,0,0,0,
18.557331851000527,18580000000,False,False,0,,,,0.0,0,0,0,0,0,
18.57968829299989,18580000000,False,False,0,,,,0.0,0,0,0,0,0,
18.625035459000173,18580000000,False,False,0,,,,0.0,0,0,0,0,0,
18.64678893100063,18580000000,False,False,0,,,,0.0,0,0,0,0,0,
18.676579497000603,18685000000,False,False,0,,,,0.0,0,0,0,0,0,
18.700679716000195,18685000000,False,False,0,,,,0.0,0,0,0,0,0,
18.75853605500015,18779000000,False,False,0,,,,0.0,0,0,0,0,0,
18.781840528999965,18779000000,False,False,0,,,,0.0,0,0,0,0,0,
18.80406867000056,18779000000,False,False,0,,,,0.0,0,0,0,0,0,
18.895510289000413,18876000000,False,False,0,,,,0.0,0,0,0,0,0,
18.90694143700057,18876000000,False,False,0,,,,0.0,0,0,0,0,0,
18.91281796200019,18876000000,False,False,0,,,,0.0,0,0,0,0,0,
18.952242164999916,18876000000,False,False,0,,,,0.0,0,0,0,0,0,
18.987388976000148,18976000000,False,False,0,,,,0.0,0,0,0,0,0,
19.0192531950006,18976000000,False,False,0,,,,0.0,0,0,0,0,0,
19.05312750400026,18976000000,False,False,0,,,,0.0,0,0,0,0,0,
19.083435043999998,19078000000,False,False,0,,,,0.0,0,0,0,0,0,
19.11598870600028,19078000000,False,False,0,,,,0.0,0,0,0,0,0,
19.139921979000064,19078000000,False,False,0,,,,0.0,0,0,0,0,0,
19.196860879999804,19177000000,False,False,0,,,,0.0,0,0,0,0,0,
19.230381989000307,19177000000,False,False,0,,,,0.0,0,0,0,0,0,
19.250684632999764,19177000000,False,False,0,,,,0.0,0,0,0,0,0,
19.273526581000624,19278000000,False,False,0,,,,0.0,0,0,0,0,0,
19.330985667000277,19278000000,False,False,0,,,,0.0,0,0,0,0,0,
19.34121939400029,19278000000,False,False,0,,,,0.0,0,0,0,0,0,
19.384706038999866,19377000000,False,False,0,,,,0.0,0,0,0,0,0,
19.41935535599987,19377000000,False,False,0,,,,0.0,0,0,0,0,0,
19.47652674300025,19480000000,False,False,0,,,,0.0,0,0,0,0,0,
19.48206950399981,19480000000,False,False,0,,,,0.0,0,0,0,0,0,
19.548769858000014,19480000000,False,False,0,,,,0.0,0,0,0,0,0,
19.57146543900035,19581000000,False,False,0,,,,0.0,0,0,0,0,0,
19.58329015399977,19581000000,False,False,0,,,,0.0,0,0,0,0,0,
19.6066226060002,19581000000,False,False,0,,,,0.0,0,0,0,0,0,
19.651293622000594,19581000000,False,False,0,,,,0.0,0,0,0,0,0,
19.69758944000023,19679000000,False,False,0,,,,0.0,0,0,0,0,0,
19.730994686000486,19679000000,False,False,0,,,,0.0,0,0,0,0,0,
19.76257511499989,19778000000,False,False,0,,,,0.0,0,0,0,0,0,
19.78371202100061,19778000000,False,False,0,,,,0.0,0,0,0,0,0,
19.8400499950003,19778000000,False,False,0,,,,0.0,0,0,0,0,0,
19.84790672500003,19778000000,False,False,0,,,,0.0,0,0,0,0,0,
19.888626970000587,19878000000,False,False,0,,,,0.0,0,0,0,0,0,
19.909890644999905,19878000000,False,False,0,,,,0.0,0,0,0,0,0,
19.9788281430001,19979000000,False,False,0,,,,0.0,0,0,0,0,0,
19.986601014999906,19979000000,False,False,0,,,,0.0,0,0,0,0,0,
20.020757336000315,19979000000,False,False,0,,,,0.0,0,0,0,0,0,
20.07001502300045,20075000000,False,False,0,,,,0.0,0,0,0,0,0,
20.08078329700038,20075000000,True,False,1,camera_sign_speed_limit,speed_limit_sign,,0.4263985373388762,3186,59,54,341,182,
20.146084384999995,20075000000,True,True,2,camera_sign_speed_limit,speed_limit_sign,,0.4163356944567404,3180,60,53,340,182,camera_sign_speed_limit
20.166685010000037,20179000000,True,True,3,camera_sign_speed_limit,speed_limit_sign,,0.4183441008427373,3240,60,54,340,182,camera_sign_speed_limit
20.200555574000646,20179000000,True,True,4,camera_sign_speed_limit,speed_limit_sign,,0.4150225926539558,3240,60,54,339,181,camera_sign_speed_limit
20.232954473000063,20179000000,True,True,5,camera_sign_speed_limit,speed_limit_sign,,0.41882831488550537,3240,60,54,338,181,camera_sign_speed_limit
20.246971548000147,20179000000,True,True,6,camera_sign_speed_limit,speed_limit_sign,,0.4288967042935079,3465,63,55,337,180,camera_sign_speed_limit
20.314678878999985,20277000000,True,True,7,camera_sign_speed_limit,speed_limit_sign,,0.4245581506188558,3465,63,55,336,180,camera_sign_speed_limit
20.325370819000455,20277000000,True,True,8,camera_sign_speed_limit,speed_limit_sign,,0.4289147358671649,3654,63,58,335,180,camera_sign_speed_limit
20.369659867000337,20377000000,True,True,9,camera_sign_speed_limit,speed_limit_sign,,0.4226871074185439,3465,63,55,334,179,camera_sign_speed_limit
20.413862291999976,20377000000,True,True,10,camera_sign_speed_limit,speed_limit_sign,,0.43012024842742747,3712,64,58,333,179,camera_sign_speed_limit
20.42389296700003,20377000000,True,True,11,camera_sign_speed_limit,speed_limit_sign,,0.4180718875188283,3575,65,55,332,179,camera_sign_speed_limit
20.45538739299991,20377000000,True,True,12,camera_sign_speed_limit,speed_limit_sign,,0.4300950301215498,3835,65,59,331,178,camera_sign_speed_limit
20.520232673000464,20482000000,True,True,13,camera_sign_speed_limit,speed_limit_sign,,0.4157871392212924,3575,65,55,330,178,camera_sign_speed_limit
20.542439614000614,20482000000,True,True,14,camera_sign_speed_limit,speed_limit_sign,,0.42847052445316175,3835,65,59,329,177,camera_sign_speed_limit
20.552078104999964,20482000000,True,True,15,camera_sign_speed_limit,speed_limit_sign,,0.4314176613968449,4012,68,59,328,177,camera_sign_speed_limit
20.584736109000005,20584000000,True,True,16,camera_sign_speed_limit,speed_limit_sign,,0.4350730045159168,4012,68,59,327,177,camera_sign_speed_limit
20.619639475999975,20584000000,True,True,17,camera_sign_speed_limit,speed_limit_sign,,0.42980205256995896,4012,68,59,326,176,camera_sign_speed_limit
20.65883786500035,20584000000,True,True,18,camera_sign_speed_limit,speed_limit_sign,,0.4322922009005365,4140,69,60,325,176,camera_sign_speed_limit
20.678361091000625,20682000000,True,True,19,camera_sign_speed_limit,speed_limit_sign,,0.4244693701943336,4140,69,60,324,175,camera_sign_speed_limit
20.722615528999995,20682000000,True,True,20,camera_sign_speed_limit,speed_limit_sign,,0.428390408822055,4140,69,60,323,175,camera_sign_speed_limit
20.746181326000624,20682000000,True,True,21,camera_sign_speed_limit,speed_limit_sign,,0.4203718322859702,4140,69,60,322,175,camera_sign_speed_limit
20.788614347000475,20783000000,True,True,22,camera_sign_speed_limit,speed_limit_sign,,0.4275805671427372,4410,70,63,321,174,camera_sign_speed_limit
20.82088545700026,20783000000,True,True,23,camera_sign_speed_limit,speed_limit_sign,,0.42862224051038933,4380,73,60,320,174,camera_sign_speed_limit
20.845198987000003,20783000000,True,True,24,camera_sign_speed_limit,speed_limit_sign,,0.4338720643870324,4599,73,63,319,173,camera_sign_speed_limit
20.87741692600048,20884000000,True,True,25,camera_sign_speed_limit,speed_limit_sign,,0.43356389615029944,4672,73,64,318,173,camera_sign_speed_limit
20.91094186800001,20884000000,True,True,26,camera_sign_speed_limit,speed_limit_sign,,0.4294917696588929,4736,74,64,317,172,camera_sign_speed_limit
20.98010332800004,20984000000,True,True,27,camera_sign_speed_limit,speed_limit_sign,,0.4322337067375804,4736,74,64,316,172,camera_sign_speed_limit
20.985918162000416,20984000000,True,True,28,camera_sign_speed_limit,speed_limit_sign,,0.42295650365976756,4736,74,64,315,171,camera_sign_speed_limit
21.030513477000568,20984000000,True,True,29,camera_sign_speed_limit,speed_limit_sign,,0.4267480719271824,4875,75,65,313,171,camera_sign_speed_limit
21.054738628999985,20984000000,True,True,30,camera_sign_speed_limit,speed_limit_sign,,0.4295892682039447,4875,75,65,312,170,camera_sign_speed_limit
21.100588473000244,21084000000,True,True,31,camera_sign_speed_limit,speed_limit_sign,,0.42977902962301706,5070,78,65,311,170,camera_sign_speed_limit
21.143145208000533,21084000000,True,True,32,camera_sign_speed_limit,speed_limit_sign,,0.43470356199588445,5304,78,68,310,169,camera_sign_speed_limit
21.148684155999945,21084000000,True,True,33,camera_sign_speed_limit,speed_limit_sign,,0.4377164785889588,5372,79,68,308,169,camera_sign_speed_limit
21.18763368600048,21186000000,True,True,34,camera_sign_speed_limit,speed_limit_sign,,0.4319276086329738,5372,79,68,307,168,camera_sign_speed_limit
21.221658258999923,21186000000,True,True,35,camera_sign_speed_limit,speed_limit_sign,,0.4330694538452362,5520,80,69,306,168,camera_sign_speed_limit
21.24643512700004,21186000000,True,True,36,camera_sign_speed_limit,speed_limit_sign,,0.434849790149667,5520,80,69,305,167,camera_sign_speed_limit
21.292708207000032,21284000000,True,True,37,camera_sign_speed_limit,speed_limit_sign,,0.43434385804177783,5727,83,69,303,167,camera_sign_speed_limit
21.324237167999854,21284000000,True,True,38,camera_sign_speed_limit,speed_limit_sign,,0.4329849028274897,5810,83,70,302,166,camera_sign_speed_limit
21.360210040999846,21284000000,True,True,39,camera_sign_speed_limit,speed_limit_sign,,0.43697132365181546,5880,84,70,301,166,camera_sign_speed_limit
21.3940533720006,21383000000,True,True,40,camera_sign_speed_limit,speed_limit_sign,,0.4276879859495681,5880,84,70,299,165,camera_sign_speed_limit
21.424708468000063,21383000000,True,True,41,camera_sign_speed_limit,speed_limit_sign,,0.4290358935264228,5880,84,70,298,165,camera_sign_speed_limit
21.48155054200015,21483000000,True,True,42,camera_sign_speed_limit,speed_limit_sign,,0.4360017400083219,6205,85,73,296,164,camera_sign_speed_limit
21.488086934999956,21483000000,True,True,43,camera_sign_speed_limit,speed_limit_sign,,0.440466827331897,6512,88,74,295,163,camera_sign_speed_limit
21.534970130000147,21483000000,True,True,44,camera_sign_speed_limit,speed_limit_sign,,0.43837609458305593,6497,89,73,293,163,camera_sign_speed_limit
21.543817896999826,21483000000,True,True,45,camera_sign_speed_limit,speed_limit_sign,,0.43499249855567357,6586,89,74,292,162,camera_sign_speed_limit
21.58903380100037,21586000000,True,True,46,camera_sign_speed_limit,speed_limit_sign,,0.43634439599531805,6586,89,74,290,161,camera_sign_speed_limit
21.643452348999745,21586000000,True,True,47,camera_sign_speed_limit,speed_limit_sign,,0.43391358970540583,6750,90,75,289,161,camera_sign_speed_limit
21.66587698100011,21586000000,True,True,48,camera_sign_speed_limit,speed_limit_sign,,0.44233442583005667,7254,93,78,287,160,camera_sign_speed_limit
21.676413969999885,21689000000,True,True,49,camera_sign_speed_limit,speed_limit_sign,,0.4331821710588901,6975,93,75,286,160,camera_sign_speed_limit
21.732734060999974,21689000000,True,True,50,camera_sign_speed_limit,speed_limit_sign,,0.43926677933145153,7332,94,78,284,159,camera_sign_speed_limit
21.74319030800052,21689000000,True,True,51,camera_sign_speed_limit,speed_limit_sign,,0.44029512837216755,7410,95,78,282,158,camera_sign_speed_limit
21.799900992999937,21789000000,True,True,52,camera_sign_speed_limit,speed_limit_sign,,0.4370907148760458,7505,95,79,281,157,camera_sign_speed_limit
21.822905670000182,21789000000,True,True,53,camera_sign_speed_limit,speed_limit_sign,,0.4418153353829509,7742,98,79,279,157,camera_sign_speed_limit
21.846261190000405,21789000000,True,True,54,camera_sign_speed_limit,speed_limit_sign,,0.44008623461187013,7920,99,80,277,156,camera_sign_speed_limit
21.879848374000176,21888000000,True,True,55,camera_sign_speed_limit,speed_limit_sign,,0.4397762960615781,7920,99,80,276,155,camera_sign_speed_limit
21.923581214000478,21888000000,True,True,56,camera_sign_speed_limit,speed_limit_sign,,0.44161958122830636,8300,100,83,274,155,camera_sign_speed_limit
21.955570873999932,21888000000,True,True,57,camera_sign_speed_limit,speed_limit_sign,,0.44513293473592874,8652,103,84,272,154,camera_sign_speed_limit
21.99820870199983,21991000000,True,True,58,camera_sign_speed_limit,speed_limit_sign,,0.4457269002444798,8736,104,84,270,153,camera_sign_speed_limit
22.018281663999915,21991000000,True,True,59,camera_sign_speed_limit,speed_limit_sign,,0.441193089204326,8840,104,85,268,152,camera_sign_speed_limit
22.05476719699982,21991000000,True,True,60,camera_sign_speed_limit,speed_limit_sign,,0.440694062749894,8925,105,85,266,152,camera_sign_speed_limit
22.07788451400029,22092000000,True,True,61,camera_sign_speed_limit,speed_limit_sign,,0.4436913172516059,9180,108,85,264,151,camera_sign_speed_limit
22.122037050000472,22092000000,True,True,62,camera_sign_speed_limit,speed_limit_sign,,0.44565279097030963,9592,109,88,262,150,camera_sign_speed_limit
22.170240432000355,22092000000,True,True,63,camera_sign_speed_limit,speed_limit_sign,,0.4452328014077156,9680,110,88,260,149,camera_sign_speed_limit
22.191048628000317,22190000000,True,True,64,camera_sign_speed_limit,speed_limit_sign,,0.4499352448899623,10170,113,90,258,148,camera_sign_speed_limit
22.21200501400017,22190000000,True,True,65,camera_sign_speed_limit,speed_limit_sign,,0.4495455550973318,10260,114,90,256,147,camera_sign_speed_limit
22.24576751299992,22190000000,True,True,66,camera_sign_speed_limit,speed_limit_sign,,0.450425689046864,10695,115,93,254,146,camera_sign_speed_limit
22.29305099300018,22290000000,True,True,67,camera_sign_speed_limit,speed_limit_sign,,0.45235959168281414,10974,118,93,251,145,camera_sign_speed_limit
22.33647277700038,22290000000,True,True,68,camera_sign_speed_limit,speed_limit_sign,,0.44732873723567135,11092,118,94,249,145,camera_sign_speed_limit
22.381886543999826,22390000000,True,True,69,camera_sign_speed_limit,speed_limit_sign,,0.5712831223471035,676,26,26,422,222,camera_sign_speed_limit
22.435231215000385,22390000000,True,True,70,camera_sign_speed_limit,speed_limit_sign,,0.4523540081821719,11685,123,95,244,143,camera_sign_speed_limit
22.441435859000194,22390000000,True,True,71,camera_sign_speed_limit,speed_limit_sign,,0.45225899310548645,12152,124,98,242,142,camera_sign_speed_limit
22.458719641000243,22390000000,True,True,72,camera_sign_speed_limit,speed_limit_sign,,0.4562025222557523,12573,127,99,239,141,camera_sign_speed_limit
22.491570087000582,22490000000,True,True,73,camera_sign_speed_limit,speed_limit_sign,,0.45546367650926417,12771,129,99,237,139,camera_sign_speed_limit
22.524843095000506,22490000000,True,True,74,camera_sign_speed_limit,speed_limit_sign,,0.4543656631727332,13200,132,100,234,138,camera_sign_speed_limit
22.56070491799983,22490000000,True,True,75,camera_sign_speed_limit,speed_limit_sign,,0.4573193479396793,13596,132,103,231,137,camera_sign_speed_limit
22.593833693000306,22592000000,True,True,76,camera_sign_speed_limit,speed_limit_sign,,0.45657689928542733,13802,134,103,229,136,camera_sign_speed_limit
22.61498970000048,22592000000,True,True,77,camera_sign_speed_limit,speed_limit_sign,,0.4578595539407,14385,137,105,226,135,camera_sign_speed_limit
22.66348353400008,22592000000,True,True,78,camera_sign_speed_limit,speed_limit_sign,,0.4621294303840191,15012,139,108,223,134,camera_sign_speed_limit
22.690223223999965,22693000000,True,True,79,camera_sign_speed_limit,speed_limit_sign,,0.4606102412408173,15336,142,108,220,133,camera_sign_speed_limit
22.724479504000556,22693000000,True,True,80,camera_sign_speed_limit,speed_limit_sign,,0.46153678599223025,15696,144,109,217,131,camera_sign_speed_limit
22.75753582300058,22693000000,True,True,81,camera_sign_speed_limit,speed_limit_sign,,0.45914604539555104,16170,147,110,214,130,camera_sign_speed_limit
22.796757596000134,22797000000,True,True,82,camera_sign_speed_limit,speed_limit_sign,,0.46217363263414324,16837,149,113,211,129,camera_sign_speed_limit
22.81528884399995,22797000000,True,True,83,camera_sign_speed_limit,speed_limit_sign,,0.4650728562109039,17328,152,114,208,128,camera_sign_speed_limit
22.856798748000074,22797000000,True,True,84,camera_sign_speed_limit,speed_limit_sign,,0.4629967210020831,17710,154,115,204,126,camera_sign_speed_limit
22.888779650999822,22896000000,True,True,85,camera_sign_speed_limit,speed_limit_sign,,0.46742036661313324,18526,157,118,201,125,camera_sign_speed_limit
22.93450370699975,22896000000,True,True,86,camera_sign_speed_limit,speed_limit_sign,,0.4682481359702231,19440,162,120,198,123,camera_sign_speed_limit
22.946870106999995,22896000000,True,True,87,camera_sign_speed_limit,speed_limit_sign,,0.46909555935347885,20049,163,123,194,122,camera_sign_speed_limit
23.00112165200062,22994000000,True,True,88,camera_sign_speed_limit,speed_limit_sign,,0.46989132602184835,20708,167,124,190,120,camera_sign_speed_limit
23.035944029000348,22994000000,True,True,89,camera_sign_speed_limit,speed_limit_sign,,0.4706325028162396,21463,169,127,186,119,camera_sign_speed_limit
23.065013737999834,22994000000,True,True,90,camera_sign_speed_limit,speed_limit_sign,,0.4706904082867782,22144,173,128,182,117,camera_sign_speed_limit
23.09121246900031,23094000000,True,True,91,camera_sign_speed_limit,speed_limit_sign,,0.4713526838246033,22833,177,129,179,116,camera_sign_speed_limit
23.124138352000045,23094000000,True,True,92,camera_sign_speed_limit,speed_limit_sign,,0.47141793532451803,23628,179,132,175,114,camera_sign_speed_limit
23.174077735000537,23094000000,True,True,93,camera_sign_speed_limit,speed_limit_sign,,0.4739190015805337,24656,184,134,170,112,camera_sign_speed_limit
23.196249720000196,23191000000,True,True,94,camera_sign_speed_limit,speed_limit_sign,,0.4746309386860493,25756,188,137,166,110,camera_sign_speed_limit
23.240078016000552,23191000000,True,True,95,camera_sign_speed_limit,speed_limit_sign,,0.47226797774708495,26441,193,137,162,109,camera_sign_speed_limit
23.275775885999792,23191000000,True,True,96,camera_sign_speed_limit,speed_limit_sign,,0.4618591740463776,27126,198,137,157,107,camera_sign_speed_limit
23.30861692899998,23288000000,True,True,97,camera_sign_speed_limit,speed_limit_sign,,0.45498688337501303,27472,202,136,152,105,camera_sign_speed_limit
23.340113287999884,23288000000,True,True,98,camera_sign_speed_limit,speed_limit_sign,,0.45106298891315666,28152,207,136,149,103,camera_sign_speed_limit
23.3862647370006,23392000000,True,True,99,camera_sign_speed_limit,speed_limit_sign,,0.44973833554724973,27744,204,136,149,103,camera_sign_speed_limit
23.393767520000438,23392000000,True,True,100,camera_sign_speed_limit,speed_limit_sign,,0.44973833554724973,27744,204,136,149,103,camera_sign_speed_limit
23.427579814000637,23392000000,True,True,101,camera_sign_speed_limit,speed_limit_sign,,0.44973833554724973,27744,204,136,149,103,camera_sign_speed_limit
23.471197857000334,23392000000,True,True,102,camera_sign_speed_limit,speed_limit_sign,,0.44973833554724973,27744,204,136,149,103,camera_sign_speed_limit
23.49293506400045,23495000000,True,True,103,camera_sign_speed_limit,speed_limit_sign,,0.44973833554724973,27744,204,136,149,103,camera_sign_speed_limit
23.55487481199998,23495000000,True,True,104,camera_sign_speed_limit,speed_limit_sign,,0.44973833554724973,27744,204,136,149,103,camera_sign_speed_limit
23.56142010199983,23495000000,True,True,105,camera_sign_speed_limit,speed_limit_sign,,0.44973833554724973,27744,204,136,149,103,camera_sign_speed_limit
23.59003303100053,23597000000,True,True,106,camera_sign_speed_limit,speed_limit_sign,,0.44973833554724973,27744,204,136,149,103,camera_sign_speed_limit
23.635485361000065,23597000000,True,True,107,camera_sign_speed_limit,speed_limit_sign,,0.44973833554724973,27744,204,136,149,103,camera_sign_speed_limit
23.680437087999962,23696000000,True,True,108,camera_sign_speed_limit,speed_limit_sign,,0.44973833554724973,27744,204,136,149,103,camera_sign_speed_limit
23.691323800000646,23696000000,True,True,109,camera_sign_speed_limit,speed_limit_sign,,0.4497657403998869,27744,204,136,149,103,camera_sign_speed_limit
23.72514922299979,23696000000,True,True,110,camera_sign_speed_limit,speed_limit_sign,,0.4497657403998869,27744,204,136,149,103,camera_sign_speed_limit
23.760510545000216,23696000000,True,True,111,camera_sign_speed_limit,speed_limit_sign,,0.4497657403998869,27744,204,136,149,103,camera_sign_speed_limit
23.792068998000104,23795000000,True,True,112,camera_sign_speed_limit,speed_limit_sign,,0.4497657403998869,27744,204,136,149,103,camera_sign_speed_limit
23.83911646500019,23795000000,True,True,113,camera_sign_speed_limit,speed_limit_sign,,0.4497657403998869,27744,204,136,149,103,camera_sign_speed_limit
23.86066546500024,23795000000,True,True,114,camera_sign_speed_limit,speed_limit_sign,,0.4497657403998869,27744,204,136,149,103,camera_sign_speed_limit
23.882752346000416,23896000000,True,True,115,camera_sign_speed_limit,speed_limit_sign,,0.4497657403998869,27744,204,136,149,103,camera_sign_speed_limit
23.91655558900038,23896000000,True,True,116,camera_sign_speed_limit,speed_limit_sign,,0.4497657403998869,27744,204,136,149,103,camera_sign_speed_limit
23.96508807400005,23896000000,True,True,117,camera_sign_speed_limit,speed_limit_sign,,0.4497362440947159,27744,204,136,149,103,camera_sign_speed_limit
23.98362171700046,23996000000,True,True,118,camera_sign_speed_limit,speed_limit_sign,,0.4497362440947159,27744,204,136,149,103,camera_sign_speed_limit
24.034864590000325,23996000000,True,True,119,camera_sign_speed_limit,speed_limit_sign,,0.4497362440947159,27744,204,136,149,103,camera_sign_speed_limit
24.058996612000556,23996000000,True,True,120,camera_sign_speed_limit,speed_limit_sign,,0.4497362440947159,27744,204,136,149,103,camera_sign_speed_limit
24.089631204999932,24101000000,True,True,121,camera_sign_speed_limit,speed_limit_sign,,0.4497362440947159,27744,204,136,149,103,camera_sign_speed_limit
24.11321022700031,24101000000,True,True,122,camera_sign_speed_limit,speed_limit_sign,,0.4497362440947159,27744,204,136,149,103,camera_sign_speed_limit
24.147160819999954,24101000000,True,True,123,camera_sign_speed_limit,speed_limit_sign,,0.4497362440947159,27744,204,136,149,103,camera_sign_speed_limit
24.21333967300052,24198000000,True,True,124,camera_sign_speed_limit,speed_limit_sign,,0.4497362440947159,27744,204,136,149,103,camera_sign_speed_limit
24.223838846000035,24198000000,True,True,125,camera_sign_speed_limit,speed_limit_sign,,0.4497362440947159,27744,204,136,149,103,camera_sign_speed_limit
24.27039787600006,24198000000,True,True,126,camera_sign_speed_limit,speed_limit_sign,,0.4497362440947159,27744,204,136,149,103,camera_sign_speed_limit
24.28977386600036,24300000000,True,True,127,camera_sign_speed_limit,speed_limit_sign,,0.4497362440947159,27744,204,136,149,103,camera_sign_speed_limit
24.314472912000383,24300000000,True,True,128,camera_sign_speed_limit,speed_limit_sign,,0.4497362440947159,27744,204,136,149,103,camera_sign_speed_limit
24.35108656200009,24300000000,True,True,129,camera_sign_speed_limit,speed_limit_sign,,0.4497362440947159,27744,204,136,149,103,camera_sign_speed_limit
24.403921629999786,24398000000,True,True,130,camera_sign_speed_limit,speed_limit_sign,,0.4497362440947159,27744,204,136,149,103,camera_sign_speed_limit
24.43636824999976,24398000000,True,True,131,camera_sign_speed_limit,speed_limit_sign,,0.4497362440947159,27744,204,136,149,103,camera_sign_speed_limit
24.459928361000493,24398000000,True,True,132,camera_sign_speed_limit,speed_limit_sign,,0.4497362440947159,27744,204,136,149,103,camera_sign_speed_limit
24.494110862000525,24498000000,True,True,133,camera_sign_speed_limit,speed_limit_sign,,0.4497657403998869,27744,204,136,149,103,camera_sign_speed_limit
24.527618445999906,24498000000,True,True,134,camera_sign_speed_limit,speed_limit_sign,,0.4496455249976531,27744,204,136,149,103,camera_sign_speed_limit
24.563543785000547,24498000000,True,True,135,camera_sign_speed_limit,speed_limit_sign,,0.4498729558776956,27744,204,136,149,103,camera_sign_speed_limit
24.60586752100062,24597000000,True,True,136,camera_sign_speed_limit,speed_limit_sign,,0.44965109311504026,27744,204,136,149,103,camera_sign_speed_limit
24.61725266800022,24597000000,True,True,137,camera_sign_speed_limit,speed_limit_sign,,0.44976790809361467,27744,204,136,149,103,camera_sign_speed_limit
24.685942240999793,24700000000,True,True,138,camera_sign_speed_limit,speed_limit_sign,,0.44982094418298985,27744,204,136,149,103,camera_sign_speed_limit
24.693093120999947,24700000000,True,True,139,camera_sign_speed_limit,speed_limit_sign,,0.4497054812367134,27744,204,136,149,103,camera_sign_speed_limit
24.75941290999981,24700000000,True,True,140,camera_sign_speed_limit,speed_limit_sign,,0.44973833554724973,27744,204,136,149,103,camera_sign_speed_limit
24.76639409100062,24700000000,True,True,141,camera_sign_speed_limit,speed_limit_sign,,0.44982094418298985,27744,204,136,149,103,camera_sign_speed_limit
24.81439188100012,24800000000,True,True,142,camera_sign_speed_limit,speed_limit_sign,,0.44982094418298985,27744,204,136,149,103,camera_sign_speed_limit
24.848624752999967,24800000000,True,True,143,camera_sign_speed_limit,speed_limit_sign,,0.4497914486893305,27744,204,136,149,103,camera_sign_speed_limit
24.870707922000292,24800000000,True,True,144,camera_sign_speed_limit,speed_limit_sign,,0.4496922243024196,27744,204,136,149,103,camera_sign_speed_limit
24.91669907100004,24901000000,True,True,145,camera_sign_speed_limit,speed_limit_sign,,0.4497914486893305,27744,204,136,149,103,camera_sign_speed_limit
24.922989135000535,24901000000,True,True,146,camera_sign_speed_limit,speed_limit_sign,,0.4498005712302891,27744,204,136,149,103,camera_sign_speed_limit
24.986229431000538,24901000000,True,True,147,camera_sign_speed_limit,speed_limit_sign,,0.4497914486893305,27744,204,136,149,103,camera_sign_speed_limit
24.99304194600063,24998000000,True,True,148,camera_sign_speed_limit,speed_limit_sign,,0.4496297632757226,27744,204,136,149,103,camera_sign_speed_limit
25.017357440000524,24998000000,True,True,149,camera_sign_speed_limit,speed_limit_sign,,0.44948440342280827,27744,204,136,149,103,camera_sign_speed_limit
25.06300721200023,24998000000,True,True,150,camera_sign_speed_limit,speed_limit_sign,,0.4496022026624309,27744,204,136,149,103,camera_sign_speed_limit
25.094499976000407,25101000000,True,True,151,camera_sign_speed_limit,speed_limit_sign,,0.44973833554724973,27744,204,136,149,103,camera_sign_speed_limit
25.12700243800009,25101000000,True,True,152,camera_sign_speed_limit,speed_limit_sign,,0.4498005712302891,27744,204,136,149,103,camera_sign_speed_limit
25.185044489000575,25101000000,True,True,153,camera_sign_speed_limit,speed_limit_sign,,0.44982094418298985,27744,204,136,149,103,camera_sign_speed_limit
25.20591642599993,25200000000,True,True,154,camera_sign_speed_limit,speed_limit_sign,,0.4496530205952288,27744,204,136,149,103,camera_sign_speed_limit
25.251479534999817,25200000000,True,True,155,camera_sign_speed_limit,speed_limit_sign,,0.44933434350624857,27744,204,136,149,103,camera_sign_speed_limit
25.25846245899993,25200000000,True,True,156,camera_sign_speed_limit,speed_limit_sign,,0.4497936167499768,27744,204,136,149,103,camera_sign_speed_limit
25.296166623999852,25303000000,True,True,157,camera_sign_speed_limit,speed_limit_sign,,0.44980273934056547,27744,204,136,149,103,camera_sign_speed_limit
25.328484562000085,25303000000,True,True,158,camera_sign_speed_limit,speed_limit_sign,,0.4496022026624309,27744,204,136,149,103,camera_sign_speed_limit
25.37503930999992,25303000000,True,True,159,camera_sign_speed_limit,speed_limit_sign,,0.44968096400916746,27744,204,136,149,103,camera_sign_speed_limit
25.419953155000258,25401000000,True,True,160,camera_sign_speed_limit,speed_limit_sign,,0.44980273934056547,27744,204,136,149,103,camera_sign_speed_limit
25.441459948000556,25401000000,True,True,161,camera_sign_speed_limit,speed_limit_sign,,0.44965109311504026,27744,204,136,149,103,camera_sign_speed_limit
25.46307792100015,25401000000,True,True,162,camera_sign_speed_limit,speed_limit_sign,,0.44965109311504026,27744,204,136,149,103,camera_sign_speed_limit
25.49619691800035,25501000000,True,True,163,camera_sign_speed_limit,speed_limit_sign,,0.4498005712302891,27744,204,136,149,103,camera_sign_speed_limit
25.55300516999978,25501000000,True,True,164,camera_sign_speed_limit,speed_limit_sign,,0.4498430075154366,27744,204,136,149,103,camera_sign_speed_limit
25.56265479800004,25501000000,True,True,165,camera_sign_speed_limit,speed_limit_sign,,0.4498005712302891,27744,204,136,149,103,camera_sign_speed_limit
25.61095240299983,25601000000,True,True,166,camera_sign_speed_limit,speed_limit_sign,,0.44973543680566097,27744,204,136,149,103,camera_sign_speed_limit
25.65325642800053,25601000000,True,True,167,camera_sign_speed_limit,speed_limit_sign,,0.44979763557819863,27744,204,136,149,103,camera_sign_speed_limit
25.661816472000282,25601000000,True,True,168,camera_sign_speed_limit,speed_limit_sign,,0.44979763557819863,27744,204,136,149,103,camera_sign_speed_limit
25.695138643000064,25704000000,True,True,169,camera_sign_speed_limit,speed_limit_sign,,0.44948440342280827,27744,204,136,149,103,camera_sign_speed_limit
25.728109831999973,25704000000,True,True,170,camera_sign_speed_limit,speed_limit_sign,,0.44968096400916746,27744,204,136,149,103,camera_sign_speed_limit
25.775005942000462,25704000000,True,True,171,camera_sign_speed_limit,speed_limit_sign,,0.44979763557819863,27744,204,136,149,103,camera_sign_speed_limit
25.807606072000453,25804000000,True,True,172,camera_sign_speed_limit,speed_limit_sign,,0.44979763557819863,27744,204,136,149,103,camera_sign_speed_limit
25.851457337000284,25804000000,True,True,173,camera_sign_speed_limit,speed_limit_sign,,0.44973576208707405,27744,204,136,149,103,camera_sign_speed_limit
25.85763127700011,25804000000,True,True,174,camera_sign_speed_limit,speed_limit_sign,,0.44979763557819863,27744,204,136,149,103,camera_sign_speed_limit
25.89619975000005,25904000000,True,True,175,camera_sign_speed_limit,speed_limit_sign,,0.4499134559417927,27744,204,136,149,103,camera_sign_speed_limit
25.939739318000647,25904000000,True,True,176,camera_sign_speed_limit,speed_limit_sign,,0.4498005712302891,27744,204,136,149,103,camera_sign_speed_limit
25.951364356999875,25904000000,True,True,177,camera_sign_speed_limit,speed_limit_sign,,0.44973497777270166,27744,204,136,149,103,camera_sign_speed_limit
25.98502031499993,25904000000,True,True,178,camera_sign_speed_limit,speed_limit_sign,,0.4497474043764384,27744,204,136,149,103,camera_sign_speed_limit
26.06199768999977,26007000000,True,True,179,camera_sign_speed_limit,speed_limit_sign,,0.4493839492544097,27744,204,136,149,103,camera_sign_speed_limit
26.06849793499987,26007000000,True,True,180,camera_sign_speed_limit,speed_limit_sign,,0.44980273934056547,27744,204,136,149,103,camera_sign_speed_limit
26.09418988300058,26107000000,True,True,181,camera_sign_speed_limit,speed_limit_sign,,0.4496867134953637,27744,204,136,149,103,camera_sign_speed_limit
26.16293766600029,26107000000,True,True,182,camera_sign_speed_limit,speed_limit_sign,,0.4497452360105704,27744,204,136,149,103,camera_sign_speed_limit
26.169445815000472,26107000000,True,True,183,camera_sign_speed_limit,speed_limit_sign,,0.44973539879761093,27744,204,136,149,103,camera_sign_speed_limit
26.195359841000027,26205000000,True,True,184,camera_sign_speed_limit,speed_limit_sign,,0.4497452360105704,27744,204,136,149,103,camera_sign_speed_limit
26.241247701999782,26205000000,True,True,185,camera_sign_speed_limit,speed_limit_sign,,0.44966247192010184,27744,204,136,149,103,camera_sign_speed_limit
26.25405739100006,26205000000,True,True,186,camera_sign_speed_limit,speed_limit_sign,,0.44966247192010184,27744,204,136,149,103,camera_sign_speed_limit
26.29686972000036,26306000000,True,True,187,camera_sign_speed_limit,speed_limit_sign,,0.44973539879761093,27744,204,136,149,103,camera_sign_speed_limit
26.35053056200013,26306000000,True,True,188,camera_sign_speed_limit,speed_limit_sign,,0.44966247192010184,27744,204,136,149,103,camera_sign_speed_limit
26.357033551999848,26306000000,True,True,189,camera_sign_speed_limit,speed_limit_sign,,0.4493875343007263,27744,204,136,149,103,camera_sign_speed_limit
26.384872614000415,26306000000,True,True,190,camera_sign_speed_limit,speed_limit_sign,,0.4493839492544097,27744,204,136,149,103,camera_sign_speed_limit
26.417112857000575,26408000000,True,True,191,camera_sign_speed_limit,speed_limit_sign,,0.44973539879761093,27744,204,136,149,103,camera_sign_speed_limit
26.474397757000588,26408000000,True,True,192,camera_sign_speed_limit,speed_limit_sign,,0.4496530205952288,27744,204,136,149,103,camera_sign_speed_limit
26.50775062499997,26508000000,True,True,193,camera_sign_speed_limit,speed_limit_sign,,0.44953522088909437,27744,204,136,149,103,camera_sign_speed_limit
26.529811221999807,26508000000,True,True,194,camera_sign_speed_limit,speed_limit_sign,,0.4496530205952288,27744,204,136,149,103,camera_sign_speed_limit
26.551643107000018,26508000000,True,True,195,camera_sign_speed_limit,speed_limit_sign,,0.4493292307960458,27744,204,136,149,103,camera_sign_speed_limit
26.58447661700029,26508000000,True,True,196,camera_sign_speed_limit,speed_limit_sign,,0.4496297632757226,27744,204,136,149,103,camera_sign_speed_limit
26.63679971000056,26611000000,True,True,197,camera_sign_speed_limit,speed_limit_sign,,0.44953522088909437,27744,204,136,149,103,camera_sign_speed_limit
26.683163468000203,26611000000,True,True,198,camera_sign_speed_limit,speed_limit_sign,,0.4493839492544097,27744,204,136,149,103,camera_sign_speed_limit
26.689605999000378,26611000000,True,True,199,camera_sign_speed_limit,speed_limit_sign,,0.44953522088909437,27744,204,136,149,103,camera_sign_speed_limit
26.72910650799986,26711000000,True,True,200,camera_sign_speed_limit,speed_limit_sign,,0.4497054812367134,27744,204,136,149,103,camera_sign_speed_limit
26.76250954599982,26711000000,True,True,201,camera_sign_speed_limit,speed_limit_sign,,0.44974245544551406,27744,204,136,149,103,camera_sign_speed_limit
26.84233462100019,26808000000,True,True,202,camera_sign_speed_limit,speed_limit_sign,,0.44953738879068494,27744,204,136,149,103,camera_sign_speed_limit
26.849765654000294,26808000000,True,True,203,camera_sign_speed_limit,speed_limit_sign,,0.4494347408746556,27744,204,136,149,103,camera_sign_speed_limit
26.86471181900015,26808000000,True,True,204,camera_sign_speed_limit,speed_limit_sign,,0.44974117172072553,27744,204,136,149,103,camera_sign_speed_limit
26.90796176100048,26908000000,True,True,205,camera_sign_speed_limit,speed_limit_sign,,0.44979763557819863,27744,204,136,149,103,camera_sign_speed_limit
26.940605403000518,26908000000,True,True,206,camera_sign_speed_limit,speed_limit_sign,,0.4494347408746556,27744,204,136,149,103,camera_sign_speed_limit
26.95393474299999,26908000000,True,True,207,camera_sign_speed_limit,speed_limit_sign,,0.4494347408746556,27744,204,136,149,103,camera_sign_speed_limit
26.998710489000587,26908000000,True,True,208,camera_sign_speed_limit,speed_limit_sign,,0.44974245544551406,27744,204,136,149,103,camera_sign_speed_limit
27.06295585099997,27011000000,True,True,209,camera_sign_speed_limit,speed_limit_sign,,0.4496530205952288,27744,204,136,149,103,camera_sign_speed_limit
27.069970385000488,27011000000,True,True,210,camera_sign_speed_limit,speed_limit_sign,,0.44969071899789664,27744,204,136,149,103,camera_sign_speed_limit
27.107402207000632,27110000000,True,True,211,camera_sign_speed_limit,speed_limit_sign,,0.4494347408746556,27744,204,136,149,103,camera_sign_speed_limit
27.132060246000037,27110000000,True,True,212,camera_sign_speed_limit,speed_limit_sign,,0.4494347408746556,27744,204,136,149,103,camera_sign_speed_limit
27.19801623100011,27110000000,True,True,213,camera_sign_speed_limit,speed_limit_sign,,0.4496022026624309,27744,204,136,149,103,camera_sign_speed_limit
27.204079342000114,27210000000,True,True,214,camera_sign_speed_limit,speed_limit_sign,,0.44964815502727257,27744,204,136,149,103,camera_sign_speed_limit
27.253342572000292,27210000000,True,True,215,camera_sign_speed_limit,speed_limit_sign,,0.449436908398899,27744,204,136,149,103,camera_sign_speed_limit
27.260042853000414,27210000000,True,True,216,camera_sign_speed_limit,speed_limit_sign,,0.449436908398899,27744,204,136,149,103,camera_sign_speed_limit
27.330804530000023,27311000000,True,True,217,camera_sign_speed_limit,speed_limit_sign,,0.44969071899789664,27744,204,136,149,103,camera_sign_speed_limit
27.33755053799996,27311000000,True,True,218,camera_sign_speed_limit,speed_limit_sign,,0.4496530205952288,27744,204,136,149,103,camera_sign_speed_limit
27.376232444999914,27311000000,True,True,219,camera_sign_speed_limit,speed_limit_sign,,0.44979763557819863,27744,204,136,149,103,camera_sign_speed_limit
27.39720804799981,27311000000,True,True,220,camera_sign_speed_limit,speed_limit_sign,,0.449436908398899,27744,204,136,149,103,camera_sign_speed_limit
27.43982957099979,27412000000,True,True,221,camera_sign_speed_limit,speed_limit_sign,,0.449386116750618,27744,204,136,149,103,camera_sign_speed_limit
27.473390988000574,27412000000,True,True,222,camera_sign_speed_limit,speed_limit_sign,,0.449386116750618,27744,204,136,149,103,camera_sign_speed_limit
27.48759425299977,27412000000,True,True,223,camera_sign_speed_limit,speed_limit_sign,,0.449386116750618,27744,204,136,149,103,camera_sign_speed_limit
27.53969253300056,27513000000,True,True,224,camera_sign_speed_limit,speed_limit_sign,,0.449386116750618,27744,204,136,149,103,camera_sign_speed_limit
27.56387382400044,27513000000,True,True,225,camera_sign_speed_limit,speed_limit_sign,,0.4493839492544097,27744,204,136,149,103,camera_sign_speed_limit
27.601676123999823,27513000000,True,True,226,camera_sign_speed_limit,speed_limit_sign,,0.4493839492544097,27744,204,136,149,103,camera_sign_speed_limit
27.64075315500031,27611000000,True,True,227,camera_sign_speed_limit,speed_limit_sign,,0.44938178178914856,27744,204,136,149,103,camera_sign_speed_limit
27.675942083000336,27611000000,True,True,228,camera_sign_speed_limit,speed_limit_sign,,0.4493839492544097,27744,204,136,149,103,camera_sign_speed_limit
27.701438611999947,27611000000,True,True,229,camera_sign_speed_limit,speed_limit_sign,,0.4493839492544097,27744,204,136,149,103,camera_sign_speed_limit
27.73028064400023,27711000000,True,True,230,camera_sign_speed_limit,speed_limit_sign,,0.44978816209093997,27744,204,136,149,103,camera_sign_speed_limit
27.75240760500037,27711000000,True,True,231,camera_sign_speed_limit,speed_limit_sign,,0.44974245544551406,27744,204,136,149,103,camera_sign_speed_limit
27.79107966399988,27711000000,True,True,232,camera_sign_speed_limit,speed_limit_sign,,0.4493839492544097,27744,204,136,149,103,camera_sign_speed_limit
27.822262003000105,27812000000,True,True,233,camera_sign_speed_limit,speed_limit_sign,,0.4493839492544097,27744,204,136,149,103,camera_sign_speed_limit
27.876921128000504,27812000000,True,True,234,camera_sign_speed_limit,speed_limit_sign,,0.4493839492544097,27744,204,136,149,103,camera_sign_speed_limit
27.89785578900046,27812000000,True,True,235,camera_sign_speed_limit,speed_limit_sign,,0.450993102279171,28152,207,136,149,103,camera_sign_speed_limit
27.930240968999897,27913000000,True,True,236,camera_sign_speed_limit,speed_limit_sign,,0.449386116750618,27744,204,136,149,103,camera_sign_speed_limit
27.96481869499985,27913000000,True,True,237,camera_sign_speed_limit,speed_limit_sign,,0.449386116750618,27744,204,136,149,103,camera_sign_speed_limit
27.996514733000367,27913000000,True,True,238,camera_sign_speed_limit,speed_limit_sign,,0.449386116750618,27744,204,136,149,103,camera_sign_speed_limit
28.030004099000507,28014000000,True,True,239,camera_sign_speed_limit,speed_limit_sign,,0.5612539434833413,899,31,29,429,233,camera_sign_speed_limit
28.075783416000377,28014000000,True,True,240,camera_sign_speed_limit,speed_limit_sign,,0.5615270142765958,899,31,29,429,233,camera_sign_speed_limit
28.097498171000552,28014000000,True,True,241,camera_sign_speed_limit,speed_limit_sign,,0.5614053312990812,899,31,29,429,233,camera_sign_speed_limit
28.151324491000196,28116000000,True,True,242,camera_sign_speed_limit,speed_limit_sign,,0.5615270142765958,899,31,29,429,233,camera_sign_speed_limit
28.185375670000212,28116000000,True,True,243,camera_sign_speed_limit,speed_limit_sign,,0.5751678348404948,930,31,30,430,233,camera_sign_speed_limit
28.196917713000403,28116000000,True,True,244,camera_sign_speed_limit,speed_limit_sign,,0.578647238117887,986,29,34,418,222,camera_sign_speed_limit
28.253559221000614,28215000000,True,True,245,camera_sign_speed_limit,speed_limit_sign,,0.5212494557866717,1681,41,41,424,227,camera_sign_speed_limit
28.262171284000033,28215000000,True,True,246,camera_sign_speed_limit,speed_limit_sign,,0.5161112282919763,1936,44,44,423,226,camera_sign_speed_limit
28.30566592700052,28317000000,True,True,247,camera_sign_speed_limit,speed_limit_sign,,0.5402413287752471,1435,41,35,423,223,camera_sign_speed_limit
28.340661881000415,28317000000,True,True,248,camera_sign_speed_limit,speed_limit_sign,,0.5996393708717016,1054,31,34,417,221,camera_sign_speed_limit
28.365466056000514,28317000000,True,True,249,camera_sign_speed_limit,speed_limit_sign,,0.5881854904695077,1190,35,34,428,232,camera_sign_speed_limit
28.4198838960001,28416000000,True,True,250,camera_sign_speed_limit,speed_limit_sign,,0.6018673575908471,1156,34,34,417,220,camera_sign_speed_limit
28.45440270800009,28416000000,True,True,251,camera_sign_speed_limit,speed_limit_sign,,0.5296909012457521,1496,34,44,426,226,camera_sign_speed_limit
28.46123322800031,28416000000,True,True,252,camera_sign_speed_limit,speed_limit_sign,,0.517198157535823,1936,44,44,421,226,camera_sign_speed_limit
28.50189437300014,28416000000,True,True,253,camera_sign_speed_limit,speed_limit_sign,,0.5949503267483786,1190,34,35,415,220,camera_sign_speed_limit
28.55589331400006,28515000000,True,True,254,camera_sign_speed_limit,speed_limit_sign,,0.5187981071791931,1980,44,45,420,226,camera_sign_speed_limit
28.562690789000044,28515000000,True,True,255,camera_sign_speed_limit,speed_limit_sign,,0.5177519306615046,1980,44,45,421,226,camera_sign_speed_limit
28.6130412170005,28615000000,True,True,256,camera_sign_speed_limit,speed_limit_sign,,0.5352731739062435,1620,45,36,420,222,camera_sign_speed_limit
28.65573217600013,28615000000,True,True,257,camera_sign_speed_limit,speed_limit_sign,,0.5186634299572487,1980,44,45,420,226,camera_sign_speed_limit
28.667087126000297,28615000000,True,True,258,camera_sign_speed_limit,speed_limit_sign,,0.5978254252905995,1225,35,35,413,220,camera_sign_speed_limit
28.714605058000416,28715000000,True,True,259,camera_sign_speed_limit,speed_limit_sign,,0.5392731533992449,1575,35,45,415,225,camera_sign_speed_limit
28.735292719000427,28715000000,True,True,260,camera_sign_speed_limit,speed_limit_sign,,0.514522870555856,2304,48,48,419,225,camera_sign_speed_limit
28.75517363900053,28715000000,True,True,261,camera_sign_speed_limit,speed_limit_sign,,0.5207398443907235,2160,45,48,418,225,camera_sign_speed_limit
28.797826443000304,28715000000,True,True,262,camera_sign_speed_limit,speed_limit_sign,,0.5150137150562583,2304,48,48,417,225,camera_sign_speed_limit
28.831543172000238,28820000000,True,True,263,camera_sign_speed_limit,speed_limit_sign,,0.5994241307641396,1260,35,36,411,219,camera_sign_speed_limit
28.86718976100019,28820000000,True,True,264,camera_sign_speed_limit,speed_limit_sign,,0.5155314558186879,2304,48,48,417,226,camera_sign_speed_limit
28.912393263000013,28917000000,True,True,265,camera_sign_speed_limit,speed_limit_sign,,0.5233209946242687,1872,48,39,416,221,camera_sign_speed_limit
28.944232626000485,28917000000,True,True,266,camera_sign_speed_limit,speed_limit_sign,,0.5161799457981937,2401,49,49,416,225,camera_sign_speed_limit
28.98951943600059,28917000000,True,True,267,camera_sign_speed_limit,speed_limit_sign,,0.517105689832413,2400,48,50,416,225,camera_sign_speed_limit
28.999559233000582,28917000000,True,True,268,camera_sign_speed_limit,speed_limit_sign,,0.5171489292150958,2450,49,50,415,225,camera_sign_speed_limit
29.032765296000434,29020000000,True,True,269,camera_sign_speed_limit,speed_limit_sign,,0.5169469215907697,2450,49,50,415,225,camera_sign_speed_limit
29.071376820000296,29020000000,True,True,270,camera_sign_speed_limit,speed_limit_sign,,0.5180432032715687,2450,49,50,414,225,camera_sign_speed_limit
29.0897395410002,29020000000,True,True,271,camera_sign_speed_limit,speed_limit_sign,,0.5169495507351201,2450,49,50,414,225,camera_sign_speed_limit
29.144132393999826,29119000000,True,True,272,camera_sign_speed_limit,speed_limit_sign,,0.5949156623195333,1560,39,40,407,218,camera_sign_speed_limit
29.18748296600006,29119000000,True,True,273,camera_sign_speed_limit,speed_limit_sign,,0.5194237677040955,2597,49,53,413,225,camera_sign_speed_limit
29.20964402700065,29119000000,True,True,274,camera_sign_speed_limit,speed_limit_sign,,0.5179772744319988,2650,50,53,413,225,camera_sign_speed_limit
29.23771795199991,29220000000,True,True,275,camera_sign_speed_limit,speed_limit_sign,,0.5171976063556509,2650,50,53,412,225,camera_sign_speed_limit
29.264426339000238,29220000000,True,True,276,camera_sign_speed_limit,speed_limit_sign,,0.5189025771655854,2650,50,53,412,225,camera_sign_speed_limit
29.32068117000017,29319000000,True,True,277,camera_sign_speed_limit,speed_limit_sign,,0.5191145842177847,2650,50,53,412,225,camera_sign_speed_limit
29.33083244200043,29319000000,True,True,278,camera_sign_speed_limit,speed_limit_sign,,0.5147868861735019,2862,53,54,411,224,camera_sign_speed_limit
29.365424143999917,29319000000,True,True,279,camera_sign_speed_limit,speed_limit_sign,,0.5203051828825249,2700,50,54,410,224,camera_sign_speed_limit
29.421362709000277,29420000000,True,True,280,camera_sign_speed_limit,speed_limit_sign,,0.5163656555139408,2862,53,54,410,224,camera_sign_speed_limit
29.432431199000348,29420000000,True,True,281,camera_sign_speed_limit,speed_limit_sign,,0.5142674153685857,2916,54,54,409,224,camera_sign_speed_limit
29.47895640200022,29420000000,True,True,282,camera_sign_speed_limit,speed_limit_sign,,0.5157194903885745,2862,53,54,409,224,camera_sign_speed_limit
29.490303147000304,29420000000,True,True,283,camera_sign_speed_limit,speed_limit_sign,,0.5165674233083181,2970,54,55,409,224,camera_sign_speed_limit
29.521197623999797,29520000000,True,True,284,camera_sign_speed_limit,speed_limit_sign,,0.5171069951039572,2915,53,55,408,224,camera_sign_speed_limit
29.579521307000505,29520000000,True,True,285,camera_sign_speed_limit,speed_limit_sign,,0.5175418925167568,2970,54,55,408,224,camera_sign_speed_limit
29.61112037700059,29520000000,True,True,286,camera_sign_speed_limit,speed_limit_sign,,0.5154462229088592,3025,55,55,407,224,camera_sign_speed_limit
29.644300910999846,29621000000,True,True,287,camera_sign_speed_limit,speed_limit_sign,,0.5187818861826732,3132,54,58,407,224,camera_sign_speed_limit
29.665505365000172,29621000000,True,True,288,camera_sign_speed_limit,speed_limit_sign,,0.5176105482314215,3190,55,58,406,223,camera_sign_speed_limit
29.721687248999842,29723000000,True,True,289,camera_sign_speed_limit,speed_limit_sign,,0.5193314474022555,3132,54,58,406,223,camera_sign_speed_limit
29.740997173000324,29723000000,True,True,290,camera_sign_speed_limit,speed_limit_sign,,0.5183038783853826,3190,55,58,405,223,camera_sign_speed_limit
29.775867641999866,29723000000,True,True,291,camera_sign_speed_limit,speed_limit_sign,,0.514632844769057,3364,58,58,405,223,camera_sign_speed_limit
29.787158230000387,29723000000,True,True,292,camera_sign_speed_limit,speed_limit_sign,,0.5210431951009112,3245,55,59,404,223,camera_sign_speed_limit
29.8321522490005,29824000000,True,True,293,camera_sign_speed_limit,speed_limit_sign,,0.5160359184763259,3422,58,59,403,223,camera_sign_speed_limit
29.866096722000293,29824000000,True,True,294,camera_sign_speed_limit,speed_limit_sign,,0.5166685632472352,3422,58,59,403,223,camera_sign_speed_limit
29.88690807600051,29824000000,True,True,295,camera_sign_speed_limit,speed_limit_sign,,0.5155232903798086,3422,58,59,403,223,camera_sign_speed_limit
29.91987771300046,29925000000,True,True,296,camera_sign_speed_limit,speed_limit_sign,,0.5158950460958754,3480,58,60,402,222,camera_sign_speed_limit
29.96528476399999,29925000000,True,True,297,camera_sign_speed_limit,speed_limit_sign,,0.5118088900738741,3540,59,60,401,222,camera_sign_speed_limit
30.02777817200058,30019000000,True,True,298,camera_sign_speed_limit,speed_limit_sign,,0.5096236179275284,3600,60,60,401,222,camera_sign_speed_limit
30.046197409000342,30019000000,True,True,299,camera_sign_speed_limit,speed_limit_sign,,0.512470611521257,3540,59,60,400,222,camera_sign_speed_limit
30.071234097000342,30019000000,True,True,300,camera_sign_speed_limit,speed_limit_sign,,0.5112943446661652,3780,60,63,399,222,camera_sign_speed_limit
30.10350019500038,30019000000,True,True,301,camera_sign_speed_limit,speed_limit_sign,,0.5124919931353104,3780,60,63,399,222,camera_sign_speed_limit
30.122028618000513,30127000000,True,True,302,camera_sign_speed_limit,speed_limit_sign,,0.5064576212969887,3969,63,63,398,222,camera_sign_speed_limit
30.191394575999766,30127000000,True,True,303,camera_sign_speed_limit,speed_limit_sign,,0.5118383288787907,3780,60,63,397,222,camera_sign_speed_limit
30.20215292300054,30127000000,True,True,304,camera_sign_speed_limit,speed_limit_sign,,0.5082800727861642,4032,63,64,397,221,camera_sign_speed_limit
30.225864961000298,30226000000,True,True,305,camera_sign_speed_limit,speed_limit_sign,,0.5086508459565385,4032,63,64,396,221,camera_sign_speed_limit
30.266700485,30226000000,True,True,306,camera_sign_speed_limit,speed_limit_sign,,0.5084264583661744,4096,64,64,396,221,camera_sign_speed_limit
30.29851540599975,30226000000,True,True,307,camera_sign_speed_limit,speed_limit_sign,,0.5111856493990922,4160,64,65,395,221,camera_sign_speed_limit
30.332100702999924,30329000000,True,True,308,camera_sign_speed_limit,speed_limit_sign,,0.5092694540459335,4160,64,65,394,221,camera_sign_speed_limit
30.35664152299978,30329000000,True,True,309,camera_sign_speed_limit,speed_limit_sign,,0.5124741652747348,4160,64,65,393,221,camera_sign_speed_limit
30.420229608000227,30427000000,True,True,310,camera_sign_speed_limit,speed_limit_sign,,0.5133130885206559,4160,64,65,393,221,camera_sign_speed_limit
30.44342406099986,30427000000,True,True,311,camera_sign_speed_limit,speed_limit_sign,,0.5131413099417552,4420,65,68,392,220,camera_sign_speed_limit
30.455059914999765,30427000000,True,True,312,camera_sign_speed_limit,speed_limit_sign,,0.5141246280285766,4420,65,68,391,220,camera_sign_speed_limit
30.503094294999755,30427000000,True,True,313,camera_sign_speed_limit,speed_limit_sign,,0.5091013970008937,4624,68,68,390,220,camera_sign_speed_limit
30.548101408000548,30528000000,True,True,314,camera_sign_speed_limit,speed_limit_sign,,0.5087711922367377,4692,68,69,389,220,camera_sign_speed_limit
30.59268619500017,30528000000,True,True,315,camera_sign_speed_limit,speed_limit_sign,,0.5063171725807202,4761,69,69,389,220,camera_sign_speed_limit
30.633342330000232,30630000000,True,True,316,camera_sign_speed_limit,speed_limit_sign,,0.5060030974202555,4761,69,69,388,220,camera_sign_speed_limit
30.644104785999843,30630000000,True,True,317,camera_sign_speed_limit,speed_limit_sign,,0.5075720797556198,4830,69,70,387,219,camera_sign_speed_limit
30.669699179999952,30630000000,True,True,318,camera_sign_speed_limit,speed_limit_sign,,0.505796946020667,4900,70,70,386,219,camera_sign_speed_limit
30.72507056700033,30729000000,True,True,319,camera_sign_speed_limit,speed_limit_sign,,0.5066397714678689,4900,70,70,386,219,camera_sign_speed_limit
30.731058016000134,30729000000,True,True,320,camera_sign_speed_limit,speed_limit_sign,,0.5029778293390155,5475,75,73,383,220,camera_sign_speed_limit
30.769950521000283,30729000000,True,True,321,camera_sign_speed_limit,speed_limit_sign,,0.5005852050756963,5767,79,73,383,219,camera_sign_speed_limit
30.804969257000266,30729000000,True,True,322,camera_sign_speed_limit,speed_limit_sign,,0.5064370221702367,5550,75,74,382,219,camera_sign_speed_limit
30.836730087999968,30827000000,True,True,323,camera_sign_speed_limit,speed_limit_sign,,0.5108237780666964,5402,73,74,382,218,camera_sign_speed_limit
30.90229195200027,30827000000,True,True,324,camera_sign_speed_limit,speed_limit_sign,,0.5099221565125017,5476,74,74,381,218,camera_sign_speed_limit
30.907439708999846,30827000000,True,True,325,camera_sign_speed_limit,speed_limit_sign,,0.5121965954658113,5772,74,78,380,218,camera_sign_speed_limit
30.932686928000294,30932000000,True,True,326,camera_sign_speed_limit,speed_limit_sign,,0.5143481248189274,5850,75,78,379,218,camera_sign_speed_limit
30.955711200999758,30932000000,True,True,327,camera_sign_speed_limit,speed_limit_sign,,0.5165696898908109,5925,75,79,378,218,camera_sign_speed_limit
31.002048269000625,30932000000,True,True,328,camera_sign_speed_limit,speed_limit_sign,,0.516992650745011,5925,75,79,377,218,camera_sign_speed_limit
31.033764634999898,31032000000,True,True,329,camera_sign_speed_limit,speed_limit_sign,,0.5140561256277757,6162,78,79,376,218,camera_sign_speed_limit
31.06714966599975,31032000000,True,True,330,camera_sign_speed_limit,speed_limit_sign,,0.5153196769312218,6320,79,80,375,217,camera_sign_speed_limit
31.088376001000142,31032000000,True,True,331,camera_sign_speed_limit,speed_limit_sign,,0.5158550370919655,6320,79,80,374,217,camera_sign_speed_limit
31.12258161600039,31032000000,True,True,332,camera_sign_speed_limit,speed_limit_sign,,0.5172994433163455,6557,79,83,373,217,camera_sign_speed_limit
31.16734713400001,31132000000,True,True,333,camera_sign_speed_limit,speed_limit_sign,,0.5172694697424152,6557,79,83,372,217,camera_sign_speed_limit
31.199736708999808,31132000000,True,True,334,camera_sign_speed_limit,speed_limit_sign,,0.5138321183932729,6972,83,84,371,216,camera_sign_speed_limit
31.22252926500005,31132000000,True,True,335,camera_sign_speed_limit,speed_limit_sign,,0.5143732637593367,6972,83,84,370,216,camera_sign_speed_limit
31.257565876000626,31233000000,True,True,336,camera_sign_speed_limit,speed_limit_sign,,0.514835914685175,7055,83,85,369,216,camera_sign_speed_limit
31.28957567500038,31233000000,True,True,337,camera_sign_speed_limit,speed_limit_sign,,0.5160656697321427,7140,84,85,368,215,camera_sign_speed_limit
31.359304227000393,31333000000,True,True,338,camera_sign_speed_limit,speed_limit_sign,,0.5160653596822135,7392,84,88,367,215,camera_sign_speed_limit
31.366998401000274,31333000000,True,True,339,camera_sign_speed_limit,speed_limit_sign,,0.5167481434515752,7480,85,88,365,215,camera_sign_speed_limit
31.390638382999896,31333000000,True,True,340,camera_sign_speed_limit,speed_limit_sign,,0.5169121604531128,7565,85,89,364,215,camera_sign_speed_limit
31.434018040999945,31435000000,True,True,341,camera_sign_speed_limit,speed_limit_sign,,0.5148880831672394,7832,88,89,363,215,camera_sign_speed_limit
31.477098203999958,31435000000,True,True,342,camera_sign_speed_limit,speed_limit_sign,,0.51500889005452,7920,88,90,362,214,camera_sign_speed_limit
31.499771741000586,31435000000,True,True,343,camera_sign_speed_limit,speed_limit_sign,,0.5165246707353568,8277,89,93,360,214,camera_sign_speed_limit
31.55368197000007,31536000000,True,True,344,camera_sign_speed_limit,speed_limit_sign,,0.5165037594141882,8370,90,93,359,214,camera_sign_speed_limit
31.56538123900009,31536000000,True,True,345,camera_sign_speed_limit,speed_limit_sign,,0.5169106408796632,8460,90,94,357,213,camera_sign_speed_limit
31.588207147000503,31536000000,True,True,346,camera_sign_speed_limit,speed_limit_sign,,0.5142059335484319,8742,93,94,356,213,camera_sign_speed_limit
31.633588204999796,31633000000,True,True,347,camera_sign_speed_limit,speed_limit_sign,,0.5146886774904624,8930,94,95,354,213,camera_sign_speed_limit
31.65856042700034,31633000000,True,True,348,camera_sign_speed_limit,speed_limit_sign,,0.5162309763482007,9310,95,98,353,212,camera_sign_speed_limit
31.725890712000364,31633000000,True,True,349,camera_sign_speed_limit,speed_limit_sign,,0.5127045748855816,9702,98,99,351,212,camera_sign_speed_limit
31.748080573000152,31732000000,True,True,350,camera_sign_speed_limit,speed_limit_sign,,0.5168354356198599,9500,95,100,350,212,camera_sign_speed_limit
31.769197763000193,31732000000,True,True,351,camera_sign_speed_limit,speed_limit_sign,,0.514529583812406,10197,99,103,348,211,camera_sign_speed_limit
31.802110522000476,31732000000,True,True,352,camera_sign_speed_limit,speed_limit_sign,,0.5146272675574575,10197,99,103,347,211,camera_sign_speed_limit
31.822630258000572,31732000000,True,True,353,camera_sign_speed_limit,speed_limit_sign,,0.5146648771685299,10400,100,104,345,211,camera_sign_speed_limit
31.856578979000005,31836000000,True,True,354,camera_sign_speed_limit,speed_limit_sign,,0.5147661694812404,10815,103,105,343,210,camera_sign_speed_limit
31.912276701000337,31836000000,True,True,355,camera_sign_speed_limit,speed_limit_sign,,0.5142045848565363,11232,104,108,342,210,camera_sign_speed_limit
31.923264550000567,31836000000,True,True,356,camera_sign_speed_limit,speed_limit_sign,,0.5155232710813674,11336,104,109,340,209,camera_sign_speed_limit
31.964291494999998,31937000000,True,True,357,camera_sign_speed_limit,speed_limit_sign,,0.516122564891534,11445,105,109,338,209,camera_sign_speed_limit
31.999622801999976,31937000000,True,True,358,camera_sign_speed_limit,speed_limit_sign,,0.5139409781272306,11990,109,110,336,209,camera_sign_speed_limit
32.02992318100041,32039000000,True,True,359,camera_sign_speed_limit,speed_limit_sign,,0.5151136116251457,12317,109,113,334,208,camera_sign_speed_limit
32.067122666000614,32039000000,True,True,360,camera_sign_speed_limit,speed_limit_sign,,0.5152302477235148,12426,109,114,332,208,camera_sign_speed_limit
32.10054279199994,32039000000,True,True,361,camera_sign_speed_limit,speed_limit_sign,,0.513507265705877,12995,113,115,330,207,camera_sign_speed_limit
32.133470450999994,32137000000,True,True,362,camera_sign_speed_limit,speed_limit_sign,,0.5151384304276582,13452,114,118,328,207,camera_sign_speed_limit
32.15831516199978,32137000000,True,True,363,camera_sign_speed_limit,speed_limit_sign,,0.5156591163278516,13566,114,119,325,206,camera_sign_speed_limit
32.20239758400021,32137000000,True,True,364,camera_sign_speed_limit,speed_limit_sign,,0.5133113021256712,14160,118,120,323,206,camera_sign_speed_limit
32.23813653800062,32236000000,True,True,365,camera_sign_speed_limit,speed_limit_sign,,0.5143655814021475,14637,119,123,321,205,camera_sign_speed_limit
32.2693118140005,32236000000,True,True,366,camera_sign_speed_limit,speed_limit_sign,,0.5146855941086558,14880,120,124,319,204,camera_sign_speed_limit
32.30258767899977,32236000000,True,True,367,camera_sign_speed_limit,speed_limit_sign,,0.514163829652723,15621,123,127,316,204,camera_sign_speed_limit
32.33103196200045,32236000000,True,True,368,camera_sign_speed_limit,speed_limit_sign,,0.5147524421460745,15872,124,128,313,203,camera_sign_speed_limit
32.38913345000037,32340000000,True,True,369,camera_sign_speed_limit,speed_limit_sign,,0.5140331616810856,16383,127,129,311,203,camera_sign_speed_limit
32.39530509799988,32340000000,True,True,370,camera_sign_speed_limit,speed_limit_sign,,0.5155300436874447,17157,129,133,308,202,camera_sign_speed_limit
32.45863903500049,32439000000,True,True,371,camera_sign_speed_limit,speed_limit_sign,,0.5143742454489906,17556,132,133,305,201,camera_sign_speed_limit
32.47996129100011,32439000000,True,True,372,camera_sign_speed_limit,speed_limit_sign,,0.5142618523592871,17956,134,134,302,200,camera_sign_speed_limit
32.49260002900064,32439000000,True,True,373,camera_sign_speed_limit,speed_limit_sign,,0.5162215289976521,18492,134,138,299,199,camera_sign_speed_limit
32.545765460999974,32541000000,True,True,374,camera_sign_speed_limit,speed_limit_sign,,0.5149622012584083,19182,138,139,296,197,camera_sign_speed_limit
32.56679450499996,32541000000,True,True,375,camera_sign_speed_limit,speed_limit_sign,,0.5133400721484188,19738,142,139,293,196,camera_sign_speed_limit
32.615369639000164,32541000000,True,True,376,camera_sign_speed_limit,speed_limit_sign,,0.5150848478883543,20449,143,143,289,195,camera_sign_speed_limit
32.63434994399995,32638000000,True,True,377,camera_sign_speed_limit,speed_limit_sign,,0.515314933054367,21609,147,147,286,193,camera_sign_speed_limit
32.66770325500056,32638000000,True,True,378,camera_sign_speed_limit,speed_limit_sign,,0.5147990550895511,21903,149,147,282,192,camera_sign_speed_limit
32.70319565400041,32638000000,True,True,379,camera_sign_speed_limit,speed_limit_sign,,0.5131947504148144,22797,153,149,278,190,camera_sign_speed_limit
32.73559282400038,32738000000,True,True,380,camera_sign_speed_limit,speed_limit_sign,,0.5135696603552841,23562,154,153,275,188,camera_sign_speed_limit
32.78133918000003,32738000000,True,True,381,camera_sign_speed_limit,speed_limit_sign,,0.5113260359431316,24486,159,154,270,187,camera_sign_speed_limit
32.7939971450005,32738000000,True,True,382,camera_sign_speed_limit,speed_limit_sign,,0.5108885709565406,24948,162,154,266,185,camera_sign_speed_limit
32.85714073300005,32841000000,True,True,383,camera_sign_speed_limit,speed_limit_sign,,0.5118911295085591,25912,164,158,262,184,camera_sign_speed_limit
32.863337411999964,32841000000,True,True,384,camera_sign_speed_limit,speed_limit_sign,,0.5119067579295276,27378,169,162,257,182,camera_sign_speed_limit
32.925055359,32841000000,True,True,385,camera_sign_speed_limit,speed_limit_sign,,0.5133216169541078,28372,173,164,252,180,camera_sign_speed_limit
32.93529059100001,32841000000,True,True,386,camera_sign_speed_limit,speed_limit_sign,,0.5153038034615185,29559,177,167,247,178,camera_sign_speed_limit
32.95699677999983,32942000000,True,True,387,camera_sign_speed_limit,speed_limit_sign,,0.5140701791376394,30758,182,169,242,177,camera_sign_speed_limit
33.00128783499986,32942000000,True,True,388,camera_sign_speed_limit,speed_limit_sign,,0.5161403299532108,31832,184,173,236,174,camera_sign_speed_limit
33.03308097599984,32942000000,True,True,389,camera_sign_speed_limit,speed_limit_sign,,0.5136855904485296,33408,192,174,231,172,camera_sign_speed_limit
33.08057527500023,33042000000,True,True,390,camera_sign_speed_limit,speed_limit_sign,,0.5143075003337116,34726,194,179,224,170,camera_sign_speed_limit
33.10462282499975,33042000000,True,True,391,camera_sign_speed_limit,speed_limit_sign,,0.5149526040925367,36417,199,183,218,168,camera_sign_speed_limit
33.1315360640001,33042000000,True,True,392,camera_sign_speed_limit,speed_limit_sign,,0.5146184040665737,38148,204,187,211,166,camera_sign_speed_limit
33.17221398200036,33141000000,True,True,393,camera_sign_speed_limit,speed_limit_sign,,0.5141527963014192,39501,209,189,204,163,camera_sign_speed_limit
33.20382724400042,33141000000,True,True,394,camera_sign_speed_limit,speed_limit_sign,,0.5129035936360644,41904,216,194,197,161,camera_sign_speed_limit
33.22815468200042,33141000000,True,True,395,camera_sign_speed_limit,speed_limit_sign,,0.5136715744641829,43956,222,198,189,158,camera_sign_speed_limit
33.27141605700035,33242000000,True,True,396,camera_sign_speed_limit,speed_limit_sign,,0.5135373952056607,46284,228,203,180,155,camera_sign_speed_limit
33.29103325200049,33242000000,True,True,397,camera_sign_speed_limit,speed_limit_sign,,0.5130743972092161,49296,237,208,172,152,camera_sign_speed_limit
33.36019002500052,33343000000,True,True,398,camera_sign_speed_limit,speed_limit_sign,,0.5131476785806949,52488,243,216,162,148,camera_sign_speed_limit
33.3662491820005,33343000000,True,True,399,camera_sign_speed_limit,speed_limit_sign,,0.5130631806788867,55692,252,221,152,145,camera_sign_speed_limit
33.41375488199992,33343000000,True,True,400,camera_sign_speed_limit,speed_limit_sign,,0.514473095526588,59247,261,227,141,142,camera_sign_speed_limit
33.44572782199975,33444000000,True,True,401,camera_sign_speed_limit,speed_limit_sign,,0.5144803018511889,60568,268,226,130,138,camera_sign_speed_limit
33.47045216200058,33444000000,True,True,402,camera_sign_speed_limit,speed_limit_sign,,0.5040778080509718,59928,264,227,117,133,camera_sign_speed_limit
33.50172853500044,33444000000,True,True,403,camera_sign_speed_limit,speed_limit_sign,,0.5206196757227602,58082,257,226,105,129,camera_sign_speed_limit
33.553515149000305,33540000000,True,True,404,camera_sign_speed_limit,speed_limit_sign,,0.5717117572694018,56025,249,225,91,124,camera_sign_speed_limit
33.57441524099977,33540000000,True,True,405,camera_sign_speed_limit,speed_limit_sign,,0.5575121127819448,53562,237,226,82,119,camera_sign_speed_limit
33.59887975699985,33540000000,True,True,406,camera_sign_speed_limit,speed_limit_sign,,0.5377918147446842,50172,222,226,94,109,camera_sign_speed_limit
33.65143748399987,33642000000,True,True,407,camera_sign_speed_limit,speed_limit_sign,,0.5404569125815578,46556,206,226,90,108,camera_sign_speed_limit
33.67298103699977,33642000000,True,True,408,camera_sign_speed_limit,speed_limit_sign,,0.5521534857493671,41736,188,222,86,111,camera_sign_speed_limit
33.73224268100057,33642000000,True,True,409,camera_sign_speed_limit,speed_limit_sign,,0.5499521649530646,37180,169,220,78,114,camera_sign_speed_limit
33.73824942600004,33642000000,True,True,410,camera_sign_speed_limit,speed_limit_sign,,0.5692631056050652,32184,149,216,68,117,camera_sign_speed_limit
33.76119270900017,33744000000,True,True,411,camera_sign_speed_limit,speed_limit_sign,,0.5775513644194098,26712,126,212,55,119,camera_sign_speed_limit
33.81753787100024,33744000000,True,True,411,camera_sign_speed_limit,speed_limit_sign,,0.5775513644194098,26712,126,212,55,119,camera_sign_speed_limit
33.82936426900051,33744000000,True,True,412,camera_sign_speed_limit,speed_limit_sign,,0.5999004433185395,2132,52,41,15,237,camera_sign_speed_limit
33.893377987999884,33847000000,True,True,413,camera_sign_speed_limit,speed_limit_sign,,0.5837970988370402,546,21,26,6,233,camera_sign_speed_limit
33.898603181,33847000000,True,True,414,camera_sign_speed_limit,speed_limit_sign,,0.514776216458034,897,23,39,50,240,camera_sign_speed_limit
33.925474681000196,33847000000,True,True,415,camera_sign_speed_limit,speed_limit_sign,,0.5169071391656503,1125,25,45,26,240,camera_sign_speed_limit
33.95848183900034,33948000000,True,True,415,camera_sign_speed_limit,speed_limit_sign,,0.5169071391656503,1125,25,45,26,240,camera_sign_speed_limit
34.01463463900018,33948000000,True,True,415,camera_sign_speed_limit,speed_limit_sign,,0.5169071391656503,1125,25,45,26,240,camera_sign_speed_limit
34.03481366200049,33948000000,True,True,415,camera_sign_speed_limit,speed_limit_sign,,0.5169071391656503,1125,25,45,26,240,camera_sign_speed_limit
34.067296403,34049000000,True,True,415,camera_sign_speed_limit,speed_limit_sign,,0.5169071391656503,1125,25,45,26,240,camera_sign_speed_limit
34.11614251799983,34049000000,True,True,415,camera_sign_speed_limit,speed_limit_sign,,0.5169071391656503,1125,25,45,26,240,camera_sign_speed_limit
34.13432999900033,34049000000,True,True,415,camera_sign_speed_limit,speed_limit_sign,,0.5169071391656503,1125,25,45,26,240,camera_sign_speed_limit
34.21149292800055,34150000000,True,True,415,camera_sign_speed_limit,speed_limit_sign,,0.5169071391656503,1125,25,45,26,240,camera_sign_speed_limit
34.21579948599992,34150000000,True,True,415,camera_sign_speed_limit,speed_limit_sign,,0.5169071391656503,1125,25,45,26,240,camera_sign_speed_limit
34.22314160099995,34150000000,True,True,415,camera_sign_speed_limit,speed_limit_sign,,0.5169071391656503,1125,25,45,26,240,camera_sign_speed_limit
34.25701075800043,34250000000,True,True,415,camera_sign_speed_limit,speed_limit_sign,,0.5169071391656503,1125,25,45,26,240,camera_sign_speed_limit
34.29243566600053,34250000000,True,True,415,camera_sign_speed_limit,speed_limit_sign,,0.5169071391656503,1125,25,45,26,240,camera_sign_speed_limit
34.35949515199991,34348000000,True,False,1,camera_sign_turn_right,turn_right_sign,right,0.5127934805930884,650,25,26,318,231,camera_sign_speed_limit
34.37083764399995,34348000000,True,True,2,camera_sign_turn_right,turn_right_sign,right,0.5213322772423061,624,24,26,317,231,camera_sign_speed_limit
34.402423995999925,34348000000,True,True,3,camera_sign_turn_right,turn_right_sign,right,0.5226685658414572,624,24,26,316,231,camera_sign_speed_limit
34.43563173700022,34348000000,True,True,4,camera_sign_turn_right,turn_right_sign,right,0.5196161390892279,650,25,26,316,231,camera_sign_speed_limit
34.4603693680001,34450000000,True,True,5,camera_sign_turn_right,turn_right_sign,right,0.5258983159203261,624,24,26,315,231,camera_sign_speed_limit
34.494623775000036,34450000000,True,True,6,camera_sign_turn_right,turn_right_sign,right,0.5153445529046287,676,26,26,314,231,camera_sign_speed_limit
34.57122585500019,34548000000,True,True,7,camera_sign_turn_right,turn_right_sign,right,0.5217011517977171,650,25,26,314,231,camera_sign_speed_limit
34.60471300000063,34548000000,True,True,8,camera_sign_turn_right,turn_right_sign,right,0.5240762761215083,650,25,26,314,231,camera_sign_speed_limit
34.61035230300058,34548000000,True,True,9,camera_sign_turn_right,turn_right_sign,right,0.5286031563207078,650,25,26,313,231,camera_sign_speed_limit
34.63978785800009,34548000000,True,True,10,camera_sign_turn_right,turn_right_sign,right,0.5235046602772432,676,26,26,312,231,camera_sign_speed_limit
34.67004715500025,34649000000,True,True,11,camera_sign_turn_right,turn_right_sign,right,0.5320433583401449,650,25,26,312,231,camera_sign_speed_limit
34.705361538000034,34649000000,True,True,12,camera_sign_turn_right,turn_right_sign,right,0.5330431066549992,676,26,26,311,231,camera_sign_speed_limit
34.73637500299992,34649000000,True,True,13,camera_sign_turn_right,turn_right_sign,right,0.5282785131450614,676,26,26,310,231,camera_sign_speed_limit
34.76759259000028,34752000000,True,True,14,camera_sign_turn_right,turn_right_sign,right,0.5368221172768073,650,25,26,310,231,camera_sign_speed_limit
34.81414471500011,34752000000,True,True,15,camera_sign_turn_right,turn_right_sign,right,0.5125836665062231,754,29,26,309,231,camera_sign_speed_limit
34.84584611199989,34752000000,True,True,16,camera_sign_turn_right,turn_right_sign,right,0.5355690923538402,676,26,26,308,231,camera_sign_speed_limit
34.88591175900001,34852000000,True,True,17,camera_sign_turn_right,turn_right_sign,right,0.5421315909278667,676,26,26,308,231,camera_sign_speed_limit
34.89132159100063,34852000000,True,True,18,camera_sign_turn_right,turn_right_sign,right,0.5153066261227157,754,29,26,307,231,camera_sign_speed_limit
34.937099105000016,34852000000,True,True,19,camera_sign_turn_right,turn_right_sign,right,0.5196126285436501,754,26,29,306,231,camera_sign_speed_limit
34.97005238800011,34952000000,True,True,20,camera_sign_turn_right,turn_right_sign,right,0.5030718429856526,841,29,29,306,231,camera_sign_speed_limit
35.0168968779999,34952000000,True,True,21,camera_sign_turn_right,turn_right_sign,right,0.5231624187209114,754,26,29,305,231,camera_sign_speed_limit
35.03876050400049,34952000000,True,True,22,camera_sign_turn_right,turn_right_sign,right,0.5082368672501055,841,29,29,304,231,camera_sign_speed_limit
35.09703767600058,35049000000,True,True,23,camera_sign_turn_right,turn_right_sign,right,0.5046663783594018,870,30,29,304,230,camera_sign_speed_limit
35.10542611800065,35049000000,True,True,24,camera_sign_turn_right,turn_right_sign,right,0.5106795884001205,841,29,29,303,231,camera_sign_speed_limit
35.13854015800007,35049000000,True,True,25,camera_sign_turn_right,turn_right_sign,right,0.5170114626470246,841,29,29,302,231,camera_sign_speed_limit
35.1758718330002,35150000000,True,True,26,camera_sign_turn_right,turn_right_sign,right,0.5147637144252989,841,29,29,302,230,camera_sign_speed_limit
35.20689413299988,35150000000,True,True,27,camera_sign_turn_right,turn_right_sign,right,0.5127895308230644,841,29,29,301,230,camera_sign_speed_limit
35.2409351590004,35150000000,True,True,28,camera_sign_turn_right,turn_right_sign,right,0.5151805371002353,870,30,29,300,230,camera_sign_speed_limit
35.26308982400042,35251000000,True,True,29,camera_sign_turn_right,turn_right_sign,right,0.512822966422971,899,31,29,299,230,camera_sign_speed_limit
35.30836583400014,35251000000,True,True,30,camera_sign_turn_right,turn_right_sign,right,0.5138170799320244,870,30,29,298,230,camera_sign_speed_limit
35.34992798900021,35353000000,True,True,31,camera_sign_turn_right,turn_right_sign,right,0.5193683758497252,870,30,29,298,231,camera_sign_speed_limit
35.36982890800027,35353000000,True,True,32,camera_sign_turn_right,turn_right_sign,right,0.5213577902159234,870,30,29,297,230,camera_sign_speed_limit
35.393660552000256,35353000000,True,True,33,camera_sign_turn_right,turn_right_sign,right,0.5214081100894185,900,30,30,296,230,camera_sign_speed_limit
35.44932159500058,35353000000,True,True,34,camera_sign_turn_right,turn_right_sign,right,0.5153629951404192,930,31,30,295,230,camera_sign_speed_limit
35.46303503800027,35450000000,True,True,35,camera_sign_turn_right,turn_right_sign,right,0.5167908055292469,930,31,30,295,230,camera_sign_speed_limit
35.50999747100013,35450000000,True,True,36,camera_sign_turn_right,turn_right_sign,right,0.5192819841112734,930,31,30,294,230,camera_sign_speed_limit
35.52970126299988,35450000000,True,True,37,camera_sign_turn_right,turn_right_sign,right,0.5215265320056899,930,31,30,293,230,camera_sign_speed_limit
35.585172810000586,35552000000,True,True,38,camera_sign_turn_right,turn_right_sign,right,0.5235473439637219,930,31,30,292,230,camera_sign_speed_limit
35.60690732800049,35552000000,True,True,39,camera_sign_turn_right,turn_right_sign,right,0.5271337039323354,930,31,30,291,230,camera_sign_speed_limit
35.67352484799994,35653000000,True,True,40,camera_sign_turn_right,turn_right_sign,right,0.523779457595436,930,31,30,291,230,camera_sign_speed_limit
35.678993999999875,35653000000,True,True,41,camera_sign_turn_right,turn_right_sign,right,0.5101209038779122,1020,34,30,290,230,camera_sign_speed_limit
35.7067809250002,35653000000,True,True,42,camera_sign_turn_right,turn_right_sign,right,0.5106441209446446,1020,34,30,289,230,camera_sign_speed_limit
35.73044265899989,35653000000,True,True,43,camera_sign_turn_right,turn_right_sign,right,0.5148131580207481,1020,34,30,288,230,camera_sign_speed_limit
35.78909075499996,35752000000,True,True,44,camera_sign_turn_right,turn_right_sign,right,0.513153247575938,1020,34,30,287,230,camera_sign_speed_limit
35.80816047400003,35752000000,True,True,45,camera_sign_turn_right,turn_right_sign,right,0.5130628119713235,1020,34,30,286,229,camera_sign_speed_limit
35.84196971300025,35752000000,True,True,46,camera_sign_turn_right,turn_right_sign,right,0.5056676683619274,1085,35,31,285,230,camera_sign_speed_limit
35.8757820740002,35853000000,True,True,47,camera_sign_turn_right,turn_right_sign,right,0.5106439924040583,1085,35,31,285,230,camera_sign_speed_limit
35.90970416100026,35853000000,True,True,48,camera_sign_turn_right,turn_right_sign,right,0.5087848635851469,1085,35,31,284,229,camera_sign_speed_limit
36.00689742299983,35954000000,True,True,49,camera_sign_turn_right,turn_right_sign,right,0.5096073081762509,1085,35,31,283,229,camera_sign_speed_limit
36.01820161700016,35954000000,True,True,50,camera_sign_turn_right,turn_right_sign,right,0.5106822688317791,1116,36,31,282,229,camera_sign_speed_limit
36.02952849600024,35954000000,True,True,51,camera_sign_turn_right,turn_right_sign,right,0.5110191013318475,1116,36,31,281,229,camera_sign_speed_limit
36.03992127299989,35954000000,True,True,52,camera_sign_turn_right,turn_right_sign,right,0.5119654536625945,1116,36,31,280,229,camera_sign_speed_limit
36.0764619090005,36056000000,True,True,53,camera_sign_turn_right,turn_right_sign,right,0.5153455175711004,1116,36,31,279,229,camera_sign_speed_limit
36.106123231999845,36056000000,True,True,54,camera_sign_turn_right,turn_right_sign,right,0.5170521060912877,1116,36,31,278,229,camera_sign_speed_limit
36.145862104000116,36056000000,True,True,55,camera_sign_turn_right,turn_right_sign,right,0.5053623306103519,1209,39,31,277,229,camera_sign_speed_limit
36.243281971000215,36154000000,True,True,56,camera_sign_turn_right,turn_right_sign,right,0.5069595160832855,1209,39,31,277,229,camera_sign_speed_limit
36.247791108000456,36154000000,True,True,57,camera_sign_turn_right,turn_right_sign,right,0.507330006062798,1209,39,31,276,229,camera_sign_speed_limit
36.266670312000315,36253000000,True,True,58,camera_sign_turn_right,turn_right_sign,right,0.49210909274370757,1326,39,34,275,229,camera_sign_speed_limit
36.276098068000465,36253000000,True,True,59,camera_sign_turn_right,turn_right_sign,right,0.4963139952025108,1326,39,34,274,229,camera_sign_speed_limit
36.298245673000565,36253000000,True,True,60,camera_sign_turn_right,turn_right_sign,right,0.4950655823807158,1326,39,34,273,229,camera_sign_speed_limit
36.366756354000245,36356000000,True,True,61,camera_sign_turn_right,turn_right_sign,right,0.49413672456152335,1360,40,34,272,229,camera_sign_speed_limit
36.371733429000415,36356000000,True,True,62,camera_sign_turn_right,turn_right_sign,right,0.4973181793253388,1360,40,34,271,229,camera_sign_speed_limit
36.404312202000256,36356000000,True,True,63,camera_sign_turn_right,turn_right_sign,right,0.49953797392837873,1360,40,34,270,229,camera_sign_speed_limit
36.46516993500063,36456000000,True,True,64,camera_sign_turn_right,turn_right_sign,right,0.5014810726999374,1360,40,34,269,229,camera_sign_speed_limit
36.473868089999996,36456000000,True,True,65,camera_sign_turn_right,turn_right_sign,right,0.5028602100913874,1360,40,34,268,229,camera_sign_speed_limit
36.4982611610003,36456000000,True,True,66,camera_sign_turn_right,turn_right_sign,right,0.49794221628680746,1394,41,34,267,228,camera_sign_speed_limit
36.5289744290003,36456000000,True,True,67,camera_sign_turn_right,turn_right_sign,right,0.49864629681455014,1394,41,34,266,228,camera_sign_speed_limit
36.57354270700034,36558000000,True,True,68,camera_sign_turn_right,turn_right_sign,right,0.5020724748509986,1394,41,34,265,228,camera_sign_speed_limit
36.61802392000027,36558000000,True,True,69,camera_sign_turn_right,turn_right_sign,right,0.4973603134181726,1435,41,35,264,228,camera_sign_speed_limit
36.64531192600043,36558000000,True,True,70,camera_sign_turn_right,turn_right_sign,right,0.4914471086089013,1540,44,35,263,228,camera_sign_speed_limit
36.67373906600005,36659000000,True,True,71,camera_sign_turn_right,turn_right_sign,right,0.4929909222399769,1540,44,35,262,228,camera_sign_speed_limit
36.729933506000634,36659000000,True,True,72,camera_sign_turn_right,turn_right_sign,right,0.49003167421556326,1575,45,35,261,228,camera_sign_speed_limit
36.73514842900022,36659000000,True,True,73,camera_sign_turn_right,turn_right_sign,right,0.4912819549333579,1575,45,35,260,228,camera_sign_speed_limit
36.79803960400022,36756000000,True,True,74,camera_sign_turn_right,turn_right_sign,right,0.4929937938466601,1575,45,35,258,228,camera_sign_speed_limit
36.80314565200024,36756000000,True,True,75,camera_sign_turn_right,turn_right_sign,right,0.4934897556111741,1575,45,35,257,228,camera_sign_speed_limit
36.85355811000045,36756000000,True,True,76,camera_sign_turn_right,turn_right_sign,right,0.49634211510197307,1575,45,35,256,228,camera_sign_speed_limit
36.88699399699999,36856000000,True,True,77,camera_sign_turn_right,turn_right_sign,right,0.4877239363532147,1680,48,35,255,228,camera_sign_speed_limit
36.89614782999979,36856000000,True,True,78,camera_sign_turn_right,turn_right_sign,right,0.4853244766804199,1728,48,36,254,228,camera_sign_speed_limit
36.974854764000156,36957000000,True,True,79,camera_sign_turn_right,turn_right_sign,right,0.4875981319679763,1728,48,36,253,228,camera_sign_speed_limit
36.98088538000047,36957000000,True,True,80,camera_sign_turn_right,turn_right_sign,right,0.4865008322872216,1764,49,36,252,228,camera_sign_speed_limit
36.99745902799987,36957000000,True,True,81,camera_sign_turn_right,turn_right_sign,right,0.488771542422458,1764,49,36,251,227,camera_sign_speed_limit
37.0404107129998,36957000000,True,True,82,camera_sign_turn_right,turn_right_sign,right,0.49137626161162873,1764,49,36,250,227,camera_sign_speed_limit
37.06407946000036,37059000000,True,True,83,camera_sign_turn_right,turn_right_sign,right,0.4887820473251463,1800,50,36,248,227,camera_sign_speed_limit
37.09789083400028,37059000000,True,True,84,camera_sign_turn_right,turn_right_sign,right,0.48920192322783146,1800,50,36,247,227,camera_sign_speed_limit
37.18681678299981,37159000000,True,True,85,camera_sign_turn_right,turn_right_sign,right,0.49453383113451893,1764,49,36,246,227,camera_sign_speed_limit
37.19235978500001,37159000000,True,True,86,camera_sign_turn_right,turn_right_sign,right,0.4927019212401948,1800,50,36,244,227,camera_sign_speed_limit
37.21889253600057,37159000000,True,True,87,camera_sign_turn_right,turn_right_sign,right,0.48129207981053823,1950,50,39,243,227,camera_sign_speed_limit
37.239177329000086,37159000000,True,True,88,camera_sign_turn_right,turn_right_sign,right,0.47545780595693155,2067,53,39,242,227,camera_sign_speed_limit
37.272364497000126,37261000000,True,True,89,camera_sign_turn_right,turn_right_sign,right,0.4769284957303487,2067,53,39,241,227,camera_sign_speed_limit
37.29392597600054,37261000000,True,True,90,camera_sign_turn_right,turn_right_sign,right,0.47935606650088786,2067,53,39,239,227,camera_sign_speed_limit
37.339824403999955,37261000000,True,True,91,camera_sign_turn_right,turn_right_sign,right,0.47911661667068356,2106,54,39,238,227,camera_sign_speed_limit
37.37400708200039,37361000000,True,True,92,camera_sign_turn_right,turn_right_sign,right,0.48189802735398557,2067,53,39,237,227,camera_sign_speed_limit
37.395621980000215,37361000000,True,True,93,camera_sign_turn_right,turn_right_sign,right,0.48144629751309437,2106,54,39,236,227,camera_sign_speed_limit
37.43034181500025,37361000000,True,True,94,camera_sign_turn_right,turn_right_sign,right,0.4854521054184391,2106,54,39,234,227,camera_sign_speed_limit
37.47648846700031,37461000000,True,True,95,camera_sign_turn_right,turn_right_sign,right,0.4772969010578492,2200,55,40,233,226,camera_sign_speed_limit
37.53217726300045,37461000000,True,True,96,camera_sign_turn_right,turn_right_sign,right,0.47302395064842184,2320,58,40,232,226,camera_sign_speed_limit
37.55390157700003,37461000000,True,True,97,camera_sign_turn_right,turn_right_sign,right,0.48177393333962615,2200,55,40,230,226,camera_sign_speed_limit
37.578384719000496,37561000000,True,True,98,camera_sign_turn_right,turn_right_sign,right,0.48396851053897383,2200,55,40,229,226,camera_sign_speed_limit
37.632283674000064,37561000000,True,True,99,camera_sign_turn_right,turn_right_sign,right,0.4772961149046059,2320,58,40,228,226,camera_sign_speed_limit
37.63732623299984,37561000000,True,True,100,camera_sign_turn_right,turn_right_sign,right,0.4867409014894435,2200,55,40,226,226,camera_sign_speed_limit
37.66659322099986,37661000000,True,True,101,camera_sign_turn_right,turn_right_sign,right,0.48121359786887197,2320,58,40,224,226,camera_sign_speed_limit
37.70660266100003,37661000000,True,True,102,camera_sign_turn_right,turn_right_sign,right,0.4795580496213294,2378,58,41,223,226,camera_sign_speed_limit
37.72788635100005,37661000000,True,True,103,camera_sign_turn_right,turn_right_sign,right,0.47743682147415173,2419,59,41,222,226,camera_sign_speed_limit
37.776985729000444,37764000000,True,True,104,camera_sign_turn_right,turn_right_sign,right,0.48195323685546776,2419,59,41,221,226,camera_sign_speed_limit
37.81767715600017,37764000000,True,True,105,camera_sign_turn_right,turn_right_sign,right,0.4797562375319947,2419,59,41,221,226,camera_sign_speed_limit
37.82958410900028,37764000000,True,True,106,camera_sign_turn_right,turn_right_sign,right,0.4778765966914142,2419,59,41,224,226,camera_sign_speed_limit
37.87625876000038,37864000000,True,True,107,camera_sign_turn_right,turn_right_sign,right,0.4803754145872886,2378,58,41,227,226,camera_sign_speed_limit
37.931658266999875,37864000000,True,True,108,camera_sign_turn_right,turn_right_sign,right,0.48031189056416734,2360,59,40,232,226,camera_sign_speed_limit
37.93875861300057,37864000000,True,True,109,camera_sign_turn_right,turn_right_sign,right,0.48733702915370486,2200,55,40,238,226,camera_sign_speed_limit
37.97499894300017,37964000000,True,True,110,camera_sign_turn_right,turn_right_sign,right,0.48400962112978146,2200,55,40,244,226,camera_sign_speed_limit
38.02008831200055,37964000000,True,True,111,camera_sign_turn_right,turn_right_sign,right,0.484600563500834,2145,55,39,249,227,camera_sign_speed_limit
38.06115658700037,37964000000,True,True,112,camera_sign_turn_right,turn_right_sign,right,0.48517292043504134,2106,54,39,254,227,camera_sign_speed_limit
38.10652320900044,38067000000,True,True,113,camera_sign_turn_right,turn_right_sign,right,0.4839979122852318,2067,53,39,259,227,camera_sign_speed_limit
38.117364552000254,38067000000,True,True,114,camera_sign_turn_right,turn_right_sign,right,0.5025235804713355,1800,50,36,265,227,camera_sign_speed_limit
38.154991032,38067000000,True,True,115,camera_sign_turn_right,turn_right_sign,right,0.5024647169576673,1764,49,36,272,228,camera_sign_speed_limit
38.186678465000114,38163000000,True,True,116,camera_sign_turn_right,turn_right_sign,right,0.49939136164363895,1728,48,36,279,228,camera_sign_speed_limit
38.196803718999945,38163000000,True,True,117,camera_sign_turn_right,turn_right_sign,right,0.5107119485209045,1540,44,35,287,228,camera_sign_speed_limit
38.26456178199987,38163000000,True,True,118,camera_sign_turn_right,turn_right_sign,right,0.515525776809561,1435,41,35,296,229,camera_sign_speed_limit
38.286166130999845,38265000000,True,True,119,camera_sign_turn_right,turn_right_sign,right,0.5185050737375058,1360,40,34,305,229,camera_sign_speed_limit
38.308912461000546,38265000000,True,True,120,camera_sign_turn_right,turn_right_sign,right,0.5052824816472778,1326,39,34,314,229,camera_sign_speed_limit
38.33083079100015,38265000000,True,True,121,camera_sign_turn_right,turn_right_sign,right,0.5332233730990331,1116,36,31,324,230,camera_sign_speed_limit
38.38675414699992,38367000000,True,True,122,camera_sign_turn_right,turn_right_sign,right,0.5154425951295797,1085,35,31,334,230,camera_sign_speed_limit
38.39789171099983,38367000000,True,True,123,camera_sign_turn_right,turn_right_sign,right,0.5139224311438112,1020,34,30,344,230,camera_sign_speed_limit
38.43027791999975,38367000000,True,True,124,camera_sign_turn_right,turn_right_sign,right,0.5172898327065745,930,31,30,354,230,camera_sign_speed_limit
38.47684912800014,38466000000,True,True,125,camera_sign_turn_right,turn_right_sign,right,0.5098876802659793,900,30,30,363,230,camera_sign_speed_limit
38.497814395000205,38466000000,True,True,126,camera_sign_turn_right,turn_right_sign,right,0.510096190341607,841,29,29,373,230,camera_sign_speed_limit
38.550760955999976,38466000000,True,True,127,camera_sign_turn_right,turn_right_sign,right,0.5162813033022735,754,26,29,381,231,camera_sign_speed_limit
38.574960078000004,38567000000,True,True,128,camera_sign_turn_right,turn_right_sign,right,0.5059651371820617,754,29,26,390,231,camera_sign_speed_limit
38.61073846199997,38567000000,True,True,129,camera_sign_turn_right,turn_right_sign,right,0.5125438118579796,676,26,26,399,231,camera_sign_speed_limit
38.64017623700056,38567000000,True,True,130,camera_sign_turn_right,turn_right_sign,right,0.5184613171457645,650,25,26,408,231,camera_sign_speed_limit
38.664961176999896,38567000000,True,True,131,camera_sign_turn_right,turn_right_sign,right,0.5204859459507073,624,24,26,416,231,camera_sign_speed_limit
38.72293378700033,38668000000,True,True,132,camera_sign_turn_right,turn_right_sign,right,0.5066454026256058,624,24,26,424,231,camera_sign_speed_limit
38.74477574299999,38668000000,True,True,133,camera_sign_turn_right,turn_right_sign,right,0.5091549009088405,598,23,26,432,231,camera_sign_speed_limit
38.76554178200058,38668000000,True,True,133,camera_sign_turn_right,turn_right_sign,right,0.5091549009088405,598,23,26,432,231,camera_sign_speed_limit
38.80723029599994,38768000000,True,True,133,camera_sign_turn_right,turn_right_sign,right,0.5091549009088405,598,23,26,432,231,camera_sign_speed_limit
38.8526726959999,38768000000,True,True,133,camera_sign_turn_right,turn_right_sign,right,0.5091549009088405,598,23,26,432,231,camera_sign_speed_limit
38.87686105600005,38867000000,True,False,1,camera_sign_speed_limit,speed_limit_sign,,0.32683714013829934,3075,41,75,29,264,camera_sign_speed_limit
38.906357763000415,38867000000,True,False,1,camera_sign_speed_limit,speed_limit_sign,,0.32683714013829934,3075,41,75,29,264,camera_sign_speed_limit
38.93906045899985,38867000000,True,False,1,camera_sign_speed_limit,speed_limit_sign,,0.32683714013829934,3075,41,75,29,264,camera_sign_speed_limit
38.966353669000455,38867000000,True,False,1,camera_sign_speed_limit,speed_limit_sign,,0.32683714013829934,3075,41,75,29,264,camera_sign_speed_limit
39.03395200600062,38967000000,True,False,1,camera_sign_speed_limit,speed_limit_sign,,0.32683714013829934,3075,41,75,29,264,camera_sign_speed_limit
39.04113411600065,38967000000,True,False,1,camera_sign_speed_limit,speed_limit_sign,,0.32683714013829934,3075,41,75,29,264,camera_sign_speed_limit
39.07439003400032,39070000000,True,False,1,camera_sign_speed_limit,speed_limit_sign,,0.32683714013829934,3075,41,75,29,264,camera_sign_speed_limit
39.12360642800013,39070000000,True,False,1,camera_sign_turn_right,turn_right_sign,right,0.4980683213167505,624,24,26,506,231,camera_sign_speed_limit
39.14333686700047,39070000000,True,True,2,camera_sign_turn_right,turn_right_sign,right,0.5065140913857078,598,23,26,512,231,camera_sign_speed_limit
39.17512019100013,39170000000,True,True,3,camera_sign_turn_right,turn_right_sign,right,0.5076192683919357,598,23,26,518,231,camera_sign_speed_limit
39.20863989600002,39170000000,True,True,4,camera_sign_turn_right,turn_right_sign,right,0.5118785494148909,624,24,26,523,231,camera_sign_speed_limit
39.237581807000424,39170000000,True,True,5,camera_sign_turn_right,turn_right_sign,right,0.49970288487719816,650,25,26,528,231,camera_sign_speed_limit
39.30290374000015,39272000000,True,True,6,camera_sign_turn_right,turn_right_sign,right,0.5016669797875097,650,25,26,534,231,camera_sign_speed_limit
39.31978897699992,39272000000,True,True,7,camera_sign_turn_right,turn_right_sign,right,0.503408191325606,696,24,29,539,231,camera_sign_speed_limit
39.33087105600043,39272000000,True,True,8,camera_sign_turn_right,turn_right_sign,right,0.5104676451961159,696,24,29,544,231,camera_sign_speed_limit
39.365103293000175,39272000000,True,True,9,camera_sign_turn_right,turn_right_sign,right,0.5034330594268668,725,25,29,549,231,camera_sign_speed_limit
39.4217983210001,39369000000,True,True,10,camera_sign_turn_right,turn_right_sign,right,0.513017151046033,725,25,29,554,230,camera_sign_speed_limit
39.45454527000038,39369000000,True,True,11,camera_sign_turn_right,turn_right_sign,right,0.5093294655956596,754,26,29,558,231,camera_sign_speed_limit
39.47738028100048,39469000000,True,True,12,camera_sign_turn_right,turn_right_sign,right,0.5182716030184731,780,26,30,563,230,camera_sign_speed_limit
39.51068272700013,39469000000,True,True,13,camera_sign_turn_right,turn_right_sign,right,0.4952124149833433,870,29,30,567,230,camera_sign_speed_limit
39.56634394200046,39469000000,True,True,14,camera_sign_turn_right,turn_right_sign,right,0.4943981629782647,870,29,30,571,230,camera_sign_speed_limit
39.588170869999885,39568000000,True,True,15,camera_sign_turn_right,turn_right_sign,right,0.4915365779984132,900,30,30,575,230,camera_sign_speed_limit
39.63259100899995,39568000000,True,True,16,camera_sign_turn_right,turn_right_sign,right,0.5066444677198436,870,29,30,578,230,camera_sign_speed_limit
39.642814769000324,39568000000,True,True,17,camera_sign_turn_right,turn_right_sign,right,0.509474420798521,930,30,31,582,230,camera_sign_speed_limit
39.67710122800054,39669000000,True,True,18,camera_sign_turn_right,turn_right_sign,right,0.5192231357581426,930,30,31,586,230,camera_sign_speed_limit
39.71138579200033,39669000000,True,True,19,camera_sign_turn_right,turn_right_sign,right,0.5155863355880481,930,30,31,589,230,camera_sign_speed_limit
39.74444688499989,39669000000,True,True,20,camera_sign_turn_right,turn_right_sign,right,0.5192873974859171,961,31,31,592,229,camera_sign_speed_limit
39.7681712170006,39669000000,True,True,21,camera_sign_turn_right,turn_right_sign,right,0.520209723025413,961,31,31,595,230,camera_sign_speed_limit
39.83444643799976,39767000000,True,True,22,camera_sign_turn_right,turn_right_sign,right,0.5172231963815623,1054,31,34,598,229,camera_sign_speed_limit
39.84431443700032,39767000000,True,True,23,camera_sign_turn_right,turn_right_sign,right,0.5012793585836536,1156,34,34,601,229,camera_sign_speed_limit
39.89032167700043,39869000000,True,True,24,camera_sign_turn_right,turn_right_sign,right,0.49428940330234405,1190,35,34,604,229,camera_sign_speed_limit
39.921523325000635,39869000000,True,True,25,camera_sign_turn_right,turn_right_sign,right,0.5112036506623543,1156,34,34,606,229,camera_sign_speed_limit
39.95115837100002,39869000000,True,True,26,camera_sign_turn_right,turn_right_sign,right,0.4981996226580101,1190,35,34,608,229,camera_sign_speed_limit
39.96439290200033,39869000000,True,True,27,camera_sign_turn_right,turn_right_sign,right,0.4912000915698842,1260,35,36,610,229,camera_sign_speed_limit
40.02101242400022,39974000000,True,True,28,camera_sign_turn_right,turn_right_sign,right,0.4936973294849961,1296,36,36,612,229,camera_sign_speed_limit
40.0304902580001,39974000000,True,True,29,camera_sign_turn_right,turn_right_sign,right,0.5019022264592135,1260,35,36,614,229,camera_sign_speed_limit
40.088705875000414,40073000000,True,True,30,camera_sign_turn_right,turn_right_sign,right,0.5084738962610937,1260,35,36,616,229,camera_sign_speed_limit
40.09818619500038,40073000000,True,True,31,camera_sign_turn_right,turn_right_sign,right,0.4838676027093949,1404,39,36,617,229,camera_sign_speed_limit
40.14355295200039,40073000000,True,True,32,camera_sign_turn_right,turn_right_sign,right,0.5042568522712554,1296,36,36,618,228,camera_sign_speed_limit
40.186483340999985,40172000000,True,True,33,camera_sign_turn_right,turn_right_sign,right,0.4822881395991053,1440,40,36,619,229,camera_sign_speed_limit
40.210678019000625,40172000000,True,True,34,camera_sign_turn_right,turn_right_sign,right,0.47899928663925234,1560,40,39,621,228,camera_sign_speed_limit
40.24250253599985,40172000000,True,True,35,camera_sign_turn_right,turn_right_sign,right,0.48024549603992256,1560,40,39,622,228,camera_sign_speed_limit
40.26687845000015,40172000000,True,True,36,camera_sign_turn_right,turn_right_sign,right,0.4898981164800044,1521,39,39,623,228,camera_sign_speed_limit
40.31104383999991,40271000000,True,True,37,camera_sign_turn_right,turn_right_sign,right,0.4947933584986091,1521,39,39,624,228,camera_sign_speed_limit
40.35510790799981,40271000000,True,True,38,camera_sign_turn_right,turn_right_sign,right,0.4983754653354275,1521,39,39,625,228,camera_sign_speed_limit
40.37815467400014,40371000000,True,True,39,camera_sign_turn_right,turn_right_sign,right,0.4890542007019344,1521,39,39,625,228,camera_sign_speed_limit
40.40118574999997,40371000000,True,True,40,camera_sign_turn_right,turn_right_sign,right,0.49971633666921567,1521,39,39,626,228,camera_sign_speed_limit
40.44727746799981,40371000000,True,True,41,camera_sign_turn_right,turn_right_sign,right,0.48408498493193414,1599,41,39,626,228,camera_sign_speed_limit
40.47993013799987,40472000000,True,True,42,camera_sign_turn_right,turn_right_sign,right,0.501054623182634,1521,39,39,627,228,camera_sign_speed_limit
40.51174698700015,40472000000,True,True,43,camera_sign_turn_right,turn_right_sign,right,0.4957502869132064,1600,40,40,627,228,camera_sign_speed_limit
40.54450694099978,40472000000,True,True,44,camera_sign_turn_right,turn_right_sign,right,0.49270190183236495,1600,40,40,627,228,camera_sign_speed_limit
40.56956071700006,40472000000,True,True,45,camera_sign_turn_right,turn_right_sign,right,0.5017415122226402,1560,39,40,628,228,camera_sign_speed_limit
40.613130866000574,40572000000,True,True,46,camera_sign_turn_right,turn_right_sign,right,0.5008339372013897,1560,39,40,628,228,camera_sign_speed_limit
40.64447456200014,40572000000,True,True,47,camera_sign_turn_right,turn_right_sign,right,0.4994249695075608,1600,40,40,628,228,camera_sign_speed_limit
40.67608548099997,40572000000,True,True,48,camera_sign_turn_right,turn_right_sign,right,0.4983558718276016,1600,40,40,628,228,camera_sign_speed_limit
40.73000692400001,40676000000,True,True,49,camera_sign_turn_right,turn_right_sign,right,0.496966414575453,1600,40,40,628,228,camera_sign_speed_limit
40.73920874400028,40676000000,True,True,50,camera_sign_turn_right,turn_right_sign,right,0.49781948937023657,1600,40,40,628,228,camera_sign_speed_limit
40.77208975600024,40676000000,True,True,51,camera_sign_turn_right,turn_right_sign,right,0.4993783264100048,1600,40,40,629,227,camera_sign_speed_limit
40.84011815000031,40779000000,True,True,52,camera_sign_turn_right,turn_right_sign,right,0.49737310908738297,1600,40,40,629,227,camera_sign_speed_limit
40.851239349000025,40779000000,True,True,53,camera_sign_turn_right,turn_right_sign,right,0.49813547618658127,1600,40,40,629,227,camera_sign_speed_limit
40.885808271000315,40877000000,True,True,54,camera_sign_turn_right,turn_right_sign,right,0.4982599645241113,1600,40,40,629,227,camera_sign_speed_limit
40.895185223000226,40877000000,True,True,55,camera_sign_turn_right,turn_right_sign,right,0.5055421897574711,1640,40,41,629,227,camera_sign_speed_limit
40.963837369999965,40877000000,True,True,56,camera_sign_turn_right,turn_right_sign,right,0.5066766834944961,1640,40,41,629,227,camera_sign_speed_limit
40.974664029999985,40877000000,True,True,57,camera_sign_turn_right,turn_right_sign,right,0.5069094212508054,1640,40,41,629,227,camera_sign_speed_limit
41.036158785000225,40976000000,True,True,58,camera_sign_turn_right,turn_right_sign,right,0.5051831522855031,1640,40,41,629,227,camera_sign_speed_limit
41.058540899000036,40976000000,True,True,59,camera_sign_turn_right,turn_right_sign,right,0.5065732095654103,1640,40,41,629,227,camera_sign_speed_limit
41.09031388299991,41076000000,True,True,60,camera_sign_turn_right,turn_right_sign,right,0.5053445225228765,1640,40,41,629,227,camera_sign_speed_limit
41.13285610500043,41076000000,True,True,61,camera_sign_turn_right,turn_right_sign,right,0.50618840933034,1640,40,41,629,227,camera_sign_speed_limit
41.143508562000534,41076000000,True,True,62,camera_sign_turn_right,turn_right_sign,right,0.5041819518074506,1640,40,41,629,227,camera_sign_speed_limit
41.16803679900022,41076000000,True,True,63,camera_sign_turn_right,turn_right_sign,right,0.5032468741175208,1640,40,41,629,227,camera_sign_speed_limit
41.23466329100029,41176000000,True,True,64,camera_sign_turn_right,turn_right_sign,right,0.5028555375887706,1640,40,41,629,227,camera_sign_speed_limit
41.25741229400046,41176000000,True,True,65,camera_sign_turn_right,turn_right_sign,right,0.5010611060726348,1681,41,41,630,227,camera_sign_speed_limit
41.279183149000346,41176000000,True,True,66,camera_sign_turn_right,turn_right_sign,right,0.4982130117030253,1681,41,41,630,227,camera_sign_speed_limit
41.30708504100039,41273000000,True,True,67,camera_sign_turn_right,turn_right_sign,right,0.5033260609572978,1760,40,44,630,227,camera_sign_speed_limit
41.36810326900013,41273000000,True,True,68,camera_sign_turn_right,turn_right_sign,right,0.49989160377229247,1804,41,44,630,227,camera_sign_speed_limit
41.390303390000554,41373000000,True,True,69,camera_sign_turn_right,turn_right_sign,right,0.49837803103219136,1804,41,44,631,227,camera_sign_speed_limit
41.413753326000005,41373000000,True,True,70,camera_sign_turn_right,turn_right_sign,right,0.4983162300731195,1804,41,44,631,226,camera_sign_speed_limit
41.43436635600028,41373000000,True,True,71,camera_sign_turn_right,turn_right_sign,right,0.5028925347532509,1804,41,44,631,227,camera_sign_speed_limit
41.47869411700049,41373000000,True,True,72,camera_sign_turn_right,turn_right_sign,right,0.499948278217992,1804,41,44,632,227,camera_sign_speed_limit
41.514720399,41474000000,True,True,73,camera_sign_turn_right,turn_right_sign,right,0.4877908573606112,1936,44,44,632,227,camera_sign_speed_limit
41.53785835800045,41474000000,True,True,74,camera_sign_turn_right,turn_right_sign,right,0.50546109395491,1804,41,44,633,226,camera_sign_speed_limit
41.58009692700034,41573000000,True,True,75,camera_sign_turn_right,turn_right_sign,right,0.5018818070326977,1804,41,44,633,227,camera_sign_speed_limit
41.6020569250004,41573000000,True,True,76,camera_sign_turn_right,turn_right_sign,right,0.5078260204329607,1845,41,45,634,226,camera_sign_speed_limit
41.670773044999805,41573000000,True,True,77,camera_sign_turn_right,turn_right_sign,right,0.5035421809903755,1845,41,45,634,226,camera_sign_speed_limit
41.741651807999915,41674000000,True,True,78,camera_sign_turn_right,turn_right_sign,right,0.5102638306082091,1845,41,45,635,226,camera_sign_speed_limit
41.76264543600064,41674000000,True,True,79,camera_sign_turn_right,turn_right_sign,right,0.4947943463640571,1980,44,45,635,226,camera_sign_speed_limit
41.773624664000636,41674000000,True,True,80,camera_sign_turn_right,turn_right_sign,right,0.5102017573615374,1845,41,45,636,226,camera_sign_speed_limit
41.780058189000556,41674000000,True,True,81,camera_sign_turn_right,turn_right_sign,right,0.4951867662972644,1980,44,45,636,226,camera_sign_speed_limit
41.84382669800016,41774000000,True,True,82,camera_sign_turn_right,turn_right_sign,right,0.499500350651089,1980,44,45,637,226,camera_sign_speed_limit
41.85404902499977,41774000000,True,True,83,camera_sign_turn_right,turn_right_sign,right,0.48971946117162,2112,44,48,638,226,camera_sign_speed_limit
41.89537896300044,41871000000,True,True,84,camera_sign_turn_right,turn_right_sign,right,0.4919465497429144,2112,44,48,638,226,camera_sign_speed_limit
41.90413408400036,41871000000,True,True,85,camera_sign_turn_right,turn_right_sign,right,0.49510180405442034,2112,44,48,639,226,camera_sign_speed_limit
41.948258688999886,41871000000,True,True,86,camera_sign_turn_right,turn_right_sign,right,0.4984692049946073,2112,44,48,640,226,camera_sign_speed_limit
42.00468509700022,41973000000,True,True,87,camera_sign_turn_right,turn_right_sign,right,0.494366272843069,2160,45,48,641,225,camera_sign_speed_limit
42.02079555599994,41973000000,True,True,88,camera_sign_turn_right,turn_right_sign,right,0.4950569331135202,2160,45,48,642,226,camera_sign_speed_limit
42.05894034999983,41973000000,True,True,89,camera_sign_turn_right,turn_right_sign,right,0.49749855107239777,2160,45,48,643,225,camera_sign_speed_limit
42.08080630099994,41973000000,True,True,90,camera_sign_turn_right,turn_right_sign,right,0.5003547122763712,2205,45,49,644,225,camera_sign_speed_limit
42.12582626600033,42074000000,True,True,91,camera_sign_turn_right,turn_right_sign,right,0.5030724659360676,2205,45,49,645,225,camera_sign_speed_limit
42.13646187100039,42074000000,True,True,92,camera_sign_turn_right,turn_right_sign,right,0.5041184876098187,2205,45,49,645,225,camera_sign_speed_limit
42.17172046199994,42074000000,True,True,93,camera_sign_turn_right,turn_right_sign,right,0.5053935013548935,2205,45,49,646,225,camera_sign_speed_limit
42.24562083300043,42175000000,True,True,94,camera_sign_turn_right,turn_right_sign,right,0.5061351120509641,2205,45,49,648,225,camera_sign_speed_limit
42.25097847100005,42175000000,True,True,95,camera_sign_turn_right,turn_right_sign,right,0.48943270405396133,2400,48,50,649,225,camera_sign_speed_limit
42.28103112000008,42175000000,True,True,96,camera_sign_turn_right,turn_right_sign,right,0.4956780453625969,2400,48,50,650,225,camera_sign_speed_limit
42.32555117300035,42275000000,True,True,97,camera_sign_turn_right,turn_right_sign,right,0.49679620487086484,2400,48,50,651,225,camera_sign_speed_limit
42.36080639700049,42275000000,True,True,98,camera_sign_turn_right,turn_right_sign,right,0.49584571535515237,2400,48,50,652,225,camera_sign_speed_limit
42.38334456499979,42373000000,True,True,99,camera_sign_turn_right,turn_right_sign,right,0.4951488166099287,2400,48,50,653,225,camera_sign_speed_limit
42.425968812000065,42373000000,True,True,100,camera_sign_turn_right,turn_right_sign,right,0.4936329148492408,2597,49,53,655,224,camera_sign_speed_limit
42.448295721999784,42373000000,True,True,101,camera_sign_turn_right,turn_right_sign,right,0.4939724995896858,2597,49,53,656,224,camera_sign_speed_limit
42.48447470700012,42474000000,True,True,102,camera_sign_turn_right,turn_right_sign,right,0.48995240466113377,2650,50,53,657,224,camera_sign_speed_limit
42.516307965000124,42474000000,True,True,103,camera_sign_turn_right,turn_right_sign,right,0.49619198905347994,2597,49,53,659,224,camera_sign_speed_limit
42.5503777670001,42474000000,True,True,104,camera_sign_turn_right,turn_right_sign,right,0.4944241529307242,2650,50,53,660,224,camera_sign_speed_limit
42.604910948,42576000000,True,True,105,camera_sign_turn_right,turn_right_sign,right,0.49257401612709106,2700,50,54,661,224,camera_sign_speed_limit
42.61052658600056,42576000000,True,True,106,camera_sign_turn_right,turn_right_sign,right,0.4878778828892305,2809,53,53,663,224,camera_sign_speed_limit
42.67474498299998,42576000000,True,True,107,camera_sign_turn_right,turn_right_sign,right,0.5019344784986297,2650,50,53,664,223,camera_sign_speed_limit
42.69543368700033,42675000000,True,True,108,camera_sign_turn_right,turn_right_sign,right,0.49135723898487643,2809,53,53,666,223,camera_sign_speed_limit
42.716021582000394,42675000000,True,True,109,camera_sign_turn_right,turn_right_sign,right,0.4882174110857859,2862,53,54,667,223,camera_sign_speed_limit
42.758735367000554,42675000000,True,True,110,camera_sign_turn_right,turn_right_sign,right,0.4943832512344933,2862,53,54,669,223,camera_sign_speed_limit
42.79461692099994,42776000000,True,True,111,camera_sign_turn_right,turn_right_sign,right,0.49264778229652456,2916,54,54,670,223,camera_sign_speed_limit
42.8168813809998,42776000000,True,True,112,camera_sign_turn_right,turn_right_sign,right,0.4964489965414598,2862,53,54,672,223,camera_sign_speed_limit
42.87157776300046,42776000000,True,True,113,camera_sign_turn_right,turn_right_sign,right,0.4937516905599134,2970,54,55,673,223,camera_sign_speed_limit
42.87727002600059,42776000000,True,True,114,camera_sign_turn_right,turn_right_sign,right,0.49791427660054427,2970,54,55,675,222,camera_sign_speed_limit
42.91611548400033,42878000000,True,True,115,camera_sign_turn_right,turn_right_sign,right,0.4969179262865016,3025,55,55,676,222,camera_sign_speed_limit
42.97128879200045,42878000000,True,True,116,camera_sign_turn_right,turn_right_sign,right,0.5013282349818731,2970,54,55,678,222,camera_sign_speed_limit
42.99397694199979,42979000000,True,True,117,camera_sign_turn_right,turn_right_sign,right,0.49468044567429015,3190,55,58,680,222,camera_sign_speed_limit
43.01272987900029,42979000000,True,True,118,camera_sign_turn_right,turn_right_sign,right,0.4962784770216563,3190,55,58,681,222,camera_sign_speed_limit
43.05657785200037,42979000000,True,True,119,camera_sign_turn_right,turn_right_sign,right,0.4850639693952692,3364,58,58,683,222,camera_sign_speed_limit
43.0942155620005,43078000000,True,True,120,camera_sign_turn_right,turn_right_sign,right,0.4885655354811165,3422,58,59,685,222,camera_sign_speed_limit
43.12687308600016,43078000000,True,True,121,camera_sign_turn_right,turn_right_sign,right,0.4904937810921732,3422,58,59,687,221,camera_sign_speed_limit
43.14817700900039,43078000000,True,True,122,camera_sign_turn_right,turn_right_sign,right,0.4906395123227838,3422,58,59,689,221,camera_sign_speed_limit
43.192815680999956,43181000000,True,True,123,camera_sign_turn_right,turn_right_sign,right,0.4926669932232126,3481,59,59,691,221,camera_sign_speed_limit
43.21460520800065,43181000000,True,True,124,camera_sign_turn_right,turn_right_sign,right,0.4935111424719935,3540,59,60,694,221,camera_sign_speed_limit
43.24683513400032,43181000000,True,True,125,camera_sign_turn_right,turn_right_sign,right,0.4924224032505941,3600,60,60,696,221,camera_sign_speed_limit
43.270832230999986,43181000000,True,True,126,camera_sign_turn_right,turn_right_sign,right,0.48815767791534265,3780,60,63,698,221,camera_sign_speed_limit
43.30260601700047,43282000000,True,True,127,camera_sign_turn_right,turn_right_sign,right,0.48308779276820535,3969,63,63,701,220,camera_sign_speed_limit
43.35790463500052,43282000000,True,True,128,camera_sign_turn_right,turn_right_sign,right,0.48052792000884265,3969,63,63,703,220,camera_sign_speed_limit
43.393241349000164,43379000000,True,True,129,camera_sign_turn_right,turn_right_sign,right,0.482687677232375,4095,63,65,706,220,camera_sign_speed_limit
43.41663462799988,43379000000,True,True,130,camera_sign_turn_right,turn_right_sign,right,0.4833058749084785,4096,64,64,708,220,camera_sign_speed_limit
43.448140329000125,43379000000,True,True,131,camera_sign_turn_right,turn_right_sign,right,0.4841351313428398,4160,64,65,711,219,camera_sign_speed_limit
43.494066674999885,43481000000,True,True,132,camera_sign_turn_right,turn_right_sign,right,0.47899966433765245,4420,65,68,714,219,camera_sign_speed_limit
43.51442516800034,43481000000,True,True,133,camera_sign_turn_right,turn_right_sign,right,0.4829105792806785,4420,65,68,717,219,camera_sign_speed_limit
43.5377413920005,43481000000,True,True,134,camera_sign_turn_right,turn_right_sign,right,0.4738871012303449,4692,68,69,719,219,camera_sign_speed_limit
43.57023291099995,43481000000,True,True,135,camera_sign_turn_right,turn_right_sign,right,0.4765705853864746,4692,68,69,723,218,camera_sign_speed_limit
43.60183348100054,43583000000,True,True,136,camera_sign_turn_right,turn_right_sign,right,0.47691969999524686,4830,69,70,726,218,camera_sign_speed_limit
43.66880806000063,43583000000,True,True,137,camera_sign_turn_right,turn_right_sign,right,0.47441500082341176,4900,70,70,729,218,camera_sign_speed_limit
43.690407721000156,43682000000,True,True,138,camera_sign_turn_right,turn_right_sign,right,0.4737482314912272,5110,70,73,732,217,camera_sign_speed_limit
43.715849519000585,43682000000,True,True,139,camera_sign_turn_right,turn_right_sign,right,0.4694480309430671,5329,73,73,735,217,camera_sign_speed_limit
43.73831451700062,43682000000,True,True,140,camera_sign_turn_right,turn_right_sign,right,0.4699993448901359,5402,73,74,738,217,camera_sign_speed_limit
43.771428711000226,43682000000,True,False,1,camera_sign_turn_left,turn_left_sign,left,0.472331615228251,5476,74,74,742,217,camera_sign_speed_limit
43.84981159600011,43782000000,True,False,1,camera_sign_turn_right,turn_right_sign,right,0.47167916124846904,5625,75,75,745,217,camera_sign_speed_limit
43.85584080999979,43782000000,True,False,1,camera_sign_turn_left,turn_left_sign,left,0.4649650775142686,6084,78,78,749,216,camera_sign_speed_limit
43.872854670999914,43782000000,True,True,2,camera_sign_turn_left,turn_left_sign,left,0.46711210807558756,6162,78,79,752,216,camera_sign_speed_limit
43.91820784900028,43883000000,True,True,3,camera_sign_turn_left,turn_left_sign,left,0.4699120980569268,6162,78,79,755,216,camera_sign_speed_limit
43.96211255900016,43883000000,True,True,4,camera_sign_turn_left,turn_left_sign,left,0.4708570592423955,6320,79,80,759,216,camera_sign_speed_limit
43.97474076600065,43883000000,True,True,5,camera_sign_turn_left,turn_left_sign,left,0.4725063719106472,6400,80,80,763,216,camera_sign_speed_limit
44.02163368699985,43982000000,True,True,6,camera_sign_turn_left,turn_left_sign,left,0.47012329819101795,6640,80,83,767,215,camera_sign_speed_limit
44.04970629099989,43982000000,True,True,7,camera_sign_turn_left,turn_left_sign,left,0.47006578237534175,6889,83,83,770,215,camera_sign_speed_limit
44.10829139500038,44080000000,True,True,8,camera_sign_turn_left,turn_left_sign,left,0.47048364949694776,7056,84,84,774,215,camera_sign_speed_limit
44.11432757700004,44080000000,True,True,9,camera_sign_turn_left,turn_left_sign,left,0.47064028730032303,7225,85,85,778,215,camera_sign_speed_limit
44.16201852799986,44080000000,True,True,10,camera_sign_turn_left,turn_left_sign,left,0.4739333924340481,7225,85,85,782,214,camera_sign_speed_limit
44.194594837000295,44183000000,True,True,11,camera_sign_turn_left,turn_left_sign,left,0.46844897707156435,7744,88,88,786,214,camera_sign_speed_limit
44.2186197660003,44183000000,True,True,12,camera_sign_turn_left,turn_left_sign,left,0.470887447999103,7832,88,89,790,214,camera_sign_speed_limit
44.23859869300031,44183000000,True,True,13,camera_sign_turn_left,turn_left_sign,left,0.47270693225103194,7921,89,89,794,213,camera_sign_speed_limit
44.30540055700021,44283000000,True,True,14,camera_sign_turn_left,turn_left_sign,left,0.4732917944461151,8100,90,90,799,213,camera_sign_speed_limit
44.313289313000496,44283000000,True,True,15,camera_sign_turn_left,turn_left_sign,left,0.47270826540864597,8370,90,93,803,213,camera_sign_speed_limit
44.35470812499989,44283000000,True,True,16,camera_sign_turn_left,turn_left_sign,left,0.47336163704270795,8649,93,93,807,213,camera_sign_speed_limit
44.38694474300064,44283000000,True,True,17,camera_sign_turn_left,turn_left_sign,left,0.4741816033752473,8836,94,94,812,212,camera_sign_speed_limit
44.40804213800038,44385000000,True,True,18,camera_sign_turn_left,turn_left_sign,left,0.4754620246357587,8930,94,95,817,212,camera_sign_speed_limit
44.45563401800064,44385000000,True,True,19,camera_sign_turn_left,turn_left_sign,left,0.4712429650089025,9604,98,98,821,211,camera_sign_speed_limit
44.49098854500062,44385000000,True,True,20,camera_sign_turn_left,turn_left_sign,left,0.4730851429816546,9702,98,99,826,211,camera_sign_speed_limit
44.521577317000265,44481000000,True,True,21,camera_sign_turn_left,turn_left_sign,left,0.4760567227384039,9801,99,99,831,211,camera_sign_speed_limit
44.552635628000644,44481000000,True,True,22,camera_sign_turn_left,turn_left_sign,left,0.4765800679198645,10000,100,100,836,210,camera_sign_speed_limit
44.58712703400033,44481000000,True,True,23,camera_sign_turn_left,turn_left_sign,left,0.4735268177123623,10609,103,103,841,210,camera_sign_speed_limit
44.60892842500016,44583000000,True,True,24,camera_sign_turn_left,turn_left_sign,left,0.4760431806478612,10712,103,104,847,210,camera_sign_speed_limit
44.699236580000616,44684000000,True,True,25,camera_sign_turn_left,turn_left_sign,left,0.47653572740356037,11025,105,105,852,209,camera_sign_speed_limit
44.70675670200035,44684000000,True,True,26,camera_sign_turn_left,turn_left_sign,left,0.47342894600781643,11664,108,108,858,209,camera_sign_speed_limit
44.751210741999785,44684000000,True,True,27,camera_sign_turn_left,turn_left_sign,left,0.47499808117454845,11881,109,109,864,208,camera_sign_speed_limit
44.7625957500004,44684000000,True,True,28,camera_sign_turn_left,turn_left_sign,left,0.4734529032846674,12430,113,110,869,208,camera_sign_speed_limit
44.81799362499987,44785000000,True,True,29,camera_sign_turn_left,turn_left_sign,left,0.4744867070048489,12769,113,113,876,208,camera_sign_speed_limit
44.824490409000646,44785000000,True,True,30,camera_sign_turn_left,turn_left_sign,left,0.47544011274165804,13110,115,114,882,207,camera_sign_speed_limit
44.8533527110003,44785000000,True,True,31,camera_sign_turn_left,turn_left_sign,left,0.47590250723653127,13570,118,115,888,207,camera_sign_speed_limit
44.88721841400002,44785000000,True,True,32,camera_sign_turn_left,turn_left_sign,left,0.47496899823031147,14280,120,119,895,206,camera_sign_speed_limit
44.96107166599995,44887000000,True,True,33,camera_sign_turn_left,turn_left_sign,left,0.47984913100739507,13920,116,120,902,206,camera_sign_speed_limit
44.9675122890003,44887000000,True,True,34,camera_sign_turn_left,turn_left_sign,left,0.48253927277136827,13653,111,123,909,205,camera_sign_speed_limit
44.998993033999795,44983000000,True,True,35,camera_sign_turn_left,turn_left_sign,left,0.48147363183287856,13335,105,127,917,205,camera_sign_speed_limit
45.02187597000011,44983000000,True,True,35,camera_sign_turn_left,turn_left_sign,left,0.48147363183287856,13335,105,127,917,205,camera_sign_speed_limit
45.05295580100028,44983000000,True,True,35,camera_sign_turn_left,turn_left_sign,left,0.48147363183287856,13335,105,127,917,205,camera_sign_speed_limit
45.08599405000041,44983000000,True,True,35,camera_sign_turn_left,turn_left_sign,left,0.48147363183287856,13335,105,127,917,205,camera_sign_speed_limit
45.13175146499998,45084000000,True,True,35,camera_sign_turn_left,turn_left_sign,left,0.48147363183287856,13335,105,127,917,205,camera_sign_speed_limit
45.158440007000536,45084000000,True,True,36,camera_sign_turn_left,turn_left_sign,left,0.4906611914613493,7656,58,132,940,208,camera_sign_speed_limit
45.19040800000039,45084000000,True,True,37,camera_sign_turn_left,turn_left_sign,left,0.49548926613882927,5952,48,124,943,210,camera_sign_speed_limit
45.22029208599997,45183000000,True,True,37,camera_sign_turn_left,turn_left_sign,left,0.49548926613882927,5952,48,124,943,210,camera_sign_speed_limit
45.25614638500065,45183000000,True,False,1,camera_sign_turn_right,turn_right_sign,right,0.5133700006048447,2625,25,105,951,213,camera_sign_speed_limit
45.29205344300044,45183000000,True,True,2,camera_sign_turn_right,turn_right_sign,right,0.49340098850622555,1170,15,78,955,217,camera_sign_speed_limit
45.31036676799977,45284000000,True,True,2,camera_sign_turn_right,turn_right_sign,right,0.49340098850622555,1170,15,78,955,217,camera_sign_speed_limit
45.36384390600051,45284000000,True,True,2,camera_sign_turn_right,turn_right_sign,right,0.49340098850622555,1170,15,78,955,217,camera_sign_speed_limit
45.38698584099984,45284000000,True,True,2,camera_sign_turn_right,turn_right_sign,right,0.49340098850622555,1170,15,78,955,217,camera_sign_speed_limit
45.40966549600034,45385000000,True,True,2,camera_sign_turn_right,turn_right_sign,right,0.49340098850622555,1170,15,78,955,217,camera_sign_speed_limit
45.464502931000425,45385000000,True,True,2,camera_sign_turn_right,turn_right_sign,right,0.49340098850622555,1170,15,78,955,217,camera_sign_speed_limit
45.477197180000076,45385000000,True,True,2,camera_sign_turn_right,turn_right_sign,right,0.49340098850622555,1170,15,78,955,217,camera_sign_speed_limit
45.520604878000086,45487000000,True,True,2,camera_sign_turn_right,turn_right_sign,right,0.49340098850622555,1170,15,78,955,217,camera_sign_speed_limit
45.542674260999775,45487000000,True,True,2,camera_sign_turn_right,turn_right_sign,right,0.49340098850622555,1170,15,78,955,217,camera_sign_speed_limit
45.590191659000084,45487000000,True,True,2,camera_sign_turn_right,turn_right_sign,right,0.49340098850622555,1170,15,78,955,217,camera_sign_speed_limit
45.61077356199985,45587000000,True,True,2,camera_sign_turn_right,turn_right_sign,right,0.49340098850622555,1170,15,78,955,217,camera_sign_speed_limit
45.65684341999986,45587000000,True,True,2,camera_sign_turn_right,turn_right_sign,right,0.49340098850622555,1170,15,78,955,217,camera_sign_speed_limit
45.690821881000375,45587000000,True,True,2,camera_sign_turn_right,turn_right_sign,right,0.49340098850622555,1170,15,78,955,217,camera_sign_speed_limit
45.724926392999805,45684000000,False,False,0,,,,0.0,0,0,0,0,0,camera_sign_speed_limit
45.76841357600006,45684000000,False,False,0,,,,0.0,0,0,0,0,0,camera_sign_speed_limit
45.80157770700043,45783000000,False,False,0,,,,0.0,0,0,0,0,0,camera_sign_speed_limit
45.83478497499982,45783000000,False,False,0,,,,0.0,0,0,0,0,0,camera_sign_speed_limit
45.88866066799983,45783000000,False,False,0,,,,0.0,0,0,0,0,0,camera_sign_speed_limit
45.90105070900063,45886000000,False,False,0,,,,0.0,0,0,0,0,0,camera_sign_speed_limit
45.926089477999994,45886000000,False,False,0,,,,0.0,0,0,0,0,0,camera_sign_speed_limit
45.956048877000285,45886000000,False,False,0,,,,0.0,0,0,0,0,0,camera_sign_speed_limit
46.00222802100052,45986000000,False,False,0,,,,0.0,0,0,0,0,0,camera_sign_speed_limit
46.03703315599978,45986000000,False,False,0,,,,0.0,0,0,0,0,0,camera_sign_speed_limit
46.055099754000366,45986000000,False,False,0,,,,0.0,0,0,0,0,0,camera_sign_speed_limit
46.11211754600026,46087000000,False,False,0,,,,0.0,0,0,0,0,0,camera_sign_speed_limit
46.134500146999926,46087000000,False,False,0,,,,0.0,0,0,0,0,0,camera_sign_speed_limit
46.15509826500056,46087000000,False,False,0,,,,0.0,0,0,0,0,0,camera_sign_speed_limit
46.201683774999765,46186000000,False,False,0,,,,0.0,0,0,0,0,0,camera_sign_speed_limit
46.24570504500025,46186000000,True,False,1,camera_sign_turn_right,turn_right_sign,right,0.3328967607909994,2028,26,78,218,264,camera_sign_speed_limit
46.27937600600035,46186000000,True,False,1,camera_sign_turn_right,turn_right_sign,right,0.3328967607909994,2028,26,78,218,264,camera_sign_speed_limit
46.32375147200037,46287000000,True,False,1,camera_sign_turn_right,turn_right_sign,right,0.3328967607909994,2028,26,78,218,264,camera_sign_speed_limit
46.33567860200037,46287000000,True,False,1,camera_sign_turn_right,turn_right_sign,right,0.3328967607909994,2028,26,78,218,264,camera_sign_speed_limit
46.354644820999965,46287000000,True,True,2,camera_sign_turn_right,turn_right_sign,right,0.3321139025663612,2320,29,80,210,265,camera_sign_speed_limit
46.38781542000015,46287000000,True,True,3,camera_sign_turn_right,turn_right_sign,right,0.3332625939305384,2320,29,80,208,265,camera_sign_speed_limit
46.412791349000145,46388000000,True,True,4,camera_sign_turn_right,turn_right_sign,right,0.32944526795509316,2407,29,83,206,266,camera_sign_speed_limit
46.468394317000275,46388000000,True,True,5,camera_sign_turn_right,turn_right_sign,right,0.33209232867632466,2490,30,83,204,266,camera_sign_speed_limit
46.48979860000054,46388000000,True,True,6,camera_sign_turn_right,turn_right_sign,right,0.3293711725421309,2573,31,83,202,266,camera_sign_speed_limit
46.53531325699987,46489000000,True,True,7,camera_sign_turn_right,turn_right_sign,right,0.3312033013836286,2604,31,84,200,266,camera_sign_speed_limit
46.57200057499995,46489000000,True,True,8,camera_sign_turn_right,turn_right_sign,right,0.329645472477922,2604,31,84,198,266,camera_sign_speed_limit
46.59142014900044,46489000000,True,True,9,camera_sign_turn_right,turn_right_sign,right,0.33185346108140223,2635,31,85,196,267,camera_sign_speed_limit
46.63606963100028,46587000000,True,True,10,camera_sign_turn_right,turn_right_sign,right,0.3303538287660779,2890,34,85,194,267,camera_sign_speed_limit
46.67065296100009,46587000000,True,True,11,camera_sign_turn_right,turn_right_sign,right,0.32956372625294156,2992,34,88,191,267,camera_sign_speed_limit
46.69304281000041,46587000000,True,True,12,camera_sign_turn_right,turn_right_sign,right,0.3303265389727768,2992,34,88,189,267,camera_sign_speed_limit
46.71642666200023,46686000000,True,True,13,camera_sign_turn_right,turn_right_sign,right,0.3281389681436781,2992,34,88,187,267,camera_sign_speed_limit
46.78187027900003,46686000000,True,True,14,camera_sign_turn_right,turn_right_sign,right,0.3267457554405677,3026,34,89,185,268,camera_sign_speed_limit
46.787126390000594,46686000000,True,True,15,camera_sign_turn_right,turn_right_sign,right,0.327857077714835,3115,35,89,182,268,camera_sign_speed_limit
46.82367959500061,46788000000,True,True,16,camera_sign_turn_right,turn_right_sign,right,0.32567389703368377,3115,35,89,180,269,camera_sign_speed_limit
46.858117484000104,46788000000,True,True,17,camera_sign_turn_right,turn_right_sign,right,0.3254892051189039,3204,36,89,178,269,camera_sign_speed_limit
46.892035413000485,46788000000,True,True,18,camera_sign_turn_right,turn_right_sign,right,0.326028353978535,3150,35,90,175,269,camera_sign_speed_limit
46.923742263999884,46890000000,True,True,19,camera_sign_turn_right,turn_right_sign,right,0.3250618190941949,3240,36,90,173,269,camera_sign_speed_limit
46.95883732600032,46890000000,True,True,20,camera_sign_turn_right,turn_right_sign,right,0.3255956806270053,3510,39,90,170,269,camera_sign_speed_limit
46.981521331000295,46890000000,True,True,21,camera_sign_turn_right,turn_right_sign,right,0.32824390032999007,3627,39,93,168,270,camera_sign_speed_limit
47.024980141000015,46990000000,True,True,22,camera_sign_turn_right,turn_right_sign,right,0.32755526226540443,3627,39,93,165,270,camera_sign_speed_limit
47.06016503400042,46990000000,True,True,23,camera_sign_turn_right,turn_right_sign,right,0.3268717587516648,3666,39,94,162,270,camera_sign_speed_limit
47.0946195610004,46990000000,True,True,24,camera_sign_turn_right,turn_right_sign,right,0.3270417803977542,3760,40,94,160,270,camera_sign_speed_limit
47.13617231100034,47090000000,True,True,25,camera_sign_turn_right,turn_right_sign,right,0.3271678635502732,3800,40,95,157,270,camera_sign_speed_limit
47.14713553399997,47090000000,True,True,26,camera_sign_turn_right,turn_right_sign,right,0.3247071891379273,3895,41,95,154,271,camera_sign_speed_limit
47.201933164000366,47090000000,True,True,27,camera_sign_turn_right,turn_right_sign,right,0.32726749245301995,4018,41,98,151,271,camera_sign_speed_limit
47.222166121000555,47194000000,True,True,28,camera_sign_turn_right,turn_right_sign,right,0.32907664914164453,4356,44,99,148,271,camera_sign_speed_limit
47.25435309600016,47194000000,True,True,29,camera_sign_turn_right,turn_right_sign,right,0.329290895329843,4356,44,99,145,272,camera_sign_speed_limit
47.31245664400012,47293000000,True,True,30,camera_sign_turn_right,turn_right_sign,right,0.32571443513407766,4500,45,100,142,272,camera_sign_speed_limit
47.322402378000334,47293000000,True,True,31,camera_sign_turn_right,turn_right_sign,right,0.3276787918177335,4800,48,100,139,272,camera_sign_speed_limit
47.357254216,47293000000,True,True,32,camera_sign_turn_right,turn_right_sign,right,0.3273068004855717,4635,45,103,136,272,camera_sign_speed_limit
47.394643082000584,47293000000,True,True,33,camera_sign_turn_right,turn_right_sign,right,0.3267589978913914,5047,49,103,133,273,camera_sign_speed_limit
47.41628201599997,47390000000,True,True,34,camera_sign_turn_right,turn_right_sign,right,0.3282668380099856,5096,49,104,130,273,camera_sign_speed_limit
47.47238962400024,47390000000,True,True,35,camera_sign_turn_right,turn_right_sign,right,0.32790811273206166,5250,50,105,127,273,camera_sign_speed_limit
47.494072421000055,47390000000,True,True,36,camera_sign_turn_right,turn_right_sign,right,0.3275463011086479,5250,50,105,123,274,camera_sign_speed_limit
47.51503025800048,47493000000,True,True,37,camera_sign_turn_right,turn_right_sign,right,0.3254985903154016,5400,50,108,120,274,camera_sign_speed_limit
47.57240538000042,47493000000,True,True,38,camera_sign_turn_right,turn_right_sign,right,0.32473662674829534,5724,53,108,116,274,camera_sign_speed_limit
47.618371112000204,47594000000,True,True,39,camera_sign_turn_right,turn_right_sign,right,0.32739828217683437,5886,54,109,113,275,camera_sign_speed_limit
47.62535227399985,47594000000,True,True,40,camera_sign_turn_right,turn_right_sign,right,0.3280805455122954,6050,55,110,109,275,camera_sign_speed_limit
47.65723899900058,47594000000,True,True,41,camera_sign_turn_right,turn_right_sign,right,0.324878433292726,5940,54,110,105,275,camera_sign_speed_limit
47.69364512700031,47594000000,True,True,42,camera_sign_turn_right,turn_right_sign,right,0.32684291508280583,6215,55,113,102,276,camera_sign_speed_limit
47.71685882900056,47693000000,True,True,43,camera_sign_turn_right,turn_right_sign,right,0.3264698081830433,6667,59,113,98,276,camera_sign_speed_limit
47.768099349000295,47693000000,True,True,44,camera_sign_turn_right,turn_right_sign,right,0.3216221887333832,6726,59,114,94,277,camera_sign_speed_limit
47.80231009700037,47693000000,True,True,45,camera_sign_turn_right,turn_right_sign,right,0.3215796433760917,6726,59,114,90,277,camera_sign_speed_limit
47.82459393600038,47798000000,True,True,46,camera_sign_turn_right,turn_right_sign,right,0.3223474384555891,6900,60,115,86,277,camera_sign_speed_limit
47.872486660000504,47798000000,True,True,47,camera_sign_turn_right,turn_right_sign,right,0.3283963982659217,7434,63,118,82,278,camera_sign_speed_limit
47.903293455000494,47798000000,True,True,48,camera_sign_turn_right,turn_right_sign,right,0.3243296861481337,7616,64,119,78,278,camera_sign_speed_limit
47.924413020999964,47895000000,True,True,49,camera_sign_turn_right,turn_right_sign,right,0.3221315705348838,7735,65,119,73,279,camera_sign_speed_limit
47.94718553199982,47895000000,True,True,50,camera_sign_turn_right,turn_right_sign,right,0.3226569653289337,8160,68,120,69,279,camera_sign_speed_limit
47.992373369000234,47895000000,True,True,51,camera_sign_turn_right,turn_right_sign,right,0.3268824577498997,8487,69,123,64,279,camera_sign_speed_limit
48.03041025499988,47997000000,True,True,52,camera_sign_turn_right,turn_right_sign,right,0.32663421116351066,8680,70,124,60,280,camera_sign_speed_limit
48.064689632999944,47997000000,True,True,53,camera_sign_turn_right,turn_right_sign,right,0.3204432304928584,8890,70,127,55,280,camera_sign_speed_limit
48.102804566000486,47997000000,True,True,54,camera_sign_turn_right,turn_right_sign,right,0.3242466413771946,9344,73,128,50,281,camera_sign_speed_limit
48.12659415200051,48096000000,True,True,55,camera_sign_turn_right,turn_right_sign,right,0.3269979464283804,9546,74,129,46,281,camera_sign_speed_limit
48.161742657000104,48096000000,True,False,1,camera_sign_speed_limit,speed_limit_sign,,0.5720416436806305,3038,62,49,20,178,camera_sign_speed_limit
48.217661780000526,48195000000,True,True,2,camera_sign_speed_limit,speed_limit_sign,,0.5751465516387422,2744,56,49,18,178,camera_sign_speed_limit
48.22357807099979,48195000000,True,True,3,camera_sign_speed_limit,speed_limit_sign,,0.5720968518656312,2448,51,48,16,178,camera_sign_speed_limit
48.27287867599989,48195000000,True,True,4,camera_sign_speed_limit,speed_limit_sign,,0.5674048520847695,2024,46,44,14,178,camera_sign_speed_limit
48.295521476999966,48195000000,True,True,5,camera_sign_speed_limit,speed_limit_sign,,0.5544697324242567,1640,40,41,13,178,camera_sign_speed_limit
48.316909313,48297000000,True,True,6,camera_sign_speed_limit,speed_limit_sign,,0.5607962152597943,1400,35,40,11,178,camera_sign_speed_limit
48.37137150200033,48297000000,True,True,7,camera_sign_speed_limit,speed_limit_sign,,0.5244865939246179,1044,29,36,9,178,camera_sign_speed_limit
48.40347433500028,48297000000,True,True,8,camera_sign_speed_limit,speed_limit_sign,,0.5170566993219801,816,24,34,7,179,camera_sign_speed_limit
48.41662356500001,48297000000,True,True,9,camera_sign_speed_limit,speed_limit_sign,,0.49142170361115245,570,19,30,6,179,camera_sign_speed_limit
48.473121750000246,48397000000,True,True,9,camera_sign_speed_limit,speed_limit_sign,,0.49142170361115245,570,19,30,6,179,camera_sign_speed_limit
48.49419170300007,48397000000,True,True,9,camera_sign_speed_limit,speed_limit_sign,,0.49142170361115245,570,19,30,6,179,camera_sign_speed_limit
48.52927912300038,48494000000,True,True,9,camera_sign_speed_limit,speed_limit_sign,,0.49142170361115245,570,19,30,6,179,camera_sign_speed_limit
48.5623469279999,48494000000,True,True,9,camera_sign_speed_limit,speed_limit_sign,,0.49142170361115245,570,19,30,6,179,camera_sign_speed_limit
48.59475339599976,48494000000,True,True,9,camera_sign_speed_limit,speed_limit_sign,,0.49142170361115245,570,19,30,6,179,camera_sign_speed_limit
48.64007518700055,48596000000,True,True,9,camera_sign_speed_limit,speed_limit_sign,,0.49142170361115245,570,19,30,6,179,camera_sign_speed_limit
48.68216693700015,48596000000,True,True,9,camera_sign_speed_limit,speed_limit_sign,,0.49142170361115245,570,19,30,6,179,camera_sign_speed_limit
48.69117336399995,48596000000,True,True,9,camera_sign_speed_limit,speed_limit_sign,,0.49142170361115245,570,19,30,6,179,camera_sign_speed_limit
48.713474381000196,48596000000,True,True,9,camera_sign_speed_limit,speed_limit_sign,,0.49142170361115245,570,19,30,6,179,camera_sign_speed_limit
48.75984730100026,48698000000,True,True,9,camera_sign_speed_limit,speed_limit_sign,,0.49142170361115245,570,19,30,6,179,camera_sign_speed_limit
48.783034322000276,48698000000,True,True,9,camera_sign_speed_limit,speed_limit_sign,,0.49142170361115245,570,19,30,6,179,camera_sign_speed_limit
48.82827071100019,48799000000,False,False,0,,,,0.0,0,0,0,0,0,camera_sign_speed_limit
48.85741356200015,48799000000,False,False,0,,,,0.0,0,0,0,0,0,camera_sign_speed_limit
48.89120195000032,48799000000,False,False,0,,,,0.0,0,0,0,0,0,camera_sign_speed_limit
48.93696484100019,48900000000,False,False,0,,,,0.0,0,0,0,0,0,camera_sign_speed_limit
48.956920319000346,48900000000,False,False,0,,,,0.0,0,0,0,0,0,camera_sign_speed_limit
48.98052466700028,48900000000,False,False,0,,,,0.0,0,0,0,0,0,camera_sign_speed_limit
49.02686515999994,48999000000,False,False,0,,,,0.0,0,0,0,0,0,camera_sign_speed_limit
49.0797530990003,48999000000,False,False,0,,,,0.0,0,0,0,0,0,camera_sign_speed_limit
49.0839644130001,48999000000,False,False,0,,,,0.0,0,0,0,0,0,camera_sign_speed_limit
49.14997397600018,49100000000,False,False,0,,,,0.0,0,0,0,0,0,camera_sign_speed_limit
49.15984695499992,49100000000,False,False,0,,,,0.0,0,0,0,0,0,camera_sign_speed_limit
49.216570544000206,49100000000,False,False,0,,,,0.0,0,0,0,0,0,camera_sign_speed_limit
49.22772773300039,49198000000,False,False,0,,,,0.0,0,0,0,0,0,camera_sign_speed_limit
49.269553056000404,49198000000,False,False,0,,,,0.0,0,0,0,0,0,camera_sign_speed_limit
49.314715616000285,49198000000,False,False,0,,,,0.0,0,0,0,0,0,camera_sign_speed_limit
49.33559044100002,49301000000,False,False,0,,,,0.0,0,0,0,0,0,camera_sign_speed_limit
49.35685068300063,49301000000,False,False,0,,,,0.0,0,0,0,0,0,camera_sign_speed_limit
49.3927729750003,49301000000,False,False,0,,,,0.0,0,0,0,0,0,camera_sign_speed_limit
49.41653055200004,49301000000,False,False,0,,,,0.0,0,0,0,0,0,camera_sign_speed_limit
49.48582317,49400000000,False,False,0,,,,0.0,0,0,0,0,0,camera_sign_speed_limit
49.49389348300065,49400000000,False,False,0,,,,0.0,0,0,0,0,0,camera_sign_speed_limit
49.540001633999964,49497000000,False,False,0,,,,0.0,0,0,0,0,0,camera_sign_speed_limit
49.5862091529998,49497000000,False,False,0,,,,0.0,0,0,0,0,0,camera_sign_speed_limit
49.595277146000626,49497000000,False,False,0,,,,0.0,0,0,0,0,0,camera_sign_speed_limit
49.651010289000624,49600000000,False,False,0,,,,0.0,0,0,0,0,0,camera_sign_speed_limit
49.66104247900057,49600000000,False,False,0,,,,0.0,0,0,0,0,0,camera_sign_speed_limit
49.74129479400017,49699000000,False,False,0,,,,0.0,0,0,0,0,0,camera_sign_speed_limit
49.74574372999996,49699000000,False,False,0,,,,0.0,0,0,0,0,0,camera_sign_speed_limit
49.79558560999976,49699000000,False,False,0,,,,0.0,0,0,0,0,0,camera_sign_speed_limit
49.79969691499991,49699000000,False,False,0,,,,0.0,0,0,0,0,0,camera_sign_speed_limit
49.85974823900051,49802000000,False,False,0,,,,0.0,0,0,0,0,0,camera_sign_speed_limit
49.88242586500019,49802000000,False,False,0,,,,0.0,0,0,0,0,0,camera_sign_speed_limit
49.892925265000486,49802000000,False,False,0,,,,0.0,0,0,0,0,0,camera_sign_speed_limit
49.936335744000644,49904000000,False,False,0,,,,0.0,0,0,0,0,0,camera_sign_speed_limit
49.960607770000024,49904000000,False,False,0,,,,0.0,0,0,0,0,0,camera_sign_speed_limit
49.999530754999796,49904000000,False,False,0,,,,0.0,0,0,0,0,0,camera_sign_speed_limit
50.03540808800062,50004000000,False,False,0,,,,0.0,0,0,0,0,0,camera_sign_speed_limit
50.060822260999885,50004000000,False,False,0,,,,0.0,0,0,0,0,0,camera_sign_speed_limit
50.09064538799976,50004000000,False,False,0,,,,0.0,0,0,0,0,0,camera_sign_speed_limit
50.13776288400004,50098000000,False,False,0,,,,0.0,0,0,0,0,0,camera_sign_speed_limit
50.155300159000035,50098000000,False,False,0,,,,0.0,0,0,0,0,0,camera_sign_speed_limit
50.21977653900012,50098000000,False,False,0,,,,0.0,0,0,0,0,0,camera_sign_speed_limit
50.22309296200001,50202000000,False,False,0,,,,0.0,0,0,0,0,0,camera_sign_speed_limit
50.25033384500057,50202000000,False,False,0,,,,0.0,0,0,0,0,0,camera_sign_speed_limit
50.2953327969999,50202000000,False,False,0,,,,0.0,0,0,0,0,0,camera_sign_speed_limit
50.31888579800034,50202000000,False,False,0,,,,0.0,0,0,0,0,0,camera_sign_speed_limit
50.37376393100021,50304000000,False,False,0,,,,0.0,0,0,0,0,0,camera_sign_speed_limit
50.38361724300012,50304000000,False,False,0,,,,0.0,0,0,0,0,0,camera_sign_speed_limit
50.4610249590005,50405000000,False,False,0,,,,0.0,0,0,0,0,0,camera_sign_speed_limit
50.48425336800028,50405000000,False,False,0,,,,0.0,0,0,0,0,0,camera_sign_speed_limit
50.48904861200026,50405000000,False,False,0,,,,0.0,0,0,0,0,0,camera_sign_speed_limit
50.542179243000646,50505000000,False,False,0,,,,0.0,0,0,0,0,0,camera_sign_speed_limit
50.5723648889998,50505000000,False,False,0,,,,0.0,0,0,0,0,0,camera_sign_speed_limit
50.62905848199989,50605000000,False,False,0,,,,0.0,0,0,0,0,0,camera_sign_speed_limit
50.6391846180004,50605000000,False,False,0,,,,0.0,0,0,0,0,0,camera_sign_speed_limit
50.68509463600003,50605000000,False,False,0,,,,0.0,0,0,0,0,0,camera_sign_speed_limit
50.69468246799988,50605000000,False,False,0,,,,0.0,0,0,0,0,0,camera_sign_speed_limit
50.75212614600059,50705000000,False,False,0,,,,0.0,0,0,0,0,0,camera_sign_speed_limit
50.76383295699998,50705000000,False,False,0,,,,0.0,0,0,0,0,0,camera_sign_speed_limit
50.801115774999744,50705000000,False,False,0,,,,0.0,0,0,0,0,0,camera_sign_speed_limit
50.83252917400023,50803000000,False,False,0,,,,0.0,0,0,0,0,0,camera_sign_speed_limit
50.86677979800061,50803000000,False,False,0,,,,0.0,0,0,0,0,0,camera_sign_speed_limit
50.89670179699988,50803000000,False,False,0,,,,0.0,0,0,0,0,0,camera_sign_speed_limit
50.92045983400021,50803000000,False,False,0,,,,0.0,0,0,0,0,0,camera_sign_speed_limit
50.99010262200045,50903000000,False,False,0,,,,0.0,0,0,0,0,0,camera_sign_speed_limit
50.9951229090002,50903000000,False,False,0,,,,0.0,0,0,0,0,0,camera_sign_speed_limit
51.01901604199975,50903000000,False,False,0,,,,0.0,0,0,0,0,0,camera_sign_speed_limit
51.06231469100021,51007000000,False,False,0,,,,0.0,0,0,0,0,0,camera_sign_speed_limit
51.084119137000016,51007000000,False,False,0,,,,0.0,0,0,0,0,0,camera_sign_speed_limit
51.16823414999999,51104000000,False,False,0,,,,0.0,0,0,0,0,0,camera_sign_speed_limit
51.19959206400017,51104000000,False,False,0,,,,0.0,0,0,0,0,0,camera_sign_speed_limit
51.21151326200015,51104000000,False,False,0,,,,0.0,0,0,0,0,0,camera_sign_speed_limit
51.22128674400028,51104000000,False,False,0,,,,0.0,0,0,0,0,0,camera_sign_speed_limit
51.274113092000334,51207000000,False,False,0,,,,0.0,0,0,0,0,0,camera_sign_speed_limit
51.295810116999746,51207000000,False,False,0,,,,0.0,0,0,0,0,0,camera_sign_speed_limit
51.32947915500063,51308000000,False,False,0,,,,0.0,0,0,0,0,0,camera_sign_speed_limit
51.36153666700011,51308000000,False,False,0,,,,0.0,0,0,0,0,0,camera_sign_speed_limit
51.418436038000436,51308000000,False,False,0,,,,0.0,0,0,0,0,0,camera_sign_speed_limit
51.42954850299975,51308000000,False,False,0,,,,0.0,0,0,0,0,0,camera_sign_speed_limit
51.472380752999925,51408000000,False,False,0,,,,0.0,0,0,0,0,0,camera_sign_speed_limit
51.496379713999886,51408000000,False,False,0,,,,0.0,0,0,0,0,0,camera_sign_speed_limit
51.529958752999846,51509000000,False,False,0,,,,0.0,0,0,0,0,0,camera_sign_speed_limit
51.5622336739998,51509000000,False,False,0,,,,0.0,0,0,0,0,0,camera_sign_speed_limit
51.59565630799989,51509000000,False,False,0,,,,0.0,0,0,0,0,0,camera_sign_speed_limit
51.63094313400052,51509000000,False,False,0,,,,0.0,0,0,0,0,0,camera_sign_speed_limit
51.651622159,51610000000,False,False,0,,,,0.0,0,0,0,0,0,camera_sign_speed_limit
51.72137165100048,51610000000,False,False,0,,,,0.0,0,0,0,0,0,camera_sign_speed_limit
51.72845883199989,51610000000,False,False,0,,,,0.0,0,0,0,0,0,camera_sign_speed_limit
51.78364321200024,51710000000,False,False,0,,,,0.0,0,0,0,0,0,camera_sign_speed_limit
51.79416043600031,51710000000,False,False,0,,,,0.0,0,0,0,0,0,camera_sign_speed_limit
51.83866762700018,51811000000,False,False,0,,,,0.0,0,0,0,0,0,camera_sign_speed_limit
51.85064149400023,51811000000,False,False,0,,,,0.0,0,0,0,0,0,camera_sign_speed_limit
51.90193416300008,51811000000,False,False,0,,,,0.0,0,0,0,0,0,camera_sign_speed_limit
51.93182539999998,51811000000,False,False,0,,,,0.0,0,0,0,0,0,camera_sign_speed_limit
51.97525328000029,51911000000,False,False,0,,,,0.0,0,0,0,0,0,camera_sign_speed_limit
52.012189445999866,51911000000,False,False,0,,,,0.0,0,0,0,0,0,camera_sign_speed_limit
52.05414768999981,52009000000,False,False,0,,,,0.0,0,0,0,0,0,camera_sign_speed_limit
52.064816658999916,52009000000,False,False,0,,,,0.0,0,0,0,0,0,camera_sign_speed_limit
52.098532355000316,52009000000,False,False,0,,,,0.0,0,0,0,0,0,camera_sign_speed_limit
52.14441443099986,52110000000,False,False,0,,,,0.0,0,0,0,0,0,camera_sign_speed_limit
52.1525910700002,52110000000,False,False,0,,,,0.0,0,0,0,0,0,camera_sign_speed_limit
52.21979881600055,52110000000,False,False,0,,,,0.0,0,0,0,0,0,camera_sign_speed_limit
52.246131984000385,52210000000,False,False,0,,,,0.0,0,0,0,0,0,camera_sign_speed_limit
52.279682981000406,52210000000,False,False,0,,,,0.0,0,0,0,0,0,camera_sign_speed_limit
52.323074665000604,52210000000,False,False,0,,,,0.0,0,0,0,0,0,camera_sign_speed_limit
52.333615213000485,52210000000,False,False,0,,,,0.0,0,0,0,0,0,camera_sign_speed_limit
52.36457263200009,52312000000,False,False,0,,,,0.0,0,0,0,0,0,camera_sign_speed_limit
52.410142761000316,52312000000,False,False,0,,,,0.0,0,0,0,0,0,camera_sign_speed_limit
52.42070401700039,52312000000,False,False,0,,,,0.0,0,0,0,0,0,camera_sign_speed_limit
52.47596006300046,52412000000,False,False,0,,,,0.0,0,0,0,0,0,camera_sign_speed_limit
52.52220916999977,52412000000,False,False,0,,,,0.0,0,0,0,0,0,camera_sign_speed_limit
52.526689621000514,52412000000,False,False,0,,,,0.0,0,0,0,0,0,camera_sign_speed_limit
52.56444768199981,52511000000,False,False,0,,,,0.0,0,0,0,0,0,camera_sign_speed_limit
52.59901715700016,52511000000,False,False,0,,,,0.0,0,0,0,0,0,camera_sign_speed_limit
52.66296980600055,52612000000,False,False,0,,,,0.0,0,0,0,0,0,camera_sign_speed_limit
52.67392699799984,52612000000,False,False,0,,,,0.0,0,0,0,0,0,camera_sign_speed_limit
52.68785356399985,52612000000,False,False,0,,,,0.0,0,0,0,0,0,camera_sign_speed_limit
52.7426069080002,52711000000,False,False,0,,,,0.0,0,0,0,0,0,camera_sign_speed_limit
52.777958872000454,52711000000,False,False,0,,,,0.0,0,0,0,0,0,camera_sign_speed_limit
52.80114355900059,52711000000,False,False,0,,,,0.0,0,0,0,0,0,camera_sign_speed_limit
52.823470901999826,52711000000,False,False,0,,,,0.0,0,0,0,0,0,camera_sign_speed_limit
52.855370500999925,52811000000,False,False,0,,,,0.0,0,0,0,0,0,camera_sign_speed_limit
52.88927972700003,52811000000,False,False,0,,,,0.0,0,0,0,0,0,camera_sign_speed_limit
52.98048127099992,52911000000,False,False,0,,,,0.0,0,0,0,0,0,camera_sign_speed_limit
52.99158450699997,52911000000,False,False,0,,,,0.0,0,0,0,0,0,camera_sign_speed_limit
53.00217401700047,52911000000,False,False,0,,,,0.0,0,0,0,0,0,camera_sign_speed_limit
53.062583912000264,53012000000,False,False,0,,,,0.0,0,0,0,0,0,camera_sign_speed_limit
53.08787810400008,53012000000,True,False,1,camera_sign_speed_limit,speed_limit_sign,,0.4859191058758142,3540,60,59,19,174,camera_sign_speed_limit
53.118685770999946,53012000000,True,True,2,camera_sign_speed_limit,speed_limit_sign,,0.5255732564564076,6741,107,63,37,176,camera_sign_speed_limit
53.15431131600053,53111000000,True,True,2,camera_sign_speed_limit,speed_limit_sign,,0.5255732564564076,6741,107,63,37,176,camera_sign_speed_limit
53.171699102000275,53111000000,True,True,2,camera_sign_speed_limit,speed_limit_sign,,0.5255732564564076,6741,107,63,37,176,camera_sign_speed_limit
53.23496300500028,53111000000,True,True,2,camera_sign_speed_limit,speed_limit_sign,,0.5255732564564076,6741,107,63,37,176,camera_sign_speed_limit
53.24619233800058,53214000000,True,True,2,camera_sign_speed_limit,speed_limit_sign,,0.5255732564564076,6741,107,63,37,176,camera_sign_speed_limit
53.28067536100025,53214000000,True,False,1,camera_sign_turn_right,turn_right_sign,right,0.3215235498007232,3744,36,104,192,273,camera_sign_speed_limit
53.334749149000345,53214000000,True,False,1,camera_sign_speed_limit,speed_limit_sign,,0.4272321336443,3555,79,45,184,192,camera_sign_speed_limit
53.35686480300046,53313000000,True,True,2,camera_sign_speed_limit,speed_limit_sign,,0.41917367004183215,2993,73,41,201,194,camera_sign_speed_limit
53.378343186000166,53313000000,True,True,3,camera_sign_speed_limit,speed_limit_sign,,0.42595740225878265,2720,68,40,217,196,camera_sign_speed_limit
53.398906254000394,53313000000,True,True,4,camera_sign_speed_limit,speed_limit_sign,,0.42552595342189403,2496,64,39,232,197,camera_sign_speed_limit
53.456494028000634,53414000000,True,True,5,camera_sign_speed_limit,speed_limit_sign,,0.4118573034895999,2124,59,36,245,198,camera_sign_speed_limit
53.46705813400058,53414000000,True,True,6,camera_sign_speed_limit,speed_limit_sign,,0.4187296069867617,1980,55,36,258,200,camera_sign_speed_limit
53.51918618200034,53414000000,True,False,1,camera_sign_turn_right,turn_right_sign,right,0.5379282978847926,1144,44,26,15,232,camera_sign_speed_limit
53.55882465200011,53513000000,True,True,2,camera_sign_turn_right,turn_right_sign,right,0.5092306402397216,1820,70,26,40,232,camera_sign_speed_limit
53.56766614299977,53513000000,True,False,1,camera_sign_speed_limit,speed_limit_sign,,0.41857242537856976,1632,48,34,289,202,camera_sign_speed_limit
53.60656992300028,53513000000,True,True,2,camera_sign_speed_limit,speed_limit_sign,,0.41859055627877817,1530,45,34,295,203,camera_sign_speed_limit
53.6376850000006,53513000000,True,True,3,camera_sign_speed_limit,speed_limit_sign,,0.4295661008008141,1496,44,34,301,203,camera_sign_speed_limit
53.70437087400023,53614000000,True,True,4,camera_sign_speed_limit,speed_limit_sign,,0.3999601954124226,1271,41,31,306,204,camera_sign_speed_limit
53.73757407300036,53614000000,True,True,5,camera_sign_speed_limit,speed_limit_sign,,0.3921465618579869,1240,40,31,312,204,camera_sign_speed_limit
53.743537529000605,53715000000,True,True,6,camera_sign_speed_limit,speed_limit_sign,,0.4113961032810851,1240,40,31,317,204,camera_sign_speed_limit
53.792790727000465,53715000000,True,True,7,camera_sign_speed_limit,speed_limit_sign,,0.41814425397853155,1209,39,31,322,205,camera_sign_speed_limit
53.800542721000056,53715000000,True,True,8,camera_sign_speed_limit,speed_limit_sign,,0.4125422423130069,1209,39,31,327,205,camera_sign_speed_limit
53.84638627500044,53817000000,True,True,9,camera_sign_speed_limit,speed_limit_sign,,0.3871777640206261,1080,36,30,333,206,camera_sign_speed_limit
53.85402643799989,53817000000,True,True,10,camera_sign_speed_limit,speed_limit_sign,,0.4036899264846163,1080,36,30,337,206,camera_sign_speed_limit
53.899105100999805,53817000000,True,True,11,camera_sign_speed_limit,speed_limit_sign,,0.3959127971006775,1015,35,29,342,206,camera_sign_speed_limit
53.94677228599994,53914000000,True,True,12,camera_sign_speed_limit,speed_limit_sign,,0.42313030726948153,1050,35,30,347,206,camera_sign_speed_limit
53.971789545999854,53914000000,True,True,13,camera_sign_speed_limit,speed_limit_sign,,0.40860227491959034,1050,35,30,351,206,camera_sign_speed_limit
53.99761950100037,53914000000,True,True,14,camera_sign_speed_limit,speed_limit_sign,,0.40066741374661813,986,34,29,355,207,camera_sign_speed_limit
54.03527213400048,53914000000,True,True,15,camera_sign_speed_limit,speed_limit_sign,,0.4095218468804743,986,34,29,360,207,camera_sign_speed_limit
54.10109374500007,54016000000,True,True,16,camera_sign_speed_limit,speed_limit_sign,,0.4288805808899865,1020,34,30,363,207,camera_sign_speed_limit
54.12348208700041,54016000000,True,True,17,camera_sign_speed_limit,speed_limit_sign,,0.3988262912787469,899,31,29,367,207,camera_sign_speed_limit
54.13510016000055,54016000000,True,True,18,camera_sign_speed_limit,speed_limit_sign,,0.40871677453630795,899,31,29,370,207,camera_sign_speed_limit
54.17998210099995,54117000000,True,True,19,camera_sign_speed_limit,speed_limit_sign,,0.37913926232820844,806,31,26,374,208,camera_sign_speed_limit
54.200935945999845,54117000000,True,True,20,camera_sign_speed_limit,speed_limit_sign,,0.38805151939495997,806,31,26,377,208,camera_sign_speed_limit
54.2330916990004,54117000000,True,True,21,camera_sign_speed_limit,speed_limit_sign,,0.3933374616995452,806,31,26,380,208,camera_sign_speed_limit
54.26481527800024,54218000000,True,True,22,camera_sign_speed_limit,speed_limit_sign,,0.3765406597636518,780,30,26,383,208,camera_sign_speed_limit
54.32377184500001,54218000000,True,True,23,camera_sign_speed_limit,speed_limit_sign,,0.37559212221449956,780,30,26,385,208,camera_sign_speed_limit
54.32930453800054,54218000000,True,True,24,camera_sign_speed_limit,speed_limit_sign,,0.4180309014245876,870,30,29,388,208,camera_sign_speed_limit
54.38934970700029,54317000000,True,True,25,camera_sign_speed_limit,speed_limit_sign,,0.41889612566150297,870,30,29,390,208,camera_sign_speed_limit
54.39534122900022,54317000000,True,True,26,camera_sign_speed_limit,speed_limit_sign,,0.41975445112803916,870,30,29,392,208,camera_sign_speed_limit
54.43448218100002,54317000000,True,True,27,camera_sign_speed_limit,speed_limit_sign,,0.3733987436422416,754,29,26,394,208,camera_sign_speed_limit
54.47945971399986,54417000000,True,True,28,camera_sign_speed_limit,speed_limit_sign,,0.37455561630904266,754,29,26,396,208,camera_sign_speed_limit
54.503919933999896,54417000000,True,True,29,camera_sign_speed_limit,speed_limit_sign,,0.3931912145502875,780,30,26,398,208,camera_sign_speed_limit
54.537240296000164,54417000000,True,True,30,camera_sign_speed_limit,speed_limit_sign,,0.3847139748660927,754,29,26,399,208,camera_sign_speed_limit
54.564316209000026,54517000000,True,True,31,camera_sign_speed_limit,speed_limit_sign,,0.3953440481286949,780,30,26,401,208,camera_sign_speed_limit
54.6113119190004,54517000000,True,True,32,camera_sign_speed_limit,speed_limit_sign,,0.4164303140662029,841,29,29,402,207,camera_sign_speed_limit
54.62747162600044,54517000000,True,True,33,camera_sign_speed_limit,speed_limit_sign,,0.4100991293318045,841,29,29,403,207,camera_sign_speed_limit
54.68593951799994,54618000000,True,True,34,camera_sign_speed_limit,speed_limit_sign,,0.40591332968164495,841,29,29,404,207,camera_sign_speed_limit
54.6967740099999,54618000000,True,True,35,camera_sign_speed_limit,speed_limit_sign,,0.4069129763142074,870,29,30,405,207,camera_sign_speed_limit
54.74901998000041,54714000000,True,True,36,camera_sign_speed_limit,speed_limit_sign,,0.4126277990113759,900,30,30,406,207,camera_sign_speed_limit
54.76983110200035,54714000000,True,True,37,camera_sign_speed_limit,speed_limit_sign,,0.4087682360550893,870,30,29,407,207,camera_sign_speed_limit
54.792338954000115,54714000000,True,True,38,camera_sign_speed_limit,speed_limit_sign,,0.4055082667004174,870,30,29,407,207,camera_sign_speed_limit
54.87982241300051,54815000000,True,True,39,camera_sign_speed_limit,speed_limit_sign,,0.4248138821972575,870,30,29,408,206,camera_sign_speed_limit
54.89099900800011,54815000000,True,True,40,camera_sign_speed_limit,speed_limit_sign,,0.4088113972603127,870,30,29,408,206,camera_sign_speed_limit
54.92529554900011,54815000000,True,True,41,camera_sign_speed_limit,speed_limit_sign,,0.41083696697583794,900,30,30,408,206,camera_sign_speed_limit
54.931421330000376,54815000000,True,True,42,camera_sign_speed_limit,speed_limit_sign,,0.4056585904738053,870,30,29,409,206,camera_sign_speed_limit
54.970329818999744,54916000000,True,True,43,camera_sign_speed_limit,speed_limit_sign,,0.4000802634486795,870,30,29,409,206,camera_sign_speed_limit
55.00547193300008,54916000000,True,True,44,camera_sign_speed_limit,speed_limit_sign,,0.40040298932715435,900,30,30,409,206,camera_sign_speed_limit
55.05971198000043,55017000000,True,True,45,camera_sign_speed_limit,speed_limit_sign,,0.40591809970665704,930,30,31,409,205,camera_sign_speed_limit
55.08148509400053,55017000000,True,True,46,camera_sign_speed_limit,speed_limit_sign,,0.39202045549307296,900,30,30,409,205,camera_sign_speed_limit
55.10194979700009,55017000000,True,True,47,camera_sign_speed_limit,speed_limit_sign,,0.3875778202928057,870,30,29,408,205,camera_sign_speed_limit
55.13503707000018,55017000000,True,True,48,camera_sign_speed_limit,speed_limit_sign,,0.39898552686098754,930,31,30,408,205,camera_sign_speed_limit
55.18213083000046,55118000000,True,True,49,camera_sign_speed_limit,speed_limit_sign,,0.4092179338226517,961,31,31,408,204,camera_sign_speed_limit
55.192667450000044,55118000000,True,True,50,camera_sign_speed_limit,speed_limit_sign,,0.3901734394433199,930,31,30,408,205,camera_sign_speed_limit
55.23491170299985,55118000000,True,True,51,camera_sign_speed_limit,speed_limit_sign,,0.39076311751496673,961,31,31,407,204,camera_sign_speed_limit
55.303269617000296,55218000000,True,True,52,camera_sign_speed_limit,speed_limit_sign,,0.40380878833137235,1054,31,34,407,204,camera_sign_speed_limit
55.30999689500004,55218000000,True,True,53,camera_sign_speed_limit,speed_limit_sign,,0.3778118342239961,930,31,30,406,204,camera_sign_speed_limit
55.33762086600018,55218000000,True,True,54,camera_sign_speed_limit,speed_limit_sign,,0.41246119526211544,1054,34,31,405,203,camera_sign_speed_limit
55.36964792599974,55320000000,True,True,55,camera_sign_speed_limit,speed_limit_sign,,0.399744703902611,1054,31,34,405,203,camera_sign_speed_limit
55.40112879800017,55320000000,True,True,56,camera_sign_speed_limit,speed_limit_sign,,0.4070661556844077,1054,34,31,404,203,camera_sign_speed_limit
55.433789411999896,55320000000,True,True,57,camera_sign_speed_limit,speed_limit_sign,,0.4066016222466492,1156,34,34,403,203,camera_sign_speed_limit
55.45755450800061,55421000000,True,True,58,camera_sign_speed_limit,speed_limit_sign,,0.41735463852465327,1156,34,34,403,202,camera_sign_speed_limit
55.51297540399992,55421000000,True,True,59,camera_sign_speed_limit,speed_limit_sign,,0.40196141942774677,1085,35,31,402,202,camera_sign_speed_limit
55.53399874099978,55421000000,True,True,60,camera_sign_speed_limit,speed_limit_sign,,0.40599424534196504,1190,35,34,401,202,camera_sign_speed_limit
55.55574018900006,55524000000,True,True,61,camera_sign_speed_limit,speed_limit_sign,,0.40794306974569217,1190,35,34,400,202,camera_sign_speed_limit
55.60228721900057,55524000000,True,True,62,camera_sign_speed_limit,speed_limit_sign,,0.4076538455876919,1225,35,35,399,201,camera_sign_speed_limit
55.6354292900005,55524000000,True,True,63,camera_sign_speed_limit,speed_limit_sign,,0.4114992416783935,1225,35,35,398,201,camera_sign_speed_limit
55.70483370300008,55623000000,True,True,64,camera_sign_speed_limit,speed_limit_sign,,0.4118093829810462,1224,36,34,397,201,camera_sign_speed_limit
55.72488297700056,55623000000,True,True,65,camera_sign_speed_limit,speed_limit_sign,,0.41044804834368087,1296,36,36,396,200,camera_sign_speed_limit
55.74791958500009,55623000000,True,True,66,camera_sign_speed_limit,speed_limit_sign,,0.3975013436449169,1260,36,35,395,200,camera_sign_speed_limit
55.76995021899984,55721000000,True,True,67,camera_sign_speed_limit,speed_limit_sign,,0.42059871862351095,1365,39,35,394,199,camera_sign_speed_limit
55.815077383000244,55721000000,True,True,68,camera_sign_speed_limit,speed_limit_sign,,0.41402322840873595,1365,39,35,393,199,camera_sign_speed_limit
55.83591178400002,55721000000,True,True,69,camera_sign_speed_limit,speed_limit_sign,,0.41075276774990854,1404,39,36,392,199,camera_sign_speed_limit
55.88188602399987,55823000000,True,True,70,camera_sign_speed_limit,speed_limit_sign,,0.4079068867875021,1404,39,36,391,198,camera_sign_speed_limit
55.91348296900014,55823000000,True,True,71,camera_sign_speed_limit,speed_limit_sign,,0.41385377030627934,1440,40,36,390,198,camera_sign_speed_limit
55.922778090000065,55823000000,True,True,72,camera_sign_speed_limit,speed_limit_sign,,0.4077327013533122,1440,40,36,388,198,camera_sign_speed_limit
55.98957680300009,55926000000,True,True,73,camera_sign_speed_limit,speed_limit_sign,,0.4196585296935056,1560,40,39,387,197,camera_sign_speed_limit
56.00102067199987,55926000000,True,True,74,camera_sign_speed_limit,speed_limit_sign,,0.40040643272458865,1440,40,36,386,197,camera_sign_speed_limit
56.03574263500013,55926000000,True,True,75,camera_sign_speed_limit,speed_limit_sign,,0.4113013933970373,1560,40,39,385,196,camera_sign_speed_limit
56.071998316000645,56023000000,True,True,75,camera_sign_speed_limit,speed_limit_sign,,0.4113013933970373,1560,40,39,385,196,camera_sign_speed_limit
56.10239803100012,56023000000,True,True,75,camera_sign_speed_limit,speed_limit_sign,,0.4113013933970373,1560,40,39,385,196,camera_sign_speed_limit
56.135469800000465,56023000000,True,True,75,camera_sign_speed_limit,speed_limit_sign,,0.4113013933970373,1560,40,39,385,196,camera_sign_speed_limit
56.18271714000002,56121000000,True,True,75,camera_sign_speed_limit,speed_limit_sign,,0.4113013933970373,1560,40,39,385,196,camera_sign_speed_limit
56.19382737900014,56121000000,True,True,75,camera_sign_speed_limit,speed_limit_sign,,0.4113013933970373,1560,40,39,385,196,camera_sign_speed_limit
56.23793973800002,56121000000,True,True,75,camera_sign_speed_limit,speed_limit_sign,,0.4113013933970373,1560,40,39,385,196,camera_sign_speed_limit
56.2607065330003,56221000000,True,True,75,camera_sign_speed_limit,speed_limit_sign,,0.4113013933970373,1560,40,39,385,196,camera_sign_speed_limit
56.31144089600002,56221000000,True,True,75,camera_sign_speed_limit,speed_limit_sign,,0.4113013933970373,1560,40,39,385,196,camera_sign_speed_limit
56.339377741000135,56221000000,True,True,75,camera_sign_speed_limit,speed_limit_sign,,0.4113013933970373,1560,40,39,385,196,camera_sign_speed_limit
56.37249694500042,56321000000,True,True,75,camera_sign_speed_limit,speed_limit_sign,,0.4113013933970373,1560,40,39,385,196,camera_sign_speed_limit
56.40625015200021,56321000000,True,True,75,camera_sign_speed_limit,speed_limit_sign,,0.4113013933970373,1560,40,39,385,196,camera_sign_speed_limit
56.4440238950001,56321000000,True,True,75,camera_sign_speed_limit,speed_limit_sign,,0.4113013933970373,1560,40,39,385,196,camera_sign_speed_limit
56.476835664000646,56421000000,False,False,0,,,,0.0,0,0,0,0,0,camera_sign_speed_limit
56.50851921600042,56421000000,False,False,0,,,,0.0,0,0,0,0,0,camera_sign_speed_limit
56.55189895000058,56421000000,False,False,0,,,,0.0,0,0,0,0,0,camera_sign_speed_limit
56.58480761100054,56521000000,False,False,0,,,,0.0,0,0,0,0,0,camera_sign_speed_limit
56.618971738000255,56521000000,False,False,0,,,,0.0,0,0,0,0,0,camera_sign_speed_limit
56.64195685899995,56521000000,False,False,0,,,,0.0,0,0,0,0,0,camera_sign_speed_limit
56.66411573000005,56622000000,False,False,0,,,,0.0,0,0,0,0,0,camera_sign_speed_limit
56.71761019400037,56622000000,False,False,0,,,,0.0,0,0,0,0,0,camera_sign_speed_limit
56.72971550800048,56622000000,False,False,0,,,,0.0,0,0,0,0,0,camera_sign_speed_limit
56.79573188700033,56723000000,False,False,0,,,,0.0,0,0,0,0,0,camera_sign_speed_limit
56.80130083400036,56723000000,False,False,0,,,,0.0,0,0,0,0,0,camera_sign_speed_limit
56.84207156699995,56723000000,False,False,0,,,,0.0,0,0,0,0,0,camera_sign_speed_limit
56.87511746200016,56824000000,False,False,0,,,,0.0,0,0,0,0,0,camera_sign_speed_limit
56.9285114610002,56824000000,False,False,0,,,,0.0,0,0,0,0,0,camera_sign_speed_limit
56.95157341200047,56824000000,False,False,0,,,,0.0,0,0,0,0,0,camera_sign_speed_limit
56.98306613600016,56924000000,False,False,0,,,,0.0,0,0,0,0,0,camera_sign_speed_limit
57.005600168000456,56924000000,False,False,0,,,,0.0,0,0,0,0,0,camera_sign_speed_limit
57.037913604000096,56924000000,False,False,0,,,,0.0,0,0,0,0,0,camera_sign_speed_limit
57.07205310400059,57026000000,False,False,0,,,,0.0,0,0,0,0,0,camera_sign_speed_limit
57.106284436999886,57026000000,False,False,0,,,,0.0,0,0,0,0,0,camera_sign_speed_limit
57.14153222100049,57026000000,True,False,1,camera_sign_turn_right,turn_right_sign,right,0.4718832861223126,442,17,26,408,232,camera_sign_speed_limit
57.1630105940003,57124000000,True,False,1,camera_sign_turn_right,turn_right_sign,right,0.4718832861223126,442,17,26,408,232,camera_sign_speed_limit
57.2074372900006,57124000000,True,False,1,camera_sign_turn_right,turn_right_sign,right,0.4718832861223126,442,17,26,408,232,camera_sign_speed_limit
57.240609782999854,57124000000,True,True,2,camera_sign_turn_right,turn_right_sign,right,0.47506295798276393,468,18,26,407,231,camera_sign_speed_limit
57.28447983000024,57226000000,True,True,2,camera_sign_turn_right,turn_right_sign,right,0.47506295798276393,468,18,26,407,231,camera_sign_speed_limit
57.30566665400056,57226000000,True,True,2,camera_sign_turn_right,turn_right_sign,right,0.47506295798276393,468,18,26,407,231,camera_sign_speed_limit
57.32807247399978,57226000000,True,True,2,camera_sign_turn_right,turn_right_sign,right,0.47506295798276393,468,18,26,407,231,camera_sign_speed_limit
57.37886085500031,57325000000,True,True,3,camera_sign_turn_right,turn_right_sign,right,0.4768908830000044,468,18,26,406,231,camera_sign_speed_limit
57.405588122000154,57325000000,True,True,3,camera_sign_turn_right,turn_right_sign,right,0.4768908830000044,468,18,26,406,231,camera_sign_speed_limit
57.44918314500046,57325000000,True,True,3,camera_sign_turn_right,turn_right_sign,right,0.4768908830000044,468,18,26,406,231,camera_sign_speed_limit
57.47326639499988,57427000000,True,True,4,camera_sign_turn_right,turn_right_sign,right,0.4826286668612821,468,18,26,405,232,camera_sign_speed_limit
57.50879900500058,57427000000,True,True,4,camera_sign_turn_right,turn_right_sign,right,0.4826286668612821,468,18,26,405,232,camera_sign_speed_limit
57.541521486999955,57427000000,True,True,4,camera_sign_turn_right,turn_right_sign,right,0.4826286668612821,468,18,26,405,232,camera_sign_speed_limit
57.592714985000384,57530000000,True,True,4,camera_sign_turn_right,turn_right_sign,right,0.4826286668612821,468,18,26,405,232,camera_sign_speed_limit
57.59812161100035,57530000000,True,True,5,camera_sign_turn_right,turn_right_sign,right,0.4863418548095557,468,18,26,404,231,camera_sign_speed_limit
57.62565338700006,57530000000,True,True,5,camera_sign_turn_right,turn_right_sign,right,0.4863418548095557,468,18,26,404,231,camera_sign_speed_limit
57.681683874000555,57632000000,True,True,5,camera_sign_turn_right,turn_right_sign,right,0.4863418548095557,468,18,26,404,231,camera_sign_speed_limit
57.713237459000084,57632000000,True,True,5,camera_sign_turn_right,turn_right_sign,right,0.4863418548095557,468,18,26,404,231,camera_sign_speed_limit
57.73703136400036,57632000000,True,True,6,camera_sign_turn_right,turn_right_sign,right,0.47077594862270045,522,18,29,402,231,camera_sign_speed_limit
57.79277500999979,57732000000,True,True,6,camera_sign_turn_right,turn_right_sign,right,0.47077594862270045,522,18,29,402,231,camera_sign_speed_limit
57.83290010100063,57732000000,True,True,6,camera_sign_turn_right,turn_right_sign,right,0.47077594862270045,522,18,29,402,231,camera_sign_speed_limit
57.833710874000644,57732000000,True,True,6,camera_sign_turn_right,turn_right_sign,right,0.47077594862270045,522,18,29,402,231,camera_sign_speed_limit
57.8907646130001,57823000000,True,True,7,camera_sign_turn_right,turn_right_sign,right,0.4782037980700886,551,19,29,402,231,camera_sign_speed_limit
57.9121482569999,57823000000,True,True,7,camera_sign_turn_right,turn_right_sign,right,0.4782037980700886,551,19,29,402,231,camera_sign_speed_limit
57.94564942600027,57823000000,True,True,7,camera_sign_turn_right,turn_right_sign,right,0.4782037980700886,551,19,29,402,231,camera_sign_speed_limit
57.96635799100022,57925000000,True,True,7,camera_sign_turn_right,turn_right_sign,right,0.4782037980700886,551,19,29,402,231,camera_sign_speed_limit
58.03945577400009,57925000000,True,True,8,camera_sign_turn_right,turn_right_sign,right,0.4812628817839884,551,19,29,400,231,camera_sign_speed_limit
58.047449142000005,57925000000,True,True,8,camera_sign_turn_right,turn_right_sign,right,0.4812628817839884,551,19,29,400,231,camera_sign_speed_limit
58.078560448000644,58029000000,True,True,8,camera_sign_turn_right,turn_right_sign,right,0.4812628817839884,551,19,29,400,231,camera_sign_speed_limit
58.099273580000045,58029000000,True,True,9,camera_sign_turn_right,turn_right_sign,right,0.49954212973073076,494,19,26,400,230,camera_sign_speed_limit
58.149161714,58029000000,True,True,10,camera_sign_turn_right,turn_right_sign,right,0.4848955735287509,551,19,29,400,230,camera_sign_speed_limit
58.17081223100013,58133000000,True,True,10,camera_sign_turn_right,turn_right_sign,right,0.4848955735287509,551,19,29,400,230,camera_sign_speed_limit
58.231246563999775,58133000000,True,True,11,camera_sign_turn_right,turn_right_sign,right,0.4978752329538992,494,19,26,399,230,camera_sign_speed_limit
58.238468043000466,58133000000,True,True,12,camera_sign_turn_right,turn_right_sign,right,0.4844620238781135,589,19,31,399,230,camera_sign_speed_limit
58.266919532999964,58133000000,True,True,13,camera_sign_turn_right,turn_right_sign,right,0.4798342727336473,580,20,29,398,230,camera_sign_speed_limit
58.332102121999924,58234000000,True,True,14,camera_sign_turn_right,turn_right_sign,right,0.5021993436263487,494,19,26,398,230,camera_sign_speed_limit
58.342555815000196,58234000000,True,True,15,camera_sign_turn_right,turn_right_sign,right,0.4926497126885878,551,19,29,397,230,camera_sign_speed_limit
58.373766224000065,58334000000,True,True,16,camera_sign_turn_right,turn_right_sign,right,0.4795059846242342,620,20,31,397,230,camera_sign_speed_limit
58.41153584800031,58334000000,True,True,17,camera_sign_turn_right,turn_right_sign,right,0.5084314825718033,520,20,26,397,230,camera_sign_speed_limit
58.460505372000625,58334000000,True,True,18,camera_sign_turn_right,turn_right_sign,right,0.4985777273524778,551,19,29,397,230,camera_sign_speed_limit
58.46904810600063,58433000000,True,True,19,camera_sign_turn_right,turn_right_sign,right,0.48443954453844795,620,20,31,396,231,camera_sign_speed_limit
58.509546940999826,58433000000,True,True,20,camera_sign_turn_right,turn_right_sign,right,0.4965936096684823,580,20,29,396,229,camera_sign_speed_limit
58.54459262399996,58433000000,True,True,21,camera_sign_turn_right,turn_right_sign,right,0.5064005010279266,551,19,29,396,230,camera_sign_speed_limit
58.61337911100054,58532000000,True,True,22,camera_sign_turn_right,turn_right_sign,right,0.47281418847848455,680,20,34,395,230,camera_sign_speed_limit
58.636574490000385,58532000000,True,True,23,camera_sign_turn_right,turn_right_sign,right,0.4982438865588267,580,20,29,395,229,camera_sign_speed_limit
58.667241774000104,58532000000,True,True,24,camera_sign_turn_right,turn_right_sign,right,0.48817205420470394,630,21,30,395,229,camera_sign_speed_limit
58.6893899100005,58635000000,True,True,25,camera_sign_turn_right,turn_right_sign,right,0.47996612283776857,680,20,34,394,230,camera_sign_speed_limit
58.710049480000635,58635000000,True,True,26,camera_sign_turn_right,turn_right_sign,right,0.4854338527325073,680,20,34,394,230,camera_sign_speed_limit
58.75640544199996,58635000000,True,True,27,camera_sign_turn_right,turn_right_sign,right,0.49853190609287296,630,21,30,394,230,camera_sign_speed_limit
58.775009599999976,58736000000,True,True,28,camera_sign_turn_right,turn_right_sign,right,0.4857048003381588,680,20,34,393,230,camera_sign_speed_limit
58.832028498,58736000000,True,True,29,camera_sign_turn_right,turn_right_sign,right,0.4958583675960322,630,21,30,393,229,camera_sign_speed_limit
58.85672556500049,58736000000,True,True,30,camera_sign_turn_right,turn_right_sign,right,0.4999656256194599,630,21,30,393,230,camera_sign_speed_limit
58.867994836000435,58736000000,True,True,31,camera_sign_turn_right,turn_right_sign,right,0.4844516115694536,700,20,35,392,230,camera_sign_speed_limit
58.91443343900028,58833000000,True,True,32,camera_sign_turn_right,turn_right_sign,right,0.5040971131096258,630,21,30,392,229,camera_sign_speed_limit
58.95311656800004,58833000000,True,True,33,camera_sign_turn_right,turn_right_sign,right,0.5021187670917965,651,21,31,392,229,camera_sign_speed_limit
59.00245321800048,58933000000,True,True,34,camera_sign_turn_right,turn_right_sign,right,0.4900975130374527,714,21,34,391,230,camera_sign_speed_limit
59.010511113000575,58933000000,True,True,35,camera_sign_turn_right,turn_right_sign,right,0.5028113986001211,651,21,31,391,229,camera_sign_speed_limit
59.045749079000416,58933000000,True,True,36,camera_sign_turn_right,turn_right_sign,right,0.4955269683686232,714,21,34,390,229,camera_sign_speed_limit
59.08956203300022,59034000000,True,True,37,camera_sign_turn_right,turn_right_sign,right,0.48965109038329085,735,21,35,390,230,camera_sign_speed_limit
59.11437809000017,59034000000,True,True,38,camera_sign_turn_right,turn_right_sign,right,0.5140255420363437,651,21,31,390,229,camera_sign_speed_limit
59.14640030700048,59034000000,True,True,39,camera_sign_turn_right,turn_right_sign,right,0.4910253333268507,770,22,35,389,229,camera_sign_speed_limit
59.22184546900007,59134000000,True,True,40,camera_sign_turn_right,turn_right_sign,right,0.49844958639637466,714,21,34,389,229,camera_sign_speed_limit
59.23014812100064,59134000000,True,True,41,camera_sign_turn_right,turn_right_sign,right,0.4937457518119514,748,22,34,389,229,camera_sign_speed_limit
59.24640129100044,59134000000,True,True,42,camera_sign_turn_right,turn_right_sign,right,0.49386933855338233,770,22,35,388,229,camera_sign_speed_limit
59.28054172800057,59233000000,True,True,43,camera_sign_turn_right,turn_right_sign,right,0.49084531404376974,792,22,36,388,229,camera_sign_speed_limit
59.29958593500032,59233000000,True,True,44,camera_sign_turn_right,turn_right_sign,right,0.4971157158740236,770,22,35,387,230,camera_sign_speed_limit
59.3463175880006,59233000000,True,True,45,camera_sign_turn_right,turn_right_sign,right,0.48960972040145506,828,23,36,387,229,camera_sign_speed_limit
59.38854211099988,59336000000,True,True,46,camera_sign_turn_right,turn_right_sign,right,0.49758060271188614,792,22,36,387,229,camera_sign_speed_limit
59.40889293000055,59336000000,True,True,47,camera_sign_turn_right,turn_right_sign,right,0.5036448751846901,792,22,36,386,229,camera_sign_speed_limit
59.45246903400039,59336000000,True,True,48,camera_sign_turn_right,turn_right_sign,right,0.5041123733206816,792,22,36,386,229,camera_sign_speed_limit
59.49757313000009,59440000000,True,True,49,camera_sign_turn_right,turn_right_sign,right,0.49574950107271276,828,23,36,385,229,camera_sign_speed_limit
59.50267159099985,59440000000,True,True,50,camera_sign_turn_right,turn_right_sign,right,0.5037654854782377,828,23,36,385,229,camera_sign_speed_limit
59.538204440999834,59440000000,True,True,51,camera_sign_turn_right,turn_right_sign,right,0.4889435815154053,897,23,39,384,229,camera_sign_speed_limit
59.57620464499996,59540000000,True,True,52,camera_sign_turn_right,turn_right_sign,right,0.4913711292017526,897,23,39,384,228,camera_sign_speed_limit
59.642866324999886,59540000000,True,True,53,camera_sign_turn_right,turn_right_sign,right,0.48802240524994916,920,23,40,383,229,camera_sign_speed_limit
59.653788431000066,59540000000,True,True,54,camera_sign_turn_right,turn_right_sign,right,0.4960213816989823,897,23,39,383,228,camera_sign_speed_limit
59.69935495499976,59639000000,True,True,55,camera_sign_turn_right,turn_right_sign,right,0.49023552805843273,936,24,39,383,228,camera_sign_speed_limit
59.705065533999914,59639000000,True,True,56,camera_sign_turn_right,turn_right_sign,right,0.4960726946803907,897,23,39,382,228,camera_sign_speed_limit
59.76508486500006,59639000000,True,True,57,camera_sign_turn_right,turn_right_sign,right,0.49471198024796825,936,24,39,382,228,camera_sign_speed_limit
59.79828743500002,59739000000,True,True,58,camera_sign_turn_right,turn_right_sign,right,0.49680017118531467,960,24,40,381,228,camera_sign_speed_limit
59.82075893000001,59739000000,True,True,59,camera_sign_turn_right,turn_right_sign,right,0.5020038155898303,936,24,39,381,228,camera_sign_speed_limit
59.855226654000035,59739000000,True,True,60,camera_sign_turn_right,turn_right_sign,right,0.5013606889920014,960,24,40,380,228,camera_sign_speed_limit
59.887235957000485,59839000000,True,True,61,camera_sign_turn_right,turn_right_sign,right,0.5042390284479423,936,24,39,380,228,camera_sign_speed_limit
59.90600992600048,59839000000,True,True,62,camera_sign_turn_right,turn_right_sign,right,0.4995755440042317,984,24,41,379,228,camera_sign_speed_limit
59.9646385570004,59839000000,True,True,63,camera_sign_turn_right,turn_right_sign,right,0.5029563437291875,960,24,40,379,228,camera_sign_speed_limit
59.998881117000565,59942000000,True,True,64,camera_sign_turn_right,turn_right_sign,right,0.5058077294045645,984,24,41,378,228,camera_sign_speed_limit
60.008461356000225,59942000000,True,True,65,camera_sign_turn_right,turn_right_sign,right,0.5075655689649855,960,24,40,378,228,camera_sign_speed_limit
60.053516255999966,59942000000,True,True,66,camera_sign_turn_right,turn_right_sign,right,0.502422913848615,1025,25,41,377,228,camera_sign_speed_limit
60.07477541600019,59942000000,True,True,67,camera_sign_turn_right,turn_right_sign,right,0.5090378825847799,1025,25,41,377,228,camera_sign_speed_limit
60.121100297999874,60041000000,True,True,68,camera_sign_turn_right,turn_right_sign,right,0.508557612013948,1025,25,41,376,228,camera_sign_speed_limit
60.15161517100023,60041000000,True,True,69,camera_sign_turn_right,turn_right_sign,right,0.5084137463500047,1066,26,41,375,228,camera_sign_speed_limit
60.164092261000405,60041000000,True,True,70,camera_sign_turn_right,turn_right_sign,right,0.5009098228043535,1100,25,44,375,228,camera_sign_speed_limit
60.2188244429999,60143000000,True,True,71,camera_sign_turn_right,turn_right_sign,right,0.49790283142115593,1144,26,44,374,228,camera_sign_speed_limit
60.24263924299976,60143000000,True,True,72,camera_sign_turn_right,turn_right_sign,right,0.49800672464277473,1144,26,44,374,228,camera_sign_speed_limit
60.275745646999894,60143000000,True,True,73,camera_sign_turn_right,turn_right_sign,right,0.5041499934251561,1144,26,44,373,228,camera_sign_speed_limit
60.331308493000506,60242000000,True,True,74,camera_sign_turn_right,turn_right_sign,right,0.5059906568862098,1144,26,44,373,228,camera_sign_speed_limit
60.35461178500009,60242000000,True,True,75,camera_sign_turn_right,turn_right_sign,right,0.4935189639703877,1276,29,44,372,227,camera_sign_speed_limit
60.38699357400037,60340000000,True,True,76,camera_sign_turn_right,turn_right_sign,right,0.5119926875400044,1144,26,44,372,228,camera_sign_speed_limit
60.39821903699976,60340000000,True,True,77,camera_sign_turn_right,turn_right_sign,right,0.49750077961323197,1276,29,44,371,227,camera_sign_speed_limit
60.43218684900057,60340000000,True,True,78,camera_sign_turn_right,turn_right_sign,right,0.49521931445840867,1305,29,45,370,227,camera_sign_speed_limit
60.48795874000007,60440000000,True,True,79,camera_sign_turn_right,turn_right_sign,right,0.5005469497557926,1305,29,45,370,227,camera_sign_speed_limit
60.49917051200009,60440000000,True,True,80,camera_sign_turn_right,turn_right_sign,right,0.4987817690740261,1305,29,45,369,227,camera_sign_speed_limit
60.53082957400056,60440000000,True,True,81,camera_sign_turn_right,turn_right_sign,right,0.5008405729909895,1305,29,45,368,227,camera_sign_speed_limit
60.58709740799986,60541000000,True,True,82,camera_sign_turn_right,turn_right_sign,right,0.5001174568105227,1350,30,45,368,227,camera_sign_speed_limit
60.632650106000256,60541000000,True,True,83,camera_sign_turn_right,turn_right_sign,right,0.5085762462228645,1305,29,45,367,227,camera_sign_speed_limit
60.654454708999765,60541000000,True,True,84,camera_sign_turn_right,turn_right_sign,right,0.5075051988487236,1350,30,45,366,227,camera_sign_speed_limit
60.73268357100005,60642000000,True,True,85,camera_sign_turn_right,turn_right_sign,right,0.49574172133355415,1440,30,48,366,227,camera_sign_speed_limit
60.73801231500056,60642000000,True,True,86,camera_sign_turn_right,turn_right_sign,right,0.4946824070816041,1488,31,48,365,227,camera_sign_speed_limit
60.754691903000094,60642000000,True,True,87,camera_sign_turn_right,turn_right_sign,right,0.5058568712876887,1440,30,48,364,227,camera_sign_speed_limit
60.779699660000006,60742000000,True,True,88,camera_sign_turn_right,turn_right_sign,right,0.5055475289547724,1440,30,48,364,227,camera_sign_speed_limit
60.799121134000416,60742000000,True,True,89,camera_sign_turn_right,turn_right_sign,right,0.5033758333610798,1488,31,48,363,227,camera_sign_speed_limit
60.85408324800028,60742000000,True,True,90,camera_sign_turn_right,turn_right_sign,right,0.5081712972250205,1488,31,48,362,227,camera_sign_speed_limit
60.88726504999977,60841000000,True,True,91,camera_sign_turn_right,turn_right_sign,right,0.48933555326972417,1666,34,49,362,226,camera_sign_speed_limit
60.93887796499985,60841000000,True,True,92,camera_sign_turn_right,turn_right_sign,right,0.4916764751584156,1666,34,49,361,226,camera_sign_speed_limit
60.94416650899984,60841000000,True,True,93,camera_sign_turn_right,turn_right_sign,right,0.49627516218241646,1666,34,49,360,226,camera_sign_speed_limit
60.97857778600064,60841000000,True,True,94,camera_sign_turn_right,turn_right_sign,right,0.5017626662514478,1666,34,49,359,226,camera_sign_speed_limit
61.021796077000545,60943000000,True,True,95,camera_sign_turn_right,turn_right_sign,right,0.5014809200119027,1666,34,49,359,226,camera_sign_speed_limit
61.031566327999826,60943000000,True,True,96,camera_sign_turn_right,turn_right_sign,right,0.5033606069899159,1666,34,49,358,226,camera_sign_speed_limit
61.076438097999926,60943000000,True,True,97,camera_sign_turn_right,turn_right_sign,right,0.49900341583477686,1750,35,50,357,226,camera_sign_speed_limit
61.09761991300002,61045000000,True,True,98,camera_sign_turn_right,turn_right_sign,right,0.5017495087221763,1750,35,50,356,226,camera_sign_speed_limit
61.14384037899981,61045000000,True,True,99,camera_sign_turn_right,turn_right_sign,right,0.5003058292526374,1800,36,50,355,226,camera_sign_speed_limit
61.165051273000245,61045000000,True,True,100,camera_sign_turn_right,turn_right_sign,right,0.5028097243412327,1800,36,50,355,226,camera_sign_speed_limit
61.19867091500055,61144000000,True,True,101,camera_sign_turn_right,turn_right_sign,right,0.5065194474077647,1800,36,50,354,226,camera_sign_speed_limit
61.23304619100054,61144000000,True,True,102,camera_sign_turn_right,turn_right_sign,right,0.49858170965768456,1950,39,50,353,226,camera_sign_speed_limit
61.26654351700017,61144000000,True,True,103,camera_sign_turn_right,turn_right_sign,right,0.4892174437605328,2067,39,53,352,226,camera_sign_speed_limit
61.323347090000425,61246000000,True,True,104,camera_sign_turn_right,turn_right_sign,right,0.49227252573695784,2067,39,53,351,225,camera_sign_speed_limit
61.344021042999884,61246000000,True,True,105,camera_sign_turn_right,turn_right_sign,right,0.49463246137377676,2067,39,53,350,225,camera_sign_speed_limit
61.39977554000052,61343000000,True,True,106,camera_sign_turn_right,turn_right_sign,right,0.4944159997285377,2120,40,53,350,225,camera_sign_speed_limit
61.412122950000594,61343000000,True,True,107,camera_sign_turn_right,turn_right_sign,right,0.49779408558597643,2120,40,53,349,225,camera_sign_speed_limit
61.445350410000174,61343000000,True,True,108,camera_sign_turn_right,turn_right_sign,right,0.49601069979889617,2160,40,54,348,225,camera_sign_speed_limit
61.49457014700056,61444000000,True,True,109,camera_sign_turn_right,turn_right_sign,right,0.4984469934850252,2160,40,54,347,225,camera_sign_speed_limit
61.51274723999995,61444000000,True,True,110,camera_sign_turn_right,turn_right_sign,right,0.4983350610108436,2214,41,54,346,225,camera_sign_speed_limit
61.55595972900028,61444000000,True,True,111,camera_sign_turn_right,turn_right_sign,right,0.5009789353482268,2214,41,54,345,225,camera_sign_speed_limit
61.5702807990001,61444000000,True,True,112,camera_sign_turn_right,turn_right_sign,right,0.5036221028291641,2214,41,54,344,225,camera_sign_speed_limit
61.63069366200034,61547000000,True,True,113,camera_sign_turn_right,turn_right_sign,right,0.49961718017954293,2376,44,54,343,225,camera_sign_speed_limit
61.63588019300005,61547000000,True,True,114,camera_sign_turn_right,turn_right_sign,right,0.49635240870214253,2420,44,55,343,225,camera_sign_speed_limit
61.67885673799992,61547000000,True,True,115,camera_sign_turn_right,turn_right_sign,right,0.500509748026508,2420,44,55,341,225,camera_sign_speed_limit
61.73511753999992,61645000000,True,True,116,camera_sign_turn_right,turn_right_sign,right,0.49958713255566856,2475,45,55,340,225,camera_sign_speed_limit
61.74162302000059,61645000000,True,True,117,camera_sign_turn_right,turn_right_sign,right,0.5034440161146077,2475,45,55,339,224,camera_sign_speed_limit
61.778574394000316,61645000000,True,True,118,camera_sign_turn_right,turn_right_sign,right,0.4966483976543672,2610,45,58,338,224,camera_sign_speed_limit
61.82400698099991,61746000000,True,True,119,camera_sign_turn_right,turn_right_sign,right,0.4910818507765198,2784,48,58,337,224,camera_sign_speed_limit
61.854452503000175,61746000000,True,True,120,camera_sign_turn_right,turn_right_sign,right,0.4938729411572232,2784,48,58,337,224,camera_sign_speed_limit
61.90039417800017,61847000000,True,True,121,camera_sign_turn_right,turn_right_sign,right,0.49373257216079874,2842,49,58,335,224,camera_sign_speed_limit
61.912138253000194,61847000000,True,True,122,camera_sign_turn_right,turn_right_sign,right,0.5013407906695796,2990,115,26,71,233,camera_sign_speed_limit
61.966734659000394,61847000000,True,True,123,camera_sign_turn_right,turn_right_sign,right,0.5016239121561191,3068,118,26,68,233,camera_sign_speed_limit
61.977435398000125,61847000000,True,True,124,camera_sign_turn_right,turn_right_sign,right,0.5038558272079541,3120,120,26,65,233,camera_sign_speed_limit
62.0252823689998,61948000000,True,True,125,camera_sign_turn_right,turn_right_sign,right,0.5077730273436356,3120,120,26,62,232,camera_sign_speed_limit
62.045964632000505,61948000000,True,True,126,camera_sign_turn_right,turn_right_sign,right,0.5013981570925427,3509,121,29,58,232,camera_sign_speed_limit
62.08081709199996,61948000000,True,True,127,camera_sign_turn_right,turn_right_sign,right,0.5061469265134559,3480,120,29,55,232,camera_sign_speed_limit
62.102102681999895,62047000000,True,True,128,camera_sign_turn_right,turn_right_sign,right,0.5118340835946611,3393,117,29,51,232,camera_sign_speed_limit
62.15752847099975,62047000000,True,True,129,camera_sign_turn_right,turn_right_sign,right,0.5128764615364084,3450,115,30,47,232,camera_sign_speed_limit
62.22456437100027,62150000000,True,True,130,camera_sign_turn_right,turn_right_sign,right,0.5157674197375332,3360,112,30,44,232,camera_sign_speed_limit
62.23561197399977,62150000000,True,True,131,camera_sign_turn_right,turn_right_sign,right,0.5149612106474897,3300,110,30,40,232,camera_sign_speed_limit
62.24163083300027,62150000000,True,True,132,camera_sign_turn_right,turn_right_sign,right,0.5140018221062717,3210,107,30,37,232,camera_sign_speed_limit
62.29001414400045,62249000000,True,True,133,camera_sign_turn_right,turn_right_sign,right,0.5154780311285428,3090,103,30,35,232,camera_sign_speed_limit
62.33375081000031,62249000000,True,True,134,camera_sign_turn_right,turn_right_sign,right,0.5149195991725918,2970,99,30,33,232,camera_sign_speed_limit
62.35582707000049,62249000000,True,True,135,camera_sign_turn_right,turn_right_sign,right,0.5150986845767135,2820,94,30,31,232,camera_sign_speed_limit
62.38033049299975,62249000000,True,True,136,camera_sign_turn_right,turn_right_sign,right,0.5137679058400674,2700,90,30,29,232,camera_sign_speed_limit
62.41159627600064,62351000000,True,True,137,camera_sign_turn_right,turn_right_sign,right,0.5001142423770575,3840,60,64,316,222,camera_sign_speed_limit
62.468514064000374,62351000000,True,True,138,camera_sign_turn_right,turn_right_sign,right,0.5049892926040751,3840,60,64,315,222,camera_sign_speed_limit
62.47436492700035,62351000000,True,True,139,camera_sign_turn_right,turn_right_sign,right,0.4977985844415526,4095,63,65,313,221,camera_sign_speed_limit
62.510964537999826,62449000000,True,True,140,camera_sign_turn_right,turn_right_sign,right,0.5024638309303623,4095,63,65,312,221,camera_sign_speed_limit
62.53750872599994,62449000000,True,True,141,camera_sign_turn_right,turn_right_sign,right,0.5016579859564257,4160,64,65,310,221,camera_sign_speed_limit
62.594772106000164,62547000000,True,True,142,camera_sign_turn_right,turn_right_sign,right,0.49780620884924487,4352,64,68,309,221,camera_sign_speed_limit
62.63746895300028,62547000000,True,True,143,camera_sign_turn_right,turn_right_sign,right,0.49994846428989737,4420,65,68,307,221,camera_sign_speed_limit
62.682318355999996,62547000000,True,True,144,camera_sign_turn_right,turn_right_sign,right,0.49401414119664805,4692,68,69,306,221,camera_sign_speed_limit
62.69219293900005,62648000000,True,True,145,camera_sign_turn_right,turn_right_sign,right,0.49620573174756255,4761,69,69,304,221,camera_sign_speed_limit
62.730428562999805,62648000000,True,True,146,camera_sign_turn_right,turn_right_sign,right,0.500300214916106,4761,69,69,302,220,camera_sign_speed_limit
62.737640778999776,62648000000,True,True,147,camera_sign_turn_right,turn_right_sign,right,0.4995533815304181,4830,69,70,301,220,camera_sign_speed_limit
62.780862317000356,62648000000,True,True,148,camera_sign_turn_right,turn_right_sign,right,0.5018917113435907,4900,70,70,299,220,camera_sign_speed_limit
62.83137608600009,62749000000,True,True,149,camera_sign_turn_right,turn_right_sign,right,0.49565053057843145,5250,75,70,297,220,camera_sign_speed_limit
62.84835564900004,62749000000,True,True,150,camera_sign_turn_right,turn_right_sign,right,0.49890606417617955,5180,74,70,296,219,camera_sign_speed_limit
62.881422715000554,62749000000,True,True,151,camera_sign_turn_right,turn_right_sign,right,0.5055181243662812,5180,74,70,294,219,camera_sign_speed_limit
62.927185960000315,62849000000,True,True,152,camera_sign_turn_right,turn_right_sign,right,0.5084374697780514,5180,74,70,292,219,camera_sign_speed_limit
62.94801382900005,62849000000,True,True,153,camera_sign_turn_right,turn_right_sign,right,0.49494105052428217,5694,78,73,290,218,camera_sign_speed_limit
63.0142435960006,62950000000,True,True,154,camera_sign_turn_right,turn_right_sign,right,0.49844314305524806,5767,79,73,288,218,camera_sign_speed_limit
63.02506836400062,62950000000,True,True,155,camera_sign_turn_right,turn_right_sign,right,0.500592415989978,5767,79,73,286,218,camera_sign_speed_limit
63.04753744900063,62950000000,True,True,156,camera_sign_turn_right,turn_right_sign,right,0.49625755131590404,6059,83,73,284,217,camera_sign_speed_limit
63.075885520000156,62950000000,True,True,157,camera_sign_turn_right,turn_right_sign,right,0.4994947419330027,6059,83,73,282,217,camera_sign_speed_limit
63.10428660600064,63054000000,True,True,158,camera_sign_turn_right,turn_right_sign,right,0.49829080598958375,6290,85,74,280,217,camera_sign_speed_limit
63.14731700199991,63054000000,True,True,159,camera_sign_turn_right,turn_right_sign,right,0.5033384733515446,6205,85,73,278,216,camera_sign_speed_limit
63.19274582700018,63151000000,True,True,160,camera_sign_turn_right,turn_right_sign,right,0.4979215720365763,6586,89,74,276,216,camera_sign_speed_limit
63.213615143000425,63151000000,True,True,161,camera_sign_turn_right,turn_right_sign,right,0.5000138955308724,6660,90,74,274,216,camera_sign_speed_limit
63.24634883100043,63151000000,True,True,162,camera_sign_turn_right,turn_right_sign,right,0.502198919528552,6750,90,75,272,215,camera_sign_speed_limit
63.29240944200046,63250000000,True,True,163,camera_sign_turn_right,turn_right_sign,right,0.50034982918016,6956,94,74,270,215,camera_sign_speed_limit
63.314240565000546,63250000000,True,True,164,camera_sign_turn_right,turn_right_sign,right,0.5003131221627799,7125,95,75,267,214,camera_sign_speed_limit
63.346616288000405,63250000000,True,True,165,camera_sign_turn_right,turn_right_sign,right,0.4997291640566291,7350,98,75,265,214,camera_sign_speed_limit
63.38036660899979,63250000000,True,True,166,camera_sign_turn_right,turn_right_sign,right,0.4942602880708939,7800,100,78,263,214,camera_sign_speed_limit
63.41507007100063,63352000000,True,True,167,camera_sign_turn_right,turn_right_sign,right,0.5000054311874785,7725,103,75,260,213,camera_sign_speed_limit
63.44805275300041,63352000000,True,True,168,camera_sign_turn_right,turn_right_sign,right,0.4948152483885259,8112,104,78,258,213,camera_sign_speed_limit
63.494467579999764,63448000000,True,True,169,camera_sign_turn_right,turn_right_sign,right,0.49945890357889994,8190,105,78,255,212,camera_sign_speed_limit
63.51942511600009,63448000000,True,True,170,camera_sign_turn_right,turn_right_sign,right,0.4981219275787949,8424,108,78,252,212,camera_sign_speed_limit
63.54874154400022,63448000000,True,True,171,camera_sign_turn_right,turn_right_sign,right,0.49251216310988677,8927,113,79,250,211,camera_sign_speed_limit
63.57241332900048,63448000000,True,True,172,camera_sign_turn_right,turn_right_sign,right,0.49658766804355986,9006,114,79,247,211,camera_sign_speed_limit
63.61656109600062,63551000000,True,True,173,camera_sign_turn_right,turn_right_sign,right,0.4947456740830477,9322,118,79,244,210,camera_sign_speed_limit
63.649295965999954,63551000000,True,True,174,camera_sign_turn_right,turn_right_sign,right,0.49587588375129665,9480,120,79,241,210,camera_sign_speed_limit
63.68348322300062,63551000000,True,True,175,camera_sign_turn_right,turn_right_sign,right,0.49294845118437974,9920,124,80,238,209,camera_sign_speed_limit
63.72799095299979,63652000000,True,True,176,camera_sign_turn_right,turn_right_sign,right,0.49381403712057304,10160,127,80,235,209,camera_sign_speed_limit
63.77777787800005,63652000000,True,True,177,camera_sign_turn_right,turn_right_sign,right,0.4975967767272718,10240,128,80,232,208,camera_sign_speed_limit
63.786326804000055,63652000000,True,True,178,camera_sign_turn_right,turn_right_sign,right,0.4915771269240393,10956,132,83,229,208,camera_sign_speed_limit
63.82687497400002,63752000000,True,True,179,camera_sign_turn_right,turn_right_sign,right,0.48899768131927995,11371,137,83,226,207,camera_sign_speed_limit
63.84788548600045,63752000000,True,True,180,camera_sign_turn_right,turn_right_sign,right,0.49092219186243025,11676,139,84,222,206,camera_sign_speed_limit
63.92238531000021,63855000000,True,True,181,camera_sign_turn_right,turn_right_sign,right,0.4928014080583832,11928,142,84,219,206,camera_sign_speed_limit
63.93428332399981,63855000000,True,True,182,camera_sign_turn_right,turn_right_sign,right,0.4914456360045956,12348,147,84,215,205,camera_sign_speed_limit
63.94438740999976,63855000000,True,True,183,camera_sign_turn_right,turn_right_sign,right,0.49009098363599407,12920,152,85,212,204,camera_sign_speed_limit
63.96803954900042,63855000000,True,True,184,camera_sign_turn_right,turn_right_sign,right,0.4906789870042342,13090,154,85,208,204,camera_sign_speed_limit
64.02312816300037,63956000000,True,True,185,camera_sign_turn_right,turn_right_sign,right,0.48699747110180747,13992,159,88,204,203,camera_sign_speed_limit
64.03783316499994,63956000000,True,True,186,camera_sign_turn_right,turn_right_sign,right,0.4872654206434823,14344,163,88,200,202,camera_sign_speed_limit
64.08059905400023,63956000000,True,True,187,camera_sign_turn_right,turn_right_sign,right,0.4888536664085491,14696,167,88,196,201,camera_sign_speed_limit
64.11294191399975,64056000000,True,True,188,camera_sign_turn_right,turn_right_sign,right,0.4886227793254811,15397,173,89,192,201,camera_sign_speed_limit
64.1556695420004,64056000000,True,True,189,camera_sign_turn_right,turn_right_sign,right,0.4856181638809958,15842,178,89,187,200,camera_sign_speed_limit
64.18003169900021,64056000000,True,True,190,camera_sign_turn_right,turn_right_sign,right,0.4850569575664903,16470,183,90,183,199,camera_sign_speed_limit
64.21402926800056,64157000000,True,True,191,camera_sign_turn_right,turn_right_sign,right,0.4838125554323887,16920,188,90,178,198,camera_sign_speed_limit
64.24024583600021,64157000000,True,True,192,camera_sign_turn_right,turn_right_sign,right,0.4824573554283522,17949,193,93,174,197,camera_sign_speed_limit
64.26848390800023,64157000000,True,True,193,camera_sign_turn_right,turn_right_sign,right,0.4797294654309706,18507,199,93,169,196,camera_sign_speed_limit
64.31366858199999,64257000000,True,True,194,camera_sign_turn_right,turn_right_sign,right,0.47414764440016083,19458,207,94,163,195,camera_sign_speed_limit
64.37235226899975,64257000000,True,True,195,camera_sign_turn_right,turn_right_sign,right,0.4742366101591093,20235,213,95,158,194,camera_sign_speed_limit
64.3796373539999,64257000000,True,True,196,camera_sign_turn_right,turn_right_sign,right,0.47232798353933575,20710,218,95,153,193,camera_sign_speed_limit
64.41237713300052,64358000000,True,True,197,camera_sign_turn_right,turn_right_sign,right,0.4723661300981649,22246,227,98,147,192,camera_sign_speed_limit
64.45770364500004,64358000000,True,True,198,camera_sign_turn_right,turn_right_sign,right,0.4686305448308897,23067,233,99,141,191,camera_sign_speed_limit
64.49108061600054,64358000000,True,True,199,camera_sign_turn_right,turn_right_sign,right,0.4679737106485735,24300,243,100,135,190,camera_sign_speed_limit
64.51206665000063,64459000000,True,True,200,camera_sign_turn_right,turn_right_sign,right,0.4662985460544554,25200,252,100,128,188,camera_sign_speed_limit
64.54745026199998,64459000000,True,True,201,camera_sign_turn_right,turn_right_sign,right,0.4668566805341327,26368,256,103,122,187,camera_sign_speed_limit
64.5884770040002,64459000000,True,True,202,camera_sign_turn_right,turn_right_sign,right,0.4765433696062912,26312,253,104,115,186,camera_sign_speed_limit
64.60010885300017,64562000000,True,True,203,camera_sign_turn_right,turn_right_sign,right,0.48845168496438196,26355,251,105,108,184,camera_sign_speed_limit
64.65959780899993,64562000000,True,True,204,camera_sign_turn_right,turn_right_sign,right,0.4985777480985961,27000,250,108,101,183,camera_sign_speed_limit
64.6725537100001,64562000000,True,True,205,camera_sign_turn_right,turn_right_sign,right,0.4997583862649576,26784,248,108,93,182,camera_sign_speed_limit
64.71857082299994,64657000000,True,True,206,camera_sign_turn_right,turn_right_sign,right,0.4866156269605951,26596,244,109,85,180,camera_sign_turn_right
64.7385973219998,64657000000,True,True,207,camera_sign_turn_right,turn_right_sign,right,0.4768571289008432,27007,239,113,81,179,camera_sign_turn_right
64.78281770100057,64657000000,True,True,208,camera_sign_turn_right,turn_right_sign,right,0.47378270152546575,26448,232,114,78,177,camera_sign_turn_right
64.8140031820003,64758000000,True,True,209,camera_sign_turn_right,turn_right_sign,right,0.4724423290098426,25875,225,115,75,176,camera_sign_turn_right
64.8608422440002,64758000000,True,True,210,camera_sign_turn_right,turn_right_sign,right,0.4628207490875016,25724,218,118,74,176,camera_sign_turn_right
64.89394443699985,64758000000,True,True,211,camera_sign_turn_right,turn_right_sign,right,0.4551747283409186,25228,212,119,75,174,camera_sign_turn_right
64.90365449000001,64859000000,True,False,1,camera_sign_speed_limit,speed_limit_sign,,0.44911905286306797,24600,205,120,76,174,camera_sign_turn_right
64.95200785500037,64859000000,True,True,2,camera_sign_speed_limit,speed_limit_sign,,0.4528253580947049,24231,197,123,77,174,camera_sign_turn_right
64.9938879729998,64859000000,True,True,3,camera_sign_speed_limit,speed_limit_sign,,0.4598380409287563,23247,189,123,75,174,camera_sign_turn_right
65.00325546300064,64961000000,True,True,4,camera_sign_speed_limit,speed_limit_sign,,0.4650087574221787,21720,181,120,72,174,camera_sign_turn_right
65.03573736700037,64961000000,True,True,5,camera_sign_speed_limit,speed_limit_sign,,0.46779510134482777,20587,173,119,68,174,camera_sign_turn_right
65.0934696510003,64961000000,True,False,1,camera_sign_turn_right,turn_right_sign,right,0.4727883175010626,19470,165,118,62,174,camera_sign_turn_right
65.1141929330006,65061000000,True,True,2,camera_sign_turn_right,turn_right_sign,right,0.4788217692218215,17825,155,115,56,174,camera_sign_turn_right
65.14858232999995,65061000000,True,True,3,camera_sign_turn_right,turn_right_sign,right,0.4842867255802827,15950,145,110,50,174,camera_sign_turn_right
65.21568461600054,65159000000,True,True,4,camera_sign_turn_right,turn_right_sign,right,0.4794802409795141,14796,137,108,45,174,camera_sign_turn_right
65.26203257900033,65159000000,True,True,5,camera_sign_turn_right,turn_right_sign,right,0.4850652088509834,12978,126,103,42,173,camera_sign_turn_right
65.26832364500024,65159000000,True,True,6,camera_sign_turn_right,turn_right_sign,right,0.4929112228799452,11270,115,98,36,174,camera_sign_turn_right
65.27497492700059,65159000000,True,True,7,camera_sign_turn_right,turn_right_sign,right,0.4926463447701574,9450,105,90,31,175,camera_sign_turn_right
65.30954374200064,65256000000,True,True,8,camera_sign_turn_right,turn_right_sign,right,0.49164670821725903,7728,92,84,27,175,camera_sign_turn_right
65.3751922700003,65256000000,True,True,9,camera_sign_turn_right,turn_right_sign,right,0.4923248035806394,6000,80,75,23,176,camera_sign_turn_right
65.41698123800052,65361000000,True,True,10,camera_sign_turn_right,turn_right_sign,right,0.49023379449917737,4556,67,68,19,176,camera_sign_turn_right
65.42218030200002,65361000000,True,True,11,camera_sign_turn_right,turn_right_sign,right,0.4883208396242401,3132,54,58,15,177,camera_sign_turn_right
65.4485956160006,65361000000,True,True,12,camera_sign_turn_right,turn_right_sign,right,0.4927181097407881,1800,40,45,11,178,camera_sign_turn_right
65.47165719399982,65361000000,True,True,13,camera_sign_turn_right,turn_right_sign,right,0.49971438565540727,775,25,31,7,180,camera_sign_turn_right
65.52328046000002,65454000000,True,True,13,camera_sign_turn_right,turn_right_sign,right,0.49971438565540727,775,25,31,7,180,camera_sign_turn_right
65.55827510800009,65454000000,True,True,13,camera_sign_turn_right,turn_right_sign,right,0.49971438565540727,775,25,31,7,180,camera_sign_turn_right
65.58655995499976,65454000000,True,True,13,camera_sign_turn_right,turn_right_sign,right,0.49971438565540727,775,25,31,7,180,camera_sign_turn_right
65.61798057899978,65558000000,True,True,13,camera_sign_turn_right,turn_right_sign,right,0.49971438565540727,775,25,31,7,180,camera_sign_turn_right
65.64890655199997,65558000000,True,True,13,camera_sign_turn_right,turn_right_sign,right,0.49971438565540727,775,25,31,7,180,camera_sign_turn_right
65.67332166899996,65558000000,True,True,13,camera_sign_turn_right,turn_right_sign,right,0.49971438565540727,775,25,31,7,180,camera_sign_turn_right
65.71749658200042,65660000000,True,True,13,camera_sign_turn_right,turn_right_sign,right,0.49971438565540727,775,25,31,7,180,camera_sign_turn_right
65.76077751100001,65660000000,True,True,13,camera_sign_turn_right,turn_right_sign,right,0.49971438565540727,775,25,31,7,180,camera_sign_turn_right
65.79580348800027,65660000000,True,True,13,camera_sign_turn_right,turn_right_sign,right,0.49971438565540727,775,25,31,7,180,camera_sign_turn_right
65.81566888399993,65762000000,True,True,13,camera_sign_turn_right,turn_right_sign,right,0.49971438565540727,775,25,31,7,180,camera_sign_turn_right
65.8513069139999,65762000000,True,True,13,camera_sign_turn_right,turn_right_sign,right,0.49971438565540727,775,25,31,7,180,camera_sign_turn_right
65.89459580699986,65762000000,True,True,13,camera_sign_turn_right,turn_right_sign,right,0.49971438565540727,775,25,31,7,180,camera_sign_turn_right
65.90636902799997,65862000000,False,False,0,,,,0.0,0,0,0,0,0,camera_sign_turn_right
65.9613581450003,65862000000,False,False,0,,,,0.0,0,0,0,0,0,camera_sign_turn_right
65.98585186899982,65862000000,False,False,0,,,,0.0,0,0,0,0,0,camera_sign_turn_right
66.00524422299986,65963000000,False,False,0,,,,0.0,0,0,0,0,0,camera_sign_turn_right
66.0625341040004,65963000000,False,False,0,,,,0.0,0,0,0,0,0,camera_sign_turn_right
66.09409232800044,65963000000,False,False,0,,,,0.0,0,0,0,0,0,camera_sign_turn_right
66.12508050300039,66066000000,False,False,0,,,,0.0,0,0,0,0,0,camera_sign_turn_right
66.14705952500026,66066000000,False,False,0,,,,0.0,0,0,0,0,0,camera_sign_turn_right
66.1899300390005,66066000000,False,False,0,,,,0.0,0,0,0,0,0,camera_sign_turn_right
66.2162535739999,66164000000,False,False,0,,,,0.0,0,0,0,0,0,camera_sign_turn_right
66.2722756660005,66164000000,False,False,0,,,,0.0,0,0,0,0,0,camera_sign_turn_right
66.2806030239999,66164000000,False,False,0,,,,0.0,0,0,0,0,0,camera_sign_turn_right
66.34892809600024,66266000000,False,False,0,,,,0.0,0,0,0,0,0,camera_sign_turn_right
66.38130961099978,66266000000,False,False,0,,,,0.0,0,0,0,0,0,camera_sign_turn_right
66.39154538399998,66266000000,False,False,0,,,,0.0,0,0,0,0,0,camera_sign_turn_right
66.41367113800061,66367000000,False,False,0,,,,0.0,0,0,0,0,0,camera_sign_turn_right
66.45914572000038,66367000000,False,False,0,,,,0.0,0,0,0,0,0,camera_sign_turn_right
66.49783071999991,66367000000,False,False,0,,,,0.0,0,0,0,0,0,camera_sign_turn_right
66.5284379499999,66466000000,False,False,0,,,,0.0,0,0,0,0,0,camera_sign_turn_right
66.55078196700015,66466000000,False,False,0,,,,0.0,0,0,0,0,0,camera_sign_turn_right
66.5736257540002,66466000000,False,False,0,,,,0.0,0,0,0,0,0,camera_sign_turn_right
66.61848763200032,66567000000,False,False,0,,,,0.0,0,0,0,0,0,camera_sign_turn_right
66.64548016400022,66567000000,False,False,0,,,,0.0,0,0,0,0,0,camera_sign_turn_right
66.68320445400059,66567000000,False,False,0,,,,0.0,0,0,0,0,0,camera_sign_turn_right
66.7173916010006,66667000000,False,False,0,,,,0.0,0,0,0,0,0,camera_sign_turn_right
66.79692572900058,66667000000,False,False,0,,,,0.0,0,0,0,0,0,camera_sign_turn_right
66.80227790299978,66667000000,False,False,0,,,,0.0,0,0,0,0,0,camera_sign_turn_right
66.81848871400052,66767000000,False,False,0,,,,0.0,0,0,0,0,0,camera_sign_turn_right
66.83891436400063,66767000000,False,False,0,,,,0.0,0,0,0,0,0,camera_sign_turn_right
66.90561571699982,66767000000,False,False,0,,,,0.0,0,0,0,0,0,camera_sign_turn_right
66.91520746700007,66869000000,False,False,0,,,,0.0,0,0,0,0,0,camera_sign_turn_right
66.94902357400042,66869000000,False,False,0,,,,0.0,0,0,0,0,0,camera_sign_turn_right
66.98471209000036,66869000000,False,False,0,,,,0.0,0,0,0,0,0,camera_sign_turn_right
67.00613951600008,66869000000,False,False,0,,,,0.0,0,0,0,0,0,camera_sign_turn_right
67.0501361759998,66967000000,False,False,0,,,,0.0,0,0,0,0,0,camera_sign_turn_right
67.08226147900041,66967000000,False,False,0,,,,0.0,0,0,0,0,0,camera_sign_turn_right
67.11977599400052,67069000000,False,False,0,,,,0.0,0,0,0,0,0,camera_sign_turn_right
67.13791652000054,67069000000,False,False,0,,,,0.0,0,0,0,0,0,camera_sign_turn_right
67.18194411600052,67069000000,False,False,0,,,,0.0,0,0,0,0,0,camera_sign_turn_right
67.21051446000001,67069000000,False,False,0,,,,0.0,0,0,0,0,0,camera_sign_turn_right
67.26663769400056,67167000000,False,False,0,,,,0.0,0,0,0,0,0,camera_sign_turn_right
67.28550332600025,67167000000,False,False,0,,,,0.0,0,0,0,0,0,camera_sign_turn_right
67.3527365609998,67267000000,False,False,0,,,,0.0,0,0,0,0,0,camera_sign_turn_right
67.35676319100003,67267000000,False,False,0,,,,0.0,0,0,0,0,0,camera_sign_turn_right
67.40774061600041,67267000000,False,False,0,,,,0.0,0,0,0,0,0,camera_sign_turn_right
67.41188946700004,67368000000,False,False,0,,,,0.0,0,0,0,0,0,camera_sign_turn_right
67.46479253300004,67368000000,False,False,0,,,,0.0,0,0,0,0,0,camera_sign_turn_right
67.48254028000065,67368000000,False,False,0,,,,0.0,0,0,0,0,0,camera_sign_turn_right
67.51798108300045,67470000000,False,False,0,,,,0.0,0,0,0,0,0,camera_sign_turn_right
67.54474782499983,67470000000,False,False,0,,,,0.0,0,0,0,0,0,camera_sign_turn_right
67.57589478499995,67470000000,False,False,0,,,,0.0,0,0,0,0,0,camera_sign_turn_right
67.63204402200063,67569000000,False,False,0,,,,0.0,0,0,0,0,0,camera_sign_turn_right
67.6655206710002,67569000000,False,False,0,,,,0.0,0,0,0,0,0,camera_sign_turn_right
67.6735834709998,67569000000,False,False,0,,,,0.0,0,0,0,0,0,camera_sign_turn_right
67.70694129300045,67569000000,False,False,0,,,,0.0,0,0,0,0,0,camera_sign_turn_right
67.75993468300021,67671000000,False,False,0,,,,0.0,0,0,0,0,0,camera_sign_turn_right
67.79775737399996,67671000000,False,False,0,,,,0.0,0,0,0,0,0,camera_sign_turn_right
67.83097845100019,67770000000,False,False,0,,,,0.0,0,0,0,0,0,camera_sign_turn_right
67.87050149600054,67770000000,False,False,0,,,,0.0,0,0,0,0,0,camera_sign_turn_right
67.87612123800045,67770000000,False,False,0,,,,0.0,0,0,0,0,0,camera_sign_turn_right
67.91780691700023,67871000000,False,False,0,,,,0.0,0,0,0,0,0,camera_sign_turn_right
67.94071727600021,67871000000,False,False,0,,,,0.0,0,0,0,0,0,camera_sign_turn_right
67.9865944789999,67871000000,False,False,0,,,,0.0,0,0,0,0,0,camera_sign_turn_right
68.01787042199976,67972000000,False,False,0,,,,0.0,0,0,0,0,0,camera_sign_turn_right
68.04161152500001,67972000000,False,False,0,,,,0.0,0,0,0,0,0,camera_sign_turn_right
68.08577578299992,67972000000,False,False,0,,,,0.0,0,0,0,0,0,camera_sign_turn_right
68.13034705300015,68071000000,False,False,0,,,,0.0,0,0,0,0,0,camera_sign_turn_right
68.15488634800022,68071000000,False,False,0,,,,0.0,0,0,0,0,0,camera_sign_turn_right
68.18654457699995,68071000000,False,False,0,,,,0.0,0,0,0,0,0,camera_sign_turn_right
68.2187472200003,68172000000,False,False,0,,,,0.0,0,0,0,0,0,camera_sign_turn_right
68.28495226199993,68172000000,False,False,0,,,,0.0,0,0,0,0,0,camera_sign_turn_right
68.29652472399994,68172000000,False,False,0,,,,0.0,0,0,0,0,0,camera_sign_turn_right
68.33027615100036,68274000000,False,False,0,,,,0.0,0,0,0,0,0,camera_sign_turn_right
68.35336189400005,68274000000,False,False,0,,,,0.0,0,0,0,0,0,camera_sign_turn_right
68.38550985799975,68274000000,False,False,0,,,,0.0,0,0,0,0,0,camera_sign_turn_right
68.4192232129999,68376000000,False,False,0,,,,0.0,0,0,0,0,0,camera_sign_turn_right
68.46146234000025,68376000000,False,False,0,,,,0.0,0,0,0,0,0,camera_sign_turn_right
68.48367123000025,68376000000,False,False,0,,,,0.0,0,0,0,0,0,camera_sign_turn_right
68.51986295900042,68476000000,False,False,0,,,,0.0,0,0,0,0,0,camera_sign_turn_right
68.54978226100047,68476000000,False,False,0,,,,0.0,0,0,0,0,0,camera_sign_turn_right
68.58694385099989,68476000000,False,False,0,,,,0.0,0,0,0,0,0,camera_sign_turn_right
68.63138323800013,68576000000,False,False,0,,,,0.0,0,0,0,0,0,camera_sign_turn_right
68.65472101100022,68576000000,True,False,1,camera_sign_turn_left,turn_left_sign,left,0.4704845817443152,1334,46,29,16,231,camera_sign_turn_right
68.69944840500011,68576000000,True,True,2,camera_sign_turn_left,turn_left_sign,left,0.5135703627249866,2130,71,30,22,232,camera_sign_turn_left
68.71966415099996,68576000000,True,True,3,camera_sign_turn_left,turn_left_sign,left,0.5154549760589179,2880,96,30,31,232,camera_sign_turn_left
68.75221546600005,68677000000,True,False,1,camera_sign_turn_right,turn_right_sign,right,0.5146562524218038,3630,121,30,43,232,camera_sign_turn_left
68.77182858200013,68677000000,True,True,2,camera_sign_turn_right,turn_right_sign,right,0.5032345431912485,3799,131,29,60,232,camera_sign_turn_right
68.80651289100024,68677000000,True,True,2,camera_sign_turn_right,turn_right_sign,right,0.5032345431912485,3799,131,29,60,232,camera_sign_turn_right
68.85417392199997,68778000000,True,True,2,camera_sign_turn_right,turn_right_sign,right,0.5032345431912485,3799,131,29,60,232,camera_sign_turn_right
68.87581831999978,68778000000,True,True,2,camera_sign_turn_right,turn_right_sign,right,0.5032345431912485,3799,131,29,60,232,camera_sign_turn_right
68.92182649700044,68873000000,True,True,2,camera_sign_turn_right,turn_right_sign,right,0.5032345431912485,3799,131,29,60,232,camera_sign_turn_right
68.94326728099986,68873000000,True,True,2,camera_sign_turn_right,turn_right_sign,right,0.5032345431912485,3799,131,29,60,232,camera_sign_turn_right
68.9779029629999,68873000000,True,True,2,camera_sign_turn_right,turn_right_sign,right,0.5032345431912485,3799,131,29,60,232,camera_sign_turn_right
69.01166554100018,68873000000,True,True,2,camera_sign_turn_right,turn_right_sign,right,0.5032345431912485,3799,131,29,60,232,camera_sign_turn_right
69.05487211000036,68973000000,True,True,2,camera_sign_turn_right,turn_right_sign,right,0.5032345431912485,3799,131,29,60,232,camera_sign_turn_right
69.07597693499974,68973000000,True,True,2,camera_sign_turn_right,turn_right_sign,right,0.5032345431912485,3799,131,29,60,232,camera_sign_turn_right
69.1212044949998,68973000000,True,True,3,camera_sign_turn_right,turn_right_sign,right,0.47703273585645045,1898,73,26,218,218,camera_sign_turn_right
69.16669439799989,69075000000,True,True,4,camera_sign_turn_right,turn_right_sign,right,0.47295079998539297,2146,74,29,231,220,camera_sign_turn_right
69.18967501299994,69075000000,True,True,5,camera_sign_turn_right,turn_right_sign,right,0.48659362856052796,2070,69,30,245,222,camera_sign_turn_right
69.21395844700055,69075000000,True,False,1,camera_sign_turn_left,turn_left_sign,left,0.5258580108904238,3315,51,65,14,175,camera_sign_turn_right
69.27002926700061,69174000000,True,False,1,camera_sign_turn_right,turn_right_sign,right,0.5086934051613967,8624,88,98,26,172,camera_sign_turn_right
69.29751945299995,69174000000,True,True,2,camera_sign_turn_right,turn_right_sign,right,0.5109695160687806,14030,122,115,38,170,camera_sign_turn_right
69.34113267400062,69271000000,True,True,3,camera_sign_turn_right,turn_right_sign,right,0.49640169045417193,20196,153,132,54,170,camera_sign_turn_right
69.37702652600001,69271000000,True,True,4,camera_sign_turn_right,turn_right_sign,right,0.4634111351382826,25159,181,139,73,170,camera_sign_turn_right
69.38502278099986,69271000000,True,True,5,camera_sign_turn_right,turn_right_sign,right,0.4505231599196245,28428,206,138,84,170,camera_sign_turn_right
69.42189510700064,69271000000,True,True,6,camera_sign_turn_right,turn_right_sign,right,0.4869122457108895,30590,230,133,82,172,camera_sign_turn_right
69.45757178999975,69376000000,True,True,7,camera_sign_turn_right,turn_right_sign,right,0.5154818958954239,32128,251,128,97,176,camera_sign_turn_right
69.51178195000011,69376000000,True,True,8,camera_sign_turn_right,turn_right_sign,right,0.5090778890602171,33152,259,128,117,180,camera_sign_turn_right
69.55039592699995,69477000000,True,True,9,camera_sign_turn_right,turn_right_sign,right,0.4828691732442903,31868,257,124,137,184,camera_sign_turn_right
69.55691513900001,69477000000,True,True,10,camera_sign_turn_right,turn_right_sign,right,0.4859369219799736,29274,238,123,155,187,camera_sign_turn_right
69.6317077550002,69579000000,True,True,11,camera_sign_turn_right,turn_right_sign,right,0.49174794093360547,26640,222,120,171,190,camera_sign_turn_right
69.63850570300019,69579000000,True,True,12,camera_sign_turn_right,turn_right_sign,right,0.49395335537639834,24426,207,118,185,192,camera_sign_turn_right
69.65334859599989,69579000000,True,True,13,camera_sign_turn_right,turn_right_sign,right,0.49487394055148365,22774,193,118,198,194,camera_sign_turn_right
69.69847785900038,69579000000,True,True,14,camera_sign_turn_right,turn_right_sign,right,0.4956656799406471,21160,184,115,209,196,camera_sign_turn_right
69.72053457200036,69579000000,True,True,15,camera_sign_turn_right,turn_right_sign,right,0.4911639910034327,20355,177,115,219,197,camera_sign_turn_right
69.75662671900045,69682000000,True,True,16,camera_sign_turn_right,turn_right_sign,right,0.4943136360618051,19038,167,114,229,199,camera_sign_turn_right
69.78987838100056,69682000000,True,True,17,camera_sign_turn_right,turn_right_sign,right,0.4444884988577503,20988,159,132,237,204,camera_sign_turn_right
69.82797516699975,69779000000,True,True,18,camera_sign_turn_right,turn_right_sign,right,0.4456664225066468,19866,154,129,244,204,camera_sign_turn_right
69.86823906200061,69779000000,True,True,19,camera_sign_turn_right,turn_right_sign,right,0.4492097576020585,18796,148,127,251,205,camera_sign_turn_right
69.87870544599991,69779000000,True,True,20,camera_sign_turn_right,turn_right_sign,right,0.44629453396935526,18288,144,127,257,205,camera_sign_turn_right
69.96320049699989,69879000000,True,True,21,camera_sign_turn_right,turn_right_sign,right,0.4597119535731826,17097,139,123,262,205,camera_sign_turn_right
69.96983765100049,69879000000,True,True,22,camera_sign_turn_right,turn_right_sign,right,0.45573656288487685,16851,137,123,267,206,camera_sign_turn_right
69.98889250000047,69879000000,True,True,23,camera_sign_turn_right,turn_right_sign,right,0.465544216636421,16080,134,120,271,206,camera_sign_turn_right
70.02180895299989,69879000000,True,True,24,camera_sign_turn_right,turn_right_sign,right,0.46410128235263387,15960,133,120,274,206,camera_sign_turn_right
70.0433021710005,69982000000,True,True,25,camera_sign_turn_right,turn_right_sign,right,0.46172064775639465,15840,132,120,277,206,camera_sign_turn_right
70.08716546200048,69982000000,True,True,26,camera_sign_turn_right,turn_right_sign,right,0.4657139549831808,15360,128,120,280,206,camera_sign_turn_right
70.12199296600011,69982000000,True,True,27,camera_sign_turn_right,turn_right_sign,right,0.4641970921203185,15360,128,120,282,206,camera_sign_turn_right
70.1565309940006,70082000000,True,True,28,camera_sign_turn_right,turn_right_sign,right,0.45636136201417954,15621,127,123,283,206,camera_sign_turn_right
70.212541848,70082000000,True,True,29,camera_sign_turn_right,turn_right_sign,right,0.45705075815674734,15621,127,123,284,206,camera_sign_turn_right
70.2197645340002,70082000000,True,True,30,camera_sign_turn_right,turn_right_sign,right,0.45812515072976095,15621,127,123,285,206,camera_sign_turn_right
70.2507171060006,70186000000,True,True,31,camera_sign_turn_right,turn_right_sign,right,0.46062012277527037,15376,124,124,286,206,camera_sign_turn_right
70.32168502400054,70186000000,True,True,32,camera_sign_turn_right,turn_right_sign,right,0.46315115005183677,15376,124,124,286,205,camera_sign_turn_right
70.33949199200015,70280000000,True,True,33,camera_sign_turn_right,turn_right_sign,right,0.45931478456630703,15748,124,127,286,205,camera_sign_turn_right
70.35791045699989,70280000000,True,True,34,camera_sign_turn_right,turn_right_sign,right,0.4532825938775372,16256,127,128,285,205,camera_sign_turn_right
70.39025295900046,70280000000,True,True,35,camera_sign_turn_right,turn_right_sign,right,0.4551065001517514,16383,127,129,284,204,camera_sign_turn_right
70.42403757800002,70280000000,True,True,36,camera_sign_turn_right,turn_right_sign,right,0.4515262996178027,16764,127,132,283,204,camera_sign_turn_right
70.45752705199993,70383000000,True,True,37,camera_sign_turn_right,turn_right_sign,right,0.4539845616427865,16891,127,133,282,204,camera_sign_turn_right
70.49012894200041,70383000000,True,True,38,camera_sign_turn_right,turn_right_sign,right,0.4559645600682932,17152,128,134,280,203,camera_sign_turn_right
70.52251962500031,70383000000,True,True,39,camera_sign_turn_right,turn_right_sign,right,0.4551368876612437,17673,129,137,278,203,camera_sign_turn_right
70.55719113000032,70483000000,True,True,40,camera_sign_turn_right,turn_right_sign,right,0.4546077190023332,18216,132,138,276,202,camera_sign_turn_right
70.59026837100009,70483000000,True,True,41,camera_sign_turn_right,turn_right_sign,right,0.45806409266195997,18487,133,139,273,201,camera_sign_turn_right
70.62700932000007,70483000000,True,True,42,camera_sign_turn_right,turn_right_sign,right,0.4572807652348203,19162,134,143,270,201,camera_sign_turn_right
70.66914835900025,70581000000,True,True,43,camera_sign_turn_right,turn_right_sign,right,0.45676518437242364,19728,137,144,267,200,camera_sign_turn_right
70.70252917500056,70581000000,True,True,44,camera_sign_turn_right,turn_right_sign,right,0.4531979743164507,20572,139,148,264,200,camera_sign_turn_right
70.72904707599992,70581000000,True,True,45,camera_sign_turn_right,turn_right_sign,right,0.4482875575016747,21584,142,152,260,199,camera_sign_turn_right
70.74932501900003,70681000000,True,True,46,camera_sign_turn_right,turn_right_sign,right,0.45475232303443397,22022,143,154,256,198,camera_sign_turn_right
70.79536318400005,70681000000,True,True,47,camera_sign_turn_right,turn_right_sign,right,0.45132433549920953,23079,147,157,252,197,camera_sign_turn_right
70.8281664340002,70681000000,True,True,48,camera_sign_turn_right,turn_right_sign,right,0.4454216636277727,24624,152,162,247,196,camera_sign_turn_right
70.85977354599981,70779000000,True,True,49,camera_sign_turn_right,turn_right_sign,right,0.4507962082692315,25092,153,164,242,195,camera_sign_turn_right
70.88973555899975,70779000000,True,True,50,camera_sign_turn_right,turn_right_sign,right,0.44964537887304373,26533,157,169,236,195,camera_sign_turn_right
70.94829943600053,70881000000,True,True,51,camera_sign_turn_right,turn_right_sign,right,0.4520431191933066,27507,159,173,230,193,camera_sign_turn_right
70.95486851700025,70881000000,True,True,52,camera_sign_turn_right,turn_right_sign,right,0.4505344628254063,29028,164,177,224,192,camera_sign_turn_right
70.99354333000065,70881000000,True,True,53,camera_sign_turn_right,turn_right_sign,right,0.45017357776371786,30758,169,182,217,191,camera_sign_turn_right
71.05106428700037,70981000000,True,True,54,camera_sign_turn_right,turn_right_sign,right,0.4504252734648633,32538,174,187,210,190,camera_sign_turn_right
71.05788257299992,70981000000,True,True,55,camera_sign_turn_right,turn_right_sign,right,0.44531319507327666,35512,184,193,202,188,camera_sign_turn_right
71.08003374500004,70981000000,True,True,56,camera_sign_turn_right,turn_right_sign,right,0.4427752600917494,38016,192,198,195,187,camera_sign_turn_right
71.11660826000025,70981000000,True,True,57,camera_sign_turn_right,turn_right_sign,right,0.444267050696059,40397,199,203,185,185,camera_sign_turn_right
71.18335794500035,71082000000,True,True,58,camera_sign_turn_right,turn_right_sign,right,0.4451407457716982,42636,204,209,176,184,camera_sign_turn_right
71.19178258700049,71082000000,True,True,59,camera_sign_turn_right,turn_right_sign,right,0.44473261161852473,46008,213,216,167,182,camera_sign_turn_right
71.21784735700021,71082000000,True,True,60,camera_sign_turn_right,turn_right_sign,right,0.43813492438656026,51302,227,226,157,180,camera_sign_turn_right
71.26095626300048,71183000000,True,True,61,camera_sign_turn_right,turn_right_sign,right,0.4450650008384706,52664,227,232,145,178,camera_sign_turn_right
71.30676495999978,71183000000,True,True,62,camera_sign_turn_right,turn_right_sign,right,0.44351200182342493,57358,238,241,132,176,camera_sign_turn_right
71.32999653800016,71183000000,True,True,63,camera_sign_turn_right,turn_right_sign,right,0.44883316175270926,60760,245,248,119,173,camera_sign_turn_right
71.35029074100021,71283000000,True,True,64,camera_sign_turn_right,turn_right_sign,right,0.46204584206861227,59624,232,257,105,171,camera_sign_turn_right
71.40429460300038,71283000000,True,True,65,camera_sign_turn_right,turn_right_sign,right,0.47533844682420523,57498,222,259,91,168,camera_sign_turn_right
71.44073740000022,71384000000,True,True,66,camera_sign_turn_right,turn_right_sign,right,0.47590948476788686,55020,210,262,76,166,camera_sign_turn_right
71.45010600000023,71384000000,True,True,67,camera_sign_turn_right,turn_right_sign,right,0.4615979024295784,51338,193,266,68,167,camera_sign_turn_right
71.48613562399987,71384000000,True,True,68,camera_sign_turn_right,turn_right_sign,right,0.46918665840455426,46632,174,268,63,169,camera_sign_turn_right
71.53089721900051,71384000000,True,True,69,camera_sign_turn_right,turn_right_sign,right,0.46415394575428154,41463,153,271,55,168,camera_sign_turn_right
71.57212129399977,71486000000,True,True,70,camera_sign_turn_right,turn_right_sign,right,0.4897331659014482,35501,131,271,46,167,camera_sign_turn_right
71.58333931800007,71486000000,True,True,71,camera_sign_turn_right,turn_right_sign,right,0.5240421715639466,28890,107,270,34,170,camera_sign_turn_right
71.61359777400048,71486000000,True,True,72,camera_sign_turn_right,turn_right_sign,right,0.5343174883909356,21280,80,266,24,176,camera_sign_turn_right
71.68050688899984,71589000000,True,True,73,camera_sign_turn_right,turn_right_sign,right,0.5302389140881192,12844,52,247,15,180,camera_sign_turn_right
71.6871147490001,71589000000,True,True,74,camera_sign_turn_right,turn_right_sign,right,0.4600218460758973,6987,51,137,17,150,camera_sign_turn_right
71.73921483800041,71687000000,True,True,75,camera_sign_turn_right,turn_right_sign,right,0.4981170863291351,1260,35,36,417,229,camera_sign_turn_right
71.78107994600032,71687000000,True,True,76,camera_sign_turn_right,turn_right_sign,right,0.49981184847884225,1260,35,36,416,229,camera_sign_turn_right
71.78915698299988,71687000000,True,True,77,camera_sign_turn_right,turn_right_sign,right,0.5023557556744602,1260,35,36,415,229,camera_sign_turn_right
71.82191305500055,71687000000,True,True,78,camera_sign_turn_right,turn_right_sign,right,0.5022519743976976,1260,35,36,415,229,camera_sign_turn_right
71.85768990799988,71789000000,True,True,79,camera_sign_turn_right,turn_right_sign,right,0.5044104573995759,1260,35,36,414,228,camera_sign_turn_right
71.89028996500019,71789000000,True,True,80,camera_sign_turn_right,turn_right_sign,right,0.5029595411250898,1296,36,36,414,228,camera_sign_turn_right
71.92748964900056,71789000000,True,True,81,camera_sign_turn_right,turn_right_sign,right,0.5026138046011046,1296,36,36,413,228,camera_sign_turn_right
71.99304655600008,71887000000,True,True,82,camera_sign_turn_right,turn_right_sign,right,0.5080593833885393,1260,35,36,412,228,camera_sign_turn_right
71.99899471700064,71887000000,True,True,83,camera_sign_turn_right,turn_right_sign,right,0.4968048709923502,1404,36,39,412,228,camera_sign_turn_right
72.02853498500008,71887000000,True,True,84,camera_sign_turn_right,turn_right_sign,right,0.4953159225944794,1404,36,39,411,228,camera_sign_turn_right
72.06010586200046,71986000000,True,True,85,camera_sign_turn_right,turn_right_sign,right,0.5004457516378048,1404,36,39,411,228,camera_sign_turn_right
72.09502933900058,71986000000,True,True,86,camera_sign_turn_right,turn_right_sign,right,0.4975840605337769,1404,36,39,410,228,camera_sign_turn_right
72.13947514499978,72087000000,True,True,87,camera_sign_turn_right,turn_right_sign,right,0.49111980072733563,1521,39,39,409,228,camera_sign_turn_right
72.15960888600057,72087000000,True,True,88,camera_sign_turn_right,turn_right_sign,right,0.5029469584017381,1404,36,39,409,228,camera_sign_turn_right
72.20281415400041,72087000000,True,True,89,camera_sign_turn_right,turn_right_sign,right,0.49292324059462506,1521,39,39,408,228,camera_sign_turn_right
72.25000740399992,72188000000,True,True,90,camera_sign_turn_right,turn_right_sign,right,0.49328935723380474,1521,39,39,407,228,camera_sign_turn_right
72.27093643399985,72188000000,True,True,91,camera_sign_turn_right,turn_right_sign,right,0.495099219343975,1560,39,40,407,228,camera_sign_turn_right
72.29021939999984,72188000000,True,True,92,camera_sign_turn_right,turn_right_sign,right,0.4957448915208507,1560,39,40,406,228,camera_sign_turn_right
72.31739175500024,72188000000,True,True,93,camera_sign_turn_right,turn_right_sign,right,0.49904474016571987,1560,39,40,406,228,camera_sign_turn_right
72.3576251479999,72290000000,True,True,94,camera_sign_turn_right,turn_right_sign,right,0.49810833445142183,1560,39,40,405,228,camera_sign_turn_right
72.37940757100023,72290000000,True,True,95,camera_sign_turn_right,turn_right_sign,right,0.4991045478124329,1600,40,40,405,228,camera_sign_turn_right
72.46088030400006,72391000000,True,True,96,camera_sign_turn_right,turn_right_sign,right,0.5001860880853296,1560,39,40,404,227,camera_sign_turn_right
72.46647604600003,72391000000,True,True,97,camera_sign_turn_right,turn_right_sign,right,0.5015026428512991,1600,40,40,404,228,camera_sign_turn_right
72.49199967700042,72391000000,True,True,98,camera_sign_turn_right,turn_right_sign,right,0.499584580382475,1600,40,40,403,227,camera_sign_turn_right
72.52871421100008,72391000000,True,True,99,camera_sign_turn_right,turn_right_sign,right,0.4997287299936688,1640,40,41,403,228,camera_sign_turn_right
72.58336309900005,72489000000,True,True,100,camera_sign_turn_right,turn_right_sign,right,0.49642223357056164,1681,41,41,402,227,camera_sign_turn_right
72.60407950799981,72489000000,True,True,101,camera_sign_turn_right,turn_right_sign,right,0.5039248032312643,1640,40,41,402,227,camera_sign_turn_right
72.64886772800037,72590000000,True,True,102,camera_sign_turn_right,turn_right_sign,right,0.5030908426463047,1640,40,41,401,227,camera_sign_turn_right
72.65918708900062,72590000000,True,True,103,camera_sign_turn_right,turn_right_sign,right,0.5012444734754244,1681,41,41,401,227,camera_sign_turn_right
72.69353930299985,72590000000,True,True,104,camera_sign_turn_right,turn_right_sign,right,0.507723966671787,1640,40,41,400,227,camera_sign_turn_right
72.73691949600016,72590000000,True,True,105,camera_sign_turn_right,turn_right_sign,right,0.5051145843376342,1681,41,41,400,227,camera_sign_turn_right
72.75625384600062,72692000000,True,True,106,camera_sign_turn_right,turn_right_sign,right,0.5060025525398268,1681,41,41,400,227,camera_sign_turn_right
72.7929717269999,72692000000,True,True,107,camera_sign_turn_right,turn_right_sign,right,0.4998316225191441,1804,41,44,399,227,camera_sign_turn_right
72.8814523279998,72791000000,True,True,108,camera_sign_turn_right,turn_right_sign,right,0.5029840049919749,1804,41,44,399,227,camera_sign_turn_right
72.88672675999987,72791000000,True,True,109,camera_sign_turn_right,turn_right_sign,right,0.5026201415697702,1804,41,44,398,227,camera_sign_turn_right
72.89272882700061,72791000000,True,True,110,camera_sign_turn_right,turn_right_sign,right,0.5038769272332397,1804,41,44,398,227,camera_sign_turn_right
72.9278799370004,72791000000,True,True,111,camera_sign_turn_right,turn_right_sign,right,0.4941592527830214,1936,44,44,397,227,camera_sign_turn_right
72.9759399960003,72888000000,True,True,112,camera_sign_turn_right,turn_right_sign,right,0.505639768182323,1804,41,44,397,227,camera_sign_turn_right
72.98572706400046,72888000000,True,True,113,camera_sign_turn_right,turn_right_sign,right,0.4968750154385927,1936,44,44,397,227,camera_sign_turn_right
73.05090218300029,72993000000,True,True,114,camera_sign_turn_right,turn_right_sign,right,0.4979377405618887,1980,44,45,396,226,camera_sign_turn_right
73.05579651300013,72993000000,True,True,115,camera_sign_turn_right,turn_right_sign,right,0.4976369863213496,2025,45,45,396,226,camera_sign_turn_right
73.10405667499981,72993000000,True,True,116,camera_sign_turn_right,turn_right_sign,right,0.5007533289022853,1980,44,45,396,226,camera_sign_turn_right
73.14060716499989,72993000000,True,True,117,camera_sign_turn_right,turn_right_sign,right,0.501599419126279,1980,44,45,395,226,camera_sign_turn_right
73.15391086900036,73084000000,True,True,118,camera_sign_turn_right,turn_right_sign,right,0.5030230629878898,1980,44,45,395,226,camera_sign_turn_right
73.20792372800042,73084000000,True,True,119,camera_sign_turn_right,turn_right_sign,right,0.49163258781604996,2160,48,45,395,226,camera_sign_turn_right
73.24140868300037,73084000000,True,True,120,camera_sign_turn_right,turn_right_sign,right,0.5031657878969442,2025,45,45,395,226,camera_sign_turn_right
73.27484844300034,73191000000,True,True,121,camera_sign_turn_right,turn_right_sign,right,0.4958243388210989,2160,45,48,395,226,camera_sign_turn_right
73.28257790499993,73191000000,True,True,122,camera_sign_turn_right,turn_right_sign,right,0.49700272326439915,2160,45,48,395,226,camera_sign_turn_right
73.32770414200058,73191000000,True,True,123,camera_sign_turn_right,turn_right_sign,right,0.4998191936049414,2160,45,48,395,226,camera_sign_turn_right
73.34818991800057,73292000000,True,True,124,camera_sign_turn_right,turn_right_sign,right,0.48886343914135644,2304,48,48,395,226,camera_sign_turn_right
73.40320830100063,73292000000,True,True,125,camera_sign_turn_right,turn_right_sign,right,0.4873282461157282,2352,49,48,395,226,camera_sign_turn_right
73.42586765099986,73292000000,True,True,126,camera_sign_turn_right,turn_right_sign,right,0.48831033891111636,2352,49,48,395,226,camera_sign_turn_right
73.48671900299996,73393000000,True,True,127,camera_sign_turn_right,turn_right_sign,right,0.49116087149203536,2352,49,48,394,226,camera_sign_turn_right
73.4953769849999,73393000000,True,True,128,camera_sign_turn_right,turn_right_sign,right,0.49382397665183253,2352,48,49,394,225,camera_sign_turn_right
73.52926535999995,73393000000,True,True,129,camera_sign_turn_right,turn_right_sign,right,0.4928459229436087,2352,48,49,394,225,camera_sign_turn_right
73.56311069900039,73493000000,True,True,130,camera_sign_turn_right,turn_right_sign,right,0.4939079784979079,2401,49,49,394,225,camera_sign_turn_right
73.59285079300025,73493000000,True,True,131,camera_sign_turn_right,turn_right_sign,right,0.4934322049852327,2401,49,49,394,225,camera_sign_turn_right
73.6353721129999,73493000000,True,True,132,camera_sign_turn_right,turn_right_sign,right,0.4924769425400679,2450,50,49,394,225,camera_sign_turn_right
73.66269640200062,73595000000,True,True,133,camera_sign_turn_right,turn_right_sign,right,0.49769135600030834,2352,48,49,394,225,camera_sign_turn_right
73.6808460860002,73595000000,True,True,134,camera_sign_turn_right,turn_right_sign,right,0.4974011837831212,2352,48,49,394,225,camera_sign_turn_right
73.7180397230004,73595000000,True,True,135,camera_sign_turn_right,turn_right_sign,right,0.49842824819015796,2400,48,50,393,225,camera_sign_turn_right
73.77396581199991,73695000000,True,True,136,camera_sign_turn_right,turn_right_sign,right,0.49721069660932327,2450,49,50,393,225,camera_sign_turn_right
73.79442697000013,73695000000,True,True,137,camera_sign_turn_right,turn_right_sign,right,0.49837972277582043,2450,49,50,393,225,camera_sign_turn_right
73.8144578880001,73695000000,True,True,138,camera_sign_turn_right,turn_right_sign,right,0.4977707523099816,2500,50,50,393,225,camera_sign_turn_right
73.86256490100004,73797000000,True,True,139,camera_sign_turn_right,turn_right_sign,right,0.5009673633819262,2450,49,50,393,225,camera_sign_turn_right
73.89199929500046,73797000000,True,True,140,camera_sign_turn_right,turn_right_sign,right,0.49349438774959414,2650,53,50,393,225,camera_sign_turn_right
73.91575510100029,73797000000,True,True,141,camera_sign_turn_right,turn_right_sign,right,0.4878790095890852,2809,53,53,392,225,camera_sign_turn_right
73.95133001300019,73896000000,True,True,142,camera_sign_turn_right,turn_right_sign,right,0.4886848352056,2809,53,53,392,224,camera_sign_turn_right
73.98142503100007,73896000000,True,True,143,camera_sign_turn_right,turn_right_sign,right,0.49756546580465444,2650,50,53,392,224,camera_sign_turn_right
74.0388288590002,73896000000,True,True,144,camera_sign_turn_right,turn_right_sign,right,0.4997345562344467,2650,50,53,392,224,camera_sign_turn_right
74.05032401600056,73998000000,True,True,145,camera_sign_turn_right,turn_right_sign,right,0.5001860163794639,2650,50,53,391,224,camera_sign_turn_right
74.07965500499995,73998000000,True,True,146,camera_sign_turn_right,turn_right_sign,right,0.4891709565737489,2916,54,54,391,224,camera_sign_turn_right
74.11523537799985,73998000000,True,True,147,camera_sign_turn_right,turn_right_sign,right,0.5019288147752311,2700,50,54,390,224,camera_sign_turn_right
74.15894445600043,74097000000,True,True,148,camera_sign_turn_right,turn_right_sign,right,0.49288539990940866,2916,54,54,390,224,camera_sign_turn_right
74.25039721099984,74195000000,True,True,149,camera_sign_turn_right,turn_right_sign,right,0.49471063483894234,2915,53,55,390,224,camera_sign_turn_right
74.25580843599982,74195000000,True,True,150,camera_sign_turn_right,turn_right_sign,right,0.490119422700405,3025,55,55,390,224,camera_sign_turn_right
74.27223861600032,74195000000,True,True,151,camera_sign_turn_right,turn_right_sign,right,0.4915669001954885,3074,53,58,389,224,camera_sign_turn_right
74.296905272,74195000000,True,True,152,camera_sign_turn_right,turn_right_sign,right,0.493192842179133,3074,53,58,389,224,camera_sign_turn_right
74.33109643700027,74195000000,True,True,153,camera_sign_turn_right,turn_right_sign,right,0.488897617395942,3190,55,58,388,223,camera_sign_turn_right
74.38507942100023,74296000000,True,True,154,camera_sign_turn_right,turn_right_sign,right,0.49385480164013,3132,54,58,388,223,camera_sign_turn_right
74.39197105200037,74296000000,True,True,155,camera_sign_turn_right,turn_right_sign,right,0.4943439863877773,3132,54,58,387,223,camera_sign_turn_right
74.43505779000043,74296000000,True,True,156,camera_sign_turn_right,turn_right_sign,right,0.4945970386567546,3186,54,59,387,223,camera_sign_turn_right
74.45851842400043,74404000000,True,True,157,camera_sign_turn_right,turn_right_sign,right,0.4933762547359707,3245,55,59,386,223,camera_sign_turn_right
74.48425675900035,74404000000,True,True,158,camera_sign_turn_right,turn_right_sign,right,0.4963279409952596,3245,55,59,386,223,camera_sign_turn_right
74.50915273300052,74404000000,True,True,159,camera_sign_turn_right,turn_right_sign,right,0.49763596299254753,3245,55,59,385,223,camera_sign_turn_right
74.55082828000013,74404000000,True,True,160,camera_sign_turn_right,turn_right_sign,right,0.4875882835126646,3540,59,60,385,223,camera_sign_turn_right
74.58338440500029,74510000000,True,True,161,camera_sign_turn_right,turn_right_sign,right,0.4995955218627722,3300,55,60,384,223,camera_sign_turn_right
74.606548836,74510000000,True,True,162,camera_sign_turn_right,turn_right_sign,right,0.5015742322453335,3300,55,60,383,223,camera_sign_turn_right
74.6628962650002,74610000000,True,True,163,camera_sign_turn_right,turn_right_sign,right,0.49322300134224106,3540,59,60,383,223,camera_sign_turn_right
74.68265012000029,74610000000,True,True,164,camera_sign_turn_right,turn_right_sign,right,0.49146822622636893,3654,58,63,382,222,camera_sign_turn_right
74.71622592699987,74610000000,True,True,165,camera_sign_turn_right,turn_right_sign,right,0.4895390967482862,3780,60,63,381,222,camera_sign_turn_right
74.75244750799993,74610000000,True,True,166,camera_sign_turn_right,turn_right_sign,right,0.4928937912862993,3717,59,63,380,222,camera_sign_turn_right
74.78669892700054,74709000000,True,True,167,camera_sign_turn_right,turn_right_sign,right,0.49535195914425095,3712,58,64,379,222,camera_sign_turn_right
74.81872593299977,74709000000,True,True,168,camera_sign_turn_right,turn_right_sign,right,0.49524742273614486,3776,59,64,379,222,camera_sign_turn_right
74.83912242000042,74709000000,True,True,169,camera_sign_turn_right,turn_right_sign,right,0.4983470444640062,3776,59,64,378,222,camera_sign_turn_right
74.88483452299988,74810000000,True,True,170,camera_sign_turn_right,turn_right_sign,right,0.49637282327571214,3840,60,64,377,222,camera_sign_turn_right
74.9077485630005,74810000000,True,True,171,camera_sign_turn_right,turn_right_sign,right,0.4899394969171912,4160,64,65,376,221,camera_sign_turn_right
74.95061082600023,74810000000,True,True,172,camera_sign_turn_right,turn_right_sign,right,0.492444732702919,4095,63,65,375,221,camera_sign_turn_right
74.99431137700049,74911000000,True,True,173,camera_sign_turn_right,turn_right_sign,right,0.4947931721613823,4095,63,65,374,221,camera_sign_turn_right
