t_wall,stamp_ns,segment,distance_on_segment_m,segment_length_m,segment_progress,decision,pending_maneuver,pending_source,camera_parking_armed,visible_instruction,applied_instruction,parking_route,stopped_at_terminal,effective_speed_mps,active_speed_mps,traffic_light_state,camera_traffic_light_state,traffic_light_control_state,map_x,map_y,yaw,actual_map_x,actual_map_y,actual_yaw
12.120287789999566,11783000000,outer_left_lower_to_mid_reverse,1.0205067026796635,1.8052961635923481,0.5652849229175578,route/default,,,,,,False,False,0.28,0.28,red,,,34.13056984583511,184.32693906465195,-1.544828139583341,33.678264856516535,166.13521669025923,-1.5477540109749675
12.129718866000076,11783000000,outer_left_lower_to_mid_reverse,0.5941318465995207,1.8052961635923481,0.3291049183959164,route/rejoin_nearest: outer_left_lower_to_mid_reverse,,,,,,False,False,0.28,0.28,red,,,33.65820983679184,166.14107871648557,-1.5448281395833408,33.65820983679184,166.14107871648557,-1.5448281395833408
12.319626642000003,11968000000,outer_left_lower_to_mid_reverse,0.6212918466027897,1.8052961635923481,0.34414954129547626,route/rejoin_nearest: outer_left_lower_to_mid_reverse,,,,,,False,False,0.28,0.28,red,,,33.68829908259096,167.29951467975167,-1.5448281395833408,33.69396868544449,166.79056664136667,-1.5493770775213365
12.523287405999326,12166000000,outer_left_lower_to_mid_reverse,0.676535977105135,1.8052961635923481,0.3747506867565154,route/rejoin_nearest: outer_left_lower_to_mid_reverse,,,,,,False,False,0.28,0.28,red,,,33.74950137351304,169.65580288025168,-1.5448281395833408,33.73906000536688,169.1732887376511,-1.5467597455487225
12.626158428000053,12266000000,outer_left_lower_to_mid_reverse,0.7045041365157129,1.8052961635923481,0.3902429699478363,route/rejoin_nearest: outer_left_lower_to_mid_reverse,,,,,,False,False,0.28,0.28,red,,,33.780485939895684,170.84870868598338,-1.5448281395833408,33.764445166581126,170.36534229776666,-1.5455679055409928
12.821371037000063,12465000000,outer_left_lower_to_mid_reverse,0.760207288376494,1.8052961635923481,0.42109837915113163,route/rejoin_nearest: outer_left_lower_to_mid_reverse,,,,,,False,False,0.28,0.28,red,,,33.84219675830225,173.22457519463714,-1.5448281395833352,33.821348341936854,172.75121381078253,-1.5439229240296142
12.922052180999344,12565000000,outer_left_lower_to_mid_reverse,0.7882062700528446,1.8052961635923481,0.4366077355886015,route/rejoin_nearest: outer_left_lower_to_mid_reverse,,,,,,False,False,0.28,0.28,red,,,33.873215471177204,174.41879564032232,-1.5448281395833408,33.852207710309344,173.94461581383092,-1.543447696200839
13.12249705999966,12763000000,outer_left_lower_to_mid_reverse,0.8436229451760904,1.8052961635923481,0.4673044579551812,route/rejoin_nearest: outer_left_lower_to_mid_reverse,,,,,,False,False,0.28,0.28,red,,,33.93460891591036,176.78244326254895,-1.5448281395833408,33.91671584948267,176.33055141463123,-1.5429484209768891
13.22347951699976,12866000000,outer_left_lower_to_mid_reverse,0.872443023002898,1.8052961635923481,0.48326864067933806,route/rejoin_nearest: outer_left_lower_to_mid_reverse,,,,,,False,False,0.28,0.28,red,,,33.96653728135868,178.01168533230904,-1.5448281395833408,33.94982513003073,177.5231472681618,-1.542872385380419
13.324012091999975,12967000000,outer_left_lower_to_mid_reverse,0.9006999101885446,1.8052961635923481,0.49892085761498944,route/rejoin_nearest: outer_left_lower_to_mid_reverse,,,,,,False,False,0.28,0.28,red,,,33.99784171522998,179.21690603635417,-1.5448281395833408,33.98322514056575,178.7155727473469,-1.5428792637384223
13.524999462999403,13165000000,outer_left_lower_to_mid_reverse,0.9560873920546179,1.8052961635923481,0.5296014090852026,route/rejoin_nearest: outer_left_lower_to_mid_reverse,,,,,,False,False,0.28,0.28,red,,,34.05920281817039,181.5793084995606,-1.5448281395833352,34.05038087057959,181.10008332826033,-1.543053437238089
13.628888389000167,13266000000,outer_left_lower_to_mid_reverse,0.984338038914763,1.8052961635923481,0.5452501693439787,route/rejoin_nearest: outer_left_lower_to_mid_reverse,,,,,,False,False,0.28,0.28,red,,,34.09050033868796,182.78426303948638,-1.5448281395833408,34.08396070435536,182.29222960264337,-1.5431875579627974
13.726204507000148,13366000000,outer_left_lower_to_mid_reverse,1.012308000322976,1.8052961635923481,0.5607434507081599,route/rejoin_nearest: outer_left_lower_to_mid_reverse,,,,,,False,False,0.28,0.28,red,,,34.12148690141633,183.97724570452831,-1.5448281395833408,34.117437665606985,183.48433191708756,-1.5433377956773173
13.93040314100017,13565000000,outer_left_lower_to_mid_reverse,1.0679679416435015,1.8052961635923481,0.5915749244812876,route/rejoin_nearest: outer_left_lower_to_mid_reverse,,,,,,False,False,0.28,0.28,red,,,34.18314984896257,186.35126918505915,-1.5448281395833408,34.18386690791817,185.86851133349114,-1.5436676181133013
14.027461098999993,13665000000,outer_left_lower_to_mid_reverse,1.0959382076670716,1.8052961635923481,0.6070683745797535,route/rejoin_nearest: outer_left_lower_to_mid_reverse,,,,,,False,False,0.28,0.28,red,,,34.21413674915949,187.544264842641,-1.5448281395833352,34.21674810801869,187.06062368973025,-1.5438334776994502
14.229392156999893,13869000000,outer_left_lower_to_mid_reverse,1.1529989428077017,1.8052961635923481,0.6386757840959214,route/rejoin_nearest: outer_left_lower_to_mid_reverse,,,,,,False,False,0.28,0.28,red,,,34.27735156819183,189.97803537538596,-1.5448281395833408,34.28187314586967,189.44492775414747,-1.5441345510445463
14.331237962999694,13969000000,outer_left_lower_to_mid_reverse,1.1809705254892895,1.8052961635923481,0.6541699635251444,route/rejoin_nearest: outer_left_lower_to_mid_reverse,,,,,,False,False,0.28,0.28,red,,,34.308339927050284,191.17108719143613,-1.5448281395833408,34.31414725807706,190.63712150849358,-1.5442620323067064
14.433061158999408,14073000000,outer_left_lower_to_mid_reverse,1.2100615530212584,1.8052961635923481,0.6702842322632337,route/rejoin_nearest: outer_left_lower_to_mid_reverse,,,,,,False,False,0.28,0.28,green,,,34.34056846452647,192.411885884269,-1.544828139583341,34.35263562420596,192.06778436223902,-1.5443971698778816
14.63510022599985,14276000000,outer_left_lower_to_mid_reverse,1.2668471196798388,1.8052961635923481,0.7017392188763905,route/rejoin_nearest: outer_left_lower_to_mid_reverse,,,,,,False,False,0.28,0.28,green,,,34.40347843775278,194.8339198534821,-1.5448281395833408,34.41623031204098,194.45231395142378,-1.5446022193176334
14.738123815000108,14376000000,outer_left_lower_to_mid_reverse,1.2948215676568477,1.8052961635923481,0.7172349854664788,route/rejoin_nearest: outer_left_lower_to_mid_reverse,,,,,,False,False,0.28,0.28,green,,,34.434469970932966,196.02709388091887,-1.5448281395833408,34.44776283121162,195.64463791613136,-1.5446849398847058
14.834994130999803,14476000000,outer_left_lower_to_mid_reverse,1.322796622705751,1.8052961635923481,0.732731088329311,route/rejoin_nearest: outer_left_lower_to_mid_reverse,,,,,,False,False,0.28,0.28,green,,,34.46546217665862,197.22029380135695,-1.5448281395833408,34.479169271998444,196.8369954528469,-1.544752353197268
15.035592903000179,14674000000,outer_left_lower_to_mid_reverse,1.3781881001879692,1.8052961635923481,0.7634138530741243,route/rejoin_nearest: outer_left_lower_to_mid_reverse,,,,,,False,False,0.28,0.28,green,,,34.526827706148254,199.58286668670758,-1.5448281395833408,34.54172702145284,199.2217723245851,-1.5448461472380088
15.238040346000162,14866000000,outer_left_lower_to_mid_reverse,1.4319028898627313,1.8052961635923481,0.7931678572968306,route/rejoin_nearest: outer_left_lower_to_mid_reverse,,,,,,False,False,0.28,0.28,green,,,34.58633571459366,201.87392501185596,-1.5448281395833408,34.59154859153159,201.12964711742916,-1.5448942765769988
15.43773823599986,15061000000,outer_left_lower_to_mid_reverse,1.4864591633024467,1.8052961635923481,0.8233879810305199,route/rejoin_nearest: outer_left_lower_to_mid_reverse,,,,,,False,False,0.28,0.28,green,,,34.64677596206104,204.20087453935002,-1.5448281395833408,34.659739644338,203.75309308373056,-1.5449281102346943
15.538669694999953,15165000000,outer_left_lower_to_mid_reverse,1.5155525612005705,1.8052961635923481,0.8395035627754182,route/rejoin_nearest: outer_left_lower_to_mid_reverse,,,,,,False,False,0.28,0.28,green,,,34.679007125550825,205.4417743337072,-1.5448281395833408,34.68858287103599,204.9453332951835,-1.5442541028734385
15.642844469999545,15266000000,outer_left_lower_to_mid_reverse,1.5421995941215398,1.8052961635923481,0.8542640400081093,route/rejoin_nearest: outer_left_lower_to_mid_reverse,,,,,,False,False,0.28,0.28,green,,,34.70852808001622,206.57833108062442,-1.5448281395833408,34.65672878344158,206.08723737548493,-1.523328347475112
15.740242599999874,15366000000,outer_left_lower_to_mid_reverse,1.5678012825715906,1.8052961635923481,0.8684454740389146,route/rejoin_nearest: outer_left_lower_to_mid_reverse,,,,,,False,False,0.28,0.28,green,,,34.73689094807783,207.6703015009964,-1.5448281395833408,34.59584749238802,207.18363369795202,-1.4843615081362236
15.940763507000156,15566000000,outer_left_lower_to_mid_reverse,1.616891959588173,1.8052961635923481,0.8956380632697569,route/rejoin_nearest: outer_left_lower_to_mid_reverse,,,,,,False,False,0.28,0.28,green,,,34.791276126539515,209.76413087177127,-1.544828139583341,34.49900721703136,209.30056336283127,-1.369767224630599
16.04099469999983,15668000000,outer_left_lower_to_mid_reverse,1.6411639495832027,1.8052961635923481,0.9090829431097113,route/rejoin_nearest: outer_left_lower_to_mid_reverse,,,,,,False,False,0.28,0.28,green,,,34.81816588621943,210.79938661944777,-1.5448281395833408,34.47759854290389,210.32276307045538,-1.292725101260905
16.141919689999668,15770000000,outer_left_lower_to_mid_reverse,1.6646983404412867,1.8052961635923481,0.9221192478073589,route/rejoin_nearest: outer_left_lower_to_mid_reverse,,,,,,False,False,0.28,0.28,green,,,34.84423849561472,211.80318208116665,-1.5448281395833408,34.479494685770575,211.3125553663848,-1.2005630027491854
16.348703730000125,15967000000,outer_left_lower_to_mid_reverse,1.708924006428903,1.8052961635923481,0.9466169822398145,route/rejoin_nearest: outer_left_lower_to_mid_reverse,,,,,,False,False,0.28,0.28,green,yellow,yellow,34.893233964479634,213.68950763246573,-1.5448281395833408,34.69049453570817,213.42334803258672,-0.9634010883017093
16.444339882999884,16072000000,outer_left_lower_to_mid_reverse,1.7328353078850336,1.8052961635923481,0.9598620674166143,route/rejoin_nearest: outer_left_lower_to_mid_reverse,,,,,,False,False,0.28,0.28,green,green,green,34.91972413483323,214.70937919107928,-1.441468722322495,34.9438981114193,214.3538469176891,-0.8540331241801078
16.54886136999994,16175000000,outer_left_lower_to_mid_reverse,1.7563452047905423,1.8052961635923481,0.972884804283637,route/rejoin_nearest: outer_left_lower_to_mid_reverse,,,,camera_sign_turn_right,,False,False,0.28,0.28,green,green,green,34.945769608567275,215.71212992984005,-1.0648973483607185,35.291360864291335,215.2498831486228,-0.7437923634190863
16.74493904799965,16368000000,outer_left_lower_to_mid_reverse,1.8000714465950434,1.8052961635923481,0.9971058948095762,route/rejoin_nearest: outer_left_lower_to_mid_reverse,,,,camera_sign_speed_limit,,False,False,0.28,0.28,green,green,green,34.99421178961916,217.57715390033735,-0.6063650433150596,36.19126260822537,216.7367591414021,-0.5553699680020381
16.844964099999743,16468000000,outer_bottom_left_corner_reverse,0.017890736141619505,0.3709787607362388,0.04822576933006575,route/default: outer_bottom_left_corner_reverse,,,,camera_sign_speed_limit,,False,False,0.28,0.28,green,green,green,35.76333807537577,217.8,-0.6585114260453803,36.836671282046794,217.46908494728422,-0.4592291239632452
16.945761695999863,16574000000,outer_bottom_left_corner_reverse,0.04289094694486009,0.3709787607362388,0.11561564025859423,route/default: outer_bottom_left_corner_reverse,,,,camera_sign_speed_limit,,False,False,0.28,0.28,green,green,green,36.58690834142563,218.38690834142562,-0.46338897884401525,37.747208073628485,218.24255406552805,-0.3566291729562199
17.146053319999737,16770000000,outer_bottom_left_corner_reverse,0.08987923137029924,0.3709787607362388,0.24227594914578474,route/default: outer_bottom_left_corner_reverse,,,,camera_sign_speed_limit,,False,False,0.28,0.28,green,green,green,38.006420080386576,219.8,0.0,39.338091767992395,219.1807558359527,-0.22580971787071447
17.246683907999795,16874000000,outer_bottom_left_corner_reverse,0.11564390662122125,0.3709787607362388,0.31172648911683276,route/default: outer_bottom_left_corner_reverse,,,,,,False,False,0.28,0.28,green,green,green,39.10571289109258,219.8,0.0,40.5081624583881,219.6553194422557,-0.15354034708980024
17.347900802999902,16975000000,outer_bottom_left_corner_reverse,0.1416188513109991,0.3709787607362388,0.38174382552236813,route/default: outer_bottom_left_corner_reverse,,,,,,False,False,0.28,0.28,green,green,green,40.21397719785644,219.8,0.0,41.54322254006445,219.96433095655158,-0.10220723649080697
17.548475415999746,17175000000,outer_bottom_left_corner_reverse,0.1938511734368566,0.3709787607362388,0.5225398161666789,route/default: outer_bottom_left_corner_reverse,,,,,,False,False,0.28,0.28,green,green,green,42.442556275226366,219.8,0.0,43.717066940717075,220.35348663379995,-0.027223522865891858
17.75033226300002,17379000000,outer_bottom_left_corner_reverse,0.24846868726763865,0.3709787607362388,0.6697652630423679,route/default: outer_bottom_left_corner_reverse,,,,,,False,False,0.28,0.28,green,green,green,44.772903532006396,219.8,0.0,45.99328345978846,220.50827593882389,0.015735913870699014
17.950847531999898,17577000000,outer_bottom_left_corner_reverse,0.3027524081856905,0.3709787607362388,0.8160909470527441,route/default: outer_bottom_left_corner_reverse,,,,,,False,False,0.28,0.28,green,green,green,47.08900895784326,219.8,0.0,48.32504337890073,220.52157419187319,0.03977174498929709
18.152237545999924,17774000000,outer_bottom_left_corner_reverse,0.3573449677113831,0.3709787607362388,0.9632491277996662,route/default: outer_bottom_left_corner_reverse,,,,,,False,False,0.28,0.28,green,green,green,49.41829149760615,219.8,0.0,50.68465969048367,220.4494186143969,0.050560297375205406
18.364896567999494,17876000000,outer_bottom_left_mid_to_bottom_left_reverse,0.01489232594910617,0.796875,0.01868840903417245,route/default: outer_bottom_left_mid_to_bottom_left_reverse,,,,,,False,False,0.28,0.28,green,green,green,50.63540590716187,219.8,0.0,53.06511714491711,220.33418654077758,0.05322056114173816
18.365232045000084,17977000000,outer_bottom_left_mid_to_bottom_left_reverse,0.04313877708999002,0.796875,0.05413493595606591,route/default: outer_bottom_left_mid_to_bottom_left_reverse,,,,,,False,False,0.28,0.28,green,green,green,51.84058782250624,219.8,0.0,53.06511714491711,220.33418654077758,0.05322056114173816
18.4545542879996,18077000000,outer_bottom_left_mid_to_bottom_left_reverse,0.07093754264011784,0.796875,0.08901966135230474,route/default: outer_bottom_left_mid_to_bottom_left_reverse,,,,,,False,False,0.28,0.28,green,green,green,53.02666848597836,219.8,0.0,54.25105600095523,220.26476195240195,0.051185967441561814
18.554843183999765,18178000000,outer_bottom_left_mid_to_bottom_left_reverse,0.09895645542221812,0.796875,0.12418064994160705,route/default: outer_bottom_left_mid_to_bottom_left_reverse,,,,,,False,False,0.28,0.28,green,green,green,54.22214209801464,219.8,0.0,55.433901647726444,220.19324155540846,0.0473954535365906
18.658282474999396,18279000000,outer_bottom_left_mid_to_bottom_left_reverse,0.1269431166251025,0.796875,0.15930116596091293,route/default: outer_bottom_left_mid_to_bottom_left_reverse,,,,,,False,False,0.28,0.28,green,green,green,55.416239642671044,219.8,0.0,56.6153129523547,220.12414648252962,0.042832508166149155
18.85562928299987,18478000000,outer_bottom_left_mid_to_bottom_left_reverse,0.1820503959773236,0.796875,0.2284553988735041,route/default: outer_bottom_left_mid_to_bottom_left_reverse,,,,,,False,False,0.28,0.28,green,green,green,57.76748356169914,219.8,0.0,58.97705218783146,220.00002454659,0.03277079888348515
18.956164635999812,18580000000,outer_bottom_left_mid_to_bottom_left_reverse,0.21029983540999106,0.796875,0.26390567580861624,route/default: outer_bottom_left_mid_to_bottom_left_reverse,,,,,,False,False,0.28,0.28,green,green,green,58.972792977492944,219.8,0.0,60.15839304415458,219.94691616693723,0.027745978279329075
19.158034282999324,18780000000,outer_bottom_left_mid_to_bottom_left_reverse,0.2657315331556697,0.796875,0.3334670219992718,route/default: outer_bottom_left_mid_to_bottom_left_reverse,,,,,,False,False,0.28,0.28,green,green,green,61.33787874797524,219.8,0.0,62.52342096658661,219.86049403639402,0.018462745086063787
19.256988529999944,18881000000,outer_bottom_left_mid_to_bottom_left_reverse,0.2937530282053293,0.796875,0.36863125108119754,route/default: outer_bottom_left_mid_to_bottom_left_reverse,,,,,,False,False,0.28,0.28,green,green,green,62.53346253676072,219.8,0.0,63.70741523960329,219.827092043525,0.01439714890769766
19.459933008000007,19080000000,outer_bottom_left_mid_to_bottom_left_reverse,0.34903126718903643,0.796875,0.4380000215705555,route/default: outer_bottom_left_mid_to_bottom_left_reverse,,,,,,False,False,0.28,0.28,yellow,green,green,64.89200073339887,219.8,0.0,66.07865598102663,219.7780385234352,0.007638447827361378
19.65851267800008,19282000000,outer_bottom_left_mid_to_bottom_left_reverse,0.39092739721266373,0.796875,0.49057555728648,route/default: outer_bottom_left_mid_to_bottom_left_reverse,,,,,,False,False,0.14,0.28,yellow,yellow,yellow,66.67956894774031,219.8,0.0,68.03864087400618,219.75083190041153,0.0027154506022306376
19.759335591999843,19383000000,outer_bottom_left_mid_to_bottom_left_reverse,0.40498776388098295,0.796875,0.5082199389879002,route/default: outer_bottom_left_mid_to_bottom_left_reverse,,,,,,False,False,0.14,0.28,yellow,yellow,yellow,67.2794779255886,219.8,0.0,68.63326657796028,219.74316846037357,0.0007604631635207398
19.860413028999574,19485000000,outer_bottom_left_mid_to_bottom_left_reverse,0.4192225370429393,0.796875,0.5260831837401592,route/default: outer_bottom_left_mid_to_bottom_left_reverse,,,,,,False,False,0.14,0.28,yellow,yellow,yellow,67.88682824716543,219.8,0.0,69.22842012817597,219.7378680139696,-0.0008069591743655773
19.961023615999693,19586000000,outer_bottom_left_mid_to_bottom_left_reverse,0.4333402226826275,0.796875,0.5437994951311405,route/default: outer_bottom_left_mid_to_bottom_left_reverse,,,,,,False,False,0.14,0.28,yellow,yellow,yellow,68.48918283445877,219.8,0.0,69.8240169998709,219.73457093308798,-0.0020290087580874835
20.06171097100014,19687000000,outer_bottom_left_mid_to_bottom_left_reverse,0.4474616850812689,0.796875,0.5615205459843374,route/default: outer_bottom_left_mid_to_bottom_left_reverse,,,,,,False,False,0.14,0.28,yellow,yellow,yellow,69.09169856346747,219.8,0.0,70.4196292897806,219.7331390684884,-0.0028597144446448584
20.262926207999953,19883000000,outer_bottom_left_mid_to_bottom_left_reverse,0.474800315732519,0.796875,0.5958278471937494,route/default: outer_bottom_left_mid_to_bottom_left_reverse,,,,,,False,False,0.14,0.28,yellow,yellow,yellow,70.25814680458748,219.8,0.0,71.61126700771734,219.73474129919526,-0.003458611714807589
20.363527002999945,19985000000,outer_bottom_left_mid_to_bottom_left_reverse,0.48904029595223275,0.796875,0.613697626292998,route/default: outer_bottom_left_mid_to_bottom_left_reverse,,,,,,False,False,0.14,0.28,yellow,yellow,yellow,70.86571929396192,219.8,0.0,72.20737088252051,219.7357788914577,-0.0037170579417437673
20.563227775000087,20184000000,outer_bottom_left_mid_to_bottom_left_reverse,0.5167951596693261,0.796875,0.6485272591928798,route/default: outer_bottom_left_mid_to_bottom_left_reverse,,,,camera_sign_speed_limit,camera_sign_speed_limit,False,False,0.14,0.14,red,red,red,72.04992681255791,219.8,0.0,73.39867669603271,219.7380731639118,-0.004470132892349724
20.664245084999493,20287000000,outer_bottom_left_mid_to_bottom_left_reverse,0.5312068314842563,0.796875,0.6666124944116157,route/default: outer_bottom_left_mid_to_bottom_left_reverse,,,,camera_sign_speed_limit,camera_sign_speed_limit,False,False,0.14,0.14,red,red,red,72.66482480999494,219.8,0.0,73.99526099456588,219.7398034299615,-0.00476860102226644
20.864198405000025,20484000000,outer_bottom_left_mid_to_bottom_left_reverse,0.5587796983080064,0.796875,0.7012137390531845,route/default: outer_bottom_left_mid_to_bottom_left_reverse,,,,camera_sign_speed_limit,camera_sign_speed_limit,False,False,0.14,0.14,red,red,red,73.84126712780827,219.8,0.0,75.18884629441837,219.74437452733162,-0.005049873746962456
20.965356007000082,20587000000,outer_bottom_left_mid_to_bottom_left_reverse,0.5731958562514444,0.796875,0.7193046039233812,route/default: outer_bottom_left_mid_to_bottom_left_reverse,,,,camera_sign_speed_limit,camera_sign_speed_limit,False,False,0.14,0.14,red,red,red,74.45635653339497,219.8,0.0,75.78558227885159,219.74716799602828,-0.00505041748703492
21.167219326999657,20781000000,outer_bottom_left_mid_to_bottom_left_reverse,0.6003176726537142,0.796875,0.7533398245066217,route/default: outer_bottom_left_mid_to_bottom_left_reverse,,,,camera_sign_speed_limit,camera_sign_speed_limit,False,False,0.14,0.14,red,red,red,75.61355403322514,219.8,0.0,76.978852755372,219.75338628768583,-0.0048431827749969665
21.26786364899999,20885000000,outer_bottom_left_mid_to_bottom_left_reverse,0.6148852231108286,0.796875,0.771620672139079,route/default: outer_bottom_left_mid_to_bottom_left_reverse,,,,camera_sign_speed_limit,camera_sign_speed_limit,False,False,0.14,0.14,red,red,red,76.23510285272869,219.8,0.0,77.57544289630198,219.7566441170501,-0.004662193376039503
21.37176605500008,20992000000,outer_bottom_left_mid_to_bottom_left_reverse,0.6298546460101794,0.796875,0.790405830287284,route/default: outer_bottom_left_mid_to_bottom_left_reverse,,,,camera_sign_speed_limit,camera_sign_speed_limit,False,False,0.14,0.14,red,red,red,76.87379822976766,219.8,0.0,78.29170016915918,219.7605066992092,-0.004377801574219387
21.57077346799997,21191000000,outer_bottom_left_mid_to_bottom_left_reverse,0.6576666007964311,0.796875,0.825307106881796,route/default: outer_bottom_left_mid_to_bottom_left_reverse,,,,camera_sign_speed_limit,camera_sign_speed_limit,False,False,0.14,0.28,red,red,red,78.06044163398107,219.8,0.0,79.36622664043631,219.7660225945241,-0.00391293772196789
21.67156396199971,21291000000,outer_bottom_left_mid_to_bottom_left_reverse,0.6716466999983255,0.796875,0.8428507607822123,route/default: outer_bottom_left_mid_to_bottom_left_reverse,,,,camera_sign_speed_limit,camera_sign_speed_limit,False,False,0.14,0.28,red,red,red,78.65692586659523,219.8,0.0,79.96319662078761,219.7688717707441,-0.003648866405401806
21.872048090000135,21496000000,outer_bottom_left_mid_to_bottom_left_reverse,0.7003413533670695,0.796875,0.8788597375586754,route/default: outer_bottom_left_mid_to_bottom_left_reverse,,,,camera_sign_speed_limit,camera_sign_speed_limit,False,False,0.14,0.28,red,red,red,79.88123107699496,219.8,0.0,81.27650903679483,219.7744844500267,-0.003118624606707267
22.07351314799962,21695000000,outer_bottom_left_mid_to_bottom_left_reverse,0.7281775566249676,0.796875,0.9137914436078025,route/default: outer_bottom_left_mid_to_bottom_left_reverse,,,,camera_sign_speed_limit,camera_sign_speed_limit,False,False,0.14,0.28,red,red,red,81.06890908266527,219.8,0.0,82.47039713817762,219.778863631572,-0.002695389025795214
22.274457321999762,21890000000,outer_bottom_left_mid_to_bottom_left_reverse,0.7554443926721363,0.796875,0.9480086496277789,route/default: outer_bottom_left_mid_to_bottom_left_reverse,,,,camera_sign_speed_limit,camera_sign_speed_limit,False,False,0.14,0.28,red,red,red,82.23229408734448,219.8,0.0,83.54493778171934,219.78228155831187,-0.0023321541628818694
22.3787937219995,21991000000,outer_bottom_left_mid_to_bottom_left_reverse,0.7695779745346158,0.796875,0.9657449092199101,route/default: outer_bottom_left_mid_to_bottom_left_reverse,,,,camera_sign_speed_limit,camera_sign_speed_limit,False,False,0.14,0.28,red,red,red,82.83532691347693,219.8,0.0,84.26123139308547,219.7842230168731,-0.0021336968558262107
22.47854174599979,22091000000,outer_bottom_left_mid_to_bottom_left_reverse,0.7835906536727846,0.796875,0.9833294477462394,route/default: outer_bottom_left_mid_to_bottom_left_reverse,,,,camera_sign_speed_limit,camera_sign_speed_limit,False,False,0.14,0.28,red,red,red,83.43320122337215,219.8,0.0,84.85829274490015,219.78561366030482,-0.0019807645110411134
22.5756492849996,22195000000,outer_bottom_mid_to_bottom_left_mid_reverse,0.0012628832958232576,0.984375,0.0012829290624236267,route/default: outer_bottom_mid_to_bottom_left_mid_reverse,,,,camera_sign_speed_limit,camera_sign_speed_limit,False,False,0.14,0.28,red,red,red,84.05388302062178,219.8,0.0,85.45515907289034,219.78721950149492,-0.0018304619321330277
22.77658073600014,22392000000,outer_bottom_mid_to_bottom_left_mid_reverse,0.02883616688839223,0.984375,0.029293883823128617,route/default: outer_bottom_mid_to_bottom_left_mid_reverse,,,,camera_sign_speed_limit,camera_sign_speed_limit,False,False,0.14,0.28,red,red,red,85.2303431205714,219.8,0.0,86.52907264087546,219.78967067355546,-0.00162049266816964
22.876827682000112,22493000000,outer_bottom_mid_to_bottom_left_mid_reverse,0.042983743872852996,0.984375,0.04366602552162844,route/default: outer_bottom_mid_to_bottom_left_mid_reverse,,,,camera_sign_speed_limit,camera_sign_speed_limit,False,False,0.14,0.28,red,red,red,85.83397307190839,219.8,0.0,87.2448191564927,219.7910936095434,-0.0015114704875851355
22.97730954799954,22593000000,outer_bottom_mid_to_bottom_left_mid_reverse,0.05697401277047484,0.984375,0.05787836217953,route/default: outer_bottom_mid_to_bottom_left_mid_reverse,,,,camera_sign_speed_limit,camera_sign_speed_limit,False,False,0.14,0.28,red,red,red,86.43089121154026,219.8,0.0,87.84119276444628,219.79223187303342,-0.001421065093349414
23.07860725899991,22694000000,outer_bottom_mid_to_bottom_left_mid_reverse,0.07112136264391315,0.984375,0.0722502731620705,route/default: outer_bottom_mid_to_bottom_left_mid_reverse,,,,camera_sign_speed_limit,camera_sign_speed_limit,False,False,0.14,0.28,red,red,red,87.03451147280697,219.8,0.0,88.43764167593014,219.79332460298895,-0.0013251291204748577
23.27901307799948,22900000000,outer_bottom_mid_to_bottom_left_mid_reverse,0.09995570329330565,0.984375,0.10154230175827876,route/default: outer_bottom_mid_to_bottom_left_mid_reverse,,,,camera_sign_speed_limit,camera_sign_speed_limit,False,False,0.14,0.28,red,red,red,88.2647766738477,219.8,0.0,89.63142606259872,219.79525137715416,-0.0010815484908172437
23.381643808999797,23006000000,outer_bottom_mid_to_bottom_left_mid_reverse,0.11479031197426717,0.984375,0.11661238041830316,route/default: outer_bottom_mid_to_bottom_left_mid_reverse,,,,camera_sign_speed_limit,camera_sign_speed_limit,False,False,0.14,0.28,red,red,red,88.89771997756873,219.8,0.0,90.22838235451104,219.79600709462568,-0.0009764151731915801
23.4805918510001,23110000000,outer_bottom_mid_to_bottom_left_mid_reverse,0.12935144294795997,0.984375,0.13140464045507044,route/default: outer_bottom_mid_to_bottom_left_mid_reverse,,,,camera_sign_speed_limit,camera_sign_speed_limit,False,False,0.14,0.28,red,red,red,89.51899489911295,219.8,0.0,90.82541493511056,219.79653750965883,-0.000877633639029692
23.591381853999337,23210000000,outer_bottom_mid_to_bottom_left_mid_reverse,0.14334584321254257,0.984375,0.1456211740571861,route/default: outer_bottom_mid_to_bottom_left_mid_reverse,,,,camera_sign_speed_limit,camera_sign_speed_limit,False,False,0.14,0.28,red,red,red,90.1160893104018,219.8,0.0,91.4225413098653,219.79692592014368,-0.000781366737383022
23.688653763999355,23310000000,outer_bottom_mid_to_bottom_left_mid_reverse,0.1573275939379035,0.984375,0.15982485733374324,route/default: outer_bottom_mid_to_bottom_left_mid_reverse,,,,camera_sign_speed_limit,camera_sign_speed_limit,False,False,0.0,0.28,red,red,red,90.71264400801721,219.8,0.0,92.13836422047459,219.79743023362266,-0.0007719313808585428
23.88225333599985,23510000000,outer_bottom_mid_to_bottom_left_mid_reverse,0.15734322512982868,0.984375,0.15984073663982595,route/default: outer_bottom_mid_to_bottom_left_mid_reverse,,,,camera_sign_speed_limit,camera_sign_speed_limit,False,False,0.0,0.28,red,red,red,90.7133109388727,219.8,0.0,92.3190710267136,219.79268598869493,-0.002144575310231275
23.9913235289996,23611000000,outer_bottom_mid_to_bottom_left_mid_reverse,0.1573513166981674,0.984375,0.15984895664575735,route/default: outer_bottom_mid_to_bottom_left_mid_reverse,,,,camera_sign_speed_limit,camera_sign_speed_limit,False,False,0.0,0.28,red,red,red,90.71365617912181,219.8,0.0,92.31913497643623,219.79269342038708,-0.0021416901362145877
24.083209438999802,23711000000,outer_bottom_mid_to_bottom_left_mid_reverse,0.15735621123850954,0.984375,0.15985392887721603,route/default: outer_bottom_mid_to_bottom_left_mid_reverse,,,,camera_sign_speed_limit,camera_sign_speed_limit,False,False,0.0,0.28,red,red,red,90.71386501284307,219.8,0.0,92.31918068531753,219.79269953675015,-0.0021392067948210105
24.28449036099937,23909000000,outer_bottom_mid_to_bottom_left_mid_reverse,0.15736624972849242,0.984375,0.15986412670830977,route/default: outer_bottom_mid_to_bottom_left_mid_reverse,,,,camera_sign_speed_limit,camera_sign_speed_limit,False,False,0.0,0.28,red,red,red,90.71429332174901,219.8,0.0,92.31929348478843,219.79271063250275,-0.002134851350004255
24.38535166299971,24012000000,outer_bottom_mid_to_bottom_left_mid_reverse,0.15736805641341667,0.984375,0.1598659620707725,route/default: outer_bottom_mid_to_bottom_left_mid_reverse,,,,camera_sign_speed_limit,camera_sign_speed_limit,False,False,0.0,0.28,red,red,red,90.71437040697245,219.8,0.0,92.31936155090847,219.79271821210386,-0.0021316858183192382
24.585714955000185,24214000000,outer_bottom_mid_to_bottom_left_mid_reverse,0.15737086448517842,0.984375,0.1598688147151019,route/default: outer_bottom_mid_to_bottom_left_mid_reverse,,,,camera_sign_speed_limit,camera_sign_speed_limit,False,False,0.0,0.28,red,red,red,90.71449021803429,219.8,0.0,92.31947410716332,219.79273255877195,-0.0021267777437724645
24.68631863599967,24315000000,outer_bottom_mid_to_bottom_left_mid_reverse,0.15737895604881208,0.984375,0.15987703471625353,route/default: outer_bottom_mid_to_bottom_left_mid_reverse,,,,camera_sign_speed_limit,camera_sign_speed_limit,False,False,0.0,0.28,red,red,red,90.71483545808266,219.8,0.0,92.31953124790988,219.79273644828476,-0.002124593310336117
24.887489638999796,24514000000,outer_bottom_mid_to_bottom_left_mid_reverse,0.15738833030678367,0.984375,0.15988655777197072,route/default: outer_bottom_mid_to_bottom_left_mid_reverse,,,,camera_sign_speed_limit,camera_sign_speed_limit,False,False,0.0,0.28,red,red,red,90.71523542642277,219.8,0.0,92.31964442229942,219.79275078029087,-0.0021192110439680204
25.110471482999856,24709000000,outer_bottom_mid_to_bottom_left_mid_reverse,0.15740279119690595,0.984375,0.15990124820003143,route/default: outer_bottom_mid_to_bottom_left_mid_reverse,,,,camera_sign_speed_limit,camera_sign_speed_limit,False,False,0.0,0.28,red,red,red,90.71585242440132,219.8,0.0,92.31975782351239,219.79276123545185,-0.0021145892585265596
25.187953971999377,24813000000,outer_bottom_mid_to_bottom_left_mid_reverse,0.15740788149689297,0.984375,0.15990641929843094,route/default: outer_bottom_mid_to_bottom_left_mid_reverse,,,,camera_sign_speed_limit,camera_sign_speed_limit,False,False,0.0,0.28,red,red,red,90.7160696105341,219.8,0.0,92.31981472099318,219.79276837610843,-0.002111852179218417
25.28854864599998,24915000000,outer_bottom_mid_to_bottom_left_mid_reverse,0.15740857564229022,0.984375,0.1599071244620091,route/default: outer_bottom_mid_to_bottom_left_mid_reverse,,,,camera_sign_speed_limit,camera_sign_speed_limit,False,False,0.0,0.28,red,red,red,90.71609922740438,219.8,0.0,92.31987038035741,219.79277557986916,-0.0021096813170956396
25.38948479099963,25017000000,outer_bottom_mid_to_bottom_left_mid_reverse,0.15741674731565308,0.984375,0.15991542584447296,route/default: outer_bottom_mid_to_bottom_left_mid_reverse,,,,camera_sign_speed_limit,camera_sign_speed_limit,False,False,0.0,0.28,red,red,red,90.71644788546786,219.8,0.0,92.31992752136028,219.79277946821168,-0.002107496949910629
25.490302374999374,25118000000,outer_bottom_mid_to_bottom_left_mid_reverse,0.15742419300211014,0.984375,0.15992298971642935,route/default: outer_bottom_mid_to_bottom_left_mid_reverse,,,,camera_sign_speed_limit,camera_sign_speed_limit,False,False,0.0,0.28,red,red,red,90.71676556809004,219.8,0.0,92.31998437955602,219.79278882626232,-0.0021047720999439533
25.691014225999425,25314000000,outer_bottom_mid_to_bottom_left_mid_reverse,0.15743903835875558,0.984375,0.15993807071365646,route/default: outer_bottom_mid_to_bottom_left_mid_reverse,,,,camera_sign_speed_limit,camera_sign_speed_limit,False,False,0.0,0.28,red,red,red,90.71739896997357,219.8,0.0,92.32010133578791,219.7927978480052,-0.002100124325342761
25.790764863999357,25414000000,outer_bottom_mid_to_bottom_left_mid_reverse,0.15744079242665546,0.984375,0.15993985262390395,route/default: outer_bottom_mid_to_bottom_left_mid_reverse,,,,camera_sign_speed_limit,camera_sign_speed_limit,False,False,0.0,0.28,red,red,red,90.71747381020396,219.8,0.0,92.3201540980926,219.79280425082993,-0.0020974931641552365
25.990937572999428,25619000000,outer_bottom_mid_to_bottom_left_mid_reverse,0.157446275105988,0.984375,0.15994542232989256,route/default: outer_bottom_mid_to_bottom_left_mid_reverse,,,,camera_sign_speed_limit,camera_sign_speed_limit,False,False,0.0,0.28,red,red,red,90.71770773785548,219.8,0.0,92.32026665552755,219.79281859299675,-0.00209258535584635
26.104853656999694,25719000000,outer_bottom_mid_to_bottom_left_mid_reverse,0.15745428654578306,0.984375,0.15995356093539867,route/default: outer_bottom_mid_to_bottom_left_mid_reverse,,,,camera_sign_speed_limit,camera_sign_speed_limit,False,False,0.0,0.28,red,red,red,90.71804955928675,219.8,0.0,92.32032379678665,219.7928224801691,-0.002090401054894612
26.304318307999893,25921000000,outer_bottom_mid_to_bottom_left_mid_reverse,0.1574637770531245,0.984375,0.15996320208571377,route/default: outer_bottom_mid_to_bottom_left_mid_reverse,,,,camera_sign_speed_limit,camera_sign_speed_limit,False,False,0.0,0.28,red,red,red,90.71845448759998,219.8,0.0,92.32043697233937,219.79283680764354,-0.0020850190494334235
26.407123119999596,26023000000,outer_bottom_mid_to_bottom_left_mid_reverse,0.1574644712454472,0.984375,0.15996390729696225,route/default: outer_bottom_mid_to_bottom_left_mid_reverse,,,,camera_sign_speed_limit,camera_sign_speed_limit,False,False,0.0,0.28,red,red,red,90.7184841064724,219.8,0.0,92.32050442157785,219.79284439704855,-0.0020823280024908344
26.594632327,26219000000,outer_bottom_mid_to_bottom_left_mid_reverse,0.15747098683726593,0.984375,0.15997052631087333,route/default: outer_bottom_mid_to_bottom_left_mid_reverse,,,,camera_sign_speed_limit,camera_sign_speed_limit,False,False,0.0,0.28,red,red,red,90.71876210505667,219.8,0.0,92.32060727270162,219.7928543966156,-0.0020776605852258776
26.702873360999547,26322000000,outer_bottom_mid_to_bottom_left_mid_reverse,0.15747168784725019,0.984375,0.15997123844800018,route/default: outer_bottom_mid_to_bottom_left_mid_reverse,,,,camera_sign_speed_limit,camera_sign_speed_limit,False,False,0.0,0.28,red,red,red,90.71879201481602,219.8,0.0,92.32066293267306,219.79286159815615,-0.002075489859996896
26.795687015999647,26422000000,outer_bottom_mid_to_bottom_left_mid_reverse,0.1574796992823565,0.984375,0.1599793770487431,route/default: outer_bottom_mid_to_bottom_left_mid_reverse,,,,camera_sign_speed_limit,camera_sign_speed_limit,False,False,0.0,0.28,red,red,red,90.7191338360472,219.8,0.0,92.3207200741883,219.79286548415848,-0.002073305625265641
26.904157317999307,26522000000,outer_bottom_mid_to_bottom_left_mid_reverse,0.15748707122000657,0.984375,0.1599868660012765,route/default: outer_bottom_mid_to_bottom_left_mid_reverse,,,,camera_sign_speed_limit,camera_sign_speed_limit,False,False,0.0,0.28,red,red,red,90.71944837205362,219.8,0.0,92.3207769330368,219.79287483993267,-0.002070580904429569
26.996960602999934,26623000000,outer_bottom_mid_to_bottom_left_mid_reverse,0.15748922092113357,0.984375,0.15998904982464363,route/default: outer_bottom_mid_to_bottom_left_mid_reverse,,,,camera_sign_speed_limit,camera_sign_speed_limit,False,False,0.0,0.28,red,red,red,90.71954009263504,219.8,0.0,92.3208332503223,219.79287980936772,-0.0020679237502418965
27.102490229000068,26724000000,outer_bottom_mid_to_bottom_left_mid_reverse,0.15750237112259372,0.984375,0.16000240875946029,route/default: outer_bottom_mid_to_bottom_left_mid_reverse,,,,camera_sign_speed_limit,camera_sign_speed_limit,False,False,0.0,0.28,red,red,red,90.72010116789733,219.8,0.0,92.32089389030673,219.7928838569885,-0.0020659334018365907
27.29884426099943,26922000000,outer_bottom_mid_to_bottom_left_mid_reverse,0.15750901599746306,0.984375,0.1600091591085339,route/default: outer_bottom_mid_to_bottom_left_mid_reverse,,,,camera_sign_speed_limit,camera_sign_speed_limit,False,False,0.0,0.28,red,red,red,90.72038468255843,219.8,0.0,92.32100355151832,219.79289739491793,-0.00206056548628911
27.403739904999384,27024000000,outer_bottom_mid_to_bottom_left_mid_reverse,0.1575097102309046,0.984375,0.16000986436155387,route/default: outer_bottom_mid_to_bottom_left_mid_reverse,,,,camera_sign_speed_limit,camera_sign_speed_limit,False,False,0.0,0.28,red,red,red,90.72041430318527,219.8,0.0,92.32105921179323,219.79290459534872,-0.0020583948295114715
27.499984045999554,27126000000,outer_bottom_mid_to_bottom_left_mid_reverse,0.1575178818899206,0.984375,0.16001816572944316,route/default: outer_bottom_mid_to_bottom_left_mid_reverse,,,,camera_sign_speed_limit,camera_sign_speed_limit,False,False,0.0,0.28,red,red,red,90.72076296063662,219.8,0.0,92.32111635356452,219.7929084801812,-0.0020562106610199004
27.60080788799951,27226000000,outer_bottom_mid_to_bottom_left_mid_reverse,0.15752525381296,0.984375,0.16002565466713398,route/default: outer_bottom_mid_to_bottom_left_mid_reverse,,,,camera_sign_speed_limit,camera_sign_speed_limit,False,False,0.0,0.28,red,red,red,90.72107749601963,219.8,0.0,92.32117321273918,219.7929178348174,-0.0020534860047313006
27.803397652999593,27426000000,outer_bottom_mid_to_bottom_left_mid_reverse,0.15754051119541332,0.984375,0.16004115423026116,route/default: outer_bottom_mid_to_bottom_left_mid_reverse,,,,camera_sign_speed_limit,camera_sign_speed_limit,False,False,0.0,0.28,red,red,red,90.72172847767098,219.8,0.0,92.32129017052785,219.79292684953032,-0.0020488386381576377
27.903904801999488,27526000000,outer_bottom_mid_to_bottom_left_mid_reverse,0.1575422652705719,0.984375,0.1600429361478826,route/default: outer_bottom_mid_to_bottom_left_mid_reverse,,,,camera_sign_speed_limit,camera_sign_speed_limit,False,False,0.0,0.28,red,red,red,90.72180331821107,219.8,0.0,92.32134293368372,219.79293324915773,-0.0020462076733744634
28.003485948999696,27627000000,outer_bottom_mid_to_bottom_left_mid_reverse,0.15754720868148947,0.984375,0.1600479580256401,route/default: outer_bottom_mid_to_bottom_left_mid_reverse,,,,camera_sign_speed_limit,camera_sign_speed_limit,False,False,0.0,0.28,red,red,red,90.72201423707688,219.8,0.0,92.32139983230897,219.79294038525444,-0.0020434708527360267
28.210119305999797,27823000000,outer_bottom_mid_to_bottom_left_mid_reverse,0.15755565360776666,0.984375,0.16005653699836614,route/default: outer_bottom_mid_to_bottom_left_mid_reverse,,,,camera_sign_speed_limit,camera_sign_speed_limit,False,False,0.0,0.28,red,red,red,90.72237455393139,219.8,0.0,92.32151263491448,219.79295146823847,-0.0020391161621130505
28.405874833999405,28015000000,outer_bottom_mid_to_bottom_left_mid_reverse,0.1575647214754288,0.984375,0.16006574880043561,route/default: outer_bottom_mid_to_bottom_left_mid_reverse,,,,camera_sign_speed_limit,camera_sign_speed_limit,False,False,0.0,0.28,green,red,red,90.7227614496183,219.8,0.0,92.3216258122103,219.7929657889183,-0.0020337345479450562
28.504787670999576,28119000000,outer_bottom_mid_to_bottom_left_mid_reverse,0.15757826238646125,0.984375,0.1600795046465638,route/default: outer_bottom_mid_to_bottom_left_mid_reverse,,,,camera_sign_speed_limit,camera_sign_speed_limit,False,False,0.28,0.28,green,green,green,90.72333919515569,219.8,0.0,92.32168645272245,219.79296983410723,-0.0020317443397843875
28.605344034000154,28219000000,outer_bottom_mid_to_bottom_left_mid_reverse,0.1855512868943199,0.984375,0.18849654541645197,route/default: outer_bottom_mid_to_bottom_left_mid_reverse,,,,camera_sign_speed_limit,camera_sign_speed_limit,False,False,0.28,0.28,green,green,green,91.91685490749097,219.8,0.0,92.97535686661527,219.79621271186892,-0.0014080732456516404
28.70621270599986,28319000000,outer_bottom_mid_to_bottom_left_mid_reverse,0.21353038456584772,0.984375,0.2169197557494326,route/default: outer_bottom_mid_to_bottom_left_mid_reverse,,,,camera_sign_speed_limit,camera_sign_speed_limit,False,False,0.28,0.28,green,green,green,93.11062974147617,219.8,0.0,94.16907755665844,219.79874213170422,-0.0011064303108298936
28.807009890999325,28420000000,outer_bottom_mid_to_bottom_left_mid_reverse,0.24179101845093673,0.984375,0.24562897112476112,route/default: outer_bottom_mid_to_bottom_left_mid_reverse,,,,camera_sign_speed_limit,camera_sign_speed_limit,False,False,0.28,0.28,green,green,green,94.31641678723997,219.8,0.0,95.36291106818663,219.80076607568526,-0.0008593507287021387
28.915094590999615,28520000000,outer_bottom_mid_to_bottom_left_mid_reverse,0.2697733820364895,0.984375,0.2740554992116719,route/default: outer_bottom_mid_to_bottom_left_mid_reverse,,,,camera_sign_speed_limit,camera_sign_speed_limit,False,False,0.28,0.28,green,green,green,95.51033096689022,219.8,0.0,96.55681129525976,219.80240208704691,-0.0006452682522091258
29.117260098999395,28720000000,outer_bottom_mid_to_bottom_left_mid_reverse,0.3257427736348129,0.984375,0.3309132938512385,route/default: outer_bottom_mid_to_bottom_left_mid_reverse,,,,camera_sign_speed_limit,camera_sign_speed_limit,False,False,0.28,0.28,green,green,green,97.89835834175202,219.8,0.0,98.94480936959866,219.8046798676,-0.00031066808042889754
29.310148274999847,28919000000,outer_bottom_mid_to_bottom_left_mid_reverse,0.3814376110953388,0.984375,0.3874921763508204,route/default: outer_bottom_mid_to_bottom_left_mid_reverse,,,,camera_sign_speed_limit,camera_sign_speed_limit,False,False,0.28,0.28,green,green,green,100.27467140673446,219.8,0.0,101.3330428784988,219.80588855725068,-9.812919418244784e-05
29.408988987000157,29021000000,outer_bottom_mid_to_bottom_left_mid_reverse,0.409988951428707,0.984375,0.416496712562496,route/default: outer_bottom_mid_to_bottom_left_mid_reverse,,,,camera_sign_speed_limit,camera_sign_speed_limit,False,False,0.28,0.28,green,green,green,101.49286192762483,219.8,0.0,102.52721976127697,219.8062172850752,-2.7544366710399516e-05
29.510482902999684,29122000000,outer_bottom_mid_to_bottom_left_mid_reverse,0.43825653102632134,0.984375,0.445212983899755,route/default: outer_bottom_mid_to_bottom_left_mid_reverse,,,,camera_sign_speed_limit,camera_sign_speed_limit,False,False,0.28,0.28,green,red,red,102.69894532378972,219.8,0.0,103.7209848529025,219.80635142515672,5.786283879362314e-05
29.711121276000085,29320000000,outer_bottom_mid_to_bottom_left_mid_reverse,0.49366168395878507,0.984375,0.5014975837041626,route/default: outer_bottom_mid_to_bottom_left_mid_reverse,,,,camera_sign_speed_limit,camera_sign_speed_limit,False,False,0.28,0.28,green,red,red,105.06289851557483,219.8,0.0,106.10845964753892,219.80622836641402,0.00018652472216421849
29.81149064500005,29422000000,outer_bottom_mid_to_bottom_left_mid_reverse,0.5222177953284076,0.984375,0.5305069666828268,route/default: outer_bottom_mid_to_bottom_left_mid_reverse,,,,camera_sign_speed_limit,camera_sign_speed_limit,False,False,0.28,0.28,green,,,106.28129260067873,219.8,0.0,107.30245244385371,219.80597961361366,0.0002733083991332887
29.914902912999423,29522000000,outer_bottom_mid_to_bottom_left_mid_reverse,0.5502110428760839,0.984375,0.5589445514931646,route/default: outer_bottom_mid_to_bottom_left_mid_reverse,,,,camera_sign_speed_limit,camera_sign_speed_limit,False,False,0.28,0.28,green,,,107.47567116271291,219.8,0.0,108.4967635423463,219.80578967543335,0.00032104696367308124
30.11199467499955,29722000000,outer_bottom_mid_to_bottom_left_mid_reverse,0.6062052165946007,0.984375,0.6158275216199118,route/default: outer_bottom_mid_to_bottom_left_mid_reverse,,,,camera_sign_speed_limit,camera_sign_speed_limit,False,False,0.28,0.28,green,yellow,yellow,109.8647559080363,219.8,0.0,110.88506890456432,219.80521241782168,0.00041425231525364246
30.21662133300015,29823000000,outer_bottom_mid_to_bottom_left_mid_reverse,0.6344085881718065,0.984375,0.6444785657618352,route/default: outer_bottom_mid_to_bottom_left_mid_reverse,,,,camera_sign_speed_limit,camera_sign_speed_limit,False,False,0.28,0.28,green,,,111.06809976199708,219.8,0.0,112.07843023061031,219.80475257785855,0.0004174453657253249
30.31595295399984,29923000000,outer_bottom_mid_to_bottom_left_mid_reverse,0.6624018521454661,0.984375,0.6729161672588861,route/default: outer_bottom_mid_to_bottom_left_mid_reverse,,,,camera_sign_speed_limit,camera_sign_speed_limit,False,False,0.28,0.28,green,,,112.26247902487322,219.8,0.0,113.271806013094,219.80427217138987,0.00041330581740741453
30.413665799999762,30024000000,outer_bottom_mid_to_bottom_left_mid_reverse,0.6906725740175652,0.984375,0.7016356307480027,route/default: outer_bottom_mid_to_bottom_left_mid_reverse,,,,camera_sign_speed_limit,camera_sign_speed_limit,False,False,0.28,0.28,green,,,113.46869649141611,219.8,0.0,114.46533045593819,219.80383910566042,0.0004276354912004601
30.516803077000077,30124000000,outer_bottom_mid_to_bottom_left_mid_reverse,0.7186666252917824,0.984375,0.7300740320424456,route/default: outer_bottom_mid_to_bottom_left_mid_reverse,,,,camera_sign_speed_limit,camera_sign_speed_limit,False,False,0.28,0.28,green,,,114.66310934578271,219.8,0.0,115.6594152934579,219.80327067632822,0.0005644216544579713
30.615288762999626,30226000000,outer_bottom_mid_to_bottom_left_mid_reverse,0.7472183280225816,0.984375,0.7590789364038925,route/default: outer_bottom_mid_to_bottom_left_mid_reverse,,,,camera_sign_speed_limit,camera_sign_speed_limit,False,False,0.28,0.28,green,,,115.88131532896348,219.8,0.0,116.85339844070785,219.80262238545072,0.0007243055877236133
30.71573233900017,30331000000,outer_bottom_mid_to_bottom_left_mid_reverse,0.7766068501151665,0.984375,0.7889339429741374,route/default: outer_bottom_mid_to_bottom_left_mid_reverse,,,,camera_sign_speed_limit,camera_sign_speed_limit,False,False,0.28,0.28,green,,,117.13522560491377,219.8,0.0,118.04715563292456,219.80192243571116,0.0008968834093642269
30.918398942999374,30528000000,outer_bottom_mid_to_bottom_left_mid_reverse,0.831737425009625,0.984375,0.8449396063589841,route/default: outer_bottom_mid_to_bottom_left_mid_reverse,,,,camera_sign_speed_limit,camera_sign_speed_limit,False,False,0.28,0.28,green,,,119.48746346707733,219.8,0.0,120.43395015028155,219.8003034000584,0.0012637748153957857
31.017250041999432,30628000000,outer_bottom_mid_to_bottom_left_mid_reverse,0.859720007676205,0.984375,0.8733663570043988,route/default: outer_bottom_mid_to_bottom_left_mid_reverse,,,,camera_sign_speed_limit,camera_sign_speed_limit,False,False,0.28,0.28,green,,,120.68138699418475,219.8,0.0,121.6270506943198,219.7992203213172,0.0014308108769636742
31.117462029999842,30730000000,outer_bottom_mid_to_bottom_left_mid_reverse,0.8882595569518996,0.984375,0.9023589149987552,route/default: outer_bottom_mid_to_bottom_left_mid_reverse,,,,camera_sign_speed_limit,camera_sign_speed_limit,False,False,0.28,0.28,green,,,121.89907442994772,219.8,0.0,122.82003423022327,219.79764043456476,0.0015101662933369065
31.31768516200009,30929000000,outer_bottom_mid_to_bottom_left_mid_reverse,0.9439313081162258,0.984375,0.9589143447529913,route/default: outer_bottom_mid_to_bottom_left_mid_reverse,,,,camera_sign_speed_limit,camera_sign_speed_limit,False,False,0.28,0.28,green,,,124.27440247962564,219.8,0.0,125.20564371237863,219.7936227079756,0.0014596394310361922
31.519867762000104,31127000000,outer_bottom_right_mid_to_bottom_mid_reverse,0.014940354594896461,0.984375,0.01517750308052974,route/default: outer_bottom_right_mid_to_bottom_mid_reverse,,,,camera_sign_speed_limit,camera_sign_speed_limit,False,False,0.28,0.28,green,,,126.63745512938225,219.8,0.0,127.59090747867688,219.78948254920596,0.0012466181322228567
31.72172055699957,31328000000,outer_bottom_right_mid_to_bottom_mid_reverse,0.07116084583224502,0.984375,0.07229038306767749,route/default: outer_bottom_right_mid_to_bottom_mid_reverse,,,,camera_sign_speed_limit,camera_sign_speed_limit,False,False,0.28,0.28,green,,,129.03619608884244,219.8,0.0,129.97602386676573,219.78577106537222,0.000968796223652234
31.821531417999722,31432000000,outer_bottom_right_mid_to_bottom_mid_reverse,0.10025037569101078,0.984375,0.10184165149563,route/default: outer_bottom_right_mid_to_bottom_mid_reverse,,,,camera_sign_speed_limit,camera_sign_speed_limit,False,False,0.28,0.28,green,,,130.27734936281647,219.8,0.0,131.4070973934901,219.78378811828475,0.0007968596817528637
32.02210091300003,31629000000,outer_bottom_right_mid_to_bottom_mid_reverse,0.15535298385755592,0.984375,0.15781890423624728,route/default: outer_bottom_right_mid_to_bottom_mid_reverse,,,,camera_sign_speed_limit,camera_sign_speed_limit,False,False,0.28,0.28,green,,,132.62839397792237,219.8,0.0,133.5537294462977,219.78127441049952,0.0005504625319065596
32.222275663999426,31829000000,outer_bottom_right_mid_to_bottom_mid_reverse,0.21129539352578247,0.984375,0.21464928866111235,route/default: outer_bottom_right_mid_to_bottom_mid_reverse,,,,camera_sign_speed_limit,camera_sign_speed_limit,False,False,0.28,0.28,green,,,135.01527012376673,219.8,0.0,135.93892293111253,219.77933205096502,0.0003240910752434704
32.3221508229999,31930000000,outer_bottom_right_mid_to_bottom_mid_reverse,0.23954687467773284,0.984375,0.24334920602182383,route/default: outer_bottom_right_mid_to_bottom_mid_reverse,,,,camera_sign_speed_limit,camera_sign_speed_limit,False,False,0.28,0.28,green,,,136.2206666529166,219.8,0.0,137.1315386018708,219.77865408927266,0.00023383667473958367
32.638957469999696,32123000000,outer_bottom_right_mid_to_bottom_mid_reverse,0.2935336280621633,0.984375,0.298192891999658,route/default: outer_bottom_right_mid_to_bottom_mid_reverse,,,,camera_sign_speed_limit,camera_sign_speed_limit,False,False,0.28,0.28,green,,,138.52410146398563,219.8,0.0,140.9480078983113,219.77718351201867,3.115921879428221e-05
32.6391122189998,32229000000,outer_bottom_right_mid_to_bottom_mid_reverse,0.32318444704897564,0.984375,0.32831435890689586,route/default: outer_bottom_right_mid_to_bottom_mid_reverse,,,,camera_sign_speed_limit,camera_sign_speed_limit,False,False,0.28,0.28,green,,,139.78920307408964,219.8,0.0,140.9480078983113,219.77718351201867,3.115921879428221e-05
32.72893590199965,32338000000,outer_bottom_right_mid_to_bottom_mid_reverse,0.35367400436117546,0.984375,0.3592878774462735,route/default: outer_bottom_right_mid_to_bottom_mid_reverse,,,,camera_sign_speed_limit,camera_sign_speed_limit,False,False,0.28,0.28,green,,,141.0900908527435,219.8,0.0,142.14064908926701,219.77693259595492,-1.381487612690792e-05
32.829671184999825,32440000000,outer_bottom_right_mid_to_bottom_mid_reverse,0.38220530929337226,0.984375,0.3882720602345369,route/default: outer_bottom_right_mid_to_bottom_mid_reverse,,,,camera_sign_speed_limit,camera_sign_speed_limit,False,False,0.28,0.28,green,green,green,142.30742652985055,219.8,0.0,143.33328929412576,219.77680380969082,-4.744445104576401e-05
33.02980391999972,32633000000,outer_bottom_right_mid_to_bottom_mid_reverse,0.4361916224053908,0.984375,0.4431152989515081,route/default: outer_bottom_right_mid_to_bottom_mid_reverse,,,,camera_sign_speed_limit,camera_sign_speed_limit,False,False,0.28,0.28,green,yellow,yellow,144.61084255596333,219.8,0.0,145.7186298307544,219.77665899288485,-0.0001205970248719736
33.1306196329997,32734000000,outer_bottom_right_mid_to_bottom_mid_reverse,0.46444427432074015,0.984375,0.4718164056591646,route/default: outer_bottom_right_mid_to_bottom_mid_reverse,,,,camera_sign_speed_limit,camera_sign_speed_limit,False,False,0.28,0.28,green,yellow,yellow,145.81628903768492,219.8,0.0,146.91134004943777,219.77660284103086,-0.0001560031757550444
33.231093356999736,32837000000,outer_bottom_right_mid_to_bottom_mid_reverse,0.493256815272174,0.984375,0.5010862885304624,route/default: outer_bottom_right_mid_to_bottom_mid_reverse,,,,camera_sign_speed_limit,camera_sign_speed_limit,False,False,0.28,0.28,green,yellow,yellow,147.04562411827942,219.8,0.0,148.1040814518079,219.77655293780384,-0.00018913102229960687
33.33269861899953,32937000000,outer_bottom_right_mid_to_bottom_mid_reverse,0.5212303117128944,0.984375,0.5295038087242101,route/default: outer_bottom_right_mid_to_bottom_mid_reverse,,,,camera_sign_speed_limit,camera_sign_speed_limit,False,False,0.28,0.28,green,green,green,148.23915996641682,219.8,0.0,149.29685335212145,219.7765247977938,-0.00022272936729715446
33.53267033799966,33138000000,outer_bottom_right_mid_to_bottom_mid_reverse,0.5774567511236905,0.984375,0.5866227313002571,route/default: outer_bottom_right_mid_to_bottom_mid_reverse,,,,camera_sign_speed_limit,camera_sign_speed_limit,False,False,0.28,0.28,yellow,green,green,150.6381547146108,219.8,0.0,151.6824769855599,219.7766030822516,-0.0003040906008236764
33.633997091999845,33239000000,outer_bottom_right_mid_to_bottom_mid_reverse,0.6057102704708446,0.984375,0.6153247192084771,route/default: outer_bottom_right_mid_to_bottom_mid_reverse,,,,camera_sign_speed_limit,camera_sign_speed_limit,False,False,0.28,0.28,yellow,green,green,151.84363820675603,219.8,0.0,152.87534306057307,219.77671154847275,-0.00035013074310908814
33.835219771000084,33440000000,outer_bottom_right_mid_to_bottom_mid_reverse,0.661940173173194,0.984375,0.672447160048959,route/default: outer_bottom_right_mid_to_bottom_mid_reverse,,,,camera_sign_speed_limit,camera_sign_speed_limit,False,False,0.28,0.28,yellow,green,green,154.24278072205627,219.8,0.0,155.26123770607037,219.77698616747938,-0.0004354612623824103
34.03627039799994,33639000000,outer_bottom_right_mid_to_bottom_mid_reverse,0.7176131102702885,0.984375,0.7290037945602931,route/default: outer_bottom_right_mid_to_bottom_mid_reverse,,,,camera_sign_speed_limit,camera_sign_speed_limit,False,False,0.28,0.28,yellow,green,green,156.6181593715323,219.8,0.0,157.64734966620864,219.7773101348049,-0.0005163285355385505
34.13726907599994,33742000000,outer_bottom_right_mid_to_bottom_mid_reverse,0.746429132713576,0.984375,0.7582772141852201,route/default: outer_bottom_right_mid_to_bottom_mid_reverse,,,,camera_sign_speed_limit,camera_sign_speed_limit,False,False,0.28,0.28,yellow,green,green,157.84764299577924,219.8,0.0,158.84048945103865,219.77751677006415,-0.0005673637584728949
34.33856788100002,33941000000,outer_bottom_right_mid_to_bottom_mid_reverse,0.8021063010460134,0.984375,0.8148381470943629,route/default: outer_bottom_right_mid_to_bottom_mid_reverse,,,,camera_sign_speed_limit,camera_sign_speed_limit,False,False,0.28,0.28,yellow,yellow,yellow,160.22320217796323,219.8,0.0,161.22660307444994,219.7780276634233,-0.0008533751192983149
34.540204504999565,34143000000,outer_bottom_right_mid_to_bottom_mid_reverse,0.8585468884170855,0.984375,0.8721746168046582,route/default: outer_bottom_right_mid_to_bottom_mid_reverse,,,,camera_sign_speed_limit,camera_sign_speed_limit,False,False,0.28,0.28,red,,,162.63133390579566,219.8,0.0,163.6130504106436,219.77907334044232,-0.0012728994630017885
34.63961183699939,34246000000,outer_bottom_right_mid_to_bottom_mid_reverse,0.8873808001131153,0.984375,0.9014662096387203,route/default: outer_bottom_right_mid_to_bottom_mid_reverse,,,,camera_sign_speed_limit,camera_sign_speed_limit,False,False,0.28,0.28,red,,,163.86158080482625,219.8,0.0,164.80723602128063,219.78013260504156,-0.0014363179611564325
34.840058611999666,34444000000,outer_bottom_right_mid_to_bottom_mid_reverse,0.9428112542947902,0.984375,0.9577765122994694,route/default: outer_bottom_right_mid_to_bottom_mid_reverse,right,camera_sign_turn_right,,camera_sign_turn_right,camera_sign_turn_right,False,False,0.28,0.28,red,,,166.22661351657771,219.8,0.0,167.19573830735615,219.7829319450904,-0.001688905616299557
35.04158808200009,34642000000,outer_bottom_right_to_bottom_right_mid_reverse,0.01387519417318472,0.8671875,0.016000223911420218,route/default: outer_bottom_right_to_bottom_right_mid_reverse,right,camera_sign_turn_right,,camera_sign_turn_right,camera_sign_turn_right,False,False,0.28,0.28,red,,,168.59200828472254,219.8,0.0,169.58427902298942,219.78649441196626,-0.0017043143919164875
35.242551302999345,34841000000,outer_bottom_right_to_bottom_right_mid_reverse,0.06956985310881793,0.8671875,0.08022469547683508,route/default: outer_bottom_right_to_bottom_right_mid_reverse,right,camera_sign_turn_right,,camera_sign_turn_right,camera_sign_turn_right,False,False,0.28,0.28,red,,,170.9683137326429,219.8,0.0,171.97255169538371,219.79047986399797,-0.0015146977333335588
35.34274662600001,34943000000,outer_bottom_right_to_bottom_right_mid_reverse,0.09812099056719502,0.8671875,0.11314852966307173,route/default: outer_bottom_right_to_bottom_right_mid_reverse,right,camera_sign_turn_right,,camera_sign_turn_right,camera_sign_turn_right,False,False,0.28,0.28,red,,,172.18649559753365,219.8,0.0,173.16660640488885,219.79229873834942,-0.0013954424649602064
35.44400873399991,35045000000,outer_bottom_right_to_bottom_right_mid_reverse,0.1266784630657888,0.8671875,0.1460796691209096,route/default: outer_bottom_right_to_bottom_right_mid_reverse,right,camera_sign_turn_right,,camera_sign_turn_right,camera_sign_turn_right,False,False,0.28,0.28,red,,,173.40494775747365,219.8,0.0,174.36034209634715,219.79406531785594,-0.001292497084853448
35.54436435600019,35147000000,outer_bottom_right_to_bottom_right_mid_reverse,0.15518463130635765,0.8671875,0.17895164691183585,route/default: outer_bottom_right_to_bottom_right_mid_reverse,right,camera_sign_turn_right,,camera_sign_turn_right,camera_sign_turn_right,False,False,0.28,0.28,red,,,174.62121093573793,219.8,0.0,175.5536665311855,219.7955940153492,-0.001245597447963591
35.64476503399965,35248000000,outer_bottom_right_to_bottom_right_mid_reverse,0.1834490238008193,0.8671875,0.2115448202387826,route/default: outer_bottom_right_to_bottom_right_mid_reverse,right,camera_sign_turn_right,,camera_sign_turn_right,camera_sign_turn_right,False,False,0.28,0.28,red,,,175.82715834883496,219.8,0.0,176.74748807838583,219.7972886259057,-0.001103438691751261
35.74586862599972,35348000000,outer_bottom_right_to_bottom_right_mid_reverse,0.21144206576426372,0.8671875,0.2438250848452771,route/default: outer_bottom_right_to_bottom_right_mid_reverse,right,camera_sign_turn_right,,camera_sign_turn_right,camera_sign_turn_right,False,False,0.28,0.28,red,,,177.02152813927526,219.8,0.0,177.94146510386398,219.79879547811316,-0.0009432483980561386
35.946726836999915,35546000000,outer_bottom_right_to_bottom_right_mid_reverse,0.26686445589980334,0.8671875,0.30773558878535884,route/default: outer_bottom_right_to_bottom_right_mid_reverse,right,camera_sign_turn_right,,camera_sign_turn_right,camera_sign_turn_right,False,False,0.28,0.28,red,,,179.38621678505828,219.8,0.0,180.3289233340054,219.80105699033754,-0.000731646685295272
36.048167293000006,35646000000,outer_bottom_right_to_bottom_right_mid_reverse,0.29481511723552617,0.8671875,0.33996698203736353,route/default: outer_bottom_right_to_bottom_right_mid_reverse,right,camera_sign_turn_right,,camera_sign_turn_right,camera_sign_turn_right,False,False,0.28,0.28,red,,,180.57877833538245,219.8,0.0,181.52268812679512,219.80196202250835,-0.0006222133564230352
36.14856207499997,35748000000,outer_bottom_right_to_bottom_right_mid_reverse,0.3233658652053755,0.8671875,0.3728903670836763,route/default: outer_bottom_right_to_bottom_right_mid_reverse,right,camera_sign_turn_right,,camera_sign_turn_right,camera_sign_turn_right,False,False,0.28,0.28,red,,,181.79694358209602,219.8,0.0,182.71638948857193,219.80287998006622,-0.0005065304504929953
36.24868566399982,35848000000,outer_bottom_right_to_bottom_right_mid_reverse,0.3513266715389725,0.8671875,0.4051334590719683,route/default: outer_bottom_right_to_bottom_right_mid_reverse,right,camera_sign_turn_right,,camera_sign_turn_right,camera_sign_turn_right,False,False,0.28,0.28,red,,,182.98993798566283,219.8,0.0,183.91001252632668,219.80366224049988,-0.00040329279857556703
36.349396492999404,35949000000,outer_bottom_right_to_bottom_right_mid_reverse,0.37959235835459865,0.8671875,0.4377281249494471,route/default: outer_bottom_right_to_bottom_right_mid_reverse,right,camera_sign_turn_right,,camera_sign_turn_right,camera_sign_turn_right,False,False,0.28,0.28,red,,,184.19594062312953,219.8,0.0,185.10372497265575,219.80421677615345,-0.00031181520915284956
36.550876463999884,36148000000,outer_bottom_right_to_bottom_right_mid_reverse,0.43527943983427897,0.8671875,0.501943858547637,route/default: outer_bottom_right_to_bottom_right_mid_reverse,right,camera_sign_turn_right,,camera_sign_turn_right,camera_sign_turn_right,False,False,0.28,0.28,red,,,186.57192276626256,219.8,0.0,187.49155226103312,219.80502025636264,-0.000149485464020845
36.650947967999855,36249000000,outer_bottom_right_to_bottom_right_mid_reverse,0.46354759715787197,0.8671875,0.5345413732991677,route/default: outer_bottom_right_to_bottom_right_mid_reverse,right,camera_sign_turn_right,,camera_sign_turn_right,camera_sign_turn_right,False,False,0.28,0.28,red,,,187.7780308120692,219.8,0.0,188.68568420627676,219.80533372716184,-9.953287584373807e-05
36.751330153999334,36350000000,outer_bottom_right_to_bottom_right_mid_reverse,0.4917967126623983,0.8671875,0.5671169299169999,route/default: outer_bottom_right_to_bottom_right_mid_reverse,right,camera_sign_turn_right,,camera_sign_turn_right,camera_sign_turn_right,False,False,0.28,0.28,red,,,188.983326406929,219.8,0.0,189.8797772779596,219.80554622230227,-5.8829508223792886e-05
36.8522339759993,36451000000,outer_bottom_right_to_bottom_right_mid_reverse,0.5200767126623983,0.8671875,0.599728101088171,route/default: outer_bottom_right_to_bottom_right_mid_reverse,right,camera_sign_turn_right,,camera_sign_turn_right,camera_sign_turn_right,False,False,0.28,0.28,red,,,190.18993974026233,219.8,0.0,191.07347015582044,219.8056873447331,2.5662388876545277e-05
36.95508879999943,36552000000,outer_bottom_right_to_bottom_right_mid_reverse,0.5483335710253416,0.8671875,0.6323125864076011,route/default: outer_bottom_right_to_bottom_right_mid_reverse,right,camera_sign_turn_right,,camera_sign_turn_right,camera_sign_turn_right,False,False,0.28,0.28,red,,,191.39556569708125,219.8,0.0,192.50597412034784,219.80569618796176,0.00010805723899495963
37.052679642999465,36653000000,outer_bottom_right_to_bottom_right_mid_reverse,0.5765635948395239,0.8671875,0.664866127382514,route/default: outer_bottom_right_to_bottom_right_mid_reverse,right,camera_sign_turn_right,,camera_sign_turn_right,camera_sign_turn_right,False,False,0.28,0.28,red,,,192.600046713153,219.8,0.0,193.69982281634262,219.8055836095636,0.00017924088757852565
37.15926886399939,36754000000,outer_bottom_right_to_bottom_right_mid_reverse,0.6048348169537763,0.8671875,0.6974671763070573,route/default: outer_bottom_right_to_bottom_right_mid_reverse,right,camera_sign_turn_right,,camera_sign_turn_right,camera_sign_turn_right,False,False,0.28,0.28,red,,,193.8062855233611,219.8,0.0,194.8936605654132,219.8053919559489,0.0002529188663857931
37.35461555999973,36953000000,outer_bottom_right_to_bottom_right_mid_reverse,0.6605428179347611,0.8671875,0.7617070332941389,route/default: outer_bottom_right_to_bottom_right_mid_reverse,right,camera_sign_turn_right,,camera_sign_turn_right,camera_sign_turn_right,False,False,0.28,0.28,red,,,196.18316023188316,219.8,0.0,197.28245729658522,219.80501415100542,0.00035174176785998277
37.45541601599962,37054000000,outer_bottom_right_to_bottom_right_mid_reverse,0.6888228179347611,0.8671875,0.7943182044653101,route/default: outer_bottom_right_to_bottom_right_mid_reverse,right,camera_sign_turn_right,,camera_sign_turn_right,camera_sign_turn_right,False,False,0.28,0.28,red,,,197.38977356521647,219.8,0.0,198.4766117333524,219.80469412450685,0.0004236951821390256
37.65576595499988,37254000000,outer_bottom_right_to_bottom_right_mid_reverse,0.7446673474093027,0.8671875,0.858715499715232,route/default: outer_bottom_right_to_bottom_right_mid_reverse,right,camera_sign_turn_right,,camera_sign_turn_right,camera_sign_turn_right,False,False,0.28,0.28,red,,,199.7724734894636,219.8,0.0,200.86389680227728,219.8037789768954,0.0004524678348448541
37.86315550099971,37455000000,outer_bottom_right_to_bottom_right_mid_reverse,0.8009473474093027,0.8671875,0.9236149591746915,route/default: outer_bottom_right_to_bottom_right_mid_reverse,right,camera_sign_turn_right,,camera_sign_turn_right,camera_sign_turn_right,False,False,0.28,0.28,red,,,202.1737534894636,219.8,0.0,203.25099547220526,219.80279407174487,0.0004874077071860974
37.95989366699996,37557000000,outer_bottom_right_to_bottom_right_mid_reverse,0.8294995323648777,0.8671875,0.9565400012856248,route/default: outer_bottom_right_to_bottom_right_mid_reverse,right,camera_sign_turn_right,,camera_sign_turn_right,camera_sign_turn_right,False,False,0.28,0.28,red,,,203.3919800475681,219.8,0.0,204.44495858291413,219.80223569123746,0.0006200220478432433
38.05789960399943,37659000000,outer_bottom_right_to_bottom_right_mid_reverse,0.8580494487596791,0.8671875,0.989462427398549,route/default: outer_bottom_right_to_bottom_right_mid_reverse,right,camera_sign_turn_right,,camera_sign_turn_right,camera_sign_turn_right,False,False,0.28,0.28,red,,,204.6101098137463,219.8,0.0,205.638798546104,219.80157756223292,0.0007823126604454054
38.15863876499952,37760000000,outer_bottom_right_corner_reverse,0.018908535754560505,0.3944162607362388,0.04794055833110127,route/default: outer_bottom_right_corner_reverse,right,camera_sign_turn_right,,camera_sign_turn_right,camera_sign_turn_right,False,False,0.28,0.28,red,,,205.80676419219458,219.8,0.03397816007969054,206.82450095106228,219.81015400488212,0.004079315484695866
38.361364700000195,37957000000,outer_bottom_right_corner_reverse,0.07018388632199224,0.3944162607362388,0.17794369377921485,route/default: outer_bottom_right_corner_reverse,right,camera_sign_turn_right,,camera_sign_turn_right,camera_sign_turn_right,False,False,0.28,0.28,red,,,207.99451248307167,219.8,0.16345107142218268,209.06727358582518,219.94483786347587,0.0609436878687439
38.462998553000034,38057000000,outer_bottom_right_corner_reverse,0.09585649242454966,0.3944162607362388,0.24303382483678215,route/default: outer_bottom_right_corner_reverse,right,camera_sign_turn_right,,camera_sign_turn_right,camera_sign_turn_right,False,False,0.28,0.28,red,,,209.08987701011412,219.8,0.17135103680120922,210.16454228053954,219.98710431893898,0.09943275377762484
38.56015079699955,38159000000,outer_bottom_right_corner_reverse,0.12092360199672485,0.3944162607362388,0.3065887845774976,route/default: outer_bottom_right_corner_reverse,right,camera_sign_turn_right,,camera_sign_turn_right,camera_sign_turn_right,False,False,0.28,0.28,red,,,210.1594070185269,219.8,0.28009804695476864,211.23291922038248,220.03521894621224,0.1523400616740315
38.660970717000055,38261000000,outer_bottom_right_corner_reverse,0.14494267258521282,0.3944162607362388,0.36748655421724996,route/default: outer_bottom_right_corner_reverse,right,camera_sign_turn_right,,camera_sign_turn_right,camera_sign_turn_right,False,False,0.28,0.28,red,,,211.18422069696908,219.8,0.39752826251246604,212.25526852700807,220.09545195838183,0.22589888346607098
38.76227085699975,38363000000,outer_bottom_right_corner_reverse,0.16821751326312195,0.3944162607362388,0.42649740897882354,route/default: outer_bottom_right_corner_reverse,right,camera_sign_turn_right,,camera_sign_turn_right,camera_sign_turn_right,False,False,0.28,0.28,red,,,212.17728056589323,219.8,0.5224994954134629,213.24364306847963,220.14534476845887,0.3178300936677546
38.963801414000045,38561000000,outer_bottom_right_corner_reverse,0.2125018876896653,0.3944162607362388,0.5387756764718517,route/default: outer_bottom_right_corner_reverse,right,camera_sign_turn_right,,camera_sign_turn_right,camera_sign_turn_right,False,False,0.28,0.28,red,green,green,214.0667472080924,219.8,0.7796495709847249,215.16073429562277,220.1097911313916,0.5458337130792748
39.16419105899968,38757000000,outer_bottom_right_corner_reverse,0.25653138772771994,0.3944162607362388,0.6504077373708288,route/default: outer_bottom_right_corner_reverse,right,camera_sign_turn_right,,camera_sign_turn_right,camera_sign_turn_right,False,False,0.28,0.28,red,green,green,215.94533920971605,219.8,1.0337983981006378,217.00856220488987,219.7126570774364,0.7919049849424269
39.264439149999816,38859000000,outer_bottom_right_corner_reverse,0.2791867389690734,0.3944162607362388,0.7078479433072264,route/default: outer_bottom_right_corner_reverse,right,camera_sign_turn_right,,camera_sign_turn_right,camera_sign_turn_right,False,False,0.28,0.28,red,yellow,yellow,216.91196752934712,219.8,1.1539129105092936,217.87634811777838,219.31748516922846,0.9069037562768175
39.3654203469996,38963000000,outer_bottom_right_corner_reverse,0.30248441708070906,0.3944162607362388,0.7669166999252901,route/default: outer_bottom_right_corner_reverse,right,camera_sign_turn_right,,camera_sign_turn_right,camera_sign_turn_right,False,False,0.28,0.28,red,yellow,yellow,217.90600179544361,219.8,1.266303658304116,218.68607553926142,218.79923558428675,1.014668315843631
39.56638942100017,39162000000,outer_bottom_right_corner_reverse,0.349512216594679,0.3944162607362388,0.886150626605152,route/default: outer_bottom_right_corner_reverse,right,camera_sign_turn_right,,camera_sign_turn_right,camera_sign_turn_right,False,False,0.28,0.28,red,red,red,219.35235673893817,218.44764326106184,1.3953312661643575,220.08997422843032,217.42713056513566,1.207135162125957
39.66642614099965,39263000000,outer_bottom_right_corner_reverse,0.37428725688375797,0.3944162607362388,0.9489650760977578,route/default: outer_bottom_right_corner_reverse,right,camera_sign_turn_right,,camera_sign_turn_right,camera_sign_turn_right,False,False,0.28,0.28,red,red,red,220.14116250229415,217.8,1.4628835656726042,220.66377742048599,216.59190063373666,1.288809347695978
39.768488818999685,39361000000,outer_right_mid_to_lower_reverse,0.0035572916423879525,1.289914491170345,0.0027577732219756725,route/default: outer_right_mid_to_lower_reverse,right,camera_sign_turn_right,,camera_sign_turn_right,camera_sign_turn_right,False,False,0.28,0.28,red,red,red,221.00551554644397,217.64832247279134,1.5344487057758764,221.14449456362843,215.67942870743707,1.3606633291057695
39.868504844999734,39466000000,outer_right_mid_to_lower_reverse,0.02968355837259321,1.289914491170345,0.023012035740183977,route/default: outer_right_mid_to_lower_reverse,right,camera_sign_turn_right,,camera_sign_turn_right,camera_sign_turn_right,False,False,0.28,0.28,red,red,red,221.04602407148036,216.53433803428987,1.5344487057758749,221.5308734626608,214.70286534602133,1.4211832354492597
39.96884399699957,39567000000,outer_right_mid_to_lower_reverse,0.05496690581791989,1.289914491170345,0.04261282914036276,route/default: outer_right_mid_to_lower_reverse,right,camera_sign_turn_right,,camera_sign_turn_right,camera_sign_turn_right,False,False,0.28,0.28,red,red,red,221.0852256582807,215.45629439728003,1.5344487057758764,221.83061321227842,213.67148507167718,1.4709522632643313
40.1764479859994,39764000000,outer_right_mid_to_lower_reverse,0.10618466522394301,1.289914491170345,0.0823191505722222,route/default: outer_right_mid_to_lower_reverse,right,camera_sign_turn_right,,camera_sign_turn_right,camera_sign_turn_right,False,False,0.28,0.28,red,red,red,221.16463830114446,213.27244671852776,1.5344487057758764,222.21221022272556,211.49642452087016,1.5441333041064262
40.27833916399959,39865000000,outer_right_mid_to_lower_reverse,0.1330915616174369,1.289914491170345,0.10317859247916686,route/default: outer_right_mid_to_lower_reverse,right,camera_sign_turn_right,,camera_sign_turn_right,camera_sign_turn_right,False,False,0.28,0.28,red,red,red,221.20635718495834,212.12517741364582,1.5344487057758764,222.33193132639906,210.14418935838324,1.5752688605465042
40.370663136000076,39968000000,outer_right_mid_to_lower_reverse,0.16096579305003886,1.289914491170345,0.12478795621870555,route/default: outer_right_mid_to_lower_reverse,right,camera_sign_turn_right,,camera_sign_turn_right,camera_sign_turn_right,False,False,0.28,0.28,red,red,red,221.24957591243742,210.9366624079712,1.5344487057758749,222.36692878225477,209.2235135350495,1.5887925363962805
40.571056009999666,40165000000,outer_right_mid_to_lower_reverse,0.21516106318908285,1.289914491170345,0.16680257851345345,route/default: outer_right_mid_to_lower_reverse,right,camera_sign_turn_right,,camera_sign_turn_right,camera_sign_turn_right,False,False,0.28,0.28,red,red,red,221.3336051570269,208.62585818176007,1.5344487057758764,222.36204657017447,206.88095201889723,1.6072898235188122
40.67881631199998,40266000000,outer_right_mid_to_lower_reverse,0.24326092566173974,1.289914491170345,0.18858686163067137,route/default: outer_right_mid_to_lower_reverse,right,camera_sign_turn_right,,camera_sign_turn_right,camera_sign_turn_right,False,False,0.28,0.28,red,red,red,221.37717372326136,207.42772261031308,1.5344487057758764,222.32139345606345,205.4595296034606,1.611557199378636
40.77134935699996,40369000000,outer_right_mid_to_lower_reverse,0.27207536061885906,1.289914491170345,0.21092511362672103,route/default: outer_right_mid_to_lower_reverse,right,camera_sign_turn_right,,camera_sign_turn_right,camera_sign_turn_right,False,False,0.28,0.28,red,red,red,221.42185022725346,206.19911875053035,1.5344487057758764,222.28327808614188,204.50748100100128,1.6119020898655116
40.97366063899972,40568000000,outer_right_mid_to_lower_reverse,0.3273320104917218,1.289914491170345,0.2537625654509331,route/default: outer_right_mid_to_lower_reverse,right,camera_sign_turn_right,,camera_sign_turn_right,camera_sign_turn_right,False,False,0.28,0.28,red,red,red,221.50752513090185,203.84305890019868,1.5344487057758764,222.1687800065016,202.1389203164716,1.6050280662328829
41.17404705999979,40771000000,outer_right_mid_to_lower_reverse,0.3833948629095847,1.289914491170345,0.2972250219173279,route/default: outer_right_mid_to_lower_reverse,right,camera_sign_turn_right,,camera_sign_turn_right,camera_sign_turn_right,False,False,0.28,0.28,red,red,red,221.59445004383468,201.45262379454698,1.5344487057758764,222.05846140558538,199.7820298778743,1.592264723917492
41.37542053099969,40967000000,outer_right_mid_to_lower_reverse,0.43744714742031104,1.289914491170345,0.33912879529201456,route/default: outer_right_mid_to_lower_reverse,right,camera_sign_turn_right,,camera_sign_turn_right,camera_sign_turn_right,False,False,0.28,0.28,red,red,red,221.67825759058405,199.1479162589392,1.5344487057758764,221.9743800923834,197.42810406761052,1.5774693460207898
41.47758409400012,41072000000,outer_right_mid_to_lower_reverse,0.46641378109266945,1.289914491170345,0.36158503860941216,route/default: outer_right_mid_to_lower_reverse,right,camera_sign_turn_right,,camera_sign_turn_right,camera_sign_turn_right,False,False,0.28,0.28,red,red,red,221.7231700772188,197.91282287648232,1.5344487057758764,221.94119440798391,196.0149591089351,1.568745105125159
41.68356397199932,41267000000,outer_right_mid_to_lower_reverse,0.5202833606549275,1.289914491170345,0.40334717085228816,route/default: outer_right_mid_to_lower_reverse,right,camera_sign_turn_right,,camera_sign_turn_right,camera_sign_turn_right,False,False,0.28,0.28,red,red,red,221.8066943417046,195.61590560312413,1.5344487057758764,221.91799282059907,193.8920923630617,1.5569950504769088
41.7801152309994,41369000000,outer_right_mid_to_lower_reverse,0.548502926804447,1.289914491170345,0.42522425366877453,route/default: outer_right_mid_to_lower_reverse,right,camera_sign_turn_right,,camera_sign_turn_right,camera_sign_turn_right,False,False,0.28,0.28,red,red,red,221.85044850733755,194.4126660482174,1.5344487057758764,221.91772697104915,192.71126941001103,1.5511482099544025
41.978251920999355,41570000000,outer_right_mid_to_lower_reverse,0.6042161894322754,1.289914491170345,0.4684156923332704,route/default: outer_right_mid_to_lower_reverse,right,camera_sign_turn_right,,camera_sign_turn_right,camera_sign_turn_right,False,False,0.28,0.28,red,red,red,221.93683138466656,192.03713692167014,1.5344487057758764,221.94279562786573,190.3459543537279,1.5414441599841018
42.178974069000105,41771000000,outer_right_mid_to_lower_reverse,0.6600215715994228,1.289914491170345,0.5116785462271862,route/default: outer_right_mid_to_lower_reverse,right,camera_sign_turn_right,,camera_sign_turn_right,camera_sign_turn_right,False,False,0.28,0.28,red,red,red,222.02335709245438,189.65767995750477,1.5344487057758764,221.99573094205363,187.97671966266012,1.53393029248583
42.38047111600008,41972000000,outer_right_mid_to_lower_reverse,0.7160868171098865,1.289914491170345,0.5551428579271002,route/default: outer_right_mid_to_lower_reverse,right,camera_sign_turn_right,,camera_sign_turn_right,camera_sign_turn_right,False,False,0.28,0.28,red,red,red,222.11028571585422,187.2671428140095,1.5344487057758764,222.08227907500515,185.36253031634365,1.5289434465865488
42.48197059599988,42072000000,outer_right_mid_to_lower_reverse,0.744003306037157,1.289914491170345,0.5767849815859651,route/default: outer_right_mid_to_lower_reverse,right,camera_sign_turn_right,,camera_sign_turn_right,camera_sign_turn_right,False,False,0.28,0.28,green,red,red,222.15356996317195,186.0768260127719,1.5344487057758764,222.12866557090712,184.1723064178526,1.5277341756530094
42.58157192699946,42173000000,outer_right_mid_to_lower_reverse,0.7722520529113402,1.289914491170345,0.5986846866187794,route/default: outer_right_mid_to_lower_reverse,right,camera_sign_turn_right,,camera_sign_turn_right,camera_sign_turn_right,False,False,0.28,0.28,green,green,green,222.19736937323756,184.87234223596712,1.5344487057758764,222.17794149139957,182.98083582770298,1.5270006176228144
42.78152888800014,42370000000,outer_right_mid_to_lower_reverse,0.827392080034051,1.289914491170345,0.6414317272173247,route/default: outer_right_mid_to_lower_reverse,right,camera_sign_turn_right,,camera_sign_turn_right,camera_sign_turn_right,False,False,0.28,0.28,green,green,green,222.28286345443468,182.52125500304714,1.5344487057758764,222.2714828334981,180.8342329788872,1.526772517940811
42.88236030400003,42471000000,outer_right_mid_to_lower_reverse,0.8556458860938854,1.289914491170345,0.6633353543594616,route/default: outer_right_mid_to_lower_reverse,right,camera_sign_turn_right,,camera_sign_turn_right,camera_sign_turn_right,False,False,0.28,0.28,green,green,green,222.32667070871895,181.31655551022962,1.5344487057758764,222.32480645208193,179.64186574690396,1.5271401833916405
42.98361128399938,42572000000,outer_right_mid_to_lower_reverse,0.8838874627675304,1.289914491170345,0.6852295007288238,route/default: outer_right_mid_to_lower_reverse,right,camera_sign_turn_right,,camera_sign_turn_right,camera_sign_turn_right,False,False,0.28,0.28,green,green,green,222.37045900145768,180.11237745991468,1.5344487057758764,222.3886693174345,178.21138226850934,1.527767633392679
43.09006105299977,42676000000,outer_right_mid_to_lower_reverse,0.9129778403332264,1.289914491170345,0.7077816759038636,route/default: outer_right_mid_to_lower_reverse,right,camera_sign_turn_right,,camera_sign_turn_right,camera_sign_turn_right,False,False,0.28,0.28,green,green,green,222.41556335180775,178.8720078252875,1.5344487057758764,222.44151258298666,177.01958323847512,1.5284122317596531
43.2842073920001,42875000000,outer_right_mid_to_lower_reverse,0.9685747740244655,1.289914491170345,0.750882931120243,route/default: outer_right_mid_to_lower_reverse,right,camera_sign_turn_right,,camera_sign_turn_right,camera_sign_turn_right,False,False,0.28,0.28,green,green,green,222.50176586224046,176.50143878838665,1.5344487057758749,222.54489872010623,174.63789658378445,1.529555519894749
43.38449319599931,42977000000,outer_right_mid_to_lower_reverse,0.9970859819163322,1.289914491170345,0.772986107793604,route/default: outer_right_mid_to_lower_reverse,right,camera_sign_turn_right,,camera_sign_turn_right,camera_sign_turn_right,False,False,0.28,0.28,green,green,green,222.5459722155872,175.2857640713518,1.5353174167235668,222.59589227643272,173.44688715218433,1.5302487458963834
43.58626078499947,43176000000,outer_right_mid_to_lower_reverse,1.0524253062986102,1.289914491170345,0.8158876526332688,route/default: outer_right_mid_to_lower_reverse,right,camera_sign_turn_right,,camera_sign_turn_right,camera_sign_turn_right,False,False,0.28,0.28,green,green,green,222.63177530526656,172.9261791051702,1.5420216671090374,222.701954009639,171.0702519339906,1.534515212860229
43.78658067200013,43376000000,outer_right_mid_to_lower_reverse,1.1079888596550458,1.289914491170345,0.8589630299057751,route/default: outer_right_mid_to_lower_reverse,right,camera_sign_turn_right,,camera_sign_turn_right,camera_sign_turn_right,False,False,0.28,0.28,green,green,green,222.71792605981153,170.55703335518237,1.5487540404847546,222.80299962563714,168.6998735566379,1.5412807237249595
43.98742805999973,43577000000,outer_right_mid_to_lower_reverse,1.1638394259130675,1.289914491170345,0.9022609125486379,route/default: outer_right_mid_to_lower_reverse,right,camera_sign_turn_right,,camera_sign_turn_right,camera_sign_turn_right,False,False,0.28,0.28,green,green,green,222.80452182509725,168.1756498098249,1.5555215422121487,222.88975589279727,166.3313661078861,1.5488619556095395
44.087999306999336,43679000000,outer_right_mid_to_lower_reverse,1.19210762780958,1.289914491170345,0.924175699993862,route/default: outer_right_mid_to_lower_reverse,right,camera_sign_turn_right,,camera_sign_turn_right,camera_sign_turn_right,False,False,0.28,0.28,green,green,green,222.84835139998773,166.9703365003376,1.5589467827691434,222.92628535319068,165.14676634952568,1.552643416318763
44.2881311430001,43877000000,outer_right_mid_to_lower_reverse,1.247164229895415,1.289914491170345,0.9668580657341538,route/default: outer_right_mid_to_lower_reverse,left,camera_sign_turn_left,,camera_sign_turn_left,camera_sign_turn_left,False,False,0.28,0.28,green,green,green,222.93371613146832,164.62280638462155,1.6119337400477145,222.98439007430846,162.77589796504284,1.5596280595108731
44.389165814999615,43979000000,outer_right_mid_to_lower_reverse,1.274558437126373,1.289914491170345,0.9880952930220673,route/default: outer_right_mid_to_lower_reverse,left,camera_sign_turn_left,,camera_sign_turn_left,camera_sign_turn_left,False,False,0.28,0.28,green,green,green,222.97619058604414,163.4547588837863,1.620178498268972,223.04876050634266,161.62632736603365,1.577329244201345
44.49049705699963,44081000000,inner_middle_cross_reverse,0.012046448490184231,5.461513532244725,0.0022056978196725342,route/left from camera_sign_turn_left: inner_middle_cross_reverse delta=+92.1deg,,,,camera_sign_turn_left,camera_sign_turn_left,False,False,0.28,0.28,green,green,green,222.97225769960863,162.28676744276015,1.6247978271708632,223.09274784256985,160.47818992523852,1.595649670927125
44.69095546399967,44280000000,inner_middle_cross_reverse,0.06641499187578528,5.461513532244725,0.012160546977256725,route/left from camera_sign_turn_left: inner_middle_cross_reverse delta=+92.1deg,,,,camera_sign_turn_left,camera_sign_turn_left,False,False,0.28,0.28,green,green,green,222.84704997023744,159.9704244493929,1.6247978271708632,223.09529735098624,158.1578357963267,1.623676244277109
44.79542439799934,44380000000,inner_middle_cross_reverse,0.09389549366286348,5.461513532244725,0.017192211116663057,route/left from camera_sign_turn_left: inner_middle_cross_reverse delta=+92.1deg,,,,camera_sign_turn_left,camera_sign_turn_left,False,False,0.28,0.28,green,green,green,222.7837639041323,158.7996322264478,1.6247978271708632,223.06136691057293,156.98868976790675,1.6336846374388
44.892656238999734,44482000000,inner_middle_cross_reverse,0.12198401648891963,5.461513532244725,0.022335203560098705,route/left from camera_sign_turn_left: inner_middle_cross_reverse delta=+92.1deg,,,,camera_sign_turn_left,camera_sign_turn_left,False,False,0.28,0.28,green,green,green,222.71907759941564,157.60293558918968,1.6247978271708632,223.01089401381995,155.81731066418166,1.6419628579313394
45.096711598000184,44680000000,inner_middle_cross_reverse,0.1768641248760685,5.461513532244725,0.03238371997649816,route/left from camera_sign_turn_left: inner_middle_cross_reverse delta=+92.1deg,,,,camera_sign_turn_left,camera_sign_turn_left,False,False,0.28,0.28,green,green,green,222.5926917643186,155.2647976398939,1.6247978271708632,222.86280003771162,153.45856190242952,1.651690801747239
45.194363142999464,44782000000,inner_middle_cross_reverse,0.2053303371162827,5.461513532244725,0.0375958671353672,route/left from camera_sign_turn_left: inner_middle_cross_reverse delta=+92.1deg,,,,camera_sign_turn_right,camera_sign_turn_left,False,False,0.28,0.28,green,green,green,222.52713566190255,154.05200974519764,1.6247978271708632,222.7720756520357,152.2729358481161,1.6536503055109815
45.29515021899988,44884000000,inner_middle_cross_reverse,0.2338828857444213,5.461513532244725,0.04282382243742122,route/left from camera_sign_turn_left: inner_middle_cross_reverse delta=+92.1deg,,,,camera_sign_turn_right,camera_sign_turn_left,False,False,0.28,0.28,green,green,green,222.4613807315905,152.83554353442398,1.6247978271708687,222.67459787980954,151.0838323404859,1.6541601223252795
45.502872049999496,45085000000,inner_middle_cross_reverse,0.29001333149986736,5.461513532244725,0.05310127490990022,route/left from camera_sign_turn_left: inner_middle_cross_reverse delta=+92.1deg,,,,camera_sign_turn_right,camera_sign_turn_left,False,False,0.28,0.28,green,green,green,222.33211543912552,150.44413562382246,1.6247978271708632,222.47128890637168,148.71048955695588,1.6522544884703732
45.69744179200006,45286000000,inner_middle_cross_reverse,0.34602233115059133,5.461513532244725,0.06335649067015557,route/left from camera_sign_turn_left: inner_middle_cross_reverse delta=+92.1deg,,,,camera_sign_turn_right,camera_sign_turn_left,False,False,0.28,0.28,green,green,green,222.20312983028032,148.05790186018584,1.6247978271708632,222.26748183004696,146.34263246772855,1.6478124771404037
45.898715603999335,45484000000,inner_middle_cross_reverse,0.4011506733510985,5.461513532244725,0.07345045855561992,route/left from camera_sign_turn_left: inner_middle_cross_reverse delta=+92.1deg,,,,camera_sign_turn_right,camera_sign_turn_left,False,False,0.28,0.28,green,green,green,222.07617232652728,145.7091880407548,1.6247978271708634,222.07213230014622,143.97630649764585,1.6422830386037182
45.99894314899939,45588000000,inner_middle_cross_reverse,0.4301070480064631,5.461513532244725,0.0787523541719919,route/left from camera_sign_turn_left: inner_middle_cross_reverse delta=+92.1deg,,,,camera_sign_turn_right,camera_sign_turn_left,False,False,0.28,0.28,green,green,green,222.00948740735066,144.4755170359871,1.6247978271708687,221.97930295864717,142.79283034582946,1.6394848787833722
46.10029331599981,45689000000,inner_middle_cross_reverse,0.45823426965354347,5.461513532244725,0.08390243234739465,route/left from camera_sign_turn_left: inner_middle_cross_reverse delta=+92.1deg,,,,camera_sign_turn_right,camera_sign_turn_left,False,False,0.28,0.28,green,green,green,221.9447119814031,143.27717165595698,1.6247978271708687,221.89007680235005,141.60885693255042,1.6367862132343
46.203963070999635,45790000000,inner_middle_cross_reverse,0.4863712093096991,5.461513532244725,0.08905428988469369,route/left from camera_sign_turn_left: inner_middle_cross_reverse delta=+92.1deg,,,,,camera_sign_turn_left,False,False,0.28,0.28,green,green,green,221.8799141754215,142.07841224529759,1.6247978271708634,221.78784197819124,140.18726028782365,1.6337695193941175
46.400774632999855,45986000000,inner_middle_cross_reverse,0.5410122180142941,5.461513532244725,0.09905902728614752,route/left from camera_sign_turn_left: inner_middle_cross_reverse delta=+92.1deg,,,,,camera_sign_turn_left,False,False,0.28,0.28,green,green,green,221.75407897358554,139.75046101133225,1.624797827170869,221.64414872069278,138.05279654649885,1.6299126390956014
46.50129384799948,46086000000,inner_middle_cross_reverse,0.5689086780274142,5.461513532244725,0.10416685313852701,route/left from camera_sign_turn_left: inner_middle_cross_reverse delta=+92.1deg,,,,,camera_sign_turn_left,False,False,0.28,0.28,green,green,green,221.6898349788372,138.56194710848868,1.6247978271708634,221.56887483634216,136.86586077912756,1.6281712678139522
46.60146712599999,46186000000,inner_middle_cross_reverse,0.595587550932285,5.461513532244725,0.10905173948868599,route/left from camera_sign_turn_left: inner_middle_cross_reverse delta=+92.1deg,,,,,camera_sign_turn_left,False,False,0.28,0.28,green,green,green,221.62839501943074,137.42530785946846,1.6247978271708632,221.55965700559534,135.72080086755568,1.64731531444891
46.70132168799955,46287000000,inner_middle_cross_reverse,0.6209221711553472,5.461513532244725,0.11369049394264584,route/left from camera_sign_turn_left: inner_middle_cross_reverse delta=+92.1deg,,,,,camera_sign_turn_left,False,False,0.28,0.28,green,green,green,221.570050799132,136.3459397839417,1.6247978271708687,221.60660144313925,134.63465280516183,1.6912979969541673
46.80131599099968,46390000000,inner_middle_cross_reverse,0.6454274128909896,5.461513532244725,0.11817738967053587,route/left from camera_sign_turn_left: inner_middle_cross_reverse delta=+92.1deg,,,,,camera_sign_turn_left,False,False,0.28,0.28,green,green,green,221.51361659132817,135.30190693957164,1.6247978271708632,221.69960606947274,133.6107417519779,1.764150017713797
46.902201459000025,46491000000,inner_middle_cross_reverse,0.6686129001794348,5.461513532244725,0.12242263911495421,route/left from camera_sign_turn_left: inner_middle_cross_reverse delta=+92.1deg,,,,,camera_sign_turn_left,False,False,0.28,0.28,green,green,green,221.46022170456138,134.31410153438546,1.6247978271708634,221.80596336378676,132.6296618238617,1.86273267962731
47.103455703999316,46688000000,inner_middle_cross_reverse,0.7116006787420823,5.461513532244725,0.13029367675110545,route/left from camera_sign_turn_left: inner_middle_cross_reverse delta=+92.1deg,,,,,camera_sign_turn_left,False,False,0.28,0.28,green,green,green,221.36122324314653,132.48262999821068,1.6247978271708634,221.93558381310896,130.7520173760513,2.122355268317741
47.20439116799935,46789000000,inner_middle_cross_reverse,0.7334702222167286,5.461513532244725,0.13429797763684503,route/left from camera_sign_turn_left: inner_middle_cross_reverse delta=+92.1deg,,,,camera_sign_turn_right,camera_sign_turn_left,False,False,0.28,0.28,green,green,green,221.31085890174006,131.55088968219087,1.6247978271708634,221.86938833121644,129.82656877121667,2.265172614667351
47.308261118999326,46890000000,inner_middle_cross_reverse,0.7556048530343281,5.461513532244725,0.1383508158632665,route/left from camera_sign_turn_left: inner_middle_cross_reverse delta=+92.1deg,,,,camera_sign_turn_right,camera_sign_turn_left,False,False,0.28,0.28,green,green,green,221.25988407893698,130.60785546033426,1.624797827170869,221.6099992880491,128.74462340126675,2.434116896992909
47.5100269859995,47091000000,inner_middle_cross_reverse,0.8000576021627742,5.461513532244725,0.1464900887710415,route/left from camera_sign_turn_left: inner_middle_cross_reverse delta=+92.1deg,,,,camera_sign_turn_right,camera_sign_turn_left,False,False,0.28,0.28,yellow,green,green,221.15751187184645,128.71396962915972,1.7911235916997157,220.67113507580808,127.10937112983194,2.6861671747260023
47.70829412999956,47290000000,inner_middle_cross_reverse,0.8469160047931521,5.461513532244725,0.1550698354573266,route/left from camera_sign_turn_left: inner_middle_cross_reverse delta=+92.1deg,,,,camera_sign_turn_right,camera_sign_turn_left,False,False,0.28,0.28,yellow,green,green,221.0495995786349,126.71759220474627,2.795427614186611,219.21286714949605,125.83444373516502,2.8924366801047476
47.81124469399947,47392000000,inner_middle_cross_reverse,0.8710564411575239,5.461513532244725,0.15948993553065735,route/left from camera_sign_turn_left: inner_middle_cross_reverse delta=+92.1deg,,,,,camera_sign_turn_left,False,False,0.28,0.28,yellow,green,green,220.8889398045768,125.8,3.141592653589793,218.33158208632386,125.362438842032,2.9749851872669124
47.907374003999394,47493000000,inner_middle_cross_reverse,0.8954500201321041,5.461513532244725,0.16395638587094502,route/left from camera_sign_turn_left: inner_middle_cross_reverse delta=+92.1deg,,,,,camera_sign_turn_left,False,False,0.28,0.28,yellow,green,green,219.84814710166137,125.8,3.141592653589793,217.36446775815728,124.99575265231067,3.0445956436447847
48.00735259999965,47593000000,inner_middle_cross_reverse,0.9203238182850167,5.461513532244725,0.1685107640677687,route/left from camera_sign_turn_left: inner_middle_cross_reverse delta=+92.1deg,,,,,camera_sign_turn_left,False,False,0.28,0.28,yellow,green,green,218.7868650471371,125.8,3.141592653589793,216.34004749531186,124.7298536189926,3.102231536192055
48.10772663699936,47695000000,inner_middle_cross_reverse,0.9467068463378621,5.461513532244725,0.17334148139494918,route/left from camera_sign_turn_left: inner_middle_cross_reverse delta=+92.1deg,,,,,camera_sign_turn_left,False,False,0.28,0.28,yellow,green,green,217.66118918354903,125.8,3.141592653589793,215.27076889543991,124.55755410870199,-3.1352360972398525
48.314881412999966,47889000000,inner_middle_cross_reverse,0.9977516476258433,5.461513532244725,0.18268775527793293,route/left from camera_sign_turn_left: inner_middle_cross_reverse delta=+92.1deg,,,,camera_sign_turn_left,camera_sign_turn_left,False,False,0.28,0.28,yellow,green,green,215.48327766192847,125.8,3.141592653589793,213.04335728633762,124.43994424558225,-3.074306806735874
48.41332716699981,47991000000,inner_middle_cross_reverse,1.025293966812376,5.461513532244725,0.18773073814777716,route/left from camera_sign_turn_left: inner_middle_cross_reverse delta=+92.1deg,,,,camera_sign_turn_left,camera_sign_turn_left,False,False,0.28,0.28,yellow,green,green,214.30813870996974,125.8,3.141592653589793,211.89499326865592,124.46644975178798,-3.0560071127718103
48.51247251899986,48093000000,inner_middle_cross_reverse,1.053125650281586,5.461513532244725,0.19282670345206362,route/left from camera_sign_turn_left: inner_middle_cross_reverse delta=+92.1deg,,,,camera_sign_turn_left,camera_sign_turn_left,False,False,0.28,0.28,red,green,green,213.12065354861681,125.8,3.141592653589793,210.73510768429958,124.5316268124946,-3.043732883870486
48.609290202999546,48194000000,inner_middle_cross_reverse,1.081113768522735,5.461513532244725,0.19795131187350345,route/left from camera_sign_turn_left: inner_middle_cross_reverse delta=+92.1deg,,,,camera_sign_turn_left,camera_sign_turn_left,False,False,0.28,0.28,red,green,green,211.92649383699444,125.8,3.141592653589793,209.56272329800288,124.62954713544575,-3.037463046917221
48.709978094999315,48294000000,inner_middle_cross_reverse,1.109113768522735,5.461513532244725,0.20307809583818437,route/left from camera_sign_turn_left: inner_middle_cross_reverse delta=+92.1deg,,,,camera_sign_turn_left,camera_sign_turn_left,False,False,0.28,0.28,red,green,green,210.7318271703278,125.8,3.141592653589793,208.3780147979486,124.75104032504055,-3.036487728841996
48.81082225799946,48395000000,inner_middle_cross_reverse,1.137182943530646,5.461513532244725,0.20821754570719792,route/left from camera_sign_turn_left: inner_middle_cross_reverse delta=+92.1deg,,,,,camera_sign_turn_left,False,False,0.28,0.28,red,green,green,209.53420903665693,125.8,3.141592653589793,207.19895744327107,124.88391718563797,-3.0393746223899814
49.011623001999396,48595000000,inner_middle_cross_reverse,1.1923894863792768,5.461513532244725,0.218325832086549,route/left from camera_sign_turn_left: inner_middle_cross_reverse delta=+92.1deg,,,,camera_sign_speed_limit,camera_sign_turn_left,False,False,0.28,0.28,red,red,red,207.17872987511532,125.8,3.141592653589793,204.85964344137403,125.15722799796781,-3.0533945079965954
49.21284096999989,48797000000,inner_middle_cross_reverse,1.2478483589591562,5.461513532244725,0.22848031989518494,route/left from camera_sign_turn_left: inner_middle_cross_reverse delta=+92.1deg,,,,camera_sign_speed_limit,camera_sign_turn_left,False,False,0.28,0.28,red,red,red,204.81248464504046,125.8,3.141592653589793,202.52770343778116,125.40919213134259,-3.073329653265978
49.32117579899932,48897000000,inner_middle_cross_reverse,1.2752793515496472,5.461513532244725,0.2335029189290496,route/left from camera_sign_turn_left: inner_middle_cross_reverse delta=+92.1deg,,,,camera_sign_speed_limit,camera_sign_turn_left,False,False,0.28,0.28,red,red,red,203.64209562784617,125.8,3.141592653589793,201.36138268733265,125.51915088069414,-3.0839359516613505
49.41328398799942,48998000000,inner_middle_cross_reverse,1.3029936428076847,5.461513532244725,0.23857738978669968,route/left from camera_sign_turn_left: inner_middle_cross_reverse delta=+92.1deg,,,,camera_sign_speed_limit,camera_sign_turn_left,False,False,0.28,0.28,red,red,red,202.45961920083658,125.8,3.141592653589793,200.19370459916297,125.61627403304452,-3.0943821788547794
49.61467095899934,49199000000,inner_middle_cross_reverse,1.358295730147843,5.461513532244725,0.24870317030773206,route/left from camera_sign_turn_left: inner_middle_cross_reverse delta=+92.1deg,,,,camera_sign_speed_limit,camera_sign_turn_left,False,False,0.28,0.28,red,red,red,200.10006347432318,125.8,3.141592653589793,197.85209650266376,125.76863338012524,-3.1132679225340136
49.7151892969996,49300000000,inner_middle_cross_reverse,1.386128354904605,5.461513532244725,0.2537993079612302,route/left from camera_sign_turn_left: inner_middle_cross_reverse delta=+92.1deg,,,,camera_sign_speed_limit,camera_sign_turn_left,False,False,0.28,0.28,red,red,red,198.91253815136798,125.8,3.141592653589793,196.67757665525448,125.82472671627832,-3.121340238327566
49.82396993099974,49400000000,inner_middle_cross_reverse,1.413733762868047,5.461513532244725,0.25885384234999625,route/left from camera_sign_turn_left: inner_middle_cross_reverse delta=+92.1deg,,,,camera_sign_speed_limit,camera_sign_turn_left,False,False,0.28,0.28,red,red,red,197.73470741159446,125.8,3.141592653589793,195.50006803499076,125.86879608937588,-3.12845676123698
49.91710790199977,49500000000,inner_middle_cross_reverse,1.4413897120136383,5.461513532244725,0.26391763080026936,route/left from camera_sign_turn_left: inner_middle_cross_reverse delta=+92.1deg,,,,camera_sign_speed_limit,camera_sign_turn_left,False,False,0.28,0.28,red,red,red,196.55472024804925,125.8,3.141592653589793,194.32004367387685,125.90148381480988,-3.1345046157939267
50.01790524699936,49600000000,inner_middle_cross_reverse,1.4690959536554744,5.461513532244725,0.2689906277778029,route/left from camera_sign_turn_left: inner_middle_cross_reverse delta=+92.1deg,,,,camera_sign_speed_limit,camera_sign_turn_left,False,False,0.28,0.28,red,red,red,195.37258727133087,125.8,3.141592653589793,193.13764719315108,125.92401590310178,-3.1394926221156436
50.12573415099996,49703000000,inner_middle_cross_reverse,1.4976828281253336,5.461513532244725,0.2742248681218179,route/left from camera_sign_turn_left: inner_middle_cross_reverse delta=+92.1deg,,,,camera_sign_speed_limit,camera_sign_turn_left,False,False,0.28,0.28,red,red,red,194.1528806272836,125.8,3.141592653589793,191.95306216203878,125.9377403833652,3.139719062756479
50.21899331899931,49806000000,inner_middle_cross_reverse,1.526316335229185,5.461513532244725,0.27946764687441084,route/left from camera_sign_turn_left: inner_middle_cross_reverse delta=+92.1deg,,,,camera_sign_speed_limit,camera_sign_turn_left,False,False,0.28,0.28,red,red,red,192.9311843241859,125.8,3.141592653589793,190.7664754203964,125.94404957108041,3.1366938437010456
50.42078242600019,50009000000,inner_middle_cross_reverse,1.5828758932269447,5.461513532244725,0.28982366955270916,route/left from camera_sign_turn_left: inner_middle_cross_reverse delta=+92.1deg,,,,camera_sign_speed_limit,camera_sign_turn_left,False,False,0.28,0.28,red,red,red,190.5179765162815,125.8,3.141592653589793,188.3884739268709,125.94051354839564,3.13293331722034
50.520144228999925,50109000000,inner_middle_cross_reverse,1.610798068998707,5.461513532244725,0.2949362039457689,route/left from camera_sign_turn_left: inner_middle_cross_reverse delta=+92.1deg,,,,camera_sign_speed_limit,camera_sign_turn_left,False,False,0.28,0.28,red,red,red,189.32663035001966,125.8,3.141592653589793,187.19741144168202,125.93401734051088,3.131634809626418
50.72132291700018,50305000000,inner_middle_cross_reverse,1.6519438608884134,5.461513532244725,0.30246997487699195,route/left from camera_sign_turn_left: inner_middle_cross_reverse delta=+92.1deg,,,,camera_sign_speed_limit,camera_sign_turn_left,False,False,0.14,0.28,red,red,red,187.5710765627255,125.8,3.141592653589793,185.2276605067742,125.9184482643916,3.130234620843597
50.822168134000094,50405000000,inner_middle_cross_reverse,1.6659351739738295,5.461513532244725,0.30503177629024697,route/left from camera_sign_turn_left: inner_middle_cross_reverse delta=+92.1deg,,,,camera_sign_speed_limit,camera_sign_turn_left,False,False,0.14,0.28,red,red,red,186.97411387108107,125.8,3.141592653589793,184.63087004023436,125.91131658184014,3.1303447381689185
50.922260022000046,50505000000,inner_middle_cross_reverse,1.679921976724185,5.461513532244725,0.30759275186373547,route/left from camera_sign_turn_left: inner_middle_cross_reverse delta=+92.1deg,,,,camera_sign_speed_limit,camera_sign_turn_left,False,False,0.14,0.28,red,red,red,186.37734362039924,125.8,3.141592653589793,184.03431540836223,125.90371515406085,3.130630330294742
51.02346019400011,50605000000,inner_middle_cross_reverse,1.6939055015502256,5.461513532244725,0.3101531272511591,route/left from camera_sign_turn_left: inner_middle_cross_reverse delta=+92.1deg,,,,camera_sign_speed_limit,camera_sign_turn_left,False,False,0.14,0.28,red,red,red,185.7807132278215,125.8,3.141592653589793,183.43792564632,125.89591627922998,3.1310354512062295
51.22446271699937,50802000000,inner_middle_cross_reverse,1.7214471064784038,5.461513532244725,0.3151959793407077,route/left from camera_sign_turn_left: inner_middle_cross_reverse delta=+92.1deg,,,,camera_sign_speed_limit,camera_sign_turn_left,False,False,0.14,0.28,red,red,red,184.6056047508859,125.8,3.141592653589793,182.2454575285349,125.88038693358813,3.1320762670112003
51.340772912999455,50902000000,inner_middle_cross_reverse,1.735425814687977,5.461513532244725,0.3177554728084146,route/left from camera_sign_turn_left: inner_middle_cross_reverse delta=+92.1deg,,,,camera_sign_speed_limit,camera_sign_turn_left,False,False,0.14,0.28,red,red,red,184.00917986727745,125.8,3.141592653589793,181.64931983387342,125.87286895277029,3.132670169050712
51.42437342299945,51003000000,inner_middle_cross_reverse,1.7495241166827158,5.461513532244725,0.3203368638296952,route/left from camera_sign_turn_left: inner_middle_cross_reverse delta=+92.1deg,,,,camera_sign_speed_limit,camera_sign_turn_left,False,False,0.14,0.28,red,red,red,183.40765231550193,125.8,3.141592653589793,181.0533649751544,125.86578003612507,3.133242723309834
51.626048174999596,51202000000,inner_middle_cross_reverse,1.7773602917202245,5.461513532244725,0.3254336515375648,route/left from camera_sign_turn_left: inner_middle_cross_reverse delta=+92.1deg,,,,camera_sign_speed_limit,camera_sign_turn_left,False,False,0.14,0.28,red,red,red,182.21997551390157,125.8,3.141592653589793,179.86089309849066,125.85266178828824,3.134557435506565
51.72678500299935,51303000000,inner_middle_cross_reverse,1.7914780367628853,5.461513532244725,0.32801860256978504,route/left from camera_sign_turn_left: inner_middle_cross_reverse delta=+92.1deg,,,,camera_sign_speed_limit,camera_sign_turn_left,False,False,0.14,0.28,red,red,red,181.61761839208137,125.8,3.141592653589793,179.26494301994362,125.84682868961536,3.135118930727607
51.82802594399982,51405000000,inner_middle_cross_reverse,1.80573613307244,5.461513532244725,0.3306292518385958,route/left from camera_sign_turn_left: inner_middle_cross_reverse delta=+92.1deg,,,,camera_sign_speed_limit,camera_sign_turn_left,False,False,0.14,0.28,red,red,red,181.00927294954036,125.8,3.141592653589793,178.6685534675492,125.84098525995012,3.1357633599385473
51.92939963199933,51507000000,inner_middle_cross_reverse,1.8199947672740582,5.461513532244725,0.33323999959513534,route/left from camera_sign_turn_left: inner_middle_cross_reverse delta=+92.1deg,,,,camera_sign_speed_limit,camera_sign_turn_left,False,False,0.14,0.28,red,red,red,180.400904556938,125.8,3.141592653589793,178.0721160620823,125.83559897778122,3.136376222167714
52.02878216699992,51608000000,inner_middle_cross_reverse,1.8341349830665983,5.461513532244725,0.3358290650087897,route/left from camera_sign_turn_left: inner_middle_cross_reverse delta=+92.1deg,,,,camera_sign_speed_limit,camera_sign_turn_left,False,False,0.14,0.28,red,red,red,179.79758868312294,125.8,3.141592653589793,177.4761452713045,125.8312045883101,3.1368370965431764
52.238514487999964,51807000000,inner_middle_cross_reverse,1.861972450988356,5.461513532244725,0.3409260894430249,route/left from camera_sign_turn_left: inner_middle_cross_reverse delta=+92.1deg,,,,camera_sign_speed_limit,camera_sign_turn_left,False,False,0.14,0.28,red,red,red,178.6098567184613,125.8,3.141592653589793,176.2840951035458,125.82324910988706,3.137710797166022
52.3306901269998,51907000000,inner_middle_cross_reverse,1.8759564898901997,5.461513532244725,0.3434865589574337,route/left from camera_sign_turn_left: inner_middle_cross_reverse delta=+92.1deg,,,,camera_sign_speed_limit,camera_sign_turn_left,False,False,0.14,0.28,red,red,red,178.0132043919826,125.8,3.141592653589793,175.68803343450818,125.81976984474343,3.1381113249759656
52.531877568999334,52107000000,inner_middle_cross_reverse,1.9039125186860166,5.461513532244725,0.34860529181981054,route/left from camera_sign_turn_left: inner_middle_cross_reverse delta=+92.1deg,,,,camera_sign_speed_limit,camera_sign_turn_left,False,False,0.14,0.28,red,red,red,176.82041383002777,125.8,3.141592653589793,174.4959045463694,125.81398200890712,3.138772727401662
52.73215758399965,52307000000,inner_middle_cross_reverse,1.931866931266783,5.461513532244725,0.35372372875413727,route/left from camera_sign_turn_left: inner_middle_cross_reverse delta=+92.1deg,,,,camera_sign_speed_limit,camera_sign_turn_left,False,False,0.14,0.28,red,red,red,175.62769222658173,125.8,3.141592653589793,173.3026178027343,125.80896835238214,3.1395036229548037
52.83262649199969,52409000000,inner_middle_cross_reverse,1.9461429442879146,5.461513532244725,0.356337658562577,route/left from camera_sign_turn_left: inner_middle_cross_reverse delta=+92.1deg,,,,camera_sign_speed_limit,camera_sign_turn_left,False,False,0.14,0.28,red,red,red,175.0185823376801,125.8,3.141592653589793,172.70573325675903,125.80699350859011,3.1398304248990296
52.94156024499989,52511000000,inner_middle_cross_reverse,1.9604192159028098,5.461513532244725,0.35895163571938676,route/left from camera_sign_turn_left: inner_middle_cross_reverse delta=+92.1deg,,,,camera_sign_speed_limit,camera_sign_turn_left,False,False,0.28,0.28,red,red,red,174.40946141544458,125.8,3.141592653589793,171.98944048001084,125.80507463699301,3.1401577309441597
53.043743245999394,52611000000,inner_middle_cross_reverse,1.988402626992496,5.461513532244725,0.36407538226408953,route/left from camera_sign_turn_left: inner_middle_cross_reverse delta=+92.1deg,,,,camera_sign_speed_limit,camera_sign_turn_left,False,False,0.28,0.28,red,red,red,173.21550254228464,125.8,3.141592653589793,170.99172543787898,125.81235957347998,3.136817423051345
53.13575201899948,52711000000,inner_middle_cross_reverse,2.016315230523546,5.461513532244725,0.36918616398535675,route/left from camera_sign_turn_left: inner_middle_cross_reverse delta=+92.1deg,,,,camera_sign_speed_limit,camera_sign_turn_left,False,False,0.28,0.28,red,red,red,172.0245647916265,125.8,3.141592653589793,170.03788692365728,125.8054681362566,3.1375810225756693
53.23647664599957,52813000000,inner_middle_cross_reverse,2.044814137729334,5.461513532244725,0.37440429757369825,route/left from camera_sign_turn_left: inner_middle_cross_reverse delta=+92.1deg,,,,camera_sign_speed_limit,camera_sign_turn_left,False,False,0.28,0.28,red,red,red,170.80861141751288,125.8,3.141592653589793,168.60765995583327,125.7959418603082,3.138976003393108
53.33681623399934,52913000000,inner_middle_cross_reverse,2.0727599439332645,5.461513532244725,0.3795211586853551,route/left from camera_sign_turn_left: inner_middle_cross_reverse delta=+92.1deg,,,,camera_sign_speed_limit,camera_sign_turn_left,False,False,0.28,0.28,red,red,red,169.61625701947852,125.8,3.141592653589793,167.41542161412457,125.7900160094253,3.139970695379751
53.43702434299939,53014000000,inner_middle_cross_reverse,2.100994007138023,5.461513532244725,0.38469079948878165,route/left from camera_sign_turn_left: inner_middle_cross_reverse delta=+92.1deg,,,,camera_sign_turn_left,camera_sign_turn_left,False,False,0.28,0.28,red,red,red,168.41160365607547,125.8,3.141592653589793,166.2227785800199,125.78577737255534,3.1407875996066057
53.64704351299952,53211000000,inner_middle_cross_reverse,2.1560870568676997,5.461513532244725,0.3947783053430486,route/left from camera_sign_turn_left: inner_middle_cross_reverse delta=+92.1deg,,,,camera_sign_turn_left,camera_sign_turn_left,False,False,0.28,0.28,red,red,red,166.06096686760927,125.8,3.141592653589793,163.83644148543868,125.7813890964982,-3.141251300994267
53.73757590199966,53313000000,inner_middle_cross_reverse,2.1846231406723664,5.461513532244725,0.40000324594535414,route/left from camera_sign_turn_left: inner_middle_cross_reverse delta=+92.1deg,,,,camera_sign_turn_left,camera_sign_turn_left,False,False,0.28,0.28,red,red,red,164.8434272919435,125.8,3.141592653589793,162.64284453001625,125.78074364039472,-3.1408777401584356
53.8545080469994,53413000000,inner_middle_cross_reverse,2.2126057841880433,5.461513532244725,0.4051268519476954,route/left from camera_sign_turn_left: inner_middle_cross_reverse delta=+92.1deg,,,,camera_sign_speed_limit,camera_sign_turn_left,False,False,0.28,0.28,red,red,red,163.64950116860794,125.8,3.141592653589793,161.44897109689558,125.78092115321687,-3.1406374274098448
54.043828562999806,53617000000,inner_middle_cross_reverse,2.269697821629078,5.461513532244725,0.41558037130711173,route/left from camera_sign_turn_left: inner_middle_cross_reverse delta=+92.1deg,,,,camera_sign_turn_right,camera_sign_turn_left,False,False,0.28,0.28,red,red,red,161.21357423779048,125.8,3.141592653589793,159.0608017619359,125.78233516770214,-3.140273412925959
54.14166365799974,53719000000,inner_middle_cross_reverse,2.298225842537157,5.461513532244725,0.4208038355976696,route/left from camera_sign_turn_left: inner_middle_cross_reverse delta=+92.1deg,,,,camera_sign_turn_right,camera_sign_turn_left,False,False,0.28,0.28,red,red,red,159.99637867904576,125.8,3.141592653589793,157.8665263034968,125.78340357745174,-3.140096566579415
54.242579818000195,53820000000,inner_middle_cross_reverse,2.326505842537157,5.461513532244725,0.42598188740199733,route/left from camera_sign_turn_left: inner_middle_cross_reverse delta=+92.1deg,,,,camera_sign_turn_right,camera_sign_turn_left,False,False,0.28,0.28,red,red,red,158.78976534571242,125.8,3.141592653589793,156.67235727936807,125.7847131805318,-3.1398942765397044
54.44531202999951,54017000000,inner_middle_cross_reverse,2.3816471451253385,5.461513532244725,0.43607822832702253,route/left from camera_sign_turn_left: inner_middle_cross_reverse delta=+92.1deg,,,,camera_sign_speed_limit,camera_sign_turn_left,False,False,0.28,0.28,red,red,red,156.43706976861668,125.8,3.141592653589793,154.28539186293222,125.78801156576887,-3.1394757157501867
54.64328389599996,54221000000,inner_middle_cross_reverse,2.438732781486346,5.461513532244725,0.4465305756523518,route/left from camera_sign_turn_left: inner_middle_cross_reverse delta=+92.1deg,,,,camera_sign_turn_right,camera_sign_turn_left,False,False,0.28,0.28,red,red,red,154.00141595054703,125.8,3.141592653589793,151.89908431826876,125.79263567679659,-3.139159624586412
54.843971600999794,54419000000,inner_middle_cross_reverse,2.4941195620052374,5.461513532244725,0.4566718634459072,route/left from camera_sign_turn_left: inner_middle_cross_reverse delta=+92.1deg,,,,camera_sign_turn_right,camera_sign_turn_left,False,False,0.28,0.28,red,red,red,151.63824664840766,125.8,3.141592653589793,149.51366510269077,125.7989103012764,-3.1392921386844583
54.9453684529999,54521000000,inner_middle_cross_reverse,2.5226478386587994,5.461513532244725,0.4618953745633166,route/left from camera_sign_turn_left: inner_middle_cross_reverse delta=+92.1deg,,,,camera_sign_turn_right,camera_sign_turn_left,False,False,0.28,0.28,red,red,red,150.4210401778557,125.8,3.141592653589793,148.32116039764287,125.80224459298469,-3.139464564554772
55.1477881740002,54719000000,inner_middle_cross_reverse,2.5780215038551244,5.461513532244725,0.47203426094882117,route/left from camera_sign_turn_left: inner_middle_cross_reverse delta=+92.1deg,,,,camera_sign_speed_limit,camera_sign_turn_left,False,False,0.28,0.28,red,yellow,yellow,148.05843046281248,125.8,3.141592653589793,145.93637120319192,125.80862431093286,-3.1399208976424524
55.34688034499959,54920000000,inner_middle_cross_reverse,2.634231251479173,5.461513532244725,0.48232623354802584,route/left from camera_sign_turn_left: inner_middle_cross_reverse delta=+92.1deg,,,,camera_sign_turn_right,camera_sign_turn_left,False,False,0.28,0.28,red,green,green,145.66014789751975,125.8,3.141592653589793,143.55170542651987,125.81390348807702,-3.1404252306378835
55.44718934999946,55020000000,inner_middle_cross_reverse,2.6621969687741105,5.461513532244725,0.48744674036904323,route/left from camera_sign_turn_left: inner_middle_cross_reverse delta=+92.1deg,,,,camera_sign_turn_right,camera_sign_turn_left,False,False,0.28,0.28,red,green,green,144.46694395960242,125.8,3.141592653589793,142.35935601641347,125.81601939600966,-3.1406651400061065
55.65373265400012,55223000000,inner_middle_cross_reverse,2.718971010591215,5.461513532244725,0.4978420349118308,route/left from camera_sign_turn_left: inner_middle_cross_reverse delta=+92.1deg,,,,camera_sign_turn_right,camera_sign_turn_left,False,False,0.28,0.28,red,green,green,142.04458484207262,125.8,3.141592653589793,139.97452111765278,125.81933366560773,-3.141089503428351
55.85550614099975,55422000000,inner_middle_cross_reverse,2.7746305591778997,5.461513532244725,0.5080332663823878,route/left from camera_sign_turn_left: inner_middle_cross_reverse delta=+92.1deg,,,,camera_sign_turn_right,camera_sign_turn_left,False,False,0.28,0.28,red,green,green,139.6697774357074,125.8,3.141592653589793,137.58949273739927,125.8214921767389,-3.1414145975834145
56.05674704099965,55622000000,inner_middle_cross_reverse,2.830571611915763,5.461513532244725,0.5182760411018108,route/left from camera_sign_turn_left: inner_middle_cross_reverse delta=+92.1deg,,,,camera_sign_turn_right,camera_sign_turn_left,False,False,0.28,0.28,red,green,green,137.28295918555858,125.8,3.141592653589793,135.20435410870886,125.82250028305086,3.141553910072221
56.15300640799978,55723000000,inner_middle_cross_reverse,2.8588223591391735,5.461513532244725,0.5234487367394978,route/left from camera_sign_turn_left: inner_middle_cross_reverse delta=+92.1deg,,,,camera_sign_turn_right,camera_sign_turn_left,False,False,0.28,0.28,red,green,green,136.07759397069307,125.8,3.141592653589793,134.01176553807088,125.82264967626924,3.1414915997895423
56.25456346299961,55824000000,inner_middle_cross_reverse,2.8870737023856834,5.461513532244725,0.5286215415086729,route/left from camera_sign_turn_left: inner_middle_cross_reverse delta=+92.1deg,,,,camera_sign_turn_right,camera_sign_turn_left,False,False,0.28,0.28,red,green,green,134.87220332550865,125.8,3.141592653589793,132.81915102595983,125.82271583844962,3.1414441990820485
56.35302422899986,55925000000,inner_middle_cross_reverse,2.915325638067996,5.461513532244725,0.5337944547525042,route/left from camera_sign_turn_left: inner_middle_cross_reverse delta=+92.1deg,,,,camera_sign_turn_right,camera_sign_turn_left,False,False,0.28,0.28,red,green,green,133.6667874030633,125.8,3.141592653589793,131.62649690562853,125.82276536737724,3.1414007764719156
56.4542652250002,56027000000,inner_middle_cross_reverse,2.943857609656452,5.461513532244725,0.5390186424103766,route/left from camera_sign_turn_left: inner_middle_cross_reverse delta=+92.1deg,,,,camera_sign_turn_right,camera_sign_turn_left,False,False,0.28,0.28,green,green,green,132.44942328195586,125.8,3.141592653589793,130.43380445704756,125.82279526566543,3.141358025337678
56.55388508999931,56127000000,inner_middle_cross_reverse,2.9718301992854075,5.461513532244725,0.5441404075518169,route/left from camera_sign_turn_left: inner_middle_cross_reverse delta=+92.1deg,,,,camera_sign_turn_right,camera_sign_turn_left,False,False,0.28,0.28,green,green,green,131.25592612445374,125.8,3.141592653589793,129.24107504114582,125.82278567807262,3.1413124006328994
56.75467371400009,56324000000,inner_middle_cross_reverse,3.026936415029403,5.461513532244725,0.5542303240957656,route/left from camera_sign_turn_left: inner_middle_cross_reverse delta=+92.1deg,,,,camera_sign_turn_right,camera_sign_turn_left,False,False,0.28,0.28,green,green,green,128.90472758604326,125.8,3.141592653589793,126.8555023712563,125.82259675728857,3.141205301049034
56.85493101300017,56427000000,inner_middle_cross_reverse,3.0557493218139813,5.461513532244725,0.5595059508271591,route/left from camera_sign_turn_left: inner_middle_cross_reverse delta=+92.1deg,,,,camera_sign_turn_right,camera_sign_turn_left,False,False,0.28,0.28,green,green,green,127.67537689656793,125.8,3.141592653589793,125.6626369953789,125.82243215428144,3.141148497071558
57.05651999699967,56627000000,inner_middle_cross_reverse,3.11169977297944,5.461513532244725,0.5697504463932925,route/left from camera_sign_turn_left: inner_middle_cross_reverse delta=+92.1deg,,,,camera_sign_turn_right,camera_sign_turn_left,False,False,0.28,0.28,green,green,green,125.2881576468417,125.8,3.141592653589793,123.2766912147015,125.82204264729745,3.141044687087181
57.15750444399964,56727000000,inner_middle_cross_reverse,3.139676168449668,5.461513532244725,0.5748729083820903,route/left from camera_sign_turn_left: inner_middle_cross_reverse delta=+92.1deg,,,,camera_sign_turn_right,camera_sign_turn_left,False,False,0.28,0.28,green,green,green,124.09449810677863,125.8,3.141592653589793,122.08360953846454,125.82182721553036,3.1409914701924686
57.35865762499998,56928000000,inner_middle_cross_reverse,3.1959153008740353,5.461513532244725,0.585170261321405,route/left from camera_sign_turn_left: inner_middle_cross_reverse delta=+92.1deg,,,,camera_sign_turn_right,camera_sign_turn_left,False,False,0.28,0.28,green,green,green,121.69496179000562,125.8,3.141592653589793,119.69732313112107,125.8213429099551,3.1408231863835696
57.45925147399976,57031000000,inner_middle_cross_reverse,3.224714175195977,5.461513532244725,0.5904433187169261,route/left from camera_sign_turn_left: inner_middle_cross_reverse delta=+92.1deg,,,,camera_sign_turn_right,camera_sign_turn_left,False,False,0.28,0.28,green,green,green,120.46620981893612,125.8,3.141592653589793,118.5043514425205,125.82094951586282,3.1406062950024336
57.661652963999586,57232000000,inner_middle_cross_reverse,3.2808602779392535,5.461513532244725,0.6007236379749102,route/left from camera_sign_turn_left: inner_middle_cross_reverse delta=+92.1deg,,,,camera_sign_turn_right,camera_sign_turn_left,False,False,0.28,0.28,green,green,green,118.07064276855631,125.8,3.141592653589793,115.87887120790018,125.81937593218164,3.1401621321047513
57.862214605999725,57430000000,inner_middle_cross_reverse,3.3362411634352425,5.461513532244725,0.6108638463931483,route/left from camera_sign_turn_left: inner_middle_cross_reverse delta=+92.1deg,,,,camera_sign_turn_right,camera_sign_turn_left,False,False,0.28,0.28,green,green,green,115.70772498739412,125.8,3.141592653589793,113.72932068931917,125.81699736111305,3.1398759659555764
57.96230254999955,57531000000,inner_middle_cross_reverse,3.3645205974573753,5.461513532244725,0.6160417945672527,route/left from camera_sign_turn_left: inner_middle_cross_reverse delta=+92.1deg,,,,camera_sign_turn_right,camera_sign_turn_left,False,False,0.28,0.28,green,green,green,114.50113580244978,125.8,3.141592653589793,112.53549447623544,125.8152897348555,3.139781106670789
58.16359573199952,57732000000,inner_middle_cross_reverse,3.4207554198167003,5.461513532244725,0.6263383583361265,route/left from camera_sign_turn_left: inner_middle_cross_reverse delta=+92.1deg,,,,camera_sign_turn_right,camera_sign_turn_left,False,False,0.28,0.28,green,green,green,112.10178338178525,125.8,3.141592653589793,110.14767477641911,125.8111486397923,3.1398202568531084
58.264070307999646,57834000000,inner_middle_cross_reverse,3.4492895424472167,5.461513532244725,0.6315629398485683,route/left from camera_sign_turn_left: inner_middle_cross_reverse delta=+92.1deg,,,,camera_sign_turn_right,camera_sign_turn_left,False,False,0.28,0.28,green,green,green,110.88432748288322,125.8,3.141592653589793,108.71484237725308,125.8085017716665,3.1399752976650603
58.46506030299952,58033000000,inner_middle_cross_reverse,3.5049563521277887,5.461513532244725,0.6417555008212575,route/left from camera_sign_turn_left: inner_middle_cross_reverse delta=+92.1deg,,,,camera_sign_turn_right,camera_sign_turn_left,False,False,0.28,0.28,green,green,green,108.50921026984548,125.8,3.141592653589793,106.32709728395159,125.80444720420682,3.140296296521967
58.57017776700013,58135000000,inner_middle_cross_reverse,3.53350409667089,5.461513532244725,0.6469825764980925,route/left from camera_sign_turn_left: inner_middle_cross_reverse delta=+92.1deg,,,,camera_sign_turn_right,camera_sign_turn_left,False,False,0.28,0.28,green,green,green,107.29117316933981,125.8,3.141592653589793,105.13331053566121,125.80274832473758,3.1404455456180593
58.6671560069999,58236000000,inner_middle_cross_reverse,3.5617711390409608,5.461513532244725,0.6521582557678008,route/left from camera_sign_turn_left: inner_middle_cross_reverse delta=+92.1deg,,,,camera_sign_turn_right,camera_sign_turn_left,False,False,0.28,0.28,green,green,green,106.08511269488345,125.8,3.141592653589793,103.93926711977792,125.80120258699708,3.1406216022736224
58.76743598199937,58337000000,inner_middle_cross_reverse,3.5900349578618664,5.461513532244725,0.6573333448075032,route/left from camera_sign_turn_left: inner_middle_cross_reverse delta=+92.1deg,,,,camera_sign_turn_right,camera_sign_turn_left,False,False,0.28,0.28,green,green,green,104.87918975852483,125.8,3.141592653589793,102.74523185266933,125.79987256087998,3.14078521824373
58.868113075999645,58439000000,inner_middle_cross_reverse,3.618588257069436,5.461513532244725,0.6625614375402211,route/left from camera_sign_turn_left: inner_middle_cross_reverse delta=+92.1deg,,,,camera_sign_turn_right,camera_sign_turn_left,False,False,0.28,0.28,green,yellow,yellow,103.66091565900187,125.8,3.141592653589793,101.55126962962983,125.7987564713758,3.140920365186865
59.06938078599978,58639000000,inner_middle_cross_reverse,3.6745234800780846,5.461513532244725,0.6728031448395637,route/left from camera_sign_turn_left: inner_middle_cross_reverse delta=+92.1deg,,,,camera_sign_turn_right,camera_sign_turn_left,False,False,0.28,0.28,green,,,101.27434614396618,125.8,3.141592653589793,99.16341118707751,125.79705431871508,3.1411720876326474
59.16925351000009,58739000000,inner_middle_cross_reverse,3.702508591006339,5.461513532244725,0.6779272026237347,route/left from camera_sign_turn_left: inner_middle_cross_reverse delta=+92.1deg,,,,camera_sign_turn_right,camera_sign_turn_left,False,False,0.28,0.28,green,,,100.08031474436068,125.8,3.141592653589793,97.96942503400471,125.79631930716317,3.1412877999073583
59.27072780399976,58839000000,inner_middle_cross_reverse,3.7304977491776197,5.461513532244725,0.6830520014557862,route/left from camera_sign_turn_left: inner_middle_cross_reverse delta=+92.1deg,,,,camera_sign_turn_right,camera_sign_turn_left,False,False,0.28,0.28,green,,,98.88611066238603,125.8,3.141592653589793,96.77543645785408,125.79576951053001,3.14138746014705
59.370560646999365,58941000000,inner_middle_cross_reverse,3.7589405675329246,5.461513532244725,0.6882598652077258,route/left from camera_sign_turn_left: inner_middle_cross_reverse delta=+92.1deg,,,,camera_sign_turn_right,camera_sign_turn_left,False,False,0.28,0.28,green,,,97.67255041255969,125.8,3.141592653589793,95.5817968755512,125.79545967370575,3.1414481177807034
59.57180005000009,59137000000,inner_middle_cross_reverse,3.8138057620172545,5.461513532244725,0.6983056508970601,route/left from camera_sign_turn_left: inner_middle_cross_reverse delta=+92.1deg,,,,camera_sign_turn_right,camera_sign_turn_left,False,False,0.28,0.28,green,,,95.33163544789494,125.8,3.141592653589793,93.19426581230766,125.79505577710896,3.1415781272838412
59.67240829399998,59239000000,inner_middle_cross_reverse,3.8423506671561403,5.461513532244725,0.7035322066806093,route/left from camera_sign_turn_left: inner_middle_cross_reverse delta=+92.1deg,,,,camera_sign_turn_right,camera_sign_turn_left,False,False,0.28,0.28,green,,,94.11371949530249,125.8,3.141592653589793,92.00045692476661,125.79501734941458,-3.141542362643898
59.77364834799937,59342000000,inner_middle_cross_reverse,3.8711786397091825,5.461513532244725,0.7088105919455807,route/left from camera_sign_turn_left: inner_middle_cross_reverse delta=+92.1deg,,,,camera_sign_turn_right,camera_sign_turn_left,False,False,0.28,0.28,green,,,92.883725999706,125.8,3.141592653589793,90.80640689332165,125.79507125371461,-3.141482407239851
59.97508753999955,59540000000,inner_middle_cross_reverse,3.9265902264667107,5.461513532244725,0.7189564217472243,route/left from camera_sign_turn_left: inner_middle_cross_reverse delta=+92.1deg,,,,camera_sign_turn_right,camera_sign_turn_left,False,False,0.28,0.28,green,,,90.51949829805147,125.8,3.141592653589793,88.41842922811264,125.79529933398693,-3.1413744154245498
60.07549662099973,59641000000,inner_middle_cross_reverse,3.954864585803581,5.461513532244725,0.7241334407493633,route/left from camera_sign_turn_left: inner_middle_cross_reverse delta=+92.1deg,,,,camera_sign_turn_right,camera_sign_turn_left,False,False,0.28,0.28,green,green,green,89.31312563301168,125.8,3.141592653589793,87.22407926049013,125.79542508970562,-3.141327132166923
60.174964299999374,59742000000,inner_middle_cross_reverse,3.983139780525692,5.461513532244725,0.7293106127100615,route/left from camera_sign_turn_left: inner_middle_cross_reverse delta=+92.1deg,,,,camera_sign_speed_limit,camera_sign_speed_limit,False,False,0.28,0.28,green,green,green,88.10671732486827,125.8,3.141592653589793,86.02967756534244,125.79561949762146,-3.141285151970064
60.275361807999616,59843000000,inner_middle_cross_reverse,4.011414803671937,5.461513532244725,0.7344877532553168,route/left from camera_sign_turn_left: inner_middle_cross_reverse delta=+92.1deg,,,,camera_sign_turn_right,camera_sign_speed_limit,False,False,0.28,0.28,green,green,green,86.90031633729515,125.8,3.141592653589793,84.83522453100912,125.79586869663498,-3.1412450164687504
60.383893253999304,59946000000,inner_middle_cross_reverse,4.040249903003427,5.461513532244725,0.7397674434293404,route/left from camera_sign_turn_left: inner_middle_cross_reverse delta=+92.1deg,,,,camera_sign_turn_right,camera_sign_speed_limit,False,False,0.28,0.28,green,green,green,85.67001876581824,125.8,3.141592653589793,83.40213991869848,125.79638246597996,-3.1411232748546674
60.57731744600005,60143000000,inner_middle_cross_reverse,4.095395260918282,5.461513532244725,0.7498645268823573,route/left from camera_sign_turn_left: inner_middle_cross_reverse delta=+92.1deg,,,,camera_sign_turn_right,camera_sign_speed_limit,False,False,0.28,0.28,green,,,83.31715016145108,125.8,3.141592653589793,81.25282407778539,125.79753008514864,-3.140840227951158
60.677806663999945,60243000000,inner_middle_cross_reverse,4.123383709076548,5.461513532244725,0.7549891957114322,route/left from camera_sign_turn_left: inner_middle_cross_reverse delta=+92.1deg,,,,camera_sign_turn_right,camera_sign_speed_limit,False,False,0.28,0.28,green,,,82.12297637336508,125.8,3.141592653589793,80.0590958677997,125.79823319147785,-3.140666876501426
60.77883799099982,60345000000,inner_middle_cross_reverse,4.151929206830395,5.461513532244725,0.7602158600024413,route/left from camera_sign_turn_left: inner_middle_cross_reverse delta=+92.1deg,,,,camera_sign_turn_right,camera_sign_speed_limit,False,False,0.28,0.28,green,,,80.90503513586762,125.8,3.141592653589793,78.86561753095157,125.79899556634183,-3.140483831809008
60.98425131299973,60543000000,inner_middle_cross_reverse,4.20733590285787,5.461513532244725,0.7703607943142131,route/left from camera_sign_turn_left: inner_middle_cross_reverse delta=+92.1deg,,,,camera_sign_turn_right,camera_sign_speed_limit,False,False,0.28,0.28,green,,,78.54101610536202,125.8,3.141592653589793,76.47926953356048,125.80106978630593,-3.1401483017793375
61.18090385799951,60740000000,inner_middle_cross_reverse,4.262452038288019,5.461513532244725,0.7804525271470155,route/left from camera_sign_turn_left: inner_middle_cross_reverse delta=+92.1deg,,,,camera_sign_turn_right,camera_sign_speed_limit,False,False,0.28,0.28,green,,,76.18939432700901,125.8,3.141592653589793,74.09347944937593,125.80470870478993,-3.1400991094981325
61.28180267300013,60841000000,inner_middle_cross_reverse,4.290705275603527,5.461513532244725,0.7856256787191395,route/left from camera_sign_turn_left: inner_middle_cross_reverse delta=+92.1deg,,,,,camera_sign_speed_limit,False,False,0.28,0.28,green,,,74.983922868214,125.8,3.141592653589793,72.90076692605868,125.80681087005185,-3.1401690670511617
61.483338443999855,61041000000,inner_middle_cross_reverse,4.346646851272685,5.461513532244725,0.7958685491869831,route/left from camera_sign_turn_left: inner_middle_cross_reverse delta=+92.1deg,,,,,camera_sign_speed_limit,False,False,0.28,0.28,yellow,,,72.5970823063299,125.8,3.141592653589793,70.51558416685177,125.81090407645036,-3.1404147742316573
61.58303087999957,61142000000,inner_middle_cross_reverse,4.374896437845339,5.461513532244725,0.8010410323101813,route/left from camera_sign_turn_left: inner_middle_cross_reverse delta=+92.1deg,,,,,camera_sign_speed_limit,False,False,0.28,0.28,yellow,,,71.39176661256332,125.8,3.141592653589793,69.32304898335931,125.81278932282707,-3.1405657774049187
61.68333759500001,61243000000,inner_middle_cross_reverse,4.403146092540197,5.461513532244725,0.806213527906516,route/left from camera_sign_turn_left: inner_middle_cross_reverse delta=+92.1deg,,,,,camera_sign_speed_limit,False,False,0.28,0.28,yellow,,,70.18644801224937,125.8,3.141592653589793,68.13051686603077,125.81454447973019,-3.140722710103008
61.783860668999296,61343000000,inner_middle_cross_reverse,4.431116247857544,5.461513532244725,0.8113348473268948,route/left from camera_sign_turn_left: inner_middle_cross_reverse delta=+92.1deg,,,,,camera_sign_speed_limit,False,False,0.28,0.28,yellow,,,68.99305471870926,125.8,3.141592653589793,66.9379783153176,125.81614411926768,-3.1408782448499926
61.88691619600013,61444000000,inner_middle_cross_reverse,4.459366240385445,5.461513532244725,0.8165074047802662,route/left from camera_sign_turn_left: inner_middle_cross_reverse delta=+92.1deg,,,,,camera_sign_speed_limit,False,False,0.28,0.28,yellow,,,67.78772170418549,125.8,3.141592653589793,65.74542965232723,125.8175505326233,-3.141027701729226
61.984652628999356,61549000000,inner_middle_cross_reverse,4.488735175612404,5.461513532244725,0.8218848400010278,route/left from camera_sign_turn_left: inner_middle_cross_reverse delta=+92.1deg,,,,,camera_sign_speed_limit,False,False,0.28,0.28,yellow,,,66.53464713450191,125.8,3.141592653589793,64.55287001630492,125.8187237746506,-3.141166796584208
62.08490515199992,61654000000,inner_middle_cross_reverse,4.518104377921227,5.461513532244725,0.8272623241243258,route/left from camera_sign_turn_left: inner_middle_cross_reverse delta=+92.1deg,,,,,camera_sign_speed_limit,False,False,0.28,0.28,yellow,,,65.28156116932544,125.8,3.141592653589793,63.121779647187935,125.81979932189789,-3.1413125781943476
62.18519471499985,61754000000,inner_middle_cross_reverse,4.5460753324788,5.461513532244725,0.8323837898851324,route/left from camera_sign_turn_left: inner_middle_cross_reverse delta=+92.1deg,,,,,camera_sign_speed_limit,False,False,0.28,0.28,yellow,,,64.088133774869,125.8,3.141592653589793,61.92919667522199,125.82047662299941,-3.141421203769224
62.28926303699973,61856000000,inner_middle_cross_reverse,4.574606401393877,5.461513532244725,0.837607812264026,route/left from camera_sign_turn_left: inner_middle_cross_reverse delta=+92.1deg,,,,,camera_sign_speed_limit,False,False,0.28,0.28,yellow,,,62.8708081678257,125.8,3.141592653589793,60.736591400772184,125.82098726926141,-3.1415116147412685
62.38614705300006,61957000000,inner_middle_cross_reverse,4.602858309788263,5.461513532244725,0.8427807205114536,route/left from camera_sign_turn_left: inner_middle_cross_reverse delta=+92.1deg,,,,,camera_sign_speed_limit,False,False,0.28,0.28,yellow,,,61.66539340966524,125.8,3.141592653589793,59.54396331565721,125.82136367257803,-3.1415806956520806
62.587303254999824,62155000000,inner_middle_cross_reverse,4.658243187067672,5.461513532244725,0.8529216598229498,route/left from camera_sign_turn_left: inner_middle_cross_reverse delta=+92.1deg,,,,,camera_sign_speed_limit,False,False,0.28,0.28,red,,,59.302305312410454,125.8,3.141592653589793,57.15868745855373,125.82177989907103,3.1415191482782934
62.89899048499956,62355000000,inner_middle_cross_reverse,4.713644494433031,5.461513532244725,0.863065607473774,route/left from camera_sign_turn_left: inner_middle_cross_reverse delta=+92.1deg,,,,,camera_sign_speed_limit,False,False,0.28,0.28,red,,,56.93851619815514,125.8,3.141592653589793,53.616642993718386,125.7818320040877,-3.1247141334017026
62.988252999,62555000000,inner_middle_cross_reverse,4.766183474146953,5.461513532244725,0.8726854645708465,route/left from camera_sign_turn_left: inner_middle_cross_reverse delta=+92.1deg,,,,,camera_sign_speed_limit,False,False,0.28,0.28,red,,,54.69685306369449,125.8,3.141592653589793,52.521474984556775,125.68313996934705,-3.0855569000106366
63.091826377999496,62658000000,inner_middle_cross_reverse,4.791420111479041,5.461513532244725,0.8773062784135828,route/left from camera_sign_turn_left: inner_middle_cross_reverse delta=+92.1deg,,,,,camera_sign_speed_limit,False,False,0.28,0.28,red,,,53.620089870858735,125.8,3.141592653589793,51.47613994923758,125.5650297001699,-3.025117708553857
63.29102675200011,62856000000,inner_middle_cross_reverse,4.839130508849023,5.461513532244725,0.8860420248487607,route/left from camera_sign_turn_left: inner_middle_cross_reverse delta=+92.1deg,,,,,camera_sign_speed_limit,False,False,0.28,0.28,red,,,51.58444624973947,125.8,3.141592653589793,49.41871969507251,125.45779134407987,-2.882612803726135
63.390518528999564,62957000000,inner_middle_cross_reverse,4.8632258363989465,5.461513532244725,0.8904538655239993,route/left from camera_sign_turn_left: inner_middle_cross_reverse delta=+92.1deg,,,,,camera_sign_speed_limit,False,False,0.28,0.28,red,,,50.55637894094275,125.8,3.141592653589793,48.40409164967184,125.484101974666,-2.802154791959138
63.49000621699997,63058000000,inner_middle_cross_reverse,4.887328201494659,5.461513532244725,0.8948669947698416,route/left from camera_sign_turn_left: inner_middle_cross_reverse delta=+92.1deg,,,,,camera_sign_speed_limit,False,False,0.28,0.28,red,,,49.528011363525664,125.8,3.141592653589793,47.39549935424884,125.60562079994436,-2.724553478014428
63.58991083699948,63158000000,inner_middle_cross_reverse,4.911382830372078,5.461513532244725,0.8992713835414524,route/left from camera_sign_turn_left: inner_middle_cross_reverse delta=+92.1deg,,,,,camera_sign_speed_limit,False,False,0.28,0.28,red,yellow,yellow,48.50168053142245,125.8,3.141592653589793,46.39183386571324,125.81819590029986,-2.6509241114174737
63.690591587999734,63258000000,inner_middle_cross_reverse,4.9355553106198355,5.461513532244725,0.9036973508314798,route/left from camera_sign_turn_left: inner_middle_cross_reverse delta=+92.1deg,,,,,camera_sign_speed_limit,False,False,0.28,0.28,red,green,green,47.47032137418482,125.8,-2.9321555037569405,45.40531540548125,126.12325067273123,-2.5828616654963126
63.79119732900017,63361000000,inner_middle_cross_reverse,4.960878856705807,5.461513532244725,0.9083340776172804,route/left from camera_sign_turn_left: inner_middle_cross_reverse delta=+92.1deg,,,,,camera_sign_speed_limit,False,False,0.28,0.28,red,green,green,46.3898500745167,125.8,-2.672152157793555,44.44105599305483,126.51922459325668,-2.522015782249217
63.893464537,63462000000,inner_middle_cross_reverse,4.9860684637764345,5.461513532244725,0.912946280246077,route/left from camera_sign_turn_left: inner_middle_cross_reverse delta=+92.1deg,,,,,camera_sign_speed_limit,False,False,0.28,0.28,red,green,green,45.31509350616993,125.8,-2.4231828654379126,43.49928196632672,127.00277087101588,-2.4686727388841763
64.09328345299946,63660000000,inner_middle_cross_reverse,5.0366992562521515,5.461513532244725,0.9222167493526339,route/left from camera_sign_turn_left: inner_middle_cross_reverse delta=+92.1deg,,,,,camera_sign_speed_limit,False,False,0.28,0.28,red,green,green,43.69527934920633,127.10472065079368,-2.3561944901923444,41.688649939239596,128.20549333300187,-2.38520669525005
64.19355676699979,63761000000,inner_middle_cross_reverse,5.0634211196205445,5.461513532244725,0.9271095072320436,route/left from camera_sign_turn_left: inner_middle_cross_reverse delta=+92.1deg,,,,,camera_sign_speed_limit,False,False,0.28,0.28,red,green,green,42.88908368867379,127.9109163113262,-2.3561944901923426,40.820922746303964,128.90462152219203,-2.354296836433446
64.29505065499961,63861000000,inner_middle_cross_reverse,5.090282682612262,5.461513532244725,0.9320278440324794,route/left from camera_sign_turn_left: inner_middle_cross_reverse delta=+92.1deg,,,,,camera_sign_speed_limit,False,False,0.28,0.28,red,green,green,42.078673305966035,128.72132669403396,-2.356194490192342,39.97495003537911,129.6647849008353,-2.33188036912703
64.39531301599982,63962000000,inner_middle_cross_reverse,5.116498903817049,5.461513532244725,0.936828019121309,route/left from camera_sign_turn_left: inner_middle_cross_reverse delta=+92.1deg,,,,,camera_sign_speed_limit,False,False,0.28,0.28,red,green,green,41.287732813550406,129.51226718644958,-2.3561944901923426,39.144969615378855,130.40761666515616,-2.3005738930888406
64.5957461019998,64162000000,inner_middle_cross_reverse,5.166086594984589,5.461513532244725,0.9459074969757123,route/left from camera_sign_turn_left: inner_middle_cross_reverse delta=+92.1deg,,,,,camera_sign_speed_limit,False,False,0.28,0.28,red,green,green,39.79167765886446,131.00832234113554,-2.356194490192342,37.544737726170794,131.83615334919946,-2.202109560078434
64.69659359399975,64263000000,inner_middle_cross_reverse,5.191020737842918,5.461513532244725,0.9504729242535389,route/left from camera_sign_turn_left: inner_middle_cross_reverse delta=+92.1deg,,,,,camera_sign_speed_limit,False,False,0.28,0.28,red,green,green,39.03941732827464,131.76058267172536,-2.356194490192346,36.78994371088345,132.54899050329007,-2.1372805452791654
64.79768607799997,64364000000,inner_middle_cross_reverse,5.2152856614517455,5.461513532244725,0.9549158178700369,route/left from camera_sign_turn_left: inner_middle_cross_reverse delta=+92.1deg,,,,camera_sign_turn_left,camera_sign_speed_limit,False,False,0.28,0.28,red,green,green,38.30734726838023,132.49265273161976,-2.356194490192342,36.07194192238235,133.29221334139066,-2.0662816966405946
64.89779386999999,64465000000,inner_middle_cross_reverse,5.240327851887345,5.461513532244725,0.959501028597384,route/left from camera_sign_turn_left: inner_middle_cross_reverse delta=+92.1deg,,,,camera_sign_turn_right,camera_sign_speed_limit,False,False,0.28,0.28,red,green,green,37.55182715434172,133.24817284565827,-2.3561944901923466,35.41430178207922,134.07661774945637,-1.9956074272108155
65.09828832599942,64666000000,inner_middle_cross_reverse,5.289306895057288,5.461513532244725,0.9684690633519938,route/left from camera_sign_turn_left: inner_middle_cross_reverse delta=+92.1deg,,,,camera_sign_turn_right,camera_sign_speed_limit,False,False,0.28,0.28,red,green,green,36.074134842384595,134.7258651576154,-2.356194490192342,34.27425452437829,135.7959298644211,-1.8570734417297516
65.29981557599967,64869000000,inner_middle_cross_reverse,5.339231318408345,5.461513532244725,0.977610196676356,route/left from camera_sign_turn_left: inner_middle_cross_reverse delta=+92.1deg,,,,camera_sign_turn_right,camera_sign_speed_limit,False,False,0.28,0.28,red,green,green,34.567920514987875,136.23207948501212,-2.086816862115159,33.41136560580935,137.7181867153372,-1.7356489671768949
65.51411362899944,65069000000,inner_middle_cross_reverse,5.390185355227381,5.461513532244725,0.9869398516370557,route/left from camera_sign_turn_left: inner_middle_cross_reverse delta=+92.1deg,,,,camera_sign_turn_right,camera_sign_speed_limit,False,False,0.28,0.28,red,red,red,33.03064286320894,137.76935713679106,-1.5769823008427062,32.80461254082917,140.0189549315518,-1.6324786023516829
65.6014908699999,65170000000,inner_middle_cross_reverse,5.416390137683605,5.461513532244725,0.9917379322975743,route/left from camera_sign_turn_left: inner_middle_cross_reverse delta=+92.1deg,,,,camera_sign_turn_right,camera_sign_speed_limit,False,False,0.28,0.28,red,red,red,33.0,138.87473516539222,-1.55947539098288,32.666418612964875,140.89440565151253,-1.6040056949739003
65.80258292100007,65367000000,outer_left_lower_to_mid_reverse,0.007159780525376688,1.8052961635923481,0.003965986672862298,route/default: outer_left_lower_to_mid_reverse,,,,camera_sign_turn_right,camera_sign_speed_limit,False,False,0.28,0.28,red,red,red,33.00793197334572,141.10538097381038,-1.5448281395833408,32.47757076166191,143.14174093604987,-1.552096227897066
65.90321237199987,65470000000,outer_left_lower_to_mid_reverse,0.0348171199783001,1.8052961635923481,0.019286098691428957,route/default: outer_left_lower_to_mid_reverse,,,,camera_sign_turn_right,camera_sign_speed_limit,False,False,0.28,0.28,red,green,green,33.03857219738286,142.28502959924003,-1.5448281395833408,32.44634239419217,144.28837403895344,-1.5332918394853352
66.00394135999977,65573000000,outer_left_lower_to_mid_reverse,0.0629866534156281,1.8052961635923481,0.03488992813804652,route/default: outer_left_lower_to_mid_reverse,,,,camera_sign_turn_right,camera_sign_speed_limit,False,False,0.28,0.28,red,green,green,33.0697798562761,143.4865244666296,-1.5448281395833408,32.45067027285758,145.678957450919,-1.5153928177061824
66.10461874999964,65673000000,outer_left_lower_to_mid_reverse,0.09033951516631694,1.8052961635923481,0.050041382122338794,route/default: outer_left_lower_to_mid_reverse,,,,camera_sign_turn_right,camera_sign_speed_limit,False,False,0.28,0.28,red,green,green,33.100082764244675,144.6531864234201,-1.5448281395833408,32.48620679922344,146.84644507807963,-1.5048871249649554
66.20493839199935,65773000000,outer_left_lower_to_mid_reverse,0.1179235964032976,1.8052961635923481,0.06532091452996949,route/default: outer_left_lower_to_mid_reverse,,,,camera_sign_turn_right,camera_sign_speed_limit,False,False,0.28,0.28,red,green,green,33.13064182905994,145.82971041880765,-1.5448281395833408,32.54403587314518,148.02038440385448,-1.4978087274978376
66.40780938999978,65972000000,outer_left_lower_to_mid_reverse,0.1732687093738806,1.8052961635923481,0.09597799677870816,route/default: outer_left_lower_to_mid_reverse,,,,camera_sign_turn_right,camera_sign_speed_limit,False,False,0.28,0.28,red,green,green,33.191955993557414,148.19030575196052,-1.5448281395833408,32.70695001493961,150.3884287465262,-1.4925033252491693
66.50757379999959,66072000000,outer_left_lower_to_mid_reverse,0.2011708545080335,1.8052961635923481,0.11143371296359751,route/default: outer_left_lower_to_mid_reverse,,,,camera_sign_turn_right,camera_sign_speed_limit,False,False,0.28,0.28,red,green,green,33.22286742592719,149.380395898197,-1.5448281395833408,32.78306474325814,151.33754390167326,-1.493016587862456
66.6086736950001,66172000000,outer_left_lower_to_mid_reverse,0.22900128595020638,1.8052961635923481,0.1268497050891185,route/default: outer_left_lower_to_mid_reverse,,,,camera_sign_turn_right,camera_sign_speed_limit,False,False,0.28,0.28,red,green,green,33.25369941017823,150.56742729186212,-1.5448281395833352,32.90172309794413,152.75843367923682,-1.4958364771895198
66.72734389800007,66272000000,outer_left_lower_to_mid_reverse,0.2567904520419968,1.8052961635923481,0.14224283927519737,route/default: outer_left_lower_to_mid_reverse,,,,camera_sign_turn_right,camera_sign_speed_limit,False,False,0.28,0.28,red,green,green,33.28448567855038,151.7526986241902,-1.5448281395833352,33.00113644018457,153.93962354284002,-1.499558268593372
66.91271927099933,66465000000,outer_left_lower_to_mid_reverse,0.3103296413796194,1.8052961635923481,0.17189957395250666,route/default: outer_left_lower_to_mid_reverse,,,,camera_sign_turn_right,camera_sign_speed_limit,False,False,0.28,0.28,red,red,red,33.34379914790502,154.036267194343,-1.5448281395833408,33.173418320164274,156.0622432263757,-1.508077916653766
67.11050633800005,66665000000,outer_left_lower_to_mid_reverse,0.3657798241651218,1.8052961635923481,0.20261485707545,route/default: outer_left_lower_to_mid_reverse,,,,camera_sign_speed_limit,camera_sign_speed_limit,False,False,0.28,0.28,red,red,red,33.40522971415089,156.40134399480965,-1.5448281395833352,33.34535343450098,158.42009155549368,-1.5185977151883747
67.21054916499997,66766000000,outer_left_lower_to_mid_reverse,0.3937961739141841,1.8052961635923481,0.21813383413532073,route/default: outer_left_lower_to_mid_reverse,,,,camera_sign_speed_limit,camera_sign_speed_limit,False,False,0.28,0.28,red,red,red,33.436267668270645,157.59630522841968,-1.5448281395833408,33.42136247131964,159.6001974255654,-1.5236232152016862
67.3118058229993,66866000000,outer_left_lower_to_mid_reverse,0.4215529147075372,1.8052961635923481,0.23350900711420755,route/default: outer_left_lower_to_mid_reverse,,,,camera_sign_speed_limit,camera_sign_speed_limit,False,False,0.28,0.28,red,,,33.467018014228415,158.78019354779397,-1.5448281395833408,33.4904606683062,160.78143606685035,-1.528305789663487
67.51234343899978,67067000000,outer_left_lower_to_mid_reverse,0.47741275353176255,1.8052961635923481,0.2644512092585195,route/default: outer_left_lower_to_mid_reverse,,,,camera_sign_speed_limit,camera_sign_speed_limit,False,False,0.28,0.28,red,,,33.528902418517035,161.162743112906,-1.5448281395833408,33.60872219175877,163.14782074624597,-1.5362890356681955
67.7135172039998,67265000000,outer_left_lower_to_mid_reverse,0.5325366982438685,1.8052961635923481,0.29498578071765075,route/default: outer_left_lower_to_mid_reverse,,,,camera_sign_speed_limit,camera_sign_speed_limit,False,False,0.28,0.28,red,,,33.58997156143529,163.51390511525912,-1.5448281395833408,33.70364567843616,165.51948994975743,-1.5422003288038582
67.81419121499948,67365000000,outer_left_lower_to_mid_reverse,0.5604133563593501,1.8052961635923481,0.3104273789870505,route/default: outer_left_lower_to_mid_reverse,,,,camera_sign_speed_limit,camera_sign_speed_limit,False,False,0.28,0.28,red,,,33.6208547579741,164.7029081820029,-1.5448281395833408,33.74391777694461,166.70715809903066,-1.5443951803075113
68.01974374899964,67566000000,outer_left_lower_to_mid_reverse,0.6165110449530996,1.8052961635923481,0.34150133223919776,route/default: outer_left_lower_to_mid_reverse,,,,,camera_sign_speed_limit,False,False,0.28,0.28,red,,,33.683002664478394,167.09560258241822,-1.5448281395833408,33.813375205917865,169.08567436153697,-1.5474314882421365
68.11642369899982,67668000000,outer_left_lower_to_mid_reverse,0.6450071811822744,1.8052961635923481,0.35728607537656226,route/default: outer_left_lower_to_mid_reverse,,,,,camera_sign_speed_limit,False,False,0.28,0.28,red,,,33.71457215075311,168.3110278039953,-1.5448281395833408,33.844028863117444,170.2761281176131,-1.5484288623548887
68.31677876599952,67867000000,outer_left_lower_to_mid_reverse,0.7006479258206854,1.8052961635923481,0.3881069156134859,route/default: outer_left_lower_to_mid_reverse,,,,,camera_sign_speed_limit,False,False,0.28,0.28,red,,,33.77621383122697,170.68423250223842,-1.5448281395833352,33.89922676854752,172.65951628228063,-1.5492917311049588
68.51752283399946,68067000000,outer_left_lower_to_mid_reverse,0.7566094486368504,1.8052961635923481,0.41910544313752807,route/default: outer_left_lower_to_mid_reverse,,,,,camera_sign_speed_limit,False,False,0.28,0.28,red,,,33.838210886275064,173.07111912158967,-1.5448281395833408,33.950569516101396,175.0448311793875,-1.5492554661752391
68.61805562399968,68169000000,outer_left_lower_to_mid_reverse,0.7851605317260644,1.8052961635923481,0.43492062275459453,route/default: outer_left_lower_to_mid_reverse,,,,,camera_sign_speed_limit,False,False,0.28,0.28,red,,,33.86984124550919,174.28888795210378,-1.5448281395833408,33.97569016718727,176.23797734430846,-1.5490169483070464
68.71853022399955,68269000000,outer_left_lower_to_mid_reverse,0.8131562559791079,1.8052961635923481,0.45042817482147257,route/default: outer_left_lower_to_mid_reverse,,,,,camera_sign_speed_limit,False,False,0.28,0.28,red,,,33.900856349642936,175.4829694612534,-1.5448281395833352,34.000791622658895,177.43133644843263,-1.5486788345452789
68.81919190600001,68370000000,outer_left_lower_to_mid_reverse,0.8414345526229253,1.8052961635923481,0.46609225100692603,route/default: outer_left_lower_to_mid_reverse,,,,,camera_sign_speed_limit,False,False,0.28,0.28,red,,,33.932184502013854,176.6891033275333,-1.5448281395833408,34.02611463891289,178.6248197539309,-1.548278252558412
68.91933032799989,68471000000,outer_left_lower_to_mid_reverse,0.8697140618500179,1.8052961635923481,0.4817569988734585,route/default: outer_left_lower_to_mid_reverse,,,,,camera_sign_speed_limit,False,False,0.28,0.28,red,,,33.963513997746915,177.8952889132563,-1.5448281395833408,34.051834853467824,179.81836249703275,-1.5478415497425675
69.02093344999957,68573000000,outer_left_lower_to_mid_reverse,0.8982735670898803,1.8052961635923481,0.4975768437364931,route/default: outer_left_lower_to_mid_reverse,,,,,camera_sign_speed_limit,False,False,0.28,0.28,red,,,33.99515368747298,179.11341696770998,-1.5448281395833408,34.08338447130167,181.25061436236447,-1.5473007907858576
69.23141422299977,68769000000,outer_left_lower_to_mid_reverse,0.9531494486001951,1.8052961635923481,0.527974006604838,route/default: outer_left_lower_to_mid_reverse,,,,,camera_sign_speed_limit,False,False,0.28,0.28,red,,,34.05594801320967,181.4539985085725,-1.5448281395833408,34.137875644912796,183.6375191179372,-1.5464673931211557
69.32230026700017,68869000000,outer_left_lower_to_mid_reverse,0.9811446221938566,1.8052961635923481,0.5434812536473144,route/default: outer_left_lower_to_mid_reverse,,,,,camera_sign_speed_limit,False,False,0.28,0.28,red,,,34.08696250729463,182.6480565308432,-1.5448281395833408,34.1603240252125,184.59218842054412,-1.5461762816136584
69.4226556779995,68972000000,outer_left_lower_to_mid_reverse,1.0099788746991598,1.8052961635923481,0.5594532880906415,route/default: outer_left_lower_to_mid_reverse,,,,,camera_sign_speed_limit,False,False,0.28,0.28,red,,,34.11890657618129,183.8779031829794,-1.5448281395833408,34.19457849901046,186.0241125411135,-1.545775336730727
69.52405077499952,69072000000,outer_left_lower_to_mid_reverse,1.0379702355180571,1.8052961635923481,0.5749584231390634,route/default: outer_left_lower_to_mid_reverse,,,,,camera_sign_speed_limit,False,False,0.28,0.28,red,,,34.14991684627813,185.0717985817079,-1.5448281395833408,34.223702447796086,187.21726028314146,-1.5454902462496192
69.62296006999986,69173000000,outer_left_lower_to_mid_reverse,1.0662392321495195,1.8052961635923481,0.5906173478083598,route/default: outer_left_lower_to_mid_reverse,,,,,camera_sign_speed_limit,False,False,0.28,0.28,red,,,34.18123469561671,186.2775357812437,-1.5448281395833408,34.253310031271425,188.41029743214978,-1.5452479507033747
69.723486031,69276000000,outer_left_lower_to_mid_reverse,1.0950658584951574,1.8052961635923481,0.6065851579256072,route/default: outer_left_lower_to_mid_reverse,,,,,camera_sign_speed_limit,False,False,0.28,0.28,red,,,34.2131703158512,187.50705716027176,-1.5448281395833352,34.283338589011976,189.60323199547062,-1.545043152663692
69.82934159099932,69376000000,outer_left_lower_to_mid_reverse,1.123051220950112,1.8052961635923481,0.6220869703258877,route/default: outer_left_lower_to_mid_reverse,,,,,camera_sign_speed_limit,False,False,0.28,0.28,red,,,34.24417394065178,188.70069671509336,-1.544828139583341,34.313730528916835,190.7960778567969,-1.5448779211678347
70.02613240899973,69573000000,outer_left_lower_to_mid_reverse,1.1781776776068673,1.8052961635923481,0.6526229332157991,route/default: outer_left_lower_to_mid_reverse,,,,,camera_sign_speed_limit,False,False,0.28,0.28,red,,,34.305245866431605,191.05196585761652,-1.5448281395833408,34.37531734485752,193.18153874681397,-1.5446656631550173
70.12729923799998,69675000000,outer_left_lower_to_mid_reverse,1.206718110131689,1.8052961635923481,0.6684322132111818,route/default: outer_left_lower_to_mid_reverse,,,,,camera_sign_speed_limit,False,False,0.28,0.28,red,,,34.336864426422366,192.269280417261,-1.5448281395833408,34.40638606194972,194.37416835161923,-1.5446070259132105
70.22808488400005,69777000000,outer_left_lower_to_mid_reverse,1.2352573084416598,1.8052961635923481,0.6842408095431991,route/default: outer_left_lower_to_mid_reverse,,,,,camera_sign_speed_limit,False,False,0.28,0.28,red,,,34.36848161908641,193.4865423348263,-1.5448281395833408,34.43759355635477,195.56674484510847,-1.544569914876459
70.42806583999936,69974000000,outer_left_lower_to_mid_reverse,1.2903739877185294,1.8052961635923481,0.7147713564907943,route/default: outer_left_lower_to_mid_reverse,,,,,camera_sign_speed_limit,False,False,0.28,0.28,red,,,34.429542712981586,195.83739444979116,-1.5448281395833408,34.500336842824595,197.9517538499831,-1.544543548655789
70.53005127799952,70076000000,outer_left_lower_to_mid_reverse,1.3189106508286135,1.8052961635923481,0.7305785485103569,route/default: outer_left_lower_to_mid_reverse,,,,,camera_sign_speed_limit,False,False,0.28,0.28,green,,,34.46115709702072,197.0545482352975,-1.5448281395833408,34.53181094423421,199.14420700255732,-1.5445551003188775
70.62872272200002,70177000000,outer_left_lower_to_mid_reverse,1.3471672681627398,1.8052961635923481,0.7462306159683072,route/default: outer_left_lower_to_mid_reverse,,,,,camera_sign_speed_limit,False,False,0.28,0.28,green,,,34.492461231936616,198.25975742955967,-1.5448281395833408,34.5632849435314,200.33664567238543,-1.5445801236967471
70.73256771399974,70277000000,outer_left_lower_to_mid_reverse,1.3751438884823224,1.8052961635923481,0.7617275858748471,route/default: outer_left_lower_to_mid_reverse,,,,,camera_sign_speed_limit,False,False,0.28,0.28,green,,,34.52345517174969,199.4530241123632,-1.5448281395833408,34.59471985713169,201.52907474136032,-1.5446131377598709
70.92944636299944,70479000000,outer_left_lower_to_mid_reverse,1.4316559924748393,1.8052961635923481,0.7930310944803625,route/default: outer_left_lower_to_mid_reverse,,,,,camera_sign_speed_limit,False,False,0.28,0.28,green,,,34.586062188960724,201.8633942749879,-1.5448281395833408,34.657475756796416,203.91391607100599,-1.5446852634377208
71.13235785799952,70678000000,outer_left_lower_to_mid_reverse,1.4873284031353908,1.8052961635923481,0.8238694753417992,route/default: outer_left_lower_to_mid_reverse,,,,,camera_sign_speed_limit,False,False,0.28,0.28,green,,,34.6477389506836,204.23794960131852,-1.544828139583341,34.72013003679916,206.29874371424836,-1.5447458034230237
71.33139921600014,70876000000,outer_left_lower_to_mid_reverse,1.5405855138088975,1.8052961635923481,0.8533699593884339,route/default: outer_left_lower_to_mid_reverse,,,,,camera_sign_speed_limit,False,False,0.28,0.28,green,,,34.70673991877686,206.5094868729094,-1.5448281395833408,34.688336936578324,208.60828153735292,-1.5129659438285878
71.43196422499932,70979000000,outer_left_lower_to_mid_reverse,1.566647577483191,1.8052961635923481,0.8678064071026043,route/default: outer_left_lower_to_mid_reverse,,,,,camera_sign_speed_limit,False,False,0.28,0.28,green,,,34.7356128142052,207.62109334690052,-1.5448281395833408,34.60880863864112,209.68700894794563,-1.4640876326270507
71.6329960590001,71182000000,outer_left_lower_to_mid_reverse,1.6157102832115933,1.8052961635923481,0.8949835023171494,route/default: outer_left_lower_to_mid_reverse,,,,,camera_sign_speed_limit,False,False,0.28,0.28,green,,,34.789967004634306,209.71372967842052,-1.544828139583341,34.503246841192706,211.7653161229369,-1.3322196085369216
71.833986955,71384000000,outer_left_lower_to_mid_reverse,1.6615202574930916,1.8052961635923481,0.9203588258819774,route/default: outer_left_lower_to_mid_reverse,,,,,camera_sign_speed_limit,False,False,0.28,0.28,green,,,34.84071765176395,211.66762959291225,-1.5448281395833408,34.42650122322459,213.7114775152358,-1.1220474301347128
72.03505548999965,71584000000,outer_left_lower_to_mid_reverse,1.705256924735382,1.8052961635923481,0.9445856913261818,route/default: outer_left_lower_to_mid_reverse,,,,,camera_sign_speed_limit,False,False,0.28,0.28,green,green,green,34.889171382652364,213.533098232116,-1.544828139583341,34.579470056534376,215.57831254861594,-0.8575539584420387
72.23884731899943,71780000000,outer_left_lower_to_mid_reverse,1.7490657897206183,1.8052961635923481,0.9688525489580406,route/default: outer_left_lower_to_mid_reverse,,,,camera_sign_turn_right,camera_sign_speed_limit,False,False,0.28,0.28,green,green,green,34.93770509791608,215.40164626976912,-1.151904156361925,35.23732830771668,217.33070704422096,-0.6005308103794081
72.33656317899931,71884000000,outer_left_lower_to_mid_reverse,1.7722053534395215,1.8052961635923481,0.9816701487433621,route/default: outer_left_lower_to_mid_reverse,,,,camera_sign_turn_right,camera_sign_speed_limit,False,False,0.28,0.28,green,green,green,34.96334029748674,216.3886014532389,-0.8820695898413023,35.76510983912817,218.11793042284017,-0.48238475351296534
72.53807753299952,72083000000,outer_bottom_left_corner_reverse,0.012558515879537116,0.3709787607362388,0.03385238511933588,route/default: outer_bottom_left_corner_reverse,,,,camera_sign_turn_right,camera_sign_speed_limit,False,False,0.28,0.28,green,green,green,35.53583001086025,217.8,-0.6585114260453803,37.194578276762115,219.4257368551958,-0.2786427455205082
72.6418879769999,72183000000,outer_bottom_left_corner_reverse,0.03655663565410332,0.3709787607362388,0.09854104742156553,route/default: outer_bottom_left_corner_reverse,,,,,camera_sign_speed_limit,False,False,0.28,0.28,green,green,green,36.395802870797766,218.19580287079776,-0.5282642833971833,38.06710623546418,219.9235874624199,-0.19668220325269697
72.73914203499953,72286000000,outer_bottom_left_corner_reverse,0.0614090107008396,0.3709787607362388,0.16553241640833619,route/default: outer_bottom_left_corner_reverse,,,,,camera_sign_speed_limit,False,False,0.28,0.28,green,green,green,37.145596275561005,218.945596275561,-0.27233084082765646,39.01765603286536,220.3239278157081,-0.1251133763693725
72.8389841950002,72386000000,outer_bottom_left_corner_reverse,0.08608523045938724,0.3709787607362388,0.2320489461136368,route/default: outer_bottom_left_corner_reverse,,,,,camera_sign_speed_limit,False,False,0.28,0.28,green,green,green,37.8900750947746,219.6900750947746,-0.03262838127805014,40.0305054426903,220.62278239102665,-0.06587895360874009
73.04078619699976,72587000000,outer_bottom_left_corner_reverse,0.13788765021787985,0.3709787607362388,0.37168610392743273,route/default: outer_bottom_left_corner_reverse,,,,,camera_sign_speed_limit,False,False,0.28,0.28,green,green,green,40.05477928455002,219.8,0.0,42.180337742699564,220.9555212593553,0.019756998733043013
73.14144191800006,72688000000,outer_bottom_left_corner_reverse,0.16464526420902226,0.3709787607362388,0.44381318187130114,route/default: outer_bottom_left_corner_reverse,,,,,camera_sign_speed_limit,False,False,0.28,0.28,green,green,green,41.19643748150543,219.8,0.0,43.30061672844262,221.01458744260867,0.04864274163831259
73.24347061899971,72791000000,outer_bottom_left_corner_reverse,0.19249100807855335,0.3709787607362388,0.5188733923649392,route/default: outer_bottom_left_corner_reverse,,,,,camera_sign_speed_limit,False,False,0.28,0.28,green,green,green,42.38452255327208,219.8,0.0,44.673709536624656,221.01208067876127,0.0726809920283571
73.44291501999942,72991000000,outer_bottom_left_corner_reverse,0.24740688524519497,0.3709787607362388,0.6669030991267398,route/default: outer_bottom_left_corner_reverse,,,,,camera_sign_speed_limit,False,False,0.28,0.28,green,green,green,44.727599979048804,219.8,0.0,46.76909128024195,220.9001015039746,0.09157886396220823
73.54360055599955,73091000000,outer_bottom_left_corner_reverse,0.2753303839551963,0.3709787607362388,0.7421729033995904,route/default: outer_bottom_left_corner_reverse,,,,,camera_sign_speed_limit,False,False,0.28,0.28,green,green,green,45.91900259067552,219.8,0.0,47.951096387823114,220.7995998669399,0.09466620779588322
73.75825776500005,73291000000,outer_bottom_left_corner_reverse,0.3310100481462168,0.3709787607362388,0.892261453160551,route/default: outer_bottom_left_corner_reverse,,,,,camera_sign_speed_limit,False,False,0.28,0.28,green,green,green,48.294668262825724,219.8,0.0,50.552939703786734,220.54223466275,0.0906248338217897
73.84499386799962,73393000000,outer_bottom_left_corner_reverse,0.3589579140474554,0.3709787607362388,0.9675969409544444,route/default: outer_bottom_left_corner_reverse,,,,,camera_sign_speed_limit,False,False,0.28,0.28,green,green,green,49.48711054127857,219.8,0.0,51.72421291285325,220.41633894644622,0.08392032181112359
73.9475725909997,73493000000,outer_bottom_left_mid_to_bottom_left_reverse,0.015405708925833341,0.796875,0.019332654338300663,route/default: outer_bottom_left_mid_to_bottom_left_reverse,,,,,camera_sign_speed_limit,False,False,0.28,0.28,green,green,green,50.657310247502224,219.8,0.0,52.89061232122073,220.2932371075678,0.07506221408063432
74.15065737899931,73691000000,outer_bottom_left_mid_to_bottom_left_reverse,0.06984141470872787,0.796875,0.08764412826193302,route/default: outer_bottom_left_mid_to_bottom_left_reverse,,,,,camera_sign_speed_limit,False,False,0.28,0.28,green,green,green,52.97990036090572,219.8,0.0,55.222801080887635,220.07304943380024,0.055143869498608625
74.25246130199957,73794000000,outer_bottom_left_mid_to_bottom_left_reverse,0.09820167557197462,0.796875,0.123233475227576,route/default: outer_bottom_left_mid_to_bottom_left_reverse,,,,,camera_sign_speed_limit,False,False,0.28,0.28,green,green,green,54.189938157737586,219.8,0.0,56.39144415693431,219.980873859628,0.04530486148768323
74.34896848799963,73897000000,outer_bottom_left_mid_to_bottom_left_reverse,0.1264691844026348,0.796875,0.15870642748565936,route/default: outer_bottom_left_mid_to_bottom_left_reverse,,,,,camera_sign_speed_limit,False,False,0.28,0.28,green,green,green,55.39601853451242,219.8,0.0,57.5625858842282,219.90171383858046,0.03607619676998078
74.4488894770002,73997000000,outer_bottom_left_mid_to_bottom_left_reverse,0.15390800037645003,0.796875,0.19313945145280004,route/default: outer_bottom_left_mid_to_bottom_left_reverse,,,,,camera_sign_speed_limit,False,False,0.28,0.28,green,green,green,56.5667413493952,219.8,0.0,58.73596111794053,219.83553983036091,0.027624322073692115
74.64958422400014,74192000000,outer_bottom_left_mid_to_bottom_left_reverse,0.20770911470752385,0.796875,0.26065457531924563,route/default: outer_bottom_left_mid_to_bottom_left_reverse,,,,,camera_sign_speed_limit,False,False,0.28,0.28,green,green,green,58.86225556085435,219.8,0.0,60.85291431880087,219.74707927756054,0.014551971172689934
74.85042178299955,74390000000,outer_bottom_left_mid_to_bottom_left_reverse,0.26259140520079954,0.796875,0.32952646927159157,route/default: outer_bottom_left_mid_to_bottom_left_reverse,,,,,camera_sign_speed_limit,False,False,0.28,0.28,green,green,green,61.20389995523412,219.8,0.0,63.21469060356149,219.6887129087964,0.003390598924775892
74.95050641299986,74490000000,outer_bottom_left_mid_to_bottom_left_reverse,0.29038885608720433,0.796875,0.3644095448937466,route/default: outer_bottom_left_mid_to_bottom_left_reverse,,,,,camera_sign_speed_limit,False,False,0.28,0.28,green,green,green,62.38992452638739,219.8,0.0,64.3993179231453,219.67344094027465,-0.000573933798553034
75.05337759599934,74591000000,outer_bottom_left_mid_to_bottom_left_reverse,0.3185068628789255,0.796875,0.3996948867500241,route/default: outer_bottom_left_mid_to_bottom_left_reverse,,,,,camera_sign_speed_limit,False,False,0.28,0.28,green,green,green,63.589626149500816,219.8,0.0,65.82325894405864,219.66434595184478,-0.004203933564884342
75.15450908499952,74692000000,outer_bottom_left_mid_to_bottom_left_reverse,0.34666673283787597,0.796875,0.4350327627769424,route/default: outer_bottom_left_mid_to_bottom_left_reverse,,,,,camera_sign_speed_limit,False,False,0.28,0.28,green,green,green,64.79111393441605,219.8,0.0,67.01163454873941,219.66311425075895,-0.0063878066169443795
75.2517859009995,74792000000,outer_bottom_left_mid_to_bottom_left_reverse,0.3745793477462932,0.796875,0.47006035795613266,route/default: outer_bottom_left_mid_to_bottom_left_reverse,,,,,camera_sign_speed_limit,False,False,0.28,0.28,green,green,green,65.98205217050852,219.8,0.0,67.96345505017129,219.66568101557056,-0.007573145065303311
75.35288551299982,74895000000,outer_bottom_left_mid_to_bottom_left_reverse,0.4033481260998193,0.796875,0.5061623543213418,route/default: outer_bottom_left_mid_to_bottom_left_reverse,,,,,camera_sign_speed_limit,False,False,0.28,0.28,green,green,green,67.20952004692563,219.8,0.0,69.39234555377644,219.67217485023076,-0.00914004268698718
75.45389713899931,74996000000,outer_bottom_left_mid_to_bottom_left_reverse,0.43155241653897825,0.796875,0.5415559736959727,route/default: outer_bottom_left_mid_to_bottom_left_reverse,,,,,camera_sign_speed_limit,False,False,0.28,0.28,green,green,green,68.41290310566308,219.8,0.0,70.58407736731269,219.68022394006715,-0.010144023327321035
75.5551001849999,75098000000,outer_bottom_left_mid_to_bottom_left_reverse,0.4600788448760693,0.796875,0.5773538445503615,route/default: outer_bottom_left_mid_to_bottom_left_reverse,,,,,camera_sign_speed_limit,False,False,0.28,0.28,yellow,green,green,69.63003071471229,219.8,0.0,71.77747342813186,219.69106914606908,-0.010558720111234427
75.65449767100017,75199000000,outer_bottom_left_mid_to_bottom_left_reverse,0.48835605855172715,0.796875,0.6128389754374615,route/default: outer_bottom_left_mid_to_bottom_left_reverse,,,,,camera_sign_speed_limit,False,False,0.14,0.28,yellow,yellow,yellow,70.83652516487368,219.8,0.0,72.97120917635175,219.70385970884752,-0.010424007864828841
75.75584416999936,75299000000,outer_bottom_left_mid_to_bottom_left_reverse,0.5022970183736639,0.796875,0.6303335132532253,route/default: outer_bottom_left_mid_to_bottom_left_reverse,,,,,camera_sign_speed_limit,False,False,0.14,0.28,yellow,yellow,yellow,71.43133945060967,219.8,0.0,73.74593943707367,219.71016043088736,-0.010729287807236096
75.86055748799936,75400000000,outer_bottom_left_mid_to_bottom_left_reverse,0.5164138863882336,0.796875,0.6480487986048422,route/default: outer_bottom_left_mid_to_bottom_left_reverse,,,,,camera_sign_speed_limit,False,False,0.14,0.28,yellow,yellow,yellow,72.03365915256464,219.8,0.0,74.34079827286672,219.71769596690052,-0.01032525105143629
76.06159127599949,75601000000,outer_bottom_left_mid_to_bottom_left_reverse,0.544480097023173,0.796875,0.6832691413624132,route/default: outer_bottom_left_mid_to_bottom_left_reverse,,,,,camera_sign_speed_limit,False,False,0.14,0.28,yellow,yellow,yellow,73.23115080632206,219.8,0.0,75.53209028320069,219.73417767109885,-0.008786361533134904
76.2617725379996,75799000000,outer_bottom_left_mid_to_bottom_left_reverse,0.5720878593947398,0.796875,0.7179141764953598,route/default: outer_bottom_left_mid_to_bottom_left_reverse,,,,,camera_sign_speed_limit,False,False,0.14,0.28,yellow,yellow,yellow,74.40908200084223,219.8,0.0,76.72353487319302,219.7486948395126,-0.007288783156034355
76.45825594300004,75995000000,outer_bottom_left_mid_to_bottom_left_reverse,0.5993886233871427,0.796875,0.752173958760336,route/default: outer_bottom_left_mid_to_bottom_left_reverse,,,,,camera_sign_speed_limit,False,False,0.14,0.28,yellow,yellow,yellow,75.57391459785143,219.8,0.0,77.91586610760305,219.76099538152607,-0.0058474764747430885
76.56040683499941,76098000000,outer_bottom_left_mid_to_bottom_left_reverse,0.6137913559440867,0.796875,0.770247976086697,route/default: outer_bottom_left_mid_to_bottom_left_reverse,,,,,camera_sign_speed_limit,False,False,0.14,0.28,red,yellow,yellow,76.1884311869477,219.8,0.0,78.51191058956792,219.76621231616429,-0.005252825163079001
76.66032277900013,76202000000,outer_bottom_left_mid_to_bottom_left_reverse,0.6283189123839176,0.796875,0.7884786351484456,route/default: outer_bottom_left_mid_to_bottom_left_reverse,,,,camera_sign_speed_limit,camera_sign_speed_limit,False,False,0.14,0.28,red,red,red,76.80827359504715,219.8,0.0,79.10839595829711,219.77104271035336,-0.004628764396136186
76.76140064899937,76302000000,outer_bottom_left_mid_to_bottom_left_reverse,0.64230487756457,0.796875,0.8060296502771075,route/default: outer_bottom_left_mid_to_bottom_left_reverse,,,,camera_sign_speed_limit,camera_sign_speed_limit,False,False,0.14,0.28,red,red,red,77.40500810942166,219.8,0.0,79.70501363589261,219.77536576866692,-0.004045227518832328
76.86163033599951,76402000000,outer_bottom_left_mid_to_bottom_left_reverse,0.6562797895435672,0.796875,0.8235667947213393,route/default: outer_bottom_left_mid_to_bottom_left_reverse,,,,camera_sign_speed_limit,camera_sign_speed_limit,False,False,0.14,0.28,red,red,red,78.00127102052554,219.8,0.0,80.3016774208825,219.77909140199233,-0.0035273007503853196
76.96265816599953,76502000000,outer_bottom_left_mid_to_bottom_left_reverse,0.6702687102822134,0.796875,0.8411215187855227,route/default: outer_bottom_left_mid_to_bottom_left_reverse,,,,camera_sign_speed_limit,camera_sign_speed_limit,False,False,0.14,0.28,red,red,red,78.59813163870777,219.8,0.0,80.89829605198378,219.78230659348225,-0.0030892485255233767
77.06302381800015,76604000000,outer_bottom_left_mid_to_bottom_left_reverse,0.6844415058526139,0.796875,0.8589069877366134,route/default: outer_bottom_left_mid_to_bottom_left_reverse,,,,camera_sign_speed_limit,camera_sign_speed_limit,False,False,0.14,0.28,red,red,red,79.20283758304487,219.8,0.0,81.49442964030453,219.7848802385834,-0.0027931847650623323
77.26387462999992,76804000000,outer_bottom_left_mid_to_bottom_left_reverse,0.7124011802980537,0.796875,0.893993638021087,route/default: outer_bottom_left_mid_to_bottom_left_reverse,,,,camera_sign_speed_limit,camera_sign_speed_limit,False,False,0.14,0.28,red,red,red,80.39578369271695,219.8,0.0,82.68755124861408,219.78949694492314,-0.0021787895819155873
77.36454824500015,76906000000,outer_bottom_left_mid_to_bottom_left_reverse,0.7266779776825718,0.796875,0.9119096190526391,route/default: outer_bottom_left_mid_to_bottom_left_reverse,,,,camera_sign_speed_limit,camera_sign_speed_limit,False,False,0.14,0.28,red,red,red,81.00492704778972,219.8,0.0,83.28447740831189,219.7914244810683,-0.001870899141466304
77.56496231900019,77104000000,outer_bottom_left_mid_to_bottom_left_reverse,0.7543974527771393,0.796875,0.9466948427007239,route/default: outer_bottom_left_mid_to_bottom_left_reverse,,,,camera_sign_speed_limit,camera_sign_speed_limit,False,False,0.14,0.28,red,red,red,82.18762465182462,219.8,0.0,84.47843509902145,219.79441680653485,-0.0013877483581795588
77.6668325999999,77205000000,outer_bottom_left_mid_to_bottom_left_reverse,0.7685306261518254,0.796875,0.9644305896807222,route/default: outer_bottom_left_mid_to_bottom_left_reverse,,,,camera_sign_speed_limit,camera_sign_speed_limit,False,False,0.14,0.28,red,red,red,82.79064004914454,219.8,0.0,85.07541159545269,219.79553179422476,-0.0012153684162694066
77.76693202699971,77305000000,outer_bottom_left_mid_to_bottom_left_reverse,0.7825209689650814,0.796875,0.9819870983091218,route/default: outer_bottom_left_mid_to_bottom_left_reverse,,,,camera_sign_speed_limit,camera_sign_speed_limit,False,False,0.14,0.28,red,red,red,83.38756134251014,219.8,0.0,85.67234540493632,219.79644980365498,-0.0010753624428930515
77.86833924099938,77406000000,outer_bottom_left_mid_to_bottom_left_reverse,0.7966336068297855,0.796875,0.9996970752373778,route/default: outer_bottom_left_mid_to_bottom_left_reverse,,,,camera_sign_speed_limit,camera_sign_speed_limit,False,False,0.14,0.28,red,red,red,83.98970055807084,219.8,0.0,86.26928563803233,219.79725037094516,-0.0009539436194105422
77.96897446899948,77507000000,outer_bottom_mid_to_bottom_left_mid_reverse,0.013890502643746307,0.984375,0.01411098681269466,route/default: outer_bottom_mid_to_bottom_left_mid_reverse,,,,camera_sign_speed_limit,camera_sign_speed_limit,False,False,0.14,0.28,red,red,red,84.59266144613318,219.8,0.0,86.86623833319905,219.7979648124208,-0.000840482812562206
78.06928345799952,77607000000,outer_bottom_mid_to_bottom_left_mid_reverse,0.027884046080298,0.984375,0.028326649986334475,route/default: outer_bottom_mid_to_bottom_left_mid_reverse,,,,camera_sign_speed_limit,camera_sign_speed_limit,False,False,0.14,0.28,red,red,red,85.18971929942606,219.8,0.0,87.4631969959952,219.7985734430397,-0.000734495073786096
78.17079716599983,77707000000,outer_bottom_mid_to_bottom_left_mid_reverse,0.04187107711741369,0.984375,0.04253569738911867,route/default: outer_bottom_mid_to_bottom_left_mid_reverse,,,,camera_sign_speed_limit,camera_sign_speed_limit,False,False,0.14,0.28,red,red,red,85.78649929034299,219.8,0.0,88.0601730592262,219.7990446429066,-0.0006386880875257106
78.27080724000007,77808000000,outer_bottom_mid_to_bottom_left_mid_reverse,0.05600399117970044,0.984375,0.056892943420648066,route/default: outer_bottom_mid_to_bottom_left_mid_reverse,,,,camera_sign_speed_limit,camera_sign_speed_limit,False,False,0.14,0.28,red,red,red,86.38950362366722,219.8,0.0,88.65690068191056,219.7994907996188,-0.0005569284736530021
78.37175864399978,77912000000,outer_bottom_mid_to_bottom_left_mid_reverse,0.07055868383483706,0.984375,0.07167866294332653,route/default: outer_bottom_mid_to_bottom_left_mid_reverse,,,,camera_sign_speed_limit,camera_sign_speed_limit,False,False,0.14,0.28,red,red,red,87.01050384361972,219.8,0.0,89.37288832686825,219.79994669794593,-0.0004755891625532822
78.57286471999942,78110000000,outer_bottom_mid_to_bottom_left_mid_reverse,0.09826586100704993,0.984375,0.09982563657859041,route/default: outer_bottom_mid_to_bottom_left_mid_reverse,,,,camera_sign_speed_limit,camera_sign_speed_limit,False,False,0.14,0.28,red,red,red,88.1926767363008,219.8,0.0,90.44682306895697,219.80040704399488,-0.0004528752537682377
78.67354998599967,78212000000,outer_bottom_mid_to_bottom_left_mid_reverse,0.1125390039638271,0.984375,0.11432533736007833,route/default: outer_bottom_mid_to_bottom_left_mid_reverse,,,,camera_sign_speed_limit,camera_sign_speed_limit,False,False,0.14,0.28,red,red,red,88.80166416912328,219.8,0.0,91.16262817570778,219.80071055909343,-0.00041518505347754763
78.7799170419994,78312000000,outer_bottom_mid_to_bottom_left_mid_reverse,0.12652577637272427,0.984375,0.12853412202943418,route/default: outer_bottom_mid_to_bottom_left_mid_reverse,,,,camera_sign_speed_limit,camera_sign_speed_limit,False,False,0.0,0.28,red,red,red,89.39843312523624,219.8,0.0,91.75914260272242,219.8008937787635,-0.00041077115833424875
78.87544742299997,78412000000,outer_bottom_mid_to_bottom_left_mid_reverse,0.12652581109919991,0.984375,0.12853415730712373,route/default: outer_bottom_mid_to_bottom_left_mid_reverse,,,,camera_sign_speed_limit,camera_sign_speed_limit,False,False,0.0,0.28,red,red,red,89.3984346068992,219.8,0.0,91.94303189924571,219.79432180004932,-0.0023397210161904807
78.97471095799938,78514000000,outer_bottom_mid_to_bottom_left_mid_reverse,0.12652640742003562,0.984375,0.12853476309336953,route/default: outer_bottom_mid_to_bottom_left_mid_reverse,,,,camera_sign_speed_limit,camera_sign_speed_limit,False,False,0.0,0.28,red,red,red,89.39846004992151,219.8,0.0,91.94305478124159,219.79433313572923,-0.0023393593122745765
79.07547948499996,78615000000,outer_bottom_mid_to_bottom_left_mid_reverse,0.12652830472630988,0.984375,0.1285366905156164,route/default: outer_bottom_mid_to_bottom_left_mid_reverse,,,,camera_sign_speed_limit,camera_sign_speed_limit,False,False,0.0,0.28,red,red,red,89.3985410016559,219.8,0.0,91.94309321608532,219.7943454934333,-0.0023381554442702774
79.18986149699958,78715000000,outer_bottom_mid_to_bottom_left_mid_reverse,0.12653018140667419,0.984375,0.1285385969845579,route/default: outer_bottom_mid_to_bottom_left_mid_reverse,,,,camera_sign_speed_limit,camera_sign_speed_limit,False,False,0.0,0.28,red,red,red,89.39862107335142,219.8,0.0,91.94313568248654,219.7943556176097,-0.0023366643205894504
79.38232878799954,78914000000,outer_bottom_mid_to_bottom_left_mid_reverse,0.12654133382611668,0.984375,0.12854992642653124,route/default: outer_bottom_mid_to_bottom_left_mid_reverse,,,,camera_sign_speed_limit,camera_sign_speed_limit,False,False,0.0,0.28,red,red,red,89.3990969099143,219.8,0.0,91.94322023693468,219.79437320922835,-0.002334380265524905
79.47656831699987,79017000000,outer_bottom_mid_to_bottom_left_mid_reverse,0.12654141196549845,0.984375,0.12855000580622064,route/default: outer_bottom_mid_to_bottom_left_mid_reverse,,,,camera_sign_speed_limit,camera_sign_speed_limit,False,False,0.0,0.28,red,red,red,89.39910024386126,219.8,0.0,91.94325860964545,219.79437980718876,-0.00233339618881213
79.68081745000018,79217000000,outer_bottom_mid_to_bottom_left_mid_reverse,0.1265415590375723,0.984375,0.12855015521277185,route/default: outer_bottom_mid_to_bottom_left_mid_reverse,,,,camera_sign_speed_limit,camera_sign_speed_limit,False,False,0.0,0.28,red,red,red,89.3991065189364,219.8,0.0,91.94333610179453,219.79439237040674,-0.0023311988934248762
79.87861152499954,79415000000,outer_bottom_mid_to_bottom_left_mid_reverse,0.1265416990531421,0.984375,0.12855029745081104,route/default: outer_bottom_mid_to_bottom_left_mid_reverse,,,,camera_sign_speed_limit,camera_sign_speed_limit,False,False,0.0,0.28,red,red,red,89.39911249293405,219.8,0.0,91.94341468302497,219.79440416615768,-0.0023288046415621305
79.97897064300014,79515000000,outer_bottom_mid_to_bottom_left_mid_reverse,0.12654176786338467,0.984375,0.12855036735327965,route/default: outer_bottom_mid_to_bottom_left_mid_reverse,,,,camera_sign_speed_limit,camera_sign_speed_limit,False,False,0.0,0.28,red,red,red,89.39911542883775,219.8,0.0,91.94345443755124,219.79440978894542,-0.0023275710292227103
80.18148238599952,79717000000,outer_bottom_mid_to_bottom_left_mid_reverse,0.1265419020823506,0.984375,0.12855050370270538,route/default: outer_bottom_mid_to_bottom_left_mid_reverse,,,,camera_sign_speed_limit,camera_sign_speed_limit,False,False,0.0,0.28,red,red,red,89.39912115551363,219.8,0.0,91.94353504567593,219.79442039993086,-0.0023251007684430853
80.28206506399965,79819000000,outer_bottom_mid_to_bottom_left_mid_reverse,0.12654196294971434,0.984375,0.12855056553621774,route/default: outer_bottom_mid_to_bottom_left_mid_reverse,,,,camera_sign_speed_limit,camera_sign_speed_limit,False,False,0.0,0.28,red,red,red,89.39912375252115,219.8,0.0,91.94357610808942,219.7944250355389,-0.002323874773326491
80.38255229399965,79919000000,outer_bottom_mid_to_bottom_left_mid_reverse,0.12654201679915483,0.984375,0.12855062024041125,route/default: outer_bottom_mid_to_bottom_left_mid_reverse,,,,camera_sign_speed_limit,camera_sign_speed_limit,False,False,0.0,0.28,red,red,red,89.39912605009727,219.8,0.0,91.94361772482753,219.79442940378846,-0.0023226749949748636
80.4919168259994,80020000000,outer_bottom_mid_to_bottom_left_mid_reverse,0.1265420663827301,0.984375,0.1285506706110274,route/default: outer_bottom_mid_to_bottom_left_mid_reverse,,,,camera_sign_speed_limit,camera_sign_speed_limit,False,False,0.0,0.28,red,red,red,89.39912816566314,219.8,0.0,91.94365990506941,219.79443353575022,-0.0023215148200487626
80.68452654199973,80221000000,outer_bottom_mid_to_bottom_left_mid_reverse,0.12654215561208276,0.984375,0.128550761256719,route/default: outer_bottom_mid_to_bottom_left_mid_reverse,,,,camera_sign_speed_limit,camera_sign_speed_limit,False,False,0.0,0.28,red,red,red,89.39913197278219,219.8,0.0,91.94374646000509,219.79444081645192,-0.00231942448911763
80.88496899299935,80419000000,outer_bottom_mid_to_bottom_left_mid_reverse,0.12654224654728355,0.984375,0.12855085363533567,route/default: outer_bottom_mid_to_bottom_left_mid_reverse,,,,camera_sign_speed_limit,camera_sign_speed_limit,False,False,0.0,0.28,red,red,red,89.3991358526841,219.8,0.0,91.9438362073403,219.79444667696401,-0.0023177064362191256
80.98546337799962,80519000000,outer_bottom_mid_to_bottom_left_mid_reverse,0.12655398806986184,0.984375,0.12856278153128822,route/default: outer_bottom_mid_to_bottom_left_mid_reverse,,,,camera_sign_speed_limit,camera_sign_speed_limit,False,False,0.0,0.28,red,red,red,89.39963682431411,219.8,0.0,91.94387670768504,219.794407636458,-0.0023198791726951403
81.08578546999979,80619000000,outer_bottom_mid_to_bottom_left_mid_reverse,0.1265678984949105,0.984375,0.1285769127567345,route/default: outer_bottom_mid_to_bottom_left_mid_reverse,,,,camera_sign_speed_limit,camera_sign_speed_limit,False,False,0.0,0.28,red,red,red,89.40023033578285,219.8,0.0,91.94388736893268,219.79427737728543,-0.002341478148515751
81.18663181400007,80721000000,outer_bottom_mid_to_bottom_left_mid_reverse,0.12657897855064565,0.984375,0.12858816868637019,route/default: outer_bottom_mid_to_bottom_left_mid_reverse,,,,camera_sign_speed_limit,camera_sign_speed_limit,False,False,0.0,0.28,red,red,red,89.40070308482754,219.8,0.0,91.9439011568662,219.7941526869139,-0.002362632126981796
81.2880945199995,80822000000,outer_bottom_mid_to_bottom_left_mid_reverse,0.12659083858264908,0.984375,0.12860021697284985,route/default: outer_bottom_mid_to_bottom_left_mid_reverse,,,,camera_sign_speed_limit,camera_sign_speed_limit,False,False,0.0,0.28,red,red,red,89.4012091128597,219.8,0.0,91.94390206275489,219.79402519063797,-0.002384171740144244
81.39499161299955,80922000000,outer_bottom_mid_to_bottom_left_mid_reverse,0.12660474933393548,0.984375,0.12861434852971224,route/default: outer_bottom_mid_to_bottom_left_mid_reverse,,,,camera_sign_speed_limit,camera_sign_speed_limit,False,False,0.0,0.28,red,red,red,89.40180263824791,219.8,0.0,91.94391275621753,219.79389502135922,-0.0024057564909858234
81.58944706799957,81123000000,outer_bottom_mid_to_bottom_left_mid_reverse,0.12662748981188893,0.984375,0.12863744996763318,route/default: outer_bottom_mid_to_bottom_left_mid_reverse,,,,camera_sign_speed_limit,camera_sign_speed_limit,False,False,0.0,0.28,red,red,red,89.40277289864059,219.8,0.0,91.94392746838943,219.7936428450169,-0.0024484477890852076
81.8049284509998,81322000000,outer_bottom_mid_to_bottom_left_mid_reverse,0.1266520332339397,0.984375,0.12866238296781177,route/default: outer_bottom_mid_to_bottom_left_mid_reverse,,,,camera_sign_speed_limit,camera_sign_speed_limit,False,False,0.0,0.28,red,red,red,89.40382008464809,219.8,0.0,91.94395197724214,219.79338800268658,-0.002491182919707995
81.89582079699994,81425000000,outer_bottom_mid_to_bottom_left_mid_reverse,0.12666412811694597,0.984375,0.12867466983308798,route/default: outer_bottom_mid_to_bottom_left_mid_reverse,,,,camera_sign_speed_limit,camera_sign_speed_limit,False,False,0.0,0.28,red,red,red,89.4043361329897,219.8,0.0,91.94395290182865,219.7932605153241,-0.00251272034733882
81.99591658899953,81526000000,outer_bottom_mid_to_bottom_left_mid_reverse,0.12667817862937686,0.984375,0.1286889433695257,route/default: outer_bottom_mid_to_bottom_left_mid_reverse,,,,camera_sign_speed_limit,camera_sign_speed_limit,False,False,0.0,0.28,red,red,red,89.40493562152008,219.8,0.0,91.94396361420553,219.7931303572962,-0.002534302702013025
82.19634428900008,81726000000,outer_bottom_mid_to_bottom_left_mid_reverse,0.12670079298497744,0.984375,0.12871191668315168,route/default: outer_bottom_mid_to_bottom_left_mid_reverse,,,,camera_sign_speed_limit,camera_sign_speed_limit,False,False,0.0,0.28,red,red,red,89.40590050069238,219.8,0.0,91.94397836307226,219.79287820155963,-0.0025769894153630716
82.29418584299947,81828000000,outer_bottom_mid_to_bottom_left_mid_reverse,0.12671498294148784,0.984375,0.128726331877067,route/default: outer_bottom_mid_to_bottom_left_mid_reverse,,,,camera_sign_speed_limit,camera_sign_speed_limit,False,False,0.0,0.28,red,red,red,89.40650593883682,219.8,0.0,91.94398908490618,219.79274804915713,-0.0025985705721937764
82.39530959100011,81930000000,outer_bottom_mid_to_bottom_left_mid_reverse,0.12672606320808552,0.984375,0.12873758802091229,route/default: outer_bottom_mid_to_bottom_left_mid_reverse,,,,camera_sign_speed_limit,camera_sign_speed_limit,False,False,0.0,0.28,red,red,red,89.40697869687833,219.8,0.0,91.94400290883601,219.79262338217228,-0.0026197197509312637
82.59605138000006,82127000000,outer_bottom_mid_to_bottom_left_mid_reverse,0.1267513438850567,0.984375,0.12876326997847032,route/default: outer_bottom_mid_to_bottom_left_mid_reverse,,,,camera_sign_speed_limit,camera_sign_speed_limit,False,False,0.0,0.28,red,red,red,89.40805733909576,219.8,0.0,91.94401458341102,219.79236575694654,-0.0026628349527656283
82.80139540999971,82324000000,outer_bottom_mid_to_bottom_left_mid_reverse,0.12677368522285787,0.984375,0.128785965940681,route/default: outer_bottom_mid_to_bottom_left_mid_reverse,,,,camera_sign_speed_limit,camera_sign_speed_limit,False,False,0.0,0.28,red,red,red,89.40901056950861,219.8,0.0,91.94402936897208,219.792113621816,-0.0027055170825905097
82.89958937599931,82426000000,outer_bottom_mid_to_bottom_left_mid_reverse,0.12678787583965598,0.984375,0.1288003818053648,route/default: outer_bottom_mid_to_bottom_left_mid_reverse,,,,camera_sign_speed_limit,camera_sign_speed_limit,False,False,0.0,0.28,red,red,red,89.40961603582532,219.8,0.0,91.94404010971977,219.7919834806645,-0.0027270958441926725
82.99795768900003,82528000000,outer_bottom_mid_to_bottom_left_mid_reverse,0.12679895621169274,0.984375,0.12881163805632279,route/default: outer_bottom_mid_to_bottom_left_mid_reverse,,,,camera_sign_speed_limit,camera_sign_speed_limit,False,False,0.0,0.28,red,red,red,89.41008879836556,219.8,0.0,91.94405395164623,219.79185882537172,-0.0027482426243606766
83.09953375399982,82630000000,outer_bottom_mid_to_bottom_left_mid_reverse,0.12681093366644025,0.984375,0.12882380562939963,route/default: outer_bottom_mid_to_bottom_left_mid_reverse,,,,camera_sign_speed_limit,camera_sign_speed_limit,False,False,0.0,0.28,red,red,red,89.41059983643478,219.8,0.0,91.94405491362784,219.79173135583704,-0.00276977568271845
83.19932231799976,82732000000,outer_bottom_mid_to_bottom_left_mid_reverse,0.12682291112096677,0.984375,0.12883597320225196,route/default: outer_bottom_mid_to_bottom_left_mid_reverse,,,,camera_sign_speed_limit,camera_sign_speed_limit,False,False,0.0,0.28,red,red,red,89.41111087449458,219.8,0.0,91.94406513927515,219.79157845390546,-0.0027954781460004883
83.40014127999984,82929000000,outer_bottom_mid_to_bottom_left_mid_reverse,0.1268451909897993,0.984375,0.1288586067197961,route/default: outer_bottom_mid_to_bottom_left_mid_reverse,,,,camera_sign_speed_limit,camera_sign_speed_limit,False,False,0.0,0.28,red,red,red,89.41206148223144,219.8,0.0,91.94408048608722,219.79134910578665,-0.0028340307944740364
83.59994959899996,83129000000,outer_bottom_mid_to_bottom_left_mid_reverse,0.12686993672184352,0.984375,0.12888374524123786,route/default: outer_bottom_mid_to_bottom_left_mid_reverse,,,,camera_sign_speed_limit,camera_sign_speed_limit,False,False,0.0,0.28,red,red,red,89.413117300132,219.8,0.0,91.9441051056711,219.79109433228547,-0.002876751543696652
83.7102667119998,83232000000,outer_bottom_mid_to_bottom_left_mid_reverse,0.1268811258527497,0.984375,0.1288951119773965,route/default: outer_bottom_mid_to_bottom_left_mid_reverse,,,,camera_sign_speed_limit,camera_sign_speed_limit,False,False,0.0,0.28,red,red,red,89.41359470305065,219.8,0.0,91.9441153498217,219.79094144131403,-0.0029024516533996624
83.81087947200012,83332000000,outer_bottom_mid_to_bottom_left_mid_reverse,0.12689286845414344,0.984375,0.12890704096928857,route/default: outer_bottom_mid_to_bottom_left_mid_reverse,,,,camera_sign_speed_limit,camera_sign_speed_limit,False,False,0.0,0.28,red,red,red,89.41409572071012,219.8,0.0,91.94411633424002,219.7908139824766,-0.002923982091342191
84.00247630000013,83533000000,outer_bottom_mid_to_bottom_left_mid_reverse,0.12691470363769067,0.984375,0.12892922274305083,route/default: outer_bottom_mid_to_bottom_left_mid_reverse,,,,camera_sign_speed_limit,camera_sign_speed_limit,False,False,0.0,0.28,red,red,red,89.41502735520814,219.8,0.0,91.94414097966035,219.79055922503562,-0.002966699486537166
84.10255604799931,83633000000,outer_bottom_mid_to_bottom_left_mid_reverse,0.1269264462385428,0.984375,0.1289411517343927,route/default: outer_bottom_mid_to_bottom_left_mid_reverse,,,,camera_sign_speed_limit,camera_sign_speed_limit,False,False,0.0,0.28,red,red,red,89.41552837284449,219.8,0.0,91.94414197342724,219.79043177065552,-0.002988228832891835
84.20353526799954,83733000000,outer_bottom_mid_to_bottom_left_mid_reverse,0.12694036003250392,0.984375,0.1289552863822262,route/default: outer_bottom_mid_to_bottom_left_mid_reverse,,,,camera_sign_speed_limit,camera_sign_speed_limit,False,False,0.0,0.28,red,red,red,89.41612202805351,219.8,0.0,91.9441527557841,219.79030165425655,-0.003009802327196325
84.40756643699933,83929000000,outer_bottom_mid_to_bottom_left_mid_reverse,0.1269655686311475,0.984375,0.1289808951173562,route/default: outer_bottom_mid_to_bottom_left_mid_reverse,,,,camera_sign_speed_limit,camera_sign_speed_limit,False,False,0.0,0.28,red,red,red,89.41719759492895,219.8,0.0,91.94416815831573,219.7900723381852,-0.003048347980399304
84.50705218099938,84031000000,outer_bottom_mid_to_bottom_left_mid_reverse,0.1269766492667996,0.984375,0.12899215163611388,route/default: outer_bottom_mid_to_bottom_left_mid_reverse,,,,camera_sign_speed_limit,camera_sign_speed_limit,False,False,0.0,0.28,green,red,red,89.41767036871678,219.8,0.0,91.94418204523231,219.7899477121224,-0.003069488766904449
84.60559059699972,84134000000,outer_bottom_mid_to_bottom_left_mid_reverse,0.12698783855743304,0.984375,0.12900351853453515,route/default: outer_bottom_mid_to_bottom_left_mid_reverse,,,,camera_sign_speed_limit,camera_sign_speed_limit,False,False,0.28,0.28,green,green,green,89.41814777845048,219.8,0.0,91.9441923227464,219.7897948402657,-0.003095184692438095
84.70720958899983,84243000000,outer_bottom_mid_to_bottom_left_mid_reverse,0.15747614312096658,0.984375,0.159975764440347,route/default: outer_bottom_mid_to_bottom_left_mid_reverse,,,,camera_sign_speed_limit,camera_sign_speed_limit,False,False,0.28,0.28,green,green,green,90.71898210649456,219.8,0.0,92.5894944159572,219.79407851735857,-0.002433773098292436
84.90824054999939,84436000000,outer_bottom_mid_to_bottom_left_mid_reverse,0.21146215639700428,0.984375,0.2148186985620361,route/default: outer_bottom_mid_to_bottom_left_mid_reverse,,,,camera_sign_speed_limit,camera_sign_speed_limit,False,False,0.28,0.28,green,green,green,93.0223853396055,219.8,0.0,94.97611503942824,219.80149378579193,-0.0014372766827133211
85.0142068109999,84537000000,outer_bottom_mid_to_bottom_left_mid_reverse,0.23970006775216407,0.984375,0.24350483073235715,route/default: outer_bottom_mid_to_bottom_left_mid_reverse,,,,camera_sign_speed_limit,camera_sign_speed_limit,False,False,0.28,0.28,green,green,green,94.227202890759,219.8,0.0,96.16961904014269,219.80409256047147,-0.0010210041685297876
85.11048517400013,84639000000,outer_bottom_mid_to_bottom_left_mid_reverse,0.26823139945582214,0.984375,0.2724890407170257,route/default: outer_bottom_mid_to_bottom_left_mid_reverse,,,,camera_sign_speed_limit,camera_sign_speed_limit,False,False,0.28,0.28,green,green,green,95.44453971011507,219.8,0.0,97.36308167240216,219.80598956157104,-0.000688647472529727
85.2099980439998,84741000000,outer_bottom_mid_to_bottom_left_mid_reverse,0.29677574932837825,0.984375,0.3014864755081938,route/default: outer_bottom_mid_to_bottom_left_mid_reverse,,,,camera_sign_speed_limit,camera_sign_speed_limit,False,False,0.28,0.28,green,green,green,96.66243197134413,219.8,0.0,98.55636220460798,219.80720565650898,-0.00048196235686579435
85.4113061779999,84938000000,outer_bottom_mid_to_bottom_left_mid_reverse,0.3518877377958767,0.984375,0.3574732574434303,route/default: outer_bottom_mid_to_bottom_left_mid_reverse,,,,camera_sign_speed_limit,camera_sign_speed_limit,False,False,0.28,0.28,green,green,green,99.01387681262408,219.8,0.0,100.94408182371257,219.80876849327535,-2.0264974145687264e-05
85.51178087199969,85042000000,outer_bottom_mid_to_bottom_left_mid_reverse,0.3809989104153578,0.984375,0.3870465121679826,route/default: outer_bottom_mid_to_bottom_left_mid_reverse,,,,camera_sign_speed_limit,camera_sign_speed_limit,False,False,0.28,0.28,green,green,green,100.25595351105527,219.8,0.0,102.1376379599779,219.8089745622633,0.00010573623701936669
85.61346808300004,85142000000,outer_bottom_mid_to_bottom_left_mid_reverse,0.4089818974185929,0.984375,0.4154736735680944,route/default: outer_bottom_mid_to_bottom_left_mid_reverse,,,,camera_sign_speed_limit,camera_sign_speed_limit,False,False,0.28,0.28,green,,,101.44989428985997,219.8,0.0,103.33135956451832,219.80898441380214,0.00022470366835165118
85.71394499999951,85243000000,outer_bottom_mid_to_bottom_left_mid_reverse,0.4372524627266137,0.984375,0.44419297800798857,route/default: outer_bottom_mid_to_bottom_left_mid_reverse,,,,camera_sign_speed_limit,camera_sign_speed_limit,False,False,0.28,0.28,green,,,102.65610507633552,219.8,0.0,104.52516789383426,219.80886392306138,0.0003053427721161742
85.81478152,85344000000,outer_bottom_mid_to_bottom_left_mid_reverse,0.46549863931602325,0.984375,0.47288750660675377,route/default: outer_bottom_mid_to_bottom_left_mid_reverse,,,,camera_sign_speed_limit,camera_sign_speed_limit,False,False,0.28,0.28,green,,,103.86127527748366,219.8,0.0,105.71909754788346,219.8085812586188,0.00040940866356335877
85.91485961999933,85444000000,outer_bottom_mid_to_bottom_left_mid_reverse,0.4934924094873765,0.984375,0.5013256223363824,route/default: outer_bottom_mid_to_bottom_left_mid_reverse,,,,camera_sign_speed_limit,camera_sign_speed_limit,False,False,0.28,0.28,green,,,105.05567613812806,219.8,0.0,106.91278692310463,219.80821957857353,0.000512355525657868
86.11577614399994,85640000000,outer_bottom_mid_to_bottom_left_mid_reverse,0.5482531995378869,0.984375,0.5569556312765835,route/default: outer_bottom_mid_to_bottom_left_mid_reverse,,,,camera_sign_speed_limit,camera_sign_speed_limit,False,False,0.28,0.28,green,,,107.3921365136165,219.8,0.0,109.29986513206006,219.80720343105196,0.0006033352526685952
86.21652887599976,85741000000,outer_bottom_mid_to_bottom_left_mid_reverse,0.5765331995378868,0.984375,0.5856845201654723,route/default: outer_bottom_mid_to_bottom_left_mid_reverse,,,,camera_sign_speed_limit,camera_sign_speed_limit,False,False,0.28,0.28,green,,,108.59874984694984,219.8,0.0,110.49324431552374,219.80658692120244,0.0006260064523540352
86.31734181899992,85843000000,outer_bottom_mid_to_bottom_left_mid_reverse,0.6050931995378869,0.984375,0.6146978534988057,route/default: outer_bottom_mid_to_bottom_left_mid_reverse,,,,camera_sign_speed_limit,camera_sign_speed_limit,False,False,0.28,0.28,green,yellow,yellow,109.81730984694984,219.8,0.0,111.68716310360269,219.80603176808046,0.0007145621569504624
86.41796696099937,85943000000,outer_bottom_mid_to_bottom_left_mid_reverse,0.633069032023187,0.984375,0.6431177468172058,route/default: outer_bottom_mid_to_bottom_left_mid_reverse,,,,camera_sign_speed_limit,camera_sign_speed_limit,False,False,0.28,0.28,green,yellow,yellow,111.01094536632264,219.8,0.0,112.88107490946987,219.80531245703816,0.0008790342586594832
86.51740802199947,86043000000,outer_bottom_mid_to_bottom_left_mid_reverse,0.6610359707435922,0.984375,0.6715286051998397,route/default: outer_bottom_mid_to_bottom_left_mid_reverse,,,,camera_sign_speed_limit,camera_sign_speed_limit,False,False,0.28,0.28,green,yellow,yellow,112.20420141839327,219.8,0.0,114.07490098813233,219.80448915207995,0.0010820507817863496
86.61854936599957,86143000000,outer_bottom_mid_to_bottom_left_mid_reverse,0.6889928567349557,0.984375,0.6999292512863042,route/default: outer_bottom_mid_to_bottom_left_mid_reverse,,,,camera_sign_speed_limit,camera_sign_speed_limit,False,False,0.28,0.28,green,,,113.39702855402477,219.8,0.0,115.26844564234123,219.80357789744704,0.0012982103884938852
86.81835074799983,86343000000,outer_bottom_mid_to_bottom_left_mid_reverse,0.7448833341917148,0.984375,0.7567068791788849,route/default: outer_bottom_mid_to_bottom_left_mid_reverse,,,,camera_sign_speed_limit,camera_sign_speed_limit,False,False,0.28,0.28,green,,,115.78168892551317,219.8,0.0,117.65482207326015,219.80110585253044,0.0016622578225260936
86.91849108799943,86445000000,outer_bottom_mid_to_bottom_left_mid_reverse,0.7733813303404263,0.984375,0.785657224472814,route/default: outer_bottom_mid_to_bottom_left_mid_reverse,,,,camera_sign_speed_limit,camera_sign_speed_limit,False,False,0.28,0.28,green,,,116.9976034278582,219.8,0.0,118.84776730778931,219.79920726985563,0.0017141022015213832
87.11856206499942,86642000000,outer_bottom_mid_to_bottom_left_mid_reverse,0.8284124339590895,0.984375,0.8415618376727259,route/default: outer_bottom_mid_to_bottom_left_mid_reverse,,,,camera_sign_speed_limit,camera_sign_speed_limit,False,False,0.28,0.28,green,,,119.34559718225448,219.8,0.0,121.23326091542255,219.79460575962958,0.0016033142872724248
87.21960718799983,86743000000,outer_bottom_mid_to_bottom_left_mid_reverse,0.8566230827825934,0.984375,0.8702202745727933,route/default: outer_bottom_mid_to_bottom_left_mid_reverse,,,,camera_sign_speed_limit,camera_sign_speed_limit,False,False,0.28,0.28,green,,,120.54925153205731,219.8,0.0,122.42586299147911,219.79219711964964,0.001476589702682263
87.32061825900018,86844000000,outer_bottom_mid_to_bottom_left_mid_reverse,0.8848323448937374,0.984375,0.8988773027491935,route/default: outer_bottom_mid_to_bottom_left_mid_reverse,,,,camera_sign_speed_limit,camera_sign_speed_limit,False,False,0.28,0.28,green,,,121.75284671546613,219.8,0.0,123.61839915632925,219.78988860795425,0.0013218018553281426
87.42093643499993,86946000000,outer_bottom_mid_to_bottom_left_mid_reverse,0.9133201080094536,0.984375,0.9278172525810322,route/default: outer_bottom_mid_to_bottom_left_mid_reverse,,,,camera_sign_speed_limit,camera_sign_speed_limit,False,False,0.28,0.28,green,,,122.96832460840335,219.8,0.0,124.81089321348621,219.7877634688246,0.0011519948274095154
87.52534355199987,87046000000,outer_bottom_mid_to_bottom_left_mid_reverse,0.9412492015663392,0.984375,0.9561896650832652,route/default: outer_bottom_mid_to_bottom_left_mid_reverse,,,,camera_sign_speed_limit,camera_sign_speed_limit,False,False,0.28,0.28,green,,,124.15996593349713,219.8,0.0,126.00337591647464,219.78584654851483,0.000976902335178999
87.62162061599975,87148000000,outer_bottom_mid_to_bottom_left_mid_reverse,0.969737143288331,0.984375,0.9851297963563997,route/default: outer_bottom_mid_to_bottom_left_mid_reverse,,,,camera_sign_speed_limit,camera_sign_speed_limit,False,False,0.28,0.28,green,,,125.3754514469688,219.8,0.0,127.19587082855293,219.78412782804253,0.0008035421323281992
87.72336315699977,87248000000,outer_bottom_right_mid_to_bottom_mid_reverse,0.013291978108936855,0.984375,0.01350296188844379,route/default: outer_bottom_right_mid_to_bottom_mid_reverse,,,,camera_sign_speed_limit,camera_sign_speed_limit,False,False,0.28,0.28,green,,,126.56712439931464,219.8,0.0,128.3883892133528,219.78260455396128,0.0006392132543316036
87.8257098289996,87348000000,outer_bottom_right_mid_to_bottom_mid_reverse,0.041222361680900974,0.984375,0.041876684882185114,route/default: outer_bottom_right_mid_to_bottom_mid_reverse,,,,camera_sign_speed_limit,camera_sign_speed_limit,False,False,0.28,0.28,green,,,127.75882076505178,219.8,0.0,129.58093194404668,219.78128475191653,0.00048755017552707254
87.92417572799968,87449000000,outer_bottom_right_mid_to_bottom_mid_reverse,0.06943254315592277,0.984375,0.0705346470155406,route/default: outer_bottom_right_mid_to_bottom_mid_reverse,,,,camera_sign_speed_limit,camera_sign_speed_limit,False,False,0.28,0.28,green,,,128.96245517465272,219.8,0.0,130.7734956398354,219.7801913438625,0.0003506256020984745
88.02512041599948,87549000000,outer_bottom_right_mid_to_bottom_mid_reverse,0.09736386024352663,0.984375,0.09890931834263023,route/default: outer_bottom_right_mid_to_bottom_mid_reverse,,,,camera_sign_speed_limit,camera_sign_speed_limit,False,False,0.28,0.28,green,,,130.15419137039046,219.8,0.0,131.96607577856074,219.77934701385408,0.0002313746992280186
88.22548005499993,87747000000,outer_bottom_right_mid_to_bottom_mid_reverse,0.15266897313494743,0.984375,0.1550922901688355,route/default: outer_bottom_right_mid_to_bottom_mid_reverse,,,,camera_sign_speed_limit,camera_sign_speed_limit,False,False,0.28,0.28,green,,,132.51387618709109,219.8,0.0,134.11275374358073,219.77840422473577,6.80440989161453e-05
88.33100262599964,87847000000,outer_bottom_right_mid_to_bottom_mid_reverse,0.18060158362651252,0.984375,0.18346827543010796,route/default: outer_bottom_right_mid_to_bottom_mid_reverse,,,,camera_sign_speed_limit,camera_sign_speed_limit,False,False,0.28,0.28,green,,,133.70566756806454,219.8,0.0,135.78243451671256,219.77803684407036,-5.8363407929790245e-06
88.42738975799966,87950000000,outer_bottom_right_mid_to_bottom_mid_reverse,0.2093718587184488,0.984375,0.21269522155524956,route/default: outer_bottom_right_mid_to_bottom_mid_reverse,,,,camera_sign_speed_limit,camera_sign_speed_limit,False,False,0.28,0.28,green,,,134.93319930532047,219.8,0.0,136.73653844047456,219.7778444411657,-4.79570500470081e-05
88.52851029900012,88051000000,outer_bottom_right_mid_to_bottom_mid_reverse,0.23758418306076207,0.984375,0.24135536056966306,route/default: outer_bottom_right_mid_to_bottom_mid_reverse,,,,camera_sign_speed_limit,camera_sign_speed_limit,False,False,0.28,0.28,green,,,136.13692514392585,219.8,0.0,137.92918215260636,219.77769279201226,-8.376529613512907e-05
88.62825604699992,88151000000,outer_bottom_right_mid_to_bottom_mid_reverse,0.26551815556433683,0.984375,0.26973272946218346,route/default: outer_bottom_right_mid_to_bottom_mid_reverse,,,,camera_sign_speed_limit,camera_sign_speed_limit,False,False,0.28,0.28,green,,,137.3287746374117,219.8,0.0,139.121840625367,219.7775899760802,-0.00011724584284846522
88.72876677600016,88255000000,outer_bottom_right_mid_to_bottom_mid_reverse,0.2945706363600086,0.984375,0.2992463607466754,route/default: outer_bottom_right_mid_to_bottom_mid_reverse,,,,camera_sign_speed_limit,camera_sign_speed_limit,False,False,0.28,0.28,green,,,138.56834715136037,219.8,0.0,140.553057833614,219.7775275954104,-0.0001647169114369022
88.92975300699982,88452000000,outer_bottom_right_mid_to_bottom_mid_reverse,0.3496053012098935,0.984375,0.3551545917052887,route/default: outer_bottom_right_mid_to_bottom_mid_reverse,,,,camera_sign_speed_limit,camera_sign_speed_limit,False,False,0.28,0.28,green,green,green,140.91649285162214,219.8,0.0,142.69993131795206,219.7775522627564,-0.00025091590686616847
89.03035193100004,88555000000,outer_bottom_right_mid_to_bottom_mid_reverse,0.3783828311935634,0.984375,0.3843889078791755,route/default: outer_bottom_right_mid_to_bottom_mid_reverse,,,,camera_sign_speed_limit,camera_sign_speed_limit,False,False,0.28,0.28,green,green,green,142.14433413092536,219.8,0.0,144.13127344116185,219.77761085121148,-0.00030553521463481676
89.13152734399955,88655000000,outer_bottom_right_mid_to_bottom_mid_reverse,0.40632311071818134,0.984375,0.4127726839041842,route/default: outer_bottom_right_mid_to_bottom_mid_reverse,,,,camera_sign_speed_limit,camera_sign_speed_limit,False,False,0.28,0.28,green,yellow,yellow,143.33645272397573,219.8,0.0,145.32410290652228,219.77767260706253,-0.00034859055764915046
89.33966500599945,88852000000,outer_bottom_right_mid_to_bottom_mid_reverse,0.46137044860492504,0.984375,0.46869378905897147,route/default: outer_bottom_right_mid_to_bottom_mid_reverse,,,,camera_sign_speed_limit,camera_sign_speed_limit,False,False,0.28,0.28,green,yellow,yellow,145.6851391404768,219.8,0.0,147.471295775269,219.7778626055731,-0.00042914461191435427
89.43257827999969,88952000000,outer_bottom_right_mid_to_bottom_mid_reverse,0.4893168905358612,0.984375,0.4970838253062717,route/default: outer_bottom_right_mid_to_bottom_mid_reverse,,,,camera_sign_speed_limit,camera_sign_speed_limit,False,False,0.28,0.28,green,yellow,yellow,146.87752066286342,219.8,0.0,148.66425047871644,219.7780447021904,-0.0004787593225402174
89.54161592399942,89055000000,outer_bottom_right_mid_to_bottom_mid_reverse,0.5181045969986853,0.984375,0.5263284794907279,route/default: outer_bottom_right_mid_to_bottom_mid_reverse,,,,camera_sign_speed_limit,camera_sign_speed_limit,False,False,0.28,0.28,yellow,green,green,148.10579613861057,219.8,0.0,150.0958876774191,219.7783163586481,-0.0005458701816220118
89.63306629099952,89155000000,outer_bottom_right_mid_to_bottom_mid_reverse,0.5460561099998286,0.984375,0.5547236673014131,route/default: outer_bottom_right_mid_to_bottom_mid_reverse,,,,camera_sign_speed_limit,camera_sign_speed_limit,False,False,0.28,0.28,yellow,green,green,149.29839402665937,219.8,0.0,151.28900220570054,219.77856310656932,-0.0006068041751273142
89.73396568999942,89256000000,outer_bottom_right_mid_to_bottom_mid_reverse,0.574290172742408,0.984375,0.5834058897700652,route/default: outer_bottom_right_mid_to_bottom_mid_reverse,,,,camera_sign_speed_limit,camera_sign_speed_limit,False,False,0.28,0.28,yellow,green,green,150.50304737034276,219.8,0.0,152.48220380719252,219.7788148656607,-0.0006689576946466443
89.93778939799995,89459000000,outer_bottom_right_mid_to_bottom_mid_reverse,0.6310479351046968,0.984375,0.6410645689952476,route/default: outer_bottom_right_mid_to_bottom_mid_reverse,,,,camera_sign_speed_limit,camera_sign_speed_limit,False,False,0.28,0.28,yellow,green,green,152.9247118978004,219.8,0.0,154.8688771292365,219.77935867567135,-0.0008031451450890062
90.03962029000013,89559000000,outer_bottom_right_mid_to_bottom_mid_reverse,0.6590332756294733,0.984375,0.6694941212743856,route/default: outer_bottom_right_mid_to_bottom_mid_reverse,,,,camera_sign_speed_limit,camera_sign_speed_limit,False,False,0.28,0.28,yellow,green,green,154.1187530935242,219.8,0.0,156.06204188736336,219.77970662517743,-0.0009476082864821946
90.2424470420001,89755000000,outer_bottom_right_mid_to_bottom_mid_reverse,0.7138982624425018,0.984375,0.7252299808939701,route/default: outer_bottom_right_mid_to_bottom_mid_reverse,,,,camera_sign_speed_limit,camera_sign_speed_limit,False,False,0.28,0.28,yellow,green,green,156.45965919754673,219.8,0.0,158.44843956813398,219.78098744650674,-0.0013872223134227557
90.33591729199998,89857000000,outer_bottom_right_mid_to_bottom_mid_reverse,0.7424559670482694,0.984375,0.754240982398242,route/default: outer_bottom_right_mid_to_bottom_mid_reverse,,,,camera_sign_speed_limit,camera_sign_speed_limit,False,False,0.28,0.28,yellow,green,green,157.67812126072616,219.8,0.0,159.64269101866634,219.78218867876637,-0.0015429381910820042
90.43868768599987,89958000000,outer_bottom_right_mid_to_bottom_mid_reverse,0.7707359670482694,0.984375,0.7829698712871308,route/default: outer_bottom_right_mid_to_bottom_mid_reverse,,,,camera_sign_speed_limit,camera_sign_speed_limit,False,False,0.28,0.28,yellow,green,green,158.8847345940595,219.8,0.0,160.83682385835448,219.7835379232866,-0.0016797312478302954
90.53823589399963,90059000000,outer_bottom_right_mid_to_bottom_mid_reverse,0.7990077227101618,0.984375,0.8116903849754025,route/default: outer_bottom_right_mid_to_bottom_mid_reverse,,,,camera_sign_speed_limit,camera_sign_speed_limit,False,False,0.28,0.28,red,green,green,160.0909961689669,219.8,0.0,162.0311570414618,219.7853750911545,-0.0017174364488401427
90.63885202599977,90159000000,outer_bottom_right_mid_to_bottom_mid_reverse,0.8270077227101619,0.984375,0.840134829419847,route/default: outer_bottom_right_mid_to_bottom_mid_reverse,,,,camera_sign_speed_limit,camera_sign_speed_limit,False,False,0.28,0.28,red,,,161.28566283563356,219.8,0.0,163.22493201687558,219.78717741018295,-0.0017534412567739366
90.73874374800016,90261000000,outer_bottom_right_mid_to_bottom_mid_reverse,0.8555677227101619,0.984375,0.8691481627531803,route/default: outer_bottom_right_mid_to_bottom_mid_reverse,,,,camera_sign_speed_limit,camera_sign_speed_limit,False,False,0.28,0.28,red,,,162.50422283563358,219.8,0.0,164.41830653368484,219.78912709353807,-0.0017761146118818688
90.83890607099966,90361000000,outer_bottom_right_mid_to_bottom_mid_reverse,0.8835175739455513,0.984375,0.8975416624208775,route/default: outer_bottom_right_mid_to_bottom_mid_reverse,,,,camera_sign_speed_limit,camera_sign_speed_limit,False,False,0.28,0.28,red,,,163.69674982167686,219.8,0.0,165.61166550776088,219.79108981336174,-0.0018003113052856607
90.93999260300006,90461000000,outer_bottom_right_mid_to_bottom_mid_reverse,0.9115160925625243,0.984375,0.9259846019682787,route/default: outer_bottom_right_mid_to_bottom_mid_reverse,right,camera_sign_turn_right,,camera_sign_turn_right,camera_sign_turn_right,False,False,0.28,0.28,red,,,164.8913532826677,219.8,0.0,166.8051867013914,219.79355959343565,-0.0016383905514167486
91.14420875199994,90661000000,outer_bottom_right_mid_to_bottom_mid_reverse,0.9674838111396094,0.984375,0.9828406970307143,route/default: outer_bottom_right_mid_to_bottom_mid_reverse,right,camera_sign_turn_right,,camera_sign_turn_right,camera_sign_turn_right,False,False,0.28,0.28,red,,,167.27930927529,219.8,0.0,169.1929059389755,219.79796967148536,-0.0011654942290055077
91.24493483999959,90763000000,outer_bottom_right_to_bottom_right_mid_reverse,0.011624115244128954,0.8671875,0.013404385146382938,route/default: outer_bottom_right_to_bottom_right_mid_reverse,right,camera_sign_turn_right,,camera_sign_turn_right,camera_sign_turn_right,False,False,0.28,0.28,red,,,168.49596225041617,219.8,0.0,170.38658618322057,219.79962317599836,-0.00097722271671106
91.44546563599943,90963000000,outer_bottom_right_to_bottom_right_mid_reverse,0.06755200552561558,0.8671875,0.07789780817368283,route/default: outer_bottom_right_to_bottom_right_mid_reverse,right,camera_sign_turn_right,,camera_sign_turn_right,camera_sign_turn_right,False,False,0.28,0.28,red,,,170.88221890242627,219.8,0.0,172.7745637934941,219.80214893771637,-0.0006107855322188675
91.54585565299931,91066000000,outer_bottom_right_to_bottom_right_mid_reverse,0.0963760791548361,0.8671875,0.11113637956593712,route/default: outer_bottom_right_to_bottom_right_mid_reverse,right,camera_sign_turn_right,,camera_sign_turn_right,camera_sign_turn_right,False,False,0.28,0.28,red,,,172.11204604393967,219.8,0.0,173.9685583941516,219.8030360035733,-0.0004719011073146498
91.74678497199966,91266000000,outer_bottom_right_to_bottom_right_mid_reverse,0.15234326429776726,0.8671875,0.1756751155866145,route/default: outer_bottom_right_to_bottom_right_mid_reverse,right,camera_sign_turn_right,,camera_sign_turn_right,camera_sign_turn_right,False,False,0.28,0.28,red,,,174.49997927670475,219.8,0.0,176.3565868018309,219.80418664084425,-0.0002410899708471717
91.85226127199985,91367000000,outer_bottom_right_to_bottom_right_mid_reverse,0.18060612103384055,0.8671875,0.20826651794893325,route/default: outer_bottom_right_to_bottom_right_mid_reverse,right,camera_sign_turn_right,,camera_sign_turn_right,camera_sign_turn_right,False,False,0.28,0.28,red,,,175.70586116411053,219.8,0.0,177.55042558563795,219.80452770369516,-0.00013906411819886982
92.04771042999982,91562000000,outer_bottom_right_to_bottom_right_mid_reverse,0.23515342232324812,0.8671875,0.27116791042680866,route/default: outer_bottom_right_to_bottom_right_mid_reverse,right,camera_sign_turn_right,,camera_sign_turn_right,camera_sign_turn_right,False,False,0.28,0.28,red,,,178.0332126857919,219.8,0.0,179.93779761868072,219.80486285168263,-5.58273374584986e-05
92.14833139499933,91664000000,outer_bottom_right_to_bottom_right_mid_reverse,0.263667837768591,0.8671875,0.30404939850792473,route/default: outer_bottom_right_to_bottom_right_mid_reverse,right,camera_sign_turn_right,,camera_sign_turn_right,camera_sign_turn_right,False,False,0.28,0.28,red,,,179.2498277447932,219.8,0.0,181.13160071816148,219.80499810311238,7.201510819052837e-06
92.24927232499977,91764000000,outer_bottom_right_to_bottom_right_mid_reverse,0.2916330723665007,0.8671875,0.336297596963172,route/default: outer_bottom_right_to_bottom_right_mid_reverse,right,camera_sign_turn_right,,camera_sign_turn_right,camera_sign_turn_right,False,False,0.28,0.28,red,,,180.44301108763736,219.8,0.0,182.32543352798407,219.80505291796732,7.702824558898035e-05
92.3497293269993,91864000000,outer_bottom_right_to_bottom_right_mid_reverse,0.3195981414642697,0.8671875,0.36854560457141006,route/default: outer_bottom_right_to_bottom_right_mid_reverse,right,camera_sign_turn_right,,camera_sign_turn_right,camera_sign_turn_right,False,False,0.28,0.28,red,,,181.63618736914216,219.8,0.0,183.51931813542944,219.80496565879685,0.0001480460816368334
92.45000852500016,91967000000,outer_bottom_right_to_bottom_right_mid_reverse,0.34843814146426966,0.8671875,0.401802541508347,route/default: outer_bottom_right_to_bottom_right_mid_reverse,right,camera_sign_turn_right,,camera_sign_turn_right,camera_sign_turn_right,False,False,0.28,0.28,red,,,182.86669403580885,219.8,0.0,184.71306077820398,219.80479894295962,0.00019508757029081111
92.55050023999956,92068000000,outer_bottom_right_to_bottom_right_mid_reverse,0.3767112835144229,0.8671875,0.43440580441302823,route/default: outer_bottom_right_to_bottom_right_mid_reverse,right,camera_sign_turn_right,,camera_sign_turn_right,camera_sign_turn_right,False,False,0.28,0.28,red,,,184.07301476328203,219.8,0.0,185.90718812286616,219.80456878193763,0.0002606354540498229
92.75129232200015,92271000000,outer_bottom_right_to_bottom_right_mid_reverse,0.4335419836667475,0.8671875,0.49994030548958274,route/default: outer_bottom_right_to_bottom_right_mid_reverse,right,camera_sign_turn_right,,camera_sign_turn_right,camera_sign_turn_right,False,False,0.28,0.28,red,,,186.49779130311455,219.8,0.0,188.2961149723749,219.80418672567788,0.0003548875194073146
92.85201586099993,92371000000,outer_bottom_right_to_bottom_right_mid_reverse,0.46153829827013154,0.8671875,0.5322243439511427,route/default: outer_bottom_right_to_bottom_right_mid_reverse,right,camera_sign_turn_right,,camera_sign_turn_right,camera_sign_turn_right,False,False,0.28,0.28,red,,,187.6923007261923,219.8,0.0,189.49062280074216,219.80394659518913,0.00041412563089271025
93.05185493999943,92567000000,outer_bottom_right_to_bottom_right_mid_reverse,0.5164097765192351,0.8671875,0.5954995621122712,route/default: outer_bottom_right_to_bottom_right_mid_reverse,right,camera_sign_turn_right,,camera_sign_turn_right,camera_sign_turn_right,False,False,0.28,0.28,red,,,190.03348379815404,219.8,0.0,191.8781791343449,219.80305823031603,0.0004936222191831338
93.15366029300003,92671000000,outer_bottom_right_to_bottom_right_mid_reverse,0.5455222336572437,0.8671875,0.6290706838570018,route/default: outer_bottom_right_to_bottom_right_mid_reverse,right,camera_sign_turn_right,,camera_sign_turn_right,camera_sign_turn_right,False,False,0.28,0.28,red,,,191.27561530270907,219.8,0.0,193.07219586009214,219.8024701884566,0.0006286547158422958
93.35419777199968,92871000000,outer_bottom_right_to_bottom_right_mid_reverse,0.601500140095369,0.8671875,0.6936217831730381,route/default: outer_bottom_right_to_bottom_right_mid_reverse,right,camera_sign_turn_right,,camera_sign_turn_right,camera_sign_turn_right,False,False,0.28,0.28,red,,,193.6640059774024,219.8,0.0,195.45971770928116,219.80106657110537,0.0009747398626317789
93.4558866059997,92972000000,outer_bottom_right_to_bottom_right_mid_reverse,0.6297648955833742,0.8671875,0.7262153750871343,route/default: outer_bottom_right_to_bottom_right_mid_reverse,right,camera_sign_turn_right,,camera_sign_turn_right,camera_sign_turn_right,False,False,0.28,0.28,red,,,194.86996887822397,219.8,0.0,196.89176646062265,219.8000763281695,0.0011962980060257699
93.65687528699982,93172000000,outer_bottom_right_to_bottom_right_mid_reverse,0.6857280523466174,0.8671875,0.7907494657690723,route/default: outer_bottom_right_to_bottom_right_mid_reverse,right,camera_sign_turn_right,,camera_sign_turn_right,camera_sign_turn_right,False,False,0.28,0.28,red,,,197.25773023345567,219.8,0.0,199.27791205296376,219.79774169161414,0.0014887881664693153
93.75548370999968,93273000000,outer_bottom_right_to_bottom_right_mid_reverse,0.7139849636060506,0.8671875,0.8233340120862566,route/default: outer_bottom_right_to_bottom_right_mid_reverse,right,camera_sign_turn_right,,camera_sign_turn_right,camera_sign_turn_right,False,False,0.28,0.28,red,,,198.46335844719147,219.8,0.0,200.47078443137366,219.79590731604935,0.0015021128982507762
93.95700705799936,93473000000,outer_bottom_right_to_bottom_right_mid_reverse,0.769931853184718,0.8671875,0.8878493442130082,route/default: outer_bottom_right_to_bottom_right_mid_reverse,right,camera_sign_turn_right,,camera_sign_turn_right,camera_sign_turn_right,False,False,0.28,0.28,red,,,200.8504257358813,219.8,0.0,202.85619156695572,219.7916931175589,0.0013504309166700184
94.05672211199999,93573000000,outer_bottom_right_to_bottom_right_mid_reverse,0.7979025607194351,0.8671875,0.9201038538025919,route/default: outer_bottom_right_to_bottom_right_mid_reverse,right,camera_sign_turn_right,,camera_sign_turn_right,camera_sign_turn_right,False,False,0.28,0.28,red,,,202.04384259069587,219.8,0.0,204.04877876976747,219.7896099761682,0.0012217547615113286
94.1575017340001,93674000000,outer_bottom_right_to_bottom_right_mid_reverse,0.826151962703475,0.8671875,0.9526797407751784,route/default: outer_bottom_right_to_bottom_right_mid_reverse,right,camera_sign_turn_right,,camera_sign_turn_right,camera_sign_turn_right,False,False,0.28,0.28,red,,,203.2491504086816,219.8,0.0,205.24131802516348,219.7876700629978,0.0010749753282865838
94.25798550199943,93774000000,outer_bottom_right_to_bottom_right_mid_reverse,0.8541215334401251,0.8671875,0.9849329394624866,route/default: outer_bottom_right_to_bottom_right_mid_reverse,right,camera_sign_turn_right,,camera_sign_turn_right,camera_sign_turn_right,False,False,0.28,0.28,red,,,204.44251876011202,219.8,0.0,206.43383998825885,219.78590124788622,0.000919413647013144
94.35974677899958,93876000000,outer_bottom_right_corner_reverse,0.015435655069153936,0.3944162607362388,0.03913544294634533,route/default: outer_bottom_right_corner_reverse,right,camera_sign_turn_right,,camera_sign_turn_right,camera_sign_turn_right,False,False,0.28,0.28,red,,,205.65858794961724,219.8,0.025596711503152052,207.62534433474013,219.78663277839524,0.0015695244705274545
94.45973314399998,93978000000,outer_bottom_right_corner_reverse,0.042573393478397094,0.3944162607362388,0.10794025935677014,route/default: outer_bottom_right_corner_reverse,right,camera_sign_turn_right,,camera_sign_turn_right,camera_sign_turn_right,False,False,0.28,0.28,red,,,206.81646478841162,219.8,0.09246335063478664,208.7741680550401,219.84333872698414,0.021233274977865018
94.56003683400013,94078000000,outer_bottom_right_corner_reverse,0.06827037682624973,0.3944162607362388,0.17309219629741568,route/default: outer_bottom_right_corner_reverse,right,camera_sign_turn_right,,camera_sign_turn_right,camera_sign_turn_right,False,False,0.28,0.28,red,,,207.91286941125333,219.8,0.15844582408822327,209.86843408016475,219.93945252450487,0.06226659958197461
94.66023884700007,94178000000,outer_bottom_right_corner_reverse,0.09368496431355489,0.3944162607362388,0.23752814891221127,route/default: outer_bottom_right_corner_reverse,right,camera_sign_turn_right,,camera_sign_turn_right,camera_sign_turn_right,False,False,0.28,0.28,red,,,208.997225144045,219.8,0.16553371520442503,210.95747818970864,219.99662425984428,0.10599689984182228
94.87342160099979,94374000000,outer_bottom_right_corner_reverse,0.1418740750738231,0.3944162607362388,0.35970645532968964,route/default: outer_bottom_right_corner_reverse,right,camera_sign_turn_right,,camera_sign_turn_right,camera_sign_turn_right,False,False,0.28,0.28,red,,,211.05329386981646,219.8,0.38183175099583844,213.03696368512863,220.10445086568313,0.23685721937529322
94.96265567799946,94478000000,outer_bottom_right_corner_reverse,0.16558677765137245,0.3944162607362388,0.41982746183506525,route/default: outer_bottom_right_corner_reverse,right,camera_sign_turn_right,,camera_sign_turn_right,camera_sign_turn_right,False,False,0.28,0.28,red,,,212.06503584645856,219.8,0.5078947125133209,214.01194376203637,220.17015514311095,0.3361080765351805
95.06258947599963,94579000000,outer_bottom_right_corner_reverse,0.18814678104254584,0.3944162607362388,0.4770259235543201,route/default: outer_bottom_right_corner_reverse,right,camera_sign_turn_right,,camera_sign_turn_right,camera_sign_turn_right,False,False,0.28,0.28,red,,,213.02759599114864,219.8,0.6362264950241272,214.9641535590851,220.20131734142393,0.4529417582881252
95.26799025399941,94776000000,outer_bottom_right_corner_reverse,0.23138986389376356,0.3944162607362388,0.5866641082744375,route/default: outer_bottom_right_corner_reverse,right,camera_sign_turn_right,,camera_sign_turn_right,camera_sign_turn_right,False,False,0.28,0.28,red,green,green,214.8726341928006,219.8,0.8908305436622458,216.83550547823637,220.0010285946662,0.7065022748091725
95.36830298399946,94877000000,outer_bottom_right_corner_reverse,0.2536224548720207,0.3944162607362388,0.6430324510419404,route/default: outer_bottom_right_corner_reverse,right,camera_sign_turn_right,,camera_sign_turn_right,camera_sign_turn_right,False,False,0.28,0.28,red,green,green,215.8212247412062,219.8,1.017703945549441,217.73526583091308,219.7328246220173,0.8340090480617169
95.4651173659995,94979000000,outer_bottom_right_corner_reverse,0.2762183942579932,0.3944162607362388,0.700322024610215,route/default: outer_bottom_right_corner_reverse,right,camera_sign_turn_right,,camera_sign_turn_right,camera_sign_turn_right,False,False,0.28,0.28,red,,,216.7853181550077,219.8,1.1387480226975644,218.5898357448557,219.33485436387406,0.9570019671924315
95.56842617299935,95079000000,outer_bottom_right_corner_reverse,0.2985832106418289,0.3944162607362388,0.7570256106694924,route/default: outer_bottom_right_corner_reverse,right,camera_sign_turn_right,,camera_sign_turn_right,camera_sign_turn_right,False,False,0.28,0.28,red,red,red,217.73955032071802,219.8,1.2483269721073347,219.38426904831954,218.80034879516916,1.0722639466179826
95.6688176789994,95179000000,outer_bottom_right_corner_reverse,0.32137116439647173,0.3944162607362388,0.814802016013698,route/default: outer_bottom_right_corner_reverse,right,camera_sign_turn_right,,camera_sign_turn_right,camera_sign_turn_right,False,False,0.28,0.28,red,red,red,218.50334430847084,219.2966556915291,1.3211794052533918,220.0906540813536,218.1420541459364,1.1759539862728965
95.7657470260001,95279000000,outer_bottom_right_corner_reverse,0.34450856187044304,0.3944162607362388,0.8734643983170589,route/default: outer_bottom_right_corner_reverse,right,camera_sign_turn_right,,camera_sign_turn_right,camera_sign_turn_right,False,False,0.28,0.28,red,red,red,219.2013970296593,218.59860297034072,1.3823138372538712,220.70211379180938,217.37264061943705,1.267653025507639
95.86706410499937,95380000000,outer_bottom_right_corner_reverse,0.36839474891564095,0.3944162607362388,0.9340252560276681,route/default: outer_bottom_right_corner_reverse,right,camera_sign_turn_right,,camera_sign_turn_right,camera_sign_turn_right,False,False,0.28,0.28,red,red,red,219.92204064934356,217.87795935065645,1.4436992538645514,221.21755757965872,216.50623866219678,1.347872149799477
95.96690990499974,95481000000,outer_bottom_right_corner_reverse,0.3928616908853104,0.3944162607362388,0.9960585553749063,route/default: outer_bottom_right_corner_reverse,right,camera_sign_turn_right,,camera_sign_turn_right,camera_sign_turn_right,False,False,0.28,0.28,red,red,red,220.9336716863604,217.8,1.5292442869424592,221.63548589325927,215.56054307095667,1.4165570035095405
96.06791295099993,95579000000,outer_right_mid_to_lower_reverse,0.023309928185088622,1.289914491170345,0.018070909618155714,route/default: outer_right_mid_to_lower_reverse,right,camera_sign_turn_right,,camera_sign_turn_right,camera_sign_turn_right,False,False,0.28,0.28,red,red,red,221.03614181923632,216.80609997100146,1.5344487057758764,221.96845942438165,214.5441189396957,1.4766981197455396
96.16769627899976,95683000000,outer_right_mid_to_lower_reverse,0.05020276163152641,1.289914491170345,0.03891944929309014,route/default: outer_right_mid_to_lower_reverse,right,camera_sign_turn_right,,camera_sign_turn_right,camera_sign_turn_right,False,False,0.28,0.28,red,red,red,221.0778388985862,215.65943028888006,1.5344487057758764,222.2039166791015,213.48153906063334,1.5240847707387482
96.3792038470001,95880000000,outer_right_mid_to_lower_reverse,0.1019449328264029,1.289914491170345,0.07903231843988963,route/default: outer_right_mid_to_lower_reverse,right,camera_sign_turn_right,,camera_sign_turn_right,camera_sign_turn_right,False,False,0.28,0.28,red,red,red,221.15806463687977,213.45322248580607,1.5344487057758749,222.44030562578212,211.25785939096437,1.5851906031900536
96.46959911799968,95984000000,outer_right_mid_to_lower_reverse,0.1299689914224555,1.289914491170345,0.10075783496666826,route/default: outer_right_mid_to_lower_reverse,right,camera_sign_turn_right,,camera_sign_turn_right,camera_sign_turn_right,False,False,0.28,0.28,red,red,red,221.20151566993331,212.25831907683323,1.5344487057758764,222.4796445543492,210.11520399807495,1.605195829724778
96.56987087400012,96085000000,outer_right_mid_to_lower_reverse,0.15757886587884923,1.289914491170345,0.12216225723294048,route/default: outer_right_mid_to_lower_reverse,right,camera_sign_turn_right,,camera_sign_turn_right,camera_sign_turn_right,False,False,0.28,0.28,red,red,red,221.24432451446586,211.0810758521883,1.5344487057758764,222.47235139724415,208.94994850090154,1.617164309051091
96.77196825299961,96283000000,outer_right_mid_to_lower_reverse,0.2126065030501931,1.289914491170345,0.1648221680627018,route/default: outer_right_mid_to_lower_reverse,right,camera_sign_turn_right,,camera_sign_turn_right,camera_sign_turn_right,False,False,0.28,0.28,red,red,red,221.3296443361254,208.7347807565514,1.5344487057758749,222.38031835445582,206.5870310330639,1.6266131102579748
96.87211046099947,96384000000,outer_right_mid_to_lower_reverse,0.24072735319628985,1.289914491170345,0.18662272177272532,route/default: outer_right_mid_to_lower_reverse,right,camera_sign_turn_right,,camera_sign_turn_right,camera_sign_turn_right,False,False,0.28,0.28,red,red,red,221.37324544354544,207.5357503025001,1.5344487057758749,222.31008602559194,205.40021442044872,1.625348553015788
96.97931619799965,96485000000,outer_right_mid_to_lower_reverse,0.26865396441452977,1.289914491170345,0.2082726926889385,route/default: outer_right_mid_to_lower_reverse,right,camera_sign_turn_right,,camera_sign_turn_right,camera_sign_turn_right,False,False,0.28,0.28,red,red,red,221.4165453853779,206.34500190210838,1.5344487057758764,222.21842693237772,203.98286985347,1.6201902884523138
97.07362736300001,96587000000,outer_right_mid_to_lower_reverse,0.29680301226079003,1.289914491170345,0.23009510653027812,route/default: outer_right_mid_to_lower_reverse,right,camera_sign_turn_right,,camera_sign_turn_right,camera_sign_turn_right,False,False,0.28,0.28,red,red,red,221.46019021306057,205.1447691408347,1.5344487057758749,222.15740560053177,203.0413131349309,1.6153070770733393
97.17962346700006,96688000000,outer_right_mid_to_lower_reverse,0.3246521861922577,1.289914491170345,0.2516850445626821,route/default: outer_right_mid_to_lower_reverse,right,camera_sign_turn_right,,camera_sign_turn_right,camera_sign_turn_right,False,False,0.28,0.28,red,red,red,221.50337008912538,203.9573225490525,1.5344487057758764,222.06845854859563,201.63285691079162,1.6056595778710094
97.27513158700003,96788000000,outer_right_mid_to_lower_reverse,0.35224375825309856,1.289914491170345,0.27307527798490444,route/default: outer_right_mid_to_lower_reverse,right,camera_sign_turn_right,,camera_sign_turn_right,camera_sign_turn_right,False,False,0.28,0.28,red,red,red,221.5461505559698,202.78085971083027,1.5344487057758749,222.0154382442841,200.69467520623647,1.598777056502489
97.47640623000007,96988000000,outer_right_mid_to_lower_reverse,0.4072122102443271,1.289914491170345,0.3156893057886819,route/default: outer_right_mid_to_lower_reverse,right,camera_sign_turn_right,,camera_sign_turn_right,camera_sign_turn_right,False,False,0.28,0.28,red,red,red,221.63137861157736,200.4370881816225,1.5344487057758764,221.90755185194882,198.34986129831213,1.5800836250475176
97.5767786059996,97089000000,outer_right_mid_to_lower_reverse,0.43499854402303983,1.289914491170345,0.3372305272951572,route/default: outer_right_mid_to_lower_reverse,right,camera_sign_turn_right,,camera_sign_turn_right,camera_sign_turn_right,False,False,0.28,0.28,red,red,red,221.67446105459032,199.25232099876638,1.5344487057758749,221.87123879547096,197.17584390304486,1.5711293711992655
97.68378307799958,97189000000,outer_right_mid_to_lower_reverse,0.4625468907243835,1.289914491170345,0.3585872504655038,route/default: outer_right_mid_to_lower_reverse,right,camera_sign_turn_right,,camera_sign_turn_right,camera_sign_turn_right,False,False,0.28,0.28,red,red,red,221.71717450093098,198.0777012243973,1.5344487057758749,221.84382004207828,195.76492798613617,1.5612154828531262
97.77851158199974,97291000000,outer_right_mid_to_lower_reverse,0.4906892860023969,1.289914491170345,0.3804045069353337,route/default: outer_right_mid_to_lower_reverse,right,camera_sign_turn_right,,camera_sign_turn_right,camera_sign_turn_right,False,False,0.28,0.28,red,red,red,221.76080901387064,196.87775211855666,1.5344487057758749,221.83602413094178,194.82293275932227,1.5554600780442789
97.97967404599967,97492000000,outer_right_mid_to_lower_reverse,0.5462659692615481,1.289914491170345,0.4234900631017166,route/default: outer_right_mid_to_lower_reverse,right,camera_sign_turn_right,,camera_sign_turn_right,camera_sign_turn_right,False,False,0.28,0.28,red,red,red,221.84698012620345,194.5080465294056,1.5344487057758749,221.8482120320317,192.22635724249966,1.5420760873747574
98.08087548499952,97592000000,outer_right_mid_to_lower_reverse,0.573895243626729,1.289914491170345,0.4449095250538904,route/default: outer_right_mid_to_lower_reverse,right,camera_sign_turn_right,,camera_sign_turn_right,camera_sign_turn_right,False,False,0.28,0.28,red,red,red,221.8898190501078,193.32997612203604,1.5344487057758764,221.86782620125922,191.04414422558654,1.5370542997851653
98.28052235299947,97791000000,outer_right_mid_to_lower_reverse,0.6291581923576816,1.289914491170345,0.4877518600375158,route/default: outer_right_mid_to_lower_reverse,right,camera_sign_turn_right,,camera_sign_turn_right,camera_sign_turn_right,False,False,0.28,0.28,red,red,red,221.97550372007504,190.97364769793663,1.5344487057758764,221.9233986363916,188.91392867355094,1.5298736482649828
98.38077984799929,97891000000,outer_right_mid_to_lower_reverse,0.657041692164614,1.289914491170345,0.509368409039639,route/default: outer_right_mid_to_lower_reverse,right,camera_sign_turn_right,,camera_sign_turn_right,camera_sign_turn_right,False,False,0.28,0.28,red,red,red,222.01873681807928,189.78473750281987,1.5344487057758764,221.96520309409004,187.72665205143872,1.5274774725759797
98.48059260899936,97992000000,outer_right_mid_to_lower_reverse,0.6852423006974364,1.289914491170345,0.5312307950550373,route/default: outer_right_mid_to_lower_reverse,right,camera_sign_turn_right,,camera_sign_turn_right,camera_sign_turn_right,False,False,0.28,0.28,red,red,red,222.06246159011005,188.58230627197295,1.5344487057758749,222.0121000378254,186.53752995332064,1.5258336625693238
98.68717911699969,98189000000,outer_right_mid_to_lower_reverse,0.740314186851327,1.289914491170345,0.5739250096955161,route/default: outer_right_mid_to_lower_reverse,right,camera_sign_turn_right,,camera_sign_turn_right,camera_sign_turn_right,False,False,0.28,0.28,green,green,green,222.14785001939106,186.2341244667466,1.5344487057758764,222.1267591839109,183.91666540973006,1.5241387549804999
98.88715498199963,98389000000,outer_right_mid_to_lower_reverse,0.7962685708515213,1.289914491170345,0.6173033765432492,route/default: outer_right_mid_to_lower_reverse,right,camera_sign_turn_right,,camera_sign_turn_right,camera_sign_turn_right,False,False,0.28,0.28,green,green,green,222.2346067530865,183.8483142901213,1.5344487057758764,222.2393111409487,181.53215795848396,1.5248048428218668
98.9853128169998,98491000000,outer_right_mid_to_lower_reverse,0.8247553647495702,1.289914491170345,0.639387626385425,route/default: outer_right_mid_to_lower_reverse,right,camera_sign_turn_right,,camera_sign_turn_right,camera_sign_turn_right,False,False,0.28,0.28,green,green,green,222.27877525277086,182.63368054880164,1.5344487057758764,222.29594794405278,180.34068479145586,1.525530615149153
99.0843925170002,98593000000,outer_right_mid_to_lower_reverse,0.8532780104882053,1.289914491170345,0.6614996701944347,route/default: outer_right_mid_to_lower_reverse,right,camera_sign_turn_right,,camera_sign_turn_right,camera_sign_turn_right,False,False,0.28,0.28,green,green,green,222.3229993403889,181.41751813930608,1.5344487057758764,222.3518473500161,179.15009852843076,1.526286454808644
99.18452805299967,98696000000,outer_right_mid_to_lower_reverse,0.8820701474892545,1.289914491170345,0.683820635807377,route/default: outer_right_mid_to_lower_reverse,right,camera_sign_turn_right,,camera_sign_turn_right,camera_sign_turn_right,False,False,0.28,0.28,green,green,green,222.36764127161473,180.18986503059426,1.5344487057758749,222.40723376018246,177.95985177227996,1.5271534735770327
99.28510447000008,98797000000,outer_right_mid_to_lower_reverse,0.9101747242521072,1.289914491170345,0.705608573655376,route/default: outer_right_mid_to_lower_reverse,right,camera_sign_turn_right,,camera_sign_turn_right,camera_sign_turn_right,False,False,0.28,0.28,green,green,green,222.41121714731077,178.9915284489543,1.5344487057758749,222.46168112501863,176.76963931222787,1.5280958884713232
99.4896039969999,98995000000,outer_right_mid_to_lower_reverse,0.9654871340908191,1.289914491170345,0.7484892531247,route/default: outer_right_mid_to_lower_reverse,right,camera_sign_turn_right,,camera_sign_turn_right,camera_sign_turn_right,False,False,0.28,0.28,green,green,green,222.49697850624938,176.6330910781415,1.5344487057758749,222.56751141580844,174.38838537854892,1.5301512188476702
99.58725300300011,99097000000,outer_right_mid_to_lower_reverse,0.994011759785001,1.289914491170345,0.7706028318847165,route/default: outer_right_mid_to_lower_reverse,right,camera_sign_turn_right,,camera_sign_turn_right,camera_sign_turn_right,False,False,0.28,0.28,green,green,green,222.54120566376946,175.4168442463406,1.534945020801437,222.61850451753213,173.19726640822645,1.5311564728825446
99.78841277399988,99298000000,outer_right_mid_to_lower_reverse,1.050013601754954,1.289914491170345,0.814017990295056,route/default: outer_right_mid_to_lower_reverse,right,camera_sign_turn_right,,camera_sign_turn_right,camera_sign_turn_right,False,False,0.28,0.28,green,green,green,222.62803598059008,173.02901053377192,1.5417294696116013,222.72222745014022,170.8213514802667,1.5352331250123599
99.89572993499951,99401000000,outer_right_mid_to_lower_reverse,1.0786621604316327,1.289914491170345,0.836227647503175,route/default: outer_right_mid_to_lower_reverse,right,camera_sign_turn_right,,camera_sign_turn_right,camera_sign_turn_right,False,False,0.28,0.28,green,green,green,222.67245529500633,171.80747938732537,1.5452005803968165,222.77340404641075,169.63610889641004,1.5384270955875485
100.09015962499961,99597000000,outer_right_mid_to_lower_reverse,1.1331162038778722,1.289914491170345,0.8784428825586654,route/default: outer_right_mid_to_lower_reverse,right,camera_sign_turn_right,,camera_sign_turn_right,camera_sign_turn_right,False,False,0.28,0.28,green,green,green,222.75688576511732,169.4856414592734,1.5517987538766378,222.86685143416264,167.26770357224447,1.5460644444832412
100.19043728999986,99698000000,outer_right_mid_to_lower_reverse,1.1611600159453457,1.289914491170345,0.9001837128690756,route/default: outer_right_mid_to_lower_reverse,right,camera_sign_turn_right,,camera_sign_turn_right,camera_sign_turn_right,False,False,0.28,0.28,green,green,green,222.80036742573816,168.28989579220084,1.5551968749741796,222.90735416036938,166.08364988712304,1.5500815642423538
100.29151599999932,99800000000,outer_right_mid_to_lower_reverse,1.1894846828911463,1.289914491170345,0.9221422745719537,route/default: outer_right_mid_to_lower_reverse,right,camera_sign_turn_right,,camera_sign_turn_right,camera_sign_turn_right,False,False,0.28,0.28,green,green,green,222.84428454914394,167.08217489854255,1.5586289671677287,222.9423107193427,164.89893323920833,1.5538657602106123
100.498785924,99999000000,outer_right_mid_to_lower_reverse,1.2437634193427112,1.289914491170345,0.9642216037237005,route/default: outer_right_mid_to_lower_reverse,left,camera_sign_turn_left,,camera_sign_turn_left,camera_sign_turn_left,False,False,0.28,0.28,green,green,green,222.9284432074474,164.76781179519648,1.6109098780142073,223.03705343208816,162.56115795643817,1.5744344871188787
100.69514180499937,100198000000,inner_middle_cross_reverse,0.00764722235808964,5.461513532244725,0.0014002020342786868,route/left from camera_sign_turn_left: inner_middle_cross_reverse delta=+92.1deg,,,,camera_sign_turn_left,camera_sign_turn_left,False,False,0.28,0.28,green,green,green,222.98238887253865,162.47419414196457,1.6247978271708687,223.0997911790298,160.48612933039018,1.6047168614525835
100.79545942799996,100301000000,inner_middle_cross_reverse,0.03571962748206707,5.461513532244725,0.006540243335694167,route/left from camera_sign_turn_left: inner_middle_cross_reverse delta=+92.1deg,,,,camera_sign_turn_left,camera_sign_turn_left,False,False,0.28,0.28,green,green,green,222.91773968599279,161.2781841908664,1.6247978271708687,223.09546831580326,159.09213873809807,1.6208158475745151
100.89542574799998,100402000000,inner_middle_cross_reverse,0.06351441003202707,5.461513532244725,0.011629452102798718,route/left from camera_sign_turn_left: inner_middle_cross_reverse delta=+92.1deg,,,,camera_sign_turn_left,camera_sign_turn_left,False,False,0.28,0.28,green,green,green,222.85372984878296,160.0940022024849,1.6247978271708632,223.06474389982884,157.9223367318458,1.6308167735605639
100.99608640299994,100503000000,inner_middle_cross_reverse,0.09130010914691125,5.461513532244725,0.01671699769814288,route/left from camera_sign_turn_left: inner_middle_cross_reverse delta=+92.1deg,,,,camera_sign_turn_left,camera_sign_turn_left,False,False,0.28,0.28,green,green,green,222.78974093021856,158.91020720904356,1.6247978271708687,223.01701708340408,156.75022974726275,1.6389175743334274
101.20182603299963,100703000000,inner_middle_cross_reverse,0.14665578569193102,5.461513532244725,0.026852590371895378,route/left from camera_sign_turn_left: inner_middle_cross_reverse delta=+92.1deg,,,,camera_sign_turn_left,camera_sign_turn_left,False,False,0.28,0.28,green,green,green,222.66225988812312,156.55180793027756,1.6247978271708687,222.87620969251884,154.39195856840155,1.6486151611939162
101.29796988099952,100803000000,inner_middle_cross_reverse,0.1745603411407756,5.461513532244725,0.03196189849391986,route/left from camera_sign_turn_left: inner_middle_cross_reverse delta=+92.1deg,,,,camera_sign_turn_left,camera_sign_turn_left,False,False,0.28,0.28,green,green,green,222.59799725003694,155.3629491256829,1.6247978271708687,222.78997890552563,153.20652313732785,1.650873529761007
101.39930475399979,100905000000,inner_middle_cross_reverse,0.2029996630280287,5.461513532244725,0.03716912204456156,route/left from camera_sign_turn_left: inner_middle_cross_reverse delta=+92.1deg,,,,camera_sign_turn_right,camera_sign_turn_left,False,False,0.28,0.28,green,green,green,222.53250307460712,154.15130688023143,1.6247978271708632,222.6968997873368,152.017600955285,1.6517717132332057
101.59831749800014,101104000000,inner_middle_cross_reverse,0.25856609934979924,5.461513532244725,0.04734330471273712,route/left from camera_sign_turn_left: inner_middle_cross_reverse delta=+92.1deg,,,,camera_sign_turn_right,camera_sign_turn_left,False,False,0.28,0.28,green,green,green,222.40453666447627,151.7839282928108,1.6247978271708687,222.50031562568375,149.64262038898528,1.6503377505717214
101.69875265399969,101206000000,inner_middle_cross_reverse,0.2869720717937918,5.461513532244725,0.05254442199941672,route/left from camera_sign_turn_left: inner_middle_cross_reverse delta=+92.1deg,,,,camera_sign_turn_right,camera_sign_turn_left,False,False,0.28,0.28,green,green,green,222.33911929095814,150.57370688272516,1.6247978271708632,222.4007584075652,148.4574854173355,1.648601703313118
101.9007014939998,101406000000,inner_middle_cross_reverse,0.34261291652254366,5.461513532244725,0.0627322288042976,route/left from camera_sign_turn_left: inner_middle_cross_reverse delta=+92.1deg,,,,camera_sign_turn_right,camera_sign_turn_left,False,False,0.28,0.28,green,green,green,222.2109815224074,148.20315816453726,1.6247978271708632,222.2049722759371,146.0896139698507,1.6438494125044345
102.0008260730001,101507000000,inner_middle_cross_reverse,0.37069977894321743,5.461513532244725,0.06787491722845863,route/left from camera_sign_turn_left: inner_middle_cross_reverse delta=+92.1deg,,,,camera_sign_turn_right,camera_sign_turn_left,False,False,0.28,0.28,green,green,green,222.14629904151195,147.00653226797098,1.6247978271708687,222.11061848084836,144.9059855897747,1.641177233127055
102.20089217399982,101709000000,inner_middle_cross_reverse,0.42688010912053237,5.461513532244725,0.07816150351001351,route/left from camera_sign_turn_left: inner_middle_cross_reverse delta=+92.1deg,,,,camera_sign_turn_right,camera_sign_turn_left,False,False,0.28,0.28,green,green,green,222.0169188679999,144.6129990579982,1.6247978271708687,221.9316887017531,142.53783321969408,1.635888716649081
102.30107081999995,101809000000,inner_middle_cross_reverse,0.4547035416353484,5.461513532244725,0.08325595806927566,route/left from camera_sign_turn_left: inner_middle_cross_reverse delta=+92.1deg,,,,,camera_sign_turn_left,False,False,0.28,0.28,green,green,green,221.95284305151563,143.42759645303914,1.6247978271708632,221.8474873249247,141.3529327279882,1.633456181132848
102.50217908800005,102007000000,inner_middle_cross_reverse,0.5098284295422594,5.461513532244725,0.09334929347556077,route/left from camera_sign_turn_left: inner_middle_cross_reverse delta=+92.1deg,,,,,camera_sign_turn_left,False,False,0.28,0.28,green,green,green,221.82589350280847,141.07902980195712,1.6247978271708632,221.68929385293302,138.9810142507964,1.6292896819351508
102.60274845299955,102107000000,inner_middle_cross_reverse,0.5376886119016776,5.461513532244725,0.09845047691032331,route/left from camera_sign_turn_left: inner_middle_cross_reverse delta=+92.1deg,,,,,camera_sign_turn_left,False,False,0.28,0.28,green,green,green,221.76173305347754,139.89206148933422,1.6247978271708632,221.61486381919042,137.79394246401267,1.6275982857550195
102.80321350199938,102305000000,inner_middle_cross_reverse,0.5920048254654516,5.461513532244725,0.10839574450749974,route/left from camera_sign_turn_left: inner_middle_cross_reverse delta=+92.1deg,,,,,camera_sign_turn_left,False,False,0.28,0.28,green,green,green,221.63664583677343,137.57794798030818,1.6247978271708632,221.53136339670664,135.45921142059294,1.6439109595733556
102.90379577499971,102408000000,inner_middle_cross_reverse,0.617471720914007,5.461513532244725,0.1130587184794947,route/left from camera_sign_turn_left: inner_middle_cross_reverse delta=+92.1deg,,,,,camera_sign_turn_left,False,False,0.28,0.28,green,green,green,221.57799699399254,136.49294438886196,1.624797827170869,221.5844293008592,134.37355858677097,1.6888500695618003
103.00427097800002,102508000000,inner_middle_cross_reverse,0.6413132594102194,5.461513532244725,0.11742409052434127,route/left from camera_sign_turn_left: inner_middle_cross_reverse delta=+92.1deg,,,,,camera_sign_turn_left,False,False,0.28,0.28,green,green,green,221.52309125780874,135.4771882694618,1.6247978271708632,221.6798399892349,133.34891314298736,1.761898547597703
103.10424694799985,102608000000,inner_middle_cross_reverse,0.6642798161794644,5.461513532244725,0.12162925391607338,route/left from camera_sign_turn_left: inner_middle_cross_reverse delta=+92.1deg,,,,,camera_sign_turn_left,False,False,0.28,0.28,green,green,green,221.47020055584238,134.49871028308448,1.6247978271708632,221.78637414540992,132.36674929126946,1.8599734239593713
103.20451890099957,102709000000,inner_middle_cross_reverse,0.6869701963576219,5.461513532244725,0.12578384953214092,route/left from camera_sign_turn_left: inner_middle_cross_reverse delta=+92.1deg,,,,,camera_sign_turn_left,False,False,0.28,0.28,green,green,green,221.4179458731939,133.531998654087,1.6247978271708632,221.87563911425684,131.41163230533385,1.9799267868287749
103.4051778160001,102909000000,inner_middle_cross_reverse,0.7300797798254178,5.461513532244725,0.13367718957666838,route/left from camera_sign_turn_left: inner_middle_cross_reverse delta=+92.1deg,,,,camera_sign_turn_right,camera_sign_turn_left,False,False,0.28,0.28,green,green,green,221.3186669018619,131.6953376844452,1.6247978271708687,221.89282507573836,129.55653481297497,2.2709258078755536
103.50635231599972,103009000000,inner_middle_cross_reverse,0.7516863714340437,5.461513532244725,0.13763334412632952,route/left from camera_sign_turn_left: inner_middle_cross_reverse delta=+92.1deg,,,,camera_sign_turn_right,camera_sign_turn_left,False,False,0.28,0.28,yellow,green,green,221.2689081239675,130.77480029339856,1.6247978271708632,221.70368379803062,128.65053591675377,2.4169549335539
103.60600708199945,103109000000,inner_middle_cross_reverse,0.7734610273947866,5.461513532244725,0.14162027116261452,route/left from camera_sign_turn_left: inner_middle_cross_reverse delta=+92.1deg,,,,camera_sign_turn_right,camera_sign_turn_left,False,False,0.28,0.28,yellow,green,green,221.21876230322425,129.84710260964917,1.6247978271708634,221.3548864081244,127.78884082588853,2.5553754303663996
103.80665854499966,103308000000,inner_middle_cross_reverse,0.8177234131231865,5.461513532244725,0.1497246886408603,route/left from camera_sign_turn_left: inner_middle_cross_reverse delta=+92.1deg,,,,camera_sign_turn_right,camera_sign_turn_left,False,False,0.28,0.28,yellow,green,green,221.1168284924488,127.96132711030316,2.1343211925769787,220.19694035888256,126.3013377580229,2.795556097379956
103.91197505399941,103410000000,inner_middle_cross_reverse,0.8416042171611358,5.461513532244725,0.1540972501839119,route/left from camera_sign_turn_left: inner_middle_cross_reverse delta=+92.1deg,,,,,camera_sign_turn_left,False,False,0.28,0.28,yellow,green,green,221.06183232990787,126.94389810329521,2.6851482209939017,219.25341141435956,125.60329856520413,2.9141030887897963
104.00778217399966,103510000000,inner_middle_cross_reverse,0.865168093030519,5.461513532244725,0.15841178236080067,route/left from camera_sign_turn_left: inner_middle_cross_reverse delta=+92.1deg,,,,,camera_sign_turn_left,False,False,0.28,0.28,yellow,green,green,221.00756603529948,125.93997165304057,3.098953637784245,218.5357827545776,125.23005354505938,2.9812562334200985
104.20847681799933,103711000000,inner_middle_cross_reverse,0.9146547939770441,5.461513532244725,0.16747276896357222,route/left from camera_sign_turn_left: inner_middle_cross_reverse delta=+92.1deg,,,,,camera_sign_turn_left,False,False,0.28,0.28,yellow,green,green,219.0287434176106,125.8,3.141592653589793,216.55375107633097,124.60076574502371,3.1131055380717534
104.40905088,103910000000,inner_middle_cross_reverse,0.9660874336573144,5.461513532244725,0.17689005583407297,route/left from camera_sign_turn_left: inner_middle_cross_reverse delta=+92.1deg,,,,,camera_sign_turn_left,False,False,0.28,0.28,yellow,green,green,216.83428412458574,125.8,3.141592653589793,214.3887118122297,124.35158396803254,-3.084534231739156
104.51019779599937,104011000000,inner_middle_cross_reverse,0.9930632968297463,5.461513532244725,0.18182932093213902,route/left from camera_sign_turn_left: inner_middle_cross_reverse delta=+92.1deg,,,,,camera_sign_turn_left,False,False,0.28,0.28,red,green,green,215.68331396256195,125.8,3.141592653589793,213.25617651087418,124.34406559491342,-3.058719047333075
104.61066659399967,104112000000,inner_middle_cross_reverse,1.020489875400505,5.461513532244725,0.18685111176151853,route/left from camera_sign_turn_left: inner_middle_cross_reverse delta=+92.1deg,,,,,camera_sign_turn_left,False,False,0.28,0.28,red,green,green,214.51311327687625,125.8,3.141592653589793,211.87761498083933,124.3979666982907,-3.03597602682399
104.71063635100018,104214000000,inner_middle_cross_reverse,1.0485952421291502,5.461513532244725,0.1919971883138719,route/left from camera_sign_turn_left: inner_middle_cross_reverse delta=+92.1deg,,,,,camera_sign_turn_left,False,False,0.28,0.28,red,green,green,213.3139509631207,125.8,3.141592653589793,210.70993583028493,124.49418662276317,-3.0258944375461896
104.81361851899965,104314000000,inner_middle_cross_reverse,1.0765759298772,5.461513532244725,0.19712043621628067,route/left from camera_sign_turn_left: inner_middle_cross_reverse delta=+92.1deg,,,,,camera_sign_turn_left,False,False,0.28,0.28,red,green,green,212.12010828587063,125.8,3.141592653589793,209.52832057472074,124.62586368324642,-3.0237002664750854
104.91195837199939,104414000000,inner_middle_cross_reverse,1.1043413562807065,5.461513532244725,0.20220426988978155,route/left from camera_sign_turn_left: inner_middle_cross_reverse delta=+92.1deg,,,,,camera_sign_turn_left,False,False,0.28,0.28,red,green,green,210.93545009265432,125.8,3.141592653589793,208.35056281660283,124.77336545454625,-3.0263602613074307
105.1200992389995,104610000000,inner_middle_cross_reverse,1.1584201851102753,5.461513532244725,0.21210607247807287,route/left from camera_sign_turn_left: inner_middle_cross_reverse delta=+92.1deg,,,,,camera_sign_turn_left,False,False,0.28,0.28,red,yellow,yellow,208.6280867292594,125.8,3.141592653589793,206.01539057006966,125.07959313837318,-3.041376612942157
105.21403956099948,104719000000,inner_middle_cross_reverse,1.1882672157197003,5.461513532244725,0.21757104668956356,route/left from camera_sign_turn_left: inner_middle_cross_reverse delta=+92.1deg,,,,camera_sign_speed_limit,camera_sign_turn_left,False,False,0.28,0.28,red,red,red,207.35461342325726,125.8,3.141592653589793,204.85455530272324,125.22593074150323,-3.0518098719712525
105.31682015299975,104825000000,inner_middle_cross_reverse,1.2172216268742833,5.461513532244725,0.22287258279006691,route/left from camera_sign_turn_left: inner_middle_cross_reverse delta=+92.1deg,,,,camera_sign_speed_limit,camera_sign_turn_left,False,False,0.28,0.28,red,red,red,206.11922521399504,125.8,3.141592653589793,203.69563294881561,125.36308718968594,-3.0634096884290405
105.41434736999963,104925000000,inner_middle_cross_reverse,1.244605617429899,5.461513532244725,0.2278865757782635,route/left from camera_sign_turn_left: inner_middle_cross_reverse delta=+92.1deg,,,,camera_sign_speed_limit,camera_sign_turn_left,False,False,0.28,0.28,red,red,red,204.95084161695547,125.8,3.141592653589793,202.5356534856594,125.48799227745786,-3.0755122633705825
105.51538694499959,105027000000,inner_middle_cross_reverse,1.2725585739584337,5.461513532244725,0.23300474611026042,route/left from camera_sign_turn_left: inner_middle_cross_reverse delta=+92.1deg,,,,camera_sign_speed_limit,camera_sign_turn_left,False,False,0.28,0.28,red,red,red,203.7581821384046,125.8,3.141592653589793,201.3722127654311,125.59865621161504,-3.0874961385310757
105.61826671800009,105127000000,inner_middle_cross_reverse,1.299881770728734,5.461513532244725,0.23800760779118174,route/left from camera_sign_turn_left: inner_middle_cross_reverse delta=+92.1deg,,,,camera_sign_speed_limit,camera_sign_turn_left,False,False,0.28,0.28,red,red,red,202.5923924095385,125.8,3.141592653589793,200.20824068686565,125.69447091116072,-3.099074923685934
105.82009753999955,105325000000,inner_middle_cross_reverse,1.354296929801908,5.461513532244725,0.2479709922544642,route/left from camera_sign_turn_left: inner_middle_cross_reverse delta=+92.1deg,,,,camera_sign_speed_limit,camera_sign_turn_left,False,False,0.28,0.28,red,red,red,200.2706789557497,125.8,3.141592653589793,197.86910438009937,125.83810320561801,-3.119120770016232
105.91800581699954,105428000000,inner_middle_cross_reverse,1.3827295552496477,5.461513532244725,0.253176989690866,route/left from camera_sign_turn_left: inner_middle_cross_reverse delta=+92.1deg,,,,camera_sign_speed_limit,camera_sign_turn_left,False,False,0.28,0.28,red,red,red,199.05755360331284,125.8,3.141592653589793,196.69464195943453,125.88741660591957,-3.1272724474957974
106.11996416900001,105629000000,inner_middle_cross_reverse,1.4383281049277488,5.461513532244725,0.26335705229619466,route/left from camera_sign_turn_left: inner_middle_cross_reverse delta=+92.1deg,,,,camera_sign_speed_limit,camera_sign_turn_left,False,False,0.28,0.28,red,red,red,196.6853488170472,125.8,3.141592653589793,194.33749337101062,125.94827183181773,-3.1398857058237164
106.31987122099963,105828000000,inner_middle_cross_reverse,1.4935518155867653,5.461513532244725,0.2734684820917955,route/left from camera_sign_turn_left: inner_middle_cross_reverse delta=+92.1deg,,,,camera_sign_speed_limit,camera_sign_turn_left,False,False,0.28,0.28,red,red,red,194.3291371622625,125.8,3.141592653589793,191.96902599164144,125.96973502626696,3.135222590251486
106.42060070199932,105929000000,inner_middle_cross_reverse,1.5216540036538695,5.461513532244725,0.2786139766330411,route/left from camera_sign_turn_left: inner_middle_cross_reverse delta=+92.1deg,,,,camera_sign_speed_limit,camera_sign_turn_left,False,False,0.28,0.28,red,red,red,193.13011047139935,125.8,3.141592653589793,190.78139899093023,125.96940330094563,3.1326812372269246
106.52118441999937,106030000000,inner_middle_cross_reverse,1.549806688179919,5.461513532244725,0.2837687170470008,route/left from camera_sign_turn_left: inner_middle_cross_reverse delta=+92.1deg,,,,camera_sign_speed_limit,camera_sign_turn_left,False,False,0.28,0.28,red,red,red,191.92892926495458,125.8,3.141592653589793,189.59198426840135,125.96388602874262,3.1309448400031528
106.6305384289999,106132000000,inner_middle_cross_reverse,1.578300524673951,5.461513532244725,0.2889859221909237,route/left from camera_sign_turn_left: inner_middle_cross_reverse delta=+92.1deg,,,,camera_sign_speed_limit,camera_sign_turn_left,False,False,0.28,0.28,red,red,red,190.7131922412092,125.8,3.141592653589793,188.16332300455554,125.95354312173939,3.129190799606996
106.82187971199983,106332000000,inner_middle_cross_reverse,1.6341760357572583,5.461513532244725,0.29921669627093267,route/left from camera_sign_turn_left: inner_middle_cross_reverse delta=+92.1deg,,,,camera_sign_speed_limit,camera_sign_turn_left,False,False,0.14,0.28,red,red,red,188.32917043498813,125.8,3.141592653589793,186.01593678489857,125.92881121638759,3.128277750195876
106.92255849899993,106434000000,inner_middle_cross_reverse,1.6484347995797703,5.461513532244725,0.3018274677609836,route/left from camera_sign_turn_left: inner_middle_cross_reverse delta=+92.1deg,,,,camera_sign_speed_limit,camera_sign_turn_left,False,False,0.14,0.28,red,red,red,187.72079651189426,125.8,3.141592653589793,185.00115440054972,125.91633141597556,3.1282324613868213
107.02455356900009,106534000000,inner_middle_cross_reverse,1.6623987649989949,5.461513532244725,0.3043842618322207,route/left from camera_sign_turn_left: inner_middle_cross_reverse delta=+92.1deg,,,,camera_sign_speed_limit,camera_sign_turn_left,False,False,0.14,0.28,red,red,red,187.12500065400735,125.8,3.141592653589793,184.40475351662644,125.906373315317,3.1289563273316183
107.22488420899936,106736000000,inner_middle_cross_reverse,1.690650260441588,5.461513532244725,0.3095570944684115,route/left from camera_sign_turn_left: inner_middle_cross_reverse delta=+92.1deg,,,,camera_sign_speed_limit,camera_sign_turn_left,False,False,0.14,0.28,red,red,red,185.91960351512338,125.8,3.141592653589793,183.21222145303292,125.88711004594363,3.1306404459737225
107.33166517399968,106837000000,inner_middle_cross_reverse,1.704779834583816,5.461513532244725,0.3121442114019881,route/left from camera_sign_turn_left: inner_middle_cross_reverse delta=+92.1deg,,,,camera_sign_speed_limit,camera_sign_turn_left,False,False,0.14,0.28,red,red,red,185.31674168505498,125.8,3.141592653589793,182.61646951655823,125.87845034390715,3.131393976167438
107.5277853079997,107036000000,inner_middle_cross_reverse,1.7325441420998466,5.461513532244725,0.3172278402078329,route/left from camera_sign_turn_left: inner_middle_cross_reverse delta=+92.1deg,,,,camera_sign_speed_limit,camera_sign_turn_left,False,False,0.14,0.28,red,red,red,184.13213123103768,125.8,3.141592653589793,181.42594571028644,125.86281725433791,3.1327422631755693
107.62734995099981,107136000000,inner_middle_cross_reverse,1.7465201110297799,5.461513532244725,0.31978683211500647,route/left from camera_sign_turn_left: inner_middle_cross_reverse delta=+92.1deg,,,,camera_sign_speed_limit,camera_sign_turn_left,False,False,0.14,0.28,red,red,red,183.53582322336052,125.8,3.141592653589793,180.83035051375876,125.85517493197901,3.133531305912028
107.7278445359998,107236000000,inner_middle_cross_reverse,1.7604976383540802,5.461513532244725,0.3223461093632962,route/left from camera_sign_turn_left: inner_middle_cross_reverse delta=+92.1deg,,,,camera_sign_speed_limit,camera_sign_turn_left,False,False,0.14,0.28,red,red,red,182.93944872419038,125.8,3.141592653589793,180.2346653955503,125.84804672692204,3.1343047419148165
107.92864678899969,107434000000,inner_middle_cross_reverse,1.7881913557755629,5.461513532244725,0.32741681316325555,route/left from camera_sign_turn_left: inner_middle_cross_reverse delta=+92.1deg,,,,camera_sign_speed_limit,camera_sign_turn_left,False,False,0.14,0.28,red,red,red,181.75785011420712,125.8,3.141592653589793,179.04327462100918,125.83568899608855,3.1356823040330934
108.02893858799962,107536000000,inner_middle_cross_reverse,1.8024140839121885,5.461513532244725,0.33002098653985795,route/left from camera_sign_turn_left: inner_middle_cross_reverse delta=+92.1deg,,,,camera_sign_speed_limit,camera_sign_turn_left,False,False,0.14,0.28,red,red,red,181.15101371371108,125.8,3.141592653589793,178.4475730888714,125.83040595169211,3.1362944478991923
108.22912086199995,107737000000,inner_middle_cross_reverse,1.8305430359962345,5.461513532244725,0.3351713815572781,route/left from camera_sign_turn_left: inner_middle_cross_reverse delta=+92.1deg,,,,camera_sign_speed_limit,camera_sign_turn_left,False,False,0.14,0.28,red,red,red,179.95084509145846,125.8,3.141592653589793,177.2553202488004,125.82081242998237,3.1375565414502695
108.33005544499974,107840000000,inner_middle_cross_reverse,1.8449362497598054,5.461513532244725,0.33780677075453885,route/left from camera_sign_turn_left: inner_middle_cross_reverse delta=+92.1deg,,,,camera_sign_speed_limit,camera_sign_turn_left,False,False,0.14,0.28,red,red,red,179.3367346375461,125.8,3.141592653589793,176.65873837397476,125.81679698928924,3.1381551669139767
108.53421920299934,108040000000,inner_middle_cross_reverse,1.8728978921139716,5.461513532244725,0.3429265314562346,route/left from camera_sign_turn_left: inner_middle_cross_reverse delta=+92.1deg,,,,camera_sign_speed_limit,camera_sign_turn_left,False,False,0.14,0.28,red,red,red,178.14370456376835,125.8,3.141592653589793,175.46532478569858,125.81048226400405,3.139143538556859
108.63539542499984,108141000000,inner_middle_cross_reverse,1.8870362241688143,5.461513532244725,0.3455152519585954,route/left from camera_sign_turn_left: inner_middle_cross_reverse delta=+92.1deg,,,,camera_sign_speed_limit,camera_sign_turn_left,False,False,0.14,0.28,red,red,red,177.54046906276173,125.8,3.141592653589793,174.86858615544867,125.80812495812634,3.139527581626689
108.73519489099999,108242000000,inner_middle_cross_reverse,1.9011676101075035,5.461513532244725,0.3481027006310664,route/left from camera_sign_turn_left: inner_middle_cross_reverse delta=+92.1deg,,,,camera_sign_speed_limit,camera_sign_turn_left,False,False,0.14,0.28,red,red,red,176.93752992937766,125.8,3.141592653589793,174.27211973269067,125.80618803018284,3.1398144681200924
108.83673941100005,108344000000,inner_middle_cross_reverse,1.9154414979974712,5.461513532244725,0.3507162413292071,route/left from camera_sign_turn_left: inner_middle_cross_reverse delta=+92.1deg,,,,camera_sign_speed_limit,camera_sign_turn_left,False,False,0.14,0.28,red,red,red,176.32851071273902,125.8,3.141592653589793,173.67570472372924,125.80471616773704,3.140025719881334
108.93669508199946,108446000000,inner_middle_cross_reverse,1.929708856429883,5.461513532244725,0.35332858648740867,route/left from camera_sign_turn_left: inner_middle_cross_reverse delta=+92.1deg,,,,camera_sign_speed_limit,camera_sign_turn_left,False,False,0.14,0.28,red,red,red,175.71977008628946,125.8,3.141592653589793,173.07958897215337,125.80348357357573,3.1401579721996287
109.03738077099933,108547000000,inner_middle_cross_reverse,1.9438548431181477,5.461513532244725,0.3559187085487653,route/left from camera_sign_turn_left: inner_middle_cross_reverse delta=+92.1deg,,,,camera_sign_speed_limit,camera_sign_turn_left,False,False,0.14,0.28,red,red,red,175.11620798759017,125.8,3.141592653589793,172.4832974251456,125.80216124431053,3.1403321123395207
109.13860044099965,108647000000,inner_middle_cross_reverse,1.9578615318417028,5.461513532244725,0.3584833252325581,route/left from camera_sign_turn_left: inner_middle_cross_reverse delta=+92.1deg,,,,camera_sign_speed_limit,camera_sign_turn_left,False,False,0.28,0.28,red,red,red,174.5185892687185,125.8,3.141592653589793,171.88699659675834,125.80096617762383,3.140496808080121
109.33945609799957,108846000000,inner_middle_cross_reverse,2.013556987568536,5.461513532244725,0.36868113127991253,route/left from camera_sign_turn_left: inner_middle_cross_reverse delta=+92.1deg,,,,camera_sign_speed_limit,camera_sign_turn_left,False,False,0.28,0.28,red,red,red,172.14224982437358,125.8,3.141592653589793,169.6944056735524,125.79773338883919,3.1412322135538235
109.54132628699972,109047000000,inner_middle_cross_reverse,2.0698273656368733,5.461513532244725,0.37898420527874405,route/left from camera_sign_turn_left: inner_middle_cross_reverse delta=+92.1deg,,,,camera_sign_turn_left,camera_sign_turn_left,False,False,0.28,0.28,red,red,red,169.74138036012454,125.8,3.141592653589793,167.30658121573492,125.79702002283526,3.141373756788793
109.64104304000011,109147000000,inner_middle_cross_reverse,2.09781119868076,5.461513532244725,0.3841080290830193,route/left from camera_sign_turn_left: inner_middle_cross_reverse delta=+92.1deg,,,,camera_sign_turn_left,camera_sign_turn_left,False,False,0.28,0.28,red,red,red,168.54740348358538,125.8,3.141592653589793,166.1126938091505,125.7967780181286,3.1414247203850016
109.7412149060001,109247000000,inner_middle_cross_reverse,2.125790719034028,5.461513532244725,0.38923106323611206,route/left from camera_sign_turn_left: inner_middle_cross_reverse delta=+92.1deg,,,,camera_sign_turn_left,camera_sign_turn_left,False,False,0.28,0.28,red,red,red,167.35361061517926,125.8,3.141592653589793,164.91885397671132,125.79655643134073,3.141446412538298
109.84187201999976,109349000000,inner_middle_cross_reverse,2.1542327919246564,5.461513532244725,0.3944387904938963,route/left from camera_sign_turn_left: inner_middle_cross_reverse delta=+92.1deg,,,,camera_sign_turn_left,camera_sign_turn_left,False,False,0.28,0.28,red,red,red,166.1400821718458,125.8,3.141592653589793,163.72519871296035,125.79641579310396,3.141480021367923
110.04341104000014,109544000000,inner_middle_cross_reverse,2.2088236079055292,5.461513532244725,0.4044343376363814,route/left from camera_sign_turn_left: inner_middle_cross_reverse delta=+92.1deg,,,,camera_sign_speed_limit,camera_sign_turn_left,False,False,0.28,0.28,red,red,red,163.81087402332855,125.8,3.141592653589793,161.33757548429983,125.79617699789742,-3.141591819330313
110.24433745699935,109737000000,inner_middle_cross_reverse,2.2628383254851343,5.461513532244725,0.4143244014915203,route/left from camera_sign_turn_left: inner_middle_cross_reverse delta=+92.1deg,,,,camera_sign_turn_right,camera_sign_turn_left,False,False,0.28,0.28,red,red,red,161.5062460732654,125.8,3.141592653589793,158.95002460378447,125.79625664123262,-3.141518451277093
110.34494486599942,109841000000,inner_middle_cross_reverse,2.291958325485134,5.461513532244725,0.41965625681478835,route/left from camera_sign_turn_left: inner_middle_cross_reverse delta=+92.1deg,,,,camera_sign_speed_limit,camera_sign_turn_left,False,False,0.28,0.28,red,red,red,160.2637927399321,125.8,3.141592653589793,157.75606318323878,125.79635604554711,-3.141471421127874
110.54538960199989,110041000000,inner_middle_cross_reverse,2.347942450502039,5.461513532244725,0.4299069180438369,route/left from camera_sign_turn_left: inner_middle_cross_reverse delta=+92.1deg,,,,camera_sign_turn_right,camera_sign_turn_left,False,False,0.28,0.28,red,red,red,157.8751367392108,125.8,3.141592653589793,155.36757078046878,125.79654971118802,-3.1413919860535326
110.7570043679998,110241000000,inner_middle_cross_reverse,2.4039327344597745,5.461513532244725,0.44015870697142434,route/left from camera_sign_turn_left: inner_middle_cross_reverse delta=+92.1deg,,,,camera_sign_turn_right,camera_sign_turn_left,False,False,0.28,0.28,red,red,red,155.48621795701408,125.8,3.141592653589793,152.9786892137151,125.79688958569946,-3.1413301512130145
110.95017891499992,110440000000,inner_middle_cross_reverse,2.4596359977080833,5.461513532244725,0.45035794257148964,route/left from camera_sign_turn_left: inner_middle_cross_reverse delta=+92.1deg,,,,camera_sign_turn_right,camera_sign_turn_left,False,False,0.28,0.28,red,red,red,153.1095453917529,125.8,3.141592653589793,150.58992410560833,125.79737373409262,-3.1412164593827594
111.04856130299959,110541000000,inner_middle_cross_reverse,2.4879159977080834,5.461513532244725,0.4555359943758174,route/left from camera_sign_turn_left: inner_middle_cross_reverse delta=+92.1deg,,,,camera_sign_turn_right,camera_sign_turn_left,False,False,0.28,0.28,red,red,red,151.90293205841957,125.8,3.141592653589793,149.39595993768256,125.79781333245936,-3.141159883802653
111.14918878499975,110643000000,inner_middle_cross_reverse,2.5163943586587654,5.461513532244725,0.4607503659566156,route/left from camera_sign_turn_left: inner_middle_cross_reverse delta=+92.1deg,,,,camera_sign_turn_right,camera_sign_turn_left,False,False,0.28,0.28,red,red,red,150.6878553245238,125.8,3.141592653589793,148.20267064505978,125.79836649566636,-3.141187020659444
111.24933597800009,110744000000,inner_middle_cross_reverse,2.5446627872032166,5.461513532244725,0.4659262990340592,route/left from camera_sign_turn_left: inner_middle_cross_reverse delta=+92.1deg,,,,camera_sign_speed_limit,camera_sign_turn_left,False,False,0.28,0.28,red,yellow,yellow,149.48173570662723,125.8,3.141592653589793,147.0091042238739,125.7987991432135,-3.141193710187977
111.45027546399979,110942000000,inner_middle_cross_reverse,2.6000595815427334,5.461513532244725,0.4760694203524364,route/left from camera_sign_turn_left: inner_middle_cross_reverse delta=+92.1deg,,,,camera_sign_turn_right,camera_sign_turn_left,False,False,0.28,0.28,red,yellow,yellow,147.11813914814118,125.8,3.141592653589793,144.62198893495622,125.79970634315546,-3.1411711758922163
111.65144131799934,111141000000,inner_middle_cross_reverse,2.65573454188365,5.461513532244725,0.48626347370636697,route/left from camera_sign_turn_left: inner_middle_cross_reverse delta=+92.1deg,,,,camera_sign_turn_right,camera_sign_turn_left,False,False,0.28,0.28,red,green,green,144.7426741735954,125.8,3.141592653589793,142.23476269903358,125.80075835227565,-3.1409864525286797
111.85211814800005,111341000000,inner_middle_cross_reverse,2.7116498060112186,5.461513532244725,0.4965015265460139,route/left from camera_sign_turn_left: inner_middle_cross_reverse delta=+92.1deg,,,,camera_sign_turn_right,camera_sign_turn_left,False,False,0.28,0.28,red,green,green,142.3569562374858,125.8,3.141592653589793,139.8477540979432,125.80203742602839,-3.140679336827989
111.95217704300012,111444000000,inner_middle_cross_reverse,2.7404354159208113,5.461513532244725,0.5017721552352303,route/left from camera_sign_turn_left: inner_middle_cross_reverse delta=+92.1deg,,,,camera_sign_turn_right,camera_sign_turn_left,False,False,0.28,0.28,red,green,green,141.1287702146765,125.8,3.141592653589793,138.65454938820818,125.80279781564195,-3.140525453212949
112.0533659089997,111544000000,inner_middle_cross_reverse,2.7683771165977507,5.461513532244725,0.5068882646272462,route/left from camera_sign_turn_left: inner_middle_cross_reverse delta=+92.1deg,,,,camera_sign_turn_right,camera_sign_turn_left,False,False,0.28,0.28,red,green,green,139.93659098579377,125.8,3.141592653589793,137.4615136811498,125.80370536853279,-3.140383718650468
112.15496679999978,111645000000,inner_middle_cross_reverse,2.7965958384591687,5.461513532244725,0.512055096439493,route/left from camera_sign_turn_left: inner_middle_cross_reverse delta=+92.1deg,,,,camera_sign_turn_right,camera_sign_turn_left,False,False,0.28,0.28,red,green,green,138.73259218637327,125.8,3.141592653589793,136.26857405096882,125.80503740230056,-3.1403201063901123
112.35996225799954,111844000000,inner_middle_cross_reverse,2.852187616873492,5.461513532244725,0.5222339192303018,route/left from camera_sign_turn_left: inner_middle_cross_reverse delta=+92.1deg,,,,camera_sign_turn_right,camera_sign_turn_left,False,False,0.28,0.28,red,green,green,136.36067630736213,125.8,3.141592653589793,133.8830013176228,125.80849622574114,-3.1403843040774357
112.45624618399961,111947000000,inner_middle_cross_reverse,2.8809583070701037,5.461513532244725,0.5275018161286158,route/left from camera_sign_turn_left: inner_middle_cross_reverse delta=+92.1deg,,,,camera_sign_turn_right,camera_sign_turn_left,False,False,0.28,0.28,red,green,green,135.13312685897338,125.8,3.141592653589793,132.69034317582765,125.81033206768033,-3.1404792531912533
112.55824251400009,112049000000,inner_middle_cross_reverse,2.9094484224180466,5.461513532244725,0.5327183399328209,route/left from camera_sign_turn_left: inner_middle_cross_reverse delta=+92.1deg,,,,camera_sign_turn_right,camera_sign_turn_left,False,False,0.28,0.28,green,green,green,133.9175486041278,125.8,3.141592653589793,131.4977450286563,125.81208433982025,-3.140598092716025
112.65726196499963,112149000000,inner_middle_cross_reverse,2.9373793471849097,5.461513532244725,0.5378324762618731,route/left from camera_sign_turn_left: inner_middle_cross_reverse delta=+92.1deg,,,,camera_sign_turn_right,camera_sign_turn_left,False,False,0.28,0.28,green,green,green,132.72582914740832,125.8,3.141592653589793,130.3051802916057,125.81369963622,-3.1407307162279
112.75730988199939,112249000000,inner_middle_cross_reverse,2.9653101485408087,5.461513532244725,0.5429465899944484,route/left from camera_sign_turn_left: inner_middle_cross_reverse delta=+92.1deg,,,,camera_sign_turn_right,camera_sign_turn_left,False,False,0.28,0.28,green,green,green,131.5341149562233,125.8,3.141592653589793,129.11262173697904,125.81517234901541,-3.140870000741019
112.9577530179995,112448000000,inner_middle_cross_reverse,3.02089289045711,5.461513532244725,0.5531237582076446,route/left from camera_sign_turn_left: inner_middle_cross_reverse delta=+92.1deg,,,,camera_sign_turn_right,camera_sign_turn_left,False,False,0.28,0.28,green,green,green,129.1625846344611,125.8,3.141592653589793,126.72747815475027,125.81768934880206,-3.14114036788969
113.15937279599984,112650000000,inner_middle_cross_reverse,3.0773146831732654,5.461513532244725,0.563454556141778,route/left from camera_sign_turn_left: inner_middle_cross_reverse delta=+92.1deg,,,,camera_sign_turn_right,camera_sign_turn_left,False,False,0.28,0.28,green,green,green,126.75525481190515,125.8,3.141592653589793,124.3422883997459,125.81951317053618,-3.1413713901536835
113.3604524249995,112851000000,inner_middle_cross_reverse,3.1334580281763045,5.461513532244725,0.573734370459104,route/left from camera_sign_turn_left: inner_middle_cross_reverse delta=+92.1deg,,,,camera_sign_turn_right,camera_sign_turn_left,False,False,0.28,0.28,green,green,green,124.3598054251088,125.8,3.141592653589793,121.95707211746964,125.82049726431285,-3.141537261228721
113.46092157400017,112951000000,inner_middle_cross_reverse,3.161390404317881,5.461513532244725,0.578848772534035,route/left from camera_sign_turn_left: inner_middle_cross_reverse delta=+92.1deg,,,,camera_sign_turn_right,camera_sign_turn_left,False,False,0.28,0.28,green,green,green,123.16802404306821,125.8,3.141592653589793,120.7644520784594,125.82076110612141,3.1415894175528147
113.56195034499979,113052000000,inner_middle_cross_reverse,3.18960230180517,5.461513532244725,0.584014354807287,route/left from camera_sign_turn_left: inner_middle_cross_reverse delta=+92.1deg,,,,camera_sign_turn_right,camera_sign_turn_left,False,False,0.28,0.28,green,green,green,121.96431641694387,125.8,3.141592653589793,119.33329047049678,125.82095760512102,3.141544238222236
113.66998377399977,113154000000,inner_middle_cross_reverse,3.2180933748524256,5.461513532244725,0.5892310539656878,route/left from camera_sign_turn_left: inner_middle_cross_reverse delta=+92.1deg,,,,camera_sign_turn_right,camera_sign_turn_left,False,False,0.28,0.28,green,green,green,120.74869730026097,125.8,3.141592653589793,118.14065674898474,125.82110654751605,3.1415071313847944
113.86960248600008,113354000000,inner_middle_cross_reverse,3.2739615698515996,5.461513532244725,0.5994604884748818,route/left from camera_sign_turn_left: inner_middle_cross_reverse delta=+92.1deg,,,,camera_sign_turn_right,camera_sign_turn_left,False,False,0.28,0.28,green,green,green,118.36498764696289,125.8,3.141592653589793,115.75533837934448,125.8212769153607,3.141432947697224
114.06488454400005,113552000000,inner_middle_cross_reverse,3.3292758973311,5.461513532244725,0.6095885101584179,route/left from camera_sign_turn_left: inner_middle_cross_reverse delta=+92.1deg,,,,camera_sign_turn_right,camera_sign_turn_left,False,False,0.28,0.28,green,green,green,116.00490967450419,125.8,3.141592653589793,113.60845122681867,125.82126503330933,3.1413506432728977
114.1697032359998,113655000000,inner_middle_cross_reverse,3.358053287909727,5.461513532244725,0.6148576338928416,route/left from camera_sign_turn_left: inner_middle_cross_reverse delta=+92.1deg,,,,camera_sign_turn_right,camera_sign_turn_left,False,False,0.28,0.28,green,green,green,114.77707434314944,125.8,3.141592653589793,112.17710922612761,125.82120049051306,3.141295174572225
114.26611938699989,113757000000,inner_middle_cross_reverse,3.386552153374083,5.461513532244725,0.6200757598383508,route/left from camera_sign_turn_left: inner_middle_cross_reverse delta=+92.1deg,,,,camera_sign_turn_right,camera_sign_turn_left,False,False,0.28,0.28,green,green,green,113.56112275000358,125.8,3.141592653589793,110.9842863250681,125.82113389005829,3.141250707366147
114.366806086,113858000000,inner_middle_cross_reverse,3.414773429633352,5.461513532244725,0.6252430593593812,route/left from camera_sign_turn_left: inner_middle_cross_reverse delta=+92.1deg,,,,camera_sign_turn_right,camera_sign_turn_left,False,False,0.28,0.28,green,green,green,112.35701496294145,125.8,3.141592653589793,109.79141984089367,125.82105032629512,3.1412078315210725
114.46823745399979,113959000000,inner_middle_cross_reverse,3.4429965649569456,5.461513532244725,0.6304106992740247,route/left from camera_sign_turn_left: inner_middle_cross_reverse delta=+92.1deg,,,,camera_sign_turn_right,camera_sign_turn_left,False,False,0.28,0.28,green,green,green,111.15282785580145,125.8,3.141592653589793,108.5985094553395,125.82093127577207,3.141163554260687
114.56774301599944,114060000000,inner_middle_cross_reverse,3.4712217672197667,5.461513532244725,0.635578717644057,route/left from camera_sign_turn_left: inner_middle_cross_reverse delta=+92.1deg,,,,camera_sign_turn_right,camera_sign_turn_left,False,False,0.28,0.28,green,green,green,109.94855255925442,125.8,3.141592653589793,107.40555465262713,125.82075741212705,3.141115391754739
114.77163589100019,114256000000,inner_middle_cross_reverse,3.5260033791238437,5.461513532244725,0.645609199410814,route/left from camera_sign_turn_left: inner_middle_cross_reverse delta=+92.1deg,,,,camera_sign_turn_right,camera_sign_turn_left,False,False,0.28,0.28,green,green,green,107.61120378468047,125.8,3.141592653589793,105.01944106976657,125.82029129596313,3.1410000211339115
114.86893593399964,114356000000,inner_middle_cross_reverse,3.55395753921945,5.461513532244725,0.6507275901152525,route/left from camera_sign_turn_left: inner_middle_cross_reverse delta=+92.1deg,,,,camera_sign_turn_right,camera_sign_turn_left,False,False,0.28,0.28,green,green,green,106.4184929539346,125.8,3.141592653589793,103.8262519498496,125.8200354459108,3.140936856661333
114.96905294199951,114457000000,inner_middle_cross_reverse,3.5821944559719348,5.461513532244725,0.6558977534016335,route/left from camera_sign_turn_left: inner_middle_cross_reverse delta=+92.1deg,,,,camera_sign_turn_right,camera_sign_turn_left,False,False,0.28,0.28,green,green,green,105.21371783916192,125.8,3.141592653589793,102.63296966696319,125.8197750109731,3.14087257987164
115.17034198999954,114659000000,inner_middle_cross_reverse,3.638699996361218,5.461513532244725,0.6662438854867552,route/left from camera_sign_turn_left: inner_middle_cross_reverse delta=+92.1deg,,,,camera_sign_turn_right,camera_sign_turn_left,False,False,0.28,0.28,green,yellow,yellow,102.8028147825525,125.8,3.141592653589793,100.24640184148517,125.81921971784708,3.140680796581569
115.27135073199952,114759000000,inner_middle_cross_reverse,3.6666903273543388,5.461513532244725,0.6713688990618137,route/left from camera_sign_turn_left: inner_middle_cross_reverse delta=+92.1deg,,,,camera_sign_turn_right,camera_sign_turn_left,False,False,0.28,0.28,green,,,101.60856066017935,125.8,3.141592653589793,99.0537058550346,125.81880470677145,3.1404284571497114
115.37109723399954,114860000000,inner_middle_cross_reverse,3.6949588870457943,5.461513532244725,0.6765448561521987,route/left from camera_sign_turn_left: inner_middle_cross_reverse delta=+92.1deg,,,,camera_sign_turn_right,camera_sign_turn_left,False,False,0.28,0.28,green,,,100.40243544667725,125.8,3.141592653589793,97.86024420217517,125.81803825250415,3.1402190675285384
115.4720009470002,114960000000,inner_middle_cross_reverse,3.722949759945428,5.461513532244725,0.6816699689500296,route/left from camera_sign_turn_left: inner_middle_cross_reverse delta=+92.1deg,,,,camera_sign_turn_right,camera_sign_turn_left,False,False,0.28,0.28,green,,,99.20815820295952,125.8,3.141592653589793,96.66635517883176,125.81702588524648,3.140037282411795
115.5721672489999,115060000000,inner_middle_cross_reverse,3.7509497599454282,5.461513532244725,0.6867967529147105,route/left from camera_sign_turn_left: inner_middle_cross_reverse delta=+92.1deg,,,,camera_sign_turn_right,camera_sign_turn_left,False,False,0.28,0.28,green,,,98.01349153629286,125.8,3.141592653589793,95.47192335953852,125.81570028086031,3.139926995518679
115.77414907099956,115260000000,inner_middle_cross_reverse,3.806926191736996,5.461513532244725,0.6970460055186056,route/left from camera_sign_turn_left: inner_middle_cross_reverse delta=+92.1deg,,,,camera_sign_turn_right,camera_sign_turn_left,False,False,0.28,0.28,green,,,95.62516377985264,125.8,3.141592653589793,93.08382038428907,125.81234754733,3.139835725056444
115.87481665199994,115361000000,inner_middle_cross_reverse,3.835159476499232,5.461513532244725,0.7022155037896521,route/left from camera_sign_turn_left: inner_middle_cross_reverse delta=+92.1deg,,,,camera_sign_turn_right,camera_sign_turn_left,False,False,0.28,0.28,green,,,94.42054362999724,125.8,3.141592653589793,91.89029828178957,125.81030635938414,3.1398432602100574
115.97391173899996,115463000000,inner_middle_cross_reverse,3.863719476499232,5.461513532244725,0.7074448234336267,route/left from camera_sign_turn_left: inner_middle_cross_reverse delta=+92.1deg,,,,camera_sign_turn_right,camera_sign_turn_left,False,False,0.28,0.28,green,,,93.20198362999722,125.8,3.141592653589793,90.69705366274796,125.80824653061899,3.1398429974489925
116.07495457999994,115563000000,inner_middle_cross_reverse,3.891702993422421,5.461513532244725,0.7125685893563832,route/left from camera_sign_turn_left: inner_middle_cross_reverse delta=+92.1deg,,,,camera_sign_turn_right,camera_sign_turn_left,False,False,0.28,0.28,green,,,92.0080202412745,125.8,3.141592653589793,89.50337605234813,125.80588473154555,3.1400079528849565
116.27758292099952,115763000000,inner_middle_cross_reverse,3.947692377605523,5.461513532244725,0.7228202135357504,route/left from camera_sign_turn_left: inner_middle_cross_reverse delta=+92.1deg,,,,camera_sign_speed_limit,camera_sign_speed_limit,False,False,0.28,0.28,green,green,green,89.61913984946216,125.8,3.141592653589793,87.11562779854776,125.80162765905557,3.1404564047528423
116.37666227599948,115864000000,inner_middle_cross_reverse,3.9759303305234357,5.461513532244725,0.727990566543428,route/left from camera_sign_turn_left: inner_middle_cross_reverse delta=+92.1deg,,,,camera_sign_turn_right,camera_sign_speed_limit,False,False,0.28,0.28,green,green,green,88.41432052496455,125.8,3.141592653589793,85.92183015941725,125.79996610578462,3.1406609754317913
116.47768015499969,115964000000,inner_middle_cross_reverse,4.003910641036817,5.461513532244725,0.7331137453743849,route/left from camera_sign_turn_left: inner_middle_cross_reverse delta=+92.1deg,,,,camera_sign_turn_right,camera_sign_speed_limit,False,False,0.28,0.28,green,green,green,87.22049394306029,125.8,3.141592653589793,84.7286222729056,125.79877594639443,3.140733644376596
116.57806541599984,116065000000,inner_middle_cross_reverse,4.0321891515327115,5.461513532244725,0.738291524451364,route/left from camera_sign_turn_left: inner_middle_cross_reverse delta=+92.1deg,,,,camera_sign_turn_right,camera_sign_speed_limit,False,False,0.28,0.28,green,green,green,86.01394416190212,125.8,3.141592653589793,83.53540053798736,125.79748275183096,3.1408484065664903
116.67831520599975,116167000000,inner_middle_cross_reverse,4.0607311069198975,5.461513532244725,0.7435175401370662,route/left from camera_sign_turn_left: inner_middle_cross_reverse delta=+92.1deg,,,,camera_sign_turn_right,camera_sign_speed_limit,False,False,0.28,0.28,green,green,green,84.79615406538218,125.8,3.141592653589793,82.34207688343403,125.79635247328096,3.14096592127729
116.78654347999964,116268000000,inner_middle_cross_reverse,4.089002299052556,5.461513532244725,0.7486939792259278,route/left from camera_sign_turn_left: inner_middle_cross_reverse delta=+92.1deg,,,,camera_sign_turn_right,camera_sign_speed_limit,False,False,0.28,0.28,green,,,83.58991653438875,125.8,3.141592653589793,80.90942895586363,125.79514541582486,3.141178273164613
116.98039501699986,116464000000,inner_middle_cross_reverse,4.143851937513775,5.461513532244725,0.7587369166163394,route/left from camera_sign_turn_left: inner_middle_cross_reverse delta=+92.1deg,,,,camera_sign_turn_left,camera_sign_speed_limit,False,False,0.28,0.28,green,,,81.24966529337675,125.8,3.141592653589793,78.76044155904728,125.79405275958563,3.141448509224181
117.08125126300001,116567000000,inner_middle_cross_reverse,4.172673704549942,5.461513532244725,0.7640141656547247,route/left from camera_sign_turn_left: inner_middle_cross_reverse delta=+92.1deg,,,,camera_sign_turn_left,camera_sign_speed_limit,False,False,0.28,0.28,green,,,80.01993656650029,125.8,3.141592653589793,77.56657161697066,125.79362165940438,3.1415606399472145
117.18285457399998,116668000000,inner_middle_cross_reverse,4.200930833967531,5.461513532244725,0.7691880298685108,route/left from camera_sign_turn_left: inner_middle_cross_reverse delta=+92.1deg,,,,camera_sign_turn_left,camera_sign_speed_limit,False,False,0.28,0.28,green,,,78.81429904468314,125.8,3.141592653589793,76.37251022189756,125.79335991132058,-3.1415216535805177
117.28336782399947,116770000000,inner_middle_cross_reverse,4.229477905964072,5.461513532244725,0.7744149824024557,route/left from camera_sign_turn_left: inner_middle_cross_reverse delta=+92.1deg,,,,camera_sign_turn_left,camera_sign_speed_limit,False,False,0.28,0.28,green,,,77.5962906394974,125.8,3.141592653589793,75.17890720523681,125.7933529415138,-3.1414568203524533
117.38329115599936,116870000000,inner_middle_cross_reverse,4.2574561631390475,5.461513532244725,0.7795377852683265,route/left from camera_sign_turn_left: inner_middle_cross_reverse delta=+92.1deg,,,,camera_sign_turn_left,camera_sign_speed_limit,False,False,0.28,0.28,green,,,76.40255166669843,125.8,3.141592653589793,73.98517393643516,125.7934569070706,-3.1413833250514367
117.58704931099965,117067000000,inner_middle_cross_reverse,4.312573350678091,5.461513532244725,0.7896297107416651,route/left from camera_sign_turn_left: inner_middle_cross_reverse delta=+92.1deg,,,,,camera_sign_speed_limit,False,False,0.28,0.28,yellow,,,74.05088499836589,125.8,3.141592653589793,71.59757236201753,125.79392899156548,-3.141205860656161
117.68425934599964,117168000000,inner_middle_cross_reverse,4.340846928297662,5.461513532244725,0.7948065866118141,route/left from camera_sign_turn_left: inner_middle_cross_reverse delta=+92.1deg,,,,,camera_sign_speed_limit,False,False,0.28,0.28,yellow,,,72.84454568659757,125.8,3.141592653589793,70.40327855541821,125.79422467306786,-3.1411321785002237
117.78507816799993,117270000000,inner_middle_cross_reverse,4.3694069282976615,5.461513532244725,0.8000359062557886,route/left from camera_sign_turn_left: inner_middle_cross_reverse delta=+92.1deg,,,,,camera_sign_speed_limit,False,False,0.28,0.28,yellow,,,71.62598568659757,125.8,3.141592653589793,69.20901992286619,125.79465323380532,-3.1410391498764905
117.98566660300003,117469000000,inner_middle_cross_reverse,4.425106518290738,5.461513532244725,0.8102344692849245,route/left from camera_sign_turn_left: inner_middle_cross_reverse delta=+92.1deg,,,,,camera_sign_speed_limit,False,False,0.28,0.28,yellow,,,69.24946984689299,125.8,3.141592653589793,66.82142710231827,125.79581936970597,-3.1409255410844246
118.085943477,117571000000,inner_middle_cross_reverse,4.45366091745812,5.461513532244725,0.8154627634196543,route/left from camera_sign_turn_left: inner_middle_cross_reverse delta=+92.1deg,,,,,camera_sign_speed_limit,False,False,0.28,0.28,yellow,,,68.03114881575132,125.8,3.141592653589793,65.62789836716595,125.79644590740716,-3.1408916972131213
118.18646293599977,117671000000,inner_middle_cross_reverse,4.4816522237319925,5.461513532244725,0.82058795556806,route/left from camera_sign_turn_left: inner_middle_cross_reverse delta=+92.1deg,,,,,camera_sign_speed_limit,False,False,0.28,0.28,yellow,,,66.83685308139945,125.8,3.141592653589793,64.4343287712937,125.79714387294045,-3.140834524866308
118.28730257499956,117771000000,inner_middle_cross_reverse,4.509641842550597,5.461513532244725,0.8257128387443725,route/left from camera_sign_turn_left: inner_middle_cross_reverse delta=+92.1deg,,,,,camera_sign_speed_limit,False,False,0.28,0.28,yellow,,,65.642629345139,125.8,3.141592653589793,63.24057759787581,125.7978529789456,-3.1406596304003878
118.38713480499973,117873000000,inner_middle_cross_reverse,4.538188705919137,5.461513532244725,0.83093975307865,route/left from camera_sign_turn_left: inner_middle_cross_reverse delta=+92.1deg,,,,,camera_sign_speed_limit,False,False,0.28,0.28,yellow,,,64.4246298414146,125.8,3.141592653589793,61.80836724129745,125.79883973806498,-3.1404238838358642
118.48786760099938,117973000000,inner_middle_cross_reverse,4.566172673099543,5.461513532244725,0.8360636014432451,route/left from camera_sign_turn_left: inner_middle_cross_reverse delta=+92.1deg,,,,,camera_sign_speed_limit,False,False,0.28,0.28,yellow,,,63.23064724171729,125.8,3.141592653589793,60.615129256469984,125.79982164742684,-3.140226247423895
118.68947236399981,118174000000,inner_middle_cross_reverse,4.622412457328855,5.461513532244725,0.8463610737276719,route/left from camera_sign_turn_left: inner_middle_cross_reverse delta=+92.1deg,,,,,camera_sign_speed_limit,False,False,0.28,0.28,red,,,60.83108311459996,125.8,3.141592653589793,58.22913467716715,125.80287167525786,-3.1400407299531765
118.7892832589996,118274000000,inner_middle_cross_reverse,4.650387290972154,5.461513532244725,0.8514832497468533,route/left from camera_sign_turn_left: inner_middle_cross_reverse delta=+92.1deg,,,,,camera_sign_speed_limit,False,False,0.28,0.28,red,,,59.637490212485886,125.8,3.141592653589793,57.03635861892174,125.80486861082619,-3.140072978758869
118.89029681699958,118374000000,inner_middle_cross_reverse,4.67836001296062,5.461513532244725,0.8566050391232441,route/left from camera_sign_turn_left: inner_middle_cross_reverse delta=+92.1deg,,,,,camera_sign_speed_limit,False,False,0.28,0.28,red,,,58.443987407644684,125.8,3.141592653589793,55.84369033298459,125.80701408004639,-3.1401643259924352
118.99018038799932,118475000000,inner_middle_cross_reverse,4.7064391514687856,5.461513532244725,0.8617463133034483,route/left from camera_sign_turn_left: inner_middle_cross_reverse delta=+92.1deg,,,,,camera_sign_speed_limit,False,False,0.28,0.28,red,,,57.24594416462962,125.8,3.141592653589793,54.656795538915944,125.80139978343021,-3.13762414567585
119.19063614999959,118673000000,inner_middle_cross_reverse,4.757778019157789,5.461513532244725,0.8711464305760505,route/left from camera_sign_turn_left: inner_middle_cross_reverse delta=+92.1deg,,,,,camera_sign_speed_limit,False,False,0.28,0.28,red,,,55.0554858098988,125.8,3.141592653589793,52.42618175843772,125.65431881174632,-3.07603821003477
119.3928384539995,118870000000,inner_middle_cross_reverse,4.806177874306648,5.461513532244725,0.880008416335695,route/left from camera_sign_turn_left: inner_middle_cross_reverse delta=+92.1deg,,,,,camera_sign_speed_limit,False,False,0.28,0.28,red,,,52.99042532354747,125.8,3.141592653589793,50.53121064427923,125.51245521030363,-2.9714176027535593
119.49351302000014,118975000000,inner_middle_cross_reverse,4.83072317731957,5.461513532244725,0.8845026472605122,route/left from camera_sign_turn_left: inner_middle_cross_reverse delta=+92.1deg,,,,,camera_sign_speed_limit,False,False,0.28,0.28,red,,,51.943159061662826,125.8,3.141592653589793,49.30388218535417,125.4695122265332,-2.8827895050500154
119.69408738699985,119173000000,inner_middle_cross_reverse,4.877730200448879,5.461513532244725,0.8931096062750382,route/left from camera_sign_turn_left: inner_middle_cross_reverse delta=+92.1deg,,,,,camera_sign_speed_limit,False,False,0.28,0.28,red,,,49.93752607481228,125.8,3.141592653589793,47.28887706737055,125.61817816144489,-2.725488232155258
119.79510872399987,119274000000,inner_middle_cross_reverse,4.901819786185877,5.461513532244725,0.8975203956276184,route/left from camera_sign_turn_left: inner_middle_cross_reverse delta=+92.1deg,,,,,camera_sign_speed_limit,False,False,0.28,0.28,red,,,48.909703750033714,125.8,3.141592653589793,46.2904125188486,125.829612647293,-2.652691207159507
119.89613477199964,119376000000,inner_middle_cross_reverse,4.9265201303551445,5.461513532244725,0.902043014499372,route/left from camera_sign_turn_left: inner_middle_cross_reverse delta=+92.1deg,,,,,camera_sign_speed_limit,False,False,0.28,0.28,red,green,green,47.85582239881164,125.8,-3.0208855185179972,45.30375278042813,126.13354673556297,-2.5850372972526765
119.99662757199985,119478000000,inner_middle_cross_reverse,4.951435321480372,5.461513532244725,0.9066049717257212,route/left from camera_sign_turn_left: inner_middle_cross_reverse delta=+92.1deg,,,,,camera_sign_speed_limit,False,False,0.28,0.28,red,green,green,46.79277424413526,125.8,-2.769789119888134,44.3398280629645,126.51508208660127,-2.520698419453528
120.09747559100015,119579000000,inner_middle_cross_reverse,4.976687414310653,5.461513532244725,0.9112286154613254,route/left from camera_sign_turn_left: inner_middle_cross_reverse delta=+92.1deg,,,,,camera_sign_speed_limit,False,False,0.28,0.28,red,green,green,45.715351616709924,125.8,-2.5127857006400807,43.39783597309467,126.99723991296696,-2.466345447664741
120.19808844799991,119680000000,inner_middle_cross_reverse,5.0021751273384325,5.461513532244725,0.9158954011201542,route/left from camera_sign_turn_left: inner_middle_cross_reverse delta=+92.1deg,,,,,camera_sign_speed_limit,False,False,0.28,0.28,red,green,green,44.73686849776949,126.0631315022305,-2.3561944901923466,42.48148486975116,127.56157357482552,-2.4201264748914832
120.29918812799951,119782000000,inner_middle_cross_reverse,5.028477339550464,5.461513532244725,0.9207113211131641,route/left from camera_sign_turn_left: inner_middle_cross_reverse delta=+92.1deg,,,,,camera_sign_speed_limit,False,False,0.28,0.28,red,green,green,43.94333366618187,126.85666633381814,-2.3561944901923444,41.59071947820752,128.20267650226774,-2.382469250301113
120.49966179500007,119980000000,inner_middle_cross_reverse,5.0811760854906876,5.461513532244725,0.930360431314776,route/left from camera_sign_turn_left: inner_middle_cross_reverse delta=+92.1deg,,,,,camera_sign_speed_limit,False,False,0.28,0.28,red,green,green,42.35341833330254,128.44658166669745,-2.3561944901923466,39.8807113239322,129.65969635645516,-2.327703191192487
120.59946890399988,120082000000,inner_middle_cross_reverse,5.108187256348989,5.461513532244725,0.9353061612299044,route/left from camera_sign_turn_left: inner_middle_cross_reverse delta=+92.1deg,,,,,camera_sign_speed_limit,False,False,0.28,0.28,red,green,green,41.53849429781695,129.26150570218306,-2.3561944901923457,39.0526132735493,130.4292291111699,-2.302030586150466
120.70517360899976,120185000000,inner_middle_cross_reverse,5.134322934890856,5.461513532244725,0.9400915890032794,route/left from camera_sign_turn_left: inner_middle_cross_reverse delta=+92.1deg,,,,,camera_sign_speed_limit,False,False,0.28,0.28,red,green,green,40.749983768628,130.050016231372,-2.3561944901923466,38.23823962188878,131.16420790646583,-2.262201229224399
120.80170743500003,120285000000,inner_middle_cross_reverse,5.158924721574969,5.461513532244725,0.944596162055944,route/left from camera_sign_turn_left: inner_middle_cross_reverse delta=+92.1deg,,,,,camera_sign_speed_limit,False,False,0.28,0.28,red,green,green,40.007750587032646,130.79224941296735,-2.356194490192346,37.44667724170664,131.86963046383545,-2.2070235442721238
120.9026397359994,120385000000,inner_middle_cross_reverse,5.183056211612981,5.461513532244725,0.9490146240620417,route/left from camera_sign_turn_left: inner_middle_cross_reverse delta=+92.1deg,,,,,camera_sign_speed_limit,False,False,0.28,0.28,red,green,green,39.27970620320271,131.5202937967973,-2.356194490192342,36.69049079942215,132.57568641820217,-2.142120466859184
121.00333232399953,120486000000,inner_middle_cross_reverse,5.207182260786169,5.461513532244725,0.9534320898489062,route/left from camera_sign_turn_left: inner_middle_cross_reverse delta=+92.1deg,,,,camera_sign_turn_left,camera_sign_speed_limit,False,False,0.28,0.28,red,green,green,38.55182596966239,132.2481740303376,-2.3561944901923426,35.97748483523425,133.31013879610157,-2.072531042129168
121.10362254499978,120590000000,inner_middle_cross_reverse,5.231979701563937,5.461513532244725,0.9579724870540698,route/left from camera_sign_turn_left: inner_middle_cross_reverse delta=+92.1deg,,,,camera_sign_turn_right,camera_sign_speed_limit,False,False,0.28,0.28,red,green,green,37.80368992571438,132.99631007428562,-2.356194490192342,35.30990760953297,134.08377663501582,-1.9993172216149786
121.31600856600016,120788000000,inner_middle_cross_reverse,5.2794287590774225,5.461513532244725,0.9666603823111898,route/left from camera_sign_turn_left: inner_middle_cross_reverse delta=+92.1deg,,,,camera_sign_turn_right,camera_sign_speed_limit,False,False,0.28,0.28,red,green,green,36.372157111690015,134.42784288830998,-2.3561944901923457,34.06100709936679,135.9661998897982,-1.844255553737996
121.50728231299945,120986000000,inner_middle_cross_reverse,5.328055977704212,5.461513532244725,0.9755639981934346,route/left from camera_sign_turn_left: inner_middle_cross_reverse delta=+92.1deg,,,,camera_sign_turn_right,camera_sign_speed_limit,False,False,0.28,0.28,red,green,green,34.90507930726362,135.89492069273638,-2.1987329604475763,33.29846031378655,137.6961918326117,-1.7352942259272905
121.7170499670001,121187000000,inner_middle_cross_reverse,5.379507095787506,5.461513532244725,0.9849846684489467,route/left from camera_sign_turn_left: inner_middle_cross_reverse delta=+92.1deg,,,,camera_sign_turn_right,camera_sign_speed_limit,False,False,0.28,0.28,red,red,red,33.35280476875367,137.44719523124633,-1.6783634575154613,32.683333976201936,139.98657908284784,-1.6281913458402824
121.81416404999982,121290000000,inner_middle_cross_reverse,5.406056202331668,5.461513532244725,0.9898457946527759,route/left from camera_sign_turn_left: inner_middle_cross_reverse delta=+92.1deg,,,,camera_sign_turn_right,camera_sign_speed_limit,False,False,0.28,0.28,red,red,red,33.0,138.43382059037626,-1.5628299585189147,32.496047107952336,141.06463618146338,-1.583881174688962
121.91557794499931,121390000000,inner_middle_cross_reverse,5.432432279582304,5.461513532244725,0.9946752392920525,route/left from camera_sign_turn_left: inner_middle_cross_reverse delta=+92.1deg,,,,camera_sign_turn_right,camera_sign_speed_limit,False,False,0.28,0.28,red,red,red,33.0,139.5591998864034,-1.554267797910302,32.39855700863119,142.18318433668188,-1.5544465997293297
122.01621988499937,121490000000,inner_middle_cross_reverse,5.459149707277917,5.461513532244725,0.9995671850023163,route/left from camera_sign_turn_left: inner_middle_cross_reverse delta=+92.1deg,,,,camera_sign_turn_right,camera_sign_speed_limit,False,False,0.28,0.28,red,red,red,33.0,140.69914346808287,-1.5455953639567932,32.35372558482372,143.32093939911158,-1.5318061718045224
122.11879403300009,121591000000,outer_left_lower_to_mid_reverse,0.02490506781495163,1.8052961635923481,0.013795557935155184,route/default: outer_left_lower_to_mid_reverse,,,,camera_sign_turn_right,camera_sign_speed_limit,False,False,0.28,0.28,red,green,green,33.02759111587032,141.86225796100695,-1.5448281395833408,32.351353232569565,144.47345452406807,-1.514795888132731
122.21160573299949,121691000000,outer_left_lower_to_mid_reverse,0.05229083465203231,1.8052961635923481,0.02896523889353373,route/default: outer_left_lower_to_mid_reverse,,,,camera_sign_turn_right,camera_sign_speed_limit,False,False,0.28,0.28,red,green,green,33.05793047778707,143.0303233948021,-1.5448281395833408,32.37412211336988,145.40366049444395,-1.5046442300422591
122.41274737999993,121893000000,outer_left_lower_to_mid_reverse,0.10801060913371793,1.8052961635923481,0.05982985579429154,route/default: outer_left_lower_to_mid_reverse,,,,camera_sign_turn_right,camera_sign_speed_limit,False,False,0.28,0.28,red,green,green,33.1196597115886,145.40689889616044,-1.5448281395833408,32.513658599206124,147.98338222737226,-1.488008330712458
122.52288472999953,121995000000,outer_left_lower_to_mid_reverse,0.1364608591975833,1.8052961635923481,0.07558918140392025,route/default: outer_left_lower_to_mid_reverse,,,,camera_sign_turn_right,camera_sign_speed_limit,False,False,0.28,0.28,red,green,green,33.15117836280784,146.62036696810185,-1.5448281395833408,32.605422466349026,149.16807606429197,-1.4855393699059432
122.71873207499993,122183000000,outer_left_lower_to_mid_reverse,0.18888963113826884,1.8052961635923481,0.10463082731112577,route/default: outer_left_lower_to_mid_reverse,,,,camera_sign_turn_right,camera_sign_speed_limit,False,False,0.28,0.28,red,green,green,33.20926165462225,148.8565737029567,-1.5448281395833408,32.79509225951979,151.3004989763889,-1.488076630845071
122.81613991099948,122287000000,outer_left_lower_to_mid_reverse,0.21773508873490394,1.8052961635923481,0.12060906854287785,route/default: outer_left_lower_to_mid_reverse,,,,camera_sign_turn_right,camera_sign_speed_limit,False,False,0.28,0.28,red,green,green,33.24121813708575,150.0868982778016,-1.5448281395833408,32.9041347286193,152.4803084112973,-1.4919693443073376
123.01578610199977,122484000000,outer_left_lower_to_mid_reverse,0.2722458657971949,1.8052961635923481,0.15080399066237113,route/default: outer_left_lower_to_mid_reverse,,,,camera_sign_turn_right,camera_sign_speed_limit,False,False,0.28,0.28,red,red,red,33.30160798132475,152.41190728100258,-1.5448281395833408,33.1150630985605,154.8345321491308,-1.502707453117058
123.11574890300017,122585000000,outer_left_lower_to_mid_reverse,0.30016692428600816,1.8052961635923481,0.16627018344109687,route/default: outer_left_lower_to_mid_reverse,,,,camera_sign_turn_right,camera_sign_speed_limit,False,False,0.28,0.28,red,red,red,33.3325403668822,153.60280412496445,-1.5448281395833408,33.21257866471363,156.01099852380395,-1.5087403904753967
123.21650792499986,122687000000,outer_left_lower_to_mid_reverse,0.3283649669753924,1.8052961635923481,0.18188980489604592,route/default: outer_left_lower_to_mid_reverse,,,,camera_sign_turn_right,camera_sign_speed_limit,False,False,0.28,0.28,red,red,red,33.363779609792104,154.80551497699554,-1.5448281395833408,33.30305286809032,157.18794357835395,-1.5148147408672628
123.4174496529995,122886000000,outer_left_lower_to_mid_reverse,0.3834215052789596,1.8052961635923481,0.2123870382109445,route/default: outer_left_lower_to_mid_reverse,,,,camera_sign_speed_limit,camera_sign_speed_limit,False,False,0.28,0.28,red,red,red,33.4247740764219,157.15380194224272,-1.5448281395833408,33.4605657434185,159.54506416730115,-1.5261944056107133
123.51945664399955,122987000000,outer_left_lower_to_mid_reverse,0.4114003306965491,1.8052961635923481,0.22788522957801338,route/default: outer_left_lower_to_mid_reverse,,,,camera_sign_speed_limit,camera_sign_speed_limit,False,False,0.28,0.28,red,,,33.45577045915603,158.34716267750701,-1.5448281395833408,33.52746487894957,160.72577699441464,-1.5311874947846351
123.61786726099945,123090000000,outer_left_lower_to_mid_reverse,0.43996254780481003,1.8052961635923481,0.24370657661473738,route/default: outer_left_lower_to_mid_reverse,,,,camera_sign_speed_limit,camera_sign_speed_limit,False,False,0.28,0.28,red,,,33.48741315322947,159.5654063993348,-1.5448281395833408,33.58689355953415,161.90806733814287,-1.5356006321956874
123.81978249299937,123287000000,outer_left_lower_to_mid_reverse,0.49468002290085433,1.8052961635923481,0.274015994094007,route/default: outer_left_lower_to_mid_reverse,,,,camera_sign_speed_limit,camera_sign_speed_limit,False,False,0.28,0.28,red,,,33.548031988188015,161.89923154523854,-1.5448281395833408,33.68572002234417,164.2773852424158,-1.5425771206566155
123.92376935899938,123388000000,outer_left_lower_to_mid_reverse,0.522777415971477,1.8052961635923481,0.2895798631351464,route/default: outer_left_lower_to_mid_reverse,,,,camera_sign_speed_limit,camera_sign_speed_limit,False,False,0.28,0.28,red,,,33.57915972627029,163.09764946140626,-1.5448281395833408,33.734282697404396,165.70168947546244,-1.5456463495697836
124.12308693999967,123590000000,outer_left_lower_to_mid_reverse,0.5790573351585074,1.8052961635923481,0.3207547586021812,route/default: outer_left_lower_to_mid_reverse,,,,,camera_sign_speed_limit,False,False,0.28,0.28,red,,,33.64150951720437,165.49811641236795,-1.5448281395833408,33.79508652328077,167.8417238758453,-1.5487014528183256
124.32271460999982,123787000000,outer_left_lower_to_mid_reverse,0.6340295598085679,1.8052961635923481,0.35120528841479187,route/default: outer_left_lower_to_mid_reverse,,,,,camera_sign_speed_limit,False,False,0.28,0.28,red,,,33.70241057682959,167.84280720793896,-1.5448281395833408,33.8512754827604,170.2233618683893,-1.5503761278916963
124.42296338199958,123889000000,outer_left_lower_to_mid_reverse,0.6625182344324991,1.8052961635923481,0.36698589837700535,route/default: outer_left_lower_to_mid_reverse,,,,,camera_sign_speed_limit,False,False,0.28,0.28,red,,,33.73397179675402,169.05791417502942,-1.5448281395833408,33.876443045192616,171.41547168412353,-1.55062966231925
124.52781290799976,123989000000,outer_left_lower_to_mid_reverse,0.6904611364655714,1.8052961635923481,0.38246419085698763,route/default: outer_left_lower_to_mid_reverse,,,,,camera_sign_speed_limit,False,False,0.28,0.28,red,,,33.76492838171397,170.24974269598803,-1.5448281395833408,33.90532747277096,172.84674118638412,-1.5505984930311396
124.72442033799962,124190000000,outer_left_lower_to_mid_reverse,0.7466531805790088,1.8052961635923481,0.41359041005950403,route/default: outer_left_lower_to_mid_reverse,,,,,camera_sign_speed_limit,False,False,0.28,0.28,red,,,33.82718082011901,172.64646157458182,-1.5448281395833408,33.94742633991308,174.99473329497266,-1.5500456700619996
124.82464714799971,124291000000,outer_left_lower_to_mid_reverse,0.7748980699988859,1.8052961635923481,0.42923598112396183,route/default: outer_left_lower_to_mid_reverse,,,,,camera_sign_speed_limit,False,False,0.28,0.28,red,,,33.85847196224792,173.85117054654506,-1.5448281395833408,33.97083254656667,176.18846341273868,-1.5495409426025273
124.92569188800007,124392000000,outer_left_lower_to_mid_reverse,0.8031402282316259,1.8052961635923481,0.44488003931358383,route/default: outer_left_lower_to_mid_reverse,,,,,camera_sign_speed_limit,False,False,0.28,0.28,red,,,33.88976007862716,175.05576302714596,-1.5448281395833408,33.999552016816494,177.6208817056306,-1.548860085448569
125.02698094399966,124493000000,outer_left_lower_to_mid_reverse,0.8313827331103528,1.8052961635923481,0.46052428951933805,route/default: outer_left_lower_to_mid_reverse,,,,,camera_sign_speed_limit,False,False,0.28,0.28,red,,,33.92104857903867,176.26037029298902,-1.5448281395833408,34.02421722195028,178.8145198361404,-1.5482754183919232
125.12725028899968,124593000000,outer_left_lower_to_mid_reverse,0.8593458893399509,1.8052961635923481,0.4760138013199694,route/default: outer_left_lower_to_mid_reverse,,,,,camera_sign_speed_limit,False,False,0.28,0.28,red,,,33.95202760263993,177.45306270163763,-1.5448281395833352,34.04959389721061,180.00816000638346,-1.5476966034942528
125.32840679399942,124793000000,outer_left_lower_to_mid_reverse,0.9152752514850961,1.8052961635923481,0.5069945142207555,route/default: outer_left_lower_to_mid_reverse,,,,,camera_sign_speed_limit,False,False,0.28,0.28,red,,,34.013989028441515,179.83857759499818,-1.5448281395833408,34.10253967295324,182.39551840970356,-1.5466191083872658
125.52921361300014,124992000000,outer_left_lower_to_mid_reverse,0.9709187062747231,1.8052961635923481,0.537816855680177,route/default: outer_left_lower_to_mid_reverse,,,,,camera_sign_speed_limit,False,False,0.28,0.28,red,,,34.075633711360354,182.21189788737362,-1.5448281395833408,34.15838478559205,184.7825874087782,-1.5457008601259612
125.62947069799975,125096000000,outer_left_lower_to_mid_reverse,0.999993218225851,1.8052961635923481,0.5539219760130495,route/default: outer_left_lower_to_mid_reverse,,,,,camera_sign_speed_limit,False,False,0.28,0.28,red,,,34.1078439520261,183.45199215300482,-1.5448281395833408,34.187418630507935,185.9758873254044,-1.5453325451267845
125.83006313499936,125294000000,outer_left_lower_to_mid_reverse,1.0553379126724551,1.8052961635923481,0.5845788264305866,route/default: outer_left_lower_to_mid_reverse,,,,,camera_sign_speed_limit,False,False,0.28,0.28,red,,,34.16915765286116,185.81256963515517,-1.5448281395833352,34.24730367823763,188.36205252167818,-1.544797865625721
125.93154554000012,125395000000,outer_left_lower_to_mid_reverse,1.0835650769088254,1.8052961635923481,0.6002145790597847,route/default: outer_left_lower_to_mid_reverse,,,,,camera_sign_speed_limit,False,False,0.28,0.28,red,,,34.20042915811956,187.01652258760342,-1.5448281395833352,34.27791528762913,189.5549428596107,-1.5446200982504055
126.03171476599982,125496000000,outer_left_lower_to_mid_reverse,1.1117898588194253,1.8052961635923481,0.615849012057435,route/default: outer_left_lower_to_mid_reverse,,,,,camera_sign_speed_limit,False,False,0.28,0.28,red,,,34.23169802411486,188.2203739284225,-1.5448281395833408,34.30884933104761,190.74772094231787,-1.5444918003816808
126.23286943599942,125699000000,outer_left_lower_to_mid_reverse,1.1685126516904187,1.8052961635923481,0.6472692266543137,route/default: outer_left_lower_to_mid_reverse,,,,,camera_sign_speed_limit,False,False,0.28,0.28,red,,,34.29453845330863,190.63973045238217,-1.544828139583341,34.371477499694706,193.13298628336958,-1.5443517143195407
126.33311172100002,125802000000,outer_left_lower_to_mid_reverse,1.1972908070118091,1.8052961635923481,0.6632101874239444,route/default: outer_left_lower_to_mid_reverse,,,,,camera_sign_speed_limit,False,False,0.28,0.28,red,,,34.326420374847885,191.86718443164372,-1.544828139583341,34.40307919699775,194.32550203776708,-1.5443282725113445
126.43426505199932,125906000000,outer_left_lower_to_mid_reverse,1.2263471978975435,1.8052961635923481,0.6793052700323932,route/default: outer_left_lower_to_mid_reverse,,,,,camera_sign_speed_limit,False,False,0.28,0.28,red,,,34.35861054006479,193.10650579249426,-1.5448281395833408,34.43479790025168,195.51796889035222,-1.5443328392016038
126.53974852200008,126010000000,outer_left_lower_to_mid_reverse,1.2554026349150007,1.8052961635923481,0.6953998242686577,route/default: outer_left_lower_to_mid_reverse,,,,,camera_sign_speed_limit,False,False,0.28,0.28,green,,,34.39079964853731,194.34578646868664,-1.5448281395833352,34.472900823764235,196.9488831585063,-1.5443664043462109
126.6350669579997,126111000000,outer_left_lower_to_mid_reverse,1.2836187278027311,1.8052961635923481,0.7110294441929493,route/default: outer_left_lower_to_mid_reverse,,,,,camera_sign_speed_limit,False,False,0.28,0.28,green,,,34.42205888838589,195.5492672028571,-1.5448281395833352,34.49829959899289,197.90279150242827,-1.544406275914299
126.7356515929996,126211000000,outer_left_lower_to_mid_reverse,1.3115556608715928,1.8052961635923481,0.7265044303100584,route/default: outer_left_lower_to_mid_reverse,,,,,camera_sign_speed_limit,False,False,0.28,0.28,green,,,34.453008860620116,196.74084113387448,-1.5448281395833408,34.52998596101325,199.0951692917607,-1.5444600288367314
126.93669798999963,126410000000,outer_left_lower_to_mid_reverse,1.3671494126780912,1.8052961635923481,0.7572992400081373,route/default: outer_left_lower_to_mid_reverse,,,,,camera_sign_speed_limit,False,False,0.28,0.28,green,,,34.514598480016275,199.11204148062657,-1.544828139583341,34.59320833004695,201.47990298419762,-1.5445644016855677
127.13811616400017,126611000000,outer_left_lower_to_mid_reverse,1.4233019176642998,1.8052961635923481,0.7884035574706367,route/default: outer_left_lower_to_mid_reverse,,,,,camera_sign_speed_limit,False,False,0.28,0.28,green,,,34.576807114941275,201.507073925239,-1.5448281395833408,34.65628415049041,203.86463137253077,-1.544673656599688
127.23965074899934,126713000000,outer_left_lower_to_mid_reverse,1.4517974358392676,1.8052961635923481,0.8041879582518718,route/default: outer_left_lower_to_mid_reverse,,,,,camera_sign_speed_limit,False,False,0.28,0.28,green,,,34.608375916503746,202.72247278539413,-1.5448281395833408,34.6939734159174,205.29549049803023,-1.5447398330116762
127.33956726699944,126814000000,outer_left_lower_to_mid_reverse,1.4800133686972705,1.8052961635923481,0.8198174895315795,route/default: outer_left_lower_to_mid_reverse,,,,,camera_sign_speed_limit,False,False,0.28,0.28,green,,,34.63963497906316,203.92594669393162,-1.5448281395833408,34.7252841319861,206.48786960441407,-1.5447983224223243
127.44035105900002,126914000000,outer_left_lower_to_mid_reverse,1.5079503755976373,1.8052961635923481,0.835292516545859,route/default: outer_left_lower_to_mid_reverse,,,,,camera_sign_speed_limit,False,False,0.28,0.28,green,,,34.67058503309171,205.11752377403116,-1.5448281395833408,34.75649512138034,207.68026222365046,-1.544849347265119
127.54113073299959,127016000000,outer_left_lower_to_mid_reverse,1.534677212335139,1.8052961635923481,0.8500971991660881,route/default: outer_left_lower_to_mid_reverse,,,,,camera_sign_speed_limit,False,False,0.28,0.28,green,,,34.70019439833219,206.25748433578877,-1.5448281395833408,34.710493024515756,208.80631028084701,-1.5192804915411422
127.7417631620001,127215000000,outer_left_lower_to_mid_reverse,1.5839827820393773,1.8052961635923481,0.8774088229863732,route/default: outer_left_lower_to_mid_reverse,,,,,camera_sign_speed_limit,False,False,0.28,0.28,green,,,34.75481764597275,208.36047936995072,-1.5448281395833408,34.56206039662294,210.94077945719766,-1.4139665000012447
127.84171688399965,127316000000,outer_left_lower_to_mid_reverse,1.608068669652815,1.8052961635923481,0.8907506159282634,route/default: outer_left_lower_to_mid_reverse,,,,,camera_sign_speed_limit,False,False,0.28,0.28,green,,,34.781501231856524,209.38779742647628,-1.5448281395833408,34.49825509026452,211.96562686354642,-1.3376381621261881
127.9414477829996,127416000000,outer_left_lower_to_mid_reverse,1.6309062956512632,1.8052961635923481,0.9034009646405786,route/default: outer_left_lower_to_mid_reverse,,,,,camera_sign_speed_limit,False,False,0.28,0.28,green,,,34.806801929281164,210.36187427732455,-1.5448281395833408,34.44942129684274,212.9582975471144,-1.2435168591922507
128.14301785299995,127617000000,outer_left_lower_to_mid_reverse,1.6749671085066224,1.8052961635923481,0.9278073826809754,route/default: outer_left_lower_to_mid_reverse,,,,,camera_sign_speed_limit,False,False,0.28,0.28,green,yellow,yellow,34.85561476536195,212.2411684664351,-1.5448281395833408,34.437552771752436,214.86281727357158,-0.9997729083468168
128.34457182299957,127817000000,outer_left_lower_to_mid_reverse,1.7185600461151331,1.8052961635923481,0.9519546325824904,route/default: outer_left_lower_to_mid_reverse,,,,camera_sign_turn_right,camera_sign_speed_limit,False,False,0.28,0.28,green,green,green,34.903909265164984,214.10050670885175,-1.5448281395833408,34.784264825206336,216.68980437503114,-0.7276075693115238
128.5459769199997,128018000000,outer_left_lower_to_mid_reverse,1.7628129552922678,1.8052961635923481,0.9764674577186586,route/default: outer_left_lower_to_mid_reverse,,,,camera_sign_turn_right,camera_sign_speed_limit,False,False,0.28,0.28,green,green,green,34.95293491543731,215.98799424433673,-0.9888062445793637,35.681696436715754,218.33399832287927,-0.47628461347154116
128.64594996399956,128118000000,outer_left_lower_to_mid_reverse,1.7853014051836724,1.8052961635923481,0.988924388800069,route/default: outer_left_lower_to_mid_reverse,,,,camera_sign_turn_right,camera_sign_speed_limit,False,False,0.28,0.28,green,green,green,34.97784877760013,216.94717793760532,-0.7439345700769816,36.32535289399571,219.03776354842046,-0.3644651051891337
128.74643731699962,128218000000,outer_bottom_left_corner_reverse,0.0031801875792150103,0.3709787607362388,0.008572424935874115,route/default: outer_bottom_left_corner_reverse,,,,camera_sign_turn_right,camera_sign_speed_limit,False,False,0.28,0.28,green,green,green,35.135688003379826,217.8,-0.5943623388973,37.09007425994274,219.63822659771085,-0.266123311234061
128.84634416799963,128318000000,outer_bottom_left_corner_reverse,0.026687765284047406,0.3709787607362388,0.07193879571726228,route/default: outer_bottom_left_corner_reverse,,,,,camera_sign_speed_limit,False,False,0.28,0.28,green,green,green,36.09806014391489,217.8980601439149,-0.6269173551275169,37.95737081031176,220.13282626578183,-0.18045826886080518
128.94755505800003,128419000000,outer_bottom_left_corner_reverse,0.050970802004672654,0.3709787607362388,0.13739547219230766,route/default: outer_bottom_left_corner_reverse,,,,,camera_sign_speed_limit,False,False,0.28,0.28,green,green,green,36.830676674387675,218.6306766743877,-0.3798380323860993,38.909263067436385,220.51894477575019,-0.10837920609855327
129.04800428699946,128519000000,outer_bottom_left_corner_reverse,0.07598092878248032,0.3709787607362388,0.2048120723453001,route/default: outer_bottom_left_corner_reverse,,,,,camera_sign_speed_limit,False,False,0.28,0.28,green,green,green,37.585229431419066,219.38522943141908,-0.12726365850539736,39.92137559084817,220.80021914945672,-0.049026637180224125
129.1537214989994,128619000000,outer_bottom_left_corner_reverse,0.1014030913935227,0.3709787607362388,0.2733393447977444,route/default: outer_bottom_left_corner_reverse,,,,,camera_sign_speed_limit,False,False,0.28,0.28,green,green,green,38.49810477471078,219.8,0.0,40.982646328346405,220.98878328294148,-0.0012560666254499077
129.24951943399992,128722000000,outer_bottom_left_corner_reverse,0.12806468179601393,0.3709787607362388,0.34520758423436076,route/default: outer_bottom_left_corner_reverse,,,,,camera_sign_speed_limit,False,False,0.28,0.28,green,green,green,39.63566596521707,219.8,0.0,42.07930738636907,221.09781174780886,0.03683298633503326
129.35063652099961,128824000000,outer_bottom_left_corner_reverse,0.15522556345661137,0.3709787607362388,0.41842169925996053,route/default: outer_bottom_left_corner_reverse,,,,,camera_sign_speed_limit,False,False,0.28,0.28,green,green,green,40.794530249402555,219.8,0.0,43.201554219053335,221.13626455997525,0.06535190574559922
129.45043183100006,128924000000,outer_bottom_left_corner_reverse,0.18231803029112123,0.3709787607362388,0.4914513971886036,route/default: outer_bottom_left_corner_reverse,,,,,camera_sign_speed_limit,False,False,0.28,0.28,green,green,green,41.95047550100831,219.8,0.0,44.3452322758241,221.11657239170034,0.0852734726751457
129.65137131899974,129122000000,outer_bottom_left_corner_reverse,0.23679572334002158,0.3709787607362388,0.6382999470645715,route/default: outer_bottom_left_corner_reverse,,,,,camera_sign_speed_limit,False,False,0.28,0.28,green,green,green,44.27485707109473,219.8,0.0,46.67819238505179,220.9529470391481,0.1037454227086961
129.75347517299997,129224000000,outer_bottom_left_corner_reverse,0.2653090328694559,0.3709787607362388,0.7151596289311216,route/default: outer_bottom_left_corner_reverse,,,,,camera_sign_speed_limit,False,False,0.28,0.28,green,green,green,45.4914249443506,219.8,0.0,47.86227791572935,220.83160587414682,0.1045975260332372
129.95877194599962,129420000000,outer_bottom_left_corner_reverse,0.31959116033979673,0.3709787607362388,0.8614810176882929,route/default: outer_bottom_left_corner_reverse,,,,,camera_sign_speed_limit,False,False,0.28,0.28,green,green,green,47.80746238308514,219.8,0.0,50.21292842191639,220.56222172452436,0.09544857173576254
130.05268756699934,129523000000,outer_bottom_left_corner_reverse,0.347951508209868,0.3709787607362388,0.9379283803723122,route/default: outer_bottom_left_corner_reverse,,,,,camera_sign_speed_limit,False,False,0.28,0.28,green,green,green,49.01750389220818,219.8,0.0,51.380676230128785,220.42687906412527,0.08720163210937336
130.15452241899948,129625000000,outer_bottom_left_mid_to_bottom_left_reverse,0.004980789801808837,0.796875,0.006250402888544423,route/default: outer_bottom_left_mid_to_bottom_left_reverse,,,,,camera_sign_speed_limit,False,False,0.28,0.28,green,green,green,50.212513698210515,219.8,0.0,52.546480334838265,220.2974618762105,0.07753797487139788
130.25508023800012,129727000000,outer_bottom_left_mid_to_bottom_left_reverse,0.03302067264559298,0.796875,0.041437706849371585,route/default: outer_bottom_left_mid_to_bottom_left_reverse,,,,,camera_sign_speed_limit,False,False,0.28,0.28,green,green,green,51.40888203287864,219.8,0.0,53.71174175914469,220.17801466868679,0.06734015117717201
130.45432840400008,129922000000,outer_bottom_left_mid_to_bottom_left_reverse,0.08655708127526598,0.796875,0.10862065101209849,route/default: outer_bottom_left_mid_to_bottom_left_reverse,,,,,camera_sign_speed_limit,False,False,0.28,0.28,green,green,green,53.69310213441135,219.8,0.0,56.043258116369415,219.974809056288,0.04689097908999951
130.65688199299984,130126000000,outer_bottom_left_mid_to_bottom_left_reverse,0.14267226672484298,0.796875,0.17903970726254806,route/default: outer_bottom_left_mid_to_bottom_left_reverse,,,,,camera_sign_speed_limit,False,False,0.28,0.28,green,green,green,56.08735004692663,219.8,0.0,58.383715465682855,219.82348318523083,0.028016483216395563
130.75654484299957,130227000000,outer_bottom_left_mid_to_bottom_left_reverse,0.17049641463943027,0.796875,0.2139562850377164,route/default: outer_bottom_left_mid_to_bottom_left_reverse,,,,,camera_sign_speed_limit,False,False,0.28,0.28,green,green,green,57.274513691282365,219.8,0.0,59.557932110928405,219.76733565515542,0.019803575763799604
130.85639391299992,130327000000,outer_bottom_left_mid_to_bottom_left_reverse,0.1980969291908323,0.796875,0.2485922248669268,route/default: outer_bottom_left_mid_to_bottom_left_reverse,,,,,camera_sign_speed_limit,False,False,0.28,0.28,green,green,green,58.45213564547551,219.8,0.0,60.735218156394325,219.723520187921,0.01258284542368618
130.95643946099972,130427000000,outer_bottom_left_mid_to_bottom_left_reverse,0.22577405307904405,0.796875,0.2833243019031141,route/default: outer_bottom_left_mid_to_bottom_left_reverse,,,,,camera_sign_speed_limit,False,False,0.28,0.28,green,green,green,59.633026264705876,219.8,0.0,61.91510801139977,219.691670235792,0.006565319461869582
131.0574735299997,130530000000,outer_bottom_left_mid_to_bottom_left_reverse,0.2543561109275121,0.796875,0.31919198234040735,route/default: outer_bottom_left_mid_to_bottom_left_reverse,,,,,camera_sign_speed_limit,False,False,0.28,0.28,green,green,green,60.852527399573844,219.8,0.0,63.09749046448779,219.67007424683408,0.0016229423922934367
131.25815232399964,130723000000,outer_bottom_left_mid_to_bottom_left_reverse,0.30794211441053987,0.796875,0.38643716318185395,route/default: outer_bottom_left_mid_to_bottom_left_reverse,,,,,camera_sign_speed_limit,False,False,0.28,0.28,green,green,green,63.13886354818304,219.8,0.0,65.46818761806739,219.6512809808595,-0.005459616477760647
131.4594238059999,130918000000,outer_bottom_left_mid_to_bottom_left_reverse,0.36233826315216633,0.796875,0.4546989968968362,route/default: outer_bottom_left_mid_to_bottom_left_reverse,,,,,camera_sign_speed_limit,False,False,0.28,0.28,green,green,green,65.45976589449242,219.8,0.0,67.8463569300277,219.6564032814103,-0.009119288546385076
131.5609363019994,131018000000,outer_bottom_left_mid_to_bottom_left_reverse,0.39017053319133543,0.796875,0.489625767142068,route/default: outer_bottom_left_mid_to_bottom_left_reverse,,,,,camera_sign_speed_limit,False,False,0.28,0.28,yellow,green,green,66.6472760828303,219.8,0.0,69.03725692574753,219.66311993041563,-0.010512508583694067
131.6604302299993,131118000000,outer_bottom_left_mid_to_bottom_left_reverse,0.41814224558555974,0.796875,0.524727523872075,route/default: outer_bottom_left_mid_to_bottom_left_reverse,,,,,camera_sign_speed_limit,False,False,0.14,0.28,yellow,yellow,yellow,67.84073581165055,219.8,0.0,70.22950659609373,219.67304869847862,-0.011390394290967942
131.7611882659994,131219000000,outer_bottom_left_mid_to_bottom_left_reverse,0.43228042421464724,0.796875,0.5424695519556357,route/default: outer_bottom_left_mid_to_bottom_left_reverse,,,,,camera_sign_speed_limit,False,False,0.14,0.28,yellow,yellow,yellow,68.4439647664916,219.8,0.0,71.0108368746265,219.67947593303847,-0.011945933447671838
131.96159680900018,131419000000,outer_bottom_left_mid_to_bottom_left_reverse,0.4602829397236991,0.796875,0.5776099635748381,route/default: outer_bottom_left_mid_to_bottom_left_reverse,,,,,camera_sign_speed_limit,False,False,0.14,0.28,yellow,yellow,yellow,69.63873876154449,219.8,0.0,72.20403842858113,219.6952287768977,-0.011439644968824393
132.06211531400004,131521000000,outer_bottom_left_mid_to_bottom_left_reverse,0.4745576226755257,0.796875,0.5955232912006597,route/default: outer_bottom_left_mid_to_bottom_left_reverse,,,,,camera_sign_speed_limit,False,False,0.14,0.28,yellow,yellow,yellow,70.24779190082242,219.8,0.0,72.8003451432329,219.70348992073588,-0.010977753495114656
132.16326255199965,131621000000,outer_bottom_left_mid_to_bottom_left_reverse,0.4885494106342566,0.796875,0.6130816133449495,route/default: outer_bottom_left_mid_to_bottom_left_reverse,,,,,camera_sign_speed_limit,False,False,0.14,0.28,yellow,yellow,yellow,70.8447748537283,219.8,0.0,73.39652852604078,219.7117546934831,-0.010425126477637407
132.268632067,131721000000,outer_bottom_left_mid_to_bottom_left_reverse,0.5025391271039148,0.796875,0.6306373359735401,route/default: outer_bottom_left_mid_to_bottom_left_reverse,,,,,camera_sign_speed_limit,False,False,0.14,0.28,yellow,yellow,yellow,71.44166942310036,219.8,0.0,73.99262998467543,219.7198791888547,-0.009810857491839969
132.36492284399992,131822000000,outer_bottom_left_mid_to_bottom_left_reverse,0.5166673441021629,0.796875,0.6483668631870279,route/default: outer_bottom_left_mid_to_bottom_left_reverse,,,,,camera_sign_speed_limit,False,False,0.14,0.28,yellow,yellow,yellow,72.04447334835893,219.8,0.0,74.58868189799438,219.72775618751433,-0.009157882030528442
132.46545034599967,131922000000,outer_bottom_left_mid_to_bottom_left_reverse,0.5306548366520023,0.796875,0.6659197950142774,route/default: outer_bottom_left_mid_to_bottom_left_reverse,,,,,camera_sign_speed_limit,False,False,0.14,0.28,yellow,yellow,yellow,72.64127303048542,219.8,0.0,75.18470892626175,219.7353085506989,-0.008483766783335466
132.5669571339995,132022000000,outer_bottom_left_mid_to_bottom_left_reverse,0.5446363070959033,0.796875,0.6834651696889766,route/default: outer_bottom_left_mid_to_bottom_left_reverse,,,,,camera_sign_speed_limit,False,False,0.14,0.28,red,yellow,yellow,73.2378157694252,219.8,0.0,75.78065798084552,219.7423756458109,-0.007830721491187022
132.66632940199997,132122000000,outer_bottom_left_mid_to_bottom_left_reverse,0.5586161189989682,0.796875,0.7010084630575287,route/default: outer_bottom_left_mid_to_bottom_left_reverse,,,,camera_sign_speed_limit,camera_sign_speed_limit,False,False,0.14,0.28,red,red,red,73.83428774395597,219.8,0.0,76.37689787682257,219.7489558820401,-0.007129345505714568
132.86694993799938,132320000000,outer_bottom_left_mid_to_bottom_left_reverse,0.586305194154369,0.796875,0.7357555377623454,route/default: outer_bottom_left_mid_to_bottom_left_reverse,,,,camera_sign_speed_limit,camera_sign_speed_limit,False,False,0.14,0.28,red,red,red,75.01568828391973,219.8,0.0,77.56941849488857,219.76084652010115,-0.0058002236322598575
133.06812161299968,132523000000,outer_bottom_left_mid_to_bottom_left_reverse,0.614673571244989,0.796875,0.7713550697976332,route/default: outer_bottom_left_mid_to_bottom_left_reverse,,,,camera_sign_speed_limit,camera_sign_speed_limit,False,False,0.14,0.28,red,red,red,76.22607237311954,219.8,0.0,78.76167209391184,219.77050123171853,-0.004738970513969093
133.1683411969998,132625000000,outer_bottom_left_mid_to_bottom_left_reverse,0.6289513323901655,0.796875,0.7892722602543254,route/default: outer_bottom_left_mid_to_bottom_left_reverse,,,,camera_sign_speed_limit,camera_sign_speed_limit,False,False,0.14,0.28,red,red,red,76.83525684864705,219.8,0.0,79.35762885488884,219.7746877744496,-0.004273757248886382
133.2713023139995,132725000000,outer_bottom_left_mid_to_bottom_left_reverse,0.6429536632659199,0.796875,0.8068438127258603,route/default: outer_bottom_left_mid_to_bottom_left_reverse,,,,camera_sign_speed_limit,camera_sign_speed_limit,False,False,0.14,0.28,red,red,red,77.43268963267926,219.8,0.0,79.9536589739391,219.77856318682615,-0.0038236059366583337
133.46958862599968,132926000000,outer_bottom_left_mid_to_bottom_left_reverse,0.6710683481134961,0.796875,0.8421249858679167,route/default: outer_bottom_left_mid_to_bottom_left_reverse,,,,camera_sign_speed_limit,camera_sign_speed_limit,False,False,0.14,0.28,red,red,red,78.63224951950917,219.8,0.0,81.14574622523361,219.78517066429043,-0.003037020884034354
133.5706697099995,133029000000,outer_bottom_left_mid_to_bottom_left_reverse,0.6854913530072849,0.796875,0.860224442989534,route/default: outer_bottom_left_mid_to_bottom_left_reverse,,,,camera_sign_speed_limit,camera_sign_speed_limit,False,False,0.14,0.28,red,red,red,79.24763106164417,219.8,0.0,81.74177913559808,219.78785549032642,-0.002718072221607145
133.77151782999954,133227000000,outer_bottom_left_mid_to_bottom_left_reverse,0.7131656753293464,0.796875,0.894953004334866,route/default: outer_bottom_left_mid_to_bottom_left_reverse,,,,camera_sign_speed_limit,camera_sign_speed_limit,False,False,0.14,0.28,red,red,red,80.42840214738544,219.8,0.0,82.93513143336406,219.79278886200365,-0.001958809731375241
133.972021734,133426000000,outer_bottom_left_mid_to_bottom_left_reverse,0.7410137964672217,0.796875,0.9298996661549448,route/default: outer_bottom_left_mid_to_bottom_left_reverse,,,,camera_sign_speed_limit,camera_sign_speed_limit,False,False,0.14,0.28,red,red,red,81.61658864926812,219.8,0.0,84.12877860500205,219.7962684381299,-0.0013839028431445457
134.17231591400014,133624000000,outer_bottom_left_mid_to_bottom_left_reverse,0.7687335805041231,0.796875,0.9646852774953701,route/default: outer_bottom_left_mid_to_bottom_left_reverse,,,,camera_sign_speed_limit,camera_sign_speed_limit,False,False,0.14,0.28,red,red,red,82.7992994348426,219.8,0.0,85.32241697488652,219.7986036635079,-0.0009890766859032105
134.27418129799935,133727000000,outer_bottom_left_mid_to_bottom_left_reverse,0.7831560391331366,0.796875,0.9827840491082498,route/default: outer_bottom_left_mid_to_bottom_left_reverse,,,,camera_sign_speed_limit,camera_sign_speed_limit,False,False,0.14,0.28,red,red,red,83.41465766968051,219.8,0.0,85.91921623636686,219.79935013888633,-0.0008445448366826657
134.37357912700008,133826000000,outer_bottom_mid_to_bottom_left_mid_reverse,0.00010753489214524944,0.984375,0.00010924179519517404,route/default: outer_bottom_mid_to_bottom_left_mid_reverse,,,,camera_sign_speed_limit,camera_sign_speed_limit,False,False,0.14,0.28,red,red,red,84.00458815539821,219.8,0.0,86.51597573509805,219.800293483286,-0.0007027958869248556
134.47320049500013,133928000000,outer_bottom_mid_to_bottom_left_mid_reverse,0.014381592083866118,0.984375,0.014609871323292565,route/default: outer_bottom_mid_to_bottom_left_mid_reverse,,,,camera_sign_speed_limit,camera_sign_speed_limit,False,False,0.14,0.28,red,red,red,84.6136145955783,219.8,0.0,87.11244127442885,219.80084846779647,-0.000623173894211945
134.5741936839995,134029000000,outer_bottom_mid_to_bottom_left_mid_reverse,0.028480028633930808,0.984375,0.02893209258050114,route/default: outer_bottom_mid_to_bottom_left_mid_reverse,,,,camera_sign_speed_limit,camera_sign_speed_limit,False,False,0.14,0.28,red,red,red,85.21514788838104,219.8,0.0,87.70884439759854,219.80131055170563,-0.0005616268108189124
134.67515304900007,134130000000,outer_bottom_mid_to_bottom_left_mid_reverse,0.04254148094226275,0.984375,0.04321674254452088,route/default: outer_bottom_mid_to_bottom_left_mid_reverse,,,,camera_sign_speed_limit,camera_sign_speed_limit,False,False,0.14,0.28,red,red,red,85.81510318686988,219.8,0.0,88.30525693012328,219.8016804230964,-0.0005335288520082169
134.8756099809998,134329000000,outer_bottom_mid_to_bottom_left_mid_reverse,0.07037214655531521,0.984375,0.07148916475460593,route/default: outer_bottom_mid_to_bottom_left_mid_reverse,,,,camera_sign_speed_limit,camera_sign_speed_limit,False,False,0.14,0.28,red,red,red,87.00254491969345,219.8,0.0,89.49821172916067,219.80245775215212,-0.0004375720934075661
134.9760661579994,134430000000,outer_bottom_mid_to_bottom_left_mid_reverse,0.08450594122080081,0.984375,0.08584730536716273,route/default: outer_bottom_mid_to_bottom_left_mid_reverse,,,,camera_sign_speed_limit,camera_sign_speed_limit,False,False,0.14,0.28,red,red,red,87.60558682542083,219.8,0.0,90.0951580867521,219.8028212872622,-0.0003269218436553964
135.07910843399986,134532000000,outer_bottom_mid_to_bottom_left_mid_reverse,0.09878004731759461,0.984375,0.10034798457660406,route/default: outer_bottom_mid_to_bottom_left_mid_reverse,,,,camera_sign_speed_limit,camera_sign_speed_limit,False,False,0.14,0.28,red,red,red,88.21461535221738,219.8,0.0,90.81149862220812,219.80314088575375,-0.00020608751386628433
135.17818124399946,134632000000,outer_bottom_mid_to_bottom_left_mid_reverse,0.11279294928837809,0.984375,0.11458331356279679,route/default: outer_bottom_mid_to_bottom_left_mid_reverse,,,,camera_sign_speed_limit,camera_sign_speed_limit,False,False,0.14,0.28,red,red,red,88.81249916963748,219.8,0.0,91.40813097705072,219.80327573182535,-0.00014595914238215064
135.27819683799953,134732000000,outer_bottom_mid_to_bottom_left_mid_reverse,0.1267381664495699,0.984375,0.12874988337734083,route/default: outer_bottom_mid_to_bottom_left_mid_reverse,,,,camera_sign_speed_limit,camera_sign_speed_limit,False,False,0.0,0.28,red,red,red,89.40749510184833,219.8,0.0,91.8851599760723,219.80333692776162,-0.00011325220801674491
135.47899063499972,134930000000,outer_bottom_mid_to_bottom_left_mid_reverse,0.1267522415926297,0.984375,0.12876418193536987,route/default: outer_bottom_mid_to_bottom_left_mid_reverse,,,,camera_sign_speed_limit,camera_sign_speed_limit,False,False,0.0,0.28,red,red,red,89.40809564128554,219.8,0.0,92.18355062167004,219.80259876418842,-0.0002681675113778113
135.57972938900002,135031000000,outer_bottom_mid_to_bottom_left_mid_reverse,0.12676491428865744,0.984375,0.1287770557853028,route/default: outer_bottom_mid_to_bottom_left_mid_reverse,,,,camera_sign_speed_limit,camera_sign_speed_limit,False,False,0.0,0.28,red,red,red,89.40863634298272,219.8,0.0,92.18359691588633,219.80257597744566,-0.0002657207632415313
135.78016509699955,135219000000,outer_bottom_mid_to_bottom_left_mid_reverse,0.12679294773093158,0.984375,0.12880553420285112,route/default: outer_bottom_mid_to_bottom_left_mid_reverse,,,,camera_sign_speed_limit,camera_sign_speed_limit,False,False,0.0,0.28,red,red,red,89.40983243651974,219.8,0.0,92.18368315903635,219.80255820227012,-0.00026363079280158745
135.88854658799937,135321000000,outer_bottom_mid_to_bottom_left_mid_reverse,0.12679692846605195,0.984375,0.12880957812424326,route/default: outer_bottom_mid_to_bottom_left_mid_reverse,,,,camera_sign_speed_limit,camera_sign_speed_limit,False,False,0.0,0.28,red,red,red,89.41000228121823,219.8,0.0,92.18371946564005,219.80254097505082,-0.0002627462034273679
135.98135674999958,135421000000,outer_bottom_mid_to_bottom_left_mid_reverse,0.12680511132523145,0.984375,0.1288178908700764,route/default: outer_bottom_mid_to_bottom_left_mid_reverse,,,,camera_sign_speed_limit,camera_sign_speed_limit,False,False,0.0,0.28,red,red,red,89.41035141654321,219.8,0.0,92.18376630182048,219.80253317196792,-0.0002622747726424425
136.18251016199974,135620000000,outer_bottom_mid_to_bottom_left_mid_reverse,0.12682844147247077,0.984375,0.12884159133711318,route/default: outer_bottom_mid_to_bottom_left_mid_reverse,,,,camera_sign_speed_limit,camera_sign_speed_limit,False,False,0.0,0.28,red,red,red,89.41134683615874,219.8,0.0,92.18385572790804,219.80250734180908,-0.0002575424916329637
136.2831349649996,135724000000,outer_bottom_mid_to_bottom_left_mid_reverse,0.1268440971294659,0.984375,0.12885749549660028,route/default: outer_bottom_mid_to_bottom_left_mid_reverse,,,,camera_sign_speed_limit,camera_sign_speed_limit,False,False,0.0,0.28,red,red,red,89.41201481085722,219.8,0.0,92.18390299882165,219.8024895801018,-0.00025821623282654995
136.48982028299997,135923000000,outer_bottom_mid_to_bottom_left_mid_reverse,0.12685501722218592,0.984375,0.1288685889241254,route/default: outer_bottom_mid_to_bottom_left_mid_reverse,,,,camera_sign_speed_limit,camera_sign_speed_limit,False,False,0.0,0.28,red,red,red,89.41248073481327,219.8,0.0,92.183983487456,219.8024656169913,-0.00025390038113676423
136.6850063189995,136123000000,outer_bottom_mid_to_bottom_left_mid_reverse,0.12686565743180286,0.984375,0.12887939802595846,route/default: outer_bottom_mid_to_bottom_left_mid_reverse,,,,camera_sign_speed_limit,camera_sign_speed_limit,False,False,0.0,0.28,red,red,red,89.41293471709025,219.8,0.0,92.18408077141785,219.80243647396168,-0.00025002545025031215
136.7849988150001,136226000000,outer_bottom_mid_to_bottom_left_mid_reverse,0.12687451568346697,0.984375,0.12888839688479184,route/default: outer_bottom_mid_to_bottom_left_mid_reverse,,,,camera_sign_speed_limit,camera_sign_speed_limit,False,False,0.0,0.28,red,red,red,89.41331266916126,219.8,0.0,92.18411360902493,219.8024327622847,-0.00025021480149383003
136.98645621000014,136427000000,outer_bottom_mid_to_bottom_left_mid_reverse,0.1268958818347487,0.984375,0.128910102181332,route/default: outer_bottom_mid_to_bottom_left_mid_reverse,,,,camera_sign_speed_limit,camera_sign_speed_limit,False,False,0.0,0.28,red,red,red,89.41422429161594,219.8,0.0,92.18421330883905,219.80239588184224,-0.0002454919760603796
137.08779384199988,136528000000,outer_bottom_mid_to_bottom_left_mid_reverse,0.1268960829961604,0.984375,0.128910306535782,route/default: outer_bottom_mid_to_bottom_left_mid_reverse,,,,camera_sign_speed_limit,camera_sign_speed_limit,False,False,0.0,0.28,red,red,red,89.41423287450284,219.8,0.0,92.1842460837301,219.80239329088198,-0.00024586851790951204
137.2879137359996,136729000000,outer_bottom_mid_to_bottom_left_mid_reverse,0.12690638147721717,0.984375,0.12892076848479203,route/default: outer_bottom_mid_to_bottom_left_mid_reverse,,,,camera_sign_speed_limit,camera_sign_speed_limit,False,False,0.0,0.28,red,red,red,89.41467227636127,219.8,0.0,92.18434584578569,219.80235528137877,-0.00024095898033524486
137.38892098299948,136829000000,outer_bottom_mid_to_bottom_left_mid_reverse,0.12690658184328935,0.984375,0.12892097203127806,route/default: outer_bottom_mid_to_bottom_left_mid_reverse,,,,camera_sign_speed_limit,camera_sign_speed_limit,False,False,0.0,0.28,red,red,red,89.41468082531367,219.8,0.0,92.18437852081664,219.80235286796085,-0.00024129213450862821
137.48905036399992,136930000000,outer_bottom_mid_to_bottom_left_mid_reverse,0.1269069370649325,0.984375,0.12892133289136,route/default: outer_bottom_mid_to_bottom_left_mid_reverse,,,,camera_sign_speed_limit,camera_sign_speed_limit,False,False,0.0,0.28,red,red,red,89.41469598143712,219.8,0.0,92.18442728361467,219.80233198835128,-0.00023940868243359245
137.58984662900002,137031000000,outer_bottom_mid_to_bottom_left_mid_reverse,0.12691644628399562,0.984375,0.12893099305040825,route/default: outer_bottom_mid_to_bottom_left_mid_reverse,,,,camera_sign_speed_limit,camera_sign_speed_limit,False,False,0.0,0.28,red,red,red,89.41510170811713,219.8,0.0,92.18447838189391,219.80231466538152,-0.00023642719699708004
137.7916348459994,137231000000,outer_bottom_mid_to_bottom_left_mid_reverse,0.1269261500430442,0.984375,0.12894085083737822,route/default: outer_bottom_mid_to_bottom_left_mid_reverse,,,,camera_sign_speed_limit,camera_sign_speed_limit,False,False,0.0,0.28,red,red,red,89.41551573516989,219.8,0.0,92.18455921307304,219.80229216344793,-0.000234864530159965
137.99216046499987,137430000000,outer_bottom_mid_to_bottom_left_mid_reverse,0.126935397227579,0.984375,0.12895024480261993,route/default: outer_bottom_mid_to_bottom_left_mid_reverse,,,,camera_sign_speed_limit,camera_sign_speed_limit,False,False,0.0,0.28,red,red,red,89.41591028171004,219.8,0.0,92.1846434021372,219.80227199862549,-0.0002321414234738847
138.1976301019995,137628000000,outer_bottom_mid_to_bottom_left_mid_reverse,0.12694498968015377,0.984375,0.12895998951634668,route/default: outer_bottom_mid_to_bottom_left_mid_reverse,,,,camera_sign_speed_limit,camera_sign_speed_limit,False,False,0.0,0.28,red,red,red,89.41631955968657,219.8,0.0,92.18475025538896,219.80223317044607,-0.00022735530013660846
138.29926511599933,137729000000,outer_bottom_mid_to_bottom_left_mid_reverse,0.12695449914086232,0.984375,0.128969649920876,route/default: outer_bottom_mid_to_bottom_left_mid_reverse,,,,camera_sign_speed_limit,camera_sign_speed_limit,False,False,0.0,0.28,red,red,red,89.41672529667679,219.8,0.0,92.18478288430367,219.80223089536662,-0.0002277650189848754
138.3945317050002,137834000000,outer_bottom_mid_to_bottom_left_mid_reverse,0.12695567378490277,0.984375,0.12897084321005997,route/default: outer_bottom_mid_to_bottom_left_mid_reverse,,,,camera_sign_speed_limit,camera_sign_speed_limit,False,False,0.0,0.28,red,red,red,89.41677541482252,219.8,0.0,92.18483110086078,219.80221025759005,-0.00022589821841986733
138.59547326699976,138037000000,outer_bottom_mid_to_bottom_left_mid_reverse,0.1269659192181114,0.984375,0.12898125126919252,route/default: outer_bottom_mid_to_bottom_left_mid_reverse,,,,camera_sign_speed_limit,camera_sign_speed_limit,False,False,0.0,0.28,red,red,red,89.41721255330609,219.8,0.0,92.18491532431825,219.80219046088,-0.00022318944714248728
138.69588141499935,138137000000,outer_bottom_mid_to_bottom_left_mid_reverse,0.12697769748738374,0.984375,0.12899321649512,route/default: outer_bottom_mid_to_bottom_left_mid_reverse,,,,camera_sign_speed_limit,camera_sign_speed_limit,False,False,0.0,0.28,red,red,red,89.41771509279505,219.8,0.0,92.18496840917865,219.8021694013134,-0.00022129780970991827
138.79600935799954,138237000000,outer_bottom_mid_to_bottom_left_mid_reverse,0.1269781552896456,0.984375,0.12899368156408442,route/default: outer_bottom_mid_to_bottom_left_mid_reverse,,,,camera_sign_speed_limit,camera_sign_speed_limit,False,False,0.0,0.28,red,red,red,89.41773462569154,219.8,0.0,92.18501533176655,219.80215192125758,-0.0002182927456266271
138.99711583799944,138435000000,outer_bottom_mid_to_bottom_left_mid_reverse,0.1269878402243523,0.984375,0.12900352022791345,route/default: outer_bottom_mid_to_bottom_left_mid_reverse,,,,camera_sign_speed_limit,camera_sign_speed_limit,False,False,0.0,0.28,red,red,red,89.41814784957236,219.8,0.0,92.18509580968487,219.80212901459026,-0.000216636239385169
139.0981624420001,138538000000,outer_bottom_mid_to_bottom_left_mid_reverse,0.12698830864956556,0.984375,0.12900399608844756,route/default: outer_bottom_mid_to_bottom_left_mid_reverse,,,,camera_sign_speed_limit,camera_sign_speed_limit,False,False,0.0,0.28,red,red,red,89.4181678357148,219.8,0.0,92.1851478680372,219.8021112558859,-0.00021376386788428067
139.19902236500002,138639000000,outer_bottom_mid_to_bottom_left_mid_reverse,0.12699781802534668,0.984375,0.1290136564067014,route/default: outer_bottom_mid_to_bottom_left_mid_reverse,,,,camera_sign_speed_limit,camera_sign_speed_limit,False,False,0.0,0.28,red,red,red,89.41857356908146,219.8,0.0,92.1851802088419,219.8021095745442,-0.00021404043396243996
139.3000053249998,138739000000,outer_bottom_mid_to_bottom_left_mid_reverse,0.12700951567948146,0.984375,0.12902553973788594,route/default: outer_bottom_mid_to_bottom_left_mid_reverse,,,,camera_sign_speed_limit,camera_sign_speed_limit,False,False,0.0,0.28,red,red,red,89.41907266899122,219.8,0.0,92.18523162171047,219.80208926816806,-0.00021209025146867814
139.3996630749998,138839000000,outer_bottom_mid_to_bottom_left_mid_reverse,0.12700996082922614,0.984375,0.12902599195349956,route/default: outer_bottom_mid_to_bottom_left_mid_reverse,,,,camera_sign_speed_limit,camera_sign_speed_limit,False,False,0.0,0.28,red,red,red,89.41909166204698,219.8,0.0,92.18528040271534,219.80207053561804,-0.00020923722443319453
139.50060770099935,138939000000,outer_bottom_mid_to_bottom_left_mid_reverse,0.1270193760338888,0.984375,0.12903555660585528,route/default: outer_bottom_mid_to_bottom_left_mid_reverse,,,,camera_sign_speed_limit,camera_sign_speed_limit,False,False,0.0,0.28,red,red,red,89.41949337744592,219.8,0.0,92.18531264496693,219.80206913676244,-0.00020946718678121958
139.60065800199936,139040000000,outer_bottom_mid_to_bottom_left_mid_reverse,0.12703125929669462,0.984375,0.12904762849188026,route/default: outer_bottom_mid_to_bottom_left_mid_reverse,,,,camera_sign_speed_limit,camera_sign_speed_limit,False,False,0.0,0.28,red,red,red,89.42000039665896,219.8,0.0,92.1853637931778,219.80204849240454,-0.0002074522456905371
139.8019464049994,139239000000,outer_bottom_mid_to_bottom_left_mid_reverse,0.12704108498937555,0.984375,0.12905761014793707,route/default: outer_bottom_mid_to_bottom_left_mid_reverse,,,,camera_sign_speed_limit,camera_sign_speed_limit,False,False,0.0,0.28,red,red,red,89.42041962621335,219.8,0.0,92.18544506420305,219.80202872938708,-0.00020489548650639422
139.90229795199957,139339000000,outer_bottom_mid_to_bottom_left_mid_reverse,0.12704155796202146,0.984375,0.1290580906280853,route/default: outer_bottom_mid_to_bottom_left_mid_reverse,,,,camera_sign_speed_limit,camera_sign_speed_limit,False,False,0.0,0.28,red,red,red,89.42043980637959,219.8,0.0,92.18549119787833,219.80200804876398,-0.00020279815301521833
140.00289397399956,139439000000,outer_bottom_mid_to_bottom_left_mid_reverse,0.12704187920978516,0.984375,0.12905841697501985,route/default: outer_bottom_mid_to_bottom_left_mid_reverse,,,,camera_sign_speed_limit,camera_sign_speed_limit,False,False,0.0,0.28,red,red,red,89.42045351295084,219.8,0.0,92.18554549013233,219.801988651467,-0.00020018330695464477
140.10386295499939,139541000000,outer_bottom_mid_to_bottom_left_mid_reverse,0.12705148252944956,0.984375,0.1290681727283297,route/default: outer_bottom_mid_to_bottom_left_mid_reverse,,,,camera_sign_speed_limit,camera_sign_speed_limit,False,False,0.0,0.28,red,red,red,89.42086325458985,219.8,0.0,92.18557760929622,219.80198816383796,-0.00020035263474631112
140.3032274899997,139736000000,outer_bottom_mid_to_bottom_left_mid_reverse,0.1270636973342724,0.984375,0.12908058141894338,route/default: outer_bottom_mid_to_bottom_left_mid_reverse,,,,camera_sign_speed_limit,camera_sign_speed_limit,False,False,0.0,0.28,red,red,red,89.42138441959563,219.8,0.0,92.1856781281065,219.80194704100268,-0.0001956254064969328
140.40641524900002,139840000000,outer_bottom_mid_to_bottom_left_mid_reverse,0.12707348892443707,0.984375,0.12909052843117416,route/default: outer_bottom_mid_to_bottom_left_mid_reverse,,,,camera_sign_speed_limit,camera_sign_speed_limit,False,False,0.0,0.28,red,red,red,89.42180219410932,219.8,0.0,92.18571015484162,219.80194759180307,-0.00019581094395472204
140.5041567190001,139940000000,outer_bottom_mid_to_bottom_left_mid_reverse,0.12708533599463157,0.984375,0.1291025635501019,route/default: outer_bottom_mid_to_bottom_left_mid_reverse,,,,camera_sign_speed_limit,camera_sign_speed_limit,False,False,0.0,0.28,red,red,red,89.42230766910427,219.8,0.0,92.18575911339403,219.80192743685325,-0.00019362682890422262
140.70501646699995,140141000000,outer_bottom_mid_to_bottom_left_mid_reverse,0.1271291234329278,0.984375,0.12914704602710125,route/default: outer_bottom_mid_to_bottom_left_mid_reverse,,,,camera_sign_speed_limit,camera_sign_speed_limit,False,False,0.28,0.28,green,green,green,89.42417593313826,219.8,0.0,92.18584270085722,219.8019070132097,-0.00019127039279652117
140.90541761799977,140342000000,outer_bottom_mid_to_bottom_left_mid_reverse,0.183369615330803,0.984375,0.18628024414557767,route/default: outer_bottom_mid_to_bottom_left_mid_reverse,,,,camera_sign_speed_limit,camera_sign_speed_limit,False,False,0.28,0.28,green,green,green,91.82377025411427,219.8,0.0,94.0306147094577,219.79967625934665,-0.0020304263896306577
141.1060387890002,140542000000,outer_bottom_mid_to_bottom_left_mid_reverse,0.23930111854840713,0.984375,0.24309954900155645,route/default: outer_bottom_mid_to_bottom_left_mid_reverse,,,,camera_sign_speed_limit,camera_sign_speed_limit,False,False,0.28,0.28,green,green,green,94.21018105806536,219.8,0.0,96.41694582249897,219.8070450974355,-0.0008868576667618677
141.216339951,140643000000,outer_bottom_mid_to_bottom_left_mid_reverse,0.26755347315568456,0.984375,0.27180035368196526,route/default: outer_bottom_mid_to_bottom_left_mid_reverse,,,,camera_sign_speed_limit,camera_sign_speed_limit,False,False,0.28,0.28,green,green,green,95.41561485464254,219.8,0.0,97.61040200114773,219.80936250723306,-0.0004426309732286265
141.30833889699989,140743000000,outer_bottom_mid_to_bottom_left_mid_reverse,0.2955305440471385,0.984375,0.3002215050637598,route/default: outer_bottom_mid_to_bottom_left_mid_reverse,,,,camera_sign_speed_limit,camera_sign_speed_limit,False,False,0.28,0.28,green,green,green,96.60930321267791,219.8,0.0,98.80401290546631,219.81094410471383,-6.951958744920949e-05
141.40908171999945,140846000000,outer_bottom_mid_to_bottom_left_mid_reverse,0.32435135481219024,0.984375,0.3294997890155583,route/default: outer_bottom_mid_to_bottom_left_mid_reverse,,,,camera_sign_speed_limit,camera_sign_speed_limit,False,False,0.28,0.28,green,green,green,97.83899113865345,219.8,0.0,99.99784752392027,219.81178983804313,0.00019943623324753475
141.50945985899943,140947000000,outer_bottom_mid_to_bottom_left_mid_reverse,0.35261630461525134,0.984375,0.3582133888154934,route/default: outer_bottom_mid_to_bottom_left_mid_reverse,,,,camera_sign_speed_limit,camera_sign_speed_limit,False,False,0.28,0.28,green,red,red,99.04496233025073,219.8,0.0,101.1918464767963,219.81208438361216,0.00038711429863663504
141.71742213499965,141145000000,outer_bottom_mid_to_bottom_left_mid_reverse,0.4080341518970972,0.984375,0.4145108844668924,route/default: outer_bottom_mid_to_bottom_left_mid_reverse,,,,camera_sign_speed_limit,camera_sign_speed_limit,False,False,0.28,0.28,green,green,green,101.40945714760947,219.8,0.0,103.58019237652158,219.81159275878662,0.0005773896729752414
141.91310055599934,141347000000,outer_bottom_mid_to_bottom_left_mid_reverse,0.4645777493219403,0.984375,0.47195199931117743,route/default: outer_bottom_mid_to_bottom_left_mid_reverse,,,,camera_sign_speed_limit,camera_sign_speed_limit,False,False,0.28,0.28,green,red,red,103.82198397106946,219.8,0.0,105.96873583838406,219.81073210452575,0.0007881019545997585
142.11317451800005,141544000000,outer_bottom_mid_to_bottom_left_mid_reverse,0.5197170934107463,0.984375,0.5279665710839327,route/default: outer_bottom_mid_to_bottom_left_mid_reverse,,,,camera_sign_speed_limit,camera_sign_speed_limit,False,False,0.28,0.28,green,,,106.17459598552517,219.8,0.0,108.35734658127666,219.80926217398064,0.0010806852514729315
142.21629198899973,141646000000,outer_bottom_mid_to_bottom_left_mid_reverse,0.5482465983682557,0.984375,0.556948925326482,route/default: outer_bottom_mid_to_bottom_left_mid_reverse,,,,camera_sign_speed_limit,camera_sign_speed_limit,False,False,0.28,0.28,green,yellow,yellow,107.39185486371224,219.8,0.0,109.55130241519689,219.8082932401133,0.0013195987179036956
142.31330828299997,141747000000,outer_bottom_mid_to_bottom_left_mid_reverse,0.5764842779230303,0.984375,0.5856348220170466,route/default: outer_bottom_mid_to_bottom_left_mid_reverse,,,,camera_sign_speed_limit,camera_sign_speed_limit,False,False,0.28,0.28,green,yellow,yellow,108.59666252471595,219.8,0.0,110.74492564022114,219.80720375942303,0.0015769306886119793
142.41560670299987,141848000000,outer_bottom_mid_to_bottom_left_mid_reverse,0.6047108458105314,0.984375,0.6143094306646668,route/default: outer_bottom_mid_to_bottom_left_mid_reverse,,,,camera_sign_speed_limit,camera_sign_speed_limit,False,False,0.28,0.28,green,,,109.800996087916,219.8,0.0,111.93823196639289,219.8059432767809,0.0018335238987294083
142.6146390699996,142047000000,outer_bottom_mid_to_bottom_left_mid_reverse,0.6603129193647365,0.984375,0.6707940768149704,route/default: outer_bottom_mid_to_bottom_left_mid_reverse,,,,camera_sign_speed_limit,camera_sign_speed_limit,False,False,0.28,0.28,green,,,112.17335122622876,219.8,0.0,114.32425722906356,219.80177456381728,0.0020157272740165453
142.7146994549994,142149000000,outer_bottom_mid_to_bottom_left_mid_reverse,0.6888062005119027,0.984375,0.6997396322660598,route/default: outer_bottom_mid_to_bottom_left_mid_reverse,,,,camera_sign_speed_limit,camera_sign_speed_limit,False,False,0.28,0.28,green,,,113.38906455517451,219.8,0.0,115.51700906450577,219.79914705356003,0.0019629186399654722
142.81585054199968,142249000000,outer_bottom_mid_to_bottom_left_mid_reverse,0.7167379668760668,0.984375,0.7281147600010838,route/default: outer_bottom_mid_to_bottom_left_mid_reverse,,,,camera_sign_speed_limit,camera_sign_speed_limit,False,False,0.28,0.28,green,,,114.58081992004551,219.8,0.0,116.70963571362621,219.79636972575912,0.0018471195149629266
142.91774000199985,142350000000,outer_bottom_mid_to_bottom_left_mid_reverse,0.7449470222202588,0.984375,0.7567715781285168,route/default: outer_bottom_mid_to_bottom_left_mid_reverse,,,,camera_sign_speed_limit,camera_sign_speed_limit,False,False,0.28,0.28,green,,,115.78440628139771,219.8,0.0,117.90216978187465,219.7935780513332,0.0016868178494999575
143.01699205899968,142450000000,outer_bottom_mid_to_bottom_left_mid_reverse,0.7728753350774914,0.984375,0.7851431975390388,route/default: outer_bottom_mid_to_bottom_left_mid_reverse,,,,camera_sign_speed_limit,camera_sign_speed_limit,False,False,0.28,0.28,green,,,116.97601429663963,219.8,0.0,119.09464807766425,219.79091400698871,0.001502921254107482
143.11752515199987,142550000000,outer_bottom_mid_to_bottom_left_mid_reverse,0.800802748715134,0.984375,0.8135139034566441,route/default: outer_bottom_mid_to_bottom_left_mid_reverse,,,,camera_sign_speed_limit,camera_sign_speed_limit,False,False,0.28,0.28,green,,,118.16758394517905,219.8,0.0,120.28706840115242,219.78844095867294,0.0012967797158931719
143.3189543190001,142748000000,outer_bottom_mid_to_bottom_left_mid_reverse,0.8560991842061345,0.984375,0.8696880601459144,route/default: outer_bottom_mid_to_bottom_left_mid_reverse,,,,camera_sign_speed_limit,camera_sign_speed_limit,False,False,0.28,0.28,green,,,120.5268985261284,219.8,0.0,122.67189712757536,219.7842965492398,0.0008755118110446087
143.4192285700001,142850000000,outer_bottom_mid_to_bottom_left_mid_reverse,0.8845860593037308,0.984375,0.8986271078641075,route/default: outer_bottom_mid_to_bottom_left_mid_reverse,,,,camera_sign_speed_limit,camera_sign_speed_limit,False,False,0.28,0.28,green,,,121.74233853029251,219.8,0.0,123.86434837023637,219.78262052293138,0.0006777298265569609
143.52016624799944,142950000000,outer_bottom_mid_to_bottom_left_mid_reverse,0.9125152313491622,0.984375,0.9269996001007362,route/default: outer_bottom_mid_to_bottom_left_mid_reverse,,,,camera_sign_speed_limit,camera_sign_speed_limit,False,False,0.28,0.28,green,,,122.93398320423093,219.8,0.0,125.05683675685961,219.78119709955968,0.0004983498411711843
143.6207670449994,143055000000,outer_bottom_mid_to_bottom_left_mid_reverse,0.9418417102773056,0.984375,0.9567915786944057,route/default: outer_bottom_mid_to_bottom_left_mid_reverse,,,,camera_sign_speed_limit,camera_sign_speed_limit,False,False,0.28,0.28,green,,,124.18524630516504,219.8,0.0,126.48786576561004,219.77981780162685,0.0003089742552297734
143.8348075369995,143250000000,outer_bottom_right_mid_to_bottom_mid_reverse,0.011930445318982234,0.984375,0.012119817466902588,route/default: outer_bottom_right_mid_to_bottom_mid_reverse,,,,camera_sign_speed_limit,camera_sign_speed_limit,False,False,0.28,0.28,green,,,126.50903233360991,219.8,0.0,128.8729392614195,219.77829031151134,3.368803164543388e-05
143.92336612599956,143351000000,outer_bottom_right_mid_to_bottom_mid_reverse,0.04014121302339712,0.984375,0.04077837513487961,route/default: outer_bottom_right_mid_to_bottom_mid_reverse,,,,camera_sign_speed_limit,camera_sign_speed_limit,False,False,0.28,0.28,green,,,127.71269175566495,219.8,0.0,129.8269967641789,219.77800368821931,-4.36871495784908e-05
144.02385146300003,143451000000,outer_bottom_right_mid_to_bottom_mid_reverse,0.06807333927511465,0.984375,0.06915386846995773,route/default: outer_bottom_right_mid_to_bottom_mid_reverse,,,,camera_sign_speed_limit,camera_sign_speed_limit,False,False,0.28,0.28,green,,,128.90446247573823,219.8,0.0,131.01959737383822,219.77786198993056,-0.00010318098019980768
144.1251131579993,143552000000,outer_bottom_right_mid_to_bottom_mid_reverse,0.09628624292997465,0.984375,0.0978145959923552,route/default: outer_bottom_right_mid_to_bottom_mid_reverse,,,,camera_sign_speed_limit,camera_sign_speed_limit,False,False,0.28,0.28,green,,,130.10821303167893,219.8,0.0,132.4507656874577,219.77778897312317,-0.00015395407115133557
144.2240075209993,143653000000,outer_bottom_right_mid_to_bottom_mid_reverse,0.1244995289939116,0.984375,0.12647571199381497,route/default: outer_bottom_right_mid_to_bottom_mid_reverse,,,,camera_sign_speed_limit,camera_sign_speed_limit,False,False,0.28,0.28,green,,,131.31197990374022,219.8,0.0,133.6434268636795,219.7777380318622,-0.00019631859718801365
144.42500474699955,143853000000,outer_bottom_right_mid_to_bottom_mid_reverse,0.18037176033064567,0.984375,0.18323480414541782,route/default: outer_bottom_right_mid_to_bottom_mid_reverse,,,,camera_sign_speed_limit,camera_sign_speed_limit,False,False,0.28,0.28,green,,,133.69586177410756,219.8,0.0,136.02883556863125,219.7777301661696,-0.0002886391525471634
144.52529254399997,143953000000,outer_bottom_right_mid_to_bottom_mid_reverse,0.20831047588161294,0.984375,0.21161699137179726,route/default: outer_bottom_right_mid_to_bottom_mid_reverse,,,,camera_sign_speed_limit,camera_sign_speed_limit,False,False,0.28,0.28,green,,,134.8879136376155,219.8,0.0,137.22159627916372,219.77780836630086,-0.00034217412647067973
144.7263224419994,144153000000,outer_bottom_right_mid_to_bottom_mid_reverse,0.2641940610996271,0.984375,0.268387617625018,route/default: outer_bottom_right_mid_to_bottom_mid_reverse,,,,camera_sign_speed_limit,camera_sign_speed_limit,False,False,0.28,0.28,green,,,137.27227994025077,219.8,0.0,139.60729127083133,219.7781080924887,-0.00045477541223551616
144.92715544200018,144353000000,outer_bottom_right_mid_to_bottom_mid_reverse,0.32008671427605073,0.984375,0.325167455772496,route/default: outer_bottom_right_mid_to_bottom_mid_reverse,,,,camera_sign_speed_limit,camera_sign_speed_limit,False,False,0.28,0.28,green,,,139.65703314244485,219.8,0.0,141.99324803416798,219.77850032360402,-0.0005581113093935165
145.12839530400015,144553000000,outer_bottom_right_mid_to_bottom_mid_reverse,0.37602125278584364,0.984375,0.38198984409990466,route/default: outer_bottom_right_mid_to_bottom_mid_reverse,,,,camera_sign_speed_limit,camera_sign_speed_limit,False,False,0.28,0.28,green,yellow,yellow,142.043573452196,219.8,0.0,144.3794832894051,219.77893508810746,-0.0007295113911793342
145.22854126099992,144655000000,outer_bottom_right_mid_to_bottom_mid_reverse,0.40454155563847255,0.984375,0.41096285017241657,route/default: outer_bottom_right_mid_to_bottom_mid_reverse,,,,camera_sign_speed_limit,camera_sign_speed_limit,False,False,0.28,0.28,green,yellow,yellow,143.2604397072415,219.8,0.0,145.5724918231397,219.77927468905216,-0.0009247135437500805
145.33063660300013,144756000000,outer_bottom_right_mid_to_bottom_mid_reverse,0.4327899493002504,0.984375,0.43965963103517497,route/default: outer_bottom_right_mid_to_bottom_mid_reverse,,,,camera_sign_speed_limit,camera_sign_speed_limit,False,False,0.28,0.28,green,yellow,yellow,144.46570450347735,219.8,0.0,146.76531985510252,219.77974228603296,-0.0011612263778841537
145.5368451610002,144956000000,outer_bottom_right_mid_to_bottom_mid_reverse,0.48875442932058766,0.984375,0.4965124361352002,route/default: outer_bottom_right_mid_to_bottom_mid_reverse,,,,camera_sign_speed_limit,camera_sign_speed_limit,False,False,0.28,0.28,green,green,green,146.8535223176784,219.8,0.0,149.15266346683399,219.78138510192753,-0.0015376224864367778
145.63197934599975,145056000000,outer_bottom_right_mid_to_bottom_mid_reverse,0.5167330576939373,0.984375,0.5249351697208252,route/default: outer_bottom_right_mid_to_bottom_mid_reverse,,,,camera_sign_speed_limit,camera_sign_speed_limit,False,False,0.28,0.28,yellow,green,green,148.04727712827466,219.8,0.0,150.34658347303673,219.78260108121225,-0.0017224837179092788
145.73515355400014,145157000000,outer_bottom_right_mid_to_bottom_mid_reverse,0.5449876496253551,0.984375,0.5536382472384559,route/default: outer_bottom_right_mid_to_bottom_mid_reverse,,,,camera_sign_speed_limit,camera_sign_speed_limit,False,False,0.28,0.28,yellow,green,green,149.25280638401514,219.8,0.0,151.54043200768706,219.7842913033811,-0.0018505548460548075
145.83125681799993,145259000000,outer_bottom_right_mid_to_bottom_mid_reverse,0.5735269320433986,0.984375,0.5826305341393255,route/default: outer_bottom_right_mid_to_bottom_mid_reverse,,,,camera_sign_speed_limit,camera_sign_speed_limit,False,False,0.28,0.28,yellow,green,green,150.47048243385166,219.8,0.0,152.7339363236447,219.7862311963711,-0.0019334833992943837
145.93323694899937,145359000000,outer_bottom_right_mid_to_bottom_mid_reverse,0.6015140572798428,0.984375,0.6110618994588879,route/default: outer_bottom_right_mid_to_bottom_mid_reverse,,,,camera_sign_speed_limit,camera_sign_speed_limit,False,False,0.28,0.28,yellow,green,green,151.66459977727328,219.8,0.0,153.92773323889674,219.78851470105297,-0.001878053920217429
146.13530990599975,145560000000,outer_bottom_right_mid_to_bottom_mid_reverse,0.6577599585892232,0.984375,0.6682005928525442,route/default: outer_bottom_right_mid_to_bottom_mid_reverse,,,,camera_sign_speed_limit,camera_sign_speed_limit,False,False,0.28,0.28,yellow,green,green,154.06442489980685,219.8,0.0,156.31560078350975,219.7932718667907,-0.001561282791349694
146.232711914,145660000000,outer_bottom_right_mid_to_bottom_mid_reverse,0.6857550054610746,0.984375,0.6966400055477583,route/default: outer_bottom_right_mid_to_bottom_mid_reverse,,,,camera_sign_speed_limit,camera_sign_speed_limit,False,False,0.28,0.28,yellow,green,green,155.25888023300584,219.8,0.0,157.50921018737628,219.79537030493157,-0.001411832425944922
146.4341523869998,145859000000,outer_bottom_right_mid_to_bottom_mid_reverse,0.7413825996334976,0.984375,0.7531505774054579,route/default: outer_bottom_right_mid_to_bottom_mid_reverse,,,,camera_sign_speed_limit,camera_sign_speed_limit,False,False,0.28,0.28,yellow,green,green,157.63232425102922,219.8,0.0,159.89604086031068,219.79897326460332,-0.0011941651464211257
146.6363286579999,146061000000,outer_bottom_right_mid_to_bottom_mid_reverse,0.7979252803201812,0.984375,0.810590760960184,route/default: outer_bottom_right_mid_to_bottom_mid_reverse,,,,camera_sign_speed_limit,camera_sign_speed_limit,False,False,0.28,0.28,red,yellow,yellow,160.04481196032773,219.8,0.0,162.2827592155403,219.80234778531366,-0.0008524680979485943
146.8354115309994,146261000000,outer_bottom_right_mid_to_bottom_mid_reverse,0.85389285783994,0.984375,0.8674467127262883,route/default: outer_bottom_right_mid_to_bottom_mid_reverse,,,,camera_sign_speed_limit,camera_sign_speed_limit,False,False,0.28,0.28,red,,,162.4327619345041,219.8,0.0,164.67042450665826,219.80486006654365,-0.00043323852169063607
147.0367916569994,146462000000,outer_bottom_right_mid_to_bottom_mid_reverse,0.9101496843226727,0.984375,0.9245965047087469,route/default: outer_bottom_right_mid_to_bottom_mid_reverse,right,camera_sign_turn_right,,camera_sign_turn_right,camera_sign_turn_right,False,False,0.28,0.28,red,,,164.83305319776736,219.8,0.0,167.05735750785084,219.80601019492576,-0.0002874930261966746
147.1369585149996,146563000000,outer_bottom_right_mid_to_bottom_mid_reverse,0.9384164796216731,0.984375,0.9533119792982075,route/default: outer_bottom_right_mid_to_bottom_mid_reverse,right,camera_sign_turn_right,,camera_sign_turn_right,camera_sign_turn_right,False,False,0.28,0.28,red,,,166.03910313052472,219.8,0.0,168.25075218529793,219.80663572147773,-0.00017667878621698777
147.33878811399973,146762000000,outer_bottom_right_to_bottom_right_mid_reverse,0.009666258449286189,0.8671875,0.011146676409987677,route/default: outer_bottom_right_to_bottom_right_mid_reverse,right,camera_sign_turn_right,,camera_sign_turn_right,camera_sign_turn_right,False,False,0.28,0.28,red,,,168.41242702716954,219.8,0.0,170.63803180981216,219.80717006287358,3.343669072911921e-06
147.43909866400008,146863000000,outer_bottom_right_to_bottom_right_mid_reverse,0.037922983473859515,0.8671875,0.04373100796985602,route/default: outer_bottom_right_to_bottom_right_mid_reverse,right,camera_sign_turn_right,,camera_sign_turn_right,camera_sign_turn_right,False,False,0.28,0.28,red,,,169.61804729488466,219.8,0.0,171.8320459809206,219.8072831035214,0.00012808854390086285
147.54584089999935,146963000000,outer_bottom_right_to_bottom_right_mid_reverse,0.06592298347385953,0.8671875,0.07601929625814431,route/default: outer_bottom_right_to_bottom_right_mid_reverse,right,camera_sign_turn_right,,camera_sign_turn_right,camera_sign_turn_right,False,False,0.28,0.28,red,,,170.81271396155134,219.8,0.0,173.02568618674627,219.80719996928383,0.00021700002698921033
147.7412499839993,147160000000,outer_bottom_right_to_bottom_right_mid_reverse,0.12102532401440144,0.8671875,0.13956073399858904,route/default: outer_bottom_right_to_bottom_right_mid_reverse,right,camera_sign_turn_right,,camera_sign_turn_right,camera_sign_turn_right,False,False,0.28,0.28,red,,,173.1637471579478,219.8,0.0,175.41382025578557,219.80685316715932,0.00033059553588449627
147.841716594,147263000000,outer_bottom_right_to_bottom_right_mid_reverse,0.14983163837710517,0.8671875,0.17277882623666183,route/default: outer_bottom_right_to_bottom_right_mid_reverse,right,camera_sign_turn_right,,camera_sign_turn_right,camera_sign_turn_right,False,False,0.28,0.28,red,,,174.39281657075648,219.8,0.0,176.6080005184384,219.80662304911414,0.00040305218499133225
147.9420986519999,147363000000,outer_bottom_right_to_bottom_right_mid_reverse,0.17780076855758292,0.8671875,0.20503151689523075,route/default: outer_bottom_right_to_bottom_right_mid_reverse,right,camera_sign_turn_right,,camera_sign_turn_right,camera_sign_turn_right,False,False,0.28,0.28,red,,,175.58616612512353,219.8,0.0,177.8023758040315,219.80632111695473,0.00046411142170074205
148.04250021200005,147466000000,outer_bottom_right_to_bottom_right_mid_reverse,0.20663537621462372,0.8671875,0.2382822356348814,route/default: outer_bottom_right_to_bottom_right_mid_reverse,right,camera_sign_turn_right,,camera_sign_turn_right,camera_sign_turn_right,False,False,0.28,0.28,red,,,176.8164427184906,219.8,0.0,178.99681575998528,219.80599106279993,0.0005366257259716472
148.24367911599984,147666000000,outer_bottom_right_to_bottom_right_mid_reverse,0.26259880104069144,0.8671875,0.30281663543431087,route/default: outer_bottom_right_to_bottom_right_mid_reverse,right,camera_sign_turn_right,,camera_sign_turn_right,camera_sign_turn_right,False,False,0.28,0.28,red,,,179.2042155110695,219.8,0.0,181.38485463126506,219.80486600345347,0.0007634638052808648
148.34490297699995,147767000000,outer_bottom_right_to_bottom_right_mid_reverse,0.29087025585296333,0.8671875,0.33541795269530905,route/default: outer_bottom_right_to_bottom_right_mid_reverse,right,camera_sign_turn_right,,camera_sign_turn_right,camera_sign_turn_right,False,False,0.28,0.28,red,,,180.41046424972643,219.8,0.0,182.57877316164183,219.80410215551865,0.0009518516464394182
148.44474135499968,147868000000,outer_bottom_right_to_bottom_right_mid_reverse,0.3191383189517923,0.8671875,0.36801535879125596,route/default: outer_bottom_right_to_bottom_right_mid_reverse,right,camera_sign_turn_right,,camera_sign_turn_right,camera_sign_turn_right,False,False,0.28,0.28,red,,,181.61656827527648,219.8,0.0,183.7724214736364,219.80326876739213,0.001157309693028471
148.64667395200013,148069000000,outer_bottom_right_to_bottom_right_mid_reverse,0.3753871994864026,0.8671875,0.43287893274107686,route/default: outer_bottom_right_to_bottom_right_mid_reverse,right,camera_sign_turn_right,,camera_sign_turn_right,camera_sign_turn_right,False,False,0.28,0.28,red,,,184.01652051141986,219.8,0.0,186.15895573312568,219.80119891858743,0.0015591999104754798
148.84627852599988,148266000000,outer_bottom_right_to_bottom_right_mid_reverse,0.43050534525906825,0.8671875,0.4964385963347814,route/default: outer_bottom_right_to_bottom_right_mid_reverse,right,camera_sign_turn_right,,camera_sign_turn_right,camera_sign_turn_right,False,False,0.28,0.28,red,,,186.3682280643869,219.8,0.0,188.54483123490823,219.79750192360382,0.001657989994071903
148.94635307599947,148367000000,outer_bottom_right_to_bottom_right_mid_reverse,0.45875923737252483,0.8671875,0.5290196611142629,route/default: outer_bottom_right_to_bottom_right_mid_reverse,right,camera_sign_turn_right,,camera_sign_turn_right,camera_sign_turn_right,False,False,0.28,0.28,red,,,187.57372746122772,219.8,0.0,189.73756740867972,219.7952293869003,0.0015973999793003144
149.04671898099969,148469000000,outer_bottom_right_to_bottom_right_mid_reverse,0.48729043888709667,0.8671875,0.5619205061040394,route/default: outer_bottom_right_to_bottom_right_mid_reverse,right,camera_sign_turn_right,,camera_sign_turn_right,camera_sign_turn_right,False,False,0.28,0.28,red,,,188.79105872584947,219.8,0.0,190.9302022151791,219.79288078047784,0.0014887606930966896
149.14733923899985,148570000000,outer_bottom_right_to_bottom_right_mid_reverse,0.5155400703929586,0.8671875,0.5944966577504387,route/default: outer_bottom_right_to_bottom_right_mid_reverse,right,camera_sign_turn_right,,camera_sign_turn_right,camera_sign_turn_right,False,False,0.28,0.28,red,,,189.99637633676625,219.8,0.0,192.12275810367578,219.79058940742198,0.0013469568839858134
149.24850137199974,148671000000,outer_bottom_right_to_bottom_right_mid_reverse,0.5437887455413192,0.8671875,0.6270717065701699,route/default: outer_bottom_right_to_bottom_right_mid_reverse,right,camera_sign_turn_right,,camera_sign_turn_right,camera_sign_turn_right,False,False,0.28,0.28,red,,,191.20165314309628,219.8,0.0,193.3152636045483,219.78844655504918,0.0011842614252274193
149.44843079600014,148870000000,outer_bottom_right_to_bottom_right_mid_reverse,0.5994466958903949,0.8671875,0.6912538475132481,route/default: outer_bottom_right_to_bottom_right_mid_reverse,right,camera_sign_turn_right,,camera_sign_turn_right,camera_sign_turn_right,False,False,0.28,0.28,red,,,193.5763923579902,219.8,0.0,195.7002405690123,219.78471737392323,0.000831118775779392
149.64975967099963,149069000000,outer_bottom_right_to_bottom_right_mid_reverse,0.6551065937738295,0.8671875,0.7554382342617133,route/default: outer_bottom_right_to_bottom_right_mid_reverse,right,camera_sign_turn_right,,camera_sign_turn_right,camera_sign_turn_right,False,False,0.28,0.28,red,,,195.95121466768342,219.8,0.0,198.08528301870322,219.78180342714472,0.0005046966088213285
149.7501975639998,149169000000,outer_bottom_right_to_bottom_right_mid_reverse,0.6830768923873313,0.8671875,0.7876922723025082,route/default: outer_bottom_right_to_bottom_right_mid_reverse,right,camera_sign_turn_right,,camera_sign_turn_right,camera_sign_turn_right,False,False,0.28,0.28,red,,,197.1446140751928,219.8,0.0,199.2778364465231,219.78067619446642,0.00036318422093270384
149.85030043400002,149269000000,outer_bottom_right_to_bottom_right_mid_reverse,0.7110474464586526,0.8671875,0.819946604925293,route/default: outer_bottom_right_to_bottom_right_mid_reverse,right,camera_sign_turn_right,,camera_sign_turn_right,camera_sign_turn_right,False,False,0.28,0.28,red,,,198.33802438223586,219.8,0.0,200.47040522142237,219.77979528485065,0.00023876944234814876
149.95090394399995,149370000000,outer_bottom_right_to_bottom_right_mid_reverse,0.7392981452269317,0.8671875,0.852523987288714,route/default: outer_bottom_right_to_bottom_right_mid_reverse,right,camera_sign_turn_right,,camera_sign_turn_right,camera_sign_turn_right,False,False,0.28,0.28,red,,,199.54338752968243,219.8,0.0,201.66299025296217,219.77915715341902,0.00013333861646328977
150.15183768899988,149571000000,outer_bottom_right_to_bottom_right_mid_reverse,0.7955213504414054,0.8671875,0.9173579536621611,route/default: outer_bottom_right_to_bottom_right_mid_reverse,right,camera_sign_turn_right,,camera_sign_turn_right,camera_sign_turn_right,False,False,0.28,0.28,red,,,201.94224428549995,219.8,0.0,204.04821522521462,219.77844473321522,-1.5357494742506232e-05
150.25239633799993,149673000000,outer_bottom_right_to_bottom_right_mid_reverse,0.8240529457296372,0.8671875,0.9502592527332753,route/default: outer_bottom_right_to_bottom_right_mid_reverse,right,camera_sign_turn_right,,camera_sign_turn_right,camera_sign_turn_right,False,False,0.28,0.28,red,,,203.1595923511312,219.8,0.0,205.47937075429581,219.7782305357817,-6.945219004542753e-05
150.45424218799963,149873000000,outer_bottom_right_corner_reverse,0.012809397852499793,0.3944162607362388,0.03247685029159061,route/default: outer_bottom_right_corner_reverse,right,camera_sign_turn_right,,camera_sign_turn_right,camera_sign_turn_right,False,False,0.28,0.28,red,,,205.54653430837334,219.8,0.019294113894895108,207.8646562228859,219.77801921565373,-0.00014309287053523474
150.6533912949999,150071000000,outer_bottom_right_corner_reverse,0.06467482251157494,0.3944162607362388,0.16397605512219351,route/default: outer_bottom_right_corner_reverse,right,camera_sign_turn_right,,camera_sign_turn_right,camera_sign_turn_right,False,False,0.28,0.28,red,,,207.75945909382722,219.8,0.14907320889919773,209.89565525966472,219.907814597595,0.048156229779192025
150.7542288099994,150175000000,outer_bottom_right_corner_reverse,0.09078645185673448,0.3944162607362388,0.23017928238371196,route/default: outer_bottom_right_corner_reverse,right,camera_sign_turn_right,,camera_sign_turn_right,camera_sign_turn_right,False,False,0.28,0.28,red,,,208.87355527922068,219.8,0.16553371520442514,211.1915157406754,220.00049194995603,0.10410270582987377
150.95564422200005,150377000000,outer_bottom_right_corner_reverse,0.13938203894741835,0.3944162607362388,0.3533881658105076,route/default: outer_bottom_right_corner_reverse,right,camera_sign_turn_right,,camera_sign_turn_right,camera_sign_turn_right,False,False,0.28,0.28,red,,,210.94696699508984,219.8,0.36922952788561997,213.26926965142235,220.11381989272485,0.23584570923163503
151.0619117569995,150478000000,outer_bottom_right_corner_reverse,0.16268678675574977,0.3944162607362388,0.41247484688402497,route/default: outer_bottom_right_corner_reverse,right,camera_sign_turn_right,,camera_sign_turn_right,camera_sign_turn_right,False,False,0.28,0.28,red,,,211.94130290157864,219.8,0.491925451424507,214.24341726350917,220.18202091244166,0.33627344102491846
151.25665103499978,150667000000,outer_bottom_right_corner_reverse,0.20442974539822262,0.3944162607362388,0.5183096280478471,route/default: outer_bottom_right_corner_reverse,right,camera_sign_turn_right,,camera_sign_turn_right,camera_sign_turn_right,False,False,0.28,0.28,red,green,green,213.72233580365747,219.8,0.7318791830277689,215.95227307912927,220.19509178306134,0.5574314272007257
151.3574272779997,150773000000,outer_bottom_right_corner_reverse,0.22751922327422622,0.3944162607362388,0.5768505153654834,route/default: outer_bottom_right_corner_reverse,right,camera_sign_turn_right,,camera_sign_turn_right,camera_sign_turn_right,False,False,0.28,0.28,red,green,green,214.70748685970034,219.8,0.8682057154014331,217.06809215909664,220.05069292005732,0.7193762612351254
151.45760011699986,150875000000,outer_bottom_right_corner_reverse,0.24987220618217165,0.3944162607362388,0.6335240989196201,route/default: outer_bottom_right_corner_reverse,right,camera_sign_turn_right,,camera_sign_turn_right,camera_sign_turn_right,False,False,0.28,0.28,red,green,green,215.6612141304393,219.8,0.9967584690174717,217.9641453830073,219.78427064582445,0.8500658875330361
151.5586206600001,150975000000,outer_bottom_right_corner_reverse,0.27198216116983553,0.3944162607362388,0.6895815113254683,route/default: outer_bottom_right_corner_reverse,right,camera_sign_turn_right,,camera_sign_turn_right,camera_sign_turn_right,False,False,0.28,0.28,red,,,216.604572209913,219.8,1.1167925953224183,218.81307058032735,219.3766342393376,0.9741109577842801
151.65887051699974,151075000000,outer_bottom_right_corner_reverse,0.2943273722278193,0.3944162607362388,0.7462353901900795,route/default: outer_bottom_right_corner_reverse,right,camera_sign_turn_right,,camera_sign_turn_right,camera_sign_turn_right,False,False,0.28,0.28,red,red,red,217.5579678817203,219.8,1.2283241300102958,219.592335618523,218.81960753725127,1.0860305373971118
151.86050346899992,151276000000,outer_bottom_right_corner_reverse,0.34054246907096664,0.3944162607362388,0.8634087966740812,route/default: outer_bottom_right_corner_reverse,right,camera_sign_turn_right,,camera_sign_turn_right,camera_sign_turn_right,False,False,0.28,0.28,red,red,red,219.08174044882406,218.7182595511759,1.3719407596385096,220.89833969367004,217.3709750037287,1.2842502543580012
151.96742118699967,151376000000,outer_bottom_right_corner_reverse,0.3643333790406811,0.3944162607362388,0.9237280896091774,route/default: outer_bottom_right_corner_reverse,right,camera_sign_turn_right,,camera_sign_turn_right,camera_sign_turn_right,False,False,0.28,0.28,red,red,red,219.79950956968526,218.00049043031476,1.4334023202056017,221.403099460771,216.48980201766574,1.3649215409461923
152.06093333399986,151478000000,outer_bottom_right_corner_reverse,0.3893112100467553,0.3944162607362388,0.987056693149633,route/default: outer_bottom_right_corner_reverse,right,camera_sign_turn_right,,camera_sign_turn_right,camera_sign_turn_right,False,False,0.28,0.28,red,red,red,220.78218450391535,217.8,1.5171613175176077,221.8010161385746,215.53224258818642,1.431914935172353
152.16165533499952,151576000000,outer_right_mid_to_lower_reverse,0.019560541541237264,1.289914491170345,0.015164215670985989,route/default: outer_right_mid_to_lower_reverse,right,camera_sign_turn_right,,camera_sign_turn_right,camera_sign_turn_right,False,False,0.28,0.28,red,red,red,221.03032843134196,216.96596813809577,1.5344487057758764,222.10723473826886,214.51615789597764,1.4885130843087753
152.36125966799955,151776000000,outer_right_mid_to_lower_reverse,0.07104195245797211,1.289914491170345,0.05507493166738164,route/default: outer_right_mid_to_lower_reverse,right,camera_sign_turn_right,,camera_sign_turn_right,camera_sign_turn_right,False,False,0.28,0.28,red,red,red,221.11014986333475,214.77087875829403,1.5344487057758749,222.46663620912847,212.3572914188615,1.5698128955005672
152.46179232199938,151877000000,outer_right_mid_to_lower_reverse,0.09774174764982325,1.289914491170345,0.07577381936467877,route/default: outer_right_mid_to_lower_reverse,right,camera_sign_turn_right,,camera_sign_turn_right,camera_sign_turn_right,False,False,0.28,0.28,red,red,red,221.15154763872937,213.63243993494268,1.5344487057758749,222.54383698920714,211.2321580360158,1.5969098195158988
152.6621969609996,152075000000,outer_right_mid_to_lower_reverse,0.15157364350491515,1.289914491170345,0.1175067374949728,route/default: outer_right_mid_to_lower_reverse,right,camera_sign_turn_right,,camera_sign_turn_right,camera_sign_turn_right,False,False,0.28,0.28,red,red,red,221.23501347498996,211.3371294377765,1.5344487057758749,222.5458201213574,208.917707643018,1.6274330263165435
152.7665008039994,152178000000,outer_right_mid_to_lower_reverse,0.1800640959080635,1.289914491170345,0.1395938235756159,route/default: outer_right_mid_to_lower_reverse,right,camera_sign_turn_right,,camera_sign_turn_right,camera_sign_turn_right,False,False,0.28,0.28,red,red,red,221.27918764715122,210.12233970334114,1.5344487057758764,222.49689131510036,207.74117267240942,1.6339283632714618
152.96350950399938,152375000000,outer_right_mid_to_lower_reverse,0.23498317937662214,1.289914491170345,0.1821695786698395,route/default: outer_right_mid_to_lower_reverse,right,camera_sign_turn_right,,camera_sign_turn_right,camera_sign_turn_right,False,False,0.28,0.28,red,red,red,221.36433915733966,207.78067317315885,1.5344487057758764,222.3423374681176,205.36856031542095,1.633344948250254
153.0698698870001,152477000000,outer_right_mid_to_lower_reverse,0.2631849532335429,1.289914491170345,0.2040328680971357,route/default: outer_right_mid_to_lower_reverse,right,camera_sign_turn_right,,camera_sign_turn_right,camera_sign_turn_right,False,False,0.28,0.28,red,red,red,221.40806573619426,206.57819225465755,1.5344487057758764,222.25343592881046,204.1908824696505,1.6281110679281063
153.16519695399984,152579000000,outer_right_mid_to_lower_reverse,0.2913105903705911,1.289914491170345,0.22583713289885107,route/default: outer_right_mid_to_lower_reverse,right,camera_sign_turn_right,,camera_sign_turn_right,camera_sign_turn_right,False,False,0.28,0.28,red,red,red,221.4516742657977,205.3789576905632,1.5344487057758764,222.16421185907296,203.0171858721435,1.6204398709381755
153.36537273700014,152779000000,outer_right_mid_to_lower_reverse,0.3462634961644931,1.289914491170345,0.2684391085879861,route/default: outer_right_mid_to_lower_reverse,right,camera_sign_turn_right,,camera_sign_turn_right,camera_sign_turn_right,False,False,0.28,0.28,red,red,red,221.53687821717597,203.0358490276608,1.5344487057758749,222.0048153530676,200.6779885805763,1.6013697853249274
153.46588233799957,152881000000,outer_right_mid_to_lower_reverse,0.37428816448970526,1.289914491170345,0.2901650978043606,route/default: outer_right_mid_to_lower_reverse,right,camera_sign_turn_right,,camera_sign_turn_right,camera_sign_turn_right,False,False,0.28,0.28,red,red,red,221.58033019560872,201.8409196207602,1.5344487057758764,221.94096343422558,199.5087665641547,1.5913844743668648
153.56599007400018,152982000000,outer_right_mid_to_lower_reverse,0.40208440028091974,1.289914491170345,0.3117139957983624,route/default: outer_right_mid_to_lower_reverse,right,camera_sign_turn_right,,camera_sign_turn_right,camera_sign_turn_right,False,False,0.28,0.28,red,red,red,221.6234279915967,200.65573023109008,1.5344487057758764,221.88867642289142,198.33838391748503,1.5813849477226074
153.76805111700014,153180000000,outer_right_mid_to_lower_reverse,0.4565516306871235,1.289914491170345,0.35393945398108695,route/default: outer_right_mid_to_lower_reverse,right,camera_sign_turn_right,,camera_sign_turn_right,camera_sign_turn_right,False,False,0.28,0.28,red,red,red,221.7078789079622,198.33333003104022,1.5344487057758764,221.82263377574867,195.99200608243603,1.56273429782342
153.87091058199985,153282000000,outer_right_mid_to_lower_reverse,0.4846547428064876,1.289914491170345,0.37572625637127177,route/default: outer_right_mid_to_lower_reverse,right,camera_sign_turn_right,,camera_sign_turn_right,camera_sign_turn_right,False,False,0.28,0.28,red,red,red,221.75145251274256,197.13505589958004,1.5344487057758764,221.8089798045474,194.8159212078354,1.5545674084040075
153.96846962699965,153384000000,outer_right_mid_to_lower_reverse,0.512808926186126,1.289914491170345,0.3975526515101417,route/default: outer_right_mid_to_lower_reverse,right,camera_sign_turn_right,,camera_sign_turn_right,camera_sign_turn_right,False,False,0.28,0.28,red,red,red,221.7951053030203,195.93460416694222,1.5344487057758764,221.80792425831208,193.6377012497269,1.547430793482937
154.06953188599982,153486000000,outer_right_mid_to_lower_reverse,0.5410161014521915,1.289914491170345,0.41942012835387654,route/default: outer_right_mid_to_lower_reverse,right,camera_sign_turn_right,,camera_sign_turn_right,camera_sign_turn_right,False,False,0.28,0.28,red,red,red,221.83884025670773,194.7318929405368,1.5344487057758749,221.81840774667512,192.4573426985787,1.5413794950510524
154.27042011699996,153685000000,outer_right_mid_to_lower_reverse,0.5962045047470095,1.289914491170345,0.462204672346979,route/default: outer_right_mid_to_lower_reverse,right,camera_sign_turn_right,,camera_sign_turn_right,camera_sign_turn_right,False,False,0.28,0.28,red,red,red,221.92440934469397,192.37874302091615,1.5344487057758749,221.8665099587866,190.09405862947952,1.53164185998365
154.47234952799954,153884000000,outer_right_mid_to_lower_reverse,0.6515946842674374,1.289914491170345,0.5051456423876924,route/default: outer_right_mid_to_lower_reverse,right,camera_sign_turn_right,,camera_sign_turn_right,camera_sign_turn_right,False,False,0.28,0.28,red,red,red,222.0102912847754,190.01698966867693,1.5344487057758764,221.94639943680204,187.7218366093735,1.525602181727496
154.57334405299935,153986000000,outer_right_mid_to_lower_reverse,0.6800775024634916,1.289914491170345,0.5272268100860347,route/default: outer_right_mid_to_lower_reverse,right,camera_sign_turn_right,,camera_sign_turn_right,camera_sign_turn_right,False,False,0.28,0.28,red,red,red,222.05445362017207,188.8025254452681,1.5344487057758764,221.99476202339736,186.5329638103392,1.5237246689424662
154.67509559999962,154088000000,outer_right_mid_to_lower_reverse,0.70861254591898,1.289914491170345,0.5493484651653558,route/default: outer_right_mid_to_lower_reverse,right,camera_sign_turn_right,,camera_sign_turn_right,camera_sign_turn_right,False,False,0.28,0.28,green,red,red,222.09869693033073,187.58583441590542,1.5344487057758764,222.04805749801835,185.34235255198232,1.5227438298668723
154.87894056200003,154286000000,outer_right_mid_to_lower_reverse,0.7639872453305784,1.289914491170345,0.592277434326216,route/default: outer_right_mid_to_lower_reverse,right,camera_sign_turn_right,,camera_sign_turn_right,camera_sign_turn_right,False,False,0.28,0.28,green,green,green,222.1845548686524,185.22474111205813,1.5344487057758764,222.1627153725014,182.95864879597028,1.522633992803875
154.97569446999933,154386000000,outer_right_mid_to_lower_reverse,0.791946147181152,1.289914491170345,0.613952438399708,route/default: outer_right_mid_to_lower_reverse,right,camera_sign_turn_right,,camera_sign_turn_right,camera_sign_turn_right,False,False,0.28,0.28,green,green,green,222.2279048767994,184.03261588801607,1.5344487057758764,222.22169751507698,181.76779908918166,1.523217847289122
155.07598439999947,154488000000,outer_right_mid_to_lower_reverse,0.8204462197656661,1.289914491170345,0.6360469824796461,route/default: outer_right_mid_to_lower_reverse,right,camera_sign_turn_right,,camera_sign_turn_right,camera_sign_turn_right,False,False,0.28,0.28,green,green,green,222.2720939649593,182.81741596361945,1.5344487057758764,222.28020649014894,180.57795257680243,1.5239441766891626
155.17747861999942,154588000000,outer_right_mid_to_lower_reverse,0.848360659897535,1.289914491170345,0.6576875178197382,route/default: outer_right_mid_to_lower_reverse,right,camera_sign_turn_right,,camera_sign_turn_right,camera_sign_turn_right,False,False,0.28,0.28,green,green,green,222.31537503563948,181.6271865199144,1.5344487057758764,222.33904349952581,179.38785337785703,1.5250877305534782
155.27723910299937,154690000000,outer_right_mid_to_lower_reverse,0.876856305877606,1.289914491170345,0.6797786301958902,route/default: outer_right_mid_to_lower_reverse,right,camera_sign_turn_right,,camera_sign_turn_right,camera_sign_turn_right,False,False,0.28,0.28,green,green,green,222.3595572603918,180.41217533922602,1.5344487057758764,222.39684827675887,178.19762762776992,1.5263823927295446
155.47885753299943,154887000000,outer_right_mid_to_lower_reverse,0.9317543525876895,1.289914491170345,0.722338076644371,route/default: outer_right_mid_to_lower_reverse,right,camera_sign_turn_right,,camera_sign_turn_right,camera_sign_turn_right,False,False,0.28,0.28,green,green,green,222.44467615328875,178.0714057845596,1.5344487057758749,222.50747234118523,175.81771224274144,1.5287825263940782
155.57986937699934,154988000000,outer_right_mid_to_lower_reverse,0.959984237560914,1.289914491170345,0.7442231590792627,route/default: outer_right_mid_to_lower_reverse,right,camera_sign_turn_right,,camera_sign_turn_right,camera_sign_turn_right,False,False,0.28,0.28,green,green,green,222.48844631815854,176.86772625064054,1.5344487057758749,222.5604702140567,174.6276884221216,1.5298584926136973
155.68543636399954,155088000000,outer_right_mid_to_lower_reverse,0.9879248670060429,1.289914491170345,0.7658839975583919,route/default: outer_right_mid_to_lower_reverse,right,camera_sign_turn_right,,camera_sign_turn_right,camera_sign_turn_right,False,False,0.28,0.28,green,green,green,222.5317679951168,175.67638013428845,1.5344487057758764,222.62214056975398,173.19950538883967,1.5310671115019687
155.784887324,155190000000,outer_right_mid_to_lower_reverse,1.0164110897922825,1.289914491170345,0.7879678046488866,route/default: outer_right_mid_to_lower_reverse,right,camera_sign_turn_right,,camera_sign_turn_right,camera_sign_turn_right,False,False,0.28,0.28,green,green,green,222.5759356092978,174.46177074431125,1.537658469584592,222.673360829793,172.0105158134291,1.5325521723797966
155.88098496299972,155290000000,outer_right_mid_to_lower_reverse,1.0442645564955155,1.289914491170345,0.8095610706319376,route/default: outer_right_mid_to_lower_reverse,right,camera_sign_turn_right,,camera_sign_turn_right,camera_sign_turn_right,False,False,0.28,0.28,green,green,green,222.61912214126386,173.27414111524342,1.5410329339083528,222.71560557815286,171.0604714506474,1.5346111842063892
155.9841626540001,155392000000,outer_right_mid_to_lower_reverse,1.0726665553668444,1.289914491170345,0.8315795835378277,route/default: outer_right_mid_to_lower_reverse,right,camera_sign_turn_right,,camera_sign_turn_right,camera_sign_turn_right,False,False,0.28,0.28,green,green,green,222.66315916707566,172.06312290541948,1.5444741245382216,222.77764543032282,169.63773154104155,1.5385998246234396
156.08174806099942,155492000000,outer_right_mid_to_lower_reverse,1.1004073038773943,1.289914491170345,0.8530854652845941,route/default: outer_right_mid_to_lower_reverse,right,camera_sign_turn_right,,camera_sign_turn_right,camera_sign_turn_right,False,False,0.28,0.28,green,green,green,222.70617093056921,170.88029940934732,1.547835384891178,222.82595710123093,168.4532411103167,1.542233150929431
156.2828982029996,155692000000,outer_right_mid_to_lower_reverse,1.155839477243023,1.289914491170345,0.8960589908516531,route/default: outer_right_mid_to_lower_reverse,right,camera_sign_turn_right,,camera_sign_turn_right,camera_sign_turn_right,False,False,0.28,0.28,green,green,green,222.7921179817033,168.5167555031591,1.5545521775378357,222.90325412733387,166.32226117290324,1.5492375564565348
156.38326263699946,155793000000,outer_right_mid_to_lower_reverse,1.1838926131839957,1.289914491170345,0.917807049450111,route/default: outer_right_mid_to_lower_reverse,right,camera_sign_turn_right,,camera_sign_turn_right,camera_sign_turn_right,False,False,0.28,0.28,green,green,green,222.83561409890024,167.3206122802439,1.5579513862553525,222.94653942179866,164.90146909672663,1.553960235175539
156.48453100400002,155893000000,outer_right_mid_to_lower_reverse,1.2117212758415563,1.289914491170345,0.939381086216154,route/default: outer_right_mid_to_lower_reverse,left,camera_sign_turn_left,,camera_sign_turn_left,camera_sign_turn_left,False,False,0.28,0.28,green,green,green,222.8787621724323,166.13404025811153,1.6012602117934849,222.97632677403675,163.7170328927755,1.557531708559834
156.58495958899948,155994000000,outer_right_mid_to_lower_reverse,1.238936683714406,1.289914491170345,0.9604797001623832,route/default: outer_right_mid_to_lower_reverse,left,camera_sign_turn_left,,camera_sign_turn_left,camera_sign_turn_left,False,False,0.28,0.28,green,green,green,222.92095940032476,164.97361649106892,1.609456608957492,223.04432298993078,162.5652852769142,1.5756551570707096
156.68588614999953,156097000000,outer_right_mid_to_lower_reverse,1.266739758555969,1.289914491170345,0.9820339000972463,route/default: outer_right_mid_to_lower_reverse,left,camera_sign_turn_left,,camera_sign_turn_left,camera_sign_turn_left,False,False,0.28,0.28,green,green,green,222.96406780019447,163.78813549465144,1.6178258458374573,223.08928949062175,161.4147133451916,1.593632512039583
156.78658179499962,156195000000,inner_middle_cross_reverse,0.0035740725075915844,5.461513532244725,0.0006544106293045497,route/left from camera_sign_turn_left: inner_middle_cross_reverse delta=+92.1deg,,,,camera_sign_turn_left,camera_sign_turn_left,False,False,0.28,0.28,green,green,green,222.99176910994083,162.64772853390554,1.6247978271708632,223.10418317384278,160.2559697680453,1.608384099217299
156.88765480199982,156295000000,inner_middle_cross_reverse,0.03081737182339776,5.461513532244725,0.0056426431320644515,route/left from camera_sign_turn_left: inner_middle_cross_reverse delta=+92.1deg,,,,camera_sign_turn_left,camera_sign_turn_left,False,False,0.28,0.28,green,green,green,222.9290293079248,161.4870421966091,1.6247978271708632,223.09432148422474,159.09159714338938,1.6205396842018025
156.98845081999934,156396000000,inner_middle_cross_reverse,0.0584781732571799,5.461513532244725,0.010707320033526478,route/left from camera_sign_turn_left: inner_middle_cross_reverse delta=+92.1deg,,,,camera_sign_turn_left,camera_sign_turn_left,False,False,0.28,0.28,green,green,green,222.86532802176845,160.30856840271613,1.6247978271708687,223.06347836257083,157.9222842125502,1.6303882656527422
157.08824465899943,156497000000,inner_middle_cross_reverse,0.08619560867364494,5.461513532244725,0.01578236658478403,route/left from camera_sign_turn_left: inner_middle_cross_reverse delta=+92.1deg,,,,camera_sign_turn_left,camera_sign_turn_left,False,False,0.28,0.28,green,green,green,222.80149631070208,159.12768174798848,1.6247978271708632,223.0166457536339,156.75107150840006,1.6386011263931546
157.1888475299993,156597000000,inner_middle_cross_reverse,0.11381416762837368,5.461513532244725,0.02083930891252322,route/left from camera_sign_turn_left: inner_middle_cross_reverse delta=+92.1deg,,,,camera_sign_turn_left,camera_sign_turn_left,False,False,0.28,0.28,green,green,green,222.73789230662385,157.95100767254087,1.6247978271708632,222.95432238442692,155.5753045499258,1.6448684672500473
157.28931180200016,156698000000,inner_middle_cross_reverse,0.1418740943282639,5.461513532244725,0.025977065421634603,route/left from camera_sign_turn_left: inner_middle_cross_reverse delta=+92.1deg,,,,camera_sign_turn_left,camera_sign_turn_left,False,False,0.28,0.28,green,green,green,222.67327185719415,156.75552935809142,1.6247978271708632,222.87857774875704,154.39426577122578,1.649146442664321
157.3961492039998,156799000000,inner_middle_cross_reverse,0.17005277072143468,5.461513532244725,0.031136564931578896,route/left from camera_sign_turn_left: inner_middle_cross_reverse delta=+92.1deg,,,,camera_sign_turn_left,camera_sign_turn_left,False,False,0.28,0.28,green,green,green,222.60837793383018,155.55499177585833,1.6247978271708632,222.792086865486,153.20917469024604,1.6515389008194477
157.49053792699942,156899000000,inner_middle_cross_reverse,0.19804243150600767,5.461513532244725,0.036261455791836275,route/left from camera_sign_turn_left: inner_middle_cross_reverse delta=+92.1deg,,,,camera_sign_turn_right,camera_sign_turn_left,False,False,0.28,0.28,green,green,green,222.54391930289262,154.362507103513,1.6247978271708687,222.69856683570504,152.02046963116305,1.6525549133188442
157.59168661799958,157001000000,inner_middle_cross_reverse,0.22655628163501584,5.461513532244725,0.041482325420861756,route/left from camera_sign_turn_left: inner_middle_cross_reverse delta=+92.1deg,,,,camera_sign_turn_right,camera_sign_turn_left,False,False,0.28,0.28,green,green,green,222.4782534930701,153.14768962179718,1.6247978271708634,222.60037201113897,150.83230280082142,1.652346582120911
157.79228852899996,157201000000,inner_middle_cross_reverse,0.282343641994878,5.461513532244725,0.05169695915389091,route/left from camera_sign_turn_left: inner_middle_cross_reverse delta=+92.1deg,,,,camera_sign_turn_right,camera_sign_turn_left,False,False,0.28,0.28,green,green,green,222.34977830717577,150.7708986827513,1.6247978271708632,222.3987365446879,148.46156788661068,1.6492177168299924
157.9932803749998,157400000000,inner_middle_cross_reverse,0.337766082555645,5.461513532244725,0.06184477628069165,route/left from camera_sign_turn_left: inner_middle_cross_reverse delta=+92.1deg,,,,camera_sign_turn_right,camera_sign_turn_left,False,False,0.28,0.28,green,green,green,222.22214351126797,148.4096549584575,1.6247978271708632,222.20080980058236,146.09462895441465,1.644086896126496
158.09399217200007,157502000000,inner_middle_cross_reverse,0.36616283031726593,5.461513532244725,0.06704420453331188,route/left from camera_sign_turn_left: inner_middle_cross_reverse delta=+92.1deg,,,,,camera_sign_turn_left,False,False,0.28,0.28,green,green,green,222.1567473816799,147.19982656107823,1.6247978271708632,222.10580288503712,144.91138821996606,1.6412538881976346
158.1945030830002,157603000000,inner_middle_cross_reverse,0.39428245974606274,5.461513532244725,0.0721928925778949,route/left from camera_sign_turn_left: inner_middle_cross_reverse delta=+92.1deg,,,,,camera_sign_turn_left,False,False,0.28,0.28,green,yellow,yellow,222.09198944018846,146.00180464348668,1.6247978271708687,222.01415069808206,143.72787796208667,1.6384273823869886
158.2948272349995,157703000000,inner_middle_cross_reverse,0.42213023912893544,5.461513532244725,0.07729180503475501,route/left from camera_sign_turn_left: inner_middle_cross_reverse delta=+92.1deg,,,,,camera_sign_turn_left,False,False,0.28,0.28,green,green,green,222.02785755422218,144.81536475310995,1.6247978271708632,221.92611695047026,142.54386182446837,1.6357105164854633
158.49600917299995,157904000000,inner_middle_cross_reverse,0.47813672371047,5.461513532244725,0.08754656028728214,route/left from camera_sign_turn_left: inner_middle_cross_reverse delta=+92.1deg,,,,,camera_sign_turn_left,False,False,0.28,0.28,green,green,green,221.8988777374413,142.429238142664,1.6247978271708634,221.76113556314158,140.17373310736622,1.6308839816304077
158.69851753399962,158102000000,inner_middle_cross_reverse,0.5333593153191073,5.461513532244725,0.09765778518539941,route/left from camera_sign_turn_left: inner_middle_cross_reverse delta=+92.1deg,,,,,camera_sign_turn_left,False,False,0.28,0.28,green,green,green,221.77170318254707,140.076508877121,1.6247978271708632,221.61000810001877,137.80045296260764,1.6271289447260762
158.79835452499992,158204000000,inner_middle_cross_reverse,0.5618283822805752,5.461513532244725,0.10287045504209515,route/left from camera_sign_turn_left: inner_middle_cross_reverse delta=+92.1deg,,,,,camera_sign_turn_left,False,False,0.28,0.28,green,green,green,221.70614050586693,138.86359935853778,1.6247978271708632,221.5388851845252,136.612644806196,1.6256877174835374
158.8999782689998,158305000000,inner_middle_cross_reverse,0.5892247131463173,5.461513532244725,0.10788670753400868,route/left from camera_sign_turn_left: inner_middle_cross_reverse delta=+92.1deg,,,,,camera_sign_turn_left,False,False,0.28,0.28,green,green,green,221.6430482807088,137.6963931931131,1.6247978271708634,221.51477847555162,135.4550663206589,1.6392353319391106
159.00011585799984,158408000000,inner_middle_cross_reverse,0.615301703345471,5.461513532244725,0.11266138950544304,route/left from camera_sign_turn_left: inner_middle_cross_reverse delta=+92.1deg,,,,,camera_sign_turn_left,False,False,0.28,0.28,green,green,green,221.582994423674,136.58539683796866,1.6247978271708632,221.55264618280023,134.35432067838227,1.6773275072748643
159.2010329699997,158607000000,inner_middle_cross_reverse,0.661836355901583,5.461513532244725,0.12118185773853847,route/left from camera_sign_turn_left: inner_middle_cross_reverse delta=+92.1deg,,,,camera_sign_turn_right,camera_sign_turn_left,False,False,0.28,0.28,green,green,green,221.4758277088642,134.60281261398745,1.6247978271708634,221.77629679999444,132.3483662250132,1.8467722231951325
159.30140585499976,158707000000,inner_middle_cross_reverse,0.6837897240285956,5.461513532244725,0.1252015068701208,route/left from camera_sign_turn_left: inner_middle_cross_reverse delta=+92.1deg,,,,camera_sign_turn_right,camera_sign_turn_left,False,False,0.28,0.28,green,green,green,221.42527032394884,133.66750099305327,1.6247978271708632,221.90984216857515,131.41542837287284,1.9758001084416685
159.50159067999994,158907000000,inner_middle_cross_reverse,0.7274521365044023,5.461513532244725,0.1331960695894154,route/left from camera_sign_turn_left: inner_middle_cross_reverse delta=+92.1deg,,,,camera_sign_turn_right,camera_sign_turn_left,False,False,0.28,0.28,green,green,green,221.32471821818075,131.80728703634406,1.6247978271708687,221.92709913070587,129.56157348355677,2.2664252931059385
159.60315068099953,159007000000,inner_middle_cross_reverse,0.749088237909097,5.461513532244725,0.13715762736583678,route/left from camera_sign_turn_left: inner_middle_cross_reverse delta=+92.1deg,,,,camera_sign_turn_right,camera_sign_turn_left,False,False,0.28,0.28,yellow,green,green,221.27489148086846,130.88549239606644,1.6247978271708687,221.74302814281742,128.6552819285667,2.412534812986626
159.70357457499995,159109000000,inner_middle_cross_reverse,0.7712737048429086,5.461513532244725,0.14121977365602334,route/left from camera_sign_turn_left: inner_middle_cross_reverse delta=+92.1deg,,,,,camera_sign_turn_left,False,False,0.28,0.28,yellow,green,green,221.22379958531917,129.94029232840515,1.6247978271708632,221.40151527895262,127.79182295098846,2.551416841413111
159.80437492300007,159212000000,inner_middle_cross_reverse,0.7939425210999805,5.461513532244725,0.14537042093048957,route/left from camera_sign_turn_left: inner_middle_cross_reverse delta=+92.1deg,,,,,camera_sign_turn_left,False,False,0.28,0.28,yellow,green,green,221.17159456318075,128.9744994188437,1.6979361573006875,220.90452113963875,126.99900439284191,2.6798706337267695
159.9042187949999,159312000000,inner_middle_cross_reverse,0.8167467116135009,5.461513532244725,0.14954585515378402,route/left from camera_sign_turn_left: inner_middle_cross_reverse delta=+92.1deg,,,,,camera_sign_turn_left,False,False,0.28,0.28,yellow,green,green,221.11907778166437,128.0029389607904,2.1127140810936846,220.2731665714153,126.29403720330014,2.79808356907407
160.00693924299958,159413000000,inner_middle_cross_reverse,0.8399099044139642,5.461513532244725,0.1537870224902207,route/left from camera_sign_turn_left: inner_middle_cross_reverse delta=+92.1deg,,,,,camera_sign_turn_left,False,False,0.28,0.28,yellow,green,green,221.0657342378625,127.0160834004559,2.648162461689269,219.33673605846906,125.5905175684542,2.920713520593734
160.20665843699953,159612000000,inner_middle_cross_reverse,0.8878585842787106,5.461513532244725,0.16256639831372782,route/left from camera_sign_turn_left: inner_middle_cross_reverse delta=+92.1deg,,,,,camera_sign_turn_left,False,False,0.28,0.28,yellow,green,green,220.1720483647395,125.8,3.141592653589793,217.65377841765394,124.86922021333038,3.057921076862333
160.4079285889993,159814000000,inner_middle_cross_reverse,0.9388664102662586,5.461513532244725,0.17190590204037764,route/left from camera_sign_turn_left: inner_middle_cross_reverse delta=+92.1deg,,,,,camera_sign_turn_left,False,False,0.28,0.28,yellow,green,green,217.99571445593745,125.8,3.141592653589793,215.3406473471918,124.43688444352054,-3.1134658449492387
160.60889017299996,160013000000,inner_middle_cross_reverse,0.9915084854782603,5.461513532244725,0.1815446358641068,route/left from camera_sign_turn_left: inner_middle_cross_reverse delta=+92.1deg,,,,camera_sign_turn_left,camera_sign_turn_left,False,False,0.28,0.28,red,green,green,215.74965258022536,125.8,3.141592653589793,213.09539386703517,124.3791194101419,-3.057132488039958
160.7084284499997,160116000000,inner_middle_cross_reverse,1.0194128139963887,5.461513532244725,0.18665390243524713,route/left from camera_sign_turn_left: inner_middle_cross_reverse delta=+92.1deg,,,,camera_sign_turn_left,camera_sign_turn_left,False,False,0.28,0.28,red,green,green,214.55906789678522,125.8,3.141592653589793,211.94559168100176,124.4296372481536,-3.040249727506462
160.91002948200003,160316000000,inner_middle_cross_reverse,1.0748538310641664,5.461513532244725,0.19680512090984292,route/left from camera_sign_turn_left: inner_middle_cross_reverse delta=+92.1deg,,,,camera_sign_turn_left,camera_sign_turn_left,False,False,0.28,0.28,red,green,green,212.19358450189338,125.8,3.141592653589793,209.6017642523912,124.64472317808396,-3.027300596900926
161.01036209699942,160416000000,inner_middle_cross_reverse,1.1026334843663024,5.461513532244725,0.20189155952033527,route/left from camera_sign_turn_left: inner_middle_cross_reverse delta=+92.1deg,,,,camera_sign_turn_left,camera_sign_turn_left,False,False,0.28,0.28,red,green,green,211.0083192943356,125.8,3.141592653589793,208.42275920086257,124.78595247248691,-3.0292261137244787
161.21205539199946,160617000000,inner_middle_cross_reverse,1.157779736824709,5.461513532244725,0.21198880676376397,route/left from camera_sign_turn_left: inner_middle_cross_reverse delta=+92.1deg,,,,,camera_sign_turn_left,False,False,0.28,0.28,red,yellow,yellow,208.65541252277688,125.8,3.141592653589793,206.0868302107662,125.08267133985541,-3.0430978320987254
161.41355322599975,160817000000,inner_middle_cross_reverse,1.2127666080391863,5.461513532244725,0.22205687139270527,route/left from camera_sign_turn_left: inner_middle_cross_reverse delta=+92.1deg,,,,camera_sign_speed_limit,camera_sign_turn_left,False,False,0.28,0.28,red,red,red,206.30930601762583,125.8,3.141592653589793,203.76288900196005,125.36212617013592,-3.06484794574741
161.5143650459995,160918000000,inner_middle_cross_reverse,1.2403995540105968,5.461513532244725,0.22711644797495958,route/left from camera_sign_turn_left: inner_middle_cross_reverse delta=+92.1deg,,,,camera_sign_speed_limit,camera_sign_turn_left,False,False,0.28,0.28,red,red,red,205.1303003228457,125.8,3.141592653589793,202.60078254012126,125.4841502029737,-3.076375552310931
161.71431603699966,161119000000,inner_middle_cross_reverse,1.2954543838369614,5.461513532244725,0.23719695578681824,route/left from camera_sign_turn_left: inner_middle_cross_reverse delta=+92.1deg,,,,camera_sign_speed_limit,camera_sign_turn_left,False,False,0.28,0.28,red,red,red,202.78129425025412,125.8,3.141592653589793,200.27258918603127,125.68554046800283,-3.098427841312431
161.91472521299966,161319000000,inner_middle_cross_reverse,1.3504937249518794,5.461513532244725,0.2472746276244812,route/left from camera_sign_turn_left: inner_middle_cross_reverse delta=+92.1deg,,,,camera_sign_speed_limit,camera_sign_turn_left,False,False,0.28,0.28,red,red,red,200.43294902935094,125.8,3.141592653589793,197.93280255116002,125.82964895844326,-3.11810323042321
162.11553289399944,161518000000,inner_middle_cross_reverse,1.4054405080484467,5.461513532244725,0.2573353521419912,route/left from camera_sign_turn_left: inner_middle_cross_reverse delta=+92.1deg,,,,camera_sign_speed_limit,camera_sign_turn_left,False,False,0.28,0.28,red,red,red,198.08855295056406,125.8,3.141592653589793,195.58069546292649,125.91830943037911,-3.133524949797849
162.32338302100015,161722000000,inner_middle_cross_reverse,1.4620298801645928,5.461513532244725,0.2676968337682919,route/left from camera_sign_turn_left: inner_middle_cross_reverse delta=+92.1deg,,,,camera_sign_speed_limit,camera_sign_turn_left,False,False,0.28,0.28,red,red,red,195.6740730736085,125.8,3.141592653589793,193.21699093204052,125.96022255102908,3.1390324574675854
162.42145971299942,161822000000,inner_middle_cross_reverse,1.4897207244294464,5.461513532244725,0.2727670114949179,route/left from camera_sign_turn_left: inner_middle_cross_reverse delta=+92.1deg,,,,camera_sign_speed_limit,camera_sign_turn_left,False,False,0.28,0.28,red,red,red,194.49259705164144,125.8,3.141592653589793,192.03278869958066,125.96645311575938,3.1356830165251157
162.61811065499933,162019000000,inner_middle_cross_reverse,1.5446418834666413,5.461513532244725,0.28282304426183147,route/left from camera_sign_turn_left: inner_middle_cross_reverse delta=+92.1deg,,,,camera_sign_speed_limit,camera_sign_turn_left,False,False,0.28,0.28,red,red,red,192.14929426605443,125.8,3.141592653589793,189.6566112756057,125.96155915729668,3.131332416962374
162.7262893879997,162121000000,inner_middle_cross_reverse,1.573058345440612,5.461513532244725,0.2880260821754428,route/left from camera_sign_turn_left: inner_middle_cross_reverse delta=+92.1deg,,,,camera_sign_speed_limit,camera_sign_turn_left,False,False,0.28,0.28,red,red,red,190.93685855516503,125.8,3.141592653589793,188.46642150002336,125.95416723789714,3.1296775357848583
162.81911645299988,162223000000,inner_middle_cross_reverse,1.6015641883027172,5.461513532244725,0.293245485678484,route/left from camera_sign_turn_left: inner_middle_cross_reverse delta=+92.1deg,,,,camera_sign_speed_limit,camera_sign_turn_left,False,False,0.28,0.28,red,red,red,189.7206092597152,125.8,3.141592653589793,187.27447687837034,125.94302169622128,3.1286364055494293
163.02648906800005,162422000000,inner_middle_cross_reverse,1.643267129322194,5.461513532244725,0.3008812702962943,route/left from camera_sign_turn_left: inner_middle_cross_reverse delta=+92.1deg,,,,camera_sign_speed_limit,camera_sign_turn_left,False,False,0.14,0.28,red,red,red,187.94128377621752,125.8,3.141592653589793,185.30428342903258,125.91682296850635,3.129071070392567
163.1204594439996,162522000000,inner_middle_cross_reverse,1.657263329738018,5.461513532244725,0.30344396657694805,route/left from camera_sign_turn_left: inner_middle_cross_reverse delta=+92.1deg,,,,camera_sign_speed_limit,camera_sign_turn_left,False,False,0.14,0.28,red,red,red,187.3441125584757,125.8,3.141592653589793,184.7079664187701,125.90792639243708,3.1295281296963684
163.22680079600013,162622000000,inner_middle_cross_reverse,1.6712133357038752,5.461513532244725,0.30599820468026806,route/left from camera_sign_turn_left: inner_middle_cross_reverse delta=+92.1deg,,,,camera_sign_speed_limit,camera_sign_turn_left,False,False,0.14,0.28,red,red,red,186.74891230393246,125.8,3.141592653589793,184.11179027179733,125.89904177858448,3.1300716371754604
163.32453496499966,162726000000,inner_middle_cross_reverse,1.6857193924059248,5.461513532244725,0.30865425535494023,route/left from camera_sign_turn_left: inner_middle_cross_reverse delta=+92.1deg,,,,camera_sign_speed_limit,camera_sign_turn_left,False,False,0.14,0.28,red,red,red,186.12998721797834,125.8,3.141592653589793,183.5157124724702,125.8902264542278,3.1306974253303625
163.52182659899972,162921000000,inner_middle_cross_reverse,1.7129156082648866,5.461513532244725,0.31363386690371614,route/left from camera_sign_turn_left: inner_middle_cross_reverse delta=+92.1deg,,,,camera_sign_speed_limit,camera_sign_turn_left,False,False,0.14,0.28,red,red,red,184.9696153413293,125.8,3.141592653589793,182.32374800363024,125.87329853340248,3.132096584798552
163.62950017999992,163021000000,inner_middle_cross_reverse,1.7268623885872851,5.461513532244725,0.3161875143935661,route/left from camera_sign_turn_left: inner_middle_cross_reverse delta=+92.1deg,,,,camera_sign_speed_limit,camera_sign_turn_left,False,False,0.14,0.28,red,red,red,184.3745527142403,125.8,3.141592653589793,181.72779740128956,125.8653789927084,3.132824293292767
163.72285753399956,163123000000,inner_middle_cross_reverse,1.7410886461176356,5.461513532244725,0.31879233400013834,route/left from camera_sign_turn_left: inner_middle_cross_reverse delta=+92.1deg,,,,camera_sign_speed_limit,camera_sign_turn_left,False,False,0.14,0.28,red,red,red,183.7675657262787,125.8,3.141592653589793,181.1318427147055,125.85789225189099,3.1335525831498727
163.82630184699974,163223000000,inner_middle_cross_reverse,1.75503677984463,5.461513532244725,0.32134622929759477,route/left from camera_sign_turn_left: inner_middle_cross_reverse delta=+92.1deg,,,,camera_sign_speed_limit,camera_sign_turn_left,False,False,0.14,0.28,red,red,red,183.17244535392692,125.8,3.141592653589793,180.5358691093771,125.85087153173048,3.1342707690472
164.02429826299976,163422000000,inner_middle_cross_reverse,1.7828435336483242,5.461513532244725,0.32643762999440223,route/left from camera_sign_turn_left: inner_middle_cross_reverse delta=+92.1deg,,,,camera_sign_speed_limit,camera_sign_turn_left,False,False,0.14,0.28,red,red,red,181.98602385830264,125.8,3.141592653589793,179.34357292582564,125.8387152220078,3.1356499034711813
164.12507991499933,163526000000,inner_middle_cross_reverse,1.7973576848245594,5.461513532244725,0.3290951627626621,route/left from camera_sign_turn_left: inner_middle_cross_reverse delta=+92.1deg,,,,camera_sign_speed_limit,camera_sign_turn_left,False,False,0.14,0.28,red,red,red,181.3667534081166,125.8,3.141592653589793,178.74733974031693,125.83337921630431,3.136311219536851
164.22714772899963,163626000000,inner_middle_cross_reverse,1.811350614742364,5.461513532244725,0.33165726021700154,route/left from camera_sign_turn_left: inner_middle_cross_reverse delta=+92.1deg,,,,camera_sign_speed_limit,camera_sign_turn_left,False,False,0.14,0.28,red,red,red,180.7697217316236,125.8,3.141592653589793,178.15119660985013,125.82862950005583,3.1368915429591233
164.4263329309997,163826000000,inner_middle_cross_reverse,1.8393509301335502,5.461513532244725,0.33678410192962804,route/left from camera_sign_turn_left: inner_middle_cross_reverse delta=+92.1deg,,,,camera_sign_speed_limit,camera_sign_turn_left,False,False,0.14,0.28,red,red,red,179.57504160826633,125.8,3.141592653589793,176.9591750085393,125.82082811015266,3.1378014552384745
164.52752538099958,163929000000,inner_middle_cross_reverse,1.8537581572785817,5.461513532244725,0.33942205696900885,route/left from camera_sign_turn_left: inner_middle_cross_reverse delta=+92.1deg,,,,camera_sign_speed_limit,camera_sign_turn_left,False,False,0.14,0.28,red,red,red,178.96033325007832,125.8,3.141592653589793,176.36316783341803,125.81737459565792,3.1382131539038287
164.63283625299937,164034000000,inner_middle_cross_reverse,1.8683456647066863,5.461513532244725,0.34209302122497565,route/left from camera_sign_turn_left: inner_middle_cross_reverse delta=+92.1deg,,,,camera_sign_speed_limit,camera_sign_turn_left,False,False,0.14,0.28,red,red,red,178.33793293314585,125.8,3.141592653589793,175.64787340729842,125.81362887111977,3.138679047971674
164.72826665499997,164138000000,inner_middle_cross_reverse,1.8828894180160365,5.461513532244725,0.34475597412685605,route/left from camera_sign_turn_left: inner_middle_cross_reverse delta=+92.1deg,,,,camera_sign_speed_limit,camera_sign_turn_left,False,False,0.14,0.28,red,red,red,177.71739945861358,125.8,3.141592653589793,175.05189116659716,125.81113842940633,3.1389628289271947
164.82868893700015,164239000000,inner_middle_cross_reverse,1.896995325886853,5.461513532244725,0.34733875777969064,route/left from camera_sign_turn_left: inner_middle_cross_reverse delta=+92.1deg,,,,camera_sign_speed_limit,camera_sign_turn_left,False,False,0.14,0.28,red,red,red,177.11554738945873,125.8,3.141592653589793,174.45538074239738,125.80856201629545,3.1393383725267148
164.9291176429997,164340000000,inner_middle_cross_reverse,1.9111240655158395,5.461513532244725,0.3499257219143706,route/left from camera_sign_turn_left: inner_middle_cross_reverse delta=+92.1deg,,,,camera_sign_speed_limit,camera_sign_turn_left,False,False,0.14,0.28,red,red,red,176.51272116528864,125.8,3.141592653589793,173.85863607433143,125.80629056589555,3.139700195952458
165.02977733499938,164441000000,inner_middle_cross_reverse,1.9252536359578913,5.461513532244725,0.35251283817044704,route/left from camera_sign_turn_left: inner_middle_cross_reverse delta=+92.1deg,,,,camera_sign_speed_limit,camera_sign_turn_left,False,False,0.14,0.28,red,red,red,175.90985949309444,125.8,3.141592653589793,173.2618480001495,125.80442703241528,3.1400140501059477
165.2312892559994,164642000000,inner_middle_cross_reverse,1.953352513639618,5.461513532244725,0.3576577265820258,route/left from camera_sign_turn_left: inner_middle_cross_reverse delta=+92.1deg,,,,camera_sign_speed_limit,camera_sign_turn_left,False,False,0.28,0.28,red,red,red,174.71097404534078,125.8,3.141592653589793,172.06814119274108,125.80164151970169,3.1404963795029137
165.33162045500012,164742000000,inner_middle_cross_reverse,1.981333516644155,5.461513532244725,0.36278103220771685,route/left from camera_sign_turn_left: inner_middle_cross_reverse delta=+92.1deg,,,,camera_sign_speed_limit,camera_sign_turn_left,False,False,0.28,0.28,red,red,red,173.5171179171472,125.8,3.141592653589793,171.0686971531264,125.79806912955351,3.141459080043599
165.43193710800006,164844000000,inner_middle_cross_reverse,2.0098525115523325,5.461513532244725,0.36800284384286186,route/left from camera_sign_turn_left: inner_middle_cross_reverse delta=+92.1deg,,,,camera_sign_speed_limit,camera_sign_turn_left,False,False,0.28,0.28,red,red,red,172.3003074677316,125.8,3.141592653589793,169.87470649063147,125.79794257930982,3.1415186957769565
165.6331575610002,165044000000,inner_middle_cross_reverse,2.0658525115523325,5.461513532244725,0.3782564117722237,route/left from camera_sign_turn_left: inner_middle_cross_reverse delta=+92.1deg,,,,camera_sign_speed_limit,camera_sign_turn_left,False,False,0.28,0.28,red,red,red,169.9109741343983,125.8,3.141592653589793,167.4870701377112,125.79794930420914,3.141570051119077
165.83407644399995,165241000000,inner_middle_cross_reverse,2.120993736989241,5.461513532244725,0.38835273857089503,route/left from camera_sign_turn_left: inner_middle_cross_reverse delta=+92.1deg,,,,camera_sign_turn_left,camera_sign_turn_left,False,False,0.28,0.28,red,red,red,167.55828184909018,125.8,3.141592653589793,165.09903425218454,125.79803908450972,-3.1415428064631405
165.93583213799957,165341000000,inner_middle_cross_reverse,2.1489883716189837,5.461513532244725,0.3934785401393545,route/left from camera_sign_turn_left: inner_middle_cross_reverse delta=+92.1deg,,,,camera_sign_turn_left,camera_sign_turn_left,False,False,0.28,0.28,red,red,red,166.36384410488782,125.8,3.141592653589793,163.90460710391233,125.79805774222726,-3.1415275600428467
166.03450123899984,165442000000,inner_middle_cross_reverse,2.1772633998667827,5.461513532244725,0.39865568161870146,route/left from camera_sign_turn_left: inner_middle_cross_reverse delta=+92.1deg,,,,camera_sign_turn_left,camera_sign_turn_left,False,False,0.28,0.28,red,red,red,165.1574428996484,125.8,3.141592653589793,162.71015488288472,125.79810212313342,-3.141516610464109
166.14296296700013,165543000000,inner_middle_cross_reverse,2.2055388155507014,5.461513532244725,0.4038328940373801,route/left from camera_sign_turn_left: inner_middle_cross_reverse delta=+92.1deg,,,,camera_sign_turn_left,camera_sign_turn_left,False,False,0.28,0.28,red,red,red,163.9510251638012,125.8,3.141592653589793,161.51568554951822,125.79815343796322,-3.1415039504562006
166.2356516539994,165645000000,inner_middle_cross_reverse,2.2340988155507016,5.461513532244725,0.40906221368135465,route/left from camera_sign_turn_left: inner_middle_cross_reverse delta=+92.1deg,,,,camera_sign_speed_limit,camera_sign_turn_left,False,False,0.28,0.28,red,red,red,162.7324651638012,125.8,3.141592653589793,160.3211955362718,125.79821295959543,-3.1414890285626313
166.4444691409999,165843000000,inner_middle_cross_reverse,2.2895388155507015,5.461513532244725,0.4192132459314228,route/left from camera_sign_turn_left: inner_middle_cross_reverse delta=+92.1deg,,,,camera_sign_turn_right,camera_sign_turn_left,False,False,0.28,0.28,red,red,red,160.3670251638012,125.8,3.141592653589793,157.93221450255038,125.79839106964553,-3.1414604536198008
166.5361784509996,165943000000,inner_middle_cross_reverse,2.3175353881907013,5.461513532244725,0.42433940234845047,route/left from camera_sign_turn_left: inner_middle_cross_reverse delta=+92.1deg,,,,camera_sign_turn_right,camera_sign_turn_left,False,False,0.28,0.28,red,red,red,159.1725047311612,125.8,3.141592653589793,156.73770581771504,125.79850159005045,-3.1414442674047507
166.6364383299997,166044000000,inner_middle_cross_reverse,2.345811680014319,5.461513532244725,0.42951677518780623,route/left from camera_sign_turn_left: inner_middle_cross_reverse delta=+92.1deg,,,,camera_sign_turn_right,camera_sign_turn_left,False,False,0.28,0.28,red,red,red,157.96604961335353,125.8,3.141592653589793,155.5431929737611,125.79860545944035,-3.14141864291583
166.7371600689994,166146000000,inner_middle_cross_reverse,2.3743153270268964,5.461513532244725,0.4347357766320565,route/left from camera_sign_turn_left: inner_middle_cross_reverse delta=+92.1deg,,,,camera_sign_turn_right,camera_sign_turn_left,False,False,0.28,0.28,red,red,red,156.74989400748356,125.8,3.141592653589793,154.34877767008743,125.7987486748513,-3.1413885392031347
166.83721943199998,166246000000,inner_middle_cross_reverse,2.4023153270268964,5.461513532244725,0.4398625605967374,route/left from camera_sign_turn_left: inner_middle_cross_reverse delta=+92.1deg,,,,camera_sign_turn_right,camera_sign_turn_left,False,False,0.28,0.28,red,red,red,155.55522734081688,125.8,3.141592653589793,153.1548267303896,125.79900563199143,-3.1413528162026125
167.03785550799967,166443000000,inner_middle_cross_reverse,2.4573888389084924,5.461513532244725,0.44994648908220986,route/left from camera_sign_turn_left: inner_middle_cross_reverse delta=+92.1deg,,,,camera_sign_turn_right,camera_sign_turn_left,False,False,0.28,0.28,red,red,red,153.20542416720212,125.8,3.141592653589793,150.76783625838104,125.79968792412302,-3.141398416981278
167.13796851699954,166546000000,inner_middle_cross_reverse,2.4862033126453764,5.461513532244725,0.45522240272167325,route/left from camera_sign_turn_left: inner_middle_cross_reverse delta=+92.1deg,,,,camera_sign_turn_right,camera_sign_turn_left,False,False,0.28,0.28,red,red,red,151.97600662109508,125.8,3.141592653589793,149.57435540749123,125.79995967049159,-3.14140949436435
167.2378723689999,166646000000,inner_middle_cross_reverse,2.514192166729632,5.461513532244725,0.4603471458755645,route/left from camera_sign_turn_left: inner_middle_cross_reverse delta=+92.1deg,,,,camera_sign_turn_right,camera_sign_turn_left,False,False,0.28,0.28,red,red,red,150.78181551350016,125.8,3.141592653589793,148.38044512770654,125.80020285243788,-3.1413829999632314
167.3427355140002,166747000000,inner_middle_cross_reverse,2.5424642741619863,5.461513532244725,0.4655237525552763,route/left from camera_sign_turn_left: inner_middle_cross_reverse delta=+92.1deg,,,,camera_sign_speed_limit,camera_sign_turn_left,False,False,0.28,0.28,red,yellow,yellow,149.57553892971973,125.8,3.141592653589793,147.18655586779957,125.80055857764647,-3.141318782231252
167.53936731199974,166948000000,inner_middle_cross_reverse,2.59873516080162,5.461513532244725,0.475826919673221,route/left from camera_sign_turn_left: inner_middle_cross_reverse delta=+92.1deg,,,,camera_sign_turn_right,camera_sign_turn_left,False,False,0.28,0.28,red,yellow,yellow,147.17464776642868,125.8,3.141592653589793,144.7988809757104,125.80149732463035,-3.141115987062251
167.63973660400006,167049000000,inner_middle_cross_reverse,2.6269537032618513,5.461513532244725,0.48099371863721313,route/left from camera_sign_turn_left: inner_middle_cross_reverse delta=+92.1deg,,,,camera_sign_turn_right,camera_sign_turn_left,False,False,0.28,0.28,red,green,green,145.9706566214588,125.8,3.141592653589793,143.6055245693757,125.80203359900517,-3.1411106856229916
167.74032327999976,167150000000,inner_middle_cross_reverse,2.6552101418197207,5.461513532244725,0.48616745635498015,route/left from camera_sign_turn_left: inner_middle_cross_reverse delta=+92.1deg,,,,camera_sign_turn_right,camera_sign_turn_left,False,False,0.28,0.28,red,green,green,144.76504857632304,125.8,3.141592653589793,142.41215100094897,125.80258298813295,-3.1410706378561737
167.84168955099994,167251000000,inner_middle_cross_reverse,2.68347569192591,5.461513532244725,0.4913428623920264,route/left from camera_sign_turn_left: inner_middle_cross_reverse delta=+92.1deg,,,,camera_sign_turn_right,camera_sign_turn_left,False,False,0.28,0.28,red,green,green,143.5590517717923,125.8,3.141592653589793,141.21886110403506,125.80312888927062,-3.140995792037354
168.04291274699972,167453000000,inner_middle_cross_reverse,2.740002890989051,5.461513532244725,0.5016929601679277,route/left from camera_sign_turn_left: inner_middle_cross_reverse delta=+92.1deg,,,,camera_sign_turn_right,camera_sign_turn_left,False,False,0.28,0.28,red,green,green,141.14722461176495,125.8,3.141592653589793,138.59352381915,125.80447554500276,-3.140692064091461
168.2435760389999,167653000000,inner_middle_cross_reverse,2.7959620668023857,5.461513532244725,0.5119390532120908,route/left from camera_sign_turn_left: inner_middle_cross_reverse delta=+92.1deg,,,,camera_sign_turn_right,camera_sign_turn_left,False,False,0.28,0.28,red,green,green,138.759633110396,125.8,3.141592653589793,136.20754554822634,125.8064058603081,-3.140475288449804
168.44528293599978,167852000000,inner_middle_cross_reverse,2.8516336275784764,5.461513532244725,0.5221324841076486,route/left from camera_sign_turn_left: inner_middle_cross_reverse delta=+92.1deg,,,,camera_sign_turn_right,camera_sign_turn_left,False,False,0.28,0.28,red,green,green,136.38431318394947,125.8,3.141592653589793,134.0604973693678,125.80898694138666,-3.140495302775316
168.54611943500004,167955000000,inner_middle_cross_reverse,2.8804465395805865,5.461513532244725,0.5274081117943693,route/left from camera_sign_turn_left: inner_middle_cross_reverse delta=+92.1deg,,,,camera_sign_turn_right,camera_sign_turn_left,False,False,0.28,0.28,red,green,green,135.15496227185943,125.8,3.141592653589793,132.62924013320455,125.81084305015936,-3.1405738397598117
168.6499953599996,168056000000,inner_middle_cross_reverse,2.9086984421633737,5.461513532244725,0.5325810189776964,route/left from camera_sign_turn_left: inner_middle_cross_reverse delta=+92.1deg,,,,camera_sign_turn_right,camera_sign_turn_left,False,False,0.28,0.28,green,green,green,133.9495477616605,125.8,3.141592653589793,131.43659993573687,125.81244704458635,-3.140678299952369
168.7510462199998,168157000000,inner_middle_cross_reverse,2.9369496402805684,5.461513532244725,0.537753797173777,route/left from camera_sign_turn_left: inner_middle_cross_reverse delta=+92.1deg,,,,camera_sign_turn_right,camera_sign_turn_left,False,False,0.28,0.28,green,green,green,132.7441633086602,125.8,3.141592653589793,130.24399361542683,125.81400287271691,-3.1407992416613286
168.94760486699943,168355000000,inner_middle_cross_reverse,2.992331707300913,5.461513532244725,0.5478942219284479,route/left from camera_sign_turn_left: inner_middle_cross_reverse delta=+92.1deg,,,,camera_sign_turn_right,camera_sign_turn_left,False,False,0.28,0.28,green,green,green,130.38119511579217,125.8,3.141592653589793,127.8588341718868,125.81668723420465,-3.1410524933811685
169.15272787999947,168556000000,inner_middle_cross_reverse,3.0485534530525182,5.461513532244725,0.5581883913779371,route/left from camera_sign_turn_left: inner_middle_cross_reverse delta=+92.1deg,,,,camera_sign_turn_right,camera_sign_turn_left,False,False,0.28,0.28,green,green,green,127.98240063039036,125.8,3.141592653589793,125.47367014836442,125.81861170581514,-3.1412918984089138
169.3585662739997,168756000000,inner_middle_cross_reverse,3.104497413242907,5.461513532244725,0.5684316984502525,route/left from camera_sign_turn_left: inner_middle_cross_reverse delta=+92.1deg,,,,camera_sign_turn_right,camera_sign_turn_left,False,False,0.28,0.28,green,green,green,125.59545832893377,125.8,3.141592653589793,123.088432221829,125.81987572275587,-3.1414775082691673
169.54862605000017,168945000000,inner_middle_cross_reverse,3.1573650084007157,5.461513532244725,0.578111724846906,route/left from camera_sign_turn_left: inner_middle_cross_reverse delta=+92.1deg,,,,camera_sign_turn_right,camera_sign_turn_left,False,False,0.28,0.28,green,green,green,123.33977426886726,125.8,3.141592653589793,120.94167420106501,125.82053709524484,-3.141577625545001
169.74996468799964,169145000000,inner_middle_cross_reverse,3.2133086045630943,5.461513532244725,0.5883549652659011,route/left from camera_sign_turn_left: inner_middle_cross_reverse delta=+92.1deg,,,,camera_sign_turn_right,camera_sign_turn_left,False,False,0.28,0.28,green,green,green,120.95284749927244,125.8,3.141592653589793,118.55641064650406,125.82083957333225,3.1415408822862037
169.9505364079996,169345000000,inner_middle_cross_reverse,3.2692534319753035,5.461513532244725,0.5985984311260353,route/left from camera_sign_turn_left: inner_middle_cross_reverse delta=+92.1deg,,,,camera_sign_turn_right,camera_sign_turn_left,False,False,0.28,0.28,green,green,green,118.56586819635152,125.8,3.141592653589793,116.17107273076306,125.82098140521595,3.1414670858035296
170.05127628399987,169445000000,inner_middle_cross_reverse,3.297226426719854,5.461513532244725,0.603720270443909,route/left from camera_sign_turn_left: inner_middle_cross_reverse delta=+92.1deg,,,,camera_sign_turn_right,camera_sign_turn_left,False,False,0.28,0.28,green,green,green,117.37235375391737,125.8,3.141592653589793,114.97835967969803,125.8210374064985,3.141432271938276
170.15183712399994,169547000000,inner_middle_cross_reverse,3.3257589914593995,5.461513532244725,0.6089445667074062,route/left from camera_sign_turn_left: inner_middle_cross_reverse delta=+92.1deg,,,,camera_sign_turn_right,camera_sign_turn_left,False,False,0.28,0.28,green,green,green,116.1549643250301,125.8,3.141592653589793,113.7856194223821,125.82108554377857,3.1413984780471447
170.35189650699976,169747000000,inner_middle_cross_reverse,3.3817050653743785,5.461513532244725,0.6191882608014836,route/left from camera_sign_turn_left: inner_middle_cross_reverse delta=+92.1deg,,,,camera_sign_turn_right,camera_sign_turn_left,False,False,0.28,0.28,green,green,green,113.76793183799099,125.8,3.141592653589793,111.40006568248471,125.82108503053537,3.1413224108885665
170.5530008400001,169947000000,inner_middle_cross_reverse,3.4376528806343205,5.461513532244725,0.6294322737348265,route/left from camera_sign_turn_left: inner_middle_cross_reverse delta=+92.1deg,,,,camera_sign_turn_right,camera_sign_turn_left,False,False,0.28,0.28,green,green,green,111.3808250535668,125.8,3.141592653589793,109.01435898032958,125.82089614168447,3.1412314707985503
170.6544075819993,170047000000,inner_middle_cross_reverse,3.4656278561828087,5.461513532244725,0.6345544757367668,route/left from camera_sign_turn_left: inner_middle_cross_reverse delta=+92.1deg,,,,camera_sign_turn_right,camera_sign_turn_left,False,False,0.28,0.28,green,green,green,110.1872260968313,125.8,3.141592653589793,107.82142755890601,125.82075977441679,3.1411874294808664
170.75435479099997,170149000000,inner_middle_cross_reverse,3.4941628840183445,5.461513532244725,0.6397792229917292,route/left from camera_sign_turn_left: inner_middle_cross_reverse delta=+92.1deg,,,,camera_sign_turn_right,camera_sign_turn_left,False,False,0.28,0.28,green,green,green,108.96973157584843,125.8,3.141592653589793,106.62844427972271,125.82061287010501,3.1411469871830118
170.8555068659998,170249000000,inner_middle_cross_reverse,3.5221387843673586,5.461513532244725,0.6449015943241162,route/left from camera_sign_turn_left: inner_middle_cross_reverse delta=+92.1deg,,,,camera_sign_turn_right,camera_sign_turn_left,False,False,0.28,0.28,green,green,green,107.77609316095716,125.8,3.141592653589793,105.43540836466768,125.82045462718497,3.1411072859012674
171.05548413799988,170445000000,inner_middle_cross_reverse,3.5769722872174636,5.461513532244725,0.6549415772933734,route/left from camera_sign_turn_left: inner_middle_cross_reverse delta=+92.1deg,,,,camera_sign_turn_right,camera_sign_turn_left,False,False,0.28,0.28,green,green,green,105.43653037268602,125.8,3.141592653589793,103.04918410370847,125.82005523157738,3.1410086240626174
171.1627708569995,170550000000,inner_middle_cross_reverse,3.6063490597743195,5.461513532244725,0.6603204475247508,route/left from camera_sign_turn_left: inner_middle_cross_reverse delta=+92.1deg,,,,camera_sign_turn_right,camera_sign_turn_left,False,False,0.28,0.28,green,green,green,104.18312141026017,125.8,3.141592653589793,101.61730717233289,125.81974495789919,3.140932034073676
171.2574897149998,170650000000,inner_middle_cross_reverse,3.6343280818167494,5.461513532244725,0.6654433904374145,route/left from camera_sign_turn_left: inner_middle_cross_reverse delta=+92.1deg,,,,camera_sign_turn_right,camera_sign_turn_left,False,False,0.28,0.28,green,,,102.9893498031165,125.8,3.141592653589793,100.66265348334618,125.81951715601882,3.140875820350439
171.4586174119995,170848000000,inner_middle_cross_reverse,3.689730488035802,5.461513532244725,0.6755875392877209,route/left from camera_sign_turn_left: inner_middle_cross_reverse delta=+92.1deg,,,,camera_sign_turn_right,camera_sign_turn_left,False,False,0.28,0.28,green,,,100.62551380443692,125.8,3.141592653589793,98.27567848189496,125.81892544042103,3.140729874866251
171.55978862099983,170952000000,inner_middle_cross_reverse,3.7188504880358018,5.461513532244725,0.6809193946109889,route/left from camera_sign_turn_left: inner_middle_cross_reverse delta=+92.1deg,,,,camera_sign_turn_right,camera_sign_turn_left,False,False,0.28,0.28,green,,,99.38306047110359,125.8,3.141592653589793,96.84309014124585,125.81839919867244,3.1405277615332956
171.65970275400014,171053000000,inner_middle_cross_reverse,3.7471182311042486,5.461513532244725,0.6860952021781687,route/left from camera_sign_turn_left: inner_middle_cross_reverse delta=+92.1deg,,,,camera_sign_turn_right,camera_sign_turn_left,False,False,0.28,0.28,green,,,98.1769701001832,125.8,3.141592653589793,95.64905916507394,125.81766299656472,3.1403385585496624
171.76539587099978,171154000000,inner_middle_cross_reverse,3.775388721247238,5.461513532244725,0.6912715127331239,route/left from camera_sign_turn_left: inner_middle_cross_reverse delta=+92.1deg,,,,camera_sign_turn_right,camera_sign_turn_left,False,False,0.28,0.28,green,,,96.97076252074898,125.8,3.141592653589793,94.4548633196159,125.8166412959712,3.1401756415012376
171.8600887779994,171254000000,inner_middle_cross_reverse,3.8033853338556507,5.461513532244725,0.6963976764683452,route/left from camera_sign_turn_left: inner_middle_cross_reverse delta=+92.1deg,,,,camera_sign_turn_right,camera_sign_turn_left,False,False,0.28,0.28,green,,,95.77624038279004,125.8,3.141592653589793,93.26064090002399,125.81547415018225,3.14002552165869
172.06189104299938,171451000000,inner_middle_cross_reverse,3.858532927322071,5.461513532244725,0.7064951692495731,route/left from camera_sign_turn_left: inner_middle_cross_reverse delta=+92.1deg,,,,camera_sign_turn_right,camera_sign_turn_left,False,False,0.28,0.28,green,,,93.42327639488943,125.8,3.141592653589793,91.11081253230209,125.81270734948897,3.139934457847374
172.16198112199982,171554000000,inner_middle_cross_reverse,3.887362837499464,5.461513532244725,0.7117739092924534,route/left from camera_sign_turn_left: inner_middle_cross_reverse delta=+92.1deg,,,,camera_sign_turn_right,camera_sign_turn_left,False,False,0.28,0.28,green,,,92.19320022732066,125.8,3.141592653589793,89.67796697172801,125.81047551392659,3.139950513552347
172.36269519899997,171753000000,inner_middle_cross_reverse,3.9430337454179885,5.461513532244725,0.7219672206501648,route/left from camera_sign_turn_left: inner_middle_cross_reverse delta=+92.1deg,,,,camera_sign_turn_right,camera_sign_turn_left,False,False,0.28,0.28,green,green,green,89.8179081561303,125.8,3.141592653589793,87.29132045086897,125.80677526027522,3.1399313072498387
172.564445686,171951000000,inner_middle_cross_reverse,3.9983928982253407,5.461513532244725,0.7321034498255596,route/left from camera_sign_turn_left: inner_middle_cross_reverse delta=+92.1deg,,,,camera_sign_turn_right,camera_sign_speed_limit,False,False,0.28,0.28,green,green,green,87.45591763634994,125.8,3.141592653589793,85.14306446083961,125.80271404877762,3.1402261085792715
172.66442617099983,172055000000,inner_middle_cross_reverse,4.027481230451858,5.461513532244725,0.737429506797639,route/left from camera_sign_turn_left: inner_middle_cross_reverse delta=+92.1deg,,,,camera_sign_turn_right,camera_sign_speed_limit,False,False,0.28,0.28,green,green,green,86.21481546135183,125.8,3.141592653589793,83.71048213676957,125.80025079131906,3.140531346932235
172.7657542219995,172158000000,inner_middle_cross_reverse,4.056284697566606,5.461513532244725,0.7427034051308926,route/left from camera_sign_turn_left: inner_middle_cross_reverse delta=+92.1deg,,,,camera_sign_turn_right,camera_sign_speed_limit,False,False,0.28,0.28,green,green,green,84.98586753112261,125.8,3.141592653589793,82.51660278974626,125.79860689414495,3.14076840644289
172.96712676300012,172359000000,inner_middle_cross_reverse,4.112527240343815,5.461513532244725,0.7530013825038595,route/left from camera_sign_turn_left: inner_middle_cross_reverse delta=+92.1deg,,,,camera_sign_turn_right,camera_sign_speed_limit,False,False,0.28,0.28,green,,,82.5861857059617,125.8,3.141592653589793,80.12984979229944,125.79623544228667,3.1410380702075025
173.0668513339997,172460000000,inner_middle_cross_reverse,4.140806088667851,5.461513532244725,0.7581792234369779,route/left from camera_sign_turn_left: inner_middle_cross_reverse delta=+92.1deg,,,,camera_sign_turn_right,camera_sign_speed_limit,False,False,0.28,0.28,green,,,81.37962151080282,125.8,3.141592653589793,78.9364960337713,125.79524708057129,3.1411685003243472
173.26830914399943,172659000000,inner_middle_cross_reverse,4.1964913264111425,5.461513532244725,0.7683751585773975,route/left from camera_sign_turn_left: inner_middle_cross_reverse delta=+92.1deg,,,,camera_sign_turn_right,camera_sign_speed_limit,False,False,0.28,0.28,green,,,79.00371803375572,125.8,3.141592653589793,76.54880332240657,125.79399225849313,3.141448885507601
173.36855998400006,172759000000,inner_middle_cross_reverse,4.224487551505262,5.461513532244725,0.7735012513589734,route/left from camera_sign_turn_left: inner_middle_cross_reverse delta=+92.1deg,,,,camera_sign_turn_right,camera_sign_speed_limit,False,False,0.28,0.28,green,,,77.80921242973997,125.8,3.141592653589793,75.3547954804105,125.7937060450609,3.1415766426736393
173.46864375599944,172860000000,inner_middle_cross_reverse,4.252756833376436,5.461513532244725,0.7786773406800513,route/left from camera_sign_turn_left: inner_middle_cross_reverse delta=+92.1deg,,,,,camera_sign_speed_limit,False,False,0.28,0.28,green,,,76.60305640323654,125.8,3.141592653589793,74.1609020958548,125.79356912031507,-3.1415048266424344
173.67121188700003,173059000000,inner_middle_cross_reverse,4.308374869480192,5.461513532244725,0.7888609712387578,route/left from camera_sign_turn_left: inner_middle_cross_reverse delta=+92.1deg,,,,,camera_sign_speed_limit,False,False,0.28,0.28,yellow,,,74.23002019614293,125.8,3.141592653589793,71.77310602145184,125.79362232709093,-3.1413751174672466
173.87095597699954,173261000000,inner_middle_cross_reverse,4.364928063408924,5.461513532244725,0.7992158286596618,route/left from camera_sign_turn_left: inner_middle_cross_reverse delta=+92.1deg,,,,,camera_sign_speed_limit,False,False,0.28,0.28,yellow,,,71.81708392185035,125.8,3.141592653589793,69.38560238770125,125.79403668413961,-3.1412326733130302
173.9725382409997,173363000000,inner_middle_cross_reverse,4.393483297140877,5.461513532244725,0.8044442756026865,route/left from camera_sign_turn_left: inner_middle_cross_reverse delta=+92.1deg,,,,,camera_sign_speed_limit,False,False,0.28,0.28,yellow,,,70.59872728262039,125.8,3.141592653589793,68.1917245069042,125.79436142758853,-3.1411520449963115
174.18161867900017,173561000000,inner_middle_cross_reverse,4.448911997371743,5.461513532244725,0.8145932388714975,route/left from camera_sign_turn_left: inner_middle_cross_reverse delta=+92.1deg,,,,,camera_sign_speed_limit,False,False,0.28,0.28,yellow,,,68.23376940610342,125.8,3.141592653589793,65.80337273772946,125.79562191334688,-3.1408434484219936
174.27468299999964,173663000000,inner_middle_cross_reverse,4.477461500671164,5.461513532244725,0.8198206365756073,route/left from camera_sign_turn_left: inner_middle_cross_reverse delta=+92.1deg,,,,,camera_sign_speed_limit,False,False,0.28,0.28,yellow,,,67.01565726532814,125.8,3.141592653589793,64.60945604245089,125.79636099434748,-3.1406617336969433
174.47498077199998,173860000000,inner_middle_cross_reverse,4.532578714371283,5.461513532244725,0.8299125668390238,route/left from camera_sign_turn_left: inner_middle_cross_reverse delta=+92.1deg,,,,,camera_sign_speed_limit,False,False,0.28,0.28,yellow,,,64.66398948078972,125.8,3.141592653589793,62.22239732934284,125.7983288562546,-3.140550753135152
174.5751516780001,173962000000,inner_middle_cross_reverse,4.5611236543999265,5.461513532244725,0.8351391290108676,route/left from camera_sign_turn_left: inner_middle_cross_reverse delta=+92.1deg,,,,,camera_sign_speed_limit,False,False,0.28,0.28,yellow,,,63.446072039567596,125.8,3.141592653589793,61.02900667891102,125.79922718240746,-3.140395987513666
174.67720984300013,174065000000,inner_middle_cross_reverse,4.589946603346571,5.461513532244725,0.8404165944563845,route/left from camera_sign_turn_left: inner_middle_cross_reverse delta=+92.1deg,,,,,camera_sign_speed_limit,False,False,0.28,0.28,red,,,62.216292884510764,125.8,3.141592653589793,59.83583682281515,125.80019106981132,-3.1402085145284393
174.87706063199948,174270000000,inner_middle_cross_reverse,4.647304293737618,5.461513532244725,0.8509187547188114,route/left from camera_sign_turn_left: inner_middle_cross_reverse delta=+92.1deg,,,,,camera_sign_speed_limit,False,False,0.28,0.28,red,,,59.76903142782608,125.8,3.141592653589793,57.44990619872978,125.80347196509416,-3.1400696715132277
175.07829177799977,174465000000,inner_middle_cross_reverse,4.701853634565912,5.461513532244725,0.8609067077846116,route/left from camera_sign_turn_left: inner_middle_cross_reverse delta=+92.1deg,,,,,camera_sign_speed_limit,False,False,0.28,0.28,red,,,57.441592885818906,125.8,3.141592653589793,55.06424447724848,125.80667679986684,-3.139869462582016
175.17924578299971,174566000000,inner_middle_cross_reverse,4.7287929833755555,5.461513532244725,0.8658392871237627,route/left from camera_sign_turn_left: inner_middle_cross_reverse delta=+92.1deg,,,,,camera_sign_speed_limit,False,False,0.28,0.28,red,,,56.29218066994076,125.8,3.141592653589793,53.91648595413963,125.75498394455205,-3.1216998977667383
175.28102518499963,174668000000,inner_middle_cross_reverse,4.754629110060043,5.461513532244725,0.8705698671236018,route/left from camera_sign_turn_left: inner_middle_cross_reverse delta=+92.1deg,,,,,camera_sign_speed_limit,False,False,0.28,0.28,red,,,55.18983926473595,125.8,3.141592653589793,52.82429786081748,125.65856256044476,-3.081270892271604
175.48377753099976,174868000000,inner_middle_cross_reverse,4.803265081052667,5.461513532244725,0.8794750855590187,route/left from camera_sign_turn_left: inner_middle_cross_reverse delta=+92.1deg,,,,,camera_sign_speed_limit,False,False,0.28,0.28,red,,,53.11470450238399,125.8,3.141592653589793,50.7332668288301,125.48501217852088,-2.95813577707203
175.58242808199975,174969000000,inner_middle_cross_reverse,4.8273427374099995,5.461513532244725,0.883883690649014,route/left from camera_sign_turn_left: inner_middle_cross_reverse delta=+92.1deg,,,,,camera_sign_speed_limit,False,False,0.28,0.28,red,,,52.08739116447116,125.8,3.141592653589793,49.707412116429126,125.46513356651423,-2.8866260076014143
175.78327200799959,175170000000,inner_middle_cross_reverse,4.875495770329057,5.461513532244725,0.8927004833997345,route/left from camera_sign_turn_left: inner_middle_cross_reverse delta=+92.1deg,,,,,camera_sign_speed_limit,False,False,0.28,0.28,red,,,50.032861759924685,125.8,3.141592653589793,47.670099816494854,125.63554559639044,-2.7395177965130153
175.88398172799953,175270000000,inner_middle_cross_reverse,4.900058568898572,5.461513532244725,0.8971979177509444,route/left from camera_sign_turn_left: inner_middle_cross_reverse delta=+92.1deg,,,,,camera_sign_speed_limit,False,False,0.28,0.28,red,yellow,yellow,48.98484902095872,125.8,3.141592653589793,46.66096007178852,125.84793946885061,-2.6703412389964956
176.0840724619993,175470000000,inner_middle_cross_reverse,4.94917097771455,5.461513532244725,0.906190371678966,route/left from camera_sign_turn_left: inner_middle_cross_reverse delta=+92.1deg,,,,,camera_sign_speed_limit,False,False,0.28,0.28,red,green,green,46.88938624481034,125.8,-2.7932111722247606,44.69069924006776,126.52082289939655,-2.5438588892494103
176.18483546700008,175571000000,inner_middle_cross_reverse,4.974332268862378,5.461513532244725,0.9107973896785144,route/left from camera_sign_turn_left: inner_middle_cross_reverse delta=+92.1deg,,,,,camera_sign_speed_limit,False,False,0.28,0.28,red,green,green,45.815837822503,125.8,-2.5359639659159297,43.739154144590444,126.97916344951648,-2.489156310612991
176.28694637199987,175671000000,inner_middle_cross_reverse,4.999608666183839,5.461513532244725,0.9154254835525347,route/left from camera_sign_turn_left: inner_middle_cross_reverse delta=+92.1deg,,,,,camera_sign_speed_limit,False,False,0.28,0.28,red,green,green,44.81429834677493,125.98570165322508,-2.3561944901923466,42.81130865522654,127.5217022881562,-2.4428302877800094
176.38655835200007,175771000000,inner_middle_cross_reverse,5.025280259119147,5.461513532244725,0.9201259375171259,route/left from camera_sign_turn_left: inner_middle_cross_reverse delta=+92.1deg,,,,,camera_sign_speed_limit,False,False,0.28,0.28,red,green,green,44.039789228975806,126.76021077102419,-2.3561944901923466,41.90710598293441,128.13681750090856,-2.4038079824764225
176.48703861499962,175872000000,inner_middle_cross_reverse,5.051621929128826,5.461513532244725,0.9249490822102879,route/left from camera_sign_turn_left: inner_middle_cross_reverse delta=+92.1deg,,,,,camera_sign_speed_limit,False,False,0.28,0.28,red,green,green,43.24506395999991,127.55493604000009,-2.356194490192344,41.02514935868034,128.8132613651767,-2.3711720028371004
176.58749968099983,175972000000,inner_middle_cross_reverse,5.078141413322671,5.461513532244725,0.9298047845787384,route/left from camera_sign_turn_left: inner_middle_cross_reverse delta=+92.1deg,,,,,camera_sign_speed_limit,False,False,0.28,0.28,red,green,green,42.44497405676634,128.35502594323367,-2.356194490192346,40.16608252583417,129.53888773652247,-2.343593730182099
176.68932985599986,176072000000,inner_middle_cross_reverse,5.104820490990404,5.461513532244725,0.9346897084208602,route/left from camera_sign_turn_left: inner_middle_cross_reverse delta=+92.1deg,,,,,camera_sign_speed_limit,False,False,0.28,0.28,red,green,green,41.64006923608764,129.15993076391234,-2.3561944901923426,39.16204246666747,130.4540006649774,-2.3142223503800405
176.89421042100003,176274000000,inner_middle_cross_reverse,5.155464780251851,5.461513532244725,0.9439626487811548,route/left from camera_sign_turn_left: inner_middle_cross_reverse delta=+92.1deg,,,,,camera_sign_speed_limit,False,False,0.28,0.28,red,green,green,40.11213663384159,130.6878633661584,-2.3561944901923466,37.54540209337328,131.87597500356983,-2.2207096318055224
176.9899850060001,176374000000,inner_middle_cross_reverse,5.179859517652881,5.461513532244725,0.9484293112286619,route/left from camera_sign_turn_left: inner_middle_cross_reverse delta=+92.1deg,,,,,camera_sign_speed_limit,False,False,0.28,0.28,red,green,green,39.376150106202815,131.42384989379718,-2.356194490192342,36.7782510018955,132.579947195515,-2.1572675568950257
177.09654486,176475000000,inner_middle_cross_reverse,5.20399965024487,5.461513532244725,0.9528493556814434,route/left from camera_sign_turn_left: inner_middle_cross_reverse delta=+92.1deg,,,,camera_sign_turn_left,camera_sign_speed_limit,False,False,0.28,0.28,red,green,green,38.64784497747587,132.15215502252414,-2.356194490192346,36.047991869950124,133.30326063493752,-2.08608798169269
177.29158646299948,176672000000,inner_middle_cross_reverse,5.250902816637808,5.461513532244725,0.9614372985870174,route/left from camera_sign_turn_left: inner_middle_cross_reverse delta=+92.1deg,,,,camera_sign_turn_right,camera_sign_speed_limit,False,False,0.28,0.28,red,green,green,37.232781638145,133.567218361855,-2.356194490192346,34.74691427968902,134.87826758283302,-1.9382674341411281
177.39192197699958,176773000000,inner_middle_cross_reverse,5.2751335464998785,5.461513532244725,0.9658739313480666,route/left from camera_sign_turn_left: inner_middle_cross_reverse delta=+92.1deg,,,,camera_sign_turn_right,camera_sign_speed_limit,False,False,0.28,0.28,red,green,green,36.50174319980603,134.29825680019397,-2.3561944901923466,34.19158071546184,135.74583463600896,-1.8673299737803133
177.5930018199997,176974000000,inner_middle_cross_reverse,5.324084825640142,5.461513532244725,0.9748368825247424,route/left from camera_sign_turn_left: inner_middle_cross_reverse delta=+92.1deg,,,,camera_sign_turn_right,camera_sign_speed_limit,False,False,0.28,0.28,red,green,green,35.0248885255517,135.7751114744483,-2.2372434922752644,33.297022527856925,137.63856046940424,-1.738817176765299
177.69460362500013,177077000000,inner_middle_cross_reverse,5.350169725828532,5.461513532244725,0.9796130128106759,route/left from camera_sign_turn_left: inner_middle_cross_reverse delta=+92.1deg,,,,camera_sign_turn_right,camera_sign_speed_limit,False,False,0.28,0.28,red,red,red,34.237909973667556,136.56209002633244,-1.974174530126876,32.96428116764237,138.64674912130215,-1.6832541846238727
177.80130334299974,177178000000,inner_middle_cross_reverse,5.3757476905347845,5.461513532244725,0.9842963235001471,route/left from camera_sign_turn_left: inner_middle_cross_reverse delta=+92.1deg,,,,camera_sign_turn_right,camera_sign_speed_limit,False,False,0.28,0.28,red,red,red,33.46622560917724,137.33377439082275,-1.7145780884467454,32.70945516690729,139.6957414300159,-1.635899078581978
177.99621290399955,177380000000,inner_middle_cross_reverse,5.428252565826417,5.461513532244725,0.9939099360970297,route/left from camera_sign_turn_left: inner_middle_cross_reverse delta=+92.1deg,,,,camera_sign_turn_right,camera_sign_speed_limit,False,False,0.28,0.28,red,red,red,33.0,139.3808654328189,-1.5556246076715488,32.409926555138995,141.88628223280668,-1.5653912636050324
178.09692007499962,177480000000,inner_middle_cross_reverse,5.454770459839404,5.461513532244725,0.9987653473042757,route/left from camera_sign_turn_left: inner_middle_cross_reverse delta=+92.1deg,,,,camera_sign_turn_right,camera_sign_speed_limit,False,False,0.28,0.28,red,red,red,33.0,140.51229557737298,-1.5470167693730001,32.34538160591853,143.01517385524917,-1.5403026049136443
178.20017848399948,177582000000,outer_left_lower_to_mid_reverse,0.020821583571980117,1.8052961635923481,0.011533610934256555,route/default: outer_left_lower_to_mid_reverse,,,,camera_sign_turn_right,camera_sign_speed_limit,False,False,0.28,0.28,red,red,red,33.023067221868516,141.68808804193776,-1.5448281395833408,32.32422045297626,144.160108652681,-1.5202237038715078
178.30081599499954,177682000000,outer_left_lower_to_mid_reverse,0.04798459220017419,1.8052961635923481,0.02657990038858219,route/default: outer_left_lower_to_mid_reverse,,,,camera_sign_turn_right,camera_sign_speed_limit,False,False,0.28,0.28,red,green,green,33.053159800777166,142.84665232992083,-1.5448281395833408,32.340774537545144,145.3174105578306,-1.5051124508560707
178.4984281349998,177880000000,outer_left_lower_to_mid_reverse,0.10247709202619731,1.8052961635923481,0.05676469827658569,route/default: outer_left_lower_to_mid_reverse,,,,camera_sign_turn_right,camera_sign_speed_limit,False,False,0.28,0.28,red,green,green,33.113529396553176,145.1708817672971,-1.5448281395833408,32.458376491242674,147.6574450805886,-1.4875378770967427
178.6993794809996,178081000000,outer_left_lower_to_mid_reverse,0.15859097962816887,1.8052961635923481,0.08784762457622998,route/default: outer_left_lower_to_mid_reverse,,,,camera_sign_turn_right,camera_sign_speed_limit,False,False,0.28,0.28,red,green,green,33.175695249152454,147.5642670923697,-1.5448281395833408,32.650104777658896,150.02748489937818,-1.483804993917079
178.79942775899963,178181000000,outer_left_lower_to_mid_reverse,0.18645779297948215,1.8052961635923481,0.1032837695774254,route/default: outer_left_lower_to_mid_reverse,,,,camera_sign_turn_right,camera_sign_speed_limit,False,False,0.28,0.28,red,green,green,33.20656753915485,148.75285025746174,-1.5448281395833408,32.75891239276869,151.21151739608575,-1.4856361712536386
178.90020118599932,178281000000,outer_left_lower_to_mid_reverse,0.21420306418789248,1.8052961635923481,0.11865258925807003,route/default: outer_left_lower_to_mid_reverse,,,,camera_sign_turn_right,camera_sign_speed_limit,False,False,0.28,0.28,red,green,green,33.23730517851614,149.9362493728714,-1.5448281395833408,32.87022339317251,152.3915648236244,-1.48930253402456
179.1019884090001,178481000000,outer_left_lower_to_mid_reverse,0.2695467774613577,1.8052961635923481,0.1493088961785573,route/default: outer_left_lower_to_mid_reverse,,,,camera_sign_turn_right,camera_sign_speed_limit,False,False,0.28,0.28,red,green,green,33.298617792357106,152.29678500574892,-1.5448281395833352,33.08721359106285,154.74548470089718,-1.4999279338203337
179.20298678699965,178581000000,outer_left_lower_to_mid_reverse,0.2971839274633133,1.8052961635923481,0.16461782474070558,route/default: outer_left_lower_to_mid_reverse,,,,camera_sign_turn_right,camera_sign_speed_limit,False,False,0.28,0.28,red,red,red,33.329235649481404,153.47557250503434,-1.5448281395833408,33.1882980371836,155.92136805294345,-1.5060902827557763
179.3022685799997,178681000000,outer_left_lower_to_mid_reverse,0.32481921917499956,1.8052961635923481,0.179925723948055,route/default: outer_left_lower_to_mid_reverse,,,,camera_sign_turn_right,camera_sign_speed_limit,False,False,0.28,0.28,red,red,red,33.35985144789612,154.65428074400023,-1.5448281395833408,33.28242176482432,157.0976119080114,-1.5123611191642286
179.40244770499976,178781000000,outer_left_lower_to_mid_reverse,0.3524643169848321,1.8052961635923481,0.19523905500550418,route/default: outer_left_lower_to_mid_reverse,,,,camera_sign_turn_right,camera_sign_speed_limit,False,False,0.28,0.28,red,red,red,33.39047811001102,155.8334072354238,-1.5448281395833408,33.36877334212589,158.2747708486282,-1.5184823001599137
179.50389147899932,178884000000,outer_left_lower_to_mid_reverse,0.3809573503911815,1.8052961635923481,0.21102207940946197,route/default: outer_left_lower_to_mid_reverse,,,,camera_sign_speed_limit,camera_sign_speed_limit,False,False,0.28,0.28,red,red,red,33.422044158818935,157.04870011452857,-1.5448281395833408,33.44698350443362,159.4532066191876,-1.5242614795488016
179.60453016599968,178986000000,outer_left_lower_to_mid_reverse,0.4091981162264934,1.8052961635923481,0.22666536631431847,route/default: outer_left_lower_to_mid_reverse,,,,camera_sign_speed_limit,camera_sign_speed_limit,False,False,0.28,0.28,red,,,33.45333073262863,158.2532332062025,-1.5448281395833408,33.51704346614814,160.63312749205056,-1.5295624642760466
179.70483616899946,179087000000,outer_left_lower_to_mid_reverse,0.43719077690501895,1.8052961635923481,0.24217122138843725,route/default: outer_left_lower_to_mid_reverse,,,,camera_sign_speed_limit,camera_sign_speed_limit,False,False,0.28,0.28,red,,,33.48434244277688,159.44718404690965,-1.5448281395833408,33.5792177998361,161.81466212110186,-1.5342866073795411
179.80447185100002,179187000000,outer_left_lower_to_mid_reverse,0.4649371830829245,1.8052961635923481,0.25754066975789097,route/default: outer_left_lower_to_mid_reverse,,,,camera_sign_speed_limit,camera_sign_speed_limit,False,False,0.28,0.28,red,,,33.51508133951579,160.6306315713576,-1.5448281395833408,33.63403172847529,162.9978503094297,-1.538377262023304
180.0081143309999,179385000000,outer_left_lower_to_mid_reverse,0.519967669478478,1.8052961635923481,0.28802347225055713,route/default: outer_left_lower_to_mid_reverse,,,,camera_sign_speed_limit,camera_sign_speed_limit,False,False,0.28,0.28,red,,,33.576046944501115,162.9778073632929,-1.5448281395833408,33.724577001124416,165.36897254518473,-1.5446226952148963
180.10623085099996,179485000000,outer_left_lower_to_mid_reverse,0.5478049115485443,1.8052961635923481,0.30344323695812353,route/default: outer_left_lower_to_mid_reverse,,,,camera_sign_speed_limit,camera_sign_speed_limit,False,False,0.28,0.28,red,,,33.60688647391625,164.16512924577552,-1.5448281395833408,33.761997149998464,166.55670533118797,-1.5468307233996372
180.20731393999995,179585000000,outer_left_lower_to_mid_reverse,0.5756684911463789,1.8052961635923481,0.31887759070005417,route/default: outer_left_lower_to_mid_reverse,,,,,camera_sign_speed_limit,False,False,0.28,0.28,red,,,33.63775518140011,165.35357448390417,-1.5448281395833408,33.79528210363317,167.74570828930084,-1.5484897755552984
180.30732900899966,179685000000,outer_left_lower_to_mid_reverse,0.6035555234547174,1.8052961635923481,0.3343249355018325,route/default: outer_left_lower_to_mid_reverse,,,,,camera_sign_speed_limit,False,False,0.28,0.28,red,,,33.668649871003666,166.5430200336411,-1.5448281395833408,33.82520830894971,168.93582254837986,-1.5496572019420216
180.4074359010001,179789000000,outer_left_lower_to_mid_reverse,0.6325792655214953,1.8052961635923481,0.3504019330893218,route/default: outer_left_lower_to_mid_reverse,,,,,camera_sign_speed_limit,False,False,0.28,0.28,red,,,33.700803866178646,167.78094884787777,-1.5448281395833408,33.85251658365354,170.1268905800327,-1.5503947255557224
180.61279799400018,179987000000,outer_left_lower_to_mid_reverse,0.6878848864363769,1.8052961635923481,0.38103713967217373,route/default: outer_left_lower_to_mid_reverse,,,,,camera_sign_speed_limit,False,False,0.28,0.28,red,,,33.76207427934435,170.13985975475737,-1.5448281395833408,33.90214449893752,172.51117858515553,-1.5508746730986063
180.71402794999995,180088000000,outer_left_lower_to_mid_reverse,0.7161150792142983,1.8052961635923481,0.3966745698884692,route/default: outer_left_lower_to_mid_reverse,,,,,camera_sign_speed_limit,False,False,0.28,0.28,red,,,33.793349139776936,171.34394188141212,-1.5448281395833408,33.930139277447196,173.94286018832193,-1.5506428782990205
180.91438724199998,180288000000,outer_left_lower_to_mid_reverse,0.7720383346757831,1.8052961635923481,0.42765190014003496,route/default: outer_left_lower_to_mid_reverse,,,,,camera_sign_speed_limit,False,False,0.28,0.28,red,,,33.85530380028007,173.7291963107827,-1.5448281395833408,33.976474755133154,176.33004218074882,-1.54977572750435
181.1116292939996,180483000000,outer_left_lower_to_mid_reverse,0.8265643713674312,1.8052961635923481,0.45785527496089934,route/default: outer_left_lower_to_mid_reverse,,,,,camera_sign_speed_limit,False,False,0.28,0.28,red,,,33.9157105499218,176.05485617198926,-1.5448281395833408,34.01928765494927,178.478608085566,-1.5487243147436647
181.3120903629997,180682000000,outer_left_lower_to_mid_reverse,0.8822060388245803,1.8052961635923481,0.48867662637086856,route/default: outer_left_lower_to_mid_reverse,,,,,camera_sign_speed_limit,False,False,0.28,0.28,red,,,33.977353252741736,178.42810023055688,-1.5448281395833408,34.069356732664744,180.8656789330088,-1.5474848699523398
181.41223576999982,180785000000,outer_left_lower_to_mid_reverse,0.9110086419698616,1.8052961635923481,0.5046311294192588,route/default: outer_left_lower_to_mid_reverse,,,,,camera_sign_speed_limit,False,False,0.28,0.28,red,,,34.00926225883852,179.65659696528292,-1.5448281395833408,34.0956660659953,182.05929628973448,-1.546906648356985
181.61336772999948,180986000000,outer_left_lower_to_mid_reverse,0.9672149112457211,1.8052961635923481,0.5357652283052914,route/default: outer_left_lower_to_mid_reverse,,,,,camera_sign_speed_limit,False,False,0.28,0.28,red,,,34.071530456610574,182.05392257950743,-1.5448281395833408,34.15079876507504,184.44651960353193,-1.5459119042687843
181.81488541999988,181186000000,outer_left_lower_to_mid_reverse,1.023128829063294,1.8052961635923481,0.5667373861956124,route/default: outer_left_lower_to_mid_reverse,,,,,camera_sign_speed_limit,False,False,0.28,0.28,red,,,34.13347477239124,184.43877873706217,-1.5448281395833408,34.2087623282019,186.8331775883482,-1.5451736424393105
181.9149437269998,181286000000,outer_left_lower_to_mid_reverse,1.0510810506455686,1.8052961635923481,0.5822208410137141,route/default: outer_left_lower_to_mid_reverse,,,,,camera_sign_speed_limit,False,False,0.28,0.28,red,,,34.16444168202743,185.63100475805598,-1.5448281395833408,34.238621071269776,188.02627800040847,-1.544897242184196
182.0162827209997,181387000000,outer_left_lower_to_mid_reverse,1.0793098498546772,1.8052961635923481,0.5978574992963841,route/default: outer_left_lower_to_mid_reverse,,,,,camera_sign_speed_limit,False,False,0.28,0.28,red,,,34.19571499859278,186.83502744582157,-1.5448281395833408,34.26899280333396,189.21923631911696,-1.5446777186237608
182.11618917499982,181488000000,outer_left_lower_to_mid_reverse,1.107536082423937,1.8052961635923481,0.6134927358511956,route/default: outer_left_lower_to_mid_reverse,,,,,camera_sign_speed_limit,False,False,0.28,0.28,red,,,34.22698547170239,188.03894066054207,-1.5448281395833408,34.299817827320126,190.41207303576377,-1.5445139798263936
182.32008296599997,181688000000,outer_left_lower_to_mid_reverse,1.1634226541634618,1.8052961635923481,0.6444497460451996,route/default: outer_left_lower_to_mid_reverse,,,,,camera_sign_speed_limit,False,False,0.28,0.28,red,,,34.28889949209041,190.42263044548037,-1.5448281395833408,34.362426604408185,192.7974371267581,-1.5443372926088903
182.42055765299938,181788000000,outer_left_lower_to_mid_reverse,1.1913631800012967,1.8052961635923481,0.6599267222894941,route/default: outer_left_lower_to_mid_reverse,,,,,camera_sign_speed_limit,False,False,0.28,0.28,red,,,34.319853444578996,191.61435761629104,-1.544828139583341,34.39399645696204,193.98998973143432,-1.5443090329416458
182.61830314300005,181989000000,outer_left_lower_to_mid_reverse,1.247519601710199,1.8052961635923481,0.6910332093254811,route/default: outer_left_lower_to_mid_reverse,,,,,camera_sign_speed_limit,False,False,0.28,0.28,red,,,34.38206641865095,194.00955711806205,-1.5448281395833408,34.45735670798746,196.37491593062612,-1.5443238265565284
182.82242018099987,182190000000,outer_left_lower_to_mid_reverse,1.3036730377687658,1.8052961635923481,0.7221380425329186,route/default: outer_left_lower_to_mid_reverse,,,,,camera_sign_speed_limit,False,False,0.28,0.28,green,,,34.44427608506584,196.40462927503472,-1.5448281395833408,34.527272906996714,198.998158333297,-1.5444155183514077
183.0204615849998,182388000000,outer_left_lower_to_mid_reverse,1.358986418154022,1.8052961635923481,0.7527775472860825,route/default: outer_left_lower_to_mid_reverse,,,,,camera_sign_speed_limit,False,False,0.28,0.28,green,,,34.50555509457217,198.76387114102835,-1.5448281395833408,34.58441812352129,201.14438098760598,-1.544538361889467
183.1226344229999,182491000000,outer_left_lower_to_mid_reverse,1.3877607533168752,1.8052961635923481,0.7687163919715967,route/default: outer_left_lower_to_mid_reverse,,,,,camera_sign_speed_limit,False,False,0.28,0.28,green,,,34.53743278394319,199.99116218181297,-1.5448281395833408,34.62229890323066,202.575208002613,-1.544616935229469
183.22344295499988,182592000000,outer_left_lower_to_mid_reverse,1.4159760221436675,1.8052961635923481,0.7843455554273295,route/default: outer_left_lower_to_mid_reverse,,,,,camera_sign_speed_limit,False,False,0.28,0.28,green,,,34.56869111085466,201.19460776790436,-1.5448281395833408,34.65376805659817,203.7675523015121,-1.5446843761471087
183.321729323,182693000000,outer_left_lower_to_mid_reverse,1.4441916085081974,1.8052961635923481,0.7999748947753864,route/default: outer_left_lower_to_mid_reverse,,,,,camera_sign_speed_limit,False,False,0.28,0.28,green,,,34.59994978955076,202.39806689770475,-1.5448281395833408,34.68515229834941,204.95990283560104,-1.5447442923905212
183.42332886999975,182794000000,outer_left_lower_to_mid_reverse,1.4724077260025166,1.8052961635923481,0.8156045283299008,route/default: outer_left_lower_to_mid_reverse,,,,,camera_sign_speed_limit,False,False,0.28,0.28,green,,,34.63120905665981,203.60154868140236,-1.5448281395833408,34.716478996804824,206.15227461847786,-1.5447958406344109
183.62248584899953,182991000000,outer_left_lower_to_mid_reverse,1.5266149122723327,1.8052961635923481,0.8456312836972582,route/default: outer_left_lower_to_mid_reverse,,,,,camera_sign_speed_limit,False,False,0.28,0.28,green,,,34.69126256739452,205.9136088446889,-1.5448281395833408,34.72325936258132,208.25658890008856,-1.528873700195725
183.7237891300001,183092000000,outer_left_lower_to_mid_reverse,1.5526228305030934,1.8052961635923481,0.8600377388569521,route/default: outer_left_lower_to_mid_reverse,,,,,camera_sign_speed_limit,False,False,0.28,0.28,green,,,34.720075477713905,207.02290589198532,-1.5448281395833408,34.64871482643652,209.5754550659535,-1.4829630845938162
183.92398774699996,183294000000,outer_left_lower_to_mid_reverse,1.602336810467524,1.8052961635923481,0.8875755916298207,route/default: outer_left_lower_to_mid_reverse,,,,,camera_sign_speed_limit,False,False,0.28,0.28,green,,,34.77515118325964,209.1433205554962,-1.5448281395833352,34.51833532668881,211.66802493829064,-1.3548500953753781
184.12510550499974,183494000000,outer_left_lower_to_mid_reverse,1.6477434030291422,1.8052961635923481,0.9127274716799416,route/default: outer_left_lower_to_mid_reverse,,,,,camera_sign_speed_limit,False,False,0.28,0.28,green,,,34.82545494335989,211.0800153193555,-1.5448281395833408,34.434245843768636,213.62728775264583,-1.156587813292995
184.22506329999942,183595000000,outer_left_lower_to_mid_reverse,1.6698988706104159,1.8052961635923481,0.9249999552912659,route/default: outer_left_lower_to_mid_reverse,,,,,camera_sign_speed_limit,False,False,0.28,0.28,green,yellow,yellow,34.84999991058254,212.02499655742747,-1.5448281395833408,34.44427451900977,214.57172548040933,-1.0306076484887332
184.32573087699984,183696000000,outer_left_lower_to_mid_reverse,1.6919698292421093,1.8052961635923481,0.9372256272207816,route/default: outer_left_lower_to_mid_reverse,,,,,camera_sign_speed_limit,False,False,0.28,0.28,green,green,green,34.87445125444157,212.9663732960002,-1.5448281395833408,34.54381544666968,215.50496644851438,-0.8980058554350928
184.52631033499983,183896000000,outer_left_lower_to_mid_reverse,1.7363038743381645,1.8052961635923481,0.9617833956302791,route/default: outer_left_lower_to_mid_reverse,,,,camera_sign_turn_right,camera_sign_speed_limit,False,False,0.28,0.28,green,green,green,34.923566791260555,214.8573214635315,-1.3873060294951514,35.10714440188259,217.2858111185908,-0.6344352669072979
184.62641970099958,183996000000,outer_left_lower_to_mid_reverse,1.7585572613380611,1.8052961635923481,0.9741101193273011,route/default: outer_left_lower_to_mid_reverse,,,,camera_sign_speed_limit,camera_sign_speed_limit,False,False,0.28,0.28,green,green,green,34.9482202386546,215.80647918820216,-1.0386966463547205,35.58865153742509,218.09645192715578,-0.5105971081092134
184.72769616799997,184097000000,outer_left_lower_to_mid_reverse,1.7811643625670355,1.8052961635923481,0.9866327744378003,route/default: outer_left_lower_to_mid_reverse,,,,camera_sign_speed_limit,camera_sign_speed_limit,False,False,0.28,0.28,green,green,green,34.9732655488756,216.7707236317106,-0.7860316041884815,36.21039009761084,218.8303627031836,-0.3966924952853121
184.93020537399934,184297000000,outer_bottom_left_corner_reverse,0.02216158108522927,0.3709787607362388,0.05973813983649019,route/default: outer_bottom_left_corner_reverse,,,,camera_sign_speed_limit,camera_sign_speed_limit,False,False,0.28,0.28,green,green,green,35.945560792969786,217.8,-0.6585114260453803,37.792053828805535,219.98465470155196,-0.20878658017774834
185.03059205999944,184399000000,outer_bottom_left_corner_reverse,0.04730854179097002,0.3709787607362388,0.12752358570900987,route/default: outer_bottom_left_corner_reverse,,,,camera_sign_speed_limit,camera_sign_speed_limit,False,False,0.28,0.28,green,green,green,36.72018668904032,218.52018668904032,-0.41775602415398694,38.72236492554471,220.4059226152412,-0.13311936338350674
185.1310689359998,184502000000,outer_bottom_left_corner_reverse,0.07248784614070447,0.3709787607362388,0.19539621620614128,route/default: outer_bottom_left_corner_reverse,,,,,camera_sign_speed_limit,False,False,0.28,0.28,green,green,green,37.47984351469394,219.27984351469394,-0.16124465776507974,39.719946132941956,220.72693254378902,-0.06873990622047224
185.23352256499948,184602000000,outer_bottom_left_corner_reverse,0.097722533111791,0.3709787607362388,0.2634181345526421,route/default: outer_bottom_left_corner_reverse,,,,,camera_sign_speed_limit,False,False,0.28,0.28,green,green,green,38.3410676213569,219.8,0.0,40.76717545420047,220.94860125501827,-0.016559450409976584
185.43273583999962,184801000000,outer_bottom_left_corner_reverse,0.14943461190596843,0.3709787607362388,0.40281177178284483,route/default: outer_bottom_left_corner_reverse,,,,,camera_sign_speed_limit,False,False,0.28,0.28,green,green,green,40.54744964990846,219.8,0.0,42.970366328028675,221.14121582571806,0.054798447680457614
185.53372702199977,184903000000,outer_bottom_left_corner_reverse,0.17689095019880513,0.3709787607362388,0.4768223114653519,route/default: outer_bottom_left_corner_reverse,,,,,camera_sign_speed_limit,False,False,0.28,0.28,green,green,green,41.718920083736165,219.8,0.0,44.11085594772696,221.13984069493426,0.0767734839305451
185.63343702200018,185003000000,outer_bottom_left_corner_reverse,0.20406893273420545,0.3709787607362388,0.550082523132088,route/default: outer_bottom_left_corner_reverse,,,,,camera_sign_speed_limit,False,False,0.28,0.28,green,green,green,42.87851400524657,219.8,0.0,45.26665307975733,221.09203288872726,0.09159772698948863
185.83407144800003,185200000000,outer_bottom_left_corner_reverse,0.2585770877104113,0.3709787607362388,0.6970131853296484,route/default: outer_bottom_left_corner_reverse,,,,,camera_sign_speed_limit,False,False,0.28,0.28,green,green,green,45.20419528423136,219.8,0.0,47.61453386148328,220.90045255345984,0.10431980107480265
185.9341931099998,185302000000,outer_bottom_left_corner_reverse,0.2869916537758522,0.3709787607362388,0.7736066970688373,route/default: outer_bottom_left_corner_reverse,,,,,camera_sign_speed_limit,False,False,0.28,0.28,green,green,green,46.416550103023496,219.8,0.0,48.79699852934108,220.77358041124916,0.10341409517658882
186.03689097299957,185402000000,outer_bottom_left_corner_reverse,0.3146717896074052,0.3709787607362388,0.8482204991544863,route/default: outer_bottom_left_corner_reverse,,,,,camera_sign_speed_limit,False,False,0.28,0.28,green,green,green,47.59756923183643,219.8,0.0,49.97288114128793,220.6386214782657,0.09898502351718771
186.1348994049995,185502000000,outer_bottom_left_corner_reverse,0.34225303476926106,0.3709787607362388,0.9225677343091849,route/default: outer_bottom_left_corner_reverse,,,,,camera_sign_speed_limit,False,False,0.28,0.28,green,green,green,48.774369025408944,219.8,0.0,51.14262964211535,220.50283659785094,0.09214285555850092
186.23639940999965,185603000000,outer_bottom_left_corner_reverse,0.3700481664440775,0.3709787607362388,0.9974915159824393,route/default: outer_bottom_left_corner_reverse,,,,,camera_sign_speed_limit,False,False,0.28,0.28,green,green,green,49.96029464353445,219.8,0.0,52.30859539271911,220.37009276603857,0.08331853654127258
186.33578650799973,185703000000,outer_bottom_left_mid_to_bottom_left_reverse,0.02648577091847846,0.796875,0.03323704585848277,route/default: outer_bottom_left_mid_to_bottom_left_reverse,,,,,camera_sign_speed_limit,False,False,0.28,0.28,green,green,green,51.13005955918841,219.8,0.0,53.473292035479844,220.24445777257313,0.07328407662883688
186.53943464799977,185902000000,outer_bottom_left_mid_to_bottom_left_reverse,0.08122268668213622,0.796875,0.10192650877758272,route/default: outer_bottom_left_mid_to_bottom_left_reverse,,,,,camera_sign_speed_limit,False,False,0.28,0.28,green,green,green,53.465501298437815,219.8,0.0,55.80454631420183,220.0260886018973,0.052271466934292736
186.63869231399985,186005000000,outer_bottom_left_mid_to_bottom_left_reverse,0.10956391218771432,0.796875,0.13749196823556306,route/default: outer_bottom_left_mid_to_bottom_left_reverse,,,,,camera_sign_speed_limit,False,False,0.28,0.28,green,green,green,54.67472692000915,219.8,0.0,56.97257286696848,219.93608084422254,0.042052445747128755
186.74082975300007,186106000000,outer_bottom_left_mid_to_bottom_left_reverse,0.13736733593167796,0.796875,0.1723825392083802,route/default: outer_bottom_left_mid_to_bottom_left_reverse,,,,,camera_sign_speed_limit,False,False,0.28,0.28,green,green,green,55.86100633308493,219.8,0.0,58.142992892154226,219.86046051065364,0.03268566306555903
186.9410800579999,186307000000,outer_bottom_left_mid_to_bottom_left_reverse,0.1927254363230127,0.796875,0.24185152793476103,route/default: outer_bottom_left_mid_to_bottom_left_reverse,,,,,camera_sign_speed_limit,False,False,0.28,0.28,green,green,green,58.22295194978187,219.8,0.0,60.49057845434689,219.74870597746343,0.01679164405214446
187.1410274129994,186504000000,outer_bottom_left_mid_to_bottom_left_reverse,0.24724430262172836,0.796875,0.3102673601527572,route/default: outer_bottom_left_mid_to_bottom_left_reverse,,,,,camera_sign_speed_limit,False,False,0.28,0.28,green,green,green,60.54909024519374,219.8,0.0,62.849278545059946,219.68223322317624,0.004422406689627282
187.34144495100008,186704000000,outer_bottom_left_mid_to_bottom_left_reverse,0.30285511383515235,0.796875,0.38005347618528923,route/default: outer_bottom_left_mid_to_bottom_left_reverse,,,,,camera_sign_speed_limit,False,False,0.28,0.28,green,green,green,62.92181819029983,219.8,0.0,65.2181024484764,219.65409535840655,-0.0038207421386682633
187.4415482939994,186807000000,outer_bottom_left_mid_to_bottom_left_reverse,0.3315503987987286,0.796875,0.4160632455513457,route/default: outer_bottom_left_mid_to_bottom_left_reverse,,,,,camera_sign_speed_limit,False,False,0.28,0.28,green,green,green,64.14615034874575,219.8,0.0,66.40553329187307,219.65110854586362,-0.006460254581078336
187.54293780699936,186907000000,outer_bottom_left_mid_to_bottom_left_reverse,0.3594481452870594,0.796875,0.4510721823210157,route/default: outer_bottom_left_mid_to_bottom_left_reverse,,,,,camera_sign_speed_limit,False,False,0.28,0.28,green,green,green,65.33645419891454,219.8,0.0,67.5946520172593,219.65362131427344,-0.008270330322913612
187.7449681299995,187109000000,outer_bottom_left_mid_to_bottom_left_reverse,0.41585220525099154,0.796875,0.5218537477659502,route/default: outer_bottom_left_mid_to_bottom_left_reverse,,,,,camera_sign_speed_limit,False,False,0.14,0.28,yellow,yellow,yellow,67.74302742404231,219.8,0.0,69.97633569869646,219.66712645039757,-0.01103022940919836
187.84520529400015,187210000000,outer_bottom_left_mid_to_bottom_left_reverse,0.4299859877451896,0.796875,0.5395902591312183,route/default: outer_bottom_left_mid_to_bottom_left_reverse,,,,,camera_sign_speed_limit,False,False,0.14,0.28,yellow,yellow,yellow,68.34606881046142,219.8,0.0,70.7535187125572,219.6699827171936,-0.012741812182348199
188.04547420699964,187409000000,outer_bottom_left_mid_to_bottom_left_reverse,0.45783195458633374,0.796875,0.5745342175201051,route/default: outer_bottom_left_mid_to_bottom_left_reverse,,,,,camera_sign_speed_limit,False,False,0.14,0.28,yellow,yellow,yellow,69.53416339568358,219.8,0.0,71.94656620530142,219.68677678058066,-0.01221338849504532
188.14682895399983,187510000000,outer_bottom_left_mid_to_bottom_left_reverse,0.47196598157586295,0.796875,0.5922710357030437,route/default: outer_bottom_left_mid_to_bottom_left_reverse,,,,,camera_sign_speed_limit,False,False,0.14,0.28,yellow,yellow,yellow,70.13721521390349,219.8,0.0,72.54281245887356,219.69564748137924,-0.01170584076352127
188.24716054500004,187610000000,outer_bottom_left_mid_to_bottom_left_reverse,0.48594274952506933,0.796875,0.6098105092079301,route/default: outer_bottom_left_mid_to_bottom_left_reverse,,,,,camera_sign_speed_limit,False,False,0.14,0.28,yellow,yellow,yellow,70.73355731306961,219.8,0.0,73.13892179791014,219.70447539172903,-0.011111285846970208
188.35744935799994,187714000000,outer_bottom_left_mid_to_bottom_left_reverse,0.5004734780764462,0.796875,0.6280451489586776,route/default: outer_bottom_left_mid_to_bottom_left_reverse,,,,,camera_sign_speed_limit,False,False,0.14,0.28,yellow,yellow,yellow,71.35353506459504,219.8,0.0,73.85416694320097,219.71483469398748,-0.010321286960169868
188.44856507999975,187815000000,outer_bottom_left_mid_to_bottom_left_reverse,0.5145839039703157,0.796875,0.6457523500803962,route/default: outer_bottom_left_mid_to_bottom_left_reverse,,,,,camera_sign_speed_limit,False,False,0.14,0.28,yellow,yellow,yellow,71.95557990273346,219.8,0.0,74.45017685697829,219.72310768640722,-0.009638638608890252
188.65305858400006,188012000000,outer_bottom_left_mid_to_bottom_left_reverse,0.5421035370600004,0.796875,0.6802867916047063,route/default: outer_bottom_left_mid_to_bottom_left_reverse,,,,,camera_sign_speed_limit,False,False,0.14,0.28,red,yellow,yellow,73.12975091456002,219.8,0.0,75.64215648533963,219.73854724316055,-0.008232087346346287
188.76221059699947,188113000000,outer_bottom_left_mid_to_bottom_left_reverse,0.5561217484774587,0.796875,0.6978782725991638,route/default: outer_bottom_left_mid_to_bottom_left_reverse,,,,camera_sign_speed_limit,camera_sign_speed_limit,False,False,0.14,0.28,red,red,red,73.72786126837158,219.8,0.0,76.2378439616727,219.74531067285648,-0.007616213618176218
188.85210929299956,188215000000,outer_bottom_left_mid_to_bottom_left_reverse,0.570292395338057,0.796875,0.7156610451301108,route/default: outer_bottom_left_mid_to_bottom_left_reverse,,,,camera_sign_speed_limit,camera_sign_speed_limit,False,False,0.14,0.28,red,red,red,74.33247553442376,219.8,0.0,76.833642051651,219.75186975919132,-0.0069437730314816405
189.0517240649997,188409000000,outer_bottom_left_mid_to_bottom_left_reverse,0.5974372650074863,0.796875,0.7497251953035122,route/default: outer_bottom_left_mid_to_bottom_left_reverse,,,,camera_sign_speed_limit,camera_sign_speed_limit,False,False,0.14,0.28,red,red,red,75.49065664031943,219.8,0.0,77.90651964364872,219.7624485257462,-0.0057465255986120815
189.1514703060002,188513000000,outer_bottom_left_mid_to_bottom_left_reverse,0.6119681479249892,0.796875,0.7679600287686139,route/default: outer_bottom_left_mid_to_bottom_left_reverse,,,,camera_sign_speed_limit,camera_sign_speed_limit,False,False,0.14,0.28,red,red,red,76.11064097813286,219.8,0.0,78.62233258337685,219.76876321372748,-0.004920299841783275
189.2520794639995,188615000000,outer_bottom_left_mid_to_bottom_left_reverse,0.6262396601953464,0.796875,0.7858693775000425,route/default: outer_bottom_left_mid_to_bottom_left_reverse,,,,camera_sign_speed_limit,camera_sign_speed_limit,False,False,0.14,0.28,red,red,red,76.71955883500144,219.8,0.0,79.21894075710051,219.7732991026843,-0.004316300559553709
189.45222943799945,188816000000,outer_bottom_left_mid_to_bottom_left_reverse,0.6543649128002618,0.796875,0.8211638121415049,route/default: outer_bottom_left_mid_to_bottom_left_reverse,,,,camera_sign_speed_limit,camera_sign_speed_limit,False,False,0.14,0.28,red,red,red,77.91956961281116,219.8,0.0,80.4123321757736,219.78072600359752,-0.003308946904365602
189.653286492,189014000000,outer_bottom_left_mid_to_bottom_left_reverse,0.6820653123833385,0.796875,0.8559250978928169,route/default: outer_bottom_left_mid_to_bottom_left_reverse,,,,camera_sign_speed_limit,camera_sign_speed_limit,False,False,0.14,0.28,red,red,red,79.10145332835577,219.8,0.0,81.60545454432165,219.7859998519104,-0.0026262838354426873
189.7624524490002,189116000000,outer_bottom_left_mid_to_bottom_left_reverse,0.6963316618297113,0.796875,0.8738279677863043,route/default: outer_bottom_left_mid_to_bottom_left_reverse,,,,camera_sign_speed_limit,camera_sign_speed_limit,False,False,0.14,0.28,red,red,red,79.71015090473435,219.8,0.0,82.20161598856586,219.7882082994854,-0.0023891765019636154
189.85415717500018,189218000000,outer_bottom_left_mid_to_bottom_left_reverse,0.7106166307016166,0.796875,0.8917542032334013,route/default: outer_bottom_left_mid_to_bottom_left_reverse,,,,camera_sign_speed_limit,camera_sign_speed_limit,False,False,0.14,0.28,red,red,red,80.31964290993565,219.8,0.0,82.79780527106257,219.79024116825184,-0.0021654294222788143
190.05566276199988,189417000000,outer_bottom_left_mid_to_bottom_left_reverse,0.7384416638883033,0.796875,0.926671891938263,route/default: outer_bottom_left_mid_to_bottom_left_reverse,,,,camera_sign_speed_limit,camera_sign_speed_limit,False,False,0.14,0.28,red,red,red,81.50684432590094,219.8,0.0,83.99012942280476,219.7936341283659,-0.0017970968925930654
190.1563226319995,189522000000,outer_bottom_left_mid_to_bottom_left_reverse,0.7531473251225771,0.796875,0.9451260550557831,route/default: outer_bottom_left_mid_to_bottom_left_reverse,,,,camera_sign_speed_limit,camera_sign_speed_limit,False,False,0.14,0.28,red,red,red,82.13428587189662,219.8,0.0,84.58635757139362,219.7948503344544,-0.0017004323528867515
190.3565307049994,189723000000,outer_bottom_left_mid_to_bottom_left_reverse,0.781238636494962,0.796875,0.9803778967779915,route/default: outer_bottom_left_mid_to_bottom_left_reverse,,,,camera_sign_speed_limit,camera_sign_speed_limit,False,False,0.14,0.28,red,red,red,83.33284849045171,219.8,0.0,85.77905727674916,219.797019655883,-0.0014939976729662291
190.457130668,189823000000,outer_bottom_left_mid_to_bottom_left_reverse,0.7951763026687592,0.796875,0.9978683013882468,route/default: outer_bottom_left_mid_to_bottom_left_reverse,,,,camera_sign_speed_limit,camera_sign_speed_limit,False,False,0.14,0.28,red,red,red,83.92752224720039,219.8,0.0,86.37539240386053,219.79801671472205,-0.0013953213627335003
190.55791784099983,189920000000,outer_bottom_mid_to_bottom_left_mid_reverse,0.011884388646019019,0.984375,0.012073029735638369,route/default: outer_bottom_mid_to_bottom_left_mid_reverse,,,,camera_sign_speed_limit,camera_sign_speed_limit,False,False,0.14,0.28,red,red,red,84.50706724889682,219.8,0.0,86.97175491673607,219.79896573911145,-0.0012957426779802977
190.65761731400016,190022000000,outer_bottom_mid_to_bottom_left_mid_reverse,0.026138592770835307,0.984375,0.026553491068785073,route/default: outer_bottom_mid_to_bottom_left_mid_reverse,,,,camera_sign_speed_limit,camera_sign_speed_limit,False,False,0.14,0.28,red,red,red,85.11524662488898,219.8,0.0,87.56810367882599,219.7998160663554,-0.001195684870575297
190.86391733299934,190223000000,outer_bottom_mid_to_bottom_left_mid_reverse,0.054261711893637224,0.984375,0.055123008907821944,route/default: outer_bottom_mid_to_bottom_left_mid_reverse,,,,camera_sign_speed_limit,camera_sign_speed_limit,False,False,0.14,0.28,red,red,red,86.31516637412852,219.8,0.0,88.7607873579083,219.8014005705969,-0.0009995141111530548
191.06597109599988,190422000000,outer_bottom_mid_to_bottom_left_mid_reverse,0.08211643026336717,0.984375,0.083419865664373,route/default: outer_bottom_mid_to_bottom_left_mid_reverse,,,,camera_sign_speed_limit,camera_sign_speed_limit,False,False,0.14,0.28,red,red,red,87.50363435790366,219.8,0.0,89.95373348355541,219.80327914980717,-0.0006226425823562552
191.16077895099988,190526000000,outer_bottom_mid_to_bottom_left_mid_reverse,0.09667838099304468,0.984375,0.09821295846912476,route/default: outer_bottom_mid_to_bottom_left_mid_reverse,,,,camera_sign_speed_limit,camera_sign_speed_limit,False,False,0.14,0.28,red,red,red,88.12494425570324,219.8,0.0,90.55004321580446,219.8039796265938,-0.0004844251032082593
191.3618047099999,190721000000,outer_bottom_mid_to_bottom_left_mid_reverse,0.1239645155014455,0.984375,0.12593220622369067,route/default: outer_bottom_mid_to_bottom_left_mid_reverse,,,,camera_sign_speed_limit,camera_sign_speed_limit,False,False,0.0,0.28,red,red,red,89.28915266139501,219.8,0.0,91.74289440341809,219.80516457122178,-0.00025012901969827315
191.46612290899975,190825000000,outer_bottom_mid_to_bottom_left_mid_reverse,0.12396464987643248,0.984375,0.12593234273161394,route/default: outer_bottom_mid_to_bottom_left_mid_reverse,,,,camera_sign_speed_limit,camera_sign_speed_limit,False,False,0.0,0.28,red,red,red,89.28915839472779,219.8,0.0,91.92222524527156,219.80283349716484,-0.0009413597958866943
191.56884108399936,190925000000,outer_bottom_mid_to_bottom_left_mid_reverse,0.12396494531442613,0.984375,0.12593264285909955,route/default: outer_bottom_mid_to_bottom_left_mid_reverse,,,,camera_sign_speed_limit,camera_sign_speed_limit,False,False,0.0,0.28,red,red,red,89.28917100008218,219.8,0.0,91.922223635728,219.8028386301284,-0.00094225622757945
191.66342368099959,191025000000,outer_bottom_mid_to_bottom_left_mid_reverse,0.12396524598204697,0.984375,0.12593294829922233,route/default: outer_bottom_mid_to_bottom_left_mid_reverse,,,,camera_sign_speed_limit,camera_sign_speed_limit,False,False,0.0,0.28,red,red,red,89.28918382856733,219.8,0.0,91.92222850094585,219.80284517398945,-0.0009427458266543942
191.76368706799985,191126000000,outer_bottom_mid_to_bottom_left_mid_reverse,0.12397678306078572,0.984375,0.125944668506195,route/default: outer_bottom_mid_to_bottom_left_mid_reverse,,,,camera_sign_speed_limit,camera_sign_speed_limit,False,False,0.0,0.28,red,red,red,89.2896760772602,219.8,0.0,91.92226201311348,219.802856572133,-0.0009417889682315741
191.9655012509993,191325000000,outer_bottom_mid_to_bottom_left_mid_reverse,0.12399550748032345,0.984375,0.12596369013874129,route/default: outer_bottom_mid_to_bottom_left_mid_reverse,,,,camera_sign_speed_limit,camera_sign_speed_limit,False,False,0.0,0.28,red,red,red,89.29047498582713,219.8,0.0,91.92234071115831,219.80287893862197,-0.0009382494912148459
192.07604095699935,191426000000,outer_bottom_mid_to_bottom_left_mid_reverse,0.12399723964259934,0.984375,0.12596544979565646,route/default: outer_bottom_mid_to_bottom_left_mid_reverse,,,,camera_sign_speed_limit,camera_sign_speed_limit,False,False,0.0,0.28,red,red,red,89.29054889141757,219.8,0.0,91.92238400707546,219.80288890347657,-0.0009366289387751583
192.16741356300008,191526000000,outer_bottom_mid_to_bottom_left_mid_reverse,0.12400875712284991,0.984375,0.12597715009305388,route/default: outer_bottom_mid_to_bottom_left_mid_reverse,,,,camera_sign_speed_limit,camera_sign_speed_limit,False,False,0.0,0.28,red,red,red,89.29104030390826,219.8,0.0,91.92243259662382,219.80289753327844,-0.0009350191437388509
192.26665605200014,191626000000,outer_bottom_mid_to_bottom_left_mid_reverse,0.12401047890385593,0.984375,0.12597889920391714,route/default: outer_bottom_mid_to_bottom_left_mid_reverse,,,,camera_sign_speed_limit,camera_sign_speed_limit,False,False,0.0,0.28,red,red,red,89.29111376656452,219.8,0.0,91.9224701826665,219.80290379763738,-0.000934163556338625
192.36651665199952,191729000000,outer_bottom_mid_to_bottom_left_mid_reverse,0.12402014410671382,0.984375,0.1259887178226934,route/default: outer_bottom_mid_to_bottom_left_mid_reverse,,,,camera_sign_speed_limit,camera_sign_speed_limit,False,False,0.0,0.28,red,red,red,89.29152614855312,219.8,0.0,91.92251173814012,219.80290949532832,-0.0009330298140495501
192.4672420830002,191829000000,outer_bottom_mid_to_bottom_left_mid_reverse,0.12402952650002189,0.984375,0.12599824914287938,route/default: outer_bottom_mid_to_bottom_left_mid_reverse,,,,camera_sign_speed_limit,camera_sign_speed_limit,False,False,0.0,0.28,red,red,red,89.29192646400094,219.8,0.0,91.92255115727247,219.80291566695416,-0.0009317516732357643
192.56806377999965,191931000000,outer_bottom_mid_to_bottom_left_mid_reverse,0.12403909517357778,0.984375,0.1260079697001425,route/default: outer_bottom_mid_to_bottom_left_mid_reverse,,,,camera_sign_speed_limit,camera_sign_speed_limit,False,False,0.0,0.28,red,red,red,89.29233472740599,219.8,0.0,91.92259093847088,219.8029216600483,-0.0009304457405172675
192.7701586639996,192127000000,outer_bottom_mid_to_bottom_left_mid_reverse,0.12405747807500496,0.984375,0.12602664439365582,route/default: outer_bottom_mid_to_bottom_left_mid_reverse,,,,camera_sign_speed_limit,camera_sign_speed_limit,False,False,0.0,0.28,red,red,red,89.29311906453356,219.8,0.0,91.92267177279149,219.80293301964326,-0.0009278235940615047
192.87125181299962,192230000000,outer_bottom_mid_to_bottom_left_mid_reverse,0.12406713639709101,0.984375,0.12603645602244165,route/default: outer_bottom_mid_to_bottom_left_mid_reverse,,,,camera_sign_speed_limit,camera_sign_speed_limit,False,False,0.0,0.28,red,red,red,89.29353115294255,219.8,0.0,91.92271292162658,219.80293834277717,-0.0009265408083124547
192.97273478399984,192332000000,outer_bottom_mid_to_bottom_left_mid_reverse,0.12407669927664486,0.984375,0.12604617069373447,route/default: outer_bottom_mid_to_bottom_left_mid_reverse,,,,camera_sign_speed_limit,camera_sign_speed_limit,False,False,0.0,0.28,red,red,red,89.29393916913685,219.8,0.0,91.9227630323519,219.80294436923936,-0.0009250558723205012
193.07312680499945,192434000000,outer_bottom_mid_to_bottom_left_mid_reverse,0.12408626075309243,0.984375,0.12605588393964945,route/default: outer_bottom_mid_to_bottom_left_mid_reverse,,,,camera_sign_speed_limit,camera_sign_speed_limit,False,False,0.0,0.28,red,red,red,89.29434712546526,219.8,0.0,91.92280543861992,219.80294907233872,-0.0009238772796480737
193.27476256799946,192633000000,outer_bottom_mid_to_bottom_left_mid_reverse,0.12410491034275979,0.984375,0.12607482955454963,route/default: outer_bottom_mid_to_bottom_left_mid_reverse,,,,camera_sign_speed_limit,camera_sign_speed_limit,False,False,0.0,0.28,red,red,red,89.2951428412911,219.8,0.0,91.92289256689523,219.80295713449232,-0.000921774270460288
193.38258602399947,192733000000,outer_bottom_mid_to_bottom_left_mid_reverse,0.12411427942598095,0.984375,0.12608434735337748,route/default: outer_bottom_mid_to_bottom_left_mid_reverse,,,,camera_sign_speed_limit,camera_sign_speed_limit,False,False,0.0,0.28,red,red,red,89.29554258884185,219.8,0.0,91.92293745222115,219.8029603928514,-0.0009208679039727957
193.47585474199968,192835000000,outer_bottom_mid_to_bottom_left_mid_reverse,0.1241238343095296,0.984375,0.12609405390174436,route/default: outer_bottom_mid_to_bottom_left_mid_reverse,,,,camera_sign_speed_limit,camera_sign_speed_limit,False,False,0.0,0.28,red,red,red,89.29595026387327,219.8,0.0,91.92298320070836,219.80296326333246,-0.0009200658699841511
193.5763296469995,192935000000,outer_bottom_mid_to_bottom_left_mid_reverse,0.12413320029456013,0.984375,0.12610356855320393,route/default: outer_bottom_mid_to_bottom_left_mid_reverse,,,,camera_sign_speed_limit,camera_sign_speed_limit,False,False,0.0,0.28,red,red,red,89.29634987923455,219.8,0.0,91.9230296942205,219.80296578874493,-0.0009193504249702872
193.77739901799941,193137000000,outer_bottom_mid_to_bottom_left_mid_reverse,0.12415211708765186,0.984375,0.1261227856128527,route/default: outer_bottom_mid_to_bottom_left_mid_reverse,,,,camera_sign_speed_limit,camera_sign_speed_limit,False,False,0.0,0.28,red,red,red,89.29715699573981,219.8,0.0,91.92312434784307,219.80297007703444,-0.0009180998010467384
193.97853788500015,193334000000,outer_bottom_mid_to_bottom_left_mid_reverse,0.12417056524474283,0.984375,0.12614152659783398,route/default: outer_bottom_mid_to_bottom_left_mid_reverse,,,,camera_sign_speed_limit,camera_sign_speed_limit,False,False,0.0,0.28,red,red,red,89.29794411710903,219.8,0.0,91.92322111067932,219.80297347170244,-0.0009171035148132084
194.07867127400004,193434000000,outer_bottom_mid_to_bottom_left_mid_reverse,0.12417992846516848,0.984375,0.12615103844080608,route/default: outer_bottom_mid_to_bottom_left_mid_reverse,,,,camera_sign_speed_limit,camera_sign_speed_limit,False,False,0.0,0.28,red,red,red,89.29834361451385,219.8,0.0,91.92327055210066,219.80297474639752,-0.0009167387874288559
194.17960576899986,193535000000,outer_bottom_mid_to_bottom_left_mid_reverse,0.12418938431165186,0.984375,0.12616064438009078,route/default: outer_bottom_mid_to_bottom_left_mid_reverse,,,,camera_sign_speed_limit,camera_sign_speed_limit,False,False,0.0,0.28,red,red,red,89.29874706396382,219.8,0.0,91.92332064804509,219.8029757634523,-0.0009164508420564484
194.28056603799996,193636000000,outer_bottom_mid_to_bottom_left_mid_reverse,0.12419883917394262,0.984375,0.12617024931956075,route/default: outer_bottom_mid_to_bottom_left_mid_reverse,,,,camera_sign_speed_limit,camera_sign_speed_limit,False,False,0.0,0.28,red,red,red,89.29915047142154,219.8,0.0,91.9233713098848,219.80297657158104,-0.000916223646260591
194.38057945899982,193737000000,outer_bottom_mid_to_bottom_left_mid_reverse,0.12420829386965612,0.984375,0.1261798540898094,route/default: outer_bottom_mid_to_bottom_left_mid_reverse,,,,camera_sign_speed_limit,camera_sign_speed_limit,False,False,0.0,0.28,red,red,red,89.29955387177199,219.8,0.0,91.92342238554029,219.80297718122534,-0.0009160473271345642
194.48127090399976,193838000000,outer_bottom_mid_to_bottom_left_mid_reverse,0.12421884824899106,0.984375,0.12619057599897504,route/default: outer_bottom_mid_to_bottom_left_mid_reverse,,,,camera_sign_speed_limit,camera_sign_speed_limit,False,False,0.0,0.28,red,red,red,89.30000419195696,219.8,0.0,91.92347780102244,219.80298036185008,-0.000914756494725661
194.6827058580002,194037000000,outer_bottom_mid_to_bottom_left_mid_reverse,0.12423977557193928,0.984375,0.1262118355016526,route/default: outer_bottom_mid_to_bottom_left_mid_reverse,,,,camera_sign_speed_limit,camera_sign_speed_limit,False,False,0.0,0.28,red,red,red,89.3008970910694,219.8,0.0,91.92356661614055,219.80298742946684,-0.0009128350792394241
194.7849199329994,194139000000,outer_bottom_mid_to_bottom_left_mid_reverse,0.12425055832468024,0.984375,0.12622278940919898,route/default: outer_bottom_mid_to_bottom_left_mid_reverse,,,,camera_sign_speed_limit,camera_sign_speed_limit,False,False,0.0,0.28,red,red,red,89.30135715518637,219.8,0.0,91.9236123212149,219.80299032997164,-0.0009120258345070839
194.88381631099946,194240000000,outer_bottom_mid_to_bottom_left_mid_reverse,0.12426126637120434,0.984375,0.1262336674247155,route/default: outer_bottom_mid_to_bottom_left_mid_reverse,,,,camera_sign_speed_limit,camera_sign_speed_limit,False,False,0.0,0.28,red,red,red,89.30181403183806,219.8,0.0,91.92365878088262,219.80299288080562,-0.0009113043706257655
194.99605385699942,194340000000,outer_bottom_mid_to_bottom_left_mid_reverse,0.12427189363354048,0.984375,0.12624446337375542,route/default: outer_bottom_mid_to_bottom_left_mid_reverse,,,,camera_sign_speed_limit,camera_sign_speed_limit,False,False,0.0,0.28,red,red,red,89.30226746169774,219.8,0.0,91.92370586731101,219.80299514895148,-0.0009106530874939066
195.08525491,194440000000,outer_bottom_mid_to_bottom_left_mid_reverse,0.12428253852129194,0.984375,0.1262552772279791,route/default: outer_bottom_mid_to_bottom_left_mid_reverse,,,,camera_sign_speed_limit,camera_sign_speed_limit,False,False,0.0,0.28,red,red,red,89.30272164357513,219.8,0.0,91.92375340544885,219.8029972023972,-0.0009100470406244224
195.18521558300017,194540000000,outer_bottom_mid_to_bottom_left_mid_reverse,0.12429320518940215,0.984375,0.12626611320828154,route/default: outer_bottom_mid_to_bottom_left_mid_reverse,,,,camera_sign_speed_limit,camera_sign_speed_limit,False,False,0.0,0.28,red,red,red,89.30317675474782,219.8,0.0,91.92380139199095,219.8029990659728,-0.0009094947021753554
195.2851002309999,194642000000,outer_bottom_mid_to_bottom_left_mid_reverse,0.12430410890875954,0.984375,0.12627719000254936,route/default: outer_bottom_mid_to_bottom_left_mid_reverse,,,,camera_sign_speed_limit,camera_sign_speed_limit,False,False,0.0,0.28,red,red,red,89.30364198010707,219.8,0.0,91.92385006753693,219.8030006529321,-0.0009090323519389808
195.3862251800001,194742000000,outer_bottom_mid_to_bottom_left_mid_reverse,0.12431483072337547,0.984375,0.1262880820046989,route/default: outer_bottom_mid_to_bottom_left_mid_reverse,,,,camera_sign_speed_limit,camera_sign_speed_limit,False,False,0.0,0.28,red,red,red,89.30409944419736,219.8,0.0,91.92389947768274,219.80300194947165,-0.0009086613187697077
195.49726229399948,194842000000,outer_bottom_mid_to_bottom_left_mid_reverse,0.12432558472140492,0.984375,0.12629900670110977,route/default: outer_bottom_mid_to_bottom_left_mid_reverse,,,,camera_sign_speed_limit,camera_sign_speed_limit,False,False,0.0,0.28,red,red,red,89.30455828144662,219.8,0.0,91.92395963687812,219.80300316356738,-0.0009083179237691968
195.58789393400002,194945000000,outer_bottom_mid_to_bottom_left_mid_reverse,0.1243366809139755,0.984375,0.12631027902372113,route/default: outer_bottom_mid_to_bottom_left_mid_reverse,,,,camera_sign_speed_limit,camera_sign_speed_limit,False,False,0.0,0.28,red,red,red,89.30503171899629,219.8,0.0,91.92400019573242,219.80300380352753,-0.0009081383608252653
195.78833236399987,195143000000,outer_bottom_mid_to_bottom_left_mid_reverse,0.12434833691281759,0.984375,0.12632212003841786,route/default: outer_bottom_mid_to_bottom_left_mid_reverse,,,,camera_sign_speed_limit,camera_sign_speed_limit,False,False,0.0,0.28,red,red,red,89.30552904161354,219.8,0.0,91.92409867656022,219.80300877746947,-0.0009073628064252705
195.99586524000006,195345000000,outer_bottom_mid_to_bottom_left_mid_reverse,0.12435034048534845,0.984375,0.1263241554136873,route/default: outer_bottom_mid_to_bottom_left_mid_reverse,,,,camera_sign_speed_limit,camera_sign_speed_limit,False,False,0.0,0.28,red,red,red,89.30561452737487,219.8,0.0,91.9241876926167,219.80301576433413,-0.0009054634751814504
196.18978881800012,195545000000,outer_bottom_mid_to_bottom_left_mid_reverse,0.12435232732692676,0.984375,0.12632617379243355,route/default: outer_bottom_mid_to_bottom_left_mid_reverse,,,,camera_sign_speed_limit,camera_sign_speed_limit,False,False,0.0,0.28,red,red,red,89.30569929928221,219.8,0.0,91.92428002431285,219.8030211347292,-0.0009039518584792549
196.2903153540001,195645000000,outer_bottom_mid_to_bottom_left_mid_reverse,0.12435332161746739,0.984375,0.1263271838653637,route/default: outer_bottom_mid_to_bottom_left_mid_reverse,,,,camera_sign_speed_limit,camera_sign_speed_limit,False,False,0.0,0.28,red,red,red,89.30574172234527,219.8,0.0,91.92432717101036,219.803023373286,-0.0009033068741236705
196.39075239399972,195746000000,outer_bottom_mid_to_bottom_left_mid_reverse,0.12435432519634025,0.984375,0.12632820337405995,route/default: outer_bottom_mid_to_bottom_left_mid_reverse,,,,camera_sign_speed_limit,camera_sign_speed_limit,False,False,0.0,0.28,red,red,red,89.30578454171052,219.8,0.0,91.92437474711204,219.80302540556562,-0.0009027042217318503
196.59189419599988,195946000000,outer_bottom_mid_to_bottom_left_mid_reverse,0.12435631213538008,0.984375,0.1263302218518147,route/default: outer_bottom_mid_to_bottom_left_mid_reverse,,,,camera_sign_speed_limit,camera_sign_speed_limit,False,False,0.0,0.28,red,red,red,89.30586931777623,219.8,0.0,91.92447156956108,219.80302879559622,-0.0009017110242204457
196.69428205199983,196047000000,outer_bottom_mid_to_bottom_left_mid_reverse,0.12435731618604708,0.984375,0.12633124183979386,route/default: outer_bottom_mid_to_bottom_left_mid_reverse,,,,camera_sign_speed_limit,camera_sign_speed_limit,False,False,0.0,0.28,green,red,red,89.30591215727134,219.8,0.0,91.92452106058246,219.8030300585774,-0.0009013497737280566
196.79339657399942,196149000000,outer_bottom_mid_to_bottom_left_mid_reverse,0.12435833069467632,0.984375,0.12633227245173467,route/default: outer_bottom_mid_to_bottom_left_mid_reverse,,,,camera_sign_speed_limit,camera_sign_speed_limit,False,False,0.28,0.28,green,green,green,89.30595544297285,219.8,0.0,91.92457120384381,219.80303106492096,-0.0009010649459237756
196.99647106300017,196344000000,outer_bottom_mid_to_bottom_left_mid_reverse,0.17891296590753789,0.984375,0.18175285425527657,route/default: outer_bottom_mid_to_bottom_left_mid_reverse,,,,camera_sign_speed_limit,camera_sign_speed_limit,False,False,0.28,0.28,green,green,green,91.63361987872162,219.8,0.0,93.77112008159527,219.80580118639995,-0.0007206549073838816
197.09608308099996,196446000000,outer_bottom_mid_to_bottom_left_mid_reverse,0.20745025746832574,0.984375,0.2107431186979817,route/default: outer_bottom_mid_to_bottom_left_mid_reverse,,,,camera_sign_speed_limit,camera_sign_speed_limit,False,False,0.28,0.28,green,green,green,92.85121098531522,219.8,0.0,94.96481012957221,219.80761961354995,-0.0003838126815213331
197.19634140699964,196549000000,outer_bottom_mid_to_bottom_left_mid_reverse,0.23627068160994388,0.984375,0.2400210098894668,route/default: outer_bottom_mid_to_bottom_left_mid_reverse,,,,camera_sign_speed_limit,camera_sign_speed_limit,False,False,0.28,0.28,green,green,green,94.0808824153576,219.8,0.0,96.15863788810249,219.80885268450362,-0.00011136790293196962
197.30583835299967,196650000000,outer_bottom_mid_to_bottom_left_mid_reverse,0.26453453800525195,0.984375,0.26873349892597026,route/default: outer_bottom_mid_to_bottom_left_mid_reverse,,,,camera_sign_speed_limit,camera_sign_speed_limit,False,False,0.28,0.28,green,green,green,95.28680695489075,219.8,0.0,97.35259733776432,219.8095811679279,9.771419426244691e-05
197.397272487,196750000000,outer_bottom_mid_to_bottom_left_mid_reverse,0.2925213062523508,0.984375,0.2971645015896897,route/default: outer_bottom_mid_to_bottom_left_mid_reverse,,,,camera_sign_speed_limit,camera_sign_speed_limit,False,False,0.28,0.28,green,green,green,96.48090906676697,219.8,0.0,98.5466524841746,219.80991188842012,0.0002557243801686722
197.6045931939998,196949000000,outer_bottom_mid_to_bottom_left_mid_reverse,0.3482209438055971,0.984375,0.3537482603739399,route/default: outer_bottom_mid_to_bottom_left_mid_reverse,,,,camera_sign_speed_limit,camera_sign_speed_limit,False,False,0.28,0.28,green,green,green,98.85742693570548,219.8,0.0,101.17393685675955,219.80956738618613,0.0004073164901847535
197.69828215500002,197055000000,outer_bottom_mid_to_bottom_left_mid_reverse,0.3778914191110201,0.984375,0.3838896956048458,route/default: outer_bottom_mid_to_bottom_left_mid_reverse,,,,camera_sign_speed_limit,camera_sign_speed_limit,False,False,0.28,0.28,green,green,green,100.12336721540352,219.8,0.0,102.36821768722059,219.80929156034045,0.00047547062381431913
197.9003170699998,197249000000,outer_bottom_mid_to_bottom_left_mid_reverse,0.4322114191110201,0.984375,0.43907191782706806,route/default: outer_bottom_mid_to_bottom_left_mid_reverse,,,,camera_sign_speed_limit,camera_sign_speed_limit,False,False,0.28,0.28,green,red,red,102.44102054873686,219.8,0.0,104.51800957759632,219.80866922332126,0.000631120737012148
198.00716127099986,197355000000,outer_bottom_mid_to_bottom_left_mid_reverse,0.4618914191110201,0.984375,0.46922302893817913,route/default: outer_bottom_mid_to_bottom_left_mid_reverse,,,,camera_sign_speed_limit,camera_sign_speed_limit,False,False,0.28,0.28,green,red,red,103.70736721540352,219.8,0.0,105.95129584509903,219.80804571276906,0.0007327496849283406
198.20252200399955,197551000000,outer_bottom_mid_to_bottom_left_mid_reverse,0.5167617161082814,0.984375,0.524964283030635,route/default: outer_bottom_mid_to_bottom_left_mid_reverse,,,,camera_sign_speed_limit,camera_sign_speed_limit,False,False,0.28,0.28,green,,,106.04849988728667,219.8,0.0,108.10104898097968,219.8067788638475,0.0008866479169999755
198.30576091799958,197653000000,outer_bottom_mid_to_bottom_left_mid_reverse,0.5452951930585448,0.984375,0.5539506723134423,route/default: outer_bottom_mid_to_bottom_left_mid_reverse,,,,camera_sign_speed_limit,camera_sign_speed_limit,False,False,0.28,0.28,green,,,107.26592823716457,219.8,0.0,109.53326699228322,219.8058167509716,0.0009873963804500716
198.4100804689997,197753000000,outer_bottom_mid_to_bottom_left_mid_reverse,0.5732723418753295,0.984375,0.5823719028574775,route/default: outer_bottom_mid_to_bottom_left_mid_reverse,,,,camera_sign_speed_limit,camera_sign_speed_limit,False,False,0.28,0.28,green,,,108.45961992001406,219.8,0.0,110.7266424833399,219.80492091546233,0.0011335172610863818
198.50320193300013,197855000000,outer_bottom_mid_to_bottom_left_mid_reverse,0.6018199763025298,0.984375,0.6113726743390779,route/default: outer_bottom_mid_to_bottom_left_mid_reverse,,,,camera_sign_speed_limit,camera_sign_speed_limit,False,False,0.28,0.28,green,,,109.67765232224127,219.8,0.0,111.92009009540956,219.8039984554648,0.0013405137132362261
198.60393545899933,197956000000,outer_bottom_mid_to_bottom_left_mid_reverse,0.630085235230004,0.984375,0.6400865881701628,route/default: outer_bottom_mid_to_bottom_left_mid_reverse,,,,camera_sign_speed_limit,camera_sign_speed_limit,False,False,0.28,0.28,green,,,110.88363670314683,219.8,0.0,113.11337277461587,219.80291426999406,0.0015630519486683127
198.70810307099964,198056000000,outer_bottom_mid_to_bottom_left_mid_reverse,0.6580677950833641,0.984375,0.6685133156402429,route/default: outer_bottom_mid_to_bottom_left_mid_reverse,,,,camera_sign_speed_limit,camera_sign_speed_limit,False,False,0.28,0.28,green,,,112.0775592568902,219.8,0.0,114.30647780404459,219.80133948571273,0.0017103569928185198
198.80480502299997,198156000000,outer_bottom_mid_to_bottom_left_mid_reverse,0.6860458638031328,0.984375,0.6969354806888969,route/default: outer_bottom_mid_to_bottom_left_mid_reverse,,,,camera_sign_speed_limit,camera_sign_speed_limit,False,False,0.28,0.28,green,,,113.27129018893366,219.8,0.0,115.49940561766924,219.79930115856519,0.0017560836278490027
199.01149399899987,198353000000,outer_bottom_mid_to_bottom_left_mid_reverse,0.7411535029987446,0.984375,0.752917844316185,route/default: outer_bottom_mid_to_bottom_left_mid_reverse,,,,camera_sign_speed_limit,camera_sign_speed_limit,False,False,0.28,0.28,green,,,115.62254946127977,219.8,0.0,117.88482306638316,219.79461333101995,0.0016237243519342818
199.10505613299938,198455000000,outer_bottom_mid_to_bottom_left_mid_reverse,0.7696834696655537,0.984375,0.7819006675967529,route/default: outer_bottom_mid_to_bottom_left_mid_reverse,,,,camera_sign_speed_limit,camera_sign_speed_limit,False,False,0.28,0.28,green,,,116.83982803906362,219.8,0.0,119.0773944377932,219.79222084274505,0.0014831763674403586
199.20578452900008,198556000000,outer_bottom_mid_to_bottom_left_mid_reverse,0.797932684194591,0.984375,0.8105982823564098,route/default: outer_bottom_mid_to_bottom_left_mid_reverse,,,,camera_sign_speed_limit,camera_sign_speed_limit,False,False,0.28,0.28,green,,,118.04512785896921,219.8,0.0,120.26991549032607,219.7899030562511,0.0013168085011441553
199.3109321080001,198657000000,outer_bottom_mid_to_bottom_left_mid_reverse,0.8261812130797018,0.984375,0.8392952005889034,route/default: outer_bottom_mid_to_bottom_left_mid_reverse,,,,camera_sign_speed_limit,camera_sign_speed_limit,False,False,0.28,0.28,green,,,119.25039842473394,219.8,0.0,121.4624077479374,219.78771474552502,0.0011375935900074944
199.5137157019999,198856000000,outer_bottom_mid_to_bottom_left_mid_reverse,0.8818381576088671,0.984375,0.8958355886820237,route/default: outer_bottom_mid_to_bottom_left_mid_reverse,,,,camera_sign_speed_limit,camera_sign_speed_limit,False,False,0.28,0.28,green,,,121.625094724645,219.8,0.0,123.8473539164938,219.78395150007412,0.0007753397191794358
199.61486846199932,198957000000,outer_bottom_mid_to_bottom_left_mid_reverse,0.910086635384536,0.984375,0.9245324549938144,route/default: outer_bottom_mid_to_bottom_left_mid_reverse,,,,camera_sign_speed_limit,camera_sign_speed_limit,False,False,0.28,0.28,green,,,122.8303631097402,219.8,0.0,125.03983723862771,219.78245594399937,0.0006025128083358211
199.71030533700014,199058000000,outer_bottom_mid_to_bottom_left_mid_reverse,0.9383359440060092,0.984375,0.9532301653394379,route/default: outer_bottom_mid_to_bottom_left_mid_reverse,,,,camera_sign_speed_limit,camera_sign_speed_limit,False,False,0.28,0.28,green,,,124.03566694425639,219.8,0.0,126.23235216007919,219.78122783218083,0.0004414822812965497
199.81094240899984,199158000000,outer_bottom_mid_to_bottom_left_mid_reverse,0.9663063930592636,0.984375,0.98164458977449,route/default: outer_bottom_mid_to_bottom_left_mid_reverse,,,,camera_sign_speed_limit,camera_sign_speed_limit,False,False,0.28,0.28,green,,,125.22907277052857,219.8,0.0,127.42490135774733,219.78024746420084,0.00029892032513928967
199.91222696499972,199261000000,outer_bottom_right_mid_to_bottom_mid_reverse,0.010741677346346325,0.984375,0.010912180161367696,route/default: outer_bottom_right_mid_to_bottom_mid_reverse,,,,camera_sign_speed_limit,camera_sign_speed_limit,False,False,0.28,0.28,green,,,126.45831156677744,219.8,0.0,128.61748246517644,219.7794757086824,0.00017826796923786945
200.01204707599936,199362000000,outer_bottom_right_mid_to_bottom_mid_reverse,0.038993021314031366,0.984375,0.03961195816028583,route/default: outer_bottom_right_mid_to_bottom_mid_reverse,,,,camera_sign_speed_limit,camera_sign_speed_limit,False,False,0.28,0.28,green,,,127.663702242732,219.8,0.0,129.81009069636346,219.77888870248069,8.205194907715084e-05
200.21326134799983,199562000000,outer_bottom_right_mid_to_bottom_mid_reverse,0.09493615867617342,0.984375,0.09644308182976347,route/default: outer_bottom_right_mid_to_bottom_mid_reverse,,,,camera_sign_speed_limit,camera_sign_speed_limit,False,False,0.28,0.28,green,,,130.05060943685007,219.8,0.0,132.19532759143144,219.7782301977344,-4.411401258799877e-05
200.31325242000003,199664000000,outer_bottom_right_mid_to_bottom_mid_reverse,0.12346719370469511,0.984375,0.12542699043016647,route/default: outer_bottom_right_mid_to_bottom_mid_reverse,,,,camera_sign_speed_limit,camera_sign_speed_limit,False,False,0.28,0.28,green,,,131.267933598067,219.8,0.0,133.3879450983494,219.77811727027142,-8.459784159898472e-05
200.51484420499946,199860000000,outer_bottom_right_mid_to_bottom_mid_reverse,0.17829269031549072,0.984375,0.18112273301891121,route/default: outer_bottom_right_mid_to_bottom_mid_reverse,,,,camera_sign_speed_limit,camera_sign_speed_limit,False,False,0.28,0.28,green,,,133.60715478679427,219.8,0.0,135.7732676930052,219.7780276817532,-0.00016962603660481876
200.61472499199954,199963000000,outer_bottom_right_mid_to_bottom_mid_reverse,0.20710460463385763,0.984375,0.21039197931058554,route/default: outer_bottom_right_mid_to_bottom_mid_reverse,,,,camera_sign_speed_limit,camera_sign_speed_limit,False,False,0.28,0.28,green,,,134.83646313104458,219.8,0.0,136.96597845546532,219.77800954024923,-0.00021155490774941996
200.71512991100008,200063000000,outer_bottom_right_mid_to_bottom_mid_reverse,0.23507758989276709,0.984375,0.23880898020852528,route/default: outer_bottom_right_mid_to_bottom_mid_reverse,,,,camera_sign_speed_limit,camera_sign_speed_limit,False,False,0.28,0.28,green,,,136.02997716875805,219.8,0.0,138.15872769451548,219.77800197049208,-0.00025172184751425674
200.81575412099937,200165000000,outer_bottom_right_mid_to_bottom_mid_reverse,0.26361003627806656,0.984375,0.2677943225681946,route/default: outer_bottom_right_mid_to_bottom_mid_reverse,,,,camera_sign_speed_limit,camera_sign_speed_limit,False,False,0.28,0.28,green,,,137.24736154786416,219.8,0.0,139.35150842037203,219.7780194639032,-0.0002928005384430135
200.91635545499958,200267000000,outer_bottom_right_mid_to_bottom_mid_reverse,0.2921428018281165,0.984375,0.29677998915872156,route/default: outer_bottom_right_mid_to_bottom_mid_reverse,,,,camera_sign_speed_limit,camera_sign_speed_limit,False,False,0.28,0.28,green,,,138.4647595446663,219.8,0.0,140.544325371825,219.77808222572014,-0.0003371739261361543
201.1169266299994,200465000000,outer_bottom_right_mid_to_bottom_mid_reverse,0.34753186968321303,0.984375,0.35304824856707356,route/default: outer_bottom_right_mid_to_bottom_mid_reverse,,,,camera_sign_speed_limit,camera_sign_speed_limit,False,False,0.28,0.28,green,green,green,140.82802643981708,219.8,0.0,142.9301176713961,219.7783663277769,-0.0004357143977240621
201.3184604829994,200666000000,outer_bottom_right_mid_to_bottom_mid_reverse,0.4037630990025865,0.984375,0.4101720370819926,route/default: outer_bottom_right_mid_to_bottom_mid_reverse,,,,camera_sign_speed_limit,camera_sign_speed_limit,False,False,0.28,0.28,green,yellow,yellow,143.2272255574437,219.8,0.0,145.31615234283626,219.77876054078604,-0.0005343785199370392
201.52407394500005,200868000000,outer_bottom_right_mid_to_bottom_mid_reverse,0.46023059233710334,0.984375,0.4675358398345177,route/default: outer_bottom_right_mid_to_bottom_mid_reverse,,,,camera_sign_speed_limit,camera_sign_speed_limit,False,False,0.28,0.28,green,yellow,yellow,145.63650527304975,219.8,0.0,147.9409904061062,219.7792150175157,-0.0007210239386218238
201.7217205500001,201067000000,outer_bottom_right_mid_to_bottom_mid_reverse,0.5159030662154581,0.984375,0.5240920037744337,route/default: outer_bottom_right_mid_to_bottom_mid_reverse,,,,camera_sign_speed_limit,camera_sign_speed_limit,False,False,0.28,0.28,yellow,green,green,148.0118641585262,219.8,0.0,150.08866367247327,219.7799357390585,-0.001043413081487479
201.92075033799938,201266000000,outer_bottom_right_mid_to_bottom_mid_reverse,0.5716007856965392,0.984375,0.5806738140409287,route/default: outer_bottom_right_mid_to_bottom_mid_reverse,,,,camera_sign_speed_limit,camera_sign_speed_limit,False,False,0.28,0.28,yellow,green,green,150.38830018971902,219.8,0.0,152.47622883164814,219.78137940642227,-0.0014030569477569456
202.02132508799968,201368000000,outer_bottom_right_mid_to_bottom_mid_reverse,0.6001502061166888,0.984375,0.6096763998645728,route/default: outer_bottom_right_mid_to_bottom_mid_reverse,,,,camera_sign_speed_limit,camera_sign_speed_limit,False,False,0.28,0.28,yellow,green,green,151.60640879431205,219.8,0.0,153.67051032371995,219.7826309413029,-0.0015488870563733453
202.1224605589996,201469000000,outer_bottom_right_mid_to_bottom_mid_reverse,0.6284186131332322,0.984375,0.6383935117543946,route/default: outer_bottom_right_mid_to_bottom_mid_reverse,,,,camera_sign_speed_limit,camera_sign_speed_limit,False,False,0.28,0.28,yellow,green,green,152.81252749368457,219.8,0.0,154.86453161783362,219.78394558507227,-0.0017389562629319126
202.32202401799987,201666000000,outer_bottom_right_mid_to_bottom_mid_reverse,0.6835350627898549,0.984375,0.6943848256912811,route/default: outer_bottom_right_mid_to_bottom_mid_reverse,,,,camera_sign_speed_limit,camera_sign_speed_limit,False,False,0.28,0.28,yellow,green,green,155.1641626790338,219.8,0.0,157.25193874861412,219.78779790395402,-0.0018597121862763083
202.43094308499985,201769000000,outer_bottom_right_mid_to_bottom_mid_reverse,0.712369632126666,0.984375,0.7236770866048671,route/default: outer_bottom_right_mid_to_bottom_mid_reverse,,,,camera_sign_speed_limit,camera_sign_speed_limit,False,False,0.28,0.28,yellow,green,green,156.39443763740442,219.8,0.0,158.68480764013142,219.7905662543099,-0.001707497110944124
202.5243774089995,201872000000,outer_bottom_right_mid_to_bottom_mid_reverse,0.741193230431529,0.984375,0.7529582023431405,route/default: outer_bottom_right_mid_to_bottom_mid_reverse,,,,camera_sign_speed_limit,camera_sign_speed_limit,False,False,0.28,0.28,yellow,green,green,157.6242444984119,219.8,0.0,159.87877770609964,219.7928106095281,-0.0015514420955658342
202.7277960370002,202072000000,outer_bottom_right_mid_to_bottom_mid_reverse,0.7971611921112518,0.984375,0.809814544366986,route/default: outer_bottom_right_mid_to_bottom_mid_reverse,,,,camera_sign_speed_limit,camera_sign_speed_limit,False,False,0.28,0.28,red,yellow,yellow,160.0122108634134,219.8,0.0,162.26616332340552,219.79674690973843,-0.0012646150812209095
202.92599018300007,202275000000,outer_bottom_right_mid_to_bottom_mid_reverse,0.8539814988574467,0.984375,0.8675367607440728,route/default: outer_bottom_right_mid_to_bottom_mid_reverse,,,,camera_sign_speed_limit,camera_sign_speed_limit,False,False,0.28,0.28,red,,,162.43654395125105,219.8,0.0,164.6525421190931,219.80008539247268,-0.0010438326009835847
203.12626008000007,202474000000,outer_bottom_right_mid_to_bottom_mid_reverse,0.9096727046915365,0.984375,0.9241119539723546,route/default: outer_bottom_right_mid_to_bottom_mid_reverse,right,camera_sign_turn_right,,camera_sign_turn_right,camera_sign_turn_right,False,False,0.28,0.28,red,,,164.81270206683888,219.8,0.0,167.04000604511901,219.8030431468962,-0.0006568482590200787
203.22765892699954,202576000000,outer_bottom_right_mid_to_bottom_mid_reverse,0.9382233796861534,0.984375,0.9531158142843463,route/default: outer_bottom_right_mid_to_bottom_mid_reverse,right,camera_sign_turn_right,,camera_sign_turn_right,camera_sign_turn_right,False,False,0.28,0.28,red,,,166.03086419994256,219.8,0.0,168.233904106639,219.80408948718423,-0.000478530673462958
203.32866161899983,202676000000,outer_bottom_right_mid_to_bottom_mid_reverse,0.966209305791903,0.984375,0.9815459614393935,route/default: outer_bottom_right_mid_to_bottom_mid_reverse,right,camera_sign_turn_right,,camera_sign_turn_right,camera_sign_turn_right,False,False,0.28,0.28,red,,,167.22493038045454,219.8,0.0,169.42782081406824,219.80487726509932,-0.0003114551411207114
203.4287558169999,202773000000,outer_bottom_right_to_bottom_right_mid_reverse,0.00899381106467681,0.8671875,0.01037124158809578,route/default: outer_bottom_right_to_bottom_right_mid_reverse,right,camera_sign_turn_right,,camera_sign_turn_right,camera_sign_turn_right,False,False,0.28,0.28,red,,,168.38373593875954,219.8,0.0,170.62141341032736,219.80536383017005,-0.0002110015010095475
203.52855274499962,202873000000,outer_bottom_right_to_bottom_right_mid_reverse,0.036912319518710754,0.8671875,0.042565557643197985,route/default: outer_bottom_right_to_bottom_right_mid_reverse,right,camera_sign_turn_right,,camera_sign_turn_right,camera_sign_turn_right,False,False,0.28,0.28,red,,,169.57492563279834,219.8,0.0,171.8146751877241,219.80567345606624,-0.00014623518106566646
203.62902721599949,202976000000,outer_bottom_right_to_bottom_right_mid_reverse,0.06573978613367526,0.8671875,0.07580804166766156,route/default: outer_bottom_right_to_bottom_right_mid_reverse,right,camera_sign_turn_right,,camera_sign_turn_right,camera_sign_turn_right,False,False,0.28,0.28,red,,,170.80489754170347,219.8,0.0,173.00819360722738,219.80586123866033,-9.250232943223936e-05
203.735143934,203076000000,outer_bottom_right_to_bottom_right_mid_reverse,0.09373978613367526,0.8671875,0.10809632995594985,route/default: outer_bottom_right_to_bottom_right_mid_reverse,right,camera_sign_turn_right,,camera_sign_turn_right,camera_sign_turn_right,False,False,0.28,0.28,red,,,171.99956420837015,219.8,0.0,174.2019317399463,219.80607501447344,-7.296954828684465e-06
203.92968878400006,203274000000,outer_bottom_right_to_bottom_right_mid_reverse,0.1491218303045572,0.8671875,0.17196030881966956,route/default: outer_bottom_right_to_bottom_right_mid_reverse,right,camera_sign_turn_right,,camera_sign_turn_right,camera_sign_turn_right,False,False,0.28,0.28,red,,,174.36253142632776,219.8,0.0,176.58919802727442,219.806014596103,0.0001187512776036479
204.03015253099966,203376000000,outer_bottom_right_to_bottom_right_mid_reverse,0.17767471091301568,0.8671875,0.20488615312491898,route/default: outer_bottom_right_to_bottom_right_mid_reverse,right,camera_sign_turn_right,,camera_sign_turn_right,camera_sign_turn_right,False,False,0.28,0.28,red,,,175.580787665622,219.8,0.0,177.78297949677346,219.80587129021484,0.00017898188578380496
204.23161307400005,203574000000,outer_bottom_right_to_bottom_right_mid_reverse,0.23309035088653812,0.8671875,0.2687888730943863,route/default: outer_bottom_right_to_bottom_right_mid_reverse,right,camera_sign_turn_right,,camera_sign_turn_right,camera_sign_turn_right,False,False,0.28,0.28,red,,,177.9451883044923,219.8,0.0,180.17108157109723,219.805457262385,0.00031443951825926744
204.3319124239997,203674000000,outer_bottom_right_to_bottom_right_mid_reverse,0.2610852017925682,0.8671875,0.3010712236887273,route/default: outer_bottom_right_to_bottom_right_mid_reverse,right,camera_sign_turn_right,,camera_sign_turn_right,camera_sign_turn_right,False,False,0.28,0.28,red,,,179.13963527648292,219.8,0.0,181.3654556160916,219.80523195065228,0.00036621235190101206
204.43887882199942,203776000000,outer_bottom_right_to_bottom_right_mid_reverse,0.28964193632283514,0.8671875,0.33400151215606216,route/default: outer_bottom_right_to_bottom_right_mid_reverse,right,camera_sign_turn_right,,camera_sign_turn_right,camera_sign_turn_right,False,False,0.28,0.28,red,,,180.3580559497743,219.8,0.0,182.55989047621853,219.80493041658332,0.00041290184661841743
204.5337631530001,203877000000,outer_bottom_right_to_bottom_right_mid_reverse,0.3178913141856765,0.8671875,0.36657737131321255,route/default: outer_bottom_right_to_bottom_right_mid_reverse,right,camera_sign_turn_right,,camera_sign_turn_right,camera_sign_turn_right,False,False,0.28,0.28,red,,,181.56336273858886,219.8,0.0,183.75431307897037,219.80454642746804,0.00046922009016096686
204.73361487500006,204079000000,outer_bottom_right_to_bottom_right_mid_reverse,0.37444340825310557,0.8671875,0.43179059690448207,route/default: outer_bottom_right_to_bottom_right_mid_reverse,right,camera_sign_turn_right,,camera_sign_turn_right,camera_sign_turn_right,False,False,0.28,0.28,red,,,183.97625208546583,219.8,0.0,186.1423352070507,219.80350182950582,0.0006525773773807093
204.8368124389999,204180000000,outer_bottom_right_to_bottom_right_mid_reverse,0.40271778704136024,0.8671875,0.4643952859576046,route/default: outer_bottom_right_to_bottom_right_mid_reverse,right,camera_sign_turn_right,,camera_sign_turn_right,camera_sign_turn_right,False,False,0.28,0.28,red,,,185.18262558043136,219.8,0.0,187.33625261219464,219.80284294964082,0.0007519134107898365
205.03641176699966,204381000000,outer_bottom_right_to_bottom_right_mid_reverse,0.4589042692330738,0.8671875,0.5291869050615626,route/default: outer_bottom_right_to_bottom_right_mid_reverse,right,camera_sign_turn_right,,camera_sign_turn_right,camera_sign_turn_right,False,False,0.28,0.28,red,,,187.57991548727782,219.8,0.0,189.72281184588925,219.80114521898128,0.0008451958629338283
205.23643144400012,204582000000,outer_bottom_right_to_bottom_right_mid_reverse,0.5151688226120189,0.8671875,0.594068552201247,route/default: outer_bottom_right_to_bottom_right_mid_reverse,right,camera_sign_turn_right,,camera_sign_turn_right,camera_sign_turn_right,False,False,0.28,0.28,red,,,189.98053643144615,219.8,0.0,192.11123877222374,219.79911208646416,0.0008527416139505591
205.4358386569993,204773000000,outer_bottom_right_to_bottom_right_mid_reverse,0.5686174734813862,0.8671875,0.65570303248304,route/default: outer_bottom_right_to_bottom_right_mid_reverse,right,camera_sign_turn_right,,camera_sign_turn_right,camera_sign_turn_right,False,False,0.28,0.28,red,,,192.26101220187246,219.8,0.0,194.49773033643112,219.79750972642643,0.0011838907856413182
205.6379287589998,204972000000,outer_bottom_right_to_bottom_right_mid_reverse,0.624296341126341,0.8671875,0.7199092942718167,route/default: outer_bottom_right_to_bottom_right_mid_reverse,right,camera_sign_turn_right,,camera_sign_turn_right,camera_sign_turn_right,False,False,0.28,0.28,red,,,194.63664388805722,219.8,0.0,196.64505954054795,219.79506591049784,0.001326216345548724
205.73790553799972,205072000000,outer_bottom_right_to_bottom_right_mid_reverse,0.6522721301798824,0.8671875,0.7521696636308554,route/default: outer_bottom_right_to_bottom_right_mid_reverse,right,camera_sign_turn_right,,camera_sign_turn_right,camera_sign_turn_right,False,False,0.28,0.28,red,,,195.83027755434165,219.8,0.0,198.076445800337,219.79304812032615,0.0013164117615108032
205.83768750699983,205173000000,outer_bottom_right_to_bottom_right_mid_reverse,0.6805250610645495,0.8671875,0.7847496199663273,route/default: outer_bottom_right_to_bottom_right_mid_reverse,right,camera_sign_turn_right,,camera_sign_turn_right,camera_sign_turn_right,False,False,0.28,0.28,red,,,197.0357359387541,219.8,0.0,199.26913965385938,219.79120050690915,0.0012387416238670613
205.93822215699947,205277000000,outer_bottom_right_to_bottom_right_mid_reverse,0.7096158820682819,0.8671875,0.8182957919345953,route/default: outer_bottom_right_to_bottom_right_mid_reverse,right,camera_sign_turn_right,,camera_sign_turn_right,camera_sign_turn_right,False,False,0.28,0.28,red,,,198.27694430158004,219.8,0.0,200.46176741399807,219.7893336238713,0.0011260831715452601
206.14115535899964,205477000000,outer_bottom_right_to_bottom_right_mid_reverse,0.7655573983131909,0.8671875,0.8828049277845805,route/default: outer_bottom_right_to_bottom_right_mid_reverse,right,camera_sign_turn_right,,camera_sign_turn_right,camera_sign_turn_right,False,False,0.28,0.28,red,,,200.66378232802947,219.8,0.0,202.84692410978988,219.78581401052162,0.0008574079982568745
206.2413241180002,205582000000,outer_bottom_right_to_bottom_right_mid_reverse,0.7949258922161448,0.8671875,0.916671299132131,route/default: outer_bottom_right_to_bottom_right_mid_reverse,right,camera_sign_turn_right,,camera_sign_turn_right,camera_sign_turn_right,False,False,0.28,0.28,red,,,201.91683806788885,219.8,0.0,204.03947179550707,219.78427401539523,0.0007165238138245753
206.4433736259998,205782000000,outer_bottom_right_to_bottom_right_mid_reverse,0.8508668758529946,0.8671875,0.9811798208034532,route/default: outer_bottom_right_to_bottom_right_mid_reverse,right,camera_sign_turn_right,,camera_sign_turn_right,camera_sign_turn_right,False,False,0.28,0.28,red,,,204.30365336972778,219.8,0.0,206.4245878071422,219.78181409599108,0.000444949809771866
206.54292704599993,205878000000,outer_bottom_right_corner_reverse,0.010531793590542831,0.3944162607362388,0.02670222969733452,route/default: outer_bottom_right_corner_reverse,right,camera_sign_turn_right,,camera_sign_turn_right,camera_sign_turn_right,False,False,0.28,0.28,red,,,205.4493565265298,219.8,0.013853295652172143,207.61717486601822,219.78089357706608,0.0003238968767218003
206.64286113799972,205980000000,outer_bottom_right_corner_reverse,0.037883896488484066,0.3944162607362388,0.0960505442087198,route/default: outer_bottom_right_corner_reverse,right,camera_sign_turn_right,,camera_sign_turn_right,camera_sign_turn_right,False,False,0.28,0.28,red,,,206.61637958350866,219.8,0.08068993015765812,208.77272763243377,219.82981843176617,0.016907799595163312
206.84901919000004,206178000000,outer_bottom_right_corner_reverse,0.08812724869051605,0.3944162607362388,0.2234371588179781,route/default: outer_bottom_right_corner_reverse,right,camera_sign_turn_right,,camera_sign_turn_right,camera_sign_turn_right,False,False,0.28,0.28,red,,,208.7600959441287,219.8,0.16553371520442514,210.9575046265249,219.99321806536557,0.1006647450997249
206.94664891199955,206280000000,outer_bottom_right_corner_reverse,0.11344184215886807,0.3944162607362388,0.2876195873545157,route/default: outer_bottom_right_corner_reverse,right,camera_sign_turn_right,,camera_sign_turn_right,camera_sign_turn_right,False,False,0.28,0.28,red,,,209.84018526544503,219.8,0.24614696100289551,212.02773799568507,220.0353410560934,0.15245578840901058
207.14554198099995,206478000000,outer_bottom_right_corner_reverse,0.1595946859883568,0.3944162607362388,0.4046351580192173,route/default: outer_bottom_right_corner_reverse,right,camera_sign_turn_right,,camera_sign_turn_right,camera_sign_turn_right,False,False,0.28,0.28,red,,,211.80937326883657,219.8,0.4750557229547028,214.04399899333163,220.14778631258253,0.3175929498467074
207.24751169199953,206581000000,outer_bottom_right_corner_reverse,0.18241366734400954,0.3944162607362388,0.4624902305080077,route/default: outer_bottom_right_corner_reverse,right,camera_sign_turn_right,,camera_sign_turn_right,camera_sign_turn_right,False,False,0.28,0.28,red,,,212.78298314001108,219.8,0.6030246812988805,215.00030246217477,220.1905958802963,0.4331688971590746
207.34916991799946,206682000000,outer_bottom_right_corner_reverse,0.2044771024962362,0.3944162607362388,0.5184296968754487,route/default: outer_bottom_right_corner_reverse,right,camera_sign_turn_right,,camera_sign_turn_right,camera_sign_turn_right,False,False,0.28,0.28,red,green,green,213.72435637317272,219.8,0.7321591819311615,215.94613135357082,220.16493876445384,0.5601694429089416
207.4480640719994,206782000000,outer_bottom_right_corner_reverse,0.22633932243039512,0.3944162607362388,0.5738590037030873,route/default: outer_bottom_right_corner_reverse,right,camera_sign_turn_right,,camera_sign_turn_right,camera_sign_turn_right,False,False,0.28,0.28,red,green,green,214.65714442369688,219.8,0.8612871442198364,216.87647813072755,220.04445832241686,0.6919511128147534
207.5485942819996,206884000000,outer_bottom_right_corner_reverse,0.24896887953275612,0.3944162607362388,0.6312338113748589,route/default: outer_bottom_right_corner_reverse,right,camera_sign_turn_right,,camera_sign_turn_right,camera_sign_turn_right,False,False,0.28,0.28,red,green,green,215.6226721933976,219.8,0.9916817797438964,217.78010304440892,219.80644466147214,0.823528566208754
207.75660070399954,207085000000,outer_bottom_right_corner_reverse,0.2935507124029523,0.3944162607362388,0.744266252752852,route/default: outer_bottom_right_corner_reverse,right,camera_sign_turn_right,,camera_sign_speed_limit,camera_sign_turn_right,False,False,0.28,0.28,red,red,red,217.52483039585928,219.8,1.2246298667710376,219.59209146979202,218.78871444770635,1.0880871910274112
207.85089774100015,207185000000,outer_bottom_right_corner_reverse,0.31627933371877365,0.3944162607362388,0.8018922270810779,route/default: outer_bottom_right_corner_reverse,right,camera_sign_turn_right,,camera_sign_turn_right,camera_sign_turn_right,False,False,0.28,0.28,red,red,red,218.34972434043442,219.4502756595656,1.3075439961201818,220.15589901836432,218.2627761196244,1.1721445965925281
207.95048833999954,207288000000,outer_bottom_right_corner_reverse,0.33997522466888336,0.3944162607362388,0.8619706095135813,route/default: outer_bottom_right_corner_reverse,right,camera_sign_turn_right,,camera_sign_turn_right,camera_sign_turn_right,False,False,0.28,0.28,red,red,red,219.0646267479898,218.73537325201016,1.3704533174885247,220.7757793283485,217.49823760877575,1.2657266117438815
208.0563965829997,207389000000,outer_bottom_right_corner_reverse,0.3637205544208464,0.3944162607362388,0.9221743387098338,route/default: outer_bottom_right_corner_reverse,right,camera_sign_turn_right,,camera_sign_turn_right,camera_sign_turn_right,False,False,0.28,0.28,red,red,red,219.78102071872576,218.01897928127426,1.4318433683345095,221.39165992446277,216.4636573290785,1.3642011238093326
208.2583582239995,207588000000,outer_right_mid_to_lower_reverse,0.018382042097890534,1.289914491170345,0.014250589650491039,route/default: outer_right_mid_to_lower_reverse,right,camera_sign_turn_right,,camera_sign_turn_right,camera_sign_turn_right,False,False,0.28,0.28,red,red,red,221.02850117930097,217.016217569223,1.5344487057758749,222.09814509942277,214.49007466924724,1.4889205693829335
208.3531356829999,207689000000,outer_right_mid_to_lower_reverse,0.044030602614484673,1.289914491170345,0.03413451272613855,route/default: outer_right_mid_to_lower_reverse,right,camera_sign_turn_right,,camera_sign_turn_right,camera_sign_turn_right,False,False,0.28,0.28,red,red,red,221.06826902545225,215.92260180006235,1.5344487057758749,222.2747362292373,213.64068235936082,1.5248007873098541
208.5595137679993,207887000000,outer_right_mid_to_lower_reverse,0.09595154074955643,1.289914491170345,0.07438597008279144,route/default: outer_right_mid_to_lower_reverse,right,camera_sign_turn_right,,camera_sign_turn_right,camera_sign_turn_right,False,False,0.28,0.28,red,red,red,221.1487719401656,213.70877164544646,1.5344487057758764,222.52750794191917,211.19791574792458,1.592677490025647
208.660946082,207990000000,outer_right_mid_to_lower_reverse,0.12378907750637816,1.289914491170345,0.0959668864515692,route/default: outer_right_mid_to_lower_reverse,right,camera_sign_turn_right,,camera_sign_turn_right,camera_sign_turn_right,False,False,0.28,0.28,red,red,red,221.19193377290316,212.5218212451637,1.5344487057758764,222.5570504286352,210.05132832546474,1.61229368405346
208.75936201700006,208091000000,outer_right_mid_to_lower_reverse,0.15137154557255345,1.289914491170345,0.11735006204575109,route/default: outer_right_mid_to_lower_reverse,right,camera_sign_turn_right,,camera_sign_turn_right,camera_sign_turn_right,False,False,0.28,0.28,red,red,red,221.2347001240915,211.3457465874837,1.5344487057758764,222.54419757973864,208.8886247440016,1.6252014134105708
208.8560657629996,208192000000,outer_right_mid_to_lower_reverse,0.1791819259428471,1.289914491170345,0.13890992555659604,route/default: outer_right_mid_to_lower_reverse,right,camera_sign_turn_right,,camera_sign_turn_right,camera_sign_turn_right,False,False,0.28,0.28,red,red,red,221.27781985111318,210.15995409438722,1.5344487057758764,222.51041487542943,207.94980720065143,1.6312273888850068
208.95540879999953,208293000000,outer_right_mid_to_lower_reverse,0.20738583899944754,1.289914491170345,0.16077487338814642,route/default: outer_right_mid_to_lower_reverse,right,camera_sign_turn_right,,camera_sign_turn_right,camera_sign_turn_right,False,False,0.28,0.28,red,red,red,221.32154974677627,208.95738196365193,1.5344487057758764,222.43436590207932,206.5284862236329,1.6352647230878454
209.0565481349995,208393000000,outer_right_mid_to_lower_reverse,0.23517997799289206,1.289914491170345,0.1823221458497704,route/default: outer_right_mid_to_lower_reverse,right,camera_sign_turn_right,,camera_sign_turn_right,camera_sign_turn_right,False,False,0.28,0.28,red,red,red,221.36464429169956,207.77228197826264,1.5344487057758764,222.35255269408754,205.3435630958058,1.6335195349281026
209.25799254100002,208592000000,outer_right_mid_to_lower_reverse,0.2901646317975116,1.289914491170345,0.22494873403138838,route/default: outer_right_mid_to_lower_reverse,right,camera_sign_turn_right,,camera_sign_turn_right,camera_sign_turn_right,False,False,0.28,0.28,red,red,red,221.44989746806277,205.42781962827365,1.5344487057758749,222.17453963602844,202.99269301986567,1.6208119582454545
209.35777438199966,208694000000,outer_right_mid_to_lower_reverse,0.31821782320570935,1.289914491170345,0.2466968356305455,route/default: outer_right_mid_to_lower_reverse,right,camera_sign_turn_right,,camera_sign_turn_right,camera_sign_turn_right,False,False,0.28,0.28,red,red,red,221.49339367126112,204.23167404032,1.5344487057758764,222.09088080552164,201.82147505732462,1.6120210981213094
209.55912615099987,208894000000,outer_right_mid_to_lower_reverse,0.3731239664584638,1.289914491170345,0.2892625588847574,route/default: outer_right_mid_to_lower_reverse,right,camera_sign_turn_right,,camera_sign_turn_right,camera_sign_turn_right,False,False,0.28,0.28,red,red,red,221.57852511776952,201.89055926133835,1.5344487057758764,221.9487820375058,199.48142503026273,1.591816100483496
209.76035421699999,209098000000,outer_right_mid_to_lower_reverse,0.42915343371459386,1.289914491170345,0.3326991336652254,route/default: outer_right_mid_to_lower_reverse,right,camera_sign_turn_right,,camera_sign_turn_right,camera_sign_turn_right,False,False,0.28,0.28,red,red,red,221.66539826733043,199.5015476484126,1.5344487057758764,221.85552814278452,197.14011739413507,1.5719391622393206
209.96134873399933,209297000000,outer_right_mid_to_lower_reverse,0.4839660619981855,1.289914491170345,0.37519235988974814,route/default: outer_right_mid_to_lower_reverse,right,camera_sign_turn_right,,camera_sign_turn_right,camera_sign_turn_right,False,False,0.28,0.28,red,red,red,221.7503847197795,197.16442020606385,1.5344487057758764,221.81608327006467,194.79128156465862,1.5550997424916508
210.1633443390001,209496000000,outer_right_mid_to_lower_reverse,0.5389992202832152,1.289914491170345,0.4178565509363174,route/default: outer_right_mid_to_lower_reverse,right,camera_sign_turn_right,,camera_sign_turn_right,camera_sign_turn_right,False,False,0.28,0.28,red,red,red,221.8357131018726,194.81788969850254,1.5344487057758764,221.82441229173753,192.4322089919038,1.5419884575583636
210.26366209699972,209599000000,outer_right_mid_to_lower_reverse,0.5674947269997026,1.289914491170345,0.43994755534904656,route/default: outer_right_mid_to_lower_reverse,right,camera_sign_turn_right,,camera_sign_turn_right,camera_sign_turn_right,False,False,0.28,0.28,red,red,red,221.8798951106981,193.60288445580244,1.5344487057758764,221.84340099751313,191.25086428136925,1.5366685171969048
210.46392245300012,209799000000,outer_right_mid_to_lower_reverse,0.6230505890554254,1.289914491170345,0.483016969977699,route/default: outer_right_mid_to_lower_reverse,right,camera_sign_turn_right,,camera_sign_turn_right,camera_sign_turn_right,False,False,0.28,0.28,red,red,red,221.96603393995542,191.23406665122656,1.5344487057758764,221.90596123542957,188.88538599276646,1.5282632183359024
210.66817495299983,209999000000,outer_right_mid_to_lower_reverse,0.6788230440066028,1.289914491170345,0.5262542972059362,route/default: outer_right_mid_to_lower_reverse,right,camera_sign_turn_right,,camera_sign_turn_right,camera_sign_turn_right,False,False,0.28,0.28,red,red,red,222.05250859441185,188.8560136536735,1.5344487057758749,221.99782655459933,186.51079714820148,1.5237614292968356
210.76681230199938,210099000000,outer_right_mid_to_lower_reverse,0.7067589998464494,1.289914491170345,0.5479115124950676,route/default: outer_right_mid_to_lower_reverse,right,camera_sign_turn_right,,camera_sign_turn_right,camera_sign_turn_right,False,False,0.28,0.28,green,red,red,222.09582302499012,187.66486681277127,1.5344487057758764,222.05119408462423,185.31994773183277,1.522849530325876
210.9674772039998,210300000000,outer_right_mid_to_lower_reverse,0.7630111768620512,1.289914491170345,0.5915207419445051,route/default: outer_right_mid_to_lower_reverse,right,camera_sign_turn_right,,camera_sign_turn_right,camera_sign_turn_right,False,False,0.28,0.28,green,green,green,222.18304148388899,185.2663591930522,1.5344487057758749,222.1657608980064,182.93514642932053,1.522911306357031
211.0681543999999,210401000000,outer_right_mid_to_lower_reverse,0.7912606583114461,1.289914491170345,0.6134210164532161,route/default: outer_right_mid_to_lower_reverse,right,camera_sign_turn_right,,camera_sign_turn_right,camera_sign_turn_right,False,False,0.28,0.28,green,green,green,222.2268420329064,184.06184409507313,1.5344487057758749,222.22436404877328,181.74392102294317,1.5235082647630238
211.1691170059994,210506000000,outer_right_mid_to_lower_reverse,0.8205731064459421,1.289914491170345,0.6361453507677338,route/default: outer_right_mid_to_lower_reverse,right,camera_sign_turn_right,,camera_sign_turn_right,camera_sign_turn_right,False,False,0.28,0.28,green,green,green,222.27229070153544,182.81200570777463,1.5344487057758749,222.28303276468085,180.55335276294755,1.524373714823667
211.3694898879994,210697000000,outer_right_mid_to_lower_reverse,0.8739313884330511,1.289914491170345,0.6775111020267159,route/default: outer_right_mid_to_lower_reverse,right,camera_sign_turn_right,,camera_sign_turn_right,camera_sign_turn_right,False,False,0.28,0.28,green,green,green,222.35502220405345,180.53688938853062,1.5344487057758764,222.397895272499,178.17294732859708,1.5265500028638088
211.47031675400012,210801000000,outer_right_mid_to_lower_reverse,0.9029901903997588,1.289914491170345,0.7000387983706361,route/default: outer_right_mid_to_lower_reverse,right,camera_sign_turn_right,,camera_sign_turn_right,camera_sign_turn_right,False,False,0.28,0.28,green,green,green,222.40007759674126,179.297866089615,1.5344487057758764,222.45333007179192,176.9831942650318,1.5276083114313448
211.57408712799952,210902000000,outer_right_mid_to_lower_reverse,0.9312080233840475,1.289914491170345,0.7219145375591202,route/default: outer_right_mid_to_lower_reverse,right,camera_sign_turn_right,,camera_sign_turn_right,camera_sign_turn_right,False,False,0.28,0.28,green,green,green,222.44382907511823,178.09470043424838,1.5344487057758764,222.5077235636433,175.79332579178794,1.5287211870305109
211.67127397199965,211003000000,outer_right_mid_to_lower_reverse,0.959432112236647,1.289914491170345,0.7437951265793984,route/default: outer_right_mid_to_lower_reverse,right,camera_sign_turn_right,,camera_sign_turn_right,camera_sign_turn_right,False,False,0.28,0.28,green,green,green,222.48759025315877,176.8912680381331,1.5344487057758749,222.56081342135207,174.6026486754097,1.5298805637764652
211.77318666300016,211105000000,outer_right_mid_to_lower_reverse,0.9879303356233644,1.289914491170345,0.7658882370776461,route/default: outer_right_mid_to_lower_reverse,right,camera_sign_turn_right,,camera_sign_turn_right,camera_sign_turn_right,False,False,0.28,0.28,green,green,green,222.53177647415527,175.67614696072945,1.5344487057758749,222.61231162853056,173.4123425230893,1.5308913552608363
211.87218298799962,211205000000,outer_right_mid_to_lower_reverse,1.0158422819138342,1.289914491170345,0.7875268390791982,route/default: outer_right_mid_to_lower_reverse,right,camera_sign_turn_right,,camera_sign_turn_right,camera_sign_turn_right,False,False,0.28,0.28,green,green,green,222.57505367815838,174.4860238506441,1.53758956145581,222.6642134838305,172.22296832160484,1.5324916542552147
212.07303723299992,211407000000,outer_right_mid_to_lower_reverse,1.071963334283255,1.289914491170345,0.8310344147778804,route/default: outer_right_mid_to_lower_reverse,right,camera_sign_turn_right,,camera_sign_turn_right,camera_sign_turn_right,False,False,0.28,0.28,green,green,green,222.66206882955578,172.0931071872166,1.5443889194954554,222.76785464836036,169.85019822163537,1.53802935026317
212.27453503299967,211604000000,outer_right_mid_to_lower_reverse,1.1266178262993292,1.289914491170345,0.873405046622233,route/default: outer_right_mid_to_lower_reverse,right,camera_sign_turn_right,,camera_sign_turn_right,camera_sign_turn_right,False,False,0.28,0.28,green,green,green,222.74681009324445,169.7627224357772,1.5510113331725082,222.86165327926233,167.48305291945508,1.5453278677782956
212.47445064800013,211804000000,outer_right_mid_to_lower_reverse,1.1821713223346308,1.289914491170345,0.9164726270049433,route/default: outer_right_mid_to_lower_reverse,right,camera_sign_turn_right,,camera_sign_turn_right,camera_sign_turn_right,False,False,0.28,0.28,green,green,green,222.83294525400987,167.39400551472812,1.5577428195610101,222.9391973995704,165.11468768921205,1.5531809850076466
212.57449052599986,211905000000,outer_right_mid_to_lower_reverse,1.210260691340136,1.289914491170345,0.9382487751122643,route/default: outer_right_mid_to_lower_reverse,right,camera_sign_turn_right,,camera_sign_turn_right,camera_sign_turn_right,False,False,0.28,0.28,green,green,green,222.87649755022454,166.19631736882548,1.561146305070536,222.97049053477593,163.92967680407463,1.5569162577532312
212.67644869299966,212008000000,outer_right_mid_to_lower_reverse,1.2389152163713746,1.289914491170345,0.9604630577080356,route/default: outer_right_mid_to_lower_reverse,left,camera_sign_turn_left,,camera_sign_turn_left,camera_sign_turn_left,False,False,0.28,0.28,green,green,green,222.92092611541608,164.97453182605804,1.6094501451258654,222.9964876737921,162.74395043123346,1.5603327739259776
212.78069426299953,212114000000,outer_right_mid_to_lower_reverse,1.2673518659457066,1.289914491170345,0.9825084334046303,route/default: outer_right_mid_to_lower_reverse,left,camera_sign_turn_left,,camera_sign_turn_left,camera_sign_turn_left,False,False,0.28,0.28,green,green,green,222.96501686680926,163.76203616274535,1.6180100454988635,223.07388723909992,161.36470706602455,1.5829407196377643
212.87684766099937,212214000000,inner_middle_cross_reverse,0.0043593432521478875,5.461513532244725,0.0007981932529161314,route/left from camera_sign_turn_left: inner_middle_cross_reverse delta=+92.1deg,,,,camera_sign_turn_left,camera_sign_turn_left,False,False,0.28,0.28,green,green,green,222.98996067512275,162.6142724897708,1.6247978271708632,223.11139046556144,160.21549237813485,1.6013010043461149
212.97723444499934,212317000000,inner_middle_cross_reverse,0.032428875086328676,5.461513532244725,0.0059377084566153504,route/left from camera_sign_turn_left: inner_middle_cross_reverse delta=+92.1deg,,,,camera_sign_turn_left,camera_sign_turn_left,False,False,0.28,0.28,green,green,green,222.92531810560337,161.4183849536625,1.6247978271708687,223.1187471996211,159.05797397818577,1.6165725938320568
213.07776909599943,212417000000,inner_middle_cross_reverse,0.05966283446227687,5.461513532244725,0.010924230821736144,route/left from camera_sign_turn_left: inner_middle_cross_reverse delta=+92.1deg,,,,camera_sign_turn_left,camera_sign_turn_left,False,False,0.28,0.28,green,green,green,222.862599812949,160.25809653955662,1.6247978271708632,223.09875279225122,157.89336569239222,1.6285602854947483
213.17857933300002,212517000000,inner_middle_cross_reverse,0.08699404827025756,5.461513532244725,0.015928560417665452,route/left from camera_sign_turn_left: inner_middle_cross_reverse delta=+92.1deg,,,,camera_sign_turn_left,camera_sign_turn_left,False,False,0.28,0.28,green,green,green,222.79965754875064,159.09366465188708,1.6247978271708634,223.05887482080095,156.72463029543667,1.6384086822065407
213.2862632059996,212620000000,inner_middle_cross_reverse,0.11540884151023119,5.461513532244725,0.021131292787037598,route/left from camera_sign_turn_left: inner_middle_cross_reverse delta=+92.1deg,,,,camera_sign_turn_left,camera_sign_turn_left,False,False,0.28,0.28,green,green,green,222.7342198614303,157.8830674364608,1.6247978271708632,223.00049428499972,155.5519454698149,1.6459482266791414
213.37941594099993,212721000000,inner_middle_cross_reverse,0.14343334652809725,5.461513532244725,0.026262563606455996,route/left from camera_sign_turn_left: inner_middle_cross_reverse delta=+92.1deg,,,,camera_sign_turn_left,camera_sign_turn_left,False,False,0.28,0.28,green,green,green,222.6696809861628,156.6890982440121,1.6247978271708687,222.92611454836924,154.37392292798808,1.651089509891827
213.48007173099995,212822000000,inner_middle_cross_reverse,0.171542452770089,5.461513532244725,0.03140932486156154,route/left from camera_sign_turn_left: inner_middle_cross_reverse delta=+92.1deg,,,,camera_sign_turn_left,camera_sign_turn_left,False,False,0.28,0.28,green,green,green,222.60494727898487,155.49152466122052,1.6247978271708632,222.83942793992395,153.19127215671722,1.6541829261710144
213.68014258399944,213019000000,inner_middle_cross_reverse,0.22659784295572383,5.461513532244725,0.04148993527488164,route/left from camera_sign_turn_left: inner_middle_cross_reverse delta=+92.1deg,,,,camera_sign_turn_left,camera_sign_turn_left,False,False,0.28,0.28,green,green,green,222.47815777966173,153.14591892374236,1.6247978271708632,222.6430589065185,150.81591488387107,1.6557656096409472
213.78524793799988,213121000000,inner_middle_cross_reverse,0.2550724605738028,5.461513532244725,0.04670362145362405,route/left from camera_sign_turn_left: inner_middle_cross_reverse delta=+92.1deg,,,,camera_sign_turn_left,camera_sign_turn_left,False,False,0.28,0.28,green,green,green,222.41258232012837,151.93277292237428,1.6247978271708687,222.5389216177295,149.62974294289157,1.654731694206448
213.8858681490001,213224000000,inner_middle_cross_reverse,0.2837842474542724,5.461513532244725,0.05196073318848573,route/left from camera_sign_turn_left: inner_middle_cross_reverse delta=+92.1deg,,,,camera_sign_turn_right,camera_sign_turn_left,False,False,0.28,0.28,green,green,green,222.346460672984,150.70952245020433,1.6247978271708632,222.43366787085824,148.44552719834132,1.652807292613475
214.08649869300007,213422000000,inner_middle_cross_reverse,0.33890762706869554,5.461513532244725,0.06205379242728011,route/left from camera_sign_turn_left: inner_middle_cross_reverse delta=+92.1deg,,,,camera_sign_turn_right,camera_sign_turn_left,False,False,0.28,0.28,green,green,green,222.21951459779052,148.36102005912485,1.6247978271708687,222.22631615083333,146.0802115473524,1.647300631345345
214.28790158599986,213621000000,inner_middle_cross_reverse,0.3942804455555921,5.461513532244725,0.07219252378077323,route/left from camera_sign_turn_left: inner_middle_cross_reverse delta=+92.1deg,,,,camera_sign_turn_right,camera_sign_turn_left,False,False,0.28,0.28,green,yellow,yellow,222.091994078757,146.0018904570048,1.6247978271708632,222.03060635064372,143.71546948359403,1.6410045851635038
214.3894582949997,213721000000,inner_middle_cross_reverse,0.4221112356146734,5.461513532244725,0.07728832550217675,route/left from camera_sign_turn_left: inner_middle_cross_reverse delta=+92.1deg,,,,,camera_sign_turn_left,False,False,0.28,0.28,green,green,green,222.02790131825782,144.81617438776942,1.6247978271708632,221.93860910834644,142.53247257880182,1.637930455071062
214.48411037799997,213823000000,inner_middle_cross_reverse,0.4505083004859646,5.461513532244725,0.08248781181739599,route/left from camera_sign_turn_left: inner_middle_cross_reverse delta=+92.1deg,,,,,camera_sign_turn_left,False,False,0.28,0.28,green,green,green,221.96250445838382,143.6063324801006,1.6247978271708634,221.8507752886668,141.34878378679738,1.6350416457858126
214.58416238799964,213923000000,inner_middle_cross_reverse,0.47836112333392056,5.461513532244725,0.08758764772982452,route/left from camera_sign_turn_left: inner_middle_cross_reverse delta=+92.1deg,,,,,camera_sign_turn_left,False,False,0.28,0.28,green,green,green,221.89836095759813,142.4196777155654,1.6247978271708634,221.76703819192318,140.16428550606207,1.632406095101342
214.6876336989999,214023000000,inner_middle_cross_reverse,0.5062288071945552,5.461513532244725,0.09269020468516374,route/left from camera_sign_turn_left: inner_middle_cross_reverse delta=+92.1deg,,,,,camera_sign_turn_left,False,False,0.28,0.28,green,green,green,221.83418323272736,141.23238980545653,1.6247978271708634,221.68718550918277,138.9789052889517,1.630064972702733
214.89053182899988,214222000000,inner_middle_cross_reverse,0.5617322359907316,5.461513532244725,0.1028528507114868,route/left from camera_sign_turn_left: inner_middle_cross_reverse delta=+92.1deg,,,,,camera_sign_turn_left,False,False,0.28,0.28,green,green,green,221.7063619254211,138.86769562029042,1.6247978271708632,221.53793079478197,136.6054717737653,1.626326658072621
214.98931900299976,214322000000,inner_middle_cross_reverse,0.5889583483828865,5.461513532244725,0.10783793629836894,route/left from camera_sign_turn_left: inner_middle_cross_reverse delta=+92.1deg,,,,,camera_sign_turn_left,False,False,0.28,0.28,green,green,green,221.64366170393367,137.70774152277272,1.6247978271708632,221.51280139719972,135.4434309836886,1.639945803541157
215.0900870810001,214424000000,inner_middle_cross_reverse,0.6147820869656768,5.461513532244725,0.11256624804388182,route/left from camera_sign_turn_left: inner_middle_cross_reverse delta=+92.1deg,,,,,camera_sign_turn_left,False,False,0.28,0.28,green,green,green,221.58419107127582,136.60753481860274,1.6247978271708634,221.5504827977336,134.34392549358276,1.6782603805768859
215.19093211899963,214524000000,inner_middle_cross_reverse,0.6380777605143753,5.461513532244725,0.11683167252944997,route/left from camera_sign_turn_left: inner_middle_cross_reverse delta=+92.1deg,,,,,camera_sign_turn_left,False,False,0.28,0.28,green,green,green,221.5305424316844,135.61503498616125,1.6247978271708634,221.66195627375845,133.3254395419621,1.7526115964485673
215.3934608589998,214725000000,inner_middle_cross_reverse,0.6825924138823496,5.461513532244725,0.12498228006803067,route/left from camera_sign_turn_left: inner_middle_cross_reverse delta=+92.1deg,,,,,camera_sign_turn_left,False,False,0.28,0.28,green,green,green,221.4280276625757,133.71851175765062,1.6247978271708634,221.91484797562185,131.4307613921395,1.984078017637969
215.48998717299946,214826000000,inner_middle_cross_reverse,0.7046791056724707,5.461513532244725,0.12902634068597502,route/left from camera_sign_turn_left: inner_middle_cross_reverse delta=+92.1deg,,,,,camera_sign_turn_left,False,False,0.28,0.28,green,green,green,221.37716324068475,132.77751995266772,1.6247978271708632,221.9570521093953,130.49850137689762,2.123252311993701
215.69193908099987,215026000000,inner_middle_cross_reverse,0.7479992229143004,5.461513532244725,0.1369582293439575,route/left from camera_sign_turn_left: inner_middle_cross_reverse delta=+92.1deg,,,,camera_sign_turn_right,camera_sign_turn_left,False,False,0.28,0.28,yellow,green,green,221.27739942178903,130.93188930309736,1.6247978271708634,221.69886937689995,128.66541236284286,2.4111246566116296
215.79064598500008,215127000000,inner_middle_cross_reverse,0.7703685038751423,5.461513532244725,0.14105403187722484,route/left from camera_sign_turn_left: inner_middle_cross_reverse delta=+92.1deg,,,,camera_sign_turn_right,camera_sign_turn_left,False,False,0.28,0.28,yellow,green,green,221.2258842127663,129.97885793617587,1.6247978271708687,221.34619759441466,127.80359937010053,2.547184181945431
215.99114397999983,215327000000,inner_middle_cross_reverse,0.8147511430755447,5.461513532244725,0.14918046769732632,route/left from camera_sign_turn_left: inner_middle_cross_reverse delta=+92.1deg,,,,camera_sign_turn_right,camera_sign_turn_left,False,False,0.28,0.28,yellow,green,green,221.12367346493784,128.08795910135026,2.069378050559113,220.2054324842914,126.30457405400469,2.788486487670161
216.19248919299935,215526000000,inner_middle_cross_reverse,0.8609927966517462,5.461513532244725,0.15764728798499772,route/left from camera_sign_turn_left: inner_middle_cross_reverse delta=+92.1deg,,,,,camera_sign_turn_left,False,False,0.28,0.28,yellow,green,green,221.01718151047106,126.11785794371437,3.039812457992208,218.5715738941102,125.21839253491387,2.977088877643085
216.3922826299995,215727000000,inner_middle_cross_reverse,0.9097879611201192,5.461513532244725,0.16658165465465563,route/left from camera_sign_turn_left: inner_middle_cross_reverse delta=+92.1deg,,,,,camera_sign_turn_left,False,False,0.28,0.28,yellow,green,green,219.23639495283936,125.8,3.141592653589793,216.59796492003392,124.57472416500687,3.1123945953191106
216.59344821099967,215927000000,inner_middle_cross_reverse,0.9615254447883366,5.461513532244725,0.17605475828476838,route/left from camera_sign_turn_left: inner_middle_cross_reverse delta=+92.1deg,,,,,camera_sign_turn_left,False,False,0.28,0.28,yellow,green,green,217.02892898299547,125.8,3.141592653589793,214.43193738189012,124.32190886528318,-3.085103345929943
216.69503066499965,216028000000,inner_middle_cross_reverse,0.9884360769547047,5.461513532244725,0.18098207962298132,route/left from camera_sign_turn_left: inner_middle_cross_reverse delta=+92.1deg,,,,,camera_sign_turn_left,False,False,0.28,0.28,red,green,green,215.88074201056372,125.8,3.141592653589793,213.30274970232836,124.3116560500231,-3.0585693759116945
216.79457830499996,216129000000,inner_middle_cross_reverse,1.0156858112673115,5.461513532244725,0.18597149036997015,route/left from camera_sign_turn_left: inner_middle_cross_reverse delta=+92.1deg,,,,,camera_sign_turn_left,False,False,0.28,0.28,red,green,green,214.7180866798925,125.8,3.141592653589793,212.15444226880868,124.35702285554785,-3.040510492727439
216.9957257619999,216330000000,inner_middle_cross_reverse,1.0711493824160525,5.461513532244725,0.19612683848387386,route/left from camera_sign_turn_left: inner_middle_cross_reverse delta=+92.1deg,,,,,camera_sign_turn_left,False,False,0.28,0.28,red,green,green,212.35164097754625,125.8,3.141592653589793,209.81583928168413,124.56358743323246,-3.0244530077886718
217.09741719999965,216432000000,inner_middle_cross_reverse,1.0995997962189221,5.461513532244725,0.20133609295791272,route/left from camera_sign_turn_left: inner_middle_cross_reverse delta=+92.1deg,,,,,camera_sign_turn_left,False,False,0.28,0.28,red,green,green,211.13775665529045,125.8,3.141592653589793,208.39891504599728,124.7337831166172,-3.025472903530909
217.19817609099937,216532000000,inner_middle_cross_reverse,1.1272655407396552,5.461513532244725,0.2064016749357646,route/left from camera_sign_turn_left: inner_middle_cross_reverse delta=+92.1deg,,,,,camera_sign_turn_left,False,False,0.28,0.28,red,green,green,209.9573515557392,125.8,3.141592653589793,207.22586252640093,124.88469132558951,-3.0302672887855553
217.29904800399981,216632000000,inner_middle_cross_reverse,1.1547969448210282,5.461513532244725,0.2114426592561051,route/left from camera_sign_turn_left: inner_middle_cross_reverse delta=+92.1deg,,,,,camera_sign_turn_left,False,False,0.28,0.28,red,yellow,yellow,208.78267831493395,125.8,3.141592653589793,206.0594849664346,125.03813086663048,-3.038225072681713
217.40004093599964,216732000000,inner_middle_cross_reverse,1.1821996841128637,5.461513532244725,0.21646008512716627,route/left from camera_sign_turn_left: inner_middle_cross_reverse delta=+92.1deg,,,,camera_sign_speed_limit,camera_sign_turn_left,False,False,0.28,0.28,red,red,red,207.61349477181562,125.8,3.141592653589793,204.89795251054494,125.18688956760032,-3.048073527888083
217.60216894599944,216926000000,inner_middle_cross_reverse,1.2352213183137513,5.461513532244725,0.2261683159843908,route/left from camera_sign_turn_left: inner_middle_cross_reverse delta=+92.1deg,,,,camera_sign_speed_limit,camera_sign_turn_left,False,False,0.28,0.28,red,red,red,205.35123837924442,125.8,3.141592653589793,202.81188154439582,125.43295238277655,-3.069155927053497
217.80221517300015,217127000000,inner_middle_cross_reverse,1.2901939095145842,5.461513532244725,0.23623376595101184,route/left from camera_sign_turn_left: inner_middle_cross_reverse delta=+92.1deg,,,,camera_sign_speed_limit,camera_sign_turn_left,False,False,0.28,0.28,red,red,red,203.00574115467555,125.8,3.141592653589793,200.4883551555609,125.65623231577783,-3.093567389432823
218.01129276099982,217321000000,inner_middle_cross_reverse,1.3434342700594344,5.461513532244725,0.24598204547655353,route/left from camera_sign_turn_left: inner_middle_cross_reverse delta=+92.1deg,,,,camera_sign_speed_limit,camera_sign_turn_left,False,False,0.28,0.28,red,red,red,200.7341524380953,125.8,3.141592653589793,198.15140133848084,125.81601244514029,-3.1150057432746334
218.1083805090002,217426000000,inner_middle_cross_reverse,1.3723789491389617,5.461513532244725,0.25128179963968766,route/left from camera_sign_turn_left: inner_middle_cross_reverse delta=+92.1deg,,,,camera_sign_speed_limit,camera_sign_turn_left,False,False,0.28,0.28,red,red,red,199.49917946403542,125.8,3.141592653589793,196.97829087285558,125.8720435671332,-3.123843886407038
218.30556883099962,217628000000,inner_middle_cross_reverse,1.428242167531197,5.461513532244725,0.26151032293500115,route/left from camera_sign_turn_left: inner_middle_cross_reverse delta=+92.1deg,,,,camera_sign_speed_limit,camera_sign_turn_left,False,False,0.28,0.28,red,red,red,197.11568214596673,125.8,3.141592653589793,194.62415072035822,125.94420085296001,-3.137826392170163
218.50799492999977,217828000000,inner_middle_cross_reverse,1.4837467788399148,5.461513532244725,0.27167318547869335,route/left from camera_sign_turn_left: inner_middle_cross_reverse delta=+92.1deg,,,,camera_sign_speed_limit,camera_sign_turn_left,False,False,0.28,0.28,red,red,red,194.7474853967948,125.8,3.141592653589793,192.25800556990876,125.97360180951185,3.135767728816261
218.70862537199991,218027000000,inner_middle_cross_reverse,1.5392076750193069,5.461513532244725,0.2818280438072412,route/left from camera_sign_turn_left: inner_middle_cross_reverse delta=+92.1deg,,,,camera_sign_speed_limit,camera_sign_turn_left,False,False,0.28,0.28,red,red,red,192.38115382647402,125.8,3.141592653589793,189.88236167364923,125.97003893015304,3.1308598671321635
218.90796217099978,218229000000,inner_middle_cross_reverse,1.5955492623165894,5.461513532244725,0.2921441561751118,route/left from camera_sign_turn_left: inner_middle_cross_reverse delta=+92.1deg,,,,camera_sign_speed_limit,camera_sign_turn_left,False,False,0.28,0.28,red,red,red,189.97724610178997,125.8,3.141592653589793,187.50085023730276,125.95016877497639,3.128190034850058
219.10968704599964,218428000000,inner_middle_cross_reverse,1.6512410099971515,5.461513532244725,0.30234128328131754,route/left from camera_sign_turn_left: inner_middle_cross_reverse delta=+92.1deg,,,,camera_sign_speed_limit,camera_sign_turn_left,False,False,0.14,0.28,red,red,red,187.60106486741935,125.8,3.141592653589793,185.1132390840098,125.91816350864522,3.1281976460454834
219.2089256169993,218528000000,inner_middle_cross_reverse,1.6651930384893958,5.461513532244725,0.3048958917080607,route/left from camera_sign_turn_left: inner_middle_cross_reverse delta=+92.1deg,,,,camera_sign_speed_limit,camera_sign_turn_left,False,False,0.14,0.28,red,red,red,187.00577831841693,125.8,3.141592653589793,184.3352476396427,125.90783079644362,3.1284460123171653
219.31220442599988,218631000000,inner_middle_cross_reverse,1.67955905788507,5.461513532244725,0.3075263016321335,route/left from camera_sign_turn_left: inner_middle_cross_reverse delta=+92.1deg,,,,camera_sign_speed_limit,camera_sign_turn_left,False,False,0.14,0.28,red,red,red,186.3928281575348,125.8,3.141592653589793,183.62034774050338,125.89531920849531,3.129463240323902
219.51131979799993,218828000000,inner_middle_cross_reverse,1.7070348266663864,5.461513532244725,0.31255709916089536,route/left from camera_sign_turn_left: inner_middle_cross_reverse delta=+92.1deg,,,,camera_sign_speed_limit,camera_sign_turn_left,False,False,0.14,0.28,red,red,red,185.220528689532,125.8,3.141592653589793,182.54809154747775,125.87767629690998,3.131075437027277
219.61120663099973,218929000000,inner_middle_cross_reverse,1.721121518465461,5.461513532244725,0.3151363643619988,route/left from camera_sign_turn_left: inner_middle_cross_reverse delta=+92.1deg,,,,camera_sign_speed_limit,camera_sign_turn_left,False,False,0.14,0.28,red,red,red,184.6194965061048,125.8,3.141592653589793,181.9523961087061,125.86859143361457,3.1319826493693275
219.71129352800017,219031000000,inner_middle_cross_reverse,1.735348619162101,5.461513532244725,0.3177413383518358,route/left from camera_sign_turn_left: inner_middle_cross_reverse delta=+92.1deg,,,,camera_sign_speed_limit,camera_sign_turn_left,False,False,0.14,0.28,red,red,red,184.01247354304817,125.8,3.141592653589793,181.3566651091255,125.86010796817831,3.132870664632223
219.9123340289998,219230000000,inner_middle_cross_reverse,1.7631093536944165,5.461513532244725,0.3228243129464086,route/left from camera_sign_turn_left: inner_middle_cross_reverse delta=+92.1deg,,,,camera_sign_speed_limit,camera_sign_turn_left,False,False,0.14,0.28,red,red,red,182.82801553633604,125.8,3.141592653589793,180.16504167340216,125.84502696421387,3.134545682560117
220.01350048099994,219330000000,inner_middle_cross_reverse,1.7770618262112305,5.461513532244725,0.3253790026737962,route/left from camera_sign_turn_left: inner_middle_cross_reverse delta=+92.1deg,,,,camera_sign_speed_limit,camera_sign_turn_left,False,False,0.14,0.28,red,red,red,182.2327100422853,125.8,3.141592653589793,179.56913133786728,125.838433654971,3.13531759651979
220.11363119999987,219432000000,inner_middle_cross_reverse,1.791321352599183,5.461513532244725,0.3279899137891426,route/left from camera_sign_turn_left: inner_middle_cross_reverse delta=+92.1deg,,,,camera_sign_speed_limit,camera_sign_turn_left,False,False,0.14,0.28,red,red,red,181.624303583066,125.8,3.141592653589793,178.97337166136188,125.83268798795181,3.1359739164238913
220.3234295149996,219633000000,inner_middle_cross_reverse,1.8193942984469305,5.461513532244725,0.3331300540967707,route/left from camera_sign_turn_left: inner_middle_cross_reverse delta=+92.1deg,,,,camera_sign_speed_limit,camera_sign_turn_left,False,False,0.14,0.28,red,red,red,180.42652456022878,125.8,3.141592653589793,177.66155146850627,125.8215159952479,3.1375182547189966
220.5161247799997,219831000000,inner_middle_cross_reverse,1.8470932184275055,5.461513532244725,0.3382017104823204,route/left from camera_sign_turn_left: inner_middle_cross_reverse delta=+92.1deg,,,,camera_sign_speed_limit,camera_sign_turn_left,False,False,0.14,0.28,red,red,red,179.2447039743909,125.8,3.141592653589793,176.58759239862277,125.81472775787978,3.1385338877079003
220.61574812099934,219935000000,inner_middle_cross_reverse,1.8616283522500936,5.461513532244725,0.34086308516111097,route/left from camera_sign_turn_left: inner_middle_cross_reverse delta=+92.1deg,,,,camera_sign_speed_limit,camera_sign_turn_left,False,False,0.14,0.28,red,red,red,178.62453826462715,125.8,3.141592653589793,175.87151128964746,125.8111439570651,3.139098706311242
220.82388480899954,220132000000,inner_middle_cross_reverse,1.8891495186666794,5.461513532244725,0.3459021949708919,route/left from camera_sign_turn_left: inner_middle_cross_reverse delta=+92.1deg,,,,camera_sign_speed_limit,camera_sign_turn_left,False,False,0.14,0.28,red,red,red,177.45030183085282,125.8,3.141592653589793,174.67784146702934,125.80672806042575,3.1398134740284305
220.91729437100003,220234000000,inner_middle_cross_reverse,1.903433667221199,5.461513532244725,0.3485176143908359,route/left from camera_sign_turn_left: inner_middle_cross_reverse delta=+92.1deg,,,,camera_sign_speed_limit,camera_sign_turn_left,False,False,0.14,0.28,red,red,red,176.84084482586,125.8,3.141592653589793,174.08126507024446,125.80526330110807,3.140028981356215
221.0176706379998,220335000000,inner_middle_cross_reverse,1.9175806685721377,5.461513532244725,0.351107922236347,route/left from camera_sign_turn_left: inner_middle_cross_reverse delta=+92.1deg,,,,camera_sign_speed_limit,camera_sign_turn_left,False,False,0.14,0.28,red,red,red,176.2372394348866,125.8,3.141592653589793,173.48498390677014,125.80389243729452,3.1401928348882038
221.11796710599992,220436000000,inner_middle_cross_reverse,1.9316278756224132,5.461513532244725,0.3536799578025579,route/left from camera_sign_turn_left: inner_middle_cross_reverse delta=+92.1deg,,,,camera_sign_speed_limit,camera_sign_turn_left,False,False,0.14,0.28,red,red,red,175.63789193407484,125.8,3.141592653589793,172.888728350758,125.80265028517346,3.1403455649398873
221.21861844500017,220536000000,inner_middle_cross_reverse,1.9456346087595766,5.461513532244725,0.356244582618457,route/left from camera_sign_turn_left: inner_middle_cross_reverse delta=+92.1deg,,,,camera_sign_speed_limit,camera_sign_turn_left,False,False,0.28,0.28,red,red,red,175.04027132022253,125.8,3.141592653589793,172.2923944050845,125.80150829832833,3.1404951897684166
221.31872742699943,220637000000,inner_middle_cross_reverse,1.973908773347988,5.461513532244725,0.3614215659622647,route/left from camera_sign_turn_left: inner_middle_cross_reverse delta=+92.1deg,,,,camera_sign_speed_limit,camera_sign_turn_left,False,False,0.28,0.28,red,red,red,173.8339069644503,125.8,3.141592653589793,171.28757738669472,125.79876566793408,3.1411354260961057
221.41931227799978,220737000000,inner_middle_cross_reverse,2.0018993716654045,5.461513532244725,0.3665466284842488,route/left from camera_sign_turn_left: inner_middle_cross_reverse delta=+92.1deg,,,,camera_sign_speed_limit,camera_sign_turn_left,False,False,0.28,0.28,red,red,red,172.63964143624054,125.8,3.141592653589793,170.09348928825193,125.79824409427174,3.14123169192725
221.62667107800007,220936000000,inner_middle_cross_reverse,2.057608703923291,5.461513532244725,0.3767469753164921,route/left from camera_sign_turn_left: inner_middle_cross_reverse delta=+92.1deg,,,,camera_sign_speed_limit,camera_sign_turn_left,False,False,0.28,0.28,red,red,red,170.26270992657072,125.8,3.141592653589793,167.7052505536767,125.79753071528319,3.141381178493092
221.720428093,221038000000,inner_middle_cross_reverse,2.0860889977205552,5.461513532244725,0.38196170080039266,route/left from camera_sign_turn_left: inner_middle_cross_reverse delta=+92.1deg,,,,camera_sign_turn_left,camera_sign_turn_left,False,False,0.28,0.28,red,red,red,169.0475507245541,125.8,3.141592653589793,166.51151925703746,125.79733980846022,3.141429165762477
221.8225768960001,221139000000,inner_middle_cross_reverse,2.114356854299194,5.461513532244725,0.3871375291512235,route/left from camera_sign_turn_left: inner_middle_cross_reverse delta=+92.1deg,,,,camera_sign_turn_left,camera_sign_turn_left,False,False,0.28,0.28,red,red,red,167.8414555105322,125.8,3.141592653589793,165.3175980761024,125.7971024024244,3.1414406590309083
222.0219924339999,221334000000,inner_middle_cross_reverse,2.168831564070058,5.461513532244725,0.397111817313149,route/left from camera_sign_turn_left: inner_middle_cross_reverse delta=+92.1deg,,,,camera_sign_turn_left,camera_sign_turn_left,False,False,0.28,0.28,red,red,red,165.51720122697532,125.8,3.141592653589793,162.93007617577774,125.79672544459103,3.141506303426342
222.12286791499992,221437000000,inner_middle_cross_reverse,2.1976504802456174,5.461513532244725,0.4023885443605897,route/left from camera_sign_turn_left: inner_middle_cross_reverse delta=+92.1deg,,,,camera_sign_turn_left,camera_sign_turn_left,False,False,0.28,0.28,red,red,red,164.28759413681811,125.8,3.141592653589793,161.73628743824236,125.79669133702615,3.141551706238221
222.22368024699972,221537000000,inner_middle_cross_reverse,2.225586120920922,5.461513532244725,0.4075035441697768,route/left from camera_sign_turn_left: inner_middle_cross_reverse delta=+92.1deg,,,,camera_sign_turn_right,camera_sign_turn_left,False,False,0.28,0.28,red,red,red,163.09567346800512,125.8,3.141592653589793,160.54221273806544,125.79657229680058,3.141577379039174
222.32401143900006,221641000000,inner_middle_cross_reverse,2.254706120920922,5.461513532244725,0.41283539949304493,route/left from camera_sign_turn_left: inner_middle_cross_reverse delta=+92.1deg,,,,camera_sign_turn_right,camera_sign_turn_left,False,False,0.28,0.28,red,red,red,161.8532201346718,125.8,3.141592653589793,159.3480433325944,125.79647275014908,-3.141561229703662
222.42539436399966,221742000000,inner_middle_cross_reverse,2.282986120920922,5.461513532244725,0.41801345129737266,route/left from camera_sign_turn_left: inner_middle_cross_reverse delta=+92.1deg,,,,camera_sign_turn_right,camera_sign_turn_left,False,False,0.28,0.28,red,red,red,160.64660680133846,125.8,3.141592653589793,158.15376525036493,125.79638358486577,-3.1415163277919333
222.5265262969997,221843000000,inner_middle_cross_reverse,2.311266120920922,5.461513532244725,0.4231915031017004,route/left from camera_sign_turn_left: inner_middle_cross_reverse delta=+92.1deg,,,,camera_sign_speed_limit,camera_sign_turn_left,False,False,0.28,0.28,red,red,red,159.43999346800513,125.8,3.141592653589793,156.95944970337396,125.79635175593948,-3.141473396162614
222.62660171100015,221943000000,inner_middle_cross_reverse,2.339266120920922,5.461513532244725,0.42831828706638125,route/left from camera_sign_turn_left: inner_middle_cross_reverse delta=+92.1deg,,,,camera_sign_turn_right,camera_sign_turn_left,False,False,0.28,0.28,red,red,red,158.24532680133845,125.8,3.141592653589793,155.76509724838633,125.79637761479013,-3.1414330502447347
222.82790294299957,222143000000,inner_middle_cross_reverse,2.395261076156092,5.461513532244725,0.4385709313021918,route/left from camera_sign_turn_left: inner_middle_cross_reverse delta=+92.1deg,,,,camera_sign_speed_limit,camera_sign_turn_left,False,False,0.28,0.28,red,red,red,155.85620871130453,125.8,3.141592653589793,153.3762763260653,125.79659320990376,-3.1413618316399403
222.93424124800003,222244000000,inner_middle_cross_reverse,2.423536609739235,5.461513532244725,0.44374816530815087,route/left from camera_sign_turn_left: inner_middle_cross_reverse delta=+92.1deg,,,,camera_sign_speed_limit,camera_sign_turn_left,False,False,0.28,0.28,red,red,red,154.64978594509043,125.8,3.141592653589793,152.18180180196754,125.7967518002614,-3.1413227076077828
223.02856438599974,222346000000,inner_middle_cross_reverse,2.452092864875919,5.461513532244725,0.44897679926979683,route/left from camera_sign_turn_left: inner_middle_cross_reverse delta=+92.1deg,,,,camera_sign_speed_limit,camera_sign_turn_left,False,False,0.28,0.28,red,red,red,153.43138572592525,125.8,3.141592653589793,150.9872963921554,125.7969346435855,-3.14127760098194
223.23874254299972,222543000000,inner_middle_cross_reverse,2.5072159516618,5.461513532244725,0.4590698048918529,route/left from camera_sign_turn_left: inner_middle_cross_reverse delta=+92.1deg,,,,camera_sign_speed_limit,camera_sign_turn_left,False,False,0.28,0.28,red,red,red,151.07946735639433,125.8,3.141592653589793,148.36015669498465,125.79773914423652,-3.141147715894214
223.33078994599964,222645000000,inner_middle_cross_reverse,2.535773813632282,5.461513532244725,0.46429873306384706,route/left from camera_sign_turn_left: inner_middle_cross_reverse delta=+92.1deg,,,,camera_sign_speed_limit,camera_sign_turn_left,False,False,0.28,0.28,red,red,red,149.8609985789871,125.8,3.141592653589793,147.4054562776826,125.7981549843318,-3.1411617540236567
223.43135416699988,222745000000,inner_middle_cross_reverse,2.5637236294322,5.461513532244725,0.46941632833023295,route/left from camera_sign_turn_left: inner_middle_cross_reverse delta=+92.1deg,,,,camera_sign_speed_limit,camera_sign_turn_left,False,False,0.28,0.28,red,yellow,yellow,148.66847310485727,125.8,3.141592653589793,146.21207124512242,125.79864807660722,-3.1411648382091633
223.53196381399994,222846000000,inner_middle_cross_reverse,2.5919603902995916,5.461513532244725,0.47458646307414265,route/left from camera_sign_turn_left: inner_middle_cross_reverse delta=+92.1deg,,,,camera_sign_turn_right,camera_sign_turn_left,False,False,0.28,0.28,red,yellow,yellow,147.4637046411819,125.8,3.141592653589793,145.0182838123939,125.7991127540111,-3.1411171523289134
223.63182768299976,222947000000,inner_middle_cross_reverse,2.620230851078095,5.461513532244725,0.4797627682524774,route/left from camera_sign_turn_left: inner_middle_cross_reverse delta=+92.1deg,,,,camera_sign_turn_right,camera_sign_turn_left,False,False,0.28,0.28,red,yellow,yellow,146.25749831463241,125.8,3.141592653589793,143.8244203722141,125.79965207403967,-3.1410068988783335
223.7324571170002,223048000000,inner_middle_cross_reverse,2.6484991673945206,5.461513532244725,0.48493868078103375,route/left from camera_sign_turn_left: inner_middle_cross_reverse delta=+92.1deg,,,,camera_sign_turn_right,camera_sign_turn_left,False,False,0.28,0.28,red,green,green,145.0513834851316,125.8,3.141592653589793,142.63068759716035,125.80025466219793,-3.1408582976013704
223.8344434139999,223148000000,inner_middle_cross_reverse,2.676484913981197,5.461513532244725,0.49006285495389784,route/left from camera_sign_turn_left: inner_middle_cross_reverse delta=+92.1deg,,,,camera_sign_turn_right,camera_sign_turn_left,False,False,0.28,0.28,red,green,green,143.85732496410006,125.8,3.141592653589793,141.43717589205477,125.80092896063823,-3.140692245006253
223.9344294829998,223249000000,inner_middle_cross_reverse,2.7047484083731574,5.461513532244725,0.4952378845908461,route/left from camera_sign_turn_left: inner_middle_cross_reverse delta=+92.1deg,,,,camera_sign_turn_right,camera_sign_turn_left,False,False,0.28,0.28,red,green,green,142.65141587004308,125.8,3.141592653589793,140.243878977039,125.80171344819746,-3.14052324315397
224.03467622900007,223349000000,inner_middle_cross_reverse,2.7327301431885123,5.461513532244725,0.5003613242106788,route/left from camera_sign_turn_left: inner_middle_cross_reverse delta=+92.1deg,,,,camera_sign_turn_right,camera_sign_turn_left,False,False,0.28,0.28,red,green,green,141.45752851792128,125.8,3.141592653589793,139.05078391405777,125.8026068387514,-3.140358350389822
224.13522319899948,223449000000,inner_middle_cross_reverse,2.7607100666138864,5.461513532244725,0.5054844321660433,route/left from camera_sign_turn_left: inner_middle_cross_reverse delta=+92.1deg,,,,camera_sign_turn_right,camera_sign_turn_left,False,False,0.28,0.28,red,green,green,140.26371845177198,125.8,3.141592653589793,137.85780630634972,125.80387698833002,-3.1402664027881726
224.33680784899934,223649000000,inner_middle_cross_reverse,2.816662037607998,5.461513532244725,0.5157292060119327,route/left from camera_sign_turn_left: inner_middle_cross_reverse delta=+92.1deg,,,,camera_sign_turn_right,camera_sign_turn_left,False,False,0.28,0.28,red,green,green,137.87643435602322,125.8,3.141592653589793,135.47217931655382,125.80728964375726,-3.1403001552885152
224.43836409300002,223749000000,inner_middle_cross_reverse,2.844634894295587,5.461513532244725,0.5208510200516558,route/left from camera_sign_turn_left: inner_middle_cross_reverse delta=+92.1deg,,,,camera_sign_turn_right,camera_sign_turn_left,False,False,0.28,0.28,red,green,green,136.68292580401942,125.8,3.141592653589793,134.27950131402338,125.80918736842891,-3.140385906849884
224.53817784500006,223850000000,inner_middle_cross_reverse,2.87288587029798,5.461513532244725,0.5260237575786435,route/left from camera_sign_turn_left: inner_middle_cross_reverse delta=+92.1deg,,,,camera_sign_turn_right,camera_sign_turn_left,False,False,0.28,0.28,red,green,green,135.47755082791733,125.8,3.141592653589793,133.0868898949171,125.81107550986403,-3.1404993952143228
224.63927803800016,223951000000,inner_middle_cross_reverse,2.901135931259932,5.461513532244725,0.5311963275622503,route/left from camera_sign_turn_left: inner_middle_cross_reverse delta=+92.1deg,,,,camera_sign_turn_right,camera_sign_turn_left,False,False,0.28,0.28,red,green,green,134.2722148935407,125.8,3.141592653589793,131.89432569121277,125.81286634398843,-3.14063153007677
224.7394558879996,224051000000,inner_middle_cross_reverse,2.929106080181959,5.461513532244725,0.5363176458116499,route/left from camera_sign_turn_left: inner_middle_cross_reverse delta=+92.1deg,,,,camera_sign_turn_right,camera_sign_turn_left,False,False,0.28,0.28,green,green,green,133.07882187286756,125.8,3.141592653589793,130.70177568346944,125.81449847555463,-3.140774261478273
224.839920335,224152000000,inner_middle_cross_reverse,2.9573560416807467,5.461513532244725,0.5414901975836084,route/left from camera_sign_turn_left: inner_middle_cross_reverse delta=+92.1deg,,,,camera_sign_turn_right,camera_sign_turn_left,False,False,0.28,0.28,green,green,green,131.8734901822526,125.8,3.141592653589793,129.27071953412926,125.81621910608686,-3.140952497351688
224.94427262199952,224252000000,inner_middle_cross_reverse,2.9853262363316553,5.461513532244725,0.5466115242059398,route/left from camera_sign_turn_left: inner_middle_cross_reverse delta=+92.1deg,,,,camera_sign_turn_right,camera_sign_turn_left,False,False,0.28,0.28,green,green,green,130.68009521048052,125.8,3.141592653589793,128.0781751522246,125.81746566040518,-3.1411018780732887
225.14552607399946,224451000000,inner_middle_cross_reverse,3.0409884575124786,5.461513532244725,0.5568032450269529,route/left from camera_sign_turn_left: inner_middle_cross_reverse delta=+92.1deg,,,,camera_sign_turn_right,camera_sign_turn_left,False,False,0.28,0.28,green,green,green,128.30517377343205,125.8,3.141592653589793,125.69302091484944,125.8193852769599,-3.1413539508353763
225.24107441900014,224552000000,inner_middle_cross_reverse,3.0692392842240483,5.461513532244725,0.5619759552188763,route/left from camera_sign_turn_left: inner_middle_cross_reverse delta=+92.1deg,,,,camera_sign_turn_right,camera_sign_turn_left,False,False,0.28,0.28,green,green,green,127.09980516707174,125.8,3.141592653589793,124.73894438583525,125.81994925117779,-3.1414365271677145
225.44514953099952,224754000000,inner_middle_cross_reverse,3.125742273701206,5.461513532244725,0.5723216202334486,route/left from camera_sign_turn_left: inner_middle_cross_reverse delta=+92.1deg,,,,camera_sign_turn_right,camera_sign_turn_left,False,False,0.28,0.28,green,green,green,124.68901094937968,125.8,3.141592653589793,122.11518924429151,125.8208198230129,3.1415920562407846
225.54246814099952,224856000000,inner_middle_cross_reverse,3.15427349302244,5.461513532244725,0.5775456701516235,route/left from camera_sign_turn_left: inner_middle_cross_reverse delta=+92.1deg,,,,camera_sign_turn_right,camera_sign_turn_left,False,False,0.28,0.28,green,green,green,123.47167892500703,125.8,3.141592653589793,120.92256986389407,125.82098816330367,3.1415419119380203
225.64293176899992,224956000000,inner_middle_cross_reverse,3.182245479143088,5.461513532244725,0.5826673247910383,route/left from camera_sign_turn_left: inner_middle_cross_reverse delta=+92.1deg,,,,camera_sign_turn_right,camera_sign_turn_left,False,False,0.28,0.28,green,green,green,122.27820751719271,125.8,3.141592653589793,119.72994167278084,125.82108424756821,3.1415018301526803
225.7436300569998,225057000000,inner_middle_cross_reverse,3.210497394181369,5.461513532244725,0.5878402342549592,route/left from camera_sign_turn_left: inner_middle_cross_reverse delta=+92.1deg,,,,camera_sign_turn_right,camera_sign_turn_left,False,False,0.28,0.28,green,green,green,121.07279247555938,125.8,3.141592653589793,118.53728859838037,125.82116720387991,3.141464623536164
225.94423349499993,225254000000,inner_middle_cross_reverse,3.2656027171383717,5.461513532244725,0.5979299873301208,route/left from camera_sign_turn_left: inner_middle_cross_reverse delta=+92.1deg,,,,camera_sign_turn_right,camera_sign_turn_left,False,False,0.28,0.28,green,green,green,118.72163202939394,125.8,3.141592653589793,116.1519087047215,125.82128420773454,3.1413887345857776
226.15747329499936,225356000000,inner_middle_cross_reverse,3.2941347431722816,5.461513532244725,0.6031541849569246,route/left from camera_sign_turn_left: inner_middle_cross_reverse delta=+92.1deg,,,,camera_sign_turn_right,camera_sign_turn_left,False,False,0.28,0.28,green,green,green,117.50426558528045,125.8,3.141592653589793,113.76643677577543,125.8212268714007,3.141293222028731
226.1577440029996,225458000000,inner_middle_cross_reverse,3.3226667692061915,5.461513532244725,0.6083783825837284,route/left from camera_sign_turn_left: inner_middle_cross_reverse delta=+92.1deg,,,,camera_sign_turn_right,camera_sign_turn_left,False,False,0.28,0.28,green,green,green,116.28689914116696,125.8,3.141592653589793,113.76643677577543,125.8212268714007,3.141293222028731
226.2468505070001,225560000000,inner_middle_cross_reverse,3.3511999775296686,5.461513532244725,0.613602796687075,route/left from camera_sign_turn_left: inner_middle_cross_reverse delta=+92.1deg,,,,camera_sign_turn_right,camera_sign_turn_left,False,False,0.28,0.28,green,green,green,115.0694822526986,125.8,3.141592653589793,112.57361639034606,125.82112593299716,3.1412428992447814
226.34711895100008,225660000000,inner_middle_cross_reverse,3.3791743320535166,5.461513532244725,0.6187248849797593,route/left from camera_sign_turn_left: inner_middle_cross_reverse delta=+92.1deg,,,,camera_sign_turn_right,camera_sign_turn_left,False,False,0.28,0.28,green,green,green,113.87590979301443,125.8,3.141592653589793,111.38073134486443,125.82099984000531,3.141195306613792
226.44748821399935,225760000000,inner_middle_cross_reverse,3.4071490609787594,5.461513532244725,0.6238470418251247,route/left from camera_sign_turn_left: inner_middle_cross_reverse delta=+92.1deg,,,,camera_sign_turn_right,camera_sign_turn_left,False,False,0.28,0.28,green,green,green,112.68232135887074,125.8,3.141592653589793,110.18779516405493,125.820860329712,3.1411505297182494
226.64759729399975,225959000000,inner_middle_cross_reverse,3.462819614249938,5.461513532244725,0.6340402882471101,route/left from camera_sign_turn_left: inner_middle_cross_reverse delta=+92.1deg,,,,camera_sign_turn_right,camera_sign_turn_left,False,False,0.28,0.28,green,green,green,110.30704441930044,125.8,3.141592653589793,107.80178150320582,125.82050941992311,3.1410601790066273
226.74831476500003,226059000000,inner_middle_cross_reverse,3.4907961294530008,5.461513532244725,0.6391627721589214,route/left from camera_sign_turn_left: inner_middle_cross_reverse delta=+92.1deg,,,,camera_sign_turn_right,camera_sign_turn_left,False,False,0.28,0.28,green,green,green,109.11337977063643,125.8,3.141592653589793,106.60867162337112,125.82028395940455,3.141004492831078
226.8486359689996,226160000000,inner_middle_cross_reverse,3.519053547599558,5.461513532244725,0.6443366892388162,route/left from camera_sign_turn_left: inner_middle_cross_reverse delta=+92.1deg,,,,camera_sign_turn_right,camera_sign_turn_left,False,False,0.28,0.28,green,green,green,107.90772992971665,125.8,3.141592653589793,105.41547024453118,125.82002270518865,3.1409399980664414
227.0504146100002,226362000000,inner_middle_cross_reverse,3.5755718174167623,5.461513532244725,0.6546851520749001,route/left from camera_sign_turn_left: inner_middle_cross_reverse delta=+92.1deg,,,,camera_sign_turn_right,camera_sign_turn_left,False,False,0.28,0.28,green,green,green,105.49628375084927,125.8,3.141592653589793,103.02876982637964,125.81943501979666,3.140794998068106
227.15169796699956,226462000000,inner_middle_cross_reverse,3.6035474142169432,5.461513532244725,0.6598074678276695,route/left from camera_sign_turn_left: inner_middle_cross_reverse delta=+92.1deg,,,,camera_sign_turn_right,camera_sign_turn_left,False,False,0.28,0.28,green,yellow,yellow,104.30265828737488,125.8,3.141592653589793,101.8352426610333,125.81909632484734,3.1406925009662388
227.25156801899993,226562000000,inner_middle_cross_reverse,3.6315292367266614,5.461513532244725,0.66493092350429,route/left from camera_sign_turn_left: inner_middle_cross_reverse delta=+92.1deg,,,,camera_sign_turn_right,camera_sign_turn_left,False,False,0.28,0.28,green,yellow,yellow,103.10876719362692,125.8,3.141592653589793,100.64162000881653,125.81852022336626,3.1405341602787784
227.35279399499996,226663000000,inner_middle_cross_reverse,3.659796983626707,5.461513532244725,0.6701067317730331,route/left from camera_sign_turn_left: inner_middle_cross_reverse delta=+92.1deg,,,,camera_sign_turn_right,camera_sign_turn_left,False,False,0.28,0.28,green,,,101.90267665922498,125.8,3.141592653589793,99.44758269110271,125.8177742069143,3.140355053096859
227.55314317099965,226863000000,inner_middle_cross_reverse,3.715781325184565,5.461513532244725,0.6803574326506062,route/left from camera_sign_turn_left: inner_middle_cross_reverse delta=+92.1deg,,,,camera_sign_turn_right,camera_sign_turn_left,False,False,0.28,0.28,green,,,99.51401141942303,125.8,3.141592653589793,97.05939914902574,125.8156837761255,3.1400259680111096
227.65402601799997,226963000000,inner_middle_cross_reverse,3.7437749670060487,5.461513532244725,0.685483052436442,route/left from camera_sign_turn_left: inner_middle_cross_reverse delta=+92.1deg,,,,camera_sign_turn_right,camera_sign_turn_left,False,False,0.28,0.28,green,,,98.31961603503972,125.8,3.141592653589793,95.86513718662803,125.81426824544545,3.139931459256191
227.8559481579996,227165000000,inner_middle_cross_reverse,3.8003234776557355,5.461513532244725,0.695837052351635,route/left from camera_sign_turn_left: inner_middle_cross_reverse delta=+92.1deg,,,,camera_sign_turn_right,camera_sign_turn_left,False,False,0.28,0.28,green,,,95.90687958065308,125.8,3.141592653589793,93.4768865461929,125.81079293613705,3.139916240555173
228.05687390999992,227367000000,inner_middle_cross_reverse,3.856772958202657,5.461513532244725,0.7061729199117251,route/left from camera_sign_turn_left: inner_middle_cross_reverse delta=+92.1deg,,,,camera_sign_turn_right,camera_sign_turn_left,False,False,0.28,0.28,green,,,93.4983684106511,125.8,3.141592653589793,91.09002845814504,125.80666249629411,3.140024846143409
228.2577715489997,227567000000,inner_middle_cross_reverse,3.9126827456027398,5.461513532244725,0.7164099699657059,route/left from camera_sign_turn_left: inner_middle_cross_reverse delta=+92.1deg,,,,camera_sign_turn_right,camera_sign_turn_left,False,False,0.28,0.28,green,,,91.11288414824756,125.8,3.141592653589793,88.7031124863147,125.80260494882562,3.1402437096294444
228.35880272799932,227669000000,inner_middle_cross_reverse,3.941221572133157,5.461513532244725,0.7216354127595257,route/left from camera_sign_turn_left: inner_middle_cross_reverse delta=+92.1deg,,,,camera_sign_speed_limit,camera_sign_turn_left,False,False,0.28,0.28,green,green,green,89.89522754961644,125.8,3.141592653589793,87.50934616537164,125.80053678681696,3.140480191630068
228.559956522,227869000000,inner_middle_cross_reverse,3.9971847240268032,5.461513532244725,0.7318822338217167,route/left from camera_sign_turn_left: inner_middle_cross_reverse delta=+92.1deg,,,,camera_sign_turn_right,camera_sign_speed_limit,False,False,0.28,0.28,green,green,green,87.5074664021542,125.8,3.141592653589793,85.12185938302414,125.79747738677504,3.1408882643779883
228.76101293200009,228063000000,inner_middle_cross_reverse,4.051472926004762,5.461513532244725,0.7418223725135723,route/left from camera_sign_turn_left: inner_middle_cross_reverse delta=+92.1deg,,,,camera_sign_turn_right,camera_sign_speed_limit,False,False,0.28,0.28,green,green,green,85.19116978442796,125.8,3.141592653589793,82.73517847056019,125.79533639502449,3.1411515478858636
228.86898788799954,228164000000,inner_middle_cross_reverse,4.079717090088866,5.461513532244725,0.7469938627822222,route/left from camera_sign_turn_left: inner_middle_cross_reverse delta=+92.1deg,,,,camera_sign_turn_right,camera_sign_speed_limit,False,False,0.28,0.28,green,,,83.98608545017285,125.8,3.141592653589793,81.30275892803877,125.79443145989578,3.1413199255394733
228.96124468800008,228268000000,inner_middle_cross_reverse,4.108822526904842,5.461513532244725,0.7523230515948359,route/left from camera_sign_turn_left: inner_middle_cross_reverse delta=+92.1deg,,,,camera_sign_turn_left,camera_sign_speed_limit,False,False,0.28,0.28,green,,,82.74425347935787,125.8,3.141592653589793,80.34759663321393,125.79399016262127,3.1414332636267868
229.06215862599947,228368000000,inner_middle_cross_reverse,4.136810253087229,5.461513532244725,0.7574475882305408,route/left from camera_sign_turn_left: inner_middle_cross_reverse delta=+92.1deg,,,,camera_sign_turn_left,camera_sign_speed_limit,False,False,0.28,0.28,green,,,81.55011049557604,125.8,3.141592653589793,79.15359755617857,125.79369565890406,3.1415629338967768
229.16211868699975,228470000000,inner_middle_cross_reverse,4.1653589225277114,5.461513532244725,0.7626748332555566,route/left from camera_sign_turn_left: inner_middle_cross_reverse delta=+92.1deg,,,,camera_sign_turn_left,camera_sign_speed_limit,False,False,0.28,0.28,green,,,80.33203393278211,125.8,3.141592653589793,77.95981545844171,125.79354665709103,-3.1415255797937296
229.2627740959997,228573000000,inner_middle_cross_reverse,4.1941849480404025,5.461513532244725,0.7679528620185547,route/left from camera_sign_turn_left: inner_middle_cross_reverse delta=+92.1deg,,,,camera_sign_turn_left,camera_sign_speed_limit,False,False,0.28,0.28,green,,,79.10212351090729,125.8,3.141592653589793,76.52724534386377,125.79347339384717,-3.14145583827449
229.46475237999948,228771000000,inner_middle_cross_reverse,4.249468215206362,5.461513532244725,0.7780751965764695,route/left from camera_sign_turn_left: inner_middle_cross_reverse delta=+92.1deg,,,,camera_sign_turn_left,camera_sign_speed_limit,False,False,0.28,0.28,green,,,76.74337077849302,125.8,3.141592653589793,74.37855768677437,125.7936940115202,-3.1413270608175403
229.5656784490002,228872000000,inner_middle_cross_reverse,4.277746158871924,5.461513532244725,0.7832528718671392,route/left from camera_sign_turn_left: inner_middle_cross_reverse delta=+92.1deg,,,,,camera_sign_speed_limit,False,False,0.28,0.28,green,,,75.5368451820957,125.8,3.141592653589793,72.94605569929053,125.79400412812977,-3.1412259332383936
229.66545372499968,228972000000,inner_middle_cross_reverse,4.305739627044134,5.461513532244725,0.7883784598578925,route/left from camera_sign_turn_left: inner_middle_cross_reverse delta=+92.1deg,,,,,camera_sign_speed_limit,False,False,0.28,0.28,green,,,74.3424572067481,125.8,3.141592653589793,71.99062189335191,125.79420672888291,-3.1411703420912387
229.767140895,229072000000,inner_middle_cross_reverse,4.333734339715286,5.461513532244725,0.7935042757156893,route/left from camera_sign_turn_left: inner_middle_cross_reverse delta=+92.1deg,,,,,camera_sign_speed_limit,False,False,0.28,0.28,yellow,,,73.14801613277893,125.8,3.141592653589793,70.79620179735477,125.79449808623434,-3.1410984666726964
229.8655854059998,229173000000,inner_middle_cross_reverse,4.3620143397152855,5.461513532244725,0.7986823275200169,route/left from camera_sign_turn_left: inner_middle_cross_reverse delta=+92.1deg,,,,,camera_sign_speed_limit,False,False,0.28,0.28,yellow,,,71.94140279944563,125.8,3.141592653589793,69.36365443386967,125.7951045624283,-3.141022861119938
229.96674529899974,229273000000,inner_middle_cross_reverse,4.389964152840005,5.461513532244725,0.8037999222965754,route/left from camera_sign_turn_left: inner_middle_cross_reverse delta=+92.1deg,,,,,camera_sign_speed_limit,False,False,0.28,0.28,yellow,,,70.7488774394576,125.8,3.141592653589793,68.1698166222616,125.7956076609158,-3.1409458280549916
230.0675745009994,229376000000,inner_middle_cross_reverse,4.4187215455825575,5.461513532244725,0.8090653844386665,route/left from camera_sign_turn_left: inner_middle_cross_reverse delta=+92.1deg,,,,,camera_sign_speed_limit,False,False,0.28,0.28,yellow,,,69.52189534910869,125.8,3.141592653589793,66.97625621277294,125.79626049516105,-3.140890571586068
230.1702769550002,229476000000,inner_middle_cross_reverse,4.4467057989466525,5.461513532244725,0.8141892852033311,route/left from camera_sign_turn_left: inner_middle_cross_reverse delta=+92.1deg,,,,,camera_sign_speed_limit,False,False,0.28,0.28,yellow,,,68.3279005389073,125.8,3.141592653589793,65.7830551746915,125.79699018767327,-3.140853465992082
230.36935609099964,229674000000,inner_middle_cross_reverse,4.502097703133855,5.461513532244725,0.82433151113762,route/left from camera_sign_turn_left: inner_middle_cross_reverse delta=+92.1deg,,,,,camera_sign_speed_limit,False,False,0.28,0.28,yellow,,,65.96451262691997,125.8,3.141592653589793,63.39614277946292,125.79841679894838,-3.140600375470171
230.4693999179999,229775000000,inner_middle_cross_reverse,4.530330485345676,5.461513532244725,0.8295009173919733,route/left from camera_sign_turn_left: inner_middle_cross_reverse delta=+92.1deg,,,,,camera_sign_speed_limit,False,False,0.28,0.28,yellow,,,64.75991391921562,125.8,3.141592653589793,62.202722759070156,125.79925446726043,-3.140409834831738
230.569580847,229877000000,inner_middle_cross_reverse,4.558834090448311,5.461513532244725,0.8347199111625372,route/left from camera_sign_turn_left: inner_middle_cross_reverse delta=+92.1deg,,,,,camera_sign_speed_limit,False,False,0.28,0.28,yellow,,,63.543760101503196,125.8,3.141592653589793,61.009538677551674,125.80024864434502,-3.140216819633365
230.77207460199952,230078000000,inner_middle_cross_reverse,4.614992850357265,5.461513532244725,0.8450025479403082,route/left from camera_sign_turn_left: inner_middle_cross_reverse delta=+92.1deg,,,,,camera_sign_speed_limit,False,False,0.28,0.28,red,,,61.147653012054505,125.8,3.141592653589793,58.623619686930454,125.80347935526314,-3.1400719575870033
230.97208067300016,230278000000,inner_middle_cross_reverse,4.67086052796793,5.461513532244725,0.8552318877159625,route/left from camera_sign_turn_left: inner_middle_cross_reverse delta=+92.1deg,,,,,camera_sign_speed_limit,False,False,0.28,0.28,red,,,58.763965433999445,125.8,3.141592653589793,56.23819569005825,125.80758174528269,-3.140213128251224
231.0727524269996,230381000000,inner_middle_cross_reverse,4.699629755973347,5.461513532244725,0.860499516887906,route/left from camera_sign_turn_left: inner_middle_cross_reverse delta=+92.1deg,,,,,camera_sign_speed_limit,False,False,0.28,0.28,red,,,57.536478372435,125.8,3.141592653589793,55.04559988014583,125.80967480079894,-3.1403424863246383
231.1734110769994,230485000000,inner_middle_cross_reverse,4.727316514082691,5.461513532244725,0.8655689464417984,route/left from camera_sign_turn_left: inner_middle_cross_reverse delta=+92.1deg,,,,,camera_sign_speed_limit,False,False,0.28,0.28,red,,,56.355176693102976,125.8,3.141592653589793,53.89421860719874,125.76060885914842,-3.123242603866435
231.37397172999954,230674000000,inner_middle_cross_reverse,4.774958602360018,5.461513532244725,0.8742921855212309,route/left from camera_sign_turn_left: inner_middle_cross_reverse delta=+92.1deg,,,,,camera_sign_speed_limit,False,False,0.28,0.28,red,,,54.32244759327038,125.8,3.141592653589793,51.738297859382826,125.56274635172511,-3.0273105144610044
231.57494686999962,230871000000,inner_middle_cross_reverse,4.822232455555595,5.461513532244725,0.8829480009680796,route/left from camera_sign_turn_left: inner_middle_cross_reverse delta=+92.1deg,,,,,camera_sign_speed_limit,False,False,0.28,0.28,red,,,52.305429856925755,125.8,3.141592653589793,49.87312457128287,125.46433835626999,-2.903509766794235
231.77555166000002,231070000000,inner_middle_cross_reverse,4.869601923625584,5.461513532244725,0.8916213234436755,route/left from camera_sign_turn_left: inner_middle_cross_reverse delta=+92.1deg,,,,,camera_sign_speed_limit,False,False,0.28,0.28,red,,,50.2843325526062,125.8,3.141592653589793,47.83205777409006,125.59831092249472,-2.755948191697977
231.87701144899984,231175000000,inner_middle_cross_reverse,4.89466846935155,5.461513532244725,0.8962109936107405,route/left from camera_sign_turn_left: inner_middle_cross_reverse delta=+92.1deg,,,,,camera_sign_speed_limit,False,False,0.28,0.28,red,,,49.21482660163167,125.8,3.141592653589793,46.62379011012786,125.82987761681069,-2.669743157918357
232.07909041099992,231372000000,inner_middle_cross_reverse,4.942938086628989,5.461513532244725,0.9050491328907141,route/left from camera_sign_turn_left: inner_middle_cross_reverse delta=+92.1deg,,,,,camera_sign_speed_limit,False,False,0.28,0.28,red,green,green,47.1553229311276,125.8,-2.8573565708969393,44.65893963844606,126.4997683917932,-2.543066378205312
232.17782050699952,231473000000,inner_middle_cross_reverse,4.9680088544230045,5.461513532244725,0.9096395761160211,route/left from camera_sign_turn_left: inner_middle_cross_reverse delta=+92.1deg,,,,,camera_sign_speed_limit,False,False,0.28,0.28,red,green,green,46.08563683858294,125.8,-2.599293711410542,43.7078750591255,126.95994355139268,-2.4889845555510686
232.3790336229995,231673000000,inner_middle_cross_reverse,5.018660766926827,5.461513532244725,0.9189139122876288,route/left from camera_sign_turn_left: inner_middle_cross_reverse delta=+92.1deg,,,,,camera_sign_speed_limit,False,False,0.28,0.28,red,green,green,44.23949857584306,126.56050142415694,-2.3561944901923466,41.877072430809264,128.101427982694,-2.397850127935155
232.47924733699983,231773000000,inner_middle_cross_reverse,5.044727509846738,5.461513532244725,0.9236867179881024,route/left from camera_sign_turn_left: inner_middle_cross_reverse delta=+92.1deg,,,,,camera_sign_speed_limit,False,False,0.28,0.28,red,green,green,43.45306782673944,127.34693217326056,-2.3561944901923444,41.00098718578492,128.77894797605586,-2.3643758071190843
232.58071528399978,231874000000,inner_middle_cross_reverse,5.071496955571598,5.461513532244725,0.9285881881697312,route/left from camera_sign_turn_left: inner_middle_cross_reverse delta=+92.1deg,,,,,camera_sign_speed_limit,False,False,0.28,0.28,red,green,green,42.64543661177824,128.15456338822176,-2.3561944901923466,40.149338501771936,129.5161044519468,-2.338928986856864
232.68138468399957,231975000000,inner_middle_cross_reverse,5.098551733006193,5.461513532244725,0.933541902424006,route/left from camera_sign_turn_left: inner_middle_cross_reverse delta=+92.1deg,,,,,camera_sign_speed_limit,False,False,0.28,0.28,red,green,green,41.82919697071178,128.97080302928822,-2.356194490192346,39.31586596194887,130.29820302567822,-2.3189990173734767
232.78166230899933,232076000000,inner_middle_cross_reverse,5.124796198702784,5.461513532244725,0.9383472490631095,route/left from camera_sign_turn_left: inner_middle_cross_reverse delta=+92.1deg,,,,,camera_sign_speed_limit,False,False,0.28,0.28,red,green,green,41.03740434510422,129.7625956548958,-2.3561944901923466,38.49512855698356,131.0332111820165,-2.2829599323913725
232.88216378000016,232176000000,inner_middle_cross_reverse,5.150094754189154,5.461513532244725,0.9429794000844349,route/left from camera_sign_turn_left: inner_middle_cross_reverse delta=+92.1deg,,,,,camera_sign_speed_limit,False,False,0.28,0.28,red,green,green,40.274149725855736,130.52585027414426,-2.356194490192346,37.6900200444381,131.74041699701417,-2.232238768641462
232.98275770100008,232278000000,inner_middle_cross_reverse,5.1748265833736875,5.461513532244725,0.9475077838444526,route/left from camera_sign_turn_left: inner_middle_cross_reverse delta=+92.1deg,,,,,camera_sign_speed_limit,False,False,0.28,0.28,red,green,green,39.5279931764144,131.2720068235856,-2.356194490192346,36.91299651178856,132.44382827992703,-2.170107115073651
233.08505034399968,232378000000,inner_middle_cross_reverse,5.198718400685414,5.461513532244725,0.9518823619116257,route/left from camera_sign_turn_left: inner_middle_cross_reverse delta=+92.1deg,,,,,camera_sign_speed_limit,False,False,0.28,0.28,red,green,green,38.807179692212074,131.99282030778792,-2.356194490192346,36.17887592468469,133.1603199382645,-2.1009213562297346
233.29500961599933,232579000000,inner_middle_cross_reverse,5.24648579408839,5.461513532244725,0.9606285442878036,route/left from camera_sign_turn_left: inner_middle_cross_reverse delta=+92.1deg,,,,camera_sign_turn_right,camera_sign_speed_limit,False,False,0.28,0.28,red,green,green,37.36604271963181,133.4339572803682,-2.3561944901923466,34.86265623220011,134.70902641604894,-1.9550061175624602
233.38438286699966,232680000000,inner_middle_cross_reverse,5.270592981887243,5.461513532244725,0.965042556567829,route/left from camera_sign_turn_left: inner_middle_cross_reverse delta=+92.1deg,,,,camera_sign_turn_right,camera_sign_speed_limit,False,False,0.28,0.28,red,green,green,36.6387315316678,134.1612684683322,-2.3561944901923466,34.29282133746288,135.5647027805048,-1.8836278102786947
233.58462712799974,232877000000,inner_middle_cross_reverse,5.319178748646299,5.461513532244725,0.9739385826368309,route/left from camera_sign_turn_left: inner_middle_cross_reverse delta=+92.1deg,,,,camera_sign_turn_right,camera_sign_speed_limit,False,False,0.28,0.28,red,green,green,35.17290432550347,135.62709567449653,-2.283686597738151,33.363851324268396,137.43059005630948,-1.752424278404991
