t_wall,stamp_ns,segment,distance_on_segment_m,segment_length_m,segment_progress,parking_route,terminal_stop,stopped_at_terminal,decision,pending_maneuver,pending_source,visible_instruction,applied_instruction,x,y,yaw,yaw_jump,map_x,map_y,command_yaw,command_map_x,command_map_y,actual_yaw,actual_yaw_jump,actual_map_x,actual_map_y,effective_speed_mps,active_speed_mps
11.768999459000042,605000000,outer_top_left_corner_reverse,0.16940000000000002,0.6498731733130747,0.2606662452865892,False,False,False,route/default,,,,,-1.9878168696318805,2.15625,-2.8648237206687135,0.0,43.18648022903976,48.8,-2.8648237206687135,43.18648022903976,48.8,-2.8648237206687135,0.0,43.18648022903976,48.8,0.28,0.28
11.867756100000406,712000000,outer_top_left_corner_reverse,0.19936000000000004,0.6498731733130747,0.306767548171986,False,False,False,route/default,,,,,-2.0177768696318807,2.15625,-2.557472723164818,0.3073509975038955,41.90818689570642,48.8,-2.8648237206687135,43.18648022903976,48.8,-2.557472723164818,0.0,41.90818689570642,48.8,0.28,0.28
11.969370589000391,816000000,outer_top_left_corner_reverse,0.22848000000000004,0.6498731733130747,0.35157629116339967,False,False,False,route/default,,,,,-2.044602235893025,2.150710264106975,-2.356194490192345,0.20127823297247316,40.76363793523093,49.036362064769065,-2.8190277206687133,41.90818689570642,48.8,-2.356194490192345,0.0,40.76363793523093,49.036362064769065,0.28,0.28
12.170161319001636,1014000000,outer_top_left_corner_reverse,0.28392000000000006,0.6498731733130747,0.43688524416628344,False,False,False,route/default,,,,,-2.083804235842007,2.111508264157993,-2.356194490192345,0.0,39.09101927074103,50.70898072925897,-2.6084917206687135,39.927328602985995,49.872671397014,-2.356194490192345,0.0,39.09101927074103,50.70898072925897,0.28,0.28
12.270747769000081,1114000000,outer_top_left_corner_reverse,0.3119200000000001,0.6498731733130747,0.4799705739657197,False,False,False,route/default,,,camera_sign_turn_right,,-2.10360322571523,2.09170927428477,-2.356194490192345,0.0,38.24626236948352,51.553737630516494,-2.4465277206687133,39.09101927074103,50.70898072925897,-2.356194490192345,0.0,38.24626236948352,51.553737630516494,0.28,0.28
12.371716808000201,1214000000,outer_top_left_corner_reverse,0.3399200000000001,0.6498731733130747,0.523055903765156,False,False,False,route/default,,,camera_sign_turn_right,,-2.1234022155884538,2.0719102844115462,-2.356194490192345,0.0,37.40150546822598,52.398494531774034,-2.356194490192345,38.24626236948352,51.553737630516494,-2.356194490192345,0.0,37.40150546822598,52.398494531774034,0.28,0.28
12.57267957500153,1416000000,outer_top_left_corner_reverse,0.39648000000000017,0.6498731733130747,0.6100882699600172,False,False,False,route/default,,,camera_sign_turn_right,,-2.1633961751323647,2.0319163248676353,-2.356194490192347,-2.220446049250313e-15,35.69509652768578,54.104903472314234,-2.356194490192345,36.565196135981026,53.23480386401897,-2.356194490192347,0.0,35.69509652768578,54.104903472314234,0.28,0.28
12.673192113001278,1518000000,outer_top_left_corner_reverse,0.4250400000000002,0.6498731733130747,0.6540353063554422,False,False,False,route/default,,,camera_sign_turn_right,,-2.1835911448030525,2.0117213551969475,-2.1753550716594425,0.18083941853290453,34.83344448840309,54.96655551159691,-2.356194490192347,35.69509652768578,54.104903472314234,-2.1753550716594425,0.0,34.83344448840309,54.96655551159691,0.28,0.28
12.873858661001577,1717000000,outer_top_left_corner_reverse,0.48076000000000024,0.6498731733130747,0.7397751126563203,False,False,False,route/default,,,camera_sign_turn_right,,-2.222991134650767,1.9723213653492329,-1.6162481127958856,0.5591069588635569,33.15237825490061,56.6476217450994,-2.2361784901923514,34.00558272517071,55.794417274829286,-1.6162481127958856,0.0,33.15237825490061,56.6476217450994,0.28,0.28
13.07495413900142,1919000000,outer_top_left_corner_reverse,0.5373200000000002,0.6498731733130747,0.8268074788511816,False,False,False,route/default,,,camera_sign_turn_right,,-2.2265625,1.9172406733130745,-1.5707963267948966,0.04545178600098909,33.0,58.997731271975496,-1.9561744901923557,33.0,57.767224605308826,-1.5707963267948966,0.0,33.0,58.997731271975496,0.28,0.28
13.180488792000688,2021000000,outer_top_left_corner_reverse,0.5658800000000003,0.6498731733130747,0.8707545152466065,False,False,False,route/default,,,camera_sign_turn_right,,-2.2265625,1.8886806733130745,-1.5707963267948966,0.0,33.0,60.21629127197549,-1.7707744901923557,33.0,58.997731271975496,-1.5707963267948966,0.0,33.0,60.21629127197549,0.28,0.28
13.376534550001452,2221000000,outer_top_left_corner_reverse,0.6218800000000002,0.6498731733130747,0.9569251748454789,False,False,False,route/default,,,camera_sign_turn_right,,-2.2265625,1.8326806733130745,-1.587461721627483,-0.016665394832586333,33.0,62.60562460530882,-1.5780402697331746,33.0,61.351224605308815,-1.587461721627483,0.0,33.0,62.60562460530882,0.28,0.28
13.486109020001095,2322000000,outer_left_upper_to_top_reverse,0.00028682668692550997,0.9143629313967732,0.00031369019573809266,False,False,False,route/default: outer_left_upper_to_top_reverse,,,camera_sign_turn_right,,-2.2265698521139625,1.804400767555458,-1.5964317353165756,-0.008970013689092669,32.99968630980426,63.81223391763379,-1.587461721627483,33.0,62.60562460530882,-1.5964317353165756,0.0,32.99968630980426,63.81223391763379,0.28,0.28
13.681222875000458,2521000000,outer_left_upper_to_top_reverse,0.05600682668692552,0.9143629313967732,0.06125229355193781,False,False,False,route/default: outer_left_upper_to_top_reverse,,,camera_sign_turn_right,,-2.2279981006301237,1.7486990754251819,-1.59643173531657,5.551115123125783e-15,32.938747706448055,66.18883944852558,-1.5964317353165756,32.96937012019491,64.99456531239906,-1.59643173531657,0.0,32.938747706448055,66.18883944852558,0.28,0.28
13.87835504800023,2720000000,outer_left_upper_to_top_reverse,0.11172682668692552,0.9143629313967732,0.1221908969081375,False,False,False,route/default: outer_left_upper_to_top_reverse,,,camera_sign_turn_right,,-2.2294263491462845,1.6929973832949057,-1.5964317353165756,-5.551115123125783e-15,32.87780910309186,68.56544497941735,-1.5964317353165756,32.908737740976164,67.35922810192957,-1.5964317353165756,0.0,32.87780910309186,68.56544497941735,0.28,0.28
13.981705395000972,2820000000,outer_left_upper_to_top_reverse,0.13972682668692551,0.9143629313967732,0.15281331065497153,False,False,False,route/default: outer_left_upper_to_top_reverse,,,camera_sign_turn_right,,-2.230144061968476,1.66500658322944,-1.5964317353165756,0.0,32.84718668934504,69.7597191155439,-1.5964317353165756,32.87780910309186,68.56544497941735,-1.5964317353165756,0.0,32.84718668934504,69.7597191155439,0.28,0.28
14.080203848001474,2920000000,outer_left_upper_to_top_reverse,0.1677268266869255,0.9143629313967732,0.18343572440180556,False,False,False,route/default: outer_left_upper_to_top_reverse,,,camera_sign_turn_right,,-2.230861774790667,1.6370157831639747,-1.5964317353165756,0.0,32.816564275598196,70.95399325167043,-1.5964317353165756,32.84718668934504,69.7597191155439,-1.5964317353165756,0.0,32.816564275598196,70.95399325167043,0.28,0.28
14.181973030001245,3021000000,outer_left_upper_to_top_reverse,0.1960068266869255,0.9143629313967732,0.21436436228610792,False,False,False,route/default: outer_left_upper_to_top_reverse,,,camera_sign_turn_right,,-2.2315866647410805,1.6087450750978545,-1.5964317353165756,0.0,32.785635637713895,72.1602101291582,-1.5964317353165756,32.816564275598196,70.95399325167043,-1.5964317353165756,0.0,32.785635637713895,72.1602101291582,0.28,0.28
14.28118243100107,3125000000,outer_left_upper_to_top_reverse,0.22512682668692552,0.9143629313967732,0.2462116725828153,False,False,False,route/default: outer_left_upper_to_top_reverse,,,camera_sign_turn_right,,-2.2323330860761597,1.5796346430297703,-1.5964317353165756,0.0,32.75378832741718,73.40225523072979,-1.5964317353165756,32.785635637713895,72.1602101291582,-1.5964317353165756,0.0,32.75378832741718,73.40225523072979,0.28,0.28
14.486187778000385,3321000000,outer_left_upper_to_top_reverse,0.28000682668692556,0.9143629313967732,0.30623160352661,False,False,False,route/default: outer_left_upper_to_top_reverse,,,camera_sign_turn_right,,-2.233739803207655,1.524772674901458,-1.5964317353165756,0.0,32.69376839647339,75.7430325375378,-1.59643173531657,32.72377836194528,74.57264388413381,-1.5964317353165756,0.0,32.69376839647339,75.7430325375378,0.28,0.28
14.583247123000547,3425000000,outer_left_upper_to_top_reverse,0.3091268266869256,0.9143629313967732,0.33807891382331745,False,False,False,route/default: outer_left_upper_to_top_reverse,,,camera_sign_turn_right,,-2.234486224542734,1.495662242833374,-1.59643173531657,5.551115123125783e-15,32.661921086176676,76.98507763910939,-1.5964317353165756,32.69376839647339,75.7430325375378,-1.59643173531657,0.0,32.661921086176676,76.98507763910939,0.28,0.28
14.68370212100126,3526000000,outer_left_upper_to_top_reverse,0.3374068266869256,0.9143629313967732,0.36900755170761984,False,False,False,route/default: outer_left_upper_to_top_reverse,,,camera_sign_turn_right,,-2.2352111144931475,1.4673915347672537,-1.59643173531657,0.0,32.630992448292375,78.19129451659717,-1.59643173531657,32.661921086176676,76.98507763910939,-1.59643173531657,0.0,32.630992448292375,78.19129451659717,0.28,0.28
14.88462073500159,3724000000,outer_left_upper_to_top_reverse,0.39284682668692567,0.9143629313967732,0.4296399309263512,False,False,False,route/default: outer_left_upper_to_top_reverse,,,camera_sign_turn_right,,-2.2366321858810863,1.411969750637632,-1.5964317353165756,-5.551115123125783e-15,32.57036006907366,80.55595730612771,-1.5964317353165756,32.60067625868301,79.37362591136244,-1.5964317353165756,0.0,32.57036006907366,80.55595730612771,0.28,0.28
14.985132441001042,3828000000,outer_left_upper_to_top_reverse,0.42196682668692564,0.9143629313967732,0.4614872412230586,False,False,False,route/default: outer_left_upper_to_top_reverse,,,camera_sign_turn_right,,-2.2373786072161654,1.382859318569548,-1.5964317353165756,0.0,32.538512758776946,81.7980024076993,-1.5964317353165756,32.57036006907366,80.55595730612771,-1.5964317353165756,0.0,32.538512758776946,81.7980024076993,0.28,0.28
15.186038871001074,4024000000,outer_left_upper_to_top_reverse,0.4768468266869257,0.9143629313967732,0.5215071721668534,False,False,False,route/default: outer_left_upper_to_top_reverse,,,camera_sign_turn_right,,-2.2387853243476608,1.3279973504412355,-1.59643173531657,5.551115123125783e-15,32.478492827833136,84.13877971450728,-1.5964317353165756,32.508502793305055,82.96839106110329,-1.59643173531657,0.0,32.478492827833136,84.13877971450728,0.28,0.28
15.286928330000592,4124000000,outer_left_upper_to_top_reverse,0.5048468266869257,0.9143629313967732,0.5521295859136874,False,False,False,route/default: outer_left_upper_to_top_reverse,,,camera_sign_turn_right,,-2.239503037169852,1.30000655037577,-1.5964317353165756,-5.551115123125783e-15,32.44787041408631,85.3330538506338,-1.59643173531657,32.478492827833136,84.13877971450728,-1.5964317353165756,0.0,32.44787041408631,85.3330538506338,0.28,0.28
15.387789215999874,4225000000,outer_left_upper_to_top_reverse,0.5331268266869257,0.9143629313967732,0.5830582237979897,False,False,False,route/default: outer_left_upper_to_top_reverse,,,camera_sign_turn_right,,-2.2402279271202654,1.27173584230965,-1.5964317353165756,0.0,32.41694177620201,86.53927072812161,-1.5964317353165756,32.44787041408631,85.3330538506338,-1.5964317353165756,0.0,32.41694177620201,86.53927072812161,0.28,0.28
15.488057718001073,4328000000,outer_left_upper_to_top_reverse,0.5619668266869257,0.9143629313967732,0.6145993099572288,False,False,False,route/default: outer_left_upper_to_top_reverse,,,camera_sign_turn_right,,-2.2409671713271226,1.2429053182422205,-1.5964317353165756,0.0,32.38540069004277,87.76937308833192,-1.5964317353165756,32.41694177620201,86.53927072812161,-1.5964317353165756,0.0,32.38540069004277,87.76937308833192,0.28,0.28
15.593810532000134,4429000000,outer_left_upper_to_top_reverse,0.5902468266869256,0.9143629313967732,0.6455279478415311,False,False,False,route/default: outer_left_upper_to_top_reverse,,,camera_sign_turn_right,,-2.241692061277536,1.2146346101761005,-1.5964317353165756,0.0,32.35447205215847,88.97558996581972,-1.5964317353165756,32.38540069004277,87.76937308833192,-1.5964317353165756,0.0,32.35447205215847,88.97558996581972,0.28,0.28
15.690443496001535,4531000000,outer_left_upper_to_top_reverse,0.6188068266869257,0.9143629313967732,0.6767628098633018,False,False,False,route/default: outer_left_upper_to_top_reverse,,,camera_sign_turn_right,,-2.242424128356171,1.1860839941093255,-1.5964317353165756,0.0,32.323237190136695,90.19374958466878,-1.5964317353165756,32.35447205215847,88.97558996581972,-1.5964317353165756,0.0,32.323237190136695,90.19374958466878,0.28,0.28
15.891050953001468,4729000000,outer_left_upper_to_top_reverse,0.6742468266869256,0.9143629313967732,0.737395189082033,False,False,False,route/default: outer_left_upper_to_top_reverse,,,camera_sign_turn_right,,-2.24384519974411,1.1306622099797041,-1.5964317353165756,0.0,32.26260481091798,92.55841237419929,-1.5964317353165756,32.29292100052733,91.37608097943402,-1.5964317353165756,0.0,32.26260481091798,92.55841237419929,0.28,0.28
16.091003862000434,4930000000,outer_left_upper_to_top_reverse,0.7305268266869256,0.9143629313967732,0.7989462407131694,False,False,False,route/default: outer_left_upper_to_top_reverse,,,camera_sign_turn_right,,-2.245287802516715,1.0744007018481185,-1.59643173531657,5.551115123125783e-15,32.20105375928682,94.95890338781362,-1.59643173531657,32.23259484544606,93.72880102760328,-1.59643173531657,0.0,32.20105375928682,94.95890338781362,0.28,0.28
16.192625102999955,5031000000,outer_left_upper_to_top_reverse,0.7588068266869256,0.9143629313967732,0.8298748785974718,False,False,False,route/default: outer_left_upper_to_top_reverse,,,camera_sign_turn_right,,-2.2460126924671284,1.0461299937819986,-1.59643173531657,0.0,32.17012512140252,96.1651202653014,-1.59643173531657,32.20105375928682,94.95890338781362,-1.59643173531657,0.0,32.17012512140252,96.1651202653014,0.28,0.28
16.292417579999892,5134000000,outer_left_upper_to_top_reverse,0.7876468266869255,0.9143629313967732,0.8614159647567108,False,False,False,route/default: outer_left_upper_to_top_reverse,,,camera_sign_speed_limit,,-2.246751936673985,1.017299469714569,-1.5964317353165756,-5.551115123125783e-15,32.1385840352433,97.39522262551172,-1.59643173531657,32.17012512140252,96.1651202653014,-1.5964317353165756,0.0,32.1385840352433,97.39522262551172,0.28,0.28
16.493531838999843,5335000000,outer_left_upper_to_top_reverse,0.8439268266869255,0.9143629313967732,0.9229670163878472,False,False,False,route/default: outer_left_upper_to_top_reverse,,,camera_sign_speed_limit,,-2.2481945394465903,0.9610379615829835,-1.590223634537136,0.006208100779439452,32.07703298361214,99.79571363912603,-1.59643173531657,32.10826784563392,98.57755402027698,-1.590223634537136,0.0,32.07703298361214,99.79571363912603,0.28,0.28
16.695798332000777,5535000000,outer_left_upper_to_top_reverse,0.8999268266869255,0.9143629313967732,0.9842118438815152,False,False,False,route/default: outer_left_upper_to_top_reverse,,,camera_sign_speed_limit,,-2.249629965090973,0.9050563614520526,-1.553857967318389,0.03636566721874712,32.01578815611849,102.1842619113791,-1.5725868685603084,32.047329242277726,100.95415955116877,-1.553857967318389,0.0,32.01578815611849,102.1842619113791,0.28,0.28
16.797078749999855,5630000000,outer_left_mid_to_upper_reverse,0.012163895290152316,0.8909333347850724,0.013652980324377152,False,False,False,route/default: outer_left_mid_to_upper_reverse,,,camera_sign_turn_right,,-2.2496800082736472,0.8784653143986016,-1.5444866095419787,0.009371357776410294,32.01365298032438,103.31881325232634,-1.553857967318389,32.01578815611849,102.1842619113791,-1.5444866095419787,0.0,32.01365298032438,103.31881325232634,0.28,0.28
17.00540746900151,5828000000,outer_left_mid_to_upper_reverse,0.06760389529015233,0.8909333347850724,0.0758798584031666,False,False,False,route/default: outer_left_mid_to_upper_reverse,right,camera_sign_turn_right,camera_sign_turn_right,camera_sign_turn_right,-2.248221565818676,0.8230445011096797,-1.5444866095419743,4.440892098500626e-15,32.075879858403155,105.68343461932032,-1.5444866095419743,32.04476641936377,104.50112393582333,-1.5444866095419743,0.0,32.075879858403155,105.68343461932032,0.28,0.28
17.201016875000278,6027000000,outer_left_mid_to_upper_reverse,0.12332389529015234,0.8909333347850724,0.13842101364397016,False,False,False,route/default: outer_left_mid_to_upper_reverse,right,camera_sign_turn_right,camera_sign_turn_right,camera_sign_turn_right,-2.2467557574927195,0.7673437847233391,-1.5444866095419743,0.0,32.13842101364396,108.05999851847086,-1.5444866095419743,32.10667902028054,106.85380277066079,-1.5444866095419743,0.0,32.13842101364396,108.05999851847086,0.28,0.28
17.30136847799986,6130000000,outer_left_mid_to_upper_reverse,0.15216389529015234,0.8909333347850724,0.17079156133142123,False,False,False,route/default: outer_left_mid_to_upper_reverse,right,camera_sign_turn_right,camera_sign_turn_right,camera_sign_turn_right,-2.245997072781295,0.7385137656892029,-1.5444866095419743,0.0,32.17079156133143,109.29007933059401,-1.5444866095419743,32.13842101364396,108.05999851847086,-1.5444866095419743,0.0,32.17079156133143,109.29007933059401,0.28,0.28
17.401538707999862,6230000000,outer_left_mid_to_upper_reverse,0.18016389529015234,0.8909333347850724,0.20221927753283003,False,False,False,route/default: outer_left_mid_to_upper_reverse,right,camera_sign_turn_right,camera_sign_turn_right,camera_sign_turn_right,-2.245260485682824,0.7105234559473232,-1.5444866095419743,0.0,32.20221927753283,110.48433254624754,-1.5444866095419743,32.17079156133143,109.29007933059401,-1.5444866095419743,0.0,32.20221927753283,110.48433254624754,0.28,0.28
17.502318660001038,6331000000,outer_left_mid_to_upper_reverse,0.20844389529015234,0.8909333347850724,0.23396127089625293,False,False,False,route/default: outer_left_mid_to_upper_reverse,right,camera_sign_turn_right,camera_sign_turn_right,camera_sign_turn_right,-2.244516532713369,0.6822532431080247,-1.5444866095419743,0.0,32.23396127089626,111.69052829405761,-1.5444866095419743,32.20221927753283,110.48433254624754,-1.5444866095419743,0.0,32.23396127089626,111.69052829405761,0.28,0.28
17.60197180400064,6432000000,outer_left_mid_to_upper_reverse,0.23672389529015234,0.8909333347850724,0.26570326425967583,False,False,False,route/default: outer_left_mid_to_upper_reverse,right,camera_sign_turn_right,camera_sign_turn_right,camera_sign_turn_right,-2.2437725797439136,0.6539830302687262,-1.5444866095419758,-1.5543122344752192e-15,32.265703264259685,112.89672404186769,-1.5444866095419743,32.23396127089626,111.69052829405761,-1.5444866095419758,0.0,32.265703264259685,112.89672404186769,0.28,0.28
17.802873265000017,6632000000,outer_left_mid_to_upper_reverse,0.29272389529015236,0.8909333347850724,0.3285586966624935,False,False,False,route/default: outer_left_mid_to_upper_reverse,right,camera_sign_turn_right,camera_sign_turn_right,camera_sign_turn_right,-2.242299405546973,0.5980024107849667,-1.5444866095419743,1.5543122344752192e-15,32.32855869666248,115.28523047317475,-1.5444866095419743,32.29681670329906,114.07903472536468,-1.5444866095419743,0.0,32.32855869666248,115.28523047317475,0.28,0.28
17.90416381200157,6732000000,outer_left_mid_to_upper_reverse,0.3207238952901524,0.8909333347850724,0.3599864128639023,False,False,False,route/default: outer_left_mid_to_upper_reverse,right,camera_sign_turn_right,camera_sign_turn_right,camera_sign_turn_right,-2.2415628184485024,0.570012101043087,-1.5444866095419743,0.0,32.359986412863904,116.47948368882828,-1.5444866095419743,32.32855869666248,115.28523047317475,-1.5444866095419743,0.0,32.359986412863904,116.47948368882828,0.28,0.28
18.015856215000895,6832000000,outer_left_mid_to_upper_reverse,0.3487238952901524,0.8909333347850724,0.39141412906531114,False,False,False,route/default: outer_left_mid_to_upper_reverse,right,camera_sign_turn_right,camera_sign_turn_right,camera_sign_turn_right,-2.240826231350032,0.5420217913012073,-1.5444866095419743,0.0,32.39141412906531,117.67373690448181,-1.5444866095419743,32.359986412863904,116.47948368882828,-1.5444866095419743,0.0,32.39141412906531,117.67373690448181,0.28,0.28
18.105120427000656,6933000000,outer_left_mid_to_upper_reverse,0.37700389529015244,0.8909333347850724,0.42315612242873407,False,False,False,route/default: outer_left_mid_to_upper_reverse,right,camera_sign_turn_right,camera_sign_turn_right,camera_sign_turn_right,-2.2400822783805765,0.5137515784619087,-1.5444866095419743,0.0,32.423156122428736,118.8799326522919,-1.5444866095419743,32.39141412906531,117.67373690448181,-1.5444866095419743,0.0,32.423156122428736,118.8799326522919,0.28,0.28
18.205783172999872,7035000000,outer_left_mid_to_upper_reverse,0.40556389529015247,0.8909333347850724,0.4552123929541711,False,False,False,route/default: outer_left_mid_to_upper_reverse,right,camera_sign_turn_right,camera_sign_turn_right,camera_sign_turn_right,-2.2393309595401365,0.48520146252519136,-1.5444866095419743,0.0,32.45521239295418,120.09807093225851,-1.5444866095419743,32.423156122428736,118.8799326522919,-1.5444866095419743,0.0,32.45521239295418,120.09807093225851,0.28,0.28
18.30589675900046,7137000000,outer_left_mid_to_upper_reverse,0.4341238952901525,0.8909333347850724,0.4872686634796081,False,False,False,route/default: outer_left_mid_to_upper_reverse,right,camera_sign_turn_right,camera_sign_turn_right,camera_sign_turn_right,-2.2385796406996965,0.456651346588474,-1.5444866095419743,0.0,32.48726866347961,121.3162092122251,-1.5444866095419743,32.45521239295418,120.09807093225851,-1.5444866095419743,0.0,32.48726866347961,121.3162092122251,0.28,0.28
18.51123332300085,7335000000,outer_left_mid_to_upper_reverse,0.48956389529015254,0.8909333347850724,0.5494955415583976,False,False,False,route/default: outer_left_mid_to_upper_reverse,right,camera_sign_turn_right,camera_sign_turn_right,camera_sign_turn_right,-2.237121198244725,0.4012305332995521,-1.5444866095419743,0.0,32.549495541558386,123.6808305792191,-1.5444866095419743,32.51806782535698,122.48657736356557,-1.5444866095419743,0.0,32.549495541558386,123.6808305792191,0.28,0.28
18.607514152001386,7439000000,outer_left_mid_to_upper_reverse,0.5186838952901526,0.8909333347850724,0.5821803664078629,False,False,False,route/default: outer_left_mid_to_upper_reverse,right,camera_sign_turn_right,camera_sign_turn_right,camera_sign_turn_right,-2.236355147662316,0.3721206111679971,-1.5444866095419743,0.0,32.582180366407854,124.92285392349879,-1.5444866095419743,32.549495541558386,123.6808305792191,-1.5444866095419743,0.0,32.582180366407854,124.92285392349879,0.28,0.28
18.708266192001247,7542000000,outer_left_mid_to_upper_reverse,0.5475238952901526,0.8909333347850724,0.6145509140953138,False,False,False,route/default: outer_left_mid_to_upper_reverse,right,camera_sign_turn_right,camera_sign_turn_right,camera_sign_turn_right,-2.235596462950891,0.34329059213386115,-1.5444866095419743,0.0,32.61455091409532,126.15293473562193,-1.5444866095419743,32.582180366407854,124.92285392349879,-1.5444866095419743,0.0,32.61455091409532,126.15293473562193,0.28,0.28
18.90857678700013,7735000000,outer_left_mid_to_upper_reverse,0.6015638952901526,0.8909333347850724,0.675206406364033,False,False,False,route/default: outer_left_mid_to_upper_reverse,right,camera_sign_turn_right,camera_sign_turn_right,camera_sign_turn_right,-2.234174849850843,0.2892692943320332,-1.54449871172766,-1.2102185685813893e-05,32.67520640636404,128.45784344183326,-1.5444866095419743,32.643150135838596,127.23970516186665,-1.54449871172766,0.0,32.67520640636404,128.45784344183326,0.28,0.28
19.009903702000884,7837000000,outer_left_mid_to_upper_reverse,0.6301238952901527,0.8909333347850724,0.70726267688947,False,False,False,route/default: outer_left_mid_to_upper_reverse,right,camera_sign_turn_right,camera_sign_turn_right,camera_sign_turn_right,-2.233423531010403,0.2607191783953158,-1.5445312253872523,-3.251365959222596e-05,32.70726267688947,129.67598172179987,-1.54449871172766,32.67520640636404,128.45784344183326,-1.5445312253872523,0.0,32.70726267688947,129.67598172179987,0.28,0.28
19.10976946700066,7938000000,outer_left_mid_to_upper_reverse,0.6584038952901526,0.8909333347850724,0.7390046702528928,False,False,False,route/default: outer_left_mid_to_upper_reverse,right,camera_sign_turn_right,camera_sign_turn_right,camera_sign_turn_right,-2.2326795780409476,0.23244896555601735,-1.5445634202857388,-3.219489848649282e-05,32.739004670252896,130.88217746960993,-1.5445312253872523,32.70726267688947,129.67598172179987,-1.5445634202857388,0.0,32.739004670252896,130.88217746960993,0.28,0.28
19.310638186001597,8136000000,outer_left_mid_to_upper_reverse,0.6861238952901526,0.8909333347850724,0.7701181092922875,False,False,False,route/default: outer_left_mid_to_upper_reverse,right,camera_sign_turn_right,camera_sign_speed_limit,camera_sign_speed_limit,-2.231950356813462,0.20473855891155646,-1.5445949776616708,-3.155737593196761e-05,32.770118109292284,132.06448815310694,-1.5445791989736861,32.754561389772604,131.47333281135843,-1.5445949776616708,0.0,32.770118109292284,132.06448815310694,0.14,0.14
19.511676454001645,8333000000,outer_left_mid_to_upper_reverse,0.7137038952901525,0.8909333347850724,0.8010744097506751,False,False,False,route/default: outer_left_mid_to_upper_reverse,right,camera_sign_turn_right,camera_sign_speed_limit,camera_sign_speed_limit,-2.2312248185214685,0.17716810381580494,-1.5446263756570433,-3.1397995372550724e-05,32.80107440975068,133.24082757052565,-1.544610756349688,32.78567482881198,132.65564349485544,-1.5446263756570433,0.0,32.80107440975068,133.24082757052565,0.14,0.14
19.612406191001355,8437000000,outer_left_mid_to_upper_reverse,0.7282638952901526,0.8909333347850724,0.8174168221754078,False,False,False,route/default: outer_left_mid_to_upper_reverse,right,camera_sign_turn_right,camera_sign_speed_limit,camera_sign_speed_limit,-2.230841793230264,0.16261314275002747,-1.5446429512485345,-1.6575591491152505e-05,32.8174168221754,133.8618392426655,-1.5446263756570433,32.80107440975068,133.24082757052565,-1.5446429512485345,0.0,32.8174168221754,133.8618392426655,0.14,0.14
19.81212054000025,8637000000,outer_left_mid_to_upper_reverse,0.7562638952901525,0.8909333347850724,0.8488445383768165,False,False,False,route/default: outer_left_mid_to_upper_reverse,right,camera_sign_turn_right,camera_sign_speed_limit,camera_sign_speed_limit,-2.2301052061317934,0.1346228330081478,-1.5446748273860373,-3.1876137502884205e-05,32.84884453837681,135.05609245831903,-1.5446585705559126,32.83281640311411,134.4470233183357,-1.5446748273860373,0.0,32.84884453837681,135.05609245831903,0.14,0.14
20.0130787170001,8836000000,outer_left_mid_to_upper_reverse,0.7841238952901525,0.8909333347850724,0.8801151159972183,False,False,False,route/default: outer_left_mid_to_upper_reverse,right,camera_sign_turn_right,camera_sign_speed_limit,camera_sign_speed_limit,-2.229372301968815,0.10677247481497754,-1.5447065441428167,-3.1716756779376354e-05,32.88011511599723,136.2443744078943,-1.5446906060740913,32.86440125789652,135.64724780006753,-1.5447065441428167,0.0,32.88011511599723,136.2443744078943,0.14,0.14
20.113414912000735,8936000000,outer_left_mid_to_upper_reverse,0.7981238952901525,0.8909333347850724,0.8958289740979226,False,False,False,route/default: outer_left_mid_to_upper_reverse,right,camera_sign_turn_right,camera_sign_turn_right,camera_sign_turn_right,-2.22900400841958,0.0927773199440377,-1.5447224822115155,-1.593806869881753e-05,32.895828974097924,136.84150101572106,-1.5447065441428167,32.88011511599723,136.2443744078943,-1.5447224822115155,0.0,32.895828974097924,136.84150101572106,0.14,0.14
20.21568412600027,9037000000,outer_left_mid_to_upper_reverse,0.8122638952901525,0.8909333347850724,0.9116999707796342,False,False,False,route/default: outer_left_mid_to_upper_reverse,right,camera_sign_turn_right,camera_sign_turn_right,camera_sign_turn_right,-2.2286320319348523,0.07864221352438827,-1.5447385796608686,-1.6097449353047466e-05,32.91169997077964,137.4445988896261,-1.5447224822115155,32.895828974097924,136.84150101572106,-1.5447385796608686,0.0,32.91169997077964,137.4445988896261,0.28,0.28
20.41485524900054,9238000000,outer_left_mid_to_upper_reverse,0.8685438952901525,0.8909333347850724,0.9748696803444659,False,False,False,route/default: outer_left_mid_to_upper_reverse,right,camera_sign_turn_right,camera_sign_turn_right,camera_sign_turn_right,-2.2271514918669264,0.022381690943210075,-1.5448026506964085,-6.407103553995874e-05,32.97486968034447,139.8450478530897,-1.5447694995139558,32.942184855495,138.60302450881002,-1.5448026506964085,0.0,32.97486968034447,139.8450478530897,0.28,0.28
20.516305236000335,9336000000,outer_left_lower_to_mid_reverse,0.005050560505080109,1.8052961635923481,0.0027976354278790626,False,False,False,route/right from camera_sign_turn_right: outer_left_lower_to_mid_reverse delta=-0.0deg,,,camera_sign_turn_right,camera_sign_turn_right,-2.2264313608393183,-0.005048857686250496,-1.5448281395833408,-2.5488886932212296e-05,33.00559527085575,141.0154179279467,-1.5448026506964085,32.97486968034447,139.8450478530897,-1.5448281395833408,0.0,33.00559527085575,141.0154179279467,0.28,0.28
20.717674199000612,9539000000,outer_left_lower_to_mid_reverse,0.06189056050508012,1.8052961635923481,0.034282774069560124,False,False,False,route/right from camera_sign_turn_right: outer_left_lower_to_mid_reverse delta=-0.0deg,,,,camera_sign_turn_right,-2.2249554949654895,-0.06186969382865928,-1.5448281395833408,0.0,33.06856554813912,143.43977360335612,-1.5448281395833408,33.03630491347178,142.19773916866362,-1.5448281395833408,0.0,33.06856554813912,143.43977360335612,0.28,0.28
20.817796499000906,9639000000,outer_left_lower_to_mid_reverse,0.08989056050508012,1.8052961635923481,0.0497926945827035,False,False,False,route/right from camera_sign_turn_right: outer_left_lower_to_mid_reverse delta=-0.0deg,,,camera_sign_speed_limit,camera_sign_speed_limit,-2.224228467441436,-0.08986025350472272,-1.5448281395833408,0.0,33.0995853891654,144.63403748286817,-1.5448281395833408,33.06856554813912,143.43977360335612,-1.5448281395833408,0.0,33.0995853891654,144.63403748286817,0.28,0.28
20.918171725999855,9740000000,outer_left_lower_to_mid_reverse,0.11817056050508012,1.8052961635923481,0.06545771430097831,False,False,False,route/right from camera_sign_turn_right: outer_left_lower_to_mid_reverse delta=-0.0deg,,,camera_sign_speed_limit,camera_sign_speed_limit,-2.2234941696421417,-0.1181307187775468,-1.5448281395833408,0.0,33.13091542860195,145.84024400117534,-1.5448281395833408,33.0995853891654,144.63403748286817,-1.5448281395833408,0.0,33.13091542860195,145.84024400117534,0.28,0.28
21.018770516000586,9840000000,outer_left_lower_to_mid_reverse,0.14617056050508012,1.8052961635923481,0.08096763481412168,False,False,False,route/right from camera_sign_turn_right: outer_left_lower_to_mid_reverse delta=-0.0deg,,,camera_sign_speed_limit,camera_sign_speed_limit,-2.222767142118088,-0.14612127845361023,-1.5448281395833408,0.0,33.161935269628245,147.03450788068736,-1.5448281395833408,33.13091542860195,145.84024400117534,-1.5448281395833408,0.0,33.161935269628245,147.03450788068736,0.28,0.28
21.119461750000482,9940000000,outer_left_lower_to_mid_reverse,0.17417056050508012,1.8052961635923481,0.09647755532726505,False,False,False,route/right from camera_sign_turn_right: outer_left_lower_to_mid_reverse delta=-0.0deg,,,camera_sign_speed_limit,camera_sign_speed_limit,-2.2220401145940345,-0.17411183812967365,-1.5448281395833408,0.0,33.19295511065452,148.2287717601994,-1.5448281395833408,33.161935269628245,147.03450788068736,-1.5448281395833408,0.0,33.19295511065452,148.2287717601994,0.28,0.28
21.226466349000475,10042000000,outer_left_lower_to_mid_reverse,0.20273056050508012,1.8052961635923481,0.1122976742506713,False,False,False,route/right from camera_sign_turn_right: outer_left_lower_to_mid_reverse delta=-0.0deg,,,camera_sign_speed_limit,camera_sign_speed_limit,-2.2212985465195,-0.20266220899925838,-1.5448281395833408,0.0,33.22459534850134,149.4469209173017,-1.5448281395833408,33.19295511065452,148.2287717601994,-1.5448281395833408,0.0,33.22459534850134,149.4469209173017,0.28,0.28
21.421236899001087,10242000000,outer_left_lower_to_mid_reverse,0.25873056050508014,1.8052961635923481,0.14331751527695807,False,False,False,route/right from camera_sign_turn_right: outer_left_lower_to_mid_reverse delta=-0.0deg,,,camera_sign_speed_limit,camera_sign_speed_limit,-2.2198444914713926,-0.25864332835138526,-1.5448281395833408,0.0,33.28663503055391,151.83544867632577,-1.5448281395833408,33.25530499111737,150.6292421580186,-1.5448281395833408,0.0,33.28663503055391,151.83544867632577,0.28,0.28
21.521181594000154,10342000000,outer_left_lower_to_mid_reverse,0.28673056050508017,1.8052961635923481,0.15882743579010145,False,False,False,route/right from camera_sign_turn_right: outer_left_lower_to_mid_reverse delta=-0.0deg,,,camera_sign_speed_limit,camera_sign_speed_limit,-2.219117463947339,-0.2866338880274487,-1.5448281395833408,0.0,33.3176548715802,153.02971255583782,-1.5448281395833408,33.28663503055391,151.83544867632577,-1.5448281395833408,0.0,33.3176548715802,153.02971255583782,0.28,0.28
21.722330431000955,10541000000,outer_left_lower_to_mid_reverse,0.3424505605050802,1.8052961635923481,0.1896921776112568,False,False,False,route/right from camera_sign_turn_right: outer_left_lower_to_mid_reverse delta=-0.0deg,,,camera_sign_speed_limit,camera_sign_speed_limit,-2.2176706791744722,-0.342335101782815,-1.5448281395833408,0.0,33.37938435522251,155.40629767606677,-1.5448281395833408,33.34805431578597,154.2000911577596,-1.5448281395833408,0.0,33.37938435522251,155.40629767606677,0.28,0.28
21.822498076000556,10642000000,outer_left_lower_to_mid_reverse,0.37073056050508024,1.8052961635923481,0.20535719732953162,False,False,False,route/right from camera_sign_turn_right: outer_left_lower_to_mid_reverse delta=-0.0deg,,,camera_sign_speed_limit,camera_sign_speed_limit,-2.216936381375178,-0.3706055670556391,-1.5448281395833408,0.0,33.41071439465907,156.61250419437394,-1.5448281395833408,33.37938435522251,155.40629767606677,-1.5448281395833408,0.0,33.41071439465907,156.61250419437394,0.28,0.28
21.923082368000905,10742000000,outer_left_lower_to_mid_reverse,0.39873056050508027,1.8052961635923481,0.22086711784267501,False,False,False,route/right from camera_sign_turn_right: outer_left_lower_to_mid_reverse delta=-0.0deg,,,camera_sign_speed_limit,camera_sign_speed_limit,-2.2162093538511245,-0.3985961267317026,-1.5448281395833408,0.0,33.44173423568536,157.80676807388596,-1.5448281395833408,33.41071439465907,156.61250419437394,-1.5448281395833408,0.0,33.44173423568536,157.80676807388596,0.28,0.28
22.02425058300105,10846000000,outer_left_lower_to_mid_reverse,0.4278505605050803,1.8052961635923481,0.23699743517634414,False,False,False,route/right from camera_sign_turn_right: outer_left_lower_to_mid_reverse delta=-0.0deg,,,camera_sign_speed_limit,camera_sign_speed_limit,-2.215453245226109,-0.4277063087948086,-1.5448281395833408,0.0,33.47399487035268,159.0488025085785,-1.5448281395833408,33.44173423568536,157.80676807388596,-1.5448281395833408,0.0,33.47399487035268,159.0488025085785,0.28,0.28
22.228253589000815,11043000000,outer_left_lower_to_mid_reverse,0.48301056050508034,1.8052961635923481,0.2675519785872366,False,False,False,route/right from camera_sign_turn_right: outer_left_lower_to_mid_reverse delta=-0.0deg,,,camera_sign_speed_limit,camera_sign_speed_limit,-2.214021001003723,-0.4828477113566536,-1.5448281395833408,0.0,33.535103957174485,161.40150235121723,-1.5448281395833408,33.50377391773793,160.19529583291006,-1.5448281395833408,0.0,33.535103957174485,161.40150235121723,0.28,0.28
22.325457570001163,11144000000,outer_left_lower_to_mid_reverse,0.5112905605050804,1.8052961635923481,0.28321699830551145,False,False,False,route/right from camera_sign_turn_right: outer_left_lower_to_mid_reverse delta=-0.0deg,,,camera_sign_speed_limit,camera_sign_speed_limit,-2.213286703204429,-0.5111181766294777,-1.5448281395833408,0.0,33.566433996611025,162.60770886952437,-1.5448281395833408,33.535103957174485,161.40150235121723,-1.5448281395833408,0.0,33.566433996611025,162.60770886952437,0.28,0.28
22.425896889000796,11244000000,outer_left_lower_to_mid_reverse,0.5392905605050804,1.8052961635923481,0.2987269188186548,False,False,False,route/right from camera_sign_turn_right: outer_left_lower_to_mid_reverse delta=-0.0deg,,,camera_sign_speed_limit,camera_sign_speed_limit,-2.2125596756803754,-0.5391087363055411,-1.5448281395833408,0.0,33.59745383763732,163.80197274903642,-1.5448281395833408,33.566433996611025,162.60770886952437,-1.5448281395833408,0.0,33.59745383763732,163.80197274903642,0.28,0.28
22.526141338999878,11345000000,outer_left_lower_to_mid_reverse,0.5675705605050804,1.8052961635923481,0.31439193853692965,False,False,False,route/right from camera_sign_turn_right: outer_left_lower_to_mid_reverse delta=-0.0deg,,,camera_sign_speed_limit,camera_sign_speed_limit,-2.2118253778810812,-0.5673792015783652,-1.5448281395833408,0.0,33.62878387707387,165.0081792673436,-1.5448281395833408,33.59745383763732,163.80197274903642,-1.5448281395833408,0.0,33.62878387707387,165.0081792673436,0.28,0.28
22.62618586100143,11446000000,outer_left_lower_to_mid_reverse,0.5958505605050803,1.8052961635923481,0.3300569582552044,False,False,False,route/right from camera_sign_turn_right: outer_left_lower_to_mid_reverse delta=-0.0deg,,,camera_sign_speed_limit,camera_sign_speed_limit,-2.211091080081787,-0.5956496668511893,-1.5448281395833408,0.0,33.66011391651041,166.21438578565073,-1.5448281395833408,33.62878387707387,165.0081792673436,-1.5448281395833408,0.0,33.66011391651041,166.21438578565073,0.28,0.28
22.726886813999954,11546000000,outer_left_lower_to_mid_reverse,0.6238505605050804,1.8052961635923481,0.3455668787683478,False,False,False,route/right from camera_sign_turn_right: outer_left_lower_to_mid_reverse delta=-0.0deg,,,,camera_sign_speed_limit,-2.2103640525577335,-0.6236402265272527,-1.5448281395833408,0.0,33.691133757536704,167.40864966516278,-1.5448281395833408,33.66011391651041,166.21438578565073,-1.5448281395833408,0.0,33.691133757536704,167.40864966516278,0.28,0.28
22.82695023300039,11646000000,outer_left_lower_to_mid_reverse,0.6518505605050804,1.8052961635923481,0.3610767992814912,False,False,False,route/right from camera_sign_turn_right: outer_left_lower_to_mid_reverse delta=-0.0deg,,,,camera_sign_speed_limit,-2.2096370250336803,-0.6516307862033162,-1.5448281395833352,5.551115123125783e-15,33.72215359856297,168.60291354467483,-1.5448281395833408,33.691133757536704,167.40864966516278,-1.5448281395833352,0.0,33.72215359856297,168.60291354467483,0.28,0.28
22.928958845001034,11746000000,outer_left_lower_to_mid_reverse,0.6798505605050804,1.8052961635923481,0.3765867197946346,False,False,False,route/right from camera_sign_turn_right: outer_left_lower_to_mid_reverse delta=-0.0deg,,,,camera_sign_speed_limit,-2.2089099975096267,-0.6796213458793796,-1.5448281395833352,0.0,33.75317343958926,169.79717742418686,-1.5448281395833352,33.72215359856297,168.60291354467483,-1.5448281395833352,0.0,33.75317343958926,169.79717742418686,0.28,0.28
23.028982155999984,11847000000,outer_left_lower_to_mid_reverse,0.7081305605050804,1.8052961635923481,0.39225173951290937,False,False,False,route/right from camera_sign_turn_right: outer_left_lower_to_mid_reverse delta=-0.0deg,,,,camera_sign_speed_limit,-2.2081756997103326,-0.7078918111522037,-1.5448281395833352,0.0,33.784503479025815,171.00338394249403,-1.5448281395833352,33.75317343958926,169.79717742418686,-1.5448281395833352,0.0,33.784503479025815,171.00338394249403,0.28,0.28
23.229127629001596,12047000000,outer_left_lower_to_mid_reverse,0.7641305605050803,1.8052961635923481,0.4232715805391961,False,False,False,route/right from camera_sign_turn_right: outer_left_lower_to_mid_reverse delta=-0.0deg,,,,camera_sign_speed_limit,-2.2067216446622253,-0.7638729305043305,-1.5448281395833408,-5.551115123125783e-15,33.84654316107839,173.3919117015181,-1.5448281395833408,33.81521312164183,172.18570518321096,-1.5448281395833408,0.0,33.84654316107839,173.3919117015181,0.28,0.28
23.330297215999963,12149000000,outer_left_lower_to_mid_reverse,0.7926905605050804,1.8052961635923481,0.43909169946260235,False,False,False,route/right from camera_sign_turn_right: outer_left_lower_to_mid_reverse delta=-0.0deg,,,,camera_sign_speed_limit,-2.2059800765876907,-0.7924233013739151,-1.5448281395833408,0.0,33.8781833989252,174.6100608586204,-1.5448281395833408,33.84654316107839,173.3919117015181,-1.5448281395833408,0.0,33.8781833989252,174.6100608586204,0.28,0.28
23.531454409001526,12348000000,outer_left_lower_to_mid_reverse,0.8484105605050803,1.8052961635923481,0.4699564412837577,False,False,False,route/right from camera_sign_turn_right: outer_left_lower_to_mid_reverse delta=-0.0deg,,,,camera_sign_speed_limit,-2.204533291814824,-0.8481245151292814,-1.5448281395833408,0.0,33.93991288256751,176.98664597884934,-1.5448281395833408,33.90858284313096,175.7804394605422,-1.5448281395833408,0.0,33.93991288256751,176.98664597884934,0.28,0.28
23.732323999000073,12548000000,outer_left_lower_to_mid_reverse,0.9044105605050803,1.8052961635923481,0.5009762823100444,False,False,False,route/right from camera_sign_turn_right: outer_left_lower_to_mid_reverse delta=-0.0deg,,,,camera_sign_speed_limit,-2.2030792367667167,-0.9041056344814083,-1.5448281395833408,0.0,34.00195256462008,179.3751737378734,-1.5448281395833408,33.97062252518354,178.16896721956627,-1.5448281395833408,0.0,34.00195256462008,179.3751737378734,0.28,0.28
23.83289920400057,12649000000,outer_left_lower_to_mid_reverse,0.9326905605050803,1.8052961635923481,0.5166413020283191,False,False,False,route/right from camera_sign_turn_right: outer_left_lower_to_mid_reverse delta=-0.0deg,,,,camera_sign_speed_limit,-2.2023449389674226,-0.9323760997542322,-1.5448281395833408,0.0,34.03328260405664,180.58138025618058,-1.5448281395833408,34.00195256462008,179.3751737378734,-1.5448281395833408,0.0,34.03328260405664,180.58138025618058,0.28,0.28
23.933610837000742,12749000000,outer_left_lower_to_mid_reverse,0.9606905605050803,1.8052961635923481,0.5321512225414626,False,False,False,route/right from camera_sign_turn_right: outer_left_lower_to_mid_reverse delta=-0.0deg,,,,camera_sign_speed_limit,-2.201617911443369,-0.9603666594302959,-1.5448281395833408,0.0,34.06430244508293,181.77564413569263,-1.5448281395833408,34.03328260405664,180.58138025618058,-1.5448281395833408,0.0,34.06430244508293,181.77564413569263,0.28,0.28
24.033191413000168,12850000000,outer_left_lower_to_mid_reverse,0.9889705605050803,1.8052961635923481,0.5478162422597374,False,False,False,route/right from camera_sign_turn_right: outer_left_lower_to_mid_reverse delta=-0.0deg,,,,camera_sign_speed_limit,-2.200883613644075,-0.9886371247031197,-1.5448281395833408,0.0,34.09563248451947,182.98185065399977,-1.5448281395833408,34.06430244508293,181.77564413569263,-1.5448281395833408,0.0,34.09563248451947,182.98185065399977,0.28,0.28
24.133382017000258,12952000000,outer_left_lower_to_mid_reverse,1.0175305605050802,1.8052961635923481,0.5636363611831435,False,False,False,route/right from camera_sign_turn_right: outer_left_lower_to_mid_reverse delta=-0.0deg,,,,camera_sign_speed_limit,-2.20014204556954,-1.0171874955727043,-1.544828139583341,-2.220446049250313e-16,34.127272722366286,184.19999981110206,-1.5448281395833408,34.09563248451947,182.98185065399977,-1.544828139583341,0.0,34.127272722366286,184.19999981110206,0.28,0.28
24.334709415999896,13150000000,outer_left_lower_to_mid_reverse,1.07297056050508,1.8052961635923481,0.5943460037991675,False,False,False,route/right from camera_sign_turn_right: outer_left_lower_to_mid_reverse delta=-0.0deg,,,,camera_sign_speed_limit,-2.198702531071914,-1.07260880373131,-1.5448281395833408,2.220446049250313e-16,34.188692007598334,186.5646422925359,-1.5448281395833408,34.157672166572056,185.37037841302384,-1.5448281395833408,0.0,34.188692007598334,186.5646422925359,0.28,0.28
24.4368840620009,13253000000,outer_left_lower_to_mid_reverse,1.10181056050508,1.8052961635923481,0.6103212219277051,False,False,False,route/right from camera_sign_turn_right: outer_left_lower_to_mid_reverse delta=-0.0deg,,,,camera_sign_speed_limit,-2.197953692722139,-1.1014390801976552,-1.5448281395833408,0.0,34.22064244385541,187.7947340884333,-1.5448281395833408,34.188692007598334,186.5646422925359,-1.5448281395833408,0.0,34.22064244385541,187.7947340884333,0.28,0.28
24.535983940000733,13355000000,outer_left_lower_to_mid_reverse,1.13037056050508,1.8052961635923481,0.6261413408511113,False,False,False,route/right from camera_sign_turn_right: outer_left_lower_to_mid_reverse delta=-0.0deg,,,,camera_sign_speed_limit,-2.197212124647604,-1.12998945106724,-1.5448281395833408,0.0,34.252282681702226,189.01288324553556,-1.5448281395833408,34.22064244385541,187.7947340884333,-1.5448281395833408,0.0,34.252282681702226,189.01288324553556,0.28,0.28
24.637132608000684,13455000000,outer_left_lower_to_mid_reverse,1.15837056050508,1.8052961635923481,0.6416512613642547,False,False,False,route/right from camera_sign_turn_right: outer_left_lower_to_mid_reverse delta=-0.0deg,,,,camera_sign_speed_limit,-2.1964850971235506,-1.1579800107433034,-1.5448281395833408,0.0,34.283302522728505,190.2071471250476,-1.5448281395833408,34.252282681702226,189.01288324553556,-1.5448281395833408,0.0,34.283302522728505,190.2071471250476,0.28,0.28
24.837454328000604,13656000000,outer_left_lower_to_mid_reverse,1.2146505605050801,1.8052961635923481,0.672826201595673,False,False,False,route/right from camera_sign_turn_right: outer_left_lower_to_mid_reverse delta=-0.0deg,,,,camera_sign_speed_limit,-2.195023771800203,-1.214241035692191,-1.5448281395833408,0.0,34.34565240319135,192.6076175228668,-1.544828139583341,34.31308157011375,191.35364044937916,-1.5448281395833408,0.0,34.34565240319135,192.6076175228668,0.28,0.28
25.037903024000116,13856000000,outer_left_lower_to_mid_reverse,1.27065056050508,1.8052961635923481,0.7038460426219596,False,False,False,route/right from camera_sign_turn_right: outer_left_lower_to_mid_reverse delta=-0.0deg,,,,camera_sign_speed_limit,-2.1935697167520956,-1.2702221550443178,-1.5448281395833408,0.0,34.40769208524392,194.9961452818909,-1.5448281395833408,34.37605184739711,193.77799612478861,-1.5448281395833408,0.0,34.40769208524392,194.9961452818909,0.28,0.28
25.139726309000253,13956000000,outer_left_lower_to_mid_reverse,1.29865056050508,1.8052961635923481,0.719355963135103,False,False,False,route/right from camera_sign_turn_right: outer_left_lower_to_mid_reverse delta=-0.0deg,,,,camera_sign_speed_limit,-2.192842689228042,-1.2982127147203812,-1.5448281395833408,0.0,34.438711926270216,196.19040916140295,-1.5448281395833408,34.40769208524392,194.9961452818909,-1.5448281395833408,0.0,34.438711926270216,196.19040916140295,0.28,0.28
25.239953936999882,14056000000,outer_left_lower_to_mid_reverse,1.32665056050508,1.8052961635923481,0.7348658836482463,False,False,False,route/right from camera_sign_turn_right: outer_left_lower_to_mid_reverse delta=-0.0deg,,,,camera_sign_speed_limit,-2.1921156617039883,-1.3262032743964445,-1.5448281395833408,0.0,34.469731767296494,197.38467304091495,-1.5448281395833408,34.438711926270216,196.19040916140295,-1.5448281395833408,0.0,34.469731767296494,197.38467304091495,0.28,0.28
25.439319325001634,14256000000,outer_left_lower_to_mid_reverse,1.38265056050508,1.8052961635923481,0.7658857246745331,False,False,False,route/right from camera_sign_turn_right: outer_left_lower_to_mid_reverse delta=-0.0deg,,,,camera_sign_speed_limit,-2.190661606655881,-1.3821843937485714,-1.544828139583341,-2.220446049250313e-16,34.53177144934908,199.77320079993905,-1.5448281395833408,34.500441409912526,198.56699428163188,-1.544828139583341,0.0,34.53177144934908,199.77320079993905,0.28,0.28
25.64017394700022,14457000000,outer_left_lower_to_mid_reverse,1.43893056050508,1.8052961635923481,0.7970606649059513,False,False,False,route/right from camera_sign_turn_right: outer_left_lower_to_mid_reverse delta=-0.0deg,,,,camera_sign_speed_limit,-2.1892002813325337,-1.438445418697459,-1.5448281395833352,5.773159728050814e-15,34.5941213298119,202.17367119775827,-1.5448281395833408,34.56248109196508,200.95552204065598,-1.5448281395833352,0.0,34.5941213298119,202.17367119775827,0.28,0.28
25.740375385001244,14558000000,outer_left_lower_to_mid_reverse,1.46721056050508,1.8052961635923481,0.8127256846242261,False,False,False,route/right from camera_sign_turn_right: outer_left_lower_to_mid_reverse delta=-0.0deg,,,,camera_sign_speed_limit,-2.1884659835332396,-1.466715883970283,-1.5448281395833352,0.0,34.62545136924844,203.3798777160654,-1.5448281395833352,34.5941213298119,202.17367119775827,-1.5448281395833352,0.0,34.62545136924844,203.3798777160654,0.28,0.28
25.84181787900161,14659000000,outer_left_lower_to_mid_reverse,1.4954905605050801,1.8052961635923481,0.828390704342501,False,False,False,route/right from camera_sign_turn_right: outer_left_lower_to_mid_reverse delta=-0.0deg,,,,camera_sign_speed_limit,-2.187731685733945,-1.4949863492431072,-1.5448281395833408,-5.551115123125783e-15,34.656781408685006,204.58608423437258,-1.5448281395833352,34.62545136924844,203.3798777160654,-1.5448281395833408,0.0,34.656781408685006,204.58608423437258,0.28,0.28
26.042863260001468,14857000000,outer_left_lower_to_mid_reverse,1.55093056050508,1.8052961635923481,0.8591003469585248,False,False,False,route/right from camera_sign_turn_right: outer_left_lower_to_mid_reverse delta=-0.0deg,,,,camera_sign_speed_limit,-2.1862921712363192,-1.5504076574017127,-1.5448281395833408,0.0,34.71820069391704,206.9507267158064,-1.544828139583341,34.68656045607024,205.73257755870412,-1.5448281395833408,0.0,34.71820069391704,206.9507267158064,0.28,0.28
26.143026086001555,14959000000,outer_left_lower_to_mid_reverse,1.57949056050508,1.8052961635923481,0.8749204658819311,False,False,False,route/right from camera_sign_turn_right: outer_left_lower_to_mid_reverse delta=-0.0deg,,,,camera_sign_speed_limit,-2.1855506031617846,-1.5789580282712974,-1.5448281395833408,0.0,34.749840931763856,208.1688758729087,-1.5448281395833408,34.71820069391704,206.9507267158064,-1.5448281395833408,0.0,34.749840931763856,208.1688758729087,0.28,0.28
26.244499865000762,15060000000,outer_left_lower_to_mid_reverse,1.60777056050508,1.8052961635923481,0.8905854856002059,False,False,False,route/right from camera_sign_turn_right: outer_left_lower_to_mid_reverse delta=-0.0deg,,,,camera_sign_speed_limit,-2.1848163053624905,-1.6072284935441217,-1.5448281395833408,0.0,34.78117097120041,209.37508239121587,-1.5448281395833408,34.749840931763856,208.1688758729087,-1.5448281395833408,0.0,34.78117097120041,209.37508239121587,0.28,0.28
26.444773431001522,15258000000,outer_left_lower_to_mid_reverse,1.66321056050508,1.8052961635923481,0.9212951282162297,False,False,False,route/right from camera_sign_turn_right: outer_left_lower_to_mid_reverse delta=-0.0deg,,,,camera_sign_speed_limit,-2.1833767908648642,-1.6626498017027271,-1.5448281395833408,0.0,34.84259025643246,211.73972487264967,-1.5448281395833408,34.811570415406166,210.54546099313765,-1.5448281395833408,0.0,34.84259025643246,211.73972487264967,0.28,0.28
26.5452158650005,15358000000,outer_left_lower_to_mid_reverse,1.69121056050508,1.8052961635923481,0.9368050487293731,False,False,False,route/right from camera_sign_turn_right: outer_left_lower_to_mid_reverse delta=-0.0deg,,,,camera_sign_speed_limit,-2.1826497633408106,-1.6906403613787906,-1.5448281395833408,0.0,34.87361009745875,212.93398875216172,-1.5448281395833408,34.84259025643246,211.73972487264967,-1.5448281395833408,0.0,34.87361009745875,212.93398875216172,0.28,0.28
26.645475504001297,15462000000,outer_left_lower_to_mid_reverse,1.72033056050508,1.8052961635923481,0.9529353660630422,False,False,False,route/right from camera_sign_turn_right: outer_left_lower_to_mid_reverse delta=-0.0deg,,,,camera_sign_speed_limit,-2.181893654715795,-1.7197505434418965,-1.5448281395833408,0.0,34.905870732126075,214.17602318685425,-1.5448281395833408,34.87361009745875,212.93398875216172,-1.5448281395833408,0.0,34.905870732126075,214.17602318685425,0.28,0.28
26.74603751399991,15562000000,outer_left_lower_to_mid_reverse,1.74833056050508,1.8052961635923481,0.9684452865761857,False,False,False,route/right from camera_sign_turn_right: outer_left_lower_to_mid_reverse delta=-0.0deg,,,,camera_sign_speed_limit,-2.1811666271917414,-1.7477411031179602,-1.1643045132318328,0.38052362635150794,34.93689057315237,215.3702870663663,-1.5448281395833408,34.905870732126075,214.17602318685425,-1.1643045132318328,0.0,34.93689057315237,215.3702870663663,0.28,0.28
26.946941879001315,15759000000,outer_left_lower_to_mid_reverse,1.80349056050508,1.8052961635923481,0.998999829987078,False,False,False,route/right from camera_sign_turn_right: outer_left_lower_to_mid_reverse delta=-0.0deg,,,,camera_sign_speed_limit,-2.1797343829693556,-1.8028825056798048,-0.5774118353588918,0.586892677872941,34.997999659974155,217.722986909005,-0.8430956292315722,34.96729001735814,216.5406656682881,-0.5774118353588918,0.0,34.997999659974155,217.722986909005,0.28,0.28
27.047239659001207,15859000000,outer_bottom_left_corner_reverse,0.026194396912731822,0.3709787607362388,0.07060888569670895,False,False,False,route/default: outer_bottom_left_corner_reverse,,,,camera_sign_speed_limit,-2.154300579497975,-1.806636920502025,-0.6317455631284847,-0.05433372776959289,36.08317527475306,217.88317527475306,-0.8038916292315722,34.997999659974155,217.722986909005,-0.6317455631284847,0.0,36.08317527475306,217.88317527475306,0.28,0.28
27.14774605400089,15960000000,outer_bottom_left_corner_reverse,0.05447439691273183,0.3709787607362388,0.14683966490324882,False,False,False,route/default: outer_bottom_left_corner_reverse,,,,camera_sign_speed_limit,-2.1343035997260196,-1.8266339002739804,-0.34359591270165957,0.28814965042682517,36.93637974502316,218.73637974502316,-0.7242916292315722,36.08317527475306,217.88317527475306,-0.34359591270165957,0.0,36.93637974502316,218.73637974502316,0.28,0.28
27.24877804100106,16063000000,outer_bottom_left_corner_reverse,0.08331439691273183,0.3709787607362388,0.22457996449011622,False,False,False,route/default: outer_bottom_left_corner_reverse,,,,camera_sign_speed_limit,-2.1139106401565995,-1.8470268598434005,-0.05799385700742148,0.2856020556942381,37.80647935331842,219.60647935331843,-0.34359591270165957,36.93637974502316,218.73637974502316,-0.05799385700742148,0.0,37.80647935331842,219.60647935331843,0.28,0.28
27.453432389000227,16255000000,outer_bottom_left_corner_reverse,0.13707439691273185,0.3709787607362388,0.36949392100155837,False,False,False,route/default: outer_bottom_left_corner_reverse,,,,camera_sign_speed_limit,-2.062029363823507,-1.8515625,0.0,0.05799385700742148,40.0200804768637,219.8,-0.22116791270165953,38.90904047686371,219.8,0.0,0.0,40.0200804768637,219.8,0.28,0.28
27.549936765000894,16360000000,outer_bottom_left_corner_reverse,0.16647439691273186,0.3709787607362388,0.4487437409687533,False,False,False,route/default: outer_bottom_left_corner_reverse,,,,camera_sign_speed_limit,-2.032629363823507,-1.8515625,0.0,0.0,41.2744804768637,219.8,-0.11142791270165951,40.0200804768637,219.8,0.0,0.0,41.2744804768637,219.8,0.28,0.28
27.650368398000865,16460000000,outer_bottom_left_corner_reverse,0.19447439691273186,0.3709787607362388,0.5242197599851294,False,False,False,route/default: outer_bottom_left_corner_reverse,,,camera_sign_speed_limit,camera_sign_speed_limit,-2.004629363823507,-1.8515625,0.0,0.0,42.46914714353038,219.8,0.0,41.2744804768637,219.8,0.0,0.0,42.46914714353038,219.8,0.28,0.28
27.750936779000767,16564000000,outer_bottom_left_corner_reverse,0.22359439691273186,0.3709787607362388,0.6027148197621606,False,False,False,route/default: outer_bottom_left_corner_reverse,,,camera_sign_speed_limit,camera_sign_speed_limit,-1.975509363823507,-1.8515625,0.0,0.0,43.711600476863694,219.8,0.0,42.46914714353038,219.8,0.0,0.0,43.711600476863694,219.8,0.28,0.28
27.851604840001528,16665000000,outer_bottom_left_corner_reverse,0.2518743969127319,0.3709787607362388,0.6789455989687005,False,False,False,route/default: outer_bottom_left_corner_reverse,,,camera_sign_speed_limit,camera_sign_speed_limit,-1.947229363823507,-1.8515625,0.0,0.0,44.91821381019703,219.8,0.0,43.711600476863694,219.8,0.0,0.0,44.91821381019703,219.8,0.28,0.28
27.95174419200157,16766000000,outer_bottom_left_corner_reverse,0.2801543969127319,0.3709787607362388,0.7551763781752404,False,False,False,route/default: outer_bottom_left_corner_reverse,,,camera_sign_speed_limit,camera_sign_speed_limit,-1.918949363823507,-1.8515625,0.0,0.0,46.12482714353037,219.8,0.0,44.91821381019703,219.8,0.0,0.0,46.12482714353037,219.8,0.28,0.28
28.15296475300056,16964000000,outer_bottom_left_corner_reverse,0.33559439691273196,0.3709787607362388,0.9046188958276652,False,False,False,route/default: outer_bottom_left_corner_reverse,,,,camera_sign_speed_limit,-1.863509363823507,-1.8515625,0.0,0.0,48.490267143530374,219.8,0.0,47.30754714353037,219.8,0.0,0.0,48.490267143530374,219.8,0.28,0.28
28.253422236000915,17065000000,outer_bottom_left_corner_reverse,0.363874396912732,0.3709787607362388,0.9808496750342052,False,False,False,route/default: outer_bottom_left_corner_reverse,,,,camera_sign_speed_limit,-1.8352293638235069,-1.8515625,0.0,0.0,49.69688047686371,219.8,0.0,48.490267143530374,219.8,0.0,0.0,49.69688047686371,219.8,0.28,0.28
28.354073174001314,17166000000,outer_bottom_left_mid_to_bottom_left_reverse,0.021175636176493182,0.796875,0.02657334735873654,False,False,False,route/default: outer_bottom_left_mid_to_bottom_left_reverse,,,,camera_sign_speed_limit,-1.8069493638235068,-1.8515625,0.0,0.0,50.90349381019705,219.8,0.0,49.69688047686371,219.8,0.0,0.0,50.90349381019705,219.8,0.28,0.28
28.455074293000507,17267000000,outer_bottom_left_mid_to_bottom_left_reverse,0.049455636176493185,0.796875,0.06206197480971694,False,False,False,route/default: outer_bottom_left_mid_to_bottom_left_reverse,,,,camera_sign_speed_limit,-1.7786693638235067,-1.8515625,0.0,0.0,52.110107143530385,219.8,0.0,50.90349381019705,219.8,0.0,0.0,52.110107143530385,219.8,0.28,0.28
28.556623657001182,17367000000,outer_bottom_left_mid_to_bottom_left_reverse,0.07745563617649319,0.796875,0.09719922971167773,False,False,False,route/default: outer_bottom_left_mid_to_bottom_left_reverse,,,,camera_sign_speed_limit,-1.750669363823507,-1.8515625,0.0,0.0,53.304773810197034,219.8,0.0,52.110107143530385,219.8,0.0,0.0,53.304773810197034,219.8,0.28,0.28
28.756605388000025,17567000000,outer_bottom_left_mid_to_bottom_left_reverse,0.1334556361764932,0.796875,0.1674737395155993,False,False,False,route/default: outer_bottom_left_mid_to_bottom_left_reverse,,,,camera_sign_speed_limit,-1.6946693638235069,-1.8515625,0.0,0.0,55.694107143530374,219.8,0.0,54.48749381019705,219.8,0.0,0.0,55.694107143530374,219.8,0.28,0.28
28.85704555800112,17668000000,outer_bottom_left_mid_to_bottom_left_reverse,0.1617356361764932,0.796875,0.2029623669665797,False,False,False,route/default: outer_bottom_left_mid_to_bottom_left_reverse,,,,camera_sign_speed_limit,-1.6663893638235068,-1.8515625,0.0,0.0,56.90072047686371,219.8,0.0,55.694107143530374,219.8,0.0,0.0,56.90072047686371,219.8,0.28,0.28
29.057521473001543,17867000000,outer_bottom_left_mid_to_bottom_left_reverse,0.2174556361764932,0.796875,0.27288550422148167,False,False,False,route/default: outer_bottom_left_mid_to_bottom_left_reverse,,,,camera_sign_speed_limit,-1.6106693638235068,-1.8515625,0.0,0.0,59.27810714353038,219.8,0.0,58.07149381019704,219.8,0.0,0.0,59.27810714353038,219.8,0.28,0.28
29.158368011001585,17969000000,outer_bottom_left_mid_to_bottom_left_reverse,0.2460156361764932,0.796875,0.30872550422148165,False,False,False,route/default: outer_bottom_left_mid_to_bottom_left_reverse,,,,camera_sign_speed_limit,-1.5821093638235069,-1.8515625,0.0,0.0,60.496667143530374,219.8,0.0,59.27810714353038,219.8,0.0,0.0,60.496667143530374,219.8,0.28,0.28
29.258927505999964,18070000000,outer_bottom_left_mid_to_bottom_left_reverse,0.2742956361764932,0.796875,0.34421413167246206,False,False,False,route/default: outer_bottom_left_mid_to_bottom_left_reverse,,,,camera_sign_speed_limit,-1.5538293638235068,-1.8515625,0.0,0.0,61.70328047686371,219.8,0.0,60.496667143530374,219.8,0.0,0.0,61.70328047686371,219.8,0.28,0.28
29.459903124001357,18272000000,outer_bottom_left_mid_to_bottom_left_reverse,0.3308556361764933,0.796875,0.41519138657442295,False,False,False,route/default: outer_bottom_left_mid_to_bottom_left_reverse,,,,camera_sign_speed_limit,-1.4972693638235066,-1.8515625,0.0,0.0,64.11650714353038,219.8,0.0,62.886000476863714,219.8,0.0,0.0,64.11650714353038,219.8,0.28,0.28
29.56549095599985,18373000000,outer_bottom_left_mid_to_bottom_left_reverse,0.3591356361764933,0.796875,0.45068001402540336,False,False,False,route/default: outer_bottom_left_mid_to_bottom_left_reverse,,,,camera_sign_speed_limit,-1.4689893638235068,-1.8515625,0.0,0.0,65.32312047686372,219.8,0.0,64.11650714353038,219.8,0.0,0.0,65.32312047686372,219.8,0.28,0.28
29.76163743500001,18572000000,outer_bottom_left_mid_to_bottom_left_reverse,0.41485563617649335,0.796875,0.5206031512803054,False,False,False,route/default: outer_bottom_left_mid_to_bottom_left_reverse,,,,camera_sign_speed_limit,-1.4132693638235065,-1.8515625,0.0,0.0,67.70050714353039,219.8,0.0,66.50584047686371,219.8,0.0,0.0,67.70050714353039,219.8,0.28,0.28
29.8612453730002,18672000000,outer_bottom_left_mid_to_bottom_left_reverse,0.4428556361764934,0.796875,0.5557404061822662,False,False,False,route/default: outer_bottom_left_mid_to_bottom_left_reverse,,,,camera_sign_speed_limit,-1.3852693638235065,-1.8515625,0.0,0.0,68.89517381019706,219.8,0.0,67.70050714353039,219.8,0.0,0.0,68.89517381019706,219.8,0.28,0.28
29.961428235999847,18774000000,outer_bottom_left_mid_to_bottom_left_reverse,0.4714156361764934,0.796875,0.5915804061822663,False,False,False,route/default: outer_bottom_left_mid_to_bottom_left_reverse,,,,camera_sign_speed_limit,-1.3567093638235066,-1.8515625,0.0,0.0,70.11373381019706,219.8,0.0,68.89517381019706,219.8,0.0,0.0,70.11373381019706,219.8,0.28,0.28
30.162412887000755,18975000000,outer_bottom_left_mid_to_bottom_left_reverse,0.5276956361764934,0.796875,0.6622062885352074,False,False,False,route/default: outer_bottom_left_mid_to_bottom_left_reverse,,,,camera_sign_speed_limit,-1.3004293638235067,-1.8515625,0.0,0.0,72.51501381019705,219.8,0.0,71.29645381019705,219.8,0.0,0.0,72.51501381019705,219.8,0.28,0.28
30.365339445001155,19172000000,outer_bottom_left_mid_to_bottom_left_reverse,0.5691356361764933,0.796875,0.7142094257901093,False,False,False,route/default: outer_bottom_left_mid_to_bottom_left_reverse,,,,camera_sign_speed_limit,-1.2589893638235066,-1.8515625,0.0,0.0,74.28312047686373,219.8,0.0,73.69773381019704,219.8,0.0,0.0,74.28312047686373,219.8,0.14,0.28
30.46386381600132,19273000000,outer_bottom_left_mid_to_bottom_left_reverse,0.5832756361764934,0.796875,0.7319537395155995,False,False,False,route/default: outer_bottom_left_mid_to_bottom_left_reverse,,,,camera_sign_speed_limit,-1.2448493638235067,-1.8515625,0.0,0.0,74.88642714353037,219.8,0.0,74.28312047686373,219.8,0.0,0.0,74.88642714353037,219.8,0.14,0.28
30.565105890000268,19379000000,outer_bottom_left_mid_to_bottom_left_reverse,0.5981156361764933,0.796875,0.7505764846136387,False,False,False,route/default: outer_bottom_left_mid_to_bottom_left_reverse,,,,camera_sign_speed_limit,-1.2300093638235068,-1.8515625,0.0,0.0,75.5196004768637,219.8,0.0,74.88642714353037,219.8,0.0,0.0,75.5196004768637,219.8,0.14,0.28
30.665386085000137,19480000000,outer_bottom_left_mid_to_bottom_left_reverse,0.6122556361764934,0.796875,0.7683207983391289,False,False,False,route/default: outer_bottom_left_mid_to_bottom_left_reverse,,,,camera_sign_speed_limit,-1.2158693638235065,-1.8515625,0.0,0.0,76.1229071435304,219.8,0.0,75.5196004768637,219.8,0.0,0.0,76.1229071435304,219.8,0.14,0.28
30.86556244700114,19680000000,outer_bottom_left_mid_to_bottom_left_reverse,0.6402556361764933,0.796875,0.8034580532410897,False,False,False,route/default: outer_bottom_left_mid_to_bottom_left_reverse,,,,camera_sign_speed_limit,-1.1878693638235067,-1.8515625,0.0,0.0,77.31757381019705,219.8,0.0,76.70829381019703,219.8,0.0,0.0,77.31757381019705,219.8,0.14,0.28
30.965768940001,19781000000,outer_bottom_left_mid_to_bottom_left_reverse,0.6543956361764933,0.796875,0.8212023669665799,False,False,False,route/default: outer_bottom_left_mid_to_bottom_left_reverse,,,,camera_sign_speed_limit,-1.1737293638235067,-1.8515625,0.0,0.0,77.92088047686372,219.8,0.0,77.31757381019705,219.8,0.0,0.0,77.92088047686372,219.8,0.14,0.28
31.166851956000755,19980000000,outer_bottom_left_mid_to_bottom_left_reverse,0.6822556361764933,0.796875,0.8561639355940308,False,False,False,route/default: outer_bottom_left_mid_to_bottom_left_reverse,,,,camera_sign_speed_limit,-1.1458693638235067,-1.8515625,0.0,0.0,79.10957381019705,219.8,0.0,78.49432047686372,219.8,0.0,0.0,79.10957381019705,219.8,0.14,0.28
31.368289587000618,20180000000,outer_bottom_left_mid_to_bottom_left_reverse,0.7102556361764933,0.796875,0.8913011904959917,False,False,False,route/default: outer_bottom_left_mid_to_bottom_left_reverse,,,camera_sign_speed_limit,camera_sign_speed_limit,-1.1178693638235067,-1.8515625,0.0,0.0,80.30424047686373,219.8,0.0,79.70093381019706,219.8,0.0,0.0,80.30424047686373,219.8,0.14,0.28
31.468589702000827,20282000000,outer_bottom_left_mid_to_bottom_left_reverse,0.7245356361764933,0.796875,0.9092211904959916,False,False,False,route/default: outer_bottom_left_mid_to_bottom_left_reverse,,,camera_sign_speed_limit,camera_sign_speed_limit,-1.1035893638235068,-1.8515625,0.0,0.0,80.91352047686371,219.8,0.0,80.30424047686373,219.8,0.0,0.0,80.91352047686371,219.8,0.14,0.28
31.67680633600139,20481000000,outer_bottom_left_mid_to_bottom_left_reverse,0.7523956361764933,0.796875,0.9441827591234425,False,False,False,route/default: outer_bottom_left_mid_to_bottom_left_reverse,,,camera_sign_speed_limit,camera_sign_speed_limit,-1.0757293638235068,-1.8515625,0.0,0.0,82.10221381019704,219.8,0.0,81.49293381019706,219.8,0.0,0.0,82.10221381019704,219.8,0.14,0.28
31.770409623000887,20585000000,outer_bottom_left_mid_to_bottom_left_reverse,0.7669556361764933,0.796875,0.9624541316724622,False,False,False,route/default: outer_bottom_left_mid_to_bottom_left_reverse,,,camera_sign_speed_limit,camera_sign_speed_limit,-1.0611693638235067,-1.8515625,0.0,0.0,82.72344047686371,219.8,0.0,82.10221381019704,219.8,0.0,0.0,82.72344047686371,219.8,0.14,0.28
31.872065674000623,20686000000,outer_bottom_left_mid_to_bottom_left_reverse,0.7810956361764934,0.796875,0.9801984453979524,False,False,False,route/default: outer_bottom_left_mid_to_bottom_left_reverse,,,camera_sign_speed_limit,camera_sign_speed_limit,-1.0470293638235066,-1.8515625,0.0,0.0,83.32674714353038,219.8,0.0,82.72344047686371,219.8,0.0,0.0,83.32674714353038,219.8,0.14,0.28
32.071802658001616,20884000000,outer_bottom_mid_to_bottom_left_mid_reverse,0.011940636176493314,0.984375,0.0121301700840567,False,False,False,route/default: outer_bottom_mid_to_bottom_left_mid_reverse,,,camera_sign_speed_limit,camera_sign_speed_limit,-1.0193093638235067,-1.8515625,0.0,0.0,84.50946714353037,219.8,0.0,83.91213381019705,219.8,0.0,0.0,84.50946714353037,219.8,0.14,0.28
32.27456994000022,21082000000,outer_bottom_mid_to_bottom_left_mid_reverse,0.03966063617649332,0.984375,0.040290170084056706,False,False,False,route/default: outer_bottom_mid_to_bottom_left_mid_reverse,,,camera_sign_speed_limit,camera_sign_speed_limit,-0.9915893638235067,-1.8515625,0.0,0.0,85.69218714353039,219.8,0.0,85.10082714353038,219.8,0.0,0.0,85.69218714353039,219.8,0.14,0.28
32.47330501700162,21284000000,outer_bottom_mid_to_bottom_left_mid_reverse,0.06794063617649332,0.984375,0.0690190589729456,False,False,False,route/default: outer_bottom_mid_to_bottom_left_mid_reverse,,,camera_sign_speed_limit,camera_sign_speed_limit,-0.9633093638235066,-1.8515625,0.0,0.0,86.89880047686373,219.8,0.0,86.28354714353037,219.8,0.0,0.0,86.89880047686373,219.8,0.14,0.28
32.57373519700013,21384000000,outer_bottom_mid_to_bottom_left_mid_reverse,0.08194063617649332,0.984375,0.08324128119516781,False,False,False,route/default: outer_bottom_mid_to_bottom_left_mid_reverse,,,camera_sign_speed_limit,camera_sign_speed_limit,-0.9493093638235067,-1.8515625,0.0,0.0,87.49613381019705,219.8,0.0,86.89880047686373,219.8,0.0,0.0,87.49613381019705,219.8,0.14,0.28
32.77412125200135,21582000000,outer_bottom_mid_to_bottom_left_mid_reverse,0.10966063617649331,0.984375,0.1114012811951678,False,False,False,route/default: outer_bottom_mid_to_bottom_left_mid_reverse,,,camera_sign_speed_limit,camera_sign_speed_limit,-0.9215893638235066,-1.8515625,0.0,0.0,88.67885381019704,219.8,0.0,88.08749381019706,219.8,0.0,0.0,88.67885381019704,219.8,0.14,0.28
32.87416049500098,21683000000,outer_bottom_mid_to_bottom_left_mid_reverse,0.12380063617649331,0.984375,0.12576572563961225,False,False,False,route/default: outer_bottom_mid_to_bottom_left_mid_reverse,,,camera_sign_speed_limit,camera_sign_speed_limit,-0.9074493638235067,-1.8515625,0.0,0.0,89.28216047686371,219.8,0.0,88.67885381019704,219.8,0.0,0.0,89.28216047686371,219.8,0.14,0.28
33.07477833700068,21882000000,outer_bottom_mid_to_bottom_left_mid_reverse,0.15166063617649334,0.984375,0.1540679478618345,False,False,False,route/default: outer_bottom_mid_to_bottom_left_mid_reverse,,,camera_sign_speed_limit,camera_sign_speed_limit,-0.8795893638235066,-1.8515625,0.0,0.0,90.47085381019704,219.8,0.0,89.86754714353037,219.8,0.0,0.0,90.47085381019704,219.8,0.14,0.28
33.17631016300038,21984000000,outer_bottom_mid_to_bottom_left_mid_reverse,0.16594063617649335,0.984375,0.16857461452850117,False,False,False,route/default: outer_bottom_mid_to_bottom_left_mid_reverse,,,camera_sign_speed_limit,camera_sign_speed_limit,-0.8653093638235066,-1.8515625,0.0,0.0,91.08013381019705,219.8,0.0,90.47085381019704,219.8,0.0,0.0,91.08013381019705,219.8,0.14,0.28
33.277148810000654,22084000000,outer_bottom_mid_to_bottom_left_mid_reverse,0.17994063617649336,0.984375,0.18279683675072342,False,False,False,route/default: outer_bottom_mid_to_bottom_left_mid_reverse,,,camera_sign_speed_limit,camera_sign_speed_limit,-0.8513093638235066,-1.8515625,0.0,0.0,91.67746714353038,219.8,0.0,91.08013381019705,219.8,0.0,0.0,91.67746714353038,219.8,0.14,0.28
33.37744341400139,22185000000,outer_bottom_mid_to_bottom_left_mid_reverse,0.17994063617649336,0.984375,0.18279683675072342,False,False,False,route/default: outer_bottom_mid_to_bottom_left_mid_reverse,,,camera_sign_speed_limit,camera_sign_speed_limit,-0.8513093638235066,-1.8515625,0.0,0.0,91.67746714353038,219.8,0.0,91.67746714353038,219.8,0.0,0.0,91.67746714353038,219.8,0.0,0.28
33.47794954800156,22287000000,outer_bottom_mid_to_bottom_left_mid_reverse,0.17994063617649336,0.984375,0.18279683675072342,False,False,False,route/default: outer_bottom_mid_to_bottom_left_mid_reverse,,,camera_sign_speed_limit,camera_sign_speed_limit,-0.8513093638235066,-1.8515625,0.0,0.0,91.67746714353038,219.8,0.0,91.67746714353038,219.8,0.0,0.0,91.67746714353038,219.8,0.0,0.28
33.58408337000037,22387000000,outer_bottom_mid_to_bottom_left_mid_reverse,0.17994063617649336,0.984375,0.18279683675072342,False,False,False,route/default: outer_bottom_mid_to_bottom_left_mid_reverse,,,camera_sign_speed_limit,camera_sign_speed_limit,-0.8513093638235066,-1.8515625,0.0,0.0,91.67746714353038,219.8,0.0,91.67746714353038,219.8,0.0,0.0,91.67746714353038,219.8,0.0,0.28
33.77969747800125,22584000000,outer_bottom_mid_to_bottom_left_mid_reverse,0.17994063617649336,0.984375,0.18279683675072342,False,False,False,route/default: outer_bottom_mid_to_bottom_left_mid_reverse,,,camera_sign_speed_limit,camera_sign_speed_limit,-0.8513093638235066,-1.8515625,0.0,0.0,91.67746714353038,219.8,0.0,91.67746714353038,219.8,0.0,0.0,91.67746714353038,219.8,0.0,0.28
33.886916234001546,22687000000,outer_bottom_mid_to_bottom_left_mid_reverse,0.17994063617649336,0.984375,0.18279683675072342,False,False,False,route/default: outer_bottom_mid_to_bottom_left_mid_reverse,,,camera_sign_speed_limit,camera_sign_speed_limit,-0.8513093638235066,-1.8515625,0.0,0.0,91.67746714353038,219.8,0.0,91.67746714353038,219.8,0.0,0.0,91.67746714353038,219.8,0.0,0.28
33.98144549400058,22787000000,outer_bottom_mid_to_bottom_left_mid_reverse,0.17994063617649336,0.984375,0.18279683675072342,False,False,False,route/default: outer_bottom_mid_to_bottom_left_mid_reverse,,,camera_sign_speed_limit,camera_sign_speed_limit,-0.8513093638235066,-1.8515625,0.0,0.0,91.67746714353038,219.8,0.0,91.67746714353038,219.8,0.0,0.0,91.67746714353038,219.8,0.0,0.28
34.18181513200034,22987000000,outer_bottom_mid_to_bottom_left_mid_reverse,0.17994063617649336,0.984375,0.18279683675072342,False,False,False,route/default: outer_bottom_mid_to_bottom_left_mid_reverse,,,camera_sign_speed_limit,camera_sign_speed_limit,-0.8513093638235066,-1.8515625,0.0,0.0,91.67746714353038,219.8,0.0,91.67746714353038,219.8,0.0,0.0,91.67746714353038,219.8,0.0,0.28
34.28698536400043,23089000000,outer_bottom_mid_to_bottom_left_mid_reverse,0.17994063617649336,0.984375,0.18279683675072342,False,False,False,route/default: outer_bottom_mid_to_bottom_left_mid_reverse,,,camera_sign_speed_limit,camera_sign_speed_limit,-0.8513093638235066,-1.8515625,0.0,0.0,91.67746714353038,219.8,0.0,91.67746714353038,219.8,0.0,0.0,91.67746714353038,219.8,0.0,0.28
34.383159011000316,23189000000,outer_bottom_mid_to_bottom_left_mid_reverse,0.17994063617649336,0.984375,0.18279683675072342,False,False,False,route/default: outer_bottom_mid_to_bottom_left_mid_reverse,,,camera_sign_speed_limit,camera_sign_speed_limit,-0.8513093638235066,-1.8515625,0.0,0.0,91.67746714353038,219.8,0.0,91.67746714353038,219.8,0.0,0.0,91.67746714353038,219.8,0.0,0.28
34.58736077800131,23391000000,outer_bottom_mid_to_bottom_left_mid_reverse,0.17994063617649336,0.984375,0.18279683675072342,False,False,False,route/default: outer_bottom_mid_to_bottom_left_mid_reverse,,,camera_sign_speed_limit,camera_sign_speed_limit,-0.8513093638235066,-1.8515625,0.0,0.0,91.67746714353038,219.8,0.0,91.67746714353038,219.8,0.0,0.0,91.67746714353038,219.8,0.0,0.28
34.685543142000824,23491000000,outer_bottom_mid_to_bottom_left_mid_reverse,0.17994063617649336,0.984375,0.18279683675072342,False,False,False,route/default: outer_bottom_mid_to_bottom_left_mid_reverse,,,camera_sign_speed_limit,camera_sign_speed_limit,-0.8513093638235066,-1.8515625,0.0,0.0,91.67746714353038,219.8,0.0,91.67746714353038,219.8,0.0,0.0,91.67746714353038,219.8,0.0,0.28
34.786315930001365,23593000000,outer_bottom_mid_to_bottom_left_mid_reverse,0.17994063617649336,0.984375,0.18279683675072342,False,False,False,route/default: outer_bottom_mid_to_bottom_left_mid_reverse,,,camera_sign_speed_limit,camera_sign_speed_limit,-0.8513093638235066,-1.8515625,0.0,0.0,91.67746714353038,219.8,0.0,91.67746714353038,219.8,0.0,0.0,91.67746714353038,219.8,0.0,0.28
34.88704480400156,23695000000,outer_bottom_mid_to_bottom_left_mid_reverse,0.17994063617649336,0.984375,0.18279683675072342,False,False,False,route/default: outer_bottom_mid_to_bottom_left_mid_reverse,,,camera_sign_speed_limit,camera_sign_speed_limit,-0.8513093638235066,-1.8515625,0.0,0.0,91.67746714353038,219.8,0.0,91.67746714353038,219.8,0.0,0.0,91.67746714353038,219.8,0.0,0.28
35.09216227400066,23892000000,outer_bottom_mid_to_bottom_left_mid_reverse,0.17994063617649336,0.984375,0.18279683675072342,False,False,False,route/default: outer_bottom_mid_to_bottom_left_mid_reverse,,,camera_sign_speed_limit,camera_sign_speed_limit,-0.8513093638235066,-1.8515625,0.0,0.0,91.67746714353038,219.8,0.0,91.67746714353038,219.8,0.0,0.0,91.67746714353038,219.8,0.0,0.28
35.288619068000116,24093000000,outer_bottom_mid_to_bottom_left_mid_reverse,0.17994063617649336,0.984375,0.18279683675072342,False,False,False,route/default: outer_bottom_mid_to_bottom_left_mid_reverse,,,camera_sign_speed_limit,camera_sign_speed_limit,-0.8513093638235066,-1.8515625,0.0,0.0,91.67746714353038,219.8,0.0,91.67746714353038,219.8,0.0,0.0,91.67746714353038,219.8,0.0,0.28
35.389184744000886,24195000000,outer_bottom_mid_to_bottom_left_mid_reverse,0.17994063617649336,0.984375,0.18279683675072342,False,False,False,route/default: outer_bottom_mid_to_bottom_left_mid_reverse,,,camera_sign_speed_limit,camera_sign_speed_limit,-0.8513093638235066,-1.8515625,0.0,0.0,91.67746714353038,219.8,0.0,91.67746714353038,219.8,0.0,0.0,91.67746714353038,219.8,0.0,0.28
35.590197331001036,24395000000,outer_bottom_mid_to_bottom_left_mid_reverse,0.17994063617649336,0.984375,0.18279683675072342,False,False,False,route/default: outer_bottom_mid_to_bottom_left_mid_reverse,,,camera_sign_speed_limit,camera_sign_speed_limit,-0.8513093638235066,-1.8515625,0.0,0.0,91.67746714353038,219.8,0.0,91.67746714353038,219.8,0.0,0.0,91.67746714353038,219.8,0.0,0.28
35.691526689000966,24497000000,outer_bottom_mid_to_bottom_left_mid_reverse,0.17994063617649336,0.984375,0.18279683675072342,False,False,False,route/default: outer_bottom_mid_to_bottom_left_mid_reverse,,,camera_sign_speed_limit,camera_sign_speed_limit,-0.8513093638235066,-1.8515625,0.0,0.0,91.67746714353038,219.8,0.0,91.67746714353038,219.8,0.0,0.0,91.67746714353038,219.8,0.0,0.28
35.791915126001186,24598000000,outer_bottom_mid_to_bottom_left_mid_reverse,0.17994063617649336,0.984375,0.18279683675072342,False,False,False,route/default: outer_bottom_mid_to_bottom_left_mid_reverse,,,camera_sign_speed_limit,camera_sign_speed_limit,-0.8513093638235066,-1.8515625,0.0,0.0,91.67746714353038,219.8,0.0,91.67746714353038,219.8,0.0,0.0,91.67746714353038,219.8,0.0,0.28
35.992004925999936,24795000000,outer_bottom_mid_to_bottom_left_mid_reverse,0.17994063617649336,0.984375,0.18279683675072342,False,False,False,route/default: outer_bottom_mid_to_bottom_left_mid_reverse,,,camera_sign_speed_limit,camera_sign_speed_limit,-0.8513093638235066,-1.8515625,0.0,0.0,91.67746714353038,219.8,0.0,91.67746714353038,219.8,0.0,0.0,91.67746714353038,219.8,0.0,0.28
36.193277993001175,24994000000,outer_bottom_mid_to_bottom_left_mid_reverse,0.17994063617649336,0.984375,0.18279683675072342,False,False,False,route/default: outer_bottom_mid_to_bottom_left_mid_reverse,,,camera_sign_speed_limit,camera_sign_speed_limit,-0.8513093638235066,-1.8515625,0.0,0.0,91.67746714353038,219.8,0.0,91.67746714353038,219.8,0.0,0.0,91.67746714353038,219.8,0.0,0.28
36.29448365999997,25097000000,outer_bottom_mid_to_bottom_left_mid_reverse,0.17994063617649336,0.984375,0.18279683675072342,False,False,False,route/default: outer_bottom_mid_to_bottom_left_mid_reverse,,,camera_sign_speed_limit,camera_sign_speed_limit,-0.8513093638235066,-1.8515625,0.0,0.0,91.67746714353038,219.8,0.0,91.67746714353038,219.8,0.0,0.0,91.67746714353038,219.8,0.0,0.28
36.495026160000634,25298000000,outer_bottom_mid_to_bottom_left_mid_reverse,0.17994063617649336,0.984375,0.18279683675072342,False,False,False,route/default: outer_bottom_mid_to_bottom_left_mid_reverse,,,camera_sign_speed_limit,camera_sign_speed_limit,-0.8513093638235066,-1.8515625,0.0,0.0,91.67746714353038,219.8,0.0,91.67746714353038,219.8,0.0,0.0,91.67746714353038,219.8,0.0,0.28
36.595195337000405,25399000000,outer_bottom_mid_to_bottom_left_mid_reverse,0.17994063617649336,0.984375,0.18279683675072342,False,False,False,route/default: outer_bottom_mid_to_bottom_left_mid_reverse,,,camera_sign_speed_limit,camera_sign_speed_limit,-0.8513093638235066,-1.8515625,0.0,0.0,91.67746714353038,219.8,0.0,91.67746714353038,219.8,0.0,0.0,91.67746714353038,219.8,0.0,0.28
36.696361347001584,25501000000,outer_bottom_mid_to_bottom_left_mid_reverse,0.17994063617649336,0.984375,0.18279683675072342,False,False,False,route/default: outer_bottom_mid_to_bottom_left_mid_reverse,,,camera_sign_speed_limit,camera_sign_speed_limit,-0.8513093638235066,-1.8515625,0.0,0.0,91.67746714353038,219.8,0.0,91.67746714353038,219.8,0.0,0.0,91.67746714353038,219.8,0.0,0.28
36.896758102000604,25699000000,outer_bottom_mid_to_bottom_left_mid_reverse,0.17994063617649336,0.984375,0.18279683675072342,False,False,False,route/default: outer_bottom_mid_to_bottom_left_mid_reverse,,,camera_sign_speed_limit,camera_sign_speed_limit,-0.8513093638235066,-1.8515625,0.0,0.0,91.67746714353038,219.8,0.0,91.67746714353038,219.8,0.0,0.0,91.67746714353038,219.8,0.0,0.28
36.99737172800087,25800000000,outer_bottom_mid_to_bottom_left_mid_reverse,0.17994063617649336,0.984375,0.18279683675072342,False,False,False,route/default: outer_bottom_mid_to_bottom_left_mid_reverse,,,camera_sign_speed_limit,camera_sign_speed_limit,-0.8513093638235066,-1.8515625,0.0,0.0,91.67746714353038,219.8,0.0,91.67746714353038,219.8,0.0,0.0,91.67746714353038,219.8,0.0,0.28
37.09805999499986,25902000000,outer_bottom_mid_to_bottom_left_mid_reverse,0.17994063617649336,0.984375,0.18279683675072342,False,False,False,route/default: outer_bottom_mid_to_bottom_left_mid_reverse,,,camera_sign_speed_limit,camera_sign_speed_limit,-0.8513093638235066,-1.8515625,0.0,0.0,91.67746714353038,219.8,0.0,91.67746714353038,219.8,0.0,0.0,91.67746714353038,219.8,0.0,0.28
37.299361063000106,26105000000,outer_bottom_mid_to_bottom_left_mid_reverse,0.17994063617649336,0.984375,0.18279683675072342,False,False,False,route/default: outer_bottom_mid_to_bottom_left_mid_reverse,,,camera_sign_speed_limit,camera_sign_speed_limit,-0.8513093638235066,-1.8515625,0.0,0.0,91.67746714353038,219.8,0.0,91.67746714353038,219.8,0.0,0.0,91.67746714353038,219.8,0.0,0.28
37.5015600350016,26303000000,outer_bottom_mid_to_bottom_left_mid_reverse,0.17994063617649336,0.984375,0.18279683675072342,False,False,False,route/default: outer_bottom_mid_to_bottom_left_mid_reverse,,,camera_sign_speed_limit,camera_sign_speed_limit,-0.8513093638235066,-1.8515625,0.0,0.0,91.67746714353038,219.8,0.0,91.67746714353038,219.8,0.0,0.0,91.67746714353038,219.8,0.0,0.28
37.60130985000069,26405000000,outer_bottom_mid_to_bottom_left_mid_reverse,0.17994063617649336,0.984375,0.18279683675072342,False,False,False,route/default: outer_bottom_mid_to_bottom_left_mid_reverse,,,camera_sign_speed_limit,camera_sign_speed_limit,-0.8513093638235066,-1.8515625,0.0,0.0,91.67746714353038,219.8,0.0,91.67746714353038,219.8,0.0,0.0,91.67746714353038,219.8,0.0,0.28
37.70159037900157,26505000000,outer_bottom_mid_to_bottom_left_mid_reverse,0.17994063617649336,0.984375,0.18279683675072342,False,False,False,route/default: outer_bottom_mid_to_bottom_left_mid_reverse,,,camera_sign_speed_limit,camera_sign_speed_limit,-0.8513093638235066,-1.8515625,0.0,0.0,91.67746714353038,219.8,0.0,91.67746714353038,219.8,0.0,0.0,91.67746714353038,219.8,0.0,0.28
37.802390216000276,26605000000,outer_bottom_mid_to_bottom_left_mid_reverse,0.17994063617649336,0.984375,0.18279683675072342,False,False,False,route/default: outer_bottom_mid_to_bottom_left_mid_reverse,,,camera_sign_speed_limit,camera_sign_speed_limit,-0.8513093638235066,-1.8515625,0.0,0.0,91.67746714353038,219.8,0.0,91.67746714353038,219.8,0.0,0.0,91.67746714353038,219.8,0.0,0.28
37.903204158001245,26705000000,outer_bottom_mid_to_bottom_left_mid_reverse,0.17994063617649336,0.984375,0.18279683675072342,False,False,False,route/default: outer_bottom_mid_to_bottom_left_mid_reverse,,,camera_sign_speed_limit,camera_sign_speed_limit,-0.8513093638235066,-1.8515625,0.0,0.0,91.67746714353038,219.8,0.0,91.67746714353038,219.8,0.0,0.0,91.67746714353038,219.8,0.0,0.28
38.009672054000475,26808000000,outer_bottom_mid_to_bottom_left_mid_reverse,0.17994063617649336,0.984375,0.18279683675072342,False,False,False,route/default: outer_bottom_mid_to_bottom_left_mid_reverse,,,camera_sign_speed_limit,camera_sign_speed_limit,-0.8513093638235066,-1.8515625,0.0,0.0,91.67746714353038,219.8,0.0,91.67746714353038,219.8,0.0,0.0,91.67746714353038,219.8,0.0,0.28
38.10464515700005,26908000000,outer_bottom_mid_to_bottom_left_mid_reverse,0.17994063617649336,0.984375,0.18279683675072342,False,False,False,route/default: outer_bottom_mid_to_bottom_left_mid_reverse,,,camera_sign_speed_limit,camera_sign_speed_limit,-0.8513093638235066,-1.8515625,0.0,0.0,91.67746714353038,219.8,0.0,91.67746714353038,219.8,0.0,0.0,91.67746714353038,219.8,0.0,0.28
38.30566905200067,27109000000,outer_bottom_mid_to_bottom_left_mid_reverse,0.17994063617649336,0.984375,0.18279683675072342,False,False,False,route/default: outer_bottom_mid_to_bottom_left_mid_reverse,,,camera_sign_speed_limit,camera_sign_speed_limit,-0.8513093638235066,-1.8515625,0.0,0.0,91.67746714353038,219.8,0.0,91.67746714353038,219.8,0.0,0.0,91.67746714353038,219.8,0.0,0.28
38.50630821900086,27307000000,outer_bottom_mid_to_bottom_left_mid_reverse,0.17994063617649336,0.984375,0.18279683675072342,False,False,False,route/default: outer_bottom_mid_to_bottom_left_mid_reverse,,,camera_sign_speed_limit,camera_sign_speed_limit,-0.8513093638235066,-1.8515625,0.0,0.0,91.67746714353038,219.8,0.0,91.67746714353038,219.8,0.0,0.0,91.67746714353038,219.8,0.0,0.28
38.71283523600141,27509000000,outer_bottom_mid_to_bottom_left_mid_reverse,0.17994063617649336,0.984375,0.18279683675072342,False,False,False,route/default: outer_bottom_mid_to_bottom_left_mid_reverse,,,camera_sign_speed_limit,camera_sign_speed_limit,-0.8513093638235066,-1.8515625,0.0,0.0,91.67746714353038,219.8,0.0,91.67746714353038,219.8,0.0,0.0,91.67746714353038,219.8,0.0,0.28
38.909186675000456,27709000000,outer_bottom_mid_to_bottom_left_mid_reverse,0.17994063617649336,0.984375,0.18279683675072342,False,False,False,route/default: outer_bottom_mid_to_bottom_left_mid_reverse,,,camera_sign_speed_limit,camera_sign_speed_limit,-0.8513093638235066,-1.8515625,0.0,0.0,91.67746714353038,219.8,0.0,91.67746714353038,219.8,0.0,0.0,91.67746714353038,219.8,0.0,0.28
39.01419051300036,27809000000,outer_bottom_mid_to_bottom_left_mid_reverse,0.17994063617649336,0.984375,0.18279683675072342,False,False,False,route/default: outer_bottom_mid_to_bottom_left_mid_reverse,,,camera_sign_speed_limit,camera_sign_speed_limit,-0.8513093638235066,-1.8515625,0.0,0.0,91.67746714353038,219.8,0.0,91.67746714353038,219.8,0.0,0.0,91.67746714353038,219.8,0.0,0.28
39.108909395999945,27913000000,outer_bottom_mid_to_bottom_left_mid_reverse,0.17994063617649336,0.984375,0.18279683675072342,False,False,False,route/default: outer_bottom_mid_to_bottom_left_mid_reverse,,,camera_sign_speed_limit,camera_sign_speed_limit,-0.8513093638235066,-1.8515625,0.0,0.0,91.67746714353038,219.8,0.0,91.67746714353038,219.8,0.0,0.0,91.67746714353038,219.8,0.0,0.28
39.310234984001,28111000000,outer_bottom_mid_to_bottom_left_mid_reverse,0.20822063617649336,0.984375,0.2115257256396123,False,False,False,route/default: outer_bottom_mid_to_bottom_left_mid_reverse,,,camera_sign_speed_limit,camera_sign_speed_limit,-0.8230293638235067,-1.8515625,0.0,0.0,92.88408047686372,219.8,0.0,91.67746714353038,219.8,0.0,0.0,92.88408047686372,219.8,0.28,0.28
39.41003645700039,28211000000,outer_bottom_mid_to_bottom_left_mid_reverse,0.23622063617649336,0.984375,0.23997017008405674,False,False,False,route/default: outer_bottom_mid_to_bottom_left_mid_reverse,,,camera_sign_speed_limit,camera_sign_speed_limit,-0.7950293638235066,-1.8515625,0.0,0.0,94.07874714353039,219.8,0.0,92.88408047686372,219.8,0.0,0.0,94.07874714353039,219.8,0.28,0.28
39.51156794600138,28313000000,outer_bottom_mid_to_bottom_left_mid_reverse,0.2647806361764934,0.984375,0.26898350341739014,False,False,False,route/default: outer_bottom_mid_to_bottom_left_mid_reverse,,,camera_sign_speed_limit,camera_sign_speed_limit,-0.7664693638235066,-1.8515625,0.0,0.0,95.29730714353039,219.8,0.0,94.07874714353039,219.8,0.0,0.0,95.29730714353039,219.8,0.28,0.28
39.71227714100132,28510000000,outer_bottom_mid_to_bottom_left_mid_reverse,0.31994063617649343,0.984375,0.3250190589729457,False,False,False,route/default: outer_bottom_mid_to_bottom_left_mid_reverse,,,camera_sign_speed_limit,camera_sign_speed_limit,-0.7113093638235066,-1.8515625,0.0,0.0,97.65080047686372,219.8,0.0,96.48002714353039,219.8,0.0,0.0,97.65080047686372,219.8,0.28,0.28
39.81209685800059,28613000000,outer_bottom_mid_to_bottom_left_mid_reverse,0.34878063617649346,0.984375,0.3543168367507235,False,False,False,route/default: outer_bottom_mid_to_bottom_left_mid_reverse,,,,camera_sign_speed_limit,-0.6824693638235065,-1.8515625,0.0,0.0,98.88130714353039,219.8,0.0,97.65080047686372,219.8,0.0,0.0,98.88130714353039,219.8,0.28,0.28
40.01330988300106,28812000000,outer_bottom_mid_to_bottom_left_mid_reverse,0.4045006361764935,0.984375,0.410921281195168,False,False,False,route/default: outer_bottom_mid_to_bottom_left_mid_reverse,,,,camera_sign_speed_limit,-0.6267493638235064,-1.8515625,0.0,0.0,101.25869381019706,219.8,0.0,100.05208047686372,219.8,0.0,0.0,101.25869381019706,219.8,0.28,0.28
40.11377399699995,28913000000,outer_bottom_mid_to_bottom_left_mid_reverse,0.43278063617649354,0.984375,0.43965017008405693,False,False,False,route/default: outer_bottom_mid_to_bottom_left_mid_reverse,,,,camera_sign_speed_limit,-0.5984693638235065,-1.8515625,0.0,0.0,102.4653071435304,219.8,0.0,101.25869381019706,219.8,0.0,0.0,102.4653071435304,219.8,0.28,0.28
40.31927684400034,29114000000,outer_bottom_mid_to_bottom_left_mid_reverse,0.4890606361764936,0.984375,0.4968235034173903,False,False,False,route/default: outer_bottom_mid_to_bottom_left_mid_reverse,,,,camera_sign_speed_limit,-0.5421893638235065,-1.8515625,0.0,0.0,104.8665871435304,219.8,0.0,103.6480271435304,219.8,0.0,0.0,104.8665871435304,219.8,0.28,0.28
40.415298788000655,29214000000,outer_bottom_mid_to_bottom_left_mid_reverse,0.5170606361764936,0.984375,0.5252679478618347,False,False,False,route/default: outer_bottom_mid_to_bottom_left_mid_reverse,,,,camera_sign_speed_limit,-0.5141893638235064,-1.8515625,0.0,0.0,106.06125381019706,219.8,0.0,104.8665871435304,219.8,0.0,0.0,106.06125381019706,219.8,0.28,0.28
40.515366904000985,29314000000,outer_bottom_mid_to_bottom_left_mid_reverse,0.5450606361764936,0.984375,0.5537123923062792,False,False,False,route/default: outer_bottom_mid_to_bottom_left_mid_reverse,,,,camera_sign_speed_limit,-0.4861893638235064,-1.8515625,0.0,0.0,107.25592047686372,219.8,0.0,106.06125381019706,219.8,0.0,0.0,107.25592047686372,219.8,0.28,0.28
40.62225864799984,29416000000,outer_bottom_mid_to_bottom_left_mid_reverse,0.5736206361764936,0.984375,0.5827257256396126,False,False,False,route/default: outer_bottom_mid_to_bottom_left_mid_reverse,,,,camera_sign_speed_limit,-0.4576293638235064,-1.8515625,0.0,0.0,108.47448047686373,219.8,0.0,107.25592047686372,219.8,0.0,0.0,108.47448047686373,219.8,0.28,0.28
40.816677377000815,29614000000,outer_bottom_mid_to_bottom_left_mid_reverse,0.6290606361764935,0.984375,0.6390457256396125,False,False,False,route/default: outer_bottom_mid_to_bottom_left_mid_reverse,,,,camera_sign_speed_limit,-0.40218936382350645,-1.8515625,0.0,0.0,110.83992047686372,219.8,0.0,109.65720047686372,219.8,0.0,0.0,110.83992047686372,219.8,0.28,0.28
40.91856350099988,29718000000,outer_bottom_mid_to_bottom_left_mid_reverse,0.6581806361764936,0.984375,0.6686279478618348,False,False,False,route/default: outer_bottom_mid_to_bottom_left_mid_reverse,,,camera_sign_turn_right,camera_sign_speed_limit,-0.3730693638235064,-1.8515625,0.0,0.0,112.08237381019705,219.8,0.0,110.83992047686372,219.8,0.0,0.0,112.08237381019705,219.8,0.28,0.28
41.02596767000068,29819000000,outer_bottom_mid_to_bottom_left_mid_reverse,0.6864606361764936,0.984375,0.6973568367507236,False,False,False,route/default: outer_bottom_mid_to_bottom_left_mid_reverse,,,camera_sign_turn_right,camera_sign_speed_limit,-0.34478936382350645,-1.8515625,0.0,0.0,113.28898714353039,219.8,0.0,112.08237381019705,219.8,0.0,0.0,113.28898714353039,219.8,0.28,0.28
41.22007742800088,30018000000,outer_bottom_mid_to_bottom_left_mid_reverse,0.7421806361764935,0.984375,0.753961281195168,False,False,False,route/default: outer_bottom_mid_to_bottom_left_mid_reverse,,,camera_sign_turn_right,camera_sign_speed_limit,-0.28906936382350645,-1.8515625,0.0,0.0,115.66637381019706,219.8,0.0,114.45976047686372,219.8,0.0,0.0,115.66637381019706,219.8,0.28,0.28
41.4202425880012,30218000000,outer_bottom_mid_to_bottom_left_mid_reverse,0.7981806361764936,0.984375,0.810850170084057,False,False,False,route/default: outer_bottom_mid_to_bottom_left_mid_reverse,,,camera_sign_turn_right,camera_sign_speed_limit,-0.2330693638235064,-1.8515625,0.0,0.0,118.0557071435304,219.8,0.0,116.83714714353039,219.8,0.0,0.0,118.0557071435304,219.8,0.28,0.28
41.52652215500166,30318000000,outer_bottom_mid_to_bottom_left_mid_reverse,0.8261806361764936,0.984375,0.8392946145285014,False,False,False,route/default: outer_bottom_mid_to_bottom_left_mid_reverse,,,camera_sign_turn_right,camera_sign_speed_limit,-0.20506936382350638,-1.8515625,0.0,0.0,119.25037381019706,219.8,0.0,118.0557071435304,219.8,0.0,0.0,119.25037381019706,219.8,0.28,0.28
41.63140229000055,30419000000,outer_bottom_mid_to_bottom_left_mid_reverse,0.8544606361764936,0.984375,0.8680235034173903,False,False,False,route/default: outer_bottom_mid_to_bottom_left_mid_reverse,,,camera_sign_turn_right,camera_sign_speed_limit,-0.1767893638235064,-1.8515625,0.0,0.0,120.4569871435304,219.8,0.0,119.25037381019706,219.8,0.0,0.0,120.4569871435304,219.8,0.28,0.28
41.72195676699994,30519000000,outer_bottom_mid_to_bottom_left_mid_reverse,0.8824606361764936,0.984375,0.8964679478618348,False,False,False,route/default: outer_bottom_mid_to_bottom_left_mid_reverse,,,camera_sign_turn_right,camera_sign_speed_limit,-0.14878936382350638,-1.8515625,0.0,0.0,121.65165381019706,219.8,0.0,120.4569871435304,219.8,0.0,0.0,121.65165381019706,219.8,0.28,0.28
41.82853033700121,30620000000,outer_bottom_mid_to_bottom_left_mid_reverse,0.9107406361764936,0.984375,0.9251968367507236,False,False,False,route/default: outer_bottom_mid_to_bottom_left_mid_reverse,,,camera_sign_turn_right,camera_sign_speed_limit,-0.12050936382350641,-1.8515625,0.0,0.0,122.8582671435304,219.8,0.0,121.65165381019706,219.8,0.0,0.0,122.8582671435304,219.8,0.28,0.28
41.92326928700095,30720000000,outer_bottom_mid_to_bottom_left_mid_reverse,0.9387406361764936,0.984375,0.9536412811951681,False,False,False,route/default: outer_bottom_mid_to_bottom_left_mid_reverse,,,camera_sign_turn_right,camera_sign_speed_limit,-0.09250936382350639,-1.8515625,0.0,0.0,124.05293381019706,219.8,0.0,122.8582671435304,219.8,0.0,0.0,124.05293381019706,219.8,0.28,0.28
42.02340854100112,30820000000,outer_bottom_mid_to_bottom_left_mid_reverse,0.9667406361764936,0.984375,0.9820857256396126,False,False,False,route/default: outer_bottom_mid_to_bottom_left_mid_reverse,,,camera_sign_turn_right,camera_sign_speed_limit,-0.06450936382350636,-1.8515625,0.0,0.0,125.24760047686372,219.8,0.0,124.05293381019706,219.8,0.0,0.0,125.24760047686372,219.8,0.28,0.28
42.124659982000594,30920000000,outer_bottom_right_mid_to_bottom_mid_reverse,0.010365636176493644,0.984375,0.010530170084057034,False,False,False,route/default: outer_bottom_right_mid_to_bottom_mid_reverse,,,camera_sign_turn_right,camera_sign_speed_limit,-0.036509363823506356,-1.8515625,0.0,0.0,126.4422671435304,219.8,0.0,125.24760047686372,219.8,0.0,0.0,126.4422671435304,219.8,0.28,0.28
42.22790561400143,31021000000,outer_bottom_right_mid_to_bottom_mid_reverse,0.03864563617649365,0.984375,0.03925905897294593,False,False,False,route/default: outer_bottom_right_mid_to_bottom_mid_reverse,,,camera_sign_turn_right,camera_sign_speed_limit,-0.00822936382350635,-1.8515625,0.0,0.0,127.64888047686372,219.8,0.0,126.4422671435304,219.8,0.0,0.0,127.64888047686372,219.8,0.28,0.28
42.42603681900073,31223000000,outer_bottom_right_mid_to_bottom_mid_reverse,0.09520563617649366,0.984375,0.09671683675072372,False,False,False,route/default: outer_bottom_right_mid_to_bottom_mid_reverse,,,camera_sign_turn_right,camera_sign_speed_limit,0.04833063617649366,-1.8515625,0.0,0.0,130.0621071435304,219.8,0.0,128.83160047686374,219.8,0.0,0.0,130.0621071435304,219.8,0.28,0.28
42.526068691000546,31323000000,outer_bottom_right_mid_to_bottom_mid_reverse,0.12320563617649366,0.984375,0.12516128119516817,False,False,False,route/default: outer_bottom_right_mid_to_bottom_mid_reverse,,,camera_sign_turn_right,camera_sign_speed_limit,0.07633063617649367,-1.8515625,0.0,0.0,131.25677381019707,219.8,0.0,130.0621071435304,219.8,0.0,0.0,131.25677381019707,219.8,0.28,0.28
42.62610243100062,31423000000,outer_bottom_right_mid_to_bottom_mid_reverse,0.15120563617649366,0.984375,0.1536057256396126,False,False,False,route/default: outer_bottom_right_mid_to_bottom_mid_reverse,,,camera_sign_turn_right,camera_sign_speed_limit,0.10433063617649366,-1.8515625,0.0,0.0,132.45144047686372,219.8,0.0,131.25677381019707,219.8,0.0,0.0,132.45144047686372,219.8,0.28,0.28
42.72605145200032,31524000000,outer_bottom_right_mid_to_bottom_mid_reverse,0.17948563617649366,0.984375,0.1823346145285015,False,False,False,route/default: outer_bottom_right_mid_to_bottom_mid_reverse,,,camera_sign_turn_right,camera_sign_speed_limit,0.13261063617649366,-1.8515625,0.0,0.0,133.65805381019706,219.8,0.0,132.45144047686372,219.8,0.0,0.0,133.65805381019706,219.8,0.28,0.28
42.8272264290008,31626000000,outer_bottom_right_mid_to_bottom_mid_reverse,0.20804563617649366,0.984375,0.21134794786183483,False,False,False,route/default: outer_bottom_right_mid_to_bottom_mid_reverse,,,camera_sign_turn_right,camera_sign_speed_limit,0.16117063617649366,-1.8515625,0.0,0.0,134.87661381019706,219.8,0.0,133.65805381019706,219.8,0.0,0.0,134.87661381019706,219.8,0.28,0.28
43.028491483000835,31825000000,outer_bottom_right_mid_to_bottom_mid_reverse,0.2637656361764937,0.984375,0.2679523923062793,False,False,False,route/default: outer_bottom_right_mid_to_bottom_mid_reverse,,,camera_sign_turn_right,camera_sign_speed_limit,0.21689063617649368,-1.8515625,0.0,0.0,137.25400047686372,219.8,0.0,136.03544047686373,219.8,0.0,0.0,137.25400047686372,219.8,0.28,0.28
43.128881074000674,31925000000,outer_bottom_right_mid_to_bottom_mid_reverse,0.2917656361764937,0.984375,0.29639683675072376,False,False,False,route/default: outer_bottom_right_mid_to_bottom_mid_reverse,,,camera_sign_turn_right,camera_sign_speed_limit,0.2448906361764937,-1.8515625,0.0,0.0,138.4486671435304,219.8,0.0,137.25400047686372,219.8,0.0,0.0,138.4486671435304,219.8,0.28,0.28
43.229705990001094,32025000000,outer_bottom_right_mid_to_bottom_mid_reverse,0.31976563617649373,0.984375,0.32484128119516825,False,False,False,route/default: outer_bottom_right_mid_to_bottom_mid_reverse,,,camera_sign_turn_right,camera_sign_speed_limit,0.27289063617649373,-1.8515625,0.0,0.0,139.64333381019708,219.8,0.0,138.4486671435304,219.8,0.0,0.0,139.64333381019708,219.8,0.28,0.28
43.329560239000784,32125000000,outer_bottom_right_mid_to_bottom_mid_reverse,0.34776563617649375,0.984375,0.3532857256396127,False,False,False,route/default: outer_bottom_right_mid_to_bottom_mid_reverse,,,camera_sign_turn_right,camera_sign_speed_limit,0.30089063617649375,-1.8515625,0.0,0.0,140.83800047686373,219.8,0.0,139.64333381019708,219.8,0.0,0.0,140.83800047686373,219.8,0.28,0.28
43.430169310000565,32226000000,outer_bottom_right_mid_to_bottom_mid_reverse,0.3760456361764938,0.984375,0.3820146145285016,False,False,False,route/default: outer_bottom_right_mid_to_bottom_mid_reverse,,,camera_sign_turn_right,camera_sign_speed_limit,0.3291706361764938,-1.8515625,0.0,0.0,142.04461381019706,219.8,0.0,140.83800047686373,219.8,0.0,0.0,142.04461381019706,219.8,0.28,0.28
43.530104433000815,32327000000,outer_bottom_right_mid_to_bottom_mid_reverse,0.4043256361764938,0.984375,0.4107435034173905,False,False,False,route/default: outer_bottom_right_mid_to_bottom_mid_reverse,,,camera_sign_turn_right,camera_sign_speed_limit,0.3574506361764938,-1.8515625,0.0,0.0,143.2512271435304,219.8,0.0,142.04461381019706,219.8,0.0,0.0,143.2512271435304,219.8,0.28,0.28
43.73118838500159,32524000000,outer_bottom_right_mid_to_bottom_mid_reverse,0.45948563617649385,0.984375,0.46677905897294614,False,False,False,route/default: outer_bottom_right_mid_to_bottom_mid_reverse,,,camera_sign_turn_right,camera_sign_speed_limit,0.41261063617649385,-1.8515625,0.0,0.0,145.60472047686375,219.8,0.0,144.43394714353042,219.8,0.0,0.0,145.60472047686375,219.8,0.28,0.28
43.83204710300015,32624000000,outer_bottom_right_mid_to_bottom_mid_reverse,0.4874856361764939,0.984375,0.4952235034173906,False,False,False,route/default: outer_bottom_right_mid_to_bottom_mid_reverse,,,camera_sign_turn_right,camera_sign_speed_limit,0.4406106361764939,-1.8515625,0.0,0.0,146.7993871435304,219.8,0.0,145.60472047686375,219.8,0.0,0.0,146.7993871435304,219.8,0.28,0.28
43.9320281850014,32727000000,outer_bottom_right_mid_to_bottom_mid_reverse,0.5163256361764939,0.984375,0.5245212811951684,False,False,False,route/default: outer_bottom_right_mid_to_bottom_mid_reverse,,,camera_sign_turn_right,camera_sign_speed_limit,0.46945063617649385,-1.8515625,0.0,0.0,148.02989381019708,219.8,0.0,146.7993871435304,219.8,0.0,0.0,148.02989381019708,219.8,0.28,0.28
44.133153163000316,32927000000,outer_bottom_right_mid_to_bottom_mid_reverse,0.5723256361764938,0.984375,0.5814101700840572,False,False,False,route/default: outer_bottom_right_mid_to_bottom_mid_reverse,,,camera_sign_turn_right,camera_sign_speed_limit,0.5254506361764938,-1.8515625,0.0,0.0,150.4192271435304,219.8,0.0,149.21261381019707,219.8,0.0,0.0,150.4192271435304,219.8,0.28,0.28
44.23436657300044,33027000000,outer_bottom_right_mid_to_bottom_mid_reverse,0.6003256361764938,0.984375,0.6098546145285016,False,False,False,route/default: outer_bottom_right_mid_to_bottom_mid_reverse,,,camera_sign_turn_right,camera_sign_speed_limit,0.5534506361764938,-1.8515625,0.0,0.0,151.61389381019706,219.8,0.0,150.4192271435304,219.8,0.0,0.0,151.61389381019706,219.8,0.28,0.28
44.33441559700077,33129000000,outer_bottom_right_mid_to_bottom_mid_reverse,0.6288856361764938,0.984375,0.638867947861835,False,False,False,route/default: outer_bottom_right_mid_to_bottom_mid_reverse,,,camera_sign_turn_right,camera_sign_speed_limit,0.5820106361764938,-1.8515625,0.0,0.0,152.83245381019708,219.8,0.0,151.61389381019706,219.8,0.0,0.0,152.83245381019708,219.8,0.28,0.28
44.436177076000604,33229000000,outer_bottom_right_mid_to_bottom_mid_reverse,0.6568856361764939,0.984375,0.6673123923062795,False,False,False,route/default: outer_bottom_right_mid_to_bottom_mid_reverse,,,camera_sign_turn_right,camera_sign_speed_limit,0.6100106361764939,-1.8515625,0.0,0.0,154.02712047686373,219.8,0.0,152.83245381019708,219.8,0.0,0.0,154.02712047686373,219.8,0.28,0.28
44.535582440001235,33332000000,outer_bottom_right_mid_to_bottom_mid_reverse,0.6857256361764938,0.984375,0.6966101700840572,False,False,False,route/default: outer_bottom_right_mid_to_bottom_mid_reverse,,,camera_sign_turn_right,camera_sign_speed_limit,0.6388506361764938,-1.8515625,0.0,0.0,155.2576271435304,219.8,0.0,154.02712047686373,219.8,0.0,0.0,155.2576271435304,219.8,0.28,0.28
44.63647635500092,33432000000,outer_bottom_right_mid_to_bottom_mid_reverse,0.7137256361764939,0.984375,0.7250546145285017,False,False,False,route/default: outer_bottom_right_mid_to_bottom_mid_reverse,,,,camera_sign_speed_limit,0.6668506361764939,-1.8515625,0.0,0.0,156.45229381019706,219.8,0.0,155.2576271435304,219.8,0.0,0.0,156.45229381019706,219.8,0.28,0.28
44.73709489000066,33532000000,outer_bottom_right_mid_to_bottom_mid_reverse,0.7417256361764939,0.984375,0.7534990589729462,False,False,False,route/default: outer_bottom_right_mid_to_bottom_mid_reverse,,,,camera_sign_speed_limit,0.6948506361764939,-1.8515625,0.0,0.0,157.64696047686374,219.8,0.0,156.45229381019706,219.8,0.0,0.0,157.64696047686374,219.8,0.28,0.28
44.837382020001314,33633000000,outer_bottom_right_mid_to_bottom_mid_reverse,0.7700056361764939,0.984375,0.782227947861835,False,False,False,route/default: outer_bottom_right_mid_to_bottom_mid_reverse,,,,camera_sign_speed_limit,0.7231306361764939,-1.8515625,0.0,0.0,158.85357381019708,219.8,0.0,157.64696047686374,219.8,0.0,0.0,158.85357381019708,219.8,0.28,0.28
44.937867714001186,33733000000,outer_bottom_right_mid_to_bottom_mid_reverse,0.7980056361764939,0.984375,0.8106723923062795,False,False,False,route/default: outer_bottom_right_mid_to_bottom_mid_reverse,,,,camera_sign_speed_limit,0.7511306361764939,-1.8515625,0.0,0.0,160.04824047686373,219.8,0.0,158.85357381019708,219.8,0.0,0.0,160.04824047686373,219.8,0.28,0.28
45.13848887200038,33933000000,outer_bottom_right_mid_to_bottom_mid_reverse,0.8540056361764938,0.984375,0.8675612811951683,False,False,False,route/default: outer_bottom_right_mid_to_bottom_mid_reverse,,,,camera_sign_speed_limit,0.8071306361764938,-1.8515625,0.0,0.0,162.43757381019708,219.8,0.0,161.23096047686374,219.8,0.0,0.0,162.43757381019708,219.8,0.28,0.28
45.240042212000844,34033000000,outer_bottom_right_mid_to_bottom_mid_reverse,0.8820056361764939,0.984375,0.8960057256396128,False,False,False,route/default: outer_bottom_right_mid_to_bottom_mid_reverse,,,,camera_sign_speed_limit,0.8351306361764939,-1.8515625,0.0,0.0,163.63224047686373,219.8,0.0,162.43757381019708,219.8,0.0,0.0,163.63224047686373,219.8,0.28,0.28
45.44024860600075,34231000000,outer_bottom_right_mid_to_bottom_mid_reverse,0.9374456361764939,0.984375,0.9523257256396128,False,False,False,route/default: outer_bottom_right_mid_to_bottom_mid_reverse,,,,camera_sign_speed_limit,0.8905706361764939,-1.8515625,0.0,0.0,165.99768047686374,219.8,0.0,164.80301381019706,219.8,0.0,0.0,165.99768047686374,219.8,0.28,0.28
45.54088133799996,34332000000,outer_bottom_right_mid_to_bottom_mid_reverse,0.9657256361764939,0.984375,0.9810546145285017,False,False,False,route/default: outer_bottom_right_mid_to_bottom_mid_reverse,,,camera_sign_turn_right,camera_sign_speed_limit,0.9188506361764939,-1.8515625,0.0,0.0,167.20429381019707,219.8,0.0,165.99768047686374,219.8,0.0,0.0,167.20429381019707,219.8,0.28,0.28
45.64215740400141,34434000000,outer_bottom_right_to_bottom_right_mid_reverse,0.009910636176493879,0.8671875,0.011428481356677626,False,False,False,route/default: outer_bottom_right_to_bottom_right_mid_reverse,,,camera_sign_turn_right,camera_sign_speed_limit,0.9474106361764939,-1.8515625,0.0,0.0,168.42285381019707,219.8,0.0,167.20429381019707,219.8,0.0,0.0,168.42285381019707,219.8,0.28,0.28
45.7424166210003,34540000000,outer_bottom_right_to_bottom_right_mid_reverse,0.03959063617649389,0.8671875,0.04565406694226322,False,False,False,route/default: outer_bottom_right_to_bottom_right_mid_reverse,,,camera_sign_turn_right,camera_sign_speed_limit,0.9770906361764939,-1.8515625,0.0,0.0,169.68920047686373,219.8,0.0,168.42285381019707,219.8,0.0,0.0,169.68920047686373,219.8,0.28,0.28
45.94319271099994,34736000000,outer_bottom_right_to_bottom_right_mid_reverse,0.0944706361764939,0.8671875,0.10893911198730828,False,False,False,route/default: outer_bottom_right_to_bottom_right_mid_reverse,,,camera_sign_turn_right,camera_sign_speed_limit,1.031970636176494,-1.8515625,0.0,0.0,172.03074714353042,219.8,0.0,170.8480271435304,219.8,0.0,0.0,172.03074714353042,219.8,0.28,0.28
46.044034878001185,34838000000,outer_bottom_right_to_bottom_right_mid_reverse,0.1230306361764939,0.8671875,0.14187316604136233,False,False,False,route/default: outer_bottom_right_to_bottom_right_mid_reverse,,,camera_sign_turn_right,camera_sign_speed_limit,1.060530636176494,-1.8515625,0.0,0.0,173.24930714353042,219.8,0.0,172.03074714353042,219.8,0.0,0.0,173.24930714353042,219.8,0.28,0.28
46.24625170800027,35036000000,outer_bottom_right_to_bottom_right_mid_reverse,0.17847063617649392,0.8671875,0.20580397685217316,False,False,False,route/default: outer_bottom_right_to_bottom_right_mid_reverse,,,camera_sign_turn_right,camera_sign_speed_limit,1.1159706361764938,-1.8515625,0.0,0.0,175.6147471435304,219.8,0.0,174.40813381019709,219.8,0.0,0.0,175.6147471435304,219.8,0.28,0.28
46.34665312300058,35137000000,outer_bottom_right_to_bottom_right_mid_reverse,0.20675063617649392,0.8671875,0.23841514802334435,False,False,False,route/default: outer_bottom_right_to_bottom_right_mid_reverse,,,,camera_sign_speed_limit,1.144250636176494,-1.8515625,0.0,0.0,176.82136047686373,219.8,0.0,175.6147471435304,219.8,0.0,0.0,176.82136047686373,219.8,0.28,0.28
46.54656676400009,35338000000,outer_bottom_right_to_bottom_right_mid_reverse,0.2630306361764939,0.8671875,0.3033146074828038,False,False,False,route/default: outer_bottom_right_to_bottom_right_mid_reverse,,,,camera_sign_speed_limit,1.2005306361764938,-1.8515625,0.0,0.0,179.22264047686375,219.8,0.0,178.00408047686375,219.8,0.0,0.0,179.22264047686375,219.8,0.28,0.28
46.6467357370002,35438000000,outer_bottom_right_to_bottom_right_mid_reverse,0.29103063617649394,0.8671875,0.3356028957710921,False,False,False,route/default: outer_bottom_right_to_bottom_right_mid_reverse,,,,camera_sign_speed_limit,1.2285306361764938,-1.8515625,0.0,0.0,180.4173071435304,219.8,0.0,179.22264047686375,219.8,0.0,0.0,180.4173071435304,219.8,0.28,0.28
46.74749693400008,35538000000,outer_bottom_right_to_bottom_right_mid_reverse,0.31903063617649396,0.8671875,0.3678911840593804,False,False,False,route/default: outer_bottom_right_to_bottom_right_mid_reverse,,,,camera_sign_speed_limit,1.2565306361764939,-1.8515625,0.0,0.0,181.61197381019707,219.8,0.0,180.4173071435304,219.8,0.0,0.0,181.61197381019707,219.8,0.28,0.28
46.94874815000003,35736000000,outer_bottom_right_to_bottom_right_mid_reverse,0.374470636176494,0.8671875,0.4318219948701913,False,False,False,route/default: outer_bottom_right_to_bottom_right_mid_reverse,,,,camera_sign_speed_limit,1.311970636176494,-1.8515625,0.0,0.0,183.97741381019708,219.8,0.0,182.7946938101971,219.8,0.0,0.0,183.97741381019708,219.8,0.28,0.28
47.04937100400093,35839000000,outer_bottom_right_to_bottom_right_mid_reverse,0.403310636176494,0.8671875,0.4650789318071282,False,False,False,route/default: outer_bottom_right_to_bottom_right_mid_reverse,,,,camera_sign_speed_limit,1.340810636176494,-1.8515625,0.0,0.0,185.20792047686373,219.8,0.0,183.97741381019708,219.8,0.0,0.0,185.20792047686373,219.8,0.28,0.28
47.15257733600083,35940000000,outer_bottom_right_to_bottom_right_mid_reverse,0.431590636176494,0.8671875,0.4976901029782994,False,False,False,route/default: outer_bottom_right_to_bottom_right_mid_reverse,,,,camera_sign_speed_limit,1.369090636176494,-1.8515625,0.0,0.0,186.41453381019707,219.8,0.0,185.20792047686373,219.8,0.0,0.0,186.41453381019707,219.8,0.28,0.28
47.24989464600003,36042000000,outer_bottom_right_to_bottom_right_mid_reverse,0.46015063617649404,0.8671875,0.5306241570323534,False,False,False,route/default: outer_bottom_right_to_bottom_right_mid_reverse,,,,camera_sign_speed_limit,1.397650636176494,-1.8515625,0.0,0.0,187.63309381019707,219.8,0.0,186.41453381019707,219.8,0.0,0.0,187.63309381019707,219.8,0.28,0.28
47.45126901600088,36239000000,outer_bottom_right_to_bottom_right_mid_reverse,0.5153106361764941,0.8671875,0.5942320849602815,False,False,False,route/default: outer_bottom_right_to_bottom_right_mid_reverse,,,,camera_sign_speed_limit,1.452810636176494,-1.8515625,0.0,0.0,189.98658714353041,219.8,0.0,188.80386714353043,219.8,0.0,0.0,189.98658714353041,219.8,0.28,0.28
47.55643228400004,36340000000,outer_bottom_right_to_bottom_right_mid_reverse,0.5435906361764941,0.8671875,0.6268432561314526,False,False,False,route/default: outer_bottom_right_to_bottom_right_mid_reverse,,,,camera_sign_speed_limit,1.4810906361764942,-1.8515625,0.0,0.0,191.19320047686375,219.8,0.0,189.98658714353041,219.8,0.0,0.0,191.19320047686375,219.8,0.28,0.28
47.65199436900002,36442000000,outer_bottom_right_to_bottom_right_mid_reverse,0.5721506361764941,0.8671875,0.6597773101855067,False,False,False,route/default: outer_bottom_right_to_bottom_right_mid_reverse,,,,camera_sign_speed_limit,1.509650636176494,-1.8515625,0.0,0.0,192.41176047686375,219.8,0.0,191.19320047686375,219.8,0.0,0.0,192.41176047686375,219.8,0.28,0.28
47.85305591799988,36642000000,outer_bottom_right_to_bottom_right_mid_reverse,0.628150636176494,0.8671875,0.7243538867620832,False,False,False,route/default: outer_bottom_right_to_bottom_right_mid_reverse,,,,camera_sign_speed_limit,1.565650636176494,-1.8515625,0.0,0.0,194.80109381019707,219.8,0.0,193.59448047686374,219.8,0.0,0.0,194.80109381019707,219.8,0.28,0.28
47.95351069300159,36742000000,outer_bottom_right_to_bottom_right_mid_reverse,0.656150636176494,0.8671875,0.7566421750503716,False,False,False,route/default: outer_bottom_right_to_bottom_right_mid_reverse,,,,camera_sign_speed_limit,1.593650636176494,-1.8515625,0.0,0.0,195.99576047686372,219.8,0.0,194.80109381019707,219.8,0.0,0.0,195.99576047686372,219.8,0.28,0.28
48.05409200300164,36843000000,outer_bottom_right_to_bottom_right_mid_reverse,0.684430636176494,0.8671875,0.7892533462215426,False,False,False,route/default: outer_bottom_right_to_bottom_right_mid_reverse,,,,camera_sign_speed_limit,1.621930636176494,-1.8515625,0.0,0.0,197.20237381019706,219.8,0.0,195.99576047686372,219.8,0.0,0.0,197.20237381019706,219.8,0.28,0.28
48.25494798799991,37043000000,outer_bottom_right_to_bottom_right_mid_reverse,0.7404306361764941,0.8671875,0.8538299227981193,False,False,False,route/default: outer_bottom_right_to_bottom_right_mid_reverse,,,,camera_sign_speed_limit,1.677930636176494,-1.8515625,0.0,0.0,199.5917071435304,219.8,0.0,198.3731471435304,219.8,0.0,0.0,199.5917071435304,219.8,0.28,0.28
48.35568804200011,37144000000,outer_bottom_right_to_bottom_right_mid_reverse,0.768710636176494,0.8671875,0.8864410939692904,False,False,False,route/default: outer_bottom_right_to_bottom_right_mid_reverse,,,,camera_sign_speed_limit,1.7062106361764942,-1.8515625,0.0,0.0,200.79832047686375,219.8,0.0,199.5917071435304,219.8,0.0,0.0,200.79832047686375,219.8,0.28,0.28
48.45546340400142,37245000000,outer_bottom_right_to_bottom_right_mid_reverse,0.796990636176494,0.8671875,0.9190522651404616,False,False,False,route/default: outer_bottom_right_to_bottom_right_mid_reverse,,,,camera_sign_speed_limit,1.734490636176494,-1.8515625,0.0,0.0,202.0049338101971,219.8,0.0,200.79832047686375,219.8,0.0,0.0,202.0049338101971,219.8,0.28,0.28
48.55672409200088,37345000000,outer_bottom_right_to_bottom_right_mid_reverse,0.824990636176494,0.8671875,0.9513405534287499,False,False,False,route/default: outer_bottom_right_to_bottom_right_mid_reverse,,,,camera_sign_speed_limit,1.762490636176494,-1.8515625,0.0,0.0,203.19960047686374,219.8,0.0,202.0049338101971,219.8,0.0,0.0,203.19960047686374,219.8,0.28,0.28
48.75814037000055,37545000000,outer_bottom_right_corner_reverse,0.013803136176494066,0.3944162607362388,0.034996366911263704,False,False,False,route/default: outer_bottom_right_corner_reverse,,,,camera_sign_speed_limit,1.818490636176494,-1.8515625,0.0,0.0,205.5889338101971,219.8,0.0,204.37037381019707,219.8,0.0,0.0,205.5889338101971,219.8,0.28,0.28
48.85802052100007,37646000000,outer_bottom_right_corner_reverse,0.04208313617649407,0.3944162607362388,0.10669726470693526,False,False,False,route/default: outer_bottom_right_corner_reverse,,,,camera_sign_speed_limit,1.8467706361764942,-1.8515625,0.0,0.0,206.79554714353043,219.8,0.0,205.5889338101971,219.8,0.0,0.0,206.79554714353043,219.8,0.28,0.28
49.058525587000986,37846000000,outer_bottom_right_corner_reverse,0.09808313617649408,0.3944162607362388,0.24867924053994828,False,False,False,route/default: outer_bottom_right_corner_reverse,,,,camera_sign_speed_limit,1.902770636176494,-1.8515625,0.0,0.0,209.18488047686373,219.8,0.0,207.95437381019707,219.8,0.0,0.0,209.18488047686373,219.8,0.28,0.28
49.163372474000425,37950000000,outer_bottom_right_corner_reverse,0.1272031361764941,0.3944162607362388,0.32250986797311504,False,False,False,route/default: outer_bottom_right_corner_reverse,,,,camera_sign_speed_limit,1.931890636176494,-1.8515625,0.0,0.0,210.42733381019707,219.8,0.0,209.18488047686373,219.8,0.0,0.0,210.42733381019707,219.8,0.28,0.28
49.25940067300144,38050000000,outer_bottom_right_corner_reverse,0.1552031361764941,0.3944162607362388,0.3935008558896215,False,False,False,route/default: outer_bottom_right_corner_reverse,,,,camera_sign_speed_limit,1.959890636176494,-1.8515625,0.0,0.0,211.62200047686375,219.8,0.0,210.42733381019707,219.8,0.0,0.0,211.62200047686375,219.8,0.28,0.28
49.45987516000059,38246000000,outer_bottom_right_corner_reverse,0.21008313617649407,0.3944162607362388,0.5326431922059742,False,False,False,route/default: outer_bottom_right_corner_reverse,,,,camera_sign_speed_limit,2.014770636176494,-1.8515625,0.0,0.0,213.96354714353043,219.8,0.0,212.7927738101971,219.8,0.0,0.0,213.96354714353043,219.8,0.28,0.28
49.56046162700113,38347000000,outer_bottom_right_corner_reverse,0.23836313617649407,0.3944162607362388,0.6043440900016457,False,False,False,route/default: outer_bottom_right_corner_reverse,,,,camera_sign_speed_limit,2.043050636176494,-1.8515625,0.1265676268015586,0.1265676268015586,215.17016047686377,219.8,0.0,213.96354714353043,219.8,0.1265676268015586,0.0,215.17016047686377,219.8,0.28,0.28
49.662955523001074,38447000000,outer_bottom_right_corner_reverse,0.2663631361764941,0.3944162607362388,0.6753350779181523,False,False,False,route/default: outer_bottom_right_corner_reverse,,,,camera_sign_speed_limit,2.071050636176494,-1.8515625,0.41004912131136434,0.28348149450980575,216.36482714353042,219.8,0.040804000000000014,215.17016047686377,219.8,0.41004912131136434,0.0,216.36482714353042,219.8,0.28,0.28
49.861384138001085,38647000000,outer_bottom_right_corner_reverse,0.32236313617649415,0.3944162607362388,0.8173170537511654,False,False,False,route/default: outer_bottom_right_corner_reverse,,,,camera_sign_speed_limit,2.121873562202185,-1.8390639377978146,0.6294886575360448,0.21943953622468043,218.53327198729323,219.26672801270678,0.24000400000000005,217.54754714353044,219.8,0.6294886575360448,0.0,218.53327198729323,219.26672801270678,0.28,0.28
49.961192394001046,38748000000,outer_bottom_right_corner_reverse,0.3506431361764942,0.3944162607362388,0.8890179515468369,False,False,False,route/default: outer_bottom_right_corner_reverse,,,,camera_sign_speed_limit,2.141870541974141,-1.8190669580258592,0.9123258920154936,0.28283723447944886,219.38647645756333,218.41352354243668,0.40200800000000003,218.53327198729323,219.26672801270678,0.9123258920154936,0.0,219.38647645756333,218.41352354243668,0.28,0.28
50.06213882800148,38850000000,outer_bottom_right_corner_reverse,0.3792031361764942,0.3944162607362388,0.9614287592216737,False,False,False,route/default: outer_bottom_right_corner_reverse,,,,camera_sign_speed_limit,2.1644743754402556,-1.8046875,1.3058389083796431,0.3935130163641495,220.35090668545092,217.8,0.5838080000000001,219.38647645756333,218.41352354243668,1.3058389083796431,0.0,220.35090668545092,217.8,0.28,0.28
50.16275642000073,38958000000,outer_right_mid_to_lower_reverse,0.0150268754402554,1.289914491170345,0.011649512849973063,False,False,False,route/default: outer_right_mid_to_lower_reverse,,,camera_sign_turn_right,camera_sign_speed_limit,2.1802335709148424,-1.7896705498418315,1.5344487057758738,0.22860979739623066,221.02329902569994,217.15927679325148,0.7674080000000001,220.35090668545092,217.8,1.5344487057758738,0.0,221.02329902569994,217.15927679325148,0.28,0.28
50.26283360300113,39062000000,outer_right_mid_to_lower_reverse,0.044146875440255404,1.289914491170345,0.034224652674613144,False,False,False,route/default: outer_right_mid_to_lower_reverse,,,camera_sign_turn_right,camera_sign_speed_limit,2.1812917805941225,-1.7605697836616314,1.5344487057758793,5.551115123125783e-15,221.06844930534925,215.91764410289625,0.9618080000000001,221.02329902569994,217.15927679325148,1.5344487057758793,0.0,221.06844930534925,215.91764410289625,0.28,0.28
50.4641311560008,39260000000,outer_right_mid_to_lower_reverse,0.09958687544025542,1.289914491170345,0.0772042458022933,False,False,False,route/default: outer_right_mid_to_lower_reverse,,,camera_sign_turn_right,camera_sign_speed_limit,2.1833064490219827,-1.7051664018954813,1.5344487057758793,0.0,221.1544084916046,213.5537664808739,1.3272080000000002,221.1114288984769,214.7357052918851,1.5344487057758793,0.0,221.1544084916046,213.5537664808739,0.28,0.28
50.66660909500024,39457000000,outer_right_mid_to_lower_reverse,0.15474687544025542,1.289914491170345,0.11996677027781345,False,False,False,route/default: outer_right_mid_to_lower_reverse,,,camera_sign_turn_right,camera_sign_speed_limit,2.1853109423567725,-1.6500428351887562,1.5344487057758738,-5.551115123125783e-15,221.23993354055563,211.20182763472025,1.5344487057758738,221.19651981012362,212.39570522160028,1.5344487057758738,0.0,221.23993354055563,211.20182763472025,0.28,0.28
50.764986490999945,39559000000,outer_right_mid_to_lower_reverse,0.18330687544025542,1.289914491170345,0.14210777279813352,False,False,False,route/default: outer_right_mid_to_lower_reverse,,,camera_sign_turn_right,camera_sign_speed_limit,2.1863488018499124,-1.621501699127406,1.5344487057758738,0.0,221.28421554559628,209.98407249610267,1.5344487057758738,221.23993354055563,211.20182763472025,1.5344487057758738,0.0,221.28421554559628,209.98407249610267,0.28,0.28
50.86566090100132,39660000000,outer_right_mid_to_lower_reverse,0.21158687544025542,1.289914491170345,0.1640317066662936,False,False,False,route/default: outer_right_mid_to_lower_reverse,,,camera_sign_turn_right,camera_sign_speed_limit,2.1873764862499825,-1.593240378125481,1.5344487057758738,0.0,221.3280634133326,208.77825613335386,1.5344487057758738,221.28421554559628,209.98407249610267,1.5344487057758738,0.0,221.3280634133326,208.77825613335386,0.28,0.28
50.96545364500162,39761000000,outer_right_mid_to_lower_reverse,0.23986687544025542,1.289914491170345,0.18595564053445368,False,False,False,route/default: outer_right_mid_to_lower_reverse,,,camera_sign_turn_right,camera_sign_speed_limit,2.1884041706500525,-1.5649790571235558,1.5344487057758738,0.0,221.3719112810689,207.57243977060506,1.5344487057758738,221.3280634133326,208.77825613335386,1.5344487057758738,0.0,221.3719112810689,207.57243977060506,0.28,0.28
51.066140419001385,39863000000,outer_right_mid_to_lower_reverse,0.26842687544025545,1.289914491170345,0.2080966430547738,False,False,False,route/default: outer_right_mid_to_lower_reverse,,,camera_sign_turn_right,camera_sign_speed_limit,2.1894420301431925,-1.5364379210622057,1.5344487057758738,0.0,221.41619328610955,206.35468463198742,1.5344487057758738,221.3719112810689,207.57243977060506,1.5344487057758738,0.0,221.41619328610955,206.35468463198742,0.28,0.28
51.17401831400093,39964000000,outer_right_mid_to_lower_reverse,0.2967068754402555,1.289914491170345,0.23002057692293387,False,False,False,route/default: outer_right_mid_to_lower_reverse,,,camera_sign_turn_right,camera_sign_speed_limit,2.1904697145432626,-1.5081766000602805,1.5344487057758738,0.0,221.46004115384585,205.14886826923862,1.5344487057758738,221.41619328610955,206.35468463198742,1.5344487057758738,0.0,221.46004115384585,205.14886826923862,0.28,0.28
51.2668255460012,40064000000,outer_right_mid_to_lower_reverse,0.3247068754402555,1.289914491170345,0.251727442138934,False,False,False,route/default: outer_right_mid_to_lower_reverse,,,camera_sign_turn_right,camera_sign_speed_limit,2.1914872238502627,-1.4801950941177804,1.5344487057758793,5.551115123125783e-15,221.50345488427786,203.95499068235864,1.5344487057758738,221.46004115384585,205.14886826923862,1.5344487057758793,0.0,221.50345488427786,203.95499068235864,0.28,0.28
51.46767892800017,40260000000,outer_right_mid_to_lower_reverse,0.37958687544025554,1.289914491170345,0.29427289796229417,False,False,False,route/default: outer_right_mid_to_lower_reverse,,,camera_sign_turn_right,camera_sign_speed_limit,2.1934815420919827,-1.4253513424704802,1.5344487057758793,0.0,221.58854579592457,201.61499061207383,1.5344487057758738,221.54643447740557,202.77305187134743,1.5344487057758793,0.0,221.58854579592457,201.61499061207383,0.28,0.28
51.56834543600053,40362000000,outer_right_mid_to_lower_reverse,0.4081468754402556,1.289914491170345,0.31641390048261425,False,False,False,route/default: outer_right_mid_to_lower_reverse,,,camera_sign_turn_right,camera_sign_speed_limit,2.1945194015851226,-1.3968102064091301,1.5344487057758793,0.0,221.63282780096523,200.39723547345622,1.5344487057758793,221.58854579592457,201.61499061207383,1.5344487057758793,0.0,221.63282780096523,200.39723547345622,0.28,0.28
51.677067034001084,40464000000,outer_right_mid_to_lower_reverse,0.4367068754402556,1.289914491170345,0.33855490300293434,False,False,False,route/default: outer_right_mid_to_lower_reverse,,,camera_sign_turn_right,camera_sign_speed_limit,2.1955572610782625,-1.36826907034778,1.5344487057758738,-5.551115123125783e-15,221.6771098060059,199.17948033483862,1.5344487057758793,221.63282780096523,200.39723547345622,1.5344487057758738,0.0,221.6771098060059,199.17948033483862,0.28,0.28
51.76923650700155,40566000000,outer_right_mid_to_lower_reverse,0.46526687544025563,1.289914491170345,0.3606959055232545,False,False,False,route/default: outer_right_mid_to_lower_reverse,,,camera_sign_turn_right,camera_sign_speed_limit,2.1965951205714025,-1.33972793428643,1.5344487057758738,0.0,221.7213918110465,197.961725196221,1.5344487057758738,221.6771098060059,199.17948033483862,1.5344487057758738,0.0,221.7213918110465,197.961725196221,0.28,0.28
51.869706215000406,40666000000,outer_right_mid_to_lower_reverse,0.49326687544025566,1.289914491170345,0.38240277073925455,False,False,False,route/default: outer_right_mid_to_lower_reverse,,,camera_sign_turn_right,camera_sign_speed_limit,2.1976126298784027,-1.3117464283439297,1.5344487057758793,5.551115123125783e-15,221.7648055414785,196.767847609341,1.5344487057758738,221.7213918110465,197.961725196221,1.5344487057758793,0.0,221.7648055414785,196.767847609341,0.28,0.28
52.07070503000068,40864000000,outer_right_mid_to_lower_reverse,0.5487068754402556,1.289914491170345,0.4253823638669347,False,False,False,route/default: outer_right_mid_to_lower_reverse,,,camera_sign_turn_right,camera_sign_speed_limit,2.1996272983062624,-1.2563430465777796,1.5344487057758738,-5.551115123125783e-15,221.85076472773386,194.4039699873186,1.5344487057758738,221.8077851346062,195.5859087983298,1.5344487057758738,0.0,221.85076472773386,194.4039699873186,0.28,0.28
52.17091126000014,40968000000,outer_right_mid_to_lower_reverse,0.5778268754402557,1.289914491170345,0.4479575036915748,False,False,False,route/default: outer_right_mid_to_lower_reverse,,,camera_sign_turn_right,camera_sign_speed_limit,2.2006855079855425,-1.2272422803975793,1.5344487057758738,0.0,221.89591500738317,193.1623372969634,1.5344487057758738,221.85076472773386,194.4039699873186,1.5344487057758738,0.0,221.89591500738317,193.1623372969634,0.28,0.28
52.37287239700163,41161000000,outer_right_mid_to_lower_reverse,0.6318668754402557,1.289914491170345,0.48985175355845495,False,False,False,route/default: outer_right_mid_to_lower_reverse,,,camera_sign_turn_right,camera_sign_speed_limit,2.202649300948053,-1.1732379739285541,1.5344487057758793,5.551115123125783e-15,221.97970350711694,190.85815355428497,1.5344487057758738,221.93846046320652,191.99233726182098,1.5344487057758793,0.0,221.97970350711694,190.85815355428497,0.28,0.28
52.57406114500009,41357000000,outer_right_mid_to_lower_reverse,0.6867468754402557,1.289914491170345,0.5323972093818151,False,False,False,route/default: outer_right_mid_to_lower_reverse,parking,camera_sign_turn_left,camera_sign_turn_left,camera_sign_turn_left,2.2046436191897727,-1.118394222281254,1.5344487057758793,0.0,222.06479441876365,188.51815348400018,1.5344487057758793,222.01921000181005,189.77172495022418,1.5344487057758793,0.0,222.06479441876365,188.51815348400018,0.28,0.28
52.67486148200078,41460000000,outer_right_mid_to_lower_reverse,0.7155868754402557,1.289914491170345,0.5547552805542951,False,False,False,route/default: outer_right_mid_to_lower_reverse,parking,camera_sign_turn_left,camera_sign_turn_left,camera_sign_turn_left,2.2056916537759825,-1.089573271160479,1.5344487057758738,-5.551115123125783e-15,222.1095105611086,187.28845956951378,1.5344487057758793,222.06479441876365,188.51815348400018,1.5344487057758738,0.0,222.1095105611086,187.28845956951378,0.28,0.28
52.77565431600124,41563000000,outer_right_mid_to_lower_reverse,0.7444268754402557,1.289914491170345,0.5771133517267752,False,False,False,route/default: outer_right_mid_to_lower_reverse,parking,camera_sign_turn_left,camera_sign_turn_left,camera_sign_turn_left,2.206739688362193,-1.0607523200397038,1.5344487057758793,5.551115123125783e-15,222.15422670345356,186.05876565502737,1.5344487057758738,222.1095105611086,187.28845956951378,1.5344487057758793,0.0,222.15422670345356,186.05876565502737,0.28,0.28
52.875933379000344,41665000000,outer_right_mid_to_lower_reverse,0.7729868754402557,1.289914491170345,0.5992543542470953,False,False,False,route/default: outer_right_mid_to_lower_reverse,parking,camera_sign_turn_left,camera_sign_turn_left,camera_sign_turn_left,2.2077775478553328,-1.0322111839783537,1.5344487057758793,0.0,222.19850870849422,184.84101051640977,1.5344487057758793,222.15422670345356,186.05876565502737,1.5344487057758793,0.0,222.19850870849422,184.84101051640977,0.28,0.28
53.07824896600141,41865000000,outer_right_mid_to_lower_reverse,0.8289868754402556,1.289914491170345,0.6426680846790954,False,False,False,route/default: outer_right_mid_to_lower_reverse,parking,camera_sign_turn_left,,camera_sign_turn_left,2.2098125664693327,-0.9762481720933536,1.5344487057758793,0.0,222.28533616935817,182.45325534264975,1.5344487057758738,222.24148830162187,183.65907170539856,1.5344487057758793,0.0,222.28533616935817,182.45325534264975,0.28,0.28
53.17801644300016,41966000000,outer_right_mid_to_lower_reverse,0.8572668754402556,1.289914491170345,0.6645920185472555,False,False,False,route/default: outer_right_mid_to_lower_reverse,parking,camera_sign_turn_left,,camera_sign_turn_left,2.2108402508694027,-0.9479868510914286,1.5344487057758793,0.0,222.32918403709454,181.24743897990095,1.5344487057758793,222.28533616935817,182.45325534264975,1.5344487057758793,0.0,222.32918403709454,181.24743897990095,0.28,0.28
53.37934188800136,42167000000,outer_right_mid_to_lower_reverse,0.9135468754402556,1.289914491170345,0.7082228176314156,False,False,False,route/default: outer_right_mid_to_lower_reverse,parking,camera_sign_turn_left,camera_sign_turn_right,camera_sign_turn_left,2.2128854445764725,-0.8917440241470034,1.5344487057758738,-5.551115123125783e-15,222.41644563526285,178.84774503027214,1.5344487057758738,222.3721636302222,180.06550016888974,1.5344487057758738,0.0,222.41644563526285,178.84774503027214,0.28,0.28
53.580201123000734,42365000000,outer_right_mid_to_lower_reverse,0.9689868754402555,1.289914491170345,0.7512024107590958,False,False,False,route/default: outer_right_mid_to_lower_reverse,parking,camera_sign_turn_left,camera_sign_turn_right,camera_sign_turn_left,2.2149001130043326,-0.8363406423808531,1.5344487057758738,0.0,222.5024048215182,176.48386740824972,1.5344487057758793,222.4594252283905,177.66580621926093,1.5344487057758738,0.0,222.5024048215182,176.48386740824972,0.28,0.28
53.68120203000035,42468000000,outer_right_mid_to_lower_reverse,0.9978268754402555,1.289914491170345,0.7735604819315758,False,False,False,route/default: outer_right_mid_to_lower_reverse,parking,camera_sign_turn_left,camera_sign_turn_right,camera_sign_turn_left,2.2159481475905425,-0.807519691260078,1.5344487057758738,0.0,222.54712096386316,175.25417349376332,1.5344487057758738,222.5024048215182,176.48386740824972,1.5344487057758738,0.0,222.54712096386316,175.25417349376332,0.28,0.28
53.78118648800046,42568000000,outer_right_mid_to_lower_reverse,1.0258268754402555,1.289914491170345,0.7952673471475759,False,False,False,route/default: outer_right_mid_to_lower_reverse,parking,camera_sign_turn_left,camera_sign_turn_right,camera_sign_turn_left,2.2169656568975427,-0.779538185317578,1.5344487057758738,0.0,222.59053469429517,174.06029590688334,1.5344487057758738,222.54712096386316,175.25417349376332,1.5344487057758738,0.0,222.59053469429517,174.06029590688334,0.28,0.28
53.88168342300014,42670000000,outer_right_mid_to_lower_reverse,1.0543868754402554,1.289914491170345,0.8174083496678959,False,False,False,route/default: outer_right_mid_to_lower_reverse,parking,camera_sign_turn_left,camera_sign_turn_right,camera_sign_turn_left,2.2180035163906826,-0.7509970492562279,1.5344487057758738,0.0,222.63481669933577,172.84254076826574,1.5344487057758738,222.59053469429517,174.06029590688334,1.5344487057758738,0.0,222.63481669933577,172.84254076826574,0.28,0.28
53.987798879001275,42772000000,outer_right_mid_to_lower_reverse,1.0829468754402554,1.289914491170345,0.8395493521882159,False,False,False,route/default: outer_right_mid_to_lower_reverse,parking,camera_sign_turn_left,camera_sign_turn_right,camera_sign_turn_left,2.2190413758838226,-0.722455913194878,1.534448705775874,2.220446049250313e-16,222.67909870437643,171.62478562964813,1.5344487057758738,222.63481669933577,172.84254076826574,1.534448705775874,0.0,222.67909870437643,171.62478562964813,0.28,0.28
54.18261700900075,42972000000,outer_right_mid_to_lower_reverse,1.1389468754402554,1.289914491170345,0.882963082620216,False,False,False,route/default: outer_right_mid_to_lower_reverse,parking,camera_sign_turn_left,camera_sign_turn_right,camera_sign_turn_left,2.2210763944978225,-0.6664929013098777,1.5344487057758738,-2.220446049250313e-16,222.76592616524044,169.23703045588812,1.5344487057758793,222.72207829750414,170.44284681863692,1.5344487057758738,0.0,222.76592616524044,169.23703045588812,0.28,0.28
54.28311017700071,43075000000,outer_right_mid_to_lower_reverse,1.1677868754402554,1.289914491170345,0.9053211537926962,False,False,False,route/default: outer_right_mid_to_lower_reverse,parking,camera_sign_turn_left,camera_sign_turn_right,camera_sign_turn_left,2.2221244290840327,-0.6376719501891026,1.5344487057758793,5.551115123125783e-15,222.8106423075854,168.0073365414017,1.5344487057758738,222.76592616524044,169.23703045588812,1.5344487057758793,0.0,222.8106423075854,168.0073365414017,0.28,0.28
54.48376572200141,43269000000,outer_right_mid_to_lower_reverse,1.2221068754402553,1.289914491170345,0.9474324723117362,False,False,False,route/default: outer_right_mid_to_lower_reverse,parking,camera_sign_turn_left,camera_sign_turn_right,camera_sign_turn_left,2.2240983971396124,-0.5833878286606526,1.539987539051199,0.005538833275319677,222.89486494462346,165.69121402285452,1.5344487057758738,222.8523194888001,166.8612140579969,1.539987539051199,0.0,222.89486494462346,165.69121402285452,0.28,0.28
54.583866659000705,43370000000,outer_right_mid_to_lower_reverse,1.2503868754402554,1.289914491170345,0.9693564061798964,False,False,False,route/default: outer_right_mid_to_lower_reverse,parking,camera_sign_turn_left,camera_sign_turn_right,camera_sign_turn_left,2.2251260815396825,-0.5551265076587273,1.552837165469807,0.012849626418607984,222.93871281235977,164.4853976601057,1.539987539051199,222.89486494462346,165.69121402285452,1.552837165469807,0.0,222.93871281235977,164.4853976601057,0.28,0.28
54.68465835000097,43471000000,parking_lower_right_bay_active,0.0,2.1887526310675103,0.0,True,True,False,route/parking_dynamic from camera_sign_turn_left: parking_lower_right_bay_active,,,camera_sign_turn_right,camera_sign_turn_left,2.226153765939753,-0.5268651866568019,1.6788317020679617,0.12599453659815474,222.98256068009613,163.27958129735688,1.552837165469807,222.93871281235977,164.4853976601057,1.6788317020679617,0.0,222.98256068009613,163.27958129735688,0.14,0.28
54.78422320400023,43574000000,parking_lower_right_bay_active,0.014420000000000002,2.1887526310675103,0.0065882273744964056,True,True,False,route/parking_dynamic from camera_sign_turn_left: parking_lower_right_bay_active,,,camera_sign_turn_right,camera_sign_turn_left,2.224598924544055,-0.5125292573798341,1.6788317020679617,0.0,222.91622078054633,162.66791498153958,1.606490791888415,222.98256068009613,163.27958129735688,1.6788317020679617,0.0,222.91622078054633,162.66791498153958,0.14,0.28
54.98527604500123,43773000000,parking_lower_right_bay_active,0.042280000000000005,2.1887526310675103,0.01931693851551373,True,True,False,route/parking_dynamic from camera_sign_turn_left: parking_lower_right_bay_active,,,camera_sign_turn_right,camera_sign_turn_left,2.2215949105853765,-0.48483168528161463,1.6788317020679617,0.0,222.78804951830938,161.4861519053489,1.6788317020679617,222.85438941785918,162.0978182211662,1.6788317020679617,0.0,222.78804951830938,161.4861519053489,0.14,0.28
55.185547460001544,43971000000,parking_lower_right_bay_active,0.07,2.1887526310675103,0.03198168628396313,True,True,False,route/parking_dynamic from camera_sign_turn_left: parking_lower_right_bay_active,,,camera_sign_turn_right,camera_sign_turn_left,2.218605992174229,-0.4572732969627832,1.6788317020679617,0.0,222.66052233276713,160.31032733707875,1.6788317020679617,222.72621815562223,160.91605514497547,1.6788317020679617,0.0,222.66052233276713,160.31032733707875,0.14,0.28
55.286231849000615,44071000000,parking_lower_right_bay_active,0.084,2.1887526310675103,0.03837802354075576,True,True,False,route/parking_dynamic from camera_sign_turn_left: parking_lower_right_bay_active,,,camera_sign_turn_right,camera_sign_turn_left,2.2170964374211244,-0.44335491902397944,1.6788317020679617,0.0,222.5961146633013,159.7164765450231,1.6788317020679617,222.66052233276713,160.31032733707875,1.6788317020679617,0.0,222.5961146633013,159.7164765450231,0.14,0.28
55.48708171600083,44270000000,parking_lower_right_bay_active,0.11186,2.1887526310675103,0.051106734681773076,True,True,False,route/parking_dynamic from camera_sign_turn_left: parking_lower_right_bay_active,,,camera_sign_turn_right,camera_sign_turn_left,2.214092423462446,-0.41565734692576,1.6788317020679617,0.0,222.46794340106436,158.53471346883242,1.6788317020679617,222.53235107053018,159.12856426088806,1.6788317020679617,0.0,222.46794340106436,158.53471346883242,0.14,0.28
55.68735109699992,44467000000,parking_lower_right_bay_active,0.13944,2.1887526310675103,0.06370751907765455,True,True,False,route/parking_dynamic from camera_sign_turn_left: parking_lower_right_bay_active,,,camera_sign_turn_right,camera_sign_turn_left,2.2111186005988297,-0.3882381423863166,1.6788317020679617,0.0,222.34106029221675,157.36482740848285,1.6788317020679617,222.40611203837722,157.96461670845903,1.6788317020679617,0.0,222.34106029221675,157.36482740848285,0.14,0.28
55.7893362220002,44567000000,parking_lower_right_bay_active,0.15344000000000002,2.1887526310675103,0.07010385633444718,True,True,False,route/parking_dynamic from camera_sign_turn_left: parking_lower_right_bay_active,,,camera_sign_turn_right,camera_sign_turn_left,2.209609045845725,-0.37431976444751286,1.687778783727512,0.008947081659550271,222.27665262275093,156.77097661642722,1.6788317020679617,222.34106029221675,157.36482740848285,1.687778783727512,0.0,222.27665262275093,156.77097661642722,0.14,0.28
55.99102802000016,44764000000,parking_lower_right_bay_active,0.18102000000000004,2.1887526310675103,0.08270464073032867,True,True,False,route/parking_dynamic from camera_sign_turn_left: parking_lower_right_bay_active,,,camera_sign_turn_right,camera_sign_turn_left,2.2066352229821087,-0.34690055990806945,1.7964101229772067,0.1086313392496947,222.14976951390332,155.60109055607762,1.7323785113040848,222.21546533675843,156.20681836397438,1.7964101229772067,0.0,222.14976951390332,155.60109055607762,0.14,0.28
56.09206753000035,44867000000,parking_lower_right_bay_active,0.19544000000000006,2.1887526310675103,0.08929286810482508,True,True,False,route/parking_dynamic from camera_sign_turn_left: parking_lower_right_bay_active,,,camera_sign_turn_right,camera_sign_turn_left,2.2050803815864106,-0.3325646306311016,1.8608991609080516,0.06448903793084494,222.08342961435352,154.98942424026035,1.7964101229772067,222.14976951390332,155.60109055607762,1.8608991609080516,0.0,222.08342961435352,154.98942424026035,0.14,0.28
56.192480335001164,44969000000,parking_lower_right_bay_active,0.20972000000000007,2.1887526310675103,0.09581713210675356,True,True,False,route/parking_dynamic from camera_sign_turn_left: parking_lower_right_bay_active,,,camera_sign_turn_right,camera_sign_turn_left,2.203540635738244,-0.31836788513352177,1.9302011101037087,0.06930194919565702,222.01773379149842,154.3836964323636,1.8608991609080516,222.08342961435352,154.98942424026035,1.9302011101037087,0.0,222.01773379149842,154.3836964323636,0.14,0.28
56.29311305600095,45071000000,parking_lower_right_bay_active,0.2240000000000001,2.1887526310675103,0.10234139610868205,True,True,False,route/parking_dynamic from camera_sign_turn_left: parking_lower_right_bay_active,,,camera_sign_turn_right,camera_sign_turn_left,2.202000889890077,-0.3041711396359419,2.004882850853168,0.07468174074945955,221.9520379686433,153.77796862446687,1.9302011101037087,222.01773379149842,154.3836964323636,2.004882850853168,0.0,221.9520379686433,153.77796862446687,0.14,0.28
56.49987161300123,45272000000,parking_lower_right_bay_active,0.2521400000000001,2.1887526310675103,0.11519803399483522,True,True,False,route/parking_dynamic from camera_sign_turn_left: parking_lower_right_bay_active,,,camera_sign_turn_right,camera_sign_turn_left,2.1989666848363365,-0.27619519997894637,2.1664473508916564,0.1615645000384882,221.82257855301702,152.58432853243505,2.0822530257489795,221.88827437587213,153.19005634033178,2.1664473508916564,0.0,221.82257855301702,152.58432853243505,0.14,0.28
56.59442420100095,45372000000,parking_lower_right_bay_active,0.2661400000000001,2.1887526310675103,0.12159437125162785,True,True,False,route/parking_dynamic from camera_sign_turn_left: parking_lower_right_bay_active,,,camera_sign_turn_right,camera_sign_turn_left,2.1974571300832317,-0.26227682204014263,2.2525613451121815,0.08611399422052513,221.7581708835512,151.99047774037942,2.1664473508916564,221.82257855301702,152.58432853243505,2.2525613451121815,0.0,221.7581708835512,151.99047774037942,0.14,0.28
56.700717763000284,45474000000,parking_lower_right_bay_active,0.2804200000000001,2.1887526310675103,0.12811863525355635,True,True,False,route/parking_dynamic from camera_sign_turn_left: parking_lower_right_bay_active,,,camera_sign_turn_right,camera_sign_turn_left,2.1959173842350648,-0.2480800765425628,2.34287957588855,0.09031823077636858,221.6924750606961,151.3847499324827,2.2525613451121815,221.7581708835512,151.99047774037942,2.34287957588855,0.0,221.6924750606961,151.3847499324827,0.14,0.28
56.9005641950007,45675000000,parking_lower_right_bay_active,0.3085600000000001,2.1887526310675103,0.1409752731397095,True,True,False,route/parking_dynamic from camera_sign_turn_left: parking_lower_right_bay_active,,,camera_sign_turn_right,camera_sign_turn_left,2.1928831791813246,-0.2201041368855673,2.5226797667026784,0.17980019081412826,221.56301564506987,150.19110984045088,2.4316176270143046,221.62871146792497,150.7968376483476,2.5226797667026784,0.0,221.56301564506987,150.19110984045088,0.14,0.28
56.99590943900148,45775000000,parking_lower_right_bay_active,0.3225600000000001,2.1887526310675103,0.14737161039650215,True,True,False,route/parking_dynamic from camera_sign_turn_left: parking_lower_right_bay_active,,,camera_sign_turn_right,camera_sign_turn_left,2.19137362442822,-0.2061857589467635,2.6101880026995863,0.08750823599690792,221.49860797560405,149.59725904839524,2.5226797667026784,221.56301564506987,150.19110984045088,2.6101880026995863,0.0,221.49860797560405,149.59725904839524,0.14,0.28
57.19742490400131,45974000000,parking_lower_right_bay_active,0.3504200000000001,2.1887526310675103,0.16010032153751946,True,True,False,route/parking_dynamic from camera_sign_turn_left: parking_lower_right_bay_active,,,camera_sign_turn_left,camera_sign_turn_left,2.1883696104695414,-0.17848818684854406,2.774467419425019,0.16427941672543292,221.3704367133671,148.41549597220455,2.6922235850741045,221.4361325362222,149.02122378010128,2.774467419425019,0.0,221.3704367133671,148.41549597220455,0.14,0.28
57.398602850000316,46174000000,parking_lower_right_bay_active,0.3784200000000001,2.1887526310675103,0.1728929960511047,True,True,False,route/parking_dynamic from camera_sign_turn_left: parking_lower_right_bay_active,,,camera_sign_turn_left,camera_sign_turn_left,2.185350500963332,-0.15065143097093658,2.9212713660387215,0.14680394661370233,221.2416213744355,147.2277943880933,2.849664842482399,221.30667312059597,147.82758368806947,2.9212713660387215,0.0,221.2416213744355,147.2277943880933,0.14,0.28
57.600877729000786,46378000000,parking_lower_right_bay_active,0.40698000000000006,2.1887526310675103,0.18594152405496164,True,True,False,route/parking_dynamic from camera_sign_turn_left: parking_lower_right_bay_active,,,camera_sign_turn_left,camera_sign_turn_left,2.182271009266998,-0.12225793997577694,3.049747042367718,0.1284756763289967,221.11022972872524,146.0163387722998,2.986301503853043,221.17785778166433,146.63988210395823,3.049747042367718,0.0,221.11022972872524,146.0163387722998,0.14,0.28
57.70086244600134,46479000000,parking_lower_right_bay_active,0.42112000000000005,2.1887526310675103,0.19240182468432218,True,True,False,route/parking_dynamic from camera_sign_turn_left: parking_lower_right_bay_active,,,camera_sign_turn_left,camera_sign_turn_left,2.180746358966362,-0.10820037825758516,3.105614511654814,0.05586746928709596,221.04517798256478,145.41654947232362,3.049747042367718,221.11022972872524,146.0163387722998,3.105614511654814,0.0,221.04517798256478,145.41654947232362,0.14,0.28
57.80098065600032,46580000000,parking_lower_right_bay_active,0.43526000000000004,2.1887526310675103,0.19886212531368275,True,True,False,route/parking_dynamic from camera_sign_turn_left: parking_lower_right_bay_active,,,camera_sign_turn_left,camera_sign_turn_left,2.17536763106751,-0.09843750000000001,3.141592653589793,0.035978141934978954,220.81568559221375,145.0,3.105614511654814,221.04517798256478,145.41654947232362,3.141592653589793,0.0,220.81568559221375,145.0,0.14,0.28
57.901260330001605,46680000000,parking_lower_right_bay_active,0.44926000000000005,2.1887526310675103,0.20525846257047536,True,True,False,route/parking_dynamic from camera_sign_turn_left: parking_lower_right_bay_active,,,camera_sign_turn_left,camera_sign_turn_left,2.16136763106751,-0.09843750000000001,3.141592653589793,0.0,220.21835225888043,145.0,3.141592653589793,220.81568559221375,145.0,3.141592653589793,0.0,220.21835225888043,145.0,0.14,0.28
58.10240482300105,46880000000,parking_lower_right_bay_active,0.4772600000000001,2.1887526310675103,0.21805113708406063,True,True,False,route/parking_dynamic from camera_sign_turn_left: parking_lower_right_bay_active,,,camera_sign_turn_left,camera_sign_turn_left,2.13336763106751,-0.09843750000000001,3.141592653589793,0.0,219.02368559221378,145.0,3.141592653589793,219.63296559221374,145.0,3.141592653589793,0.0,219.02368559221378,145.0,0.14,0.28
58.203013408001425,46981000000,parking_lower_right_bay_active,0.49140000000000006,2.1887526310675103,0.2245114377134212,True,True,False,route/parking_dynamic from camera_sign_turn_left: parking_lower_right_bay_active,,,camera_sign_turn_left,camera_sign_turn_left,2.1192276310675098,-0.09843750000000001,3.141592653589793,0.0,218.42037892554708,145.0,3.141592653589793,219.02368559221378,145.0,3.141592653589793,0.0,218.42037892554708,145.0,0.14,0.28
58.30423834300018,47083000000,parking_lower_right_bay_active,0.50568,2.1887526310675103,0.23103570171534965,True,True,False,route/parking_dynamic from camera_sign_turn_left: parking_lower_right_bay_active,,,camera_sign_turn_right,camera_sign_turn_left,2.10494763106751,-0.09843750000000001,3.141592653589793,0.0,217.81109892554707,145.0,3.141592653589793,218.42037892554708,145.0,3.141592653589793,0.0,217.81109892554707,145.0,0.14,0.28
58.50967930600018,47281000000,parking_lower_right_bay_active,0.5334,2.1887526310675103,0.24370044948379901,True,True,False,route/parking_dynamic from camera_sign_turn_left: parking_lower_right_bay_active,,,camera_sign_turn_right,camera_sign_turn_left,2.07722763106751,-0.09843750000000001,3.141592653589793,0.0,216.6283789255471,145.0,3.141592653589793,217.21973892554712,145.0,3.141592653589793,0.0,216.6283789255471,145.0,0.14,0.28
58.6049882590014,47383000000,parking_lower_right_bay_active,0.54768,2.1887526310675103,0.2502247134857275,True,True,False,route/parking_dynamic from camera_sign_turn_left: parking_lower_right_bay_active,,,camera_sign_turn_right,camera_sign_turn_left,2.06294763106751,-0.09843750000000001,3.141592653589793,0.0,216.0190989255471,145.0,3.141592653589793,216.6283789255471,145.0,3.141592653589793,0.0,216.0190989255471,145.0,0.14,0.28
58.805475593000665,47581000000,parking_lower_right_bay_active,0.5753999999999999,2.1887526310675103,0.26288946125417684,True,True,False,route/parking_dynamic from camera_sign_turn_left: parking_lower_right_bay_active,,,camera_sign_turn_right,camera_sign_turn_left,2.03522763106751,-0.09843750000000001,3.141592653589793,0.0,214.83637892554708,145.0,3.141592653589793,215.43371225888046,145.0,3.141592653589793,0.0,214.83637892554708,145.0,0.14,0.28
59.00660996700026,47779000000,parking_lower_right_bay_active,0.6031199999999999,2.1887526310675103,0.27555420902262623,True,True,False,route/parking_dynamic from camera_sign_turn_left: parking_lower_right_bay_active,,,,camera_sign_turn_left,2.00750763106751,-0.09843750000000001,3.141592653589793,0.0,213.65365892554712,145.0,3.141592653589793,214.24501892554707,145.0,3.141592653589793,0.0,213.65365892554712,145.0,0.14,0.28
59.107782918999874,47881000000,parking_lower_right_bay_active,0.6173999999999998,2.1887526310675103,0.2820784730245547,True,True,False,route/parking_dynamic from camera_sign_turn_left: parking_lower_right_bay_active,,,,camera_sign_turn_left,1.9932276310675103,-0.09843750000000001,3.141592653589793,0.0,213.0443789255471,145.0,3.141592653589793,213.65365892554712,145.0,3.141592653589793,0.0,213.0443789255471,145.0,0.14,0.28
59.207375396001225,47981000000,parking_lower_right_bay_active,0.6313999999999999,2.1887526310675103,0.28847481028134736,True,True,False,route/parking_dynamic from camera_sign_turn_left: parking_lower_right_bay_active,,,,camera_sign_turn_left,1.97922763106751,-0.09843750000000001,3.141592653589793,0.0,212.44704559221378,145.0,3.141592653589793,213.0443789255471,145.0,3.141592653589793,0.0,212.44704559221378,145.0,0.14,0.28
59.31310168100026,48083000000,parking_lower_right_bay_active,0.6456799999999998,2.1887526310675103,0.2949990742832758,True,True,False,route/parking_dynamic from camera_sign_turn_left: parking_lower_right_bay_active,,,,camera_sign_turn_left,1.9649476310675102,-0.09843750000000001,3.141592653589793,0.0,211.83776559221377,145.0,3.141592653589793,212.44704559221378,145.0,3.141592653589793,0.0,211.83776559221377,145.0,0.14,0.28
59.50860773000022,48282000000,parking_lower_right_bay_active,0.6735399999999998,2.1887526310675103,0.30772778542429313,True,True,False,route/parking_dynamic from camera_sign_turn_left: parking_lower_right_bay_active,,,camera_sign_speed_limit,camera_sign_turn_left,1.9370876310675103,-0.09843750000000001,3.141592653589793,0.0,210.64907225888044,145.0,3.141592653589793,211.24640559221376,145.0,3.141592653589793,0.0,210.64907225888044,145.0,0.14,0.28
59.616380836001554,48382000000,parking_lower_right_bay_active,0.6875399999999998,2.1887526310675103,0.31412412268108575,True,True,False,route/parking_dynamic from camera_sign_turn_left: parking_lower_right_bay_active,,,camera_sign_speed_limit,camera_sign_turn_left,1.9230876310675102,-0.09843750000000001,3.141592653589793,0.0,210.0517389255471,145.0,3.141592653589793,210.64907225888044,145.0,3.141592653589793,0.0,210.0517389255471,145.0,0.14,0.28
59.716654740001104,48483000000,parking_lower_right_bay_active,0.7016799999999999,2.1887526310675103,0.32058442331044634,True,True,False,route/parking_dynamic from camera_sign_turn_left: parking_lower_right_bay_active,,,camera_sign_speed_limit,camera_sign_turn_left,1.9089476310675102,-0.09843750000000001,3.141592653589793,0.0,209.44843225888042,145.0,3.141592653589793,210.0517389255471,145.0,3.141592653589793,0.0,209.44843225888042,145.0,0.14,0.28
59.91741253300097,48682000000,parking_lower_right_bay_active,0.7295399999999999,2.1887526310675103,0.33331313445146366,True,True,False,route/parking_dynamic from camera_sign_turn_left: parking_lower_right_bay_active,,,camera_sign_speed_limit,camera_sign_turn_left,1.8810876310675102,-0.09843750000000001,3.141592653589793,0.0,208.25973892554708,145.0,3.141592653589793,208.86304559221378,145.0,3.141592653589793,0.0,208.25973892554708,145.0,0.14,0.28
60.112004962000356,48883000000,parking_lower_right_bay_active,0.7576799999999998,2.1887526310675103,0.3461697723376168,True,True,False,route/parking_dynamic from camera_sign_turn_left: parking_lower_right_bay_active,,,camera_sign_speed_limit,camera_sign_turn_left,1.8529476310675101,-0.09843750000000001,3.141592653589793,0.0,207.05909892554712,145.0,3.141592653589793,207.67435225888045,145.0,3.141592653589793,0.0,207.05909892554712,145.0,0.14,0.28
60.31327402900024,49083000000,parking_lower_right_bay_active,0.7856799999999998,2.1887526310675103,0.35896244685120204,True,True,False,route/parking_dynamic from camera_sign_turn_left: parking_lower_right_bay_active,,,camera_sign_speed_limit,camera_sign_turn_left,1.8249476310675101,-0.09843750000000001,3.141592653589793,0.0,205.8644322588804,145.0,3.141592653589793,206.4677389255471,145.0,3.141592653589793,0.0,205.8644322588804,145.0,0.14,0.28
60.41705141000057,49187000000,parking_lower_right_bay_active,0.8002399999999998,2.1887526310675103,0.3656146375982664,True,True,False,route/parking_dynamic from camera_sign_turn_left: parking_lower_right_bay_active,,,camera_sign_speed_limit,camera_sign_turn_left,1.8103876310675102,-0.09843750000000001,3.141592653589793,0.0,205.24320559221377,145.0,3.141592653589793,205.8644322588804,145.0,3.141592653589793,0.0,205.24320559221377,145.0,0.14,0.28
60.619097274000524,49386000000,parking_lower_right_bay_active,0.8280999999999998,2.1887526310675103,0.3783433487392837,True,True,False,route/parking_dynamic from camera_sign_turn_left: parking_lower_right_bay_active,,,camera_sign_speed_limit,camera_sign_turn_left,1.7825276310675102,-0.09843750000000001,3.141592653589793,0.0,204.05451225888044,145.0,3.141592653589793,204.6578189255471,145.0,3.141592653589793,0.0,204.05451225888044,145.0,0.14,0.28
60.8189730410013,49587000000,parking_lower_right_bay_active,0.8562399999999998,2.1887526310675103,0.39119998662543687,True,True,False,route/parking_dynamic from camera_sign_turn_left: parking_lower_right_bay_active,,,camera_sign_speed_limit,camera_sign_turn_left,1.7543876310675102,-0.09843750000000001,3.141592653589793,0.0,202.85387225888041,145.0,3.141592653589793,203.46912559221377,145.0,3.141592653589793,0.0,202.85387225888041,145.0,0.14,0.28
60.91892880400155,49689000000,parking_lower_right_bay_active,0.8705199999999997,2.1887526310675103,0.3977242506273653,True,True,False,route/parking_dynamic from camera_sign_turn_left: parking_lower_right_bay_active,,,camera_sign_speed_limit,camera_sign_turn_left,1.7401076310675103,-0.09843750000000001,3.141592653589793,0.0,202.24459225888046,145.0,3.141592653589793,202.85387225888041,145.0,3.141592653589793,0.0,202.24459225888046,145.0,0.14,0.28
61.11859602700133,49888000000,parking_lower_right_bay_active,0.8983799999999997,2.1887526310675103,0.41045296176838264,True,True,False,route/parking_dynamic from camera_sign_turn_left: parking_lower_right_bay_active,,,camera_sign_speed_limit,camera_sign_turn_left,1.7122476310675103,-0.09843750000000001,3.141592653589793,0.0,201.05589892554713,145.0,3.141592653589793,201.65323225888045,145.0,3.141592653589793,0.0,201.05589892554713,145.0,0.14,0.28
61.32164147600088,50087000000,parking_lower_right_bay_active,0.9262399999999997,2.1887526310675103,0.42318167290939995,True,True,False,route/parking_dynamic from camera_sign_turn_left: parking_lower_right_bay_active,,,camera_sign_speed_limit,camera_sign_turn_left,1.6843876310675103,-0.09843750000000001,3.141592653589793,0.0,199.8672055922138,145.0,3.141592653589793,200.47051225888043,145.0,3.141592653589793,0.0,199.8672055922138,145.0,0.14,0.28
61.41729892400144,50191000000,parking_lower_right_bay_active,0.9407999999999997,2.1887526310675103,0.4298338636564643,True,True,False,route/parking_dynamic from camera_sign_turn_left: parking_lower_right_bay_active,,,camera_sign_speed_limit,camera_sign_turn_left,1.6698276310675104,-0.09843750000000001,3.141592653589793,0.0,199.2459789255471,145.0,3.141592653589793,199.8672055922138,145.0,3.141592653589793,0.0,199.2459789255471,145.0,0.14,0.28
61.617615263001426,50388000000,parking_lower_right_bay_active,0.9683799999999997,2.1887526310675103,0.4424346480523458,True,True,False,route/parking_dynamic from camera_sign_turn_left: parking_lower_right_bay_active,,,camera_sign_speed_limit,camera_sign_turn_left,1.6422476310675105,-0.09843750000000001,3.141592653589793,0.0,198.06923225888045,145.0,3.141592653589793,198.66059225888046,145.0,3.141592653589793,0.0,198.06923225888045,145.0,0.14,0.28
61.71976549900137,50489000000,parking_lower_right_bay_active,0.9825199999999997,2.1887526310675103,0.4488949486817063,True,True,False,route/parking_dynamic from camera_sign_turn_left: parking_lower_right_bay_active,,,camera_sign_speed_limit,camera_sign_turn_left,1.6281076310675102,-0.09843750000000001,3.141592653589793,0.0,197.46592559221375,145.0,3.141592653589793,198.06923225888045,145.0,3.141592653589793,0.0,197.46592559221375,145.0,0.14,0.28
61.81929508700159,50589000000,parking_lower_right_bay_active,0.9965199999999997,2.1887526310675103,0.45529128593849894,True,True,False,route/parking_dynamic from camera_sign_turn_left: parking_lower_right_bay_active,,,camera_sign_speed_limit,camera_sign_turn_left,1.6141076310675104,-0.09843750000000001,3.141592653589793,0.0,196.86859225888043,145.0,3.141592653589793,197.46592559221375,145.0,3.141592653589793,0.0,196.86859225888043,145.0,0.14,0.28
62.02025234600114,50786000000,parking_lower_right_bay_active,1.0240999999999998,2.1887526310675103,0.46789207033438046,True,True,False,route/parking_dynamic from camera_sign_turn_left: parking_lower_right_bay_active,,,camera_sign_speed_limit,camera_sign_turn_left,1.5865276310675103,-0.09843750000000001,3.141592653589793,0.0,195.69184559221378,145.0,3.141592653589793,196.27723225888042,145.0,3.141592653589793,0.0,195.69184559221378,145.0,0.14,0.28
62.12431788499998,50890000000,parking_lower_right_bay_active,1.0386599999999997,2.1887526310675103,0.47454426108144476,True,True,False,route/parking_dynamic from camera_sign_turn_left: parking_lower_right_bay_active,,,camera_sign_speed_limit,camera_sign_turn_left,1.5719676310675104,-0.09843750000000001,3.141592653589793,0.0,195.0706189255471,145.0,3.141592653589793,195.69184559221378,145.0,3.141592653589793,0.0,195.0706189255471,145.0,0.14,0.28
62.22510880000118,50991000000,parking_lower_right_bay_active,1.0527999999999997,2.1887526310675103,0.4810045617108053,True,True,False,route/parking_dynamic from camera_sign_turn_left: parking_lower_right_bay_active,,,camera_sign_speed_limit,camera_sign_turn_left,1.5578276310675103,-0.09843750000000001,3.141592653589793,0.0,194.46731225888044,145.0,3.141592653589793,195.0706189255471,145.0,3.141592653589793,0.0,194.46731225888044,145.0,0.14,0.28
62.32260549700004,51092000000,parking_lower_right_bay_active,1.0669399999999998,2.1887526310675103,0.4874648623401659,True,True,False,route/parking_dynamic from camera_sign_turn_left: parking_lower_right_bay_active,,,camera_sign_speed_limit,camera_sign_turn_left,1.5436876310675103,-0.09843750000000001,3.141592653589793,0.0,193.86400559221377,145.0,3.141592653589793,194.46731225888044,145.0,3.141592653589793,0.0,193.86400559221377,145.0,0.14,0.28
62.523741890001475,51290000000,parking_lower_right_bay_active,1.0946599999999997,2.1887526310675103,0.5001296101086152,True,True,False,route/parking_dynamic from camera_sign_turn_left: parking_lower_right_bay_active,,,camera_sign_speed_limit,camera_sign_turn_left,1.51596763106751,-0.09843750000000001,3.141592653589793,0.0,192.68128559221378,145.0,3.141592653589793,193.2726455922138,145.0,3.141592653589793,0.0,192.68128559221378,145.0,0.14,0.28
62.623460058001,51391000000,parking_lower_right_bay_active,1.1087999999999998,2.1887526310675103,0.5065899107379759,True,True,False,route/parking_dynamic from camera_sign_turn_left: parking_lower_right_bay_active,,,camera_sign_speed_limit,camera_sign_turn_left,1.5018276310675103,-0.09843750000000001,3.141592653589793,0.0,192.0779789255471,145.0,3.141592653589793,192.68128559221378,145.0,3.141592653589793,0.0,192.0779789255471,145.0,0.14,0.28
62.72450506700079,51492000000,parking_lower_right_bay_active,1.1229399999999998,2.1887526310675103,0.5130502113673364,True,True,False,route/parking_dynamic from camera_sign_turn_left: parking_lower_right_bay_active,,,camera_sign_speed_limit,camera_sign_turn_left,1.4876876310675102,-0.09843750000000001,3.141592653589793,0.0,191.47467225888045,145.0,3.141592653589793,192.0779789255471,145.0,3.141592653589793,0.0,191.47467225888045,145.0,0.14,0.28
62.82470058200124,51593000000,parking_lower_right_bay_active,1.1370799999999999,2.1887526310675103,0.519510511996697,True,True,False,route/parking_dynamic from camera_sign_turn_left: parking_lower_right_bay_active,,,camera_sign_speed_limit,camera_sign_turn_left,1.4735476310675102,-0.09843750000000001,3.141592653589793,0.0,190.87136559221378,145.0,3.141592653589793,191.47467225888045,145.0,3.141592653589793,0.0,190.87136559221378,145.0,0.14,0.28
62.92426880200037,51693000000,parking_lower_right_bay_active,1.1510799999999999,2.1887526310675103,0.5259068492534896,True,True,False,route/parking_dynamic from camera_sign_turn_left: parking_lower_right_bay_active,,,camera_sign_speed_limit,camera_sign_turn_left,1.4595476310675104,-0.09843750000000001,3.141592653589793,0.0,190.27403225888045,145.0,3.141592653589793,190.87136559221378,145.0,3.141592653589793,0.0,190.27403225888045,145.0,0.14,0.28
63.025014436001584,51794000000,parking_lower_right_bay_active,1.16522,2.1887526310675103,0.5323671498828502,True,True,False,route/parking_dynamic from camera_sign_turn_left: parking_lower_right_bay_active,,,camera_sign_speed_limit,camera_sign_turn_left,1.4454076310675101,-0.09843750000000001,3.141592653589793,0.0,189.67072559221376,145.0,3.141592653589793,190.27403225888045,145.0,3.141592653589793,0.0,189.67072559221376,145.0,0.14,0.28
63.126076477001334,51894000000,parking_lower_right_bay_active,1.17922,2.1887526310675103,0.5387634871396428,True,True,False,route/parking_dynamic from camera_sign_turn_left: parking_lower_right_bay_active,,,camera_sign_speed_limit,camera_sign_turn_left,1.4314076310675101,-0.09843750000000001,3.141592653589793,0.0,189.07339225888043,145.0,3.141592653589793,189.67072559221376,145.0,3.141592653589793,0.0,189.07339225888043,145.0,0.14,0.28
63.22687665400008,51994000000,parking_lower_right_bay_active,1.19322,2.1887526310675103,0.5451598243964354,True,True,False,route/parking_dynamic from camera_sign_turn_left: parking_lower_right_bay_active,,,camera_sign_speed_limit,camera_sign_turn_left,1.41740763106751,-0.09843750000000001,3.141592653589793,0.0,188.4760589255471,145.0,3.141592653589793,189.07339225888043,145.0,3.141592653589793,0.0,188.4760589255471,145.0,0.14,0.28
63.342909005001275,52097000000,parking_lower_right_bay_active,1.20764,2.1887526310675103,0.5517480517709319,True,True,False,route/parking_dynamic from camera_sign_turn_left: parking_lower_right_bay_active,,,camera_sign_turn_right,camera_sign_turn_left,1.40298763106751,-0.09843750000000001,3.141592653589793,0.0,187.86080559221375,145.0,3.141592653589793,188.4760589255471,145.0,3.141592653589793,0.0,187.86080559221375,145.0,0.14,0.28
63.548109473000295,52293000000,parking_lower_right_bay_active,1.23508,2.1887526310675103,0.5642848727942454,True,True,False,route/parking_dynamic from camera_sign_turn_left: parking_lower_right_bay_active,,,camera_sign_speed_limit,camera_sign_turn_left,1.37554763106751,-0.09843750000000001,3.1196429116173787,-0.021949741972414394,186.69003225888042,145.0,3.141592653589793,187.26944559221377,145.0,3.1196429116173787,0.0,186.69003225888042,145.0,0.14,0.28
63.73399511700154,52495000000,parking_lower_right_bay_active,1.26336,2.1887526310675103,0.5772054740529665,True,True,False,route/parking_dynamic from camera_sign_turn_left: parking_lower_right_bay_active,,,camera_sign_speed_limit,camera_sign_turn_left,1.34726763106751,-0.09843750000000001,3.0029112700022105,-0.11673164161516823,185.48341892554708,145.0,3.067635077474294,186.12256559221376,145.0,3.0029112700022105,0.0,185.48341892554708,145.0,0.14,0.28
63.8351924840008,52600000000,parking_lower_right_bay_active,1.27806,2.1887526310675103,0.5839216281725987,True,True,False,route/parking_dynamic from camera_sign_turn_left: parking_lower_right_bay_active,,,camera_sign_speed_limit,camera_sign_turn_left,1.33256763106751,-0.09843750000000001,2.932595475190155,-0.07031579481205563,184.8562189255471,145.0,3.0029112700022105,185.48341892554708,145.0,2.932595475190155,0.0,184.8562189255471,145.0,0.14,0.28
63.93579609900007,52701000000,parking_lower_right_bay_active,1.2922,2.1887526310675103,0.5903819288019593,True,True,False,route/parking_dynamic from camera_sign_turn_left: parking_lower_right_bay_active,,,camera_sign_speed_limit,camera_sign_turn_left,1.31842763106751,-0.09843750000000001,2.858297784512873,-0.07429769067728165,184.25291225888043,145.0,2.932595475190155,184.8562189255471,145.0,2.858297784512873,0.0,184.25291225888043,145.0,0.14,0.28
64.03630719900139,52802000000,parking_lower_right_bay_active,1.30634,2.1887526310675103,0.5968422294313199,True,True,False,route/parking_dynamic from camera_sign_turn_left: parking_lower_right_bay_active,,,camera_sign_speed_limit,camera_sign_turn_left,1.3042876310675098,-0.09843750000000001,2.777414494202462,-0.0808832903104113,183.64960559221376,145.0,2.891791475190155,184.25291225888043,145.0,2.777414494202462,0.0,183.64960559221376,145.0,0.14,0.28
64.13750492800136,52906000000,parking_lower_right_bay_active,1.3209,2.1887526310675103,0.6034944201783842,True,True,False,route/parking_dynamic from camera_sign_turn_left: parking_lower_right_bay_active,,,camera_sign_speed_limit,camera_sign_turn_left,1.28972763106751,-0.09843750000000001,2.6875469024622864,-0.08986759174017545,183.0283789255471,145.0,2.8101834751901547,183.64960559221376,145.0,2.6875469024622864,0.0,183.0283789255471,145.0,0.14,0.28
64.33910693300095,53105000000,parking_lower_right_bay_active,1.34876,2.1887526310675103,0.6162231313194015,True,True,False,route/parking_dynamic from camera_sign_turn_left: parking_lower_right_bay_active,,,camera_sign_speed_limit,camera_sign_turn_left,1.26186763106751,-0.09843750000000001,2.5002268074879646,-0.1873200949743219,181.83968559221375,145.0,2.596496337791557,182.4370189255471,145.0,2.5002268074879646,0.0,181.83968559221375,145.0,0.14,0.28
64.54078639700128,53305000000,parking_lower_right_bay_active,1.37676,2.1887526310675103,0.6290158058329868,True,True,False,route/parking_dynamic from camera_sign_turn_left: parking_lower_right_bay_active,,,camera_sign_speed_limit,camera_sign_turn_left,1.23386763106751,-0.09843750000000001,2.301286388108071,-0.19894041937989337,180.6450189255471,145.0,2.4021986590214532,181.24832559221377,145.0,2.301286388108071,0.0,180.6450189255471,145.0,0.14,0.28
64.64079656100148,53406000000,parking_lower_right_bay_active,1.3909,2.1887526310675103,0.6354761064623473,True,True,False,route/parking_dynamic from camera_sign_turn_left: parking_lower_right_bay_active,,,camera_sign_speed_limit,camera_sign_turn_left,1.21972763106751,-0.09843750000000001,2.201477579460325,-0.099808808647746,180.04171225888044,145.0,2.301286388108071,180.6450189255471,145.0,2.201477579460325,0.0,180.04171225888044,145.0,0.14,0.28
64.74215414100036,53506000000,parking_lower_right_bay_active,1.4049,2.1887526310675103,0.64187244371914,True,True,False,route/parking_dynamic from camera_sign_turn_left: parking_lower_right_bay_active,,,camera_sign_turn_right,camera_sign_turn_left,1.20572763106751,-0.09843750000000001,2.105611185683336,-0.09586639377698923,179.44437892554708,145.0,2.201477579460325,180.04171225888044,145.0,2.105611185683336,0.0,179.44437892554708,145.0,0.14,0.28
64.94840280300014,53703000000,parking_lower_right_bay_active,1.43248,2.1887526310675103,0.6544732281150214,True,True,False,route/parking_dynamic from camera_sign_turn_left: parking_lower_right_bay_active,,,camera_sign_turn_right,camera_sign_turn_left,1.17814763106751,-0.09843750000000001,1.9308789748824453,-0.17473221080089063,178.26763225888044,145.0,2.0151048396708227,178.8530189255471,145.0,1.9308789748824453,0.0,178.26763225888044,145.0,0.14,0.28
65.04334586700134,53806000000,parking_lower_right_bay_active,1.4469,2.1887526310675103,0.6610614554895179,True,True,False,route/parking_dynamic from camera_sign_turn_left: parking_lower_right_bay_active,,,camera_sign_turn_right,camera_sign_turn_left,1.16372763106751,-0.09843750000000001,1.8487844236068127,-0.08209455127563259,177.65237892554708,145.0,1.9308789748824453,178.26763225888044,145.0,1.8487844236068127,0.0,177.65237892554708,145.0,0.14,0.28
65.24804498900085,54006000000,parking_lower_right_bay_active,1.4749,2.1887526310675103,0.6738541300031031,True,True,False,route/parking_dynamic from camera_sign_turn_left: parking_lower_right_bay_active,,,camera_sign_turn_right,camera_sign_turn_left,1.13572763106751,-0.09843750000000001,1.7088877494030754,-0.1398966742037373,176.45771225888043,145.0,1.776338005423944,177.0610189255471,145.0,1.7088877494030754,0.0,176.45771225888043,145.0,0.14,0.28
65.34425826700135,54107000000,parking_lower_right_bay_active,1.4890400000000001,2.1887526310675103,0.6803144306324637,True,True,False,route/parking_dynamic from camera_sign_turn_left: parking_lower_right_bay_active,,,camera_sign_speed_limit,camera_sign_turn_left,1.12158763106751,-0.09843750000000001,1.6476717081098706,-0.061216041293204786,175.85440559221377,145.0,1.7088877494030754,176.45771225888043,145.0,1.6476717081098706,0.0,175.85440559221377,145.0,0.14,0.28
65.44495731999996,54208000000,parking_lower_right_bay_active,1.5031800000000002,2.1887526310675103,0.6867747312618243,True,True,False,route/parking_dynamic from camera_sign_turn_left: parking_lower_right_bay_active,,,camera_sign_speed_limit,camera_sign_turn_left,1.1074476310675099,-0.09843750000000001,1.5922626088103295,-0.05540909929954107,175.2510989255471,145.0,1.6476717081098706,175.85440559221377,145.0,1.5922626088103295,0.0,175.2510989255471,145.0,0.14,0.28
65.54905479700028,54309000000,parking_lower_right_bay_active,1.5173200000000002,2.1887526310675103,0.6932350318911848,True,True,False,route/parking_dynamic from camera_sign_turn_left: parking_lower_right_bay_active,,,camera_sign_speed_limit,camera_sign_turn_left,1.1015625,-0.09018263106750984,1.5707963267948966,-0.02146628201543299,175.0,144.64779225888043,1.5922626088103295,175.2510989255471,145.0,1.5707963267948966,0.0,175.0,144.64779225888043,0.14,0.28
65.7462557910003,54508000000,parking_lower_right_bay_active,1.5451800000000002,2.1887526310675103,0.7059637430322022,True,True,False,route/parking_dynamic from camera_sign_turn_left: parking_lower_right_bay_active,,,camera_sign_speed_limit,camera_sign_turn_left,1.1015625,-0.06232263106750986,1.5707963267948966,0.0,175.0,143.4590989255471,1.5707963267948966,175.0,144.05643225888042,1.5707963267948966,0.0,175.0,143.4590989255471,0.14,0.28
65.84691232600017,54609000000,parking_lower_right_bay_active,1.5593200000000003,2.1887526310675103,0.7124240436615628,True,True,False,route/parking_dynamic from camera_sign_turn_left: parking_lower_right_bay_active,,,camera_sign_speed_limit,camera_sign_turn_left,1.1015625,-0.04818263106750982,1.5707963267948966,0.0,175.0,142.85579225888043,1.5707963267948966,175.0,143.4590989255471,1.5707963267948966,0.0,175.0,142.85579225888043,0.14,0.28
65.94769653300136,54710000000,parking_lower_right_bay_active,1.5734600000000003,2.1887526310675103,0.7188843442909233,True,True,False,route/parking_dynamic from camera_sign_turn_left: parking_lower_right_bay_active,,,camera_sign_speed_limit,camera_sign_turn_left,1.1015625,-0.03404263106750979,1.5707963267948966,0.0,175.0,142.25248559221376,1.5707963267948966,175.0,142.85579225888043,1.5707963267948966,0.0,175.0,142.25248559221376,0.14,0.28
66.04913851099991,54811000000,parking_lower_right_bay_active,1.5876000000000003,2.1887526310675103,0.7253446449202838,True,True,False,route/parking_dynamic from camera_sign_turn_left: parking_lower_right_bay_active,,,camera_sign_speed_limit,camera_sign_turn_left,1.1015625,-0.019902631067509752,1.5707963267948966,0.0,175.0,141.6491789255471,1.5707963267948966,175.0,142.25248559221376,1.5707963267948966,0.0,175.0,141.6491789255471,0.14,0.28
66.14739240900053,54911000000,parking_lower_right_bay_active,1.6016000000000004,2.1887526310675103,0.7317409821770765,True,True,False,route/parking_dynamic from camera_sign_turn_left: parking_lower_right_bay_active,,,camera_sign_speed_limit,camera_sign_turn_left,1.1015625,-0.005902631067509739,1.5707963267948966,0.0,175.0,141.05184559221374,1.5707963267948966,175.0,141.6491789255471,1.5707963267948966,0.0,175.0,141.05184559221374,0.14,0.28
66.24765945900072,55011000000,parking_lower_right_bay_active,1.6156000000000004,2.1887526310675103,0.7381373194338692,True,True,False,route/parking_dynamic from camera_sign_turn_left: parking_lower_right_bay_active,,,camera_sign_speed_limit,camera_sign_turn_left,1.1015625,0.00809736893249026,1.5707963267948966,0.0,175.0,140.4545122588804,1.5707963267948966,175.0,141.05184559221374,1.5707963267948966,0.0,175.0,140.4545122588804,0.14,0.28
66.34930133500166,55111000000,parking_lower_right_bay_active,1.6296000000000004,2.1887526310675103,0.7445336566906617,True,True,False,route/parking_dynamic from camera_sign_turn_left: parking_lower_right_bay_active,,,camera_sign_speed_limit,camera_sign_turn_left,1.1015625,0.02209736893249027,1.5707963267948966,0.0,175.0,139.8571789255471,1.5707963267948966,175.0,140.4545122588804,1.5707963267948966,0.0,175.0,139.8571789255471,0.14,0.28
66.4493586180015,55213000000,parking_lower_right_bay_active,1.6438800000000005,2.1887526310675103,0.7510579206925903,True,True,False,route/parking_dynamic from camera_sign_turn_left: parking_lower_right_bay_active,,,camera_sign_speed_limit,camera_sign_turn_left,1.1015625,0.03637736893249033,1.5707963267948966,0.0,175.0,139.24789892554708,1.5707963267948966,175.0,139.8571789255471,1.5707963267948966,0.0,175.0,139.24789892554708,0.14,0.28
66.6501608540002,55412000000,parking_lower_right_bay_active,1.6717400000000004,2.1887526310675103,0.7637866318336076,True,True,False,route/parking_dynamic from camera_sign_turn_left: parking_lower_right_bay_active,,,camera_sign_speed_limit,camera_sign_turn_left,1.1015625,0.06423736893249032,1.5707963267948966,0.0,175.0,138.05920559221374,1.5707963267948966,175.0,138.65653892554707,1.5707963267948966,0.0,175.0,138.05920559221374,0.14,0.28
66.85171615200125,55613000000,parking_lower_right_bay_active,1.6998800000000005,2.1887526310675103,0.7766432697197608,True,True,False,route/parking_dynamic from camera_sign_turn_left: parking_lower_right_bay_active,,,camera_sign_speed_limit,camera_sign_turn_left,1.1015625,0.09237736893249038,1.5707963267948966,0.0,175.0,136.85856559221375,1.5707963267948966,175.0,137.47381892554708,1.5707963267948966,0.0,175.0,136.85856559221375,0.14,0.28
66.95964278900101,55714000000,parking_lower_right_bay_active,1.7140200000000005,2.1887526310675103,0.7831035703491214,True,True,False,route/parking_dynamic from camera_sign_turn_left: parking_lower_right_bay_active,,,camera_sign_speed_limit,camera_sign_turn_left,1.1015625,0.10651736893249042,1.5707963267948966,0.0,175.0,136.25525892554708,1.5707963267948966,175.0,136.85856559221375,1.5707963267948966,0.0,175.0,136.25525892554708,0.14,0.28
67.16091469000094,55913000000,parking_lower_right_bay_active,1.7418800000000005,2.1887526310675103,0.7958322814901387,True,True,False,route/parking_dynamic from camera_sign_turn_left: parking_lower_right_bay_active,,,camera_sign_speed_limit,camera_sign_turn_left,1.1015625,0.1343773689324904,1.5707963267948966,0.0,175.0,135.06656559221375,1.5707963267948966,175.0,135.66987225888042,1.5707963267948966,0.0,175.0,135.06656559221375,0.14,0.28
67.25542889500139,56013000000,parking_lower_right_bay_active,1.7558800000000006,2.1887526310675103,0.8022286187469313,True,True,False,route/parking_dynamic from camera_sign_turn_left: parking_lower_right_bay_active,,,camera_sign_speed_limit,camera_sign_turn_left,1.1015625,0.1483773689324904,1.5707963267948966,0.0,175.0,134.4692322588804,1.5707963267948966,175.0,135.06656559221375,1.5707963267948966,0.0,175.0,134.4692322588804,0.14,0.28
67.35777403900101,56118000000,parking_lower_right_bay_active,1.7705800000000005,2.1887526310675103,0.8089447728665635,True,True,False,route/parking_dynamic from camera_sign_turn_left: parking_lower_right_bay_active,,,camera_sign_speed_limit,camera_sign_turn_left,1.1015625,0.1630773689324903,1.5707963267948966,0.0,175.0,133.8420322588804,1.5707963267948966,175.0,134.4692322588804,1.5707963267948966,0.0,175.0,133.8420322588804,0.14,0.28
67.55945097800031,56318000000,parking_lower_right_bay_active,1.7985800000000005,2.1887526310675103,0.8217374473801489,True,True,False,route/parking_dynamic from camera_sign_turn_left: parking_lower_right_bay_active,,,camera_sign_speed_limit,camera_sign_turn_left,1.1015625,0.19107736893249033,1.5707963267948966,0.0,175.0,132.64736559221376,1.5707963267948966,175.0,133.25664559221374,1.5707963267948966,0.0,175.0,132.64736559221376,0.14,0.28
67.65678874500009,56420000000,parking_lower_right_bay_active,1.8128600000000006,2.1887526310675103,0.8282617113820774,True,True,False,route/parking_dynamic from camera_sign_turn_left: parking_lower_right_bay_active,,,camera_sign_speed_limit,camera_sign_turn_left,1.1015625,0.2053573689324904,1.5707963267948966,0.0,175.0,132.03808559221375,1.5707963267948966,175.0,132.64736559221376,1.5707963267948966,0.0,175.0,132.03808559221375,0.14,0.28
67.75912750800126,56521000000,parking_lower_right_bay_active,1.8270000000000006,2.1887526310675103,0.8347220120114379,True,True,False,route/parking_dynamic from camera_sign_turn_left: parking_lower_right_bay_active,,,camera_sign_turn_right,camera_sign_turn_left,1.1015625,0.21949736893249044,1.5707963267948966,0.0,175.0,131.43477892554708,1.5707963267948966,175.0,132.03808559221375,1.5707963267948966,0.0,175.0,131.43477892554708,0.14,0.28
67.95909678000135,56721000000,parking_lower_right_bay_active,1.8550000000000006,2.1887526310675103,0.8475146865250232,True,True,False,route/parking_dynamic from camera_sign_turn_left: parking_lower_right_bay_active,,,camera_sign_turn_right,camera_sign_turn_left,1.1015625,0.24749736893249047,1.5707963267948966,0.0,175.0,130.2401122588804,1.5707963267948966,175.0,130.85536559221373,1.5707963267948966,0.0,175.0,130.2401122588804,0.14,0.28
68.16055740900083,56918000000,parking_lower_right_bay_active,1.8825800000000006,2.1887526310675103,0.8601154709209046,True,True,False,route/parking_dynamic from camera_sign_turn_left: parking_lower_right_bay_active,,,camera_sign_turn_right,camera_sign_turn_left,1.1015625,0.2750773689324904,1.5707963267948966,0.0,175.0,129.06336559221376,1.5707963267948966,175.0,129.6666722588804,1.5707963267948966,0.0,175.0,129.06336559221376,0.14,0.28
68.26591562400063,57021000000,parking_lower_right_bay_active,1.8970000000000007,2.1887526310675103,0.8667036982954011,True,True,False,route/parking_dynamic from camera_sign_turn_left: parking_lower_right_bay_active,,,camera_sign_turn_right,camera_sign_turn_left,1.1015625,0.2894973689324905,1.5707963267948966,0.0,175.0,128.4481122588804,1.5707963267948966,175.0,129.06336559221376,1.5707963267948966,0.0,175.0,128.4481122588804,0.14,0.28
68.36131689400099,57122000000,parking_lower_right_bay_active,1.9111400000000007,2.1887526310675103,0.8731639989247616,True,True,False,route/parking_dynamic from camera_sign_turn_left: parking_lower_right_bay_active,,,camera_sign_turn_right,camera_sign_turn_left,1.1015625,0.3036373689324905,1.5707963267948966,0.0,175.0,127.84480559221373,1.5707963267948966,175.0,128.4481122588804,1.5707963267948966,0.0,175.0,127.84480559221373,0.14,0.28
68.46269898900027,57223000000,parking_lower_right_bay_active,1.9252800000000008,2.1887526310675103,0.8796242995541222,True,True,False,route/parking_dynamic from camera_sign_turn_left: parking_lower_right_bay_active,,,camera_sign_turn_right,camera_sign_turn_left,1.1015625,0.3177773689324906,1.5707963267948966,0.0,175.0,127.24149892554706,1.5707963267948966,175.0,127.84480559221373,1.5707963267948966,0.0,175.0,127.24149892554706,0.14,0.28
68.56346226599999,57324000000,parking_lower_right_bay_active,1.9394200000000008,2.1887526310675103,0.8860846001834828,True,True,False,route/parking_dynamic from camera_sign_turn_left: parking_lower_right_bay_active,,,camera_sign_turn_right,camera_sign_turn_left,1.1015625,0.3319173689324906,1.5707963267948966,0.0,175.0,126.6381922588804,1.5707963267948966,175.0,127.24149892554706,1.5707963267948966,0.0,175.0,126.6381922588804,0.14,0.28
68.66632410100101,57424000000,parking_lower_right_bay_active,1.9534200000000008,2.1887526310675103,0.8924809374402753,True,True,False,route/parking_dynamic from camera_sign_turn_left: parking_lower_right_bay_active,,,camera_sign_turn_right,camera_sign_turn_left,1.1015625,0.3459173689324906,1.5707963267948966,0.0,175.0,126.04085892554707,1.5707963267948966,175.0,126.6381922588804,1.5707963267948966,0.0,175.0,126.04085892554707,0.14,0.28
68.86549046200162,57623000000,parking_lower_right_bay_active,1.9812800000000008,2.1887526310675103,0.9052096485812927,True,True,False,route/parking_dynamic from camera_sign_turn_left: parking_lower_right_bay_active,,,camera_sign_turn_right,camera_sign_turn_left,1.1015625,0.37377736893249064,1.5707963267948966,0.0,175.0,124.85216559221374,1.5707963267948966,175.0,125.44949892554706,1.5707963267948966,0.0,175.0,124.85216559221374,0.14,0.28
69.06538776800153,57824000000,parking_lower_right_bay_active,2.009420000000001,2.1887526310675103,0.9180662864674459,True,True,False,route/parking_dynamic from camera_sign_turn_left: parking_lower_right_bay_active,,,camera_sign_turn_right,camera_sign_turn_left,1.1015625,0.4019173689324906,1.5707963267948966,0.0,175.0,123.65152559221373,1.5707963267948966,175.0,124.26080559221373,1.5707963267948966,0.0,175.0,123.65152559221373,0.14,0.28
69.16625339800157,57924000000,parking_lower_right_bay_active,2.0234200000000007,2.1887526310675103,0.9244626237242385,True,True,False,route/parking_dynamic from camera_sign_turn_left: parking_lower_right_bay_active,,,camera_sign_turn_right,camera_sign_turn_left,1.1015625,0.41591736893249037,1.5707963267948966,0.0,175.0,123.0541922588804,1.5707963267948966,175.0,123.65152559221373,1.5707963267948966,0.0,175.0,123.0541922588804,0.14,0.28
69.26736278800126,58025000000,parking_lower_right_bay_active,2.0375600000000005,2.1887526310675103,0.9309229243535989,True,True,False,route/parking_dynamic from camera_sign_turn_left: parking_lower_right_bay_active,,,camera_sign_turn_right,camera_sign_turn_left,1.1015625,0.4300573689324902,1.5707963267948966,0.0,175.0,122.45088559221375,1.5707963267948966,175.0,123.0541922588804,1.5707963267948966,0.0,175.0,122.45088559221375,0.14,0.28
69.36791638900104,58126000000,parking_lower_right_bay_active,2.0517000000000003,2.1887526310675103,0.9373832249829593,True,True,False,route/parking_dynamic from camera_sign_turn_left: parking_lower_right_bay_active,,,camera_sign_turn_right,camera_sign_turn_left,1.1015625,0.44419736893249,1.5707963267948966,0.0,175.0,121.8475789255471,1.5707963267948966,175.0,122.45088559221375,1.5707963267948966,0.0,175.0,121.8475789255471,0.14,0.28
69.56763761000002,58322000000,parking_lower_right_bay_active,2.0791400000000007,2.1887526310675103,0.9499200460062731,True,True,False,route/parking_dynamic from camera_sign_turn_left: parking_lower_right_bay_active,,,camera_sign_turn_right,camera_sign_turn_left,1.1015625,0.47163736893249036,1.5707963267948966,0.0,175.0,120.67680559221374,1.5707963267948966,175.0,121.25621892554709,1.5707963267948966,0.0,175.0,120.67680559221374,0.14,0.28
69.66853552400062,58426000000,parking_lower_right_bay_active,2.0937000000000006,2.1887526310675103,0.9565722367533374,True,True,False,route/parking_dynamic from camera_sign_turn_left: parking_lower_right_bay_active,,,camera_sign_turn_right,camera_sign_turn_left,1.1015625,0.48619736893249027,1.5707963267948966,0.0,175.0,120.05557892554708,1.5707963267948966,175.0,120.67680559221374,1.5707963267948966,0.0,175.0,120.05557892554708,0.14,0.28
69.76845029700053,58526000000,parking_lower_right_bay_active,2.1077000000000004,2.1887526310675103,0.9629685740101299,True,True,False,route/parking_dynamic from camera_sign_turn_left: parking_lower_right_bay_active,,,camera_sign_turn_right,camera_sign_turn_left,1.1015625,0.5001973689324901,1.5707963267948966,0.0,175.0,119.45824559221376,1.5707963267948966,175.0,120.05557892554708,1.5707963267948966,0.0,175.0,119.45824559221376,0.14,0.28
69.96899862200007,58725000000,parking_lower_right_bay_active,2.1355600000000003,2.1887526310675103,0.9756972851511473,True,True,False,route/parking_dynamic from camera_sign_turn_left: parking_lower_right_bay_active,,,camera_sign_turn_right,camera_sign_turn_left,1.1015625,0.5280573689324901,1.5707963267948966,0.0,175.0,118.26955225888042,1.5707963267948966,175.0,118.87285892554708,1.5707963267948966,0.0,175.0,118.26955225888042,0.14,0.28
70.06985374299984,58826000000,parking_lower_right_bay_active,2.1497,2.1887526310675103,0.9821575857805077,True,True,False,route/parking_dynamic from camera_sign_turn_left: parking_lower_right_bay_active,,,camera_sign_turn_right,camera_sign_turn_left,1.1015625,0.5421973689324899,1.5707963267948966,0.0,175.0,117.66624559221376,1.5707963267948966,175.0,118.26955225888042,1.5707963267948966,0.0,175.0,117.66624559221376,0.14,0.28
70.180246756001,58926000000,parking_lower_right_bay_active,2.1637,2.1887526310675103,0.9885539230373003,True,True,False,route/parking_dynamic from camera_sign_turn_left: parking_lower_right_bay_active,,,camera_sign_turn_right,camera_sign_turn_left,1.1015625,0.5561973689324897,1.5707963267948966,0.0,175.0,117.06891225888043,1.5707963267948966,175.0,117.66624559221376,1.5707963267948966,0.0,175.0,117.06891225888043,0.14,0.28
70.27071454900033,59029000000,parking_lower_right_bay_active,2.17812,2.1887526310675103,0.9951421504117965,True,True,False,route/parking_dynamic from camera_sign_turn_left: parking_lower_right_bay_active,,,camera_sign_turn_right,camera_sign_turn_left,1.1015625,0.5706173689324896,1.5707963267948966,0.0,175.0,116.4536589255471,1.5707963267948966,175.0,117.06891225888043,1.5707963267948966,0.0,175.0,116.4536589255471,0.14,0.28
70.37231135900038,59128000000,parking_lower_right_bay_active,2.1887526310675103,2.1887526310675103,1.0,True,True,True,route/terminal_stop: parking_lower_right_bay_active,,,camera_sign_turn_right,camera_sign_turn_left,1.1015625,0.58125,1.5707963267948966,0.0,175.0,116.0,1.5707963267948966,175.0,116.4536589255471,1.5707963267948966,0.0,175.0,116.0,0.0,0.28
70.47167114500007,59232000000,parking_lower_right_bay_active,2.1887526310675103,2.1887526310675103,1.0,True,True,True,route/terminal_stop: parking_lower_right_bay_active,,,camera_sign_turn_right,camera_sign_turn_left,1.1015625,0.58125,1.5707963267948966,0.0,175.0,116.0,1.5707963267948966,175.0,116.0,1.5707963267948966,0.0,175.0,116.0,0.0,0.28
70.67274282500148,59432000000,parking_lower_right_bay_active,2.1887526310675103,2.1887526310675103,1.0,True,True,True,route/terminal_stop: parking_lower_right_bay_active,,,camera_sign_turn_right,camera_sign_turn_left,1.1015625,0.58125,1.5707963267948966,0.0,175.0,116.0,1.5707963267948966,175.0,116.0,1.5707963267948966,0.0,175.0,116.0,0.0,0.28
70.87322205200144,59632000000,parking_lower_right_bay_active,2.1887526310675103,2.1887526310675103,1.0,True,True,True,route/terminal_stop: parking_lower_right_bay_active,,,camera_sign_turn_right,camera_sign_turn_left,1.1015625,0.58125,1.5707963267948966,0.0,175.0,116.0,1.5707963267948966,175.0,116.0,1.5707963267948966,0.0,175.0,116.0,0.0,0.28
70.97385484400002,59734000000,parking_lower_right_bay_active,2.1887526310675103,2.1887526310675103,1.0,True,True,True,route/terminal_stop: parking_lower_right_bay_active,,,camera_sign_turn_right,camera_sign_turn_left,1.1015625,0.58125,1.5707963267948966,0.0,175.0,116.0,1.5707963267948966,175.0,116.0,1.5707963267948966,0.0,175.0,116.0,0.0,0.28
71.17988706700089,59931000000,parking_lower_right_bay_active,2.1887526310675103,2.1887526310675103,1.0,True,True,True,route/terminal_stop: parking_lower_right_bay_active,,,camera_sign_turn_right,camera_sign_turn_left,1.1015625,0.58125,1.5707963267948966,0.0,175.0,116.0,1.5707963267948966,175.0,116.0,1.5707963267948966,0.0,175.0,116.0,0.0,0.28
71.28039664400058,60031000000,parking_lower_right_bay_active,2.1887526310675103,2.1887526310675103,1.0,True,True,True,route/terminal_stop: parking_lower_right_bay_active,,,camera_sign_turn_right,camera_sign_turn_left,1.1015625,0.58125,1.5707963267948966,0.0,175.0,116.0,1.5707963267948966,175.0,116.0,1.5707963267948966,0.0,175.0,116.0,0.0,0.28
71.38340619300106,60134000000,parking_lower_right_bay_active,2.1887526310675103,2.1887526310675103,1.0,True,True,True,route/terminal_stop: parking_lower_right_bay_active,,,camera_sign_turn_right,camera_sign_turn_left,1.1015625,0.58125,1.5707963267948966,0.0,175.0,116.0,1.5707963267948966,175.0,116.0,1.5707963267948966,0.0,175.0,116.0,0.0,0.28
71.47791696600143,60235000000,parking_lower_right_bay_active,2.1887526310675103,2.1887526310675103,1.0,True,True,True,route/terminal_stop: parking_lower_right_bay_active,,,camera_sign_turn_right,camera_sign_turn_left,1.1015625,0.58125,1.5707963267948966,0.0,175.0,116.0,1.5707963267948966,175.0,116.0,1.5707963267948966,0.0,175.0,116.0,0.0,0.28
71.67755459600085,60432000000,parking_lower_right_bay_active,2.1887526310675103,2.1887526310675103,1.0,True,True,True,route/terminal_stop: parking_lower_right_bay_active,,,camera_sign_turn_right,camera_sign_turn_left,1.1015625,0.58125,1.5707963267948966,0.0,175.0,116.0,1.5707963267948966,175.0,116.0,1.5707963267948966,0.0,175.0,116.0,0.0,0.28
71.77775386700159,60533000000,parking_lower_right_bay_active,2.1887526310675103,2.1887526310675103,1.0,True,True,True,route/terminal_stop: parking_lower_right_bay_active,,,camera_sign_turn_right,camera_sign_turn_left,1.1015625,0.58125,1.5707963267948966,0.0,175.0,116.0,1.5707963267948966,175.0,116.0,1.5707963267948966,0.0,175.0,116.0,0.0,0.28
71.99718322199988,60727000000,parking_lower_right_bay_active,2.1887526310675103,2.1887526310675103,1.0,True,True,True,route/terminal_stop: parking_lower_right_bay_active,,,camera_sign_turn_right,camera_sign_turn_left,1.1015625,0.58125,1.5707963267948966,0.0,175.0,116.0,1.5707963267948966,175.0,116.0,1.5707963267948966,0.0,175.0,116.0,0.0,0.28
72.08039468900097,60834000000,parking_lower_right_bay_active,2.1887526310675103,2.1887526310675103,1.0,True,True,True,route/terminal_stop: parking_lower_right_bay_active,,,camera_sign_turn_right,camera_sign_turn_left,1.1015625,0.58125,1.5707963267948966,0.0,175.0,116.0,1.5707963267948966,175.0,116.0,1.5707963267948966,0.0,175.0,116.0,0.0,0.28
72.28174956800103,61038000000,parking_lower_right_bay_active,2.1887526310675103,2.1887526310675103,1.0,True,True,True,route/terminal_stop: parking_lower_right_bay_active,,,camera_sign_turn_right,camera_sign_turn_left,1.1015625,0.58125,1.5707963267948966,0.0,175.0,116.0,1.5707963267948966,175.0,116.0,1.5707963267948966,0.0,175.0,116.0,0.0,0.28
72.49968230200102,61236000000,parking_lower_right_bay_active,2.1887526310675103,2.1887526310675103,1.0,True,True,True,route/terminal_stop: parking_lower_right_bay_active,,,camera_sign_turn_right,camera_sign_turn_left,1.1015625,0.58125,1.5707963267948966,0.0,175.0,116.0,1.5707963267948966,175.0,116.0,1.5707963267948966,0.0,175.0,116.0,0.0,0.28
72.59032147300059,61339000000,parking_lower_right_bay_active,2.1887526310675103,2.1887526310675103,1.0,True,True,True,route/terminal_stop: parking_lower_right_bay_active,,,camera_sign_turn_right,camera_sign_turn_left,1.1015625,0.58125,1.5707963267948966,0.0,175.0,116.0,1.5707963267948966,175.0,116.0,1.5707963267948966,0.0,175.0,116.0,0.0,0.28
72.79229386200132,61537000000,parking_lower_right_bay_active,2.1887526310675103,2.1887526310675103,1.0,True,True,True,route/terminal_stop: parking_lower_right_bay_active,,,camera_sign_turn_right,camera_sign_turn_left,1.1015625,0.58125,1.5707963267948966,0.0,175.0,116.0,1.5707963267948966,175.0,116.0,1.5707963267948966,0.0,175.0,116.0,0.0,0.28
72.98461076600142,61739000000,parking_lower_right_bay_active,2.1887526310675103,2.1887526310675103,1.0,True,True,True,route/terminal_stop: parking_lower_right_bay_active,,,camera_sign_turn_right,camera_sign_turn_left,1.1015625,0.58125,1.5707963267948966,0.0,175.0,116.0,1.5707963267948966,175.0,116.0,1.5707963267948966,0.0,175.0,116.0,0.0,0.28
73.1851847400012,61937000000,parking_lower_right_bay_active,2.1887526310675103,2.1887526310675103,1.0,True,True,True,route/terminal_stop: parking_lower_right_bay_active,,,camera_sign_turn_right,camera_sign_turn_left,1.1015625,0.58125,1.5707963267948966,0.0,175.0,116.0,1.5707963267948966,175.0,116.0,1.5707963267948966,0.0,175.0,116.0,0.0,0.28
73.28771845900155,62039000000,parking_lower_right_bay_active,2.1887526310675103,2.1887526310675103,1.0,True,True,True,route/terminal_stop: parking_lower_right_bay_active,,,camera_sign_turn_right,camera_sign_turn_left,1.1015625,0.58125,1.5707963267948966,0.0,175.0,116.0,1.5707963267948966,175.0,116.0,1.5707963267948966,0.0,175.0,116.0,0.0,0.28
73.48665744000027,62242000000,parking_lower_right_bay_active,2.1887526310675103,2.1887526310675103,1.0,True,True,True,route/terminal_stop: parking_lower_right_bay_active,,,camera_sign_speed_limit,camera_sign_turn_left,1.1015625,0.58125,1.5707963267948966,0.0,175.0,116.0,1.5707963267948966,175.0,116.0,1.5707963267948966,0.0,175.0,116.0,0.0,0.28
73.68924093400165,62434000000,parking_lower_right_bay_active,2.1887526310675103,2.1887526310675103,1.0,True,True,True,route/terminal_stop: parking_lower_right_bay_active,,,camera_sign_speed_limit,camera_sign_turn_left,1.1015625,0.58125,1.5707963267948966,0.0,175.0,116.0,1.5707963267948966,175.0,116.0,1.5707963267948966,0.0,175.0,116.0,0.0,0.28
73.79799888000161,62539000000,parking_lower_right_bay_active,2.1887526310675103,2.1887526310675103,1.0,True,True,True,route/terminal_stop: parking_lower_right_bay_active,,,camera_sign_speed_limit,camera_sign_turn_left,1.1015625,0.58125,1.5707963267948966,0.0,175.0,116.0,1.5707963267948966,175.0,116.0,1.5707963267948966,0.0,175.0,116.0,0.0,0.28
73.89383032100159,62642000000,parking_lower_right_bay_active,2.1887526310675103,2.1887526310675103,1.0,True,True,True,route/terminal_stop: parking_lower_right_bay_active,,,camera_sign_speed_limit,camera_sign_turn_left,1.1015625,0.58125,1.5707963267948966,0.0,175.0,116.0,1.5707963267948966,175.0,116.0,1.5707963267948966,0.0,175.0,116.0,0.0,0.28
73.98885402800079,62744000000,parking_lower_right_bay_active,2.1887526310675103,2.1887526310675103,1.0,True,True,True,route/terminal_stop: parking_lower_right_bay_active,,,camera_sign_speed_limit,camera_sign_turn_left,1.1015625,0.58125,1.5707963267948966,0.0,175.0,116.0,1.5707963267948966,175.0,116.0,1.5707963267948966,0.0,175.0,116.0,0.0,0.28
74.10099576300127,62844000000,parking_lower_right_bay_active,2.1887526310675103,2.1887526310675103,1.0,True,True,True,route/terminal_stop: parking_lower_right_bay_active,,,camera_sign_speed_limit,camera_sign_turn_left,1.1015625,0.58125,1.5707963267948966,0.0,175.0,116.0,1.5707963267948966,175.0,116.0,1.5707963267948966,0.0,175.0,116.0,0.0,0.28
74.19076813200081,62945000000,parking_lower_right_bay_active,2.1887526310675103,2.1887526310675103,1.0,True,True,True,route/terminal_stop: parking_lower_right_bay_active,,,camera_sign_speed_limit,camera_sign_turn_left,1.1015625,0.58125,1.5707963267948966,0.0,175.0,116.0,1.5707963267948966,175.0,116.0,1.5707963267948966,0.0,175.0,116.0,0.0,0.28
74.39109490800001,63145000000,parking_lower_right_bay_active,2.1887526310675103,2.1887526310675103,1.0,True,True,True,route/terminal_stop: parking_lower_right_bay_active,,,camera_sign_speed_limit,camera_sign_turn_left,1.1015625,0.58125,1.5707963267948966,0.0,175.0,116.0,1.5707963267948966,175.0,116.0,1.5707963267948966,0.0,175.0,116.0,0.0,0.28
74.49135472400121,63245000000,parking_lower_right_bay_active,2.1887526310675103,2.1887526310675103,1.0,True,True,True,route/terminal_stop: parking_lower_right_bay_active,,,camera_sign_speed_limit,camera_sign_turn_left,1.1015625,0.58125,1.5707963267948966,0.0,175.0,116.0,1.5707963267948966,175.0,116.0,1.5707963267948966,0.0,175.0,116.0,0.0,0.28
74.59215077200133,63345000000,parking_lower_right_bay_active,2.1887526310675103,2.1887526310675103,1.0,True,True,True,route/terminal_stop: parking_lower_right_bay_active,,,camera_sign_speed_limit,camera_sign_turn_left,1.1015625,0.58125,1.5707963267948966,0.0,175.0,116.0,1.5707963267948966,175.0,116.0,1.5707963267948966,0.0,175.0,116.0,0.0,0.28
74.70461509800043,63447000000,parking_lower_right_bay_active,2.1887526310675103,2.1887526310675103,1.0,True,True,True,route/terminal_stop: parking_lower_right_bay_active,,,camera_sign_speed_limit,camera_sign_turn_left,1.1015625,0.58125,1.5707963267948966,0.0,175.0,116.0,1.5707963267948966,175.0,116.0,1.5707963267948966,0.0,175.0,116.0,0.0,0.28
74.79372985300142,63547000000,parking_lower_right_bay_active,2.1887526310675103,2.1887526310675103,1.0,True,True,True,route/terminal_stop: parking_lower_right_bay_active,,,camera_sign_speed_limit,camera_sign_turn_left,1.1015625,0.58125,1.5707963267948966,0.0,175.0,116.0,1.5707963267948966,175.0,116.0,1.5707963267948966,0.0,175.0,116.0,0.0,0.28
74.89380740500019,63647000000,parking_lower_right_bay_active,2.1887526310675103,2.1887526310675103,1.0,True,True,True,route/terminal_stop: parking_lower_right_bay_active,,,camera_sign_speed_limit,camera_sign_turn_left,1.1015625,0.58125,1.5707963267948966,0.0,175.0,116.0,1.5707963267948966,175.0,116.0,1.5707963267948966,0.0,175.0,116.0,0.0,0.28
74.99507760800043,63748000000,parking_lower_right_bay_active,2.1887526310675103,2.1887526310675103,1.0,True,True,True,route/terminal_stop: parking_lower_right_bay_active,,,camera_sign_speed_limit,camera_sign_turn_left,1.1015625,0.58125,1.5707963267948966,0.0,175.0,116.0,1.5707963267948966,175.0,116.0,1.5707963267948966,0.0,175.0,116.0,0.0,0.28
75.19593594900107,63947000000,parking_lower_right_bay_active,2.1887526310675103,2.1887526310675103,1.0,True,True,True,route/terminal_stop: parking_lower_right_bay_active,,,camera_sign_speed_limit,camera_sign_turn_left,1.1015625,0.58125,1.5707963267948966,0.0,175.0,116.0,1.5707963267948966,175.0,116.0,1.5707963267948966,0.0,175.0,116.0,0.0,0.28
75.4075518460013,64146000000,parking_lower_right_bay_active,2.1887526310675103,2.1887526310675103,1.0,True,True,True,route/terminal_stop: parking_lower_right_bay_active,,,camera_sign_speed_limit,camera_sign_turn_left,1.1015625,0.58125,1.5707963267948966,0.0,175.0,116.0,1.5707963267948966,175.0,116.0,1.5707963267948966,0.0,175.0,116.0,0.0,0.28
75.499026589001,64247000000,parking_lower_right_bay_active,2.1887526310675103,2.1887526310675103,1.0,True,True,True,route/terminal_stop: parking_lower_right_bay_active,,,camera_sign_speed_limit,camera_sign_turn_left,1.1015625,0.58125,1.5707963267948966,0.0,175.0,116.0,1.5707963267948966,175.0,116.0,1.5707963267948966,0.0,175.0,116.0,0.0,0.28
75.5972853660005,64347000000,parking_lower_right_bay_active,2.1887526310675103,2.1887526310675103,1.0,True,True,True,route/terminal_stop: parking_lower_right_bay_active,,,camera_sign_speed_limit,camera_sign_turn_left,1.1015625,0.58125,1.5707963267948966,0.0,175.0,116.0,1.5707963267948966,175.0,116.0,1.5707963267948966,0.0,175.0,116.0,0.0,0.28
75.69763239500026,64450000000,parking_lower_right_bay_active,2.1887526310675103,2.1887526310675103,1.0,True,True,True,route/terminal_stop: parking_lower_right_bay_active,,,camera_sign_speed_limit,camera_sign_turn_left,1.1015625,0.58125,1.5707963267948966,0.0,175.0,116.0,1.5707963267948966,175.0,116.0,1.5707963267948966,0.0,175.0,116.0,0.0,0.28
75.80411817700042,64550000000,parking_lower_right_bay_active,2.1887526310675103,2.1887526310675103,1.0,True,True,True,route/terminal_stop: parking_lower_right_bay_active,,,camera_sign_speed_limit,camera_sign_turn_left,1.1015625,0.58125,1.5707963267948966,0.0,175.0,116.0,1.5707963267948966,175.0,116.0,1.5707963267948966,0.0,175.0,116.0,0.0,0.28
75.8995971150016,64650000000,parking_lower_right_bay_active,2.1887526310675103,2.1887526310675103,1.0,True,True,True,route/terminal_stop: parking_lower_right_bay_active,,,camera_sign_speed_limit,camera_sign_turn_left,1.1015625,0.58125,1.5707963267948966,0.0,175.0,116.0,1.5707963267948966,175.0,116.0,1.5707963267948966,0.0,175.0,116.0,0.0,0.28
76.1009585060001,64853000000,parking_lower_right_bay_active,2.1887526310675103,2.1887526310675103,1.0,True,True,True,route/terminal_stop: parking_lower_right_bay_active,,,camera_sign_speed_limit,camera_sign_turn_left,1.1015625,0.58125,1.5707963267948966,0.0,175.0,116.0,1.5707963267948966,175.0,116.0,1.5707963267948966,0.0,175.0,116.0,0.0,0.28
76.20427748900147,64956000000,parking_lower_right_bay_active,2.1887526310675103,2.1887526310675103,1.0,True,True,True,route/terminal_stop: parking_lower_right_bay_active,,,camera_sign_speed_limit,camera_sign_turn_left,1.1015625,0.58125,1.5707963267948966,0.0,175.0,116.0,1.5707963267948966,175.0,116.0,1.5707963267948966,0.0,175.0,116.0,0.0,0.28
76.42142324000088,65151000000,parking_lower_right_bay_active,2.1887526310675103,2.1887526310675103,1.0,True,True,True,route/terminal_stop: parking_lower_right_bay_active,,,camera_sign_speed_limit,camera_sign_turn_left,1.1015625,0.58125,1.5707963267948966,0.0,175.0,116.0,1.5707963267948966,175.0,116.0,1.5707963267948966,0.0,175.0,116.0,0.0,0.28
76.50452484000016,65254000000,parking_lower_right_bay_active,2.1887526310675103,2.1887526310675103,1.0,True,True,True,route/terminal_stop: parking_lower_right_bay_active,,,camera_sign_speed_limit,camera_sign_turn_left,1.1015625,0.58125,1.5707963267948966,0.0,175.0,116.0,1.5707963267948966,175.0,116.0,1.5707963267948966,0.0,175.0,116.0,0.0,0.28
76.60803611600022,65354000000,parking_lower_right_bay_active,2.1887526310675103,2.1887526310675103,1.0,True,True,True,route/terminal_stop: parking_lower_right_bay_active,,,camera_sign_speed_limit,camera_sign_turn_left,1.1015625,0.58125,1.5707963267948966,0.0,175.0,116.0,1.5707963267948966,175.0,116.0,1.5707963267948966,0.0,175.0,116.0,0.0,0.28
76.70564764900155,65455000000,parking_lower_right_bay_active,2.1887526310675103,2.1887526310675103,1.0,True,True,True,route/terminal_stop: parking_lower_right_bay_active,,,camera_sign_speed_limit,camera_sign_turn_left,1.1015625,0.58125,1.5707963267948966,0.0,175.0,116.0,1.5707963267948966,175.0,116.0,1.5707963267948966,0.0,175.0,116.0,0.0,0.28
76.90711037200163,65651000000,parking_lower_right_bay_active,2.1887526310675103,2.1887526310675103,1.0,True,True,True,route/terminal_stop: parking_lower_right_bay_active,,,camera_sign_speed_limit,camera_sign_turn_left,1.1015625,0.58125,1.5707963267948966,0.0,175.0,116.0,1.5707963267948966,175.0,116.0,1.5707963267948966,0.0,175.0,116.0,0.0,0.28
77.00733319700157,65755000000,parking_lower_right_bay_active,2.1887526310675103,2.1887526310675103,1.0,True,True,True,route/terminal_stop: parking_lower_right_bay_active,,,camera_sign_speed_limit,camera_sign_turn_left,1.1015625,0.58125,1.5707963267948966,0.0,175.0,116.0,1.5707963267948966,175.0,116.0,1.5707963267948966,0.0,175.0,116.0,0.0,0.28
77.1084958850006,65856000000,parking_lower_right_bay_active,2.1887526310675103,2.1887526310675103,1.0,True,True,True,route/terminal_stop: parking_lower_right_bay_active,,,camera_sign_speed_limit,camera_sign_turn_left,1.1015625,0.58125,1.5707963267948966,0.0,175.0,116.0,1.5707963267948966,175.0,116.0,1.5707963267948966,0.0,175.0,116.0,0.0,0.28
77.21069866800099,65958000000,parking_lower_right_bay_active,2.1887526310675103,2.1887526310675103,1.0,True,True,True,route/terminal_stop: parking_lower_right_bay_active,,,camera_sign_speed_limit,camera_sign_turn_left,1.1015625,0.58125,1.5707963267948966,0.0,175.0,116.0,1.5707963267948966,175.0,116.0,1.5707963267948966,0.0,175.0,116.0,0.0,0.28
77.31082120800056,66059000000,parking_lower_right_bay_active,2.1887526310675103,2.1887526310675103,1.0,True,True,True,route/terminal_stop: parking_lower_right_bay_active,,,camera_sign_speed_limit,camera_sign_turn_left,1.1015625,0.58125,1.5707963267948966,0.0,175.0,116.0,1.5707963267948966,175.0,116.0,1.5707963267948966,0.0,175.0,116.0,0.0,0.28
77.41792576100124,66160000000,parking_lower_right_bay_active,2.1887526310675103,2.1887526310675103,1.0,True,True,True,route/terminal_stop: parking_lower_right_bay_active,,,camera_sign_speed_limit,camera_sign_turn_left,1.1015625,0.58125,1.5707963267948966,0.0,175.0,116.0,1.5707963267948966,175.0,116.0,1.5707963267948966,0.0,175.0,116.0,0.0,0.28
77.61233795600128,66357000000,parking_lower_right_bay_active,2.1887526310675103,2.1887526310675103,1.0,True,True,True,route/terminal_stop: parking_lower_right_bay_active,,,camera_sign_speed_limit,camera_sign_turn_left,1.1015625,0.58125,1.5707963267948966,0.0,175.0,116.0,1.5707963267948966,175.0,116.0,1.5707963267948966,0.0,175.0,116.0,0.0,0.28
77.71283169300114,66461000000,parking_lower_right_bay_active,2.1887526310675103,2.1887526310675103,1.0,True,True,True,route/terminal_stop: parking_lower_right_bay_active,,,camera_sign_speed_limit,camera_sign_turn_left,1.1015625,0.58125,1.5707963267948966,0.0,175.0,116.0,1.5707963267948966,175.0,116.0,1.5707963267948966,0.0,175.0,116.0,0.0,0.28
77.8285988960015,66565000000,parking_lower_right_bay_active,2.1887526310675103,2.1887526310675103,1.0,True,True,True,route/terminal_stop: parking_lower_right_bay_active,,,camera_sign_speed_limit,camera_sign_turn_left,1.1015625,0.58125,1.5707963267948966,0.0,175.0,116.0,1.5707963267948966,175.0,116.0,1.5707963267948966,0.0,175.0,116.0,0.0,0.28
78.01427202600098,66760000000,parking_lower_right_bay_active,2.1887526310675103,2.1887526310675103,1.0,True,True,True,route/terminal_stop: parking_lower_right_bay_active,,,camera_sign_speed_limit,camera_sign_turn_left,1.1015625,0.58125,1.5707963267948966,0.0,175.0,116.0,1.5707963267948966,175.0,116.0,1.5707963267948966,0.0,175.0,116.0,0.0,0.28
78.12345326100149,66862000000,parking_lower_right_bay_active,2.1887526310675103,2.1887526310675103,1.0,True,True,True,route/terminal_stop: parking_lower_right_bay_active,,,camera_sign_speed_limit,camera_sign_turn_left,1.1015625,0.58125,1.5707963267948966,0.0,175.0,116.0,1.5707963267948966,175.0,116.0,1.5707963267948966,0.0,175.0,116.0,0.0,0.28
78.21542714600037,66962000000,parking_lower_right_bay_active,2.1887526310675103,2.1887526310675103,1.0,True,True,True,route/terminal_stop: parking_lower_right_bay_active,,,camera_sign_speed_limit,camera_sign_turn_left,1.1015625,0.58125,1.5707963267948966,0.0,175.0,116.0,1.5707963267948966,175.0,116.0,1.5707963267948966,0.0,175.0,116.0,0.0,0.28
78.32113000100071,67064000000,parking_lower_right_bay_active,2.1887526310675103,2.1887526310675103,1.0,True,True,True,route/terminal_stop: parking_lower_right_bay_active,,,camera_sign_speed_limit,camera_sign_turn_left,1.1015625,0.58125,1.5707963267948966,0.0,175.0,116.0,1.5707963267948966,175.0,116.0,1.5707963267948966,0.0,175.0,116.0,0.0,0.28
78.41736090700033,67166000000,parking_lower_right_bay_active,2.1887526310675103,2.1887526310675103,1.0,True,True,True,route/terminal_stop: parking_lower_right_bay_active,,,camera_sign_speed_limit,camera_sign_turn_left,1.1015625,0.58125,1.5707963267948966,0.0,175.0,116.0,1.5707963267948966,175.0,116.0,1.5707963267948966,0.0,175.0,116.0,0.0,0.28
78.61808419200133,67364000000,parking_lower_right_bay_active,2.1887526310675103,2.1887526310675103,1.0,True,True,True,route/terminal_stop: parking_lower_right_bay_active,,,camera_sign_speed_limit,camera_sign_turn_left,1.1015625,0.58125,1.5707963267948966,0.0,175.0,116.0,1.5707963267948966,175.0,116.0,1.5707963267948966,0.0,175.0,116.0,0.0,0.28
78.72018255000148,67466000000,parking_lower_right_bay_active,2.1887526310675103,2.1887526310675103,1.0,True,True,True,route/terminal_stop: parking_lower_right_bay_active,,,camera_sign_speed_limit,camera_sign_turn_left,1.1015625,0.58125,1.5707963267948966,0.0,175.0,116.0,1.5707963267948966,175.0,116.0,1.5707963267948966,0.0,175.0,116.0,0.0,0.28
78.9211043890009,67667000000,parking_lower_right_bay_active,2.1887526310675103,2.1887526310675103,1.0,True,True,True,route/terminal_stop: parking_lower_right_bay_active,,,camera_sign_speed_limit,camera_sign_turn_left,1.1015625,0.58125,1.5707963267948966,0.0,175.0,116.0,1.5707963267948966,175.0,116.0,1.5707963267948966,0.0,175.0,116.0,0.0,0.28
79.01990389300045,67768000000,parking_lower_right_bay_active,2.1887526310675103,2.1887526310675103,1.0,True,True,True,route/terminal_stop: parking_lower_right_bay_active,,,camera_sign_speed_limit,camera_sign_turn_left,1.1015625,0.58125,1.5707963267948966,0.0,175.0,116.0,1.5707963267948966,175.0,116.0,1.5707963267948966,0.0,175.0,116.0,0.0,0.28
79.22122272600063,67970000000,parking_lower_right_bay_active,2.1887526310675103,2.1887526310675103,1.0,True,True,True,route/terminal_stop: parking_lower_right_bay_active,,,camera_sign_speed_limit,camera_sign_turn_left,1.1015625,0.58125,1.5707963267948966,0.0,175.0,116.0,1.5707963267948966,175.0,116.0,1.5707963267948966,0.0,175.0,116.0,0.0,0.28
79.42189853000127,68170000000,parking_lower_right_bay_active,2.1887526310675103,2.1887526310675103,1.0,True,True,True,route/terminal_stop: parking_lower_right_bay_active,,,camera_sign_speed_limit,camera_sign_turn_left,1.1015625,0.58125,1.5707963267948966,0.0,175.0,116.0,1.5707963267948966,175.0,116.0,1.5707963267948966,0.0,175.0,116.0,0.0,0.28
79.5229295220015,68272000000,parking_lower_right_bay_active,2.1887526310675103,2.1887526310675103,1.0,True,True,True,route/terminal_stop: parking_lower_right_bay_active,,,camera_sign_speed_limit,camera_sign_turn_left,1.1015625,0.58125,1.5707963267948966,0.0,175.0,116.0,1.5707963267948966,175.0,116.0,1.5707963267948966,0.0,175.0,116.0,0.0,0.28
79.72482148400013,68471000000,parking_lower_right_bay_active,2.1887526310675103,2.1887526310675103,1.0,True,True,True,route/terminal_stop: parking_lower_right_bay_active,,,camera_sign_speed_limit,camera_sign_turn_left,1.1015625,0.58125,1.5707963267948966,0.0,175.0,116.0,1.5707963267948966,175.0,116.0,1.5707963267948966,0.0,175.0,116.0,0.0,0.28
79.83517023100103,68571000000,parking_lower_right_bay_active,2.1887526310675103,2.1887526310675103,1.0,True,True,True,route/terminal_stop: parking_lower_right_bay_active,,,camera_sign_speed_limit,camera_sign_turn_left,1.1015625,0.58125,1.5707963267948966,0.0,175.0,116.0,1.5707963267948966,175.0,116.0,1.5707963267948966,0.0,175.0,116.0,0.0,0.28
79.93696114000159,68674000000,parking_lower_right_bay_active,2.1887526310675103,2.1887526310675103,1.0,True,True,True,route/terminal_stop: parking_lower_right_bay_active,,,camera_sign_speed_limit,camera_sign_turn_left,1.1015625,0.58125,1.5707963267948966,0.0,175.0,116.0,1.5707963267948966,175.0,116.0,1.5707963267948966,0.0,175.0,116.0,0.0,0.28
80.02638168400154,68775000000,parking_lower_right_bay_active,2.1887526310675103,2.1887526310675103,1.0,True,True,True,route/terminal_stop: parking_lower_right_bay_active,,,camera_sign_speed_limit,camera_sign_turn_left,1.1015625,0.58125,1.5707963267948966,0.0,175.0,116.0,1.5707963267948966,175.0,116.0,1.5707963267948966,0.0,175.0,116.0,0.0,0.28
80.22700337600145,68973000000,parking_lower_right_bay_active,2.1887526310675103,2.1887526310675103,1.0,True,True,True,route/terminal_stop: parking_lower_right_bay_active,,,camera_sign_speed_limit,camera_sign_turn_left,1.1015625,0.58125,1.5707963267948966,0.0,175.0,116.0,1.5707963267948966,175.0,116.0,1.5707963267948966,0.0,175.0,116.0,0.0,0.28
80.32692029100144,69073000000,parking_lower_right_bay_active,2.1887526310675103,2.1887526310675103,1.0,True,True,True,route/terminal_stop: parking_lower_right_bay_active,,,camera_sign_speed_limit,camera_sign_turn_left,1.1015625,0.58125,1.5707963267948966,0.0,175.0,116.0,1.5707963267948966,175.0,116.0,1.5707963267948966,0.0,175.0,116.0,0.0,0.28
80.42902603500079,69173000000,parking_lower_right_bay_active,2.1887526310675103,2.1887526310675103,1.0,True,True,True,route/terminal_stop: parking_lower_right_bay_active,,,camera_sign_speed_limit,camera_sign_turn_left,1.1015625,0.58125,1.5707963267948966,0.0,175.0,116.0,1.5707963267948966,175.0,116.0,1.5707963267948966,0.0,175.0,116.0,0.0,0.28
80.52807904800102,69273000000,parking_lower_right_bay_active,2.1887526310675103,2.1887526310675103,1.0,True,True,True,route/terminal_stop: parking_lower_right_bay_active,,,camera_sign_speed_limit,camera_sign_turn_left,1.1015625,0.58125,1.5707963267948966,0.0,175.0,116.0,1.5707963267948966,175.0,116.0,1.5707963267948966,0.0,175.0,116.0,0.0,0.28
80.72911590700096,69467000000,parking_lower_right_bay_active,2.1887526310675103,2.1887526310675103,1.0,True,True,True,route/terminal_stop: parking_lower_right_bay_active,,,camera_sign_speed_limit,camera_sign_turn_left,1.1015625,0.58125,1.5707963267948966,0.0,175.0,116.0,1.5707963267948966,175.0,116.0,1.5707963267948966,0.0,175.0,116.0,0.0,0.28
80.82947419800075,69568000000,parking_lower_right_bay_active,2.1887526310675103,2.1887526310675103,1.0,True,True,True,route/terminal_stop: parking_lower_right_bay_active,,,camera_sign_speed_limit,camera_sign_turn_left,1.1015625,0.58125,1.5707963267948966,0.0,175.0,116.0,1.5707963267948966,175.0,116.0,1.5707963267948966,0.0,175.0,116.0,0.0,0.28
80.93030456100132,69671000000,parking_lower_right_bay_active,2.1887526310675103,2.1887526310675103,1.0,True,True,True,route/terminal_stop: parking_lower_right_bay_active,,,camera_sign_speed_limit,camera_sign_turn_left,1.1015625,0.58125,1.5707963267948966,0.0,175.0,116.0,1.5707963267948966,175.0,116.0,1.5707963267948966,0.0,175.0,116.0,0.0,0.28
81.03058043200144,69773000000,parking_lower_right_bay_active,2.1887526310675103,2.1887526310675103,1.0,True,True,True,route/terminal_stop: parking_lower_right_bay_active,,,camera_sign_speed_limit,camera_sign_turn_left,1.1015625,0.58125,1.5707963267948966,0.0,175.0,116.0,1.5707963267948966,175.0,116.0,1.5707963267948966,0.0,175.0,116.0,0.0,0.28
81.2316361789999,69974000000,parking_lower_right_bay_active,2.1887526310675103,2.1887526310675103,1.0,True,True,True,route/terminal_stop: parking_lower_right_bay_active,,,camera_sign_speed_limit,camera_sign_turn_left,1.1015625,0.58125,1.5707963267948966,0.0,175.0,116.0,1.5707963267948966,175.0,116.0,1.5707963267948966,0.0,175.0,116.0,0.0,0.28
81.33872052200059,70076000000,parking_lower_right_bay_active,2.1887526310675103,2.1887526310675103,1.0,True,True,True,route/terminal_stop: parking_lower_right_bay_active,,,camera_sign_speed_limit,camera_sign_turn_left,1.1015625,0.58125,1.5707963267948966,0.0,175.0,116.0,1.5707963267948966,175.0,116.0,1.5707963267948966,0.0,175.0,116.0,0.0,0.28
81.43264292800086,70177000000,parking_lower_right_bay_active,2.1887526310675103,2.1887526310675103,1.0,True,True,True,route/terminal_stop: parking_lower_right_bay_active,,,camera_sign_turn_right,camera_sign_turn_left,1.1015625,0.58125,1.5707963267948966,0.0,175.0,116.0,1.5707963267948966,175.0,116.0,1.5707963267948966,0.0,175.0,116.0,0.0,0.28
81.53301183900112,70279000000,parking_lower_right_bay_active,2.1887526310675103,2.1887526310675103,1.0,True,True,True,route/terminal_stop: parking_lower_right_bay_active,,,camera_sign_turn_right,camera_sign_turn_left,1.1015625,0.58125,1.5707963267948966,0.0,175.0,116.0,1.5707963267948966,175.0,116.0,1.5707963267948966,0.0,175.0,116.0,0.0,0.28
81.73351160099992,70475000000,parking_lower_right_bay_active,2.1887526310675103,2.1887526310675103,1.0,True,True,True,route/terminal_stop: parking_lower_right_bay_active,,,camera_sign_turn_right,camera_sign_turn_left,1.1015625,0.58125,1.5707963267948966,0.0,175.0,116.0,1.5707963267948966,175.0,116.0,1.5707963267948966,0.0,175.0,116.0,0.0,0.28
81.83409052800016,70575000000,parking_lower_right_bay_active,2.1887526310675103,2.1887526310675103,1.0,True,True,True,route/terminal_stop: parking_lower_right_bay_active,,,camera_sign_turn_right,camera_sign_turn_left,1.1015625,0.58125,1.5707963267948966,0.0,175.0,116.0,1.5707963267948966,175.0,116.0,1.5707963267948966,0.0,175.0,116.0,0.0,0.28
81.93456106700069,70675000000,parking_lower_right_bay_active,2.1887526310675103,2.1887526310675103,1.0,True,True,True,route/terminal_stop: parking_lower_right_bay_active,,,camera_sign_turn_right,camera_sign_turn_left,1.1015625,0.58125,1.5707963267948966,0.0,175.0,116.0,1.5707963267948966,175.0,116.0,1.5707963267948966,0.0,175.0,116.0,0.0,0.28
82.03549038600067,70775000000,parking_lower_right_bay_active,2.1887526310675103,2.1887526310675103,1.0,True,True,True,route/terminal_stop: parking_lower_right_bay_active,,,camera_sign_turn_right,camera_sign_turn_left,1.1015625,0.58125,1.5707963267948966,0.0,175.0,116.0,1.5707963267948966,175.0,116.0,1.5707963267948966,0.0,175.0,116.0,0.0,0.28
82.13528632999987,70879000000,parking_lower_right_bay_active,2.1887526310675103,2.1887526310675103,1.0,True,True,True,route/terminal_stop: parking_lower_right_bay_active,,,camera_sign_turn_right,camera_sign_turn_left,1.1015625,0.58125,1.5707963267948966,0.0,175.0,116.0,1.5707963267948966,175.0,116.0,1.5707963267948966,0.0,175.0,116.0,0.0,0.28
82.33721343700017,71077000000,parking_lower_right_bay_active,2.1887526310675103,2.1887526310675103,1.0,True,True,True,route/terminal_stop: parking_lower_right_bay_active,,,camera_sign_turn_right,camera_sign_turn_left,1.1015625,0.58125,1.5707963267948966,0.0,175.0,116.0,1.5707963267948966,175.0,116.0,1.5707963267948966,0.0,175.0,116.0,0.0,0.28
82.55355257400151,71277000000,parking_lower_right_bay_active,2.1887526310675103,2.1887526310675103,1.0,True,True,True,route/terminal_stop: parking_lower_right_bay_active,,,camera_sign_turn_right,camera_sign_turn_left,1.1015625,0.58125,1.5707963267948966,0.0,175.0,116.0,1.5707963267948966,175.0,116.0,1.5707963267948966,0.0,175.0,116.0,0.0,0.28
82.63911027300128,71377000000,parking_lower_right_bay_active,2.1887526310675103,2.1887526310675103,1.0,True,True,True,route/terminal_stop: parking_lower_right_bay_active,,,camera_sign_turn_right,camera_sign_turn_left,1.1015625,0.58125,1.5707963267948966,0.0,175.0,116.0,1.5707963267948966,175.0,116.0,1.5707963267948966,0.0,175.0,116.0,0.0,0.28
82.74030645600033,71479000000,parking_lower_right_bay_active,2.1887526310675103,2.1887526310675103,1.0,True,True,True,route/terminal_stop: parking_lower_right_bay_active,,,camera_sign_turn_right,camera_sign_turn_left,1.1015625,0.58125,1.5707963267948966,0.0,175.0,116.0,1.5707963267948966,175.0,116.0,1.5707963267948966,0.0,175.0,116.0,0.0,0.28
82.84134667200124,71579000000,parking_lower_right_bay_active,2.1887526310675103,2.1887526310675103,1.0,True,True,True,route/terminal_stop: parking_lower_right_bay_active,,,camera_sign_turn_right,camera_sign_turn_left,1.1015625,0.58125,1.5707963267948966,0.0,175.0,116.0,1.5707963267948966,175.0,116.0,1.5707963267948966,0.0,175.0,116.0,0.0,0.28
82.94279349600038,71681000000,parking_lower_right_bay_active,2.1887526310675103,2.1887526310675103,1.0,True,True,True,route/terminal_stop: parking_lower_right_bay_active,,,camera_sign_turn_right,camera_sign_turn_left,1.1015625,0.58125,1.5707963267948966,0.0,175.0,116.0,1.5707963267948966,175.0,116.0,1.5707963267948966,0.0,175.0,116.0,0.0,0.28
83.04269569100143,71781000000,parking_lower_right_bay_active,2.1887526310675103,2.1887526310675103,1.0,True,True,True,route/terminal_stop: parking_lower_right_bay_active,,,camera_sign_turn_right,camera_sign_turn_left,1.1015625,0.58125,1.5707963267948966,0.0,175.0,116.0,1.5707963267948966,175.0,116.0,1.5707963267948966,0.0,175.0,116.0,0.0,0.28
83.14318362599988,71882000000,parking_lower_right_bay_active,2.1887526310675103,2.1887526310675103,1.0,True,True,True,route/terminal_stop: parking_lower_right_bay_active,,,camera_sign_turn_right,camera_sign_turn_left,1.1015625,0.58125,1.5707963267948966,0.0,175.0,116.0,1.5707963267948966,175.0,116.0,1.5707963267948966,0.0,175.0,116.0,0.0,0.28
83.24374396800158,71983000000,parking_lower_right_bay_active,2.1887526310675103,2.1887526310675103,1.0,True,True,True,route/terminal_stop: parking_lower_right_bay_active,,,camera_sign_turn_right,camera_sign_turn_left,1.1015625,0.58125,1.5707963267948966,0.0,175.0,116.0,1.5707963267948966,175.0,116.0,1.5707963267948966,0.0,175.0,116.0,0.0,0.28
83.34385983100037,72084000000,parking_lower_right_bay_active,2.1887526310675103,2.1887526310675103,1.0,True,True,True,route/terminal_stop: parking_lower_right_bay_active,,,camera_sign_turn_right,camera_sign_turn_left,1.1015625,0.58125,1.5707963267948966,0.0,175.0,116.0,1.5707963267948966,175.0,116.0,1.5707963267948966,0.0,175.0,116.0,0.0,0.28
83.55098248200011,72283000000,parking_lower_right_bay_active,2.1887526310675103,2.1887526310675103,1.0,True,True,True,route/terminal_stop: parking_lower_right_bay_active,,,camera_sign_turn_right,camera_sign_turn_left,1.1015625,0.58125,1.5707963267948966,0.0,175.0,116.0,1.5707963267948966,175.0,116.0,1.5707963267948966,0.0,175.0,116.0,0.0,0.28
83.64419895900028,72386000000,parking_lower_right_bay_active,2.1887526310675103,2.1887526310675103,1.0,True,True,True,route/terminal_stop: parking_lower_right_bay_active,,,camera_sign_turn_right,camera_sign_turn_left,1.1015625,0.58125,1.5707963267948966,0.0,175.0,116.0,1.5707963267948966,175.0,116.0,1.5707963267948966,0.0,175.0,116.0,0.0,0.28
83.84592935,72585000000,parking_lower_right_bay_active,2.1887526310675103,2.1887526310675103,1.0,True,True,True,route/terminal_stop: parking_lower_right_bay_active,,,camera_sign_turn_right,camera_sign_turn_left,1.1015625,0.58125,1.5707963267948966,0.0,175.0,116.0,1.5707963267948966,175.0,116.0,1.5707963267948966,0.0,175.0,116.0,0.0,0.28
83.94652514000154,72686000000,parking_lower_right_bay_active,2.1887526310675103,2.1887526310675103,1.0,True,True,True,route/terminal_stop: parking_lower_right_bay_active,,,camera_sign_turn_right,camera_sign_turn_left,1.1015625,0.58125,1.5707963267948966,0.0,175.0,116.0,1.5707963267948966,175.0,116.0,1.5707963267948966,0.0,175.0,116.0,0.0,0.28
84.04703340300148,72786000000,parking_lower_right_bay_active,2.1887526310675103,2.1887526310675103,1.0,True,True,True,route/terminal_stop: parking_lower_right_bay_active,,,camera_sign_turn_right,camera_sign_turn_left,1.1015625,0.58125,1.5707963267948966,0.0,175.0,116.0,1.5707963267948966,175.0,116.0,1.5707963267948966,0.0,175.0,116.0,0.0,0.28
84.24781958600033,72985000000,parking_lower_right_bay_active,2.1887526310675103,2.1887526310675103,1.0,True,True,True,route/terminal_stop: parking_lower_right_bay_active,,,camera_sign_turn_right,camera_sign_turn_left,1.1015625,0.58125,1.5707963267948966,0.0,175.0,116.0,1.5707963267948966,175.0,116.0,1.5707963267948966,0.0,175.0,116.0,0.0,0.28
84.3483163230012,73087000000,parking_lower_right_bay_active,2.1887526310675103,2.1887526310675103,1.0,True,True,True,route/terminal_stop: parking_lower_right_bay_active,,,camera_sign_turn_right,camera_sign_turn_left,1.1015625,0.58125,1.5707963267948966,0.0,175.0,116.0,1.5707963267948966,175.0,116.0,1.5707963267948966,0.0,175.0,116.0,0.0,0.28
84.54974601600043,73284000000,parking_lower_right_bay_active,2.1887526310675103,2.1887526310675103,1.0,True,True,True,route/terminal_stop: parking_lower_right_bay_active,,,camera_sign_turn_right,camera_sign_turn_left,1.1015625,0.58125,1.5707963267948966,0.0,175.0,116.0,1.5707963267948966,175.0,116.0,1.5707963267948966,0.0,175.0,116.0,0.0,0.28
84.65554136500032,73387000000,parking_lower_right_bay_active,2.1887526310675103,2.1887526310675103,1.0,True,True,True,route/terminal_stop: parking_lower_right_bay_active,,,camera_sign_turn_right,camera_sign_turn_left,1.1015625,0.58125,1.5707963267948966,0.0,175.0,116.0,1.5707963267948966,175.0,116.0,1.5707963267948966,0.0,175.0,116.0,0.0,0.28
84.85193841900036,73585000000,parking_lower_right_bay_active,2.1887526310675103,2.1887526310675103,1.0,True,True,True,route/terminal_stop: parking_lower_right_bay_active,,,camera_sign_turn_right,camera_sign_turn_left,1.1015625,0.58125,1.5707963267948966,0.0,175.0,116.0,1.5707963267948966,175.0,116.0,1.5707963267948966,0.0,175.0,116.0,0.0,0.28
84.96269898500032,73686000000,parking_lower_right_bay_active,2.1887526310675103,2.1887526310675103,1.0,True,True,True,route/terminal_stop: parking_lower_right_bay_active,,,camera_sign_turn_right,camera_sign_turn_left,1.1015625,0.58125,1.5707963267948966,0.0,175.0,116.0,1.5707963267948966,175.0,116.0,1.5707963267948966,0.0,175.0,116.0,0.0,0.28
85.0550563350007,73787000000,parking_lower_right_bay_active,2.1887526310675103,2.1887526310675103,1.0,True,True,True,route/terminal_stop: parking_lower_right_bay_active,,,camera_sign_turn_right,camera_sign_turn_left,1.1015625,0.58125,1.5707963267948966,0.0,175.0,116.0,1.5707963267948966,175.0,116.0,1.5707963267948966,0.0,175.0,116.0,0.0,0.28
85.15302055000029,73889000000,parking_lower_right_bay_active,2.1887526310675103,2.1887526310675103,1.0,True,True,True,route/terminal_stop: parking_lower_right_bay_active,,,camera_sign_turn_right,camera_sign_turn_left,1.1015625,0.58125,1.5707963267948966,0.0,175.0,116.0,1.5707963267948966,175.0,116.0,1.5707963267948966,0.0,175.0,116.0,0.0,0.28
85.25367968300088,73989000000,parking_lower_right_bay_active,2.1887526310675103,2.1887526310675103,1.0,True,True,True,route/terminal_stop: parking_lower_right_bay_active,,,camera_sign_turn_right,camera_sign_turn_left,1.1015625,0.58125,1.5707963267948966,0.0,175.0,116.0,1.5707963267948966,175.0,116.0,1.5707963267948966,0.0,175.0,116.0,0.0,0.28
85.35417861899987,74089000000,parking_lower_right_bay_active,2.1887526310675103,2.1887526310675103,1.0,True,True,True,route/terminal_stop: parking_lower_right_bay_active,,,camera_sign_turn_right,camera_sign_turn_left,1.1015625,0.58125,1.5707963267948966,0.0,175.0,116.0,1.5707963267948966,175.0,116.0,1.5707963267948966,0.0,175.0,116.0,0.0,0.28
85.55429481700048,74291000000,parking_lower_right_bay_active,2.1887526310675103,2.1887526310675103,1.0,True,True,True,route/terminal_stop: parking_lower_right_bay_active,,,camera_sign_turn_right,camera_sign_turn_left,1.1015625,0.58125,1.5707963267948966,0.0,175.0,116.0,1.5707963267948966,175.0,116.0,1.5707963267948966,0.0,175.0,116.0,0.0,0.28
85.66202857700046,74393000000,parking_lower_right_bay_active,2.1887526310675103,2.1887526310675103,1.0,True,True,True,route/terminal_stop: parking_lower_right_bay_active,,,camera_sign_turn_right,camera_sign_turn_left,1.1015625,0.58125,1.5707963267948966,0.0,175.0,116.0,1.5707963267948966,175.0,116.0,1.5707963267948966,0.0,175.0,116.0,0.0,0.28
85.85677433100136,74588000000,parking_lower_right_bay_active,2.1887526310675103,2.1887526310675103,1.0,True,True,True,route/terminal_stop: parking_lower_right_bay_active,,,camera_sign_turn_right,camera_sign_turn_left,1.1015625,0.58125,1.5707963267948966,0.0,175.0,116.0,1.5707963267948966,175.0,116.0,1.5707963267948966,0.0,175.0,116.0,0.0,0.28
85.96048134600096,74691000000,parking_lower_right_bay_active,2.1887526310675103,2.1887526310675103,1.0,True,True,True,route/terminal_stop: parking_lower_right_bay_active,,,camera_sign_turn_right,camera_sign_turn_left,1.1015625,0.58125,1.5707963267948966,0.0,175.0,116.0,1.5707963267948966,175.0,116.0,1.5707963267948966,0.0,175.0,116.0,0.0,0.28
86.06215847800013,74791000000,parking_lower_right_bay_active,2.1887526310675103,2.1887526310675103,1.0,True,True,True,route/terminal_stop: parking_lower_right_bay_active,,,camera_sign_turn_right,camera_sign_turn_left,1.1015625,0.58125,1.5707963267948966,0.0,175.0,116.0,1.5707963267948966,175.0,116.0,1.5707963267948966,0.0,175.0,116.0,0.0,0.28
86.15730678799991,74892000000,parking_lower_right_bay_active,2.1887526310675103,2.1887526310675103,1.0,True,True,True,route/terminal_stop: parking_lower_right_bay_active,,,camera_sign_turn_right,camera_sign_turn_left,1.1015625,0.58125,1.5707963267948966,0.0,175.0,116.0,1.5707963267948966,175.0,116.0,1.5707963267948966,0.0,175.0,116.0,0.0,0.28
86.25789654500113,74993000000,parking_lower_right_bay_active,2.1887526310675103,2.1887526310675103,1.0,True,True,True,route/terminal_stop: parking_lower_right_bay_active,,,camera_sign_turn_right,camera_sign_turn_left,1.1015625,0.58125,1.5707963267948966,0.0,175.0,116.0,1.5707963267948966,175.0,116.0,1.5707963267948966,0.0,175.0,116.0,0.0,0.28
86.3616075580012,75094000000,parking_lower_right_bay_active,2.1887526310675103,2.1887526310675103,1.0,True,True,True,route/terminal_stop: parking_lower_right_bay_active,,,camera_sign_turn_right,camera_sign_turn_left,1.1015625,0.58125,1.5707963267948966,0.0,175.0,116.0,1.5707963267948966,175.0,116.0,1.5707963267948966,0.0,175.0,116.0,0.0,0.28
86.5607984950002,75295000000,parking_lower_right_bay_active,2.1887526310675103,2.1887526310675103,1.0,True,True,True,route/terminal_stop: parking_lower_right_bay_active,,,camera_sign_turn_right,camera_sign_turn_left,1.1015625,0.58125,1.5707963267948966,0.0,175.0,116.0,1.5707963267948966,175.0,116.0,1.5707963267948966,0.0,175.0,116.0,0.0,0.28
86.76167829800033,75495000000,parking_lower_right_bay_active,2.1887526310675103,2.1887526310675103,1.0,True,True,True,route/terminal_stop: parking_lower_right_bay_active,,,camera_sign_turn_right,camera_sign_turn_left,1.1015625,0.58125,1.5707963267948966,0.0,175.0,116.0,1.5707963267948966,175.0,116.0,1.5707963267948966,0.0,175.0,116.0,0.0,0.28
86.86206338800002,75600000000,parking_lower_right_bay_active,2.1887526310675103,2.1887526310675103,1.0,True,True,True,route/terminal_stop: parking_lower_right_bay_active,,,camera_sign_turn_right,camera_sign_turn_left,1.1015625,0.58125,1.5707963267948966,0.0,175.0,116.0,1.5707963267948966,175.0,116.0,1.5707963267948966,0.0,175.0,116.0,0.0,0.28
87.06347692600139,75799000000,parking_lower_right_bay_active,2.1887526310675103,2.1887526310675103,1.0,True,True,True,route/terminal_stop: parking_lower_right_bay_active,,,camera_sign_turn_right,camera_sign_turn_left,1.1015625,0.58125,1.5707963267948966,0.0,175.0,116.0,1.5707963267948966,175.0,116.0,1.5707963267948966,0.0,175.0,116.0,0.0,0.28
87.26498854800047,75998000000,parking_lower_right_bay_active,2.1887526310675103,2.1887526310675103,1.0,True,True,True,route/terminal_stop: parking_lower_right_bay_active,,,camera_sign_turn_right,camera_sign_turn_left,1.1015625,0.58125,1.5707963267948966,0.0,175.0,116.0,1.5707963267948966,175.0,116.0,1.5707963267948966,0.0,175.0,116.0,0.0,0.28
87.36631195200061,76098000000,parking_lower_right_bay_active,2.1887526310675103,2.1887526310675103,1.0,True,True,True,route/terminal_stop: parking_lower_right_bay_active,,,camera_sign_turn_right,camera_sign_turn_left,1.1015625,0.58125,1.5707963267948966,0.0,175.0,116.0,1.5707963267948966,175.0,116.0,1.5707963267948966,0.0,175.0,116.0,0.0,0.28
87.46550968000156,76201000000,parking_lower_right_bay_active,2.1887526310675103,2.1887526310675103,1.0,True,True,True,route/terminal_stop: parking_lower_right_bay_active,,,camera_sign_speed_limit,camera_sign_turn_left,1.1015625,0.58125,1.5707963267948966,0.0,175.0,116.0,1.5707963267948966,175.0,116.0,1.5707963267948966,0.0,175.0,116.0,0.0,0.28
87.68629705800049,76400000000,parking_lower_right_bay_active,2.1887526310675103,2.1887526310675103,1.0,True,True,True,route/terminal_stop: parking_lower_right_bay_active,,,camera_sign_speed_limit,camera_sign_turn_left,1.1015625,0.58125,1.5707963267948966,0.0,175.0,116.0,1.5707963267948966,175.0,116.0,1.5707963267948966,0.0,175.0,116.0,0.0,0.28
87.76795328200024,76500000000,parking_lower_right_bay_active,2.1887526310675103,2.1887526310675103,1.0,True,True,True,route/terminal_stop: parking_lower_right_bay_active,,,camera_sign_speed_limit,camera_sign_turn_left,1.1015625,0.58125,1.5707963267948966,0.0,175.0,116.0,1.5707963267948966,175.0,116.0,1.5707963267948966,0.0,175.0,116.0,0.0,0.28
87.86893896200127,76601000000,parking_lower_right_bay_active,2.1887526310675103,2.1887526310675103,1.0,True,True,True,route/terminal_stop: parking_lower_right_bay_active,,,camera_sign_speed_limit,camera_sign_turn_left,1.1015625,0.58125,1.5707963267948966,0.0,175.0,116.0,1.5707963267948966,175.0,116.0,1.5707963267948966,0.0,175.0,116.0,0.0,0.28
88.06967140800043,76802000000,parking_lower_right_bay_active,2.1887526310675103,2.1887526310675103,1.0,True,True,True,route/terminal_stop: parking_lower_right_bay_active,,,camera_sign_speed_limit,camera_sign_turn_left,1.1015625,0.58125,1.5707963267948966,0.0,175.0,116.0,1.5707963267948966,175.0,116.0,1.5707963267948966,0.0,175.0,116.0,0.0,0.28
88.26988953700129,77003000000,parking_lower_right_bay_active,2.1887526310675103,2.1887526310675103,1.0,True,True,True,route/terminal_stop: parking_lower_right_bay_active,,,camera_sign_speed_limit,camera_sign_turn_left,1.1015625,0.58125,1.5707963267948966,0.0,175.0,116.0,1.5707963267948966,175.0,116.0,1.5707963267948966,0.0,175.0,116.0,0.0,0.28
88.39097076000144,77103000000,parking_lower_right_bay_active,2.1887526310675103,2.1887526310675103,1.0,True,True,True,route/terminal_stop: parking_lower_right_bay_active,,,camera_sign_speed_limit,camera_sign_turn_left,1.1015625,0.58125,1.5707963267948966,0.0,175.0,116.0,1.5707963267948966,175.0,116.0,1.5707963267948966,0.0,175.0,116.0,0.0,0.28
88.4707727870009,77209000000,parking_lower_right_bay_active,2.1887526310675103,2.1887526310675103,1.0,True,True,True,route/terminal_stop: parking_lower_right_bay_active,,,camera_sign_speed_limit,camera_sign_turn_left,1.1015625,0.58125,1.5707963267948966,0.0,175.0,116.0,1.5707963267948966,175.0,116.0,1.5707963267948966,0.0,175.0,116.0,0.0,0.28
88.57810730800156,77310000000,parking_lower_right_bay_active,2.1887526310675103,2.1887526310675103,1.0,True,True,True,route/terminal_stop: parking_lower_right_bay_active,,,camera_sign_speed_limit,camera_sign_turn_left,1.1015625,0.58125,1.5707963267948966,0.0,175.0,116.0,1.5707963267948966,175.0,116.0,1.5707963267948966,0.0,175.0,116.0,0.0,0.28
88.69105968400072,77412000000,parking_lower_right_bay_active,2.1887526310675103,2.1887526310675103,1.0,True,True,True,route/terminal_stop: parking_lower_right_bay_active,,,camera_sign_speed_limit,camera_sign_turn_left,1.1015625,0.58125,1.5707963267948966,0.0,175.0,116.0,1.5707963267948966,175.0,116.0,1.5707963267948966,0.0,175.0,116.0,0.0,0.28
88.87254795400077,77598000000,parking_lower_right_bay_active,2.1887526310675103,2.1887526310675103,1.0,True,True,True,route/terminal_stop: parking_lower_right_bay_active,,,camera_sign_speed_limit,camera_sign_turn_left,1.1015625,0.58125,1.5707963267948966,0.0,175.0,116.0,1.5707963267948966,175.0,116.0,1.5707963267948966,0.0,175.0,116.0,0.0,0.28
88.97311075800098,77699000000,parking_lower_right_bay_active,2.1887526310675103,2.1887526310675103,1.0,True,True,True,route/terminal_stop: parking_lower_right_bay_active,,,camera_sign_speed_limit,camera_sign_turn_left,1.1015625,0.58125,1.5707963267948966,0.0,175.0,116.0,1.5707963267948966,175.0,116.0,1.5707963267948966,0.0,175.0,116.0,0.0,0.28
89.07344496100086,77801000000,parking_lower_right_bay_active,2.1887526310675103,2.1887526310675103,1.0,True,True,True,route/terminal_stop: parking_lower_right_bay_active,,,camera_sign_speed_limit,camera_sign_turn_left,1.1015625,0.58125,1.5707963267948966,0.0,175.0,116.0,1.5707963267948966,175.0,116.0,1.5707963267948966,0.0,175.0,116.0,0.0,0.28
89.29283449300056,77996000000,parking_lower_right_bay_active,2.1887526310675103,2.1887526310675103,1.0,True,True,True,route/terminal_stop: parking_lower_right_bay_active,,,camera_sign_speed_limit,camera_sign_turn_left,1.1015625,0.58125,1.5707963267948966,0.0,175.0,116.0,1.5707963267948966,175.0,116.0,1.5707963267948966,0.0,175.0,116.0,0.0,0.28
89.37429201600025,78099000000,parking_lower_right_bay_active,2.1887526310675103,2.1887526310675103,1.0,True,True,True,route/terminal_stop: parking_lower_right_bay_active,,,camera_sign_speed_limit,camera_sign_turn_left,1.1015625,0.58125,1.5707963267948966,0.0,175.0,116.0,1.5707963267948966,175.0,116.0,1.5707963267948966,0.0,175.0,116.0,0.0,0.28
89.47512062500027,78199000000,parking_lower_right_bay_active,2.1887526310675103,2.1887526310675103,1.0,True,True,True,route/terminal_stop: parking_lower_right_bay_active,,,camera_sign_speed_limit,camera_sign_turn_left,1.1015625,0.58125,1.5707963267948966,0.0,175.0,116.0,1.5707963267948966,175.0,116.0,1.5707963267948966,0.0,175.0,116.0,0.0,0.28
89.57646946600107,78301000000,parking_lower_right_bay_active,2.1887526310675103,2.1887526310675103,1.0,True,True,True,route/terminal_stop: parking_lower_right_bay_active,,,camera_sign_speed_limit,camera_sign_turn_left,1.1015625,0.58125,1.5707963267948966,0.0,175.0,116.0,1.5707963267948966,175.0,116.0,1.5707963267948966,0.0,175.0,116.0,0.0,0.28
89.68835443600074,78402000000,parking_lower_right_bay_active,2.1887526310675103,2.1887526310675103,1.0,True,True,True,route/terminal_stop: parking_lower_right_bay_active,,,camera_sign_speed_limit,camera_sign_turn_left,1.1015625,0.58125,1.5707963267948966,0.0,175.0,116.0,1.5707963267948966,175.0,116.0,1.5707963267948966,0.0,175.0,116.0,0.0,0.28
89.77709476400014,78502000000,parking_lower_right_bay_active,2.1887526310675103,2.1887526310675103,1.0,True,True,True,route/terminal_stop: parking_lower_right_bay_active,,,camera_sign_speed_limit,camera_sign_turn_left,1.1015625,0.58125,1.5707963267948966,0.0,175.0,116.0,1.5707963267948966,175.0,116.0,1.5707963267948966,0.0,175.0,116.0,0.0,0.28
89.97779052500118,78700000000,parking_lower_right_bay_active,2.1887526310675103,2.1887526310675103,1.0,True,True,True,route/terminal_stop: parking_lower_right_bay_active,,,camera_sign_speed_limit,camera_sign_turn_left,1.1015625,0.58125,1.5707963267948966,0.0,175.0,116.0,1.5707963267948966,175.0,116.0,1.5707963267948966,0.0,175.0,116.0,0.0,0.28
90.07853423300003,78800000000,parking_lower_right_bay_active,2.1887526310675103,2.1887526310675103,1.0,True,True,True,route/terminal_stop: parking_lower_right_bay_active,,,camera_sign_speed_limit,camera_sign_turn_left,1.1015625,0.58125,1.5707963267948966,0.0,175.0,116.0,1.5707963267948966,175.0,116.0,1.5707963267948966,0.0,175.0,116.0,0.0,0.28
90.17916836400036,78901000000,parking_lower_right_bay_active,2.1887526310675103,2.1887526310675103,1.0,True,True,True,route/terminal_stop: parking_lower_right_bay_active,,,camera_sign_speed_limit,camera_sign_turn_left,1.1015625,0.58125,1.5707963267948966,0.0,175.0,116.0,1.5707963267948966,175.0,116.0,1.5707963267948966,0.0,175.0,116.0,0.0,0.28
90.37906038800065,79100000000,parking_lower_right_bay_active,2.1887526310675103,2.1887526310675103,1.0,True,True,True,route/terminal_stop: parking_lower_right_bay_active,,,camera_sign_speed_limit,camera_sign_turn_left,1.1015625,0.58125,1.5707963267948966,0.0,175.0,116.0,1.5707963267948966,175.0,116.0,1.5707963267948966,0.0,175.0,116.0,0.0,0.28
90.49159708800107,79202000000,parking_lower_right_bay_active,2.1887526310675103,2.1887526310675103,1.0,True,True,True,route/terminal_stop: parking_lower_right_bay_active,,,camera_sign_speed_limit,camera_sign_turn_left,1.1015625,0.58125,1.5707963267948966,0.0,175.0,116.0,1.5707963267948966,175.0,116.0,1.5707963267948966,0.0,175.0,116.0,0.0,0.28
90.5802294870009,79302000000,parking_lower_right_bay_active,2.1887526310675103,2.1887526310675103,1.0,True,True,True,route/terminal_stop: parking_lower_right_bay_active,,,camera_sign_speed_limit,camera_sign_turn_left,1.1015625,0.58125,1.5707963267948966,0.0,175.0,116.0,1.5707963267948966,175.0,116.0,1.5707963267948966,0.0,175.0,116.0,0.0,0.28
90.7806471390013,79500000000,parking_lower_right_bay_active,2.1887526310675103,2.1887526310675103,1.0,True,True,True,route/terminal_stop: parking_lower_right_bay_active,,,camera_sign_speed_limit,camera_sign_turn_left,1.1015625,0.58125,1.5707963267948966,0.0,175.0,116.0,1.5707963267948966,175.0,116.0,1.5707963267948966,0.0,175.0,116.0,0.0,0.28
90.98140334400159,79699000000,parking_lower_right_bay_active,2.1887526310675103,2.1887526310675103,1.0,True,True,True,route/terminal_stop: parking_lower_right_bay_active,,,camera_sign_speed_limit,camera_sign_turn_left,1.1015625,0.58125,1.5707963267948966,0.0,175.0,116.0,1.5707963267948966,175.0,116.0,1.5707963267948966,0.0,175.0,116.0,0.0,0.28
91.18220271000064,79903000000,parking_lower_right_bay_active,2.1887526310675103,2.1887526310675103,1.0,True,True,True,route/terminal_stop: parking_lower_right_bay_active,,,camera_sign_speed_limit,camera_sign_turn_left,1.1015625,0.58125,1.5707963267948966,0.0,175.0,116.0,1.5707963267948966,175.0,116.0,1.5707963267948966,0.0,175.0,116.0,0.0,0.28
91.28269073500087,80005000000,parking_lower_right_bay_active,2.1887526310675103,2.1887526310675103,1.0,True,True,True,route/terminal_stop: parking_lower_right_bay_active,,,camera_sign_speed_limit,camera_sign_turn_left,1.1015625,0.58125,1.5707963267948966,0.0,175.0,116.0,1.5707963267948966,175.0,116.0,1.5707963267948966,0.0,175.0,116.0,0.0,0.28
91.38275712399991,80105000000,parking_lower_right_bay_active,2.1887526310675103,2.1887526310675103,1.0,True,True,True,route/terminal_stop: parking_lower_right_bay_active,,,camera_sign_speed_limit,camera_sign_turn_left,1.1015625,0.58125,1.5707963267948966,0.0,175.0,116.0,1.5707963267948966,175.0,116.0,1.5707963267948966,0.0,175.0,116.0,0.0,0.28
91.4833633520011,80206000000,parking_lower_right_bay_active,2.1887526310675103,2.1887526310675103,1.0,True,True,True,route/terminal_stop: parking_lower_right_bay_active,,,camera_sign_speed_limit,camera_sign_turn_left,1.1015625,0.58125,1.5707963267948966,0.0,175.0,116.0,1.5707963267948966,175.0,116.0,1.5707963267948966,0.0,175.0,116.0,0.0,0.28
91.68463619400063,80405000000,parking_lower_right_bay_active,2.1887526310675103,2.1887526310675103,1.0,True,True,True,route/terminal_stop: parking_lower_right_bay_active,,,camera_sign_speed_limit,camera_sign_turn_left,1.1015625,0.58125,1.5707963267948966,0.0,175.0,116.0,1.5707963267948966,175.0,116.0,1.5707963267948966,0.0,175.0,116.0,0.0,0.28
91.79308377100097,80505000000,parking_lower_right_bay_active,2.1887526310675103,2.1887526310675103,1.0,True,True,True,route/terminal_stop: parking_lower_right_bay_active,,,camera_sign_speed_limit,camera_sign_turn_left,1.1015625,0.58125,1.5707963267948966,0.0,175.0,116.0,1.5707963267948966,175.0,116.0,1.5707963267948966,0.0,175.0,116.0,0.0,0.28
91.99776957799986,80703000000,parking_lower_right_bay_active,2.1887526310675103,2.1887526310675103,1.0,True,True,True,route/terminal_stop: parking_lower_right_bay_active,,,camera_sign_speed_limit,camera_sign_turn_left,1.1015625,0.58125,1.5707963267948966,0.0,175.0,116.0,1.5707963267948966,175.0,116.0,1.5707963267948966,0.0,175.0,116.0,0.0,0.28
92.08633679400009,80803000000,parking_lower_right_bay_active,2.1887526310675103,2.1887526310675103,1.0,True,True,True,route/terminal_stop: parking_lower_right_bay_active,,,camera_sign_speed_limit,camera_sign_turn_left,1.1015625,0.58125,1.5707963267948966,0.0,175.0,116.0,1.5707963267948966,175.0,116.0,1.5707963267948966,0.0,175.0,116.0,0.0,0.28
92.18752980499994,80907000000,parking_lower_right_bay_active,2.1887526310675103,2.1887526310675103,1.0,True,True,True,route/terminal_stop: parking_lower_right_bay_active,,,camera_sign_speed_limit,camera_sign_turn_left,1.1015625,0.58125,1.5707963267948966,0.0,175.0,116.0,1.5707963267948966,175.0,116.0,1.5707963267948966,0.0,175.0,116.0,0.0,0.28
92.28858985100123,81009000000,parking_lower_right_bay_active,2.1887526310675103,2.1887526310675103,1.0,True,True,True,route/terminal_stop: parking_lower_right_bay_active,,,camera_sign_speed_limit,camera_sign_turn_left,1.1015625,0.58125,1.5707963267948966,0.0,175.0,116.0,1.5707963267948966,175.0,116.0,1.5707963267948966,0.0,175.0,116.0,0.0,0.28
92.3896444460006,81110000000,parking_lower_right_bay_active,2.1887526310675103,2.1887526310675103,1.0,True,True,True,route/terminal_stop: parking_lower_right_bay_active,,,camera_sign_speed_limit,camera_sign_turn_left,1.1015625,0.58125,1.5707963267948966,0.0,175.0,116.0,1.5707963267948966,175.0,116.0,1.5707963267948966,0.0,175.0,116.0,0.0,0.28
92.5908743050004,81309000000,parking_lower_right_bay_active,2.1887526310675103,2.1887526310675103,1.0,True,True,True,route/terminal_stop: parking_lower_right_bay_active,,,camera_sign_speed_limit,camera_sign_turn_left,1.1015625,0.58125,1.5707963267948966,0.0,175.0,116.0,1.5707963267948966,175.0,116.0,1.5707963267948966,0.0,175.0,116.0,0.0,0.28
92.69184698600111,81411000000,parking_lower_right_bay_active,2.1887526310675103,2.1887526310675103,1.0,True,True,True,route/terminal_stop: parking_lower_right_bay_active,,,camera_sign_speed_limit,camera_sign_turn_left,1.1015625,0.58125,1.5707963267948966,0.0,175.0,116.0,1.5707963267948966,175.0,116.0,1.5707963267948966,0.0,175.0,116.0,0.0,0.28
92.89273681300074,81612000000,parking_lower_right_bay_active,2.1887526310675103,2.1887526310675103,1.0,True,True,True,route/terminal_stop: parking_lower_right_bay_active,,,camera_sign_speed_limit,camera_sign_turn_left,1.1015625,0.58125,1.5707963267948966,0.0,175.0,116.0,1.5707963267948966,175.0,116.0,1.5707963267948966,0.0,175.0,116.0,0.0,0.28
92.99334445500062,81712000000,parking_lower_right_bay_active,2.1887526310675103,2.1887526310675103,1.0,True,True,True,route/terminal_stop: parking_lower_right_bay_active,,,camera_sign_speed_limit,camera_sign_turn_left,1.1015625,0.58125,1.5707963267948966,0.0,175.0,116.0,1.5707963267948966,175.0,116.0,1.5707963267948966,0.0,175.0,116.0,0.0,0.28
93.19782936100091,81910000000,parking_lower_right_bay_active,2.1887526310675103,2.1887526310675103,1.0,True,True,True,route/terminal_stop: parking_lower_right_bay_active,,,camera_sign_speed_limit,camera_sign_turn_left,1.1015625,0.58125,1.5707963267948966,0.0,175.0,116.0,1.5707963267948966,175.0,116.0,1.5707963267948966,0.0,175.0,116.0,0.0,0.28
93.29403323500082,82013000000,parking_lower_right_bay_active,2.1887526310675103,2.1887526310675103,1.0,True,True,True,route/terminal_stop: parking_lower_right_bay_active,,,camera_sign_speed_limit,camera_sign_turn_left,1.1015625,0.58125,1.5707963267948966,0.0,175.0,116.0,1.5707963267948966,175.0,116.0,1.5707963267948966,0.0,175.0,116.0,0.0,0.28
93.39431842600061,82113000000,parking_lower_right_bay_active,2.1887526310675103,2.1887526310675103,1.0,True,True,True,route/terminal_stop: parking_lower_right_bay_active,,,camera_sign_speed_limit,camera_sign_turn_left,1.1015625,0.58125,1.5707963267948966,0.0,175.0,116.0,1.5707963267948966,175.0,116.0,1.5707963267948966,0.0,175.0,116.0,0.0,0.28
93.49453257500136,82215000000,parking_lower_right_bay_active,2.1887526310675103,2.1887526310675103,1.0,True,True,True,route/terminal_stop: parking_lower_right_bay_active,,,camera_sign_speed_limit,camera_sign_turn_left,1.1015625,0.58125,1.5707963267948966,0.0,175.0,116.0,1.5707963267948966,175.0,116.0,1.5707963267948966,0.0,175.0,116.0,0.0,0.28
93.69519498299996,82413000000,parking_lower_right_bay_active,2.1887526310675103,2.1887526310675103,1.0,True,True,True,route/terminal_stop: parking_lower_right_bay_active,,,camera_sign_speed_limit,camera_sign_turn_left,1.1015625,0.58125,1.5707963267948966,0.0,175.0,116.0,1.5707963267948966,175.0,116.0,1.5707963267948966,0.0,175.0,116.0,0.0,0.28
93.89721138500136,82613000000,parking_lower_right_bay_active,2.1887526310675103,2.1887526310675103,1.0,True,True,True,route/terminal_stop: parking_lower_right_bay_active,,,camera_sign_speed_limit,camera_sign_turn_left,1.1015625,0.58125,1.5707963267948966,0.0,175.0,116.0,1.5707963267948966,175.0,116.0,1.5707963267948966,0.0,175.0,116.0,0.0,0.28
93.99773136800104,82714000000,parking_lower_right_bay_active,2.1887526310675103,2.1887526310675103,1.0,True,True,True,route/terminal_stop: parking_lower_right_bay_active,,,camera_sign_speed_limit,camera_sign_turn_left,1.1015625,0.58125,1.5707963267948966,0.0,175.0,116.0,1.5707963267948966,175.0,116.0,1.5707963267948966,0.0,175.0,116.0,0.0,0.28
94.19696209600079,82908000000,parking_lower_right_bay_active,2.1887526310675103,2.1887526310675103,1.0,True,True,True,route/terminal_stop: parking_lower_right_bay_active,,,camera_sign_speed_limit,camera_sign_turn_left,1.1015625,0.58125,1.5707963267948966,0.0,175.0,116.0,1.5707963267948966,175.0,116.0,1.5707963267948966,0.0,175.0,116.0,0.0,0.28
94.29749315000117,83008000000,parking_lower_right_bay_active,2.1887526310675103,2.1887526310675103,1.0,True,True,True,route/terminal_stop: parking_lower_right_bay_active,,,camera_sign_speed_limit,camera_sign_turn_left,1.1015625,0.58125,1.5707963267948966,0.0,175.0,116.0,1.5707963267948966,175.0,116.0,1.5707963267948966,0.0,175.0,116.0,0.0,0.28
94.49777643400012,83207000000,parking_lower_right_bay_active,2.1887526310675103,2.1887526310675103,1.0,True,True,True,route/terminal_stop: parking_lower_right_bay_active,,,camera_sign_speed_limit,camera_sign_turn_left,1.1015625,0.58125,1.5707963267948966,0.0,175.0,116.0,1.5707963267948966,175.0,116.0,1.5707963267948966,0.0,175.0,116.0,0.0,0.28
94.60727149000013,83307000000,parking_lower_right_bay_active,2.1887526310675103,2.1887526310675103,1.0,True,True,True,route/terminal_stop: parking_lower_right_bay_active,,,camera_sign_speed_limit,camera_sign_turn_left,1.1015625,0.58125,1.5707963267948966,0.0,175.0,116.0,1.5707963267948966,175.0,116.0,1.5707963267948966,0.0,175.0,116.0,0.0,0.28
94.69899285800057,83407000000,parking_lower_right_bay_active,2.1887526310675103,2.1887526310675103,1.0,True,True,True,route/terminal_stop: parking_lower_right_bay_active,,,camera_sign_speed_limit,camera_sign_turn_left,1.1015625,0.58125,1.5707963267948966,0.0,175.0,116.0,1.5707963267948966,175.0,116.0,1.5707963267948966,0.0,175.0,116.0,0.0,0.28
94.80872736600031,83507000000,parking_lower_right_bay_active,2.1887526310675103,2.1887526310675103,1.0,True,True,True,route/terminal_stop: parking_lower_right_bay_active,,,camera_sign_speed_limit,camera_sign_turn_left,1.1015625,0.58125,1.5707963267948966,0.0,175.0,116.0,1.5707963267948966,175.0,116.0,1.5707963267948966,0.0,175.0,116.0,0.0,0.28
94.90937373000088,83609000000,parking_lower_right_bay_active,2.1887526310675103,2.1887526310675103,1.0,True,True,True,route/terminal_stop: parking_lower_right_bay_active,,,camera_sign_speed_limit,camera_sign_turn_left,1.1015625,0.58125,1.5707963267948966,0.0,175.0,116.0,1.5707963267948966,175.0,116.0,1.5707963267948966,0.0,175.0,116.0,0.0,0.28
95.00141241700112,83712000000,parking_lower_right_bay_active,2.1887526310675103,2.1887526310675103,1.0,True,True,True,route/terminal_stop: parking_lower_right_bay_active,,,camera_sign_speed_limit,camera_sign_turn_left,1.1015625,0.58125,1.5707963267948966,0.0,175.0,116.0,1.5707963267948966,175.0,116.0,1.5707963267948966,0.0,175.0,116.0,0.0,0.28
95.21914391200153,83909000000,parking_lower_right_bay_active,2.1887526310675103,2.1887526310675103,1.0,True,True,True,route/terminal_stop: parking_lower_right_bay_active,,,camera_sign_speed_limit,camera_sign_turn_left,1.1015625,0.58125,1.5707963267948966,0.0,175.0,116.0,1.5707963267948966,175.0,116.0,1.5707963267948966,0.0,175.0,116.0,0.0,0.28
95.42016492699986,84107000000,parking_lower_right_bay_active,2.1887526310675103,2.1887526310675103,1.0,True,True,True,route/terminal_stop: parking_lower_right_bay_active,,,camera_sign_turn_right,camera_sign_turn_left,1.1015625,0.58125,1.5707963267948966,0.0,175.0,116.0,1.5707963267948966,175.0,116.0,1.5707963267948966,0.0,175.0,116.0,0.0,0.28
95.50338208300127,84210000000,parking_lower_right_bay_active,2.1887526310675103,2.1887526310675103,1.0,True,True,True,route/terminal_stop: parking_lower_right_bay_active,,,camera_sign_turn_right,camera_sign_turn_left,1.1015625,0.58125,1.5707963267948966,0.0,175.0,116.0,1.5707963267948966,175.0,116.0,1.5707963267948966,0.0,175.0,116.0,0.0,0.28
95.70477489000041,84409000000,parking_lower_right_bay_active,2.1887526310675103,2.1887526310675103,1.0,True,True,True,route/terminal_stop: parking_lower_right_bay_active,,,camera_sign_turn_right,camera_sign_turn_left,1.1015625,0.58125,1.5707963267948966,0.0,175.0,116.0,1.5707963267948966,175.0,116.0,1.5707963267948966,0.0,175.0,116.0,0.0,0.28
95.90549593800097,84612000000,parking_lower_right_bay_active,2.1887526310675103,2.1887526310675103,1.0,True,True,True,route/terminal_stop: parking_lower_right_bay_active,,,camera_sign_turn_right,camera_sign_turn_left,1.1015625,0.58125,1.5707963267948966,0.0,175.0,116.0,1.5707963267948966,175.0,116.0,1.5707963267948966,0.0,175.0,116.0,0.0,0.28
96.00665348300026,84713000000,parking_lower_right_bay_active,2.1887526310675103,2.1887526310675103,1.0,True,True,True,route/terminal_stop: parking_lower_right_bay_active,,,camera_sign_turn_right,camera_sign_turn_left,1.1015625,0.58125,1.5707963267948966,0.0,175.0,116.0,1.5707963267948966,175.0,116.0,1.5707963267948966,0.0,175.0,116.0,0.0,0.28
96.11347429200032,84815000000,parking_lower_right_bay_active,2.1887526310675103,2.1887526310675103,1.0,True,True,True,route/terminal_stop: parking_lower_right_bay_active,,,camera_sign_turn_right,camera_sign_turn_left,1.1015625,0.58125,1.5707963267948966,0.0,175.0,116.0,1.5707963267948966,175.0,116.0,1.5707963267948966,0.0,175.0,116.0,0.0,0.28
96.20709095500024,84915000000,parking_lower_right_bay_active,2.1887526310675103,2.1887526310675103,1.0,True,True,True,route/terminal_stop: parking_lower_right_bay_active,,,camera_sign_turn_right,camera_sign_turn_left,1.1015625,0.58125,1.5707963267948966,0.0,175.0,116.0,1.5707963267948966,175.0,116.0,1.5707963267948966,0.0,175.0,116.0,0.0,0.28
96.31562850699993,85017000000,parking_lower_right_bay_active,2.1887526310675103,2.1887526310675103,1.0,True,True,True,route/terminal_stop: parking_lower_right_bay_active,,,camera_sign_turn_right,camera_sign_turn_left,1.1015625,0.58125,1.5707963267948966,0.0,175.0,116.0,1.5707963267948966,175.0,116.0,1.5707963267948966,0.0,175.0,116.0,0.0,0.28
96.5169925400005,85217000000,parking_lower_right_bay_active,2.1887526310675103,2.1887526310675103,1.0,True,True,True,route/terminal_stop: parking_lower_right_bay_active,,,camera_sign_turn_right,camera_sign_turn_left,1.1015625,0.58125,1.5707963267948966,0.0,175.0,116.0,1.5707963267948966,175.0,116.0,1.5707963267948966,0.0,175.0,116.0,0.0,0.28
96.71858303000045,85417000000,parking_lower_right_bay_active,2.1887526310675103,2.1887526310675103,1.0,True,True,True,route/terminal_stop: parking_lower_right_bay_active,,,camera_sign_turn_right,camera_sign_turn_left,1.1015625,0.58125,1.5707963267948966,0.0,175.0,116.0,1.5707963267948966,175.0,116.0,1.5707963267948966,0.0,175.0,116.0,0.0,0.28
96.81573776000005,85517000000,parking_lower_right_bay_active,2.1887526310675103,2.1887526310675103,1.0,True,True,True,route/terminal_stop: parking_lower_right_bay_active,,,camera_sign_turn_right,camera_sign_turn_left,1.1015625,0.58125,1.5707963267948966,0.0,175.0,116.0,1.5707963267948966,175.0,116.0,1.5707963267948966,0.0,175.0,116.0,0.0,0.28
97.0169114220007,85716000000,parking_lower_right_bay_active,2.1887526310675103,2.1887526310675103,1.0,True,True,True,route/terminal_stop: parking_lower_right_bay_active,,,camera_sign_turn_right,camera_sign_turn_left,1.1015625,0.58125,1.5707963267948966,0.0,175.0,116.0,1.5707963267948966,175.0,116.0,1.5707963267948966,0.0,175.0,116.0,0.0,0.28
97.11126641300143,85816000000,parking_lower_right_bay_active,2.1887526310675103,2.1887526310675103,1.0,True,True,True,route/terminal_stop: parking_lower_right_bay_active,,,camera_sign_turn_right,camera_sign_turn_left,1.1015625,0.58125,1.5707963267948966,0.0,175.0,116.0,1.5707963267948966,175.0,116.0,1.5707963267948966,0.0,175.0,116.0,0.0,0.28
97.31276895800147,86016000000,parking_lower_right_bay_active,2.1887526310675103,2.1887526310675103,1.0,True,True,True,route/terminal_stop: parking_lower_right_bay_active,,,camera_sign_turn_right,camera_sign_turn_left,1.1015625,0.58125,1.5707963267948966,0.0,175.0,116.0,1.5707963267948966,175.0,116.0,1.5707963267948966,0.0,175.0,116.0,0.0,0.28
97.42057292900063,86116000000,parking_lower_right_bay_active,2.1887526310675103,2.1887526310675103,1.0,True,True,True,route/terminal_stop: parking_lower_right_bay_active,,,camera_sign_turn_right,camera_sign_turn_left,1.1015625,0.58125,1.5707963267948966,0.0,175.0,116.0,1.5707963267948966,175.0,116.0,1.5707963267948966,0.0,175.0,116.0,0.0,0.28
97.52001422300054,86219000000,parking_lower_right_bay_active,2.1887526310675103,2.1887526310675103,1.0,True,True,True,route/terminal_stop: parking_lower_right_bay_active,,,camera_sign_turn_right,camera_sign_turn_left,1.1015625,0.58125,1.5707963267948966,0.0,175.0,116.0,1.5707963267948966,175.0,116.0,1.5707963267948966,0.0,175.0,116.0,0.0,0.28
97.61849043200164,86320000000,parking_lower_right_bay_active,2.1887526310675103,2.1887526310675103,1.0,True,True,True,route/terminal_stop: parking_lower_right_bay_active,,,camera_sign_turn_right,camera_sign_turn_left,1.1015625,0.58125,1.5707963267948966,0.0,175.0,116.0,1.5707963267948966,175.0,116.0,1.5707963267948966,0.0,175.0,116.0,0.0,0.28
97.72100693600078,86420000000,parking_lower_right_bay_active,2.1887526310675103,2.1887526310675103,1.0,True,True,True,route/terminal_stop: parking_lower_right_bay_active,,,camera_sign_turn_right,camera_sign_turn_left,1.1015625,0.58125,1.5707963267948966,0.0,175.0,116.0,1.5707963267948966,175.0,116.0,1.5707963267948966,0.0,175.0,116.0,0.0,0.28
97.81950773000062,86520000000,parking_lower_right_bay_active,2.1887526310675103,2.1887526310675103,1.0,True,True,True,route/terminal_stop: parking_lower_right_bay_active,,,camera_sign_turn_right,camera_sign_turn_left,1.1015625,0.58125,1.5707963267948966,0.0,175.0,116.0,1.5707963267948966,175.0,116.0,1.5707963267948966,0.0,175.0,116.0,0.0,0.28
97.91703512300046,86622000000,parking_lower_right_bay_active,2.1887526310675103,2.1887526310675103,1.0,True,True,True,route/terminal_stop: parking_lower_right_bay_active,,,camera_sign_turn_right,camera_sign_turn_left,1.1015625,0.58125,1.5707963267948966,0.0,175.0,116.0,1.5707963267948966,175.0,116.0,1.5707963267948966,0.0,175.0,116.0,0.0,0.28
98.01769939100086,86724000000,parking_lower_right_bay_active,2.1887526310675103,2.1887526310675103,1.0,True,True,True,route/terminal_stop: parking_lower_right_bay_active,,,camera_sign_turn_right,camera_sign_turn_left,1.1015625,0.58125,1.5707963267948966,0.0,175.0,116.0,1.5707963267948966,175.0,116.0,1.5707963267948966,0.0,175.0,116.0,0.0,0.28
98.118473034001,86825000000,parking_lower_right_bay_active,2.1887526310675103,2.1887526310675103,1.0,True,True,True,route/terminal_stop: parking_lower_right_bay_active,,,camera_sign_turn_right,camera_sign_turn_left,1.1015625,0.58125,1.5707963267948966,0.0,175.0,116.0,1.5707963267948966,175.0,116.0,1.5707963267948966,0.0,175.0,116.0,0.0,0.28
98.32884095200097,87025000000,parking_lower_right_bay_active,2.1887526310675103,2.1887526310675103,1.0,True,True,True,route/terminal_stop: parking_lower_right_bay_active,,,camera_sign_turn_right,camera_sign_turn_left,1.1015625,0.58125,1.5707963267948966,0.0,175.0,116.0,1.5707963267948966,175.0,116.0,1.5707963267948966,0.0,175.0,116.0,0.0,0.28
98.42937920100121,87127000000,parking_lower_right_bay_active,2.1887526310675103,2.1887526310675103,1.0,True,True,True,route/terminal_stop: parking_lower_right_bay_active,,,camera_sign_turn_right,camera_sign_turn_left,1.1015625,0.58125,1.5707963267948966,0.0,175.0,116.0,1.5707963267948966,175.0,116.0,1.5707963267948966,0.0,175.0,116.0,0.0,0.28
98.6211280940006,87322000000,parking_lower_right_bay_active,2.1887526310675103,2.1887526310675103,1.0,True,True,True,route/terminal_stop: parking_lower_right_bay_active,,,camera_sign_turn_right,camera_sign_turn_left,1.1015625,0.58125,1.5707963267948966,0.0,175.0,116.0,1.5707963267948966,175.0,116.0,1.5707963267948966,0.0,175.0,116.0,0.0,0.28
98.72142134100068,87427000000,parking_lower_right_bay_active,2.1887526310675103,2.1887526310675103,1.0,True,True,True,route/terminal_stop: parking_lower_right_bay_active,,,camera_sign_turn_right,camera_sign_turn_left,1.1015625,0.58125,1.5707963267948966,0.0,175.0,116.0,1.5707963267948966,175.0,116.0,1.5707963267948966,0.0,175.0,116.0,0.0,0.28
98.92241764900064,87623000000,parking_lower_right_bay_active,2.1887526310675103,2.1887526310675103,1.0,True,True,True,route/terminal_stop: parking_lower_right_bay_active,,,camera_sign_turn_right,camera_sign_turn_left,1.1015625,0.58125,1.5707963267948966,0.0,175.0,116.0,1.5707963267948966,175.0,116.0,1.5707963267948966,0.0,175.0,116.0,0.0,0.28
99.02359003600031,87723000000,parking_lower_right_bay_active,2.1887526310675103,2.1887526310675103,1.0,True,True,True,route/terminal_stop: parking_lower_right_bay_active,,,camera_sign_turn_right,camera_sign_turn_left,1.1015625,0.58125,1.5707963267948966,0.0,175.0,116.0,1.5707963267948966,175.0,116.0,1.5707963267948966,0.0,175.0,116.0,0.0,0.28
99.12314535900077,87825000000,parking_lower_right_bay_active,2.1887526310675103,2.1887526310675103,1.0,True,True,True,route/terminal_stop: parking_lower_right_bay_active,,,camera_sign_turn_right,camera_sign_turn_left,1.1015625,0.58125,1.5707963267948966,0.0,175.0,116.0,1.5707963267948966,175.0,116.0,1.5707963267948966,0.0,175.0,116.0,0.0,0.28
99.32507744300165,88026000000,parking_lower_right_bay_active,2.1887526310675103,2.1887526310675103,1.0,True,True,True,route/terminal_stop: parking_lower_right_bay_active,,,camera_sign_turn_right,camera_sign_turn_left,1.1015625,0.58125,1.5707963267948966,0.0,175.0,116.0,1.5707963267948966,175.0,116.0,1.5707963267948966,0.0,175.0,116.0,0.0,0.28
99.4248789910016,88132000000,parking_lower_right_bay_active,2.1887526310675103,2.1887526310675103,1.0,True,True,True,route/terminal_stop: parking_lower_right_bay_active,,,camera_sign_turn_right,camera_sign_turn_left,1.1015625,0.58125,1.5707963267948966,0.0,175.0,116.0,1.5707963267948966,175.0,116.0,1.5707963267948966,0.0,175.0,116.0,0.0,0.28
99.62598810200143,88328000000,parking_lower_right_bay_active,2.1887526310675103,2.1887526310675103,1.0,True,True,True,route/terminal_stop: parking_lower_right_bay_active,,,camera_sign_turn_right,camera_sign_turn_left,1.1015625,0.58125,1.5707963267948966,0.0,175.0,116.0,1.5707963267948966,175.0,116.0,1.5707963267948966,0.0,175.0,116.0,0.0,0.28
