[INFO] [launch]: All log files can be found below /home/quocbao/.ros/log/2026-06-08-14-03-37-805479-ubuntu-18036
[INFO] [launch]: Default logging verbosity is set to INFO
[INFO] [gzserver-1]: process started with pid [18055]
[INFO] [gzclient   -2]: process started with pid [18057]
[INFO] [gazebo_track_car-3]: process started with pid [18060]
[INFO] [gazebo_camera_viewer-4]: process started with pid [18063]
[gazebo_track_car-3] [INFO] [1780952618.550300937] [gazebo_track_car]: [MAP_TRANSFORM] image=256x256 map_size=6.000x6.000m px_per_m_x=42.667 px_per_m_y=42.667 route_offset=(+0.000,+0.000)m map_visual_offset=(+0.000,+0.300)m
[gazebo_track_car-3] [INFO] [1780952618.689466144] [gazebo_track_car]: [FOOTPRINT_CHECK] samples=1685 center_off_road=0 center_outside_safe=326 failures=0 min_footprint_clearance=5.00px footprint=front:0.165m rear:0.145m half_width:0.115m
[gazebo_track_car-3] [INFO] [1780952618.689762042] [gazebo_track_car]: [FOOTPRINT_CHECK] overlays=/tmp/gazebo_route_mask_debug.png, /tmp/gazebo_route_centerline_debug.png, /tmp/gazebo_route_footprint_debug.png
[gazebo_track_car-3] [INFO] [1780952618.780105261] [gazebo_track_car]: SAFE_ROUTE_VERSION=semantic_parking_spawn_turn_guard_v31; direction=texture point order; clearance=12px; drive_wheels=True; route_offset=(+0.000,+0.000)m; start_distance=0.000m; sign_detection=off roi=0.08-0.82; map_visual_offset=(+0.000,+0.300)m; base_speed=0.28m/s speed_limit=0.14m/s; traffic_light=fixed state=green green=5.0s yellow=1.0s red=8.0s trigger_distance=1.70m stop_distance=0.85m min_stop=2.0s camera=off topic=/track_preview_car/camera/image_raw fill>=0.42 slow_area>=45px stop_area>=160px distance_gate=on; camera_sign_templates=5 sign_score>=0.32 sign_stable=2; wheel_controller lookahead=0.32m parking_lookahead=0.20m heading_gain=3.80 max_wz=2.80rad/s rotate_heading>1.05rad; yaw_limits=1.80rad/s/4.00rad/s2; route_rejoin=True outer_only=True cmd_error>0.18m max_route_dist=0.55m; progress_sync=True cmd_error>0.06m route_dist<=0.20m yaw<=1.20rad; initial_pose_reset=True tol=0.12m/0.35rad; segments=23; route_points=118.
[gazebo_track_car-3] [INFO] [1780952618.780508609] [gazebo_track_car]: Motion log uses /model_states and /track_preview_car/cmd_vel: MOTION every 2.00s, JITTER at most every 1.00s, verbose=False; jitter thresholds xy_step_delta=0.0060m, cmd_error=0.050m, z_delta=0.0005m, tilt=0.0030rad, speed_delta=0.030m/s, yaw_step_error=0.025rad, yaw_rate_delta=0.400rad/s.
[gazebo_camera_viewer-4] [INFO] [1780952618.792242800] [gazebo_camera_viewer]: Camera viewer listening on /track_preview_car/camera/image_raw
[gzserver-1] [INFO] [1780952620.017123309] [track_preview_car.front_camera_controller]: Publishing camera info to [/track_preview_car/camera/camera_info]
[gzserver-1] [INFO] [1780952620.031346399] [gazebo_ros_state]: Publishing states of gazebo models at [/model_states]
[gzserver-1] [INFO] [1780952620.031620143] [gazebo_ros_state]: Publishing states of gazebo links at [/link_states]
[gzserver-1] [INFO] [1780952620.048806730] [track_preview_car.track_preview_car_diff_drive]: Wheel pair 1 separation set to [0.176000m]
[gzserver-1] [INFO] [1780952620.048877718] [track_preview_car.track_preview_car_diff_drive]: Wheel pair 1 diameter set to [0.060000m]
[gzserver-1] [INFO] [1780952620.049556624] [track_preview_car.track_preview_car_diff_drive]: Subscribed to [/track_preview_car/cmd_vel]
[gzserver-1] [INFO] [1780952620.050123050] [track_preview_car.track_preview_car_diff_drive]: Advertise odometry on [/track_preview_car/odom]
[gazebo_track_car-3] [INFO] [1780952620.074994792] [gazebo_track_car]: initial pose reset to configured route start; actual=(+1.828,+2.180) yaw=+0.000 target=(-1.828,+2.180) yaw=+0.000 error=3.656m/0.000rad segment=outer_top_left_to_top_mid
[gazebo_track_car-3] [INFO] [1780952620.120638295] [gazebo_track_car]: traffic light is now GREEN.
[gazebo_track_car-3] [WARN] [1780952620.121349253] [gazebo_track_car]: Waiting for /model_states pose before publishing wheel commands.
[gazebo_camera_viewer-4] [INFO] [1780952620.228814722] [gazebo_camera_viewer]: Receiving Gazebo camera frames.
[gazebo_track_car-3] [INFO] [1780952620.429547794] [gazebo_track_car]: wheel controller synced route progress from initial model pose; segment=outer_top_left_to_top_mid@0.000m route_dist=0.000m startup_gate=1.250m
[gzclient   -2] context mismatch in svga_surface_destroy
[gzclient   -2] context mismatch in svga_surface_destroy
[gazebo_track_car-3] [INFO] [1780952622.141820738] [gazebo_track_car]: MOTION pos=(-1.387,+2.180) yaw=-0.000 v=0.280 step_err=0.0213m/0.000rad track_err=0.0063m footprint=road:8.00px route=outer_top_left_to_top_mid cmd_vel=(0.280,+0.000)
[gazebo_track_car-3] [INFO] [1780952624.150402174] [gazebo_track_car]: MOTION pos=(-0.827,+2.180) yaw=+0.000 v=0.280 step_err=0.0224m/0.000rad track_err=0.0072m footprint=road:8.00px route=outer_top_left_to_top_mid cmd_vel=(0.280,+0.000)
[gazebo_track_car-3] [INFO] [1780952626.174008256] [gazebo_track_car]: MOTION pos=(-0.262,+2.180) yaw=+0.000 v=0.280 step_err=0.0230m/0.000rad track_err=0.0042m footprint=road:8.00px route=outer_top_left_to_top_mid cmd_vel=(0.280,-0.000)
[gazebo_track_car-3] [INFO] [1780952626.959955740] [gazebo_track_car]: route segment=outer_top_mid_to_gap; previous=outer_top_left_to_top_mid; distance=0.014m; decision=route/default: outer_top_mid_to_gap
[gazebo_track_car-3] [INFO] [1780952628.177368479] [gazebo_track_car]: MOTION pos=(+0.298,+2.180) yaw=-0.000 v=0.280 step_err=0.0224m/0.000rad track_err=0.0065m footprint=road:9.00px route=outer_top_mid_to_gap cmd_vel=(0.280,+0.000)
[gazebo_track_car-3] [INFO] [1780952628.769483866] [gazebo_track_car]: route segment=outer_top_gap_to_top_right_mid; previous=outer_top_mid_to_gap; distance=0.003m; decision=route/default: outer_top_gap_to_top_right_mid
[gazebo_track_car-3] [INFO] [1780952630.178703316] [gazebo_track_car]: MOTION pos=(+0.858,+2.180) yaw=+0.000 v=0.280 step_err=0.0232m/0.000rad track_err=0.0094m footprint=road:8.00px route=outer_top_gap_to_top_right_mid cmd_vel=(0.280,+0.000)
[gazebo_track_car-3] [INFO] [1780952630.478210793] [gazebo_track_car]: route segment=outer_top_right_mid_to_top_right; previous=outer_top_gap_to_top_right_mid; distance=0.014m; decision=route/default: outer_top_right_mid_to_top_right
[gazebo_track_car-3] [INFO] [1780952632.202204871] [gazebo_track_car]: MOTION pos=(+1.423,+2.180) yaw=+0.000 v=0.280 step_err=0.0227m/0.000rad track_err=0.0051m footprint=road:8.00px route=outer_top_right_mid_to_top_right cmd_vel=(0.280,-0.002)
[gazebo_track_car-3] [WARN] [1780952633.603859676] [gazebo_track_car]: JITTER events=4 reasons=yaw_step_error=0.045rad pos=(+1.794,+2.176) step=0.0051/0.0260m yaw=0.003/0.048rad route=outer_top_right_mid_to_top_right
[gazebo_track_car-3] [INFO] [1780952633.693756850] [gazebo_track_car]: route segment=outer_top_right_corner; previous=outer_top_right_mid_to_top_right; distance=0.019m; decision=route/default: outer_top_right_corner
[gazebo_track_car-3] [INFO] [1780952634.206566673] [gazebo_track_car]: MOTION pos=(+1.930,+2.161) yaw=-0.370 v=0.215 step_err=0.0173m/0.181rad track_err=0.0071m footprint=road:8.00px route=outer_top_right_corner cmd_vel=(0.211,-0.496)
[gazebo_track_car-3] [WARN] [1780952634.603379207] [gazebo_track_car]: JITTER events=7 reasons=yaw_step_error=0.032rad pos=(+2.009,+2.142) step=0.0039/0.0179m yaw=0.014/0.046rad route=outer_top_right_corner
[gazebo_track_car-3] [WARN] [1780952635.606023239] [gazebo_track_car]: JITTER events=6 reasons=yaw_step_error=0.195rad pos=(+2.154,+2.024) step=0.0041/0.0208m yaw=0.010/0.205rad route=outer_top_right_corner
[gazebo_track_car-3] [INFO] [1780952636.001857750] [gazebo_track_car]: ROUTE_PROGRESS_SYNC actual=(+2.183,+1.941) cmd_error=0.062m route_dist=0.003m yaw_error=0.123rad segment=outer_top_right_corner@0.455m->outer_top_right_corner@0.517m
[gazebo_track_car-3] [INFO] [1780952636.216038878] [gazebo_track_car]: MOTION pos=(+2.192,+1.888) yaw=-1.506 v=0.251 step_err=0.0201m/0.011rad track_err=0.0256m footprint=road:7.20px route=outer_top_right_corner cmd_vel=(0.255,-0.179)
[gazebo_track_car-3] [INFO] [1780952636.404276168] [gazebo_track_car]: route segment=outer_right_top_to_upper; previous=outer_top_right_corner; distance=0.013m; decision=route/default: outer_right_top_to_upper
[gazebo_track_car-3] [INFO] [1780952638.215753200] [gazebo_track_car]: MOTION pos=(+2.206,+1.343) yaw=-1.533 v=0.276 step_err=0.0235m/0.001rad track_err=0.0247m footprint=road:7.00px route=outer_right_top_to_upper cmd_vel=(0.277,+0.021)
[gazebo_track_car-3] [INFO] [1780952639.822172021] [gazebo_track_car]: route segment=outer_right_upper_to_mid; previous=outer_right_top_to_upper; distance=0.014m; decision=route/default: outer_right_upper_to_mid
[gazebo_track_car-3] [INFO] [1780952640.243452293] [gazebo_track_car]: MOTION pos=(+2.226,+0.785) yaw=-1.563 v=0.276 step_err=0.0213m/0.000rad track_err=0.0200m footprint=road:8.00px route=outer_right_upper_to_mid cmd_vel=(0.277,-0.022)
[gazebo_track_car-3] [INFO] [1780952642.336605270] [gazebo_track_car]: MOTION pos=(+2.227,+0.206) yaw=-1.574 v=0.280 step_err=0.0229m/0.000rad track_err=0.0249m footprint=road:9.00px route=outer_right_upper_to_mid cmd_vel=(0.280,+0.003)
[gazebo_track_car-3] [INFO] [1780952644.358981706] [gazebo_track_car]: MOTION pos=(+2.227,-0.357) yaw=-1.580 v=0.275 step_err=0.0245m/0.001rad track_err=0.0219m footprint=road:8.00px route=outer_right_upper_to_mid cmd_vel=(0.275,-0.031)
[gazebo_track_car-3] [INFO] [1780952644.848181173] [gazebo_track_car]: route segment=outer_right_mid_to_lower; previous=outer_right_upper_to_mid; distance=0.002m; decision=route/default: outer_right_mid_to_lower
[gazebo_track_car-3] [INFO] [1780952646.360242250] [gazebo_track_car]: MOTION pos=(+2.212,-0.913) yaw=-1.609 v=0.280 step_err=0.0221m/0.000rad track_err=0.0254m footprint=road:7.00px route=outer_right_mid_to_lower cmd_vel=(0.280,+0.002)
[gazebo_track_car-3] [INFO] [1780952648.388917751] [gazebo_track_car]: MOTION pos=(+2.191,-1.477) yaw=-1.607 v=0.280 step_err=0.0224m/0.000rad track_err=0.0213m footprint=road:7.00px route=outer_right_mid_to_lower cmd_vel=(0.263,-0.117)
[gazebo_track_car-3] [WARN] [1780952648.407457276] [gazebo_track_car]: JITTER events=9 reasons=speed_delta=0.046m/s pos=(+2.192,-1.482) step=0.0049/0.0000m yaw=0.003/0.000rad route=outer_right_mid_to_lower
[gazebo_track_car-3] [WARN] [1780952649.690869482] [gazebo_track_car]: JITTER events=1 reasons=yaw_step_error=0.234rad pos=(+2.176,-1.730) step=0.0034/0.0155m yaw=0.016/0.250rad route=outer_right_mid_to_lower
[gazebo_track_car-3] [INFO] [1780952650.079618829] [gazebo_track_car]: route segment=outer_bottom_right_corner; previous=outer_right_mid_to_lower; distance=0.006m; decision=route/default: outer_bottom_right_corner
[gazebo_track_car-3] [INFO] [1780952650.390319243] [gazebo_track_car]: MOTION pos=(+2.089,-1.825) yaw=-2.850 v=0.204 step_err=0.0155m/0.189rad track_err=0.0399m footprint=road:7.00px route=outer_bottom_right_corner cmd_vel=(0.201,-0.556)
[gazebo_track_car-3] [INFO] [1780952650.672957700] [gazebo_track_car]: ROUTE_PROGRESS_SYNC actual=(+2.035,-1.848) cmd_error=0.060m route_dist=0.003m yaw_error=0.151rad segment=outer_bottom_right_corner@0.104m->outer_bottom_right_corner@0.164m
[gazebo_track_car-3] [INFO] [1780952651.589181531] [gazebo_track_car]: route segment=outer_bottom_right_to_bottom_right_mid; previous=outer_bottom_right_corner; distance=0.018m; decision=route/default: outer_bottom_right_to_bottom_right_mid
[gazebo_track_car-3] [INFO] [1780952652.411396449] [gazebo_track_car]: MOTION pos=(+1.579,-1.860) yaw=+3.105 v=0.275 step_err=0.0228m/0.001rad track_err=0.0172m footprint=road:8.00px route=outer_bottom_right_to_bottom_right_mid cmd_vel=(0.274,+0.037)
[gazebo_track_car-3] [INFO] [1780952654.416431662] [gazebo_track_car]: MOTION pos=(+1.025,-1.851) yaw=-3.140 v=0.279 step_err=0.0224m/0.000rad track_err=0.0166m footprint=road:8.00px route=outer_bottom_right_to_bottom_right_mid cmd_vel=(0.280,+0.003)
[gazebo_track_car-3] [INFO] [1780952654.705980265] [gazebo_track_car]: route segment=outer_bottom_right_mid_to_bottom_mid; previous=outer_bottom_right_to_bottom_right_mid; distance=0.014m; decision=route/default: outer_bottom_right_mid_to_bottom_mid
[gazebo_track_car-3] [INFO] [1780952656.432646432] [gazebo_track_car]: MOTION pos=(+0.462,-1.852) yaw=-3.141 v=0.279 step_err=0.0223m/0.000rad track_err=0.0155m footprint=road:8.00px route=outer_bottom_right_mid_to_bottom_mid cmd_vel=(0.279,-0.007)
[gazebo_track_car-3] [INFO] [1780952658.225761722] [gazebo_track_car]: route segment=outer_bottom_mid_to_bottom_left_mid; previous=outer_bottom_right_mid_to_bottom_mid; distance=0.010m; decision=route/default: outer_bottom_mid_to_bottom_left_mid
[gazebo_track_car-3] [INFO] [1780952658.437689660] [gazebo_track_car]: MOTION pos=(-0.096,-1.852) yaw=+3.141 v=0.279 step_err=0.0229m/0.000rad track_err=0.0174m footprint=road:8.00px route=outer_bottom_mid_to_bottom_left_mid cmd_vel=(0.279,-0.004)
[gazebo_track_car-3] [INFO] [1780952660.444808518] [gazebo_track_car]: MOTION pos=(-0.656,-1.852) yaw=+3.141 v=0.280 step_err=0.0215m/0.000rad track_err=0.0195m footprint=road:8.00px route=outer_bottom_mid_to_bottom_left_mid cmd_vel=(0.280,+0.003)
[gazebo_track_car-3] [INFO] [1780952661.745610438] [gazebo_track_car]: route segment=outer_bottom_left_mid_to_bottom_left; previous=outer_bottom_mid_to_bottom_left_mid; distance=0.008m; decision=route/default: outer_bottom_left_mid_to_bottom_left
[gazebo_track_car-3] [INFO] [1780952662.465086994] [gazebo_track_car]: MOTION pos=(-1.220,-1.851) yaw=-3.141 v=0.280 step_err=0.0218m/0.000rad track_err=0.0163m footprint=road:8.00px route=outer_bottom_left_mid_to_bottom_left cmd_vel=(0.280,+0.000)
[gazebo_track_car-3] [INFO] [1780952664.467681353] [gazebo_track_car]: MOTION pos=(-1.779,-1.852) yaw=-3.141 v=0.279 step_err=0.0226m/0.000rad track_err=0.0191m footprint=road:8.00px route=outer_bottom_left_mid_to_bottom_left cmd_vel=(0.271,-0.060)
[gazebo_track_car-3] [WARN] [1780952664.485880786] [gazebo_track_car]: JITTER events=16 reasons=speed_delta=0.043m/s pos=(-1.784,-1.852) step=0.0049/0.0000m yaw=0.004/0.000rad route=outer_bottom_left_mid_to_bottom_left
[gazebo_track_car-3] [INFO] [1780952664.661208557] [gazebo_track_car]: route segment=outer_bottom_left_corner; previous=outer_bottom_left_mid_to_bottom_left; distance=0.023m; decision=route/default: outer_bottom_left_corner
[gazebo_track_car-3] [WARN] [1780952665.667959592] [gazebo_track_car]: JITTER events=2 reasons=yaw_step_error=0.084rad pos=(-2.028,-1.853) step=0.0033/0.0149m yaw=0.016/0.100rad route=outer_bottom_left_corner
[gazebo_track_car-3] [INFO] [1780952666.488183018] [gazebo_track_car]: MOTION pos=(-2.147,-1.772) yaw=+1.933 v=0.199 step_err=0.0148m/0.209rad track_err=0.0338m footprint=road:9.00px route=outer_bottom_left_corner cmd_vel=(0.196,-0.596)
[gazebo_track_car-3] [INFO] [1780952666.648460755] [gazebo_track_car]: ROUTE_PROGRESS_SYNC actual=(-2.164,-1.744) cmd_error=0.062m route_dist=0.018m yaw_error=0.244rad segment=outer_bottom_left_corner@0.367m->outer_left_lower_to_mid@0.060m
[gazebo_track_car-3] [INFO] [1780952666.669651864] [gazebo_track_car]: route segment=outer_left_lower_to_mid; previous=outer_bottom_left_corner; distance=0.080m; decision=route/progress_sync: outer_left_lower_to_mid
[gazebo_track_car-3] [INFO] [1780952668.490730455] [gazebo_track_car]: MOTION pos=(-2.202,-1.275) yaw=+1.559 v=0.275 step_err=0.0228m/0.001rad track_err=0.0190m footprint=road:6.00px route=outer_left_lower_to_mid cmd_vel=(0.275,+0.036)
[gazebo_track_car-3] [INFO] [1780952670.494756433] [gazebo_track_car]: MOTION pos=(-2.207,-0.721) yaw=+1.600 v=0.279 step_err=0.0221m/0.000rad track_err=0.0197m footprint=road:6.00px route=outer_left_lower_to_mid cmd_vel=(0.279,-0.006)
[gazebo_track_car-3] [WARN] [1780952671.939444470] [gazebo_track_car]: JITTER events=13 reasons=speed_delta=0.036m/s pos=(-2.219,-0.320) step=0.0049/0.0000m yaw=0.001/0.000rad route=outer_left_lower_to_mid
[gazebo_track_car-3] [INFO] [1780952672.515099268] [gazebo_track_car]: MOTION pos=(-2.217,-0.189) yaw=+1.759 v=0.195 step_err=0.0156m/0.008rad track_err=0.0175m footprint=road:6.00px route=outer_left_lower_to_mid cmd_vel=(0.217,+0.328)
[gazebo_track_car-3] [WARN] [1780952673.017908474] [gazebo_track_car]: JITTER events=2 reasons=yaw_step_error=0.330rad pos=(-2.244,-0.077) step=0.0041/0.0203m yaw=0.008/0.339rad route=outer_left_lower_to_mid
[gazebo_track_car-3] [INFO] [1780952673.306742483] [gazebo_track_car]: route segment=outer_left_mid_to_middle_entry; previous=outer_left_lower_to_mid; distance=0.001m; decision=route/default: outer_left_mid_to_middle_entry
[gazebo_track_car-3] [INFO] [1780952673.596034020] [gazebo_track_car]: ROUTE_PROGRESS_SYNC actual=(-2.266,+0.041) cmd_error=0.062m route_dist=0.016m yaw_error=0.079rad segment=outer_left_mid_to_middle_entry@0.043m->outer_left_middle_entry_to_upper@0.134m
[gazebo_track_car-3] [INFO] [1780952673.609065591] [gazebo_track_car]: route segment=outer_left_middle_entry_to_upper; previous=outer_left_mid_to_middle_entry; distance=0.157m; decision=route/progress_sync: outer_left_middle_entry_to_upper
[gazebo_track_car-3] [INFO] [1780952674.517677595] [gazebo_track_car]: MOTION pos=(-2.249,+0.285) yaw=+1.558 v=0.272 step_err=0.0218m/0.001rad track_err=0.0199m footprint=road:9.00px route=outer_left_middle_entry_to_upper cmd_vel=(0.273,+0.046)
[gazebo_track_car-3] [INFO] [1780952676.541452193] [gazebo_track_car]: MOTION pos=(-2.249,+0.844) yaw=+1.559 v=0.276 step_err=0.0221m/0.008rad track_err=0.0161m footprint=road:8.00px route=outer_left_middle_entry_to_upper cmd_vel=(0.276,-0.026)
[gazebo_track_car-3] [INFO] [1780952676.724442742] [gazebo_track_car]: route segment=outer_left_upper_to_top; previous=outer_left_middle_entry_to_upper; distance=0.025m; decision=route/default: outer_left_upper_to_top
[gazebo_track_car-3] [INFO] [1780952678.542625755] [gazebo_track_car]: MOTION pos=(-2.237,+1.401) yaw=+1.544 v=0.280 step_err=0.0224m/0.000rad track_err=0.0181m footprint=road:7.00px route=outer_left_upper_to_top cmd_vel=(0.280,+0.003)
[gazebo_track_car-3] [INFO] [1780952680.038378499] [gazebo_track_car]: route segment=outer_top_left_corner; previous=outer_left_upper_to_top; distance=0.007m; decision=route/default: outer_top_left_corner
[gazebo_track_car-3] [WARN] [1780952680.454151881] [gazebo_track_car]: JITTER events=9 reasons=yaw_step_error=0.068rad pos=(-2.221,+1.883) step=0.0044/0.0231m yaw=0.010/0.077rad route=outer_top_left_corner
[gazebo_track_car-3] [INFO] [1780952680.558379338] [gazebo_track_car]: MOTION pos=(-2.216,+1.904) yaw=+1.108 v=0.210 step_err=0.0153m/0.182rad track_err=0.0167m footprint=road:8.00px route=outer_top_left_corner cmd_vel=(0.205,-0.548)
[gazebo_track_car-3] [WARN] [1780952681.661442626] [gazebo_track_car]: JITTER events=5 reasons=yaw_step_error=0.173rad pos=(-2.098,+2.095) step=0.0042/0.0209m yaw=0.011/0.184rad route=outer_top_left_corner
[gazebo_track_car-3] [INFO] [1780952682.559726345] [gazebo_track_car]: MOTION pos=(-1.919,+2.177) yaw=+0.098 v=0.236 step_err=0.0167m/0.094rad track_err=0.0243m footprint=road:8.79px route=outer_top_left_corner cmd_vel=(0.239,-0.273)
[gazebo_track_car-3] [WARN] [1780952682.662166652] [gazebo_track_car]: JITTER events=8 reasons=yaw_step_error=0.217rad pos=(-1.895,+2.181) step=0.0048/0.0234m yaw=0.005/0.222rad route=outer_top_left_corner
[gazebo_track_car-3] [INFO] [1780952683.055995127] [gazebo_track_car]: route segment=outer_top_left_to_top_mid; previous=outer_top_left_corner; distance=0.008m; decision=route/default: outer_top_left_to_top_mid
[gazebo_track_car-3] [WARN] [1780952683.849721979] [gazebo_track_car]: JITTER events=4 reasons=cmd_xy_error=0.0503m pos=(-1.581,+2.187) step=0.0055/0.0000m yaw=0.000/0.000rad route=outer_top_left_to_top_mid
[gazebo_track_car-3] [INFO] [1780952684.569488910] [gazebo_track_car]: MOTION pos=(-1.383,+2.181) yaw=-0.013 v=0.276 step_err=0.0228m/0.001rad track_err=0.0264m footprint=road:8.00px route=outer_top_left_to_top_mid cmd_vel=(0.276,+0.028)
[gazebo_track_car-3] [WARN] [1780952686.370791197] [gazebo_track_car]: JITTER events=1 reasons=cmd_xy_error=0.0521m pos=(-0.882,+2.179) step=0.0056/0.0000m yaw=0.000/0.000rad route=outer_top_left_to_top_mid
[gazebo_track_car-3] [INFO] [1780952686.575070745] [gazebo_track_car]: MOTION pos=(-0.827,+2.180) yaw=+0.003 v=0.278 step_err=0.0217m/0.000rad track_err=0.0248m footprint=road:8.00px route=outer_top_left_to_top_mid cmd_vel=(0.279,-0.008)
[gazebo_track_car-3] [WARN] [1780952687.373094829] [gazebo_track_car]: JITTER events=7 reasons=cmd_xy_error=0.0509m pos=(-0.604,+2.180) step=0.0056/0.0000m yaw=0.000/0.000rad route=outer_top_left_to_top_mid
[gazebo_track_car-3] [INFO] [1780952688.594023366] [gazebo_track_car]: MOTION pos=(-0.264,+2.180) yaw=-0.000 v=0.279 step_err=0.0226m/0.000rad track_err=0.0262m footprint=road:8.00px route=outer_top_left_to_top_mid cmd_vel=(0.279,-0.005)
[gazebo_track_car-3] [INFO] [1780952689.490371309] [gazebo_track_car]: route segment=outer_top_mid_to_gap; previous=outer_top_left_to_top_mid; distance=0.009m; decision=route/default: outer_top_mid_to_gap
[gazebo_track_car-3] [INFO] [1780952690.605658272] [gazebo_track_car]: MOTION pos=(+0.295,+2.180) yaw=-0.001 v=0.280 step_err=0.0207m/0.000rad track_err=0.0260m footprint=road:9.00px route=outer_top_mid_to_gap cmd_vel=(0.280,+0.003)
[gazebo_track_car-3] [WARN] [1780952691.304603507] [gazebo_track_car]: JITTER events=5 reasons=cmd_xy_error=0.0531m pos=(+0.491,+2.180) step=0.0056/0.0000m yaw=0.000/0.000rad route=outer_top_mid_to_gap
[gazebo_track_car-3] [INFO] [1780952691.407256313] [gazebo_track_car]: route segment=outer_top_gap_to_top_right_mid; previous=outer_top_mid_to_gap; distance=0.028m; decision=route/default: outer_top_gap_to_top_right_mid
[gazebo_track_car-3] [INFO] [1780952692.618379590] [gazebo_track_car]: MOTION pos=(+0.860,+2.180) yaw=+0.000 v=0.280 step_err=0.0235m/0.000rad track_err=0.0253m footprint=road:8.00px route=outer_top_gap_to_top_right_mid cmd_vel=(0.280,+0.000)
[gazebo_track_car-3] [WARN] [1780952692.713195642] [gazebo_track_car]: JITTER events=2 reasons=cmd_xy_error=0.0533m pos=(+0.888,+2.180) step=0.0056/0.0000m yaw=0.000/0.000rad route=outer_top_gap_to_top_right_mid
[gazebo_track_car-3] [INFO] [1780952693.014380839] [gazebo_track_car]: route segment=outer_top_right_mid_to_top_right; previous=outer_top_gap_to_top_right_mid; distance=0.012m; decision=route/default: outer_top_right_mid_to_top_right
[gazebo_track_car-3] [INFO] [1780952694.634888658] [gazebo_track_car]: MOTION pos=(+1.424,+2.180) yaw=+0.001 v=0.279 step_err=0.0226m/0.000rad track_err=0.0264m footprint=road:8.00px route=outer_top_right_mid_to_top_right cmd_vel=(0.279,-0.007)
[gazebo_track_car-3] [WARN] [1780952695.260497985] [gazebo_track_car]: JITTER events=9 reasons=speed_delta=0.058m/s pos=(+1.596,+2.180) step=0.0048/0.0000m yaw=0.002/0.000rad route=outer_top_right_mid_to_top_right
[gazebo_track_car-3] [INFO] [1780952696.233322814] [gazebo_track_car]: route segment=outer_top_right_corner; previous=outer_top_right_mid_to_top_right; distance=0.014m; decision=route/default: outer_top_right_corner
[gazebo_track_car-3] [WARN] [1780952696.239214048] [gazebo_track_car]: JITTER events=2 reasons=yaw_step_error=0.216rad pos=(+1.842,+2.173) step=0.0048/0.0242m yaw=0.005/0.221rad route=outer_top_right_corner
[gazebo_track_car-3] [INFO] [1780952696.654638538] [gazebo_track_car]: MOTION pos=(+1.934,+2.164) yaw=-0.353 v=0.213 step_err=0.0172m/0.128rad track_err=0.0373m footprint=road:8.00px route=outer_top_right_corner cmd_vel=(0.208,-0.496)
[gazebo_track_car-3] [WARN] [1780952697.257503700] [gazebo_track_car]: JITTER events=18 reasons=yaw_step_error=0.051rad pos=(+2.047,+2.133) step=0.0034/0.0150m yaw=0.014/0.064rad route=outer_top_right_corner
[gazebo_track_car-3] [INFO] [1780952697.334950221] [gazebo_track_car]: ROUTE_PROGRESS_SYNC actual=(+2.060,+2.128) cmd_error=0.061m route_dist=0.004m yaw_error=0.011rad segment=outer_top_right_corner@0.214m->outer_top_right_corner@0.274m
[gazebo_track_car-3] [INFO] [1780952698.750860938] [gazebo_track_car]: MOTION pos=(+2.197,+1.884) yaw=-1.529 v=0.252 step_err=0.0200m/0.011rad track_err=0.0170m footprint=road:7.20px route=outer_top_right_corner cmd_vel=(0.256,-0.162)
[gazebo_track_car-3] [INFO] [1780952699.050128376] [gazebo_track_car]: route segment=outer_right_top_to_upper; previous=outer_top_right_corner; distance=0.023m; decision=route/default: outer_right_top_to_upper
[gazebo_track_car-3] [INFO] [1780952700.773669435] [gazebo_track_car]: MOTION pos=(+2.204,+1.334) yaw=-1.527 v=0.276 step_err=0.0213m/0.001rad track_err=0.0042m footprint=road:7.00px route=outer_right_top_to_upper cmd_vel=(0.277,+0.019)
[gazebo_track_car-3] [INFO] [1780952702.465207533] [gazebo_track_car]: route segment=outer_right_upper_to_mid; previous=outer_right_top_to_upper; distance=0.025m; decision=route/default: outer_right_upper_to_mid
[gazebo_track_car-3] [INFO] [1780952702.771374374] [gazebo_track_car]: MOTION pos=(+2.227,+0.783) yaw=-1.564 v=0.276 step_err=0.0224m/0.000rad track_err=0.0010m footprint=road:8.00px route=outer_right_upper_to_mid cmd_vel=(0.276,-0.023)
[gazebo_track_car-3] [INFO] [1780952704.778322907] [gazebo_track_car]: MOTION pos=(+2.227,+0.226) yaw=-1.573 v=0.280 step_err=0.0218m/0.000rad track_err=0.0004m footprint=road:9.00px route=outer_right_upper_to_mid cmd_vel=(0.279,+0.004)
[gazebo_track_car-3] [INFO] [1780952706.799549447] [gazebo_track_car]: MOTION pos=(+2.227,-0.338) yaw=-1.577 v=0.276 step_err=0.0223m/0.000rad track_err=0.0023m footprint=road:8.00px route=outer_right_upper_to_mid cmd_vel=(0.275,-0.031)
[gazebo_track_car-3] [INFO] [1780952707.492372598] [gazebo_track_car]: route segment=outer_right_mid_to_lower; previous=outer_right_upper_to_mid; distance=0.013m; decision=route/default: outer_right_mid_to_lower
[gazebo_track_car-3] [INFO] [1780952708.802020993] [gazebo_track_car]: MOTION pos=(+2.213,-0.892) yaw=-1.609 v=0.280 step_err=0.0221m/0.000rad track_err=0.0006m footprint=road:7.00px route=outer_right_mid_to_lower cmd_vel=(0.280,+0.002)
[gazebo_track_car-3] [INFO] [1780952710.827020303] [gazebo_track_car]: MOTION pos=(+2.192,-1.456) yaw=-1.607 v=0.280 step_err=0.0221m/0.000rad track_err=0.0040m footprint=road:7.00px route=outer_right_mid_to_lower cmd_vel=(0.280,+0.002)
[gazebo_track_car-3] [WARN] [1780952711.047656523] [gazebo_track_car]: JITTER events=10 reasons=speed_delta=0.059m/s pos=(+2.190,-1.517) step=0.0047/0.0000m yaw=0.004/0.000rad route=outer_right_mid_to_lower
[gazebo_track_car-3] [WARN] [1780952712.327588392] [gazebo_track_car]: JITTER events=1 reasons=yaw_step_error=0.116rad pos=(+2.178,-1.747) step=0.0032/0.0141m yaw=0.016/0.132rad route=outer_right_mid_to_lower
[gazebo_track_car-3] [INFO] [1780952712.816038938] [gazebo_track_car]: route segment=outer_bottom_right_corner; previous=outer_right_mid_to_lower; distance=0.012m; decision=route/default: outer_bottom_right_corner
[gazebo_track_car-3] [INFO] [1780952712.826678089] [gazebo_track_car]: MOTION pos=(+2.123,-1.814) yaw=-2.767 v=0.193 step_err=0.0101m/0.030rad track_err=0.0459m footprint=road:7.00px route=outer_bottom_right_corner cmd_vel=(0.188,-0.652)
[gazebo_track_car-3] [INFO] [1780952712.906796988] [gazebo_track_car]: ROUTE_PROGRESS_SYNC actual=(+2.110,-1.824) cmd_error=0.061m route_dist=0.020m yaw_error=0.134rad segment=outer_bottom_right_corner@0.012m->outer_bottom_right_corner@0.070m
[gazebo_track_car-3] [INFO] [1780952714.223132275] [gazebo_track_car]: route segment=outer_bottom_right_to_bottom_right_mid; previous=outer_bottom_right_corner; distance=0.009m; decision=route/default: outer_bottom_right_to_bottom_right_mid
[gazebo_track_car-3] [INFO] [1780952714.829006172] [gazebo_track_car]: MOTION pos=(+1.633,-1.861) yaw=+3.098 v=0.274 step_err=0.0233m/0.001rad track_err=0.0099m footprint=road:7.00px route=outer_bottom_right_to_bottom_right_mid cmd_vel=(0.273,+0.046)
[gazebo_track_car-3] [INFO] [1780952716.853117169] [gazebo_track_car]: MOTION pos=(+1.075,-1.851) yaw=-3.139 v=0.280 step_err=0.0232m/0.000rad track_err=0.0013m footprint=road:8.00px route=outer_bottom_right_to_bottom_right_mid cmd_vel=(0.280,+0.001)
[gazebo_track_car-3] [INFO] [1780952717.342315937] [gazebo_track_car]: route segment=outer_bottom_right_mid_to_bottom_mid; previous=outer_bottom_right_to_bottom_right_mid; distance=0.004m; decision=route/default: outer_bottom_right_mid_to_bottom_mid
[gazebo_track_car-3] [INFO] [1780952718.852560977] [gazebo_track_car]: MOTION pos=(+0.517,-1.852) yaw=-3.141 v=0.279 step_err=0.0226m/0.000rad track_err=0.0031m footprint=road:8.00px route=outer_bottom_right_mid_to_bottom_mid cmd_vel=(0.279,-0.006)
[gazebo_track_car-3] [INFO] [1780952720.859289586] [gazebo_track_car]: route segment=outer_bottom_mid_to_bottom_left_mid; previous=outer_bottom_right_mid_to_bottom_mid; distance=0.000m; decision=route/default: outer_bottom_mid_to_bottom_left_mid
[gazebo_track_car-3] [INFO] [1780952720.874399904] [gazebo_track_car]: MOTION pos=(-0.046,-1.852) yaw=+3.140 v=0.280 step_err=0.0226m/0.000rad track_err=0.0008m footprint=road:8.00px route=outer_bottom_mid_to_bottom_left_mid cmd_vel=(0.280,-0.002)
[gazebo_track_car-3] [INFO] [1780952722.884107321] [gazebo_track_car]: MOTION pos=(-0.606,-1.851) yaw=+3.141 v=0.279 step_err=0.0224m/0.000rad track_err=0.0013m footprint=road:8.00px route=outer_bottom_mid_to_bottom_left_mid cmd_vel=(0.280,+0.002)
[gazebo_track_car-3] [INFO] [1780952724.478503984] [gazebo_track_car]: route segment=outer_bottom_left_mid_to_bottom_left; previous=outer_bottom_mid_to_bottom_left_mid; distance=0.025m; decision=route/default: outer_bottom_left_mid_to_bottom_left
[gazebo_track_car-3] [INFO] [1780952724.883655769] [gazebo_track_car]: MOTION pos=(-1.165,-1.852) yaw=-3.140 v=0.280 step_err=0.0218m/0.000rad track_err=0.0037m footprint=road:8.00px route=outer_bottom_left_mid_to_bottom_left cmd_vel=(0.279,-0.003)
[gazebo_track_car-3] [INFO] [1780952726.902820459] [gazebo_track_car]: MOTION pos=(-1.729,-1.852) yaw=-3.142 v=0.279 step_err=0.0234m/0.000rad track_err=0.0016m footprint=road:8.00px route=outer_bottom_left_mid_to_bottom_left cmd_vel=(0.279,-0.006)
[gazebo_track_car-3] [WARN] [1780952727.225537906] [gazebo_track_car]: JITTER events=12 reasons=speed_delta=0.049m/s pos=(-1.817,-1.852) step=0.0048/0.0000m yaw=0.004/0.000rad route=outer_bottom_left_mid_to_bottom_left
[gazebo_track_car-3] [INFO] [1780952727.290974998] [gazebo_track_car]: route segment=outer_bottom_left_corner; previous=outer_bottom_left_mid_to_bottom_left; distance=0.011m; decision=route/default: outer_bottom_left_corner
[gazebo_track_car-3] [WARN] [1780952728.404257567] [gazebo_track_car]: JITTER events=1 reasons=yaw_step_error=0.070rad pos=(-2.045,-1.854) step=0.0031/0.0145m yaw=0.017/0.087rad route=outer_bottom_left_corner
[gazebo_track_car-3] [INFO] [1780952728.907280386] [gazebo_track_car]: MOTION pos=(-2.118,-1.817) yaw=+2.100 v=0.174 step_err=0.0120m/0.033rad track_err=0.0321m footprint=road:7.00px route=outer_bottom_left_corner cmd_vel=(0.178,-0.722)
[gazebo_track_car-3] [INFO] [1780952729.365451829] [gazebo_track_car]: ROUTE_PROGRESS_SYNC actual=(-2.172,-1.744) cmd_error=0.061m route_dist=0.010m yaw_error=0.209rad segment=outer_bottom_left_corner@0.362m->outer_left_lower_to_mid@0.060m
[gazebo_track_car-3] [INFO] [1780952729.398609589] [gazebo_track_car]: route segment=outer_left_lower_to_mid; previous=outer_bottom_left_corner; distance=0.081m; decision=route/progress_sync: outer_left_lower_to_mid
[gazebo_track_car-3] [INFO] [1780952730.908150763] [gazebo_track_car]: MOTION pos=(-2.205,-1.354) yaw=+1.547 v=0.276 step_err=0.0218m/0.000rad track_err=0.0201m footprint=road:6.00px route=outer_left_lower_to_mid cmd_vel=(0.275,+0.032)
[gazebo_track_car-3] [INFO] [1780952732.933047454] [gazebo_track_car]: MOTION pos=(-2.205,-0.797) yaw=+1.600 v=0.280 step_err=0.0216m/0.000rad track_err=0.0112m footprint=road:6.00px route=outer_left_lower_to_mid cmd_vel=(0.280,-0.003)
[gazebo_track_car-3] [WARN] [1780952734.654651547] [gazebo_track_car]: JITTER events=14 reasons=speed_delta=0.039m/s pos=(-2.219,-0.318) step=0.0049/0.0000m yaw=0.001/0.000rad route=outer_left_lower_to_mid
[gazebo_track_car-3] [INFO] [1780952734.932573972] [gazebo_track_car]: MOTION pos=(-2.218,-0.249) yaw=+1.650 v=0.236 step_err=0.0193m/0.006rad track_err=0.0150m footprint=road:6.00px route=outer_left_lower_to_mid cmd_vel=(0.222,+0.336)
[gazebo_track_car-3] [WARN] [1780952735.735298296] [gazebo_track_car]: JITTER events=2 reasons=yaw_step_error=0.318rad pos=(-2.246,-0.077) step=0.0041/0.0197m yaw=0.010/0.328rad route=outer_left_lower_to_mid
[gazebo_track_car-3] [INFO] [1780952736.032658895] [gazebo_track_car]: route segment=outer_left_mid_to_middle_entry; previous=outer_left_lower_to_mid; distance=0.002m; decision=route/default: outer_left_mid_to_middle_entry
[gazebo_track_car-3] [INFO] [1780952736.294255779] [gazebo_track_car]: ROUTE_PROGRESS_SYNC actual=(-2.265,+0.040) cmd_error=0.063m route_dist=0.015m yaw_error=0.094rad segment=outer_left_mid_to_middle_entry@0.044m->outer_left_middle_entry_to_upper@0.134m
[gazebo_track_car-3] [INFO] [1780952736.333600692] [gazebo_track_car]: route segment=outer_left_middle_entry_to_upper; previous=outer_left_mid_to_middle_entry; distance=0.159m; decision=route/progress_sync: outer_left_middle_entry_to_upper
[gazebo_track_car-3] [INFO] [1780952736.937308030] [gazebo_track_car]: MOTION pos=(-2.249,+0.205) yaw=+1.546 v=0.267 step_err=0.0053m/0.002rad track_err=0.0099m footprint=road:9.00px route=outer_left_middle_entry_to_upper cmd_vel=(0.266,+0.096)
[gazebo_track_car-3] [INFO] [1780952738.963934754] [gazebo_track_car]: MOTION pos=(-2.250,+0.762) yaw=+1.567 v=0.275 step_err=0.0215m/0.001rad track_err=0.0126m footprint=road:8.00px route=outer_left_middle_entry_to_upper cmd_vel=(0.275,-0.032)
[gazebo_track_car-3] [INFO] [1780952739.452444180] [gazebo_track_car]: route segment=outer_left_upper_to_top; previous=outer_left_middle_entry_to_upper; distance=0.023m; decision=route/default: outer_left_upper_to_top
[gazebo_track_car-3] [INFO] [1780952740.960904441] [gazebo_track_car]: MOTION pos=(-2.239,+1.318) yaw=+1.543 v=0.280 step_err=0.0056m/0.000rad track_err=0.0101m footprint=road:7.00px route=outer_left_upper_to_top cmd_vel=(0.280,+0.003)
[gazebo_track_car-3] [INFO] [1780952742.769208351] [gazebo_track_car]: route segment=outer_top_left_corner; previous=outer_left_upper_to_top; distance=0.004m; decision=route/default: outer_top_left_corner
[gazebo_track_car-3] [INFO] [1780952742.982916774] [gazebo_track_car]: MOTION pos=(-2.230,+1.841) yaw=+1.258 v=0.214 step_err=0.0172m/0.010rad track_err=0.0111m footprint=road:7.59px route=outer_top_left_corner cmd_vel=(0.211,-0.501)
[gazebo_track_car-3] [WARN] [1780952743.185034207] [gazebo_track_car]: JITTER events=8 reasons=yaw_step_error=0.036rad pos=(-2.222,+1.883) step=0.0044/0.0217m yaw=0.009/0.045rad route=outer_top_left_corner
[gazebo_track_car-3] [WARN] [1780952744.389258200] [gazebo_track_car]: JITTER events=5 reasons=yaw_step_error=0.142rad pos=(-2.099,+2.096) step=0.0042/0.0201m yaw=0.011/0.153rad route=outer_top_left_corner
[gazebo_track_car-3] [INFO] [1780952744.984745096] [gazebo_track_car]: MOTION pos=(-1.987,+2.160) yaw=+0.198 v=0.221 step_err=0.0163m/0.021rad track_err=0.0214m footprint=road:9.00px route=outer_top_left_corner cmd_vel=(0.225,-0.377)
[gazebo_track_car-3] [WARN] [1780952745.387477863] [gazebo_track_car]: JITTER events=6 reasons=yaw_step_error=0.223rad pos=(-1.896,+2.182) step=0.0048/0.0237m yaw=0.005/0.228rad route=outer_top_left_corner
[gazebo_track_car-3] [INFO] [1780952745.785478251] [gazebo_track_car]: route segment=outer_top_left_to_top_mid; previous=outer_top_left_corner; distance=0.005m; decision=route/default: outer_top_left_to_top_mid
[gazebo_track_car-3] [WARN] [1780952746.488239036] [gazebo_track_car]: JITTER events=11 reasons=cmd_xy_error=0.0551m pos=(-1.604,+2.188) step=0.0056/0.0000m yaw=0.000/0.000rad route=outer_top_left_to_top_mid
[gazebo_track_car-3] [INFO] [1780952747.008872493] [gazebo_track_car]: MOTION pos=(-1.461,+2.183) yaw=-0.021 v=0.275 step_err=0.0222m/0.001rad track_err=0.0317m footprint=road:8.00px route=outer_top_left_to_top_mid cmd_vel=(0.275,+0.033)
[gazebo_track_car-3] [WARN] [1780952747.490930752] [gazebo_track_car]: JITTER events=10 reasons=cmd_xy_error=0.0531m pos=(-1.329,+2.180) step=0.0055/0.0000m yaw=0.000/0.000rad route=outer_top_left_to_top_mid
[gazebo_track_car-3] [WARN] [1780952748.489845493] [gazebo_track_car]: JITTER events=10 reasons=cmd_xy_error=0.0525m pos=(-1.051,+2.179) step=0.0056/0.0000m yaw=0.000/0.000rad route=outer_top_left_to_top_mid
[gazebo_track_car-3] [INFO] [1780952749.012838794] [gazebo_track_car]: MOTION pos=(-0.906,+2.179) yaw=+0.004 v=0.279 step_err=0.0223m/0.000rad track_err=0.0292m footprint=road:8.00px route=outer_top_left_to_top_mid cmd_vel=(0.279,-0.007)
[gazebo_track_car-3] [WARN] [1780952749.492010714] [gazebo_track_car]: JITTER events=10 reasons=cmd_xy_error=0.0506m pos=(-0.772,+2.180) step=0.0056/0.0000m yaw=0.000/0.000rad route=outer_top_left_to_top_mid
[gazebo_track_car-3] [WARN] [1780952750.711545085] [gazebo_track_car]: JITTER events=1 reasons=cmd_xy_error=0.0549m pos=(-0.432,+2.180) step=0.0056/0.0000m yaw=0.000/0.000rad route=outer_top_left_to_top_mid
[gazebo_track_car-3] [INFO] [1780952751.014278327] [gazebo_track_car]: MOTION pos=(-0.348,+2.180) yaw=-0.000 v=0.279 step_err=0.0229m/0.000rad track_err=0.0267m footprint=road:8.00px route=outer_top_left_to_top_mid cmd_vel=(0.279,-0.005)
[gazebo_track_car-3] [WARN] [1780952751.716390259] [gazebo_track_car]: JITTER events=5 reasons=cmd_xy_error=0.0542m pos=(-0.153,+2.180) step=0.0056/0.0000m yaw=0.000/0.000rad route=outer_top_left_to_top_mid
[gazebo_track_car-3] [INFO] [1780952752.220287026] [gazebo_track_car]: route segment=outer_top_mid_to_gap; previous=outer_top_left_to_top_mid; distance=0.009m; decision=route/default: outer_top_mid_to_gap
[gazebo_track_car-3] [WARN] [1780952752.717622729] [gazebo_track_car]: JITTER events=10 reasons=cmd_xy_error=0.0531m pos=(+0.127,+2.180) step=0.0056/0.0000m yaw=0.000/0.000rad route=outer_top_mid_to_gap
[gazebo_track_car-3] [INFO] [1780952753.035587787] [gazebo_track_car]: MOTION pos=(+0.216,+2.180) yaw=-0.002 v=0.280 step_err=0.0229m/0.000rad track_err=0.0298m footprint=road:9.00px route=outer_top_mid_to_gap cmd_vel=(0.280,+0.003)
[gazebo_track_car-3] [WARN] [1780952753.717846988] [gazebo_track_car]: JITTER events=10 reasons=cmd_xy_error=0.0519m pos=(+0.406,+2.180) step=0.0056/0.0000m yaw=0.000/0.000rad route=outer_top_mid_to_gap
[gazebo_track_car-3] [INFO] [1780952754.130885656] [gazebo_track_car]: route segment=outer_top_gap_to_top_right_mid; previous=outer_top_mid_to_gap; distance=0.026m; decision=route/default: outer_top_gap_to_top_right_mid
[gazebo_track_car-3] [WARN] [1780952754.720876828] [gazebo_track_car]: JITTER events=9 reasons=cmd_xy_error=0.0515m pos=(+0.686,+2.180) step=0.0056/0.0000m yaw=0.000/0.000rad route=outer_top_gap_to_top_right_mid
[gazebo_track_car-3] [INFO] [1780952755.039647746] [gazebo_track_car]: MOTION pos=(+0.775,+2.180) yaw=+0.000 v=0.280 step_err=0.0218m/0.000rad track_err=0.0277m footprint=road:8.39px route=outer_top_gap_to_top_right_mid cmd_vel=(0.280,+0.000)
[gazebo_track_car-3] [WARN] [1780952755.638858476] [gazebo_track_car]: JITTER events=7 reasons=cmd_xy_error=0.0551m pos=(+0.943,+2.180) step=0.0056/0.0000m yaw=0.000/0.000rad route=outer_top_gap_to_top_right_mid
[gazebo_track_car-3] [INFO] [1780952755.739428916] [gazebo_track_car]: route segment=outer_top_right_mid_to_top_right; previous=outer_top_gap_to_top_right_mid; distance=0.007m; decision=route/default: outer_top_right_mid_to_top_right
[gazebo_track_car-3] [WARN] [1780952756.740897133] [gazebo_track_car]: JITTER events=9 reasons=cmd_xy_error=0.0523m pos=(+1.250,+2.180) step=0.0056/0.0000m yaw=0.000/0.000rad route=outer_top_right_mid_to_top_right
[gazebo_track_car-3] [INFO] [1780952757.063101295] [gazebo_track_car]: MOTION pos=(+1.339,+2.180) yaw=+0.000 v=0.279 step_err=0.0212m/0.000rad track_err=0.0306m footprint=road:8.00px route=outer_top_right_mid_to_top_right cmd_vel=(0.279,-0.006)
[gazebo_track_car-3] [WARN] [1780952757.743989035] [gazebo_track_car]: JITTER events=10 reasons=cmd_xy_error=0.0519m pos=(+1.529,+2.180) step=0.0056/0.0000m yaw=0.000/0.000rad route=outer_top_right_mid_to_top_right
[gazebo_track_car-3] [INFO] [1780952758.956092906] [gazebo_track_car]: route segment=outer_top_right_corner; previous=outer_top_right_mid_to_top_right; distance=0.010m; decision=route/default: outer_top_right_corner
[gazebo_track_car-3] [WARN] [1780952758.964020570] [gazebo_track_car]: JITTER events=5 reasons=yaw_step_error=0.181rad pos=(+1.842,+2.173) step=0.0049/0.0243m yaw=0.005/0.186rad route=outer_top_right_corner
[gazebo_track_car-3] [INFO] [1780952759.061898640] [gazebo_track_car]: MOTION pos=(+1.865,+2.171) yaw=-0.206 v=0.228 step_err=0.0187m/0.129rad track_err=0.0282m footprint=road:8.00px route=outer_top_right_corner cmd_vel=(0.216,-0.433)
[gazebo_track_car-3] [WARN] [1780952759.984853635] [gazebo_track_car]: JITTER events=19 reasons=cmd_xy_error=0.0522m pos=(+2.047,+2.134) step=0.0034/0.0000m yaw=0.014/0.000rad route=outer_top_right_corner
[gazebo_track_car-3] [INFO] [1780952760.044993107] [gazebo_track_car]: ROUTE_PROGRESS_SYNC actual=(+2.056,+2.131) cmd_error=0.062m route_dist=0.002m yaw_error=0.028rad segment=outer_top_right_corner@0.209m->outer_top_right_corner@0.271m
[gazebo_track_car-3] [WARN] [1780952760.970323234] [gazebo_track_car]: JITTER events=9 reasons=yaw_step_error=0.093rad pos=(+2.172,+2.002) step=0.0044/0.0194m yaw=0.009/0.101rad route=outer_top_right_corner
[gazebo_track_car-3] [INFO] [1780952761.070251584] [gazebo_track_car]: MOTION pos=(+2.179,+1.981) yaw=-1.407 v=0.223 step_err=0.0178m/0.008rad track_err=0.0030m footprint=road:8.59px route=outer_top_right_corner cmd_vel=(0.227,-0.380)
[gazebo_track_car-3] [INFO] [1780952761.769350461] [gazebo_track_car]: route segment=outer_right_top_to_upper; previous=outer_top_right_corner; distance=0.019m; decision=route/default: outer_right_top_to_upper
[gazebo_track_car-3] [INFO] [1780952763.092775720] [gazebo_track_car]: MOTION pos=(+2.202,+1.450) yaw=-1.547 v=0.273 step_err=0.0210m/0.001rad track_err=0.0056m footprint=road:7.00px route=outer_right_top_to_upper cmd_vel=(0.273,+0.045)
[gazebo_track_car-3] [INFO] [1780952765.187446175] [gazebo_track_car]: route segment=outer_right_upper_to_mid; previous=outer_right_top_to_upper; distance=0.013m; decision=route/default: outer_right_upper_to_mid
[gazebo_track_car-3] [INFO] [1780952765.205062170] [gazebo_track_car]: MOTION pos=(+2.225,+0.872) yaw=-1.556 v=0.275 step_err=0.0219m/0.008rad track_err=0.0051m footprint=road:8.00px route=outer_right_upper_to_mid cmd_vel=(0.275,-0.034)
[gazebo_track_car-3] [INFO] [1780952767.208614740] [gazebo_track_car]: MOTION pos=(+2.227,+0.316) yaw=-1.575 v=0.279 step_err=0.0235m/0.000rad track_err=0.0035m footprint=road:9.00px route=outer_right_upper_to_mid cmd_vel=(0.279,+0.004)
[gazebo_track_car-3] [WARN] [1780952768.204943565] [gazebo_track_car]: JITTER events=1 reasons=cmd_xy_error=0.0550m pos=(+2.227,+0.037) step=0.0056/0.0000m yaw=0.000/0.000rad route=outer_right_upper_to_mid
[gazebo_track_car-3] [INFO] [1780952769.214887319] [gazebo_track_car]: MOTION pos=(+2.226,-0.243) yaw=-1.571 v=0.279 step_err=0.0223m/0.000rad track_err=0.0016m footprint=road:8.00px route=outer_right_upper_to_mid cmd_vel=(0.278,-0.014)
[gazebo_track_car-3] [INFO] [1780952770.215760332] [gazebo_track_car]: route segment=outer_right_mid_to_lower; previous=outer_right_upper_to_mid; distance=0.003m; decision=route/default: outer_right_mid_to_lower
[gazebo_track_car-3] [INFO] [1780952771.237548538] [gazebo_track_car]: MOTION pos=(+2.217,-0.802) yaw=-1.610 v=0.280 step_err=0.0238m/0.000rad track_err=0.0035m footprint=road:7.00px route=outer_right_mid_to_lower cmd_vel=(0.280,+0.001)
[gazebo_track_car-3] [INFO] [1780952773.332992062] [gazebo_track_car]: MOTION pos=(+2.195,-1.382) yaw=-1.607 v=0.280 step_err=0.0224m/0.000rad track_err=0.0004m footprint=road:6.39px route=outer_right_mid_to_lower cmd_vel=(0.280,+0.002)
[gazebo_track_car-3] [WARN] [1780952773.754941702] [gazebo_track_car]: JITTER events=1 reasons=speed_delta=0.041m/s pos=(+2.191,-1.499) step=0.0050/0.0000m yaw=0.004/0.000rad route=outer_right_mid_to_lower
[gazebo_track_car-3] [WARN] [1780952775.157324884] [gazebo_track_car]: JITTER events=1 reasons=yaw_step_error=0.216rad pos=(+2.173,-1.756) step=0.0032/0.0146m yaw=0.015/0.232rad route=outer_right_mid_to_lower
[gazebo_track_car-3] [INFO] [1780952775.356677748] [gazebo_track_car]: MOTION pos=(+2.155,-1.784) yaw=-2.603 v=0.173 step_err=0.0125m/0.165rad track_err=0.0284m footprint=road:8.00px route=outer_right_mid_to_lower cmd_vel=(0.171,-0.732)
[gazebo_track_car-3] [INFO] [1780952775.542645165] [gazebo_track_car]: route segment=outer_bottom_right_corner; previous=outer_right_mid_to_lower; distance=0.004m; decision=route/default: outer_bottom_right_corner
[gazebo_track_car-3] [INFO] [1780952775.636813341] [gazebo_track_car]: ROUTE_PROGRESS_SYNC actual=(+2.115,-1.820) cmd_error=0.062m route_dist=0.018m yaw_error=0.090rad segment=outer_bottom_right_corner@0.004m->outer_bottom_right_corner@0.063m
[gazebo_track_car-3] [INFO] [1780952777.048908080] [gazebo_track_car]: route segment=outer_bottom_right_to_bottom_right_mid; previous=outer_bottom_right_corner; distance=0.026m; decision=route/default: outer_bottom_right_to_bottom_right_mid
[gazebo_track_car-3] [INFO] [1780952777.358220565] [gazebo_track_car]: MOTION pos=(+1.697,-1.864) yaw=+3.090 v=0.276 step_err=0.0218m/0.001rad track_err=0.0129m footprint=road:7.00px route=outer_bottom_right_to_bottom_right_mid cmd_vel=(0.274,+0.037)
[gazebo_track_car-3] [INFO] [1780952779.377807467] [gazebo_track_car]: MOTION pos=(+1.140,-1.850) yaw=-3.139 v=0.279 step_err=0.0226m/0.000rad track_err=0.0013m footprint=road:8.00px route=outer_bottom_right_to_bottom_right_mid cmd_vel=(0.279,+0.004)
[gazebo_track_car-3] [INFO] [1780952780.168035056] [gazebo_track_car]: route segment=outer_bottom_right_mid_to_bottom_mid; previous=outer_bottom_right_to_bottom_right_mid; distance=0.022m; decision=route/default: outer_bottom_right_mid_to_bottom_mid
[gazebo_track_car-3] [INFO] [1780952781.375711970] [gazebo_track_car]: MOTION pos=(+0.582,-1.852) yaw=-3.141 v=0.279 step_err=0.0056m/0.000rad track_err=0.0222m footprint=road:8.00px route=outer_bottom_right_mid_to_bottom_mid cmd_vel=(0.279,-0.007)
[gazebo_track_car-3] [INFO] [1780952783.398726874] [gazebo_track_car]: MOTION pos=(+0.019,-1.852) yaw=+3.141 v=0.279 step_err=0.0218m/0.000rad track_err=0.0019m footprint=road:8.00px route=outer_bottom_right_mid_to_bottom_mid cmd_vel=(0.279,-0.004)
[gazebo_track_car-3] [INFO] [1780952783.685598764] [gazebo_track_car]: route segment=outer_bottom_mid_to_bottom_left_mid; previous=outer_bottom_right_mid_to_bottom_mid; distance=0.021m; decision=route/default: outer_bottom_mid_to_bottom_left_mid
[gazebo_track_car-3] [INFO] [1780952785.397468974] [gazebo_track_car]: MOTION pos=(-0.541,-1.851) yaw=+3.141 v=0.280 step_err=0.0218m/0.000rad track_err=0.0051m footprint=road:8.00px route=outer_bottom_mid_to_bottom_left_mid cmd_vel=(0.280,+0.002)
[gazebo_track_car-3] [INFO] [1780952787.203048644] [gazebo_track_car]: route segment=outer_bottom_left_mid_to_bottom_left; previous=outer_bottom_mid_to_bottom_left_mid; distance=0.015m; decision=route/default: outer_bottom_left_mid_to_bottom_left
[gazebo_track_car-3] [INFO] [1780952787.517444930] [gazebo_track_car]: MOTION pos=(-1.128,-1.852) yaw=-3.141 v=0.280 step_err=0.0221m/0.000rad track_err=0.0025m footprint=road:8.00px route=outer_bottom_left_mid_to_bottom_left cmd_vel=(0.280,-0.002)
[gazebo_track_car-3] [INFO] [1780952789.516679500] [gazebo_track_car]: MOTION pos=(-1.686,-1.852) yaw=-3.141 v=0.279 step_err=0.0218m/0.000rad track_err=0.0061m footprint=road:8.00px route=outer_bottom_left_mid_to_bottom_left cmd_vel=(0.279,-0.006)
[gazebo_track_car-3] [WARN] [1780952789.953769171] [gazebo_track_car]: JITTER events=12 reasons=speed_delta=0.042m/s pos=(-1.808,-1.852) step=0.0049/0.0000m yaw=0.004/0.000rad route=outer_bottom_left_mid_to_bottom_left
[gazebo_track_car-3] [INFO] [1780952790.018908843] [gazebo_track_car]: route segment=outer_bottom_left_corner; previous=outer_bottom_left_mid_to_bottom_left; distance=0.004m; decision=route/default: outer_bottom_left_corner
[gazebo_track_car-3] [WARN] [1780952791.138826135] [gazebo_track_car]: JITTER events=1 reasons=yaw_step_error=0.031rad pos=(-2.040,-1.854) step=0.0030/0.0136m yaw=0.016/0.046rad route=outer_bottom_left_corner
[gazebo_track_car-3] [INFO] [1780952791.539758136] [gazebo_track_car]: MOTION pos=(-2.099,-1.831) yaw=+2.204 v=0.172 step_err=0.0117m/0.136rad track_err=0.0217m footprint=road:6.00px route=outer_bottom_left_corner cmd_vel=(0.161,-0.756)
[gazebo_track_car-3] [INFO] [1780952792.129593157] [gazebo_track_car]: route segment=outer_left_lower_to_mid; previous=outer_bottom_left_corner; distance=0.004m; decision=route/default: outer_left_lower_to_mid
[gazebo_track_car-3] [WARN] [1780952792.136702280] [gazebo_track_car]: JITTER events=13 reasons=yaw_step_error=0.244rad,cmd_xy_error=0.0583m pos=(-2.172,-1.743) step=0.0041/0.0172m yaw=0.011/0.256rad route=outer_left_lower_to_mid
[gazebo_track_car-3] [INFO] [1780952792.158823974] [gazebo_track_car]: ROUTE_PROGRESS_SYNC actual=(-2.174,-1.739) cmd_error=0.062m route_dist=0.007m yaw_error=0.194rad segment=outer_left_lower_to_mid@0.004m->outer_left_lower_to_mid@0.065m
[gazebo_track_car-3] [INFO] [1780952793.539882252] [gazebo_track_car]: MOTION pos=(-2.204,-1.390) yaw=+1.546 v=0.278 step_err=0.0220m/0.000rad track_err=0.0153m footprint=road:6.00px route=outer_left_lower_to_mid cmd_vel=(0.276,+0.025)
[gazebo_track_car-3] [INFO] [1780952795.551122184] [gazebo_track_car]: MOTION pos=(-2.204,-0.833) yaw=+1.600 v=0.280 step_err=0.0221m/0.000rad track_err=0.0065m footprint=road:6.00px route=outer_left_lower_to_mid cmd_vel=(0.280,-0.002)
[gazebo_track_car-3] [WARN] [1780952797.493682314] [gazebo_track_car]: JITTER events=1 reasons=speed_delta=0.060m/s pos=(-2.220,-0.293) step=0.0046/0.0000m yaw=0.000/0.000rad route=outer_left_lower_to_mid
[gazebo_track_car-3] [INFO] [1780952797.572318927] [gazebo_track_car]: MOTION pos=(-2.219,-0.274) yaw=+1.611 v=0.247 step_err=0.0202m/0.004rad track_err=0.0040m footprint=road:7.00px route=outer_left_lower_to_mid cmd_vel=(0.237,+0.273)
[gazebo_track_car-3] [WARN] [1780952798.571097160] [gazebo_track_car]: JITTER events=5 reasons=yaw_step_error=0.287rad pos=(-2.248,-0.069) step=0.0037/0.0183m yaw=0.012/0.299rad route=outer_left_lower_to_mid
[gazebo_track_car-3] [INFO] [1780952798.963258768] [gazebo_track_car]: route segment=outer_left_mid_to_middle_entry; previous=outer_left_lower_to_mid; distance=0.012m; decision=route/default: outer_left_mid_to_middle_entry
[gazebo_track_car-3] [INFO] [1780952799.174810090] [gazebo_track_car]: ROUTE_PROGRESS_SYNC actual=(-2.268,+0.048) cmd_error=0.084m route_dist=0.018m yaw_error=0.143rad segment=outer_left_mid_to_middle_entry@0.057m->outer_left_middle_entry_to_upper@0.142m
[gazebo_track_car-3] [INFO] [1780952799.264176512] [gazebo_track_car]: route segment=outer_left_middle_entry_to_upper; previous=outer_left_mid_to_middle_entry; distance=0.170m; decision=route/progress_sync: outer_left_middle_entry_to_upper
[gazebo_track_car-3] [INFO] [1780952799.574689017] [gazebo_track_car]: MOTION pos=(-2.250,+0.146) yaw=+1.501 v=0.244 step_err=0.0196m/0.005rad track_err=0.0028m footprint=road:9.00px route=outer_left_middle_entry_to_upper cmd_vel=(0.250,+0.206)
[gazebo_track_car-3] [INFO] [1780952801.689340643] [gazebo_track_car]: MOTION pos=(-2.249,+0.715) yaw=+1.575 v=0.274 step_err=0.0222m/0.001rad track_err=0.0018m footprint=road:8.00px route=outer_left_middle_entry_to_upper cmd_vel=(0.274,-0.042)
[gazebo_track_car-3] [INFO] [1780952802.381356570] [gazebo_track_car]: route segment=outer_left_upper_to_top; previous=outer_left_middle_entry_to_upper; distance=0.020m; decision=route/default: outer_left_upper_to_top
[gazebo_track_car-3] [INFO] [1780952803.689284417] [gazebo_track_car]: MOTION pos=(-2.241,+1.270) yaw=+1.542 v=0.279 step_err=0.0229m/0.000rad track_err=0.0049m footprint=road:8.00px route=outer_left_upper_to_top cmd_vel=(0.279,+0.004)
[gazebo_track_car-3] [WARN] [1780952805.136383973] [gazebo_track_car]: JITTER events=11 reasons=speed_delta=0.051m/s pos=(-2.230,+1.670) step=0.0047/0.0000m yaw=0.002/0.000rad route=outer_left_upper_to_top
[gazebo_track_car-3] [INFO] [1780952805.714261785] [gazebo_track_car]: MOTION pos=(-2.234,+1.804) yaw=+1.354 v=0.213 step_err=0.0169m/0.003rad track_err=0.0071m footprint=road:7.99px route=outer_left_upper_to_top cmd_vel=(0.209,-0.517)
[gazebo_track_car-3] [INFO] [1780952805.798404275] [gazebo_track_car]: route segment=outer_top_left_corner; previous=outer_left_upper_to_top; distance=0.021m; decision=route/default: outer_top_left_corner
[gazebo_track_car-3] [WARN] [1780952806.212138532] [gazebo_track_car]: JITTER events=2 reasons=yaw_step_error=0.189rad pos=(-2.217,+1.910) step=0.0043/0.0212m yaw=0.010/0.199rad route=outer_top_left_corner
[gazebo_track_car-3] [WARN] [1780952807.314670307] [gazebo_track_car]: JITTER events=4 reasons=yaw_step_error=0.083rad pos=(-2.099,+2.099) step=0.0042/0.0203m yaw=0.011/0.094rad route=outer_top_left_corner
[gazebo_track_car-3] [INFO] [1780952807.718197285] [gazebo_track_car]: MOTION pos=(-2.029,+2.146) yaw=+0.278 v=0.213 step_err=0.0153m/0.082rad track_err=0.0252m footprint=road:9.00px route=outer_top_left_corner cmd_vel=(0.214,-0.457)
[gazebo_track_car-3] [WARN] [1780952808.316401235] [gazebo_track_car]: JITTER events=9 reasons=yaw_step_error=0.211rad pos=(-1.897,+2.184) step=0.0048/0.0236m yaw=0.005/0.216rad route=outer_top_left_corner
[gazebo_track_car-3] [INFO] [1780952808.813115523] [gazebo_track_car]: route segment=outer_top_left_to_top_mid; previous=outer_top_left_corner; distance=0.022m; decision=route/default: outer_top_left_to_top_mid
[gazebo_track_car-3] [INFO] [1780952809.314039905] [gazebo_track_car]: ROUTE_PROGRESS_SYNC actual=(-1.633,+2.189) cmd_error=0.064m route_dist=0.009m yaw_error=0.038rad segment=outer_top_left_to_top_mid@0.132m->outer_top_left_to_top_mid@0.195m
[gazebo_track_car-3] [INFO] [1780952809.718332861] [gazebo_track_car]: MOTION pos=(-1.523,+2.184) yaw=-0.025 v=0.275 step_err=0.0220m/0.001rad track_err=0.0281m footprint=road:8.00px route=outer_top_left_to_top_mid cmd_vel=(0.275,+0.035)
[gazebo_track_car-3] [INFO] [1780952811.738822931] [gazebo_track_car]: MOTION pos=(-0.962,+2.179) yaw=+0.002 v=0.280 step_err=0.0235m/0.000rad track_err=0.0248m footprint=road:8.00px route=outer_top_left_to_top_mid cmd_vel=(0.280,-0.000)
[gazebo_track_car-3] [INFO] [1780952813.744603389] [gazebo_track_car]: MOTION pos=(-0.404,+2.180) yaw=+0.000 v=0.279 step_err=0.0220m/0.000rad track_err=0.0265m footprint=road:8.00px route=outer_top_left_to_top_mid cmd_vel=(0.279,-0.006)
[gazebo_track_car-3] [INFO] [1780952814.944607569] [gazebo_track_car]: route segment=outer_top_mid_to_gap; previous=outer_top_left_to_top_mid; distance=0.006m; decision=route/default: outer_top_mid_to_gap
[gazebo_track_car-3] [INFO] [1780952815.750367659] [gazebo_track_car]: MOTION pos=(+0.154,+2.180) yaw=-0.000 v=0.279 step_err=0.0221m/0.000rad track_err=0.0281m footprint=road:8.59px route=outer_top_mid_to_gap cmd_vel=(0.279,-0.004)
[gazebo_track_car-3] [INFO] [1780952816.854851574] [gazebo_track_car]: route segment=outer_top_gap_to_top_right_mid; previous=outer_top_mid_to_gap; distance=0.022m; decision=route/default: outer_top_gap_to_top_right_mid
[gazebo_track_car-3] [INFO] [1780952817.774000613] [gazebo_track_car]: MOTION pos=(+0.719,+2.180) yaw=-0.001 v=0.280 step_err=0.0224m/0.000rad track_err=0.0253m footprint=road:8.79px route=outer_top_gap_to_top_right_mid cmd_vel=(0.280,+0.003)
[gazebo_track_car-3] [INFO] [1780952818.461795269] [gazebo_track_car]: route segment=outer_top_right_mid_to_top_right; previous=outer_top_gap_to_top_right_mid; distance=0.003m; decision=route/default: outer_top_right_mid_to_top_right
[gazebo_track_car-3] [INFO] [1780952819.775431218] [gazebo_track_car]: MOTION pos=(+1.278,+2.180) yaw=+0.000 v=0.280 step_err=0.0218m/0.000rad track_err=0.0277m footprint=road:8.00px route=outer_top_right_mid_to_top_right cmd_vel=(0.280,-0.000)
[gazebo_track_car-3] [WARN] [1780952820.816011229] [gazebo_track_car]: JITTER events=21 reasons=speed_delta=0.073m/s,yaw_rate_delta=0.405rad/s pos=(+1.567,+2.180) step=0.0046/0.0000m yaw=0.004/0.000rad route=outer_top_right_mid_to_top_right
[gazebo_track_car-3] [INFO] [1780952821.682602494] [gazebo_track_car]: route segment=outer_top_right_corner; previous=outer_top_right_mid_to_top_right; distance=0.014m; decision=route/default: outer_top_right_corner
[gazebo_track_car-3] [WARN] [1780952821.796016078] [gazebo_track_car]: JITTER events=3 reasons=yaw_step_error=0.089rad pos=(+1.816,+2.173) step=0.0047/0.0238m yaw=0.006/0.095rad route=outer_top_right_corner
[gazebo_track_car-3] [INFO] [1780952821.796308382] [gazebo_track_car]: MOTION pos=(+1.816,+2.173) yaw=-0.176 v=0.237 step_err=0.0191m/0.089rad track_err=0.0270m footprint=road:8.00px route=outer_top_right_corner cmd_vel=(0.228,-0.374)
[gazebo_track_car-3] [WARN] [1780952822.796345640] [gazebo_track_car]: JITTER events=7 reasons=yaw_step_error=0.174rad pos=(+2.024,+2.133) step=0.0039/0.0182m yaw=0.014/0.188rad route=outer_top_right_corner
[gazebo_track_car-3] [WARN] [1780952823.801326619] [gazebo_track_car]: JITTER events=6 reasons=yaw_step_error=0.196rad pos=(+2.160,+1.990) step=0.0044/0.0213m yaw=0.009/0.205rad route=outer_top_right_corner
[gazebo_track_car-3] [INFO] [1780952823.801606007] [gazebo_track_car]: MOTION pos=(+2.160,+1.990) yaw=-1.342 v=0.222 step_err=0.0169m/0.196rad track_err=0.0327m footprint=road:8.59px route=outer_top_right_corner cmd_vel=(0.221,-0.409)
[gazebo_track_car-3] [INFO] [1780952824.599724484] [gazebo_track_car]: route segment=outer_right_top_to_upper; previous=outer_top_right_corner; distance=0.003m; decision=route/default: outer_right_top_to_upper
[gazebo_track_car-3] [WARN] [1780952824.899142773] [gazebo_track_car]: JITTER events=3 reasons=cmd_xy_error=0.0527m pos=(+2.200,+1.721) step=0.0055/0.0000m yaw=0.001/0.000rad route=outer_right_top_to_upper
[gazebo_track_car-3] [INFO] [1780952825.821713646] [gazebo_track_car]: MOTION pos=(+2.201,+1.467) yaw=-1.545 v=0.273 step_err=0.0222m/0.001rad track_err=0.0283m footprint=road:7.00px route=outer_right_top_to_upper cmd_vel=(0.274,+0.040)
[gazebo_track_car-3] [WARN] [1780952826.001625373] [gazebo_track_car]: JITTER events=10 reasons=cmd_xy_error=0.0502m pos=(+2.202,+1.418) step=0.0055/0.0000m yaw=0.001/0.000rad route=outer_right_top_to_upper
[gazebo_track_car-3] [INFO] [1780952827.823759235] [gazebo_track_car]: MOTION pos=(+2.225,+0.917) yaw=-1.551 v=0.273 step_err=0.0221m/0.016rad track_err=0.0255m footprint=road:8.00px route=outer_right_top_to_upper cmd_vel=(0.273,-0.043)
[gazebo_track_car-3] [INFO] [1780952828.017612505] [gazebo_track_car]: route segment=outer_right_upper_to_mid; previous=outer_right_top_to_upper; distance=0.003m; decision=route/default: outer_right_upper_to_mid
[gazebo_track_car-3] [WARN] [1780952828.721724056] [gazebo_track_car]: JITTER events=1 reasons=cmd_xy_error=0.0520m pos=(+2.228,+0.669) step=0.0056/0.0000m yaw=0.000/0.000rad route=outer_right_upper_to_mid
[gazebo_track_car-3] [WARN] [1780952829.824109450] [gazebo_track_car]: JITTER events=5 reasons=cmd_xy_error=0.0514m pos=(+2.227,+0.362) step=0.0056/0.0000m yaw=0.000/0.000rad route=outer_right_upper_to_mid
[gazebo_track_car-3] [INFO] [1780952829.844262761] [gazebo_track_car]: MOTION pos=(+2.227,+0.357) yaw=-1.574 v=0.279 step_err=0.0229m/0.000rad track_err=0.0285m footprint=road:9.00px route=outer_right_upper_to_mid cmd_vel=(0.279,+0.005)
[gazebo_track_car-3] [WARN] [1780952830.925460787] [gazebo_track_car]: JITTER events=8 reasons=cmd_xy_error=0.0505m pos=(+2.226,+0.055) step=0.0056/0.0000m yaw=0.000/0.000rad route=outer_right_upper_to_mid
[gazebo_track_car-3] [INFO] [1780952831.848000652] [gazebo_track_car]: MOTION pos=(+2.226,-0.202) yaw=-1.570 v=0.280 step_err=0.0227m/0.000rad track_err=0.0264m footprint=road:8.00px route=outer_right_upper_to_mid cmd_vel=(0.280,+0.000)
[gazebo_track_car-3] [INFO] [1780952833.146180246] [gazebo_track_car]: route segment=outer_right_mid_to_lower; previous=outer_right_upper_to_mid; distance=0.018m; decision=route/default: outer_right_mid_to_lower
[gazebo_track_car-3] [WARN] [1780952833.445366021] [gazebo_track_car]: JITTER events=2 reasons=cmd_xy_error=0.0513m pos=(+2.223,-0.644) step=0.0056/0.0000m yaw=0.000/0.000rad route=outer_right_mid_to_lower
[gazebo_track_car-3] [INFO] [1780952833.863774461] [gazebo_track_car]: MOTION pos=(+2.219,-0.761) yaw=-1.610 v=0.280 step_err=0.0238m/0.000rad track_err=0.0274m footprint=road:7.00px route=outer_right_mid_to_lower cmd_vel=(0.280,-0.000)
[gazebo_track_car-3] [WARN] [1780952834.453166113] [gazebo_track_car]: JITTER events=6 reasons=cmd_xy_error=0.0516m pos=(+2.212,-0.923) step=0.0056/0.0000m yaw=0.000/0.000rad route=outer_right_mid_to_lower
[gazebo_track_car-3] [INFO] [1780952835.874175239] [gazebo_track_car]: MOTION pos=(+2.197,-1.319) yaw=-1.607 v=0.279 step_err=0.0238m/0.000rad track_err=0.0249m footprint=road:7.00px route=outer_right_mid_to_lower cmd_vel=(0.280,+0.002)
[gazebo_track_car-3] [WARN] [1780952836.599555583] [gazebo_track_car]: JITTER events=7 reasons=speed_delta=0.057m/s pos=(+2.190,-1.520) step=0.0048/0.0000m yaw=0.003/0.000rad route=outer_right_mid_to_lower
[gazebo_track_car-3] [INFO] [1780952837.888829791] [gazebo_track_car]: MOTION pos=(+2.183,-1.751) yaw=-2.376 v=0.152 step_err=0.0098m/0.016rad track_err=0.0365m footprint=road:8.00px route=outer_right_mid_to_lower cmd_vel=(0.133,-0.805)
[gazebo_track_car-3] [WARN] [1780952837.986990208] [gazebo_track_car]: JITTER events=3 reasons=yaw_step_error=0.028rad pos=(+2.177,-1.765) step=0.0029/0.0137m yaw=0.015/0.043rad route=outer_right_mid_to_lower
[gazebo_track_car-3] [INFO] [1780952838.447215397] [gazebo_track_car]: ROUTE_PROGRESS_SYNC actual=(+2.127,-1.823) cmd_error=0.063m route_dist=0.008m yaw_error=0.031rad segment=outer_right_mid_to_lower@1.275m->outer_bottom_right_corner@0.057m
[gazebo_track_car-3] [INFO] [1780952838.479800721] [gazebo_track_car]: route segment=outer_bottom_right_corner; previous=outer_right_mid_to_lower; distance=0.075m; decision=route/progress_sync: outer_bottom_right_corner
[gazebo_track_car-3] [INFO] [1780952839.887502650] [gazebo_track_car]: route segment=outer_bottom_right_to_bottom_right_mid; previous=outer_bottom_right_corner; distance=0.017m; decision=route/default: outer_bottom_right_to_bottom_right_mid
[gazebo_track_car-3] [INFO] [1780952839.890719383] [gazebo_track_car]: MOTION pos=(+1.792,-1.873) yaw=+3.075 v=0.276 step_err=0.0222m/0.000rad track_err=0.0214m footprint=road:7.00px route=outer_bottom_right_to_bottom_right_mid cmd_vel=(0.279,+0.005)
[gazebo_track_car-3] [INFO] [1780952842.003477351] [gazebo_track_car]: MOTION pos=(+1.216,-1.850) yaw=-3.141 v=0.278 step_err=0.0220m/0.000rad track_err=0.0035m footprint=road:8.00px route=outer_bottom_right_to_bottom_right_mid cmd_vel=(0.279,+0.009)
[gazebo_track_car-3] [INFO] [1780952843.002557603] [gazebo_track_car]: route segment=outer_bottom_right_mid_to_bottom_mid; previous=outer_bottom_right_to_bottom_right_mid; distance=0.007m; decision=route/default: outer_bottom_right_mid_to_bottom_mid
[gazebo_track_car-3] [INFO] [1780952844.008042399] [gazebo_track_car]: MOTION pos=(+0.658,-1.852) yaw=-3.141 v=0.279 step_err=0.0223m/0.000rad track_err=0.0058m footprint=road:8.00px route=outer_bottom_right_mid_to_bottom_mid cmd_vel=(0.279,-0.007)
[gazebo_track_car-3] [INFO] [1780952846.028534570] [gazebo_track_car]: MOTION pos=(+0.094,-1.852) yaw=+3.141 v=0.279 step_err=0.0218m/0.000rad track_err=0.0036m footprint=road:8.00px route=outer_bottom_right_mid_to_bottom_mid cmd_vel=(0.279,-0.004)
[gazebo_track_car-3] [INFO] [1780952846.521863985] [gazebo_track_car]: route segment=outer_bottom_mid_to_bottom_left_mid; previous=outer_bottom_right_mid_to_bottom_mid; distance=0.002m; decision=route/default: outer_bottom_mid_to_bottom_left_mid
[gazebo_track_car-3] [INFO] [1780952848.029667426] [gazebo_track_car]: MOTION pos=(-0.465,-1.852) yaw=+3.141 v=0.279 step_err=0.0210m/0.000rad track_err=0.0059m footprint=road:8.00px route=outer_bottom_mid_to_bottom_left_mid cmd_vel=(0.280,+0.003)
[gazebo_track_car-3] [INFO] [1780952850.038084449] [gazebo_track_car]: route segment=outer_bottom_left_mid_to_bottom_left; previous=outer_bottom_mid_to_bottom_left_mid; distance=0.001m; decision=route/default: outer_bottom_left_mid_to_bottom_left
[gazebo_track_car-3] [INFO] [1780952850.052655607] [gazebo_track_car]: MOTION pos=(-1.030,-1.851) yaw=-3.141 v=0.279 step_err=0.0224m/0.000rad track_err=0.0024m footprint=road:8.00px route=outer_bottom_left_mid_to_bottom_left cmd_vel=(0.280,-0.001)
[gazebo_track_car-3] [INFO] [1780952852.056937862] [gazebo_track_car]: MOTION pos=(-1.588,-1.852) yaw=-3.141 v=0.279 step_err=0.0229m/0.000rad track_err=0.0044m footprint=road:8.00px route=outer_bottom_left_mid_to_bottom_left cmd_vel=(0.279,-0.006)
[gazebo_track_car-3] [WARN] [1780952852.876925660] [gazebo_track_car]: JITTER events=15 reasons=speed_delta=0.046m/s pos=(-1.816,-1.852) step=0.0049/0.0000m yaw=0.003/0.000rad route=outer_bottom_left_mid_to_bottom_left
[gazebo_track_car-3] [INFO] [1780952852.954455521] [gazebo_track_car]: route segment=outer_bottom_left_corner; previous=outer_bottom_left_mid_to_bottom_left; distance=0.015m; decision=route/default: outer_bottom_left_corner
[gazebo_track_car-3] [WARN] [1780952854.077491601] [gazebo_track_car]: JITTER events=1 reasons=yaw_step_error=0.097rad pos=(-2.048,-1.853) step=0.0031/0.0140m yaw=0.015/0.112rad route=outer_bottom_left_corner
[gazebo_track_car-3] [INFO] [1780952854.077769997] [gazebo_track_car]: MOTION pos=(-2.048,-1.853) yaw=+2.469 v=0.155 step_err=0.0109m/0.097rad track_err=0.0067m footprint=road:5.00px route=outer_bottom_left_corner cmd_vel=(0.141,-0.807)
[gazebo_track_car-3] [INFO] [1780952855.018035293] [gazebo_track_car]: ROUTE_PROGRESS_SYNC actual=(-2.172,-1.744) cmd_error=0.061m route_dist=0.010m yaw_error=0.207rad segment=outer_bottom_left_corner@0.366m->outer_left_lower_to_mid@0.060m
[gazebo_track_car-3] [INFO] [1780952855.066488697] [gazebo_track_car]: route segment=outer_left_lower_to_mid; previous=outer_bottom_left_corner; distance=0.081m; decision=route/progress_sync: outer_left_lower_to_mid
[gazebo_track_car-3] [INFO] [1780952856.078737432] [gazebo_track_car]: MOTION pos=(-2.207,-1.486) yaw=+1.550 v=0.272 step_err=0.0231m/0.001rad track_err=0.0221m footprint=road:6.00px route=outer_left_lower_to_mid cmd_vel=(0.275,-0.034)
[gazebo_track_car-3] [INFO] [1780952858.085245782] [gazebo_track_car]: MOTION pos=(-2.202,-0.935) yaw=+1.596 v=0.278 step_err=0.0217m/0.000rad track_err=0.0132m footprint=road:6.00px route=outer_left_lower_to_mid cmd_vel=(0.279,+0.009)
[gazebo_track_car-3] [INFO] [1780952860.104156352] [gazebo_track_car]: MOTION pos=(-2.217,-0.372) yaw=+1.597 v=0.279 step_err=0.0234m/0.000rad track_err=0.0109m footprint=road:7.00px route=outer_left_lower_to_mid cmd_vel=(0.279,-0.007)
[gazebo_track_car-3] [WARN] [1780952860.320252794] [gazebo_track_car]: JITTER events=13 reasons=speed_delta=0.051m/s pos=(-2.219,-0.311) step=0.0047/0.0000m yaw=0.001/0.000rad route=outer_left_lower_to_mid
[gazebo_track_car-3] [WARN] [1780952861.316923604] [gazebo_track_car]: JITTER events=3 reasons=yaw_step_error=0.047rad pos=(-2.239,-0.088) step=0.0043/0.0230m yaw=0.007/0.053rad route=outer_left_lower_to_mid
[gazebo_track_car-3] [INFO] [1780952861.801992723] [gazebo_track_car]: route segment=outer_left_mid_to_middle_entry; previous=outer_left_lower_to_mid; distance=0.018m; decision=route/default: outer_left_mid_to_middle_entry
[gazebo_track_car-3] [INFO] [1780952861.998311879] [gazebo_track_car]: ROUTE_PROGRESS_SYNC actual=(-2.267,+0.045) cmd_error=0.063m route_dist=0.017m yaw_error=0.101rad segment=outer_left_mid_to_middle_entry@0.039m->outer_left_middle_entry_to_upper@0.139m
[gazebo_track_car-3] [INFO] [1780952862.003173409] [gazebo_track_car]: route segment=outer_left_middle_entry_to_upper; previous=outer_left_mid_to_middle_entry; distance=0.162m; decision=route/progress_sync: outer_left_middle_entry_to_upper
[gazebo_track_car-3] [INFO] [1780952862.118680976] [gazebo_track_car]: MOTION pos=(-2.263,+0.075) yaw=+1.476 v=0.259 step_err=0.0204m/0.003rad track_err=0.0229m footprint=road:8.00px route=outer_left_middle_entry_to_upper cmd_vel=(0.257,+0.161)
[gazebo_track_car-3] [INFO] [1780952864.119226364] [gazebo_track_car]: MOTION pos=(-2.248,+0.620) yaw=+1.578 v=0.277 step_err=0.0222m/0.000rad track_err=0.0227m footprint=road:8.39px route=outer_left_middle_entry_to_upper cmd_vel=(0.277,-0.023)
[gazebo_track_car-3] [INFO] [1780952865.020289140] [gazebo_track_car]: route segment=outer_left_upper_to_top; previous=outer_left_middle_entry_to_upper; distance=0.001m; decision=route/default: outer_left_upper_to_top
[gazebo_track_car-3] [INFO] [1780952866.232631380] [gazebo_track_car]: MOTION pos=(-2.243,+1.202) yaw=+1.543 v=0.280 step_err=0.0221m/0.000rad track_err=0.0220m footprint=road:8.00px route=outer_left_upper_to_top cmd_vel=(0.280,+0.001)
[gazebo_track_car-3] [INFO] [1780952868.239484376] [gazebo_track_car]: MOTION pos=(-2.233,+1.745) yaw=+1.457 v=0.225 step_err=0.0173m/0.000rad track_err=0.0235m footprint=road:7.39px route=outer_left_upper_to_top cmd_vel=(0.217,-0.465)
[gazebo_track_car-3] [INFO] [1780952868.440265919] [gazebo_track_car]: route segment=outer_top_left_corner; previous=outer_left_upper_to_top; distance=0.006m; decision=route/default: outer_top_left_corner
[gazebo_track_car-3] [WARN] [1780952868.860334764] [gazebo_track_car]: JITTER events=12 reasons=yaw_step_error=0.063rad pos=(-2.221,+1.880) step=0.0044/0.0213m yaw=0.010/0.073rad route=outer_top_left_corner
[gazebo_track_car-3] [WARN] [1780952870.059569772] [gazebo_track_car]: JITTER events=5 reasons=yaw_step_error=0.179rad pos=(-2.098,+2.094) step=0.0042/0.0201m yaw=0.011/0.191rad route=outer_top_left_corner
[gazebo_track_car-3] [INFO] [1780952870.255795022] [gazebo_track_car]: MOTION pos=(-2.064,+2.119) yaw=+0.389 v=0.215 step_err=0.0172m/0.063rad track_err=0.0099m footprint=road:9.00px route=outer_top_left_corner cmd_vel=(0.209,-0.507)
[gazebo_track_car-3] [WARN] [1780952871.062053520] [gazebo_track_car]: JITTER events=7 reasons=yaw_step_error=0.201rad pos=(-1.895,+2.181) step=0.0048/0.0235m yaw=0.005/0.207rad route=outer_top_left_corner
[gazebo_track_car-3] [INFO] [1780952871.456970167] [gazebo_track_car]: route segment=outer_top_left_to_top_mid; previous=outer_top_left_corner; distance=0.010m; decision=route/default: outer_top_left_to_top_mid
[gazebo_track_car-3] [INFO] [1780952872.263190560] [gazebo_track_car]: MOTION pos=(-1.576,+2.187) yaw=-0.032 v=0.278 step_err=0.0197m/0.000rad track_err=0.0245m footprint=road:8.00px route=outer_top_left_to_top_mid cmd_vel=(0.277,+0.022)
[gazebo_track_car-3] [WARN] [1780952872.358018762] [gazebo_track_car]: JITTER events=2 reasons=cmd_xy_error=0.0513m pos=(-1.549,+2.186) step=0.0055/0.0000m yaw=0.000/0.000rad route=outer_top_left_to_top_mid
[gazebo_track_car-3] [WARN] [1780952873.564176529] [gazebo_track_car]: JITTER events=3 reasons=cmd_xy_error=0.0501m pos=(-1.218,+2.179) step=0.0056/0.0000m yaw=0.000/0.000rad route=outer_top_left_to_top_mid
[gazebo_track_car-3] [INFO] [1780952874.285721212] [gazebo_track_car]: MOTION pos=(-1.017,+2.179) yaw=+0.002 v=0.279 step_err=0.0224m/0.000rad track_err=0.0265m footprint=road:8.00px route=outer_top_left_to_top_mid cmd_vel=(0.280,+0.001)
[gazebo_track_car-3] [INFO] [1780952876.279613217] [gazebo_track_car]: MOTION pos=(-0.459,+2.180) yaw=+0.000 v=0.279 step_err=0.0226m/0.000rad track_err=0.0221m footprint=road:8.00px route=outer_top_left_to_top_mid cmd_vel=(0.279,-0.006)
[gazebo_track_car-3] [WARN] [1780952877.281640975] [gazebo_track_car]: JITTER events=1 reasons=cmd_xy_error=0.0501m pos=(-0.180,+2.180) step=0.0056/0.0000m yaw=0.000/0.000rad route=outer_top_left_to_top_mid
[gazebo_track_car-3] [INFO] [1780952877.886350447] [gazebo_track_car]: route segment=outer_top_mid_to_gap; previous=outer_top_left_to_top_mid; distance=0.014m; decision=route/default: outer_top_mid_to_gap
[gazebo_track_car-3] [INFO] [1780952878.305331228] [gazebo_track_car]: MOTION pos=(+0.105,+2.180) yaw=-0.002 v=0.279 step_err=0.0224m/0.000rad track_err=0.0260m footprint=road:8.20px route=outer_top_mid_to_gap cmd_vel=(0.280,+0.002)
[gazebo_track_car-3] [INFO] [1780952879.694195005] [gazebo_track_car]: route segment=outer_top_gap_to_top_right_mid; previous=outer_top_mid_to_gap; distance=0.001m; decision=route/default: outer_top_gap_to_top_right_mid
[gazebo_track_car-3] [INFO] [1780952880.397180950] [gazebo_track_car]: MOTION pos=(+0.686,+2.180) yaw=+0.000 v=0.280 step_err=0.0056m/0.000rad track_err=0.0499m footprint=road:9.00px route=outer_top_gap_to_top_right_mid cmd_vel=(0.280,+0.002)
[gazebo_track_car-3] [INFO] [1780952881.401358878] [gazebo_track_car]: route segment=outer_top_right_mid_to_top_right; previous=outer_top_gap_to_top_right_mid; distance=0.008m; decision=route/default: outer_top_right_mid_to_top_right
[gazebo_track_car-3] [INFO] [1780952882.420713162] [gazebo_track_car]: MOTION pos=(+1.251,+2.180) yaw=+0.001 v=0.279 step_err=0.0226m/0.000rad track_err=0.0252m footprint=road:8.00px route=outer_top_right_mid_to_top_right cmd_vel=(0.279,-0.007)
[gazebo_track_car-3] [WARN] [1780952883.642527341] [gazebo_track_car]: JITTER events=2 reasons=speed_delta=0.064m/s,yaw_rate_delta=0.439rad/s pos=(+1.590,+2.181) step=0.0047/0.0000m yaw=0.004/0.000rad route=outer_top_right_mid_to_top_right
[gazebo_track_car-3] [INFO] [1780952884.419942364] [gazebo_track_car]: MOTION pos=(+1.788,+2.178) yaw=-0.138 v=0.256 step_err=0.0213m/0.003rad track_err=0.0218m footprint=road:8.00px route=outer_top_right_mid_to_top_right cmd_vel=(0.263,-0.106)
[gazebo_track_car-3] [INFO] [1780952884.614895512] [gazebo_track_car]: route segment=outer_top_right_corner; previous=outer_top_right_mid_to_top_right; distance=0.011m; decision=route/default: outer_top_right_corner
[gazebo_track_car-3] [WARN] [1780952884.622787150] [gazebo_track_car]: JITTER events=2 reasons=yaw_step_error=0.194rad pos=(+1.838,+2.173) step=0.0049/0.0245m yaw=0.005/0.198rad route=outer_top_right_corner
[gazebo_track_car-3] [WARN] [1780952885.624760585] [gazebo_track_car]: JITTER events=11 reasons=yaw_step_error=0.029rad pos=(+2.042,+2.135) step=0.0036/0.0148m yaw=0.015/0.044rad route=outer_top_right_corner
[gazebo_track_car-3] [INFO] [1780952886.006111119] [gazebo_track_car]: ROUTE_PROGRESS_SYNC actual=(+2.099,+2.104) cmd_error=0.061m route_dist=0.006m yaw_error=0.191rad segment=outer_top_right_corner@0.260m->outer_top_right_corner@0.324m
[gazebo_track_car-3] [INFO] [1780952886.424669487] [gazebo_track_car]: MOTION pos=(+2.154,+2.042) yaw=-1.277 v=0.208 step_err=0.0162m/0.197rad track_err=0.0106m footprint=road:9.39px route=outer_top_right_corner cmd_vel=(0.209,-0.533)
[gazebo_track_car-3] [WARN] [1780952886.626227420] [gazebo_track_car]: JITTER events=21 reasons=yaw_step_error=0.032rad pos=(+2.172,+2.002) step=0.0044/0.0201m yaw=0.009/0.041rad route=outer_top_right_corner
[gazebo_track_car-3] [INFO] [1780952887.327834163] [gazebo_track_car]: route segment=outer_right_top_to_upper; previous=outer_top_right_corner; distance=0.001m; decision=route/default: outer_right_top_to_upper
[gazebo_track_car-3] [INFO] [1780952888.438212366] [gazebo_track_car]: MOTION pos=(+2.201,+1.527) yaw=-1.554 v=0.274 step_err=0.0213m/0.001rad track_err=0.0075m footprint=road:7.00px route=outer_right_top_to_upper cmd_vel=(0.273,+0.044)
[gazebo_track_car-3] [INFO] [1780952890.464157617] [gazebo_track_car]: MOTION pos=(+2.222,+0.971) yaw=-1.543 v=0.273 step_err=0.0219m/0.000rad track_err=0.0011m footprint=road:8.00px route=outer_right_top_to_upper cmd_vel=(0.274,-0.043)
[gazebo_track_car-3] [INFO] [1780952890.746871075] [gazebo_track_car]: route segment=outer_right_upper_to_mid; previous=outer_right_top_to_upper; distance=0.005m; decision=route/default: outer_right_upper_to_mid
[gazebo_track_car-3] [INFO] [1780952892.459816705] [gazebo_track_car]: MOTION pos=(+2.228,+0.417) yaw=-1.574 v=0.279 step_err=0.0232m/0.000rad track_err=0.0051m footprint=road:9.00px route=outer_right_upper_to_mid cmd_vel=(0.280,-0.000)
[gazebo_track_car-3] [INFO] [1780952894.575407571] [gazebo_track_car]: MOTION pos=(+2.226,-0.170) yaw=-1.571 v=0.280 step_err=0.0227m/0.000rad track_err=0.0039m footprint=road:8.00px route=outer_right_upper_to_mid cmd_vel=(0.280,+0.002)
[gazebo_track_car-3] [INFO] [1780952895.871065269] [gazebo_track_car]: route segment=outer_right_mid_to_lower; previous=outer_right_upper_to_mid; distance=0.019m; decision=route/default: outer_right_mid_to_lower
[gazebo_track_car-3] [INFO] [1780952896.581356308] [gazebo_track_car]: MOTION pos=(+2.220,-0.724) yaw=-1.608 v=0.279 step_err=0.0223m/0.000rad track_err=0.0051m footprint=road:8.00px route=outer_right_mid_to_lower cmd_vel=(0.280,-0.003)
[gazebo_track_car-3] [INFO] [1780952898.584679410] [gazebo_track_car]: MOTION pos=(+2.199,-1.283) yaw=-1.608 v=0.279 step_err=0.0229m/0.000rad track_err=0.0069m footprint=road:7.00px route=outer_right_mid_to_lower cmd_vel=(0.280,+0.002)
[gazebo_track_car-3] [WARN] [1780952899.427455381] [gazebo_track_car]: JITTER events=1 reasons=speed_delta=0.060m/s pos=(+2.190,-1.517) step=0.0048/0.0000m yaw=0.002/0.000rad route=outer_right_mid_to_lower
[gazebo_track_car-3] [WARN] [1780952900.603097113] [gazebo_track_car]: JITTER events=1 reasons=yaw_step_error=0.038rad pos=(+2.179,-1.738) step=0.0032/0.0145m yaw=0.016/0.054rad route=outer_right_mid_to_lower
[gazebo_track_car-3] [INFO] [1780952900.603461684] [gazebo_track_car]: MOTION pos=(+2.179,-1.738) yaw=-2.361 v=0.158 step_err=0.0113m/0.038rad track_err=0.0093m footprint=road:8.00px route=outer_right_mid_to_lower cmd_vel=(0.148,-0.788)
[gazebo_track_car-3] [INFO] [1780952901.095639480] [gazebo_track_car]: route segment=outer_bottom_right_corner; previous=outer_right_mid_to_lower; distance=0.008m; decision=route/default: outer_bottom_right_corner
[gazebo_track_car-3] [INFO] [1780952901.192987525] [gazebo_track_car]: ROUTE_PROGRESS_SYNC actual=(+2.112,-1.819) cmd_error=0.062m route_dist=0.021m yaw_error=0.109rad segment=outer_bottom_right_corner@0.008m->outer_bottom_right_corner@0.065m
[gazebo_track_car-3] [INFO] [1780952902.502091682] [gazebo_track_car]: route segment=outer_bottom_right_to_bottom_right_mid; previous=outer_bottom_right_corner; distance=0.001m; decision=route/default: outer_bottom_right_to_bottom_right_mid
[gazebo_track_car-3] [INFO] [1780952902.618180104] [gazebo_track_car]: MOTION pos=(+1.775,-1.869) yaw=+3.088 v=0.276 step_err=0.0230m/0.000rad track_err=0.0173m footprint=road:7.00px route=outer_bottom_right_to_bottom_right_mid cmd_vel=(0.280,-0.002)
[gazebo_track_car-3] [INFO] [1780952904.621825494] [gazebo_track_car]: MOTION pos=(+1.225,-1.851) yaw=+3.142 v=0.278 step_err=0.0220m/0.000rad track_err=0.0021m footprint=road:8.00px route=outer_bottom_right_to_bottom_right_mid cmd_vel=(0.278,+0.010)
[gazebo_track_car-3] [INFO] [1780952905.716478514] [gazebo_track_car]: route segment=outer_bottom_right_mid_to_bottom_mid; previous=outer_bottom_right_to_bottom_right_mid; distance=0.020m; decision=route/default: outer_bottom_right_mid_to_bottom_mid
[gazebo_track_car-3] [INFO] [1780952906.732599939] [gazebo_track_car]: MOTION pos=(+0.639,-1.852) yaw=-3.141 v=0.279 step_err=0.0223m/0.000rad track_err=0.0019m footprint=road:8.00px route=outer_bottom_right_mid_to_bottom_mid cmd_vel=(0.279,-0.007)
[gazebo_track_car-3] [INFO] [1780952908.736175698] [gazebo_track_car]: MOTION pos=(+0.081,-1.852) yaw=+3.141 v=0.279 step_err=0.0223m/0.000rad track_err=0.0038m footprint=road:8.00px route=outer_bottom_right_mid_to_bottom_mid cmd_vel=(0.279,-0.004)
[gazebo_track_car-3] [INFO] [1780952909.234043307] [gazebo_track_car]: route segment=outer_bottom_mid_to_bottom_left_mid; previous=outer_bottom_right_mid_to_bottom_mid; distance=0.017m; decision=route/default: outer_bottom_mid_to_bottom_left_mid
[gazebo_track_car-3] [INFO] [1780952910.759186904] [gazebo_track_car]: MOTION pos=(-0.484,-1.852) yaw=+3.141 v=0.279 step_err=0.0221m/0.000rad track_err=0.0006m footprint=road:8.00px route=outer_bottom_mid_to_bottom_left_mid cmd_vel=(0.280,+0.003)
[gazebo_track_car-3] [INFO] [1780952912.752659538] [gazebo_track_car]: route segment=outer_bottom_left_mid_to_bottom_left; previous=outer_bottom_mid_to_bottom_left_mid; distance=0.016m; decision=route/default: outer_bottom_left_mid_to_bottom_left
[gazebo_track_car-3] [INFO] [1780952912.756065370] [gazebo_track_car]: MOTION pos=(-1.043,-1.851) yaw=-3.141 v=0.280 step_err=0.0221m/0.000rad track_err=0.0044m footprint=road:8.00px route=outer_bottom_left_mid_to_bottom_left cmd_vel=(0.280,+0.000)
[gazebo_track_car-3] [INFO] [1780952914.778965773] [gazebo_track_car]: MOTION pos=(-1.607,-1.852) yaw=-3.141 v=0.279 step_err=0.0220m/0.000rad track_err=0.0014m footprint=road:8.00px route=outer_bottom_left_mid_to_bottom_left cmd_vel=(0.279,-0.006)
[gazebo_track_car-3] [WARN] [1780952915.500085543] [gazebo_track_car]: JITTER events=13 reasons=speed_delta=0.052m/s pos=(-1.807,-1.852) step=0.0048/0.0000m yaw=0.004/0.000rad route=outer_bottom_left_mid_to_bottom_left
[gazebo_track_car-3] [INFO] [1780952915.566745763] [gazebo_track_car]: route segment=outer_bottom_left_corner; previous=outer_bottom_left_mid_to_bottom_left; distance=0.002m; decision=route/default: outer_bottom_left_corner
[gazebo_track_car-3] [WARN] [1780952916.793080956] [gazebo_track_car]: JITTER events=2 reasons=yaw_step_error=0.112rad pos=(-2.054,-1.851) step=0.0031/0.0134m yaw=0.015/0.127rad route=outer_bottom_left_corner
[gazebo_track_car-3] [INFO] [1780952916.890223338] [gazebo_track_car]: MOTION pos=(-2.069,-1.846) yaw=+2.363 v=0.156 step_err=0.0115m/0.131rad track_err=0.0092m footprint=road:5.00px route=outer_bottom_left_corner cmd_vel=(0.146,-0.794)
[gazebo_track_car-3] [INFO] [1780952917.678625695] [gazebo_track_car]: route segment=outer_left_lower_to_mid; previous=outer_bottom_left_corner; distance=0.002m; decision=route/default: outer_left_lower_to_mid
[gazebo_track_car-3] [INFO] [1780952917.712273491] [gazebo_track_car]: ROUTE_PROGRESS_SYNC actual=(-2.173,-1.741) cmd_error=0.062m route_dist=0.008m yaw_error=0.198rad segment=outer_left_lower_to_mid@0.002m->outer_left_lower_to_mid@0.063m
[gazebo_track_car-3] [INFO] [1780952918.889769544] [gazebo_track_car]: MOTION pos=(-2.206,-1.449) yaw=+1.546 v=0.276 step_err=0.0232m/0.000rad track_err=0.0188m footprint=road:6.00px route=outer_left_lower_to_mid cmd_vel=(0.279,-0.004)
[gazebo_track_car-3] [INFO] [1780952920.911539893] [gazebo_track_car]: MOTION pos=(-2.203,-0.892) yaw=+1.598 v=0.279 step_err=0.0221m/0.000rad track_err=0.0057m footprint=road:6.00px route=outer_left_lower_to_mid cmd_vel=(0.280,+0.003)
[gazebo_track_car-3] [INFO] [1780952922.916533796] [gazebo_track_car]: MOTION pos=(-2.218,-0.334) yaw=+1.597 v=0.279 step_err=0.0223m/0.000rad track_err=0.0070m footprint=road:7.00px route=outer_left_lower_to_mid cmd_vel=(0.279,-0.006)
[gazebo_track_car-3] [WARN] [1780952923.036604628] [gazebo_track_car]: JITTER events=11 reasons=speed_delta=0.058m/s pos=(-2.219,-0.302) step=0.0046/0.0000m yaw=0.001/0.000rad route=outer_left_lower_to_mid
[gazebo_track_car-3] [WARN] [1780952924.015674184] [gazebo_track_car]: JITTER events=3 reasons=yaw_step_error=0.033rad pos=(-2.240,-0.088) step=0.0041/0.0199m yaw=0.008/0.041rad route=outer_left_lower_to_mid
[gazebo_track_car-3] [INFO] [1780952924.513197108] [gazebo_track_car]: route segment=outer_left_mid_to_middle_entry; previous=outer_left_lower_to_mid; distance=0.015m; decision=route/default: outer_left_mid_to_middle_entry
[gazebo_track_car-3] [INFO] [1780952924.717604657] [gazebo_track_car]: ROUTE_PROGRESS_SYNC actual=(-2.268,+0.046) cmd_error=0.083m route_dist=0.018m yaw_error=0.116rad segment=outer_left_mid_to_middle_entry@0.058m->outer_left_middle_entry_to_upper@0.140m
[gazebo_track_car-3] [INFO] [1780952924.813692934] [gazebo_track_car]: route segment=outer_left_middle_entry_to_upper; previous=outer_left_mid_to_middle_entry; distance=0.164m; decision=route/progress_sync: outer_left_middle_entry_to_upper
[gazebo_track_car-3] [INFO] [1780952924.919155054] [gazebo_track_car]: MOTION pos=(-2.262,+0.095) yaw=+1.458 v=0.248 step_err=0.0198m/0.005rad track_err=0.0118m footprint=road:8.00px route=outer_left_middle_entry_to_upper cmd_vel=(0.248,+0.222)
[gazebo_track_car-3] [INFO] [1780952926.931107084] [gazebo_track_car]: MOTION pos=(-2.248,+0.641) yaw=+1.580 v=0.276 step_err=0.0226m/0.000rad track_err=0.0022m footprint=road:8.39px route=outer_left_middle_entry_to_upper cmd_vel=(0.275,-0.032)
[gazebo_track_car-3] [INFO] [1780952927.832118702] [gazebo_track_car]: route segment=outer_left_upper_to_top; previous=outer_left_middle_entry_to_upper; distance=0.001m; decision=route/default: outer_left_upper_to_top
[gazebo_track_car-3] [INFO] [1780952928.955730340] [gazebo_track_car]: MOTION pos=(-2.243,+1.200) yaw=+1.542 v=0.279 step_err=0.0221m/0.000rad track_err=0.0024m footprint=road:8.00px route=outer_left_upper_to_top cmd_vel=(0.280,+0.002)
[gazebo_track_car-3] [WARN] [1780952930.687726495] [gazebo_track_car]: JITTER events=11 reasons=speed_delta=0.039m/s pos=(-2.229,+1.678) step=0.0049/0.0000m yaw=0.001/0.000rad route=outer_left_upper_to_top
[gazebo_track_car-3] [INFO] [1780952931.069322684] [gazebo_track_car]: MOTION pos=(-2.233,+1.768) yaw=+1.442 v=0.224 step_err=0.0175m/0.002rad track_err=0.0064m footprint=road:7.59px route=outer_left_upper_to_top cmd_vel=(0.211,-0.492)
[gazebo_track_car-3] [INFO] [1780952931.250576467] [gazebo_track_car]: route segment=outer_top_left_corner; previous=outer_left_upper_to_top; distance=0.003m; decision=route/default: outer_top_left_corner
[gazebo_track_car-3] [WARN] [1780952931.770093549] [gazebo_track_car]: JITTER events=1 reasons=yaw_step_error=0.190rad pos=(-2.217,+1.916) step=0.0042/0.0210m yaw=0.010/0.200rad route=outer_top_left_corner
[gazebo_track_car-3] [WARN] [1780952932.870947127] [gazebo_track_car]: JITTER events=5 reasons=yaw_step_error=0.095rad pos=(-2.096,+2.104) step=0.0042/0.0199m yaw=0.011/0.105rad route=outer_top_left_corner
[gazebo_track_car-3] [INFO] [1780952933.069478179] [gazebo_track_car]: MOTION pos=(-2.062,+2.128) yaw=+0.362 v=0.209 step_err=0.0163m/0.011rad track_err=0.0249m footprint=road:9.00px route=outer_top_left_corner cmd_vel=(0.208,-0.508)
[gazebo_track_car-3] [WARN] [1780952933.872987772] [gazebo_track_car]: JITTER events=12 reasons=yaw_step_error=0.230rad pos=(-1.891,+2.185) step=0.0048/0.0238m yaw=0.005/0.235rad route=outer_top_left_corner
[gazebo_track_car-3] [INFO] [1780952934.150210598] [gazebo_track_car]: ROUTE_PROGRESS_SYNC actual=(-1.821,+2.191) cmd_error=0.060m route_dist=0.013m yaw_error=0.001rad segment=outer_top_left_corner@0.597m->outer_top_left_corner@0.650m
[gazebo_track_car-3] [INFO] [1780952934.168040489] [gazebo_track_car]: route segment=outer_top_left_to_top_mid; previous=outer_top_left_corner; distance=0.026m; decision=route/default: outer_top_left_to_top_mid
[gazebo_track_car-3] [INFO] [1780952935.073493546] [gazebo_track_car]: MOTION pos=(-1.569,+2.186) yaw=-0.028 v=0.277 step_err=0.0218m/0.000rad track_err=0.0175m footprint=road:8.00px route=outer_top_left_to_top_mid cmd_vel=(0.276,+0.027)
[gazebo_track_car-3] [INFO] [1780952937.086097424] [gazebo_track_car]: MOTION pos=(-1.009,+2.179) yaw=+0.001 v=0.280 step_err=0.0227m/0.000rad track_err=0.0160m footprint=road:8.00px route=outer_top_left_to_top_mid cmd_vel=(0.280,+0.002)
[gazebo_track_car-3] [INFO] [1780952939.107893439] [gazebo_track_car]: MOTION pos=(-0.445,+2.180) yaw=+0.000 v=0.279 step_err=0.0229m/0.000rad track_err=0.0128m footprint=road:8.00px route=outer_top_left_to_top_mid cmd_vel=(0.279,-0.006)
[gazebo_track_car-3] [INFO] [1780952940.498935165] [gazebo_track_car]: route segment=outer_top_mid_to_gap; previous=outer_top_left_to_top_mid; distance=0.003m; decision=route/default: outer_top_mid_to_gap
[gazebo_track_car-3] [INFO] [1780952941.202209554] [gazebo_track_car]: MOTION pos=(+0.135,+2.180) yaw=-0.000 v=0.279 step_err=0.0232m/0.000rad track_err=0.0173m footprint=road:8.59px route=outer_top_mid_to_gap cmd_vel=(0.279,-0.004)
[gazebo_track_car-3] [INFO] [1780952942.410040490] [gazebo_track_car]: route segment=outer_top_gap_to_top_right_mid; previous=outer_top_mid_to_gap; distance=0.021m; decision=route/default: outer_top_gap_to_top_right_mid
[gazebo_track_car-3] [INFO] [1780952943.226061847] [gazebo_track_car]: MOTION pos=(+0.700,+2.180) yaw=-0.001 v=0.279 step_err=0.0218m/0.000rad track_err=0.0136m footprint=road:9.00px route=outer_top_gap_to_top_right_mid cmd_vel=(0.279,+0.003)
[gazebo_track_car-3] [INFO] [1780952944.017476036] [gazebo_track_car]: route segment=outer_top_right_mid_to_top_right; previous=outer_top_gap_to_top_right_mid; distance=0.001m; decision=route/default: outer_top_right_mid_to_top_right
[gazebo_track_car-3] [INFO] [1780952945.225498321] [gazebo_track_car]: MOTION pos=(+1.259,+2.180) yaw=+0.001 v=0.280 step_err=0.0218m/0.000rad track_err=0.0172m footprint=road:8.00px route=outer_top_right_mid_to_top_right cmd_vel=(0.280,-0.001)
[gazebo_track_car-3] [INFO] [1780952947.234151511] [gazebo_track_car]: route segment=outer_top_right_corner; previous=outer_top_right_mid_to_top_right; distance=0.013m; decision=route/default: outer_top_right_corner
[gazebo_track_car-3] [WARN] [1780952947.237110307] [gazebo_track_car]: JITTER events=10 reasons=yaw_step_error=0.210rad pos=(+1.801,+2.175) step=0.0049/0.0247m yaw=0.004/0.214rad route=outer_top_right_corner
[gazebo_track_car-3] [INFO] [1780952947.237453576] [gazebo_track_car]: MOTION pos=(+1.801,+2.175) yaw=-0.152 v=0.247 step_err=0.0197m/0.210rad track_err=0.0175m footprint=road:8.00px route=outer_top_right_corner cmd_vel=(0.234,-0.319)
[gazebo_track_car-3] [WARN] [1780952948.258442285] [gazebo_track_car]: JITTER events=7 reasons=yaw_step_error=0.155rad pos=(+2.017,+2.137) step=0.0039/0.0183m yaw=0.014/0.169rad route=outer_top_right_corner
[gazebo_track_car-3] [WARN] [1780952949.262122621] [gazebo_track_car]: JITTER events=6 reasons=yaw_step_error=0.196rad pos=(+2.158,+2.008) step=0.0042/0.0200m yaw=0.010/0.207rad route=outer_top_right_corner
[gazebo_track_car-3] [INFO] [1780952949.262654857] [gazebo_track_car]: MOTION pos=(+2.158,+2.008) yaw=-1.324 v=0.213 step_err=0.0158m/0.196rad track_err=0.0296m footprint=road:8.79px route=outer_top_right_corner cmd_vel=(0.216,-0.448)
[gazebo_track_car-3] [INFO] [1780952950.150915135] [gazebo_track_car]: route segment=outer_right_top_to_upper; previous=outer_top_right_corner; distance=0.000m; decision=route/default: outer_right_top_to_upper
[gazebo_track_car-3] [WARN] [1780952950.318055146] [gazebo_track_car]: JITTER events=18 reasons=cmd_xy_error=0.0532m pos=(+2.199,+1.751) step=0.0055/0.0000m yaw=0.001/0.000rad route=outer_right_top_to_upper
[gazebo_track_car-3] [INFO] [1780952951.271715424] [gazebo_track_car]: MOTION pos=(+2.200,+1.492) yaw=-1.545 v=0.273 step_err=0.0226m/0.001rad track_err=0.0363m footprint=road:7.00px route=outer_right_top_to_upper cmd_vel=(0.273,+0.043)
[gazebo_track_car-3] [WARN] [1780952951.432083074] [gazebo_track_car]: JITTER events=22 reasons=cmd_xy_error=0.0525m pos=(+2.200,+1.449) step=0.0055/0.0000m yaw=0.001/0.000rad route=outer_right_top_to_upper
[gazebo_track_car-3] [WARN] [1780952952.433978954] [gazebo_track_car]: JITTER events=20 reasons=cmd_xy_error=0.0519m pos=(+2.212,+1.172) step=0.0056/0.0000m yaw=0.000/0.000rad route=outer_right_top_to_upper
[gazebo_track_car-3] [INFO] [1780952953.275769419] [gazebo_track_car]: MOTION pos=(+2.224,+0.942) yaw=-1.547 v=0.272 step_err=0.0223m/0.001rad track_err=0.0336m footprint=road:8.00px route=outer_right_top_to_upper cmd_vel=(0.272,-0.048)
[gazebo_track_car-3] [WARN] [1780952953.455711547] [gazebo_track_car]: JITTER events=19 reasons=cmd_xy_error=0.0546m pos=(+2.225,+0.893) step=0.0055/0.0000m yaw=0.001/0.000rad route=outer_right_top_to_upper
[gazebo_track_car-3] [INFO] [1780952953.673091696] [gazebo_track_car]: route segment=outer_right_upper_to_mid; previous=outer_right_top_to_upper; distance=0.025m; decision=route/default: outer_right_upper_to_mid
[gazebo_track_car-3] [WARN] [1780952954.458449624] [gazebo_track_car]: JITTER events=16 reasons=cmd_xy_error=0.0534m pos=(+2.228,+0.617) step=0.0056/0.0000m yaw=0.000/0.000rad route=outer_right_upper_to_mid
[gazebo_track_car-3] [INFO] [1780952955.296206650] [gazebo_track_car]: MOTION pos=(+2.227,+0.383) yaw=-1.574 v=0.279 step_err=0.0229m/0.000rad track_err=0.0358m footprint=road:9.00px route=outer_right_upper_to_mid cmd_vel=(0.279,+0.005)
[gazebo_track_car-3] [WARN] [1780952955.561743367] [gazebo_track_car]: JITTER events=21 reasons=cmd_xy_error=0.0536m pos=(+2.227,+0.310) step=0.0056/0.0000m yaw=0.000/0.000rad route=outer_right_upper_to_mid
[gazebo_track_car-3] [WARN] [1780952956.567635392] [gazebo_track_car]: JITTER events=16 reasons=cmd_xy_error=0.0549m pos=(+2.226,+0.025) step=0.0056/0.0000m yaw=0.000/0.000rad route=outer_right_upper_to_mid
[gazebo_track_car-3] [INFO] [1780952957.292041095] [gazebo_track_car]: MOTION pos=(+2.226,-0.176) yaw=-1.570 v=0.280 step_err=0.0213m/0.000rad track_err=0.0319m footprint=road:8.00px route=outer_right_upper_to_mid cmd_vel=(0.280,-0.000)
[gazebo_track_car-3] [INFO] [1780952957.489760554] [gazebo_track_car]: ROUTE_PROGRESS_SYNC actual=(+2.226,-0.232) cmd_error=0.060m route_dist=0.000m yaw_error=0.001rad segment=outer_right_upper_to_mid@1.062m->outer_right_upper_to_mid@1.123m
[gazebo_track_car-3] [INFO] [1780952958.495974644] [gazebo_track_car]: route segment=outer_right_mid_to_lower; previous=outer_right_upper_to_mid; distance=0.022m; decision=route/default: outer_right_mid_to_lower
[gazebo_track_car-3] [INFO] [1780952959.311519863] [gazebo_track_car]: MOTION pos=(+2.219,-0.735) yaw=-1.608 v=0.279 step_err=0.0226m/0.000rad track_err=0.0260m footprint=road:8.00px route=outer_right_mid_to_lower cmd_vel=(0.280,-0.001)
[gazebo_track_car-3] [INFO] [1780952961.417301050] [gazebo_track_car]: MOTION pos=(+2.197,-1.316) yaw=-1.607 v=0.280 step_err=0.0215m/0.000rad track_err=0.0281m footprint=road:7.00px route=outer_right_mid_to_lower cmd_vel=(0.280,+0.002)
[gazebo_track_car-3] [WARN] [1780952962.053893983] [gazebo_track_car]: JITTER events=14 reasons=speed_delta=0.071m/s,yaw_rate_delta=0.435rad/s pos=(+2.191,-1.494) step=0.0046/0.0000m yaw=0.005/0.000rad route=outer_right_mid_to_lower
[gazebo_track_car-3] [WARN] [1780952963.234574422] [gazebo_track_car]: JITTER events=2 reasons=yaw_step_error=0.183rad pos=(+2.180,-1.719) step=0.0033/0.0156m yaw=0.016/0.199rad route=outer_right_mid_to_lower
[gazebo_track_car-3] [INFO] [1780952963.436328565] [gazebo_track_car]: MOTION pos=(+2.165,-1.750) yaw=-2.463 v=0.179 step_err=0.0120m/0.161rad track_err=0.0247m footprint=road:9.00px route=outer_right_mid_to_lower cmd_vel=(0.167,-0.766)
[gazebo_track_car-3] [INFO] [1780952963.728086468] [gazebo_track_car]: route segment=outer_bottom_right_corner; previous=outer_right_mid_to_lower; distance=0.017m; decision=route/default: outer_bottom_right_corner
[gazebo_track_car-3] [WARN] [1780952964.391990738] [gazebo_track_car]: JITTER events=17 reasons=cmd_xy_error=0.0525m pos=(+2.008,-1.854) step=0.0045/0.0000m yaw=0.007/0.000rad route=outer_bottom_right_corner
[gazebo_track_car-3] [INFO] [1780952964.818079839] [gazebo_track_car]: ROUTE_PROGRESS_SYNC actual=(+1.910,-1.868) cmd_error=0.060m route_dist=0.017m yaw_error=0.001rad segment=outer_bottom_right_corner@0.231m->outer_bottom_right_corner@0.289m
[gazebo_track_car-3] [INFO] [1780952965.134355925] [gazebo_track_car]: route segment=outer_bottom_right_to_bottom_right_mid; previous=outer_bottom_right_corner; distance=0.000m; decision=route/default: outer_bottom_right_to_bottom_right_mid
[gazebo_track_car-3] [INFO] [1780952965.436862917] [gazebo_track_car]: MOTION pos=(+1.743,-1.866) yaw=+3.096 v=0.279 step_err=0.0226m/0.000rad track_err=0.0264m footprint=road:7.00px route=outer_bottom_right_to_bottom_right_mid cmd_vel=(0.279,+0.007)
[gazebo_track_car-3] [INFO] [1780952967.462438122] [gazebo_track_car]: MOTION pos=(+1.185,-1.851) yaw=+3.141 v=0.279 step_err=0.0223m/0.000rad track_err=0.0182m footprint=road:8.00px route=outer_bottom_right_to_bottom_right_mid cmd_vel=(0.279,+0.008)
[gazebo_track_car-3] [INFO] [1780952968.353296529] [gazebo_track_car]: route segment=outer_bottom_right_mid_to_bottom_mid; previous=outer_bottom_right_to_bottom_right_mid; distance=0.026m; decision=route/default: outer_bottom_right_mid_to_bottom_mid
[gazebo_track_car-3] [INFO] [1780952969.473870861] [gazebo_track_car]: MOTION pos=(+0.621,-1.852) yaw=-3.140 v=0.279 step_err=0.0218m/0.000rad track_err=0.0185m footprint=road:8.00px route=outer_bottom_right_mid_to_bottom_mid cmd_vel=(0.279,-0.008)
[gazebo_track_car-3] [INFO] [1780952971.480236397] [gazebo_track_car]: MOTION pos=(+0.064,-1.852) yaw=+3.141 v=0.279 step_err=0.0226m/0.000rad track_err=0.0204m footprint=road:8.00px route=outer_bottom_right_mid_to_bottom_mid cmd_vel=(0.279,-0.005)
[gazebo_track_car-3] [INFO] [1780952971.872859805] [gazebo_track_car]: route segment=outer_bottom_mid_to_bottom_left_mid; previous=outer_bottom_right_mid_to_bottom_mid; distance=0.023m; decision=route/default: outer_bottom_mid_to_bottom_left_mid
[gazebo_track_car-3] [INFO] [1780952973.489043026] [gazebo_track_car]: MOTION pos=(-0.495,-1.852) yaw=+3.140 v=0.280 step_err=0.0232m/0.000rad track_err=0.0212m footprint=road:8.00px route=outer_bottom_mid_to_bottom_left_mid cmd_vel=(0.280,+0.001)
[gazebo_track_car-3] [INFO] [1780952975.390002111] [gazebo_track_car]: route segment=outer_bottom_left_mid_to_bottom_left; previous=outer_bottom_mid_to_bottom_left_mid; distance=0.016m; decision=route/default: outer_bottom_left_mid_to_bottom_left
[gazebo_track_car-3] [INFO] [1780952975.496619211] [gazebo_track_car]: MOTION pos=(-1.054,-1.851) yaw=+3.142 v=0.280 step_err=0.0232m/0.000rad track_err=0.0219m footprint=road:8.00px route=outer_bottom_left_mid_to_bottom_left cmd_vel=(0.280,+0.001)
[gazebo_track_car-3] [INFO] [1780952977.501427748] [gazebo_track_car]: MOTION pos=(-1.613,-1.852) yaw=-3.140 v=0.279 step_err=0.0112m/0.000rad track_err=0.0036m footprint=road:8.00px route=outer_bottom_left_mid_to_bottom_left cmd_vel=(0.279,-0.006)
[gazebo_track_car-3] [INFO] [1780952978.205253696] [gazebo_track_car]: route segment=outer_bottom_left_corner; previous=outer_bottom_left_mid_to_bottom_left; distance=0.004m; decision=route/default: outer_bottom_left_corner
[gazebo_track_car-3] [WARN] [1780952979.323706505] [gazebo_track_car]: JITTER events=11 reasons=yaw_step_error=0.114rad pos=(-2.032,-1.853) step=0.0032/0.0144m yaw=0.015/0.129rad route=outer_bottom_left_corner
[gazebo_track_car-3] [INFO] [1780952979.521813750] [gazebo_track_car]: MOTION pos=(-2.063,-1.843) yaw=+2.356 v=0.161 step_err=0.0124m/0.146rad track_err=0.0136m footprint=road:6.00px route=outer_bottom_left_corner cmd_vel=(0.158,-0.779)
[gazebo_track_car-3] [INFO] [1780952980.217550404] [gazebo_track_car]: route segment=outer_left_lower_to_mid; previous=outer_bottom_left_corner; distance=0.001m; decision=route/default: outer_left_lower_to_mid
[gazebo_track_car-3] [INFO] [1780952980.283811816] [gazebo_track_car]: ROUTE_PROGRESS_SYNC actual=(-2.165,-1.743) cmd_error=0.063m route_dist=0.017m yaw_error=0.232rad segment=outer_left_lower_to_mid@0.001m->outer_left_lower_to_mid@0.061m
[gazebo_track_car-3] [INFO] [1780952981.523042923] [gazebo_track_car]: MOTION pos=(-2.207,-1.443) yaw=+1.551 v=0.273 step_err=0.0055m/0.001rad track_err=0.0208m footprint=road:6.00px route=outer_left_lower_to_mid cmd_vel=(0.273,-0.045)
[gazebo_track_car-3] [INFO] [1780952983.534036012] [gazebo_track_car]: MOTION pos=(-2.203,-0.886) yaw=+1.597 v=0.278 step_err=0.0056m/0.000rad track_err=0.0100m footprint=road:6.00px route=outer_left_lower_to_mid cmd_vel=(0.278,+0.011)
[gazebo_track_car-3] [INFO] [1780952985.558794708] [gazebo_track_car]: MOTION pos=(-2.219,-0.322) yaw=+1.597 v=0.279 step_err=0.0220m/0.000rad track_err=0.0142m footprint=road:7.00px route=outer_left_lower_to_mid cmd_vel=(0.265,+0.099)
[gazebo_track_car-3] [WARN] [1780952985.580660133] [gazebo_track_car]: JITTER events=12 reasons=speed_delta=0.045m/s pos=(-2.219,-0.318) step=0.0048/0.0000m yaw=0.002/0.000rad route=outer_left_lower_to_mid
[gazebo_track_car-3] [WARN] [1780952986.659933536] [gazebo_track_car]: JITTER events=3 reasons=yaw_step_error=0.327rad pos=(-2.244,-0.076) step=0.0041/0.0202m yaw=0.008/0.335rad route=outer_left_lower_to_mid
[gazebo_track_car-3] [INFO] [1780952987.051582391] [gazebo_track_car]: route segment=outer_left_mid_to_middle_entry; previous=outer_left_lower_to_mid; distance=0.019m; decision=route/default: outer_left_mid_to_middle_entry
[gazebo_track_car-3] [INFO] [1780952987.259440819] [gazebo_track_car]: ROUTE_PROGRESS_SYNC actual=(-2.266,+0.044) cmd_error=0.084m route_dist=0.016m yaw_error=0.088rad segment=outer_left_mid_to_middle_entry@0.062m->outer_left_middle_entry_to_upper@0.138m
[gazebo_track_car-3] [INFO] [1780952987.354854350] [gazebo_track_car]: route segment=outer_left_middle_entry_to_upper; previous=outer_left_mid_to_middle_entry; distance=0.161m; decision=route/progress_sync: outer_left_middle_entry_to_upper
[gazebo_track_car-3] [INFO] [1780952987.570313872] [gazebo_track_car]: MOTION pos=(-2.258,+0.119) yaw=+1.492 v=0.256 step_err=0.0204m/0.003rad track_err=0.0086m footprint=road:8.00px route=outer_left_middle_entry_to_upper cmd_vel=(0.257,+0.157)
[gazebo_track_car-3] [INFO] [1780952989.581587752] [gazebo_track_car]: MOTION pos=(-2.249,+0.663) yaw=+1.579 v=0.276 step_err=0.0226m/0.000rad track_err=0.0016m footprint=road:8.20px route=outer_left_middle_entry_to_upper cmd_vel=(0.275,-0.032)
[gazebo_track_car-3] [INFO] [1780952990.472708759] [gazebo_track_car]: route segment=outer_left_upper_to_top; previous=outer_left_middle_entry_to_upper; distance=0.019m; decision=route/default: outer_left_upper_to_top
[gazebo_track_car-3] [INFO] [1780952991.586241995] [gazebo_track_car]: MOTION pos=(-2.242,+1.216) yaw=+1.542 v=0.280 step_err=0.0215m/0.000rad track_err=0.0013m footprint=road:8.00px route=outer_left_upper_to_top cmd_vel=(0.280,+0.003)
[gazebo_track_car-3] [INFO] [1780952993.589409682] [gazebo_track_car]: MOTION pos=(-2.233,+1.759) yaw=+1.462 v=0.221 step_err=0.0170m/0.001rad track_err=0.0054m footprint=road:7.59px route=outer_left_upper_to_top cmd_vel=(0.212,-0.491)
[gazebo_track_car-3] [INFO] [1780952993.890195780] [gazebo_track_car]: route segment=outer_top_left_corner; previous=outer_left_upper_to_top; distance=0.021m; decision=route/default: outer_top_left_corner
[gazebo_track_car-3] [WARN] [1780952994.306917729] [gazebo_track_car]: JITTER events=9 reasons=yaw_step_error=0.166rad pos=(-2.218,+1.911) step=0.0043/0.0207m yaw=0.010/0.176rad route=outer_top_left_corner
[gazebo_track_car-3] [WARN] [1780952995.410251929] [gazebo_track_car]: JITTER events=4 reasons=yaw_step_error=0.057rad pos=(-2.100,+2.100) step=0.0042/0.0204m yaw=0.011/0.068rad route=outer_top_left_corner
[gazebo_track_car-3] [INFO] [1780952995.608390616] [gazebo_track_car]: MOTION pos=(-2.066,+2.125) yaw=+0.375 v=0.212 step_err=0.0168m/0.011rad track_err=0.0236m footprint=road:9.00px route=outer_top_left_corner cmd_vel=(0.207,-0.511)
[gazebo_track_car-3] [WARN] [1780952996.406071755] [gazebo_track_car]: JITTER events=12 reasons=yaw_step_error=0.206rad pos=(-1.897,+2.184) step=0.0048/0.0239m yaw=0.005/0.211rad route=outer_top_left_corner
[gazebo_track_car-3] [INFO] [1780952996.900847089] [gazebo_track_car]: ROUTE_PROGRESS_SYNC actual=(-1.770,+2.192) cmd_error=0.064m route_dist=0.012m yaw_error=0.021rad segment=outer_top_left_corner@0.646m->outer_top_left_to_top_mid@0.059m
[gazebo_track_car-3] [INFO] [1780952996.905472586] [gazebo_track_car]: route segment=outer_top_left_to_top_mid; previous=outer_top_left_corner; distance=0.086m; decision=route/progress_sync: outer_top_left_to_top_mid
[gazebo_track_car-3] [INFO] [1780952997.621562311] [gazebo_track_car]: MOTION pos=(-1.572,+2.186) yaw=-0.027 v=0.276 step_err=0.0218m/0.001rad track_err=0.0256m footprint=road:8.00px route=outer_top_left_to_top_mid cmd_vel=(0.276,+0.026)
[gazebo_track_car-3] [INFO] [1780952999.621584314] [gazebo_track_car]: MOTION pos=(-1.016,+2.179) yaw=+0.000 v=0.280 step_err=0.0218m/0.000rad track_err=0.0278m footprint=road:8.00px route=outer_top_left_to_top_mid cmd_vel=(0.280,+0.002)
[gazebo_track_car-3] [INFO] [1780953001.733844362] [gazebo_track_car]: MOTION pos=(-0.429,+2.180) yaw=+0.001 v=0.279 step_err=0.0218m/0.000rad track_err=0.0272m footprint=road:8.00px route=outer_top_left_to_top_mid cmd_vel=(0.279,-0.007)
[gazebo_track_car-3] [INFO] [1780953003.035615884] [gazebo_track_car]: route segment=outer_top_mid_to_gap; previous=outer_top_left_to_top_mid; distance=0.008m; decision=route/default: outer_top_mid_to_gap
[gazebo_track_car-3] [INFO] [1780953003.757130212] [gazebo_track_car]: MOTION pos=(+0.135,+2.180) yaw=-0.000 v=0.279 step_err=0.0221m/0.000rad track_err=0.0238m footprint=road:8.59px route=outer_top_mid_to_gap cmd_vel=(0.279,-0.005)
[gazebo_track_car-3] [INFO] [1780953004.943910694] [gazebo_track_car]: route segment=outer_top_gap_to_top_right_mid; previous=outer_top_mid_to_gap; distance=0.025m; decision=route/default: outer_top_gap_to_top_right_mid
[gazebo_track_car-3] [INFO] [1780953005.759289593] [gazebo_track_car]: MOTION pos=(+0.693,+2.180) yaw=-0.002 v=0.280 step_err=0.0224m/0.000rad track_err=0.0266m footprint=road:9.00px route=outer_top_gap_to_top_right_mid cmd_vel=(0.280,+0.001)
[gazebo_track_car-3] [INFO] [1780953006.554756837] [gazebo_track_car]: route segment=outer_top_right_mid_to_top_right; previous=outer_top_gap_to_top_right_mid; distance=0.007m; decision=route/default: outer_top_right_mid_to_top_right
[gazebo_track_car-3] [INFO] [1780953007.761817022] [gazebo_track_car]: MOTION pos=(+1.252,+2.180) yaw=-0.000 v=0.280 step_err=0.0221m/0.000rad track_err=0.0287m footprint=road:8.00px route=outer_top_right_mid_to_top_right cmd_vel=(0.280,+0.002)
