[INFO] [launch]: All log files can be found below /home/quocbao/.ros/log/2026-06-08-13-53-49-658806-ubuntu-16752
[INFO] [launch]: Default logging verbosity is set to INFO
[INFO] [gzserver-1]: process started with pid [16791]
[INFO] [gzclient   -2]: process started with pid [16793]
[INFO] [gazebo_track_car-3]: process started with pid [16797]
[INFO] [gazebo_camera_viewer-4]: process started with pid [16799]
[gzserver-1] [37;1m2026-06-08 13:53:50.249 [31;1m[[37;1mPARTICIPANT[31;1m Error] [37mType with the same name already exists:rosgraph_msgs::msg::dds_::Clock_[34;1m -> Function [36mregisterType[m
[gazebo_track_car-3] [INFO] [1780952030.452858897] [gazebo_track_car]: [MAP_TRANSFORM] image=256x256 map_size=6.000x6.000m px_per_m_x=42.667 px_per_m_y=42.667 route_offset=(+0.000,+0.000)m map_visual_offset=(+0.000,+0.300)m
[gazebo_track_car-3] [INFO] [1780952030.587330205] [gazebo_track_car]: [FOOTPRINT_CHECK] samples=1685 center_off_road=0 center_outside_safe=326 failures=0 min_footprint_clearance=5.00px footprint=front:0.165m rear:0.145m half_width:0.115m
[gazebo_track_car-3] [INFO] [1780952030.587623362] [gazebo_track_car]: [FOOTPRINT_CHECK] overlays=/tmp/gazebo_route_mask_debug.png, /tmp/gazebo_route_centerline_debug.png, /tmp/gazebo_route_footprint_debug.png
[gazebo_track_car-3] [INFO] [1780952030.661939856] [gazebo_track_car]: SAFE_ROUTE_VERSION=semantic_parking_spawn_turn_guard_v31; direction=texture point order; clearance=12px; drive_wheels=True; route_offset=(+0.000,+0.000)m; start_distance=0.000m; sign_detection=off roi=0.08-0.82; map_visual_offset=(+0.000,+0.300)m; base_speed=0.28m/s speed_limit=0.14m/s; traffic_light=fixed state=green green=5.0s yellow=1.0s red=8.0s trigger_distance=1.70m stop_distance=0.85m min_stop=2.0s camera=off topic=/track_preview_car/camera/image_raw fill>=0.42 slow_area>=45px stop_area>=160px distance_gate=on; camera_sign_templates=5 sign_score>=0.32 sign_stable=2; wheel_controller lookahead=0.32m parking_lookahead=0.20m heading_gain=3.80 max_wz=2.80rad/s rotate_heading>1.05rad; yaw_limits=1.80rad/s/4.00rad/s2; route_rejoin=True outer_only=True cmd_error>0.18m max_route_dist=0.55m; initial_pose_reset=True tol=0.12m/0.35rad; segments=23; route_points=118.
[gazebo_track_car-3] [INFO] [1780952030.662163583] [gazebo_track_car]: Motion log uses /model_states and /track_preview_car/cmd_vel: MOTION every 2.00s, JITTER at most every 1.00s, verbose=False; jitter thresholds xy_step_delta=0.0060m, cmd_error=0.050m, z_delta=0.0005m, tilt=0.0030rad, speed_delta=0.030m/s, yaw_step_error=0.025rad, yaw_rate_delta=0.400rad/s.
[gazebo_camera_viewer-4] [INFO] [1780952030.708034060] [gazebo_camera_viewer]: Camera viewer listening on /track_preview_car/camera/image_raw
[gzserver-1] [INFO] [1780952031.917019534] [track_preview_car.front_camera_controller]: Publishing camera info to [/track_preview_car/camera/camera_info]
[gzserver-1] [INFO] [1780952031.937758332] [gazebo_ros_state]: Publishing states of gazebo models at [/model_states]
[gzserver-1] [INFO] [1780952031.938279305] [gazebo_ros_state]: Publishing states of gazebo links at [/link_states]
[gzserver-1] [INFO] [1780952031.958260278] [track_preview_car.track_preview_car_diff_drive]: Wheel pair 1 separation set to [0.176000m]
[gzserver-1] [INFO] [1780952031.958293099] [track_preview_car.track_preview_car_diff_drive]: Wheel pair 1 diameter set to [0.060000m]
[gzserver-1] [INFO] [1780952031.958988718] [track_preview_car.track_preview_car_diff_drive]: Subscribed to [/track_preview_car/cmd_vel]
[gzserver-1] [INFO] [1780952031.959558672] [track_preview_car.track_preview_car_diff_drive]: Advertise odometry on [/track_preview_car/odom]
[gazebo_track_car-3] [INFO] [1780952031.985229768] [gazebo_track_car]: initial pose reset to configured route start; actual=(+1.828,+2.180) yaw=+0.000 target=(-1.828,+2.180) yaw=+0.000 error=3.656m/0.000rad segment=outer_top_left_to_top_mid
[gazebo_track_car-3] [INFO] [1780952032.021365660] [gazebo_track_car]: traffic light is now GREEN.
[gazebo_track_car-3] [WARN] [1780952032.021958437] [gazebo_track_car]: Waiting for /model_states pose before publishing wheel commands.
[gazebo_camera_viewer-4] [INFO] [1780952032.141804049] [gazebo_camera_viewer]: Receiving Gazebo camera frames.
[gazebo_track_car-3] [INFO] [1780952032.333514126] [gazebo_track_car]: wheel controller synced route progress from initial model pose; segment=outer_top_left_to_top_mid@0.000m route_dist=0.000m startup_gate=1.250m
[gzclient   -2] context mismatch in svga_surface_destroy
[gzclient   -2] context mismatch in svga_surface_destroy
[gazebo_track_car-3] [INFO] [1780952034.033106625] [gazebo_track_car]: MOTION pos=(-1.393,+2.180) yaw=-0.000 v=0.280 step_err=0.0218m/0.000rad track_err=0.0102m footprint=road:8.00px route=outer_top_left_to_top_mid cmd_vel=(0.280,+0.000)
[gazebo_track_car-3] [INFO] [1780952036.145985803] [gazebo_track_car]: MOTION pos=(-0.805,+2.180) yaw=+0.000 v=0.280 step_err=0.0230m/0.000rad track_err=0.0094m footprint=road:8.00px route=outer_top_left_to_top_mid cmd_vel=(0.280,+0.000)
[gazebo_track_car-3] [INFO] [1780952038.167472866] [gazebo_track_car]: MOTION pos=(-0.240,+2.180) yaw=+0.000 v=0.280 step_err=0.0221m/0.000rad track_err=0.0061m footprint=road:8.00px route=outer_top_left_to_top_mid cmd_vel=(0.280,-0.000)
[gazebo_track_car-3] [INFO] [1780952038.857098488] [gazebo_track_car]: route segment=outer_top_mid_to_gap; previous=outer_top_left_to_top_mid; distance=0.011m; decision=route/default: outer_top_mid_to_gap
[gazebo_track_car-3] [INFO] [1780952040.171440430] [gazebo_track_car]: MOTION pos=(+0.320,+2.180) yaw=-0.000 v=0.280 step_err=0.0232m/0.000rad track_err=0.0084m footprint=road:9.00px route=outer_top_mid_to_gap cmd_vel=(0.280,+0.000)
[gazebo_track_car-3] [INFO] [1780952040.667632939] [gazebo_track_car]: route segment=outer_top_gap_to_top_right_mid; previous=outer_top_mid_to_gap; distance=0.001m; decision=route/default: outer_top_gap_to_top_right_mid
[gazebo_track_car-3] [INFO] [1780952042.193712263] [gazebo_track_car]: MOTION pos=(+0.886,+2.180) yaw=+0.000 v=0.280 step_err=0.0230m/0.000rad track_err=0.0054m footprint=road:8.00px route=outer_top_gap_to_top_right_mid cmd_vel=(0.280,+0.000)
[gazebo_track_car-3] [INFO] [1780952042.376560520] [gazebo_track_car]: route segment=outer_top_right_mid_to_top_right; previous=outer_top_gap_to_top_right_mid; distance=0.010m; decision=route/default: outer_top_right_mid_to_top_right
[gazebo_track_car-3] [INFO] [1780952044.196768209] [gazebo_track_car]: MOTION pos=(+1.445,+2.180) yaw=+0.000 v=0.280 step_err=0.0213m/0.000rad track_err=0.0076m footprint=road:8.00px route=outer_top_right_mid_to_top_right cmd_vel=(0.280,-0.002)
[gazebo_track_car-3] [INFO] [1780952045.594637212] [gazebo_track_car]: route segment=outer_top_right_corner; previous=outer_top_right_mid_to_top_right; distance=0.018m; decision=route/default: outer_top_right_corner
[gazebo_track_car-3] [WARN] [1780952045.596245184] [gazebo_track_car]: JITTER events=4 reasons=yaw_step_error=0.237rad pos=(+1.813,+2.174) step=0.0049/0.0251m yaw=0.005/0.242rad route=outer_top_right_corner
[gazebo_track_car-3] [INFO] [1780952046.209598461] [gazebo_track_car]: MOTION pos=(+1.950,+2.156) yaw=-0.420 v=0.214 step_err=0.0188m/0.010rad track_err=0.0038m footprint=road:8.00px route=outer_top_right_corner cmd_vel=(0.199,-0.588)
[gazebo_track_car-3] [WARN] [1780952046.606080553] [gazebo_track_car]: JITTER events=6 reasons=yaw_step_error=0.165rad pos=(+2.026,+2.135) step=0.0038/0.0181m yaw=0.015/0.180rad route=outer_top_right_corner
[gazebo_track_car-3] [WARN] [1780952047.608251840] [gazebo_track_car]: JITTER events=6 reasons=yaw_step_error=0.205rad pos=(+2.163,+2.002) step=0.0043/0.0208m yaw=0.010/0.215rad route=outer_top_right_corner
[gazebo_track_car-3] [INFO] [1780952048.228074929] [gazebo_track_car]: MOTION pos=(+2.195,+1.861) yaw=-1.536 v=0.252 step_err=0.0202m/0.000rad track_err=0.0442m footprint=road:7.00px route=outer_top_right_corner cmd_vel=(0.257,-0.148)
[gazebo_track_car-3] [INFO] [1780952048.509419944] [gazebo_track_car]: route segment=outer_right_top_to_upper; previous=outer_top_right_corner; distance=0.005m; decision=route/default: outer_right_top_to_upper
[gazebo_track_car-3] [WARN] [1780952048.647276213] [gazebo_track_car]: JITTER events=34 reasons=cmd_xy_error=0.0500m pos=(+2.199,+1.749) step=0.0055/0.0000m yaw=0.000/0.000rad route=outer_right_top_to_upper
[gazebo_track_car-3] [WARN] [1780952049.668949691] [gazebo_track_car]: JITTER events=31 reasons=cmd_xy_error=0.0516m pos=(+2.199,+1.470) step=0.0054/0.0000m yaw=0.001/0.000rad route=outer_right_top_to_upper
[gazebo_track_car-3] [INFO] [1780952050.231217220] [gazebo_track_car]: MOTION pos=(+2.204,+1.316) yaw=-1.520 v=0.277 step_err=0.0225m/0.000rad track_err=0.0401m footprint=road:7.00px route=outer_right_top_to_upper cmd_vel=(0.278,+0.012)
[gazebo_track_car-3] [WARN] [1780952050.671229833] [gazebo_track_car]: JITTER events=30 reasons=cmd_xy_error=0.0512m pos=(+2.210,+1.193) step=0.0056/0.0000m yaw=0.000/0.000rad route=outer_right_top_to_upper
[gazebo_track_car-3] [WARN] [1780952051.781553796] [gazebo_track_car]: JITTER events=28 reasons=cmd_xy_error=0.0522m pos=(+2.226,+0.892) step=0.0055/0.0000m yaw=0.001/0.000rad route=outer_right_top_to_upper
[gazebo_track_car-3] [INFO] [1780952051.925889850] [gazebo_track_car]: route segment=outer_right_upper_to_mid; previous=outer_right_top_to_upper; distance=0.001m; decision=route/default: outer_right_upper_to_mid
[gazebo_track_car-3] [INFO] [1780952052.328098096] [gazebo_track_car]: MOTION pos=(+2.228,+0.744) yaw=-1.570 v=0.277 step_err=0.0213m/0.000rad track_err=0.0369m footprint=road:8.00px route=outer_right_upper_to_mid cmd_vel=(0.277,-0.019)
[gazebo_track_car-3] [WARN] [1780952052.889352289] [gazebo_track_car]: JITTER events=31 reasons=cmd_xy_error=0.0535m pos=(+2.228,+0.588) step=0.0056/0.0000m yaw=0.000/0.000rad route=outer_right_upper_to_mid
[gazebo_track_car-3] [WARN] [1780952053.884068665] [gazebo_track_car]: JITTER events=30 reasons=cmd_xy_error=0.0512m pos=(+2.227,+0.309) step=0.0056/0.0000m yaw=0.000/0.000rad route=outer_right_upper_to_mid
[gazebo_track_car-3] [INFO] [1780952054.344739522] [gazebo_track_car]: MOTION pos=(+2.226,+0.181) yaw=-1.572 v=0.279 step_err=0.0168m/0.000rad track_err=0.0389m footprint=road:9.00px route=outer_right_upper_to_mid cmd_vel=(0.279,+0.004)
[gazebo_track_car-3] [WARN] [1780952054.992062208] [gazebo_track_car]: JITTER events=30 reasons=cmd_xy_error=0.0514m pos=(+2.226,+0.002) step=0.0056/0.0000m yaw=0.000/0.000rad route=outer_right_upper_to_mid
[gazebo_track_car-3] [WARN] [1780952056.116095838] [gazebo_track_car]: JITTER events=28 reasons=cmd_xy_error=0.0555m pos=(+2.227,-0.311) step=0.0055/0.0000m yaw=0.000/0.000rad route=outer_right_upper_to_mid
[gazebo_track_car-3] [INFO] [1780952056.351374667] [gazebo_track_car]: MOTION pos=(+2.227,-0.377) yaw=-1.579 v=0.274 step_err=0.0228m/0.001rad track_err=0.0373m footprint=road:8.00px route=outer_right_upper_to_mid cmd_vel=(0.274,-0.039)
[gazebo_track_car-3] [INFO] [1780952057.054450600] [gazebo_track_car]: route segment=outer_right_mid_to_lower; previous=outer_right_upper_to_mid; distance=0.016m; decision=route/default: outer_right_mid_to_lower
[gazebo_track_car-3] [WARN] [1780952057.121230908] [gazebo_track_car]: JITTER events=20 reasons=cmd_xy_error=0.0538m pos=(+2.225,-0.585) step=0.0055/0.0000m yaw=0.000/0.000rad route=outer_right_mid_to_lower
[gazebo_track_car-3] [WARN] [1780952058.121575894] [gazebo_track_car]: JITTER events=24 reasons=cmd_xy_error=0.0528m pos=(+2.214,-0.864) step=0.0056/0.0000m yaw=0.000/0.000rad route=outer_right_mid_to_lower
[gazebo_track_car-3] [INFO] [1780952058.380713031] [gazebo_track_car]: MOTION pos=(+2.212,-0.936) yaw=-1.610 v=0.279 step_err=0.0226m/0.000rad track_err=0.0410m footprint=road:7.00px route=outer_right_mid_to_lower cmd_vel=(0.279,+0.005)
[gazebo_track_car-3] [WARN] [1780952059.125016218] [gazebo_track_car]: JITTER events=27 reasons=cmd_xy_error=0.0524m pos=(+2.204,-1.143) step=0.0056/0.0000m yaw=0.000/0.000rad route=outer_right_mid_to_lower
[gazebo_track_car-3] [WARN] [1780952060.126034494] [gazebo_track_car]: JITTER events=29 reasons=cmd_xy_error=0.0509m pos=(+2.193,-1.422) step=0.0056/0.0000m yaw=0.000/0.000rad route=outer_right_mid_to_lower
[gazebo_track_car-3] [INFO] [1780952060.389763121] [gazebo_track_car]: MOTION pos=(+2.191,-1.495) yaw=-1.607 v=0.280 step_err=0.0221m/0.000rad track_err=0.0400m footprint=road:7.00px route=outer_right_mid_to_lower cmd_vel=(0.280,+0.002)
[gazebo_track_car-3] [WARN] [1780952061.148978898] [gazebo_track_car]: JITTER events=26 reasons=cmd_xy_error=0.0509m pos=(+2.195,-1.664) step=0.0031/0.0000m yaw=0.014/0.000rad route=outer_right_mid_to_lower
[gazebo_track_car-3] [WARN] [1780952062.091634477] [gazebo_track_car]: JITTER events=37 reasons=yaw_step_error=0.204rad,cmd_xy_error=0.0524m pos=(+2.167,-1.792) step=0.0031/0.0139m yaw=0.016/0.220rad route=outer_right_mid_to_lower
[gazebo_track_car-3] [INFO] [1780952062.388060704] [gazebo_track_car]: MOTION pos=(+2.131,-1.828) yaw=-2.813 v=0.183 step_err=0.0138m/0.164rad track_err=0.0625m footprint=road:7.00px route=outer_right_mid_to_lower cmd_vel=(0.184,-0.665)
[gazebo_track_car-3] [INFO] [1780952062.481483829] [gazebo_track_car]: route segment=outer_bottom_right_corner; previous=outer_right_mid_to_lower; distance=0.003m; decision=route/default: outer_bottom_right_corner
[gazebo_track_car-3] [WARN] [1780952063.089198529] [gazebo_track_car]: JITTER events=50 reasons=cmd_xy_error=0.0801m pos=(+1.992,-1.872) step=0.0047/0.0234m yaw=0.006/0.000rad route=outer_bottom_right_corner
[gazebo_track_car-3] [INFO] [1780952064.090388245] [gazebo_track_car]: route segment=outer_bottom_right_to_bottom_right_mid; previous=outer_bottom_right_corner; distance=0.002m; decision=route/default: outer_bottom_right_to_bottom_right_mid
[gazebo_track_car-3] [WARN] [1780952064.106674128] [gazebo_track_car]: JITTER events=51 reasons=cmd_xy_error=0.0803m pos=(+1.722,-1.858) step=0.0053/0.0273m yaw=0.002/0.000rad route=outer_bottom_right_to_bottom_right_mid
[gazebo_track_car-3] [INFO] [1780952064.411479710] [gazebo_track_car]: MOTION pos=(+1.643,-1.853) yaw=+3.116 v=0.266 step_err=0.0208m/0.002rad track_err=0.0802m footprint=road:8.00px route=outer_bottom_right_to_bottom_right_mid cmd_vel=(0.267,+0.075)
[gazebo_track_car-3] [WARN] [1780952065.114140816] [gazebo_track_car]: JITTER events=50 reasons=cmd_xy_error=0.0794m pos=(+1.453,-1.849) step=0.0055/0.0276m yaw=0.000/0.000rad route=outer_bottom_right_to_bottom_right_mid
[gazebo_track_car-3] [WARN] [1780952066.110140414] [gazebo_track_car]: JITTER events=50 reasons=cmd_xy_error=0.0765m pos=(+1.175,-1.851) step=0.0055/0.0283m yaw=0.000/0.000rad route=outer_bottom_right_to_bottom_right_mid
[gazebo_track_car-3] [INFO] [1780952066.412792250] [gazebo_track_car]: MOTION pos=(+1.091,-1.852) yaw=-3.140 v=0.278 step_err=0.0219m/0.000rad track_err=0.0765m footprint=road:8.00px route=outer_bottom_right_to_bottom_right_mid cmd_vel=(0.278,-0.013)
[gazebo_track_car-3] [WARN] [1780952067.115172853] [gazebo_track_car]: JITTER events=50 reasons=cmd_xy_error=0.0761m pos=(+0.897,-1.852) step=0.0056/0.0284m yaw=0.000/0.000rad route=outer_bottom_right_to_bottom_right_mid
[gazebo_track_car-3] [INFO] [1780952067.310587946] [gazebo_track_car]: route segment=outer_bottom_right_mid_to_bottom_mid; previous=outer_bottom_right_to_bottom_right_mid; distance=0.021m; decision=route/default: outer_bottom_right_mid_to_bottom_mid
[gazebo_track_car-3] [WARN] [1780952068.115650816] [gazebo_track_car]: JITTER events=50 reasons=cmd_xy_error=0.1031m pos=(+0.617,-1.852) step=0.0056/0.0000m yaw=0.000/0.000rad route=outer_bottom_right_mid_to_bottom_mid
[gazebo_track_car-3] [INFO] [1780952068.417522053] [gazebo_track_car]: MOTION pos=(+0.533,-1.852) yaw=+3.140 v=0.279 step_err=0.0220m/0.000rad track_err=0.0748m footprint=road:8.00px route=outer_bottom_right_mid_to_bottom_mid cmd_vel=(0.279,+0.005)
[gazebo_track_car-3] [WARN] [1780952069.137490033] [gazebo_track_car]: JITTER events=51 reasons=cmd_xy_error=0.0798m pos=(+0.332,-1.851) step=0.0056/0.0285m yaw=0.000/0.000rad route=outer_bottom_right_mid_to_bottom_mid
[gazebo_track_car-3] [WARN] [1780952070.139449401] [gazebo_track_car]: JITTER events=50 reasons=cmd_xy_error=0.0780m pos=(+0.053,-1.852) step=0.0056/0.0282m yaw=0.000/0.000rad route=outer_bottom_right_mid_to_bottom_mid
[gazebo_track_car-3] [INFO] [1780952070.436118294] [gazebo_track_car]: MOTION pos=(-0.031,-1.852) yaw=-3.140 v=0.279 step_err=0.0229m/0.000rad track_err=0.0768m footprint=road:8.00px route=outer_bottom_right_mid_to_bottom_mid cmd_vel=(0.279,-0.006)
[gazebo_track_car-3] [INFO] [1780952070.830729008] [gazebo_track_car]: route segment=outer_bottom_mid_to_bottom_left_mid; previous=outer_bottom_right_mid_to_bottom_mid; distance=0.020m; decision=route/default: outer_bottom_mid_to_bottom_left_mid
[gazebo_track_car-3] [WARN] [1780952071.140310516] [gazebo_track_car]: JITTER events=50 reasons=cmd_xy_error=0.0765m pos=(-0.226,-1.852) step=0.0056/0.0287m yaw=0.000/0.000rad route=outer_bottom_mid_to_bottom_left_mid
[gazebo_track_car-3] [WARN] [1780952072.143268421] [gazebo_track_car]: JITTER events=50 reasons=cmd_xy_error=0.0758m pos=(-0.505,-1.852) step=0.0056/0.0282m yaw=0.000/0.000rad route=outer_bottom_mid_to_bottom_left_mid
[gazebo_track_car-3] [INFO] [1780952072.442994824] [gazebo_track_car]: MOTION pos=(-0.589,-1.852) yaw=+3.141 v=0.279 step_err=0.0232m/0.000rad track_err=0.0752m footprint=road:8.00px route=outer_bottom_mid_to_bottom_left_mid cmd_vel=(0.279,-0.005)
[gazebo_track_car-3] [WARN] [1780952073.143727299] [gazebo_track_car]: JITTER events=50 reasons=cmd_xy_error=0.0739m pos=(-0.784,-1.852) step=0.0056/0.0274m yaw=0.000/0.000rad route=outer_bottom_mid_to_bottom_left_mid
[gazebo_track_car-3] [WARN] [1780952074.167055891] [gazebo_track_car]: JITTER events=51 reasons=cmd_xy_error=0.0784m pos=(-1.069,-1.852) step=0.0056/0.0299m yaw=0.000/0.000rad route=outer_bottom_mid_to_bottom_left_mid
[gazebo_track_car-3] [INFO] [1780952074.352163849] [gazebo_track_car]: route segment=outer_bottom_left_mid_to_bottom_left; previous=outer_bottom_mid_to_bottom_left_mid; distance=0.016m; decision=route/default: outer_bottom_left_mid_to_bottom_left
[gazebo_track_car-3] [INFO] [1780952074.465812456] [gazebo_track_car]: MOTION pos=(-1.153,-1.852) yaw=+3.141 v=0.280 step_err=0.0229m/0.000rad track_err=0.0775m footprint=road:8.00px route=outer_bottom_left_mid_to_bottom_left cmd_vel=(0.280,+0.002)
[gazebo_track_car-3] [WARN] [1780952075.273594505] [gazebo_track_car]: JITTER events=55 reasons=cmd_xy_error=0.0780m pos=(-1.377,-1.851) step=0.0056/0.0285m yaw=0.000/0.000rad route=outer_bottom_left_mid_to_bottom_left
[gazebo_track_car-3] [WARN] [1780952076.271310969] [gazebo_track_car]: JITTER events=50 reasons=cmd_xy_error=0.0756m pos=(-1.657,-1.852) step=0.0056/0.0277m yaw=0.000/0.000rad route=outer_bottom_left_mid_to_bottom_left
[gazebo_track_car-3] [INFO] [1780952076.472714924] [gazebo_track_car]: MOTION pos=(-1.712,-1.852) yaw=-3.141 v=0.279 step_err=0.0221m/0.000rad track_err=0.0759m footprint=road:8.00px route=outer_bottom_left_mid_to_bottom_left cmd_vel=(0.280,-0.002)
[gazebo_track_car-3] [INFO] [1780952077.169604038] [gazebo_track_car]: route segment=outer_bottom_left_corner; previous=outer_bottom_left_mid_to_bottom_left; distance=0.002m; decision=route/default: outer_bottom_left_corner
[gazebo_track_car-3] [WARN] [1780952077.277049705] [gazebo_track_car]: JITTER events=50 reasons=cmd_xy_error=0.0757m pos=(-1.928,-1.855) step=0.0045/0.0220m yaw=0.007/0.000rad route=outer_bottom_left_corner
[gazebo_track_car-3] [WARN] [1780952078.294368405] [gazebo_track_car]: JITTER events=51 reasons=cmd_xy_error=0.0895m pos=(-2.085,-1.862) step=0.0025/0.0106m yaw=0.016/0.000rad route=outer_bottom_left_corner
[gazebo_track_car-3] [INFO] [1780952078.497217410] [gazebo_track_car]: MOTION pos=(-2.110,-1.856) yaw=+2.269 v=0.134 step_err=0.0082m/0.016rad track_err=0.0928m footprint=road:5.00px route=outer_bottom_left_corner cmd_vel=(0.114,-0.808)
[gazebo_track_car-3] [WARN] [1780952079.296089736] [gazebo_track_car]: JITTER events=50 reasons=yaw_step_error=0.120rad,cmd_xy_error=0.0949m pos=(-2.193,-1.763) step=0.0039/0.0189m yaw=0.011/0.130rad route=outer_bottom_left_corner
[gazebo_track_car-3] [INFO] [1780952079.684293846] [gazebo_track_car]: route segment=outer_left_lower_to_mid; previous=outer_bottom_left_corner; distance=0.022m; decision=route/default: outer_left_lower_to_mid
[gazebo_track_car-3] [WARN] [1780952080.297659280] [gazebo_track_car]: JITTER events=50 reasons=cmd_xy_error=0.1044m pos=(-2.203,-1.524) step=0.0053/0.0264m yaw=0.001/0.000rad route=outer_left_lower_to_mid
[gazebo_track_car-3] [INFO] [1780952080.499078023] [gazebo_track_car]: MOTION pos=(-2.198,-1.472) yaw=+1.517 v=0.257 step_err=0.0211m/0.003rad track_err=0.1035m footprint=road:5.00px route=outer_left_lower_to_mid cmd_vel=(0.256,+0.139)
[gazebo_track_car-3] [WARN] [1780952081.300237405] [gazebo_track_car]: JITTER events=50 reasons=cmd_xy_error=0.1020m pos=(-2.190,-1.264) step=0.0054/0.0272m yaw=0.001/0.000rad route=outer_left_lower_to_mid
[gazebo_track_car-3] [WARN] [1780952082.316701908] [gazebo_track_car]: JITTER events=51 reasons=cmd_xy_error=0.1043m pos=(-2.201,-0.982) step=0.0055/0.0284m yaw=0.000/0.000rad route=outer_left_lower_to_mid
[gazebo_track_car-3] [INFO] [1780952082.517982642] [gazebo_track_car]: MOTION pos=(-2.203,-0.927) yaw=+1.600 v=0.276 step_err=0.0226m/0.000rad track_err=0.1043m footprint=road:6.00px route=outer_left_lower_to_mid cmd_vel=(0.276,-0.021)
[gazebo_track_car-3] [WARN] [1780952083.421022617] [gazebo_track_car]: JITTER events=55 reasons=cmd_xy_error=0.1042m pos=(-2.210,-0.677) step=0.0056/0.0285m yaw=0.000/0.000rad route=outer_left_lower_to_mid
[gazebo_track_car-3] [WARN] [1780952084.422986485] [gazebo_track_car]: JITTER events=50 reasons=cmd_xy_error=0.1029m pos=(-2.216,-0.398) step=0.0056/0.0282m yaw=0.000/0.000rad route=outer_left_lower_to_mid
[gazebo_track_car-3] [INFO] [1780952084.523398020] [gazebo_track_car]: MOTION pos=(-2.217,-0.370) yaw=+1.597 v=0.279 step_err=0.0223m/0.000rad track_err=0.1029m footprint=road:7.00px route=outer_left_lower_to_mid cmd_vel=(0.279,-0.005)
[gazebo_track_car-3] [WARN] [1780952085.424965740] [gazebo_track_car]: JITTER events=50 reasons=cmd_xy_error=0.1021m pos=(-2.216,-0.143) step=0.0031/0.0149m yaw=0.010/0.000rad route=outer_left_lower_to_mid
[gazebo_track_car-3] [WARN] [1780952086.425069830] [gazebo_track_car]: JITTER events=50 reasons=yaw_step_error=0.037rad,cmd_xy_error=0.1677m pos=(-2.194,-0.001) step=0.0034/0.0100m yaw=0.037/0.000rad route=outer_left_lower_to_mid
[gazebo_track_car-3] [INFO] [1780952086.542377365] [gazebo_track_car]: MOTION pos=(-2.210,+0.010) yaw=-2.622 v=0.158 step_err=0.0070m/0.032rad track_err=0.1660m footprint=road:4.20px route=outer_left_lower_to_mid cmd_vel=(0.098,+1.718)
[gazebo_track_car-3] [WARN] [1780952087.425979031] [gazebo_track_car]: JITTER events=50 reasons=yaw_step_error=0.040rad,cmd_xy_error=0.1590m pos=(-2.359,-0.018) step=0.0033/0.0000m yaw=0.040/0.000rad route=outer_left_lower_to_mid
[gazebo_track_car-3] [WARN] [1780952088.446640873] [gazebo_track_car]: JITTER events=51 reasons=yaw_step_error=0.786rad,cmd_xy_error=0.1067m pos=(-2.289,-0.108) step=0.0026/0.0104m yaw=0.023/0.809rad route=outer_left_lower_to_mid
[gazebo_track_car-3] [INFO] [1780952088.547691900] [gazebo_track_car]: MOTION pos=(-2.276,-0.106) yaw=+1.016 v=0.122 step_err=0.0073m/0.435rad track_err=0.1062m footprint=road:5.00px route=outer_left_lower_to_mid cmd_vel=(0.098,+0.982)
[gazebo_track_car-3] [INFO] [1780952088.732605557] [gazebo_track_car]: route segment=outer_left_mid_to_middle_entry; previous=outer_left_lower_to_mid; distance=0.008m; decision=route/default: outer_left_mid_to_middle_entry
[gazebo_track_car-3] [INFO] [1780952089.436050430] [gazebo_track_car]: route segment=outer_left_middle_entry_to_upper; previous=outer_left_mid_to_middle_entry; distance=0.009m; decision=route/default: outer_left_middle_entry_to_upper
[gazebo_track_car-3] [WARN] [1780952089.449178818] [gazebo_track_car]: JITTER events=40 reasons=cmd_xy_error=0.1065m pos=(-2.210,+0.015) step=0.0044/0.0030m yaw=0.008/0.000rad route=outer_left_middle_entry_to_upper
[gazebo_track_car-3] [WARN] [1780952090.448367117] [gazebo_track_car]: JITTER events=50 reasons=cmd_xy_error=0.0952m pos=(-2.245,+0.267) step=0.0050/0.0252m yaw=0.004/0.000rad route=outer_left_middle_entry_to_upper
[gazebo_track_car-3] [INFO] [1780952090.548725881] [gazebo_track_car]: MOTION pos=(-2.248,+0.292) yaw=+1.623 v=0.252 step_err=0.0203m/0.003rad track_err=0.0948m footprint=road:9.00px route=outer_left_middle_entry_to_upper cmd_vel=(0.253,-0.157)
[gazebo_track_car-3] [WARN] [1780952091.447449487] [gazebo_track_car]: JITTER events=50 reasons=cmd_xy_error=0.1216m pos=(-2.255,+0.532) step=0.0055/0.0000m yaw=0.000/0.000rad route=outer_left_middle_entry_to_upper
[gazebo_track_car-3] [WARN] [1780952092.471290047] [gazebo_track_car]: JITTER events=51 reasons=cmd_xy_error=0.0978m pos=(-2.250,+0.815) step=0.0056/0.0281m yaw=0.000/0.000rad route=outer_left_middle_entry_to_upper
[gazebo_track_car-3] [INFO] [1780952092.569893306] [gazebo_track_car]: MOTION pos=(-2.250,+0.842) yaw=+1.557 v=0.277 step_err=0.0225m/0.000rad track_err=0.0975m footprint=road:8.00px route=outer_left_middle_entry_to_upper cmd_vel=(0.277,-0.016)
[gazebo_track_car-3] [INFO] [1780952093.157661564] [gazebo_track_car]: route segment=outer_left_upper_to_top; previous=outer_left_middle_entry_to_upper; distance=0.022m; decision=route/default: outer_left_upper_to_top
[gazebo_track_car-3] [WARN] [1780952093.472088226] [gazebo_track_car]: JITTER events=50 reasons=cmd_xy_error=0.0970m pos=(-2.245,+1.092) step=0.0056/0.0279m yaw=0.000/0.000rad route=outer_left_upper_to_top
[gazebo_track_car-3] [WARN] [1780952094.474706998] [gazebo_track_car]: JITTER events=50 reasons=cmd_xy_error=0.0955m pos=(-2.238,+1.372) step=0.0056/0.0282m yaw=0.000/0.000rad route=outer_left_upper_to_top
[gazebo_track_car-3] [INFO] [1780952094.575921058] [gazebo_track_car]: MOTION pos=(-2.237,+1.400) yaw=+1.545 v=0.279 step_err=0.0218m/0.000rad track_err=0.0960m footprint=road:7.00px route=outer_left_upper_to_top cmd_vel=(0.279,+0.003)
[gazebo_track_car-3] [WARN] [1780952095.475766497] [gazebo_track_car]: JITTER events=50 reasons=cmd_xy_error=0.0940m pos=(-2.230,+1.651) step=0.0055/0.0282m yaw=0.000/0.000rad route=outer_left_upper_to_top
[gazebo_track_car-3] [WARN] [1780952096.476928853] [gazebo_track_car]: JITTER events=50 reasons=cmd_xy_error=0.0971m pos=(-2.236,+1.882) step=0.0034/0.0165m yaw=0.012/0.005rad route=outer_left_upper_to_top
[gazebo_track_car-3] [INFO] [1780952096.577013812] [gazebo_track_car]: MOTION pos=(-2.236,+1.899) yaw=+1.223 v=0.178 step_err=0.0035m/0.013rad track_err=0.1142m footprint=road:8.00px route=outer_left_upper_to_top cmd_vel=(0.163,-0.687)
[gazebo_track_car-3] [INFO] [1780952096.677128301] [gazebo_track_car]: route segment=outer_top_left_corner; previous=outer_left_upper_to_top; distance=0.014m; decision=route/default: outer_top_left_corner
[gazebo_track_car-3] [WARN] [1780952097.497720790] [gazebo_track_car]: JITTER events=51 reasons=yaw_step_error=0.161rad,cmd_xy_error=0.1066m pos=(-2.170,+2.060) step=0.0040/0.0193m yaw=0.011/0.172rad route=outer_top_left_corner
[gazebo_track_car-3] [WARN] [1780952098.499843344] [gazebo_track_car]: JITTER events=50 reasons=cmd_xy_error=0.1030m pos=(-2.006,+2.172) step=0.0042/0.0204m yaw=0.009/0.000rad route=outer_top_left_corner
[gazebo_track_car-3] [INFO] [1780952098.603000681] [gazebo_track_car]: MOTION pos=(-1.985,+2.179) yaw=+0.119 v=0.217 step_err=0.0161m/0.091rad track_err=0.1032m footprint=road:8.00px route=outer_top_left_corner cmd_vel=(0.216,-0.394)
[gazebo_track_car-3] [WARN] [1780952099.496050213] [gazebo_track_car]: JITTER events=50 reasons=cmd_xy_error=0.1095m pos=(-1.764,+2.192) step=0.0055/0.0291m yaw=0.000/0.000rad route=outer_top_left_corner
[gazebo_track_car-3] [INFO] [1780952099.688679838] [gazebo_track_car]: route segment=outer_top_left_to_top_mid; previous=outer_top_left_corner; distance=0.010m; decision=route/default: outer_top_left_to_top_mid
[gazebo_track_car-3] [WARN] [1780952100.605503237] [gazebo_track_car]: JITTER events=55 reasons=cmd_xy_error=0.1094m pos=(-1.469,+2.177) step=0.0055/0.0267m yaw=0.001/0.000rad route=outer_top_left_to_top_mid
[gazebo_track_car-3] [INFO] [1780952100.605894387] [gazebo_track_car]: MOTION pos=(-1.469,+2.177) yaw=+0.003 v=0.272 step_err=0.0212m/0.001rad track_err=0.1094m footprint=road:8.00px route=outer_top_left_to_top_mid cmd_vel=(0.274,+0.032)
[gazebo_track_car-3] [WARN] [1780952101.604931212] [gazebo_track_car]: JITTER events=50 reasons=cmd_xy_error=0.1079m pos=(-1.191,+2.179) step=0.0055/0.0277m yaw=0.000/0.000rad route=outer_top_left_to_top_mid
[gazebo_track_car-3] [WARN] [1780952102.603880902] [gazebo_track_car]: JITTER events=50 reasons=cmd_xy_error=0.1064m pos=(-0.914,+2.180) step=0.0056/0.0279m yaw=0.000/0.000rad route=outer_top_left_to_top_mid
[gazebo_track_car-3] [INFO] [1780952102.604198384] [gazebo_track_car]: MOTION pos=(-0.914,+2.180) yaw=-0.002 v=0.279 step_err=0.0223m/0.000rad track_err=0.1064m footprint=road:8.00px route=outer_top_left_to_top_mid cmd_vel=(0.279,-0.004)
[gazebo_track_car-3] [WARN] [1780952103.625628306] [gazebo_track_car]: JITTER events=51 reasons=cmd_xy_error=0.1108m pos=(-0.629,+2.180) step=0.0056/0.0276m yaw=0.000/0.000rad route=outer_top_left_to_top_mid
[gazebo_track_car-3] [WARN] [1780952104.623615824] [gazebo_track_car]: JITTER events=50 reasons=cmd_xy_error=0.1091m pos=(-0.349,+2.180) step=0.0056/0.0286m yaw=0.000/0.000rad route=outer_top_left_to_top_mid
[gazebo_track_car-3] [INFO] [1780952104.623900255] [gazebo_track_car]: MOTION pos=(-0.349,+2.180) yaw=+0.001 v=0.280 step_err=0.0230m/0.000rad track_err=0.1091m footprint=road:8.00px route=outer_top_left_to_top_mid cmd_vel=(0.280,-0.000)
[gazebo_track_car-3] [WARN] [1780952105.729675707] [gazebo_track_car]: JITTER events=54 reasons=cmd_xy_error=0.1094m pos=(-0.042,+2.180) step=0.0056/0.0279m yaw=0.000/0.000rad route=outer_top_left_to_top_mid
[gazebo_track_car-3] [INFO] [1780952106.120838981] [gazebo_track_car]: route segment=outer_top_mid_to_gap; previous=outer_top_left_to_top_mid; distance=0.008m; decision=route/default: outer_top_mid_to_gap
[gazebo_track_car-3] [INFO] [1780952106.629745647] [gazebo_track_car]: MOTION pos=(+0.209,+2.180) yaw=-0.000 v=0.279 step_err=0.0229m/0.000rad track_err=0.1071m footprint=road:9.00px route=outer_top_mid_to_gap cmd_vel=(0.279,-0.006)
[gazebo_track_car-3] [WARN] [1780952106.730905723] [gazebo_track_car]: JITTER events=50 reasons=cmd_xy_error=0.1071m pos=(+0.237,+2.180) step=0.0056/0.0279m yaw=0.000/0.000rad route=outer_top_mid_to_gap
[gazebo_track_car-3] [WARN] [1780952107.750651107] [gazebo_track_car]: JITTER events=51 reasons=cmd_xy_error=0.1103m pos=(+0.521,+2.180) step=0.0056/0.0285m yaw=0.000/0.000rad route=outer_top_mid_to_gap
[gazebo_track_car-3] [INFO] [1780952108.032973687] [gazebo_track_car]: route segment=outer_top_gap_to_top_right_mid; previous=outer_top_mid_to_gap; distance=0.027m; decision=route/default: outer_top_gap_to_top_right_mid
[gazebo_track_car-3] [INFO] [1780952108.650184270] [gazebo_track_car]: MOTION pos=(+0.773,+2.180) yaw=-0.001 v=0.280 step_err=0.0224m/0.000rad track_err=0.1097m footprint=road:8.39px route=outer_top_gap_to_top_right_mid cmd_vel=(0.280,+0.002)
[gazebo_track_car-3] [WARN] [1780952108.751354243] [gazebo_track_car]: JITTER events=50 reasons=cmd_xy_error=0.1097m pos=(+0.801,+2.180) step=0.0056/0.0280m yaw=0.000/0.000rad route=outer_top_gap_to_top_right_mid
[gazebo_track_car-3] [INFO] [1780952109.639767666] [gazebo_track_car]: route segment=outer_top_right_mid_to_top_right; previous=outer_top_gap_to_top_right_mid; distance=0.006m; decision=route/default: outer_top_right_mid_to_top_right
[gazebo_track_car-3] [WARN] [1780952109.755668257] [gazebo_track_car]: JITTER events=50 reasons=cmd_xy_error=0.1093m pos=(+1.080,+2.180) step=0.0056/0.0277m yaw=0.000/0.000rad route=outer_top_right_mid_to_top_right
[gazebo_track_car-3] [INFO] [1780952110.653320022] [gazebo_track_car]: MOTION pos=(+1.332,+2.180) yaw=+0.000 v=0.279 step_err=0.0224m/0.000rad track_err=0.1073m footprint=road:8.00px route=outer_top_right_mid_to_top_right cmd_vel=(0.280,-0.001)
[gazebo_track_car-3] [WARN] [1780952110.753189071] [gazebo_track_car]: JITTER events=50 reasons=cmd_xy_error=0.1073m pos=(+1.360,+2.180) step=0.0056/0.0280m yaw=0.000/0.000rad route=outer_top_right_mid_to_top_right
[gazebo_track_car-3] [WARN] [1780952111.757194989] [gazebo_track_car]: JITTER events=50 reasons=cmd_xy_error=0.1068m pos=(+1.639,+2.180) step=0.0056/0.0284m yaw=0.000/0.000rad route=outer_top_right_mid_to_top_right
[gazebo_track_car-3] [INFO] [1780952112.656855280] [gazebo_track_car]: MOTION pos=(+1.857,+2.179) yaw=-0.203 v=0.234 step_err=0.0188m/0.005rad track_err=0.1075m footprint=road:8.00px route=outer_top_right_mid_to_top_right cmd_vel=(0.257,-0.131)
[gazebo_track_car-3] [WARN] [1780952112.756879323] [gazebo_track_car]: JITTER events=50 reasons=cmd_xy_error=0.1074m pos=(+1.882,+2.175) step=0.0051/0.0257m yaw=0.003/0.000rad route=outer_top_right_mid_to_top_right
[gazebo_track_car-3] [INFO] [1780952112.956079316] [gazebo_track_car]: route segment=outer_top_right_corner; previous=outer_top_right_mid_to_top_right; distance=0.017m; decision=route/default: outer_top_right_corner
[gazebo_track_car-3] [WARN] [1780952113.777488473] [gazebo_track_car]: JITTER events=51 reasons=cmd_xy_error=0.1250m pos=(+2.080,+2.131) step=0.0031/0.0150m yaw=0.013/0.000rad route=outer_top_right_corner
[gazebo_track_car-3] [INFO] [1780952114.676798172] [gazebo_track_car]: MOTION pos=(+2.179,+2.054) yaw=-1.352 v=0.160 step_err=0.0113m/0.105rad track_err=0.1382m footprint=road:10.00px route=outer_top_right_corner cmd_vel=(0.165,-0.658)
[gazebo_track_car-3] [WARN] [1780952114.776751623] [gazebo_track_car]: JITTER events=50 reasons=cmd_xy_error=0.1373m pos=(+2.187,+2.039) step=0.0035/0.0167m yaw=0.013/0.000rad route=outer_top_right_corner
[gazebo_track_car-3] [WARN] [1780952115.779310213] [gazebo_track_car]: JITTER events=50 reasons=cmd_xy_error=0.1232m pos=(+2.195,+1.806) step=0.0051/0.0255m yaw=0.003/0.000rad route=outer_top_right_corner
[gazebo_track_car-3] [INFO] [1780952116.272871388] [gazebo_track_car]: route segment=outer_right_top_to_upper; previous=outer_top_right_corner; distance=0.023m; decision=route/default: outer_right_top_to_upper
[gazebo_track_car-3] [INFO] [1780952116.679436683] [gazebo_track_car]: MOTION pos=(+2.186,+1.579) yaw=-1.504 v=0.265 step_err=0.0213m/0.002rad track_err=0.1209m footprint=road:6.00px route=outer_right_top_to_upper cmd_vel=(0.270,+0.053)
[gazebo_track_car-3] [WARN] [1780952116.778507797] [gazebo_track_car]: JITTER events=50 reasons=cmd_xy_error=0.1203m pos=(+2.188,+1.553) step=0.0054/0.0276m yaw=0.001/0.000rad route=outer_right_top_to_upper
[gazebo_track_car-3] [WARN] [1780952117.781595479] [gazebo_track_car]: JITTER events=50 reasons=cmd_xy_error=0.1190m pos=(+2.208,+1.279) step=0.0055/0.0274m yaw=0.001/0.000rad route=outer_right_top_to_upper
[gazebo_track_car-3] [INFO] [1780952118.700940990] [gazebo_track_car]: MOTION pos=(+2.221,+1.024) yaw=-1.528 v=0.275 step_err=0.0233m/0.001rad track_err=0.1233m footprint=road:8.00px route=outer_right_top_to_upper cmd_vel=(0.271,-0.051)
[gazebo_track_car-3] [WARN] [1780952118.802650577] [gazebo_track_car]: JITTER events=51 reasons=cmd_xy_error=0.1239m pos=(+2.222,+0.997) step=0.0054/0.0265m yaw=0.001/0.000rad route=outer_right_top_to_upper
[gazebo_track_car-3] [INFO] [1780952119.689883792] [gazebo_track_car]: route segment=outer_right_upper_to_mid; previous=outer_right_top_to_upper; distance=0.014m; decision=route/default: outer_right_upper_to_mid
[gazebo_track_car-3] [WARN] [1780952119.803094478] [gazebo_track_car]: JITTER events=50 reasons=cmd_xy_error=0.1226m pos=(+2.229,+0.726) step=0.0055/0.0283m yaw=0.000/0.000rad route=outer_right_upper_to_mid
[gazebo_track_car-3] [INFO] [1780952120.706309939] [gazebo_track_car]: MOTION pos=(+2.226,+0.476) yaw=-1.573 v=0.277 step_err=0.0219m/0.000rad track_err=0.1217m footprint=road:9.00px route=outer_right_upper_to_mid cmd_vel=(0.278,+0.012)
[gazebo_track_car-3] [WARN] [1780952120.807207095] [gazebo_track_car]: JITTER events=50 reasons=cmd_xy_error=0.1217m pos=(+2.226,+0.448) step=0.0056/0.0278m yaw=0.000/0.000rad route=outer_right_upper_to_mid
[gazebo_track_car-3] [WARN] [1780952121.805152637] [gazebo_track_car]: JITTER events=50 reasons=cmd_xy_error=0.1200m pos=(+2.226,+0.169) step=0.0056/0.0268m yaw=0.000/0.000rad route=outer_right_upper_to_mid
[gazebo_track_car-3] [INFO] [1780952122.709159716] [gazebo_track_car]: MOTION pos=(+2.227,-0.081) yaw=-1.571 v=0.278 step_err=0.0223m/0.000rad track_err=0.1193m footprint=road:8.00px route=outer_right_upper_to_mid cmd_vel=(0.279,-0.007)
[gazebo_track_car-3] [WARN] [1780952122.809231986] [gazebo_track_car]: JITTER events=49 reasons=cmd_xy_error=0.1193m pos=(+2.227,-0.109) step=0.0056/0.0279m yaw=0.000/0.000rad route=outer_right_upper_to_mid
[gazebo_track_car-3] [WARN] [1780952123.828371897] [gazebo_track_car]: JITTER events=51 reasons=cmd_xy_error=0.1234m pos=(+2.227,-0.393) step=0.0055/0.0279m yaw=0.001/0.000rad route=outer_right_upper_to_mid
[gazebo_track_car-3] [INFO] [1780952124.732292349] [gazebo_track_car]: MOTION pos=(+2.224,-0.638) yaw=-1.614 v=0.277 step_err=0.0210m/0.012rad track_err=0.1235m footprint=road:8.00px route=outer_right_upper_to_mid cmd_vel=(0.278,-0.009)
[gazebo_track_car-3] [INFO] [1780952124.816826593] [gazebo_track_car]: route segment=outer_right_mid_to_lower; previous=outer_right_upper_to_mid; distance=0.027m; decision=route/default: outer_right_mid_to_lower
[gazebo_track_car-3] [WARN] [1780952124.831569444] [gazebo_track_car]: JITTER events=50 reasons=cmd_xy_error=0.1229m pos=(+2.223,-0.666) step=0.0056/0.0284m yaw=0.000/0.000rad route=outer_right_mid_to_lower
[gazebo_track_car-3] [WARN] [1780952125.833607856] [gazebo_track_car]: JITTER events=50 reasons=cmd_xy_error=0.1218m pos=(+2.211,-0.944) step=0.0056/0.0281m yaw=0.000/0.000rad route=outer_right_mid_to_lower
[gazebo_track_car-3] [INFO] [1780952126.735554339] [gazebo_track_car]: MOTION pos=(+2.202,-1.195) yaw=-1.606 v=0.280 step_err=0.0230m/0.000rad track_err=0.1208m footprint=road:7.00px route=outer_right_mid_to_lower cmd_vel=(0.280,-0.000)
[gazebo_track_car-3] [WARN] [1780952126.834811837] [gazebo_track_car]: JITTER events=50 reasons=cmd_xy_error=0.1203m pos=(+2.201,-1.223) step=0.0056/0.0286m yaw=0.000/0.000rad route=outer_right_mid_to_lower
[gazebo_track_car-3] [WARN] [1780952127.851182446] [gazebo_track_car]: JITTER events=51 reasons=cmd_xy_error=0.1233m pos=(+2.190,-1.508) step=0.0056/0.0291m yaw=0.000/0.000rad route=outer_right_mid_to_lower
[gazebo_track_car-3] [INFO] [1780952128.753814154] [gazebo_track_car]: MOTION pos=(+2.196,-1.705) yaw=-1.857 v=0.137 step_err=0.0099m/0.013rad track_err=0.1261m footprint=road:9.00px route=outer_right_mid_to_lower cmd_vel=(0.117,-0.733)
[gazebo_track_car-3] [WARN] [1780952128.854754973] [gazebo_track_car]: JITTER events=50 reasons=cmd_xy_error=0.1275m pos=(+2.197,-1.718) step=0.0026/0.0115m yaw=0.013/0.000rad route=outer_right_mid_to_lower
[gazebo_track_car-3] [WARN] [1780952129.854714091] [gazebo_track_car]: JITTER events=50 reasons=cmd_xy_error=0.1442m pos=(+2.175,-1.834) step=0.0025/0.0104m yaw=0.016/0.000rad route=outer_right_mid_to_lower
[gazebo_track_car-3] [INFO] [1780952130.645853060] [gazebo_track_car]: route segment=outer_bottom_right_corner; previous=outer_right_mid_to_lower; distance=0.013m; decision=route/default: outer_bottom_right_corner
[gazebo_track_car-3] [INFO] [1780952130.756887380] [gazebo_track_car]: MOTION pos=(+2.031,-1.885) yaw=+3.020 v=0.227 step_err=0.0164m/0.112rad track_err=0.1369m footprint=road:6.00px route=outer_bottom_right_corner cmd_vel=(0.241,-0.218)
[gazebo_track_car-3] [WARN] [1780952130.858006182] [gazebo_track_car]: JITTER events=50 reasons=yaw_step_error=0.247rad,cmd_xy_error=0.1346m pos=(+2.007,-1.884) step=0.0049/0.0244m yaw=0.004/0.251rad route=outer_bottom_right_corner
[gazebo_track_car-3] [WARN] [1780952131.857701604] [gazebo_track_car]: JITTER events=50 reasons=cmd_xy_error=0.1289m pos=(+1.755,-1.848) step=0.0051/0.0254m yaw=0.003/0.000rad route=outer_bottom_right_corner
[gazebo_track_car-3] [INFO] [1780952132.155879451] [gazebo_track_car]: route segment=outer_bottom_right_to_bottom_right_mid; previous=outer_bottom_right_corner; distance=0.001m; decision=route/default: outer_bottom_right_to_bottom_right_mid
[gazebo_track_car-3] [INFO] [1780952132.762773816] [gazebo_track_car]: MOTION pos=(+1.511,-1.850) yaw=-3.125 v=0.272 step_err=0.0054m/0.001rad track_err=0.1547m footprint=road:8.00px route=outer_bottom_right_to_bottom_right_mid cmd_vel=(0.272,-0.044)
[gazebo_track_car-3] [WARN] [1780952132.888274530] [gazebo_track_car]: JITTER events=51 reasons=cmd_xy_error=0.1327m pos=(+1.478,-1.851) step=0.0054/0.0274m yaw=0.001/0.000rad route=outer_bottom_right_to_bottom_right_mid
[gazebo_track_car-3] [WARN] [1780952133.877176148] [gazebo_track_car]: JITTER events=50 reasons=cmd_xy_error=0.1300m pos=(+1.202,-1.852) step=0.0056/0.0277m yaw=0.000/0.000rad route=outer_bottom_right_to_bottom_right_mid
[gazebo_track_car-3] [INFO] [1780952134.779684320] [gazebo_track_car]: MOTION pos=(+0.952,-1.851) yaw=-3.141 v=0.279 step_err=0.0206m/0.000rad track_err=0.1293m footprint=road:8.00px route=outer_bottom_right_to_bottom_right_mid cmd_vel=(0.279,+0.005)
[gazebo_track_car-3] [WARN] [1780952134.885283374] [gazebo_track_car]: JITTER events=50 reasons=cmd_xy_error=0.1285m pos=(+0.924,-1.851) step=0.0056/0.0287m yaw=0.000/0.000rad route=outer_bottom_right_to_bottom_right_mid
[gazebo_track_car-3] [INFO] [1780952135.378341503] [gazebo_track_car]: route segment=outer_bottom_right_mid_to_bottom_mid; previous=outer_bottom_right_to_bottom_right_mid; distance=0.028m; decision=route/default: outer_bottom_right_mid_to_bottom_mid
[gazebo_track_car-3] [WARN] [1780952135.893343518] [gazebo_track_car]: JITTER events=51 reasons=cmd_xy_error=0.1303m pos=(+0.639,-1.852) step=0.0056/0.0278m yaw=0.000/0.000rad route=outer_bottom_right_mid_to_bottom_mid
[gazebo_track_car-3] [INFO] [1780952136.795097929] [gazebo_track_car]: MOTION pos=(+0.389,-1.852) yaw=+3.141 v=0.279 step_err=0.0229m/0.000rad track_err=0.1296m footprint=road:8.00px route=outer_bottom_right_mid_to_bottom_mid cmd_vel=(0.279,-0.005)
[gazebo_track_car-3] [WARN] [1780952136.894614808] [gazebo_track_car]: JITTER events=50 reasons=cmd_xy_error=0.1296m pos=(+0.361,-1.852) step=0.0056/0.0279m yaw=0.000/0.000rad route=outer_bottom_right_mid_to_bottom_mid
[gazebo_track_car-3] [WARN] [1780952137.896307387] [gazebo_track_car]: JITTER events=50 reasons=cmd_xy_error=0.1281m pos=(+0.081,-1.852) step=0.0056/0.0285m yaw=0.000/0.000rad route=outer_bottom_right_mid_to_bottom_mid
[gazebo_track_car-3] [INFO] [1780952138.796934003] [gazebo_track_car]: MOTION pos=(-0.170,-1.851) yaw=-3.141 v=0.280 step_err=0.0056m/0.000rad track_err=0.1544m footprint=road:8.00px route=outer_bottom_right_mid_to_bottom_mid cmd_vel=(0.280,+0.002)
[gazebo_track_car-3] [INFO] [1780952138.896737087] [gazebo_track_car]: route segment=outer_bottom_mid_to_bottom_left_mid; previous=outer_bottom_right_mid_to_bottom_mid; distance=0.024m; decision=route/default: outer_bottom_mid_to_bottom_left_mid
[gazebo_track_car-3] [WARN] [1780952138.897660921] [gazebo_track_car]: JITTER events=50 reasons=cmd_xy_error=0.1272m pos=(-0.198,-1.851) step=0.0056/0.0277m yaw=0.000/0.000rad route=outer_bottom_mid_to_bottom_left_mid
[gazebo_track_car-3] [WARN] [1780952139.902759177] [gazebo_track_car]: JITTER events=49 reasons=cmd_xy_error=0.1271m pos=(-0.478,-1.852) step=0.0056/0.0268m yaw=0.000/0.000rad route=outer_bottom_mid_to_bottom_left_mid
[gazebo_track_car-3] [INFO] [1780952140.911274809] [gazebo_track_car]: MOTION pos=(-0.756,-1.852) yaw=+3.141 v=0.279 step_err=0.0173m/0.000rad track_err=0.1278m footprint=road:8.00px route=outer_bottom_mid_to_bottom_left_mid cmd_vel=(0.279,-0.006)
[gazebo_track_car-3] [WARN] [1780952141.009358723] [gazebo_track_car]: JITTER events=54 reasons=cmd_xy_error=0.1270m pos=(-0.784,-1.852) step=0.0056/0.0287m yaw=0.000/0.000rad route=outer_bottom_mid_to_bottom_left_mid
[gazebo_track_car-3] [WARN] [1780952142.013268626] [gazebo_track_car]: JITTER events=50 reasons=cmd_xy_error=0.1268m pos=(-1.063,-1.852) step=0.0056/0.0280m yaw=0.000/0.000rad route=outer_bottom_mid_to_bottom_left_mid
[gazebo_track_car-3] [INFO] [1780952142.415346766] [gazebo_track_car]: route segment=outer_bottom_left_mid_to_bottom_left; previous=outer_bottom_mid_to_bottom_left_mid; distance=0.018m; decision=route/default: outer_bottom_left_mid_to_bottom_left
[gazebo_track_car-3] [INFO] [1780952142.933631447] [gazebo_track_car]: MOTION pos=(-1.320,-1.851) yaw=+3.141 v=0.279 step_err=0.0240m/0.000rad track_err=0.1304m footprint=road:8.00px route=outer_bottom_left_mid_to_bottom_left cmd_vel=(0.279,+0.003)
[gazebo_track_car-3] [WARN] [1780952143.035603027] [gazebo_track_car]: JITTER events=51 reasons=cmd_xy_error=0.1307m pos=(-1.348,-1.851) step=0.0056/0.0277m yaw=0.000/0.000rad route=outer_bottom_left_mid_to_bottom_left
[gazebo_track_car-3] [WARN] [1780952144.142281786] [gazebo_track_car]: JITTER events=55 reasons=cmd_xy_error=0.1311m pos=(-1.656,-1.852) step=0.0056/0.0282m yaw=0.000/0.000rad route=outer_bottom_left_mid_to_bottom_left
[gazebo_track_car-3] [INFO] [1780952144.945520203] [gazebo_track_car]: MOTION pos=(-1.879,-1.852) yaw=-3.141 v=0.278 step_err=0.0229m/0.000rad track_err=0.1302m footprint=road:8.00px route=outer_bottom_left_mid_to_bottom_left cmd_vel=(0.279,-0.007)
[gazebo_track_car-3] [WARN] [1780952145.142662106] [gazebo_track_car]: JITTER events=50 reasons=cmd_xy_error=0.1296m pos=(-1.935,-1.852) step=0.0056/0.0284m yaw=0.000/0.000rad route=outer_bottom_left_mid_to_bottom_left
[gazebo_track_car-3] [INFO] [1780952145.231964678] [gazebo_track_car]: route segment=outer_bottom_left_corner; previous=outer_bottom_left_mid_to_bottom_left; distance=0.002m; decision=route/default: outer_bottom_left_corner
[gazebo_track_car-3] [WARN] [1780952146.145188385] [gazebo_track_car]: JITTER events=50 reasons=cmd_xy_error=0.1417m pos=(-2.094,-1.869) step=0.0024/0.0101m yaw=0.017/0.000rad route=outer_bottom_left_corner
[gazebo_track_car-3] [INFO] [1780952146.946999107] [gazebo_track_car]: MOTION pos=(-2.184,-1.830) yaw=+1.828 v=0.132 step_err=0.0088m/0.033rad track_err=0.1507m footprint=road:7.00px route=outer_bottom_left_corner cmd_vel=(0.128,-0.715)
[gazebo_track_car-3] [WARN] [1780952147.146934482] [gazebo_track_car]: JITTER events=50 reasons=yaw_step_error=0.130rad,cmd_xy_error=0.1446m pos=(-2.199,-1.806) step=0.0030/0.0141m yaw=0.012/0.143rad route=outer_bottom_left_corner
[gazebo_track_car-3] [INFO] [1780952147.845662883] [gazebo_track_car]: route segment=outer_left_lower_to_mid; previous=outer_bottom_left_corner; distance=0.010m; decision=route/default: outer_left_lower_to_mid
[gazebo_track_car-3] [WARN] [1780952148.146963456] [gazebo_track_car]: JITTER events=50 reasons=cmd_xy_error=0.1598m pos=(-2.200,-1.583) step=0.0049/0.0000m yaw=0.004/0.000rad route=outer_left_lower_to_mid
[gazebo_track_car-3] [INFO] [1780952148.962285752] [gazebo_track_car]: MOTION pos=(-2.184,-1.380) yaw=+1.622 v=0.265 step_err=0.0214m/0.002rad track_err=0.1372m footprint=road:5.20px route=outer_left_lower_to_mid cmd_vel=(0.271,+0.048)
[gazebo_track_car-3] [WARN] [1780952149.160754826] [gazebo_track_car]: JITTER events=51 reasons=cmd_xy_error=0.1357m pos=(-2.187,-1.326) step=0.0055/0.0285m yaw=0.000/0.000rad route=outer_left_lower_to_mid
[gazebo_track_car-3] [WARN] [1780952150.276272451] [gazebo_track_car]: JITTER events=55 reasons=cmd_xy_error=0.1364m pos=(-2.202,-1.026) step=0.0055/0.0279m yaw=0.000/0.000rad route=outer_left_lower_to_mid
[gazebo_track_car-3] [INFO] [1780952150.980356541] [gazebo_track_car]: MOTION pos=(-2.205,-0.831) yaw=+1.594 v=0.278 step_err=0.0223m/0.000rad track_err=0.1365m footprint=road:6.00px route=outer_left_lower_to_mid cmd_vel=(0.279,+0.005)
[gazebo_track_car-3] [WARN] [1780952151.281013580] [gazebo_track_car]: JITTER events=50 reasons=cmd_xy_error=0.1362m pos=(-2.207,-0.747) step=0.0056/0.0280m yaw=0.000/0.000rad route=outer_left_lower_to_mid
[gazebo_track_car-3] [WARN] [1780952152.281342121] [gazebo_track_car]: JITTER events=50 reasons=cmd_xy_error=0.1349m pos=(-2.215,-0.468) step=0.0056/0.0279m yaw=0.000/0.000rad route=outer_left_lower_to_mid
[gazebo_track_car-3] [INFO] [1780952152.980950282] [gazebo_track_car]: MOTION pos=(-2.220,-0.273) yaw=+1.596 v=0.279 step_err=0.0229m/0.000rad track_err=0.1335m footprint=road:7.00px route=outer_left_lower_to_mid cmd_vel=(0.279,-0.005)
[gazebo_track_car-3] [WARN] [1780952153.281743244] [gazebo_track_car]: JITTER events=50 reasons=cmd_xy_error=0.1337m pos=(-2.222,-0.190) step=0.0056/0.0274m yaw=0.000/0.000rad route=outer_left_lower_to_mid
[gazebo_track_car-3] [INFO] [1780952154.182061364] [gazebo_track_car]: ROUTE_REJOIN teleport actual=(-2.173,-0.044) cmd_error=0.180m nearest=(-2.225,-0.045) route_dist=0.052m segment=outer_left_lower_to_mid@1.760m parking_locked=False yaw=+2.199
[gazebo_track_car-3] [WARN] [1780952154.285629511] [gazebo_track_car]: JITTER events=49 reasons=yaw_step_error=0.353rad,speed_delta=0.062m/s,yaw_rate_delta=0.494rad/s pos=(-2.228,-0.044) step=0.0021/0.0091m yaw=0.018/0.371rad route=outer_left_lower_to_mid
[gazebo_track_car-3] [INFO] [1780952154.686242584] [gazebo_track_car]: route segment=outer_left_mid_to_middle_entry; previous=outer_left_lower_to_mid; distance=0.004m; decision=route/default: outer_left_mid_to_middle_entry
[gazebo_track_car-3] [INFO] [1780952155.003808282] [gazebo_track_car]: MOTION pos=(-2.298,+0.012) yaw=+1.458 v=0.119 step_err=0.0071m/0.012rad track_err=0.0525m footprint=road:6.00px route=outer_left_mid_to_middle_entry cmd_vel=(0.106,-0.688)
[gazebo_track_car-3] [WARN] [1780952155.302792607] [gazebo_track_car]: JITTER events=29 reasons=cmd_xy_error=0.1189m pos=(-2.304,+0.055) step=0.0035/0.0178m yaw=0.011/0.000rad route=outer_left_mid_to_middle_entry
[gazebo_track_car-3] [INFO] [1780952155.490940123] [gazebo_track_car]: route segment=outer_left_middle_entry_to_upper; previous=outer_left_mid_to_middle_entry; distance=0.004m; decision=route/default: outer_left_middle_entry_to_upper
[gazebo_track_car-3] [INFO] [1780952155.497770491] [gazebo_track_car]: ROUTE_REJOIN teleport actual=(-2.293,+0.100) cmd_error=0.194m nearest=(-2.250,+0.100) route_dist=0.043m segment=outer_left_middle_entry_to_upper@0.194m parking_locked=False yaw=+1.571
[gazebo_track_car-3] [INFO] [1780952157.014976031] [gazebo_track_car]: MOTION pos=(-2.250,+0.490) yaw=+1.571 v=0.280 step_err=0.0224m/0.000rad track_err=0.0036m footprint=road:9.00px route=outer_left_middle_entry_to_upper cmd_vel=(0.280,+0.001)
[gazebo_track_car-3] [INFO] [1780952158.504178925] [gazebo_track_car]: route segment=outer_left_upper_to_top; previous=outer_left_middle_entry_to_upper; distance=0.020m; decision=route/default: outer_left_upper_to_top
[gazebo_track_car-3] [INFO] [1780952159.012446452] [gazebo_track_car]: MOTION pos=(-2.247,+1.045) yaw=+1.545 v=0.279 step_err=0.0229m/0.000rad track_err=0.0069m footprint=road:8.00px route=outer_left_upper_to_top cmd_vel=(0.279,-0.004)
[gazebo_track_car-3] [INFO] [1780952161.131598739] [gazebo_track_car]: MOTION pos=(-2.231,+1.631) yaw=+1.551 v=0.277 step_err=0.0210m/0.000rad track_err=0.0054m footprint=road:7.00px route=outer_left_upper_to_top cmd_vel=(0.277,+0.022)
[gazebo_track_car-3] [INFO] [1780952161.923872175] [gazebo_track_car]: route segment=outer_top_left_corner; previous=outer_left_upper_to_top; distance=0.020m; decision=route/default: outer_top_left_corner
[gazebo_track_car-3] [WARN] [1780952162.331671448] [gazebo_track_car]: JITTER events=18 reasons=yaw_step_error=0.185rad pos=(-2.217,+1.907) step=0.0043/0.0206m yaw=0.010/0.195rad route=outer_top_left_corner
[gazebo_track_car-3] [INFO] [1780952163.156817964] [gazebo_track_car]: MOTION pos=(-2.141,+2.056) yaw=+0.648 v=0.209 step_err=0.0182m/0.010rad track_err=0.0195m footprint=road:9.99px route=outer_top_left_corner cmd_vel=(0.204,-0.536)
[gazebo_track_car-3] [WARN] [1780952163.454866486] [gazebo_track_car]: JITTER events=4 reasons=yaw_step_error=0.107rad pos=(-2.097,+2.100) step=0.0042/0.0204m yaw=0.011/0.118rad route=outer_top_left_corner
[gazebo_track_car-3] [WARN] [1780952164.453741509] [gazebo_track_car]: JITTER events=9 reasons=yaw_step_error=0.235rad pos=(-1.893,+2.184) step=0.0048/0.0244m yaw=0.005/0.240rad route=outer_top_left_corner
[gazebo_track_car-3] [INFO] [1780952164.850044588] [gazebo_track_car]: route segment=outer_top_left_to_top_mid; previous=outer_top_left_corner; distance=0.000m; decision=route/default: outer_top_left_to_top_mid
[gazebo_track_car-3] [INFO] [1780952165.152992957] [gazebo_track_car]: MOTION pos=(-1.712,+2.191) yaw=-0.033 v=0.271 step_err=0.0220m/0.001rad track_err=0.0373m footprint=road:8.00px route=outer_top_left_to_top_mid cmd_vel=(0.275,-0.030)
[gazebo_track_car-3] [WARN] [1780952165.515996714] [gazebo_track_car]: JITTER events=22 reasons=cmd_xy_error=0.0526m pos=(-1.612,+2.188) step=0.0055/0.0000m yaw=0.000/0.000rad route=outer_top_left_to_top_mid
[gazebo_track_car-3] [WARN] [1780952166.517983239] [gazebo_track_car]: JITTER events=27 reasons=cmd_xy_error=0.0503m pos=(-1.337,+2.180) step=0.0055/0.0000m yaw=0.000/0.000rad route=outer_top_left_to_top_mid
[gazebo_track_car-3] [INFO] [1780952167.178264756] [gazebo_track_car]: MOTION pos=(-1.154,+2.179) yaw=+0.002 v=0.279 step_err=0.0226m/0.000rad track_err=0.0384m footprint=road:8.00px route=outer_top_left_to_top_mid cmd_vel=(0.279,+0.007)
[gazebo_track_car-3] [WARN] [1780952167.539284638] [gazebo_track_car]: JITTER events=24 reasons=cmd_xy_error=0.0543m pos=(-1.053,+2.179) step=0.0056/0.0000m yaw=0.000/0.000rad route=outer_top_left_to_top_mid
[gazebo_track_car-3] [WARN] [1780952168.537940807] [gazebo_track_car]: JITTER events=20 reasons=cmd_xy_error=0.0522m pos=(-0.775,+2.180) step=0.0056/0.0000m yaw=0.000/0.000rad route=outer_top_left_to_top_mid
[gazebo_track_car-3] [INFO] [1780952169.181546103] [gazebo_track_car]: MOTION pos=(-0.596,+2.180) yaw=+0.000 v=0.279 step_err=0.0223m/0.000rad track_err=0.0359m footprint=road:8.00px route=outer_top_left_to_top_mid cmd_vel=(0.279,-0.007)
[gazebo_track_car-3] [WARN] [1780952169.542261705] [gazebo_track_car]: JITTER events=20 reasons=cmd_xy_error=0.0521m pos=(-0.496,+2.180) step=0.0056/0.0000m yaw=0.000/0.000rad route=outer_top_left_to_top_mid
[gazebo_track_car-3] [WARN] [1780952170.542987582] [gazebo_track_car]: JITTER events=23 reasons=cmd_xy_error=0.0514m pos=(-0.217,+2.180) step=0.0056/0.0000m yaw=0.000/0.000rad route=outer_top_left_to_top_mid
[gazebo_track_car-3] [INFO] [1780952171.201935568] [gazebo_track_car]: MOTION pos=(-0.032,+2.180) yaw=-0.002 v=0.280 step_err=0.0230m/0.000rad track_err=0.0382m footprint=road:8.00px route=outer_top_left_to_top_mid cmd_vel=(0.280,+0.002)
[gazebo_track_car-3] [INFO] [1780952171.286577564] [gazebo_track_car]: route segment=outer_top_mid_to_gap; previous=outer_top_left_to_top_mid; distance=0.005m; decision=route/default: outer_top_mid_to_gap
[gazebo_track_car-3] [WARN] [1780952171.561877380] [gazebo_track_car]: JITTER events=23 reasons=cmd_xy_error=0.0547m pos=(+0.068,+2.180) step=0.0056/0.0000m yaw=0.000/0.000rad route=outer_top_mid_to_gap
[gazebo_track_car-3] [WARN] [1780952172.563814682] [gazebo_track_car]: JITTER events=20 reasons=cmd_xy_error=0.0526m pos=(+0.348,+2.180) step=0.0056/0.0000m yaw=0.000/0.000rad route=outer_top_mid_to_gap
[gazebo_track_car-3] [INFO] [1780952173.198392217] [gazebo_track_car]: route segment=outer_top_gap_to_top_right_mid; previous=outer_top_mid_to_gap; distance=0.022m; decision=route/default: outer_top_gap_to_top_right_mid
[gazebo_track_car-3] [INFO] [1780952173.205902025] [gazebo_track_car]: MOTION pos=(+0.527,+2.180) yaw=+0.000 v=0.280 step_err=0.0227m/0.000rad track_err=0.0361m footprint=road:9.00px route=outer_top_gap_to_top_right_mid cmd_vel=(0.280,+0.001)
[gazebo_track_car-3] [WARN] [1780952173.567807359] [gazebo_track_car]: JITTER events=20 reasons=cmd_xy_error=0.0520m pos=(+0.627,+2.180) step=0.0056/0.0000m yaw=0.000/0.000rad route=outer_top_gap_to_top_right_mid
[gazebo_track_car-3] [WARN] [1780952174.565855718] [gazebo_track_car]: JITTER events=20 reasons=cmd_xy_error=0.0512m pos=(+0.907,+2.180) step=0.0056/0.0000m yaw=0.000/0.000rad route=outer_top_gap_to_top_right_mid
[gazebo_track_car-3] [INFO] [1780952174.805819164] [gazebo_track_car]: route segment=outer_top_right_mid_to_top_right; previous=outer_top_gap_to_top_right_mid; distance=0.003m; decision=route/default: outer_top_right_mid_to_top_right
[gazebo_track_car-3] [INFO] [1780952175.226434891] [gazebo_track_car]: MOTION pos=(+1.091,+2.180) yaw=+0.001 v=0.279 step_err=0.0237m/0.000rad track_err=0.0380m footprint=road:8.00px route=outer_top_right_mid_to_top_right cmd_vel=(0.279,-0.006)
[gazebo_track_car-3] [WARN] [1780952175.587112543] [gazebo_track_car]: JITTER events=22 reasons=cmd_xy_error=0.0555m pos=(+1.192,+2.180) step=0.0056/0.0000m yaw=0.000/0.000rad route=outer_top_right_mid_to_top_right
[gazebo_track_car-3] [WARN] [1780952176.589362450] [gazebo_track_car]: JITTER events=20 reasons=cmd_xy_error=0.0543m pos=(+1.471,+2.180) step=0.0056/0.0000m yaw=0.000/0.000rad route=outer_top_right_mid_to_top_right
[gazebo_track_car-3] [INFO] [1780952177.226463689] [gazebo_track_car]: MOTION pos=(+1.645,+2.182) yaw=-0.026 v=0.243 step_err=0.0189m/0.005rad track_err=0.0351m footprint=road:8.00px route=outer_top_right_mid_to_top_right cmd_vel=(0.247,-0.213)
[gazebo_track_car-3] [WARN] [1780952177.548106019] [gazebo_track_car]: JITTER events=20 reasons=speed_delta=0.033m/s pos=(+1.726,+2.182) step=0.0047/0.0000m yaw=0.005/0.000rad route=outer_top_right_mid_to_top_right
[gazebo_track_car-3] [INFO] [1780952178.020823843] [gazebo_track_car]: route segment=outer_top_right_corner; previous=outer_top_right_mid_to_top_right; distance=0.006m; decision=route/default: outer_top_right_corner
[gazebo_track_car-3] [WARN] [1780952178.527747219] [gazebo_track_car]: JITTER events=18 reasons=yaw_step_error=0.053rad pos=(+1.952,+2.161) step=0.0042/0.0191m yaw=0.010/0.064rad route=outer_top_right_corner
[gazebo_track_car-3] [INFO] [1780952179.232201332] [gazebo_track_car]: MOTION pos=(+2.076,+2.124) yaw=-0.840 v=0.160 step_err=0.0116m/0.138rad track_err=0.0575m footprint=road:9.00px route=outer_top_right_corner cmd_vel=(0.154,-0.757)
[gazebo_track_car-3] [WARN] [1780952179.531715918] [gazebo_track_car]: JITTER events=46 reasons=yaw_step_error=0.097rad,cmd_xy_error=0.0629m pos=(+2.118,+2.095) step=0.0035/0.0159m yaw=0.014/0.112rad route=outer_top_right_corner
[gazebo_track_car-3] [WARN] [1780952180.535465935] [gazebo_track_car]: JITTER events=50 reasons=cmd_xy_error=0.0676m pos=(+2.198,+1.905) step=0.0049/0.0240m yaw=0.004/0.000rad route=outer_top_right_corner
[gazebo_track_car-3] [INFO] [1780952181.137806813] [gazebo_track_car]: route segment=outer_right_top_to_upper; previous=outer_top_right_corner; distance=0.019m; decision=route/default: outer_right_top_to_upper
[gazebo_track_car-3] [INFO] [1780952181.252060061] [gazebo_track_car]: MOTION pos=(+2.197,+1.712) yaw=-1.589 v=0.270 step_err=0.0232m/0.001rad track_err=0.0699m footprint=road:7.00px route=outer_right_top_to_upper cmd_vel=(0.268,+0.074)
[gazebo_track_car-3] [WARN] [1780952181.555464037] [gazebo_track_car]: JITTER events=51 reasons=cmd_xy_error=0.0694m pos=(+2.195,+1.632) step=0.0053/0.0263m yaw=0.002/0.000rad route=outer_right_top_to_upper
[gazebo_track_car-3] [WARN] [1780952182.555468958] [gazebo_track_car]: JITTER events=49 reasons=cmd_xy_error=0.0672m pos=(+2.201,+1.361) step=0.0055/0.0275m yaw=0.000/0.000rad route=outer_right_top_to_upper
[gazebo_track_car-3] [INFO] [1780952183.266706324] [gazebo_track_car]: MOTION pos=(+2.212,+1.161) yaw=-1.514 v=0.278 step_err=0.0219m/0.000rad track_err=0.0688m footprint=road:7.00px route=outer_right_top_to_upper cmd_vel=(0.278,-0.015)
[gazebo_track_car-3] [WARN] [1780952183.567151244] [gazebo_track_car]: JITTER events=51 reasons=cmd_xy_error=0.0685m pos=(+2.217,+1.078) step=0.0055/0.0282m yaw=0.001/0.000rad route=outer_right_top_to_upper
[gazebo_track_car-3] [INFO] [1780952184.557346291] [gazebo_track_car]: route segment=outer_right_upper_to_mid; previous=outer_right_top_to_upper; distance=0.016m; decision=route/default: outer_right_upper_to_mid
[gazebo_track_car-3] [WARN] [1780952184.567820851] [gazebo_track_car]: JITTER events=50 reasons=cmd_xy_error=0.0679m pos=(+2.228,+0.807) step=0.0055/0.0274m yaw=0.001/0.007rad route=outer_right_upper_to_mid
[gazebo_track_car-3] [INFO] [1780952185.269466140] [gazebo_track_car]: MOTION pos=(+2.228,+0.613) yaw=-1.577 v=0.280 step_err=0.0224m/0.000rad track_err=0.0673m footprint=road:9.00px route=outer_right_upper_to_mid cmd_vel=(0.280,+0.000)
[gazebo_track_car-3] [WARN] [1780952185.568601519] [gazebo_track_car]: JITTER events=50 reasons=cmd_xy_error=0.0664m pos=(+2.228,+0.529) step=0.0056/0.0293m yaw=0.000/0.000rad route=outer_right_upper_to_mid
[gazebo_track_car-3] [WARN] [1780952186.569881666] [gazebo_track_car]: JITTER events=49 reasons=cmd_xy_error=0.0652m pos=(+2.226,+0.250) step=0.0056/0.0279m yaw=0.000/0.000rad route=outer_right_upper_to_mid
[gazebo_track_car-3] [INFO] [1780952187.291470225] [gazebo_track_car]: MOTION pos=(+2.226,+0.049) yaw=-1.570 v=0.280 step_err=0.0224m/0.000rad track_err=0.0699m footprint=road:8.00px route=outer_right_upper_to_mid cmd_vel=(0.280,+0.001)
[gazebo_track_car-3] [WARN] [1780952187.591470577] [gazebo_track_car]: JITTER events=51 reasons=cmd_xy_error=0.0698m pos=(+2.226,-0.035) step=0.0056/0.0280m yaw=0.000/0.000rad route=outer_right_upper_to_mid
[gazebo_track_car-3] [WARN] [1780952188.685766271] [gazebo_track_car]: JITTER events=54 reasons=cmd_xy_error=0.0658m pos=(+2.227,-0.336) step=0.0055/0.0281m yaw=0.000/0.000rad route=outer_right_upper_to_mid
[gazebo_track_car-3] [INFO] [1780952189.384977258] [gazebo_track_car]: MOTION pos=(+2.226,-0.527) yaw=-1.599 v=0.273 step_err=0.0219m/0.011rad track_err=0.0648m footprint=road:8.00px route=outer_right_upper_to_mid cmd_vel=(0.275,-0.031)
[gazebo_track_car-3] [INFO] [1780952189.585157793] [gazebo_track_car]: route segment=outer_right_mid_to_lower; previous=outer_right_upper_to_mid; distance=0.002m; decision=route/default: outer_right_mid_to_lower
[gazebo_track_car-3] [WARN] [1780952189.685977962] [gazebo_track_car]: JITTER events=50 reasons=cmd_xy_error=0.0920m pos=(+2.224,-0.610) step=0.0055/0.0000m yaw=0.000/0.000rad route=outer_right_mid_to_lower
[gazebo_track_car-3] [WARN] [1780952190.702606312] [gazebo_track_car]: JITTER events=51 reasons=cmd_xy_error=0.0669m pos=(+2.213,-0.894) step=0.0056/0.0279m yaw=0.000/0.000rad route=outer_right_mid_to_lower
[gazebo_track_car-3] [INFO] [1780952191.406628826] [gazebo_track_car]: MOTION pos=(+2.206,-1.089) yaw=-1.607 v=0.279 step_err=0.0218m/0.000rad track_err=0.0671m footprint=road:7.00px route=outer_right_mid_to_lower cmd_vel=(0.279,+0.003)
[gazebo_track_car-3] [WARN] [1780952191.803883382] [gazebo_track_car]: JITTER events=55 reasons=cmd_xy_error=0.0662m pos=(+2.201,-1.201) step=0.0056/0.0288m yaw=0.000/0.000rad route=outer_right_mid_to_lower
[gazebo_track_car-3] [WARN] [1780952192.818522252] [gazebo_track_car]: JITTER events=51 reasons=cmd_xy_error=0.0680m pos=(+2.191,-1.486) step=0.0056/0.0280m yaw=0.000/0.000rad route=outer_right_mid_to_lower
[gazebo_track_car-3] [INFO] [1780952193.416960032] [gazebo_track_car]: MOTION pos=(+2.192,-1.635) yaw=-1.717 v=0.199 step_err=0.0155m/0.010rad track_err=0.0678m footprint=road:9.39px route=outer_right_mid_to_lower cmd_vel=(0.188,-0.617)
[gazebo_track_car-3] [WARN] [1780952193.819512400] [gazebo_track_car]: JITTER events=50 reasons=cmd_xy_error=0.0729m pos=(+2.197,-1.700) step=0.0028/0.0118m yaw=0.016/0.000rad route=outer_right_mid_to_lower
[gazebo_track_car-3] [WARN] [1780952194.822212264] [gazebo_track_car]: JITTER events=50 reasons=yaw_step_error=0.237rad,cmd_xy_error=0.0825m pos=(+2.152,-1.824) step=0.0032/0.0142m yaw=0.015/0.252rad route=outer_right_mid_to_lower
[gazebo_track_car-3] [INFO] [1780952195.219606789] [gazebo_track_car]: route segment=outer_bottom_right_corner; previous=outer_right_mid_to_lower; distance=0.014m; decision=route/default: outer_bottom_right_corner
[gazebo_track_car-3] [INFO] [1780952195.421528169] [gazebo_track_car]: MOTION pos=(+2.049,-1.871) yaw=-3.118 v=0.212 step_err=0.0160m/0.200rad track_err=0.0962m footprint=road:7.00px route=outer_bottom_right_corner cmd_vel=(0.220,-0.371)
[gazebo_track_car-3] [WARN] [1780952195.823394741] [gazebo_track_car]: JITTER events=50 reasons=cmd_xy_error=0.1229m pos=(+1.954,-1.876) step=0.0051/0.0000m yaw=0.003/0.000rad route=outer_bottom_right_corner
[gazebo_track_car-3] [INFO] [1780952196.826830913] [gazebo_track_car]: route segment=outer_bottom_right_to_bottom_right_mid; previous=outer_bottom_right_corner; distance=0.019m; decision=route/default: outer_bottom_right_to_bottom_right_mid
[gazebo_track_car-3] [WARN] [1780952196.934384159] [gazebo_track_car]: JITTER events=55 reasons=cmd_xy_error=0.0956m pos=(+1.664,-1.850) step=0.0053/0.0258m yaw=0.002/0.000rad route=outer_bottom_right_to_bottom_right_mid
[gazebo_track_car-3] [INFO] [1780952197.539207601] [gazebo_track_car]: MOTION pos=(+1.502,-1.848) yaw=-3.129 v=0.276 step_err=0.0213m/0.000rad track_err=0.0959m footprint=road:8.00px route=outer_bottom_right_to_bottom_right_mid cmd_vel=(0.278,+0.010)
[gazebo_track_car-3] [WARN] [1780952197.936958629] [gazebo_track_car]: JITTER events=50 reasons=cmd_xy_error=0.0949m pos=(+1.390,-1.850) step=0.0055/0.0286m yaw=0.000/0.000rad route=outer_bottom_right_to_bottom_right_mid
[gazebo_track_car-3] [WARN] [1780952198.938138836] [gazebo_track_car]: JITTER events=50 reasons=cmd_xy_error=0.0938m pos=(+1.114,-1.852) step=0.0056/0.0286m yaw=0.000/0.000rad route=outer_bottom_right_to_bottom_right_mid
[gazebo_track_car-3] [INFO] [1780952199.541400902] [gazebo_track_car]: MOTION pos=(+0.946,-1.852) yaw=+3.139 v=0.280 step_err=0.0056m/0.000rad track_err=0.1211m footprint=road:8.00px route=outer_bottom_right_to_bottom_right_mid cmd_vel=(0.280,-0.002)
[gazebo_track_car-3] [INFO] [1780952199.941770566] [gazebo_track_car]: route segment=outer_bottom_right_mid_to_bottom_mid; previous=outer_bottom_right_to_bottom_right_mid; distance=0.009m; decision=route/default: outer_bottom_right_mid_to_bottom_mid
[gazebo_track_car-3] [WARN] [1780952199.943281534] [gazebo_track_car]: JITTER events=50 reasons=cmd_xy_error=0.0937m pos=(+0.835,-1.852) step=0.0056/0.0282m yaw=0.000/0.000rad route=outer_bottom_right_mid_to_bottom_mid
[gazebo_track_car-3] [WARN] [1780952200.963927350] [gazebo_track_car]: JITTER events=51 reasons=cmd_xy_error=0.0983m pos=(+0.550,-1.851) step=0.0056/0.0280m yaw=0.000/0.000rad route=outer_bottom_right_mid_to_bottom_mid
[gazebo_track_car-3] [INFO] [1780952201.561631219] [gazebo_track_car]: MOTION pos=(+0.382,-1.851) yaw=-3.141 v=0.280 step_err=0.0224m/0.000rad track_err=0.0963m footprint=road:8.00px route=outer_bottom_right_mid_to_bottom_mid cmd_vel=(0.280,-0.000)
[gazebo_track_car-3] [WARN] [1780952201.961883922] [gazebo_track_car]: JITTER events=50 reasons=cmd_xy_error=0.0959m pos=(+0.270,-1.851) step=0.0056/0.0291m yaw=0.000/0.000rad route=outer_bottom_right_mid_to_bottom_mid
[gazebo_track_car-3] [WARN] [1780952203.066359004] [gazebo_track_car]: JITTER events=55 reasons=cmd_xy_error=0.0958m pos=(-0.036,-1.852) step=0.0056/0.0282m yaw=0.000/0.000rad route=outer_bottom_right_mid_to_bottom_mid
[gazebo_track_car-3] [INFO] [1780952203.458488997] [gazebo_track_car]: route segment=outer_bottom_mid_to_bottom_left_mid; previous=outer_bottom_right_mid_to_bottom_mid; distance=0.008m; decision=route/default: outer_bottom_mid_to_bottom_left_mid
[gazebo_track_car-3] [INFO] [1780952203.566347268] [gazebo_track_car]: MOTION pos=(-0.176,-1.852) yaw=+3.141 v=0.279 step_err=0.0212m/0.000rad track_err=0.0946m footprint=road:8.00px route=outer_bottom_mid_to_bottom_left_mid cmd_vel=(0.279,-0.006)
[gazebo_track_car-3] [WARN] [1780952204.067156634] [gazebo_track_car]: JITTER events=50 reasons=cmd_xy_error=0.0943m pos=(-0.315,-1.852) step=0.0056/0.0274m yaw=0.000/0.000rad route=outer_bottom_mid_to_bottom_left_mid
[gazebo_track_car-3] [WARN] [1780952205.082825580] [gazebo_track_car]: JITTER events=50 reasons=cmd_xy_error=0.0981m pos=(-0.600,-1.852) step=0.0056/0.0288m yaw=0.000/0.000rad route=outer_bottom_mid_to_bottom_left_mid
[gazebo_track_car-3] [INFO] [1780952205.567504327] [gazebo_track_car]: MOTION pos=(-0.734,-1.852) yaw=+3.140 v=0.279 step_err=0.0229m/0.000rad track_err=0.0927m footprint=road:8.00px route=outer_bottom_mid_to_bottom_left_mid cmd_vel=(0.279,+0.003)
[gazebo_track_car-3] [WARN] [1780952206.085408218] [gazebo_track_car]: JITTER events=50 reasons=cmd_xy_error=0.0971m pos=(-0.880,-1.851) step=0.0056/0.0285m yaw=0.000/0.000rad route=outer_bottom_mid_to_bottom_left_mid
[gazebo_track_car-3] [INFO] [1780952206.974061161] [gazebo_track_car]: route segment=outer_bottom_left_mid_to_bottom_left; previous=outer_bottom_mid_to_bottom_left_mid; distance=0.003m; decision=route/default: outer_bottom_left_mid_to_bottom_left
[gazebo_track_car-3] [WARN] [1780952207.088886425] [gazebo_track_car]: JITTER events=50 reasons=cmd_xy_error=0.0967m pos=(-1.159,-1.851) step=0.0056/0.0283m yaw=0.000/0.000rad route=outer_bottom_left_mid_to_bottom_left
[gazebo_track_car-3] [INFO] [1780952207.592650131] [gazebo_track_car]: MOTION pos=(-1.299,-1.852) yaw=-3.140 v=0.280 step_err=0.0215m/0.000rad track_err=0.0964m footprint=road:8.00px route=outer_bottom_left_mid_to_bottom_left cmd_vel=(0.279,-0.004)
[gazebo_track_car-3] [WARN] [1780952208.092619706] [gazebo_track_car]: JITTER events=50 reasons=cmd_xy_error=0.0958m pos=(-1.438,-1.852) step=0.0056/0.0273m yaw=0.000/0.000rad route=outer_bottom_left_mid_to_bottom_left
[gazebo_track_car-3] [WARN] [1780952209.092786798] [gazebo_track_car]: JITTER events=50 reasons=cmd_xy_error=0.0940m pos=(-1.717,-1.852) step=0.0056/0.0285m yaw=0.000/0.000rad route=outer_bottom_left_mid_to_bottom_left
[gazebo_track_car-3] [INFO] [1780952209.591381845] [gazebo_track_car]: MOTION pos=(-1.857,-1.852) yaw=+3.141 v=0.279 step_err=0.0226m/0.000rad track_err=0.0925m footprint=road:8.00px route=outer_bottom_left_mid_to_bottom_left cmd_vel=(0.279,-0.005)
[gazebo_track_car-3] [INFO] [1780952209.892025358] [gazebo_track_car]: route segment=outer_bottom_left_corner; previous=outer_bottom_left_mid_to_bottom_left; distance=0.014m; decision=route/default: outer_bottom_left_corner
[gazebo_track_car-3] [WARN] [1780952210.093637766] [gazebo_track_car]: JITTER events=50 reasons=cmd_xy_error=0.0940m pos=(-1.976,-1.858) step=0.0040/0.0197m yaw=0.010/0.000rad route=outer_bottom_left_corner
[gazebo_track_car-3] [WARN] [1780952211.117219526] [gazebo_track_car]: JITTER events=51 reasons=cmd_xy_error=0.1149m pos=(-2.116,-1.860) step=0.0024/0.0101m yaw=0.015/0.000rad route=outer_bottom_left_corner
[gazebo_track_car-3] [INFO] [1780952211.615343772] [gazebo_track_car]: MOTION pos=(-2.171,-1.821) yaw=+1.880 v=0.153 step_err=0.0102m/0.120rad track_err=0.1142m footprint=road:7.00px route=outer_bottom_left_corner cmd_vel=(0.150,-0.694)
[gazebo_track_car-3] [WARN] [1780952212.119809085] [gazebo_track_car]: JITTER events=50 reasons=yaw_step_error=0.198rad,cmd_xy_error=0.1113m pos=(-2.207,-1.735) step=0.0042/0.0206m yaw=0.009/0.207rad route=outer_bottom_left_corner
[gazebo_track_car-3] [INFO] [1780952212.407393716] [gazebo_track_car]: route segment=outer_left_lower_to_mid; previous=outer_bottom_left_corner; distance=0.021m; decision=route/default: outer_left_lower_to_mid
[gazebo_track_car-3] [WARN] [1780952213.115950034] [gazebo_track_car]: JITTER events=50 reasons=cmd_xy_error=0.1169m pos=(-2.194,-1.483) step=0.0050/0.0248m yaw=0.003/0.000rad route=outer_left_lower_to_mid
[gazebo_track_car-3] [INFO] [1780952213.615003853] [gazebo_track_car]: MOTION pos=(-2.187,-1.356) yaw=+1.595 v=0.260 step_err=0.0219m/0.002rad track_err=0.1151m footprint=road:5.00px route=outer_left_lower_to_mid cmd_vel=(0.265,+0.086)
[gazebo_track_car-3] [WARN] [1780952214.121461700] [gazebo_track_car]: JITTER events=50 reasons=cmd_xy_error=0.1162m pos=(-2.191,-1.220) step=0.0056/0.0273m yaw=0.000/0.000rad route=outer_left_lower_to_mid
[gazebo_track_car-3] [WARN] [1780952215.135824824] [gazebo_track_car]: JITTER events=51 reasons=cmd_xy_error=0.1191m pos=(-2.203,-0.940) step=0.0055/0.0281m yaw=0.000/0.000rad route=outer_left_lower_to_mid
[gazebo_track_car-3] [INFO] [1780952215.622767216] [gazebo_track_car]: MOTION pos=(-2.207,-0.807) yaw=+1.593 v=0.279 step_err=0.0056m/0.000rad track_err=0.1420m footprint=road:6.00px route=outer_left_lower_to_mid cmd_vel=(0.279,-0.004)
[gazebo_track_car-3] [WARN] [1780952216.141055673] [gazebo_track_car]: JITTER events=50 reasons=cmd_xy_error=0.1190m pos=(-2.210,-0.661) step=0.0056/0.0277m yaw=0.000/0.000rad route=outer_left_lower_to_mid
[gazebo_track_car-3] [WARN] [1780952217.141371935] [gazebo_track_car]: JITTER events=50 reasons=cmd_xy_error=0.1166m pos=(-2.217,-0.382) step=0.0056/0.0282m yaw=0.000/0.000rad route=outer_left_lower_to_mid
[gazebo_track_car-3] [INFO] [1780952217.642226384] [gazebo_track_car]: MOTION pos=(-2.221,-0.243) yaw=+1.597 v=0.279 step_err=0.0232m/0.000rad track_err=0.1163m footprint=road:7.00px route=outer_left_lower_to_mid cmd_vel=(0.279,-0.006)
[gazebo_track_car-3] [WARN] [1780952218.243349557] [gazebo_track_car]: JITTER events=55 reasons=cmd_xy_error=0.1181m pos=(-2.212,-0.122) step=0.0022/0.0103m yaw=0.014/0.000rad route=outer_left_lower_to_mid
[gazebo_track_car-3] [INFO] [1780952218.885196773] [gazebo_track_car]: ROUTE_REJOIN teleport actual=(-2.173,-0.019) cmd_error=0.182m nearest=(-2.226,-0.020) route_dist=0.053m segment=outer_left_lower_to_mid@1.785m parking_locked=False yaw=-2.564
[gazebo_track_car-3] [WARN] [1780952219.244287636] [gazebo_track_car]: JITTER events=49 reasons=yaw_step_error=0.051rad pos=(-2.216,-0.067) step=0.0040/0.0000m yaw=0.051/0.000rad route=outer_left_lower_to_mid
[gazebo_track_car-3] [INFO] [1780952219.645880041] [gazebo_track_car]: MOTION pos=(-2.254,-0.117) yaw=+2.264 v=0.132 step_err=0.0025m/0.135rad track_err=0.1096m footprint=road:5.00px route=outer_left_lower_to_mid cmd_vel=(0.050,-1.279)
[gazebo_track_car-3] [INFO] [1780952219.845213235] [gazebo_track_car]: route segment=outer_left_mid_to_middle_entry; previous=outer_left_lower_to_mid; distance=0.005m; decision=route/default: outer_left_mid_to_middle_entry
[gazebo_track_car-3] [WARN] [1780952220.265949134] [gazebo_track_car]: JITTER events=51 reasons=cmd_xy_error=0.0887m pos=(-2.320,-0.078) step=0.0027/0.0121m yaw=0.016/0.000rad route=outer_left_mid_to_middle_entry
[gazebo_track_car-3] [INFO] [1780952220.748626961] [gazebo_track_car]: route segment=outer_left_middle_entry_to_upper; previous=outer_left_mid_to_middle_entry; distance=0.020m; decision=route/default: outer_left_middle_entry_to_upper
[gazebo_track_car-3] [WARN] [1780952221.267433197] [gazebo_track_car]: JITTER events=50 reasons=cmd_xy_error=0.0927m pos=(-2.294,+0.137) step=0.0049/0.0244m yaw=0.005/0.000rad route=outer_left_middle_entry_to_upper
[gazebo_track_car-3] [INFO] [1780952221.774208690] [gazebo_track_car]: MOTION pos=(-2.261,+0.252) yaw=+1.459 v=0.241 step_err=0.0201m/0.006rad track_err=0.0789m footprint=road:8.00px route=outer_left_middle_entry_to_upper cmd_vel=(0.243,+0.228)
[gazebo_track_car-3] [WARN] [1780952222.374562799] [gazebo_track_car]: JITTER events=55 reasons=cmd_xy_error=0.0773m pos=(-2.245,+0.403) step=0.0053/0.0271m yaw=0.002/0.000rad route=outer_left_middle_entry_to_upper
[gazebo_track_car-3] [WARN] [1780952223.477926388] [gazebo_track_car]: JITTER events=55 reasons=cmd_xy_error=0.0767m pos=(-2.249,+0.705) step=0.0055/0.0279m yaw=0.001/0.000rad route=outer_left_middle_entry_to_upper
[gazebo_track_car-3] [INFO] [1780952223.778705226] [gazebo_track_car]: MOTION pos=(-2.251,+0.787) yaw=+1.568 v=0.271 step_err=0.0214m/0.001rad track_err=0.0765m footprint=road:8.00px route=outer_left_middle_entry_to_upper cmd_vel=(0.272,-0.050)
[gazebo_track_car-3] [INFO] [1780952224.465365636] [gazebo_track_car]: route segment=outer_left_upper_to_top; previous=outer_left_middle_entry_to_upper; distance=0.011m; decision=route/default: outer_left_upper_to_top
[gazebo_track_car-3] [WARN] [1780952224.480007093] [gazebo_track_car]: JITTER events=50 reasons=cmd_xy_error=0.0765m pos=(-2.249,+0.978) step=0.0055/0.0268m yaw=0.000/0.005rad route=outer_left_upper_to_top
[gazebo_track_car-3] [WARN] [1780952225.479742264] [gazebo_track_car]: JITTER events=50 reasons=cmd_xy_error=0.0741m pos=(-2.241,+1.257) step=0.0056/0.0279m yaw=0.000/0.000rad route=outer_left_upper_to_top
[gazebo_track_car-3] [INFO] [1780952225.779967549] [gazebo_track_car]: MOTION pos=(-2.238,+1.341) yaw=+1.544 v=0.279 step_err=0.0226m/0.000rad track_err=0.0738m footprint=road:7.00px route=outer_left_upper_to_top cmd_vel=(0.279,+0.006)
[gazebo_track_car-3] [WARN] [1780952226.481728624] [gazebo_track_car]: JITTER events=50 reasons=cmd_xy_error=0.0732m pos=(-2.233,+1.536) step=0.0056/0.0271m yaw=0.000/0.000rad route=outer_left_upper_to_top
[gazebo_track_car-3] [WARN] [1780952227.501847067] [gazebo_track_car]: JITTER events=51 reasons=cmd_xy_error=0.0767m pos=(-2.231,+1.806) step=0.0042/0.0202m yaw=0.009/0.001rad route=outer_left_upper_to_top
[gazebo_track_car-3] [INFO] [1780952227.803146896] [gazebo_track_car]: MOTION pos=(-2.236,+1.864) yaw=+1.312 v=0.198 step_err=0.0145m/0.006rad track_err=0.0795m footprint=road:8.00px route=outer_left_upper_to_top cmd_vel=(0.182,-0.663)
[gazebo_track_car-3] [INFO] [1780952227.985472508] [gazebo_track_car]: route segment=outer_top_left_corner; previous=outer_left_upper_to_top; distance=0.017m; decision=route/default: outer_top_left_corner
[gazebo_track_car-3] [WARN] [1780952228.503523570] [gazebo_track_car]: JITTER events=50 reasons=yaw_step_error=0.169rad,cmd_xy_error=0.0823m pos=(-2.205,+1.997) step=0.0039/0.0185m yaw=0.013/0.182rad route=outer_top_left_corner
[gazebo_track_car-3] [WARN] [1780952229.613525571] [gazebo_track_car]: JITTER events=55 reasons=yaw_step_error=0.083rad,cmd_xy_error=0.0895m pos=(-2.053,+2.151) step=0.0042/0.0201m yaw=0.010/0.092rad route=outer_top_left_corner
[gazebo_track_car-3] [INFO] [1780952229.894889707] [gazebo_track_car]: MOTION pos=(-1.998,+2.173) yaw=+0.155 v=0.215 step_err=0.0043m/0.008rad track_err=0.1043m footprint=road:8.00px route=outer_top_left_corner cmd_vel=(0.211,-0.435)
[gazebo_track_car-3] [WARN] [1780952230.613164994] [gazebo_track_car]: JITTER events=50 reasons=yaw_step_error=0.235rad,cmd_xy_error=0.0945m pos=(-1.829,+2.194) step=0.0052/0.0248m yaw=0.002/0.237rad route=outer_top_left_corner
[gazebo_track_car-3] [INFO] [1780952231.001061060] [gazebo_track_car]: route segment=outer_top_left_to_top_mid; previous=outer_top_left_corner; distance=0.014m; decision=route/default: outer_top_left_to_top_mid
[gazebo_track_car-3] [WARN] [1780952231.610855139] [gazebo_track_car]: JITTER events=50 reasons=cmd_xy_error=0.0911m pos=(-1.559,+2.181) step=0.0054/0.0282m yaw=0.001/0.000rad route=outer_top_left_to_top_mid
[gazebo_track_car-3] [INFO] [1780952231.914470879] [gazebo_track_car]: MOTION pos=(-1.478,+2.178) yaw=-0.005 v=0.271 step_err=0.0217m/0.001rad track_err=0.0922m footprint=road:8.00px route=outer_top_left_to_top_mid cmd_vel=(0.273,+0.041)
[gazebo_track_car-3] [WARN] [1780952232.718974064] [gazebo_track_car]: JITTER events=55 reasons=cmd_xy_error=0.0924m pos=(-1.256,+2.178) step=0.0056/0.0276m yaw=0.000/0.000rad route=outer_top_left_to_top_mid
[gazebo_track_car-3] [WARN] [1780952233.732268882] [gazebo_track_car]: JITTER events=51 reasons=cmd_xy_error=0.0945m pos=(-0.973,+2.180) step=0.0056/0.0289m yaw=0.000/0.000rad route=outer_top_left_to_top_mid
[gazebo_track_car-3] [INFO] [1780952233.915675484] [gazebo_track_car]: MOTION pos=(-0.923,+2.180) yaw=-0.001 v=0.278 step_err=0.0220m/0.000rad track_err=0.0898m footprint=road:8.00px route=outer_top_left_to_top_mid cmd_vel=(0.279,-0.008)
[gazebo_track_car-3] [WARN] [1780952234.735458809] [gazebo_track_car]: JITTER events=50 reasons=cmd_xy_error=0.0933m pos=(-0.694,+2.180) step=0.0056/0.0305m yaw=0.000/0.000rad route=outer_top_left_to_top_mid
[gazebo_track_car-3] [WARN] [1780952235.735636984] [gazebo_track_car]: JITTER events=50 reasons=cmd_xy_error=0.0922m pos=(-0.415,+2.180) step=0.0056/0.0302m yaw=0.000/0.000rad route=outer_top_left_to_top_mid
[gazebo_track_car-3] [INFO] [1780952235.939752060] [gazebo_track_car]: MOTION pos=(-0.359,+2.180) yaw=-0.000 v=0.279 step_err=0.0215m/0.000rad track_err=0.0933m footprint=road:8.00px route=outer_top_left_to_top_mid cmd_vel=(0.280,+0.002)
[gazebo_track_car-3] [WARN] [1780952236.835818478] [gazebo_track_car]: JITTER events=55 reasons=cmd_xy_error=0.0906m pos=(-0.107,+2.180) step=0.0056/0.0299m yaw=0.000/0.000rad route=outer_top_left_to_top_mid
[gazebo_track_car-3] [INFO] [1780952237.434086532] [gazebo_track_car]: route segment=outer_top_mid_to_gap; previous=outer_top_left_to_top_mid; distance=0.015m; decision=route/default: outer_top_mid_to_gap
[gazebo_track_car-3] [WARN] [1780952237.939462322] [gazebo_track_car]: JITTER events=55 reasons=cmd_xy_error=0.0897m pos=(+0.200,+2.180) step=0.0056/0.0296m yaw=0.000/0.000rad route=outer_top_mid_to_gap
[gazebo_track_car-3] [INFO] [1780952237.939753055] [gazebo_track_car]: MOTION pos=(+0.200,+2.180) yaw=+0.001 v=0.278 step_err=0.0240m/0.000rad track_err=0.0897m footprint=road:9.00px route=outer_top_mid_to_gap cmd_vel=(0.279,-0.007)
[gazebo_track_car-3] [WARN] [1780952238.962783593] [gazebo_track_car]: JITTER events=51 reasons=cmd_xy_error=0.0940m pos=(+0.484,+2.180) step=0.0056/0.0296m yaw=0.000/0.000rad route=outer_top_mid_to_gap
[gazebo_track_car-3] [INFO] [1780952239.247847804] [gazebo_track_car]: route segment=outer_top_gap_to_top_right_mid; previous=outer_top_mid_to_gap; distance=0.005m; decision=route/default: outer_top_gap_to_top_right_mid
[gazebo_track_car-3] [WARN] [1780952239.964065759] [gazebo_track_car]: JITTER events=50 reasons=cmd_xy_error=0.0930m pos=(+0.763,+2.180) step=0.0056/0.0274m yaw=0.000/0.000rad route=outer_top_gap_to_top_right_mid
[gazebo_track_car-3] [INFO] [1780952239.964437793] [gazebo_track_car]: MOTION pos=(+0.763,+2.180) yaw=-0.001 v=0.279 step_err=0.0218m/0.000rad track_err=0.0930m footprint=road:8.39px route=outer_top_gap_to_top_right_mid cmd_vel=(0.280,-0.002)
[gazebo_track_car-3] [INFO] [1780952240.955861527] [gazebo_track_car]: route segment=outer_top_right_mid_to_top_right; previous=outer_top_gap_to_top_right_mid; distance=0.013m; decision=route/default: outer_top_right_mid_to_top_right
[gazebo_track_car-3] [WARN] [1780952240.968317694] [gazebo_track_car]: JITTER events=49 reasons=cmd_xy_error=0.0921m pos=(+1.043,+2.180) step=0.0056/0.0279m yaw=0.000/0.000rad route=outer_top_right_mid_to_top_right
[gazebo_track_car-3] [WARN] [1780952241.970754550] [gazebo_track_car]: JITTER events=50 reasons=cmd_xy_error=0.0909m pos=(+1.323,+2.180) step=0.0056/0.0294m yaw=0.000/0.000rad route=outer_top_right_mid_to_top_right
[gazebo_track_car-3] [INFO] [1780952241.971069558] [gazebo_track_car]: MOTION pos=(+1.323,+2.180) yaw=+0.000 v=0.279 step_err=0.0238m/0.000rad track_err=0.0909m footprint=road:8.00px route=outer_top_right_mid_to_top_right cmd_vel=(0.280,+0.000)
[gazebo_track_car-3] [WARN] [1780952242.968697256] [gazebo_track_car]: JITTER events=50 reasons=cmd_xy_error=0.0885m pos=(+1.602,+2.180) step=0.0056/0.0283m yaw=0.000/0.000rad route=outer_top_right_mid_to_top_right
[gazebo_track_car-3] [WARN] [1780952243.990154937] [gazebo_track_car]: JITTER events=51 reasons=cmd_xy_error=0.0943m pos=(+1.854,+2.178) step=0.0049/0.0246m yaw=0.004/0.000rad route=outer_top_right_mid_to_top_right
[gazebo_track_car-3] [INFO] [1780952243.990531941] [gazebo_track_car]: MOTION pos=(+1.854,+2.178) yaw=-0.199 v=0.247 step_err=0.0197m/0.004rad track_err=0.0943m footprint=road:8.00px route=outer_top_right_mid_to_top_right cmd_vel=(0.268,-0.070)
[gazebo_track_car-3] [INFO] [1780952244.174524558] [gazebo_track_car]: route segment=outer_top_right_corner; previous=outer_top_right_mid_to_top_right; distance=0.006m; decision=route/default: outer_top_right_corner
[gazebo_track_car-3] [WARN] [1780952244.993733207] [gazebo_track_car]: JITTER events=50 reasons=cmd_xy_error=0.1059m pos=(+2.058,+2.138) step=0.0035/0.0162m yaw=0.013/0.000rad route=outer_top_right_corner
[gazebo_track_car-3] [WARN] [1780952245.994467116] [gazebo_track_car]: JITTER events=50 reasons=cmd_xy_error=0.1198m pos=(+2.179,+2.045) step=0.0038/0.0189m yaw=0.013/0.000rad route=outer_top_right_corner
[gazebo_track_car-3] [INFO] [1780952245.994744323] [gazebo_track_car]: MOTION pos=(+2.179,+2.045) yaw=-1.381 v=0.187 step_err=0.0150m/0.013rad track_err=0.1198m footprint=road:9.39px route=outer_top_right_corner cmd_vel=(0.189,-0.586)
[gazebo_track_car-3] [WARN] [1780952246.992299507] [gazebo_track_car]: JITTER events=50 reasons=cmd_xy_error=0.1095m pos=(+2.197,+1.809) step=0.0053/0.0275m yaw=0.001/0.000rad route=outer_top_right_corner
[gazebo_track_car-3] [INFO] [1780952247.391248558] [gazebo_track_car]: route segment=outer_right_top_to_upper; previous=outer_top_right_corner; distance=0.012m; decision=route/default: outer_right_top_to_upper
[gazebo_track_car-3] [WARN] [1780952247.996195162] [gazebo_track_car]: JITTER events=50 reasons=cmd_xy_error=0.1078m pos=(+2.189,+1.551) step=0.0054/0.0261m yaw=0.001/0.000rad route=outer_right_top_to_upper
[gazebo_track_car-3] [INFO] [1780952247.996571685] [gazebo_track_car]: MOTION pos=(+2.189,+1.551) yaw=-1.512 v=0.267 step_err=0.0207m/0.001rad track_err=0.1078m footprint=road:6.00px route=outer_right_top_to_upper cmd_vel=(0.272,+0.046)
[gazebo_track_car-3] [WARN] [1780952249.018554967] [gazebo_track_car]: JITTER events=51 reasons=cmd_xy_error=0.1122m pos=(+2.208,+1.270) step=0.0055/0.0266m yaw=0.001/0.000rad route=outer_right_top_to_upper
[gazebo_track_car-3] [INFO] [1780952250.009653239] [gazebo_track_car]: MOTION pos=(+2.222,+1.001) yaw=-1.535 v=0.271 step_err=0.0222m/0.001rad track_err=0.1072m footprint=road:8.00px route=outer_right_top_to_upper cmd_vel=(0.269,-0.062)
[gazebo_track_car-3] [WARN] [1780952250.128050463] [gazebo_track_car]: JITTER events=55 reasons=cmd_xy_error=0.1121m pos=(+2.224,+0.968) step=0.0054/0.0274m yaw=0.001/0.000rad route=outer_right_top_to_upper
[gazebo_track_car-3] [INFO] [1780952250.813497475] [gazebo_track_car]: route segment=outer_right_upper_to_mid; previous=outer_right_top_to_upper; distance=0.000m; decision=route/default: outer_right_upper_to_mid
[gazebo_track_car-3] [WARN] [1780952251.132045740] [gazebo_track_car]: JITTER events=50 reasons=cmd_xy_error=0.1116m pos=(+2.228,+0.695) step=0.0056/0.0276m yaw=0.000/0.000rad route=outer_right_upper_to_mid
[gazebo_track_car-3] [INFO] [1780952252.030565168] [gazebo_track_car]: MOTION pos=(+2.226,+0.445) yaw=-1.573 v=0.278 step_err=0.0225m/0.000rad track_err=0.1099m footprint=road:9.00px route=outer_right_upper_to_mid cmd_vel=(0.278,+0.010)
[gazebo_track_car-3] [WARN] [1780952252.134657349] [gazebo_track_car]: JITTER events=50 reasons=cmd_xy_error=0.1104m pos=(+2.226,+0.417) step=0.0056/0.0273m yaw=0.000/0.000rad route=outer_right_upper_to_mid
[gazebo_track_car-3] [WARN] [1780952253.239658863] [gazebo_track_car]: JITTER events=55 reasons=cmd_xy_error=0.1101m pos=(+2.226,+0.110) step=0.0056/0.0285m yaw=0.000/0.000rad route=outer_right_upper_to_mid
[gazebo_track_car-3] [INFO] [1780952254.033694073] [gazebo_track_car]: MOTION pos=(+2.227,-0.113) yaw=-1.571 v=0.279 step_err=0.0226m/0.000rad track_err=0.1072m footprint=road:8.00px route=outer_right_upper_to_mid cmd_vel=(0.279,-0.007)
[gazebo_track_car-3] [WARN] [1780952254.238411296] [gazebo_track_car]: JITTER events=50 reasons=cmd_xy_error=0.1080m pos=(+2.227,-0.169) step=0.0056/0.0279m yaw=0.000/0.000rad route=outer_right_upper_to_mid
[gazebo_track_car-3] [WARN] [1780952255.241198478] [gazebo_track_car]: JITTER events=50 reasons=cmd_xy_error=0.1077m pos=(+2.227,-0.445) step=0.0054/0.0271m yaw=0.001/0.000rad route=outer_right_upper_to_mid
[gazebo_track_car-3] [INFO] [1780952255.939405308] [gazebo_track_car]: route segment=outer_right_mid_to_lower; previous=outer_right_upper_to_mid; distance=0.014m; decision=route/default: outer_right_mid_to_lower
[gazebo_track_car-3] [INFO] [1780952256.039924137] [gazebo_track_car]: MOTION pos=(+2.223,-0.664) yaw=-1.613 v=0.278 step_err=0.0056m/0.000rad track_err=0.1342m footprint=road:8.00px route=outer_right_mid_to_lower cmd_vel=(0.278,-0.010)
[gazebo_track_car-3] [WARN] [1780952256.241724497] [gazebo_track_car]: JITTER events=50 reasons=cmd_xy_error=0.1066m pos=(+2.220,-0.720) step=0.0056/0.0299m yaw=0.000/0.000rad route=outer_right_mid_to_lower
[gazebo_track_car-3] [WARN] [1780952257.263381782] [gazebo_track_car]: JITTER events=51 reasons=cmd_xy_error=0.1113m pos=(+2.209,-1.004) step=0.0056/0.0276m yaw=0.000/0.000rad route=outer_right_mid_to_lower
[gazebo_track_car-3] [INFO] [1780952258.062066805] [gazebo_track_car]: MOTION pos=(+2.201,-1.227) yaw=-1.607 v=0.280 step_err=0.0221m/0.000rad track_err=0.1101m footprint=road:7.00px route=outer_right_mid_to_lower cmd_vel=(0.280,+0.000)
[gazebo_track_car-3] [WARN] [1780952258.262553551] [gazebo_track_car]: JITTER events=50 reasons=cmd_xy_error=0.1101m pos=(+2.199,-1.283) step=0.0056/0.0286m yaw=0.000/0.000rad route=outer_right_mid_to_lower
[gazebo_track_car-3] [WARN] [1780952259.270397060] [gazebo_track_car]: JITTER events=50 reasons=cmd_xy_error=0.1097m pos=(+2.188,-1.563) step=0.0056/0.0294m yaw=0.000/0.000rad route=outer_right_mid_to_lower
[gazebo_track_car-3] [INFO] [1780952260.066237811] [gazebo_track_car]: MOTION pos=(+2.197,-1.716) yaw=-1.948 v=0.124 step_err=0.0092m/0.014rad track_err=0.1140m footprint=road:8.00px route=outer_right_mid_to_lower cmd_vel=(0.099,-0.812)
[gazebo_track_car-3] [WARN] [1780952260.272810974] [gazebo_track_car]: JITTER events=50 reasons=cmd_xy_error=0.1187m pos=(+2.200,-1.740) step=0.0025/0.0096m yaw=0.017/0.000rad route=outer_right_mid_to_lower
[gazebo_track_car-3] [WARN] [1780952261.273135286] [gazebo_track_car]: JITTER events=50 reasons=yaw_step_error=0.065rad,cmd_xy_error=0.1257m pos=(+2.148,-1.852) step=0.0030/0.0141m yaw=0.014/0.080rad route=outer_right_mid_to_lower
[gazebo_track_car-3] [INFO] [1780952261.769591195] [gazebo_track_car]: route segment=outer_bottom_right_corner; previous=outer_right_mid_to_lower; distance=0.017m; decision=route/default: outer_bottom_right_corner
[gazebo_track_car-3] [INFO] [1780952262.074481319] [gazebo_track_car]: MOTION pos=(+1.987,-1.880) yaw=+3.016 v=0.250 step_err=0.0200m/0.236rad track_err=0.1270m footprint=road:6.00px route=outer_bottom_right_corner cmd_vel=(0.266,-0.078)
[gazebo_track_car-3] [WARN] [1780952262.290641896] [gazebo_track_car]: JITTER events=51 reasons=cmd_xy_error=0.1295m pos=(+1.928,-1.873) step=0.0055/0.0276m yaw=0.000/0.000rad route=outer_bottom_right_corner
[gazebo_track_car-3] [INFO] [1780952263.278368642] [gazebo_track_car]: route segment=outer_bottom_right_to_bottom_right_mid; previous=outer_bottom_right_corner; distance=0.004m; decision=route/default: outer_bottom_right_to_bottom_right_mid
[gazebo_track_car-3] [WARN] [1780952263.294208204] [gazebo_track_car]: JITTER events=50 reasons=cmd_xy_error=0.1256m pos=(+1.675,-1.846) step=0.0053/0.0268m yaw=0.002/0.000rad route=outer_bottom_right_to_bottom_right_mid
[gazebo_track_car-3] [INFO] [1780952264.095703046] [gazebo_track_car]: MOTION pos=(+1.456,-1.850) yaw=-3.126 v=0.273 step_err=0.0210m/0.001rad track_err=0.1248m footprint=road:8.00px route=outer_bottom_right_to_bottom_right_mid cmd_vel=(0.272,-0.042)
[gazebo_track_car-3] [WARN] [1780952264.285249641] [gazebo_track_car]: JITTER events=50 reasons=cmd_xy_error=0.1219m pos=(+1.402,-1.852) step=0.0055/0.0284m yaw=0.001/0.000rad route=outer_bottom_right_to_bottom_right_mid
[gazebo_track_car-3] [WARN] [1780952265.305945059] [gazebo_track_car]: JITTER events=51 reasons=cmd_xy_error=0.1259m pos=(+1.119,-1.852) step=0.0056/0.0279m yaw=0.000/0.000rad route=outer_bottom_right_to_bottom_right_mid
[gazebo_track_car-3] [INFO] [1780952266.092175535] [gazebo_track_car]: MOTION pos=(+0.902,-1.851) yaw=-3.142 v=0.279 step_err=0.0056m/0.000rad track_err=0.1488m footprint=road:8.00px route=outer_bottom_right_to_bottom_right_mid cmd_vel=(0.279,+0.006)
[gazebo_track_car-3] [WARN] [1780952266.310072159] [gazebo_track_car]: JITTER events=50 reasons=cmd_xy_error=0.1256m pos=(+0.841,-1.851) step=0.0056/0.0279m yaw=0.000/0.000rad route=outer_bottom_right_to_bottom_right_mid
[gazebo_track_car-3] [INFO] [1780952266.493530580] [gazebo_track_car]: route segment=outer_bottom_right_mid_to_bottom_mid; previous=outer_bottom_right_to_bottom_right_mid; distance=0.027m; decision=route/default: outer_bottom_right_mid_to_bottom_mid
[gazebo_track_car-3] [WARN] [1780952267.312318406] [gazebo_track_car]: JITTER events=50 reasons=cmd_xy_error=0.1243m pos=(+0.562,-1.852) step=0.0056/0.0287m yaw=0.000/0.000rad route=outer_bottom_right_mid_to_bottom_mid
[gazebo_track_car-3] [INFO] [1780952268.112107253] [gazebo_track_car]: MOTION pos=(+0.339,-1.852) yaw=+3.141 v=0.279 step_err=0.0212m/0.000rad track_err=0.1231m footprint=road:8.00px route=outer_bottom_right_mid_to_bottom_mid cmd_vel=(0.279,-0.006)
[gazebo_track_car-3] [WARN] [1780952268.313712861] [gazebo_track_car]: JITTER events=50 reasons=cmd_xy_error=0.1231m pos=(+0.283,-1.852) step=0.0056/0.0279m yaw=0.000/0.000rad route=outer_bottom_right_mid_to_bottom_mid
[gazebo_track_car-3] [WARN] [1780952269.422641627] [gazebo_track_car]: JITTER events=55 reasons=cmd_xy_error=0.1241m pos=(-0.024,-1.852) step=0.0056/0.0280m yaw=0.000/0.000rad route=outer_bottom_right_mid_to_bottom_mid
[gazebo_track_car-3] [INFO] [1780952270.014228516] [gazebo_track_car]: route segment=outer_bottom_mid_to_bottom_left_mid; previous=outer_bottom_right_mid_to_bottom_mid; distance=0.022m; decision=route/default: outer_bottom_mid_to_bottom_left_mid
[gazebo_track_car-3] [INFO] [1780952270.122458477] [gazebo_track_car]: MOTION pos=(-0.220,-1.851) yaw=+3.141 v=0.279 step_err=0.0229m/0.000rad track_err=0.1227m footprint=road:8.00px route=outer_bottom_mid_to_bottom_left_mid cmd_vel=(0.280,+0.003)
[gazebo_track_car-3] [WARN] [1780952270.426855741] [gazebo_track_car]: JITTER events=50 reasons=cmd_xy_error=0.1232m pos=(-0.303,-1.851) step=0.0056/0.0280m yaw=0.000/0.000rad route=outer_bottom_mid_to_bottom_left_mid
[gazebo_track_car-3] [WARN] [1780952271.421692552] [gazebo_track_car]: JITTER events=50 reasons=cmd_xy_error=0.1499m pos=(-0.583,-1.852) step=0.0056/0.0000m yaw=0.000/0.000rad route=outer_bottom_mid_to_bottom_left_mid
[gazebo_track_car-3] [INFO] [1780952272.127852312] [gazebo_track_car]: MOTION pos=(-0.779,-1.852) yaw=-3.141 v=0.279 step_err=0.0212m/0.000rad track_err=0.1213m footprint=road:8.00px route=outer_bottom_mid_to_bottom_left_mid cmd_vel=(0.279,-0.007)
[gazebo_track_car-3] [WARN] [1780952272.426373689] [gazebo_track_car]: JITTER events=50 reasons=cmd_xy_error=0.1483m pos=(-0.862,-1.852) step=0.0056/0.0000m yaw=0.000/0.000rad route=outer_bottom_mid_to_bottom_left_mid
[gazebo_track_car-3] [WARN] [1780952273.447705578] [gazebo_track_car]: JITTER events=51 reasons=cmd_xy_error=0.1242m pos=(-1.146,-1.852) step=0.0056/0.0279m yaw=0.000/0.000rad route=outer_bottom_mid_to_bottom_left_mid
[gazebo_track_car-3] [INFO] [1780952273.533260389] [gazebo_track_car]: route segment=outer_bottom_left_mid_to_bottom_left; previous=outer_bottom_mid_to_bottom_left_mid; distance=0.020m; decision=route/default: outer_bottom_left_mid_to_bottom_left
[gazebo_track_car-3] [INFO] [1780952274.148820730] [gazebo_track_car]: MOTION pos=(-1.342,-1.852) yaw=+3.140 v=0.280 step_err=0.0224m/0.000rad track_err=0.1232m footprint=road:8.00px route=outer_bottom_left_mid_to_bottom_left cmd_vel=(0.280,+0.000)
[gazebo_track_car-3] [WARN] [1780952274.448377542] [gazebo_track_car]: JITTER events=50 reasons=cmd_xy_error=0.1226m pos=(-1.426,-1.852) step=0.0056/0.0288m yaw=0.000/0.000rad route=outer_bottom_left_mid_to_bottom_left
[gazebo_track_car-3] [WARN] [1780952275.554421019] [gazebo_track_car]: JITTER events=55 reasons=cmd_xy_error=0.1232m pos=(-1.733,-1.851) step=0.0056/0.0288m yaw=0.000/0.000rad route=outer_bottom_left_mid_to_bottom_left
[gazebo_track_car-3] [INFO] [1780952276.151276494] [gazebo_track_car]: MOTION pos=(-1.901,-1.852) yaw=-3.141 v=0.280 step_err=0.0230m/0.000rad track_err=0.1211m footprint=road:8.00px route=outer_bottom_left_mid_to_bottom_left cmd_vel=(0.280,-0.001)
[gazebo_track_car-3] [INFO] [1780952276.347393611] [gazebo_track_car]: route segment=outer_bottom_left_corner; previous=outer_bottom_left_mid_to_bottom_left; distance=0.003m; decision=route/default: outer_bottom_left_corner
[gazebo_track_car-3] [WARN] [1780952276.553182655] [gazebo_track_car]: JITTER events=50 reasons=cmd_xy_error=0.1220m pos=(-1.991,-1.858) step=0.0036/0.0179m yaw=0.011/0.000rad route=outer_bottom_left_corner
[gazebo_track_car-3] [WARN] [1780952277.554749242] [gazebo_track_car]: JITTER events=50 reasons=cmd_xy_error=0.1398m pos=(-2.126,-1.863) step=0.0025/0.0096m yaw=0.018/0.000rad route=outer_bottom_left_corner
[gazebo_track_car-3] [INFO] [1780952278.175488799] [gazebo_track_car]: MOTION pos=(-2.190,-1.816) yaw=+1.759 v=0.153 step_err=0.0109m/0.123rad track_err=0.1406m footprint=road:8.00px route=outer_bottom_left_corner cmd_vel=(0.155,-0.662)
[gazebo_track_car-3] [WARN] [1780952278.573649698] [gazebo_track_car]: JITTER events=51 reasons=cmd_xy_error=0.1311m pos=(-2.212,-1.745) step=0.0042/0.0195m yaw=0.009/0.030rad route=outer_bottom_left_corner
[gazebo_track_car-3] [INFO] [1780952278.960988316] [gazebo_track_car]: route segment=outer_left_lower_to_mid; previous=outer_bottom_left_corner; distance=0.025m; decision=route/default: outer_left_lower_to_mid
[gazebo_track_car-3] [WARN] [1780952279.577290383] [gazebo_track_car]: JITTER events=50 reasons=cmd_xy_error=0.1313m pos=(-2.189,-1.498) step=0.0048/0.0245m yaw=0.004/0.000rad route=outer_left_lower_to_mid
[gazebo_track_car-3] [INFO] [1780952280.177912067] [gazebo_track_car]: MOTION pos=(-2.185,-1.345) yaw=+1.622 v=0.267 step_err=0.0217m/0.001rad track_err=0.1308m footprint=road:5.00px route=outer_left_lower_to_mid cmd_vel=(0.273,+0.037)
[gazebo_track_car-3] [WARN] [1780952280.572096528] [gazebo_track_car]: JITTER events=49 reasons=cmd_xy_error=0.1284m pos=(-2.191,-1.235) step=0.0055/0.0280m yaw=0.001/0.000rad route=outer_left_lower_to_mid
[gazebo_track_car-3] [WARN] [1780952281.575958552] [gazebo_track_car]: JITTER events=49 reasons=cmd_xy_error=0.1283m pos=(-2.203,-0.962) step=0.0055/0.0277m yaw=0.000/0.000rad route=outer_left_lower_to_mid
[gazebo_track_car-3] [INFO] [1780952282.178377368] [gazebo_track_car]: MOTION pos=(-2.206,-0.795) yaw=+1.594 v=0.279 step_err=0.0232m/0.000rad track_err=0.1279m footprint=road:6.00px route=outer_left_lower_to_mid cmd_vel=(0.279,+0.004)
[gazebo_track_car-3] [WARN] [1780952282.578254832] [gazebo_track_car]: JITTER events=50 reasons=cmd_xy_error=0.1273m pos=(-2.209,-0.683) step=0.0056/0.0280m yaw=0.000/0.000rad route=outer_left_lower_to_mid
[gazebo_track_car-3] [WARN] [1780952283.601172595] [gazebo_track_car]: JITTER events=51 reasons=cmd_xy_error=0.1319m pos=(-2.216,-0.398) step=0.0056/0.0279m yaw=0.000/0.000rad route=outer_left_lower_to_mid
[gazebo_track_car-3] [INFO] [1780952284.199536950] [gazebo_track_car]: MOTION pos=(-2.221,-0.231) yaw=+1.596 v=0.279 step_err=0.0229m/0.000rad track_err=0.1305m footprint=road:7.00px route=outer_left_lower_to_mid cmd_vel=(0.279,-0.005)
[gazebo_track_car-3] [WARN] [1780952284.597515720] [gazebo_track_car]: JITTER events=50 reasons=cmd_xy_error=0.1301m pos=(-2.219,-0.135) step=0.0036/0.0177m yaw=0.010/0.000rad route=outer_left_lower_to_mid
[gazebo_track_car-3] [INFO] [1780952285.322167232] [gazebo_track_car]: ROUTE_REJOIN teleport actual=(-2.171,-0.036) cmd_error=0.181m nearest=(-2.226,-0.037) route_dist=0.055m segment=outer_left_lower_to_mid@1.768m parking_locked=False yaw=+2.509
[gazebo_track_car-3] [WARN] [1780952285.601621231] [gazebo_track_car]: JITTER events=49 reasons=yaw_step_error=0.744rad pos=(-2.251,-0.043) step=0.0035/0.0100m yaw=0.036/0.781rad route=outer_left_lower_to_mid
[gazebo_track_car-3] [INFO] [1780952285.895819235] [gazebo_track_car]: route segment=outer_left_mid_to_middle_entry; previous=outer_left_lower_to_mid; distance=0.008m; decision=route/default: outer_left_mid_to_middle_entry
[gazebo_track_car-3] [INFO] [1780952286.204352298] [gazebo_track_car]: MOTION pos=(-2.322,-0.001) yaw=+1.436 v=0.120 step_err=0.0074m/0.017rad track_err=0.0729m footprint=road:5.00px route=outer_left_mid_to_middle_entry cmd_vel=(0.098,-0.813)
[gazebo_track_car-3] [WARN] [1780952286.605000273] [gazebo_track_car]: JITTER events=50 reasons=yaw_step_error=3.131rad,cmd_xy_error=0.1451m pos=(-2.327,+0.057) step=0.0038/0.0180m yaw=0.011/3.142rad route=outer_left_mid_to_middle_entry
[gazebo_track_car-3] [INFO] [1780952286.725143153] [gazebo_track_car]: ROUTE_REJOIN teleport actual=(-2.319,+0.082) cmd_error=0.184m nearest=(-2.250,+0.082) route_dist=0.069m segment=outer_left_middle_entry_to_upper@0.176m parking_locked=False yaw=+1.571
[gazebo_track_car-3] [INFO] [1780952288.227079717] [gazebo_track_car]: MOTION pos=(-2.251,+0.471) yaw=+1.571 v=0.279 step_err=0.0223m/0.000rad track_err=0.0033m footprint=road:9.00px route=outer_left_middle_entry_to_upper cmd_vel=(0.279,-0.006)
[gazebo_track_car-3] [INFO] [1780952289.715782730] [gazebo_track_car]: route segment=outer_left_upper_to_top; previous=outer_left_middle_entry_to_upper; distance=0.002m; decision=route/default: outer_left_upper_to_top
[gazebo_track_car-3] [INFO] [1780952290.227394927] [gazebo_track_car]: MOTION pos=(-2.247,+1.026) yaw=+1.545 v=0.279 step_err=0.0235m/0.000rad track_err=0.0061m footprint=road:8.00px route=outer_left_upper_to_top cmd_vel=(0.279,-0.004)
[gazebo_track_car-3] [INFO] [1780952292.229574256] [gazebo_track_car]: MOTION pos=(-2.232,+1.585) yaw=+1.548 v=0.278 step_err=0.0230m/0.000rad track_err=0.0081m footprint=road:7.00px route=outer_left_upper_to_top cmd_vel=(0.277,+0.019)
[gazebo_track_car-3] [INFO] [1780952293.131866351] [gazebo_track_car]: route segment=outer_top_left_corner; previous=outer_left_upper_to_top; distance=0.009m; decision=route/default: outer_top_left_corner
[gazebo_track_car-3] [WARN] [1780952293.550957816] [gazebo_track_car]: JITTER events=13 reasons=yaw_step_error=0.062rad pos=(-2.221,+1.896) step=0.0043/0.0217m yaw=0.010/0.072rad route=outer_top_left_corner
[gazebo_track_car-3] [INFO] [1780952294.252655166] [gazebo_track_car]: MOTION pos=(-2.166,+2.028) yaw=+0.735 v=0.198 step_err=0.0150m/0.012rad track_err=0.0171m footprint=road:10.00px route=outer_top_left_corner cmd_vel=(0.206,-0.522)
[gazebo_track_car-3] [WARN] [1780952294.753922421] [gazebo_track_car]: JITTER events=5 reasons=yaw_step_error=0.153rad pos=(-2.094,+2.103) step=0.0041/0.0204m yaw=0.011/0.163rad route=outer_top_left_corner
[gazebo_track_car-3] [WARN] [1780952295.758485065] [gazebo_track_car]: JITTER events=9 reasons=yaw_step_error=0.227rad pos=(-1.890,+2.185) step=0.0048/0.0239m yaw=0.005/0.232rad route=outer_top_left_corner
[gazebo_track_car-3] [INFO] [1780952296.144861323] [gazebo_track_car]: route segment=outer_top_left_to_top_mid; previous=outer_top_left_corner; distance=0.005m; decision=route/default: outer_top_left_to_top_mid
[gazebo_track_car-3] [INFO] [1780952296.253715489] [gazebo_track_car]: MOTION pos=(-1.762,+2.192) yaw=-0.024 v=0.265 step_err=0.0212m/0.002rad track_err=0.0368m footprint=road:8.00px route=outer_top_left_to_top_mid cmd_vel=(0.269,-0.069)
[gazebo_track_car-3] [WARN] [1780952296.814415842] [gazebo_track_car]: JITTER events=22 reasons=cmd_xy_error=0.0508m pos=(-1.608,+2.188) step=0.0055/0.0000m yaw=0.000/0.000rad route=outer_top_left_to_top_mid
[gazebo_track_car-3] [WARN] [1780952297.834960283] [gazebo_track_car]: JITTER events=15 reasons=cmd_xy_error=0.0550m pos=(-1.328,+2.180) step=0.0055/0.0000m yaw=0.000/0.000rad route=outer_top_left_to_top_mid
[gazebo_track_car-3] [INFO] [1780952298.272956720] [gazebo_track_car]: MOTION pos=(-1.206,+2.179) yaw=+0.000 v=0.278 step_err=0.0233m/0.000rad track_err=0.0367m footprint=road:8.00px route=outer_top_left_to_top_mid cmd_vel=(0.278,+0.010)
[gazebo_track_car-3] [WARN] [1780952298.757686358] [gazebo_track_car]: JITTER events=14 reasons=cmd_xy_error=0.0596m pos=(-1.072,+2.179) step=0.0056/0.0000m yaw=0.000/0.000rad route=outer_top_left_to_top_mid
[gazebo_track_car-3] [WARN] [1780952299.839471560] [gazebo_track_car]: JITTER events=19 reasons=cmd_xy_error=0.0533m pos=(-0.771,+2.180) step=0.0056/0.0000m yaw=0.000/0.000rad route=outer_top_left_to_top_mid
[gazebo_track_car-3] [INFO] [1780952300.279033462] [gazebo_track_car]: MOTION pos=(-0.648,+2.180) yaw=+0.001 v=0.279 step_err=0.0217m/0.000rad track_err=0.0359m footprint=road:8.00px route=outer_top_left_to_top_mid cmd_vel=(0.279,-0.007)
[gazebo_track_car-3] [WARN] [1780952300.842471635] [gazebo_track_car]: JITTER events=20 reasons=cmd_xy_error=0.0521m pos=(-0.492,+2.180) step=0.0056/0.0000m yaw=0.000/0.000rad route=outer_top_left_to_top_mid
[gazebo_track_car-3] [WARN] [1780952301.859990760] [gazebo_track_car]: JITTER events=18 reasons=cmd_xy_error=0.0545m pos=(-0.207,+2.180) step=0.0056/0.0000m yaw=0.000/0.000rad route=outer_top_left_to_top_mid
[gazebo_track_car-3] [INFO] [1780952302.279511919] [gazebo_track_car]: MOTION pos=(-0.090,+2.180) yaw=-0.001 v=0.278 step_err=0.0238m/0.000rad track_err=0.0318m footprint=road:8.00px route=outer_top_left_to_top_mid cmd_vel=(0.280,-0.001)
[gazebo_track_car-3] [INFO] [1780952302.580036802] [gazebo_track_car]: route segment=outer_top_mid_to_gap; previous=outer_top_left_to_top_mid; distance=0.008m; decision=route/default: outer_top_mid_to_gap
[gazebo_track_car-3] [WARN] [1780952302.861243293] [gazebo_track_car]: JITTER events=10 reasons=cmd_xy_error=0.0541m pos=(+0.072,+2.180) step=0.0056/0.0000m yaw=0.000/0.000rad route=outer_top_mid_to_gap
[gazebo_track_car-3] [WARN] [1780952303.864007434] [gazebo_track_car]: JITTER events=18 reasons=cmd_xy_error=0.0520m pos=(+0.352,+2.180) step=0.0056/0.0000m yaw=0.000/0.000rad route=outer_top_mid_to_gap
[gazebo_track_car-3] [INFO] [1780952304.303487029] [gazebo_track_car]: MOTION pos=(+0.475,+2.180) yaw=-0.000 v=0.280 step_err=0.0218m/0.000rad track_err=0.0347m footprint=road:9.00px route=outer_top_mid_to_gap cmd_vel=(0.280,+0.002)
[gazebo_track_car-3] [INFO] [1780952304.491500748] [gazebo_track_car]: route segment=outer_top_gap_to_top_right_mid; previous=outer_top_mid_to_gap; distance=0.027m; decision=route/default: outer_top_gap_to_top_right_mid
[gazebo_track_car-3] [WARN] [1780952304.866475230] [gazebo_track_car]: JITTER events=20 reasons=cmd_xy_error=0.0505m pos=(+0.631,+2.180) step=0.0056/0.0000m yaw=0.000/0.000rad route=outer_top_gap_to_top_right_mid
[gazebo_track_car-3] [WARN] [1780952305.872897785] [gazebo_track_car]: JITTER events=18 reasons=cmd_xy_error=0.0518m pos=(+0.916,+2.180) step=0.0056/0.0000m yaw=0.000/0.000rad route=outer_top_gap_to_top_right_mid
[gazebo_track_car-3] [INFO] [1780952306.101407319] [gazebo_track_car]: route segment=outer_top_right_mid_to_top_right; previous=outer_top_gap_to_top_right_mid; distance=0.011m; decision=route/default: outer_top_right_mid_to_top_right
[gazebo_track_car-3] [INFO] [1780952306.315954625] [gazebo_track_car]: MOTION pos=(+1.039,+2.180) yaw=+0.001 v=0.279 step_err=0.0221m/0.000rad track_err=0.0349m footprint=road:8.00px route=outer_top_right_mid_to_top_right cmd_vel=(0.279,-0.006)
[gazebo_track_car-3] [WARN] [1780952306.877126394] [gazebo_track_car]: JITTER events=20 reasons=cmd_xy_error=0.0508m pos=(+1.195,+2.180) step=0.0056/0.0000m yaw=0.000/0.000rad route=outer_top_right_mid_to_top_right
[gazebo_track_car-3] [WARN] [1780952307.894274401] [gazebo_track_car]: JITTER events=14 reasons=cmd_xy_error=0.0545m pos=(+1.480,+2.180) step=0.0056/0.0000m yaw=0.000/0.000rad route=outer_top_right_mid_to_top_right
[gazebo_track_car-3] [INFO] [1780952308.313049614] [gazebo_track_car]: MOTION pos=(+1.597,+2.180) yaw=-0.000 v=0.279 step_err=0.0226m/0.000rad track_err=0.0308m footprint=road:8.00px route=outer_top_right_mid_to_top_right cmd_vel=(0.266,-0.092)
[gazebo_track_car-3] [WARN] [1780952308.894806498] [gazebo_track_car]: JITTER events=12 reasons=cmd_xy_error=0.0502m pos=(+1.744,+2.181) step=0.0047/0.0000m yaw=0.005/0.000rad route=outer_top_right_mid_to_top_right
[gazebo_track_car-3] [INFO] [1780952309.317472982] [gazebo_track_car]: route segment=outer_top_right_corner; previous=outer_top_right_mid_to_top_right; distance=0.013m; decision=route/default: outer_top_right_corner
[gazebo_track_car-3] [WARN] [1780952309.837777140] [gazebo_track_car]: JITTER events=19 reasons=yaw_step_error=0.145rad pos=(+1.961,+2.159) step=0.0042/0.0199m yaw=0.010/0.156rad route=outer_top_right_corner
[gazebo_track_car-3] [INFO] [1780952310.432130991] [gazebo_track_car]: MOTION pos=(+2.065,+2.127) yaw=-0.791 v=0.169 step_err=0.0121m/0.138rad track_err=0.0561m footprint=road:8.00px route=outer_top_right_corner cmd_vel=(0.154,-0.754)
[gazebo_track_car-3] [WARN] [1780952310.929501698] [gazebo_track_car]: JITTER events=50 reasons=cmd_xy_error=0.0633m pos=(+2.135,+2.075) step=0.0037/0.0181m yaw=0.013/0.000rad route=outer_top_right_corner
[gazebo_track_car-3] [WARN] [1780952311.932780546] [gazebo_track_car]: JITTER events=50 reasons=cmd_xy_error=0.0686m pos=(+2.199,+1.869) step=0.0051/0.0250m yaw=0.003/0.000rad route=outer_top_right_corner
[gazebo_track_car-3] [INFO] [1780952312.331177692] [gazebo_track_car]: route segment=outer_right_top_to_upper; previous=outer_top_right_corner; distance=0.002m; decision=route/default: outer_right_top_to_upper
[gazebo_track_car-3] [INFO] [1780952312.432497741] [gazebo_track_car]: MOTION pos=(+2.199,+1.734) yaw=-1.591 v=0.275 step_err=0.0220m/0.001rad track_err=0.0670m footprint=road:7.00px route=outer_right_top_to_upper cmd_vel=(0.272,+0.051)
[gazebo_track_car-3] [WARN] [1780952312.952133268] [gazebo_track_car]: JITTER events=51 reasons=cmd_xy_error=0.0696m pos=(+2.195,+1.594) step=0.0053/0.0264m yaw=0.002/0.000rad route=outer_right_top_to_upper
[gazebo_track_car-3] [WARN] [1780952314.055391685] [gazebo_track_car]: JITTER events=55 reasons=cmd_xy_error=0.0688m pos=(+2.204,+1.294) step=0.0056/0.0285m yaw=0.000/0.000rad route=outer_right_top_to_upper
[gazebo_track_car-3] [INFO] [1780952314.452338937] [gazebo_track_car]: MOTION pos=(+2.211,+1.183) yaw=-1.513 v=0.278 step_err=0.0219m/0.000rad track_err=0.0674m footprint=road:7.00px route=outer_right_top_to_upper cmd_vel=(0.278,-0.014)
[gazebo_track_car-3] [WARN] [1780952315.055507884] [gazebo_track_car]: JITTER events=50 reasons=cmd_xy_error=0.0674m pos=(+2.221,+1.019) step=0.0054/0.0257m yaw=0.001/0.000rad route=outer_right_top_to_upper
[gazebo_track_car-3] [INFO] [1780952315.846737734] [gazebo_track_car]: route segment=outer_right_upper_to_mid; previous=outer_right_top_to_upper; distance=0.022m; decision=route/default: outer_right_upper_to_mid
[gazebo_track_car-3] [WARN] [1780952316.056593009] [gazebo_track_car]: JITTER events=50 reasons=cmd_xy_error=0.0673m pos=(+2.228,+0.746) step=0.0055/0.0279m yaw=0.000/0.000rad route=outer_right_upper_to_mid
[gazebo_track_car-3] [INFO] [1780952316.458355997] [gazebo_track_car]: MOTION pos=(+2.228,+0.635) yaw=-1.576 v=0.279 step_err=0.0226m/0.000rad track_err=0.0672m footprint=road:8.79px route=outer_right_upper_to_mid cmd_vel=(0.280,-0.003)
[gazebo_track_car-3] [WARN] [1780952317.058487814] [gazebo_track_car]: JITTER events=50 reasons=cmd_xy_error=0.0663m pos=(+2.227,+0.468) step=0.0056/0.0287m yaw=0.000/0.000rad route=outer_right_upper_to_mid
[gazebo_track_car-3] [WARN] [1780952318.059300006] [gazebo_track_car]: JITTER events=50 reasons=cmd_xy_error=0.0649m pos=(+2.226,+0.189) step=0.0056/0.0282m yaw=0.000/0.000rad route=outer_right_upper_to_mid
[gazebo_track_car-3] [INFO] [1780952318.461458891] [gazebo_track_car]: MOTION pos=(+2.226,+0.077) yaw=-1.570 v=0.280 step_err=0.0221m/0.000rad track_err=0.0645m footprint=road:8.20px route=outer_right_upper_to_mid cmd_vel=(0.280,+0.000)
[gazebo_track_car-3] [WARN] [1780952319.062903265] [gazebo_track_car]: JITTER events=50 reasons=cmd_xy_error=0.0642m pos=(+2.227,-0.091) step=0.0056/0.0279m yaw=0.000/0.000rad route=outer_right_upper_to_mid
[gazebo_track_car-3] [WARN] [1780952320.076853978] [gazebo_track_car]: JITTER events=51 reasons=cmd_xy_error=0.0667m pos=(+2.227,-0.374) step=0.0055/0.0279m yaw=0.001/0.000rad route=outer_right_upper_to_mid
[gazebo_track_car-3] [INFO] [1780952320.477883128] [gazebo_track_car]: MOTION pos=(+2.227,-0.483) yaw=-1.593 v=0.273 step_err=0.0232m/0.001rad track_err=0.0662m footprint=road:8.00px route=outer_right_upper_to_mid cmd_vel=(0.274,-0.038)
[gazebo_track_car-3] [INFO] [1780952320.872506849] [gazebo_track_car]: route segment=outer_right_mid_to_lower; previous=outer_right_upper_to_mid; distance=0.014m; decision=route/default: outer_right_mid_to_lower
[gazebo_track_car-3] [WARN] [1780952321.089012735] [gazebo_track_car]: JITTER events=51 reasons=cmd_xy_error=0.0687m pos=(+2.223,-0.654) step=0.0056/0.0289m yaw=0.000/0.000rad route=outer_right_mid_to_lower
[gazebo_track_car-3] [WARN] [1780952322.092973095] [gazebo_track_car]: JITTER events=50 reasons=cmd_xy_error=0.0678m pos=(+2.212,-0.933) step=0.0056/0.0282m yaw=0.000/0.000rad route=outer_right_mid_to_lower
[gazebo_track_car-3] [INFO] [1780952322.493187818] [gazebo_track_car]: MOTION pos=(+2.207,-1.044) yaw=-1.608 v=0.279 step_err=0.0221m/0.000rad track_err=0.0675m footprint=road:7.00px route=outer_right_mid_to_lower cmd_vel=(0.279,+0.005)
[gazebo_track_car-3] [WARN] [1780952323.094157853] [gazebo_track_car]: JITTER events=50 reasons=cmd_xy_error=0.0674m pos=(+2.201,-1.212) step=0.0056/0.0280m yaw=0.000/0.000rad route=outer_right_mid_to_lower
[gazebo_track_car-3] [WARN] [1780952324.097876947] [gazebo_track_car]: JITTER events=50 reasons=cmd_xy_error=0.0662m pos=(+2.191,-1.491) step=0.0056/0.0277m yaw=0.000/0.000rad route=outer_right_mid_to_lower
[gazebo_track_car-3] [INFO] [1780952324.497606104] [gazebo_track_car]: MOTION pos=(+2.189,-1.598) yaw=-1.634 v=0.230 step_err=0.0194m/0.006rad track_err=0.0660m footprint=road:7.99px route=outer_right_mid_to_lower cmd_vel=(0.205,-0.482)
[gazebo_track_car-3] [WARN] [1780952325.094392400] [gazebo_track_car]: JITTER events=50 reasons=cmd_xy_error=0.0712m pos=(+2.197,-1.702) step=0.0026/0.0122m yaw=0.015/0.000rad route=outer_right_mid_to_lower
[gazebo_track_car-3] [WARN] [1780952326.209333886] [gazebo_track_car]: JITTER events=54 reasons=yaw_step_error=0.178rad,cmd_xy_error=0.0837m pos=(+2.137,-1.837) step=0.0034/0.0166m yaw=0.015/0.192rad route=outer_right_mid_to_lower
[gazebo_track_car-3] [INFO] [1780952326.501208812] [gazebo_track_car]: route segment=outer_bottom_right_corner; previous=outer_right_mid_to_lower; distance=0.017m; decision=route/default: outer_bottom_right_corner
[gazebo_track_car-3] [INFO] [1780952326.609353291] [gazebo_track_car]: MOTION pos=(+2.065,-1.867) yaw=-3.075 v=0.205 step_err=0.0147m/0.128rad track_err=0.0973m footprint=road:7.00px route=outer_bottom_right_corner cmd_vel=(0.210,-0.446)
[gazebo_track_car-3] [WARN] [1780952327.208123185] [gazebo_track_car]: JITTER events=50 reasons=cmd_xy_error=0.0990m pos=(+1.923,-1.875) step=0.0052/0.0268m yaw=0.002/0.000rad route=outer_bottom_right_corner
[gazebo_track_car-3] [INFO] [1780952328.106497087] [gazebo_track_car]: route segment=outer_bottom_right_to_bottom_right_mid; previous=outer_bottom_right_corner; distance=0.024m; decision=route/default: outer_bottom_right_to_bottom_right_mid
[gazebo_track_car-3] [WARN] [1780952328.209689036] [gazebo_track_car]: JITTER events=50 reasons=cmd_xy_error=0.0946m pos=(+1.660,-1.851) step=0.0053/0.0263m yaw=0.002/0.000rad route=outer_bottom_right_to_bottom_right_mid
[gazebo_track_car-3] [INFO] [1780952328.630415364] [gazebo_track_car]: MOTION pos=(+1.547,-1.848) yaw=-3.134 v=0.272 step_err=0.0218m/0.001rad track_err=0.0989m footprint=road:8.00px route=outer_bottom_right_to_bottom_right_mid cmd_vel=(0.274,+0.032)
[gazebo_track_car-3] [WARN] [1780952329.228946695] [gazebo_track_car]: JITTER events=51 reasons=cmd_xy_error=0.0977m pos=(+1.381,-1.850) step=0.0055/0.0286m yaw=0.000/0.000rad route=outer_bottom_right_to_bottom_right_mid
[gazebo_track_car-3] [WARN] [1780952330.233521833] [gazebo_track_car]: JITTER events=50 reasons=cmd_xy_error=0.0971m pos=(+1.104,-1.852) step=0.0056/0.0281m yaw=0.000/0.000rad route=outer_bottom_right_to_bottom_right_mid
[gazebo_track_car-3] [INFO] [1780952330.634424755] [gazebo_track_car]: MOTION pos=(+0.993,-1.852) yaw=+3.139 v=0.279 step_err=0.0226m/0.000rad track_err=0.0968m footprint=road:8.00px route=outer_bottom_right_to_bottom_right_mid cmd_vel=(0.279,-0.004)
[gazebo_track_car-3] [INFO] [1780952331.225382406] [gazebo_track_car]: route segment=outer_bottom_right_mid_to_bottom_mid; previous=outer_bottom_right_to_bottom_right_mid; distance=0.017m; decision=route/default: outer_bottom_right_mid_to_bottom_mid
[gazebo_track_car-3] [WARN] [1780952331.234641152] [gazebo_track_car]: JITTER events=50 reasons=cmd_xy_error=0.0959m pos=(+0.825,-1.852) step=0.0056/0.0279m yaw=0.000/0.000rad route=outer_bottom_right_mid_to_bottom_mid
[gazebo_track_car-3] [WARN] [1780952332.239793720] [gazebo_track_car]: JITTER events=50 reasons=cmd_xy_error=0.0958m pos=(+0.546,-1.851) step=0.0056/0.0274m yaw=0.000/0.000rad route=outer_bottom_right_mid_to_bottom_mid
[gazebo_track_car-3] [INFO] [1780952332.635005260] [gazebo_track_car]: MOTION pos=(+0.434,-1.851) yaw=-3.141 v=0.280 step_err=0.0232m/0.000rad track_err=0.0938m footprint=road:8.00px route=outer_bottom_right_mid_to_bottom_mid cmd_vel=(0.280,-0.000)
[gazebo_track_car-3] [WARN] [1780952333.236480967] [gazebo_track_car]: JITTER events=50 reasons=cmd_xy_error=0.1211m pos=(+0.266,-1.852) step=0.0056/0.0000m yaw=0.000/0.000rad route=outer_bottom_right_mid_to_bottom_mid
[gazebo_track_car-3] [WARN] [1780952334.356975039] [gazebo_track_car]: JITTER events=56 reasons=cmd_xy_error=0.0975m pos=(-0.046,-1.852) step=0.0056/0.0301m yaw=0.000/0.000rad route=outer_bottom_right_mid_to_bottom_mid
[gazebo_track_car-3] [INFO] [1780952334.654227246] [gazebo_track_car]: MOTION pos=(-0.129,-1.852) yaw=+3.141 v=0.279 step_err=0.0229m/0.000rad track_err=0.0961m footprint=road:8.00px route=outer_bottom_right_mid_to_bottom_mid cmd_vel=(0.279,-0.005)
[gazebo_track_car-3] [INFO] [1780952334.743711906] [gazebo_track_car]: route segment=outer_bottom_mid_to_bottom_left_mid; previous=outer_bottom_right_mid_to_bottom_mid; distance=0.014m; decision=route/default: outer_bottom_mid_to_bottom_left_mid
[gazebo_track_car-3] [WARN] [1780952335.354457225] [gazebo_track_car]: JITTER events=50 reasons=cmd_xy_error=0.0951m pos=(-0.325,-1.852) step=0.0056/0.0290m yaw=0.000/0.000rad route=outer_bottom_mid_to_bottom_left_mid
[gazebo_track_car-3] [WARN] [1780952336.457535912] [gazebo_track_car]: JITTER events=55 reasons=cmd_xy_error=0.0944m pos=(-0.632,-1.852) step=0.0056/0.0291m yaw=0.000/0.000rad route=outer_bottom_mid_to_bottom_left_mid
[gazebo_track_car-3] [INFO] [1780952336.653592490] [gazebo_track_car]: MOTION pos=(-0.688,-1.852) yaw=+3.141 v=0.279 step_err=0.0221m/0.000rad track_err=0.0930m footprint=road:8.00px route=outer_bottom_mid_to_bottom_left_mid cmd_vel=(0.279,+0.004)
[gazebo_track_car-3] [WARN] [1780952337.460754670] [gazebo_track_car]: JITTER events=50 reasons=cmd_xy_error=0.0935m pos=(-0.912,-1.851) step=0.0056/0.0269m yaw=0.000/0.000rad route=outer_bottom_mid_to_bottom_left_mid
[gazebo_track_car-3] [INFO] [1780952338.262894548] [gazebo_track_car]: route segment=outer_bottom_left_mid_to_bottom_left; previous=outer_bottom_mid_to_bottom_left_mid; distance=0.015m; decision=route/default: outer_bottom_left_mid_to_bottom_left
[gazebo_track_car-3] [WARN] [1780952338.469860293] [gazebo_track_car]: JITTER events=51 reasons=cmd_xy_error=0.0942m pos=(-1.197,-1.852) step=0.0056/0.0290m yaw=0.000/0.000rad route=outer_bottom_left_mid_to_bottom_left
[gazebo_track_car-3] [INFO] [1780952338.672219441] [gazebo_track_car]: MOTION pos=(-1.253,-1.852) yaw=-3.140 v=0.279 step_err=0.0220m/0.000rad track_err=0.0942m footprint=road:8.00px route=outer_bottom_left_mid_to_bottom_left cmd_vel=(0.279,-0.006)
[gazebo_track_car-3] [WARN] [1780952339.474220167] [gazebo_track_car]: JITTER events=50 reasons=cmd_xy_error=0.0936m pos=(-1.475,-1.852) step=0.0056/0.0284m yaw=0.000/0.000rad route=outer_bottom_left_mid_to_bottom_left
[gazebo_track_car-3] [WARN] [1780952340.491925865] [gazebo_track_car]: JITTER events=51 reasons=cmd_xy_error=0.0970m pos=(-1.760,-1.852) step=0.0056/0.0290m yaw=0.000/0.000rad route=outer_bottom_left_mid_to_bottom_left
[gazebo_track_car-3] [INFO] [1780952340.677648987] [gazebo_track_car]: MOTION pos=(-1.810,-1.852) yaw=+3.141 v=0.279 step_err=0.0223m/0.000rad track_err=0.0928m footprint=road:8.00px route=outer_bottom_left_mid_to_bottom_left cmd_vel=(0.279,-0.004)
[gazebo_track_car-3] [INFO] [1780952341.177714151] [gazebo_track_car]: route segment=outer_bottom_left_corner; previous=outer_bottom_left_mid_to_bottom_left; distance=0.021m; decision=route/default: outer_bottom_left_corner
[gazebo_track_car-3] [WARN] [1780952341.494440643] [gazebo_track_car]: JITTER events=50 reasons=cmd_xy_error=0.0985m pos=(-2.006,-1.860) step=0.0040/0.0195m yaw=0.011/0.000rad route=outer_bottom_left_corner
[gazebo_track_car-3] [WARN] [1780952342.497474406] [gazebo_track_car]: JITTER events=50 reasons=cmd_xy_error=0.1162m pos=(-2.131,-1.854) step=0.0026/0.0106m yaw=0.016/0.000rad route=outer_bottom_left_corner
[gazebo_track_car-3] [INFO] [1780952342.693900392] [gazebo_track_car]: MOTION pos=(-2.153,-1.839) yaw=+2.010 v=0.141 step_err=0.0094m/0.064rad track_err=0.1156m footprint=road:6.00px route=outer_bottom_left_corner cmd_vel=(0.127,-0.746)
[gazebo_track_car-3] [WARN] [1780952343.589385449] [gazebo_track_car]: JITTER events=54 reasons=cmd_xy_error=0.1268m pos=(-2.212,-1.691) step=0.0046/0.0000m yaw=0.006/0.000rad route=outer_bottom_left_corner
[gazebo_track_car-3] [INFO] [1780952343.689729268] [gazebo_track_car]: route segment=outer_left_lower_to_mid; previous=outer_bottom_left_corner; distance=0.023m; decision=route/default: outer_left_lower_to_mid
[gazebo_track_car-3] [WARN] [1780952344.607041304] [gazebo_track_car]: JITTER events=51 reasons=cmd_xy_error=0.1173m pos=(-2.189,-1.431) step=0.0050/0.0262m yaw=0.003/0.000rad route=outer_left_lower_to_mid
[gazebo_track_car-3] [INFO] [1780952344.808639821] [gazebo_track_car]: MOTION pos=(-2.187,-1.380) yaw=+1.586 v=0.256 step_err=0.0206m/0.002rad track_err=0.1172m footprint=road:5.20px route=outer_left_lower_to_mid cmd_vel=(0.261,+0.109)
[gazebo_track_car-3] [WARN] [1780952345.611490316] [gazebo_track_car]: JITTER events=50 reasons=cmd_xy_error=0.1164m pos=(-2.194,-1.163) step=0.0055/0.0279m yaw=0.000/0.000rad route=outer_left_lower_to_mid
[gazebo_track_car-3] [WARN] [1780952346.604149112] [gazebo_track_car]: JITTER events=50 reasons=cmd_xy_error=0.1130m pos=(-2.205,-0.888) step=0.0055/0.0305m yaw=0.000/0.000rad route=outer_left_lower_to_mid
[gazebo_track_car-3] [INFO] [1780952346.809653176] [gazebo_track_car]: MOTION pos=(-2.206,-0.832) yaw=+1.593 v=0.278 step_err=0.0217m/0.000rad track_err=0.1141m footprint=road:6.00px route=outer_left_lower_to_mid cmd_vel=(0.279,-0.004)
[gazebo_track_car-3] [WARN] [1780952347.724243220] [gazebo_track_car]: JITTER events=55 reasons=cmd_xy_error=0.1156m pos=(-2.212,-0.581) step=0.0056/0.0268m yaw=0.000/0.000rad route=outer_left_lower_to_mid
[gazebo_track_car-3] [WARN] [1780952348.726910980] [gazebo_track_car]: JITTER events=51 reasons=cmd_xy_error=0.1149m pos=(-2.219,-0.296) step=0.0056/0.0276m yaw=0.000/0.000rad route=outer_left_lower_to_mid
[gazebo_track_car-3] [INFO] [1780952348.825609517] [gazebo_track_car]: MOTION pos=(-2.220,-0.268) yaw=+1.597 v=0.279 step_err=0.0223m/0.000rad track_err=0.1149m footprint=road:7.00px route=outer_left_lower_to_mid cmd_vel=(0.279,-0.006)
[gazebo_track_car-3] [WARN] [1780952349.723557141] [gazebo_track_car]: JITTER events=50 reasons=yaw_step_error=0.037rad,cmd_xy_error=0.1244m pos=(-2.197,-0.095) step=0.0035/0.0099m yaw=0.037/0.000rad route=outer_left_lower_to_mid
[gazebo_track_car-3] [INFO] [1780952350.185504468] [gazebo_track_car]: ROUTE_REJOIN teleport actual=(-2.172,-0.023) cmd_error=0.181m nearest=(-2.226,-0.024) route_dist=0.054m segment=outer_left_lower_to_mid@1.781m parking_locked=False yaw=-2.825
[gazebo_track_car-3] [WARN] [1780952350.743800136] [gazebo_track_car]: JITTER events=50 reasons=yaw_step_error=0.299rad,cmd_xy_error=0.0868m pos=(-2.251,-0.102) step=0.0027/0.0051m yaw=0.031/0.330rad route=outer_left_lower_to_mid
[gazebo_track_car-3] [INFO] [1780952350.842573793] [gazebo_track_car]: MOTION pos=(-2.264,-0.105) yaw=+2.202 v=0.117 step_err=0.0025m/0.196rad track_err=0.0985m footprint=road:5.00px route=outer_left_lower_to_mid cmd_vel=(0.050,-1.283)
[gazebo_track_car-3] [INFO] [1780952351.028655772] [gazebo_track_car]: route segment=outer_left_mid_to_middle_entry; previous=outer_left_lower_to_mid; distance=0.000m; decision=route/default: outer_left_mid_to_middle_entry
[gazebo_track_car-3] [WARN] [1780952351.847432748] [gazebo_track_car]: JITTER events=55 reasons=cmd_xy_error=0.1256m pos=(-2.335,+0.006) step=0.0042/0.0210m yaw=0.009/0.000rad route=outer_left_mid_to_middle_entry
[gazebo_track_car-3] [INFO] [1780952351.931914634] [gazebo_track_car]: route segment=outer_left_middle_entry_to_upper; previous=outer_left_mid_to_middle_entry; distance=0.016m; decision=route/default: outer_left_middle_entry_to_upper
[gazebo_track_car-3] [WARN] [1780952352.938615238] [gazebo_track_car]: JITTER events=54 reasons=cmd_xy_error=0.0902m pos=(-2.255,+0.250) step=0.0046/0.0230m yaw=0.006/0.000rad route=outer_left_middle_entry_to_upper
[gazebo_track_car-3] [INFO] [1780952352.939086637] [gazebo_track_car]: MOTION pos=(-2.255,+0.250) yaw=+1.465 v=0.229 step_err=0.0184m/0.006rad track_err=0.0902m footprint=road:8.00px route=outer_left_middle_entry_to_upper cmd_vel=(0.233,+0.285)
[gazebo_track_car-3] [WARN] [1780952353.961812936] [gazebo_track_car]: JITTER events=51 reasons=cmd_xy_error=0.0935m pos=(-2.243,+0.510) step=0.0056/0.0282m yaw=0.000/0.000rad route=outer_left_middle_entry_to_upper
[gazebo_track_car-3] [WARN] [1780952354.963608618] [gazebo_track_car]: JITTER events=50 reasons=cmd_xy_error=0.0921m pos=(-2.251,+0.782) step=0.0054/0.0272m yaw=0.001/0.000rad route=outer_left_middle_entry_to_upper
[gazebo_track_car-3] [INFO] [1780952354.963888009] [gazebo_track_car]: MOTION pos=(-2.251,+0.782) yaw=+1.566 v=0.270 step_err=0.0218m/0.001rad track_err=0.0921m footprint=road:8.00px route=outer_left_middle_entry_to_upper cmd_vel=(0.270,-0.056)
[gazebo_track_car-3] [INFO] [1780952355.751873618] [gazebo_track_car]: route segment=outer_left_upper_to_top; previous=outer_left_middle_entry_to_upper; distance=0.019m; decision=route/default: outer_left_upper_to_top
[gazebo_track_car-3] [WARN] [1780952355.963790046] [gazebo_track_car]: JITTER events=50 reasons=cmd_xy_error=0.0908m pos=(-2.247,+1.057) step=0.0056/0.0280m yaw=0.000/0.000rad route=outer_left_upper_to_top
[gazebo_track_car-3] [WARN] [1780952356.966703450] [gazebo_track_car]: JITTER events=50 reasons=cmd_xy_error=0.0902m pos=(-2.238,+1.335) step=0.0056/0.0276m yaw=0.000/0.000rad route=outer_left_upper_to_top
[gazebo_track_car-3] [INFO] [1780952356.966983132] [gazebo_track_car]: MOTION pos=(-2.238,+1.335) yaw=+1.545 v=0.279 step_err=0.0220m/0.000rad track_err=0.0902m footprint=road:7.00px route=outer_left_upper_to_top cmd_vel=(0.279,+0.006)
[gazebo_track_car-3] [WARN] [1780952357.965011640] [gazebo_track_car]: JITTER events=50 reasons=cmd_xy_error=0.0881m pos=(-2.231,+1.614) step=0.0056/0.0282m yaw=0.000/0.000rad route=outer_left_upper_to_top
[gazebo_track_car-3] [WARN] [1780952358.969775594] [gazebo_track_car]: JITTER events=49 reasons=cmd_xy_error=0.0908m pos=(-2.235,+1.858) step=0.0036/0.0173m yaw=0.012/0.006rad route=outer_left_upper_to_top
[gazebo_track_car-3] [INFO] [1780952358.970056548] [gazebo_track_car]: MOTION pos=(-2.235,+1.858) yaw=+1.365 v=0.182 step_err=0.0137m/0.006rad track_err=0.0908m footprint=road:8.39px route=outer_left_upper_to_top cmd_vel=(0.167,-0.686)
[gazebo_track_car-3] [INFO] [1780952359.270607369] [gazebo_track_car]: route segment=outer_top_left_corner; previous=outer_left_upper_to_top; distance=0.013m; decision=route/default: outer_top_left_corner
[gazebo_track_car-3] [WARN] [1780952359.986071176] [gazebo_track_car]: JITTER events=51 reasons=yaw_step_error=0.187rad,cmd_xy_error=0.0984m pos=(-2.185,+2.040) step=0.0041/0.0195m yaw=0.011/0.198rad route=outer_top_left_corner
[gazebo_track_car-3] [WARN] [1780952360.990999543] [gazebo_track_car]: JITTER events=50 reasons=yaw_step_error=0.169rad,cmd_xy_error=0.0991m pos=(-2.029,+2.163) step=0.0042/0.0208m yaw=0.009/0.178rad route=outer_top_left_corner
[gazebo_track_car-3] [INFO] [1780952360.991270419] [gazebo_track_car]: MOTION pos=(-2.029,+2.163) yaw=+0.213 v=0.212 step_err=0.0166m/0.169rad track_err=0.0991m footprint=road:8.00px route=outer_top_left_corner cmd_vel=(0.208,-0.448)
[gazebo_track_car-3] [WARN] [1780952361.994639404] [gazebo_track_car]: JITTER events=50 reasons=yaw_step_error=0.051rad,cmd_xy_error=0.1056m pos=(-1.796,+2.193) step=0.0053/0.0254m yaw=0.001/0.052rad route=outer_top_left_corner
[gazebo_track_car-3] [INFO] [1780952362.286849218] [gazebo_track_car]: route segment=outer_top_left_to_top_mid; previous=outer_top_left_corner; distance=0.011m; decision=route/default: outer_top_left_to_top_mid
[gazebo_track_car-3] [WARN] [1780952362.994316614] [gazebo_track_car]: JITTER events=50 reasons=cmd_xy_error=0.1032m pos=(-1.527,+2.179) step=0.0054/0.0266m yaw=0.001/0.000rad route=outer_top_left_to_top_mid
[gazebo_track_car-3] [INFO] [1780952362.994623978] [gazebo_track_car]: MOTION pos=(-1.527,+2.179) yaw=-0.009 v=0.270 step_err=0.0213m/0.001rad track_err=0.1032m footprint=road:8.00px route=outer_top_left_to_top_mid cmd_vel=(0.271,+0.054)
[gazebo_track_car-3] [WARN] [1780952363.996968714] [gazebo_track_car]: JITTER events=50 reasons=cmd_xy_error=0.1017m pos=(-1.250,+2.179) step=0.0055/0.0277m yaw=0.000/0.000rad route=outer_top_left_to_top_mid
[gazebo_track_car-3] [WARN] [1780952365.015914473] [gazebo_track_car]: JITTER events=51 reasons=cmd_xy_error=0.1058m pos=(-0.968,+2.180) step=0.0056/0.0281m yaw=0.000/0.000rad route=outer_top_left_to_top_mid
[gazebo_track_car-3] [INFO] [1780952365.016191320] [gazebo_track_car]: MOTION pos=(-0.968,+2.180) yaw=-0.001 v=0.279 step_err=0.0226m/0.000rad track_err=0.1058m footprint=road:8.00px route=outer_top_left_to_top_mid cmd_vel=(0.279,-0.007)
[gazebo_track_car-3] [WARN] [1780952366.015011135] [gazebo_track_car]: JITTER events=50 reasons=cmd_xy_error=0.1035m pos=(-0.688,+2.180) step=0.0056/0.0279m yaw=0.000/0.000rad route=outer_top_left_to_top_mid
[gazebo_track_car-3] [WARN] [1780952367.018737404] [gazebo_track_car]: JITTER events=50 reasons=cmd_xy_error=0.1033m pos=(-0.409,+2.179) step=0.0056/0.0274m yaw=0.000/0.000rad route=outer_top_left_to_top_mid
[gazebo_track_car-3] [INFO] [1780952367.019061679] [gazebo_track_car]: MOTION pos=(-0.409,+2.179) yaw=+0.001 v=0.280 step_err=0.0218m/0.000rad track_err=0.1033m footprint=road:8.00px route=outer_top_left_to_top_mid cmd_vel=(0.280,+0.001)
[gazebo_track_car-3] [WARN] [1780952368.020495284] [gazebo_track_car]: JITTER events=50 reasons=cmd_xy_error=0.1024m pos=(-0.130,+2.180) step=0.0056/0.0279m yaw=0.000/0.000rad route=outer_top_left_to_top_mid
[gazebo_track_car-3] [INFO] [1780952368.720193245] [gazebo_track_car]: route segment=outer_top_mid_to_gap; previous=outer_top_left_to_top_mid; distance=0.010m; decision=route/default: outer_top_mid_to_gap
[gazebo_track_car-3] [WARN] [1780952369.040076964] [gazebo_track_car]: JITTER events=51 reasons=cmd_xy_error=0.1062m pos=(+0.154,+2.180) step=0.0056/0.0290m yaw=0.000/0.000rad route=outer_top_mid_to_gap
[gazebo_track_car-3] [INFO] [1780952369.040353220] [gazebo_track_car]: MOTION pos=(+0.154,+2.180) yaw=-0.000 v=0.279 step_err=0.0234m/0.000rad track_err=0.1062m footprint=road:8.59px route=outer_top_mid_to_gap cmd_vel=(0.279,-0.006)
[gazebo_track_car-3] [WARN] [1780952370.041158037] [gazebo_track_car]: JITTER events=50 reasons=cmd_xy_error=0.1046m pos=(+0.433,+2.180) step=0.0056/0.0285m yaw=0.000/0.000rad route=outer_top_mid_to_gap
[gazebo_track_car-3] [INFO] [1780952370.530784611] [gazebo_track_car]: route segment=outer_top_gap_to_top_right_mid; previous=outer_top_mid_to_gap; distance=0.000m; decision=route/default: outer_top_gap_to_top_right_mid
[gazebo_track_car-3] [WARN] [1780952371.040842272] [gazebo_track_car]: JITTER events=50 reasons=cmd_xy_error=0.1029m pos=(+0.713,+2.180) step=0.0056/0.0288m yaw=0.000/0.000rad route=outer_top_gap_to_top_right_mid
[gazebo_track_car-3] [INFO] [1780952371.041177968] [gazebo_track_car]: MOTION pos=(+0.713,+2.180) yaw=-0.001 v=0.279 step_err=0.0232m/0.000rad track_err=0.1029m footprint=road:9.00px route=outer_top_gap_to_top_right_mid cmd_vel=(0.279,+0.003)
[gazebo_track_car-3] [WARN] [1780952372.042600575] [gazebo_track_car]: JITTER events=50 reasons=cmd_xy_error=0.1014m pos=(+0.992,+2.180) step=0.0056/0.0283m yaw=0.000/0.000rad route=outer_top_gap_to_top_right_mid
[gazebo_track_car-3] [INFO] [1780952372.241419245] [gazebo_track_car]: route segment=outer_top_right_mid_to_top_right; previous=outer_top_gap_to_top_right_mid; distance=0.010m; decision=route/default: outer_top_right_mid_to_top_right
[gazebo_track_car-3] [WARN] [1780952373.044942776] [gazebo_track_car]: JITTER events=50 reasons=cmd_xy_error=0.1007m pos=(+1.272,+2.180) step=0.0056/0.0285m yaw=0.000/0.000rad route=outer_top_right_mid_to_top_right
[gazebo_track_car-3] [INFO] [1780952373.045218611] [gazebo_track_car]: MOTION pos=(+1.272,+2.180) yaw=+0.001 v=0.279 step_err=0.0229m/0.000rad track_err=0.1007m footprint=road:8.00px route=outer_top_right_mid_to_top_right cmd_vel=(0.279,-0.006)
[gazebo_track_car-3] [WARN] [1780952374.069087111] [gazebo_track_car]: JITTER events=51 reasons=cmd_xy_error=0.1059m pos=(+1.556,+2.180) step=0.0056/0.0279m yaw=0.000/0.000rad route=outer_top_right_mid_to_top_right
[gazebo_track_car-3] [WARN] [1780952375.071390498] [gazebo_track_car]: JITTER events=50 reasons=cmd_xy_error=0.1044m pos=(+1.810,+2.182) step=0.0044/0.0219m yaw=0.007/0.000rad route=outer_top_right_mid_to_top_right
[gazebo_track_car-3] [INFO] [1780952375.071738808] [gazebo_track_car]: MOTION pos=(+1.810,+2.182) yaw=-0.141 v=0.221 step_err=0.0175m/0.007rad track_err=0.1044m footprint=road:8.00px route=outer_top_right_mid_to_top_right cmd_vel=(0.219,-0.364)
[gazebo_track_car-3] [INFO] [1780952375.560534367] [gazebo_track_car]: route segment=outer_top_right_corner; previous=outer_top_right_mid_to_top_right; distance=0.019m; decision=route/default: outer_top_right_corner
[gazebo_track_car-3] [WARN] [1780952376.073485584] [gazebo_track_car]: JITTER events=50 reasons=yaw_step_error=0.093rad,cmd_xy_error=0.1142m pos=(+2.023,+2.151) step=0.0039/0.0176m yaw=0.012/0.105rad route=outer_top_right_corner
[gazebo_track_car-3] [WARN] [1780952377.075567935] [gazebo_track_car]: JITTER events=50 reasons=yaw_step_error=0.129rad,cmd_xy_error=0.1271m pos=(+2.158,+2.079) step=0.0030/0.0140m yaw=0.013/0.141rad route=outer_top_right_corner
[gazebo_track_car-3] [INFO] [1780952377.075853829] [gazebo_track_car]: MOTION pos=(+2.158,+2.079) yaw=-1.222 v=0.152 step_err=0.0109m/0.129rad track_err=0.1271m footprint=road:10.00px route=outer_top_right_corner cmd_vel=(0.151,-0.693)
[gazebo_track_car-3] [WARN] [1780952378.075083473] [gazebo_track_car]: JITTER events=50 reasons=yaw_step_error=0.046rad,cmd_xy_error=0.1165m pos=(+2.204,+1.880) step=0.0053/0.0259m yaw=0.002/0.048rad route=outer_top_right_corner
[gazebo_track_car-3] [INFO] [1780952378.777489872] [gazebo_track_car]: route segment=outer_right_top_to_upper; previous=outer_top_right_corner; distance=0.015m; decision=route/default: outer_right_top_to_upper
[gazebo_track_car-3] [WARN] [1780952379.080280457] [gazebo_track_car]: JITTER events=50 reasons=cmd_xy_error=0.1135m pos=(+2.186,+1.624) step=0.0052/0.0258m yaw=0.002/0.000rad route=outer_right_top_to_upper
[gazebo_track_car-3] [INFO] [1780952379.080655517] [gazebo_track_car]: MOTION pos=(+2.186,+1.624) yaw=-1.527 v=0.258 step_err=0.0207m/0.002rad track_err=0.1135m footprint=road:6.00px route=outer_right_top_to_upper cmd_vel=(0.262,+0.100)
[gazebo_track_car-3] [WARN] [1780952380.094819012] [gazebo_track_car]: JITTER events=51 reasons=cmd_xy_error=0.1158m pos=(+2.203,+1.347) step=0.0055/0.0290m yaw=0.001/0.000rad route=outer_right_top_to_upper
[gazebo_track_car-3] [WARN] [1780952381.091232918] [gazebo_track_car]: JITTER events=50 reasons=cmd_xy_error=0.1136m pos=(+2.219,+1.071) step=0.0056/0.0287m yaw=0.000/0.000rad route=outer_right_top_to_upper
[gazebo_track_car-3] [INFO] [1780952381.091596416] [gazebo_track_car]: MOTION pos=(+2.219,+1.071) yaw=-1.525 v=0.279 step_err=0.0232m/0.000rad track_err=0.1136m footprint=road:7.00px route=outer_right_top_to_upper cmd_vel=(0.275,-0.027)
[gazebo_track_car-3] [WARN] [1780952382.110755123] [gazebo_track_car]: JITTER events=51 reasons=cmd_xy_error=0.1173m pos=(+2.228,+0.795) step=0.0055/0.0271m yaw=0.001/0.017rad route=outer_right_top_to_upper
[gazebo_track_car-3] [INFO] [1780952382.193831332] [gazebo_track_car]: route segment=outer_right_upper_to_mid; previous=outer_right_top_to_upper; distance=0.007m; decision=route/default: outer_right_upper_to_mid
[gazebo_track_car-3] [WARN] [1780952383.117297055] [gazebo_track_car]: JITTER events=50 reasons=cmd_xy_error=0.1163m pos=(+2.227,+0.517) step=0.0055/0.0280m yaw=0.000/0.000rad route=outer_right_upper_to_mid
[gazebo_track_car-3] [INFO] [1780952383.117581796] [gazebo_track_car]: MOTION pos=(+2.227,+0.517) yaw=-1.575 v=0.277 step_err=0.0225m/0.000rad track_err=0.1163m footprint=road:9.00px route=outer_right_upper_to_mid cmd_vel=(0.278,+0.014)
[gazebo_track_car-3] [WARN] [1780952384.113495022] [gazebo_track_car]: JITTER events=50 reasons=cmd_xy_error=0.1135m pos=(+2.226,+0.238) step=0.0056/0.0291m yaw=0.000/0.000rad route=outer_right_upper_to_mid
[gazebo_track_car-3] [INFO] [1780952385.129243673] [gazebo_track_car]: MOTION pos=(+2.227,-0.040) yaw=-1.570 v=0.278 step_err=0.0220m/0.000rad track_err=0.1162m footprint=road:8.00px route=outer_right_upper_to_mid cmd_vel=(0.279,-0.008)
[gazebo_track_car-3] [WARN] [1780952385.227414890] [gazebo_track_car]: JITTER events=54 reasons=cmd_xy_error=0.1156m pos=(+2.227,-0.068) step=0.0056/0.0284m yaw=0.000/0.000rad route=outer_right_upper_to_mid
[gazebo_track_car-3] [WARN] [1780952386.229315680] [gazebo_track_car]: JITTER events=50 reasons=cmd_xy_error=0.1152m pos=(+2.227,-0.347) step=0.0056/0.0275m yaw=0.000/0.000rad route=outer_right_upper_to_mid
[gazebo_track_car-3] [INFO] [1780952387.130821906] [gazebo_track_car]: MOTION pos=(+2.225,-0.592) yaw=-1.609 v=0.273 step_err=0.0217m/0.012rad track_err=0.1143m footprint=road:8.00px route=outer_right_upper_to_mid cmd_vel=(0.276,-0.023)
[gazebo_track_car-3] [WARN] [1780952387.234254822] [gazebo_track_car]: JITTER events=50 reasons=cmd_xy_error=0.1146m pos=(+2.224,-0.620) step=0.0055/0.0273m yaw=0.001/0.012rad route=outer_right_upper_to_mid
[gazebo_track_car-3] [INFO] [1780952387.325248934] [gazebo_track_car]: route segment=outer_right_mid_to_lower; previous=outer_right_upper_to_mid; distance=0.017m; decision=route/default: outer_right_mid_to_lower
[gazebo_track_car-3] [WARN] [1780952388.249577466] [gazebo_track_car]: JITTER events=51 reasons=cmd_xy_error=0.1172m pos=(+2.212,-0.903) step=0.0056/0.0270m yaw=0.000/0.000rad route=outer_right_mid_to_lower
[gazebo_track_car-3] [INFO] [1780952389.145755741] [gazebo_track_car]: MOTION pos=(+2.203,-1.154) yaw=-1.606 v=0.279 step_err=0.0232m/0.000rad track_err=0.1157m footprint=road:7.00px route=outer_right_mid_to_lower cmd_vel=(0.280,+0.000)
[gazebo_track_car-3] [WARN] [1780952389.248982524] [gazebo_track_car]: JITTER events=49 reasons=cmd_xy_error=0.1154m pos=(+2.202,-1.182) step=0.0056/0.0283m yaw=0.000/0.000rad route=outer_right_mid_to_lower
[gazebo_track_car-3] [WARN] [1780952390.251461263] [gazebo_track_car]: JITTER events=50 reasons=cmd_xy_error=0.1142m pos=(+2.192,-1.462) step=0.0056/0.0280m yaw=0.000/0.000rad route=outer_right_mid_to_lower
[gazebo_track_car-3] [INFO] [1780952391.154924376] [gazebo_track_car]: MOTION pos=(+2.193,-1.681) yaw=-1.767 v=0.153 step_err=0.0117m/0.012rad track_err=0.1155m footprint=road:9.00px route=outer_right_mid_to_lower cmd_vel=(0.136,-0.696)
[gazebo_track_car-3] [WARN] [1780952391.247763523] [gazebo_track_car]: JITTER events=50 reasons=cmd_xy_error=0.1300m pos=(+2.195,-1.696) step=0.0029/0.0000m yaw=0.013/0.000rad route=outer_right_mid_to_lower
[gazebo_track_car-3] [WARN] [1780952392.271323308] [gazebo_track_car]: JITTER events=51 reasons=cmd_xy_error=0.1353m pos=(+2.183,-1.817) step=0.0025/0.0105m yaw=0.016/0.000rad route=outer_right_mid_to_lower
[gazebo_track_car-3] [INFO] [1780952393.157048859] [gazebo_track_car]: route segment=outer_bottom_right_corner; previous=outer_right_mid_to_lower; distance=0.016m; decision=route/default: outer_bottom_right_corner
[gazebo_track_car-3] [INFO] [1780952393.158070295] [gazebo_track_car]: MOTION pos=(+2.059,-1.882) yaw=+3.079 v=0.216 step_err=0.0129m/0.048rad track_err=0.1299m footprint=road:6.00px route=outer_bottom_right_corner cmd_vel=(0.224,-0.332)
[gazebo_track_car-3] [WARN] [1780952393.357709429] [gazebo_track_car]: JITTER events=54 reasons=yaw_step_error=0.242rad,cmd_xy_error=0.1264m pos=(+2.013,-1.882) step=0.0048/0.0239m yaw=0.005/0.246rad route=outer_bottom_right_corner
[gazebo_track_car-3] [WARN] [1780952394.378340304] [gazebo_track_car]: JITTER events=51 reasons=cmd_xy_error=0.1249m pos=(+1.756,-1.848) step=0.0050/0.0261m yaw=0.003/0.000rad route=outer_bottom_right_corner
[gazebo_track_car-3] [INFO] [1780952394.665495381] [gazebo_track_car]: route segment=outer_bottom_right_to_bottom_right_mid; previous=outer_bottom_right_corner; distance=0.003m; decision=route/default: outer_bottom_right_to_bottom_right_mid
[gazebo_track_car-3] [INFO] [1780952395.180115154] [gazebo_track_car]: MOTION pos=(+1.541,-1.848) yaw=-3.116 v=0.276 step_err=0.0221m/0.000rad track_err=0.1245m footprint=road:8.00px route=outer_bottom_right_to_bottom_right_mid cmd_vel=(0.274,-0.032)
[gazebo_track_car-3] [WARN] [1780952395.377921708] [gazebo_track_car]: JITTER events=50 reasons=cmd_xy_error=0.1234m pos=(+1.486,-1.850) step=0.0055/0.0273m yaw=0.001/0.000rad route=outer_bottom_right_to_bottom_right_mid
[gazebo_track_car-3] [WARN] [1780952396.377776148] [gazebo_track_car]: JITTER events=50 reasons=cmd_xy_error=0.1214m pos=(+1.211,-1.853) step=0.0056/0.0287m yaw=0.000/0.000rad route=outer_bottom_right_to_bottom_right_mid
[gazebo_track_car-3] [INFO] [1780952397.180818161] [gazebo_track_car]: MOTION pos=(+0.988,-1.851) yaw=+3.140 v=0.278 step_err=0.0223m/0.000rad track_err=0.1213m footprint=road:8.00px route=outer_bottom_right_to_bottom_right_mid cmd_vel=(0.278,+0.009)
[gazebo_track_car-3] [WARN] [1780952397.483518142] [gazebo_track_car]: JITTER events=55 reasons=cmd_xy_error=0.1216m pos=(+0.905,-1.851) step=0.0056/0.0284m yaw=0.000/0.000rad route=outer_bottom_right_to_bottom_right_mid
[gazebo_track_car-3] [INFO] [1780952397.883033701] [gazebo_track_car]: route segment=outer_bottom_right_mid_to_bottom_mid; previous=outer_bottom_right_to_bottom_right_mid; distance=0.024m; decision=route/default: outer_bottom_right_mid_to_bottom_mid
[gazebo_track_car-3] [WARN] [1780952398.485618041] [gazebo_track_car]: JITTER events=50 reasons=cmd_xy_error=0.1488m pos=(+0.625,-1.851) step=0.0056/0.0000m yaw=0.000/0.000rad route=outer_bottom_right_mid_to_bottom_mid
[gazebo_track_car-3] [INFO] [1780952399.206189183] [gazebo_track_car]: MOTION pos=(+0.425,-1.852) yaw=-3.142 v=0.278 step_err=0.0220m/0.000rad track_err=0.1253m footprint=road:8.00px route=outer_bottom_right_mid_to_bottom_mid cmd_vel=(0.279,-0.007)
[gazebo_track_car-3] [WARN] [1780952399.505307107] [gazebo_track_car]: JITTER events=51 reasons=cmd_xy_error=0.1247m pos=(+0.341,-1.852) step=0.0056/0.0282m yaw=0.000/0.000rad route=outer_bottom_right_mid_to_bottom_mid
[gazebo_track_car-3] [WARN] [1780952400.514566729] [gazebo_track_car]: JITTER events=50 reasons=cmd_xy_error=0.1257m pos=(+0.057,-1.852) step=0.0056/0.0286m yaw=0.000/0.000rad route=outer_bottom_right_mid_to_bottom_mid
[gazebo_track_car-3] [INFO] [1780952401.199749467] [gazebo_track_car]: MOTION pos=(-0.133,-1.852) yaw=+3.141 v=0.279 step_err=0.0226m/0.000rad track_err=0.1206m footprint=road:8.00px route=outer_bottom_right_mid_to_bottom_mid cmd_vel=(0.279,+0.003)
[gazebo_track_car-3] [INFO] [1780952401.399158409] [gazebo_track_car]: route segment=outer_bottom_mid_to_bottom_left_mid; previous=outer_bottom_right_mid_to_bottom_mid; distance=0.022m; decision=route/default: outer_bottom_mid_to_bottom_left_mid
[gazebo_track_car-3] [WARN] [1780952401.517098892] [gazebo_track_car]: JITTER events=50 reasons=cmd_xy_error=0.1254m pos=(-0.223,-1.851) step=0.0056/0.0282m yaw=0.000/0.000rad route=outer_bottom_mid_to_bottom_left_mid
[gazebo_track_car-3] [WARN] [1780952402.517136337] [gazebo_track_car]: JITTER events=50 reasons=cmd_xy_error=0.1236m pos=(-0.503,-1.852) step=0.0056/0.0274m yaw=0.000/0.000rad route=outer_bottom_mid_to_bottom_left_mid
[gazebo_track_car-3] [INFO] [1780952403.220860436] [gazebo_track_car]: MOTION pos=(-0.698,-1.852) yaw=-3.140 v=0.279 step_err=0.0226m/0.000rad track_err=0.1237m footprint=road:8.00px route=outer_bottom_mid_to_bottom_left_mid cmd_vel=(0.279,-0.006)
[gazebo_track_car-3] [WARN] [1780952403.520904050] [gazebo_track_car]: JITTER events=50 reasons=cmd_xy_error=0.1229m pos=(-0.782,-1.852) step=0.0056/0.0273m yaw=0.000/0.000rad route=outer_bottom_mid_to_bottom_left_mid
[gazebo_track_car-3] [WARN] [1780952404.520353963] [gazebo_track_car]: JITTER events=50 reasons=cmd_xy_error=0.1213m pos=(-1.060,-1.852) step=0.0056/0.0282m yaw=0.000/0.000rad route=outer_bottom_mid_to_bottom_left_mid
[gazebo_track_car-3] [INFO] [1780952404.917158706] [gazebo_track_car]: route segment=outer_bottom_left_mid_to_bottom_left; previous=outer_bottom_mid_to_bottom_left_mid; distance=0.017m; decision=route/default: outer_bottom_left_mid_to_bottom_left
[gazebo_track_car-3] [INFO] [1780952405.229767146] [gazebo_track_car]: MOTION pos=(-1.256,-1.852) yaw=+3.141 v=0.279 step_err=0.0226m/0.000rad track_err=0.1229m footprint=road:8.00px route=outer_bottom_left_mid_to_bottom_left cmd_vel=(0.279,-0.004)
[gazebo_track_car-3] [WARN] [1780952405.633747501] [gazebo_track_car]: JITTER events=55 reasons=cmd_xy_error=0.1231m pos=(-1.367,-1.852) step=0.0056/0.0280m yaw=0.000/0.000rad route=outer_bottom_left_mid_to_bottom_left
[gazebo_track_car-3] [WARN] [1780952406.635349357] [gazebo_track_car]: JITTER events=50 reasons=cmd_xy_error=0.1223m pos=(-1.647,-1.852) step=0.0056/0.0279m yaw=0.000/0.000rad route=outer_bottom_left_mid_to_bottom_left
[gazebo_track_car-3] [INFO] [1780952407.236233366] [gazebo_track_car]: MOTION pos=(-1.815,-1.851) yaw=+3.142 v=0.279 step_err=0.0232m/0.000rad track_err=0.1217m footprint=road:8.00px route=outer_bottom_left_mid_to_bottom_left cmd_vel=(0.280,+0.002)
[gazebo_track_car-3] [WARN] [1780952407.636758452] [gazebo_track_car]: JITTER events=50 reasons=cmd_xy_error=0.1210m pos=(-1.927,-1.851) step=0.0056/0.0277m yaw=0.000/0.000rad route=outer_bottom_left_mid_to_bottom_left
[gazebo_track_car-3] [INFO] [1780952407.732670905] [gazebo_track_car]: route segment=outer_bottom_left_corner; previous=outer_bottom_left_mid_to_bottom_left; distance=0.002m; decision=route/default: outer_bottom_left_corner
[gazebo_track_car-3] [WARN] [1780952408.656255397] [gazebo_track_car]: JITTER events=51 reasons=cmd_xy_error=0.1364m pos=(-2.093,-1.868) step=0.0026/0.0095m yaw=0.018/0.000rad route=outer_bottom_left_corner
[gazebo_track_car-3] [INFO] [1780952409.258688996] [gazebo_track_car]: MOTION pos=(-2.163,-1.845) yaw=+1.982 v=0.127 step_err=0.0077m/0.016rad track_err=0.1463m footprint=road:6.00px route=outer_bottom_left_corner cmd_vel=(0.110,-0.768)
[gazebo_track_car-3] [WARN] [1780952409.659682795] [gazebo_track_car]: JITTER events=50 reasons=yaw_step_error=0.131rad,cmd_xy_error=0.1393m pos=(-2.197,-1.801) step=0.0031/0.0141m yaw=0.014/0.145rad route=outer_bottom_left_corner
[gazebo_track_car-3] [INFO] [1780952410.344948413] [gazebo_track_car]: route segment=outer_left_lower_to_mid; previous=outer_bottom_left_corner; distance=0.017m; decision=route/default: outer_left_lower_to_mid
[gazebo_track_car-3] [WARN] [1780952410.659683969] [gazebo_track_car]: JITTER events=50 reasons=cmd_xy_error=0.1352m pos=(-2.200,-1.575) step=0.0050/0.0255m yaw=0.003/0.000rad route=outer_left_lower_to_mid
[gazebo_track_car-3] [INFO] [1780952411.261811023] [gazebo_track_car]: MOTION pos=(-2.185,-1.429) yaw=+1.587 v=0.250 step_err=0.0207m/0.003rad track_err=0.1331m footprint=road:5.00px route=outer_left_lower_to_mid cmd_vel=(0.254,+0.144)
[gazebo_track_car-3] [WARN] [1780952411.658686286] [gazebo_track_car]: JITTER events=50 reasons=cmd_xy_error=0.1315m pos=(-2.186,-1.324) step=0.0054/0.0273m yaw=0.001/0.000rad route=outer_left_lower_to_mid
[gazebo_track_car-3] [WARN] [1780952412.661972895] [gazebo_track_car]: JITTER events=50 reasons=cmd_xy_error=0.1313m pos=(-2.201,-1.052) step=0.0055/0.0273m yaw=0.001/0.000rad route=outer_left_lower_to_mid
[gazebo_track_car-3] [INFO] [1780952413.265709202] [gazebo_track_car]: MOTION pos=(-2.205,-0.885) yaw=+1.591 v=0.280 step_err=0.0229m/0.000rad track_err=0.1312m footprint=road:6.00px route=outer_left_lower_to_mid cmd_vel=(0.280,+0.002)
[gazebo_track_car-3] [WARN] [1780952413.670441454] [gazebo_track_car]: JITTER events=50 reasons=cmd_xy_error=0.1303m pos=(-2.207,-0.774) step=0.0056/0.0262m yaw=0.000/0.000rad route=outer_left_lower_to_mid
[gazebo_track_car-3] [WARN] [1780952414.673072509] [gazebo_track_car]: JITTER events=51 reasons=cmd_xy_error=0.1296m pos=(-2.214,-0.489) step=0.0056/0.0279m yaw=0.000/0.000rad route=outer_left_lower_to_mid
[gazebo_track_car-3] [INFO] [1780952415.282632374] [gazebo_track_car]: MOTION pos=(-2.219,-0.322) yaw=+1.597 v=0.279 step_err=0.0229m/0.000rad track_err=0.1309m footprint=road:7.00px route=outer_left_lower_to_mid cmd_vel=(0.279,-0.006)
[gazebo_track_car-3] [WARN] [1780952415.779917179] [gazebo_track_car]: JITTER events=54 reasons=cmd_xy_error=0.1298m pos=(-2.222,-0.183) step=0.0056/0.0282m yaw=0.000/0.000rad route=outer_left_lower_to_mid
[gazebo_track_car-3] [INFO] [1780952416.708071111] [gazebo_track_car]: ROUTE_REJOIN teleport actual=(-2.172,-0.033) cmd_error=0.182m nearest=(-2.226,-0.034) route_dist=0.054m segment=outer_left_lower_to_mid@1.771m parking_locked=False yaw=+2.698
[gazebo_track_car-3] [WARN] [1780952416.786655142] [gazebo_track_car]: JITTER events=49 reasons=z_delta=0.0052m pos=(-2.226,-0.034) step=0.0000/0.0000m yaw=0.000/0.000rad route=outer_left_lower_to_mid
[gazebo_track_car-3] [INFO] [1780952417.305068538] [gazebo_track_car]: MOTION pos=(-2.290,-0.049) yaw=+1.904 v=0.161 step_err=0.0066m/0.207rad track_err=0.0782m footprint=road:5.00px route=outer_left_lower_to_mid cmd_vel=(0.098,-1.490)
[gazebo_track_car-3] [INFO] [1780952417.385945327] [gazebo_track_car]: route segment=outer_left_mid_to_middle_entry; previous=outer_left_lower_to_mid; distance=0.006m; decision=route/default: outer_left_mid_to_middle_entry
[gazebo_track_car-3] [WARN] [1780952417.805846614] [gazebo_track_car]: JITTER events=51 reasons=cmd_xy_error=0.0875m pos=(-2.335,-0.002) step=0.0023/0.0099m yaw=0.015/0.000rad route=outer_left_mid_to_middle_entry
[gazebo_track_car-3] [INFO] [1780952418.275854642] [gazebo_track_car]: ROUTE_REJOIN teleport actual=(-2.323,+0.081) cmd_error=0.182m nearest=(-2.250,+0.081) route_dist=0.073m segment=outer_left_middle_entry_to_upper@0.175m parking_locked=False yaw=+1.571
[gazebo_track_car-3] [INFO] [1780952419.399366767] [gazebo_track_car]: MOTION pos=(-2.250,+0.372) yaw=+1.572 v=0.279 step_err=0.0229m/0.000rad track_err=0.0164m footprint=road:9.00px route=outer_left_middle_entry_to_upper cmd_vel=(0.279,-0.007)
[gazebo_track_car-3] [INFO] [1780952421.209487875] [gazebo_track_car]: route segment=outer_left_upper_to_top; previous=outer_left_middle_entry_to_upper; distance=0.000m; decision=route/default: outer_left_upper_to_top
[gazebo_track_car-3] [INFO] [1780952421.421143473] [gazebo_track_car]: MOTION pos=(-2.249,+0.933) yaw=+1.549 v=0.278 step_err=0.0225m/0.000rad track_err=0.0138m footprint=road:8.00px route=outer_left_upper_to_top cmd_vel=(0.278,-0.011)
[gazebo_track_car-3] [INFO] [1780952423.422573785] [gazebo_track_car]: MOTION pos=(-2.235,+1.492) yaw=+1.544 v=0.278 step_err=0.0221m/0.000rad track_err=0.0171m footprint=road:7.00px route=outer_left_upper_to_top cmd_vel=(0.279,+0.008)
[gazebo_track_car-3] [INFO] [1780952424.627551196] [gazebo_track_car]: route segment=outer_top_left_corner; previous=outer_left_upper_to_top; distance=0.010m; decision=route/default: outer_top_left_corner
[gazebo_track_car-3] [WARN] [1780952425.045382798] [gazebo_track_car]: JITTER events=28 reasons=yaw_step_error=0.086rad pos=(-2.220,+1.890) step=0.0044/0.0214m yaw=0.009/0.095rad route=outer_top_left_corner
[gazebo_track_car-3] [INFO] [1780952425.448461535] [gazebo_track_car]: MOTION pos=(-2.193,+1.970) yaw=+0.932 v=0.207 step_err=0.0144m/0.053rad track_err=0.0257m footprint=road:9.00px route=outer_top_left_corner cmd_vel=(0.195,-0.628)
[gazebo_track_car-3] [WARN] [1780952426.245692743] [gazebo_track_car]: JITTER events=5 reasons=yaw_step_error=0.181rad pos=(-2.093,+2.100) step=0.0042/0.0202m yaw=0.011/0.192rad route=outer_top_left_corner
[gazebo_track_car-3] [WARN] [1780952427.250130489] [gazebo_track_car]: JITTER events=7 reasons=yaw_step_error=0.209rad pos=(-1.890,+2.184) step=0.0048/0.0239m yaw=0.006/0.215rad route=outer_top_left_corner
[gazebo_track_car-3] [INFO] [1780952427.450654258] [gazebo_track_car]: MOTION pos=(-1.841,+2.189) yaw=+0.019 v=0.250 step_err=0.0195m/0.004rad track_err=0.0315m footprint=road:8.79px route=outer_top_left_corner cmd_vel=(0.255,-0.165)
[gazebo_track_car-3] [INFO] [1780952427.643014389] [gazebo_track_car]: route segment=outer_top_left_to_top_mid; previous=outer_top_left_corner; distance=0.009m; decision=route/default: outer_top_left_to_top_mid
[gazebo_track_car-3] [WARN] [1780952428.328894009] [gazebo_track_car]: JITTER events=11 reasons=cmd_xy_error=0.0509m pos=(-1.603,+2.188) step=0.0056/0.0000m yaw=0.000/0.000rad route=outer_top_left_to_top_mid
[gazebo_track_car-3] [WARN] [1780952429.430596190] [gazebo_track_car]: JITTER events=11 reasons=cmd_xy_error=0.0502m pos=(-1.301,+2.180) step=0.0055/0.0000m yaw=0.000/0.000rad route=outer_top_left_to_top_mid
[gazebo_track_car-3] [INFO] [1780952429.451833279] [gazebo_track_car]: MOTION pos=(-1.295,+2.179) yaw=-0.005 v=0.276 step_err=0.0055m/0.000rad track_err=0.0557m footprint=road:8.00px route=outer_top_left_to_top_mid cmd_vel=(0.276,+0.023)
[gazebo_track_car-3] [WARN] [1780952430.450028227] [gazebo_track_car]: JITTER events=11 reasons=cmd_xy_error=0.0548m pos=(-1.017,+2.179) step=0.0056/0.0000m yaw=0.000/0.000rad route=outer_top_left_to_top_mid
[gazebo_track_car-3] [WARN] [1780952431.453809898] [gazebo_track_car]: JITTER events=10 reasons=cmd_xy_error=0.0537m pos=(-0.738,+2.180) step=0.0056/0.0000m yaw=0.000/0.000rad route=outer_top_left_to_top_mid
[gazebo_track_car-3] [INFO] [1780952431.473616337] [gazebo_track_car]: MOTION pos=(-0.732,+2.180) yaw=+0.002 v=0.279 step_err=0.0226m/0.000rad track_err=0.0312m footprint=road:8.00px route=outer_top_left_to_top_mid cmd_vel=(0.279,-0.008)
[gazebo_track_car-3] [WARN] [1780952432.455321718] [gazebo_track_car]: JITTER events=10 reasons=cmd_xy_error=0.0520m pos=(-0.459,+2.180) step=0.0056/0.0000m yaw=0.000/0.000rad route=outer_top_left_to_top_mid
[gazebo_track_car-3] [WARN] [1780952433.460872081] [gazebo_track_car]: JITTER events=10 reasons=cmd_xy_error=0.0510m pos=(-0.180,+2.180) step=0.0056/0.0000m yaw=0.000/0.000rad route=outer_top_left_to_top_mid
[gazebo_track_car-3] [INFO] [1780952433.480065166] [gazebo_track_car]: MOTION pos=(-0.175,+2.180) yaw=-0.001 v=0.279 step_err=0.0218m/0.000rad track_err=0.0292m footprint=road:8.00px route=outer_top_left_to_top_mid cmd_vel=(0.279,-0.004)
[gazebo_track_car-3] [INFO] [1780952434.075949110] [gazebo_track_car]: route segment=outer_top_mid_to_gap; previous=outer_top_left_to_top_mid; distance=0.013m; decision=route/default: outer_top_mid_to_gap
[gazebo_track_car-3] [WARN] [1780952434.476280878] [gazebo_track_car]: JITTER events=8 reasons=cmd_xy_error=0.0545m pos=(+0.105,+2.180) step=0.0056/0.0000m yaw=0.000/0.000rad route=outer_top_mid_to_gap
[gazebo_track_car-3] [WARN] [1780952435.483122919] [gazebo_track_car]: JITTER events=8 reasons=cmd_xy_error=0.0542m pos=(+0.384,+2.180) step=0.0056/0.0000m yaw=0.000/0.000rad route=outer_top_mid_to_gap
[gazebo_track_car-3] [INFO] [1780952435.503735693] [gazebo_track_car]: MOTION pos=(+0.390,+2.180) yaw=-0.000 v=0.280 step_err=0.0218m/0.000rad track_err=0.0324m footprint=road:9.00px route=outer_top_mid_to_gap cmd_vel=(0.280,+0.003)
[gazebo_track_car-3] [INFO] [1780952435.886372497] [gazebo_track_car]: route segment=outer_top_gap_to_top_right_mid; previous=outer_top_mid_to_gap; distance=0.001m; decision=route/default: outer_top_gap_to_top_right_mid
[gazebo_track_car-3] [WARN] [1780952436.479072012] [gazebo_track_car]: JITTER events=10 reasons=cmd_xy_error=0.0524m pos=(+0.664,+2.180) step=0.0056/0.0000m yaw=0.000/0.000rad route=outer_top_gap_to_top_right_mid
[gazebo_track_car-3] [WARN] [1780952437.482136791] [gazebo_track_car]: JITTER events=10 reasons=cmd_xy_error=0.0522m pos=(+0.944,+2.180) step=0.0056/0.0000m yaw=0.000/0.000rad route=outer_top_gap_to_top_right_mid
[gazebo_track_car-3] [INFO] [1780952437.502169803] [gazebo_track_car]: MOTION pos=(+0.949,+2.180) yaw=+0.001 v=0.279 step_err=0.0235m/0.000rad track_err=0.0288m footprint=road:8.00px route=outer_top_gap_to_top_right_mid cmd_vel=(0.279,-0.005)
[gazebo_track_car-3] [INFO] [1780952437.594589981] [gazebo_track_car]: route segment=outer_top_right_mid_to_top_right; previous=outer_top_gap_to_top_right_mid; distance=0.010m; decision=route/default: outer_top_right_mid_to_top_right
[gazebo_track_car-3] [WARN] [1780952438.886006367] [gazebo_track_car]: JITTER events=10 reasons=cmd_xy_error=0.0504m pos=(+1.334,+2.180) step=0.0056/0.0000m yaw=0.000/0.000rad route=outer_top_right_mid_to_top_right
[gazebo_track_car-3] [INFO] [1780952439.524887841] [gazebo_track_car]: MOTION pos=(+1.513,+2.180) yaw=-0.000 v=0.279 step_err=0.0223m/0.000rad track_err=0.0319m footprint=road:8.00px route=outer_top_right_mid_to_top_right cmd_vel=(0.279,-0.006)
[gazebo_track_car-3] [WARN] [1780952439.847365991] [gazebo_track_car]: JITTER events=8 reasons=speed_delta=0.059m/s,yaw_rate_delta=0.409rad/s pos=(+1.601,+2.181) step=0.0048/0.0000m yaw=0.003/0.000rad route=outer_top_right_mid_to_top_right
[gazebo_track_car-3] [INFO] [1780952440.813859492] [gazebo_track_car]: route segment=outer_top_right_corner; previous=outer_top_right_mid_to_top_right; distance=0.012m; decision=route/default: outer_top_right_corner
[gazebo_track_car-3] [WARN] [1780952440.830686781] [gazebo_track_car]: JITTER events=10 reasons=yaw_step_error=0.203rad pos=(+1.848,+2.173) step=0.0048/0.0240m yaw=0.005/0.208rad route=outer_top_right_corner
[gazebo_track_car-3] [INFO] [1780952441.531018832] [gazebo_track_car]: MOTION pos=(+1.996,+2.150) yaw=-0.501 v=0.200 step_err=0.0156m/0.012rad track_err=0.0417m footprint=road:8.00px route=outer_top_right_corner cmd_vel=(0.183,-0.689)
[gazebo_track_car-3] [WARN] [1780952441.824900318] [gazebo_track_car]: JITTER events=23 reasons=cmd_xy_error=0.0513m pos=(+2.048,+2.135) step=0.0034/0.0160m yaw=0.015/0.011rad route=outer_top_right_corner
[gazebo_track_car-3] [WARN] [1780952442.932976497] [gazebo_track_car]: JITTER events=54 reasons=yaw_step_error=0.207rad,cmd_xy_error=0.0606m pos=(+2.181,+1.986) step=0.0043/0.0211m yaw=0.009/0.216rad route=outer_top_right_corner
[gazebo_track_car-3] [INFO] [1780952443.528612907] [gazebo_track_car]: MOTION pos=(+2.200,+1.842) yaw=-1.582 v=0.261 step_err=0.0219m/0.001rad track_err=0.0664m footprint=road:7.00px route=outer_top_right_corner cmd_vel=(0.268,-0.072)
[gazebo_track_car-3] [INFO] [1780952443.824052059] [gazebo_track_car]: route segment=outer_right_top_to_upper; previous=outer_top_right_corner; distance=0.005m; decision=route/default: outer_right_top_to_upper
[gazebo_track_car-3] [WARN] [1780952443.929902768] [gazebo_track_car]: JITTER events=50 reasons=cmd_xy_error=0.0650m pos=(+2.198,+1.733) step=0.0055/0.0278m yaw=0.001/0.000rad route=outer_right_top_to_upper
[gazebo_track_car-3] [WARN] [1780952444.932098185] [gazebo_track_car]: JITTER events=50 reasons=cmd_xy_error=0.0626m pos=(+2.197,+1.463) step=0.0054/0.0272m yaw=0.001/0.000rad route=outer_right_top_to_upper
[gazebo_track_car-3] [INFO] [1780952445.533866758] [gazebo_track_car]: MOTION pos=(+2.204,+1.298) yaw=-1.513 v=0.280 step_err=0.0235m/0.000rad track_err=0.0623m footprint=road:7.00px route=outer_right_top_to_upper cmd_vel=(0.279,-0.003)
[gazebo_track_car-3] [WARN] [1780952445.934904098] [gazebo_track_car]: JITTER events=50 reasons=cmd_xy_error=0.0617m pos=(+2.211,+1.186) step=0.0056/0.0281m yaw=0.000/0.000rad route=outer_right_top_to_upper
[gazebo_track_car-3] [WARN] [1780952446.954886581] [gazebo_track_car]: JITTER events=51 reasons=cmd_xy_error=0.0658m pos=(+2.226,+0.908) step=0.0054/0.0266m yaw=0.001/0.000rad route=outer_right_top_to_upper
[gazebo_track_car-3] [INFO] [1780952447.341860497] [gazebo_track_car]: route segment=outer_right_upper_to_mid; previous=outer_right_top_to_upper; distance=0.025m; decision=route/default: outer_right_upper_to_mid
[gazebo_track_car-3] [INFO] [1780952447.557372483] [gazebo_track_car]: MOTION pos=(+2.228,+0.744) yaw=-1.573 v=0.277 step_err=0.0224m/0.000rad track_err=0.0658m footprint=road:8.00px route=outer_right_upper_to_mid cmd_vel=(0.277,-0.017)
[gazebo_track_car-3] [WARN] [1780952447.955510520] [gazebo_track_car]: JITTER events=50 reasons=cmd_xy_error=0.0644m pos=(+2.228,+0.633) step=0.0056/0.0296m yaw=0.000/0.000rad route=outer_right_upper_to_mid
[gazebo_track_car-3] [WARN] [1780952448.954973652] [gazebo_track_car]: JITTER events=50 reasons=cmd_xy_error=0.0626m pos=(+2.227,+0.354) step=0.0056/0.0298m yaw=0.000/0.000rad route=outer_right_upper_to_mid
[gazebo_track_car-3] [INFO] [1780952449.561860674] [gazebo_track_car]: MOTION pos=(+2.226,+0.186) yaw=-1.571 v=0.279 step_err=0.0218m/0.000rad track_err=0.0634m footprint=road:9.00px route=outer_right_upper_to_mid cmd_vel=(0.280,+0.003)
[gazebo_track_car-3] [WARN] [1780952449.962353856] [gazebo_track_car]: JITTER events=49 reasons=cmd_xy_error=0.0625m pos=(+2.226,+0.074) step=0.0056/0.0288m yaw=0.000/0.000rad route=outer_right_upper_to_mid
[gazebo_track_car-3] [WARN] [1780952450.966825089] [gazebo_track_car]: JITTER events=50 reasons=cmd_xy_error=0.0619m pos=(+2.227,-0.205) step=0.0056/0.0270m yaw=0.000/0.000rad route=outer_right_upper_to_mid
[gazebo_track_car-3] [INFO] [1780952451.582420780] [gazebo_track_car]: MOTION pos=(+2.227,-0.377) yaw=-1.578 v=0.273 step_err=0.0222m/0.001rad track_err=0.0655m footprint=road:8.00px route=outer_right_upper_to_mid cmd_vel=(0.273,-0.042)
[gazebo_track_car-3] [WARN] [1780952451.982803124] [gazebo_track_car]: JITTER events=51 reasons=cmd_xy_error=0.0650m pos=(+2.227,-0.486) step=0.0055/0.0279m yaw=0.001/0.000rad route=outer_right_upper_to_mid
[gazebo_track_car-3] [INFO] [1780952452.372068146] [gazebo_track_car]: route segment=outer_right_mid_to_lower; previous=outer_right_upper_to_mid; distance=0.017m; decision=route/default: outer_right_mid_to_lower
[gazebo_track_car-3] [WARN] [1780952452.985450201] [gazebo_track_car]: JITTER events=50 reasons=cmd_xy_error=0.0642m pos=(+2.219,-0.763) step=0.0056/0.0277m yaw=0.000/0.000rad route=outer_right_mid_to_lower
[gazebo_track_car-3] [INFO] [1780952453.586880477] [gazebo_track_car]: MOTION pos=(+2.212,-0.930) yaw=-1.610 v=0.279 step_err=0.0223m/0.000rad track_err=0.0636m footprint=road:7.00px route=outer_right_mid_to_lower cmd_vel=(0.279,+0.007)
[gazebo_track_car-3] [WARN] [1780952453.987755760] [gazebo_track_car]: JITTER events=50 reasons=cmd_xy_error=0.0630m pos=(+2.207,-1.041) step=0.0056/0.0285m yaw=0.000/0.000rad route=outer_right_mid_to_lower
[gazebo_track_car-3] [WARN] [1780952454.992581229] [gazebo_track_car]: JITTER events=50 reasons=cmd_xy_error=0.0629m pos=(+2.197,-1.321) step=0.0056/0.0271m yaw=0.000/0.000rad route=outer_right_mid_to_lower
[gazebo_track_car-3] [INFO] [1780952455.588595339] [gazebo_track_car]: MOTION pos=(+2.191,-1.488) yaw=-1.607 v=0.280 step_err=0.0227m/0.000rad track_err=0.0612m footprint=road:7.00px route=outer_right_mid_to_lower cmd_vel=(0.280,+0.001)
[gazebo_track_car-3] [WARN] [1780952455.992711115] [gazebo_track_car]: JITTER events=50 reasons=cmd_xy_error=0.0617m pos=(+2.189,-1.595) step=0.0046/0.0230m yaw=0.006/0.000rad route=outer_right_mid_to_lower
[gazebo_track_car-3] [WARN] [1780952457.005953567] [gazebo_track_car]: JITTER events=51 reasons=cmd_xy_error=0.0771m pos=(+2.191,-1.756) step=0.0026/0.0112m yaw=0.015/0.000rad route=outer_right_mid_to_lower
[gazebo_track_car-3] [INFO] [1780952457.605995050] [gazebo_track_car]: MOTION pos=(+2.145,-1.829) yaw=-2.803 v=0.167 step_err=0.0123m/0.221rad track_err=0.0810m footprint=road:7.00px route=outer_right_mid_to_lower cmd_vel=(0.169,-0.687)
[gazebo_track_car-3] [INFO] [1780952457.899812740] [gazebo_track_car]: route segment=outer_bottom_right_corner; previous=outer_right_mid_to_lower; distance=0.007m; decision=route/default: outer_bottom_right_corner
[gazebo_track_car-3] [WARN] [1780952458.007795746] [gazebo_track_car]: JITTER events=50 reasons=cmd_xy_error=0.0964m pos=(+2.076,-1.864) step=0.0041/0.0189m yaw=0.010/0.001rad route=outer_bottom_right_corner
[gazebo_track_car-3] [WARN] [1780952459.007492419] [gazebo_track_car]: JITTER events=50 reasons=cmd_xy_error=0.0962m pos=(+1.828,-1.865) step=0.0054/0.0265m yaw=0.001/0.000rad route=outer_bottom_right_corner
[gazebo_track_car-3] [INFO] [1780952459.508294570] [gazebo_track_car]: route segment=outer_bottom_right_to_bottom_right_mid; previous=outer_bottom_right_corner; distance=0.012m; decision=route/default: outer_bottom_right_to_bottom_right_mid
[gazebo_track_car-3] [INFO] [1780952459.611043317] [gazebo_track_car]: MOTION pos=(+1.672,-1.851) yaw=+3.118 v=0.262 step_err=0.0210m/0.002rad track_err=0.0947m footprint=road:8.00px route=outer_bottom_right_to_bottom_right_mid cmd_vel=(0.264,+0.090)
[gazebo_track_car-3] [WARN] [1780952460.111564995] [gazebo_track_car]: JITTER events=55 reasons=cmd_xy_error=0.1222m pos=(+1.538,-1.848) step=0.0055/0.0000m yaw=0.001/0.000rad route=outer_bottom_right_to_bottom_right_mid
[gazebo_track_car-3] [WARN] [1780952461.221035362] [gazebo_track_car]: JITTER events=55 reasons=cmd_xy_error=0.0950m pos=(+1.233,-1.852) step=0.0055/0.0287m yaw=0.000/0.000rad route=outer_bottom_right_to_bottom_right_mid
[gazebo_track_car-3] [INFO] [1780952461.619867146] [gazebo_track_car]: MOTION pos=(+1.122,-1.852) yaw=+3.141 v=0.278 step_err=0.0222m/0.000rad track_err=0.0944m footprint=road:8.00px route=outer_bottom_right_to_bottom_right_mid cmd_vel=(0.278,-0.011)
[gazebo_track_car-3] [WARN] [1780952462.222393200] [gazebo_track_car]: JITTER events=50 reasons=cmd_xy_error=0.0940m pos=(+0.955,-1.852) step=0.0056/0.0279m yaw=0.000/0.000rad route=outer_bottom_right_to_bottom_right_mid
[gazebo_track_car-3] [INFO] [1780952462.624417521] [gazebo_track_car]: route segment=outer_bottom_right_mid_to_bottom_mid; previous=outer_bottom_right_to_bottom_right_mid; distance=0.001m; decision=route/default: outer_bottom_right_mid_to_bottom_mid
[gazebo_track_car-3] [WARN] [1780952463.243706985] [gazebo_track_car]: JITTER events=51 reasons=cmd_xy_error=0.0981m pos=(+0.670,-1.851) step=0.0056/0.0279m yaw=0.000/0.000rad route=outer_bottom_right_mid_to_bottom_mid
[gazebo_track_car-3] [INFO] [1780952463.644152229] [gazebo_track_car]: MOTION pos=(+0.559,-1.851) yaw=-3.141 v=0.279 step_err=0.0238m/0.000rad track_err=0.0975m footprint=road:8.00px route=outer_bottom_right_mid_to_bottom_mid cmd_vel=(0.280,+0.003)
[gazebo_track_car-3] [WARN] [1780952464.246527491] [gazebo_track_car]: JITTER events=50 reasons=cmd_xy_error=0.0960m pos=(+0.391,-1.851) step=0.0056/0.0277m yaw=0.000/0.000rad route=outer_bottom_right_mid_to_bottom_mid
[gazebo_track_car-3] [WARN] [1780952465.249027747] [gazebo_track_car]: JITTER events=50 reasons=cmd_xy_error=0.0951m pos=(+0.112,-1.852) step=0.0056/0.0276m yaw=0.000/0.000rad route=outer_bottom_right_mid_to_bottom_mid
[gazebo_track_car-3] [INFO] [1780952465.665321392] [gazebo_track_car]: MOTION pos=(-0.005,-1.852) yaw=-3.141 v=0.278 step_err=0.0231m/0.000rad track_err=0.0987m footprint=road:8.00px route=outer_bottom_right_mid_to_bottom_mid cmd_vel=(0.279,-0.007)
[gazebo_track_car-3] [INFO] [1780952466.246458983] [gazebo_track_car]: route segment=outer_bottom_mid_to_bottom_left_mid; previous=outer_bottom_right_mid_to_bottom_mid; distance=0.026m; decision=route/default: outer_bottom_mid_to_bottom_left_mid
[gazebo_track_car-3] [WARN] [1780952466.248176217] [gazebo_track_car]: JITTER events=50 reasons=cmd_xy_error=0.0938m pos=(-0.167,-1.852) step=0.0056/0.0273m yaw=0.000/0.000rad route=outer_bottom_mid_to_bottom_left_mid
[gazebo_track_car-3] [WARN] [1780952467.257111537] [gazebo_track_car]: JITTER events=51 reasons=cmd_xy_error=0.0946m pos=(-0.452,-1.852) step=0.0056/0.0285m yaw=0.000/0.000rad route=outer_bottom_mid_to_bottom_left_mid
[gazebo_track_car-3] [INFO] [1780952467.664199680] [gazebo_track_car]: MOTION pos=(-0.564,-1.852) yaw=+3.140 v=0.279 step_err=0.0207m/0.000rad track_err=0.0962m footprint=road:8.00px route=outer_bottom_mid_to_bottom_left_mid cmd_vel=(0.280,+0.002)
[gazebo_track_car-3] [WARN] [1780952468.259908233] [gazebo_track_car]: JITTER events=50 reasons=cmd_xy_error=0.0936m pos=(-0.731,-1.852) step=0.0056/0.0271m yaw=0.000/0.000rad route=outer_bottom_mid_to_bottom_left_mid
[gazebo_track_car-3] [WARN] [1780952469.282543435] [gazebo_track_car]: JITTER events=51 reasons=cmd_xy_error=0.0983m pos=(-1.016,-1.851) step=0.0056/0.0277m yaw=0.000/0.000rad route=outer_bottom_mid_to_bottom_left_mid
[gazebo_track_car-3] [INFO] [1780952469.682043682] [gazebo_track_car]: MOTION pos=(-1.128,-1.851) yaw=-3.141 v=0.280 step_err=0.0224m/0.000rad track_err=0.0971m footprint=road:8.00px route=outer_bottom_mid_to_bottom_left_mid cmd_vel=(0.280,-0.001)
[gazebo_track_car-3] [INFO] [1780952469.766781200] [gazebo_track_car]: route segment=outer_bottom_left_mid_to_bottom_left; previous=outer_bottom_mid_to_bottom_left_mid; distance=0.028m; decision=route/default: outer_bottom_left_mid_to_bottom_left
[gazebo_track_car-3] [WARN] [1780952470.281130423] [gazebo_track_car]: JITTER events=50 reasons=cmd_xy_error=0.0959m pos=(-1.296,-1.852) step=0.0056/0.0290m yaw=0.000/0.000rad route=outer_bottom_left_mid_to_bottom_left
[gazebo_track_car-3] [WARN] [1780952471.284139730] [gazebo_track_car]: JITTER events=49 reasons=cmd_xy_error=0.0958m pos=(-1.575,-1.852) step=0.0056/0.0282m yaw=0.000/0.000rad route=outer_bottom_left_mid_to_bottom_left
[gazebo_track_car-3] [INFO] [1780952471.691403863] [gazebo_track_car]: MOTION pos=(-1.686,-1.852) yaw=+3.141 v=0.279 step_err=0.0212m/0.000rad track_err=0.0966m footprint=road:8.00px route=outer_bottom_left_mid_to_bottom_left cmd_vel=(0.279,-0.006)
[gazebo_track_car-3] [WARN] [1780952472.393420625] [gazebo_track_car]: JITTER events=54 reasons=cmd_xy_error=0.0965m pos=(-1.881,-1.852) step=0.0056/0.0276m yaw=0.000/0.000rad route=outer_bottom_left_mid_to_bottom_left
[gazebo_track_car-3] [INFO] [1780952472.579772963] [gazebo_track_car]: route segment=outer_bottom_left_corner; previous=outer_bottom_left_mid_to_bottom_left; distance=0.008m; decision=route/default: outer_bottom_left_corner
[gazebo_track_car-3] [WARN] [1780952473.396018753] [gazebo_track_car]: JITTER events=50 reasons=cmd_xy_error=0.1074m pos=(-2.065,-1.867) step=0.0024/0.0099m yaw=0.016/0.000rad route=outer_bottom_left_corner
[gazebo_track_car-3] [INFO] [1780952473.695522828] [gazebo_track_car]: MOTION pos=(-2.101,-1.864) yaw=+2.364 v=0.122 step_err=0.0073m/0.018rad track_err=0.1142m footprint=road:5.00px route=outer_bottom_left_corner cmd_vel=(0.100,-0.831)
[gazebo_track_car-3] [WARN] [1780952474.395415856] [gazebo_track_car]: JITTER events=50 reasons=yaw_step_error=0.136rad,cmd_xy_error=0.1133m pos=(-2.178,-1.813) step=0.0032/0.0146m yaw=0.014/0.150rad route=outer_bottom_left_corner
[gazebo_track_car-3] [INFO] [1780952475.092313224] [gazebo_track_car]: route segment=outer_left_lower_to_mid; previous=outer_bottom_left_corner; distance=0.013m; decision=route/default: outer_left_lower_to_mid
[gazebo_track_car-3] [WARN] [1780952475.399059670] [gazebo_track_car]: JITTER events=50 reasons=cmd_xy_error=0.1196m pos=(-2.207,-1.594) step=0.0056/0.0280m yaw=0.000/0.000rad route=outer_left_lower_to_mid
[gazebo_track_car-3] [INFO] [1780952475.710842999] [gazebo_track_car]: MOTION pos=(-2.197,-1.511) yaw=+1.507 v=0.253 step_err=0.0219m/0.003rad track_err=0.1200m footprint=road:5.00px route=outer_left_lower_to_mid cmd_vel=(0.252,+0.160)
[gazebo_track_car-3] [WARN] [1780952476.402193165] [gazebo_track_car]: JITTER events=50 reasons=cmd_xy_error=0.1160m pos=(-2.187,-1.338) step=0.0053/0.0263m yaw=0.002/0.000rad route=outer_left_lower_to_mid
[gazebo_track_car-3] [WARN] [1780952477.506717517] [gazebo_track_car]: JITTER events=55 reasons=cmd_xy_error=0.1153m pos=(-2.200,-1.037) step=0.0055/0.0279m yaw=0.001/0.000rad route=outer_left_lower_to_mid
[gazebo_track_car-3] [INFO] [1780952477.808432717] [gazebo_track_car]: MOTION pos=(-2.203,-0.955) yaw=+1.597 v=0.276 step_err=0.0221m/0.000rad track_err=0.1153m footprint=road:6.00px route=outer_left_lower_to_mid cmd_vel=(0.276,-0.020)
[gazebo_track_car-3] [WARN] [1780952478.527191521] [gazebo_track_car]: JITTER events=51 reasons=cmd_xy_error=0.1191m pos=(-2.208,-0.754) step=0.0056/0.0280m yaw=0.000/0.000rad route=outer_left_lower_to_mid
[gazebo_track_car-3] [WARN] [1780952479.530396635] [gazebo_track_car]: JITTER events=50 reasons=cmd_xy_error=0.1181m pos=(-2.214,-0.475) step=0.0056/0.0276m yaw=0.000/0.000rad route=outer_left_lower_to_mid
[gazebo_track_car-3] [INFO] [1780952479.932825141] [gazebo_track_car]: MOTION pos=(-2.217,-0.363) yaw=+1.597 v=0.279 step_err=0.0265m/0.000rad track_err=0.1175m footprint=road:7.00px route=outer_left_lower_to_mid cmd_vel=(0.279,-0.006)
[gazebo_track_car-3] [WARN] [1780952480.538346835] [gazebo_track_car]: JITTER events=51 reasons=cmd_xy_error=0.1180m pos=(-2.222,-0.191) step=0.0056/0.0282m yaw=0.000/0.000rad route=outer_left_lower_to_mid
[gazebo_track_car-3] [WARN] [1780952481.538731487] [gazebo_track_car]: JITTER events=50 reasons=yaw_step_error=0.041rad,cmd_xy_error=0.1758m pos=(-2.172,-0.029) step=0.0034/0.0050m yaw=0.041/0.000rad route=outer_left_lower_to_mid
[gazebo_track_car-3] [INFO] [1780952481.582589499] [gazebo_track_car]: ROUTE_REJOIN teleport actual=(-2.172,-0.022) cmd_error=0.182m nearest=(-2.226,-0.024) route_dist=0.054m segment=outer_left_lower_to_mid@1.782m parking_locked=False yaw=-2.774
[gazebo_track_car-3] [INFO] [1780952481.940688943] [gazebo_track_car]: MOTION pos=(-2.227,-0.077) yaw=+2.819 v=0.201 step_err=0.0040m/0.050rad track_err=0.0530m footprint=road:5.39px route=outer_left_lower_to_mid cmd_vel=(0.000,-2.800)
[gazebo_track_car-3] [INFO] [1780952482.438520325] [gazebo_track_car]: route segment=outer_left_mid_to_middle_entry; previous=outer_left_lower_to_mid; distance=0.001m; decision=route/default: outer_left_mid_to_middle_entry
[gazebo_track_car-3] [WARN] [1780952482.651133782] [gazebo_track_car]: JITTER events=54 reasons=yaw_step_error=0.135rad,cmd_xy_error=0.1092m pos=(-2.310,-0.089) step=0.0026/0.0103m yaw=0.020/0.155rad route=outer_left_mid_to_middle_entry
[gazebo_track_car-3] [INFO] [1780952483.354001773] [gazebo_track_car]: route segment=outer_left_middle_entry_to_upper; previous=outer_left_mid_to_middle_entry; distance=0.018m; decision=route/default: outer_left_middle_entry_to_upper
[gazebo_track_car-3] [WARN] [1780952483.664556534] [gazebo_track_car]: JITTER events=51 reasons=cmd_xy_error=0.1139m pos=(-2.308,+0.101) step=0.0051/0.0260m yaw=0.003/0.000rad route=outer_left_middle_entry_to_upper
[gazebo_track_car-3] [INFO] [1780952483.963322969] [gazebo_track_car]: MOTION pos=(-2.281,+0.167) yaw=+1.342 v=0.232 step_err=0.0184m/0.007rad track_err=0.0979m footprint=road:6.00px route=outer_left_middle_entry_to_upper cmd_vel=(0.229,+0.314)
[gazebo_track_car-3] [WARN] [1780952484.664396961] [gazebo_track_car]: JITTER events=50 reasons=cmd_xy_error=0.0885m pos=(-2.246,+0.329) step=0.0050/0.0242m yaw=0.004/0.000rad route=outer_left_middle_entry_to_upper
[gazebo_track_car-3] [WARN] [1780952485.776544676] [gazebo_track_car]: JITTER events=55 reasons=cmd_xy_error=0.0905m pos=(-2.248,+0.627) step=0.0055/0.0271m yaw=0.001/0.000rad route=outer_left_middle_entry_to_upper
[gazebo_track_car-3] [INFO] [1780952486.077819159] [gazebo_track_car]: MOTION pos=(-2.250,+0.709) yaw=+1.579 v=0.273 step_err=0.0212m/0.001rad track_err=0.0902m footprint=road:8.00px route=outer_left_middle_entry_to_upper cmd_vel=(0.271,-0.051)
[gazebo_track_car-3] [WARN] [1780952486.778782193] [gazebo_track_car]: JITTER events=49 reasons=cmd_xy_error=0.0894m pos=(-2.251,+0.900) step=0.0055/0.0274m yaw=0.001/0.000rad route=outer_left_middle_entry_to_upper
[gazebo_track_car-3] [INFO] [1780952487.073744588] [gazebo_track_car]: route segment=outer_left_upper_to_top; previous=outer_left_middle_entry_to_upper; distance=0.002m; decision=route/default: outer_left_upper_to_top
[gazebo_track_car-3] [WARN] [1780952487.779388734] [gazebo_track_car]: JITTER events=50 reasons=cmd_xy_error=0.0878m pos=(-2.243,+1.177) step=0.0056/0.0276m yaw=0.000/0.000rad route=outer_left_upper_to_top
[gazebo_track_car-3] [INFO] [1780952488.094852154] [gazebo_track_car]: MOTION pos=(-2.240,+1.266) yaw=+1.543 v=0.278 step_err=0.0237m/0.000rad track_err=0.0915m footprint=road:7.00px route=outer_left_upper_to_top cmd_vel=(0.279,+0.008)
[gazebo_track_car-3] [WARN] [1780952488.799495081] [gazebo_track_car]: JITTER events=51 reasons=cmd_xy_error=0.0914m pos=(-2.235,+1.461) step=0.0056/0.0285m yaw=0.000/0.000rad route=outer_left_upper_to_top
[gazebo_track_car-3] [WARN] [1780952489.802913006] [gazebo_track_car]: JITTER events=50 reasons=cmd_xy_error=0.0911m pos=(-2.228,+1.739) step=0.0055/0.0275m yaw=0.001/0.000rad route=outer_left_upper_to_top
[gazebo_track_car-3] [INFO] [1780952490.098457782] [gazebo_track_car]: MOTION pos=(-2.231,+1.810) yaw=+1.499 v=0.209 step_err=0.0160m/0.008rad track_err=0.0892m footprint=road:8.00px route=outer_left_upper_to_top cmd_vel=(0.192,-0.576)
[gazebo_track_car-3] [INFO] [1780952490.592723180] [gazebo_track_car]: route segment=outer_top_left_corner; previous=outer_left_upper_to_top; distance=0.005m; decision=route/default: outer_top_left_corner
[gazebo_track_car-3] [WARN] [1780952490.804669340] [gazebo_track_car]: JITTER events=50 reasons=cmd_xy_error=0.0951m pos=(-2.229,+1.941) step=0.0039/0.0185m yaw=0.013/0.000rad route=outer_top_left_corner
[gazebo_track_car-3] [WARN] [1780952491.806751159] [gazebo_track_car]: JITTER events=50 reasons=cmd_xy_error=0.1038m pos=(-2.129,+2.105) step=0.0039/0.0187m yaw=0.013/0.000rad route=outer_top_left_corner
[gazebo_track_car-3] [INFO] [1780952492.105791001] [gazebo_track_car]: MOTION pos=(-2.075,+2.140) yaw=+0.336 v=0.210 step_err=0.0170m/0.009rad track_err=0.1003m footprint=road:9.00px route=outer_top_left_corner cmd_vel=(0.203,-0.482)
[gazebo_track_car-3] [WARN] [1780952492.807341344] [gazebo_track_car]: JITTER events=50 reasons=yaw_step_error=0.215rad,cmd_xy_error=0.0991m pos=(-1.933,+2.188) step=0.0046/0.0229m yaw=0.006/0.221rad route=outer_top_left_corner
[gazebo_track_car-3] [INFO] [1780952493.606584265] [gazebo_track_car]: route segment=outer_top_left_to_top_mid; previous=outer_top_left_corner; distance=0.000m; decision=route/default: outer_top_left_to_top_mid
[gazebo_track_car-3] [WARN] [1780952493.826358942] [gazebo_track_car]: JITTER events=51 reasons=cmd_xy_error=0.1073m pos=(-1.666,+2.185) step=0.0054/0.0268m yaw=0.001/0.000rad route=outer_top_left_to_top_mid
[gazebo_track_car-3] [INFO] [1780952494.108506744] [gazebo_track_car]: MOTION pos=(-1.591,+2.181) yaw=-0.024 v=0.268 step_err=0.0053m/0.001rad track_err=0.1293m footprint=road:8.00px route=outer_top_left_to_top_mid cmd_vel=(0.267,+0.075)
[gazebo_track_car-3] [WARN] [1780952494.826387355] [gazebo_track_car]: JITTER events=50 reasons=cmd_xy_error=0.1055m pos=(-1.396,+2.177) step=0.0055/0.0285m yaw=0.000/0.000rad route=outer_top_left_to_top_mid
[gazebo_track_car-3] [WARN] [1780952495.829096571] [gazebo_track_car]: JITTER events=49 reasons=cmd_xy_error=0.1048m pos=(-1.118,+2.180) step=0.0055/0.0277m yaw=0.000/0.000rad route=outer_top_left_to_top_mid
[gazebo_track_car-3] [INFO] [1780952496.130510882] [gazebo_track_car]: MOTION pos=(-1.035,+2.180) yaw=-0.000 v=0.278 step_err=0.0222m/0.000rad track_err=0.1048m footprint=road:8.00px route=outer_top_left_to_top_mid cmd_vel=(0.278,-0.011)
[gazebo_track_car-3] [WARN] [1780952496.832104031] [gazebo_track_car]: JITTER events=50 reasons=cmd_xy_error=0.1041m pos=(-0.840,+2.180) step=0.0056/0.0274m yaw=0.000/0.000rad route=outer_top_left_to_top_mid
[gazebo_track_car-3] [WARN] [1780952497.831850152] [gazebo_track_car]: JITTER events=50 reasons=cmd_xy_error=0.1018m pos=(-0.561,+2.180) step=0.0056/0.0285m yaw=0.000/0.000rad route=outer_top_left_to_top_mid
[gazebo_track_car-3] [INFO] [1780952498.153309137] [gazebo_track_car]: MOTION pos=(-0.471,+2.180) yaw=+0.000 v=0.279 step_err=0.0218m/0.000rad track_err=0.1068m footprint=road:8.00px route=outer_top_left_to_top_mid cmd_vel=(0.280,+0.002)
[gazebo_track_car-3] [WARN] [1780952498.853967109] [gazebo_track_car]: JITTER events=51 reasons=cmd_xy_error=0.1059m pos=(-0.275,+2.180) step=0.0056/0.0285m yaw=0.000/0.000rad route=outer_top_left_to_top_mid
[gazebo_track_car-3] [WARN] [1780952499.853353173] [gazebo_track_car]: JITTER events=50 reasons=cmd_xy_error=0.1047m pos=(+0.004,+2.180) step=0.0056/0.0279m yaw=0.000/0.000rad route=outer_top_left_to_top_mid
[gazebo_track_car-3] [INFO] [1780952500.041086937] [gazebo_track_car]: route segment=outer_top_mid_to_gap; previous=outer_top_left_to_top_mid; distance=0.001m; decision=route/default: outer_top_mid_to_gap
[gazebo_track_car-3] [INFO] [1780952500.155237995] [gazebo_track_car]: MOTION pos=(+0.087,+2.180) yaw=+0.000 v=0.278 step_err=0.0226m/0.000rad track_err=0.1052m footprint=road:8.20px route=outer_top_mid_to_gap cmd_vel=(0.279,-0.007)
[gazebo_track_car-3] [WARN] [1780952500.857799558] [gazebo_track_car]: JITTER events=50 reasons=cmd_xy_error=0.1040m pos=(+0.282,+2.180) step=0.0056/0.0279m yaw=0.000/0.000rad route=outer_top_mid_to_gap
[gazebo_track_car-3] [WARN] [1780952501.857070950] [gazebo_track_car]: JITTER events=50 reasons=cmd_xy_error=0.1027m pos=(+0.562,+2.180) step=0.0056/0.0277m yaw=0.000/0.000rad route=outer_top_mid_to_gap
[gazebo_track_car-3] [INFO] [1780952501.951813483] [gazebo_track_car]: route segment=outer_top_gap_to_top_right_mid; previous=outer_top_mid_to_gap; distance=0.018m; decision=route/default: outer_top_gap_to_top_right_mid
[gazebo_track_car-3] [INFO] [1780952502.158178697] [gazebo_track_car]: MOTION pos=(+0.645,+2.180) yaw=-0.002 v=0.280 step_err=0.0229m/0.000rad track_err=0.1024m footprint=road:9.00px route=outer_top_gap_to_top_right_mid cmd_vel=(0.280,+0.002)
[gazebo_track_car-3] [WARN] [1780952502.858829132] [gazebo_track_car]: JITTER events=50 reasons=cmd_xy_error=0.1016m pos=(+0.841,+2.180) step=0.0056/0.0282m yaw=0.000/0.000rad route=outer_top_gap_to_top_right_mid
[gazebo_track_car-3] [INFO] [1780952503.662013286] [gazebo_track_car]: route segment=outer_top_right_mid_to_top_right; previous=outer_top_gap_to_top_right_mid; distance=0.027m; decision=route/default: outer_top_right_mid_to_top_right
[gazebo_track_car-3] [WARN] [1780952503.879810540] [gazebo_track_car]: JITTER events=51 reasons=cmd_xy_error=0.1059m pos=(+1.126,+2.180) step=0.0056/0.0274m yaw=0.000/0.000rad route=outer_top_right_mid_to_top_right
[gazebo_track_car-3] [INFO] [1780952504.178017954] [gazebo_track_car]: MOTION pos=(+1.210,+2.180) yaw=+0.001 v=0.280 step_err=0.0232m/0.000rad track_err=0.1045m footprint=road:8.00px route=outer_top_right_mid_to_top_right cmd_vel=(0.280,-0.001)
[gazebo_track_car-3] [WARN] [1780952504.881316143] [gazebo_track_car]: JITTER events=50 reasons=cmd_xy_error=0.1044m pos=(+1.406,+2.180) step=0.0056/0.0274m yaw=0.000/0.000rad route=outer_top_right_mid_to_top_right
[gazebo_track_car-3] [WARN] [1780952505.878946062] [gazebo_track_car]: JITTER events=50 reasons=cmd_xy_error=0.1029m pos=(+1.685,+2.180) step=0.0056/0.0282m yaw=0.000/0.000rad route=outer_top_right_mid_to_top_right
[gazebo_track_car-3] [INFO] [1780952506.179779845] [gazebo_track_car]: MOTION pos=(+1.754,+2.184) yaw=-0.084 v=0.238 step_err=0.0187m/0.005rad track_err=0.1038m footprint=road:8.00px route=outer_top_right_mid_to_top_right cmd_vel=(0.248,-0.187)
[gazebo_track_car-3] [INFO] [1780952506.877159008] [gazebo_track_car]: route segment=outer_top_right_corner; previous=outer_top_right_mid_to_top_right; distance=0.012m; decision=route/default: outer_top_right_corner
[gazebo_track_car-3] [WARN] [1780952506.881714543] [gazebo_track_car]: JITTER events=50 reasons=yaw_step_error=0.200rad,cmd_xy_error=0.1047m pos=(+1.921,+2.169) step=0.0046/0.0228m yaw=0.006/0.206rad route=outer_top_right_corner
[gazebo_track_car-3] [WARN] [1780952507.884349333] [gazebo_track_car]: JITTER events=50 reasons=yaw_step_error=0.112rad,cmd_xy_error=0.1227m pos=(+2.098,+2.124) step=0.0028/0.0124m yaw=0.014/0.126rad route=outer_top_right_corner
[gazebo_track_car-3] [INFO] [1780952508.184048749] [gazebo_track_car]: MOTION pos=(+2.134,+2.103) yaw=-1.061 v=0.143 step_err=0.0097m/0.109rad track_err=0.1288m footprint=road:9.00px route=outer_top_right_corner cmd_vel=(0.129,-0.736)
[gazebo_track_car-3] [WARN] [1780952508.905595176] [gazebo_track_car]: JITTER events=51 reasons=cmd_xy_error=0.1294m pos=(+2.198,+1.999) step=0.0040/0.0198m yaw=0.010/0.000rad route=outer_top_right_corner
[gazebo_track_car-3] [WARN] [1780952509.909027645] [gazebo_track_car]: JITTER events=50 reasons=cmd_xy_error=0.1217m pos=(+2.190,+1.752) step=0.0050/0.0249m yaw=0.004/0.016rad route=outer_top_right_corner
[gazebo_track_car-3] [INFO] [1780952510.092563449] [gazebo_track_car]: route segment=outer_right_top_to_upper; previous=outer_top_right_corner; distance=0.006m; decision=route/default: outer_right_top_to_upper
[gazebo_track_car-3] [INFO] [1780952510.205430029] [gazebo_track_car]: MOTION pos=(+2.186,+1.677) yaw=-1.550 v=0.251 step_err=0.0198m/0.003rad track_err=0.1201m footprint=road:6.00px route=outer_right_top_to_upper cmd_vel=(0.254,+0.144)
[gazebo_track_car-3] [WARN] [1780952510.909302850] [gazebo_track_car]: JITTER events=50 reasons=cmd_xy_error=0.1202m pos=(+2.192,+1.491) step=0.0056/0.0281m yaw=0.000/0.000rad route=outer_right_top_to_upper
[gazebo_track_car-3] [WARN] [1780952511.910274642] [gazebo_track_car]: JITTER events=50 reasons=cmd_xy_error=0.1184m pos=(+2.211,+1.217) step=0.0055/0.0270m yaw=0.000/0.000rad route=outer_right_top_to_upper
[gazebo_track_car-3] [INFO] [1780952512.209683874] [gazebo_track_car]: MOTION pos=(+2.216,+1.134) yaw=-1.525 v=0.278 step_err=0.0228m/0.000rad track_err=0.1175m footprint=road:7.00px route=outer_right_top_to_upper cmd_vel=(0.279,-0.007)
[gazebo_track_car-3] [WARN] [1780952512.930222110] [gazebo_track_car]: JITTER events=51 reasons=cmd_xy_error=0.1218m pos=(+2.225,+0.937) step=0.0054/0.0262m yaw=0.001/0.000rad route=outer_right_top_to_upper
[gazebo_track_car-3] [INFO] [1780952513.614855800] [gazebo_track_car]: route segment=outer_right_upper_to_mid; previous=outer_right_top_to_upper; distance=0.023m; decision=route/default: outer_right_upper_to_mid
[gazebo_track_car-3] [WARN] [1780952513.931248602] [gazebo_track_car]: JITTER events=49 reasons=cmd_xy_error=0.1204m pos=(+2.228,+0.664) step=0.0056/0.0288m yaw=0.000/0.000rad route=outer_right_upper_to_mid
[gazebo_track_car-3] [INFO] [1780952514.230506171] [gazebo_track_car]: MOTION pos=(+2.227,+0.580) yaw=-1.578 v=0.278 step_err=0.0225m/0.000rad track_err=0.1199m footprint=road:9.00px route=outer_right_upper_to_mid cmd_vel=(0.277,+0.014)
[gazebo_track_car-3] [WARN] [1780952514.928103795] [gazebo_track_car]: JITTER events=50 reasons=cmd_xy_error=0.1184m pos=(+2.226,+0.386) step=0.0056/0.0276m yaw=0.000/0.000rad route=outer_right_upper_to_mid
[gazebo_track_car-3] [WARN] [1780952516.033614898] [gazebo_track_car]: JITTER events=54 reasons=cmd_xy_error=0.1189m pos=(+2.227,+0.079) step=0.0056/0.0278m yaw=0.000/0.000rad route=outer_right_upper_to_mid
[gazebo_track_car-3] [INFO] [1780952516.234645223] [gazebo_track_car]: MOTION pos=(+2.227,+0.023) yaw=-1.570 v=0.278 step_err=0.0220m/0.000rad track_err=0.1183m footprint=road:8.00px route=outer_right_upper_to_mid cmd_vel=(0.278,-0.009)
[gazebo_track_car-3] [WARN] [1780952517.032258039] [gazebo_track_car]: JITTER events=50 reasons=cmd_xy_error=0.1162m pos=(+2.227,-0.200) step=0.0056/0.0285m yaw=0.000/0.000rad route=outer_right_upper_to_mid
[gazebo_track_car-3] [WARN] [1780952518.052851957] [gazebo_track_car]: JITTER events=51 reasons=cmd_xy_error=0.1207m pos=(+2.227,-0.481) step=0.0054/0.0284m yaw=0.001/0.000rad route=outer_right_upper_to_mid
[gazebo_track_car-3] [INFO] [1780952518.255567054] [gazebo_track_car]: MOTION pos=(+2.227,-0.535) yaw=-1.601 v=0.271 step_err=0.0212m/0.001rad track_err=0.1207m footprint=road:8.00px route=outer_right_upper_to_mid cmd_vel=(0.272,-0.042)
[gazebo_track_car-3] [INFO] [1780952518.640298839] [gazebo_track_car]: route segment=outer_right_mid_to_lower; previous=outer_right_upper_to_mid; distance=0.009m; decision=route/default: outer_right_mid_to_lower
[gazebo_track_car-3] [WARN] [1780952519.057266139] [gazebo_track_car]: JITTER events=49 reasons=cmd_xy_error=0.1202m pos=(+2.219,-0.756) step=0.0056/0.0281m yaw=0.000/0.000rad route=outer_right_mid_to_lower
[gazebo_track_car-3] [WARN] [1780952520.057604143] [gazebo_track_car]: JITTER events=50 reasons=cmd_xy_error=0.1185m pos=(+2.207,-1.034) step=0.0056/0.0285m yaw=0.000/0.000rad route=outer_right_mid_to_lower
[gazebo_track_car-3] [INFO] [1780952520.258890224] [gazebo_track_car]: MOTION pos=(+2.205,-1.090) yaw=-1.606 v=0.279 step_err=0.0224m/0.000rad track_err=0.1187m footprint=road:7.00px route=outer_right_mid_to_lower cmd_vel=(0.280,+0.002)
[gazebo_track_car-3] [WARN] [1780952521.073066521] [gazebo_track_car]: JITTER events=51 reasons=cmd_xy_error=0.1203m pos=(+2.197,-1.319) step=0.0056/0.0280m yaw=0.000/0.000rad route=outer_right_mid_to_lower
[gazebo_track_car-3] [WARN] [1780952522.073960294] [gazebo_track_car]: JITTER events=50 reasons=cmd_xy_error=0.1194m pos=(+2.187,-1.599) step=0.0056/0.0274m yaw=0.000/0.000rad route=outer_right_mid_to_lower
[gazebo_track_car-3] [INFO] [1780952522.275077791] [gazebo_track_car]: MOTION pos=(+2.188,-1.648) yaw=-1.639 v=0.212 step_err=0.0178m/0.007rad track_err=0.1199m footprint=road:8.79px route=outer_right_mid_to_lower cmd_vel=(0.173,-0.619)
[gazebo_track_car-3] [WARN] [1780952523.071827961] [gazebo_track_car]: JITTER events=50 reasons=cmd_xy_error=0.1304m pos=(+2.200,-1.757) step=0.0025/0.0101m yaw=0.018/0.000rad route=outer_right_mid_to_lower
[gazebo_track_car-3] [WARN] [1780952524.072724768] [gazebo_track_car]: JITTER events=50 reasons=yaw_step_error=0.185rad,cmd_xy_error=0.1337m pos=(+2.136,-1.864) step=0.0032/0.0145m yaw=0.014/0.199rad route=outer_right_mid_to_lower
[gazebo_track_car-3] [INFO] [1780952524.274186424] [gazebo_track_car]: MOTION pos=(+2.101,-1.876) yaw=-3.121 v=0.191 step_err=0.0147m/0.198rad track_err=0.1299m footprint=road:7.00px route=outer_right_mid_to_lower cmd_vel=(0.197,-0.508)
[gazebo_track_car-3] [INFO] [1780952524.472508044] [gazebo_track_car]: route segment=outer_bottom_right_corner; previous=outer_right_mid_to_lower; distance=0.009m; decision=route/default: outer_bottom_right_corner
[gazebo_track_car-3] [WARN] [1780952525.093517467] [gazebo_track_car]: JITTER events=51 reasons=cmd_xy_error=0.1332m pos=(+1.905,-1.867) step=0.0051/0.0251m yaw=0.003/0.000rad route=outer_bottom_right_corner
[gazebo_track_car-3] [INFO] [1780952526.081292618] [gazebo_track_car]: route segment=outer_bottom_right_to_bottom_right_mid; previous=outer_bottom_right_corner; distance=0.017m; decision=route/default: outer_bottom_right_to_bottom_right_mid
[gazebo_track_car-3] [WARN] [1780952526.189888767] [gazebo_track_car]: JITTER events=54 reasons=cmd_xy_error=0.1289m pos=(+1.632,-1.846) step=0.0055/0.0271m yaw=0.001/0.000rad route=outer_bottom_right_to_bottom_right_mid
[gazebo_track_car-3] [INFO] [1780952526.387795001] [gazebo_track_car]: MOTION pos=(+1.576,-1.847) yaw=-3.112 v=0.278 step_err=0.0228m/0.000rad track_err=0.1280m footprint=road:8.00px route=outer_bottom_right_to_bottom_right_mid cmd_vel=(0.275,-0.029)
[gazebo_track_car-3] [WARN] [1780952527.189402219] [gazebo_track_car]: JITTER events=50 reasons=cmd_xy_error=0.1274m pos=(+1.358,-1.853) step=0.0055/0.0277m yaw=0.001/0.000rad route=outer_bottom_right_to_bottom_right_mid
[gazebo_track_car-3] [WARN] [1780952528.208092973] [gazebo_track_car]: JITTER events=51 reasons=cmd_xy_error=0.1315m pos=(+1.075,-1.852) step=0.0056/0.0275m yaw=0.000/0.000rad route=outer_bottom_right_to_bottom_right_mid
[gazebo_track_car-3] [INFO] [1780952528.405958576] [gazebo_track_car]: MOTION pos=(+1.019,-1.851) yaw=+3.140 v=0.277 step_err=0.0231m/0.000rad track_err=0.1304m footprint=road:8.00px route=outer_bottom_right_to_bottom_right_mid cmd_vel=(0.278,+0.009)
[gazebo_track_car-3] [INFO] [1780952529.196535545] [gazebo_track_car]: route segment=outer_bottom_right_mid_to_bottom_mid; previous=outer_bottom_right_to_bottom_right_mid; distance=0.011m; decision=route/default: outer_bottom_right_mid_to_bottom_mid
[gazebo_track_car-3] [WARN] [1780952529.210943819] [gazebo_track_car]: JITTER events=50 reasons=cmd_xy_error=0.1303m pos=(+0.796,-1.851) step=0.0056/0.0280m yaw=0.000/0.000rad route=outer_bottom_right_mid_to_bottom_mid
[gazebo_track_car-3] [WARN] [1780952530.210060958] [gazebo_track_car]: JITTER events=50 reasons=cmd_xy_error=0.1285m pos=(+0.517,-1.852) step=0.0056/0.0279m yaw=0.000/0.000rad route=outer_bottom_right_mid_to_bottom_mid
[gazebo_track_car-3] [INFO] [1780952530.413366094] [gazebo_track_car]: MOTION pos=(+0.461,-1.852) yaw=+3.141 v=0.278 step_err=0.0217m/0.000rad track_err=0.1290m footprint=road:8.00px route=outer_bottom_right_mid_to_bottom_mid cmd_vel=(0.279,-0.007)
[gazebo_track_car-3] [WARN] [1780952531.206997226] [gazebo_track_car]: JITTER events=50 reasons=cmd_xy_error=0.1261m pos=(+0.238,-1.852) step=0.0056/0.0285m yaw=0.000/0.000rad route=outer_bottom_right_mid_to_bottom_mid
[gazebo_track_car-3] [WARN] [1780952532.317956288] [gazebo_track_car]: JITTER events=55 reasons=cmd_xy_error=0.1272m pos=(-0.069,-1.852) step=0.0056/0.0274m yaw=0.000/0.000rad route=outer_bottom_right_mid_to_bottom_mid
[gazebo_track_car-3] [INFO] [1780952532.416226899] [gazebo_track_car]: MOTION pos=(-0.097,-1.852) yaw=+3.141 v=0.279 step_err=0.0226m/0.000rad track_err=0.1269m footprint=road:8.00px route=outer_bottom_right_mid_to_bottom_mid cmd_vel=(0.279,+0.003)
[gazebo_track_car-3] [INFO] [1780952532.713792475] [gazebo_track_car]: route segment=outer_bottom_mid_to_bottom_left_mid; previous=outer_bottom_right_mid_to_bottom_mid; distance=0.008m; decision=route/default: outer_bottom_mid_to_bottom_left_mid
[gazebo_track_car-3] [WARN] [1780952533.335782361] [gazebo_track_car]: JITTER events=51 reasons=cmd_xy_error=0.1310m pos=(-0.354,-1.851) step=0.0056/0.0288m yaw=0.000/0.000rad route=outer_bottom_mid_to_bottom_left_mid
[gazebo_track_car-3] [WARN] [1780952534.328838315] [gazebo_track_car]: JITTER events=50 reasons=cmd_xy_error=0.1275m pos=(-0.634,-1.852) step=0.0056/0.0293m yaw=0.000/0.000rad route=outer_bottom_mid_to_bottom_left_mid
[gazebo_track_car-3] [INFO] [1780952534.429571101] [gazebo_track_car]: MOTION pos=(-0.662,-1.852) yaw=-3.141 v=0.279 step_err=0.0223m/0.000rad track_err=0.1275m footprint=road:8.00px route=outer_bottom_mid_to_bottom_left_mid cmd_vel=(0.279,-0.007)
[gazebo_track_car-3] [WARN] [1780952535.344902577] [gazebo_track_car]: JITTER events=51 reasons=cmd_xy_error=0.1296m pos=(-0.918,-1.852) step=0.0056/0.0290m yaw=0.000/0.000rad route=outer_bottom_mid_to_bottom_left_mid
[gazebo_track_car-3] [INFO] [1780952536.233895319] [gazebo_track_car]: route segment=outer_bottom_left_mid_to_bottom_left; previous=outer_bottom_mid_to_bottom_left_mid; distance=0.008m; decision=route/default: outer_bottom_left_mid_to_bottom_left
[gazebo_track_car-3] [WARN] [1780952536.348105832] [gazebo_track_car]: JITTER events=50 reasons=cmd_xy_error=0.1295m pos=(-1.197,-1.852) step=0.0056/0.0282m yaw=0.000/0.000rad route=outer_bottom_left_mid_to_bottom_left
[gazebo_track_car-3] [INFO] [1780952536.449204704] [gazebo_track_car]: MOTION pos=(-1.225,-1.852) yaw=+3.140 v=0.279 step_err=0.0229m/0.000rad track_err=0.1289m footprint=road:8.00px route=outer_bottom_left_mid_to_bottom_left cmd_vel=(0.280,-0.001)
[gazebo_track_car-3] [WARN] [1780952537.350041037] [gazebo_track_car]: JITTER events=50 reasons=cmd_xy_error=0.1280m pos=(-1.477,-1.852) step=0.0056/0.0291m yaw=0.000/0.000rad route=outer_bottom_left_mid_to_bottom_left
[gazebo_track_car-3] [WARN] [1780952538.350205207] [gazebo_track_car]: JITTER events=50 reasons=cmd_xy_error=0.1265m pos=(-1.756,-1.851) step=0.0056/0.0285m yaw=0.000/0.000rad route=outer_bottom_left_mid_to_bottom_left
[gazebo_track_car-3] [INFO] [1780952538.449609153] [gazebo_track_car]: MOTION pos=(-1.784,-1.852) yaw=-3.141 v=0.280 step_err=0.0227m/0.000rad track_err=0.1262m footprint=road:8.00px route=outer_bottom_left_mid_to_bottom_left cmd_vel=(0.280,-0.000)
[gazebo_track_car-3] [INFO] [1780952539.151156553] [gazebo_track_car]: route segment=outer_bottom_left_corner; previous=outer_bottom_left_mid_to_bottom_left; distance=0.016m; decision=route/default: outer_bottom_left_corner
[gazebo_track_car-3] [WARN] [1780952539.461746632] [gazebo_track_car]: JITTER events=55 reasons=cmd_xy_error=0.1306m pos=(-2.027,-1.861) step=0.0039/0.0190m yaw=0.011/0.000rad route=outer_bottom_left_corner
[gazebo_track_car-3] [WARN] [1780952540.463850658] [gazebo_track_car]: JITTER events=50 reasons=cmd_xy_error=0.1509m pos=(-2.150,-1.856) step=0.0025/0.0102m yaw=0.017/0.000rad route=outer_bottom_left_corner
[gazebo_track_car-3] [INFO] [1780952540.566929025] [gazebo_track_car]: MOTION pos=(-2.161,-1.850) yaw=+2.014 v=0.125 step_err=0.0071m/0.017rad track_err=0.1519m footprint=road:5.00px route=outer_bottom_left_corner cmd_vel=(0.102,-0.794)
[gazebo_track_car-3] [WARN] [1780952541.465864465] [gazebo_track_car]: JITTER events=50 reasons=yaw_step_error=0.231rad,cmd_xy_error=0.1301m pos=(-2.216,-1.714) step=0.0046/0.0231m yaw=0.006/0.238rad route=outer_bottom_left_corner
[gazebo_track_car-3] [INFO] [1780952541.665241869] [gazebo_track_car]: route segment=outer_left_lower_to_mid; previous=outer_bottom_left_corner; distance=0.006m; decision=route/default: outer_left_lower_to_mid
[gazebo_track_car-3] [WARN] [1780952542.580896922] [gazebo_track_car]: JITTER events=55 reasons=cmd_xy_error=0.1358m pos=(-2.183,-1.444) step=0.0050/0.0238m yaw=0.003/0.000rad route=outer_left_lower_to_mid
[gazebo_track_car-3] [INFO] [1780952542.677748919] [gazebo_track_car]: MOTION pos=(-2.183,-1.418) yaw=+1.606 v=0.254 step_err=0.0212m/0.003rad track_err=0.1348m footprint=road:5.00px route=outer_left_lower_to_mid cmd_vel=(0.259,+0.115)
[gazebo_track_car-3] [INFO] [1780952543.158211998] [gazebo_track_car]: ROUTE_REJOIN teleport actual=(-2.188,-1.289) cmd_error=0.182m nearest=(-2.193,-1.289) route_dist=0.005m segment=outer_left_lower_to_mid@0.515m parking_locked=False yaw=+1.597
[gazebo_track_car-3] [INFO] [1780952544.680554436] [gazebo_track_car]: MOTION pos=(-2.204,-0.886) yaw=+1.597 v=0.279 step_err=0.0056m/0.000rad track_err=0.0087m footprint=road:6.00px route=outer_left_lower_to_mid cmd_vel=(0.279,-0.006)
[gazebo_track_car-3] [INFO] [1780952546.703972114] [gazebo_track_car]: MOTION pos=(-2.219,-0.323) yaw=+1.597 v=0.279 step_err=0.0218m/0.000rad track_err=0.0153m footprint=road:7.00px route=outer_left_lower_to_mid cmd_vel=(0.264,+0.105)
[gazebo_track_car-3] [WARN] [1780952546.723123729] [gazebo_track_car]: JITTER events=34 reasons=speed_delta=0.052m/s pos=(-2.219,-0.318) step=0.0048/0.0000m yaw=0.003/0.000rad route=outer_left_lower_to_mid
[gazebo_track_car-3] [WARN] [1780952547.705376866] [gazebo_track_car]: JITTER events=3 reasons=yaw_step_error=0.056rad pos=(-2.238,-0.094) step=0.0044/0.0212m yaw=0.006/0.062rad route=outer_left_lower_to_mid
[gazebo_track_car-3] [INFO] [1780952548.098872867] [gazebo_track_car]: route segment=outer_left_mid_to_middle_entry; previous=outer_left_lower_to_mid; distance=0.004m; decision=route/default: outer_left_mid_to_middle_entry
[gazebo_track_car-3] [INFO] [1780952548.601763275] [gazebo_track_car]: route segment=outer_left_middle_entry_to_upper; previous=outer_left_mid_to_middle_entry; distance=0.003m; decision=route/default: outer_left_middle_entry_to_upper
[gazebo_track_car-3] [INFO] [1780952548.603699338] [gazebo_track_car]: ROUTE_REJOIN teleport actual=(-2.262,+0.100) cmd_error=0.191m nearest=(-2.250,+0.100) route_dist=0.012m segment=outer_left_middle_entry_to_upper@0.193m parking_locked=False yaw=+1.571
[gazebo_track_car-3] [INFO] [1780952548.702541644] [gazebo_track_car]: MOTION pos=(-2.250,+0.100) yaw=+1.571 v=0.000 step_err=0.0000m/0.000rad track_err=0.0000m footprint=road:8.39px route=outer_left_middle_entry_to_upper cmd_vel=(0.280,+0.000)
[gazebo_track_car-3] [WARN] [1780952548.744627872] [gazebo_track_car]: JITTER events=25 reasons=speed_delta=0.111m/s pos=(-2.250,+0.101) step=0.0011/0.0000m yaw=0.002/0.000rad route=outer_left_middle_entry_to_upper
[gazebo_track_car-3] [INFO] [1780952550.726911200] [gazebo_track_car]: MOTION pos=(-2.250,+0.649) yaw=+1.572 v=0.277 step_err=0.0224m/0.000rad track_err=0.0091m footprint=road:8.20px route=outer_left_middle_entry_to_upper cmd_vel=(0.276,-0.024)
[gazebo_track_car-3] [INFO] [1780952551.618380946] [gazebo_track_car]: route segment=outer_left_upper_to_top; previous=outer_left_middle_entry_to_upper; distance=0.017m; decision=route/default: outer_left_upper_to_top
[gazebo_track_car-3] [INFO] [1780952552.728826131] [gazebo_track_car]: MOTION pos=(-2.242,+1.204) yaw=+1.543 v=0.279 step_err=0.0227m/0.000rad track_err=0.0124m footprint=road:8.00px route=outer_left_upper_to_top cmd_vel=(0.280,+0.002)
[gazebo_track_car-3] [INFO] [1780952554.752302063] [gazebo_track_car]: MOTION pos=(-2.233,+1.753) yaw=+1.455 v=0.225 step_err=0.0184m/0.000rad track_err=0.0098m footprint=road:7.39px route=outer_left_upper_to_top cmd_vel=(0.216,-0.463)
[gazebo_track_car-3] [INFO] [1780952554.937859673] [gazebo_track_car]: route segment=outer_top_left_corner; previous=outer_left_upper_to_top; distance=0.000m; decision=route/default: outer_top_left_corner
[gazebo_track_car-3] [WARN] [1780952555.452871693] [gazebo_track_car]: JITTER events=3 reasons=yaw_step_error=0.187rad pos=(-2.218,+1.903) step=0.0043/0.0210m yaw=0.010/0.198rad route=outer_top_left_corner
[gazebo_track_car-3] [WARN] [1780952556.553056099] [gazebo_track_car]: JITTER events=4 reasons=yaw_step_error=0.091rad pos=(-2.102,+2.095) step=0.0042/0.0208m yaw=0.011/0.102rad route=outer_top_left_corner
[gazebo_track_car-3] [INFO] [1780952556.750574692] [gazebo_track_car]: MOTION pos=(-2.069,+2.120) yaw=+0.391 v=0.213 step_err=0.0164m/0.011rad track_err=0.0148m footprint=road:9.00px route=outer_top_left_corner cmd_vel=(0.207,-0.516)
[gazebo_track_car-3] [WARN] [1780952557.555628592] [gazebo_track_car]: JITTER events=7 reasons=yaw_step_error=0.219rad pos=(-1.901,+2.182) step=0.0048/0.0233m yaw=0.006/0.225rad route=outer_top_left_corner
[gazebo_track_car-3] [INFO] [1780952558.054136701] [gazebo_track_car]: route segment=outer_top_left_to_top_mid; previous=outer_top_left_corner; distance=0.022m; decision=route/default: outer_top_left_to_top_mid
[gazebo_track_car-3] [WARN] [1780952558.635601754] [gazebo_track_car]: JITTER events=13 reasons=cmd_xy_error=0.0533m pos=(-1.616,+2.188) step=0.0056/0.0000m yaw=0.000/0.000rad route=outer_top_left_to_top_mid
[gazebo_track_car-3] [INFO] [1780952558.775177743] [gazebo_track_car]: MOTION pos=(-1.577,+2.187) yaw=-0.033 v=0.277 step_err=0.0224m/0.000rad track_err=0.0355m footprint=road:8.00px route=outer_top_left_to_top_mid cmd_vel=(0.276,+0.027)
[gazebo_track_car-3] [WARN] [1780952559.639369064] [gazebo_track_car]: JITTER events=19 reasons=cmd_xy_error=0.0512m pos=(-1.341,+2.180) step=0.0055/0.0000m yaw=0.000/0.000rad route=outer_top_left_to_top_mid
[gazebo_track_car-3] [WARN] [1780952560.640101882] [gazebo_track_car]: JITTER events=19 reasons=cmd_xy_error=0.0503m pos=(-1.063,+2.179) step=0.0056/0.0000m yaw=0.000/0.000rad route=outer_top_left_to_top_mid
[gazebo_track_car-3] [INFO] [1780952560.781810761] [gazebo_track_car]: MOTION pos=(-1.024,+2.179) yaw=+0.003 v=0.280 step_err=0.0221m/0.000rad track_err=0.0332m footprint=road:8.00px route=outer_top_left_to_top_mid cmd_vel=(0.280,-0.002)
[gazebo_track_car-3] [WARN] [1780952561.662942178] [gazebo_track_car]: JITTER events=11 reasons=cmd_xy_error=0.0534m pos=(-0.778,+2.180) step=0.0056/0.0000m yaw=0.000/0.000rad route=outer_top_left_to_top_mid
[gazebo_track_car-3] [WARN] [1780952562.661562271] [gazebo_track_car]: JITTER events=10 reasons=cmd_xy_error=0.0528m pos=(-0.500,+2.180) step=0.0056/0.0000m yaw=0.000/0.000rad route=outer_top_left_to_top_mid
[gazebo_track_car-3] [INFO] [1780952562.781586830] [gazebo_track_car]: MOTION pos=(-0.466,+2.180) yaw=-0.000 v=0.279 step_err=0.0056m/0.000rad track_err=0.0575m footprint=road:8.00px route=outer_top_left_to_top_mid cmd_vel=(0.279,-0.006)
[gazebo_track_car-3] [WARN] [1780952563.662705041] [gazebo_track_car]: JITTER events=18 reasons=cmd_xy_error=0.0513m pos=(-0.221,+2.180) step=0.0056/0.0000m yaw=0.000/0.000rad route=outer_top_left_to_top_mid
[gazebo_track_car-3] [INFO] [1780952564.392098484] [gazebo_track_car]: route segment=outer_top_mid_to_gap; previous=outer_top_left_to_top_mid; distance=0.000m; decision=route/default: outer_top_mid_to_gap
[gazebo_track_car-3] [WARN] [1780952564.684693213] [gazebo_track_car]: JITTER events=17 reasons=cmd_xy_error=0.0548m pos=(+0.065,+2.180) step=0.0056/0.0000m yaw=0.000/0.000rad route=outer_top_mid_to_gap
[gazebo_track_car-3] [INFO] [1780952564.808832709] [gazebo_track_car]: MOTION pos=(+0.098,+2.180) yaw=-0.002 v=0.279 step_err=0.0213m/0.000rad track_err=0.0330m footprint=road:8.20px route=outer_top_mid_to_gap cmd_vel=(0.280,+0.002)
[gazebo_track_car-3] [WARN] [1780952565.687508480] [gazebo_track_car]: JITTER events=10 reasons=cmd_xy_error=0.0537m pos=(+0.344,+2.180) step=0.0056/0.0000m yaw=0.000/0.000rad route=outer_top_mid_to_gap
[gazebo_track_car-3] [INFO] [1780952566.302150853] [gazebo_track_car]: route segment=outer_top_gap_to_top_right_mid; previous=outer_top_mid_to_gap; distance=0.017m; decision=route/default: outer_top_gap_to_top_right_mid
[gazebo_track_car-3] [WARN] [1780952566.685046210] [gazebo_track_car]: JITTER events=10 reasons=cmd_xy_error=0.0528m pos=(+0.624,+2.180) step=0.0056/0.0000m yaw=0.000/0.000rad route=outer_top_gap_to_top_right_mid
[gazebo_track_car-3] [INFO] [1780952566.806770660] [gazebo_track_car]: MOTION pos=(+0.657,+2.180) yaw=+0.000 v=0.280 step_err=0.0224m/0.000rad track_err=0.0293m footprint=road:9.00px route=outer_top_gap_to_top_right_mid cmd_vel=(0.280,+0.000)
[gazebo_track_car-3] [WARN] [1780952567.689054461] [gazebo_track_car]: JITTER events=15 reasons=cmd_xy_error=0.0507m pos=(+0.904,+2.180) step=0.0056/0.0000m yaw=0.000/0.000rad route=outer_top_gap_to_top_right_mid
[gazebo_track_car-3] [INFO] [1780952568.011274952] [gazebo_track_car]: route segment=outer_top_right_mid_to_top_right; previous=outer_top_gap_to_top_right_mid; distance=0.026m; decision=route/default: outer_top_right_mid_to_top_right
[gazebo_track_car-3] [WARN] [1780952568.708736526] [gazebo_track_car]: JITTER events=18 reasons=cmd_xy_error=0.0553m pos=(+1.188,+2.180) step=0.0056/0.0000m yaw=0.000/0.000rad route=outer_top_right_mid_to_top_right
[gazebo_track_car-3] [INFO] [1780952568.830410111] [gazebo_track_car]: MOTION pos=(+1.222,+2.180) yaw=+0.001 v=0.279 step_err=0.0226m/0.000rad track_err=0.0324m footprint=road:8.00px route=outer_top_right_mid_to_top_right cmd_vel=(0.279,-0.007)
[gazebo_track_car-3] [WARN] [1780952569.712778639] [gazebo_track_car]: JITTER events=17 reasons=cmd_xy_error=0.0541m pos=(+1.467,+2.180) step=0.0056/0.0000m yaw=0.000/0.000rad route=outer_top_right_mid_to_top_right
[gazebo_track_car-3] [WARN] [1780952570.712992698] [gazebo_track_car]: JITTER events=12 reasons=cmd_xy_error=0.0501m pos=(+1.733,+2.182) step=0.0048/0.0000m yaw=0.005/0.000rad route=outer_top_right_mid_to_top_right
[gazebo_track_car-3] [INFO] [1780952570.830981392] [gazebo_track_car]: MOTION pos=(+1.761,+2.181) yaw=-0.116 v=0.239 step_err=0.0198m/0.005rad track_err=0.0303m footprint=road:8.00px route=outer_top_right_mid_to_top_right cmd_vel=(0.249,-0.198)
[gazebo_track_car-3] [INFO] [1780952571.128973320] [gazebo_track_car]: route segment=outer_top_right_corner; previous=outer_top_right_mid_to_top_right; distance=0.002m; decision=route/default: outer_top_right_corner
[gazebo_track_car-3] [WARN] [1780952571.673036425] [gazebo_track_car]: JITTER events=9 reasons=cmd_xy_error=0.0500m pos=(+1.955,+2.161) step=0.0042/0.0000m yaw=0.010/0.000rad route=outer_top_right_corner
[gazebo_track_car-3] [WARN] [1780952572.651995691] [gazebo_track_car]: JITTER events=41 reasons=yaw_step_error=0.075rad,cmd_xy_error=0.0625m pos=(+2.119,+2.092) step=0.0036/0.0155m yaw=0.015/0.089rad route=outer_top_right_corner
[gazebo_track_car-3] [INFO] [1780952572.854110629] [gazebo_track_car]: MOTION pos=(+2.144,+2.064) yaw=-1.202 v=0.192 step_err=0.0138m/0.014rad track_err=0.0642m footprint=road:9.79px route=outer_top_right_corner cmd_vel=(0.188,-0.641)
[gazebo_track_car-3] [WARN] [1780952573.757626397] [gazebo_track_car]: JITTER events=55 reasons=cmd_xy_error=0.0700m pos=(+2.199,+1.874) step=0.0050/0.0254m yaw=0.004/0.000rad route=outer_top_right_corner
[gazebo_track_car-3] [INFO] [1780952574.245260747] [gazebo_track_car]: route segment=outer_right_top_to_upper; previous=outer_top_right_corner; distance=0.024m; decision=route/default: outer_right_top_to_upper
[gazebo_track_car-3] [WARN] [1780952574.755150296] [gazebo_track_car]: JITTER events=50 reasons=cmd_xy_error=0.0657m pos=(+2.195,+1.604) step=0.0054/0.0275m yaw=0.001/0.000rad route=outer_right_top_to_upper
[gazebo_track_car-3] [INFO] [1780952574.854660414] [gazebo_track_car]: MOTION pos=(+2.195,+1.578) yaw=-1.551 v=0.267 step_err=0.0214m/0.001rad track_err=0.0656m footprint=road:7.00px route=outer_right_top_to_upper cmd_vel=(0.268,+0.071)
[gazebo_track_car-3] [WARN] [1780952575.766287973] [gazebo_track_car]: JITTER events=51 reasons=cmd_xy_error=0.0669m pos=(+2.203,+1.327) step=0.0056/0.0284m yaw=0.000/0.000rad route=outer_right_top_to_upper
[gazebo_track_car-3] [WARN] [1780952576.770071587] [gazebo_track_car]: JITTER events=50 reasons=cmd_xy_error=0.0665m pos=(+2.219,+1.050) step=0.0054/0.0280m yaw=0.001/0.000rad route=outer_right_top_to_upper
[gazebo_track_car-3] [INFO] [1780952576.871377317] [gazebo_track_car]: MOTION pos=(+2.221,+1.023) yaw=-1.531 v=0.271 step_err=0.0216m/0.001rad track_err=0.0665m footprint=road:8.00px route=outer_right_top_to_upper cmd_vel=(0.270,-0.060)
[gazebo_track_car-3] [INFO] [1780952577.664143519] [gazebo_track_car]: route segment=outer_right_upper_to_mid; previous=outer_right_top_to_upper; distance=0.020m; decision=route/default: outer_right_upper_to_mid
[gazebo_track_car-3] [WARN] [1780952577.769987158] [gazebo_track_car]: JITTER events=50 reasons=cmd_xy_error=0.0648m pos=(+2.228,+0.778) step=0.0055/0.0275m yaw=0.000/0.000rad route=outer_right_upper_to_mid
[gazebo_track_car-3] [WARN] [1780952578.772188985] [gazebo_track_car]: JITTER events=50 reasons=cmd_xy_error=0.0644m pos=(+2.227,+0.500) step=0.0056/0.0279m yaw=0.000/0.000rad route=outer_right_upper_to_mid
[gazebo_track_car-3] [INFO] [1780952578.873183087] [gazebo_track_car]: MOTION pos=(+2.227,+0.472) yaw=-1.575 v=0.279 step_err=0.0220m/0.000rad track_err=0.0647m footprint=road:9.00px route=outer_right_upper_to_mid cmd_vel=(0.279,+0.007)
[gazebo_track_car-3] [WARN] [1780952579.790664691] [gazebo_track_car]: JITTER events=51 reasons=cmd_xy_error=0.0680m pos=(+2.226,+0.215) step=0.0056/0.0285m yaw=0.000/0.000rad route=outer_right_upper_to_mid
[gazebo_track_car-3] [WARN] [1780952580.884938101] [gazebo_track_car]: JITTER events=54 reasons=cmd_xy_error=0.0653m pos=(+2.226,-0.087) step=0.0056/0.0282m yaw=0.000/0.000rad route=outer_right_upper_to_mid
[gazebo_track_car-3] [INFO] [1780952580.980275846] [gazebo_track_car]: MOTION pos=(+2.226,-0.114) yaw=-1.569 v=0.279 step_err=0.0238m/0.000rad track_err=0.0639m footprint=road:8.00px route=outer_right_upper_to_mid cmd_vel=(0.279,-0.004)
[gazebo_track_car-3] [WARN] [1780952581.883009853] [gazebo_track_car]: JITTER events=50 reasons=cmd_xy_error=0.0913m pos=(+2.227,-0.364) step=0.0055/0.0000m yaw=0.001/0.000rad route=outer_right_upper_to_mid
[gazebo_track_car-3] [INFO] [1780952582.688060702] [gazebo_track_car]: route segment=outer_right_mid_to_lower; previous=outer_right_upper_to_mid; distance=0.004m; decision=route/default: outer_right_mid_to_lower
[gazebo_track_car-3] [WARN] [1780952582.906107280] [gazebo_track_car]: JITTER events=51 reasons=cmd_xy_error=0.0679m pos=(+2.223,-0.644) step=0.0056/0.0281m yaw=0.000/0.000rad route=outer_right_mid_to_lower
[gazebo_track_car-3] [INFO] [1780952583.006810832] [gazebo_track_car]: MOTION pos=(+2.222,-0.672) yaw=-1.611 v=0.278 step_err=0.0226m/0.000rad track_err=0.0675m footprint=road:8.00px route=outer_right_mid_to_lower cmd_vel=(0.279,-0.003)
[gazebo_track_car-3] [WARN] [1780952583.907504914] [gazebo_track_car]: JITTER events=50 reasons=cmd_xy_error=0.0666m pos=(+2.212,-0.923) step=0.0056/0.0271m yaw=0.000/0.000rad route=outer_right_mid_to_lower
[gazebo_track_car-3] [WARN] [1780952584.901961373] [gazebo_track_car]: JITTER events=50 reasons=cmd_xy_error=0.0909m pos=(+2.201,-1.202) step=0.0056/0.0000m yaw=0.000/0.000rad route=outer_right_mid_to_lower
[gazebo_track_car-3] [INFO] [1780952585.001363878] [gazebo_track_car]: MOTION pos=(+2.200,-1.230) yaw=-1.607 v=0.280 step_err=0.0224m/0.000rad track_err=0.0629m footprint=road:7.00px route=outer_right_mid_to_lower cmd_vel=(0.280,+0.001)
[gazebo_track_car-3] [WARN] [1780952586.012687835] [gazebo_track_car]: JITTER events=55 reasons=cmd_xy_error=0.0644m pos=(+2.190,-1.509) step=0.0056/0.0282m yaw=0.000/0.000rad route=outer_right_mid_to_lower
[gazebo_track_car-3] [WARN] [1780952587.011074986] [gazebo_track_car]: JITTER events=50 reasons=cmd_xy_error=0.0755m pos=(+2.196,-1.713) step=0.0027/0.0110m yaw=0.016/0.000rad route=outer_right_mid_to_lower
[gazebo_track_car-3] [INFO] [1780952587.011356738] [gazebo_track_car]: MOTION pos=(+2.196,-1.713) yaw=-2.050 v=0.136 step_err=0.0083m/0.016rad track_err=0.0755m footprint=road:8.00px route=outer_right_mid_to_lower cmd_vel=(0.108,-0.840)
[gazebo_track_car-3] [WARN] [1780952588.030664824] [gazebo_track_car]: JITTER events=51 reasons=yaw_step_error=0.191rad,cmd_xy_error=0.0873m pos=(+2.139,-1.837) step=0.0034/0.0154m yaw=0.015/0.206rad route=outer_right_mid_to_lower
[gazebo_track_car-3] [INFO] [1780952588.316796716] [gazebo_track_car]: route segment=outer_bottom_right_corner; previous=outer_right_mid_to_lower; distance=0.010m; decision=route/default: outer_bottom_right_corner
[gazebo_track_car-3] [WARN] [1780952589.032175133] [gazebo_track_car]: JITTER events=50 reasons=cmd_xy_error=0.1029m pos=(+1.926,-1.875) step=0.0053/0.0264m yaw=0.002/0.000rad route=outer_bottom_right_corner
[gazebo_track_car-3] [INFO] [1780952589.032471353] [gazebo_track_car]: MOTION pos=(+1.926,-1.875) yaw=+3.043 v=0.264 step_err=0.0211m/0.002rad track_err=0.1029m footprint=road:7.00px route=outer_bottom_right_corner cmd_vel=(0.275,-0.030)
[gazebo_track_car-3] [INFO] [1780952589.923664205] [gazebo_track_car]: route segment=outer_bottom_right_to_bottom_right_mid; previous=outer_bottom_right_corner; distance=0.019m; decision=route/default: outer_bottom_right_to_bottom_right_mid
[gazebo_track_car-3] [WARN] [1780952590.026953728] [gazebo_track_car]: JITTER events=50 reasons=cmd_xy_error=0.0969m pos=(+1.663,-1.850) step=0.0053/0.0258m yaw=0.002/0.000rad route=outer_bottom_right_to_bottom_right_mid
[gazebo_track_car-3] [WARN] [1780952591.047163948] [gazebo_track_car]: JITTER events=51 reasons=cmd_xy_error=0.1013m pos=(+1.384,-1.850) step=0.0055/0.0280m yaw=0.000/0.000rad route=outer_bottom_right_to_bottom_right_mid
[gazebo_track_car-3] [INFO] [1780952591.047470513] [gazebo_track_car]: MOTION pos=(+1.384,-1.850) yaw=-3.128 v=0.277 step_err=0.0224m/0.000rad track_err=0.1013m footprint=road:8.00px route=outer_bottom_right_to_bottom_right_mid cmd_vel=(0.276,-0.022)
[gazebo_track_car-3] [WARN] [1780952592.047361426] [gazebo_track_car]: JITTER events=50 reasons=cmd_xy_error=0.0996m pos=(+1.107,-1.852) step=0.0056/0.0281m yaw=0.000/0.000rad route=outer_bottom_right_to_bottom_right_mid
[gazebo_track_car-3] [INFO] [1780952593.039160343] [gazebo_track_car]: route segment=outer_bottom_right_mid_to_bottom_mid; previous=outer_bottom_right_to_bottom_right_mid; distance=0.012m; decision=route/default: outer_bottom_right_mid_to_bottom_mid
[gazebo_track_car-3] [WARN] [1780952593.046141100] [gazebo_track_car]: JITTER events=50 reasons=cmd_xy_error=0.0981m pos=(+0.828,-1.852) step=0.0056/0.0279m yaw=0.000/0.000rad route=outer_bottom_right_mid_to_bottom_mid
[gazebo_track_car-3] [INFO] [1780952593.046411389] [gazebo_track_car]: MOTION pos=(+0.828,-1.852) yaw=+3.139 v=0.278 step_err=0.0223m/0.000rad track_err=0.0981m footprint=road:8.00px route=outer_bottom_right_mid_to_bottom_mid cmd_vel=(0.279,+0.005)
[gazebo_track_car-3] [WARN] [1780952594.047639965] [gazebo_track_car]: JITTER events=50 reasons=cmd_xy_error=0.0966m pos=(+0.549,-1.851) step=0.0056/0.0288m yaw=0.000/0.000rad route=outer_bottom_right_mid_to_bottom_mid
[gazebo_track_car-3] [WARN] [1780952595.160272139] [gazebo_track_car]: JITTER events=55 reasons=cmd_xy_error=0.0984m pos=(+0.241,-1.852) step=0.0056/0.0279m yaw=0.000/0.000rad route=outer_bottom_right_mid_to_bottom_mid
[gazebo_track_car-3] [INFO] [1780952595.160654918] [gazebo_track_car]: MOTION pos=(+0.241,-1.852) yaw=-3.140 v=0.279 step_err=0.0223m/0.000rad track_err=0.0984m footprint=road:8.00px route=outer_bottom_right_mid_to_bottom_mid cmd_vel=(0.279,-0.006)
[gazebo_track_car-3] [WARN] [1780952596.165296054] [gazebo_track_car]: JITTER events=50 reasons=cmd_xy_error=0.0980m pos=(-0.037,-1.852) step=0.0056/0.0279m yaw=0.000/0.000rad route=outer_bottom_right_mid_to_bottom_mid
[gazebo_track_car-3] [INFO] [1780952596.558006467] [gazebo_track_car]: route segment=outer_bottom_mid_to_bottom_left_mid; previous=outer_bottom_right_mid_to_bottom_mid; distance=0.005m; decision=route/default: outer_bottom_mid_to_bottom_left_mid
[gazebo_track_car-3] [WARN] [1780952597.163658090] [gazebo_track_car]: JITTER events=50 reasons=cmd_xy_error=0.0962m pos=(-0.316,-1.852) step=0.0056/0.0271m yaw=0.000/0.000rad route=outer_bottom_mid_to_bottom_left_mid
[gazebo_track_car-3] [INFO] [1780952597.163951454] [gazebo_track_car]: MOTION pos=(-0.316,-1.852) yaw=+3.141 v=0.279 step_err=0.0215m/0.000rad track_err=0.0962m footprint=road:8.00px route=outer_bottom_mid_to_bottom_left_mid cmd_vel=(0.279,-0.004)
[gazebo_track_car-3] [WARN] [1780952598.185532946] [gazebo_track_car]: JITTER events=51 reasons=cmd_xy_error=0.1006m pos=(-0.602,-1.852) step=0.0056/0.0277m yaw=0.000/0.000rad route=outer_bottom_mid_to_bottom_left_mid
[gazebo_track_car-3] [WARN] [1780952599.184780993] [gazebo_track_car]: JITTER events=49 reasons=cmd_xy_error=0.0992m pos=(-0.881,-1.851) step=0.0056/0.0282m yaw=0.000/0.000rad route=outer_bottom_mid_to_bottom_left_mid
[gazebo_track_car-3] [INFO] [1780952599.185176907] [gazebo_track_car]: MOTION pos=(-0.881,-1.851) yaw=+3.142 v=0.280 step_err=0.0227m/0.000rad track_err=0.0992m footprint=road:8.00px route=outer_bottom_mid_to_bottom_left_mid cmd_vel=(0.280,+0.002)
[gazebo_track_car-3] [INFO] [1780952600.076066510] [gazebo_track_car]: route segment=outer_bottom_left_mid_to_bottom_left; previous=outer_bottom_mid_to_bottom_left_mid; distance=0.003m; decision=route/default: outer_bottom_left_mid_to_bottom_left
[gazebo_track_car-3] [WARN] [1780952600.191486653] [gazebo_track_car]: JITTER events=50 reasons=cmd_xy_error=0.0988m pos=(-1.161,-1.852) step=0.0056/0.0277m yaw=0.000/0.000rad route=outer_bottom_left_mid_to_bottom_left
[gazebo_track_car-3] [WARN] [1780952601.193813433] [gazebo_track_car]: JITTER events=50 reasons=cmd_xy_error=0.0984m pos=(-1.440,-1.852) step=0.0056/0.0276m yaw=0.000/0.000rad route=outer_bottom_left_mid_to_bottom_left
[gazebo_track_car-3] [INFO] [1780952601.194106866] [gazebo_track_car]: MOTION pos=(-1.440,-1.852) yaw=-3.141 v=0.279 step_err=0.0220m/0.000rad track_err=0.0984m footprint=road:8.00px route=outer_bottom_left_mid_to_bottom_left cmd_vel=(0.279,-0.007)
[gazebo_track_car-3] [WARN] [1780952602.193832839] [gazebo_track_car]: JITTER events=50 reasons=cmd_xy_error=0.0968m pos=(-1.719,-1.852) step=0.0056/0.0285m yaw=0.000/0.000rad route=outer_bottom_left_mid_to_bottom_left
[gazebo_track_car-3] [INFO] [1780952602.991499633] [gazebo_track_car]: route segment=outer_bottom_left_corner; previous=outer_bottom_left_mid_to_bottom_left; distance=0.012m; decision=route/default: outer_bottom_left_corner
[gazebo_track_car-3] [WARN] [1780952603.196484334] [gazebo_track_car]: JITTER events=50 reasons=cmd_xy_error=0.0971m pos=(-1.977,-1.858) step=0.0039/0.0191m yaw=0.010/0.000rad route=outer_bottom_left_corner
[gazebo_track_car-3] [INFO] [1780952603.196774201] [gazebo_track_car]: MOTION pos=(-1.977,-1.858) yaw=+3.021 v=0.197 step_err=0.0152m/0.010rad track_err=0.0971m footprint=road:7.00px route=outer_bottom_left_corner cmd_vel=(0.204,-0.472)
[gazebo_track_car-3] [WARN] [1780952604.198603963] [gazebo_track_car]: JITTER events=49 reasons=cmd_xy_error=0.1130m pos=(-2.112,-1.862) step=0.0024/0.0097m yaw=0.016/0.000rad route=outer_bottom_left_corner
