[INFO] [launch]: All log files can be found below /home/quocbao/.ros/log/2026-06-11-01-48-24-143700-ubuntu-6910
[INFO] [launch]: Default logging verbosity is set to INFO
[INFO] [gzserver-1]: process started with pid [6927]
[INFO] [gazebo_track_car-2]: process started with pid [6929]
[INFO] [gazebo_camera_viewer-3]: process started with pid [6932]
[ERROR] [gzserver-1]: process has died [pid 6927, exit code 255, cmd 'gzserver /home/quocbao/Downloads/map_2                                                                      -s libgazebo_ros_init.so   -s libgazebo_ros_factory.so   -s libgazebo_ros_force_system.so       '].
[gazebo_camera_viewer-3] [INFO] [1781167704.884308548] [gazebo_camera_viewer]: Camera viewer listening on /track_preview_car/camera/image_raw; sign_overlay=on topic=/gazebo_track_car/camera_sign_detection; traffic_light_overlay=on topic=/gazebo_track_car/camera_traffic_light_state
[gazebo_camera_viewer-3] [INFO] [1781167705.039265253] [gazebo_camera_viewer]: Receiving Gazebo camera frames.
[gazebo_track_car-2] [INFO] [1781167705.051757792] [gazebo_track_car]: [MAP_TRANSFORM] image=256x256 path=/home/quocbao/my_robot_vision_full_project/my_robot_vision/models/autonomous_map_3d/materials/textures/autonomous_map_visual.png map_size=6.000x6.000m px_per_m_x=42.667 px_per_m_y=42.667 route_offset=(+0.000,+0.300)m map_visual_offset=(+0.000,+0.300)m
[gazebo_track_car-2] [INFO] [1781167705.192306228] [gazebo_track_car]: [FOOTPRINT_CHECK] samples=1588 center_off_road=0 center_outside_safe=1005 failures=0 min_footprint_clearance=3.20px footprint=front:0.165m rear:0.145m half_width:0.115m
[gazebo_track_car-2] [INFO] [1781167705.192712601] [gazebo_track_car]: [FOOTPRINT_CHECK] overlays=/tmp/gazebo_route_mask_debug.png, /tmp/gazebo_route_centerline_debug.png, /tmp/gazebo_route_footprint_debug.png
[gazebo_track_car-2] [INFO] [1781167705.350394567] [gazebo_track_car]: SAFE_ROUTE_VERSION=semantic_parking_spawn_turn_guard_v31; direction=reversed to match map arrows; clearance=12px; drive_wheels=True; route_offset=(+0.000,+0.300)m; start_distance=0.000m; route_explore=False branch_probability=0.00; sign_detection=camera action_dist<=0.95m parking_action_dist<=1.35m roi=0.08-0.82; map_visual_offset=(+0.000,+0.300)m; base_speed=0.28m/s speed_limit=0.14m/s; traffic_light=cycle state=green green=5.0s yellow=1.0s red=8.0s trigger_distance=1.70m stop_distance=0.85m min_stop=2.0s camera=on topic=/track_preview_car/camera/image_raw fill>=0.42 slow_area>=45px stop_area>=160px distance_gate=on; camera_sign_templates=5 sign_score>=0.32 sign_stable=2; parking_auto_route=False; wheel_controller lookahead=0.32m parking_lookahead=0.20m heading_gain=3.80 max_wz=2.80rad/s rotate_heading>1.05rad; nearest_route=True nearest_dist<=0.65m; yaw_limits=1.80rad/s/4.00rad/s2; route_rejoin=False outer_only=True cmd_error>0.30m max_route_dist=0.55m; progress_sync=True cmd_error>0.06m route_dist<=0.20m yaw<=1.20rad; initial_pose_reset=True override=True tol=0.12m/0.35rad; segments=23; route_points=47.
[gazebo_track_car-2] [INFO] [1781167705.350665335] [gazebo_track_car]: Motion log uses /model_states and /track_preview_car/cmd_vel: MOTION every 2.00s, JITTER at most every 1.00s, verbose=False; jitter thresholds xy_step_delta=0.0060m, cmd_error=0.050m, z_delta=0.0005m, tilt=0.0030rad, speed_delta=0.030m/s, yaw_step_error=0.025rad, yaw_rate_delta=0.400rad/s.
[gazebo_track_car-2] [INFO] [1781167705.351335513] [gazebo_track_car]: traffic light is now RED.
[gazebo_track_car-2] [WARN] [1781167705.352604885] [gazebo_track_car]: Waiting for /model_states pose before publishing wheel commands.
[gazebo_track_car-2] [INFO] [1781167705.369860013] [gazebo_track_car]: camera traffic-light green candidate ignored as non-lamp-shaped color patch; reason=aspect bbox=212x44px
[gazebo_track_car-2] [INFO] [1781167705.370141291] [gazebo_track_car]: camera traffic-light green candidate ignored as non-lamp-shaped color patch; reason=aspect bbox=124x16px
[gazebo_track_car-2] [INFO] [1781167705.370331278] [gazebo_track_car]: camera traffic-light green candidate ignored as non-lamp-shaped color patch; reason=aspect bbox=462x72px
[gazebo_track_car-2] [INFO] [1781167705.373538998] [gazebo_track_car]: camera_sign=camera_sign_speed_limit source=camera kind=speed_limit_sign maneuver=- score=0.52 area=1968px bbox=48x41px center=(344,228)
[gazebo_track_car-2] [INFO] [1781167705.375314391] [gazebo_track_car]: initial pose reset to configured route start; actual=(+0.943,-0.073) yaw=+2.962 target=(-1.773,+2.498) yaw=+0.003 error=3.739m/2.959rad segment=flat_top_center_to_top_right_reverse
[gazebo_track_car-2] [INFO] [1781167705.408052920] [gazebo_track_car]: camera traffic-light green candidate ignored as non-lamp-shaped color patch; reason=aspect bbox=34x8px
[gazebo_track_car-2] [INFO] [1781167705.408336292] [gazebo_track_car]: camera traffic-light green candidate ignored as non-lamp-shaped color patch; reason=aspect bbox=237x27px
[gazebo_track_car-2] [INFO] [1781167705.408521229] [gazebo_track_car]: camera traffic-light green candidate ignored as non-lamp-shaped color patch; reason=aspect bbox=19x6px
[gazebo_track_car-2] [INFO] [1781167705.408779053] [gazebo_track_car]: camera traffic-light green candidate ignored as non-lamp-shaped color patch; reason=aspect bbox=399x104px
[gazebo_track_car-2] [INFO] [1781167705.452029984] [gazebo_track_car]: camera traffic-light green candidate ignored as non-lamp-shaped color patch; reason=aspect bbox=33x7px
[gazebo_track_car-2] [INFO] [1781167705.452412452] [gazebo_track_car]: camera traffic-light green candidate ignored as non-lamp-shaped color patch; reason=aspect bbox=18x6px
[gazebo_track_car-2] [INFO] [1781167705.452620002] [gazebo_track_car]: camera traffic-light green candidate ignored as non-lamp-shaped color patch; reason=aspect bbox=236x26px
[gazebo_track_car-2] [INFO] [1781167705.452802394] [gazebo_track_car]: camera traffic-light green candidate ignored as non-lamp-shaped color patch; reason=aspect bbox=409x105px
[gazebo_track_car-2] [INFO] [1781167705.465528852] [gazebo_track_car]: camera traffic-light green candidate ignored as non-lamp-shaped color patch; reason=aspect bbox=35x7px
[gazebo_track_car-2] [INFO] [1781167705.466748631] [gazebo_track_car]: camera traffic-light green candidate ignored as non-lamp-shaped color patch; reason=aspect bbox=238x26px
[gazebo_track_car-2] [INFO] [1781167705.467258759] [gazebo_track_car]: camera traffic-light green candidate ignored as non-lamp-shaped color patch; reason=aspect bbox=17x5px
[gazebo_track_car-2] [INFO] [1781167705.467819371] [gazebo_track_car]: camera traffic-light green candidate ignored as non-lamp-shaped color patch; reason=aspect bbox=420x106px
[gazebo_track_car-2] [INFO] [1781167705.468234740] [gazebo_track_car]: camera traffic light is RED score=219.8 area=241px bbox=17x17px fill=0.83 center=(549,206)
[gazebo_track_car-2] [INFO] [1781167705.511633118] [gazebo_track_car]: camera traffic-light green candidate ignored as non-lamp-shaped color patch; reason=aspect bbox=35x7px
[gazebo_track_car-2] [INFO] [1781167705.511923433] [gazebo_track_car]: camera traffic-light green candidate ignored as non-lamp-shaped color patch; reason=aspect bbox=238x26px
[gazebo_track_car-2] [INFO] [1781167705.512110464] [gazebo_track_car]: camera traffic-light green candidate ignored as non-lamp-shaped color patch; reason=aspect bbox=17x5px
[gazebo_track_car-2] [INFO] [1781167705.512285542] [gazebo_track_car]: camera traffic-light green candidate ignored as non-lamp-shaped color patch; reason=aspect bbox=420x106px
[gazebo_track_car-2] [INFO] [1781167705.534510969] [gazebo_track_car]: camera traffic-light green candidate ignored as non-lamp-shaped color patch; reason=aspect bbox=35x7px
[gazebo_track_car-2] [INFO] [1781167705.534798799] [gazebo_track_car]: camera traffic-light green candidate ignored as non-lamp-shaped color patch; reason=aspect bbox=238x26px
[gazebo_track_car-2] [INFO] [1781167705.535373518] [gazebo_track_car]: camera traffic-light green candidate ignored as non-lamp-shaped color patch; reason=aspect bbox=17x5px
[gazebo_track_car-2] [INFO] [1781167705.535753521] [gazebo_track_car]: camera traffic-light green candidate ignored as non-lamp-shaped color patch; reason=aspect bbox=420x106px
[gazebo_track_car-2] [INFO] [1781167705.563718751] [gazebo_track_car]: camera traffic-light green candidate ignored as non-lamp-shaped color patch; reason=aspect bbox=35x7px
[gazebo_track_car-2] [INFO] [1781167705.563999689] [gazebo_track_car]: camera traffic-light green candidate ignored as non-lamp-shaped color patch; reason=aspect bbox=238x26px
[gazebo_track_car-2] [INFO] [1781167705.564199874] [gazebo_track_car]: camera traffic-light green candidate ignored as non-lamp-shaped color patch; reason=aspect bbox=17x5px
[gazebo_track_car-2] [INFO] [1781167705.564376997] [gazebo_track_car]: camera traffic-light green candidate ignored as non-lamp-shaped color patch; reason=aspect bbox=420x106px
[gazebo_track_car-2] [INFO] [1781167705.607198973] [gazebo_track_car]: camera traffic-light green candidate ignored as non-lamp-shaped color patch; reason=aspect bbox=35x7px
[gazebo_track_car-2] [INFO] [1781167705.607527740] [gazebo_track_car]: camera traffic-light green candidate ignored as non-lamp-shaped color patch; reason=aspect bbox=238x26px
[gazebo_track_car-2] [INFO] [1781167705.607729509] [gazebo_track_car]: camera traffic-light green candidate ignored as non-lamp-shaped color patch; reason=aspect bbox=17x5px
[gazebo_track_car-2] [INFO] [1781167705.607952417] [gazebo_track_car]: camera traffic-light green candidate ignored as non-lamp-shaped color patch; reason=aspect bbox=420x106px
[gazebo_track_car-2] [INFO] [1781167705.638181747] [gazebo_track_car]: camera traffic-light green candidate ignored as non-lamp-shaped color patch; reason=aspect bbox=35x7px
[gazebo_track_car-2] [INFO] [1781167705.638473474] [gazebo_track_car]: camera traffic-light green candidate ignored as non-lamp-shaped color patch; reason=aspect bbox=238x26px
[gazebo_track_car-2] [INFO] [1781167705.638663190] [gazebo_track_car]: camera traffic-light green candidate ignored as non-lamp-shaped color patch; reason=aspect bbox=17x5px
[gazebo_track_car-2] [INFO] [1781167705.638868576] [gazebo_track_car]: camera traffic-light green candidate ignored as non-lamp-shaped color patch; reason=aspect bbox=420x106px
[gazebo_track_car-2] [INFO] [1781167705.648325186] [gazebo_track_car]: wheel controller synced route progress from initial model pose; segment=flat_top_center_to_top_right_reverse@0.032m route_dist=0.018m startup_gate=1.250m
[gazebo_track_car-2] [INFO] [1781167705.648848037] [gazebo_track_car]: MOTION pos=(-1.773,+2.498) yaw=+0.003 v=0.000 step_err=0.0000m/0.000rad track_err=0.0000m footprint=road:8.00px route=flat_top_center_to_top_right_reverse cmd_vel=(0.000,+0.000)
[gazebo_track_car-2] [INFO] [1781167705.671108039] [gazebo_track_car]: camera traffic-light green candidate ignored as non-lamp-shaped color patch; reason=aspect bbox=35x7px
[gazebo_track_car-2] [INFO] [1781167705.671381702] [gazebo_track_car]: camera traffic-light green candidate ignored as non-lamp-shaped color patch; reason=aspect bbox=238x26px
[gazebo_track_car-2] [INFO] [1781167705.671580285] [gazebo_track_car]: camera traffic-light green candidate ignored as non-lamp-shaped color patch; reason=aspect bbox=17x5px
[gazebo_track_car-2] [INFO] [1781167705.671767777] [gazebo_track_car]: camera traffic-light green candidate ignored as non-lamp-shaped color patch; reason=aspect bbox=420x106px
[gazebo_track_car-2] [INFO] [1781167705.707168984] [gazebo_track_car]: camera traffic-light green candidate ignored as non-lamp-shaped color patch; reason=aspect bbox=35x7px
[gazebo_track_car-2] [INFO] [1781167705.707453087] [gazebo_track_car]: camera traffic-light green candidate ignored as non-lamp-shaped color patch; reason=aspect bbox=238x26px
[gazebo_track_car-2] [INFO] [1781167705.707639537] [gazebo_track_car]: camera traffic-light green candidate ignored as non-lamp-shaped color patch; reason=aspect bbox=17x5px
[gazebo_track_car-2] [INFO] [1781167705.707815468] [gazebo_track_car]: camera traffic-light green candidate ignored as non-lamp-shaped color patch; reason=aspect bbox=420x106px
[gazebo_track_car-2] [INFO] [1781167705.744294368] [gazebo_track_car]: camera traffic-light green candidate ignored as non-lamp-shaped color patch; reason=aspect bbox=35x7px
[gazebo_track_car-2] [INFO] [1781167705.744657439] [gazebo_track_car]: camera traffic-light green candidate ignored as non-lamp-shaped color patch; reason=aspect bbox=238x26px
[gazebo_track_car-2] [INFO] [1781167705.744868055] [gazebo_track_car]: camera traffic-light green candidate ignored as non-lamp-shaped color patch; reason=aspect bbox=17x5px
[gazebo_track_car-2] [INFO] [1781167705.745046229] [gazebo_track_car]: camera traffic-light green candidate ignored as non-lamp-shaped color patch; reason=aspect bbox=420x106px
[gazebo_track_car-2] [WARN] [1781167705.784743180] [gazebo_track_car]: JITTER events=1 reasons=speed_delta=0.108m/s pos=(-1.772,+2.498) step=0.0011/0.0000m yaw=0.001/0.000rad route=flat_top_center_to_top_right_reverse
[gazebo_track_car-2] [INFO] [1781167705.788105841] [gazebo_track_car]: camera traffic-light green candidate ignored as non-lamp-shaped color patch; reason=aspect bbox=35x7px
[gazebo_track_car-2] [INFO] [1781167705.789078006] [gazebo_track_car]: camera traffic-light green candidate ignored as non-lamp-shaped color patch; reason=aspect bbox=238x26px
[gazebo_track_car-2] [INFO] [1781167705.789330410] [gazebo_track_car]: camera traffic-light green candidate ignored as non-lamp-shaped color patch; reason=aspect bbox=17x5px
[gazebo_track_car-2] [INFO] [1781167705.789515878] [gazebo_track_car]: camera traffic-light green candidate ignored as non-lamp-shaped color patch; reason=aspect bbox=420x106px
[gazebo_track_car-2] [INFO] [1781167705.809826010] [gazebo_track_car]: camera traffic-light green candidate ignored as non-lamp-shaped color patch; reason=aspect bbox=34x7px
[gazebo_track_car-2] [INFO] [1781167705.810092470] [gazebo_track_car]: camera traffic-light green candidate ignored as non-lamp-shaped color patch; reason=aspect bbox=238x26px
[gazebo_track_car-2] [INFO] [1781167705.810277528] [gazebo_track_car]: camera traffic-light green candidate ignored as non-lamp-shaped color patch; reason=aspect bbox=17x5px
[gazebo_track_car-2] [INFO] [1781167705.810453658] [gazebo_track_car]: camera traffic-light green candidate ignored as non-lamp-shaped color patch; reason=aspect bbox=420x106px
[gazebo_track_car-2] [INFO] [1781167705.852984668] [gazebo_track_car]: camera traffic-light green candidate ignored as non-lamp-shaped color patch; reason=aspect bbox=35x7px
[gazebo_track_car-2] [INFO] [1781167705.853294129] [gazebo_track_car]: camera traffic-light green candidate ignored as non-lamp-shaped color patch; reason=aspect bbox=238x26px
[gazebo_track_car-2] [INFO] [1781167705.853515504] [gazebo_track_car]: camera traffic-light green candidate ignored as non-lamp-shaped color patch; reason=aspect bbox=17x6px
[gazebo_track_car-2] [INFO] [1781167705.853694020] [gazebo_track_car]: camera traffic-light green candidate ignored as non-lamp-shaped color patch; reason=aspect bbox=421x106px
[gazebo_track_car-2] [INFO] [1781167705.870631270] [gazebo_track_car]: camera traffic-light green candidate ignored as non-lamp-shaped color patch; reason=aspect bbox=35x7px
[gazebo_track_car-2] [INFO] [1781167705.871520980] [gazebo_track_car]: camera traffic-light green candidate ignored as non-lamp-shaped color patch; reason=aspect bbox=231x25px
[gazebo_track_car-2] [INFO] [1781167705.872087473] [gazebo_track_car]: camera traffic-light green candidate ignored as non-lamp-shaped color patch; reason=aspect bbox=17x6px
[gazebo_track_car-2] [INFO] [1781167705.872332914] [gazebo_track_car]: camera traffic-light green candidate ignored as non-lamp-shaped color patch; reason=aspect bbox=422x106px
[gazebo_track_car-2] [INFO] [1781167705.902181309] [gazebo_track_car]: camera traffic-light green candidate ignored as non-lamp-shaped color patch; reason=aspect bbox=35x7px
[gazebo_track_car-2] [INFO] [1781167705.903054427] [gazebo_track_car]: camera traffic-light green candidate ignored as non-lamp-shaped color patch; reason=aspect bbox=231x25px
[gazebo_track_car-2] [INFO] [1781167705.903458015] [gazebo_track_car]: camera traffic-light green candidate ignored as non-lamp-shaped color patch; reason=aspect bbox=17x5px
[gazebo_track_car-2] [INFO] [1781167705.903706702] [gazebo_track_car]: camera traffic-light green candidate ignored as non-lamp-shaped color patch; reason=aspect bbox=422x106px
[gazebo_track_car-2] [INFO] [1781167705.907408580] [gazebo_track_car]: camera_sign=camera_sign_turn_right source=camera kind=turn_right_sign maneuver=right score=0.49 area=754px bbox=29x26px center=(948,232)
[gazebo_track_car-2] [INFO] [1781167705.938870213] [gazebo_track_car]: camera traffic-light green candidate ignored as non-lamp-shaped color patch; reason=aspect bbox=34x7px
[gazebo_track_car-2] [INFO] [1781167705.939790440] [gazebo_track_car]: camera traffic-light green candidate ignored as non-lamp-shaped color patch; reason=aspect bbox=231x25px
[gazebo_track_car-2] [INFO] [1781167705.940344621] [gazebo_track_car]: camera traffic-light green candidate ignored as non-lamp-shaped color patch; reason=aspect bbox=16x6px
[gazebo_track_car-2] [INFO] [1781167705.940766002] [gazebo_track_car]: camera traffic-light green candidate ignored as non-lamp-shaped color patch; reason=aspect bbox=423x106px
[gazebo_track_car-2] [INFO] [1781167705.972001720] [gazebo_track_car]: camera traffic-light green candidate ignored as non-lamp-shaped color patch; reason=aspect bbox=35x8px
[gazebo_track_car-2] [INFO] [1781167705.972291524] [gazebo_track_car]: camera traffic-light green candidate ignored as non-lamp-shaped color patch; reason=aspect bbox=231x25px
[gazebo_track_car-2] [INFO] [1781167705.972480058] [gazebo_track_car]: camera traffic-light green candidate ignored as non-lamp-shaped color patch; reason=aspect bbox=17x6px
[gazebo_track_car-2] [INFO] [1781167705.973087829] [gazebo_track_car]: camera traffic-light green candidate ignored as non-lamp-shaped color patch; reason=aspect bbox=422x106px
[gazebo_track_car-2] [INFO] [1781167706.040776401] [gazebo_track_car]: camera traffic-light green candidate ignored as non-lamp-shaped color patch; reason=aspect bbox=34x8px
[gazebo_track_car-2] [INFO] [1781167706.041050866] [gazebo_track_car]: camera traffic-light green candidate ignored as non-lamp-shaped color patch; reason=aspect bbox=227x25px
[gazebo_track_car-2] [INFO] [1781167706.041236315] [gazebo_track_car]: camera traffic-light green candidate ignored as non-lamp-shaped color patch; reason=aspect bbox=16x5px
[gazebo_track_car-2] [INFO] [1781167706.041411864] [gazebo_track_car]: camera traffic-light green candidate ignored as non-lamp-shaped color patch; reason=aspect bbox=421x106px
[gazebo_track_car-2] [INFO] [1781167706.045284165] [gazebo_track_car]: camera_sign=camera_sign_turn_left source=camera kind=turn_left_sign maneuver=left score=0.55 area=1196px bbox=46x26px center=(944,232)
[gazebo_track_car-2] [INFO] [1781167706.072244193] [gazebo_track_car]: camera traffic-light green candidate ignored as non-lamp-shaped color patch; reason=aspect bbox=34x8px
[gazebo_track_car-2] [INFO] [1781167706.072520491] [gazebo_track_car]: camera traffic-light green candidate ignored as non-lamp-shaped color patch; reason=aspect bbox=223x25px
[gazebo_track_car-2] [INFO] [1781167706.072734092] [gazebo_track_car]: camera traffic-light green candidate ignored as non-lamp-shaped color patch; reason=aspect bbox=16x6px
[gazebo_track_car-2] [INFO] [1781167706.073008808] [gazebo_track_car]: camera traffic-light green candidate ignored as non-lamp-shaped color patch; reason=aspect bbox=422x106px
[gazebo_track_car-2] [INFO] [1781167706.076845489] [gazebo_track_car]: camera_sign=camera_sign_turn_right source=camera kind=turn_right_sign maneuver=right score=0.52 area=1300px bbox=50x26px center=(942,232)
[gazebo_track_car-2] [INFO] [1781167706.081711213] [gazebo_track_car]: camera traffic-light green candidate ignored as non-lamp-shaped color patch; reason=aspect bbox=34x8px
[gazebo_track_car-2] [INFO] [1781167706.082003802] [gazebo_track_car]: camera traffic-light green candidate ignored as non-lamp-shaped color patch; reason=aspect bbox=224x25px
[gazebo_track_car-2] [INFO] [1781167706.082366808] [gazebo_track_car]: camera traffic-light green candidate ignored as non-lamp-shaped color patch; reason=aspect bbox=16x5px
[gazebo_track_car-2] [INFO] [1781167706.082657654] [gazebo_track_car]: camera traffic-light green candidate ignored as non-lamp-shaped color patch; reason=aspect bbox=421x106px
[gazebo_track_car-2] [INFO] [1781167706.108973788] [gazebo_track_car]: camera traffic-light green candidate ignored as non-lamp-shaped color patch; reason=aspect bbox=34x8px
[gazebo_track_car-2] [INFO] [1781167706.109253163] [gazebo_track_car]: camera traffic-light green candidate ignored as non-lamp-shaped color patch; reason=aspect bbox=223x24px
[gazebo_track_car-2] [INFO] [1781167706.109788838] [gazebo_track_car]: camera traffic-light green candidate ignored as non-lamp-shaped color patch; reason=aspect bbox=16x6px
[gazebo_track_car-2] [INFO] [1781167706.110208015] [gazebo_track_car]: camera traffic-light green candidate ignored as non-lamp-shaped color patch; reason=aspect bbox=422x106px
[gazebo_track_car-2] [INFO] [1781167706.150507431] [gazebo_track_car]: camera traffic-light green candidate ignored as non-lamp-shaped color patch; reason=aspect bbox=35x8px
[gazebo_track_car-2] [INFO] [1781167706.150776646] [gazebo_track_car]: camera traffic-light green candidate ignored as non-lamp-shaped color patch; reason=aspect bbox=223x24px
[gazebo_track_car-2] [INFO] [1781167706.150967404] [gazebo_track_car]: camera traffic-light green candidate ignored as non-lamp-shaped color patch; reason=aspect bbox=16x6px
[gazebo_track_car-2] [INFO] [1781167706.151140830] [gazebo_track_car]: camera traffic-light green candidate ignored as non-lamp-shaped color patch; reason=aspect bbox=422x106px
[gazebo_track_car-2] [INFO] [1781167706.154970338] [gazebo_track_car]: camera sign action allowed by route branch context; detected=turn_right_sign sign=camera_sign_turn_right next_branch=2.23m area=1612px matching 3D sign is not route-adjacent
[gazebo_track_car-2] [INFO] [1781167706.176087838] [gazebo_track_car]: camera traffic-light green candidate ignored as non-lamp-shaped color patch; reason=aspect bbox=35x8px
[gazebo_track_car-2] [INFO] [1781167706.177236384] [gazebo_track_car]: camera traffic-light green candidate ignored as non-lamp-shaped color patch; reason=aspect bbox=223x24px
[gazebo_track_car-2] [INFO] [1781167706.177482286] [gazebo_track_car]: camera traffic-light green candidate ignored as non-lamp-shaped color patch; reason=aspect bbox=16x6px
[gazebo_track_car-2] [INFO] [1781167706.177668004] [gazebo_track_car]: camera traffic-light green candidate ignored as non-lamp-shaped color patch; reason=aspect bbox=422x106px
[gazebo_track_car-2] [INFO] [1781167706.221409802] [gazebo_track_car]: camera traffic-light green candidate ignored as non-lamp-shaped color patch; reason=aspect bbox=34x8px
[gazebo_track_car-2] [INFO] [1781167706.222695526] [gazebo_track_car]: camera traffic-light green candidate ignored as non-lamp-shaped color patch; reason=aspect bbox=223x25px
[gazebo_track_car-2] [INFO] [1781167706.222946217] [gazebo_track_car]: camera traffic-light green candidate ignored as non-lamp-shaped color patch; reason=aspect bbox=16x6px
[gazebo_track_car-2] [INFO] [1781167706.223137285] [gazebo_track_car]: camera traffic-light green candidate ignored as non-lamp-shaped color patch; reason=aspect bbox=421x106px
[gazebo_track_car-2] [INFO] [1781167706.258249876] [gazebo_track_car]: camera traffic-light green candidate ignored as non-lamp-shaped color patch; reason=aspect bbox=34x8px
[gazebo_track_car-2] [INFO] [1781167706.258929982] [gazebo_track_car]: camera traffic-light green candidate ignored as non-lamp-shaped color patch; reason=aspect bbox=223x24px
[gazebo_track_car-2] [INFO] [1781167706.259544616] [gazebo_track_car]: camera traffic-light green candidate ignored as non-lamp-shaped color patch; reason=aspect bbox=420x106px
[gazebo_track_car-2] [INFO] [1781167706.290536211] [gazebo_track_car]: camera traffic-light green candidate ignored as non-lamp-shaped color patch; reason=aspect bbox=34x8px
[gazebo_track_car-2] [INFO] [1781167706.290827588] [gazebo_track_car]: camera traffic-light green candidate ignored as non-lamp-shaped color patch; reason=aspect bbox=223x24px
[gazebo_track_car-2] [INFO] [1781167706.291475304] [gazebo_track_car]: camera traffic-light green candidate ignored as non-lamp-shaped color patch; reason=aspect bbox=421x106px
[gazebo_track_car-2] [INFO] [1781167706.318482819] [gazebo_track_car]: camera traffic-light green candidate ignored as non-lamp-shaped color patch; reason=aspect bbox=35x8px
[gazebo_track_car-2] [INFO] [1781167706.318757274] [gazebo_track_car]: camera traffic-light green candidate ignored as non-lamp-shaped color patch; reason=aspect bbox=223x24px
[gazebo_track_car-2] [INFO] [1781167706.318943584] [gazebo_track_car]: camera traffic-light green candidate ignored as non-lamp-shaped color patch; reason=aspect bbox=19x6px
[gazebo_track_car-2] [INFO] [1781167706.319116869] [gazebo_track_car]: camera traffic-light green candidate ignored as non-lamp-shaped color patch; reason=aspect bbox=420x106px
[gazebo_track_car-2] [INFO] [1781167706.363739942] [gazebo_track_car]: camera traffic-light green candidate ignored as non-lamp-shaped color patch; reason=aspect bbox=35x8px
[gazebo_track_car-2] [INFO] [1781167706.364017443] [gazebo_track_car]: camera traffic-light green candidate ignored as non-lamp-shaped color patch; reason=aspect bbox=223x24px
[gazebo_track_car-2] [INFO] [1781167706.364204333] [gazebo_track_car]: camera traffic-light green candidate ignored as non-lamp-shaped color patch; reason=aspect bbox=18x7px
[gazebo_track_car-2] [INFO] [1781167706.364386035] [gazebo_track_car]: camera traffic-light green candidate ignored as non-lamp-shaped color patch; reason=aspect bbox=421x106px
[gazebo_track_car-2] [INFO] [1781167706.377568239] [gazebo_track_car]: camera traffic-light green candidate ignored as non-lamp-shaped color patch; reason=aspect bbox=34x8px
[gazebo_track_car-2] [INFO] [1781167706.377838757] [gazebo_track_car]: camera traffic-light green candidate ignored as non-lamp-shaped color patch; reason=aspect bbox=221x24px
[gazebo_track_car-2] [INFO] [1781167706.378025087] [gazebo_track_car]: camera traffic-light green candidate ignored as non-lamp-shaped color patch; reason=aspect bbox=18x7px
[gazebo_track_car-2] [INFO] [1781167706.378343705] [gazebo_track_car]: camera traffic-light green candidate ignored as non-lamp-shaped color patch; reason=aspect bbox=421x106px
[gazebo_track_car-2] [INFO] [1781167706.418008951] [gazebo_track_car]: camera traffic-light green candidate ignored as non-lamp-shaped color patch; reason=aspect bbox=35x8px
[gazebo_track_car-2] [INFO] [1781167706.418288476] [gazebo_track_car]: camera traffic-light green candidate ignored as non-lamp-shaped color patch; reason=aspect bbox=220x24px
[gazebo_track_car-2] [INFO] [1781167706.418473904] [gazebo_track_car]: camera traffic-light green candidate ignored as non-lamp-shaped color patch; reason=aspect bbox=18x6px
[gazebo_track_car-2] [INFO] [1781167706.418661145] [gazebo_track_car]: camera traffic-light green candidate ignored as non-lamp-shaped color patch; reason=aspect bbox=420x106px
[gazebo_track_car-2] [INFO] [1781167706.462253523] [gazebo_track_car]: camera traffic-light green candidate ignored as non-lamp-shaped color patch; reason=aspect bbox=35x8px
[gazebo_track_car-2] [INFO] [1781167706.462569456] [gazebo_track_car]: camera traffic-light green candidate ignored as non-lamp-shaped color patch; reason=aspect bbox=219x24px
[gazebo_track_car-2] [INFO] [1781167706.462774050] [gazebo_track_car]: camera traffic-light green candidate ignored as non-lamp-shaped color patch; reason=aspect bbox=17x6px
[gazebo_track_car-2] [INFO] [1781167706.462950601] [gazebo_track_car]: camera traffic-light green candidate ignored as non-lamp-shaped color patch; reason=aspect bbox=420x106px
[gazebo_track_car-2] [INFO] [1781167706.496246812] [gazebo_track_car]: camera traffic-light green candidate ignored as non-lamp-shaped color patch; reason=aspect bbox=35x8px
[gazebo_track_car-2] [INFO] [1781167706.496993995] [gazebo_track_car]: camera traffic-light green candidate ignored as non-lamp-shaped color patch; reason=aspect bbox=217x25px
[gazebo_track_car-2] [INFO] [1781167706.497261627] [gazebo_track_car]: camera traffic-light green candidate ignored as non-lamp-shaped color patch; reason=aspect bbox=18x6px
[gazebo_track_car-2] [INFO] [1781167706.497448037] [gazebo_track_car]: camera traffic-light green candidate ignored as non-lamp-shaped color patch; reason=aspect bbox=418x106px
[gazebo_track_car-2] [INFO] [1781167706.519360118] [gazebo_track_car]: camera traffic-light green candidate ignored as non-lamp-shaped color patch; reason=aspect bbox=36x8px
[gazebo_track_car-2] [INFO] [1781167706.519730093] [gazebo_track_car]: camera traffic-light green candidate ignored as non-lamp-shaped color patch; reason=aspect bbox=216x24px
[gazebo_track_car-2] [INFO] [1781167706.520011471] [gazebo_track_car]: camera traffic-light green candidate ignored as non-lamp-shaped color patch; reason=aspect bbox=18x6px
[gazebo_track_car-2] [INFO] [1781167706.520314319] [gazebo_track_car]: camera traffic-light green candidate ignored as non-lamp-shaped color patch; reason=aspect bbox=420x106px
[gazebo_track_car-2] [INFO] [1781167706.568955534] [gazebo_track_car]: camera traffic-light green candidate ignored as non-lamp-shaped color patch; reason=aspect bbox=36x8px
[gazebo_track_car-2] [INFO] [1781167706.569286576] [gazebo_track_car]: camera traffic-light green candidate ignored as non-lamp-shaped color patch; reason=aspect bbox=216x24px
[gazebo_track_car-2] [INFO] [1781167706.569562383] [gazebo_track_car]: camera traffic-light green candidate ignored as non-lamp-shaped color patch; reason=aspect bbox=18x6px
[gazebo_track_car-2] [INFO] [1781167706.569807273] [gazebo_track_car]: camera traffic-light green candidate ignored as non-lamp-shaped color patch; reason=aspect bbox=420x106px
[gazebo_track_car-2] [INFO] [1781167706.602650854] [gazebo_track_car]: camera traffic-light green candidate ignored as non-lamp-shaped color patch; reason=aspect bbox=36x8px
[gazebo_track_car-2] [INFO] [1781167706.603105157] [gazebo_track_car]: camera traffic-light green candidate ignored as non-lamp-shaped color patch; reason=aspect bbox=216x24px
[gazebo_track_car-2] [INFO] [1781167706.603378590] [gazebo_track_car]: camera traffic-light green candidate ignored as non-lamp-shaped color patch; reason=aspect bbox=18x6px
[gazebo_track_car-2] [INFO] [1781167706.603779924] [gazebo_track_car]: camera traffic-light green candidate ignored as non-lamp-shaped color patch; reason=aspect bbox=420x106px
[gazebo_track_car-2] [INFO] [1781167706.634531808] [gazebo_track_car]: camera traffic-light green candidate ignored as non-lamp-shaped color patch; reason=aspect bbox=36x8px
[gazebo_track_car-2] [INFO] [1781167706.636590282] [gazebo_track_car]: camera traffic-light green candidate ignored as non-lamp-shaped color patch; reason=aspect bbox=216x24px
[gazebo_track_car-2] [INFO] [1781167706.636911365] [gazebo_track_car]: camera traffic-light green candidate ignored as non-lamp-shaped color patch; reason=aspect bbox=18x6px
[gazebo_track_car-2] [INFO] [1781167706.637202351] [gazebo_track_car]: camera traffic-light green candidate ignored as non-lamp-shaped color patch; reason=aspect bbox=420x106px
[gazebo_track_car-2] [INFO] [1781167706.696408495] [gazebo_track_car]: camera traffic-light green candidate ignored as non-lamp-shaped color patch; reason=aspect bbox=36x8px
[gazebo_track_car-2] [INFO] [1781167706.696971692] [gazebo_track_car]: camera traffic-light green candidate ignored as non-lamp-shaped color patch; reason=aspect bbox=216x24px
[gazebo_track_car-2] [INFO] [1781167706.697279740] [gazebo_track_car]: camera traffic-light green candidate ignored as non-lamp-shaped color patch; reason=aspect bbox=18x6px
[gazebo_track_car-2] [INFO] [1781167706.697562501] [gazebo_track_car]: camera traffic-light green candidate ignored as non-lamp-shaped color patch; reason=aspect bbox=420x106px
[gazebo_track_car-2] [INFO] [1781167706.708894625] [gazebo_track_car]: camera traffic-light green candidate ignored as non-lamp-shaped color patch; reason=aspect bbox=36x8px
[gazebo_track_car-2] [INFO] [1781167706.709287383] [gazebo_track_car]: camera traffic-light green candidate ignored as non-lamp-shaped color patch; reason=aspect bbox=216x24px
[gazebo_track_car-2] [INFO] [1781167706.709683847] [gazebo_track_car]: camera traffic-light green candidate ignored as non-lamp-shaped color patch; reason=aspect bbox=18x6px
[gazebo_track_car-2] [INFO] [1781167706.709935619] [gazebo_track_car]: camera traffic-light green candidate ignored as non-lamp-shaped color patch; reason=aspect bbox=420x106px
[gazebo_track_car-2] [INFO] [1781167706.731416512] [gazebo_track_car]: camera traffic-light green candidate ignored as non-lamp-shaped color patch; reason=aspect bbox=36x8px
[gazebo_track_car-2] [INFO] [1781167706.732296293] [gazebo_track_car]: camera traffic-light green candidate ignored as non-lamp-shaped color patch; reason=aspect bbox=216x25px
[gazebo_track_car-2] [INFO] [1781167706.732691204] [gazebo_track_car]: camera traffic-light green candidate ignored as non-lamp-shaped color patch; reason=aspect bbox=18x6px
[gazebo_track_car-2] [INFO] [1781167706.733346124] [gazebo_track_car]: camera traffic-light green candidate ignored as non-lamp-shaped color patch; reason=aspect bbox=418x106px
[gazebo_track_car-2] [INFO] [1781167706.753882964] [gazebo_track_car]: camera traffic-light green candidate ignored as non-lamp-shaped color patch; reason=aspect bbox=36x8px
[gazebo_track_car-2] [INFO] [1781167706.754186423] [gazebo_track_car]: camera traffic-light green candidate ignored as non-lamp-shaped color patch; reason=aspect bbox=215x25px
[gazebo_track_car-2] [INFO] [1781167706.754383093] [gazebo_track_car]: camera traffic-light green candidate ignored as non-lamp-shaped color patch; reason=aspect bbox=17x6px
[gazebo_track_car-2] [INFO] [1781167706.754665823] [gazebo_track_car]: camera traffic-light green candidate ignored as non-lamp-shaped color patch; reason=aspect bbox=418x106px
[gazebo_track_car-2] [INFO] [1781167706.800334138] [gazebo_track_car]: camera traffic-light green candidate ignored as non-lamp-shaped color patch; reason=aspect bbox=36x8px
[gazebo_track_car-2] [INFO] [1781167706.800703782] [gazebo_track_car]: camera traffic-light green candidate ignored as non-lamp-shaped color patch; reason=aspect bbox=215x25px
[gazebo_track_car-2] [INFO] [1781167706.800905921] [gazebo_track_car]: camera traffic-light green candidate ignored as non-lamp-shaped color patch; reason=aspect bbox=17x6px
[gazebo_track_car-2] [INFO] [1781167706.801082553] [gazebo_track_car]: camera traffic-light green candidate ignored as non-lamp-shaped color patch; reason=aspect bbox=418x105px
[gazebo_track_car-2] [INFO] [1781167706.816893181] [gazebo_track_car]: camera traffic-light green candidate ignored as non-lamp-shaped color patch; reason=aspect bbox=215x25px
[gazebo_track_car-2] [INFO] [1781167706.817619234] [gazebo_track_car]: camera traffic-light green candidate ignored as non-lamp-shaped color patch; reason=aspect bbox=36x7px
[gazebo_track_car-2] [INFO] [1781167706.817883880] [gazebo_track_car]: camera traffic-light green candidate ignored as non-lamp-shaped color patch; reason=aspect bbox=17x6px
[gazebo_track_car-2] [INFO] [1781167706.818289782] [gazebo_track_car]: camera traffic-light green candidate ignored as non-lamp-shaped color patch; reason=aspect bbox=420x105px
[gazebo_track_car-2] [INFO] [1781167706.862170561] [gazebo_track_car]: camera traffic-light green candidate ignored as non-lamp-shaped color patch; reason=aspect bbox=215x25px
[gazebo_track_car-2] [INFO] [1781167706.862445688] [gazebo_track_car]: camera traffic-light green candidate ignored as non-lamp-shaped color patch; reason=aspect bbox=36x7px
[gazebo_track_car-2] [INFO] [1781167706.862633190] [gazebo_track_car]: camera traffic-light green candidate ignored as non-lamp-shaped color patch; reason=aspect bbox=17x6px
[gazebo_track_car-2] [INFO] [1781167706.862806255] [gazebo_track_car]: camera traffic-light green candidate ignored as non-lamp-shaped color patch; reason=aspect bbox=419x105px
[gazebo_track_car-2] [WARN] [1781167706.878556339] [gazebo_track_car]: JITTER events=7 reasons=speed_delta=0.129m/s pos=(-1.670,+2.499) step=0.0014/0.0000m yaw=0.000/0.000rad route=flat_top_center_to_top_right_reverse
[gazebo_track_car-2] [INFO] [1781167706.882727780] [gazebo_track_car]: camera traffic-light green candidate ignored as non-lamp-shaped color patch; reason=aspect bbox=218x25px
[gazebo_track_car-2] [INFO] [1781167706.883001804] [gazebo_track_car]: camera traffic-light green candidate ignored as non-lamp-shaped color patch; reason=aspect bbox=36x7px
[gazebo_track_car-2] [INFO] [1781167706.883198613] [gazebo_track_car]: camera traffic-light green candidate ignored as non-lamp-shaped color patch; reason=aspect bbox=17x6px
[gazebo_track_car-2] [INFO] [1781167706.883382649] [gazebo_track_car]: camera traffic-light green candidate ignored as non-lamp-shaped color patch; reason=aspect bbox=418x105px
[gazebo_track_car-2] [INFO] [1781167706.916982739] [gazebo_track_car]: camera traffic-light green candidate ignored as non-lamp-shaped color patch; reason=aspect bbox=218x25px
[gazebo_track_car-2] [INFO] [1781167706.917721045] [gazebo_track_car]: camera traffic-light green candidate ignored as non-lamp-shaped color patch; reason=aspect bbox=36x7px
[gazebo_track_car-2] [INFO] [1781167706.918114844] [gazebo_track_car]: camera traffic-light green candidate ignored as non-lamp-shaped color patch; reason=aspect bbox=17x6px
[gazebo_track_car-2] [INFO] [1781167706.918505578] [gazebo_track_car]: camera traffic-light green candidate ignored as non-lamp-shaped color patch; reason=aspect bbox=417x105px
[gazebo_track_car-2] [INFO] [1781167706.960267550] [gazebo_track_car]: camera traffic-light green candidate ignored as non-lamp-shaped color patch; reason=aspect bbox=218x25px
[gazebo_track_car-2] [INFO] [1781167706.961006327] [gazebo_track_car]: camera traffic-light green candidate ignored as non-lamp-shaped color patch; reason=aspect bbox=36x7px
[gazebo_track_car-2] [INFO] [1781167706.961374498] [gazebo_track_car]: camera traffic-light green candidate ignored as non-lamp-shaped color patch; reason=aspect bbox=17x6px
[gazebo_track_car-2] [INFO] [1781167706.961585955] [gazebo_track_car]: camera traffic-light green candidate ignored as non-lamp-shaped color patch; reason=aspect bbox=417x105px
[gazebo_track_car-2] [INFO] [1781167706.986377070] [gazebo_track_car]: camera traffic-light green candidate ignored as non-lamp-shaped color patch; reason=aspect bbox=218x25px
[gazebo_track_car-2] [INFO] [1781167706.986702833] [gazebo_track_car]: camera traffic-light green candidate ignored as non-lamp-shaped color patch; reason=aspect bbox=36x7px
[gazebo_track_car-2] [INFO] [1781167706.986896747] [gazebo_track_car]: camera traffic-light green candidate ignored as non-lamp-shaped color patch; reason=aspect bbox=17x6px
[gazebo_track_car-2] [INFO] [1781167706.987272712] [gazebo_track_car]: camera traffic-light green candidate ignored as non-lamp-shaped color patch; reason=aspect bbox=417x105px
[gazebo_track_car-2] [INFO] [1781167707.028122645] [gazebo_track_car]: camera traffic-light green candidate ignored as non-lamp-shaped color patch; reason=aspect bbox=218x25px
[gazebo_track_car-2] [INFO] [1781167707.028944778] [gazebo_track_car]: camera traffic-light green candidate ignored as non-lamp-shaped color patch; reason=aspect bbox=36x7px
[gazebo_track_car-2] [INFO] [1781167707.029183817] [gazebo_track_car]: camera traffic-light green candidate ignored as non-lamp-shaped color patch; reason=aspect bbox=17x6px
[gazebo_track_car-2] [INFO] [1781167707.029366169] [gazebo_track_car]: camera traffic-light green candidate ignored as non-lamp-shaped color patch; reason=aspect bbox=417x105px
[gazebo_track_car-2] [INFO] [1781167707.055549342] [gazebo_track_car]: camera traffic-light green candidate ignored as non-lamp-shaped color patch; reason=aspect bbox=218x25px
[gazebo_track_car-2] [INFO] [1781167707.055839537] [gazebo_track_car]: camera traffic-light green candidate ignored as non-lamp-shaped color patch; reason=aspect bbox=36x7px
[gazebo_track_car-2] [INFO] [1781167707.056027439] [gazebo_track_car]: camera traffic-light green candidate ignored as non-lamp-shaped color patch; reason=aspect bbox=17x6px
[gazebo_track_car-2] [INFO] [1781167707.056202398] [gazebo_track_car]: camera traffic-light green candidate ignored as non-lamp-shaped color patch; reason=aspect bbox=417x105px
[gazebo_track_car-2] [INFO] [1781167707.084531828] [gazebo_track_car]: camera traffic-light green candidate ignored as non-lamp-shaped color patch; reason=aspect bbox=218x25px
[gazebo_track_car-2] [INFO] [1781167707.084796555] [gazebo_track_car]: camera traffic-light green candidate ignored as non-lamp-shaped color patch; reason=aspect bbox=36x7px
[gazebo_track_car-2] [INFO] [1781167707.084979779] [gazebo_track_car]: camera traffic-light green candidate ignored as non-lamp-shaped color patch; reason=aspect bbox=17x6px
[gazebo_track_car-2] [INFO] [1781167707.085152383] [gazebo_track_car]: camera traffic-light green candidate ignored as non-lamp-shaped color patch; reason=aspect bbox=417x105px
[gazebo_track_car-2] [INFO] [1781167707.126690802] [gazebo_track_car]: camera traffic-light green candidate ignored as non-lamp-shaped color patch; reason=aspect bbox=220x25px
[gazebo_track_car-2] [INFO] [1781167707.127081135] [gazebo_track_car]: camera traffic-light green candidate ignored as non-lamp-shaped color patch; reason=aspect bbox=36x7px
[gazebo_track_car-2] [INFO] [1781167707.127280829] [gazebo_track_car]: camera traffic-light green candidate ignored as non-lamp-shaped color patch; reason=aspect bbox=17x6px
[gazebo_track_car-2] [INFO] [1781167707.127529937] [gazebo_track_car]: camera traffic-light green candidate ignored as non-lamp-shaped color patch; reason=aspect bbox=417x105px
[gazebo_track_car-2] [INFO] [1781167707.154214790] [gazebo_track_car]: camera traffic-light green candidate ignored as non-lamp-shaped color patch; reason=aspect bbox=222x25px
[gazebo_track_car-2] [INFO] [1781167707.155512436] [gazebo_track_car]: camera traffic-light green candidate ignored as non-lamp-shaped color patch; reason=aspect bbox=36x7px
[gazebo_track_car-2] [INFO] [1781167707.158661758] [gazebo_track_car]: camera traffic-light green candidate ignored as non-lamp-shaped color patch; reason=aspect bbox=17x6px
[gazebo_track_car-2] [INFO] [1781167707.158984915] [gazebo_track_car]: camera traffic-light green candidate ignored as non-lamp-shaped color patch; reason=aspect bbox=417x105px
[gazebo_track_car-2] [INFO] [1781167707.183947897] [gazebo_track_car]: camera traffic-light green candidate ignored as non-lamp-shaped color patch; reason=aspect bbox=222x25px
[gazebo_track_car-2] [INFO] [1781167707.184231990] [gazebo_track_car]: camera traffic-light green candidate ignored as non-lamp-shaped color patch; reason=aspect bbox=36x8px
[gazebo_track_car-2] [INFO] [1781167707.184536492] [gazebo_track_car]: camera traffic-light green candidate ignored as non-lamp-shaped color patch; reason=aspect bbox=16x6px
[gazebo_track_car-2] [INFO] [1781167707.184735645] [gazebo_track_car]: camera traffic-light green candidate ignored as non-lamp-shaped color patch; reason=aspect bbox=417x105px
[gazebo_track_car-2] [INFO] [1781167707.228645465] [gazebo_track_car]: camera traffic-light green candidate ignored as non-lamp-shaped color patch; reason=aspect bbox=222x25px
[gazebo_track_car-2] [INFO] [1781167707.229023003] [gazebo_track_car]: camera traffic-light green candidate ignored as non-lamp-shaped color patch; reason=aspect bbox=36x8px
[gazebo_track_car-2] [INFO] [1781167707.229225704] [gazebo_track_car]: camera traffic-light green candidate ignored as non-lamp-shaped color patch; reason=aspect bbox=16x6px
[gazebo_track_car-2] [INFO] [1781167707.229462278] [gazebo_track_car]: camera traffic-light green candidate ignored as non-lamp-shaped color patch; reason=aspect bbox=417x105px
[gazebo_track_car-2] [INFO] [1781167707.253957882] [gazebo_track_car]: camera traffic-light green candidate ignored as non-lamp-shaped color patch; reason=aspect bbox=222x25px
[gazebo_track_car-2] [INFO] [1781167707.254255040] [gazebo_track_car]: camera traffic-light green candidate ignored as non-lamp-shaped color patch; reason=aspect bbox=36x8px
[gazebo_track_car-2] [INFO] [1781167707.255193993] [gazebo_track_car]: camera traffic-light green candidate ignored as non-lamp-shaped color patch; reason=aspect bbox=16x6px
[gazebo_track_car-2] [INFO] [1781167707.255562364] [gazebo_track_car]: camera traffic-light green candidate ignored as non-lamp-shaped color patch; reason=aspect bbox=417x105px
[gazebo_track_car-2] [INFO] [1781167707.329907198] [gazebo_track_car]: camera traffic-light green candidate ignored as non-lamp-shaped color patch; reason=aspect bbox=222x25px
[gazebo_track_car-2] [INFO] [1781167707.330248358] [gazebo_track_car]: camera traffic-light green candidate ignored as non-lamp-shaped color patch; reason=aspect bbox=36x8px
[gazebo_track_car-2] [INFO] [1781167707.330457991] [gazebo_track_car]: camera traffic-light green candidate ignored as non-lamp-shaped color patch; reason=aspect bbox=16x6px
[gazebo_track_car-2] [INFO] [1781167707.330636727] [gazebo_track_car]: camera traffic-light green candidate ignored as non-lamp-shaped color patch; reason=aspect bbox=418x105px
[gazebo_track_car-2] [INFO] [1781167707.339396020] [gazebo_track_car]: camera traffic-light green candidate ignored as non-lamp-shaped color patch; reason=aspect bbox=222x25px
[gazebo_track_car-2] [INFO] [1781167707.339721892] [gazebo_track_car]: camera traffic-light green candidate ignored as non-lamp-shaped color patch; reason=aspect bbox=36x8px
[gazebo_track_car-2] [INFO] [1781167707.339920535] [gazebo_track_car]: camera traffic-light green candidate ignored as non-lamp-shaped color patch; reason=aspect bbox=15x6px
[gazebo_track_car-2] [INFO] [1781167707.340097858] [gazebo_track_car]: camera traffic-light green candidate ignored as non-lamp-shaped color patch; reason=aspect bbox=415x105px
[gazebo_track_car-2] [INFO] [1781167707.356947869] [gazebo_track_car]: traffic light is now GREEN.
[gazebo_track_car-2] [INFO] [1781167707.367161763] [gazebo_track_car]: camera traffic-light green candidate ignored as non-lamp-shaped color patch; reason=aspect bbox=222x25px
[gazebo_track_car-2] [INFO] [1781167707.367947218] [gazebo_track_car]: camera traffic-light green candidate ignored as non-lamp-shaped color patch; reason=aspect bbox=36x8px
[gazebo_track_car-2] [INFO] [1781167707.368539780] [gazebo_track_car]: camera traffic-light green candidate ignored as non-lamp-shaped color patch; reason=aspect bbox=415x104px
[gazebo_track_car-2] [INFO] [1781167707.396474079] [gazebo_track_car]: camera traffic-light green candidate ignored as non-lamp-shaped color patch; reason=aspect bbox=222x26px
[gazebo_track_car-2] [INFO] [1781167707.397384068] [gazebo_track_car]: camera traffic-light green candidate ignored as non-lamp-shaped color patch; reason=aspect bbox=36x8px
[gazebo_track_car-2] [INFO] [1781167707.398520281] [gazebo_track_car]: camera traffic-light green candidate ignored as non-lamp-shaped color patch; reason=aspect bbox=415x104px
[gazebo_track_car-2] [INFO] [1781167707.398836835] [gazebo_track_car]: camera traffic light is GREEN score=239.0 area=260px bbox=19x17px fill=0.80 center=(541,231)
[gazebo_track_car-2] [INFO] [1781167707.440581821] [gazebo_track_car]: camera traffic-light green candidate ignored as non-lamp-shaped color patch; reason=aspect bbox=222x26px
[gazebo_track_car-2] [INFO] [1781167707.440957245] [gazebo_track_car]: camera traffic-light green candidate ignored as non-lamp-shaped color patch; reason=aspect bbox=36x8px
[gazebo_track_car-2] [INFO] [1781167707.441296713] [gazebo_track_car]: camera traffic-light green candidate ignored as non-lamp-shaped color patch; reason=aspect bbox=416x104px
[gazebo_track_car-2] [INFO] [1781167707.475075103] [gazebo_track_car]: camera traffic-light green candidate ignored as non-lamp-shaped color patch; reason=aspect bbox=222x26px
[gazebo_track_car-2] [INFO] [1781167707.475339509] [gazebo_track_car]: camera traffic-light green candidate ignored as non-lamp-shaped color patch; reason=aspect bbox=37x8px
[gazebo_track_car-2] [INFO] [1781167707.475523394] [gazebo_track_car]: camera traffic-light green candidate ignored as non-lamp-shaped color patch; reason=aspect bbox=18x7px
[gazebo_track_car-2] [INFO] [1781167707.475872229] [gazebo_track_car]: camera traffic-light green candidate ignored as non-lamp-shaped color patch; reason=aspect bbox=416x104px
[gazebo_track_car-2] [INFO] [1781167707.496217001] [gazebo_track_car]: camera traffic-light green candidate ignored as non-lamp-shaped color patch; reason=aspect bbox=224x26px
[gazebo_track_car-2] [INFO] [1781167707.496572398] [gazebo_track_car]: camera traffic-light green candidate ignored as non-lamp-shaped color patch; reason=aspect bbox=37x8px
[gazebo_track_car-2] [INFO] [1781167707.496922656] [gazebo_track_car]: camera traffic-light green candidate ignored as non-lamp-shaped color patch; reason=aspect bbox=18x7px
[gazebo_track_car-2] [INFO] [1781167707.497376929] [gazebo_track_car]: camera traffic-light green candidate ignored as non-lamp-shaped color patch; reason=aspect bbox=416x104px
[gazebo_track_car-2] [INFO] [1781167707.527998092] [gazebo_track_car]: camera traffic-light green candidate ignored as non-lamp-shaped color patch; reason=aspect bbox=224x26px
[gazebo_track_car-2] [INFO] [1781167707.528278177] [gazebo_track_car]: camera traffic-light green candidate ignored as non-lamp-shaped color patch; reason=aspect bbox=37x8px
[gazebo_track_car-2] [INFO] [1781167707.528461752] [gazebo_track_car]: camera traffic-light green candidate ignored as non-lamp-shaped color patch; reason=aspect bbox=18x7px
[gazebo_track_car-2] [INFO] [1781167707.528636510] [gazebo_track_car]: camera traffic-light green candidate ignored as non-lamp-shaped color patch; reason=aspect bbox=416x104px
[gazebo_track_car-2] [INFO] [1781167707.587072859] [gazebo_track_car]: camera traffic-light green candidate ignored as non-lamp-shaped color patch; reason=aspect bbox=224x26px
[gazebo_track_car-2] [INFO] [1781167707.587344319] [gazebo_track_car]: camera traffic-light green candidate ignored as non-lamp-shaped color patch; reason=aspect bbox=37x8px
[gazebo_track_car-2] [INFO] [1781167707.587541680] [gazebo_track_car]: camera traffic-light green candidate ignored as non-lamp-shaped color patch; reason=aspect bbox=18x7px
[gazebo_track_car-2] [INFO] [1781167707.587719243] [gazebo_track_car]: camera traffic-light green candidate ignored as non-lamp-shaped color patch; reason=aspect bbox=416x104px
[gazebo_track_car-2] [INFO] [1781167707.610295033] [gazebo_track_car]: camera traffic-light green candidate ignored as non-lamp-shaped color patch; reason=aspect bbox=225x26px
[gazebo_track_car-2] [INFO] [1781167707.610695024] [gazebo_track_car]: camera traffic-light green candidate ignored as non-lamp-shaped color patch; reason=aspect bbox=37x8px
[gazebo_track_car-2] [INFO] [1781167707.610901291] [gazebo_track_car]: camera traffic-light green candidate ignored as non-lamp-shaped color patch; reason=aspect bbox=18x7px
[gazebo_track_car-2] [INFO] [1781167707.611100485] [gazebo_track_car]: camera traffic-light green candidate ignored as non-lamp-shaped color patch; reason=aspect bbox=416x104px
[gazebo_track_car-2] [INFO] [1781167707.624427393] [gazebo_track_car]: camera traffic-light green candidate ignored as non-lamp-shaped color patch; reason=aspect bbox=229x26px
[gazebo_track_car-2] [INFO] [1781167707.624790284] [gazebo_track_car]: camera traffic-light green candidate ignored as non-lamp-shaped color patch; reason=aspect bbox=37x8px
[gazebo_track_car-2] [INFO] [1781167707.624987394] [gazebo_track_car]: camera traffic-light green candidate ignored as non-lamp-shaped color patch; reason=aspect bbox=17x7px
[gazebo_track_car-2] [INFO] [1781167707.625163415] [gazebo_track_car]: camera traffic-light green candidate ignored as non-lamp-shaped color patch; reason=aspect bbox=414x104px
[gazebo_track_car-2] [INFO] [1781167707.666703495] [gazebo_track_car]: camera traffic-light green candidate ignored as non-lamp-shaped color patch; reason=aspect bbox=229x26px
[gazebo_track_car-2] [INFO] [1781167707.666980165] [gazebo_track_car]: camera traffic-light green candidate ignored as non-lamp-shaped color patch; reason=aspect bbox=38x8px
[gazebo_track_car-2] [INFO] [1781167707.667164160] [gazebo_track_car]: camera traffic-light green candidate ignored as non-lamp-shaped color patch; reason=aspect bbox=17x7px
[gazebo_track_car-2] [INFO] [1781167707.667332516] [gazebo_track_car]: camera traffic-light green candidate ignored as non-lamp-shaped color patch; reason=aspect bbox=414x104px
[gazebo_track_car-2] [INFO] [1781167707.689043072] [gazebo_track_car]: camera traffic-light green candidate ignored as non-lamp-shaped color patch; reason=aspect bbox=228x27px
[gazebo_track_car-2] [INFO] [1781167707.689325312] [gazebo_track_car]: camera traffic-light green candidate ignored as non-lamp-shaped color patch; reason=aspect bbox=38x8px
[gazebo_track_car-2] [INFO] [1781167707.689675769] [gazebo_track_car]: camera traffic-light green candidate ignored as non-lamp-shaped color patch; reason=aspect bbox=412x103px
[gazebo_track_car-2] [INFO] [1781167707.724744843] [gazebo_track_car]: camera traffic-light green candidate ignored as non-lamp-shaped color patch; reason=aspect bbox=229x27px
[gazebo_track_car-2] [INFO] [1781167707.725095922] [gazebo_track_car]: camera traffic-light green candidate ignored as non-lamp-shaped color patch; reason=aspect bbox=39x8px
[gazebo_track_car-2] [INFO] [1781167707.726784732] [gazebo_track_car]: camera traffic-light green candidate ignored as non-lamp-shaped color patch; reason=aspect bbox=17x7px
[gazebo_track_car-2] [INFO] [1781167707.727345545] [gazebo_track_car]: camera traffic-light green candidate ignored as non-lamp-shaped color patch; reason=aspect bbox=413x103px
[gazebo_track_car-2] [INFO] [1781167707.772782572] [gazebo_track_car]: camera traffic-light green candidate ignored as non-lamp-shaped color patch; reason=aspect bbox=229x27px
[gazebo_track_car-2] [INFO] [1781167707.773175139] [gazebo_track_car]: camera traffic-light green candidate ignored as non-lamp-shaped color patch; reason=aspect bbox=39x8px
[gazebo_track_car-2] [INFO] [1781167707.773385283] [gazebo_track_car]: camera traffic-light green candidate ignored as non-lamp-shaped color patch; reason=aspect bbox=17x7px
[gazebo_track_car-2] [INFO] [1781167707.773568667] [gazebo_track_car]: camera traffic-light green candidate ignored as non-lamp-shaped color patch; reason=aspect bbox=413x103px
[gazebo_track_car-2] [INFO] [1781167707.779612964] [gazebo_track_car]: MOTION pos=(-1.594,+2.495) yaw=-0.058 v=0.000 step_err=0.0105m/0.000rad track_err=0.0182m footprint=road:8.00px route=flat_top_center_to_top_right_reverse cmd_vel=(0.276,+0.029)
[gazebo_track_car-2] [INFO] [1781167707.789262718] [gazebo_track_car]: camera traffic-light green candidate ignored as non-lamp-shaped color patch; reason=aspect bbox=229x27px
[gazebo_track_car-2] [INFO] [1781167707.790023386] [gazebo_track_car]: camera traffic-light green candidate ignored as non-lamp-shaped color patch; reason=aspect bbox=39x8px
[gazebo_track_car-2] [INFO] [1781167707.790275780] [gazebo_track_car]: camera traffic-light green candidate ignored as non-lamp-shaped color patch; reason=aspect bbox=17x7px
[gazebo_track_car-2] [INFO] [1781167707.790685149] [gazebo_track_car]: camera traffic-light green candidate ignored as non-lamp-shaped color patch; reason=aspect bbox=413x103px
[gazebo_track_car-2] [INFO] [1781167707.824701025] [gazebo_track_car]: camera traffic-light green candidate ignored as non-lamp-shaped color patch; reason=aspect bbox=229x27px
[gazebo_track_car-2] [INFO] [1781167707.825005286] [gazebo_track_car]: camera traffic-light green candidate ignored as non-lamp-shaped color patch; reason=aspect bbox=39x8px
[gazebo_track_car-2] [INFO] [1781167707.825189672] [gazebo_track_car]: camera traffic-light green candidate ignored as non-lamp-shaped color patch; reason=aspect bbox=17x7px
[gazebo_track_car-2] [INFO] [1781167707.825363419] [gazebo_track_car]: camera traffic-light green candidate ignored as non-lamp-shaped color patch; reason=aspect bbox=413x103px
[gazebo_track_car-2] [INFO] [1781167707.881377550] [gazebo_track_car]: camera traffic-light green candidate ignored as non-lamp-shaped color patch; reason=aspect bbox=228x27px
[gazebo_track_car-2] [INFO] [1781167707.881646074] [gazebo_track_car]: camera traffic-light green candidate ignored as non-lamp-shaped color patch; reason=aspect bbox=39x8px
[gazebo_track_car-2] [INFO] [1781167707.881965624] [gazebo_track_car]: camera traffic-light green candidate ignored as non-lamp-shaped color patch; reason=aspect bbox=413x103px
[gazebo_track_car-2] [INFO] [1781167707.901116595] [gazebo_track_car]: camera traffic-light green candidate ignored as non-lamp-shaped color patch; reason=aspect bbox=236x27px
[gazebo_track_car-2] [INFO] [1781167707.901394798] [gazebo_track_car]: camera traffic-light green candidate ignored as non-lamp-shaped color patch; reason=aspect bbox=40x8px
[gazebo_track_car-2] [INFO] [1781167707.901577100] [gazebo_track_car]: camera traffic-light green candidate ignored as non-lamp-shaped color patch; reason=aspect bbox=16x6px
[gazebo_track_car-2] [INFO] [1781167707.901750145] [gazebo_track_car]: camera traffic-light green candidate ignored as non-lamp-shaped color patch; reason=aspect bbox=412x103px
[gazebo_track_car-2] [INFO] [1781167707.932444355] [gazebo_track_car]: camera traffic-light green candidate ignored as non-lamp-shaped color patch; reason=aspect bbox=235x27px
[gazebo_track_car-2] [INFO] [1781167707.932812005] [gazebo_track_car]: camera traffic-light green candidate ignored as non-lamp-shaped color patch; reason=aspect bbox=40x8px
[gazebo_track_car-2] [INFO] [1781167707.933050423] [gazebo_track_car]: camera traffic-light green candidate ignored as non-lamp-shaped color patch; reason=aspect bbox=16x6px
[gazebo_track_car-2] [INFO] [1781167707.933256630] [gazebo_track_car]: camera traffic-light green candidate ignored as non-lamp-shaped color patch; reason=aspect bbox=411x103px
[gazebo_track_car-2] [INFO] [1781167707.965681439] [gazebo_track_car]: camera traffic-light green candidate ignored as non-lamp-shaped color patch; reason=aspect bbox=235x27px
[gazebo_track_car-2] [INFO] [1781167707.965984739] [gazebo_track_car]: camera traffic-light green candidate ignored as non-lamp-shaped color patch; reason=aspect bbox=40x8px
[gazebo_track_car-2] [INFO] [1781167707.966188902] [gazebo_track_car]: camera traffic-light green candidate ignored as non-lamp-shaped color patch; reason=aspect bbox=16x6px
[gazebo_track_car-2] [INFO] [1781167707.966387014] [gazebo_track_car]: camera traffic-light green candidate ignored as non-lamp-shaped color patch; reason=aspect bbox=411x103px
[gazebo_track_car-2] [INFO] [1781167707.988083403] [gazebo_track_car]: camera traffic-light green candidate ignored as non-lamp-shaped color patch; reason=aspect bbox=235x27px
[gazebo_track_car-2] [INFO] [1781167707.988359692] [gazebo_track_car]: camera traffic-light green candidate ignored as non-lamp-shaped color patch; reason=aspect bbox=40x8px
[gazebo_track_car-2] [INFO] [1781167707.988916507] [gazebo_track_car]: camera traffic-light green candidate ignored as non-lamp-shaped color patch; reason=aspect bbox=16x6px
[gazebo_track_car-2] [INFO] [1781167707.989164913] [gazebo_track_car]: camera traffic-light green candidate ignored as non-lamp-shaped color patch; reason=aspect bbox=411x103px
[gazebo_track_car-2] [WARN] [1781167707.995280915] [gazebo_track_car]: JITTER events=15 reasons=speed_delta=0.110m/s pos=(-1.566,+2.494) step=0.0011/0.0000m yaw=0.001/0.000rad route=flat_top_center_to_top_right_reverse
[gazebo_track_car-2] [INFO] [1781167708.030958073] [gazebo_track_car]: camera traffic-light green candidate ignored as non-lamp-shaped color patch; reason=aspect bbox=235x28px
[gazebo_track_car-2] [INFO] [1781167708.031677964] [gazebo_track_car]: camera traffic-light green candidate ignored as non-lamp-shaped color patch; reason=aspect bbox=40x8px
[gazebo_track_car-2] [INFO] [1781167708.032055803] [gazebo_track_car]: camera traffic-light green candidate ignored as non-lamp-shaped color patch; reason=aspect bbox=411x102px
[gazebo_track_car-2] [INFO] [1781167708.065938394] [gazebo_track_car]: camera traffic-light green candidate ignored as non-lamp-shaped color patch; reason=aspect bbox=236x28px
[gazebo_track_car-2] [INFO] [1781167708.066335199] [gazebo_track_car]: camera traffic-light green candidate ignored as non-lamp-shaped color patch; reason=aspect bbox=40x9px
[gazebo_track_car-2] [INFO] [1781167708.066535104] [gazebo_track_car]: camera traffic-light green candidate ignored as non-lamp-shaped color patch; reason=aspect bbox=17x7px
[gazebo_track_car-2] [INFO] [1781167708.066709902] [gazebo_track_car]: camera traffic-light green candidate ignored as non-lamp-shaped color patch; reason=aspect bbox=411x102px
[gazebo_track_car-2] [INFO] [1781167708.099916733] [gazebo_track_car]: camera traffic-light green candidate ignored as non-lamp-shaped color patch; reason=aspect bbox=41x9px
[gazebo_track_car-2] [INFO] [1781167708.100718078] [gazebo_track_car]: camera traffic-light green candidate ignored as non-lamp-shaped color patch; reason=aspect bbox=242x27px
[gazebo_track_car-2] [INFO] [1781167708.101087712] [gazebo_track_car]: camera traffic-light green candidate ignored as non-lamp-shaped color patch; reason=aspect bbox=17x7px
[gazebo_track_car-2] [INFO] [1781167708.101332261] [gazebo_track_car]: camera traffic-light green candidate ignored as non-lamp-shaped color patch; reason=aspect bbox=409x102px
[gazebo_track_car-2] [INFO] [1781167708.134672052] [gazebo_track_car]: camera traffic-light green candidate ignored as non-lamp-shaped color patch; reason=aspect bbox=41x9px
[gazebo_track_car-2] [INFO] [1781167708.134953000] [gazebo_track_car]: camera traffic-light green candidate ignored as non-lamp-shaped color patch; reason=aspect bbox=242x28px
[gazebo_track_car-2] [INFO] [1781167708.135280224] [gazebo_track_car]: camera traffic-light green candidate ignored as non-lamp-shaped color patch; reason=aspect bbox=409x101px
[gazebo_track_car-2] [INFO] [1781167708.166679972] [gazebo_track_car]: camera traffic-light green candidate ignored as non-lamp-shaped color patch; reason=aspect bbox=41x9px
[gazebo_track_car-2] [INFO] [1781167708.166951272] [gazebo_track_car]: camera traffic-light green candidate ignored as non-lamp-shaped color patch; reason=aspect bbox=249x28px
[gazebo_track_car-2] [INFO] [1781167708.167279137] [gazebo_track_car]: camera traffic-light green candidate ignored as non-lamp-shaped color patch; reason=aspect bbox=409x101px
[gazebo_track_car-2] [INFO] [1781167708.188416110] [gazebo_track_car]: camera traffic-light green candidate ignored as non-lamp-shaped color patch; reason=aspect bbox=41x9px
[gazebo_track_car-2] [INFO] [1781167708.188638768] [gazebo_track_car]: camera traffic-light green candidate ignored as non-lamp-shaped color patch; reason=aspect bbox=249x29px
[gazebo_track_car-2] [INFO] [1781167708.189067503] [gazebo_track_car]: camera traffic-light green candidate ignored as non-lamp-shaped color patch; reason=aspect bbox=408x101px
[gazebo_track_car-2] [INFO] [1781167708.236971046] [gazebo_track_car]: camera traffic-light green candidate ignored as non-lamp-shaped color patch; reason=aspect bbox=42x9px
[gazebo_track_car-2] [INFO] [1781167708.237239971] [gazebo_track_car]: camera traffic-light green candidate ignored as non-lamp-shaped color patch; reason=aspect bbox=256x29px
[gazebo_track_car-2] [INFO] [1781167708.237640513] [gazebo_track_car]: camera traffic-light green candidate ignored as non-lamp-shaped color patch; reason=aspect bbox=407x100px
[gazebo_track_car-2] [INFO] [1781167708.265919423] [gazebo_track_car]: camera traffic-light green candidate ignored as non-lamp-shaped color patch; reason=aspect bbox=42x9px
[gazebo_track_car-2] [INFO] [1781167708.266193668] [gazebo_track_car]: camera traffic-light green candidate ignored as non-lamp-shaped color patch; reason=aspect bbox=256x30px
[gazebo_track_car-2] [INFO] [1781167708.266527504] [gazebo_track_car]: camera traffic-light green candidate ignored as non-lamp-shaped color patch; reason=aspect bbox=407x100px
[gazebo_track_car-2] [INFO] [1781167708.310521698] [gazebo_track_car]: camera traffic-light green candidate ignored as non-lamp-shaped color patch; reason=aspect bbox=42x9px
[gazebo_track_car-2] [INFO] [1781167708.310891702] [gazebo_track_car]: camera traffic-light green candidate ignored as non-lamp-shaped color patch; reason=aspect bbox=263x30px
[gazebo_track_car-2] [INFO] [1781167708.311254554] [gazebo_track_car]: camera traffic-light green candidate ignored as non-lamp-shaped color patch; reason=aspect bbox=406x100px
[gazebo_track_car-2] [INFO] [1781167708.333159867] [gazebo_track_car]: camera traffic-light green candidate ignored as non-lamp-shaped color patch; reason=aspect bbox=43x9px
[gazebo_track_car-2] [INFO] [1781167708.334053776] [gazebo_track_car]: camera traffic-light green candidate ignored as non-lamp-shaped color patch; reason=aspect bbox=263x30px
[gazebo_track_car-2] [INFO] [1781167708.334463265] [gazebo_track_car]: camera traffic-light green candidate ignored as non-lamp-shaped color patch; reason=aspect bbox=405x99px
[gazebo_track_car-2] [INFO] [1781167708.361473223] [gazebo_track_car]: camera traffic-light green candidate ignored as non-lamp-shaped color patch; reason=aspect bbox=43x9px
[gazebo_track_car-2] [INFO] [1781167708.361759590] [gazebo_track_car]: camera traffic-light green candidate ignored as non-lamp-shaped color patch; reason=aspect bbox=270x31px
[gazebo_track_car-2] [INFO] [1781167708.362093317] [gazebo_track_car]: camera traffic-light green candidate ignored as non-lamp-shaped color patch; reason=aspect bbox=404x99px
[gazebo_track_car-2] [INFO] [1781167708.410308394] [gazebo_track_car]: camera traffic-light green candidate ignored as non-lamp-shaped color patch; reason=aspect bbox=44x9px
[gazebo_track_car-2] [INFO] [1781167708.410624728] [gazebo_track_car]: camera traffic-light green candidate ignored as non-lamp-shaped color patch; reason=aspect bbox=271x31px
[gazebo_track_car-2] [INFO] [1781167708.410962823] [gazebo_track_car]: camera traffic-light green candidate ignored as non-lamp-shaped color patch; reason=aspect bbox=404x99px
[gazebo_track_car-2] [INFO] [1781167708.422923618] [gazebo_track_car]: camera traffic-light green candidate ignored as non-lamp-shaped color patch; reason=aspect bbox=270x32px
[gazebo_track_car-2] [INFO] [1781167708.423206890] [gazebo_track_car]: camera traffic-light green candidate ignored as non-lamp-shaped color patch; reason=aspect bbox=44x8px
[gazebo_track_car-2] [INFO] [1781167708.423389583] [gazebo_track_car]: camera traffic-light green candidate ignored as non-lamp-shaped color patch; reason=aspect bbox=15x6px
[gazebo_track_car-2] [INFO] [1781167708.423561165] [gazebo_track_car]: camera traffic-light green candidate ignored as non-lamp-shaped color patch; reason=aspect bbox=403x98px
[gazebo_track_car-2] [INFO] [1781167708.471664442] [gazebo_track_car]: camera traffic-light green candidate ignored as non-lamp-shaped color patch; reason=aspect bbox=278x32px
[gazebo_track_car-2] [INFO] [1781167708.472466779] [gazebo_track_car]: camera traffic-light green candidate ignored as non-lamp-shaped color patch; reason=aspect bbox=45x9px
[gazebo_track_car-2] [INFO] [1781167708.472971376] [gazebo_track_car]: camera traffic-light green candidate ignored as non-lamp-shaped color patch; reason=aspect bbox=404x98px
[gazebo_track_car-2] [INFO] [1781167708.504107981] [gazebo_track_car]: camera traffic-light green candidate ignored as non-lamp-shaped color patch; reason=aspect bbox=277x32px
[gazebo_track_car-2] [INFO] [1781167708.504440535] [gazebo_track_car]: camera traffic-light green candidate ignored as non-lamp-shaped color patch; reason=aspect bbox=46x9px
[gazebo_track_car-2] [INFO] [1781167708.505711972] [gazebo_track_car]: camera traffic-light green candidate ignored as non-lamp-shaped color patch; reason=aspect bbox=402x98px
[gazebo_track_car-2] [INFO] [1781167708.539740016] [gazebo_track_car]: camera traffic-light green candidate ignored as non-lamp-shaped color patch; reason=aspect bbox=285x32px
[gazebo_track_car-2] [INFO] [1781167708.540515562] [gazebo_track_car]: camera traffic-light green candidate ignored as non-lamp-shaped color patch; reason=aspect bbox=46x9px
[gazebo_track_car-2] [INFO] [1781167708.540908970] [gazebo_track_car]: camera traffic-light green candidate ignored as non-lamp-shaped color patch; reason=aspect bbox=402x97px
[gazebo_track_car-2] [INFO] [1781167708.582572759] [gazebo_track_car]: camera traffic-light green candidate ignored as non-lamp-shaped color patch; reason=aspect bbox=47x10px
[gazebo_track_car-2] [INFO] [1781167708.582851652] [gazebo_track_car]: camera traffic-light green candidate ignored as non-lamp-shaped color patch; reason=aspect bbox=291x33px
[gazebo_track_car-2] [INFO] [1781167708.583100800] [gazebo_track_car]: camera traffic-light green candidate ignored as non-lamp-shaped color patch; reason=aspect bbox=15x6px
[gazebo_track_car-2] [INFO] [1781167708.583303861] [gazebo_track_car]: camera traffic-light green candidate ignored as non-lamp-shaped color patch; reason=aspect bbox=400x97px
[gazebo_track_car-2] [INFO] [1781167708.594437744] [gazebo_track_car]: camera traffic-light green candidate ignored as non-lamp-shaped color patch; reason=aspect bbox=48x10px
[gazebo_track_car-2] [INFO] [1781167708.594729541] [gazebo_track_car]: camera traffic-light green candidate ignored as non-lamp-shaped color patch; reason=aspect bbox=292x33px
[gazebo_track_car-2] [INFO] [1781167708.595097362] [gazebo_track_car]: camera traffic-light green candidate ignored as non-lamp-shaped color patch; reason=aspect bbox=400x96px
[gazebo_track_car-2] [INFO] [1781167708.637444113] [gazebo_track_car]: camera traffic-light green candidate ignored as non-lamp-shaped color patch; reason=aspect bbox=48x10px
[gazebo_track_car-2] [INFO] [1781167708.637722065] [gazebo_track_car]: camera traffic-light green candidate ignored as non-lamp-shaped color patch; reason=aspect bbox=299x34px
[gazebo_track_car-2] [INFO] [1781167708.638043809] [gazebo_track_car]: camera traffic-light green candidate ignored as non-lamp-shaped color patch; reason=aspect bbox=399x96px
[gazebo_track_car-2] [INFO] [1781167708.676750515] [gazebo_track_car]: camera traffic-light green candidate ignored as non-lamp-shaped color patch; reason=aspect bbox=299x34px
[gazebo_track_car-2] [INFO] [1781167708.677458184] [gazebo_track_car]: camera traffic-light green candidate ignored as non-lamp-shaped color patch; reason=aspect bbox=49x9px
[gazebo_track_car-2] [INFO] [1781167708.678122030] [gazebo_track_car]: camera traffic-light green candidate ignored as non-lamp-shaped color patch; reason=aspect bbox=398x96px
[gazebo_track_car-2] [INFO] [1781167708.696719665] [gazebo_track_car]: camera traffic-light green candidate ignored as non-lamp-shaped color patch; reason=aspect bbox=307x35px
[gazebo_track_car-2] [INFO] [1781167708.697505109] [gazebo_track_car]: camera traffic-light green candidate ignored as non-lamp-shaped color patch; reason=aspect bbox=49x10px
[gazebo_track_car-2] [INFO] [1781167708.697936609] [gazebo_track_car]: camera traffic-light green candidate ignored as non-lamp-shaped color patch; reason=aspect bbox=398x95px
[gazebo_track_car-2] [INFO] [1781167708.736735710] [gazebo_track_car]: camera traffic-light green candidate ignored as non-lamp-shaped color patch; reason=aspect bbox=314x36px
[gazebo_track_car-2] [INFO] [1781167708.737011488] [gazebo_track_car]: camera traffic-light green candidate ignored as non-lamp-shaped color patch; reason=aspect bbox=49x10px
[gazebo_track_car-2] [INFO] [1781167708.737355834] [gazebo_track_car]: camera traffic-light green candidate ignored as non-lamp-shaped color patch; reason=aspect bbox=397x95px
[gazebo_track_car-2] [INFO] [1781167708.774667161] [gazebo_track_car]: camera traffic-light green candidate ignored as non-lamp-shaped color patch; reason=aspect bbox=316x36px
[gazebo_track_car-2] [INFO] [1781167708.776381590] [gazebo_track_car]: camera traffic-light green candidate ignored as non-lamp-shaped color patch; reason=aspect bbox=50x10px
[gazebo_track_car-2] [INFO] [1781167708.777378261] [gazebo_track_car]: camera traffic-light green candidate ignored as non-lamp-shaped color patch; reason=aspect bbox=397x94px
[gazebo_track_car-2] [INFO] [1781167708.797802370] [gazebo_track_car]: camera traffic-light green candidate ignored as non-lamp-shaped color patch; reason=aspect bbox=320x37px
[gazebo_track_car-2] [INFO] [1781167708.799063397] [gazebo_track_car]: camera traffic-light green candidate ignored as non-lamp-shaped color patch; reason=aspect bbox=51x9px
[gazebo_track_car-2] [INFO] [1781167708.799707456] [gazebo_track_car]: camera traffic-light green candidate ignored as non-lamp-shaped color patch; reason=aspect bbox=395x94px
[gazebo_track_car-2] [INFO] [1781167708.859637532] [gazebo_track_car]: camera traffic-light green candidate ignored as non-lamp-shaped color patch; reason=aspect bbox=319x37px
[gazebo_track_car-2] [INFO] [1781167708.859915344] [gazebo_track_car]: camera traffic-light green candidate ignored as non-lamp-shaped color patch; reason=aspect bbox=50x9px
[gazebo_track_car-2] [INFO] [1781167708.860241777] [gazebo_track_car]: camera traffic-light green candidate ignored as non-lamp-shaped color patch; reason=aspect bbox=396x94px
[gazebo_track_car-2] [INFO] [1781167708.880225233] [gazebo_track_car]: camera traffic-light green candidate ignored as non-lamp-shaped color patch; reason=aspect bbox=320x37px
[gazebo_track_car-2] [INFO] [1781167708.880508965] [gazebo_track_car]: camera traffic-light green candidate ignored as non-lamp-shaped color patch; reason=aspect bbox=50x9px
[gazebo_track_car-2] [INFO] [1781167708.880948060] [gazebo_track_car]: camera traffic-light green candidate ignored as non-lamp-shaped color patch; reason=aspect bbox=396x94px
[gazebo_track_car-2] [INFO] [1781167708.893780329] [gazebo_track_car]: camera traffic-light green candidate ignored as non-lamp-shaped color patch; reason=aspect bbox=319x37px
[gazebo_track_car-2] [INFO] [1781167708.894162476] [gazebo_track_car]: camera traffic-light green candidate ignored as non-lamp-shaped color patch; reason=aspect bbox=50x9px
[gazebo_track_car-2] [INFO] [1781167708.894947309] [gazebo_track_car]: camera traffic-light green candidate ignored as non-lamp-shaped color patch; reason=aspect bbox=396x94px
[gazebo_track_car-2] [INFO] [1781167708.947651655] [gazebo_track_car]: camera traffic-light green candidate ignored as non-lamp-shaped color patch; reason=aspect bbox=319x37px
[gazebo_track_car-2] [INFO] [1781167708.947924347] [gazebo_track_car]: camera traffic-light green candidate ignored as non-lamp-shaped color patch; reason=aspect bbox=50x9px
[gazebo_track_car-2] [INFO] [1781167708.948242855] [gazebo_track_car]: camera traffic-light green candidate ignored as non-lamp-shaped color patch; reason=aspect bbox=396x94px
[gazebo_track_car-2] [INFO] [1781167708.972587381] [gazebo_track_car]: camera traffic-light green candidate ignored as non-lamp-shaped color patch; reason=aspect bbox=319x37px
[gazebo_track_car-2] [INFO] [1781167708.972866966] [gazebo_track_car]: camera traffic-light green candidate ignored as non-lamp-shaped color patch; reason=aspect bbox=50x9px
[gazebo_track_car-2] [INFO] [1781167708.973196695] [gazebo_track_car]: camera traffic-light green candidate ignored as non-lamp-shaped color patch; reason=aspect bbox=396x94px
[gazebo_track_car-2] [INFO] [1781167709.030575430] [gazebo_track_car]: camera traffic-light green candidate ignored as non-lamp-shaped color patch; reason=aspect bbox=319x37px
[gazebo_track_car-2] [INFO] [1781167709.030851328] [gazebo_track_car]: camera traffic-light green candidate ignored as non-lamp-shaped color patch; reason=aspect bbox=50x9px
[gazebo_track_car-2] [INFO] [1781167709.031207066] [gazebo_track_car]: camera traffic-light green candidate ignored as non-lamp-shaped color patch; reason=aspect bbox=396x94px
[gazebo_track_car-2] [INFO] [1781167709.050271128] [gazebo_track_car]: camera traffic-light green candidate ignored as non-lamp-shaped color patch; reason=aspect bbox=319x37px
[gazebo_track_car-2] [INFO] [1781167709.050540354] [gazebo_track_car]: camera traffic-light green candidate ignored as non-lamp-shaped color patch; reason=aspect bbox=50x9px
[gazebo_track_car-2] [INFO] [1781167709.050962526] [gazebo_track_car]: camera traffic-light green candidate ignored as non-lamp-shaped color patch; reason=aspect bbox=396x94px
[gazebo_track_car-2] [INFO] [1781167709.063515474] [gazebo_track_car]: camera traffic-light green candidate ignored as non-lamp-shaped color patch; reason=aspect bbox=319x37px
[gazebo_track_car-2] [INFO] [1781167709.063793887] [gazebo_track_car]: camera traffic-light green candidate ignored as non-lamp-shaped color patch; reason=aspect bbox=50x9px
[gazebo_track_car-2] [INFO] [1781167709.064136731] [gazebo_track_car]: camera traffic-light green candidate ignored as non-lamp-shaped color patch; reason=aspect bbox=396x94px
[gazebo_track_car-2] [WARN] [1781167709.092008530] [gazebo_track_car]: JITTER events=11 reasons=speed_delta=0.110m/s pos=(-1.354,+2.482) step=0.0011/0.0000m yaw=0.000/0.000rad route=flat_top_center_to_top_right_reverse
[gazebo_track_car-2] [INFO] [1781167709.104461671] [gazebo_track_car]: camera traffic-light green candidate ignored as non-lamp-shaped color patch; reason=aspect bbox=319x37px
[gazebo_track_car-2] [INFO] [1781167709.104907327] [gazebo_track_car]: camera traffic-light green candidate ignored as non-lamp-shaped color patch; reason=aspect bbox=51x9px
[gazebo_track_car-2] [INFO] [1781167709.105258256] [gazebo_track_car]: camera traffic-light green candidate ignored as non-lamp-shaped color patch; reason=aspect bbox=396x94px
[gazebo_track_car-2] [INFO] [1781167709.133987907] [gazebo_track_car]: camera traffic-light green candidate ignored as non-lamp-shaped color patch; reason=aspect bbox=320x37px
[gazebo_track_car-2] [INFO] [1781167709.134264215] [gazebo_track_car]: camera traffic-light green candidate ignored as non-lamp-shaped color patch; reason=aspect bbox=51x9px
[gazebo_track_car-2] [INFO] [1781167709.134593373] [gazebo_track_car]: camera traffic-light green candidate ignored as non-lamp-shaped color patch; reason=aspect bbox=395x94px
[gazebo_track_car-2] [INFO] [1781167709.175963235] [gazebo_track_car]: camera traffic-light green candidate ignored as non-lamp-shaped color patch; reason=aspect bbox=51x9px
[gazebo_track_car-2] [INFO] [1781167709.176962341] [gazebo_track_car]: camera traffic-light green candidate ignored as non-lamp-shaped color patch; reason=aspect bbox=320x36px
[gazebo_track_car-2] [INFO] [1781167709.177444737] [gazebo_track_car]: camera traffic-light green candidate ignored as non-lamp-shaped color patch; reason=aspect bbox=395x93px
[gazebo_track_car-2] [INFO] [1781167709.239016308] [gazebo_track_car]: camera traffic-light green candidate ignored as non-lamp-shaped color patch; reason=aspect bbox=53x9px
[gazebo_track_car-2] [INFO] [1781167709.239288118] [gazebo_track_car]: camera traffic-light green candidate ignored as non-lamp-shaped color patch; reason=aspect bbox=328x37px
[gazebo_track_car-2] [INFO] [1781167709.239610283] [gazebo_track_car]: camera traffic-light green candidate ignored as non-lamp-shaped color patch; reason=aspect bbox=393x93px
[gazebo_track_car-2] [INFO] [1781167709.271934491] [gazebo_track_car]: camera traffic-light green candidate ignored as non-lamp-shaped color patch; reason=aspect bbox=54x10px
[gazebo_track_car-2] [INFO] [1781167709.272240616] [gazebo_track_car]: camera traffic-light green candidate ignored as non-lamp-shaped color patch; reason=aspect bbox=332x38px
[gazebo_track_car-2] [INFO] [1781167709.272578010] [gazebo_track_car]: camera traffic-light green candidate ignored as non-lamp-shaped color patch; reason=aspect bbox=392x92px
[gazebo_track_car-2] [INFO] [1781167709.284098529] [gazebo_track_car]: camera traffic-light green candidate ignored as non-lamp-shaped color patch; reason=aspect bbox=54x10px
[gazebo_track_car-2] [INFO] [1781167709.284379297] [gazebo_track_car]: camera traffic-light green candidate ignored as non-lamp-shaped color patch; reason=aspect bbox=330x38px
[gazebo_track_car-2] [INFO] [1781167709.284791450] [gazebo_track_car]: camera traffic-light green candidate ignored as non-lamp-shaped color patch; reason=aspect bbox=393x92px
[gazebo_track_car-2] [INFO] [1781167709.293449926] [gazebo_track_car]: camera traffic-light green candidate ignored as non-lamp-shaped color patch; reason=aspect bbox=55x10px
[gazebo_track_car-2] [INFO] [1781167709.293740011] [gazebo_track_car]: camera traffic-light green candidate ignored as non-lamp-shaped color patch; reason=aspect bbox=329x39px
[gazebo_track_car-2] [INFO] [1781167709.294109845] [gazebo_track_car]: camera traffic-light green candidate ignored as non-lamp-shaped color patch; reason=aspect bbox=391x91px
[gazebo_track_car-2] [INFO] [1781167709.328776723] [gazebo_track_car]: camera traffic-light green candidate ignored as non-lamp-shaped color patch; reason=aspect bbox=54x10px
[gazebo_track_car-2] [INFO] [1781167709.329673858] [gazebo_track_car]: camera traffic-light green candidate ignored as non-lamp-shaped color patch; reason=aspect bbox=330x39px
[gazebo_track_car-2] [INFO] [1781167709.330368412] [gazebo_track_car]: camera traffic-light green candidate ignored as non-lamp-shaped color patch; reason=aspect bbox=392x91px
[gazebo_track_car-2] [INFO] [1781167709.417339920] [gazebo_track_car]: camera traffic-light green candidate ignored as non-lamp-shaped color patch; reason=aspect bbox=54x10px
[gazebo_track_car-2] [INFO] [1781167709.417607022] [gazebo_track_car]: camera traffic-light green candidate ignored as non-lamp-shaped color patch; reason=aspect bbox=330x39px
[gazebo_track_car-2] [INFO] [1781167709.418045846] [gazebo_track_car]: camera traffic-light green candidate ignored as non-lamp-shaped color patch; reason=aspect bbox=392x91px
[gazebo_track_car-2] [INFO] [1781167709.424433138] [gazebo_track_car]: camera traffic-light green candidate ignored as non-lamp-shaped color patch; reason=aspect bbox=55x10px
[gazebo_track_car-2] [INFO] [1781167709.424792482] [gazebo_track_car]: camera traffic-light green candidate ignored as non-lamp-shaped color patch; reason=aspect bbox=330x39px
[gazebo_track_car-2] [INFO] [1781167709.425130938] [gazebo_track_car]: camera traffic-light green candidate ignored as non-lamp-shaped color patch; reason=aspect bbox=392x91px
[gazebo_track_car-2] [INFO] [1781167709.472801720] [gazebo_track_car]: camera traffic-light green candidate ignored as non-lamp-shaped color patch; reason=aspect bbox=55x10px
[gazebo_track_car-2] [INFO] [1781167709.473075414] [gazebo_track_car]: camera traffic-light green candidate ignored as non-lamp-shaped color patch; reason=aspect bbox=329x39px
[gazebo_track_car-2] [INFO] [1781167709.473502686] [gazebo_track_car]: camera traffic-light green candidate ignored as non-lamp-shaped color patch; reason=aspect bbox=390x91px
[gazebo_track_car-2] [INFO] [1781167709.479732503] [gazebo_track_car]: camera traffic-light green candidate ignored as non-lamp-shaped color patch; reason=aspect bbox=56x10px
[gazebo_track_car-2] [INFO] [1781167709.479993252] [gazebo_track_car]: camera traffic-light green candidate ignored as non-lamp-shaped color patch; reason=aspect bbox=328x40px
[gazebo_track_car-2] [INFO] [1781167709.480345413] [gazebo_track_car]: camera traffic-light green candidate ignored as non-lamp-shaped color patch; reason=aspect bbox=390x90px
[gazebo_track_car-2] [INFO] [1781167709.508360061] [gazebo_track_car]: camera traffic-light green candidate ignored as non-lamp-shaped color patch; reason=aspect bbox=56x10px
[gazebo_track_car-2] [INFO] [1781167709.508711380] [gazebo_track_car]: camera traffic-light green candidate ignored as non-lamp-shaped color patch; reason=aspect bbox=330x41px
[gazebo_track_car-2] [INFO] [1781167709.509047161] [gazebo_track_car]: camera traffic-light green candidate ignored as non-lamp-shaped color patch; reason=aspect bbox=389x90px
[gazebo_track_car-2] [INFO] [1781167709.542496853] [gazebo_track_car]: camera traffic-light green candidate ignored as non-lamp-shaped color patch; reason=aspect bbox=57x10px
[gazebo_track_car-2] [INFO] [1781167709.543291465] [gazebo_track_car]: camera traffic-light green candidate ignored as non-lamp-shaped color patch; reason=aspect bbox=330x41px
[gazebo_track_car-2] [INFO] [1781167709.543712415] [gazebo_track_car]: camera traffic-light green candidate ignored as non-lamp-shaped color patch; reason=aspect bbox=388x89px
[gazebo_track_car-2] [INFO] [1781167709.576990124] [gazebo_track_car]: camera traffic-light green candidate ignored as non-lamp-shaped color patch; reason=aspect bbox=56x10px
[gazebo_track_car-2] [INFO] [1781167709.577265561] [gazebo_track_car]: camera traffic-light green candidate ignored as non-lamp-shaped color patch; reason=aspect bbox=331x41px
[gazebo_track_car-2] [INFO] [1781167709.577593197] [gazebo_track_car]: camera traffic-light green candidate ignored as non-lamp-shaped color patch; reason=aspect bbox=388x90px
[gazebo_track_car-2] [INFO] [1781167709.607627666] [gazebo_track_car]: camera traffic-light green candidate ignored as non-lamp-shaped color patch; reason=aspect bbox=56x10px
[gazebo_track_car-2] [INFO] [1781167709.607915436] [gazebo_track_car]: camera traffic-light green candidate ignored as non-lamp-shaped color patch; reason=aspect bbox=331x41px
[gazebo_track_car-2] [INFO] [1781167709.608252599] [gazebo_track_car]: camera traffic-light green candidate ignored as non-lamp-shaped color patch; reason=aspect bbox=388x90px
[gazebo_track_car-2] [INFO] [1781167709.634746030] [gazebo_track_car]: camera traffic-light green candidate ignored as non-lamp-shaped color patch; reason=aspect bbox=56x10px
[gazebo_track_car-2] [INFO] [1781167709.635472955] [gazebo_track_car]: camera traffic-light green candidate ignored as non-lamp-shaped color patch; reason=aspect bbox=331x41px
[gazebo_track_car-2] [INFO] [1781167709.635947656] [gazebo_track_car]: camera traffic-light green candidate ignored as non-lamp-shaped color patch; reason=aspect bbox=388x90px
[gazebo_track_car-2] [INFO] [1781167709.677214064] [gazebo_track_car]: camera traffic-light green candidate ignored as non-lamp-shaped color patch; reason=aspect bbox=56x10px
[gazebo_track_car-2] [INFO] [1781167709.677481376] [gazebo_track_car]: camera traffic-light green candidate ignored as non-lamp-shaped color patch; reason=aspect bbox=331x41px
[gazebo_track_car-2] [INFO] [1781167709.677851281] [gazebo_track_car]: camera traffic-light green candidate ignored as non-lamp-shaped color patch; reason=aspect bbox=388x90px
[gazebo_track_car-2] [INFO] [1781167709.702468920] [gazebo_track_car]: camera traffic-light green candidate ignored as non-lamp-shaped color patch; reason=aspect bbox=57x10px
[gazebo_track_car-2] [INFO] [1781167709.703154538] [gazebo_track_car]: camera traffic-light green candidate ignored as non-lamp-shaped color patch; reason=aspect bbox=331x41px
[gazebo_track_car-2] [INFO] [1781167709.703861064] [gazebo_track_car]: camera traffic-light green candidate ignored as non-lamp-shaped color patch; reason=aspect bbox=388x89px
[gazebo_track_car-2] [INFO] [1781167709.745056657] [gazebo_track_car]: camera traffic-light green candidate ignored as non-lamp-shaped color patch; reason=aspect bbox=56x11px
[gazebo_track_car-2] [INFO] [1781167709.745728288] [gazebo_track_car]: camera traffic-light green candidate ignored as non-lamp-shaped color patch; reason=aspect bbox=328x41px
[gazebo_track_car-2] [INFO] [1781167709.746128750] [gazebo_track_car]: camera traffic-light green candidate ignored as non-lamp-shaped color patch; reason=aspect bbox=13x5px
[gazebo_track_car-2] [INFO] [1781167709.746371125] [gazebo_track_car]: camera traffic-light green candidate ignored as non-lamp-shaped color patch; reason=aspect bbox=388x89px
[gazebo_track_car-2] [INFO] [1781167709.784876461] [gazebo_track_car]: camera traffic-light green candidate ignored as non-lamp-shaped color patch; reason=aspect bbox=58x11px
[gazebo_track_car-2] [INFO] [1781167709.785152960] [gazebo_track_car]: camera traffic-light green candidate ignored as non-lamp-shaped color patch; reason=aspect bbox=330x42px
[gazebo_track_car-2] [INFO] [1781167709.785480555] [gazebo_track_car]: camera traffic-light green candidate ignored as non-lamp-shaped color patch; reason=aspect bbox=386x89px
[gazebo_track_car-2] [INFO] [1781167709.807632092] [gazebo_track_car]: camera traffic-light green candidate ignored as non-lamp-shaped color patch; reason=aspect bbox=59x11px
[gazebo_track_car-2] [INFO] [1781167709.808328559] [gazebo_track_car]: camera traffic-light green candidate ignored as non-lamp-shaped color patch; reason=aspect bbox=326x42px
[gazebo_track_car-2] [INFO] [1781167709.808658990] [gazebo_track_car]: camera traffic-light green candidate ignored as non-lamp-shaped color patch; reason=aspect bbox=10x4px
[gazebo_track_car-2] [INFO] [1781167709.808903870] [gazebo_track_car]: camera traffic-light green candidate ignored as non-lamp-shaped color patch; reason=fill bbox=14x6px
[gazebo_track_car-2] [INFO] [1781167709.809088336] [gazebo_track_car]: camera traffic-light green candidate ignored as non-lamp-shaped color patch; reason=aspect bbox=385x88px
[gazebo_track_car-2] [INFO] [1781167709.847712735] [gazebo_track_car]: camera traffic-light green candidate ignored as non-lamp-shaped color patch; reason=aspect bbox=325x42px
[gazebo_track_car-2] [INFO] [1781167709.848135349] [gazebo_track_car]: camera traffic-light green candidate ignored as non-lamp-shaped color patch; reason=aspect bbox=60x10px
[gazebo_track_car-2] [INFO] [1781167709.848698767] [gazebo_track_car]: camera traffic-light green candidate ignored as non-lamp-shaped color patch; reason=aspect bbox=386x88px
[gazebo_track_car-2] [INFO] [1781167709.875354934] [gazebo_track_car]: camera traffic-light green candidate ignored as non-lamp-shaped color patch; reason=aspect bbox=324x43px
[gazebo_track_car-2] [INFO] [1781167709.875665668] [gazebo_track_car]: camera traffic-light green candidate ignored as non-lamp-shaped color patch; reason=aspect bbox=60x10px
[gazebo_track_car-2] [INFO] [1781167709.876004003] [gazebo_track_car]: camera traffic-light green candidate ignored as non-lamp-shaped color patch; reason=fill bbox=14x6px
[gazebo_track_car-2] [INFO] [1781167709.876245546] [gazebo_track_car]: camera traffic-light green candidate ignored as non-lamp-shaped color patch; reason=aspect bbox=385x87px
[gazebo_track_car-2] [INFO] [1781167709.883180777] [gazebo_track_car]: MOTION pos=(-1.222,+2.479) yaw=-0.011 v=0.273 step_err=0.0054m/0.001rad track_err=0.0204m footprint=road:8.00px route=flat_top_center_to_top_right_reverse cmd_vel=(0.272,+0.049)
[gazebo_track_car-2] [INFO] [1781167709.912932966] [gazebo_track_car]: camera traffic-light green candidate ignored as non-lamp-shaped color patch; reason=aspect bbox=324x44px
[gazebo_track_car-2] [INFO] [1781167709.913224664] [gazebo_track_car]: camera traffic-light green candidate ignored as non-lamp-shaped color patch; reason=aspect bbox=61x10px
[gazebo_track_car-2] [INFO] [1781167709.913555595] [gazebo_track_car]: camera traffic-light green candidate ignored as non-lamp-shaped color patch; reason=aspect bbox=383x87px
[gazebo_track_car-2] [INFO] [1781167709.949455518] [gazebo_track_car]: camera traffic-light green candidate ignored as non-lamp-shaped color patch; reason=aspect bbox=322x44px
[gazebo_track_car-2] [INFO] [1781167709.949721307] [gazebo_track_car]: camera traffic-light green candidate ignored as non-lamp-shaped color patch; reason=aspect bbox=63x11px
[gazebo_track_car-2] [INFO] [1781167709.950042520] [gazebo_track_car]: camera traffic-light green candidate ignored as non-lamp-shaped color patch; reason=fill bbox=14x7px
[gazebo_track_car-2] [INFO] [1781167709.950224221] [gazebo_track_car]: camera traffic-light green candidate ignored as non-lamp-shaped color patch; reason=aspect bbox=382x86px
[gazebo_track_car-2] [INFO] [1781167709.987034117] [gazebo_track_car]: camera traffic-light green candidate ignored as non-lamp-shaped color patch; reason=aspect bbox=321x45px
[gazebo_track_car-2] [INFO] [1781167709.987314153] [gazebo_track_car]: camera traffic-light green candidate ignored as non-lamp-shaped color patch; reason=aspect bbox=63x11px
[gazebo_track_car-2] [INFO] [1781167709.987837941] [gazebo_track_car]: camera traffic-light green candidate ignored as non-lamp-shaped color patch; reason=aspect bbox=381x85px
[gazebo_track_car-2] [INFO] [1781167710.005305827] [gazebo_track_car]: camera traffic-light green candidate ignored as non-lamp-shaped color patch; reason=aspect bbox=320x46px
[gazebo_track_car-2] [INFO] [1781167710.006110588] [gazebo_track_car]: camera traffic-light green candidate ignored as non-lamp-shaped color patch; reason=aspect bbox=64x11px
[gazebo_track_car-2] [INFO] [1781167710.006754377] [gazebo_track_car]: camera traffic-light green candidate ignored as non-lamp-shaped color patch; reason=aspect bbox=380x85px
[gazebo_track_car-2] [INFO] [1781167710.070482985] [gazebo_track_car]: camera traffic-light green candidate ignored as non-lamp-shaped color patch; reason=aspect bbox=320x46px
[gazebo_track_car-2] [INFO] [1781167710.071173031] [gazebo_track_car]: camera traffic-light green candidate ignored as non-lamp-shaped color patch; reason=aspect bbox=64x11px
[gazebo_track_car-2] [INFO] [1781167710.071594903] [gazebo_track_car]: camera traffic-light green candidate ignored as non-lamp-shaped color patch; reason=fill bbox=16x7px
[gazebo_track_car-2] [INFO] [1781167710.072159773] [gazebo_track_car]: camera traffic-light green candidate ignored as non-lamp-shaped color patch; reason=aspect bbox=380x85px
[gazebo_track_car-2] [INFO] [1781167710.078151013] [gazebo_track_car]: camera traffic-light green candidate ignored as non-lamp-shaped color patch; reason=aspect bbox=320x46px
[gazebo_track_car-2] [INFO] [1781167710.078415710] [gazebo_track_car]: camera traffic-light green candidate ignored as non-lamp-shaped color patch; reason=aspect bbox=64x11px
[gazebo_track_car-2] [INFO] [1781167710.079110755] [gazebo_track_car]: camera traffic-light green candidate ignored as non-lamp-shaped color patch; reason=fill bbox=16x7px
[gazebo_track_car-2] [INFO] [1781167710.079358320] [gazebo_track_car]: camera traffic-light green candidate ignored as non-lamp-shaped color patch; reason=aspect bbox=380x85px
[gazebo_track_car-2] [INFO] [1781167710.112556003] [gazebo_track_car]: camera traffic-light green candidate ignored as non-lamp-shaped color patch; reason=aspect bbox=320x46px
[gazebo_track_car-2] [INFO] [1781167710.112892645] [gazebo_track_car]: camera traffic-light green candidate ignored as non-lamp-shaped color patch; reason=aspect bbox=64x11px
[gazebo_track_car-2] [INFO] [1781167710.113231441] [gazebo_track_car]: camera traffic-light green candidate ignored as non-lamp-shaped color patch; reason=fill bbox=16x7px
[gazebo_track_car-2] [INFO] [1781167710.113474387] [gazebo_track_car]: camera traffic-light green candidate ignored as non-lamp-shaped color patch; reason=aspect bbox=380x85px
[gazebo_track_car-2] [INFO] [1781167710.155685955] [gazebo_track_car]: camera traffic-light green candidate ignored as non-lamp-shaped color patch; reason=aspect bbox=320x46px
[gazebo_track_car-2] [INFO] [1781167710.155965770] [gazebo_track_car]: camera traffic-light green candidate ignored as non-lamp-shaped color patch; reason=aspect bbox=64x11px
[gazebo_track_car-2] [INFO] [1781167710.156383895] [gazebo_track_car]: camera traffic-light green candidate ignored as non-lamp-shaped color patch; reason=aspect bbox=380x85px
[gazebo_track_car-2] [INFO] [1781167710.156637852] [gazebo_track_car]: camera traffic-light green candidate ignored as non-lamp-shaped color patch; reason=aspect bbox=15x6px
[gazebo_track_car-2] [INFO] [1781167710.179807256] [gazebo_track_car]: camera traffic-light green candidate ignored as non-lamp-shaped color patch; reason=aspect bbox=322x47px
[gazebo_track_car-2] [INFO] [1781167710.180136624] [gazebo_track_car]: camera traffic-light green candidate ignored as non-lamp-shaped color patch; reason=aspect bbox=65x11px
[gazebo_track_car-2] [INFO] [1781167710.180342721] [gazebo_track_car]: camera traffic-light green candidate ignored as non-lamp-shaped color patch; reason=fill bbox=16x7px
[gazebo_track_car-2] [INFO] [1781167710.180521106] [gazebo_track_car]: camera traffic-light green candidate ignored as non-lamp-shaped color patch; reason=aspect bbox=379x84px
[gazebo_track_car-2] [INFO] [1781167710.209546826] [gazebo_track_car]: camera traffic-light green candidate ignored as non-lamp-shaped color patch; reason=aspect bbox=8x3px
[gazebo_track_car-2] [INFO] [1781167710.209821070] [gazebo_track_car]: camera traffic-light green candidate ignored as non-lamp-shaped color patch; reason=aspect bbox=321x48px
[gazebo_track_car-2] [INFO] [1781167710.210327902] [gazebo_track_car]: camera traffic-light green candidate ignored as non-lamp-shaped color patch; reason=aspect bbox=67x11px
[gazebo_track_car-2] [INFO] [1781167710.210571840] [gazebo_track_car]: camera traffic-light green candidate ignored as non-lamp-shaped color patch; reason=fill bbox=16x7px
[gazebo_track_car-2] [INFO] [1781167710.210771104] [gazebo_track_car]: camera traffic-light green candidate ignored as non-lamp-shaped color patch; reason=aspect bbox=378x84px
[gazebo_track_car-2] [INFO] [1781167710.251282478] [gazebo_track_car]: camera traffic-light green candidate ignored as non-lamp-shaped color patch; reason=aspect bbox=320x49px
[gazebo_track_car-2] [INFO] [1781167710.251980719] [gazebo_track_car]: camera traffic-light green candidate ignored as non-lamp-shaped color patch; reason=aspect bbox=67x12px
[gazebo_track_car-2] [INFO] [1781167710.252228524] [gazebo_track_car]: camera traffic-light green candidate ignored as non-lamp-shaped color patch; reason=fill bbox=16x8px
[gazebo_track_car-2] [INFO] [1781167710.252415034] [gazebo_track_car]: camera traffic-light green candidate ignored as non-lamp-shaped color patch; reason=aspect bbox=377x83px
[gazebo_track_car-2] [INFO] [1781167710.278864929] [gazebo_track_car]: camera traffic-light green candidate ignored as non-lamp-shaped color patch; reason=aspect bbox=68x12px
[gazebo_track_car-2] [INFO] [1781167710.279150826] [gazebo_track_car]: camera traffic-light green candidate ignored as non-lamp-shaped color patch; reason=aspect bbox=317x48px
[gazebo_track_car-2] [INFO] [1781167710.279487639] [gazebo_track_car]: camera traffic-light green candidate ignored as non-lamp-shaped color patch; reason=aspect bbox=375x82px
[gazebo_track_car-2] [INFO] [1781167710.303261196] [gazebo_track_car]: camera traffic-light green candidate ignored as non-lamp-shaped color patch; reason=aspect bbox=68x11px
[gazebo_track_car-2] [INFO] [1781167710.303537605] [gazebo_track_car]: camera traffic-light green candidate ignored as non-lamp-shaped color patch; reason=aspect bbox=317x49px
[gazebo_track_car-2] [INFO] [1781167710.303866863] [gazebo_track_car]: camera traffic-light green candidate ignored as non-lamp-shaped color patch; reason=aspect bbox=375x82px
[gazebo_track_car-2] [WARN] [1781167710.309447312] [gazebo_track_car]: JITTER events=18 reasons=speed_delta=0.128m/s pos=(-1.142,+2.478) step=0.0041/0.0000m yaw=0.000/0.000rad route=flat_top_center_to_top_right_reverse
[gazebo_track_car-2] [INFO] [1781167710.356887447] [gazebo_track_car]: camera traffic-light green candidate ignored as non-lamp-shaped color patch; reason=aspect bbox=69x11px
[gazebo_track_car-2] [INFO] [1781167710.357155620] [gazebo_track_car]: camera traffic-light green candidate ignored as non-lamp-shaped color patch; reason=aspect bbox=317x48px
[gazebo_track_car-2] [INFO] [1781167710.357514124] [gazebo_track_car]: camera traffic-light green candidate ignored as non-lamp-shaped color patch; reason=aspect bbox=375x82px
[gazebo_track_car-2] [INFO] [1781167710.367714676] [gazebo_track_car]: camera traffic-light green candidate ignored as non-lamp-shaped color patch; reason=aspect bbox=69x11px
[gazebo_track_car-2] [INFO] [1781167710.368030309] [gazebo_track_car]: camera traffic-light green candidate ignored as non-lamp-shaped color patch; reason=aspect bbox=317x48px
[gazebo_track_car-2] [INFO] [1781167710.368348467] [gazebo_track_car]: camera traffic-light green candidate ignored as non-lamp-shaped color patch; reason=aspect bbox=375x82px
[gazebo_track_car-2] [INFO] [1781167710.399548999] [gazebo_track_car]: camera traffic-light green candidate ignored as non-lamp-shaped color patch; reason=aspect bbox=69x11px
[gazebo_track_car-2] [INFO] [1781167710.400360994] [gazebo_track_car]: camera traffic-light green candidate ignored as non-lamp-shaped color patch; reason=aspect bbox=316x48px
[gazebo_track_car-2] [INFO] [1781167710.400694510] [gazebo_track_car]: camera traffic-light green candidate ignored as non-lamp-shaped color patch; reason=aspect bbox=17x7px
[gazebo_track_car-2] [INFO] [1781167710.400899435] [gazebo_track_car]: camera traffic-light green candidate ignored as non-lamp-shaped color patch; reason=aspect bbox=374x82px
[gazebo_track_car-2] [INFO] [1781167710.453572496] [gazebo_track_car]: camera traffic-light green candidate ignored as non-lamp-shaped color patch; reason=aspect bbox=69x11px
[gazebo_track_car-2] [INFO] [1781167710.453850277] [gazebo_track_car]: camera traffic-light green candidate ignored as non-lamp-shaped color patch; reason=aspect bbox=315x50px
[gazebo_track_car-2] [INFO] [1781167710.454175568] [gazebo_track_car]: camera traffic-light green candidate ignored as non-lamp-shaped color patch; reason=aspect bbox=375x81px
[gazebo_track_car-2] [INFO] [1781167710.469167886] [gazebo_track_car]: camera traffic-light green candidate ignored as non-lamp-shaped color patch; reason=aspect bbox=71x11px
[gazebo_track_car-2] [INFO] [1781167710.469912133] [gazebo_track_car]: camera traffic-light green candidate ignored as non-lamp-shaped color patch; reason=aspect bbox=314x50px
[gazebo_track_car-2] [INFO] [1781167710.470179786] [gazebo_track_car]: camera traffic-light green candidate ignored as non-lamp-shaped color patch; reason=fill bbox=17x9px
[gazebo_track_car-2] [INFO] [1781167710.470499947] [gazebo_track_car]: camera traffic-light green candidate ignored as non-lamp-shaped color patch; reason=aspect bbox=373x81px
[gazebo_track_car-2] [INFO] [1781167710.515135987] [gazebo_track_car]: camera traffic-light green candidate ignored as non-lamp-shaped color patch; reason=aspect bbox=72x12px
[gazebo_track_car-2] [INFO] [1781167710.515408188] [gazebo_track_car]: camera traffic-light green candidate ignored as non-lamp-shaped color patch; reason=aspect bbox=313x51px
[gazebo_track_car-2] [INFO] [1781167710.515592544] [gazebo_track_car]: camera traffic-light green candidate ignored as non-lamp-shaped color patch; reason=fill bbox=18x9px
[gazebo_track_car-2] [INFO] [1781167710.515765439] [gazebo_track_car]: camera traffic-light green candidate ignored as non-lamp-shaped color patch; reason=aspect bbox=372x80px
[gazebo_track_car-2] [INFO] [1781167710.535752870] [gazebo_track_car]: camera traffic-light green candidate ignored as non-lamp-shaped color patch; reason=aspect bbox=73x12px
[gazebo_track_car-2] [INFO] [1781167710.536036703] [gazebo_track_car]: camera traffic-light green candidate ignored as non-lamp-shaped color patch; reason=aspect bbox=312x50px
[gazebo_track_car-2] [INFO] [1781167710.536226249] [gazebo_track_car]: camera traffic-light green candidate ignored as non-lamp-shaped color patch; reason=fill bbox=18x9px
[gazebo_track_car-2] [INFO] [1781167710.536439359] [gazebo_track_car]: camera traffic-light green candidate ignored as non-lamp-shaped color patch; reason=aspect bbox=371x79px
[gazebo_track_car-2] [INFO] [1781167710.578207802] [gazebo_track_car]: camera traffic-light green candidate ignored as non-lamp-shaped color patch; reason=aspect bbox=75x12px
[gazebo_track_car-2] [INFO] [1781167710.578478390] [gazebo_track_car]: camera traffic-light green candidate ignored as non-lamp-shaped color patch; reason=aspect bbox=311x51px
[gazebo_track_car-2] [INFO] [1781167710.578817477] [gazebo_track_car]: camera traffic-light green candidate ignored as non-lamp-shaped color patch; reason=aspect bbox=369x79px
[gazebo_track_car-2] [INFO] [1781167710.613452731] [gazebo_track_car]: camera traffic-light green candidate ignored as non-lamp-shaped color patch; reason=aspect bbox=76x12px
[gazebo_track_car-2] [INFO] [1781167710.613727287] [gazebo_track_car]: camera traffic-light green candidate ignored as non-lamp-shaped color patch; reason=aspect bbox=311x52px
[gazebo_track_car-2] [INFO] [1781167710.614057607] [gazebo_track_car]: camera traffic-light green candidate ignored as non-lamp-shaped color patch; reason=aspect bbox=368x78px
[gazebo_track_car-2] [INFO] [1781167710.675784315] [gazebo_track_car]: camera traffic-light green candidate ignored as non-lamp-shaped color patch; reason=aspect bbox=77x12px
[gazebo_track_car-2] [INFO] [1781167710.676045315] [gazebo_track_car]: camera traffic-light green candidate ignored as non-lamp-shaped color patch; reason=aspect bbox=310x54px
[gazebo_track_car-2] [INFO] [1781167710.676362981] [gazebo_track_car]: camera traffic-light green candidate ignored as non-lamp-shaped color patch; reason=aspect bbox=367x77px
[gazebo_track_car-2] [INFO] [1781167710.686410068] [gazebo_track_car]: camera traffic-light green candidate ignored as non-lamp-shaped color patch; reason=aspect bbox=78x12px
[gazebo_track_car-2] [INFO] [1781167710.686733185] [gazebo_track_car]: camera traffic-light green candidate ignored as non-lamp-shaped color patch; reason=aspect bbox=310x55px
[gazebo_track_car-2] [INFO] [1781167710.687086949] [gazebo_track_car]: camera traffic-light green candidate ignored as non-lamp-shaped color patch; reason=aspect bbox=366x77px
[gazebo_track_car-2] [INFO] [1781167710.711656492] [gazebo_track_car]: camera traffic-light green candidate ignored as non-lamp-shaped color patch; reason=aspect bbox=79x13px
[gazebo_track_car-2] [INFO] [1781167710.711923473] [gazebo_track_car]: camera traffic-light green candidate ignored as non-lamp-shaped color patch; reason=aspect bbox=310x55px
[gazebo_track_car-2] [INFO] [1781167710.712241570] [gazebo_track_car]: camera traffic-light green candidate ignored as non-lamp-shaped color patch; reason=aspect bbox=365x76px
[gazebo_track_car-2] [INFO] [1781167710.747372794] [gazebo_track_car]: camera traffic-light green candidate ignored as non-lamp-shaped color patch; reason=aspect bbox=80x13px
[gazebo_track_car-2] [INFO] [1781167710.747704156] [gazebo_track_car]: camera traffic-light green candidate ignored as non-lamp-shaped color patch; reason=aspect bbox=310x56px
[gazebo_track_car-2] [INFO] [1781167710.748451219] [gazebo_track_car]: camera traffic-light green candidate ignored as non-lamp-shaped color patch; reason=aspect bbox=364x75px
[gazebo_track_car-2] [INFO] [1781167710.772771022] [gazebo_track_car]: camera traffic-light green candidate ignored as non-lamp-shaped color patch; reason=aspect bbox=307x56px
[gazebo_track_car-2] [INFO] [1781167710.773051669] [gazebo_track_car]: camera traffic-light green candidate ignored as non-lamp-shaped color patch; reason=aspect bbox=82x12px
[gazebo_track_car-2] [INFO] [1781167710.774296086] [gazebo_track_car]: camera traffic-light green candidate ignored as non-lamp-shaped color patch; reason=fill bbox=21x12px
[gazebo_track_car-2] [INFO] [1781167710.774740560] [gazebo_track_car]: camera traffic-light green candidate ignored as non-lamp-shaped color patch; reason=aspect bbox=363x75px
[gazebo_track_car-2] [INFO] [1781167710.813206245] [gazebo_track_car]: camera traffic-light green candidate ignored as non-lamp-shaped color patch; reason=aspect bbox=306x57px
[gazebo_track_car-2] [INFO] [1781167710.813487152] [gazebo_track_car]: camera traffic-light green candidate ignored as non-lamp-shaped color patch; reason=aspect bbox=83x12px
[gazebo_track_car-2] [INFO] [1781167710.813814868] [gazebo_track_car]: camera traffic-light green candidate ignored as non-lamp-shaped color patch; reason=aspect bbox=361x74px
[gazebo_track_car-2] [INFO] [1781167710.864540140] [gazebo_track_car]: camera traffic-light green candidate ignored as non-lamp-shaped color patch; reason=aspect bbox=84x12px
[gazebo_track_car-2] [INFO] [1781167710.864916327] [gazebo_track_car]: camera traffic-light green candidate ignored as non-lamp-shaped color patch; reason=aspect bbox=305x57px
[gazebo_track_car-2] [INFO] [1781167710.865317650] [gazebo_track_car]: camera traffic-light green candidate ignored as non-lamp-shaped color patch; reason=aspect bbox=360x73px
[gazebo_track_car-2] [INFO] [1781167710.896569319] [gazebo_track_car]: camera traffic-light green candidate ignored as non-lamp-shaped color patch; reason=aspect bbox=86x13px
[gazebo_track_car-2] [INFO] [1781167710.896925719] [gazebo_track_car]: camera traffic-light green candidate ignored as non-lamp-shaped color patch; reason=aspect bbox=304x58px
[gazebo_track_car-2] [INFO] [1781167710.897145331] [gazebo_track_car]: camera traffic-light green candidate ignored as non-lamp-shaped color patch; reason=fill bbox=22x13px
[gazebo_track_car-2] [INFO] [1781167710.897355405] [gazebo_track_car]: camera traffic-light green candidate ignored as non-lamp-shaped color patch; reason=aspect bbox=358x73px
[gazebo_track_car-2] [INFO] [1781167710.926662022] [gazebo_track_car]: camera traffic-light green candidate ignored as non-lamp-shaped color patch; reason=aspect bbox=87x13px
[gazebo_track_car-2] [INFO] [1781167710.926966003] [gazebo_track_car]: camera traffic-light green candidate ignored as non-lamp-shaped color patch; reason=aspect bbox=304x59px
[gazebo_track_car-2] [INFO] [1781167710.927165307] [gazebo_track_car]: camera traffic-light green candidate ignored as non-lamp-shaped color patch; reason=fill bbox=23x13px
[gazebo_track_car-2] [INFO] [1781167710.927345435] [gazebo_track_car]: camera traffic-light green candidate ignored as non-lamp-shaped color patch; reason=aspect bbox=357x72px
[gazebo_track_car-2] [INFO] [1781167710.951082105] [gazebo_track_car]: camera traffic-light green candidate ignored as non-lamp-shaped color patch; reason=aspect bbox=88x13px
[gazebo_track_car-2] [INFO] [1781167710.951982956] [gazebo_track_car]: camera traffic-light green candidate ignored as non-lamp-shaped color patch; reason=aspect bbox=304x59px
[gazebo_track_car-2] [INFO] [1781167710.952717035] [gazebo_track_car]: camera traffic-light green candidate ignored as non-lamp-shaped color patch; reason=aspect bbox=356x72px
[gazebo_track_car-2] [INFO] [1781167710.983732570] [gazebo_track_car]: camera traffic-light green candidate ignored as non-lamp-shaped color patch; reason=aspect bbox=88x13px
[gazebo_track_car-2] [INFO] [1781167710.984684156] [gazebo_track_car]: camera traffic-light green candidate ignored as non-lamp-shaped color patch; reason=aspect bbox=304x59px
[gazebo_track_car-2] [INFO] [1781167710.985104135] [gazebo_track_car]: camera traffic-light green candidate ignored as non-lamp-shaped color patch; reason=aspect bbox=356x72px
[gazebo_track_car-2] [INFO] [1781167711.017462770] [gazebo_track_car]: camera traffic-light green candidate ignored as non-lamp-shaped color patch; reason=aspect bbox=88x13px
[gazebo_track_car-2] [INFO] [1781167711.017751151] [gazebo_track_car]: camera traffic-light green candidate ignored as non-lamp-shaped color patch; reason=aspect bbox=304x59px
[gazebo_track_car-2] [INFO] [1781167711.018092272] [gazebo_track_car]: camera traffic-light green candidate ignored as non-lamp-shaped color patch; reason=aspect bbox=356x72px
[gazebo_track_car-2] [INFO] [1781167711.049627542] [gazebo_track_car]: camera traffic-light green candidate ignored as non-lamp-shaped color patch; reason=aspect bbox=88x13px
[gazebo_track_car-2] [INFO] [1781167711.049917597] [gazebo_track_car]: camera traffic-light green candidate ignored as non-lamp-shaped color patch; reason=aspect bbox=304x59px
[gazebo_track_car-2] [INFO] [1781167711.050281891] [gazebo_track_car]: camera traffic-light green candidate ignored as non-lamp-shaped color patch; reason=aspect bbox=356x72px
[gazebo_track_car-2] [INFO] [1781167711.071969025] [gazebo_track_car]: camera traffic-light green candidate ignored as non-lamp-shaped color patch; reason=aspect bbox=88x13px
[gazebo_track_car-2] [INFO] [1781167711.072795467] [gazebo_track_car]: camera traffic-light green candidate ignored as non-lamp-shaped color patch; reason=aspect bbox=304x59px
[gazebo_track_car-2] [INFO] [1781167711.073419789] [gazebo_track_car]: camera traffic-light green candidate ignored as non-lamp-shaped color patch; reason=aspect bbox=356x72px
[gazebo_track_car-2] [INFO] [1781167711.104204375] [gazebo_track_car]: camera traffic-light green candidate ignored as non-lamp-shaped color patch; reason=aspect bbox=88x13px
[gazebo_track_car-2] [INFO] [1781167711.104476946] [gazebo_track_car]: camera traffic-light green candidate ignored as non-lamp-shaped color patch; reason=aspect bbox=304x59px
[gazebo_track_car-2] [INFO] [1781167711.104748757] [gazebo_track_car]: camera traffic-light green candidate ignored as non-lamp-shaped color patch; reason=fill bbox=23x13px
[gazebo_track_car-2] [INFO] [1781167711.105054912] [gazebo_track_car]: camera traffic-light green candidate ignored as non-lamp-shaped color patch; reason=aspect bbox=356x72px
[gazebo_track_car-2] [INFO] [1781167711.150243344] [gazebo_track_car]: camera traffic-light green candidate ignored as non-lamp-shaped color patch; reason=aspect bbox=89x13px
[gazebo_track_car-2] [INFO] [1781167711.150636092] [gazebo_track_car]: camera traffic-light green candidate ignored as non-lamp-shaped color patch; reason=aspect bbox=304x59px
[gazebo_track_car-2] [INFO] [1781167711.150853871] [gazebo_track_car]: camera traffic-light green candidate ignored as non-lamp-shaped color patch; reason=fill bbox=23x13px
[gazebo_track_car-2] [INFO] [1781167711.151272838] [gazebo_track_car]: camera traffic-light green candidate ignored as non-lamp-shaped color patch; reason=aspect bbox=356x71px
[gazebo_track_car-2] [INFO] [1781167711.186253614] [gazebo_track_car]: camera traffic-light green candidate ignored as non-lamp-shaped color patch; reason=aspect bbox=304x61px
[gazebo_track_car-2] [INFO] [1781167711.186534111] [gazebo_track_car]: camera traffic-light green candidate ignored as non-lamp-shaped color patch; reason=aspect bbox=90x13px
[gazebo_track_car-2] [INFO] [1781167711.187333742] [gazebo_track_car]: camera traffic-light green candidate ignored as non-lamp-shaped color patch; reason=aspect bbox=354x70px
[gazebo_track_car-2] [INFO] [1781167711.233595269] [gazebo_track_car]: camera traffic-light green candidate ignored as non-lamp-shaped color patch; reason=aspect bbox=304x61px
[gazebo_track_car-2] [INFO] [1781167711.233986594] [gazebo_track_car]: camera traffic-light green candidate ignored as non-lamp-shaped color patch; reason=aspect bbox=90x13px
[gazebo_track_car-2] [INFO] [1781167711.234339427] [gazebo_track_car]: camera traffic-light green candidate ignored as non-lamp-shaped color patch; reason=aspect bbox=353x70px
[gazebo_track_car-2] [INFO] [1781167711.244644748] [gazebo_track_car]: camera traffic-light green candidate ignored as non-lamp-shaped color patch; reason=aspect bbox=304x61px
[gazebo_track_car-2] [INFO] [1781167711.244930685] [gazebo_track_car]: camera traffic-light green candidate ignored as non-lamp-shaped color patch; reason=aspect bbox=89x14px
[gazebo_track_car-2] [INFO] [1781167711.245858788] [gazebo_track_car]: camera traffic-light green candidate ignored as non-lamp-shaped color patch; reason=aspect bbox=351x69px
[gazebo_track_car-2] [INFO] [1781167711.250196873] [gazebo_track_car]: camera_sign=camera_sign_turn_right source=camera kind=turn_right_sign maneuver=right score=0.48 area=493px bbox=17x29px center=(565,231)
[gazebo_track_car-2] [INFO] [1781167711.285431265] [gazebo_track_car]: camera traffic-light green candidate ignored as non-lamp-shaped color patch; reason=aspect bbox=304x61px
[gazebo_track_car-2] [INFO] [1781167711.286239763] [gazebo_track_car]: camera traffic-light green candidate ignored as non-lamp-shaped color patch; reason=aspect bbox=91x14px
[gazebo_track_car-2] [INFO] [1781167711.286836323] [gazebo_track_car]: camera traffic-light green candidate ignored as non-lamp-shaped color patch; reason=aspect bbox=350x68px
[gazebo_track_car-2] [WARN] [1781167711.301867038] [gazebo_track_car]: JITTER events=12 reasons=speed_delta=0.127m/s pos=(-0.953,+2.478) step=0.0042/0.0000m yaw=0.000/0.000rad route=flat_top_center_to_top_right_reverse
[gazebo_track_car-2] [INFO] [1781167711.310132969] [gazebo_track_car]: camera traffic-light green candidate ignored as non-lamp-shaped color patch; reason=aspect bbox=91x14px
[gazebo_track_car-2] [INFO] [1781167711.310409899] [gazebo_track_car]: camera traffic-light green candidate ignored as non-lamp-shaped color patch; reason=aspect bbox=300x60px
[gazebo_track_car-2] [INFO] [1781167711.310741973] [gazebo_track_car]: camera traffic-light green candidate ignored as non-lamp-shaped color patch; reason=aspect bbox=347x67px
[gazebo_track_car-2] [INFO] [1781167711.341283222] [gazebo_track_car]: camera traffic-light green candidate ignored as non-lamp-shaped color patch; reason=aspect bbox=92x14px
[gazebo_track_car-2] [INFO] [1781167711.342147976] [gazebo_track_car]: camera traffic-light green candidate ignored as non-lamp-shaped color patch; reason=aspect bbox=300x59px
[gazebo_track_car-2] [INFO] [1781167711.342611937] [gazebo_track_car]: camera traffic-light green candidate ignored as non-lamp-shaped color patch; reason=aspect bbox=349x67px
[gazebo_track_car-2] [INFO] [1781167711.378471483] [gazebo_track_car]: camera traffic-light green candidate ignored as non-lamp-shaped color patch; reason=aspect bbox=92x14px
[gazebo_track_car-2] [INFO] [1781167711.379684210] [gazebo_track_car]: camera traffic-light green candidate ignored as non-lamp-shaped color patch; reason=aspect bbox=300x59px
[gazebo_track_car-2] [INFO] [1781167711.380095924] [gazebo_track_car]: camera traffic-light green candidate ignored as non-lamp-shaped color patch; reason=aspect bbox=349x67px
[gazebo_track_car-2] [INFO] [1781167711.386480952] [gazebo_track_car]: camera sign ignored because scene sign context disagrees; detected=turn_right_sign scene_ahead=go_straight_sign
[gazebo_track_car-2] [INFO] [1781167711.412520328] [gazebo_track_car]: camera traffic-light green candidate ignored as non-lamp-shaped color patch; reason=aspect bbox=92x14px
[gazebo_track_car-2] [INFO] [1781167711.412786818] [gazebo_track_car]: camera traffic-light green candidate ignored as non-lamp-shaped color patch; reason=aspect bbox=300x59px
[gazebo_track_car-2] [INFO] [1781167711.413150191] [gazebo_track_car]: camera traffic-light green candidate ignored as non-lamp-shaped color patch; reason=aspect bbox=349x67px
[gazebo_track_car-2] [INFO] [1781167711.438965636] [gazebo_track_car]: camera traffic-light green candidate ignored as non-lamp-shaped color patch; reason=aspect bbox=305x61px
[gazebo_track_car-2] [INFO] [1781167711.440389780] [gazebo_track_car]: camera traffic-light green candidate ignored as non-lamp-shaped color patch; reason=aspect bbox=91x14px
[gazebo_track_car-2] [INFO] [1781167711.441795550] [gazebo_track_car]: camera traffic-light green candidate ignored as non-lamp-shaped color patch; reason=aspect bbox=347x67px
[gazebo_track_car-2] [INFO] [1781167711.474318080] [gazebo_track_car]: camera traffic-light green candidate ignored as non-lamp-shaped color patch; reason=aspect bbox=306x62px
[gazebo_track_car-2] [INFO] [1781167711.474827596] [gazebo_track_car]: camera traffic-light green candidate ignored as non-lamp-shaped color patch; reason=aspect bbox=91x14px
[gazebo_track_car-2] [INFO] [1781167711.475340339] [gazebo_track_car]: camera traffic-light green candidate ignored as non-lamp-shaped color patch; reason=aspect bbox=346x67px
[gazebo_track_car-2] [INFO] [1781167711.521449491] [gazebo_track_car]: camera traffic-light green candidate ignored as non-lamp-shaped color patch; reason=aspect bbox=306x62px
[gazebo_track_car-2] [INFO] [1781167711.522451122] [gazebo_track_car]: camera traffic-light green candidate ignored as non-lamp-shaped color patch; reason=aspect bbox=91x13px
[gazebo_track_car-2] [INFO] [1781167711.522856002] [gazebo_track_car]: camera traffic-light green candidate ignored as non-lamp-shaped color patch; reason=aspect bbox=344x66px
[gazebo_track_car-2] [INFO] [1781167711.550162397] [gazebo_track_car]: camera traffic-light green candidate ignored as non-lamp-shaped color patch; reason=aspect bbox=92x14px
[gazebo_track_car-2] [INFO] [1781167711.550444216] [gazebo_track_car]: camera traffic-light green candidate ignored as non-lamp-shaped color patch; reason=aspect bbox=301x61px
[gazebo_track_car-2] [INFO] [1781167711.550774827] [gazebo_track_car]: camera traffic-light green candidate ignored as non-lamp-shaped color patch; reason=aspect bbox=342x65px
[gazebo_track_car-2] [INFO] [1781167711.574842480] [gazebo_track_car]: camera traffic-light green candidate ignored as non-lamp-shaped color patch; reason=aspect bbox=93x14px
[gazebo_track_car-2] [INFO] [1781167711.575110954] [gazebo_track_car]: camera traffic-light green candidate ignored as non-lamp-shaped color patch; reason=aspect bbox=300x60px
[gazebo_track_car-2] [INFO] [1781167711.575457896] [gazebo_track_car]: camera traffic-light green candidate ignored as non-lamp-shaped color patch; reason=aspect bbox=339x64px
[gazebo_track_car-2] [INFO] [1781167711.621710477] [gazebo_track_car]: camera traffic-light green candidate ignored as non-lamp-shaped color patch; reason=aspect bbox=95x14px
[gazebo_track_car-2] [INFO] [1781167711.622765738] [gazebo_track_car]: camera traffic-light green candidate ignored as non-lamp-shaped color patch; reason=aspect bbox=299x60px
[gazebo_track_car-2] [INFO] [1781167711.623199823] [gazebo_track_car]: camera traffic-light green candidate ignored as non-lamp-shaped color patch; reason=aspect bbox=337x63px
[gazebo_track_car-2] [INFO] [1781167711.651274270] [gazebo_track_car]: camera traffic-light green candidate ignored as non-lamp-shaped color patch; reason=aspect bbox=95x14px
[gazebo_track_car-2] [INFO] [1781167711.651547774] [gazebo_track_car]: camera traffic-light green candidate ignored as non-lamp-shaped color patch; reason=aspect bbox=299x60px
[gazebo_track_car-2] [INFO] [1781167711.651873416] [gazebo_track_car]: camera traffic-light green candidate ignored as non-lamp-shaped color patch; reason=aspect bbox=336x62px
[gazebo_track_car-2] [INFO] [1781167711.674522415] [gazebo_track_car]: camera traffic-light green candidate ignored as non-lamp-shaped color patch; reason=aspect bbox=95x15px
[gazebo_track_car-2] [INFO] [1781167711.675557408] [gazebo_track_car]: camera traffic-light green candidate ignored as non-lamp-shaped color patch; reason=aspect bbox=299x60px
[gazebo_track_car-2] [INFO] [1781167711.676266430] [gazebo_track_car]: camera traffic-light green candidate ignored as non-lamp-shaped color patch; reason=aspect bbox=336x61px
[gazebo_track_car-2] [INFO] [1781167711.709194491] [gazebo_track_car]: camera traffic-light green candidate ignored as non-lamp-shaped color patch; reason=aspect bbox=96x15px
[gazebo_track_car-2] [INFO] [1781167711.709464859] [gazebo_track_car]: camera traffic-light green candidate ignored as non-lamp-shaped color patch; reason=aspect bbox=299x59px
[gazebo_track_car-2] [INFO] [1781167711.709788787] [gazebo_track_car]: camera traffic-light green candidate ignored as non-lamp-shaped color patch; reason=aspect bbox=331x60px
[gazebo_track_car-2] [INFO] [1781167711.763709046] [gazebo_track_car]: camera traffic-light green candidate ignored as non-lamp-shaped color patch; reason=aspect bbox=97x15px
[gazebo_track_car-2] [INFO] [1781167711.763977861] [gazebo_track_car]: camera traffic-light green candidate ignored as non-lamp-shaped color patch; reason=aspect bbox=298x59px
[gazebo_track_car-2] [INFO] [1781167711.764400935] [gazebo_track_car]: camera traffic-light green candidate ignored as non-lamp-shaped color patch; reason=aspect bbox=329x59px
[gazebo_track_car-2] [INFO] [1781167711.786103988] [gazebo_track_car]: camera traffic-light green candidate ignored as non-lamp-shaped color patch; reason=aspect bbox=97x15px
[gazebo_track_car-2] [INFO] [1781167711.786373073] [gazebo_track_car]: camera traffic-light green candidate ignored as non-lamp-shaped color patch; reason=aspect bbox=297x59px
[gazebo_track_car-2] [INFO] [1781167711.786700478] [gazebo_track_car]: camera traffic-light green candidate ignored as non-lamp-shaped color patch; reason=aspect bbox=326x58px
[gazebo_track_car-2] [INFO] [1781167711.828834476] [gazebo_track_car]: camera traffic-light green candidate ignored as non-lamp-shaped color patch; reason=aspect bbox=293x59px
[gazebo_track_car-2] [INFO] [1781167711.829102439] [gazebo_track_car]: camera traffic-light green candidate ignored as non-lamp-shaped color patch; reason=aspect bbox=97x14px
[gazebo_track_car-2] [INFO] [1781167711.829504514] [gazebo_track_car]: camera traffic-light green candidate ignored as non-lamp-shaped color patch; reason=aspect bbox=326x57px
[gazebo_track_car-2] [INFO] [1781167711.843967903] [gazebo_track_car]: camera traffic-light green candidate ignored as non-lamp-shaped color patch; reason=aspect bbox=99x15px
[gazebo_track_car-2] [INFO] [1781167711.845049955] [gazebo_track_car]: camera traffic-light green candidate ignored as non-lamp-shaped color patch; reason=aspect bbox=293x58px
[gazebo_track_car-2] [INFO] [1781167711.845608954] [gazebo_track_car]: camera traffic-light green candidate ignored as non-lamp-shaped color patch; reason=aspect bbox=322x56px
[gazebo_track_car-2] [INFO] [1781167711.890062427] [gazebo_track_car]: camera traffic-light green candidate ignored as non-lamp-shaped color patch; reason=aspect bbox=101x15px
[gazebo_track_car-2] [INFO] [1781167711.890341712] [gazebo_track_car]: camera traffic-light green candidate ignored as non-lamp-shaped color patch; reason=aspect bbox=293x58px
[gazebo_track_car-2] [INFO] [1781167711.890677131] [gazebo_track_car]: camera traffic-light green candidate ignored as non-lamp-shaped color patch; reason=aspect bbox=320x54px
[gazebo_track_car-2] [INFO] [1781167711.897102685] [gazebo_track_car]: MOTION pos=(-0.825,+2.478) yaw=+0.003 v=0.278 step_err=0.0056m/0.000rad track_err=0.0325m footprint=road:8.00px route=flat_top_center_to_top_right_reverse cmd_vel=(0.278,+0.013)
[gazebo_track_car-2] [INFO] [1781167711.913492242] [gazebo_track_car]: camera traffic-light green candidate ignored as non-lamp-shaped color patch; reason=aspect bbox=101x15px
[gazebo_track_car-2] [INFO] [1781167711.914257289] [gazebo_track_car]: camera traffic-light green candidate ignored as non-lamp-shaped color patch; reason=aspect bbox=293x58px
[gazebo_track_car-2] [INFO] [1781167711.915154655] [gazebo_track_car]: camera traffic-light green candidate ignored as non-lamp-shaped color patch; reason=aspect bbox=317x53px
[gazebo_track_car-2] [INFO] [1781167711.947522493] [gazebo_track_car]: camera traffic-light green candidate ignored as non-lamp-shaped color patch; reason=aspect bbox=101x15px
[gazebo_track_car-2] [INFO] [1781167711.948376276] [gazebo_track_car]: camera traffic-light green candidate ignored as non-lamp-shaped color patch; reason=aspect bbox=293x58px
[gazebo_track_car-2] [INFO] [1781167711.986107526] [gazebo_track_car]: camera traffic-light green candidate ignored as non-lamp-shaped color patch; reason=aspect bbox=102x16px
[gazebo_track_car-2] [INFO] [1781167711.986392742] [gazebo_track_car]: camera traffic-light green candidate ignored as non-lamp-shaped color patch; reason=aspect bbox=291x58px
[gazebo_track_car-2] [INFO] [1781167712.028801168] [gazebo_track_car]: camera traffic-light green candidate ignored as non-lamp-shaped color patch; reason=aspect bbox=103x16px
[gazebo_track_car-2] [INFO] [1781167712.029132601] [gazebo_track_car]: camera traffic-light green candidate ignored as non-lamp-shaped color patch; reason=aspect bbox=287x58px
[gazebo_track_car-2] [INFO] [1781167712.029621749] [gazebo_track_car]: camera traffic-light green candidate ignored as non-lamp-shaped color patch; reason=aspect bbox=300x50px
[gazebo_track_car-2] [INFO] [1781167712.059720481] [gazebo_track_car]: camera traffic-light green candidate ignored as non-lamp-shaped color patch; reason=aspect bbox=103x16px
[gazebo_track_car-2] [INFO] [1781167712.060959428] [gazebo_track_car]: camera traffic-light green candidate ignored as non-lamp-shaped color patch; reason=aspect bbox=284x58px
[gazebo_track_car-2] [INFO] [1781167712.061937655] [gazebo_track_car]: camera traffic-light green candidate ignored as non-lamp-shaped color patch; reason=aspect bbox=297x48px
[gazebo_track_car-2] [INFO] [1781167712.082730912] [gazebo_track_car]: camera traffic-light green candidate ignored as non-lamp-shaped color patch; reason=aspect bbox=103x17px
[gazebo_track_car-2] [INFO] [1781167712.083813164] [gazebo_track_car]: camera traffic-light green candidate ignored as non-lamp-shaped color patch; reason=aspect bbox=280x57px
[gazebo_track_car-2] [INFO] [1781167712.084293917] [gazebo_track_car]: camera traffic-light green candidate ignored as non-lamp-shaped color patch; reason=aspect bbox=293x47px
[gazebo_track_car-2] [INFO] [1781167712.125073126] [gazebo_track_car]: camera traffic-light green candidate ignored as non-lamp-shaped color patch; reason=aspect bbox=106x16px
[gazebo_track_car-2] [INFO] [1781167712.125453661] [gazebo_track_car]: camera traffic-light green candidate ignored as non-lamp-shaped color patch; reason=aspect bbox=275x57px
[gazebo_track_car-2] [INFO] [1781167712.125827423] [gazebo_track_car]: camera traffic-light green candidate ignored as non-lamp-shaped color patch; reason=aspect bbox=290x46px
[gazebo_track_car-2] [INFO] [1781167712.151787893] [gazebo_track_car]: camera traffic-light green candidate ignored as non-lamp-shaped color patch; reason=aspect bbox=106x16px
[gazebo_track_car-2] [INFO] [1781167712.152067608] [gazebo_track_car]: camera traffic-light green candidate ignored as non-lamp-shaped color patch; reason=aspect bbox=272x57px
[gazebo_track_car-2] [INFO] [1781167712.152461949] [gazebo_track_car]: camera traffic-light green candidate ignored as non-lamp-shaped color patch; reason=aspect bbox=287x45px
[gazebo_track_car-2] [INFO] [1781167712.187169366] [gazebo_track_car]: camera traffic-light green candidate ignored as non-lamp-shaped color patch; reason=aspect bbox=106x16px
[gazebo_track_car-2] [INFO] [1781167712.187452908] [gazebo_track_car]: camera traffic-light green candidate ignored as non-lamp-shaped color patch; reason=aspect bbox=272x57px
[gazebo_track_car-2] [INFO] [1781167712.188199079] [gazebo_track_car]: camera traffic-light green candidate ignored as non-lamp-shaped color patch; reason=aspect bbox=287x45px
[gazebo_track_car-2] [INFO] [1781167712.219434967] [gazebo_track_car]: camera traffic-light green candidate ignored as non-lamp-shaped color patch; reason=aspect bbox=106x16px
[gazebo_track_car-2] [INFO] [1781167712.219704583] [gazebo_track_car]: camera traffic-light green candidate ignored as non-lamp-shaped color patch; reason=aspect bbox=271x57px
[gazebo_track_car-2] [INFO] [1781167712.220085459] [gazebo_track_car]: camera traffic-light green candidate ignored as non-lamp-shaped color patch; reason=aspect bbox=286x44px
[gazebo_track_car-2] [INFO] [1781167712.263867286] [gazebo_track_car]: camera traffic-light green candidate ignored as non-lamp-shaped color patch; reason=aspect bbox=106x16px
[gazebo_track_car-2] [INFO] [1781167712.264164945] [gazebo_track_car]: camera traffic-light green candidate ignored as non-lamp-shaped color patch; reason=aspect bbox=269x57px
[gazebo_track_car-2] [INFO] [1781167712.264596685] [gazebo_track_car]: camera traffic-light green candidate ignored as non-lamp-shaped color patch; reason=aspect bbox=285x44px
[gazebo_track_car-2] [INFO] [1781167712.295947118] [gazebo_track_car]: camera traffic-light green candidate ignored as non-lamp-shaped color patch; reason=aspect bbox=106x16px
[gazebo_track_car-2] [INFO] [1781167712.296316822] [gazebo_track_car]: camera traffic-light green candidate ignored as non-lamp-shaped color patch; reason=aspect bbox=265x57px
[gazebo_track_car-2] [INFO] [1781167712.296664465] [gazebo_track_car]: camera traffic-light green candidate ignored as non-lamp-shaped color patch; reason=aspect bbox=281x42px
[gazebo_track_car-2] [INFO] [1781167712.317714635] [gazebo_track_car]: camera traffic-light green candidate ignored as non-lamp-shaped color patch; reason=aspect bbox=20x4px
[gazebo_track_car-2] [INFO] [1781167712.318064993] [gazebo_track_car]: camera traffic-light green candidate ignored as non-lamp-shaped color patch; reason=aspect bbox=107x17px
[gazebo_track_car-2] [INFO] [1781167712.318273184] [gazebo_track_car]: camera traffic-light green candidate ignored as non-lamp-shaped color patch; reason=aspect bbox=260x57px
[gazebo_track_car-2] [INFO] [1781167712.318860557] [gazebo_track_car]: camera traffic-light green candidate ignored as non-lamp-shaped color patch; reason=aspect bbox=278x41px
[gazebo_track_car-2] [INFO] [1781167712.350257016] [gazebo_track_car]: camera traffic-light green candidate ignored as non-lamp-shaped color patch; reason=aspect bbox=20x4px
[gazebo_track_car-2] [INFO] [1781167712.351061927] [gazebo_track_car]: camera traffic-light green candidate ignored as non-lamp-shaped color patch; reason=aspect bbox=107x17px
[gazebo_track_car-2] [INFO] [1781167712.351404891] [gazebo_track_car]: camera traffic-light green candidate ignored as non-lamp-shaped color patch; reason=aspect bbox=261x57px
[gazebo_track_car-2] [INFO] [1781167712.351837404] [gazebo_track_car]: camera traffic-light green candidate ignored as non-lamp-shaped color patch; reason=aspect bbox=277x41px
[gazebo_track_car-2] [INFO] [1781167712.386508812] [gazebo_track_car]: traffic light is now YELLOW.
[gazebo_track_car-2] [INFO] [1781167712.394030207] [gazebo_track_car]: camera traffic-light green candidate ignored as non-lamp-shaped color patch; reason=aspect bbox=20x4px
[gazebo_track_car-2] [INFO] [1781167712.394292700] [gazebo_track_car]: camera traffic-light green candidate ignored as non-lamp-shaped color patch; reason=aspect bbox=107x17px
[gazebo_track_car-2] [INFO] [1781167712.394527962] [gazebo_track_car]: camera traffic-light green candidate ignored as non-lamp-shaped color patch; reason=aspect bbox=261x57px
[gazebo_track_car-2] [INFO] [1781167712.394871998] [gazebo_track_car]: camera traffic-light green candidate ignored as non-lamp-shaped color patch; reason=aspect bbox=277x41px
[gazebo_track_car-2] [INFO] [1781167712.414338143] [gazebo_track_car]: camera traffic-light green candidate ignored as non-lamp-shaped color patch; reason=aspect bbox=107x17px
[gazebo_track_car-2] [INFO] [1781167712.414608861] [gazebo_track_car]: camera traffic-light green candidate ignored as non-lamp-shaped color patch; reason=aspect bbox=261x57px
[gazebo_track_car-2] [INFO] [1781167712.415189001] [gazebo_track_car]: camera traffic-light green candidate ignored as non-lamp-shaped color patch; reason=aspect bbox=277x41px
[gazebo_track_car-2] [INFO] [1781167712.451430436] [gazebo_track_car]: camera traffic-light green candidate ignored as non-lamp-shaped color patch; reason=aspect bbox=107x17px
[gazebo_track_car-2] [INFO] [1781167712.452784458] [gazebo_track_car]: camera traffic-light green candidate ignored as non-lamp-shaped color patch; reason=aspect bbox=261x57px
[gazebo_track_car-2] [INFO] [1781167712.453732719] [gazebo_track_car]: camera traffic-light green candidate ignored as non-lamp-shaped color patch; reason=aspect bbox=277x41px
[gazebo_track_car-2] [INFO] [1781167712.486361014] [gazebo_track_car]: camera traffic-light green candidate ignored as non-lamp-shaped color patch; reason=aspect bbox=107x17px
[gazebo_track_car-2] [INFO] [1781167712.487180974] [gazebo_track_car]: camera traffic-light green candidate ignored as non-lamp-shaped color patch; reason=aspect bbox=261x57px
[gazebo_track_car-2] [INFO] [1781167712.487765451] [gazebo_track_car]: camera traffic-light green candidate ignored as non-lamp-shaped color patch; reason=aspect bbox=277x41px
[gazebo_track_car-2] [WARN] [1781167712.532586420] [gazebo_track_car]: JITTER events=12 reasons=speed_delta=0.108m/s pos=(-0.730,+2.478) step=0.0011/0.0000m yaw=0.000/0.000rad route=flat_top_center_to_top_right_reverse
[gazebo_track_car-2] [INFO] [1781167712.554719082] [gazebo_track_car]: camera traffic-light green candidate ignored as non-lamp-shaped color patch; reason=aspect bbox=107x17px
[gazebo_track_car-2] [INFO] [1781167712.555005951] [gazebo_track_car]: camera traffic-light green candidate ignored as non-lamp-shaped color patch; reason=aspect bbox=261x57px
[gazebo_track_car-2] [INFO] [1781167712.555371928] [gazebo_track_car]: camera traffic-light green candidate ignored as non-lamp-shaped color patch; reason=aspect bbox=277x41px
[gazebo_track_car-2] [INFO] [1781167712.570681929] [gazebo_track_car]: camera traffic-light green candidate ignored as non-lamp-shaped color patch; reason=aspect bbox=106x17px
[gazebo_track_car-2] [INFO] [1781167712.571119200] [gazebo_track_car]: camera traffic-light green candidate ignored as non-lamp-shaped color patch; reason=aspect bbox=259x57px
[gazebo_track_car-2] [INFO] [1781167712.571436345] [gazebo_track_car]: camera traffic-light green candidate ignored as non-lamp-shaped color patch; reason=aspect bbox=276x41px
[gazebo_track_car-2] [INFO] [1781167712.587120589] [gazebo_track_car]: camera traffic-light green candidate ignored as non-lamp-shaped color patch; reason=aspect bbox=109x17px
[gazebo_track_car-2] [INFO] [1781167712.587631749] [gazebo_track_car]: camera traffic-light green candidate ignored as non-lamp-shaped color patch; reason=aspect bbox=255x57px
[gazebo_track_car-2] [INFO] [1781167712.587970084] [gazebo_track_car]: camera traffic-light green candidate ignored as non-lamp-shaped color patch; reason=aspect bbox=273x39px
[gazebo_track_car-2] [INFO] [1781167712.639072399] [gazebo_track_car]: camera traffic-light green candidate ignored as non-lamp-shaped color patch; reason=aspect bbox=109x17px
[gazebo_track_car-2] [INFO] [1781167712.639395546] [gazebo_track_car]: camera traffic-light green candidate ignored as non-lamp-shaped color patch; reason=aspect bbox=11x3px
[gazebo_track_car-2] [INFO] [1781167712.639771051] [gazebo_track_car]: camera traffic-light green candidate ignored as non-lamp-shaped color patch; reason=aspect bbox=249x57px
[gazebo_track_car-2] [INFO] [1781167712.640615908] [gazebo_track_car]: camera traffic-light green candidate ignored as non-lamp-shaped color patch; reason=aspect bbox=268x38px
[gazebo_track_car-2] [INFO] [1781167712.661922228] [gazebo_track_car]: camera traffic-light green candidate ignored as non-lamp-shaped color patch; reason=aspect bbox=108x18px
[gazebo_track_car-2] [INFO] [1781167712.662228523] [gazebo_track_car]: camera traffic-light green candidate ignored as non-lamp-shaped color patch; reason=aspect bbox=12x3px
[gazebo_track_car-2] [INFO] [1781167712.662560817] [gazebo_track_car]: camera traffic-light green candidate ignored as non-lamp-shaped color patch; reason=aspect bbox=243x57px
[gazebo_track_car-2] [INFO] [1781167712.662894935] [gazebo_track_car]: camera traffic-light green candidate ignored as non-lamp-shaped color patch; reason=aspect bbox=264x36px
[gazebo_track_car-2] [INFO] [1781167712.693633128] [gazebo_track_car]: camera traffic-light green candidate ignored as non-lamp-shaped color patch; reason=aspect bbox=110x18px
[gazebo_track_car-2] [INFO] [1781167712.695737349] [gazebo_track_car]: camera traffic-light green candidate ignored as non-lamp-shaped color patch; reason=aspect bbox=13x3px
[gazebo_track_car-2] [INFO] [1781167712.696007286] [gazebo_track_car]: camera traffic-light green candidate ignored as non-lamp-shaped color patch; reason=aspect bbox=237x57px
[gazebo_track_car-2] [INFO] [1781167712.696537932] [gazebo_track_car]: camera traffic-light green candidate ignored as non-lamp-shaped color patch; reason=aspect bbox=259x34px
[gazebo_track_car-2] [INFO] [1781167712.729011624] [gazebo_track_car]: camera traffic-light green candidate ignored as non-lamp-shaped color patch; reason=aspect bbox=111x17px
[gazebo_track_car-2] [INFO] [1781167712.729929788] [gazebo_track_car]: camera traffic-light green candidate ignored as non-lamp-shaped color patch; reason=aspect bbox=26x7px
[gazebo_track_car-2] [INFO] [1781167712.730309892] [gazebo_track_car]: camera traffic-light green candidate ignored as non-lamp-shaped color patch; reason=aspect bbox=230x56px
[gazebo_track_car-2] [INFO] [1781167712.731023633] [gazebo_track_car]: camera traffic-light green candidate ignored as non-lamp-shaped color patch; reason=aspect bbox=254x33px
[gazebo_track_car-2] [INFO] [1781167712.756861493] [gazebo_track_car]: camera traffic-light green candidate ignored as non-lamp-shaped color patch; reason=aspect bbox=112x17px
[gazebo_track_car-2] [INFO] [1781167712.757150496] [gazebo_track_car]: camera traffic-light green candidate ignored as non-lamp-shaped color patch; reason=aspect bbox=31x7px
[gazebo_track_car-2] [INFO] [1781167712.757336896] [gazebo_track_car]: camera traffic-light green candidate ignored as non-lamp-shaped color patch; reason=aspect bbox=224x56px
[gazebo_track_car-2] [INFO] [1781167712.757841253] [gazebo_track_car]: camera traffic-light green candidate ignored as non-lamp-shaped color patch; reason=aspect bbox=248x31px
[gazebo_track_car-2] [INFO] [1781167712.792368732] [gazebo_track_car]: camera traffic-light green candidate ignored as non-lamp-shaped color patch; reason=aspect bbox=113x18px
[gazebo_track_car-2] [INFO] [1781167712.793451064] [gazebo_track_car]: camera traffic-light green candidate ignored as non-lamp-shaped color patch; reason=aspect bbox=36x8px
[gazebo_track_car-2] [INFO] [1781167712.793746509] [gazebo_track_car]: camera traffic-light green candidate ignored as non-lamp-shaped color patch; reason=aspect bbox=216x39px
[gazebo_track_car-2] [INFO] [1781167712.794077450] [gazebo_track_car]: camera traffic-light green candidate ignored as non-lamp-shaped color patch; reason=aspect bbox=71x15px
[gazebo_track_car-2] [INFO] [1781167712.794576017] [gazebo_track_car]: camera traffic-light green candidate ignored as non-lamp-shaped color patch; reason=aspect bbox=241x29px
[gazebo_track_car-2] [INFO] [1781167712.824468792] [gazebo_track_car]: camera traffic-light green candidate ignored as non-lamp-shaped color patch; reason=aspect bbox=115x18px
[gazebo_track_car-2] [INFO] [1781167712.825495050] [gazebo_track_car]: camera traffic-light green candidate ignored as non-lamp-shaped color patch; reason=aspect bbox=41x8px
[gazebo_track_car-2] [INFO] [1781167712.825746241] [gazebo_track_car]: camera traffic-light green candidate ignored as non-lamp-shaped color patch; reason=aspect bbox=209x38px
[gazebo_track_car-2] [INFO] [1781167712.825929335] [gazebo_track_car]: camera traffic-light green candidate ignored as non-lamp-shaped color patch; reason=aspect bbox=66x14px
[gazebo_track_car-2] [INFO] [1781167712.826103352] [gazebo_track_car]: camera traffic-light green candidate ignored as non-lamp-shaped color patch; reason=aspect bbox=235x27px
[gazebo_track_car-2] [INFO] [1781167712.873256861] [gazebo_track_car]: camera traffic-light green candidate ignored as non-lamp-shaped color patch; reason=aspect bbox=115x18px
[gazebo_track_car-2] [INFO] [1781167712.873536756] [gazebo_track_car]: camera traffic-light green candidate ignored as non-lamp-shaped color patch; reason=aspect bbox=13x3px
[gazebo_track_car-2] [INFO] [1781167712.873751269] [gazebo_track_car]: camera traffic-light green candidate ignored as non-lamp-shaped color patch; reason=aspect bbox=45x8px
[gazebo_track_car-2] [INFO] [1781167712.873923332] [gazebo_track_car]: camera traffic-light green candidate ignored as non-lamp-shaped color patch; reason=aspect bbox=204x37px
[gazebo_track_car-2] [INFO] [1781167712.874090516] [gazebo_track_car]: camera traffic-light green candidate ignored as non-lamp-shaped color patch; reason=aspect bbox=62x14px
[gazebo_track_car-2] [INFO] [1781167712.874325938] [gazebo_track_car]: camera traffic-light green candidate ignored as non-lamp-shaped color patch; reason=aspect bbox=72x26px
[gazebo_track_car-2] [INFO] [1781167712.874505215] [gazebo_track_car]: camera traffic-light green candidate ignored as non-lamp-shaped color patch; reason=aspect bbox=230x26px
[gazebo_track_car-2] [INFO] [1781167712.889941222] [gazebo_track_car]: camera traffic-light green candidate ignored as non-lamp-shaped color patch; reason=aspect bbox=115x18px
[gazebo_track_car-2] [INFO] [1781167712.890243038] [gazebo_track_car]: camera traffic-light green candidate ignored as non-lamp-shaped color patch; reason=aspect bbox=13x3px
[gazebo_track_car-2] [INFO] [1781167712.890426944] [gazebo_track_car]: camera traffic-light green candidate ignored as non-lamp-shaped color patch; reason=aspect bbox=45x8px
[gazebo_track_car-2] [INFO] [1781167712.890600279] [gazebo_track_car]: camera traffic-light green candidate ignored as non-lamp-shaped color patch; reason=aspect bbox=203x37px
[gazebo_track_car-2] [INFO] [1781167712.890773274] [gazebo_track_car]: camera traffic-light green candidate ignored as non-lamp-shaped color patch; reason=aspect bbox=60x13px
[gazebo_track_car-2] [INFO] [1781167712.891213060] [gazebo_track_car]: camera traffic-light green candidate ignored as non-lamp-shaped color patch; reason=aspect bbox=71x26px
[gazebo_track_car-2] [INFO] [1781167712.891536297] [gazebo_track_car]: camera traffic-light green candidate ignored as non-lamp-shaped color patch; reason=aspect bbox=229x26px
[gazebo_track_car-2] [INFO] [1781167712.920867468] [gazebo_track_car]: camera traffic-light green candidate ignored as non-lamp-shaped color patch; reason=aspect bbox=115x18px
[gazebo_track_car-2] [INFO] [1781167712.921190344] [gazebo_track_car]: camera traffic-light green candidate ignored as non-lamp-shaped color patch; reason=aspect bbox=13x3px
[gazebo_track_car-2] [INFO] [1781167712.921389799] [gazebo_track_car]: camera traffic-light green candidate ignored as non-lamp-shaped color patch; reason=aspect bbox=45x8px
[gazebo_track_car-2] [INFO] [1781167712.921619520] [gazebo_track_car]: camera traffic-light green candidate ignored as non-lamp-shaped color patch; reason=aspect bbox=203x37px
[gazebo_track_car-2] [INFO] [1781167712.921819967] [gazebo_track_car]: camera traffic-light green candidate ignored as non-lamp-shaped color patch; reason=aspect bbox=60x13px
[gazebo_track_car-2] [INFO] [1781167712.921997540] [gazebo_track_car]: camera traffic-light green candidate ignored as non-lamp-shaped color patch; reason=aspect bbox=71x26px
[gazebo_track_car-2] [INFO] [1781167712.922349501] [gazebo_track_car]: camera traffic-light green candidate ignored as non-lamp-shaped color patch; reason=aspect bbox=229x26px
[gazebo_track_car-2] [INFO] [1781167712.967469521] [gazebo_track_car]: camera traffic-light green candidate ignored as non-lamp-shaped color patch; reason=aspect bbox=115x18px
[gazebo_track_car-2] [INFO] [1781167712.968005969] [gazebo_track_car]: camera traffic-light green candidate ignored as non-lamp-shaped color patch; reason=aspect bbox=13x3px
[gazebo_track_car-2] [INFO] [1781167712.968454321] [gazebo_track_car]: camera traffic-light green candidate ignored as non-lamp-shaped color patch; reason=aspect bbox=47x8px
[gazebo_track_car-2] [INFO] [1781167712.968708689] [gazebo_track_car]: camera traffic-light green candidate ignored as non-lamp-shaped color patch; reason=aspect bbox=201x37px
[gazebo_track_car-2] [INFO] [1781167712.969016757] [gazebo_track_car]: camera traffic-light green candidate ignored as non-lamp-shaped color patch; reason=aspect bbox=61x13px
[gazebo_track_car-2] [INFO] [1781167712.969216302] [gazebo_track_car]: camera traffic-light green candidate ignored as non-lamp-shaped color patch; reason=aspect bbox=73x26px
[gazebo_track_car-2] [INFO] [1781167712.969443348] [gazebo_track_car]: camera traffic-light green candidate ignored as non-lamp-shaped color patch; reason=aspect bbox=228x25px
[gazebo_track_car-2] [INFO] [1781167713.002782736] [gazebo_track_car]: camera traffic-light green candidate ignored as non-lamp-shaped color patch; reason=aspect bbox=115x19px
[gazebo_track_car-2] [INFO] [1781167713.003059766] [gazebo_track_car]: camera traffic-light green candidate ignored as non-lamp-shaped color patch; reason=aspect bbox=14x3px
[gazebo_track_car-2] [INFO] [1781167713.003256686] [gazebo_track_car]: camera traffic-light green candidate ignored as non-lamp-shaped color patch; reason=aspect bbox=53x8px
[gazebo_track_car-2] [INFO] [1781167713.003570495] [gazebo_track_car]: camera traffic-light green candidate ignored as non-lamp-shaped color patch; reason=aspect bbox=194x36px
[gazebo_track_car-2] [INFO] [1781167713.003935280] [gazebo_track_car]: camera traffic-light green candidate ignored as non-lamp-shaped color patch; reason=aspect bbox=60x13px
[gazebo_track_car-2] [INFO] [1781167713.004261834] [gazebo_track_car]: camera traffic-light green candidate ignored as non-lamp-shaped color patch; reason=aspect bbox=75x24px
[gazebo_track_car-2] [INFO] [1781167713.004511242] [gazebo_track_car]: camera traffic-light green candidate ignored as non-lamp-shaped color patch; reason=aspect bbox=219x24px
[gazebo_track_car-2] [INFO] [1781167713.046258313] [gazebo_track_car]: camera traffic-light green candidate ignored as non-lamp-shaped color patch; reason=aspect bbox=117x19px
[gazebo_track_car-2] [INFO] [1781167713.047242001] [gazebo_track_car]: camera traffic-light green candidate ignored as non-lamp-shaped color patch; reason=aspect bbox=15x3px
[gazebo_track_car-2] [INFO] [1781167713.047517859] [gazebo_track_car]: camera traffic-light green candidate ignored as non-lamp-shaped color patch; reason=aspect bbox=58x8px
[gazebo_track_car-2] [INFO] [1781167713.047704850] [gazebo_track_car]: camera traffic-light green candidate ignored as non-lamp-shaped color patch; reason=aspect bbox=186x35px
[gazebo_track_car-2] [INFO] [1781167713.047879318] [gazebo_track_car]: camera traffic-light green candidate ignored as non-lamp-shaped color patch; reason=aspect bbox=55x12px
[gazebo_track_car-2] [INFO] [1781167713.048123937] [gazebo_track_car]: camera traffic-light green candidate ignored as non-lamp-shaped color patch; reason=aspect bbox=78x22px
[gazebo_track_car-2] [INFO] [1781167713.048306430] [gazebo_track_car]: camera traffic-light green candidate ignored as non-lamp-shaped color patch; reason=aspect bbox=213x22px
[gazebo_track_car-2] [INFO] [1781167713.074859547] [gazebo_track_car]: camera traffic-light green candidate ignored as non-lamp-shaped color patch; reason=aspect bbox=117x19px
[gazebo_track_car-2] [INFO] [1781167713.075612270] [gazebo_track_car]: camera traffic-light green candidate ignored as non-lamp-shaped color patch; reason=aspect bbox=14x3px
[gazebo_track_car-2] [INFO] [1781167713.076026268] [gazebo_track_car]: camera traffic-light green candidate ignored as non-lamp-shaped color patch; reason=aspect bbox=59x8px
[gazebo_track_car-2] [INFO] [1781167713.076524594] [gazebo_track_car]: camera traffic-light green candidate ignored as non-lamp-shaped color patch; reason=aspect bbox=185x35px
[gazebo_track_car-2] [INFO] [1781167713.077259474] [gazebo_track_car]: camera traffic-light green candidate ignored as non-lamp-shaped color patch; reason=aspect bbox=55x12px
[gazebo_track_car-2] [INFO] [1781167713.077787015] [gazebo_track_car]: camera traffic-light green candidate ignored as non-lamp-shaped color patch; reason=aspect bbox=79x22px
[gazebo_track_car-2] [INFO] [1781167713.078388334] [gazebo_track_car]: camera traffic-light green candidate ignored as non-lamp-shaped color patch; reason=aspect bbox=212x22px
[gazebo_track_car-2] [INFO] [1781167713.089815845] [gazebo_track_car]: camera traffic light lost for 0.2s.
[gazebo_track_car-2] [INFO] [1781167713.105529095] [gazebo_track_car]: camera traffic-light green candidate ignored as non-lamp-shaped color patch; reason=aspect bbox=117x19px
[gazebo_track_car-2] [INFO] [1781167713.105802919] [gazebo_track_car]: camera traffic-light green candidate ignored as non-lamp-shaped color patch; reason=aspect bbox=14x3px
[gazebo_track_car-2] [INFO] [1781167713.105987756] [gazebo_track_car]: camera traffic-light green candidate ignored as non-lamp-shaped color patch; reason=aspect bbox=59x8px
[gazebo_track_car-2] [INFO] [1781167713.106269976] [gazebo_track_car]: camera traffic-light green candidate ignored as non-lamp-shaped color patch; reason=aspect bbox=185x35px
[gazebo_track_car-2] [INFO] [1781167713.106742023] [gazebo_track_car]: camera traffic-light green candidate ignored as non-lamp-shaped color patch; reason=aspect bbox=55x12px
[gazebo_track_car-2] [INFO] [1781167713.107039391] [gazebo_track_car]: camera traffic-light green candidate ignored as non-lamp-shaped color patch; reason=aspect bbox=79x22px
[gazebo_track_car-2] [INFO] [1781167713.107279552] [gazebo_track_car]: camera traffic-light green candidate ignored as non-lamp-shaped color patch; reason=aspect bbox=212x22px
[gazebo_track_car-2] [INFO] [1781167713.120538392] [gazebo_track_car]: camera traffic-light green candidate ignored as non-lamp-shaped color patch; reason=aspect bbox=117x19px
[gazebo_track_car-2] [INFO] [1781167713.121362570] [gazebo_track_car]: camera traffic-light green candidate ignored as non-lamp-shaped color patch; reason=aspect bbox=14x3px
[gazebo_track_car-2] [INFO] [1781167713.121616016] [gazebo_track_car]: camera traffic-light green candidate ignored as non-lamp-shaped color patch; reason=aspect bbox=59x8px
[gazebo_track_car-2] [INFO] [1781167713.121801314] [gazebo_track_car]: camera traffic-light green candidate ignored as non-lamp-shaped color patch; reason=aspect bbox=185x35px
[gazebo_track_car-2] [INFO] [1781167713.123010124] [gazebo_track_car]: camera traffic-light green candidate ignored as non-lamp-shaped color patch; reason=aspect bbox=55x12px
[gazebo_track_car-2] [INFO] [1781167713.123646580] [gazebo_track_car]: camera traffic-light green candidate ignored as non-lamp-shaped color patch; reason=aspect bbox=79x22px
[gazebo_track_car-2] [INFO] [1781167713.124219205] [gazebo_track_car]: camera traffic-light green candidate ignored as non-lamp-shaped color patch; reason=aspect bbox=212x22px
[gazebo_track_car-2] [INFO] [1781167713.165533734] [gazebo_track_car]: camera traffic-light green candidate ignored as non-lamp-shaped color patch; reason=aspect bbox=117x19px
[gazebo_track_car-2] [INFO] [1781167713.166259076] [gazebo_track_car]: camera traffic-light green candidate ignored as non-lamp-shaped color patch; reason=aspect bbox=14x3px
[gazebo_track_car-2] [INFO] [1781167713.166717217] [gazebo_track_car]: camera traffic-light green candidate ignored as non-lamp-shaped color patch; reason=aspect bbox=59x8px
[gazebo_track_car-2] [INFO] [1781167713.166958951] [gazebo_track_car]: camera traffic-light green candidate ignored as non-lamp-shaped color patch; reason=aspect bbox=185x35px
[gazebo_track_car-2] [INFO] [1781167713.167222676] [gazebo_track_car]: camera traffic-light green candidate ignored as non-lamp-shaped color patch; reason=aspect bbox=55x12px
[gazebo_track_car-2] [INFO] [1781167713.167611677] [gazebo_track_car]: camera traffic-light green candidate ignored as non-lamp-shaped color patch; reason=aspect bbox=79x22px
[gazebo_track_car-2] [INFO] [1781167713.167969599] [gazebo_track_car]: camera traffic-light green candidate ignored as non-lamp-shaped color patch; reason=aspect bbox=212x22px
[gazebo_track_car-2] [INFO] [1781167713.205107875] [gazebo_track_car]: camera traffic-light green candidate ignored as non-lamp-shaped color patch; reason=aspect bbox=117x19px
[gazebo_track_car-2] [INFO] [1781167713.205390095] [gazebo_track_car]: camera traffic-light green candidate ignored as non-lamp-shaped color patch; reason=aspect bbox=14x3px
[gazebo_track_car-2] [INFO] [1781167713.205575063] [gazebo_track_car]: camera traffic-light green candidate ignored as non-lamp-shaped color patch; reason=aspect bbox=59x8px
[gazebo_track_car-2] [INFO] [1781167713.205803962] [gazebo_track_car]: camera traffic-light green candidate ignored as non-lamp-shaped color patch; reason=aspect bbox=185x35px
[gazebo_track_car-2] [INFO] [1781167713.206000291] [gazebo_track_car]: camera traffic-light green candidate ignored as non-lamp-shaped color patch; reason=aspect bbox=55x12px
[gazebo_track_car-2] [INFO] [1781167713.206206819] [gazebo_track_car]: camera traffic-light green candidate ignored as non-lamp-shaped color patch; reason=aspect bbox=79x22px
[gazebo_track_car-2] [INFO] [1781167713.206631817] [gazebo_track_car]: camera traffic-light green candidate ignored as non-lamp-shaped color patch; reason=aspect bbox=212x22px
[gazebo_track_car-2] [INFO] [1781167713.242241142] [gazebo_track_car]: camera traffic-light green candidate ignored as non-lamp-shaped color patch; reason=aspect bbox=117x19px
[gazebo_track_car-2] [INFO] [1781167713.242511950] [gazebo_track_car]: camera traffic-light green candidate ignored as non-lamp-shaped color patch; reason=aspect bbox=14x3px
[gazebo_track_car-2] [INFO] [1781167713.242744257] [gazebo_track_car]: camera traffic-light green candidate ignored as non-lamp-shaped color patch; reason=aspect bbox=59x8px
[gazebo_track_car-2] [INFO] [1781167713.242939794] [gazebo_track_car]: camera traffic-light green candidate ignored as non-lamp-shaped color patch; reason=aspect bbox=185x35px
[gazebo_track_car-2] [INFO] [1781167713.243134169] [gazebo_track_car]: camera traffic-light green candidate ignored as non-lamp-shaped color patch; reason=aspect bbox=55x12px
[gazebo_track_car-2] [INFO] [1781167713.243372316] [gazebo_track_car]: camera traffic-light green candidate ignored as non-lamp-shaped color patch; reason=aspect bbox=79x22px
[gazebo_track_car-2] [INFO] [1781167713.243609802] [gazebo_track_car]: camera traffic-light green candidate ignored as non-lamp-shaped color patch; reason=aspect bbox=212x22px
[gazebo_track_car-2] [INFO] [1781167713.264852607] [gazebo_track_car]: camera traffic-light green candidate ignored as non-lamp-shaped color patch; reason=aspect bbox=117x19px
[gazebo_track_car-2] [INFO] [1781167713.265125359] [gazebo_track_car]: camera traffic-light green candidate ignored as non-lamp-shaped color patch; reason=aspect bbox=14x3px
[gazebo_track_car-2] [INFO] [1781167713.265309535] [gazebo_track_car]: camera traffic-light green candidate ignored as non-lamp-shaped color patch; reason=aspect bbox=59x8px
[gazebo_track_car-2] [INFO] [1781167713.265485565] [gazebo_track_car]: camera traffic-light green candidate ignored as non-lamp-shaped color patch; reason=aspect bbox=185x35px
[gazebo_track_car-2] [INFO] [1781167713.265652629] [gazebo_track_car]: camera traffic-light green candidate ignored as non-lamp-shaped color patch; reason=aspect bbox=55x12px
[gazebo_track_car-2] [INFO] [1781167713.266214665] [gazebo_track_car]: camera traffic-light green candidate ignored as non-lamp-shaped color patch; reason=aspect bbox=79x22px
[gazebo_track_car-2] [INFO] [1781167713.266518685] [gazebo_track_car]: camera traffic-light green candidate ignored as non-lamp-shaped color patch; reason=aspect bbox=212x22px
[gazebo_track_car-2] [INFO] [1781167713.319584033] [gazebo_track_car]: camera traffic-light green candidate ignored as non-lamp-shaped color patch; reason=aspect bbox=117x19px
[gazebo_track_car-2] [INFO] [1781167713.319858899] [gazebo_track_car]: camera traffic-light green candidate ignored as non-lamp-shaped color patch; reason=aspect bbox=14x3px
[gazebo_track_car-2] [INFO] [1781167713.320045169] [gazebo_track_car]: camera traffic-light green candidate ignored as non-lamp-shaped color patch; reason=aspect bbox=59x8px
[gazebo_track_car-2] [INFO] [1781167713.320218675] [gazebo_track_car]: camera traffic-light green candidate ignored as non-lamp-shaped color patch; reason=aspect bbox=185x35px
[gazebo_track_car-2] [INFO] [1781167713.320386570] [gazebo_track_car]: camera traffic-light green candidate ignored as non-lamp-shaped color patch; reason=aspect bbox=55x12px
[gazebo_track_car-2] [INFO] [1781167713.320558513] [gazebo_track_car]: camera traffic-light green candidate ignored as non-lamp-shaped color patch; reason=aspect bbox=79x22px
[gazebo_track_car-2] [INFO] [1781167713.320877963] [gazebo_track_car]: camera traffic-light green candidate ignored as non-lamp-shaped color patch; reason=aspect bbox=212x22px
[gazebo_track_car-2] [INFO] [1781167713.341185130] [gazebo_track_car]: camera traffic-light green candidate ignored as non-lamp-shaped color patch; reason=aspect bbox=117x19px
[gazebo_track_car-2] [INFO] [1781167713.341460457] [gazebo_track_car]: camera traffic-light green candidate ignored as non-lamp-shaped color patch; reason=aspect bbox=14x3px
[gazebo_track_car-2] [INFO] [1781167713.341647999] [gazebo_track_car]: camera traffic-light green candidate ignored as non-lamp-shaped color patch; reason=aspect bbox=59x8px
[gazebo_track_car-2] [INFO] [1781167713.341947522] [gazebo_track_car]: camera traffic-light green candidate ignored as non-lamp-shaped color patch; reason=aspect bbox=184x35px
[gazebo_track_car-2] [INFO] [1781167713.342156203] [gazebo_track_car]: camera traffic-light green candidate ignored as non-lamp-shaped color patch; reason=aspect bbox=55x12px
[gazebo_track_car-2] [INFO] [1781167713.342392106] [gazebo_track_car]: camera traffic-light green candidate ignored as non-lamp-shaped color patch; reason=aspect bbox=79x22px
[gazebo_track_car-2] [INFO] [1781167713.342575000] [gazebo_track_car]: camera traffic-light green candidate ignored as non-lamp-shaped color patch; reason=aspect bbox=211x22px
[gazebo_track_car-2] [INFO] [1781167713.363592632] [gazebo_track_car]: camera traffic-light green candidate ignored as non-lamp-shaped color patch; reason=aspect bbox=117x19px
[gazebo_track_car-2] [INFO] [1781167713.363883498] [gazebo_track_car]: camera traffic-light green candidate ignored as non-lamp-shaped color patch; reason=aspect bbox=15x4px
[gazebo_track_car-2] [INFO] [1781167713.364113500] [gazebo_track_car]: camera traffic-light green candidate ignored as non-lamp-shaped color patch; reason=aspect bbox=64x8px
[gazebo_track_car-2] [INFO] [1781167713.364315910] [gazebo_track_car]: camera traffic-light green candidate ignored as non-lamp-shaped color patch; reason=aspect bbox=178x34px
[gazebo_track_car-2] [INFO] [1781167713.364683139] [gazebo_track_car]: camera traffic-light green candidate ignored as non-lamp-shaped color patch; reason=aspect bbox=50x11px
[gazebo_track_car-2] [INFO] [1781167713.364919373] [gazebo_track_car]: camera traffic-light green candidate ignored as non-lamp-shaped color patch; reason=aspect bbox=81x20px
[gazebo_track_car-2] [INFO] [1781167713.365101074] [gazebo_track_car]: camera traffic-light green candidate ignored as non-lamp-shaped color patch; reason=aspect bbox=205x20px
[gazebo_track_car-2] [INFO] [1781167713.385071950] [gazebo_track_car]: camera traffic-light green candidate ignored as non-lamp-shaped color patch; reason=aspect bbox=117x20px
[gazebo_track_car-2] [INFO] [1781167713.385387923] [gazebo_track_car]: camera traffic-light green candidate ignored as non-lamp-shaped color patch; reason=aspect bbox=71x8px
[gazebo_track_car-2] [INFO] [1781167713.385581888] [gazebo_track_car]: camera traffic-light green candidate ignored as non-lamp-shaped color patch; reason=aspect bbox=168x33px
[gazebo_track_car-2] [INFO] [1781167713.385769981] [gazebo_track_car]: camera traffic-light green candidate ignored as non-lamp-shaped color patch; reason=aspect bbox=50x11px
[gazebo_track_car-2] [INFO] [1781167713.385979354] [gazebo_track_car]: camera traffic-light green candidate ignored as non-lamp-shaped color patch; reason=aspect bbox=86x18px
[gazebo_track_car-2] [INFO] [1781167713.386183798] [gazebo_track_car]: camera traffic-light green candidate ignored as non-lamp-shaped color patch; reason=aspect bbox=195x18px
[gazebo_track_car-2] [INFO] [1781167713.390878024] [gazebo_track_car]: traffic light is now RED.
[gazebo_track_car-2] [INFO] [1781167713.438798860] [gazebo_track_car]: camera traffic-light green candidate ignored as non-lamp-shaped color patch; reason=aspect bbox=120x19px
[gazebo_track_car-2] [INFO] [1781167713.439236562] [gazebo_track_car]: camera traffic-light green candidate ignored as non-lamp-shaped color patch; reason=aspect bbox=78x9px
[gazebo_track_car-2] [INFO] [1781167713.439428763] [gazebo_track_car]: camera traffic-light green candidate ignored as non-lamp-shaped color patch; reason=aspect bbox=158x32px
[gazebo_track_car-2] [INFO] [1781167713.439673753] [gazebo_track_car]: camera traffic-light green candidate ignored as non-lamp-shaped color patch; reason=aspect bbox=44x10px
[gazebo_track_car-2] [INFO] [1781167713.439871084] [gazebo_track_car]: camera traffic-light green candidate ignored as non-lamp-shaped color patch; reason=aspect bbox=89x16px
[gazebo_track_car-2] [INFO] [1781167713.440174483] [gazebo_track_car]: camera traffic-light green candidate ignored as non-lamp-shaped color patch; reason=aspect bbox=181x16px
[gazebo_track_car-2] [INFO] [1781167713.467938585] [gazebo_track_car]: camera traffic-light green candidate ignored as non-lamp-shaped color patch; reason=aspect bbox=120x19px
[gazebo_track_car-2] [INFO] [1781167713.468231295] [gazebo_track_car]: camera traffic-light green candidate ignored as non-lamp-shaped color patch; reason=aspect bbox=12x3px
[gazebo_track_car-2] [INFO] [1781167713.468547098] [gazebo_track_car]: camera traffic-light green candidate ignored as non-lamp-shaped color patch; reason=aspect bbox=84x10px
[gazebo_track_car-2] [INFO] [1781167713.468755289] [gazebo_track_car]: camera traffic-light green candidate ignored as non-lamp-shaped color patch; reason=aspect bbox=150x31px
[gazebo_track_car-2] [INFO] [1781167713.469128049] [gazebo_track_car]: camera traffic-light green candidate ignored as non-lamp-shaped color patch; reason=aspect bbox=39x9px
[gazebo_track_car-2] [INFO] [1781167713.469378940] [gazebo_track_car]: camera traffic-light green candidate ignored as non-lamp-shaped color patch; reason=aspect bbox=92x14px
[gazebo_track_car-2] [INFO] [1781167713.469620444] [gazebo_track_car]: camera traffic-light green candidate ignored as non-lamp-shaped color patch; reason=aspect bbox=172x14px
[gazebo_track_car-2] [INFO] [1781167713.486411467] [gazebo_track_car]: camera traffic-light green candidate ignored as non-lamp-shaped color patch; reason=aspect bbox=120x19px
[gazebo_track_car-2] [INFO] [1781167713.487160043] [gazebo_track_car]: camera traffic-light green candidate ignored as non-lamp-shaped color patch; reason=aspect bbox=12x3px
[gazebo_track_car-2] [INFO] [1781167713.487404301] [gazebo_track_car]: camera traffic-light green candidate ignored as non-lamp-shaped color patch; reason=aspect bbox=84x10px
[gazebo_track_car-2] [INFO] [1781167713.487605319] [gazebo_track_car]: camera traffic-light green candidate ignored as non-lamp-shaped color patch; reason=aspect bbox=150x31px
[gazebo_track_car-2] [INFO] [1781167713.488108073] [gazebo_track_car]: camera traffic-light green candidate ignored as non-lamp-shaped color patch; reason=aspect bbox=39x9px
[gazebo_track_car-2] [INFO] [1781167713.488352783] [gazebo_track_car]: camera traffic-light green candidate ignored as non-lamp-shaped color patch; reason=aspect bbox=93x14px
[gazebo_track_car-2] [INFO] [1781167713.489034192] [gazebo_track_car]: camera traffic-light green candidate ignored as non-lamp-shaped color patch; reason=aspect bbox=172x14px
[gazebo_track_car-2] [INFO] [1781167713.520296354] [gazebo_track_car]: camera traffic-light green candidate ignored as non-lamp-shaped color patch; reason=aspect bbox=120x19px
[gazebo_track_car-2] [INFO] [1781167713.521044128] [gazebo_track_car]: camera traffic-light green candidate ignored as non-lamp-shaped color patch; reason=aspect bbox=12x3px
[gazebo_track_car-2] [INFO] [1781167713.521472112] [gazebo_track_car]: camera traffic-light green candidate ignored as non-lamp-shaped color patch; reason=aspect bbox=84x10px
[gazebo_track_car-2] [INFO] [1781167713.521715098] [gazebo_track_car]: camera traffic-light green candidate ignored as non-lamp-shaped color patch; reason=aspect bbox=150x31px
[gazebo_track_car-2] [INFO] [1781167713.522104179] [gazebo_track_car]: camera traffic-light green candidate ignored as non-lamp-shaped color patch; reason=aspect bbox=39x9px
[gazebo_track_car-2] [INFO] [1781167713.522474174] [gazebo_track_car]: camera traffic-light green candidate ignored as non-lamp-shaped color patch; reason=aspect bbox=93x14px
[gazebo_track_car-2] [INFO] [1781167713.522716629] [gazebo_track_car]: camera traffic-light green candidate ignored as non-lamp-shaped color patch; reason=aspect bbox=172x14px
[gazebo_track_car-2] [WARN] [1781167713.537315656] [gazebo_track_car]: JITTER events=15 reasons=speed_delta=0.108m/s pos=(-0.595,+2.478) step=0.0011/0.0000m yaw=0.000/0.000rad route=flat_top_center_to_top_right_reverse
[gazebo_track_car-2] [INFO] [1781167713.553171193] [gazebo_track_car]: camera traffic-light green candidate ignored as non-lamp-shaped color patch; reason=aspect bbox=120x19px
[gazebo_track_car-2] [INFO] [1781167713.553816795] [gazebo_track_car]: camera traffic-light green candidate ignored as non-lamp-shaped color patch; reason=aspect bbox=12x3px
[gazebo_track_car-2] [INFO] [1781167713.554158918] [gazebo_track_car]: camera traffic-light green candidate ignored as non-lamp-shaped color patch; reason=aspect bbox=86x11px
[gazebo_track_car-2] [INFO] [1781167713.554613682] [gazebo_track_car]: camera traffic-light green candidate ignored as non-lamp-shaped color patch; reason=aspect bbox=147x30px
[gazebo_track_car-2] [INFO] [1781167713.555413735] [gazebo_track_car]: camera traffic-light green candidate ignored as non-lamp-shaped color patch; reason=aspect bbox=39x9px
[gazebo_track_car-2] [INFO] [1781167713.555692187] [gazebo_track_car]: camera traffic-light green candidate ignored as non-lamp-shaped color patch; reason=aspect bbox=94x14px
[gazebo_track_car-2] [INFO] [1781167713.556104241] [gazebo_track_car]: camera traffic-light green candidate ignored as non-lamp-shaped color patch; reason=aspect bbox=168x13px
[gazebo_track_car-2] [INFO] [1781167713.592763568] [gazebo_track_car]: camera traffic-light green candidate ignored as non-lamp-shaped color patch; reason=aspect bbox=121x20px
[gazebo_track_car-2] [INFO] [1781167713.593039687] [gazebo_track_car]: camera traffic-light green candidate ignored as non-lamp-shaped color patch; reason=aspect bbox=13x3px
[gazebo_track_car-2] [INFO] [1781167713.593234533] [gazebo_track_car]: camera traffic-light green candidate ignored as non-lamp-shaped color patch; reason=aspect bbox=94x11px
[gazebo_track_car-2] [INFO] [1781167713.593412066] [gazebo_track_car]: camera traffic-light green candidate ignored as non-lamp-shaped color patch; reason=aspect bbox=136x29px
[gazebo_track_car-2] [INFO] [1781167713.593587305] [gazebo_track_car]: camera traffic-light green candidate ignored as non-lamp-shaped color patch; reason=aspect bbox=33x8px
[gazebo_track_car-2] [INFO] [1781167713.593760540] [gazebo_track_car]: camera traffic-light green candidate ignored as non-lamp-shaped color patch; reason=aspect bbox=98x11px
[gazebo_track_car-2] [INFO] [1781167713.593933195] [gazebo_track_car]: camera traffic-light green candidate ignored as non-lamp-shaped color patch; reason=aspect bbox=156x11px
[gazebo_track_car-2] [INFO] [1781167713.624332365] [gazebo_track_car]: camera traffic-light green candidate ignored as non-lamp-shaped color patch; reason=aspect bbox=122x20px
[gazebo_track_car-2] [INFO] [1781167713.625330379] [gazebo_track_car]: camera traffic-light green candidate ignored as non-lamp-shaped color patch; reason=aspect bbox=15x4px
[gazebo_track_car-2] [INFO] [1781167713.625761759] [gazebo_track_car]: camera traffic-light green candidate ignored as non-lamp-shaped color patch; reason=aspect bbox=103x12px
[gazebo_track_car-2] [INFO] [1781167713.626003964] [gazebo_track_car]: camera traffic-light green candidate ignored as non-lamp-shaped color patch; reason=aspect bbox=124x28px
[gazebo_track_car-2] [INFO] [1781167713.626194682] [gazebo_track_car]: camera traffic-light green candidate ignored as non-lamp-shaped color patch; reason=aspect bbox=28x8px
[gazebo_track_car-2] [INFO] [1781167713.626549889] [gazebo_track_car]: camera traffic-light green candidate ignored as non-lamp-shaped color patch; reason=aspect bbox=104x9px
[gazebo_track_car-2] [INFO] [1781167713.626821188] [gazebo_track_car]: camera traffic-light green candidate ignored as non-lamp-shaped color patch; reason=aspect bbox=140x9px
[gazebo_track_car-2] [INFO] [1781167713.674711597] [gazebo_track_car]: camera traffic-light green candidate ignored as non-lamp-shaped color patch; reason=aspect bbox=121x20px
[gazebo_track_car-2] [INFO] [1781167713.675578576] [gazebo_track_car]: camera traffic-light green candidate ignored as non-lamp-shaped color patch; reason=aspect bbox=16x4px
[gazebo_track_car-2] [INFO] [1781167713.675846359] [gazebo_track_car]: camera traffic-light green candidate ignored as non-lamp-shaped color patch; reason=aspect bbox=112x14px
[gazebo_track_car-2] [INFO] [1781167713.676184013] [gazebo_track_car]: camera traffic-light green candidate ignored as non-lamp-shaped color patch; reason=aspect bbox=28x7px
[gazebo_track_car-2] [INFO] [1781167713.676621484] [gazebo_track_car]: camera traffic-light green candidate ignored as non-lamp-shaped color patch; reason=aspect bbox=103x7px
[gazebo_track_car-2] [INFO] [1781167713.677187888] [gazebo_track_car]: camera traffic-light green candidate ignored as non-lamp-shaped color patch; reason=aspect bbox=117x6px
[gazebo_track_car-2] [INFO] [1781167713.694999038] [gazebo_track_car]: camera traffic-light green candidate ignored as non-lamp-shaped color patch; reason=aspect bbox=123x21px
[gazebo_track_car-2] [INFO] [1781167713.695289613] [gazebo_track_car]: camera traffic-light green candidate ignored as non-lamp-shaped color patch; reason=aspect bbox=17x4px
[gazebo_track_car-2] [INFO] [1781167713.695508785] [gazebo_track_car]: camera traffic-light green candidate ignored as non-lamp-shaped color patch; reason=aspect bbox=123x16px
[gazebo_track_car-2] [INFO] [1781167713.695714080] [gazebo_track_car]: camera traffic-light green candidate ignored as non-lamp-shaped color patch; reason=aspect bbox=95x24px
[gazebo_track_car-2] [INFO] [1781167713.695894349] [gazebo_track_car]: camera traffic-light green candidate ignored as non-lamp-shaped color patch; reason=aspect bbox=22x6px
[gazebo_track_car-2] [INFO] [1781167713.696068706] [gazebo_track_car]: camera traffic-light green candidate ignored as non-lamp-shaped color patch; reason=aspect bbox=105x4px
[gazebo_track_car-2] [INFO] [1781167713.735183876] [gazebo_track_car]: camera traffic-light green candidate ignored as non-lamp-shaped color patch; reason=aspect bbox=124x21px
[gazebo_track_car-2] [INFO] [1781167713.735759868] [gazebo_track_car]: camera traffic-light green candidate ignored as non-lamp-shaped color patch; reason=aspect bbox=135x17px
[gazebo_track_car-2] [INFO] [1781167713.736006130] [gazebo_track_car]: camera traffic-light green candidate ignored as non-lamp-shaped color patch; reason=aspect bbox=80x22px
[gazebo_track_car-2] [INFO] [1781167713.736300673] [gazebo_track_car]: camera traffic-light green candidate ignored as non-lamp-shaped color patch; reason=aspect bbox=17x5px
[gazebo_track_car-2] [INFO] [1781167713.772120583] [gazebo_track_car]: camera traffic-light green candidate ignored as non-lamp-shaped color patch; reason=aspect bbox=126x21px
[gazebo_track_car-2] [INFO] [1781167713.772978324] [gazebo_track_car]: camera traffic-light green candidate ignored as non-lamp-shaped color patch; reason=aspect bbox=13x3px
[gazebo_track_car-2] [INFO] [1781167713.773461872] [gazebo_track_car]: camera traffic-light green candidate ignored as non-lamp-shaped color patch; reason=aspect bbox=147x19px
[gazebo_track_car-2] [INFO] [1781167713.773735596] [gazebo_track_car]: camera traffic-light green candidate ignored as non-lamp-shaped color patch; reason=aspect bbox=62x20px
[gazebo_track_car-2] [INFO] [1781167713.773953245] [gazebo_track_car]: camera traffic-light green candidate ignored as non-lamp-shaped color patch; reason=aspect bbox=11x4px
[gazebo_track_car-2] [INFO] [1781167713.802264043] [gazebo_track_car]: camera traffic-light green candidate ignored as non-lamp-shaped color patch; reason=aspect bbox=126x21px
[gazebo_track_car-2] [INFO] [1781167713.802967134] [gazebo_track_car]: camera traffic-light green candidate ignored as non-lamp-shaped color patch; reason=aspect bbox=14x3px
[gazebo_track_car-2] [INFO] [1781167713.803408222] [gazebo_track_car]: camera traffic-light green candidate ignored as non-lamp-shaped color patch; reason=aspect bbox=160x21px
[gazebo_track_car-2] [INFO] [1781167713.803653032] [gazebo_track_car]: camera traffic-light green candidate ignored as non-lamp-shaped color patch; reason=aspect bbox=44x18px
[gazebo_track_car-2] [INFO] [1781167713.836413577] [gazebo_track_car]: camera traffic-light green candidate ignored as non-lamp-shaped color patch; reason=aspect bbox=128x21px
[gazebo_track_car-2] [INFO] [1781167713.837307686] [gazebo_track_car]: camera traffic-light green candidate ignored as non-lamp-shaped color patch; reason=aspect bbox=15x4px
[gazebo_track_car-2] [INFO] [1781167713.837744136] [gazebo_track_car]: camera traffic-light green candidate ignored as non-lamp-shaped color patch; reason=aspect bbox=175x24px
[gazebo_track_car-2] [INFO] [1781167713.857487353] [gazebo_track_car]: camera traffic-light green candidate ignored as non-lamp-shaped color patch; reason=aspect bbox=128x21px
[gazebo_track_car-2] [INFO] [1781167713.857774793] [gazebo_track_car]: camera traffic-light green candidate ignored as non-lamp-shaped color patch; reason=aspect bbox=16x4px
[gazebo_track_car-2] [INFO] [1781167713.858435434] [gazebo_track_car]: camera traffic-light green candidate ignored as non-lamp-shaped color patch; reason=aspect bbox=190x26px
[gazebo_track_car-2] [INFO] [1781167713.901568979] [gazebo_track_car]: camera traffic-light green candidate ignored as non-lamp-shaped color patch; reason=aspect bbox=129x22px
[gazebo_track_car-2] [INFO] [1781167713.901850919] [gazebo_track_car]: camera traffic-light green candidate ignored as non-lamp-shaped color patch; reason=aspect bbox=17x4px
[gazebo_track_car-2] [INFO] [1781167713.902051786] [gazebo_track_car]: camera traffic-light green candidate ignored as non-lamp-shaped color patch; reason=aspect bbox=209x29px
[gazebo_track_car-2] [INFO] [1781167713.935302511] [gazebo_track_car]: camera traffic-light green candidate ignored as non-lamp-shaped color patch; reason=aspect bbox=130x22px
[gazebo_track_car-2] [INFO] [1781167713.935583118] [gazebo_track_car]: camera traffic-light green candidate ignored as non-lamp-shaped color patch; reason=aspect bbox=18x4px
[gazebo_track_car-2] [INFO] [1781167713.935815515] [gazebo_track_car]: camera traffic-light green candidate ignored as non-lamp-shaped color patch; reason=aspect bbox=227x31px
[gazebo_track_car-2] [INFO] [1781167713.970115160] [gazebo_track_car]: camera traffic-light green candidate ignored as non-lamp-shaped color patch; reason=aspect bbox=130x23px
[gazebo_track_car-2] [INFO] [1781167713.970448987] [gazebo_track_car]: camera traffic-light green candidate ignored as non-lamp-shaped color patch; reason=aspect bbox=14x3px
[gazebo_track_car-2] [INFO] [1781167713.970655184] [gazebo_track_car]: camera traffic-light green candidate ignored as non-lamp-shaped color patch; reason=aspect bbox=248x34px
[gazebo_track_car-2] [INFO] [1781167713.987349767] [gazebo_track_car]: camera traffic-light green candidate ignored as non-lamp-shaped color patch; reason=aspect bbox=133x23px
[gazebo_track_car-2] [INFO] [1781167713.987682582] [gazebo_track_car]: camera traffic-light green candidate ignored as non-lamp-shaped color patch; reason=aspect bbox=16x3px
[gazebo_track_car-2] [INFO] [1781167713.987895922] [gazebo_track_car]: camera traffic-light green candidate ignored as non-lamp-shaped color patch; reason=aspect bbox=258x36px
[gazebo_track_car-2] [INFO] [1781167713.999892693] [gazebo_track_car]: MOTION pos=(-0.469,+2.479) yaw=+0.005 v=0.279 step_err=0.0223m/0.000rad track_err=0.0051m footprint=road:8.00px route=flat_top_center_to_top_right_reverse cmd_vel=(0.279,-0.006)
[gazebo_track_car-2] [INFO] [1781167714.034543622] [gazebo_track_car]: camera traffic-light green candidate ignored as non-lamp-shaped color patch; reason=aspect bbox=133x22px
[gazebo_track_car-2] [INFO] [1781167714.035279714] [gazebo_track_car]: camera traffic-light green candidate ignored as non-lamp-shaped color patch; reason=aspect bbox=17x4px
[gazebo_track_car-2] [INFO] [1781167714.035544972] [gazebo_track_car]: camera traffic-light green candidate ignored as non-lamp-shaped color patch; reason=aspect bbox=257x36px
[gazebo_track_car-2] [INFO] [1781167714.060915411] [gazebo_track_car]: camera traffic-light green candidate ignored as non-lamp-shaped color patch; reason=aspect bbox=133x23px
[gazebo_track_car-2] [INFO] [1781167714.061193002] [gazebo_track_car]: camera traffic-light green candidate ignored as non-lamp-shaped color patch; reason=aspect bbox=17x4px
[gazebo_track_car-2] [INFO] [1781167714.061380575] [gazebo_track_car]: camera traffic-light green candidate ignored as non-lamp-shaped color patch; reason=aspect bbox=256x36px
[gazebo_track_car-2] [INFO] [1781167714.103035479] [gazebo_track_car]: camera traffic-light green candidate ignored as non-lamp-shaped color patch; reason=aspect bbox=133x23px
[gazebo_track_car-2] [INFO] [1781167714.103311166] [gazebo_track_car]: camera traffic-light green candidate ignored as non-lamp-shaped color patch; reason=aspect bbox=17x4px
[gazebo_track_car-2] [INFO] [1781167714.103496655] [gazebo_track_car]: camera traffic-light green candidate ignored as non-lamp-shaped color patch; reason=aspect bbox=256x36px
[gazebo_track_car-2] [INFO] [1781167714.135290879] [gazebo_track_car]: camera traffic-light green candidate ignored as non-lamp-shaped color patch; reason=aspect bbox=133x23px
[gazebo_track_car-2] [INFO] [1781167714.135607824] [gazebo_track_car]: camera traffic-light green candidate ignored as non-lamp-shaped color patch; reason=aspect bbox=18x4px
[gazebo_track_car-2] [INFO] [1781167714.135814312] [gazebo_track_car]: camera traffic-light green candidate ignored as non-lamp-shaped color patch; reason=aspect bbox=256x36px
[gazebo_track_car-2] [INFO] [1781167714.165030675] [gazebo_track_car]: camera traffic-light green candidate ignored as non-lamp-shaped color patch; reason=aspect bbox=135x23px
[gazebo_track_car-2] [INFO] [1781167714.165314217] [gazebo_track_car]: camera traffic-light green candidate ignored as non-lamp-shaped color patch; reason=aspect bbox=19x4px
[gazebo_track_car-2] [INFO] [1781167714.165499555] [gazebo_track_car]: camera traffic-light green candidate ignored as non-lamp-shaped color patch; reason=aspect bbox=255x36px
[gazebo_track_car-2] [INFO] [1781167714.193054072] [gazebo_track_car]: camera traffic-light green candidate ignored as non-lamp-shaped color patch; reason=aspect bbox=136x24px
[gazebo_track_car-2] [INFO] [1781167714.194140958] [gazebo_track_car]: camera traffic-light green candidate ignored as non-lamp-shaped color patch; reason=aspect bbox=20x4px
[gazebo_track_car-2] [INFO] [1781167714.194407098] [gazebo_track_car]: camera traffic-light green candidate ignored as non-lamp-shaped color patch; reason=aspect bbox=253x36px
[gazebo_track_car-2] [INFO] [1781167714.270086214] [gazebo_track_car]: camera traffic-light green candidate ignored as non-lamp-shaped color patch; reason=aspect bbox=136x24px
[gazebo_track_car-2] [INFO] [1781167714.270377571] [gazebo_track_car]: camera traffic-light green candidate ignored as non-lamp-shaped color patch; reason=aspect bbox=21x4px
[gazebo_track_car-2] [INFO] [1781167714.270585952] [gazebo_track_car]: camera traffic-light green candidate ignored as non-lamp-shaped color patch; reason=aspect bbox=252x36px
[gazebo_track_car-2] [INFO] [1781167714.286878131] [gazebo_track_car]: camera traffic-light green candidate ignored as non-lamp-shaped color patch; reason=aspect bbox=138x24px
[gazebo_track_car-2] [INFO] [1781167714.287682752] [gazebo_track_car]: camera traffic-light green candidate ignored as non-lamp-shaped color patch; reason=aspect bbox=16x4px
[gazebo_track_car-2] [INFO] [1781167714.287934485] [gazebo_track_car]: camera traffic-light green candidate ignored as non-lamp-shaped color patch; reason=aspect bbox=251x35px
[gazebo_track_car-2] [INFO] [1781167714.318471879] [gazebo_track_car]: camera traffic-light green candidate ignored as non-lamp-shaped color patch; reason=aspect bbox=139x25px
[gazebo_track_car-2] [INFO] [1781167714.318744612] [gazebo_track_car]: camera traffic-light green candidate ignored as non-lamp-shaped color patch; reason=aspect bbox=17x4px
[gazebo_track_car-2] [INFO] [1781167714.318926243] [gazebo_track_car]: camera traffic-light green candidate ignored as non-lamp-shaped color patch; reason=aspect bbox=250x35px
[gazebo_track_car-2] [INFO] [1781167714.327740657] [gazebo_track_car]: camera traffic-light green candidate ignored as non-lamp-shaped color patch; reason=aspect bbox=141x25px
[gazebo_track_car-2] [INFO] [1781167714.328086326] [gazebo_track_car]: camera traffic-light green candidate ignored as non-lamp-shaped color patch; reason=aspect bbox=18x4px
[gazebo_track_car-2] [INFO] [1781167714.328286552] [gazebo_track_car]: camera traffic-light green candidate ignored as non-lamp-shaped color patch; reason=aspect bbox=249x35px
[gazebo_track_car-2] [INFO] [1781167714.369762489] [gazebo_track_car]: camera traffic-light green candidate ignored as non-lamp-shaped color patch; reason=aspect bbox=139x24px
[gazebo_track_car-2] [INFO] [1781167714.370035342] [gazebo_track_car]: camera traffic-light green candidate ignored as non-lamp-shaped color patch; reason=aspect bbox=18x4px
[gazebo_track_car-2] [INFO] [1781167714.370219017] [gazebo_track_car]: camera traffic-light green candidate ignored as non-lamp-shaped color patch; reason=aspect bbox=251x35px
[gazebo_track_car-2] [INFO] [1781167714.419050018] [gazebo_track_car]: camera traffic-light green candidate ignored as non-lamp-shaped color patch; reason=aspect bbox=139x24px
[gazebo_track_car-2] [INFO] [1781167714.419333470] [gazebo_track_car]: camera traffic-light green candidate ignored as non-lamp-shaped color patch; reason=aspect bbox=18x4px
[gazebo_track_car-2] [INFO] [1781167714.419524299] [gazebo_track_car]: camera traffic-light green candidate ignored as non-lamp-shaped color patch; reason=aspect bbox=251x35px
[gazebo_track_car-2] [INFO] [1781167714.443269055] [gazebo_track_car]: camera traffic-light green candidate ignored as non-lamp-shaped color patch; reason=aspect bbox=140x24px
[gazebo_track_car-2] [INFO] [1781167714.443553860] [gazebo_track_car]: camera traffic-light green candidate ignored as non-lamp-shaped color patch; reason=aspect bbox=18x4px
[gazebo_track_car-2] [INFO] [1781167714.443740591] [gazebo_track_car]: camera traffic-light green candidate ignored as non-lamp-shaped color patch; reason=aspect bbox=250x35px
[gazebo_track_car-2] [INFO] [1781167714.461326109] [gazebo_track_car]: camera traffic-light green candidate ignored as non-lamp-shaped color patch; reason=aspect bbox=141x25px
[gazebo_track_car-2] [INFO] [1781167714.461606075] [gazebo_track_car]: camera traffic-light green candidate ignored as non-lamp-shaped color patch; reason=aspect bbox=20x4px
[gazebo_track_car-2] [INFO] [1781167714.462059236] [gazebo_track_car]: camera traffic-light green candidate ignored as non-lamp-shaped color patch; reason=aspect bbox=249x35px
[gazebo_track_car-2] [INFO] [1781167714.495427837] [gazebo_track_car]: camera traffic-light green candidate ignored as non-lamp-shaped color patch; reason=aspect bbox=142x25px
[gazebo_track_car-2] [INFO] [1781167714.495703705] [gazebo_track_car]: camera traffic-light green candidate ignored as non-lamp-shaped color patch; reason=aspect bbox=21x4px
[gazebo_track_car-2] [INFO] [1781167714.495889904] [gazebo_track_car]: camera traffic-light green candidate ignored as non-lamp-shaped color patch; reason=aspect bbox=247x35px
[gazebo_track_car-2] [INFO] [1781167714.531869029] [gazebo_track_car]: camera traffic-light green candidate ignored as non-lamp-shaped color patch; reason=aspect bbox=143x25px
[gazebo_track_car-2] [INFO] [1781167714.532169934] [gazebo_track_car]: camera traffic-light green candidate ignored as non-lamp-shaped color patch; reason=aspect bbox=22x5px
[gazebo_track_car-2] [INFO] [1781167714.532356564] [gazebo_track_car]: camera traffic-light green candidate ignored as non-lamp-shaped color patch; reason=aspect bbox=246x35px
[gazebo_track_car-2] [INFO] [1781167714.600593613] [gazebo_track_car]: camera traffic-light green candidate ignored as non-lamp-shaped color patch; reason=aspect bbox=144x25px
[gazebo_track_car-2] [INFO] [1781167714.600936206] [gazebo_track_car]: camera traffic-light green candidate ignored as non-lamp-shaped color patch; reason=aspect bbox=21x5px
[gazebo_track_car-2] [INFO] [1781167714.601139208] [gazebo_track_car]: camera traffic-light green candidate ignored as non-lamp-shaped color patch; reason=aspect bbox=247x35px
[gazebo_track_car-2] [INFO] [1781167714.629668960] [gazebo_track_car]: camera traffic-light green candidate ignored as non-lamp-shaped color patch; reason=aspect bbox=144x25px
[gazebo_track_car-2] [INFO] [1781167714.630304514] [gazebo_track_car]: camera traffic-light green candidate ignored as non-lamp-shaped color patch; reason=aspect bbox=21x5px
[gazebo_track_car-2] [INFO] [1781167714.630649292] [gazebo_track_car]: camera traffic-light green candidate ignored as non-lamp-shaped color patch; reason=aspect bbox=247x35px
[gazebo_track_car-2] [INFO] [1781167714.637908906] [gazebo_track_car]: camera traffic-light green candidate ignored as non-lamp-shaped color patch; reason=aspect bbox=144x25px
[gazebo_track_car-2] [INFO] [1781167714.638236010] [gazebo_track_car]: camera traffic-light green candidate ignored as non-lamp-shaped color patch; reason=aspect bbox=21x5px
[gazebo_track_car-2] [INFO] [1781167714.638452757] [gazebo_track_car]: camera traffic-light green candidate ignored as non-lamp-shaped color patch; reason=aspect bbox=247x35px
[gazebo_track_car-2] [WARN] [1781167714.645229365] [gazebo_track_car]: JITTER events=15 reasons=speed_delta=0.109m/s pos=(-0.374,+2.479) step=0.0011/0.0000m yaw=0.000/0.000rad route=flat_top_center_to_top_right_reverse
[gazebo_track_car-2] [INFO] [1781167714.665583563] [gazebo_track_car]: camera traffic-light green candidate ignored as non-lamp-shaped color patch; reason=aspect bbox=143x26px
[gazebo_track_car-2] [INFO] [1781167714.666312763] [gazebo_track_car]: camera traffic-light green candidate ignored as non-lamp-shaped color patch; reason=aspect bbox=22x5px
[gazebo_track_car-2] [INFO] [1781167714.666972862] [gazebo_track_car]: camera traffic-light green candidate ignored as non-lamp-shaped color patch; reason=aspect bbox=246x35px
[gazebo_track_car-2] [INFO] [1781167714.697243424] [gazebo_track_car]: camera traffic-light green candidate ignored as non-lamp-shaped color patch; reason=aspect bbox=144x26px
[gazebo_track_car-2] [INFO] [1781167714.698275503] [gazebo_track_car]: camera traffic-light green candidate ignored as non-lamp-shaped color patch; reason=aspect bbox=23x5px
[gazebo_track_car-2] [INFO] [1781167714.698943888] [gazebo_track_car]: camera traffic-light green candidate ignored as non-lamp-shaped color patch; reason=aspect bbox=245x35px
[gazebo_track_car-2] [INFO] [1781167714.743073119] [gazebo_track_car]: camera traffic-light green candidate ignored as non-lamp-shaped color patch; reason=aspect bbox=146x26px
[gazebo_track_car-2] [INFO] [1781167714.743366761] [gazebo_track_car]: camera traffic-light green candidate ignored as non-lamp-shaped color patch; reason=aspect bbox=18x4px
[gazebo_track_car-2] [INFO] [1781167714.743554333] [gazebo_track_car]: camera traffic-light green candidate ignored as non-lamp-shaped color patch; reason=aspect bbox=244x34px
[gazebo_track_car-2] [INFO] [1781167714.779356755] [gazebo_track_car]: camera traffic-light green candidate ignored as non-lamp-shaped color patch; reason=aspect bbox=147x27px
[gazebo_track_car-2] [INFO] [1781167714.779652991] [gazebo_track_car]: camera traffic-light green candidate ignored as non-lamp-shaped color patch; reason=aspect bbox=20x4px
[gazebo_track_car-2] [INFO] [1781167714.779841876] [gazebo_track_car]: camera traffic-light green candidate ignored as non-lamp-shaped color patch; reason=aspect bbox=242x34px
[gazebo_track_car-2] [INFO] [1781167714.805944170] [gazebo_track_car]: camera traffic-light green candidate ignored as non-lamp-shaped color patch; reason=aspect bbox=150x26px
[gazebo_track_car-2] [INFO] [1781167714.806886289] [gazebo_track_car]: camera traffic-light green candidate ignored as non-lamp-shaped color patch; reason=aspect bbox=21x4px
[gazebo_track_car-2] [INFO] [1781167714.807474354] [gazebo_track_car]: camera traffic-light green candidate ignored as non-lamp-shaped color patch; reason=aspect bbox=241x34px
[gazebo_track_car-2] [INFO] [1781167714.843869409] [gazebo_track_car]: camera traffic-light green candidate ignored as non-lamp-shaped color patch; reason=aspect bbox=150x27px
[gazebo_track_car-2] [INFO] [1781167714.844670563] [gazebo_track_car]: camera traffic-light green candidate ignored as non-lamp-shaped color patch; reason=aspect bbox=22x5px
[gazebo_track_car-2] [INFO] [1781167714.845061948] [gazebo_track_car]: camera traffic-light green candidate ignored as non-lamp-shaped color patch; reason=aspect bbox=240x34px
[gazebo_track_car-2] [INFO] [1781167714.864796874] [gazebo_track_car]: camera traffic-light green candidate ignored as non-lamp-shaped color patch; reason=aspect bbox=152x27px
[gazebo_track_car-2] [INFO] [1781167714.865098971] [gazebo_track_car]: camera traffic-light green candidate ignored as non-lamp-shaped color patch; reason=aspect bbox=24x5px
[gazebo_track_car-2] [INFO] [1781167714.865303655] [gazebo_track_car]: camera traffic-light green candidate ignored as non-lamp-shaped color patch; reason=aspect bbox=238x34px
[gazebo_track_car-2] [INFO] [1781167714.902349111] [gazebo_track_car]: camera traffic-light green candidate ignored as non-lamp-shaped color patch; reason=aspect bbox=152x28px
[gazebo_track_car-2] [INFO] [1781167714.902825226] [gazebo_track_car]: camera traffic-light green candidate ignored as non-lamp-shaped color patch; reason=aspect bbox=25x5px
[gazebo_track_car-2] [INFO] [1781167714.903210650] [gazebo_track_car]: camera traffic-light green candidate ignored as non-lamp-shaped color patch; reason=aspect bbox=237x34px
[gazebo_track_car-2] [INFO] [1781167714.956896781] [gazebo_track_car]: camera traffic-light green candidate ignored as non-lamp-shaped color patch; reason=aspect bbox=154x28px
[gazebo_track_car-2] [INFO] [1781167714.957171998] [gazebo_track_car]: camera traffic-light green candidate ignored as non-lamp-shaped color patch; reason=aspect bbox=21x4px
[gazebo_track_car-2] [INFO] [1781167714.957354480] [gazebo_track_car]: camera traffic-light green candidate ignored as non-lamp-shaped color patch; reason=aspect bbox=236x33px
[gazebo_track_car-2] [INFO] [1781167714.977413384] [gazebo_track_car]: camera traffic-light green candidate ignored as non-lamp-shaped color patch; reason=aspect bbox=155x29px
[gazebo_track_car-2] [INFO] [1781167714.977682910] [gazebo_track_car]: camera traffic-light green candidate ignored as non-lamp-shaped color patch; reason=aspect bbox=23x5px
[gazebo_track_car-2] [INFO] [1781167714.977865904] [gazebo_track_car]: camera traffic-light green candidate ignored as non-lamp-shaped color patch; reason=aspect bbox=234x33px
[gazebo_track_car-2] [INFO] [1781167715.002527672] [gazebo_track_car]: camera traffic-light green candidate ignored as non-lamp-shaped color patch; reason=aspect bbox=158x29px
[gazebo_track_car-2] [INFO] [1781167715.002803860] [gazebo_track_car]: camera traffic-light green candidate ignored as non-lamp-shaped color patch; reason=aspect bbox=24x5px
[gazebo_track_car-2] [INFO] [1781167715.002986964] [gazebo_track_car]: camera traffic-light green candidate ignored as non-lamp-shaped color patch; reason=aspect bbox=233x33px
[gazebo_track_car-2] [INFO] [1781167715.053757264] [gazebo_track_car]: camera traffic-light green candidate ignored as non-lamp-shaped color patch; reason=aspect bbox=158x29px
[gazebo_track_car-2] [INFO] [1781167715.054524395] [gazebo_track_car]: camera traffic-light green candidate ignored as non-lamp-shaped color patch; reason=aspect bbox=25x5px
[gazebo_track_car-2] [INFO] [1781167715.055012281] [gazebo_track_car]: camera traffic-light green candidate ignored as non-lamp-shaped color patch; reason=aspect bbox=232x33px
[gazebo_track_car-2] [INFO] [1781167715.070432214] [gazebo_track_car]: camera traffic-light green candidate ignored as non-lamp-shaped color patch; reason=aspect bbox=160x30px
[gazebo_track_car-2] [INFO] [1781167715.070711639] [gazebo_track_car]: camera traffic-light green candidate ignored as non-lamp-shaped color patch; reason=aspect bbox=27x5px
[gazebo_track_car-2] [INFO] [1781167715.071258185] [gazebo_track_car]: camera traffic-light green candidate ignored as non-lamp-shaped color patch; reason=aspect bbox=230x33px
[gazebo_track_car-2] [INFO] [1781167715.111787381] [gazebo_track_car]: camera traffic-light green candidate ignored as non-lamp-shaped color patch; reason=aspect bbox=161x30px
[gazebo_track_car-2] [INFO] [1781167715.112161864] [gazebo_track_car]: camera traffic-light green candidate ignored as non-lamp-shaped color patch; reason=aspect bbox=28x6px
[gazebo_track_car-2] [INFO] [1781167715.112365076] [gazebo_track_car]: camera traffic-light green candidate ignored as non-lamp-shaped color patch; reason=aspect bbox=229x33px
[gazebo_track_car-2] [INFO] [1781167715.146461988] [gazebo_track_car]: camera traffic-light green candidate ignored as non-lamp-shaped color patch; reason=aspect bbox=163x31px
[gazebo_track_car-2] [INFO] [1781167715.146732546] [gazebo_track_car]: camera traffic-light green candidate ignored as non-lamp-shaped color patch; reason=aspect bbox=29x6px
[gazebo_track_car-2] [INFO] [1781167715.147079368] [gazebo_track_car]: camera traffic-light green candidate ignored as non-lamp-shaped color patch; reason=aspect bbox=228x32px
[gazebo_track_car-2] [INFO] [1781167715.167887051] [gazebo_track_car]: camera traffic-light green candidate ignored as non-lamp-shaped color patch; reason=aspect bbox=161x31px
[gazebo_track_car-2] [INFO] [1781167715.168192605] [gazebo_track_car]: camera traffic-light green candidate ignored as non-lamp-shaped color patch; reason=aspect bbox=28x6px
[gazebo_track_car-2] [INFO] [1781167715.168397019] [gazebo_track_car]: camera traffic-light green candidate ignored as non-lamp-shaped color patch; reason=aspect bbox=230x33px
[gazebo_track_car-2] [INFO] [1781167715.216738367] [gazebo_track_car]: camera traffic-light green candidate ignored as non-lamp-shaped color patch; reason=aspect bbox=161x31px
[gazebo_track_car-2] [INFO] [1781167715.217025726] [gazebo_track_car]: camera traffic-light green candidate ignored as non-lamp-shaped color patch; reason=aspect bbox=28x6px
[gazebo_track_car-2] [INFO] [1781167715.217235821] [gazebo_track_car]: camera traffic-light green candidate ignored as non-lamp-shaped color patch; reason=aspect bbox=230x33px
[gazebo_track_car-2] [INFO] [1781167715.238062870] [gazebo_track_car]: camera traffic-light green candidate ignored as non-lamp-shaped color patch; reason=aspect bbox=161x31px
[gazebo_track_car-2] [INFO] [1781167715.239398669] [gazebo_track_car]: camera traffic-light green candidate ignored as non-lamp-shaped color patch; reason=aspect bbox=28x6px
[gazebo_track_car-2] [INFO] [1781167715.239985932] [gazebo_track_car]: camera traffic-light green candidate ignored as non-lamp-shaped color patch; reason=aspect bbox=230x33px
[gazebo_track_car-2] [INFO] [1781167715.320515428] [gazebo_track_car]: camera traffic-light green candidate ignored as non-lamp-shaped color patch; reason=aspect bbox=161x31px
[gazebo_track_car-2] [INFO] [1781167715.320892827] [gazebo_track_car]: camera traffic-light green candidate ignored as non-lamp-shaped color patch; reason=aspect bbox=28x6px
[gazebo_track_car-2] [INFO] [1781167715.321468438] [gazebo_track_car]: camera traffic-light green candidate ignored as non-lamp-shaped color patch; reason=aspect bbox=230x33px
[gazebo_track_car-2] [INFO] [1781167715.327958278] [gazebo_track_car]: camera traffic-light green candidate ignored as non-lamp-shaped color patch; reason=aspect bbox=161x31px
[gazebo_track_car-2] [INFO] [1781167715.328231270] [gazebo_track_car]: camera traffic-light green candidate ignored as non-lamp-shaped color patch; reason=aspect bbox=28x6px
[gazebo_track_car-2] [INFO] [1781167715.328414364] [gazebo_track_car]: camera traffic-light green candidate ignored as non-lamp-shaped color patch; reason=aspect bbox=230x33px
[gazebo_track_car-2] [INFO] [1781167715.350342020] [gazebo_track_car]: camera traffic-light green candidate ignored as non-lamp-shaped color patch; reason=aspect bbox=161x31px
[gazebo_track_car-2] [INFO] [1781167715.351487291] [gazebo_track_car]: camera traffic-light green candidate ignored as non-lamp-shaped color patch; reason=aspect bbox=28x6px
[gazebo_track_car-2] [INFO] [1781167715.351779350] [gazebo_track_car]: camera traffic-light green candidate ignored as non-lamp-shaped color patch; reason=aspect bbox=230x33px
[gazebo_track_car-2] [INFO] [1781167715.372209163] [gazebo_track_car]: camera traffic-light green candidate ignored as non-lamp-shaped color patch; reason=aspect bbox=163x31px
[gazebo_track_car-2] [INFO] [1781167715.373061213] [gazebo_track_car]: camera traffic-light green candidate ignored as non-lamp-shaped color patch; reason=aspect bbox=29x6px
[gazebo_track_car-2] [INFO] [1781167715.373852750] [gazebo_track_car]: camera traffic-light green candidate ignored as non-lamp-shaped color patch; reason=aspect bbox=229x33px
[gazebo_track_car-2] [INFO] [1781167715.408575098] [gazebo_track_car]: camera traffic-light green candidate ignored as non-lamp-shaped color patch; reason=aspect bbox=164x32px
[gazebo_track_car-2] [INFO] [1781167715.409534279] [gazebo_track_car]: camera traffic-light green candidate ignored as non-lamp-shaped color patch; reason=aspect bbox=25x5px
[gazebo_track_car-2] [INFO] [1781167715.409778097] [gazebo_track_car]: camera traffic-light green candidate ignored as non-lamp-shaped color patch; reason=aspect bbox=228x32px
[gazebo_track_car-2] [INFO] [1781167715.463114698] [gazebo_track_car]: camera traffic-light green candidate ignored as non-lamp-shaped color patch; reason=aspect bbox=166x31px
[gazebo_track_car-2] [INFO] [1781167715.463389985] [gazebo_track_car]: camera traffic-light green candidate ignored as non-lamp-shaped color patch; reason=aspect bbox=26x5px
[gazebo_track_car-2] [INFO] [1781167715.463575283] [gazebo_track_car]: camera traffic-light green candidate ignored as non-lamp-shaped color patch; reason=aspect bbox=226x32px
[gazebo_track_car-2] [INFO] [1781167715.484066568] [gazebo_track_car]: camera traffic-light green candidate ignored as non-lamp-shaped color patch; reason=aspect bbox=166x32px
[gazebo_track_car-2] [INFO] [1781167715.484367584] [gazebo_track_car]: camera traffic-light green candidate ignored as non-lamp-shaped color patch; reason=aspect bbox=27x5px
[gazebo_track_car-2] [INFO] [1781167715.484569062] [gazebo_track_car]: camera traffic-light green candidate ignored as non-lamp-shaped color patch; reason=aspect bbox=226x32px
[gazebo_track_car-2] [INFO] [1781167715.519050427] [gazebo_track_car]: camera traffic-light green candidate ignored as non-lamp-shaped color patch; reason=aspect bbox=165x32px
[gazebo_track_car-2] [INFO] [1781167715.519343237] [gazebo_track_car]: camera traffic-light green candidate ignored as non-lamp-shaped color patch; reason=aspect bbox=27x5px
[gazebo_track_car-2] [INFO] [1781167715.519556928] [gazebo_track_car]: camera traffic-light green candidate ignored as non-lamp-shaped color patch; reason=aspect bbox=226x32px
[gazebo_track_car-2] [INFO] [1781167715.548066991] [gazebo_track_car]: camera traffic-light green candidate ignored as non-lamp-shaped color patch; reason=aspect bbox=165x32px
[gazebo_track_car-2] [INFO] [1781167715.548339112] [gazebo_track_car]: camera traffic-light green candidate ignored as non-lamp-shaped color patch; reason=aspect bbox=27x5px
[gazebo_track_car-2] [INFO] [1781167715.548522316] [gazebo_track_car]: camera traffic-light green candidate ignored as non-lamp-shaped color patch; reason=aspect bbox=226x32px
[gazebo_track_car-2] [INFO] [1781167715.581585017] [gazebo_track_car]: camera traffic-light green candidate ignored as non-lamp-shaped color patch; reason=aspect bbox=165x32px
[gazebo_track_car-2] [INFO] [1781167715.581859091] [gazebo_track_car]: camera traffic-light green candidate ignored as non-lamp-shaped color patch; reason=aspect bbox=27x5px
[gazebo_track_car-2] [INFO] [1781167715.582085326] [gazebo_track_car]: camera traffic-light green candidate ignored as non-lamp-shaped color patch; reason=aspect bbox=226x32px
[gazebo_track_car-2] [INFO] [1781167715.615078276] [gazebo_track_car]: camera traffic-light green candidate ignored as non-lamp-shaped color patch; reason=aspect bbox=165x32px
[gazebo_track_car-2] [INFO] [1781167715.615353893] [gazebo_track_car]: camera traffic-light green candidate ignored as non-lamp-shaped color patch; reason=aspect bbox=27x5px
[gazebo_track_car-2] [INFO] [1781167715.615537188] [gazebo_track_car]: camera traffic-light green candidate ignored as non-lamp-shaped color patch; reason=aspect bbox=226x32px
[gazebo_track_car-2] [INFO] [1781167715.649997203] [gazebo_track_car]: camera traffic-light green candidate ignored as non-lamp-shaped color patch; reason=aspect bbox=166x32px
[gazebo_track_car-2] [INFO] [1781167715.650800301] [gazebo_track_car]: camera traffic-light green candidate ignored as non-lamp-shaped color patch; reason=aspect bbox=27x5px
[gazebo_track_car-2] [INFO] [1781167715.651192387] [gazebo_track_car]: camera traffic-light green candidate ignored as non-lamp-shaped color patch; reason=aspect bbox=226x32px
[gazebo_track_car-2] [INFO] [1781167715.678132148] [gazebo_track_car]: camera traffic-light green candidate ignored as non-lamp-shaped color patch; reason=aspect bbox=168x32px
[gazebo_track_car-2] [INFO] [1781167715.678826131] [gazebo_track_car]: camera traffic-light green candidate ignored as non-lamp-shaped color patch; reason=aspect bbox=28x5px
[gazebo_track_car-2] [INFO] [1781167715.679206065] [gazebo_track_car]: camera traffic-light green candidate ignored as non-lamp-shaped color patch; reason=aspect bbox=225x32px
[gazebo_track_car-2] [INFO] [1781167715.725688411] [gazebo_track_car]: camera traffic-light green candidate ignored as non-lamp-shaped color patch; reason=aspect bbox=169x33px
[gazebo_track_car-2] [INFO] [1781167715.725969770] [gazebo_track_car]: camera traffic-light green candidate ignored as non-lamp-shaped color patch; reason=aspect bbox=30x6px
[gazebo_track_car-2] [INFO] [1781167715.726550911] [gazebo_track_car]: camera traffic-light green candidate ignored as non-lamp-shaped color patch; reason=aspect bbox=223x32px
[gazebo_track_car-2] [INFO] [1781167715.745208876] [gazebo_track_car]: camera traffic-light green candidate ignored as non-lamp-shaped color patch; reason=aspect bbox=172x33px
[gazebo_track_car-2] [INFO] [1781167715.745891158] [gazebo_track_car]: camera traffic-light green candidate ignored as non-lamp-shaped color patch; reason=aspect bbox=32x6px
[gazebo_track_car-2] [INFO] [1781167715.746351182] [gazebo_track_car]: camera traffic-light green candidate ignored as non-lamp-shaped color patch; reason=aspect bbox=221x32px
[gazebo_track_car-2] [INFO] [1781167715.783525505] [gazebo_track_car]: camera traffic-light green candidate ignored as non-lamp-shaped color patch; reason=aspect bbox=173x34px
[gazebo_track_car-2] [INFO] [1781167715.783817614] [gazebo_track_car]: camera traffic-light green candidate ignored as non-lamp-shaped color patch; reason=aspect bbox=27x5px
[gazebo_track_car-2] [INFO] [1781167715.784185034] [gazebo_track_car]: camera traffic-light green candidate ignored as non-lamp-shaped color patch; reason=aspect bbox=220x31px
[gazebo_track_car-2] [INFO] [1781167715.816960875] [gazebo_track_car]: camera traffic-light green candidate ignored as non-lamp-shaped color patch; reason=aspect bbox=174x34px
[gazebo_track_car-2] [INFO] [1781167715.817292789] [gazebo_track_car]: camera traffic-light green candidate ignored as non-lamp-shaped color patch; reason=aspect bbox=29x6px
[gazebo_track_car-2] [INFO] [1781167715.817497563] [gazebo_track_car]: camera traffic-light green candidate ignored as non-lamp-shaped color patch; reason=aspect bbox=218x31px
[gazebo_track_car-2] [INFO] [1781167715.838759188] [gazebo_track_car]: camera traffic-light green candidate ignored as non-lamp-shaped color patch; reason=aspect bbox=176x34px
[gazebo_track_car-2] [INFO] [1781167715.839580271] [gazebo_track_car]: camera traffic-light green candidate ignored as non-lamp-shaped color patch; reason=aspect bbox=30x6px
[gazebo_track_car-2] [INFO] [1781167715.839824710] [gazebo_track_car]: camera traffic-light green candidate ignored as non-lamp-shaped color patch; reason=aspect bbox=217x31px
[gazebo_track_car-2] [WARN] [1781167715.845275398] [gazebo_track_car]: JITTER events=13 reasons=speed_delta=0.130m/s pos=(-0.157,+2.480) step=0.0042/0.0000m yaw=0.001/0.000rad route=flat_top_center_to_top_right_reverse
[gazebo_track_car-2] [INFO] [1781167715.882628658] [gazebo_track_car]: camera traffic-light green candidate ignored as non-lamp-shaped color patch; reason=aspect bbox=175x34px
[gazebo_track_car-2] [INFO] [1781167715.882912130] [gazebo_track_car]: camera traffic-light green candidate ignored as non-lamp-shaped color patch; reason=aspect bbox=30x6px
[gazebo_track_car-2] [INFO] [1781167715.883126402] [gazebo_track_car]: camera traffic-light green candidate ignored as non-lamp-shaped color patch; reason=aspect bbox=218x31px
[gazebo_track_car-2] [INFO] [1781167715.934086940] [gazebo_track_car]: camera traffic-light green candidate ignored as non-lamp-shaped color patch; reason=aspect bbox=175x34px
[gazebo_track_car-2] [INFO] [1781167715.934474699] [gazebo_track_car]: camera traffic-light green candidate ignored as non-lamp-shaped color patch; reason=aspect bbox=30x6px
[gazebo_track_car-2] [INFO] [1781167715.935626342] [gazebo_track_car]: camera traffic-light green candidate ignored as non-lamp-shaped color patch; reason=aspect bbox=218x31px
[gazebo_track_car-2] [INFO] [1781167715.952719718] [gazebo_track_car]: camera traffic-light green candidate ignored as non-lamp-shaped color patch; reason=aspect bbox=176x34px
[gazebo_track_car-2] [INFO] [1781167715.953055178] [gazebo_track_car]: camera traffic-light green candidate ignored as non-lamp-shaped color patch; reason=aspect bbox=30x6px
[gazebo_track_car-2] [INFO] [1781167715.953241498] [gazebo_track_car]: camera traffic-light green candidate ignored as non-lamp-shaped color patch; reason=aspect bbox=217x31px
[gazebo_track_car-2] [INFO] [1781167715.979572264] [gazebo_track_car]: camera traffic-light green candidate ignored as non-lamp-shaped color patch; reason=aspect bbox=177x35px
[gazebo_track_car-2] [INFO] [1781167715.979867589] [gazebo_track_car]: camera traffic-light green candidate ignored as non-lamp-shaped color patch; reason=aspect bbox=32x6px
[gazebo_track_car-2] [INFO] [1781167715.980072754] [gazebo_track_car]: camera traffic-light green candidate ignored as non-lamp-shaped color patch; reason=aspect bbox=215x31px
[gazebo_track_car-2] [INFO] [1781167716.005997247] [gazebo_track_car]: camera traffic-light green candidate ignored as non-lamp-shaped color patch; reason=aspect bbox=180x36px
[gazebo_track_car-2] [INFO] [1781167716.006600440] [gazebo_track_car]: camera traffic-light green candidate ignored as non-lamp-shaped color patch; reason=aspect bbox=34x6px
[gazebo_track_car-2] [INFO] [1781167716.007053421] [gazebo_track_car]: camera traffic-light green candidate ignored as non-lamp-shaped color patch; reason=aspect bbox=213x31px
[gazebo_track_car-2] [INFO] [1781167716.057860617] [gazebo_track_car]: camera traffic-light green candidate ignored as non-lamp-shaped color patch; reason=aspect bbox=182x36px
[gazebo_track_car-2] [INFO] [1781167716.058562626] [gazebo_track_car]: camera traffic-light green candidate ignored as non-lamp-shaped color patch; reason=aspect bbox=30x6px
[gazebo_track_car-2] [INFO] [1781167716.058805272] [gazebo_track_car]: camera traffic-light green candidate ignored as non-lamp-shaped color patch; reason=aspect bbox=211x30px
[gazebo_track_car-2] [INFO] [1781167716.078518592] [gazebo_track_car]: camera traffic-light green candidate ignored as non-lamp-shaped color patch; reason=aspect bbox=184x36px
[gazebo_track_car-2] [INFO] [1781167716.078822843] [gazebo_track_car]: camera traffic-light green candidate ignored as non-lamp-shaped color patch; reason=aspect bbox=32x6px
[gazebo_track_car-2] [INFO] [1781167716.079049699] [gazebo_track_car]: camera traffic-light green candidate ignored as non-lamp-shaped color patch; reason=aspect bbox=209x30px
[gazebo_track_car-2] [INFO] [1781167716.118605716] [gazebo_track_car]: camera traffic-light green candidate ignored as non-lamp-shaped color patch; reason=aspect bbox=186x37px
[gazebo_track_car-2] [INFO] [1781167716.118893897] [gazebo_track_car]: camera traffic-light green candidate ignored as non-lamp-shaped color patch; reason=aspect bbox=33x6px
[gazebo_track_car-2] [INFO] [1781167716.119125422] [gazebo_track_car]: camera traffic-light green candidate ignored as non-lamp-shaped color patch; reason=aspect bbox=208x30px
[gazebo_track_car-2] [INFO] [1781167716.125559673] [gazebo_track_car]: MOTION pos=(-0.107,+2.480) yaw=-0.002 v=0.278 step_err=0.0086m/0.000rad track_err=0.0058m footprint=road:8.00px route=flat_top_center_to_top_right_reverse cmd_vel=(0.279,+0.009)
[gazebo_track_car-2] [INFO] [1781167716.152598342] [gazebo_track_car]: camera traffic-light green candidate ignored as non-lamp-shaped color patch; reason=aspect bbox=188x38px
[gazebo_track_car-2] [INFO] [1781167716.152957266] [gazebo_track_car]: camera traffic-light green candidate ignored as non-lamp-shaped color patch; reason=aspect bbox=35x7px
[gazebo_track_car-2] [INFO] [1781167716.153359171] [gazebo_track_car]: camera traffic-light green candidate ignored as non-lamp-shaped color patch; reason=aspect bbox=206x30px
[gazebo_track_car-2] [INFO] [1781167716.171450454] [gazebo_track_car]: camera traffic-light green candidate ignored as non-lamp-shaped color patch; reason=aspect bbox=37x7px
[gazebo_track_car-2] [INFO] [1781167716.171728436] [gazebo_track_car]: camera traffic-light green candidate ignored as non-lamp-shaped color patch; reason=aspect bbox=204x28px
[gazebo_track_car-2] [INFO] [1781167716.221310191] [gazebo_track_car]: camera traffic-light green candidate ignored as non-lamp-shaped color patch; reason=aspect bbox=192x39px
[gazebo_track_car-2] [INFO] [1781167716.221866295] [gazebo_track_car]: camera traffic-light green candidate ignored as non-lamp-shaped color patch; reason=aspect bbox=33x6px
[gazebo_track_car-2] [INFO] [1781167716.222124080] [gazebo_track_car]: camera traffic-light green candidate ignored as non-lamp-shaped color patch; reason=aspect bbox=202x27px
[gazebo_track_car-2] [INFO] [1781167716.276776668] [gazebo_track_car]: camera traffic-light green candidate ignored as non-lamp-shaped color patch; reason=aspect bbox=194x39px
[gazebo_track_car-2] [INFO] [1781167716.277050583] [gazebo_track_car]: camera traffic-light green candidate ignored as non-lamp-shaped color patch; reason=aspect bbox=35x6px
[gazebo_track_car-2] [INFO] [1781167716.277233887] [gazebo_track_car]: camera traffic-light green candidate ignored as non-lamp-shaped color patch; reason=aspect bbox=200x27px
[gazebo_track_car-2] [INFO] [1781167716.286142651] [gazebo_track_car]: camera traffic-light green candidate ignored as non-lamp-shaped color patch; reason=aspect bbox=193x39px
[gazebo_track_car-2] [INFO] [1781167716.286417427] [gazebo_track_car]: camera traffic-light green candidate ignored as non-lamp-shaped color patch; reason=aspect bbox=34x6px
[gazebo_track_car-2] [INFO] [1781167716.286662928] [gazebo_track_car]: camera traffic-light green candidate ignored as non-lamp-shaped color patch; reason=aspect bbox=201x27px
[gazebo_track_car-2] [INFO] [1781167716.308177351] [gazebo_track_car]: camera traffic-light green candidate ignored as non-lamp-shaped color patch; reason=aspect bbox=193x39px
[gazebo_track_car-2] [INFO] [1781167716.308463027] [gazebo_track_car]: camera traffic-light green candidate ignored as non-lamp-shaped color patch; reason=aspect bbox=34x6px
[gazebo_track_car-2] [INFO] [1781167716.309204811] [gazebo_track_car]: camera traffic-light green candidate ignored as non-lamp-shaped color patch; reason=aspect bbox=201x27px
[gazebo_track_car-2] [INFO] [1781167716.355408249] [gazebo_track_car]: camera traffic-light green candidate ignored as non-lamp-shaped color patch; reason=aspect bbox=193x39px
[gazebo_track_car-2] [INFO] [1781167716.355687063] [gazebo_track_car]: camera traffic-light green candidate ignored as non-lamp-shaped color patch; reason=aspect bbox=34x6px
[gazebo_track_car-2] [INFO] [1781167716.355867602] [gazebo_track_car]: camera traffic-light green candidate ignored as non-lamp-shaped color patch; reason=aspect bbox=201x27px
[gazebo_track_car-2] [INFO] [1781167716.395453019] [gazebo_track_car]: camera traffic-light green candidate ignored as non-lamp-shaped color patch; reason=aspect bbox=195x39px
[gazebo_track_car-2] [INFO] [1781167716.395742763] [gazebo_track_car]: camera traffic-light green candidate ignored as non-lamp-shaped color patch; reason=aspect bbox=36x7px
[gazebo_track_car-2] [INFO] [1781167716.395936718] [gazebo_track_car]: camera traffic-light green candidate ignored as non-lamp-shaped color patch; reason=aspect bbox=201x27px
[gazebo_track_car-2] [INFO] [1781167716.410711581] [gazebo_track_car]: camera traffic-light green candidate ignored as non-lamp-shaped color patch; reason=aspect bbox=197x40px
[gazebo_track_car-2] [INFO] [1781167716.411240454] [gazebo_track_car]: camera traffic-light green candidate ignored as non-lamp-shaped color patch; reason=aspect bbox=37x7px
[gazebo_track_car-2] [INFO] [1781167716.411496575] [gazebo_track_car]: camera traffic-light green candidate ignored as non-lamp-shaped color patch; reason=aspect bbox=198x27px
[gazebo_track_car-2] [INFO] [1781167716.450261652] [gazebo_track_car]: camera traffic-light green candidate ignored as non-lamp-shaped color patch; reason=aspect bbox=199x41px
[gazebo_track_car-2] [INFO] [1781167716.450543201] [gazebo_track_car]: camera traffic-light green candidate ignored as non-lamp-shaped color patch; reason=aspect bbox=39x7px
[gazebo_track_car-2] [INFO] [1781167716.450744599] [gazebo_track_car]: camera traffic-light green candidate ignored as non-lamp-shaped color patch; reason=aspect bbox=197x28px
[gazebo_track_car-2] [INFO] [1781167716.484106976] [gazebo_track_car]: camera traffic-light green candidate ignored as non-lamp-shaped color patch; reason=aspect bbox=200x42px
[gazebo_track_car-2] [INFO] [1781167716.484373858] [gazebo_track_car]: camera traffic-light green candidate ignored as non-lamp-shaped color patch; reason=aspect bbox=40x7px
[gazebo_track_car-2] [INFO] [1781167716.484556040] [gazebo_track_car]: camera traffic-light green candidate ignored as non-lamp-shaped color patch; reason=aspect bbox=195x28px
[gazebo_track_car-2] [INFO] [1781167716.519189535] [gazebo_track_car]: camera traffic-light green candidate ignored as non-lamp-shaped color patch; reason=aspect bbox=203x42px
[gazebo_track_car-2] [INFO] [1781167716.519425178] [gazebo_track_car]: camera traffic-light green candidate ignored as non-lamp-shaped color patch; reason=aspect bbox=37x7px
[gazebo_track_car-2] [INFO] [1781167716.519602130] [gazebo_track_car]: camera traffic-light green candidate ignored as non-lamp-shaped color patch; reason=aspect bbox=193x28px
[gazebo_track_car-2] [INFO] [1781167716.541383574] [gazebo_track_car]: camera traffic-light green candidate ignored as non-lamp-shaped color patch; reason=aspect bbox=206x43px
[gazebo_track_car-2] [INFO] [1781167716.542157157] [gazebo_track_car]: camera traffic-light green candidate ignored as non-lamp-shaped color patch; reason=aspect bbox=39x7px
[gazebo_track_car-2] [INFO] [1781167716.542408900] [gazebo_track_car]: camera traffic-light green candidate ignored as non-lamp-shaped color patch; reason=aspect bbox=191x28px
[gazebo_track_car-2] [INFO] [1781167716.574944465] [gazebo_track_car]: camera traffic-light green candidate ignored as non-lamp-shaped color patch; reason=aspect bbox=209x43px
[gazebo_track_car-2] [INFO] [1781167716.575205245] [gazebo_track_car]: camera traffic-light green candidate ignored as non-lamp-shaped color patch; reason=aspect bbox=42x8px
[gazebo_track_car-2] [INFO] [1781167716.575445396] [gazebo_track_car]: camera traffic-light green candidate ignored as non-lamp-shaped color patch; reason=aspect bbox=189x28px
[gazebo_track_car-2] [INFO] [1781167716.623333718] [gazebo_track_car]: camera traffic-light green candidate ignored as non-lamp-shaped color patch; reason=aspect bbox=211x44px
[gazebo_track_car-2] [INFO] [1781167716.623644903] [gazebo_track_car]: camera traffic-light green candidate ignored as non-lamp-shaped color patch; reason=aspect bbox=44x8px
[gazebo_track_car-2] [INFO] [1781167716.623842845] [gazebo_track_car]: camera traffic-light green candidate ignored as non-lamp-shaped color patch; reason=aspect bbox=186x28px
[gazebo_track_car-2] [INFO] [1781167716.646394005] [gazebo_track_car]: camera traffic-light green candidate ignored as non-lamp-shaped color patch; reason=aspect bbox=214x45px
[gazebo_track_car-2] [INFO] [1781167716.647208435] [gazebo_track_car]: camera traffic-light green candidate ignored as non-lamp-shaped color patch; reason=aspect bbox=40x7px
[gazebo_track_car-2] [INFO] [1781167716.647912312] [gazebo_track_car]: camera traffic-light green candidate ignored as non-lamp-shaped color patch; reason=aspect bbox=184x27px
[gazebo_track_car-2] [INFO] [1781167716.682127306] [gazebo_track_car]: camera traffic-light green candidate ignored as non-lamp-shaped color patch; reason=aspect bbox=216x45px
[gazebo_track_car-2] [INFO] [1781167716.683076529] [gazebo_track_car]: camera traffic-light green candidate ignored as non-lamp-shaped color patch; reason=aspect bbox=42x8px
[gazebo_track_car-2] [INFO] [1781167716.683496738] [gazebo_track_car]: camera traffic-light green candidate ignored as non-lamp-shaped color patch; reason=aspect bbox=182x27px
[gazebo_track_car-2] [INFO] [1781167716.712241052] [gazebo_track_car]: camera traffic-light green candidate ignored as non-lamp-shaped color patch; reason=aspect bbox=220x46px
[gazebo_track_car-2] [INFO] [1781167716.713763542] [gazebo_track_car]: camera traffic-light green candidate ignored as non-lamp-shaped color patch; reason=aspect bbox=45x8px
[gazebo_track_car-2] [INFO] [1781167716.714524942] [gazebo_track_car]: camera traffic-light green candidate ignored as non-lamp-shaped color patch; reason=aspect bbox=179x27px
[gazebo_track_car-2] [INFO] [1781167716.746777304] [gazebo_track_car]: camera traffic-light green candidate ignored as non-lamp-shaped color patch; reason=aspect bbox=223x48px
[gazebo_track_car-2] [INFO] [1781167716.747062440] [gazebo_track_car]: camera traffic-light green candidate ignored as non-lamp-shaped color patch; reason=aspect bbox=47x8px
[gazebo_track_car-2] [INFO] [1781167716.747246215] [gazebo_track_car]: camera traffic-light green candidate ignored as non-lamp-shaped color patch; reason=aspect bbox=177x26px
[gazebo_track_car-2] [INFO] [1781167716.790680512] [gazebo_track_car]: camera traffic-light green candidate ignored as non-lamp-shaped color patch; reason=aspect bbox=224x48px
[gazebo_track_car-2] [INFO] [1781167716.791611080] [gazebo_track_car]: camera traffic-light green candidate ignored as non-lamp-shaped color patch; reason=aspect bbox=43x7px
[gazebo_track_car-2] [INFO] [1781167716.792083518] [gazebo_track_car]: camera traffic-light green candidate ignored as non-lamp-shaped color patch; reason=aspect bbox=176x26px
[gazebo_track_car-2] [INFO] [1781167716.814305048] [gazebo_track_car]: camera traffic-light green candidate ignored as non-lamp-shaped color patch; reason=aspect bbox=224x47px
[gazebo_track_car-2] [INFO] [1781167716.814579453] [gazebo_track_car]: camera traffic-light green candidate ignored as non-lamp-shaped color patch; reason=aspect bbox=43x7px
[gazebo_track_car-2] [INFO] [1781167716.815208174] [gazebo_track_car]: camera traffic-light green candidate ignored as non-lamp-shaped color patch; reason=aspect bbox=176x26px
[gazebo_track_car-2] [INFO] [1781167716.855044312] [gazebo_track_car]: camera traffic-light green candidate ignored as non-lamp-shaped color patch; reason=aspect bbox=224x47px
[gazebo_track_car-2] [INFO] [1781167716.855320591] [gazebo_track_car]: camera traffic-light green candidate ignored as non-lamp-shaped color patch; reason=aspect bbox=43x7px
[gazebo_track_car-2] [INFO] [1781167716.855507272] [gazebo_track_car]: camera traffic-light green candidate ignored as non-lamp-shaped color patch; reason=aspect bbox=176x26px
[gazebo_track_car-2] [INFO] [1781167716.902468624] [gazebo_track_car]: camera traffic-light green candidate ignored as non-lamp-shaped color patch; reason=aspect bbox=225x47px
[gazebo_track_car-2] [INFO] [1781167716.902734754] [gazebo_track_car]: camera traffic-light green candidate ignored as non-lamp-shaped color patch; reason=aspect bbox=43x8px
[gazebo_track_car-2] [INFO] [1781167716.902917076] [gazebo_track_car]: camera traffic-light green candidate ignored as non-lamp-shaped color patch; reason=aspect bbox=176x26px
[gazebo_track_car-2] [INFO] [1781167716.912921909] [gazebo_track_car]: camera traffic-light green candidate ignored as non-lamp-shaped color patch; reason=aspect bbox=225x48px
[gazebo_track_car-2] [INFO] [1781167716.913200112] [gazebo_track_car]: camera traffic-light green candidate ignored as non-lamp-shaped color patch; reason=aspect bbox=43x8px
[gazebo_track_car-2] [INFO] [1781167716.913510906] [gazebo_track_car]: camera traffic-light green candidate ignored as non-lamp-shaped color patch; reason=aspect bbox=177x26px
[gazebo_track_car-2] [INFO] [1781167716.956314658] [gazebo_track_car]: camera traffic-light green candidate ignored as non-lamp-shaped color patch; reason=aspect bbox=228x49px
[gazebo_track_car-2] [INFO] [1781167716.957222303] [gazebo_track_car]: camera traffic-light green candidate ignored as non-lamp-shaped color patch; reason=aspect bbox=45x8px
[gazebo_track_car-2] [INFO] [1781167716.957839813] [gazebo_track_car]: camera traffic-light green candidate ignored as non-lamp-shaped color patch; reason=aspect bbox=174x26px
[gazebo_track_car-2] [INFO] [1781167716.982050700] [gazebo_track_car]: camera traffic-light green candidate ignored as non-lamp-shaped color patch; reason=aspect bbox=231x50px
[gazebo_track_car-2] [INFO] [1781167716.982332840] [gazebo_track_car]: camera traffic-light green candidate ignored as non-lamp-shaped color patch; reason=aspect bbox=48x8px
[gazebo_track_car-2] [INFO] [1781167716.982834012] [gazebo_track_car]: camera traffic-light green candidate ignored as non-lamp-shaped color patch; reason=aspect bbox=172x26px
[gazebo_track_car-2] [INFO] [1781167717.026476863] [gazebo_track_car]: camera traffic-light green candidate ignored as non-lamp-shaped color patch; reason=aspect bbox=235x52px
[gazebo_track_car-2] [INFO] [1781167717.026834705] [gazebo_track_car]: camera traffic-light green candidate ignored as non-lamp-shaped color patch; reason=aspect bbox=50x9px
[gazebo_track_car-2] [INFO] [1781167717.027032877] [gazebo_track_car]: camera traffic-light green candidate ignored as non-lamp-shaped color patch; reason=aspect bbox=168x25px
[gazebo_track_car-2] [WARN] [1781167717.042704778] [gazebo_track_car]: JITTER events=17 reasons=speed_delta=0.128m/s pos=(+0.086,+2.479) step=0.0042/0.0000m yaw=0.000/0.000rad route=flat_top_center_to_top_right_reverse
[gazebo_track_car-2] [INFO] [1781167717.083511454] [gazebo_track_car]: camera traffic-light green candidate ignored as non-lamp-shaped color patch; reason=aspect bbox=238x52px
[gazebo_track_car-2] [INFO] [1781167717.083788264] [gazebo_track_car]: camera traffic-light green candidate ignored as non-lamp-shaped color patch; reason=aspect bbox=48x8px
[gazebo_track_car-2] [INFO] [1781167717.084017464] [gazebo_track_car]: camera traffic-light green candidate ignored as non-lamp-shaped color patch; reason=aspect bbox=166x25px
[gazebo_track_car-2] [INFO] [1781167717.094700503] [gazebo_track_car]: camera traffic-light green candidate ignored as non-lamp-shaped color patch; reason=aspect bbox=239x52px
[gazebo_track_car-2] [INFO] [1781167717.095436896] [gazebo_track_car]: camera traffic-light green candidate ignored as non-lamp-shaped color patch; reason=aspect bbox=48x8px
[gazebo_track_car-2] [INFO] [1781167717.095908652] [gazebo_track_car]: camera traffic-light green candidate ignored as non-lamp-shaped color patch; reason=aspect bbox=166x25px
[gazebo_track_car-2] [INFO] [1781167717.126281899] [gazebo_track_car]: camera traffic-light green candidate ignored as non-lamp-shaped color patch; reason=aspect bbox=239x52px
[gazebo_track_car-2] [INFO] [1781167717.126564240] [gazebo_track_car]: camera traffic-light green candidate ignored as non-lamp-shaped color patch; reason=aspect bbox=48x8px
[gazebo_track_car-2] [INFO] [1781167717.127066613] [gazebo_track_car]: camera traffic-light green candidate ignored as non-lamp-shaped color patch; reason=aspect bbox=166x25px
[gazebo_track_car-2] [INFO] [1781167717.149738102] [gazebo_track_car]: camera traffic-light green candidate ignored as non-lamp-shaped color patch; reason=aspect bbox=240x52px
[gazebo_track_car-2] [INFO] [1781167717.150633003] [gazebo_track_car]: camera traffic-light green candidate ignored as non-lamp-shaped color patch; reason=aspect bbox=48x8px
[gazebo_track_car-2] [INFO] [1781167717.151050548] [gazebo_track_car]: camera traffic-light green candidate ignored as non-lamp-shaped color patch; reason=aspect bbox=166x25px
[gazebo_track_car-2] [INFO] [1781167717.178420462] [gazebo_track_car]: camera traffic-light green candidate ignored as non-lamp-shaped color patch; reason=aspect bbox=240x53px
[gazebo_track_car-2] [INFO] [1781167717.178691411] [gazebo_track_car]: camera traffic-light green candidate ignored as non-lamp-shaped color patch; reason=aspect bbox=50x8px
[gazebo_track_car-2] [INFO] [1781167717.178873643] [gazebo_track_car]: camera traffic-light green candidate ignored as non-lamp-shaped color patch; reason=aspect bbox=164x25px
[gazebo_track_car-2] [INFO] [1781167717.225886628] [gazebo_track_car]: camera traffic-light green candidate ignored as non-lamp-shaped color patch; reason=aspect bbox=245x54px
[gazebo_track_car-2] [INFO] [1781167717.226155363] [gazebo_track_car]: camera traffic-light green candidate ignored as non-lamp-shaped color patch; reason=aspect bbox=52x9px
[gazebo_track_car-2] [INFO] [1781167717.226335952] [gazebo_track_car]: camera traffic-light green candidate ignored as non-lamp-shaped color patch; reason=aspect bbox=162x25px
[gazebo_track_car-2] [INFO] [1781167717.258822028] [gazebo_track_car]: camera traffic-light green candidate ignored as non-lamp-shaped color patch; reason=aspect bbox=248x55px
[gazebo_track_car-2] [INFO] [1781167717.259271182] [gazebo_track_car]: camera traffic-light green candidate ignored as non-lamp-shaped color patch; reason=aspect bbox=54x9px
[gazebo_track_car-2] [INFO] [1781167717.259718382] [gazebo_track_car]: camera traffic-light green candidate ignored as non-lamp-shaped color patch; reason=aspect bbox=159x24px
[gazebo_track_car-2] [INFO] [1781167717.279721067] [gazebo_track_car]: camera traffic-light green candidate ignored as non-lamp-shaped color patch; reason=aspect bbox=251x56px
[gazebo_track_car-2] [INFO] [1781167717.280458513] [gazebo_track_car]: camera traffic-light green candidate ignored as non-lamp-shaped color patch; reason=aspect bbox=52x9px
[gazebo_track_car-2] [INFO] [1781167717.280971627] [gazebo_track_car]: camera traffic-light green candidate ignored as non-lamp-shaped color patch; reason=aspect bbox=156x24px
[gazebo_track_car-2] [INFO] [1781167717.323248144] [gazebo_track_car]: camera traffic-light green candidate ignored as non-lamp-shaped color patch; reason=aspect bbox=256x57px
[gazebo_track_car-2] [INFO] [1781167717.323529603] [gazebo_track_car]: camera traffic-light green candidate ignored as non-lamp-shaped color patch; reason=aspect bbox=55x9px
[gazebo_track_car-2] [INFO] [1781167717.323712436] [gazebo_track_car]: camera traffic-light green candidate ignored as non-lamp-shaped color patch; reason=aspect bbox=153x24px
[gazebo_track_car-2] [INFO] [1781167717.351612477] [gazebo_track_car]: camera traffic-light green candidate ignored as non-lamp-shaped color patch; reason=aspect bbox=259x58px
[gazebo_track_car-2] [INFO] [1781167717.351883506] [gazebo_track_car]: camera traffic-light green candidate ignored as non-lamp-shaped color patch; reason=aspect bbox=57x10px
[gazebo_track_car-2] [INFO] [1781167717.352065648] [gazebo_track_car]: camera traffic-light green candidate ignored as non-lamp-shaped color patch; reason=aspect bbox=150x24px
[gazebo_track_car-2] [INFO] [1781167717.381037161] [gazebo_track_car]: camera traffic-light green candidate ignored as non-lamp-shaped color patch; reason=aspect bbox=263x59px
[gazebo_track_car-2] [INFO] [1781167717.381362853] [gazebo_track_car]: camera traffic-light green candidate ignored as non-lamp-shaped color patch; reason=aspect bbox=54x9px
[gazebo_track_car-2] [INFO] [1781167717.381561747] [gazebo_track_car]: camera traffic-light green candidate ignored as non-lamp-shaped color patch; reason=aspect bbox=148x23px
[gazebo_track_car-2] [INFO] [1781167717.414193205] [gazebo_track_car]: camera traffic-light green candidate ignored as non-lamp-shaped color patch; reason=aspect bbox=267x60px
[gazebo_track_car-2] [INFO] [1781167717.414478030] [gazebo_track_car]: camera traffic-light green candidate ignored as non-lamp-shaped color patch; reason=aspect bbox=57x10px
[gazebo_track_car-2] [INFO] [1781167717.414763897] [gazebo_track_car]: camera traffic-light green candidate ignored as non-lamp-shaped color patch; reason=aspect bbox=145x23px
[gazebo_track_car-2] [INFO] [1781167717.459368829] [gazebo_track_car]: camera traffic-light green candidate ignored as non-lamp-shaped color patch; reason=aspect bbox=271x62px
[gazebo_track_car-2] [INFO] [1781167717.459645048] [gazebo_track_car]: camera traffic-light green candidate ignored as non-lamp-shaped color patch; reason=aspect bbox=59x10px
[gazebo_track_car-2] [INFO] [1781167717.459826649] [gazebo_track_car]: camera traffic-light green candidate ignored as non-lamp-shaped color patch; reason=aspect bbox=142x23px
[gazebo_track_car-2] [INFO] [1781167717.493962474] [gazebo_track_car]: camera traffic-light green candidate ignored as non-lamp-shaped color patch; reason=aspect bbox=272x62px
[gazebo_track_car-2] [INFO] [1781167717.494355843] [gazebo_track_car]: camera traffic-light green candidate ignored as non-lamp-shaped color patch; reason=aspect bbox=60x10px
[gazebo_track_car-2] [INFO] [1781167717.494566699] [gazebo_track_car]: camera traffic-light green candidate ignored as non-lamp-shaped color patch; reason=aspect bbox=142x23px
[gazebo_track_car-2] [INFO] [1781167717.514801000] [gazebo_track_car]: camera traffic-light green candidate ignored as non-lamp-shaped color patch; reason=aspect bbox=272x62px
[gazebo_track_car-2] [INFO] [1781167717.515188978] [gazebo_track_car]: camera traffic-light green candidate ignored as non-lamp-shaped color patch; reason=aspect bbox=60x10px
[gazebo_track_car-2] [INFO] [1781167717.515390086] [gazebo_track_car]: camera traffic-light green candidate ignored as non-lamp-shaped color patch; reason=aspect bbox=142x23px
[gazebo_track_car-2] [INFO] [1781167717.560594694] [gazebo_track_car]: camera traffic-light green candidate ignored as non-lamp-shaped color patch; reason=aspect bbox=273x62px
[gazebo_track_car-2] [INFO] [1781167717.560923391] [gazebo_track_car]: camera traffic-light green candidate ignored as non-lamp-shaped color patch; reason=aspect bbox=61x10px
[gazebo_track_car-2] [INFO] [1781167717.561181907] [gazebo_track_car]: camera traffic-light green candidate ignored as non-lamp-shaped color patch; reason=aspect bbox=141x23px
[gazebo_track_car-2] [INFO] [1781167717.598052238] [gazebo_track_car]: camera traffic-light green candidate ignored as non-lamp-shaped color patch; reason=aspect bbox=275x63px
[gazebo_track_car-2] [INFO] [1781167717.598297129] [gazebo_track_car]: camera traffic-light green candidate ignored as non-lamp-shaped color patch; reason=aspect bbox=62x11px
[gazebo_track_car-2] [INFO] [1781167717.598477838] [gazebo_track_car]: camera traffic-light green candidate ignored as non-lamp-shaped color patch; reason=aspect bbox=139x22px
[gazebo_track_car-2] [INFO] [1781167717.623072350] [gazebo_track_car]: camera traffic-light green candidate ignored as non-lamp-shaped color patch; reason=aspect bbox=279x64px
[gazebo_track_car-2] [INFO] [1781167717.623354429] [gazebo_track_car]: camera traffic-light green candidate ignored as non-lamp-shaped color patch; reason=aspect bbox=60x10px
[gazebo_track_car-2] [INFO] [1781167717.623600432] [gazebo_track_car]: camera traffic-light green candidate ignored as non-lamp-shaped color patch; reason=aspect bbox=136x23px
[gazebo_track_car-2] [INFO] [1781167717.663165776] [gazebo_track_car]: camera traffic-light green candidate ignored as non-lamp-shaped color patch; reason=aspect bbox=284x65px
[gazebo_track_car-2] [INFO] [1781167717.663440983] [gazebo_track_car]: camera traffic-light green candidate ignored as non-lamp-shaped color patch; reason=aspect bbox=63x10px
[gazebo_track_car-2] [INFO] [1781167717.663761375] [gazebo_track_car]: camera traffic-light green candidate ignored as non-lamp-shaped color patch; reason=aspect bbox=134x23px
[gazebo_track_car-2] [INFO] [1781167717.695997581] [gazebo_track_car]: camera traffic-light green candidate ignored as non-lamp-shaped color patch; reason=aspect bbox=288x67px
[gazebo_track_car-2] [INFO] [1781167717.696263240] [gazebo_track_car]: camera traffic-light green candidate ignored as non-lamp-shaped color patch; reason=aspect bbox=66x11px
[gazebo_track_car-2] [INFO] [1781167717.696445061] [gazebo_track_car]: camera traffic-light green candidate ignored as non-lamp-shaped color patch; reason=aspect bbox=131x22px
[gazebo_track_car-2] [INFO] [1781167717.717401328] [gazebo_track_car]: camera traffic-light green candidate ignored as non-lamp-shaped color patch; reason=aspect bbox=293x68px
[gazebo_track_car-2] [INFO] [1781167717.717671295] [gazebo_track_car]: camera traffic-light green candidate ignored as non-lamp-shaped color patch; reason=aspect bbox=62x10px
[gazebo_track_car-2] [INFO] [1781167717.717854510] [gazebo_track_car]: camera traffic-light green candidate ignored as non-lamp-shaped color patch; reason=aspect bbox=128x22px
[gazebo_track_car-2] [INFO] [1781167717.756975128] [gazebo_track_car]: camera traffic-light green candidate ignored as non-lamp-shaped color patch; reason=aspect bbox=298x70px
[gazebo_track_car-2] [INFO] [1781167717.757251507] [gazebo_track_car]: camera traffic-light green candidate ignored as non-lamp-shaped color patch; reason=aspect bbox=66x11px
[gazebo_track_car-2] [INFO] [1781167717.757437847] [gazebo_track_car]: camera traffic-light green candidate ignored as non-lamp-shaped color patch; reason=aspect bbox=125x23px
[gazebo_track_car-2] [INFO] [1781167717.787307708] [gazebo_track_car]: camera traffic-light green candidate ignored as non-lamp-shaped color patch; reason=aspect bbox=303x71px
[gazebo_track_car-2] [INFO] [1781167717.787543832] [gazebo_track_car]: camera traffic-light green candidate ignored as non-lamp-shaped color patch; reason=aspect bbox=69x11px
[gazebo_track_car-2] [INFO] [1781167717.787720564] [gazebo_track_car]: camera traffic-light green candidate ignored as non-lamp-shaped color patch; reason=aspect bbox=122x23px
[gazebo_track_car-2] [INFO] [1781167717.840181924] [gazebo_track_car]: camera traffic-light green candidate ignored as non-lamp-shaped color patch; reason=aspect bbox=308x72px
[gazebo_track_car-2] [INFO] [1781167717.840452782] [gazebo_track_car]: camera traffic-light green candidate ignored as non-lamp-shaped color patch; reason=aspect bbox=67x11px
[gazebo_track_car-2] [INFO] [1781167717.840759749] [gazebo_track_car]: camera traffic-light green candidate ignored as non-lamp-shaped color patch; reason=aspect bbox=118x23px
[gazebo_track_car-2] [INFO] [1781167717.851237191] [gazebo_track_car]: camera traffic-light green candidate ignored as non-lamp-shaped color patch; reason=aspect bbox=313x74px
[gazebo_track_car-2] [INFO] [1781167717.851511336] [gazebo_track_car]: camera traffic-light green candidate ignored as non-lamp-shaped color patch; reason=aspect bbox=69x11px
[gazebo_track_car-2] [INFO] [1781167717.851695332] [gazebo_track_car]: camera traffic-light green candidate ignored as non-lamp-shaped color patch; reason=aspect bbox=116x24px
[gazebo_track_car-2] [INFO] [1781167717.891929282] [gazebo_track_car]: camera traffic-light green candidate ignored as non-lamp-shaped color patch; reason=aspect bbox=313x74px
[gazebo_track_car-2] [INFO] [1781167717.892200682] [gazebo_track_car]: camera traffic-light green candidate ignored as non-lamp-shaped color patch; reason=aspect bbox=69x11px
[gazebo_track_car-2] [INFO] [1781167717.892478724] [gazebo_track_car]: camera traffic-light green candidate ignored as non-lamp-shaped color patch; reason=aspect bbox=116x24px
[gazebo_track_car-2] [INFO] [1781167717.917616315] [gazebo_track_car]: camera traffic-light green candidate ignored as non-lamp-shaped color patch; reason=aspect bbox=313x74px
[gazebo_track_car-2] [INFO] [1781167717.917888407] [gazebo_track_car]: camera traffic-light green candidate ignored as non-lamp-shaped color patch; reason=aspect bbox=69x11px
[gazebo_track_car-2] [INFO] [1781167717.918069447] [gazebo_track_car]: camera traffic-light green candidate ignored as non-lamp-shaped color patch; reason=aspect bbox=116x24px
[gazebo_track_car-2] [INFO] [1781167717.962443023] [gazebo_track_car]: camera traffic-light green candidate ignored as non-lamp-shaped color patch; reason=aspect bbox=314x74px
[gazebo_track_car-2] [INFO] [1781167717.962737947] [gazebo_track_car]: camera traffic-light green candidate ignored as non-lamp-shaped color patch; reason=aspect bbox=70x11px
[gazebo_track_car-2] [INFO] [1781167717.962990021] [gazebo_track_car]: camera traffic-light green candidate ignored as non-lamp-shaped color patch; reason=aspect bbox=116x24px
[gazebo_track_car-2] [INFO] [1781167717.994628064] [gazebo_track_car]: camera traffic-light green candidate ignored as non-lamp-shaped color patch; reason=aspect bbox=317x76px
[gazebo_track_car-2] [INFO] [1781167717.994937074] [gazebo_track_car]: camera traffic-light green candidate ignored as non-lamp-shaped color patch; reason=aspect bbox=72x12px
[gazebo_track_car-2] [INFO] [1781167717.995135267] [gazebo_track_car]: camera traffic-light green candidate ignored as non-lamp-shaped color patch; reason=aspect bbox=113x24px
[gazebo_track_car-2] [INFO] [1781167718.017113976] [gazebo_track_car]: camera traffic-light green candidate ignored as non-lamp-shaped color patch; reason=aspect bbox=323x78px
[gazebo_track_car-2] [INFO] [1781167718.017389043] [gazebo_track_car]: camera traffic-light green candidate ignored as non-lamp-shaped color patch; reason=aspect bbox=69x11px
[gazebo_track_car-2] [INFO] [1781167718.017570544] [gazebo_track_car]: camera traffic-light green candidate ignored as non-lamp-shaped color patch; reason=aspect bbox=110x24px
[gazebo_track_car-2] [WARN] [1781167718.049843292] [gazebo_track_car]: JITTER events=15 reasons=speed_delta=0.127m/s pos=(+0.278,+2.479) step=0.0042/0.0000m yaw=0.000/0.000rad route=flat_top_center_to_top_right_reverse
[gazebo_track_car-2] [INFO] [1781167718.067555838] [gazebo_track_car]: camera traffic-light green candidate ignored as non-lamp-shaped color patch; reason=aspect bbox=329x79px
[gazebo_track_car-2] [INFO] [1781167718.068776421] [gazebo_track_car]: camera traffic-light green candidate ignored as non-lamp-shaped color patch; reason=aspect bbox=72x12px
[gazebo_track_car-2] [INFO] [1781167718.069035428] [gazebo_track_car]: camera traffic-light green candidate ignored as non-lamp-shaped color patch; reason=aspect bbox=107x25px
[gazebo_track_car-2] [INFO] [1781167718.098173308] [gazebo_track_car]: camera traffic-light green candidate ignored as non-lamp-shaped color patch; reason=aspect bbox=325x78px
[gazebo_track_car-2] [INFO] [1781167718.098450669] [gazebo_track_car]: camera traffic-light green candidate ignored as non-lamp-shaped color patch; reason=aspect bbox=70x11px
[gazebo_track_car-2] [INFO] [1781167718.098669801] [gazebo_track_car]: camera traffic-light green candidate ignored as non-lamp-shaped color patch; reason=aspect bbox=110x24px
[gazebo_track_car-2] [INFO] [1781167718.121016732] [gazebo_track_car]: camera traffic-light green candidate ignored as non-lamp-shaped color patch; reason=aspect bbox=325x78px
[gazebo_track_car-2] [INFO] [1781167718.121319942] [gazebo_track_car]: camera traffic-light green candidate ignored as non-lamp-shaped color patch; reason=aspect bbox=70x11px
[gazebo_track_car-2] [INFO] [1781167718.121503096] [gazebo_track_car]: camera traffic-light green candidate ignored as non-lamp-shaped color patch; reason=aspect bbox=111x24px
[gazebo_track_car-2] [INFO] [1781167718.168792807] [gazebo_track_car]: camera traffic-light green candidate ignored as non-lamp-shaped color patch; reason=aspect bbox=326x79px
[gazebo_track_car-2] [INFO] [1781167718.169032257] [gazebo_track_car]: camera traffic-light green candidate ignored as non-lamp-shaped color patch; reason=aspect bbox=70x11px
[gazebo_track_car-2] [INFO] [1781167718.169206704] [gazebo_track_car]: camera traffic-light green candidate ignored as non-lamp-shaped color patch; reason=aspect bbox=110x24px
[gazebo_track_car-2] [INFO] [1781167718.197148116] [gazebo_track_car]: camera traffic-light green candidate ignored as non-lamp-shaped color patch; reason=aspect bbox=74x12px
[gazebo_track_car-2] [INFO] [1781167718.197423604] [gazebo_track_car]: camera traffic-light green candidate ignored as non-lamp-shaped color patch; reason=aspect bbox=328x80px
[gazebo_track_car-2] [INFO] [1781167718.197604864] [gazebo_track_car]: camera traffic-light green candidate ignored as non-lamp-shaped color patch; reason=aspect bbox=111x24px
[gazebo_track_car-2] [INFO] [1781167718.227115595] [gazebo_track_car]: camera traffic-light green candidate ignored as non-lamp-shaped color patch; reason=aspect bbox=334x82px
[gazebo_track_car-2] [INFO] [1781167718.227496110] [gazebo_track_car]: camera traffic-light green candidate ignored as non-lamp-shaped color patch; reason=aspect bbox=72x12px
[gazebo_track_car-2] [INFO] [1781167718.227701906] [gazebo_track_car]: camera traffic-light green candidate ignored as non-lamp-shaped color patch; reason=aspect bbox=108x25px
[gazebo_track_car-2] [INFO] [1781167718.233821332] [gazebo_track_car]: MOTION pos=(+0.300,+2.479) yaw=-0.005 v=0.278 step_err=0.0056m/0.000rad track_err=0.0304m footprint=road:9.00px route=flat_top_center_to_top_right_reverse cmd_vel=(0.278,+0.014)
[gazebo_track_car-2] [INFO] [1781167718.255657845] [gazebo_track_car]: camera traffic-light green candidate ignored as non-lamp-shaped color patch; reason=aspect bbox=338x84px
[gazebo_track_car-2] [INFO] [1781167718.255987535] [gazebo_track_car]: camera traffic-light green candidate ignored as non-lamp-shaped color patch; reason=aspect bbox=76x12px
[gazebo_track_car-2] [INFO] [1781167718.256188572] [gazebo_track_car]: camera traffic-light green candidate ignored as non-lamp-shaped color patch; reason=aspect bbox=105x26px
[gazebo_track_car-2] [INFO] [1781167718.303534208] [gazebo_track_car]: camera traffic-light green candidate ignored as non-lamp-shaped color patch; reason=aspect bbox=343x85px
[gazebo_track_car-2] [INFO] [1781167718.303806940] [gazebo_track_car]: camera traffic-light green candidate ignored as non-lamp-shaped color patch; reason=aspect bbox=78x13px
[gazebo_track_car-2] [INFO] [1781167718.303988431] [gazebo_track_car]: camera traffic-light green candidate ignored as non-lamp-shaped color patch; reason=aspect bbox=102x26px
[gazebo_track_car-2] [INFO] [1781167718.322821793] [gazebo_track_car]: camera traffic-light green candidate ignored as non-lamp-shaped color patch; reason=aspect bbox=350x87px
[gazebo_track_car-2] [INFO] [1781167718.323093133] [gazebo_track_car]: camera traffic-light green candidate ignored as non-lamp-shaped color patch; reason=aspect bbox=77x12px
[gazebo_track_car-2] [INFO] [1781167718.323583143] [gazebo_track_car]: camera traffic-light green candidate ignored as non-lamp-shaped color patch; reason=aspect bbox=98x25px
[gazebo_track_car-2] [INFO] [1781167718.357803791] [gazebo_track_car]: camera traffic-light green candidate ignored as non-lamp-shaped color patch; reason=aspect bbox=357x90px
[gazebo_track_car-2] [INFO] [1781167718.358083507] [gazebo_track_car]: camera traffic-light green candidate ignored as non-lamp-shaped color patch; reason=aspect bbox=81x13px
[gazebo_track_car-2] [INFO] [1781167718.358268955] [gazebo_track_car]: camera traffic-light green candidate ignored as non-lamp-shaped color patch; reason=aspect bbox=94x26px
[gazebo_track_car-2] [INFO] [1781167718.411484178] [gazebo_track_car]: camera traffic-light green candidate ignored as non-lamp-shaped color patch; reason=aspect bbox=365x91px
[gazebo_track_car-2] [INFO] [1781167718.411754947] [gazebo_track_car]: camera traffic-light green candidate ignored as non-lamp-shaped color patch; reason=aspect bbox=79x13px
[gazebo_track_car-2] [INFO] [1781167718.433527109] [gazebo_track_car]: camera traffic-light green candidate ignored as non-lamp-shaped color patch; reason=aspect bbox=373x94px
[gazebo_track_car-2] [INFO] [1781167718.433793610] [gazebo_track_car]: camera traffic-light green candidate ignored as non-lamp-shaped color patch; reason=aspect bbox=83x13px
[gazebo_track_car-2] [INFO] [1781167718.472308275] [gazebo_track_car]: camera traffic-light green candidate ignored as non-lamp-shaped color patch; reason=aspect bbox=382x95px
[gazebo_track_car-2] [INFO] [1781167718.472774190] [gazebo_track_car]: camera traffic-light green candidate ignored as non-lamp-shaped color patch; reason=aspect bbox=87x14px
[gazebo_track_car-2] [INFO] [1781167718.504453213] [gazebo_track_car]: camera traffic-light green candidate ignored as non-lamp-shaped color patch; reason=aspect bbox=389x95px
[gazebo_track_car-2] [INFO] [1781167718.505369494] [gazebo_track_car]: camera traffic-light green candidate ignored as non-lamp-shaped color patch; reason=aspect bbox=87x14px
[gazebo_track_car-2] [INFO] [1781167718.534660778] [gazebo_track_car]: camera traffic-light green candidate ignored as non-lamp-shaped color patch; reason=aspect bbox=398x95px
[gazebo_track_car-2] [INFO] [1781167718.534910778] [gazebo_track_car]: camera traffic-light green candidate ignored as non-lamp-shaped color patch; reason=aspect bbox=90x14px
[gazebo_track_car-2] [INFO] [1781167718.572369173] [gazebo_track_car]: camera traffic-light green candidate ignored as non-lamp-shaped color patch; reason=aspect bbox=399x94px
[gazebo_track_car-2] [INFO] [1781167718.572590810] [gazebo_track_car]: camera traffic-light green candidate ignored as non-lamp-shaped color patch; reason=aspect bbox=90x14px
[gazebo_track_car-2] [INFO] [1781167718.591257893] [gazebo_track_car]: camera traffic-light green candidate ignored as non-lamp-shaped color patch; reason=aspect bbox=401x94px
[gazebo_track_car-2] [INFO] [1781167718.591496422] [gazebo_track_car]: camera traffic-light green candidate ignored as non-lamp-shaped color patch; reason=aspect bbox=94x15px
[gazebo_track_car-2] [INFO] [1781167718.626271377] [gazebo_track_car]: camera traffic-light green candidate ignored as non-lamp-shaped color patch; reason=aspect bbox=405x93px
[gazebo_track_car-2] [INFO] [1781167718.626501629] [gazebo_track_car]: camera traffic-light green candidate ignored as non-lamp-shaped color patch; reason=aspect bbox=98x15px
[gazebo_track_car-2] [INFO] [1781167718.667106752] [gazebo_track_car]: camera traffic-light green candidate ignored as non-lamp-shaped color patch; reason=aspect bbox=406x93px
[gazebo_track_car-2] [INFO] [1781167718.667402247] [gazebo_track_car]: camera traffic-light green candidate ignored as non-lamp-shaped color patch; reason=aspect bbox=97x15px
[gazebo_track_car-2] [INFO] [1781167718.691622027] [gazebo_track_car]: camera traffic-light green candidate ignored as non-lamp-shaped color patch; reason=aspect bbox=407x93px
[gazebo_track_car-2] [INFO] [1781167718.691880533] [gazebo_track_car]: camera traffic-light green candidate ignored as non-lamp-shaped color patch; reason=aspect bbox=100x16px
[gazebo_track_car-2] [INFO] [1781167718.724016154] [gazebo_track_car]: camera traffic-light green candidate ignored as non-lamp-shaped color patch; reason=aspect bbox=406x92px
[gazebo_track_car-2] [INFO] [1781167718.724669161] [gazebo_track_car]: camera traffic-light green candidate ignored as non-lamp-shaped color patch; reason=aspect bbox=99x15px
[gazebo_track_car-2] [INFO] [1781167718.777577567] [gazebo_track_car]: camera traffic-light green candidate ignored as non-lamp-shaped color patch; reason=aspect bbox=406x92px
[gazebo_track_car-2] [INFO] [1781167718.777861230] [gazebo_track_car]: camera traffic-light green candidate ignored as non-lamp-shaped color patch; reason=aspect bbox=104x16px
[gazebo_track_car-2] [INFO] [1781167718.800972789] [gazebo_track_car]: camera traffic-light green candidate ignored as non-lamp-shaped color patch; reason=aspect bbox=406x92px
[gazebo_track_car-2] [INFO] [1781167718.801243768] [gazebo_track_car]: camera traffic-light green candidate ignored as non-lamp-shaped color patch; reason=aspect bbox=107x16px
[gazebo_track_car-2] [INFO] [1781167718.826357527] [gazebo_track_car]: camera traffic-light green candidate ignored as non-lamp-shaped color patch; reason=aspect bbox=406x92px
[gazebo_track_car-2] [INFO] [1781167718.826650538] [gazebo_track_car]: camera traffic-light green candidate ignored as non-lamp-shaped color patch; reason=aspect bbox=107x16px
[gazebo_track_car-2] [INFO] [1781167718.869584696] [gazebo_track_car]: camera traffic-light green candidate ignored as non-lamp-shaped color patch; reason=aspect bbox=406x92px
[gazebo_track_car-2] [INFO] [1781167718.869889118] [gazebo_track_car]: camera traffic-light green candidate ignored as non-lamp-shaped color patch; reason=aspect bbox=107x16px
[gazebo_track_car-2] [INFO] [1781167718.890686128] [gazebo_track_car]: camera traffic-light green candidate ignored as non-lamp-shaped color patch; reason=aspect bbox=406x92px
[gazebo_track_car-2] [INFO] [1781167718.891072774] [gazebo_track_car]: camera traffic-light green candidate ignored as non-lamp-shaped color patch; reason=aspect bbox=103x17px
[gazebo_track_car-2] [INFO] [1781167718.935689741] [gazebo_track_car]: camera traffic-light green candidate ignored as non-lamp-shaped color patch; reason=aspect bbox=405x91px
[gazebo_track_car-2] [INFO] [1781167718.935914574] [gazebo_track_car]: camera traffic-light green candidate ignored as non-lamp-shaped color patch; reason=aspect bbox=107x16px
[gazebo_track_car-2] [INFO] [1781167718.959065809] [gazebo_track_car]: camera traffic-light green candidate ignored as non-lamp-shaped color patch; reason=aspect bbox=405x91px
[gazebo_track_car-2] [INFO] [1781167718.959310168] [gazebo_track_car]: camera traffic-light green candidate ignored as non-lamp-shaped color patch; reason=aspect bbox=111x17px
[gazebo_track_car-2] [INFO] [1781167719.024390072] [gazebo_track_car]: camera traffic-light green candidate ignored as non-lamp-shaped color patch; reason=aspect bbox=405x90px
[gazebo_track_car-2] [INFO] [1781167719.024787208] [gazebo_track_car]: camera traffic-light green candidate ignored as non-lamp-shaped color patch; reason=aspect bbox=112x17px
[gazebo_track_car-2] [INFO] [1781167719.032194295] [gazebo_track_car]: camera traffic-light green candidate ignored as non-lamp-shaped color patch; reason=aspect bbox=405x90px
[gazebo_track_car-2] [INFO] [1781167719.032544803] [gazebo_track_car]: camera traffic-light green candidate ignored as non-lamp-shaped color patch; reason=aspect bbox=116x17px
[gazebo_track_car-2] [INFO] [1781167719.060940622] [gazebo_track_car]: camera traffic-light green candidate ignored as non-lamp-shaped color patch; reason=aspect bbox=404x89px
[gazebo_track_car-2] [INFO] [1781167719.061240155] [gazebo_track_car]: camera traffic-light green candidate ignored as non-lamp-shaped color patch; reason=aspect bbox=115x17px
[gazebo_track_car-2] [INFO] [1781167719.092138256] [gazebo_track_car]: camera traffic-light green candidate ignored as non-lamp-shaped color patch; reason=aspect bbox=403x89px
[gazebo_track_car-2] [INFO] [1781167719.092448178] [gazebo_track_car]: camera traffic-light green candidate ignored as non-lamp-shaped color patch; reason=aspect bbox=117x17px
[gazebo_track_car-2] [INFO] [1781167719.126234615] [gazebo_track_car]: camera traffic-light green candidate ignored as non-lamp-shaped color patch; reason=aspect bbox=402x89px
[gazebo_track_car-2] [INFO] [1781167719.126513148] [gazebo_track_car]: camera traffic-light green candidate ignored as non-lamp-shaped color patch; reason=aspect bbox=123x18px
[gazebo_track_car-2] [INFO] [1781167719.131265266] [gazebo_track_car]: route segment=flat_top_left_to_top_center_reverse; previous=flat_top_center_to_top_right_reverse; distance=0.018m; decision=route/default: flat_top_left_to_top_center_reverse
[gazebo_track_car-2] [INFO] [1781167719.194536378] [gazebo_track_car]: camera traffic-light green candidate ignored as non-lamp-shaped color patch; reason=aspect bbox=402x88px
[gazebo_track_car-2] [INFO] [1781167719.194868742] [gazebo_track_car]: camera traffic-light green candidate ignored as non-lamp-shaped color patch; reason=aspect bbox=122x18px
[gazebo_track_car-2] [INFO] [1781167719.229128569] [gazebo_track_car]: camera traffic-light green candidate ignored as non-lamp-shaped color patch; reason=aspect bbox=401x88px
[gazebo_track_car-2] [INFO] [1781167719.229427230] [gazebo_track_car]: camera traffic-light green candidate ignored as non-lamp-shaped color patch; reason=aspect bbox=127x19px
[gazebo_track_car-2] [INFO] [1781167719.237216053] [gazebo_track_car]: camera traffic-light green candidate ignored as non-lamp-shaped color patch; reason=aspect bbox=401x87px
[gazebo_track_car-2] [INFO] [1781167719.237482674] [gazebo_track_car]: camera traffic-light green candidate ignored as non-lamp-shaped color patch; reason=aspect bbox=126x19px
[gazebo_track_car-2] [WARN] [1781167719.257890375] [gazebo_track_car]: JITTER events=16 reasons=speed_delta=0.128m/s pos=(+0.545,+2.479) step=0.0042/0.0000m yaw=0.000/0.000rad route=flat_top_left_to_top_center_reverse
[gazebo_track_car-2] [INFO] [1781167719.262941936] [gazebo_track_car]: camera traffic-light green candidate ignored as non-lamp-shaped color patch; reason=aspect bbox=400x87px
[gazebo_track_car-2] [INFO] [1781167719.263237281] [gazebo_track_car]: camera traffic-light green candidate ignored as non-lamp-shaped color patch; reason=aspect bbox=126x20px
[gazebo_track_car-2] [INFO] [1781167719.301996060] [gazebo_track_car]: camera traffic-light green candidate ignored as non-lamp-shaped color patch; reason=aspect bbox=400x86px
[gazebo_track_car-2] [INFO] [1781167719.335923742] [gazebo_track_car]: camera traffic-light green candidate ignored as non-lamp-shaped color patch; reason=aspect bbox=120x20px
[gazebo_track_car-2] [INFO] [1781167719.360349872] [gazebo_track_car]: camera traffic-light green candidate ignored as non-lamp-shaped color patch; reason=aspect bbox=398x85px
[gazebo_track_car-2] [INFO] [1781167719.361172438] [gazebo_track_car]: camera traffic-light green candidate ignored as non-lamp-shaped color patch; reason=aspect bbox=115x20px
[gazebo_track_car-2] [INFO] [1781167719.394551801] [gazebo_track_car]: camera traffic-light green candidate ignored as non-lamp-shaped color patch; reason=aspect bbox=397x85px
[gazebo_track_car-2] [INFO] [1781167719.394845242] [gazebo_track_car]: camera traffic-light green candidate ignored as non-lamp-shaped color patch; reason=aspect bbox=115x21px
[gazebo_track_car-2] [INFO] [1781167719.431361177] [gazebo_track_car]: camera traffic-light green candidate ignored as non-lamp-shaped color patch; reason=aspect bbox=398x84px
[gazebo_track_car-2] [INFO] [1781167719.431687580] [gazebo_track_car]: camera traffic-light green candidate ignored as non-lamp-shaped color patch; reason=aspect bbox=109x21px
[gazebo_track_car-2] [INFO] [1781167719.463497494] [gazebo_track_car]: camera traffic-light green candidate ignored as non-lamp-shaped color patch; reason=aspect bbox=397x84px
[gazebo_track_car-2] [INFO] [1781167719.463847481] [gazebo_track_car]: camera traffic-light green candidate ignored as non-lamp-shaped color patch; reason=aspect bbox=109x22px
[gazebo_track_car-2] [INFO] [1781167719.516793274] [gazebo_track_car]: camera traffic-light green candidate ignored as non-lamp-shaped color patch; reason=aspect bbox=397x83px
[gazebo_track_car-2] [INFO] [1781167719.517087116] [gazebo_track_car]: camera traffic-light green candidate ignored as non-lamp-shaped color patch; reason=aspect bbox=104x21px
[gazebo_track_car-2] [INFO] [1781167719.542216649] [gazebo_track_car]: camera traffic-light green candidate ignored as non-lamp-shaped color patch; reason=aspect bbox=396x83px
[gazebo_track_car-2] [INFO] [1781167719.542449326] [gazebo_track_car]: camera traffic-light green candidate ignored as non-lamp-shaped color patch; reason=aspect bbox=98x21px
[gazebo_track_car-2] [INFO] [1781167719.571681186] [gazebo_track_car]: camera traffic-light green candidate ignored as non-lamp-shaped color patch; reason=aspect bbox=395x82px
[gazebo_track_car-2] [INFO] [1781167719.571964127] [gazebo_track_car]: camera traffic-light green candidate ignored as non-lamp-shaped color patch; reason=aspect bbox=98x20px
[gazebo_track_car-2] [INFO] [1781167719.606205509] [gazebo_track_car]: camera traffic-light green candidate ignored as non-lamp-shaped color patch; reason=aspect bbox=395x82px
[gazebo_track_car-2] [INFO] [1781167719.606500503] [gazebo_track_car]: camera traffic-light green candidate ignored as non-lamp-shaped color patch; reason=aspect bbox=98x20px
[gazebo_track_car-2] [INFO] [1781167719.640065394] [gazebo_track_car]: camera traffic-light green candidate ignored as non-lamp-shaped color patch; reason=aspect bbox=395x82px
[gazebo_track_car-2] [INFO] [1781167719.640466989] [gazebo_track_car]: camera traffic-light green candidate ignored as non-lamp-shaped color patch; reason=aspect bbox=98x20px
[gazebo_track_car-2] [INFO] [1781167719.664246545] [gazebo_track_car]: camera traffic-light green candidate ignored as non-lamp-shaped color patch; reason=aspect bbox=395x82px
[gazebo_track_car-2] [INFO] [1781167719.664538594] [gazebo_track_car]: camera traffic-light green candidate ignored as non-lamp-shaped color patch; reason=aspect bbox=98x20px
[gazebo_track_car-2] [INFO] [1781167719.708428513] [gazebo_track_car]: camera traffic-light green candidate ignored as non-lamp-shaped color patch; reason=aspect bbox=394x82px
[gazebo_track_car-2] [INFO] [1781167719.709180626] [gazebo_track_car]: camera traffic-light green candidate ignored as non-lamp-shaped color patch; reason=aspect bbox=93x19px
[gazebo_track_car-2] [INFO] [1781167719.732865794] [gazebo_track_car]: camera traffic-light green candidate ignored as non-lamp-shaped color patch; reason=aspect bbox=393x81px
[gazebo_track_car-2] [INFO] [1781167719.733153395] [gazebo_track_car]: camera traffic-light green candidate ignored as non-lamp-shaped color patch; reason=aspect bbox=87x18px
[gazebo_track_car-2] [INFO] [1781167719.760755823] [gazebo_track_car]: camera traffic-light green candidate ignored as non-lamp-shaped color patch; reason=aspect bbox=393x81px
[gazebo_track_car-2] [INFO] [1781167719.761040017] [gazebo_track_car]: camera traffic-light green candidate ignored as non-lamp-shaped color patch; reason=aspect bbox=87x18px
[gazebo_track_car-2] [INFO] [1781167719.814238445] [gazebo_track_car]: camera traffic-light green candidate ignored as non-lamp-shaped color patch; reason=aspect bbox=392x80px
[gazebo_track_car-2] [INFO] [1781167719.814580808] [gazebo_track_car]: camera traffic-light green candidate ignored as non-lamp-shaped color patch; reason=aspect bbox=87x18px
[gazebo_track_car-2] [INFO] [1781167719.840243813] [gazebo_track_car]: camera traffic-light green candidate ignored as non-lamp-shaped color patch; reason=aspect bbox=391x79px
[gazebo_track_car-2] [INFO] [1781167719.840601756] [gazebo_track_car]: camera traffic-light green candidate ignored as non-lamp-shaped color patch; reason=aspect bbox=82x17px
[gazebo_track_car-2] [INFO] [1781167719.863573203] [gazebo_track_car]: camera traffic-light green candidate ignored as non-lamp-shaped color patch; reason=aspect bbox=391x79px
[gazebo_track_car-2] [INFO] [1781167719.863854181] [gazebo_track_car]: camera traffic-light green candidate ignored as non-lamp-shaped color patch; reason=aspect bbox=82x17px
[gazebo_track_car-2] [INFO] [1781167719.912698548] [gazebo_track_car]: camera traffic-light green candidate ignored as non-lamp-shaped color patch; reason=aspect bbox=391x79px
[gazebo_track_car-2] [INFO] [1781167719.912969077] [gazebo_track_car]: camera traffic-light green candidate ignored as non-lamp-shaped color patch; reason=aspect bbox=79x17px
[gazebo_track_car-2] [INFO] [1781167719.935137025] [gazebo_track_car]: camera traffic-light green candidate ignored as non-lamp-shaped color patch; reason=aspect bbox=391x79px
[gazebo_track_car-2] [INFO] [1781167719.935434474] [gazebo_track_car]: camera traffic-light green candidate ignored as non-lamp-shaped color patch; reason=aspect bbox=79x17px
[gazebo_track_car-2] [INFO] [1781167719.960606306] [gazebo_track_car]: camera traffic-light green candidate ignored as non-lamp-shaped color patch; reason=aspect bbox=391x79px
[gazebo_track_car-2] [INFO] [1781167719.960873107] [gazebo_track_car]: camera traffic-light green candidate ignored as non-lamp-shaped color patch; reason=aspect bbox=77x16px
[gazebo_track_car-2] [INFO] [1781167719.993189172] [gazebo_track_car]: camera traffic-light green candidate ignored as non-lamp-shaped color patch; reason=aspect bbox=391x78px
[gazebo_track_car-2] [INFO] [1781167719.993425596] [gazebo_track_car]: camera traffic-light green candidate ignored as non-lamp-shaped color patch; reason=aspect bbox=77x16px
[gazebo_track_car-2] [INFO] [1781167720.029597999] [gazebo_track_car]: camera traffic-light green candidate ignored as non-lamp-shaped color patch; reason=aspect bbox=390x78px
[gazebo_track_car-2] [INFO] [1781167720.029891841] [gazebo_track_car]: camera traffic-light green candidate ignored as non-lamp-shaped color patch; reason=aspect bbox=71x15px
[gazebo_track_car-2] [INFO] [1781167720.065991178] [gazebo_track_car]: camera traffic-light green candidate ignored as non-lamp-shaped color patch; reason=aspect bbox=389x77px
[gazebo_track_car-2] [INFO] [1781167720.066275191] [gazebo_track_car]: camera traffic-light green candidate ignored as non-lamp-shaped color patch; reason=aspect bbox=71x15px
[gazebo_track_car-2] [INFO] [1781167720.104132591] [gazebo_track_car]: camera traffic-light green candidate ignored as non-lamp-shaped color patch; reason=aspect bbox=388x76px
[gazebo_track_car-2] [INFO] [1781167720.104425742] [gazebo_track_car]: camera traffic-light green candidate ignored as non-lamp-shaped color patch; reason=aspect bbox=66x14px
[gazebo_track_car-2] [INFO] [1781167720.134271569] [gazebo_track_car]: camera traffic-light green candidate ignored as non-lamp-shaped color patch; reason=aspect bbox=387x76px
[gazebo_track_car-2] [INFO] [1781167720.134551555] [gazebo_track_car]: camera traffic-light green candidate ignored as non-lamp-shaped color patch; reason=aspect bbox=60x13px
[gazebo_track_car-2] [INFO] [1781167720.174371483] [gazebo_track_car]: camera traffic-light green candidate ignored as non-lamp-shaped color patch; reason=aspect bbox=387x75px
[gazebo_track_car-2] [INFO] [1781167720.174640137] [gazebo_track_car]: camera traffic-light green candidate ignored as non-lamp-shaped color patch; reason=aspect bbox=60x13px
[gazebo_track_car-2] [INFO] [1781167720.217066632] [gazebo_track_car]: camera traffic-light green candidate ignored as non-lamp-shaped color patch; reason=aspect bbox=386x75px
[gazebo_track_car-2] [INFO] [1781167720.217330488] [gazebo_track_car]: camera traffic-light green candidate ignored as non-lamp-shaped color patch; reason=aspect bbox=55x12px
[gazebo_track_car-2] [INFO] [1781167720.240474774] [gazebo_track_car]: MOTION pos=(+0.739,+2.479) yaw=+0.002 v=0.000 step_err=0.0020m/0.000rad track_err=0.0148m footprint=road:8.59px route=flat_top_left_to_top_center_reverse cmd_vel=(0.280,+0.001)
[gazebo_track_car-2] [INFO] [1781167720.252141123] [gazebo_track_car]: camera traffic-light green candidate ignored as non-lamp-shaped color patch; reason=aspect bbox=386x75px
[gazebo_track_car-2] [INFO] [1781167720.252402825] [gazebo_track_car]: camera traffic-light green candidate ignored as non-lamp-shaped color patch; reason=aspect bbox=55x12px
[gazebo_track_car-2] [INFO] [1781167720.265285540] [gazebo_track_car]: camera traffic-light green candidate ignored as non-lamp-shaped color patch; reason=aspect bbox=386x75px
[gazebo_track_car-2] [INFO] [1781167720.265513338] [gazebo_track_car]: camera traffic-light green candidate ignored as non-lamp-shaped color patch; reason=aspect bbox=55x12px
[gazebo_track_car-2] [INFO] [1781167720.306140342] [gazebo_track_car]: camera traffic-light green candidate ignored as non-lamp-shaped color patch; reason=aspect bbox=386x75px
[gazebo_track_car-2] [INFO] [1781167720.306407775] [gazebo_track_car]: camera traffic-light green candidate ignored as non-lamp-shaped color patch; reason=aspect bbox=55x12px
[gazebo_track_car-2] [INFO] [1781167720.342536607] [gazebo_track_car]: camera traffic-light green candidate ignored as non-lamp-shaped color patch; reason=aspect bbox=386x75px
[gazebo_track_car-2] [INFO] [1781167720.343232735] [gazebo_track_car]: camera traffic-light green candidate ignored as non-lamp-shaped color patch; reason=aspect bbox=55x12px
[gazebo_track_car-2] [INFO] [1781167720.367075122] [gazebo_track_car]: camera traffic-light green candidate ignored as non-lamp-shaped color patch; reason=aspect bbox=386x75px
[gazebo_track_car-2] [INFO] [1781167720.367976355] [gazebo_track_car]: camera traffic-light green candidate ignored as non-lamp-shaped color patch; reason=aspect bbox=55x12px
[gazebo_track_car-2] [INFO] [1781167720.409638121] [gazebo_track_car]: camera traffic-light green candidate ignored as non-lamp-shaped color patch; reason=aspect bbox=386x75px
[gazebo_track_car-2] [INFO] [1781167720.410016802] [gazebo_track_car]: camera traffic-light green candidate ignored as non-lamp-shaped color patch; reason=aspect bbox=55x12px
[gazebo_track_car-2] [INFO] [1781167720.443830327] [gazebo_track_car]: camera traffic-light green candidate ignored as non-lamp-shaped color patch; reason=aspect bbox=386x75px
[gazebo_track_car-2] [INFO] [1781167720.444125231] [gazebo_track_car]: camera traffic-light green candidate ignored as non-lamp-shaped color patch; reason=aspect bbox=55x12px
[gazebo_track_car-2] [WARN] [1781167720.463621983] [gazebo_track_car]: JITTER events=16 reasons=speed_delta=0.109m/s pos=(+0.740,+2.479) step=0.0011/0.0000m yaw=0.001/0.000rad route=flat_top_left_to_top_center_reverse
[gazebo_track_car-2] [INFO] [1781167720.475767764] [gazebo_track_car]: camera traffic-light green candidate ignored as non-lamp-shaped color patch; reason=aspect bbox=386x75px
[gazebo_track_car-2] [INFO] [1781167720.476087755] [gazebo_track_car]: camera traffic-light green candidate ignored as non-lamp-shaped color patch; reason=aspect bbox=55x12px
[gazebo_track_car-2] [INFO] [1781167720.533027940] [gazebo_track_car]: camera traffic-light green candidate ignored as non-lamp-shaped color patch; reason=aspect bbox=385x74px
[gazebo_track_car-2] [INFO] [1781167720.533294551] [gazebo_track_car]: camera traffic-light green candidate ignored as non-lamp-shaped color patch; reason=aspect bbox=49x11px
[gazebo_track_car-2] [INFO] [1781167720.548439857] [gazebo_track_car]: camera traffic-light green candidate ignored as non-lamp-shaped color patch; reason=aspect bbox=384x73px
[gazebo_track_car-2] [INFO] [1781167720.548789835] [gazebo_track_car]: camera traffic-light green candidate ignored as non-lamp-shaped color patch; reason=aspect bbox=49x11px
[gazebo_track_car-2] [INFO] [1781167720.577422783] [gazebo_track_car]: camera traffic-light green candidate ignored as non-lamp-shaped color patch; reason=aspect bbox=383x73px
[gazebo_track_car-2] [INFO] [1781167720.577734439] [gazebo_track_car]: camera traffic-light green candidate ignored as non-lamp-shaped color patch; reason=aspect bbox=44x10px
[gazebo_track_car-2] [INFO] [1781167720.598531403] [gazebo_track_car]: camera traffic-light green candidate ignored as non-lamp-shaped color patch; reason=aspect bbox=382x72px
[gazebo_track_car-2] [INFO] [1781167720.599274329] [gazebo_track_car]: camera traffic-light green candidate ignored as non-lamp-shaped color patch; reason=aspect bbox=38x9px
[gazebo_track_car-2] [INFO] [1781167720.637291019] [gazebo_track_car]: camera traffic-light green candidate ignored as non-lamp-shaped color patch; reason=aspect bbox=381x71px
[gazebo_track_car-2] [INFO] [1781167720.637527443] [gazebo_track_car]: camera traffic-light green candidate ignored as non-lamp-shaped color patch; reason=aspect bbox=33x8px
[gazebo_track_car-2] [INFO] [1781167720.676115275] [gazebo_track_car]: camera traffic-light green candidate ignored as non-lamp-shaped color patch; reason=aspect bbox=380x70px
[gazebo_track_car-2] [INFO] [1781167720.676460494] [gazebo_track_car]: camera traffic-light green candidate ignored as non-lamp-shaped color patch; reason=aspect bbox=27x7px
[gazebo_track_car-2] [INFO] [1781167720.701235734] [gazebo_track_car]: camera traffic-light green candidate ignored as non-lamp-shaped color patch; reason=aspect bbox=379x69px
[gazebo_track_car-2] [INFO] [1781167720.701675541] [gazebo_track_car]: camera traffic-light green candidate ignored as non-lamp-shaped color patch; reason=aspect bbox=27x7px
[gazebo_track_car-2] [INFO] [1781167720.736998809] [gazebo_track_car]: camera traffic-light green candidate ignored as non-lamp-shaped color patch; reason=aspect bbox=378x69px
[gazebo_track_car-2] [INFO] [1781167720.737275108] [gazebo_track_car]: camera traffic-light green candidate ignored as non-lamp-shaped color patch; reason=aspect bbox=22x6px
[gazebo_track_car-2] [INFO] [1781167720.792513024] [gazebo_track_car]: camera traffic-light green candidate ignored as non-lamp-shaped color patch; reason=aspect bbox=377x68px
[gazebo_track_car-2] [INFO] [1781167720.792730793] [gazebo_track_car]: camera traffic-light green candidate ignored as non-lamp-shaped color patch; reason=aspect bbox=17x5px
[gazebo_track_car-2] [INFO] [1781167720.803183844] [gazebo_track_car]: camera traffic-light green candidate ignored as non-lamp-shaped color patch; reason=aspect bbox=376x67px
[gazebo_track_car-2] [INFO] [1781167720.803410369] [gazebo_track_car]: camera traffic-light green candidate ignored as non-lamp-shaped color patch; reason=aspect bbox=11x4px
[gazebo_track_car-2] [INFO] [1781167720.838699704] [gazebo_track_car]: camera traffic-light green candidate ignored as non-lamp-shaped color patch; reason=aspect bbox=375x66px
[gazebo_track_car-2] [INFO] [1781167721.015032536] [gazebo_track_car]: camera sign action allowed by route branch context; detected=turn_right_sign sign=camera_sign_turn_right next_branch=3.02m area=16432px matching 3D sign is not route-adjacent
[gazebo_track_car-2] [INFO] [1781167721.015440021] [gazebo_track_car]: queued scene maneuver 'right' from camera sign camera_sign_turn_right; scene_sign=route_camera_context next_branch=3.02m
[gazebo_track_car-2] [INFO] [1781167721.087702614] [gazebo_track_car]: camera traffic-light green candidate ignored as non-lamp-shaped color patch; reason=aspect bbox=370x63px
[gazebo_track_car-2] [INFO] [1781167721.109485214] [gazebo_track_car]: camera traffic-light green candidate ignored as non-lamp-shaped color patch; reason=aspect bbox=371x62px
[gazebo_track_car-2] [INFO] [1781167721.179290921] [gazebo_track_car]: camera traffic-light green candidate ignored as non-lamp-shaped color patch; reason=aspect bbox=370x62px
[gazebo_track_car-2] [INFO] [1781167721.394521582] [gazebo_track_car]: camera_sign=camera_sign_turn_left source=camera kind=turn_left_sign maneuver=left score=0.45 area=20230px bbox=238x85px center=(849,189)
[gazebo_track_car-2] [INFO] [1781167721.439724680] [gazebo_track_car]: traffic light is now GREEN.
[gazebo_track_car-2] [INFO] [1781167721.490692459] [gazebo_track_car]: camera sign action blocked; no matching facing 3D sign is close enough; detected=turn_left_sign sign=camera_sign_turn_left detection_dist<=3.40m action_dist<=0.95m
[gazebo_track_car-2] [WARN] [1781167721.579184558] [gazebo_track_car]: JITTER events=18 reasons=speed_delta=0.128m/s pos=(+0.956,+2.480) step=0.0042/0.0000m yaw=0.000/0.000rad route=flat_top_left_to_top_center_reverse
[gazebo_track_car-2] [INFO] [1781167721.816148546] [gazebo_track_car]: camera traffic-light green candidate ignored as non-lamp-shaped color patch; reason=aspect bbox=354x50px
[gazebo_track_car-2] [INFO] [1781167722.012672369] [gazebo_track_car]: camera traffic-light green candidate ignored as non-lamp-shaped color patch; reason=aspect bbox=349x47px
[gazebo_track_car-2] [INFO] [1781167722.146760410] [gazebo_track_car]: camera_sign=camera_sign_turn_right source=camera kind=turn_right_sign maneuver=right score=0.43 area=15770px bbox=166x95px center=(894,177)
[gazebo_track_car-2] [INFO] [1781167722.178767035] [gazebo_track_car]: camera traffic-light green candidate ignored as non-lamp-shaped color patch; reason=aspect bbox=284x39px
[gazebo_track_car-2] [INFO] [1781167722.179005172] [gazebo_track_car]: camera traffic-light green candidate ignored as non-lamp-shaped color patch; reason=aspect bbox=61x20px
[gazebo_track_car-2] [INFO] [1781167722.220630061] [gazebo_track_car]: camera traffic-light green candidate ignored as non-lamp-shaped color patch; reason=aspect bbox=274x38px
[gazebo_track_car-2] [INFO] [1781167722.220916770] [gazebo_track_car]: camera traffic-light green candidate ignored as non-lamp-shaped color patch; reason=aspect bbox=51x17px
[gazebo_track_car-2] [INFO] [1781167722.246302713] [gazebo_track_car]: camera traffic-light green candidate ignored as non-lamp-shaped color patch; reason=aspect bbox=269x36px
[gazebo_track_car-2] [INFO] [1781167722.246576578] [gazebo_track_car]: camera traffic-light green candidate ignored as non-lamp-shaped color patch; reason=aspect bbox=48x16px
[gazebo_track_car-2] [INFO] [1781167722.288094626] [gazebo_track_car]: camera traffic-light green candidate ignored as non-lamp-shaped color patch; reason=aspect bbox=265x34px
[gazebo_track_car-2] [INFO] [1781167722.288447206] [gazebo_track_car]: camera traffic-light green candidate ignored as non-lamp-shaped color patch; reason=aspect bbox=36x12px
[gazebo_track_car-2] [INFO] [1781167722.308870087] [gazebo_track_car]: camera traffic-light green candidate ignored as non-lamp-shaped color patch; reason=aspect bbox=262x33px
[gazebo_track_car-2] [INFO] [1781167722.309144973] [gazebo_track_car]: camera traffic-light green candidate ignored as non-lamp-shaped color patch; reason=aspect bbox=35x12px
[gazebo_track_car-2] [INFO] [1781167722.345004048] [gazebo_track_car]: camera traffic-light green candidate ignored as non-lamp-shaped color patch; reason=aspect bbox=259x31px
[gazebo_track_car-2] [INFO] [1781167722.345312878] [gazebo_track_car]: camera traffic-light green candidate ignored as non-lamp-shaped color patch; reason=aspect bbox=26x9px
[gazebo_track_car-2] [INFO] [1781167722.352918109] [gazebo_track_car]: MOTION pos=(+1.114,+2.479) yaw=-0.002 v=0.278 step_err=0.0056m/0.000rad track_err=0.0302m footprint=road:8.00px route=flat_top_left_to_top_center_reverse cmd_vel=(0.278,+0.010)
[gazebo_track_car-2] [INFO] [1781167722.378364096] [gazebo_track_car]: camera traffic-light green candidate ignored as non-lamp-shaped color patch; reason=aspect bbox=257x30px
[gazebo_track_car-2] [INFO] [1781167722.378703113] [gazebo_track_car]: camera traffic-light green candidate ignored as non-lamp-shaped color patch; reason=aspect bbox=19x7px
[gazebo_track_car-2] [INFO] [1781167722.421927445] [gazebo_track_car]: camera traffic-light green candidate ignored as non-lamp-shaped color patch; reason=aspect bbox=255x28px
[gazebo_track_car-2] [INFO] [1781167722.422275629] [gazebo_track_car]: camera traffic-light green candidate ignored as non-lamp-shaped color patch; reason=aspect bbox=16x6px
[gazebo_track_car-2] [INFO] [1781167722.446615026] [gazebo_track_car]: camera traffic-light green candidate ignored as non-lamp-shaped color patch; reason=aspect bbox=259x26px
[gazebo_track_car-2] [INFO] [1781167722.513650989] [gazebo_track_car]: camera traffic-light green candidate ignored as non-lamp-shaped color patch; reason=aspect bbox=275x22px
[gazebo_track_car-2] [WARN] [1781167722.577232177] [gazebo_track_car]: JITTER events=14 reasons=speed_delta=0.128m/s pos=(+1.171,+2.479) step=0.0042/0.0000m yaw=0.000/0.000rad route=flat_top_left_to_top_center_reverse
[gazebo_track_car-2] [INFO] [1781167722.618975656] [gazebo_track_car]: camera traffic-light green candidate ignored as non-lamp-shaped color patch; reason=aspect bbox=307x18px
[gazebo_track_car-2] [INFO] [1781167722.645364858] [gazebo_track_car]: camera traffic-light green candidate ignored as non-lamp-shaped color patch; reason=aspect bbox=288x18px
[gazebo_track_car-2] [INFO] [1781167722.645666414] [gazebo_track_car]: camera traffic-light green candidate ignored as non-lamp-shaped color patch; reason=aspect bbox=16x5px
[gazebo_track_car-2] [INFO] [1781167722.657819682] [gazebo_track_car]: camera traffic-light green candidate ignored as non-lamp-shaped color patch; reason=aspect bbox=288x18px
[gazebo_track_car-2] [INFO] [1781167722.658207952] [gazebo_track_car]: camera traffic-light green candidate ignored as non-lamp-shaped color patch; reason=aspect bbox=16x5px
[gazebo_track_car-2] [INFO] [1781167722.692876268] [gazebo_track_car]: camera traffic-light green candidate ignored as non-lamp-shaped color patch; reason=aspect bbox=310x17px
[gazebo_track_car-2] [INFO] [1781167722.734845925] [gazebo_track_car]: camera traffic-light green candidate ignored as non-lamp-shaped color patch; reason=aspect bbox=307x16px
[gazebo_track_car-2] [INFO] [1781167722.842416935] [gazebo_track_car]: camera traffic-light green candidate ignored as non-lamp-shaped color patch; reason=aspect bbox=291x10px
[gazebo_track_car-2] [INFO] [1781167722.938454804] [gazebo_track_car]: camera traffic-light green candidate ignored as non-lamp-shaped color patch; reason=aspect bbox=290x10px
[gazebo_track_car-2] [INFO] [1781167723.003540557] [gazebo_track_car]: camera traffic-light green candidate ignored as non-lamp-shaped color patch; reason=aspect bbox=264x5px
[gazebo_track_car-2] [WARN] [1781167724.001331371] [gazebo_track_car]: JITTER events=16 reasons=speed_delta=0.128m/s pos=(+1.500,+2.479) step=0.0042/0.0000m yaw=0.000/0.000rad route=flat_top_left_to_top_center_reverse
[gazebo_track_car-2] [INFO] [1781167724.457774333] [gazebo_track_car]: MOTION pos=(+1.579,+2.482) yaw=-0.036 v=0.000 step_err=0.0015m/0.004rad track_err=0.0126m footprint=road:8.00px route=flat_top_left_to_top_center_reverse cmd_vel=(0.223,-0.400)
[gazebo_track_car-2] [WARN] [1781167725.061057972] [gazebo_track_car]: JITTER events=14 reasons=yaw_step_error=0.041rad pos=(+1.639,+2.485) step=0.0042/0.0178m yaw=0.009/0.050rad route=flat_top_left_to_top_center_reverse
[gazebo_track_car-2] [INFO] [1781167725.572178296] [gazebo_track_car]: camera traffic-light green candidate ignored as non-lamp-shaped color patch; reason=aspect bbox=11x32px
[gazebo_track_car-2] [INFO] [1781167725.603258061] [gazebo_track_car]: camera traffic light is YELLOW score=323.9 area=813px bbox=40x32px fill=0.64 center=(910,309)
[gazebo_track_car-2] [INFO] [1781167725.603610042] [gazebo_track_car]: camera traffic light ignored outside distance gate; state=yellow segment=flat_top_left_to_top_center_reverse gate<=1.70m nearby_target=- area=813px bbox=40x32px center=(910,309)
[gazebo_track_car-2] [INFO] [1781167725.818006051] [gazebo_track_car]: camera traffic light is GREEN score=786.4 area=2528px bbox=81x42px fill=0.74 center=(921,311)
[gazebo_track_car-2] [INFO] [1781167725.825542506] [gazebo_track_car]: camera_sign=camera_sign_turn_right source=camera kind=turn_right_sign maneuver=right score=0.44 area=580px bbox=20x29px center=(944,231)
[gazebo_track_car-2] [INFO] [1781167725.840313137] [gazebo_track_car]: camera traffic-light green candidate ignored as non-lamp-shaped color patch; reason=aspect bbox=26x3px
[gazebo_track_car-2] [INFO] [1781167725.844619832] [gazebo_track_car]: camera_sign=camera_sign_turn_left source=camera kind=turn_left_sign maneuver=left score=0.49 area=494px bbox=19x26px center=(923,232)
[gazebo_track_car-2] [INFO] [1781167725.901780496] [gazebo_track_car]: camera traffic-light green candidate ignored as non-lamp-shaped color patch; reason=aspect bbox=111x45px
[gazebo_track_car-2] [INFO] [1781167725.902124903] [gazebo_track_car]: camera traffic-light green candidate ignored as non-lamp-shaped color patch; reason=aspect bbox=46x6px
[gazebo_track_car-2] [INFO] [1781167725.902340298] [gazebo_track_car]: camera traffic light is YELLOW score=204.2 area=552px bbox=27x28px fill=0.73 center=(837,299)
[gazebo_track_car-2] [INFO] [1781167725.927254374] [gazebo_track_car]: camera traffic-light green candidate ignored as non-lamp-shaped color patch; reason=aspect bbox=125x47px
[gazebo_track_car-2] [INFO] [1781167725.927538858] [gazebo_track_car]: camera traffic-light green candidate ignored as non-lamp-shaped color patch; reason=aspect bbox=60x10px
[gazebo_track_car-2] [INFO] [1781167725.942494708] [gazebo_track_car]: camera traffic-light green candidate ignored as non-lamp-shaped color patch; reason=aspect bbox=135x48px
[gazebo_track_car-2] [INFO] [1781167725.942892285] [gazebo_track_car]: camera traffic-light green candidate ignored as non-lamp-shaped color patch; reason=aspect bbox=68x12px
[gazebo_track_car-2] [INFO] [1781167725.946563926] [gazebo_track_car]: camera_sign=camera_sign_turn_right source=camera kind=turn_right_sign maneuver=right score=0.47 area=5520px bbox=46x120px center=(946,199)
[gazebo_track_car-2] [INFO] [1781167725.999937432] [gazebo_track_car]: camera traffic-light green candidate ignored as non-lamp-shaped color patch; reason=aspect bbox=146x46px
[gazebo_track_car-2] [INFO] [1781167726.000206688] [gazebo_track_car]: camera traffic-light green candidate ignored as non-lamp-shaped color patch; reason=aspect bbox=78x15px
[gazebo_track_car-2] [INFO] [1781167726.000427283] [gazebo_track_car]: camera traffic light ignored outside distance gate; state=yellow segment=flat_top_left_corner_reverse gate<=1.70m nearby_target=- area=455px bbox=21x26px center=(803,295)
[gazebo_track_car-2] [INFO] [1781167726.019556387] [gazebo_track_car]: camera traffic-light green candidate ignored as non-lamp-shaped color patch; reason=aspect bbox=156x44px
[gazebo_track_car-2] [INFO] [1781167726.019883823] [gazebo_track_car]: camera traffic-light green candidate ignored as non-lamp-shaped color patch; reason=aspect bbox=88x18px
[gazebo_track_car-2] [INFO] [1781167726.051881917] [gazebo_track_car]: camera traffic-light green candidate ignored as non-lamp-shaped color patch; reason=aspect bbox=156x44px
[gazebo_track_car-2] [INFO] [1781167726.052161032] [gazebo_track_car]: camera traffic-light green candidate ignored as non-lamp-shaped color patch; reason=aspect bbox=88x18px
[gazebo_track_car-2] [INFO] [1781167726.057827353] [gazebo_track_car]: camera sign action allowed by route branch context; detected=turn_right_sign sign=camera_sign_turn_right next_branch=2.04m area=12699px matching 3D sign is not route-adjacent
[gazebo_track_car-2] [INFO] [1781167726.061787546] [gazebo_track_car]: route segment=flat_top_left_corner_reverse; previous=flat_top_left_to_top_center_reverse; distance=0.002m; decision=route/wheel_nearest: flat_top_left_corner_reverse
[gazebo_track_car-2] [WARN] [1781167726.064365820] [gazebo_track_car]: JITTER events=18 reasons=yaw_step_error=0.129rad pos=(+1.785,+2.468) step=0.0000/0.0519m yaw=0.000/0.129rad route=flat_top_left_corner_reverse
[gazebo_track_car-2] [INFO] [1781167726.085322363] [gazebo_track_car]: camera traffic-light green candidate ignored as non-lamp-shaped color patch; reason=aspect bbox=156x44px
[gazebo_track_car-2] [INFO] [1781167726.085644278] [gazebo_track_car]: camera traffic-light green candidate ignored as non-lamp-shaped color patch; reason=aspect bbox=88x18px
[gazebo_track_car-2] [INFO] [1781167726.128568450] [gazebo_track_car]: camera traffic-light green candidate ignored as non-lamp-shaped color patch; reason=aspect bbox=157x44px
[gazebo_track_car-2] [INFO] [1781167726.128935650] [gazebo_track_car]: camera traffic-light green candidate ignored as non-lamp-shaped color patch; reason=aspect bbox=87x18px
[gazebo_track_car-2] [INFO] [1781167726.163520496] [gazebo_track_car]: camera traffic-light green candidate ignored as non-lamp-shaped color patch; reason=aspect bbox=162x43px
[gazebo_track_car-2] [INFO] [1781167726.163788400] [gazebo_track_car]: camera traffic-light green candidate ignored as non-lamp-shaped color patch; reason=aspect bbox=94x20px
[gazebo_track_car-2] [INFO] [1781167726.173501477] [gazebo_track_car]: camera traffic-light green candidate ignored as non-lamp-shaped color patch; reason=aspect bbox=159x42px
[gazebo_track_car-2] [INFO] [1781167726.173779399] [gazebo_track_car]: camera traffic-light green candidate ignored as non-lamp-shaped color patch; reason=aspect bbox=94x22px
[gazebo_track_car-2] [INFO] [1781167726.228217683] [gazebo_track_car]: camera traffic-light green candidate ignored as non-lamp-shaped color patch; reason=aspect bbox=155x40px
[gazebo_track_car-2] [INFO] [1781167726.228831808] [gazebo_track_car]: camera traffic-light green candidate ignored as non-lamp-shaped color patch; reason=aspect bbox=90x24px
[gazebo_track_car-2] [INFO] [1781167726.253086196] [gazebo_track_car]: camera traffic-light green candidate ignored as non-lamp-shaped color patch; reason=aspect bbox=151x39px
[gazebo_track_car-2] [INFO] [1781167726.253526133] [gazebo_track_car]: camera traffic-light green candidate ignored as non-lamp-shaped color patch; reason=fill bbox=24x15px
[gazebo_track_car-2] [INFO] [1781167726.253720578] [gazebo_track_car]: camera traffic-light green candidate ignored as non-lamp-shaped color patch; reason=aspect bbox=87x26px
[gazebo_track_car-2] [INFO] [1781167726.281342588] [gazebo_track_car]: camera traffic-light green candidate ignored as non-lamp-shaped color patch; reason=aspect bbox=146x38px
[gazebo_track_car-2] [INFO] [1781167726.281973714] [gazebo_track_car]: camera traffic-light green candidate ignored as non-lamp-shaped color patch; reason=fill bbox=33x15px
[gazebo_track_car-2] [INFO] [1781167726.282268919] [gazebo_track_car]: camera traffic-light green candidate ignored as non-lamp-shaped color patch; reason=aspect bbox=85x27px
[gazebo_track_car-2] [INFO] [1781167726.282471620] [gazebo_track_car]: camera traffic-light green candidate ignored as non-lamp-shaped color patch; reason=aspect bbox=13x4px
[gazebo_track_car-2] [INFO] [1781167726.312837858] [gazebo_track_car]: camera traffic-light green candidate ignored as non-lamp-shaped color patch; reason=aspect bbox=141x37px
[gazebo_track_car-2] [INFO] [1781167726.313286832] [gazebo_track_car]: camera traffic-light green candidate ignored as non-lamp-shaped color patch; reason=fill bbox=27x13px
[gazebo_track_car-2] [INFO] [1781167726.313473683] [gazebo_track_car]: camera traffic-light green candidate ignored as non-lamp-shaped color patch; reason=aspect bbox=83x29px
[gazebo_track_car-2] [INFO] [1781167726.313690120] [gazebo_track_car]: camera traffic-light green candidate ignored as non-lamp-shaped color patch; reason=aspect bbox=22x6px
[gazebo_track_car-2] [INFO] [1781167726.357086358] [gazebo_track_car]: camera traffic-light green candidate ignored as non-lamp-shaped color patch; reason=aspect bbox=135x36px
[gazebo_track_car-2] [INFO] [1781167726.357387875] [gazebo_track_car]: camera traffic-light green candidate ignored as non-lamp-shaped color patch; reason=aspect bbox=48x19px
[gazebo_track_car-2] [INFO] [1781167726.357616444] [gazebo_track_car]: camera traffic-light green candidate ignored as non-lamp-shaped color patch; reason=fill bbox=23x11px
[gazebo_track_car-2] [INFO] [1781167726.357810449] [gazebo_track_car]: camera traffic-light green candidate ignored as non-lamp-shaped color patch; reason=aspect bbox=80x30px
[gazebo_track_car-2] [INFO] [1781167726.357996839] [gazebo_track_car]: camera traffic-light green candidate ignored as non-lamp-shaped color patch; reason=aspect bbox=30x9px
[gazebo_track_car-2] [INFO] [1781167726.404299100] [gazebo_track_car]: camera traffic-light green candidate ignored as non-lamp-shaped color patch; reason=aspect bbox=131x36px
[gazebo_track_car-2] [INFO] [1781167726.404623901] [gazebo_track_car]: camera traffic-light green candidate ignored as non-lamp-shaped color patch; reason=aspect bbox=58x20px
[gazebo_track_car-2] [INFO] [1781167726.404828215] [gazebo_track_car]: camera traffic-light green candidate ignored as non-lamp-shaped color patch; reason=fill bbox=20x10px
[gazebo_track_car-2] [INFO] [1781167726.405004266] [gazebo_track_car]: camera traffic-light green candidate ignored as non-lamp-shaped color patch; reason=aspect bbox=79x32px
[gazebo_track_car-2] [INFO] [1781167726.405173955] [gazebo_track_car]: camera traffic-light green candidate ignored as non-lamp-shaped color patch; reason=aspect bbox=38x11px
[gazebo_track_car-2] [INFO] [1781167726.426626097] [gazebo_track_car]: camera traffic-light green candidate ignored as non-lamp-shaped color patch; reason=aspect bbox=127x35px
[gazebo_track_car-2] [INFO] [1781167726.427070142] [gazebo_track_car]: camera traffic-light green candidate ignored as non-lamp-shaped color patch; reason=aspect bbox=65x21px
[gazebo_track_car-2] [INFO] [1781167726.427473250] [gazebo_track_car]: camera traffic-light green candidate ignored as non-lamp-shaped color patch; reason=fill bbox=77x33px
[gazebo_track_car-2] [INFO] [1781167726.427695026] [gazebo_track_car]: camera traffic-light green candidate ignored as non-lamp-shaped color patch; reason=aspect bbox=43x12px
[gazebo_track_car-2] [INFO] [1781167726.462216083] [gazebo_track_car]: camera traffic-light green candidate ignored as non-lamp-shaped color patch; reason=aspect bbox=124x35px
[gazebo_track_car-2] [INFO] [1781167726.463325458] [gazebo_track_car]: camera traffic-light green candidate ignored as non-lamp-shaped color patch; reason=aspect bbox=71x21px
[gazebo_track_car-2] [INFO] [1781167726.464150599] [gazebo_track_car]: camera traffic-light green candidate ignored as non-lamp-shaped color patch; reason=fill bbox=76x34px
[gazebo_track_car-2] [INFO] [1781167726.464399166] [gazebo_track_car]: camera traffic-light green candidate ignored as non-lamp-shaped color patch; reason=aspect bbox=49x14px
[gazebo_track_car-2] [INFO] [1781167726.468729807] [gazebo_track_car]: traffic light is now YELLOW.
[gazebo_track_car-2] [INFO] [1781167726.486294031] [gazebo_track_car]: camera traffic-light green candidate ignored as non-lamp-shaped color patch; reason=aspect bbox=120x33px
[gazebo_track_car-2] [INFO] [1781167726.487253164] [gazebo_track_car]: camera traffic-light green candidate ignored as non-lamp-shaped color patch; reason=aspect bbox=78x22px
[gazebo_track_car-2] [INFO] [1781167726.488038249] [gazebo_track_car]: camera traffic-light green candidate ignored as non-lamp-shaped color patch; reason=fill bbox=74x35px
[gazebo_track_car-2] [INFO] [1781167726.488284963] [gazebo_track_car]: camera traffic-light green candidate ignored as non-lamp-shaped color patch; reason=aspect bbox=55x15px
[gazebo_track_car-2] [INFO] [1781167726.518836749] [gazebo_track_car]: camera traffic-light green candidate ignored as non-lamp-shaped color patch; reason=aspect bbox=115x33px
[gazebo_track_car-2] [INFO] [1781167726.519302735] [gazebo_track_car]: camera traffic-light green candidate ignored as non-lamp-shaped color patch; reason=aspect bbox=92x23px
[gazebo_track_car-2] [INFO] [1781167726.519889047] [gazebo_track_car]: camera traffic-light green candidate ignored as non-lamp-shaped color patch; reason=aspect bbox=70x19px
[gazebo_track_car-2] [INFO] [1781167726.520139277] [gazebo_track_car]: camera traffic light is GREEN score=445.0 area=1527px bbox=71x37px fill=0.58 center=(778,370)
[gazebo_track_car-2] [INFO] [1781167726.525120400] [gazebo_track_car]: camera_sign=camera_sign_turn_left source=camera kind=turn_left_sign maneuver=left score=0.45 area=27477px bbox=213x129px center=(872,174)
[gazebo_track_car-2] [INFO] [1781167726.549509291] [gazebo_track_car]: camera traffic-light green candidate ignored as non-lamp-shaped color patch; reason=aspect bbox=111x32px
[gazebo_track_car-2] [INFO] [1781167726.549917549] [gazebo_track_car]: camera traffic-light green candidate ignored as non-lamp-shaped color patch; reason=aspect bbox=101x24px
[gazebo_track_car-2] [INFO] [1781167726.550320446] [gazebo_track_car]: camera traffic-light green candidate ignored as non-lamp-shaped color patch; reason=aspect bbox=77x21px
[gazebo_track_car-2] [INFO] [1781167726.573279120] [gazebo_track_car]: MOTION pos=(+1.878,+2.422) yaw=-0.703 v=0.231 step_err=0.0163m/0.008rad track_err=0.0036m footprint=road:5.79px route=flat_top_left_corner_reverse cmd_vel=(0.237,-0.302)
[gazebo_track_car-2] [INFO] [1781167726.606310226] [gazebo_track_car]: camera traffic-light green candidate ignored as non-lamp-shaped color patch; reason=aspect bbox=108x31px
[gazebo_track_car-2] [INFO] [1781167726.606715267] [gazebo_track_car]: camera traffic-light green candidate ignored as non-lamp-shaped color patch; reason=aspect bbox=109x25px
[gazebo_track_car-2] [INFO] [1781167726.607040529] [gazebo_track_car]: camera traffic-light green candidate ignored as non-lamp-shaped color patch; reason=fill bbox=76x39px
[gazebo_track_car-2] [INFO] [1781167726.607284137] [gazebo_track_car]: camera traffic-light green candidate ignored as non-lamp-shaped color patch; reason=aspect bbox=85x22px
[gazebo_track_car-2] [INFO] [1781167726.607528306] [gazebo_track_car]: camera traffic light is YELLOW score=79.0 area=249px bbox=15x21px fill=0.79 center=(701,283)
[gazebo_track_car-2] [INFO] [1781167726.627970810] [gazebo_track_car]: camera traffic-light green candidate ignored as non-lamp-shaped color patch; reason=aspect bbox=105x30px
[gazebo_track_car-2] [INFO] [1781167726.628584644] [gazebo_track_car]: camera traffic-light green candidate ignored as non-lamp-shaped color patch; reason=aspect bbox=113x25px
[gazebo_track_car-2] [INFO] [1781167726.629338241] [gazebo_track_car]: camera traffic-light green candidate ignored as non-lamp-shaped color patch; reason=fill bbox=76x40px
[gazebo_track_car-2] [INFO] [1781167726.629631792] [gazebo_track_car]: camera traffic-light green candidate ignored as non-lamp-shaped color patch; reason=aspect bbox=87x23px
[gazebo_track_car-2] [INFO] [1781167726.633290409] [gazebo_track_car]: camera sign action blocked; no matching facing 3D sign is close enough; detected=turn_left_sign sign=camera_sign_turn_left detection_dist<=3.40m action_dist<=0.95m
[gazebo_track_car-2] [INFO] [1781167726.673585509] [gazebo_track_car]: camera traffic-light green candidate ignored as non-lamp-shaped color patch; reason=aspect bbox=104x31px
[gazebo_track_car-2] [INFO] [1781167726.673989438] [gazebo_track_car]: camera traffic-light green candidate ignored as non-lamp-shaped color patch; reason=aspect bbox=116x25px
[gazebo_track_car-2] [INFO] [1781167726.674336491] [gazebo_track_car]: camera traffic-light green candidate ignored as non-lamp-shaped color patch; reason=fill bbox=16x10px
[gazebo_track_car-2] [INFO] [1781167726.674540374] [gazebo_track_car]: camera traffic-light green candidate ignored as non-lamp-shaped color patch; reason=fill bbox=77x40px
[gazebo_track_car-2] [INFO] [1781167726.674950505] [gazebo_track_car]: camera traffic-light green candidate ignored as non-lamp-shaped color patch; reason=aspect bbox=90x24px
[gazebo_track_car-2] [INFO] [1781167726.685836857] [gazebo_track_car]: camera traffic-light green candidate ignored as non-lamp-shaped color patch; reason=aspect bbox=101x30px
[gazebo_track_car-2] [INFO] [1781167726.686317771] [gazebo_track_car]: camera traffic-light green candidate ignored as non-lamp-shaped color patch; reason=aspect bbox=119x25px
[gazebo_track_car-2] [INFO] [1781167726.686542383] [gazebo_track_car]: camera traffic-light green candidate ignored as non-lamp-shaped color patch; reason=fill bbox=19x13px
[gazebo_track_car-2] [INFO] [1781167726.686746838] [gazebo_track_car]: camera traffic-light green candidate ignored as non-lamp-shaped color patch; reason=fill bbox=79x40px
[gazebo_track_car-2] [INFO] [1781167726.686928299] [gazebo_track_car]: camera traffic-light green candidate ignored as non-lamp-shaped color patch; reason=aspect bbox=93x24px
[gazebo_track_car-2] [INFO] [1781167726.687114980] [gazebo_track_car]: camera traffic light is GREEN score=74.8 area=237px bbox=23x13px fill=0.79 center=(813,289)
[gazebo_track_car-2] [INFO] [1781167726.730388377] [gazebo_track_car]: camera traffic-light green candidate ignored as non-lamp-shaped color patch; reason=aspect bbox=101x30px
[gazebo_track_car-2] [INFO] [1781167726.731068646] [gazebo_track_car]: camera traffic-light green candidate ignored as non-lamp-shaped color patch; reason=aspect bbox=121x25px
[gazebo_track_car-2] [INFO] [1781167726.731293639] [gazebo_track_car]: camera traffic-light green candidate ignored as non-lamp-shaped color patch; reason=fill bbox=20x13px
[gazebo_track_car-2] [INFO] [1781167726.731473487] [gazebo_track_car]: camera traffic-light green candidate ignored as non-lamp-shaped color patch; reason=fill bbox=80x41px
[gazebo_track_car-2] [INFO] [1781167726.731644809] [gazebo_track_car]: camera traffic-light green candidate ignored as non-lamp-shaped color patch; reason=aspect bbox=94x24px
[gazebo_track_car-2] [INFO] [1781167726.761690734] [gazebo_track_car]: camera traffic-light green candidate ignored as non-lamp-shaped color patch; reason=aspect bbox=100x30px
[gazebo_track_car-2] [INFO] [1781167726.762101626] [gazebo_track_car]: camera traffic-light green candidate ignored as non-lamp-shaped color patch; reason=aspect bbox=123x25px
[gazebo_track_car-2] [INFO] [1781167726.762283568] [gazebo_track_car]: camera traffic-light green candidate ignored as non-lamp-shaped color patch; reason=fill bbox=23x13px
[gazebo_track_car-2] [INFO] [1781167726.762458928] [gazebo_track_car]: camera traffic-light green candidate ignored as non-lamp-shaped color patch; reason=fill bbox=79x41px
[gazebo_track_car-2] [INFO] [1781167726.763139848] [gazebo_track_car]: camera traffic-light green candidate ignored as non-lamp-shaped color patch; reason=aspect bbox=95x25px
[gazebo_track_car-2] [INFO] [1781167726.786047135] [gazebo_track_car]: camera traffic-light green candidate ignored as non-lamp-shaped color patch; reason=aspect bbox=98x30px
[gazebo_track_car-2] [INFO] [1781167726.786502220] [gazebo_track_car]: camera traffic-light green candidate ignored as non-lamp-shaped color patch; reason=aspect bbox=125x25px
[gazebo_track_car-2] [INFO] [1781167726.786693860] [gazebo_track_car]: camera traffic-light green candidate ignored as non-lamp-shaped color patch; reason=fill bbox=24x14px
[gazebo_track_car-2] [INFO] [1781167726.787064758] [gazebo_track_car]: camera traffic-light green candidate ignored as non-lamp-shaped color patch; reason=fill bbox=79x41px
[gazebo_track_car-2] [INFO] [1781167726.787260395] [gazebo_track_car]: camera traffic-light green candidate ignored as non-lamp-shaped color patch; reason=aspect bbox=96x25px
[gazebo_track_car-2] [INFO] [1781167726.818034730] [gazebo_track_car]: camera traffic-light green candidate ignored as non-lamp-shaped color patch; reason=aspect bbox=98x30px
[gazebo_track_car-2] [INFO] [1781167726.818659133] [gazebo_track_car]: camera traffic-light green candidate ignored as non-lamp-shaped color patch; reason=aspect bbox=125x25px
[gazebo_track_car-2] [INFO] [1781167726.818932217] [gazebo_track_car]: camera traffic-light green candidate ignored as non-lamp-shaped color patch; reason=fill bbox=26x14px
[gazebo_track_car-2] [INFO] [1781167726.819179491] [gazebo_track_car]: camera traffic-light green candidate ignored as non-lamp-shaped color patch; reason=fill bbox=78x41px
[gazebo_track_car-2] [INFO] [1781167726.819433599] [gazebo_track_car]: camera traffic-light green candidate ignored as non-lamp-shaped color patch; reason=aspect bbox=96x25px
[gazebo_track_car-2] [INFO] [1781167726.854901285] [gazebo_track_car]: camera traffic-light green candidate ignored as non-lamp-shaped color patch; reason=aspect bbox=97x30px
[gazebo_track_car-2] [INFO] [1781167726.855204525] [gazebo_track_car]: camera traffic-light green candidate ignored as non-lamp-shaped color patch; reason=aspect bbox=35x14px
[gazebo_track_car-2] [INFO] [1781167726.855810223] [gazebo_track_car]: camera traffic-light green candidate ignored as non-lamp-shaped color patch; reason=aspect bbox=126x25px
[gazebo_track_car-2] [INFO] [1781167726.856075672] [gazebo_track_car]: camera traffic-light green candidate ignored as non-lamp-shaped color patch; reason=fill bbox=25x13px
[gazebo_track_car-2] [INFO] [1781167726.856280106] [gazebo_track_car]: camera traffic-light green candidate ignored as non-lamp-shaped color patch; reason=fill bbox=77x40px
[gazebo_track_car-2] [INFO] [1781167726.856659169] [gazebo_track_car]: camera traffic-light green candidate ignored as non-lamp-shaped color patch; reason=aspect bbox=96x24px
[gazebo_track_car-2] [INFO] [1781167726.856872019] [gazebo_track_car]: camera traffic light is YELLOW score=68.7 area=221px bbox=16x21px fill=0.66 center=(679,280)
[gazebo_track_car-2] [INFO] [1781167726.894926708] [gazebo_track_car]: camera traffic-light green candidate ignored as non-lamp-shaped color patch; reason=aspect bbox=36x14px
[gazebo_track_car-2] [INFO] [1781167726.895202756] [gazebo_track_car]: camera traffic-light green candidate ignored as non-lamp-shaped color patch; reason=aspect bbox=126x26px
[gazebo_track_car-2] [INFO] [1781167726.895384618] [gazebo_track_car]: camera traffic-light green candidate ignored as non-lamp-shaped color patch; reason=fill bbox=24x13px
[gazebo_track_car-2] [INFO] [1781167726.895554247] [gazebo_track_car]: camera traffic-light green candidate ignored as non-lamp-shaped color patch; reason=fill bbox=76x40px
[gazebo_track_car-2] [INFO] [1781167726.895724707] [gazebo_track_car]: camera traffic-light green candidate ignored as non-lamp-shaped color patch; reason=aspect bbox=94x24px
[gazebo_track_car-2] [INFO] [1781167726.929624447] [gazebo_track_car]: camera traffic-light green candidate ignored as non-lamp-shaped color patch; reason=aspect bbox=39x14px
[gazebo_track_car-2] [INFO] [1781167726.929900075] [gazebo_track_car]: camera traffic-light green candidate ignored as non-lamp-shaped color patch; reason=aspect bbox=126x26px
[gazebo_track_car-2] [INFO] [1781167726.930086215] [gazebo_track_car]: camera traffic-light green candidate ignored as non-lamp-shaped color patch; reason=fill bbox=24x14px
[gazebo_track_car-2] [INFO] [1781167726.930260913] [gazebo_track_car]: camera traffic-light green candidate ignored as non-lamp-shaped color patch; reason=fill bbox=75x40px
[gazebo_track_car-2] [INFO] [1781167726.930431794] [gazebo_track_car]: camera traffic-light green candidate ignored as non-lamp-shaped color patch; reason=aspect bbox=93x24px
[gazebo_track_car-2] [INFO] [1781167726.963231846] [gazebo_track_car]: camera traffic-light green candidate ignored as non-lamp-shaped color patch; reason=aspect bbox=41x15px
[gazebo_track_car-2] [INFO] [1781167726.963527872] [gazebo_track_car]: camera traffic-light green candidate ignored as non-lamp-shaped color patch; reason=aspect bbox=125x25px
[gazebo_track_car-2] [INFO] [1781167726.963712319] [gazebo_track_car]: camera traffic-light green candidate ignored as non-lamp-shaped color patch; reason=fill bbox=25x13px
[gazebo_track_car-2] [INFO] [1781167726.963891636] [gazebo_track_car]: camera traffic-light green candidate ignored as non-lamp-shaped color patch; reason=fill bbox=73x40px
[gazebo_track_car-2] [INFO] [1781167726.964064060] [gazebo_track_car]: camera traffic-light green candidate ignored as non-lamp-shaped color patch; reason=aspect bbox=91x23px
[gazebo_track_car-2] [INFO] [1781167726.984770050] [gazebo_track_car]: camera traffic-light green candidate ignored as non-lamp-shaped color patch; reason=aspect bbox=95x30px
[gazebo_track_car-2] [INFO] [1781167726.985096473] [gazebo_track_car]: camera traffic-light green candidate ignored as non-lamp-shaped color patch; reason=aspect bbox=44x15px
[gazebo_track_car-2] [INFO] [1781167726.985318761] [gazebo_track_car]: camera traffic-light green candidate ignored as non-lamp-shaped color patch; reason=aspect bbox=124x24px
[gazebo_track_car-2] [INFO] [1781167726.985512225] [gazebo_track_car]: camera traffic-light green candidate ignored as non-lamp-shaped color patch; reason=fill bbox=23x12px
[gazebo_track_car-2] [INFO] [1781167726.985685100] [gazebo_track_car]: camera traffic-light green candidate ignored as non-lamp-shaped color patch; reason=fill bbox=71x39px
[gazebo_track_car-2] [INFO] [1781167726.985874957] [gazebo_track_car]: camera traffic-light green candidate ignored as non-lamp-shaped color patch; reason=aspect bbox=89x23px
[gazebo_track_car-2] [INFO] [1781167727.023246193] [gazebo_track_car]: camera traffic-light green candidate ignored as non-lamp-shaped color patch; reason=aspect bbox=95x30px
[gazebo_track_car-2] [INFO] [1781167727.023529225] [gazebo_track_car]: camera traffic-light green candidate ignored as non-lamp-shaped color patch; reason=aspect bbox=47x15px
[gazebo_track_car-2] [INFO] [1781167727.023709885] [gazebo_track_car]: camera traffic-light green candidate ignored as non-lamp-shaped color patch; reason=aspect bbox=122x24px
[gazebo_track_car-2] [INFO] [1781167727.023880666] [gazebo_track_car]: camera traffic-light green candidate ignored as non-lamp-shaped color patch; reason=fill bbox=23x13px
[gazebo_track_car-2] [INFO] [1781167727.024214353] [gazebo_track_car]: camera traffic-light green candidate ignored as non-lamp-shaped color patch; reason=fill bbox=70x38px
[gazebo_track_car-2] [INFO] [1781167727.024656865] [gazebo_track_car]: camera traffic-light green candidate ignored as non-lamp-shaped color patch; reason=aspect bbox=85x22px
[gazebo_track_car-2] [INFO] [1781167727.077479385] [gazebo_track_car]: camera traffic-light green candidate ignored as non-lamp-shaped color patch; reason=aspect bbox=96x30px
[gazebo_track_car-2] [INFO] [1781167727.077749683] [gazebo_track_car]: camera traffic-light green candidate ignored as non-lamp-shaped color patch; reason=aspect bbox=51x15px
[gazebo_track_car-2] [INFO] [1781167727.077939510] [gazebo_track_car]: camera traffic-light green candidate ignored as non-lamp-shaped color patch; reason=aspect bbox=120x24px
[gazebo_track_car-2] [INFO] [1781167727.078117404] [gazebo_track_car]: camera traffic-light green candidate ignored as non-lamp-shaped color patch; reason=fill bbox=23x13px
[gazebo_track_car-2] [INFO] [1781167727.078286322] [gazebo_track_car]: camera traffic-light green candidate ignored as non-lamp-shaped color patch; reason=fill bbox=68x38px
[gazebo_track_car-2] [INFO] [1781167727.078453336] [gazebo_track_car]: camera traffic-light green candidate ignored as non-lamp-shaped color patch; reason=aspect bbox=83x21px
[gazebo_track_car-2] [INFO] [1781167727.088538907] [gazebo_track_car]: camera traffic-light green candidate ignored as non-lamp-shaped color patch; reason=aspect bbox=96x30px
[gazebo_track_car-2] [INFO] [1781167727.088901087] [gazebo_track_car]: camera traffic-light green candidate ignored as non-lamp-shaped color patch; reason=aspect bbox=53x16px
[gazebo_track_car-2] [INFO] [1781167727.089101314] [gazebo_track_car]: camera traffic-light green candidate ignored as non-lamp-shaped color patch; reason=aspect bbox=118x23px
[gazebo_track_car-2] [INFO] [1781167727.089455299] [gazebo_track_car]: camera traffic-light green candidate ignored as non-lamp-shaped color patch; reason=fill bbox=24x13px
[gazebo_track_car-2] [INFO] [1781167727.089703776] [gazebo_track_car]: camera traffic-light green candidate ignored as non-lamp-shaped color patch; reason=fill bbox=69x37px
[gazebo_track_car-2] [INFO] [1781167727.089887271] [gazebo_track_car]: camera traffic-light green candidate ignored as non-lamp-shaped color patch; reason=aspect bbox=79x20px
[gazebo_track_car-2] [INFO] [1781167727.136800306] [gazebo_track_car]: camera traffic-light green candidate ignored as non-lamp-shaped color patch; reason=aspect bbox=95x29px
[gazebo_track_car-2] [INFO] [1781167727.137304354] [gazebo_track_car]: camera traffic-light green candidate ignored as non-lamp-shaped color patch; reason=aspect bbox=53x15px
[gazebo_track_car-2] [INFO] [1781167727.137687324] [gazebo_track_car]: camera traffic-light green candidate ignored as non-lamp-shaped color patch; reason=aspect bbox=122x23px
[gazebo_track_car-2] [INFO] [1781167727.137931152] [gazebo_track_car]: camera traffic-light green candidate ignored as non-lamp-shaped color patch; reason=fill bbox=21x12px
[gazebo_track_car-2] [INFO] [1781167727.138113385] [gazebo_track_car]: camera traffic-light green candidate ignored as non-lamp-shaped color patch; reason=fill bbox=68x38px
[gazebo_track_car-2] [INFO] [1781167727.138286019] [gazebo_track_car]: camera traffic-light green candidate ignored as non-lamp-shaped color patch; reason=aspect bbox=82x21px
[gazebo_track_car-2] [INFO] [1781167727.162052053] [gazebo_track_car]: camera traffic-light green candidate ignored as non-lamp-shaped color patch; reason=aspect bbox=95x29px
[gazebo_track_car-2] [INFO] [1781167727.162367776] [gazebo_track_car]: camera traffic-light green candidate ignored as non-lamp-shaped color patch; reason=aspect bbox=53x15px
[gazebo_track_car-2] [INFO] [1781167727.162596005] [gazebo_track_car]: camera traffic-light green candidate ignored as non-lamp-shaped color patch; reason=aspect bbox=122x23px
[gazebo_track_car-2] [INFO] [1781167727.162776765] [gazebo_track_car]: camera traffic-light green candidate ignored as non-lamp-shaped color patch; reason=fill bbox=21x12px
[gazebo_track_car-2] [INFO] [1781167727.162949079] [gazebo_track_car]: camera traffic-light green candidate ignored as non-lamp-shaped color patch; reason=fill bbox=68x38px
[gazebo_track_car-2] [INFO] [1781167727.163121062] [gazebo_track_car]: camera traffic-light green candidate ignored as non-lamp-shaped color patch; reason=aspect bbox=82x21px
[gazebo_track_car-2] [WARN] [1781167727.193809867] [gazebo_track_car]: JITTER events=7 reasons=speed_delta=0.150m/s pos=(+1.976,+2.339) step=0.0016/0.0000m yaw=0.000/0.000rad route=flat_top_left_corner_reverse
[gazebo_track_car-2] [INFO] [1781167727.202374294] [gazebo_track_car]: camera traffic-light green candidate ignored as non-lamp-shaped color patch; reason=aspect bbox=95x29px
[gazebo_track_car-2] [INFO] [1781167727.202661013] [gazebo_track_car]: camera traffic-light green candidate ignored as non-lamp-shaped color patch; reason=aspect bbox=53x15px
[gazebo_track_car-2] [INFO] [1781167727.202843977] [gazebo_track_car]: camera traffic-light green candidate ignored as non-lamp-shaped color patch; reason=aspect bbox=122x23px
[gazebo_track_car-2] [INFO] [1781167727.203319601] [gazebo_track_car]: camera traffic-light green candidate ignored as non-lamp-shaped color patch; reason=fill bbox=68x38px
[gazebo_track_car-2] [INFO] [1781167727.203505501] [gazebo_track_car]: camera traffic-light green candidate ignored as non-lamp-shaped color patch; reason=aspect bbox=83x21px
[gazebo_track_car-2] [INFO] [1781167727.228328146] [gazebo_track_car]: camera traffic-light green candidate ignored as non-lamp-shaped color patch; reason=aspect bbox=96x30px
[gazebo_track_car-2] [INFO] [1781167727.228656012] [gazebo_track_car]: camera traffic-light green candidate ignored as non-lamp-shaped color patch; reason=aspect bbox=56x16px
[gazebo_track_car-2] [INFO] [1781167727.228844296] [gazebo_track_car]: camera traffic-light green candidate ignored as non-lamp-shaped color patch; reason=aspect bbox=118x23px
[gazebo_track_car-2] [INFO] [1781167727.229016760] [gazebo_track_car]: camera traffic-light green candidate ignored as non-lamp-shaped color patch; reason=fill bbox=23x13px
[gazebo_track_car-2] [INFO] [1781167727.229186299] [gazebo_track_car]: camera traffic-light green candidate ignored as non-lamp-shaped color patch; reason=fill bbox=69x37px
[gazebo_track_car-2] [INFO] [1781167727.229354284] [gazebo_track_car]: camera traffic-light green candidate ignored as non-lamp-shaped color patch; reason=aspect bbox=78x20px
[gazebo_track_car-2] [INFO] [1781167727.263607722] [gazebo_track_car]: camera traffic-light green candidate ignored as non-lamp-shaped color patch; reason=aspect bbox=96x30px
[gazebo_track_car-2] [INFO] [1781167727.263895964] [gazebo_track_car]: camera traffic-light green candidate ignored as non-lamp-shaped color patch; reason=aspect bbox=59x16px
[gazebo_track_car-2] [INFO] [1781167727.264136917] [gazebo_track_car]: camera traffic-light green candidate ignored as non-lamp-shaped color patch; reason=aspect bbox=115x23px
[gazebo_track_car-2] [INFO] [1781167727.264354827] [gazebo_track_car]: camera traffic-light green candidate ignored as non-lamp-shaped color patch; reason=fill bbox=23x13px
[gazebo_track_car-2] [INFO] [1781167727.264896314] [gazebo_track_car]: camera traffic-light green candidate ignored as non-lamp-shaped color patch; reason=fill bbox=70x36px
[gazebo_track_car-2] [INFO] [1781167727.265133150] [gazebo_track_car]: camera traffic-light green candidate ignored as non-lamp-shaped color patch; reason=aspect bbox=74x19px
[gazebo_track_car-2] [INFO] [1781167727.292625829] [gazebo_track_car]: camera traffic-light green candidate ignored as non-lamp-shaped color patch; reason=aspect bbox=96x29px
[gazebo_track_car-2] [INFO] [1781167727.293105230] [gazebo_track_car]: camera traffic-light green candidate ignored as non-lamp-shaped color patch; reason=aspect bbox=62x16px
[gazebo_track_car-2] [INFO] [1781167727.293658900] [gazebo_track_car]: camera traffic-light green candidate ignored as non-lamp-shaped color patch; reason=aspect bbox=113x23px
[gazebo_track_car-2] [INFO] [1781167727.293903671] [gazebo_track_car]: camera traffic-light green candidate ignored as non-lamp-shaped color patch; reason=fill bbox=23x13px
[gazebo_track_car-2] [INFO] [1781167727.294084621] [gazebo_track_car]: camera traffic-light green candidate ignored as non-lamp-shaped color patch; reason=fill bbox=71x36px
[gazebo_track_car-2] [INFO] [1781167727.294338318] [gazebo_track_car]: camera traffic-light green candidate ignored as non-lamp-shaped color patch; reason=aspect bbox=71x18px
[gazebo_track_car-2] [INFO] [1781167727.326670444] [gazebo_track_car]: camera traffic-light green candidate ignored as non-lamp-shaped color patch; reason=aspect bbox=95x29px
[gazebo_track_car-2] [INFO] [1781167727.327004652] [gazebo_track_car]: camera traffic-light green candidate ignored as non-lamp-shaped color patch; reason=aspect bbox=62x17px
[gazebo_track_car-2] [INFO] [1781167727.327201943] [gazebo_track_car]: camera traffic-light green candidate ignored as non-lamp-shaped color patch; reason=aspect bbox=117x24px
[gazebo_track_car-2] [INFO] [1781167727.327732711] [gazebo_track_car]: camera traffic-light green candidate ignored as non-lamp-shaped color patch; reason=fill bbox=70x36px
[gazebo_track_car-2] [INFO] [1781167727.327977932] [gazebo_track_car]: camera traffic-light green candidate ignored as non-lamp-shaped color patch; reason=aspect bbox=73x19px
[gazebo_track_car-2] [INFO] [1781167727.379121176] [gazebo_track_car]: camera traffic-light green candidate ignored as non-lamp-shaped color patch; reason=aspect bbox=95x29px
[gazebo_track_car-2] [INFO] [1781167727.379381836] [gazebo_track_car]: camera traffic-light green candidate ignored as non-lamp-shaped color patch; reason=aspect bbox=62x17px
[gazebo_track_car-2] [INFO] [1781167727.379604584] [gazebo_track_car]: camera traffic-light green candidate ignored as non-lamp-shaped color patch; reason=aspect bbox=117x24px
[gazebo_track_car-2] [INFO] [1781167727.379799731] [gazebo_track_car]: camera traffic-light green candidate ignored as non-lamp-shaped color patch; reason=fill bbox=22x12px
[gazebo_track_car-2] [INFO] [1781167727.380031677] [gazebo_track_car]: camera traffic-light green candidate ignored as non-lamp-shaped color patch; reason=fill bbox=70x36px
[gazebo_track_car-2] [INFO] [1781167727.380210143] [gazebo_track_car]: camera traffic-light green candidate ignored as non-lamp-shaped color patch; reason=aspect bbox=73x19px
[gazebo_track_car-2] [INFO] [1781167727.404444730] [gazebo_track_car]: camera traffic-light green candidate ignored as non-lamp-shaped color patch; reason=aspect bbox=95x29px
[gazebo_track_car-2] [INFO] [1781167727.404847026] [gazebo_track_car]: camera traffic-light green candidate ignored as non-lamp-shaped color patch; reason=aspect bbox=62x17px
[gazebo_track_car-2] [INFO] [1781167727.405051952] [gazebo_track_car]: camera traffic-light green candidate ignored as non-lamp-shaped color patch; reason=aspect bbox=117x24px
[gazebo_track_car-2] [INFO] [1781167727.405549317] [gazebo_track_car]: camera traffic-light green candidate ignored as non-lamp-shaped color patch; reason=fill bbox=70x36px
[gazebo_track_car-2] [INFO] [1781167727.405814695] [gazebo_track_car]: camera traffic-light green candidate ignored as non-lamp-shaped color patch; reason=aspect bbox=73x19px
[gazebo_track_car-2] [INFO] [1781167727.441370050] [gazebo_track_car]: camera traffic-light green candidate ignored as non-lamp-shaped color patch; reason=aspect bbox=96x29px
[gazebo_track_car-2] [INFO] [1781167727.441642733] [gazebo_track_car]: camera traffic-light green candidate ignored as non-lamp-shaped color patch; reason=aspect bbox=64x17px
[gazebo_track_car-2] [INFO] [1781167727.441871062] [gazebo_track_car]: camera traffic-light green candidate ignored as non-lamp-shaped color patch; reason=aspect bbox=112x23px
[gazebo_track_car-2] [INFO] [1781167727.442064075] [gazebo_track_car]: camera traffic-light green candidate ignored as non-lamp-shaped color patch; reason=fill bbox=21x12px
[gazebo_track_car-2] [INFO] [1781167727.442293466] [gazebo_track_car]: camera traffic-light green candidate ignored as non-lamp-shaped color patch; reason=fill bbox=71x35px
[gazebo_track_car-2] [INFO] [1781167727.442527196] [gazebo_track_car]: camera traffic-light green candidate ignored as non-lamp-shaped color patch; reason=aspect bbox=68x17px
[gazebo_track_car-2] [INFO] [1781167727.457953433] [gazebo_track_car]: camera traffic-light green candidate ignored as non-lamp-shaped color patch; reason=aspect bbox=94x29px
[gazebo_track_car-2] [INFO] [1781167727.458238319] [gazebo_track_car]: camera traffic-light green candidate ignored as non-lamp-shaped color patch; reason=aspect bbox=66x17px
[gazebo_track_car-2] [INFO] [1781167727.458422825] [gazebo_track_car]: camera traffic-light green candidate ignored as non-lamp-shaped color patch; reason=aspect bbox=114x24px
[gazebo_track_car-2] [INFO] [1781167727.460144411] [gazebo_track_car]: camera traffic-light green candidate ignored as non-lamp-shaped color patch; reason=fill bbox=71x35px
[gazebo_track_car-2] [INFO] [1781167727.460815723] [gazebo_track_car]: camera traffic-light green candidate ignored as non-lamp-shaped color patch; reason=aspect bbox=70x17px
[gazebo_track_car-2] [INFO] [1781167727.471587972] [gazebo_track_car]: traffic light is now RED.
[gazebo_track_car-2] [INFO] [1781167727.502654288] [gazebo_track_car]: camera traffic-light green candidate ignored as non-lamp-shaped color patch; reason=aspect bbox=93x29px
[gazebo_track_car-2] [INFO] [1781167727.503281267] [gazebo_track_car]: camera traffic-light green candidate ignored as non-lamp-shaped color patch; reason=aspect bbox=68x17px
[gazebo_track_car-2] [INFO] [1781167727.503724710] [gazebo_track_car]: camera traffic-light green candidate ignored as non-lamp-shaped color patch; reason=aspect bbox=116x24px
[gazebo_track_car-2] [INFO] [1781167727.504382667] [gazebo_track_car]: camera traffic-light green candidate ignored as non-lamp-shaped color patch; reason=fill bbox=71x35px
[gazebo_track_car-2] [INFO] [1781167727.504750048] [gazebo_track_car]: camera traffic-light green candidate ignored as non-lamp-shaped color patch; reason=aspect bbox=71x18px
[gazebo_track_car-2] [INFO] [1781167727.537879043] [gazebo_track_car]: camera traffic-light green candidate ignored as non-lamp-shaped color patch; reason=aspect bbox=92x29px
[gazebo_track_car-2] [INFO] [1781167727.538177364] [gazebo_track_car]: camera traffic-light green candidate ignored as non-lamp-shaped color patch; reason=aspect bbox=69x17px
[gazebo_track_car-2] [INFO] [1781167727.538587815] [gazebo_track_car]: camera traffic-light green candidate ignored as non-lamp-shaped color patch; reason=aspect bbox=120x25px
[gazebo_track_car-2] [INFO] [1781167727.539275067] [gazebo_track_car]: camera traffic-light green candidate ignored as non-lamp-shaped color patch; reason=fill bbox=71x36px
[gazebo_track_car-2] [INFO] [1781167727.539954544] [gazebo_track_car]: camera traffic-light green candidate ignored as non-lamp-shaped color patch; reason=aspect bbox=75x19px
[gazebo_track_car-2] [INFO] [1781167727.567000872] [gazebo_track_car]: camera traffic-light green candidate ignored as non-lamp-shaped color patch; reason=aspect bbox=91x29px
[gazebo_track_car-2] [INFO] [1781167727.567270619] [gazebo_track_car]: camera traffic-light green candidate ignored as non-lamp-shaped color patch; reason=aspect bbox=70x17px
[gazebo_track_car-2] [INFO] [1781167727.567451318] [gazebo_track_car]: camera traffic-light green candidate ignored as non-lamp-shaped color patch; reason=aspect bbox=124x24px
[gazebo_track_car-2] [INFO] [1781167727.568030026] [gazebo_track_car]: camera traffic-light green candidate ignored as non-lamp-shaped color patch; reason=fill bbox=69x36px
[gazebo_track_car-2] [INFO] [1781167727.568269767] [gazebo_track_car]: camera traffic-light green candidate ignored as non-lamp-shaped color patch; reason=aspect bbox=79x19px
[gazebo_track_car-2] [INFO] [1781167727.592342167] [gazebo_track_car]: camera traffic-light green candidate ignored as non-lamp-shaped color patch; reason=aspect bbox=128x25px
[gazebo_track_car-2] [INFO] [1781167727.593559946] [gazebo_track_car]: camera traffic-light green candidate ignored as non-lamp-shaped color patch; reason=fill bbox=69x37px
[gazebo_track_car-2] [INFO] [1781167727.593807191] [gazebo_track_car]: camera traffic-light green candidate ignored as non-lamp-shaped color patch; reason=aspect bbox=82x20px
[gazebo_track_car-2] [INFO] [1781167727.628331651] [gazebo_track_car]: camera traffic-light green candidate ignored as non-lamp-shaped color patch; reason=aspect bbox=135x25px
[gazebo_track_car-2] [INFO] [1781167727.629488926] [gazebo_track_car]: camera traffic-light green candidate ignored as non-lamp-shaped color patch; reason=fill bbox=67x38px
[gazebo_track_car-2] [INFO] [1781167727.629988726] [gazebo_track_car]: camera traffic-light green candidate ignored as non-lamp-shaped color patch; reason=aspect bbox=90x22px
[gazebo_track_car-2] [INFO] [1781167727.674769612] [gazebo_track_car]: camera traffic-light green candidate ignored as non-lamp-shaped color patch; reason=aspect bbox=141x26px
[gazebo_track_car-2] [INFO] [1781167727.675436626] [gazebo_track_car]: camera traffic-light green candidate ignored as non-lamp-shaped color patch; reason=fill bbox=66x39px
[gazebo_track_car-2] [INFO] [1781167727.675730328] [gazebo_track_car]: camera traffic-light green candidate ignored as non-lamp-shaped color patch; reason=aspect bbox=96x23px
[gazebo_track_car-2] [INFO] [1781167727.705438022] [gazebo_track_car]: camera traffic-light green candidate ignored as non-lamp-shaped color patch; reason=aspect bbox=84x27px
[gazebo_track_car-2] [INFO] [1781167727.706584046] [gazebo_track_car]: camera traffic-light green candidate ignored as non-lamp-shaped color patch; reason=aspect bbox=147x28px
[gazebo_track_car-2] [INFO] [1781167727.707289882] [gazebo_track_car]: camera traffic-light green candidate ignored as non-lamp-shaped color patch; reason=fill bbox=69x40px
[gazebo_track_car-2] [INFO] [1781167727.707991110] [gazebo_track_car]: camera traffic-light green candidate ignored as non-lamp-shaped color patch; reason=aspect bbox=104x24px
[gazebo_track_car-2] [INFO] [1781167727.726263678] [gazebo_track_car]: camera traffic-light green candidate ignored as non-lamp-shaped color patch; reason=aspect bbox=81x26px
[gazebo_track_car-2] [INFO] [1781167727.726656156] [gazebo_track_car]: camera traffic-light green candidate ignored as non-lamp-shaped color patch; reason=aspect bbox=154x30px
[gazebo_track_car-2] [INFO] [1781167727.727255032] [gazebo_track_car]: camera traffic-light green candidate ignored as non-lamp-shaped color patch; reason=fill bbox=70x41px
[gazebo_track_car-2] [INFO] [1781167727.727500002] [gazebo_track_car]: camera traffic-light green candidate ignored as non-lamp-shaped color patch; reason=aspect bbox=112x26px
[gazebo_track_car-2] [INFO] [1781167727.731394703] [gazebo_track_car]: camera_sign=camera_sign_go_straight source=camera kind=go_straight_sign maneuver=straight score=0.47 area=36582px bbox=273x134px center=(850,178)
[gazebo_track_car-2] [INFO] [1781167727.786169717] [gazebo_track_car]: camera traffic-light green candidate ignored as non-lamp-shaped color patch; reason=aspect bbox=80x26px
[gazebo_track_car-2] [INFO] [1781167727.787376155] [gazebo_track_car]: camera traffic-light green candidate ignored as non-lamp-shaped color patch; reason=aspect bbox=161x32px
[gazebo_track_car-2] [INFO] [1781167727.788669326] [gazebo_track_car]: camera traffic-light green candidate ignored as non-lamp-shaped color patch; reason=fill bbox=74x42px
[gazebo_track_car-2] [INFO] [1781167727.788986281] [gazebo_track_car]: camera traffic-light green candidate ignored as non-lamp-shaped color patch; reason=aspect bbox=121x28px
[gazebo_track_car-2] [INFO] [1781167727.806542833] [gazebo_track_car]: camera traffic-light green candidate ignored as non-lamp-shaped color patch; reason=aspect bbox=78x26px
[gazebo_track_car-2] [INFO] [1781167727.806992278] [gazebo_track_car]: camera traffic-light green candidate ignored as non-lamp-shaped color patch; reason=aspect bbox=168x35px
[gazebo_track_car-2] [INFO] [1781167727.807378775] [gazebo_track_car]: camera traffic-light green candidate ignored as non-lamp-shaped color patch; reason=fill bbox=79x43px
[gazebo_track_car-2] [INFO] [1781167727.807802481] [gazebo_track_car]: camera traffic-light green candidate ignored as non-lamp-shaped color patch; reason=aspect bbox=131x29px
[gazebo_track_car-2] [INFO] [1781167727.811271872] [gazebo_track_car]: camera_sign=camera_sign_turn_right source=camera kind=turn_right_sign maneuver=right score=0.44 area=37107px bbox=279x133px center=(832,181)
[gazebo_track_car-2] [INFO] [1781167727.836127465] [gazebo_track_car]: camera traffic-light green candidate ignored as non-lamp-shaped color patch; reason=aspect bbox=76x25px
[gazebo_track_car-2] [INFO] [1781167727.836507198] [gazebo_track_car]: camera traffic-light green candidate ignored as non-lamp-shaped color patch; reason=aspect bbox=68x15px
[gazebo_track_car-2] [INFO] [1781167727.836710881] [gazebo_track_car]: camera traffic-light green candidate ignored as non-lamp-shaped color patch; reason=aspect bbox=175x37px
[gazebo_track_car-2] [INFO] [1781167727.837058665] [gazebo_track_car]: camera traffic-light green candidate ignored as non-lamp-shaped color patch; reason=aspect bbox=213x44px
[gazebo_track_car-2] [INFO] [1781167727.874003252] [gazebo_track_car]: camera traffic-light green candidate ignored as non-lamp-shaped color patch; reason=aspect bbox=76x25px
[gazebo_track_car-2] [INFO] [1781167727.874279020] [gazebo_track_car]: camera traffic-light green candidate ignored as non-lamp-shaped color patch; reason=aspect bbox=68x15px
[gazebo_track_car-2] [INFO] [1781167727.874463006] [gazebo_track_car]: camera traffic-light green candidate ignored as non-lamp-shaped color patch; reason=aspect bbox=175x37px
[gazebo_track_car-2] [INFO] [1781167727.874851667] [gazebo_track_car]: camera traffic-light green candidate ignored as non-lamp-shaped color patch; reason=aspect bbox=213x44px
[gazebo_track_car-2] [INFO] [1781167727.879910596] [gazebo_track_car]: camera traffic light lost for 0.2s.
[gazebo_track_car-2] [INFO] [1781167727.894200728] [gazebo_track_car]: camera traffic-light green candidate ignored as non-lamp-shaped color patch; reason=aspect bbox=76x25px
[gazebo_track_car-2] [INFO] [1781167727.894928175] [gazebo_track_car]: camera traffic-light green candidate ignored as non-lamp-shaped color patch; reason=aspect bbox=68x15px
[gazebo_track_car-2] [INFO] [1781167727.895173747] [gazebo_track_car]: camera traffic-light green candidate ignored as non-lamp-shaped color patch; reason=aspect bbox=175x37px
[gazebo_track_car-2] [INFO] [1781167727.895584649] [gazebo_track_car]: camera traffic-light green candidate ignored as non-lamp-shaped color patch; reason=aspect bbox=213x44px
[gazebo_track_car-2] [INFO] [1781167727.926250564] [gazebo_track_car]: camera traffic-light green candidate ignored as non-lamp-shaped color patch; reason=aspect bbox=76x25px
[gazebo_track_car-2] [INFO] [1781167727.926516854] [gazebo_track_car]: camera traffic-light green candidate ignored as non-lamp-shaped color patch; reason=aspect bbox=68x15px
[gazebo_track_car-2] [INFO] [1781167727.926751365] [gazebo_track_car]: camera traffic-light green candidate ignored as non-lamp-shaped color patch; reason=aspect bbox=175x37px
[gazebo_track_car-2] [INFO] [1781167727.927160264] [gazebo_track_car]: camera traffic-light green candidate ignored as non-lamp-shaped color patch; reason=aspect bbox=213x44px
[gazebo_track_car-2] [INFO] [1781167728.021814452] [gazebo_track_car]: camera traffic-light green candidate ignored as non-lamp-shaped color patch; reason=aspect bbox=76x25px
[gazebo_track_car-2] [INFO] [1781167728.022093797] [gazebo_track_car]: camera traffic-light green candidate ignored as non-lamp-shaped color patch; reason=aspect bbox=68x15px
[gazebo_track_car-2] [INFO] [1781167728.022277482] [gazebo_track_car]: camera traffic-light green candidate ignored as non-lamp-shaped color patch; reason=aspect bbox=175x37px
[gazebo_track_car-2] [INFO] [1781167728.022656665] [gazebo_track_car]: camera traffic-light green candidate ignored as non-lamp-shaped color patch; reason=aspect bbox=213x44px
[gazebo_track_car-2] [INFO] [1781167728.040422323] [gazebo_track_car]: camera traffic-light green candidate ignored as non-lamp-shaped color patch; reason=aspect bbox=76x25px
[gazebo_track_car-2] [INFO] [1781167728.041478609] [gazebo_track_car]: camera traffic-light green candidate ignored as non-lamp-shaped color patch; reason=aspect bbox=68x15px
[gazebo_track_car-2] [INFO] [1781167728.041761541] [gazebo_track_car]: camera traffic-light green candidate ignored as non-lamp-shaped color patch; reason=aspect bbox=175x37px
[gazebo_track_car-2] [INFO] [1781167728.042988888] [gazebo_track_car]: camera traffic-light green candidate ignored as non-lamp-shaped color patch; reason=aspect bbox=213x44px
[gazebo_track_car-2] [INFO] [1781167728.068076820] [gazebo_track_car]: camera traffic-light green candidate ignored as non-lamp-shaped color patch; reason=aspect bbox=76x25px
[gazebo_track_car-2] [INFO] [1781167728.068377545] [gazebo_track_car]: camera traffic-light green candidate ignored as non-lamp-shaped color patch; reason=aspect bbox=68x15px
[gazebo_track_car-2] [INFO] [1781167728.068766156] [gazebo_track_car]: camera traffic-light green candidate ignored as non-lamp-shaped color patch; reason=aspect bbox=175x37px
[gazebo_track_car-2] [INFO] [1781167728.069195914] [gazebo_track_car]: camera traffic-light green candidate ignored as non-lamp-shaped color patch; reason=aspect bbox=213x44px
[gazebo_track_car-2] [INFO] [1781167728.095297011] [gazebo_track_car]: camera traffic-light green candidate ignored as non-lamp-shaped color patch; reason=aspect bbox=76x25px
[gazebo_track_car-2] [INFO] [1781167728.095607655] [gazebo_track_car]: camera traffic-light green candidate ignored as non-lamp-shaped color patch; reason=aspect bbox=68x15px
[gazebo_track_car-2] [INFO] [1781167728.095806138] [gazebo_track_car]: camera traffic-light green candidate ignored as non-lamp-shaped color patch; reason=aspect bbox=175x37px
[gazebo_track_car-2] [INFO] [1781167728.096191673] [gazebo_track_car]: camera traffic-light green candidate ignored as non-lamp-shaped color patch; reason=aspect bbox=213x44px
[gazebo_track_car-2] [INFO] [1781167728.105781600] [gazebo_track_car]: camera traffic-light green candidate ignored as non-lamp-shaped color patch; reason=aspect bbox=76x25px
[gazebo_track_car-2] [INFO] [1781167728.106073469] [gazebo_track_car]: camera traffic-light green candidate ignored as non-lamp-shaped color patch; reason=aspect bbox=69x15px
[gazebo_track_car-2] [INFO] [1781167728.106305896] [gazebo_track_car]: camera traffic-light green candidate ignored as non-lamp-shaped color patch; reason=aspect bbox=175x37px
[gazebo_track_car-2] [INFO] [1781167728.107144873] [gazebo_track_car]: camera traffic-light green candidate ignored as non-lamp-shaped color patch; reason=aspect bbox=213x44px
[gazebo_track_car-2] [INFO] [1781167728.147842179] [gazebo_track_car]: camera traffic-light green candidate ignored as non-lamp-shaped color patch; reason=aspect bbox=76x25px
[gazebo_track_car-2] [INFO] [1781167728.148079866] [gazebo_track_car]: camera traffic-light green candidate ignored as non-lamp-shaped color patch; reason=aspect bbox=172x36px
[gazebo_track_car-2] [INFO] [1781167728.148410938] [gazebo_track_car]: camera traffic-light green candidate ignored as non-lamp-shaped color patch; reason=fill bbox=81x43px
[gazebo_track_car-2] [INFO] [1781167728.148591828] [gazebo_track_car]: camera traffic-light green candidate ignored as non-lamp-shaped color patch; reason=aspect bbox=136x30px
[gazebo_track_car-2] [INFO] [1781167728.186155443] [gazebo_track_car]: camera traffic-light green candidate ignored as non-lamp-shaped color patch; reason=aspect bbox=75x25px
[gazebo_track_car-2] [INFO] [1781167728.186430911] [gazebo_track_car]: camera traffic-light green candidate ignored as non-lamp-shaped color patch; reason=aspect bbox=69x15px
[gazebo_track_car-2] [INFO] [1781167728.186615097] [gazebo_track_car]: camera traffic-light green candidate ignored as non-lamp-shaped color patch; reason=aspect bbox=178x38px
[gazebo_track_car-2] [INFO] [1781167728.186940920] [gazebo_track_car]: camera traffic-light green candidate ignored as non-lamp-shaped color patch; reason=aspect bbox=216x44px
[gazebo_track_car-2] [INFO] [1781167728.227079725] [gazebo_track_car]: camera traffic-light green candidate ignored as non-lamp-shaped color patch; reason=aspect bbox=73x25px
[gazebo_track_car-2] [INFO] [1781167728.227310589] [gazebo_track_car]: camera traffic-light green candidate ignored as non-lamp-shaped color patch; reason=aspect bbox=68x15px
[gazebo_track_car-2] [INFO] [1781167728.227492862] [gazebo_track_car]: camera traffic-light green candidate ignored as non-lamp-shaped color patch; reason=aspect bbox=186x41px
[gazebo_track_car-2] [INFO] [1781167728.227935414] [gazebo_track_car]: camera traffic-light green candidate ignored as non-lamp-shaped color patch; reason=aspect bbox=227x45px
[gazebo_track_car-2] [INFO] [1781167728.262605679] [gazebo_track_car]: camera traffic-light green candidate ignored as non-lamp-shaped color patch; reason=aspect bbox=71x24px
[gazebo_track_car-2] [INFO] [1781167728.262917826] [gazebo_track_car]: camera traffic-light green candidate ignored as non-lamp-shaped color patch; reason=aspect bbox=68x14px
[gazebo_track_car-2] [INFO] [1781167728.263194626] [gazebo_track_car]: camera traffic-light green candidate ignored as non-lamp-shaped color patch; reason=aspect bbox=193x43px
[gazebo_track_car-2] [INFO] [1781167728.263672495] [gazebo_track_car]: camera traffic-light green candidate ignored as non-lamp-shaped color patch; reason=aspect bbox=236x46px
[gazebo_track_car-2] [INFO] [1781167728.287368600] [gazebo_track_car]: camera traffic-light green candidate ignored as non-lamp-shaped color patch; reason=aspect bbox=71x24px
[gazebo_track_car-2] [INFO] [1781167728.287600707] [gazebo_track_car]: camera traffic-light green candidate ignored as non-lamp-shaped color patch; reason=aspect bbox=67x14px
[gazebo_track_car-2] [INFO] [1781167728.287827914] [gazebo_track_car]: camera traffic-light green candidate ignored as non-lamp-shaped color patch; reason=aspect bbox=195x43px
[gazebo_track_car-2] [INFO] [1781167728.288258914] [gazebo_track_car]: camera traffic-light green candidate ignored as non-lamp-shaped color patch; reason=aspect bbox=239x47px
[gazebo_track_car-2] [WARN] [1781167728.302819846] [gazebo_track_car]: JITTER events=18 reasons=speed_delta=0.133m/s pos=(+2.077,+2.239) step=0.0014/0.0000m yaw=0.002/0.000rad route=flat_top_left_corner_reverse
[gazebo_track_car-2] [INFO] [1781167728.314999593] [gazebo_track_car]: camera traffic-light green candidate ignored as non-lamp-shaped color patch; reason=aspect bbox=71x24px
[gazebo_track_car-2] [INFO] [1781167728.315280190] [gazebo_track_car]: camera traffic-light green candidate ignored as non-lamp-shaped color patch; reason=aspect bbox=68x14px
[gazebo_track_car-2] [INFO] [1781167728.315538085] [gazebo_track_car]: camera traffic-light green candidate ignored as non-lamp-shaped color patch; reason=aspect bbox=193x43px
[gazebo_track_car-2] [INFO] [1781167728.315926725] [gazebo_track_car]: camera traffic-light green candidate ignored as non-lamp-shaped color patch; reason=aspect bbox=236x46px
[gazebo_track_car-2] [INFO] [1781167728.353152474] [gazebo_track_car]: camera traffic-light green candidate ignored as non-lamp-shaped color patch; reason=aspect bbox=71x24px
[gazebo_track_car-2] [INFO] [1781167728.353426609] [gazebo_track_car]: camera traffic-light green candidate ignored as non-lamp-shaped color patch; reason=aspect bbox=68x14px
[gazebo_track_car-2] [INFO] [1781167728.353987303] [gazebo_track_car]: camera traffic-light green candidate ignored as non-lamp-shaped color patch; reason=aspect bbox=196x44px
[gazebo_track_car-2] [INFO] [1781167728.354597521] [gazebo_track_car]: camera traffic-light green candidate ignored as non-lamp-shaped color patch; reason=aspect bbox=240x47px
[gazebo_track_car-2] [INFO] [1781167728.380359691] [gazebo_track_car]: camera traffic-light green candidate ignored as non-lamp-shaped color patch; reason=aspect bbox=68x23px
[gazebo_track_car-2] [INFO] [1781167728.381172529] [gazebo_track_car]: camera traffic-light green candidate ignored as non-lamp-shaped color patch; reason=aspect bbox=202x46px
[gazebo_track_car-2] [INFO] [1781167728.381623416] [gazebo_track_car]: camera traffic-light green candidate ignored as non-lamp-shaped color patch; reason=aspect bbox=249x48px
[gazebo_track_car-2] [INFO] [1781167728.424655541] [gazebo_track_car]: camera traffic-light green candidate ignored as non-lamp-shaped color patch; reason=aspect bbox=68x23px
[gazebo_track_car-2] [INFO] [1781167728.425418906] [gazebo_track_car]: camera traffic-light green candidate ignored as non-lamp-shaped color patch; reason=aspect bbox=209x46px
[gazebo_track_car-2] [INFO] [1781167728.426045354] [gazebo_track_car]: camera traffic-light green candidate ignored as non-lamp-shaped color patch; reason=aspect bbox=261x49px
[gazebo_track_car-2] [INFO] [1781167728.453681115] [gazebo_track_car]: camera traffic-light green candidate ignored as non-lamp-shaped color patch; reason=aspect bbox=66x23px
[gazebo_track_car-2] [INFO] [1781167728.453960631] [gazebo_track_car]: camera traffic-light green candidate ignored as non-lamp-shaped color patch; reason=aspect bbox=216x45px
[gazebo_track_car-2] [INFO] [1781167728.454322782] [gazebo_track_car]: camera traffic-light green candidate ignored as non-lamp-shaped color patch; reason=aspect bbox=272x50px
[gazebo_track_car-2] [INFO] [1781167728.506485501] [gazebo_track_car]: camera traffic-light green candidate ignored as non-lamp-shaped color patch; reason=aspect bbox=64x22px
[gazebo_track_car-2] [INFO] [1781167728.507467106] [gazebo_track_car]: camera traffic-light green candidate ignored as non-lamp-shaped color patch; reason=aspect bbox=222x45px
[gazebo_track_car-2] [INFO] [1781167728.507908576] [gazebo_track_car]: camera traffic-light green candidate ignored as non-lamp-shaped color patch; reason=aspect bbox=284x50px
[gazebo_track_car-2] [INFO] [1781167728.528365432] [gazebo_track_car]: camera traffic-light green candidate ignored as non-lamp-shaped color patch; reason=aspect bbox=63x22px
[gazebo_track_car-2] [INFO] [1781167728.528653243] [gazebo_track_car]: camera traffic-light green candidate ignored as non-lamp-shaped color patch; reason=aspect bbox=228x44px
[gazebo_track_car-2] [INFO] [1781167728.529115292] [gazebo_track_car]: camera traffic-light green candidate ignored as non-lamp-shaped color patch; reason=aspect bbox=296x51px
[gazebo_track_car-2] [INFO] [1781167728.570839978] [gazebo_track_car]: camera traffic-light green candidate ignored as non-lamp-shaped color patch; reason=aspect bbox=63x22px
[gazebo_track_car-2] [INFO] [1781167728.571117079] [gazebo_track_car]: camera traffic-light green candidate ignored as non-lamp-shaped color patch; reason=aspect bbox=234x44px
[gazebo_track_car-2] [INFO] [1781167728.571484500] [gazebo_track_car]: camera traffic-light green candidate ignored as non-lamp-shaped color patch; reason=aspect bbox=311x52px
[gazebo_track_car-2] [INFO] [1781167728.582654328] [gazebo_track_car]: camera traffic-light green candidate ignored as non-lamp-shaped color patch; reason=aspect bbox=61x22px
[gazebo_track_car-2] [INFO] [1781167728.583029784] [gazebo_track_car]: camera traffic-light green candidate ignored as non-lamp-shaped color patch; reason=aspect bbox=240x44px
[gazebo_track_car-2] [INFO] [1781167728.583450084] [gazebo_track_car]: camera traffic-light green candidate ignored as non-lamp-shaped color patch; reason=aspect bbox=315x53px
[gazebo_track_car-2] [INFO] [1781167728.612321268] [gazebo_track_car]: camera traffic-light green candidate ignored as non-lamp-shaped color patch; reason=aspect bbox=60x21px
[gazebo_track_car-2] [INFO] [1781167728.612699529] [gazebo_track_car]: camera traffic-light green candidate ignored as non-lamp-shaped color patch; reason=aspect bbox=245x43px
[gazebo_track_car-2] [INFO] [1781167728.612903532] [gazebo_track_car]: camera traffic-light green candidate ignored as non-lamp-shaped color patch; reason=aspect bbox=14x5px
[gazebo_track_car-2] [INFO] [1781167728.613183338] [gazebo_track_car]: camera traffic-light green candidate ignored as non-lamp-shaped color patch; reason=aspect bbox=318x53px
[gazebo_track_car-2] [INFO] [1781167728.647954230] [gazebo_track_car]: camera traffic-light green candidate ignored as non-lamp-shaped color patch; reason=aspect bbox=59x21px
[gazebo_track_car-2] [INFO] [1781167728.648981702] [gazebo_track_car]: camera traffic-light green candidate ignored as non-lamp-shaped color patch; reason=aspect bbox=234x41px
[gazebo_track_car-2] [INFO] [1781167728.649261217] [gazebo_track_car]: camera traffic-light green candidate ignored as non-lamp-shaped color patch; reason=aspect bbox=35x8px
[gazebo_track_car-2] [INFO] [1781167728.649457436] [gazebo_track_car]: camera traffic-light green candidate ignored as non-lamp-shaped color patch; reason=aspect bbox=322x54px
[gazebo_track_car-2] [INFO] [1781167728.682519521] [gazebo_track_car]: MOTION pos=(+2.125,+2.173) yaw=-1.222 v=0.217 step_err=0.0161m/0.043rad track_err=0.0081m footprint=road:5.39px route=flat_top_left_corner_reverse cmd_vel=(0.215,-0.465)
[gazebo_track_car-2] [INFO] [1781167728.701821957] [gazebo_track_car]: camera traffic-light green candidate ignored as non-lamp-shaped color patch; reason=aspect bbox=58x20px
[gazebo_track_car-2] [INFO] [1781167728.702147159] [gazebo_track_car]: camera traffic-light green candidate ignored as non-lamp-shaped color patch; reason=aspect bbox=224x39px
[gazebo_track_car-2] [INFO] [1781167728.702364197] [gazebo_track_car]: camera traffic-light green candidate ignored as non-lamp-shaped color patch; reason=aspect bbox=54x9px
[gazebo_track_car-2] [INFO] [1781167728.702557330] [gazebo_track_car]: camera traffic-light green candidate ignored as non-lamp-shaped color patch; reason=aspect bbox=325x55px
[gazebo_track_car-2] [INFO] [1781167728.713333287] [gazebo_track_car]: camera traffic-light green candidate ignored as non-lamp-shaped color patch; reason=aspect bbox=57x21px
[gazebo_track_car-2] [INFO] [1781167728.713621188] [gazebo_track_car]: camera traffic-light green candidate ignored as non-lamp-shaped color patch; reason=aspect bbox=206x37px
[gazebo_track_car-2] [INFO] [1781167728.713844378] [gazebo_track_car]: camera traffic-light green candidate ignored as non-lamp-shaped color patch; reason=aspect bbox=69x11px
[gazebo_track_car-2] [INFO] [1781167728.714040807] [gazebo_track_car]: camera traffic-light green candidate ignored as non-lamp-shaped color patch; reason=aspect bbox=329x55px
[gazebo_track_car-2] [INFO] [1781167728.761130709] [gazebo_track_car]: camera traffic-light green candidate ignored as non-lamp-shaped color patch; reason=aspect bbox=56x21px
[gazebo_track_car-2] [INFO] [1781167728.761402570] [gazebo_track_car]: camera traffic-light green candidate ignored as non-lamp-shaped color patch; reason=aspect bbox=195x35px
[gazebo_track_car-2] [INFO] [1781167728.761603799] [gazebo_track_car]: camera traffic-light green candidate ignored as non-lamp-shaped color patch; reason=aspect bbox=87x14px
[gazebo_track_car-2] [INFO] [1781167728.761864650] [gazebo_track_car]: camera traffic-light green candidate ignored as non-lamp-shaped color patch; reason=aspect bbox=332x56px
[gazebo_track_car-2] [INFO] [1781167728.792511832] [gazebo_track_car]: camera traffic-light green candidate ignored as non-lamp-shaped color patch; reason=aspect bbox=56x21px
[gazebo_track_car-2] [INFO] [1781167728.792794935] [gazebo_track_car]: camera traffic-light green candidate ignored as non-lamp-shaped color patch; reason=aspect bbox=183x32px
[gazebo_track_car-2] [INFO] [1781167728.792979702] [gazebo_track_car]: camera traffic-light green candidate ignored as non-lamp-shaped color patch; reason=aspect bbox=100x15px
[gazebo_track_car-2] [INFO] [1781167728.793154741] [gazebo_track_car]: camera traffic-light green candidate ignored as non-lamp-shaped color patch; reason=aspect bbox=335x56px
[gazebo_track_car-2] [INFO] [1781167728.826924972] [gazebo_track_car]: camera traffic-light green candidate ignored as non-lamp-shaped color patch; reason=aspect bbox=55x20px
[gazebo_track_car-2] [INFO] [1781167728.827613366] [gazebo_track_car]: camera traffic-light green candidate ignored as non-lamp-shaped color patch; reason=aspect bbox=172x30px
[gazebo_track_car-2] [INFO] [1781167728.828121782] [gazebo_track_car]: camera traffic-light green candidate ignored as non-lamp-shaped color patch; reason=aspect bbox=113x17px
[gazebo_track_car-2] [INFO] [1781167728.828360130] [gazebo_track_car]: camera traffic-light green candidate ignored as non-lamp-shaped color patch; reason=aspect bbox=338x56px
[gazebo_track_car-2] [INFO] [1781167728.851829421] [gazebo_track_car]: camera traffic-light green candidate ignored as non-lamp-shaped color patch; reason=aspect bbox=55x20px
[gazebo_track_car-2] [INFO] [1781167728.852613325] [gazebo_track_car]: camera traffic-light green candidate ignored as non-lamp-shaped color patch; reason=aspect bbox=167x30px
[gazebo_track_car-2] [INFO] [1781167728.852855821] [gazebo_track_car]: camera traffic-light green candidate ignored as non-lamp-shaped color patch; reason=aspect bbox=125x18px
[gazebo_track_car-2] [INFO] [1781167728.853097836] [gazebo_track_car]: camera traffic-light green candidate ignored as non-lamp-shaped color patch; reason=aspect bbox=341x57px
[gazebo_track_car-2] [INFO] [1781167728.889135151] [gazebo_track_car]: camera traffic-light green candidate ignored as non-lamp-shaped color patch; reason=aspect bbox=54x20px
[gazebo_track_car-2] [INFO] [1781167728.889407283] [gazebo_track_car]: camera traffic-light green candidate ignored as non-lamp-shaped color patch; reason=aspect bbox=62x10px
[gazebo_track_car-2] [INFO] [1781167728.889589756] [gazebo_track_car]: camera traffic-light green candidate ignored as non-lamp-shaped color patch; reason=aspect bbox=158x28px
[gazebo_track_car-2] [INFO] [1781167728.889763873] [gazebo_track_car]: camera traffic-light green candidate ignored as non-lamp-shaped color patch; reason=aspect bbox=136x20px
[gazebo_track_car-2] [INFO] [1781167728.889934945] [gazebo_track_car]: camera traffic-light green candidate ignored as non-lamp-shaped color patch; reason=aspect bbox=344x57px
[gazebo_track_car-2] [INFO] [1781167728.928475656] [gazebo_track_car]: camera traffic-light green candidate ignored as non-lamp-shaped color patch; reason=aspect bbox=53x20px
[gazebo_track_car-2] [INFO] [1781167728.929307580] [gazebo_track_car]: camera traffic-light green candidate ignored as non-lamp-shaped color patch; reason=aspect bbox=62x10px
[gazebo_track_car-2] [INFO] [1781167728.929721759] [gazebo_track_car]: camera traffic-light green candidate ignored as non-lamp-shaped color patch; reason=aspect bbox=150x28px
[gazebo_track_car-2] [INFO] [1781167728.930110199] [gazebo_track_car]: camera traffic-light green candidate ignored as non-lamp-shaped color patch; reason=aspect bbox=148x21px
[gazebo_track_car-2] [INFO] [1781167728.930349880] [gazebo_track_car]: camera traffic-light green candidate ignored as non-lamp-shaped color patch; reason=aspect bbox=346x57px
[gazebo_track_car-2] [INFO] [1781167728.952335028] [gazebo_track_car]: camera traffic-light green candidate ignored as non-lamp-shaped color patch; reason=aspect bbox=52x19px
[gazebo_track_car-2] [INFO] [1781167728.953089878] [gazebo_track_car]: camera traffic-light green candidate ignored as non-lamp-shaped color patch; reason=aspect bbox=61x10px
[gazebo_track_car-2] [INFO] [1781167728.953328296] [gazebo_track_car]: camera traffic-light green candidate ignored as non-lamp-shaped color patch; reason=aspect bbox=142x26px
[gazebo_track_car-2] [INFO] [1781167728.953512883] [gazebo_track_car]: camera traffic-light green candidate ignored as non-lamp-shaped color patch; reason=aspect bbox=153x22px
[gazebo_track_car-2] [INFO] [1781167728.953716796] [gazebo_track_car]: camera traffic-light green candidate ignored as non-lamp-shaped color patch; reason=aspect bbox=350x58px
[gazebo_track_car-2] [INFO] [1781167728.985279440] [gazebo_track_car]: camera traffic-light green candidate ignored as non-lamp-shaped color patch; reason=aspect bbox=52x19px
[gazebo_track_car-2] [INFO] [1781167728.986634988] [gazebo_track_car]: camera traffic-light green candidate ignored as non-lamp-shaped color patch; reason=aspect bbox=60x10px
[gazebo_track_car-2] [INFO] [1781167728.986883796] [gazebo_track_car]: camera traffic-light green candidate ignored as non-lamp-shaped color patch; reason=aspect bbox=143x26px
[gazebo_track_car-2] [INFO] [1781167728.987110893] [gazebo_track_car]: camera traffic-light green candidate ignored as non-lamp-shaped color patch; reason=aspect bbox=160x23px
[gazebo_track_car-2] [INFO] [1781167728.987538948] [gazebo_track_car]: camera traffic-light green candidate ignored as non-lamp-shaped color patch; reason=aspect bbox=350x58px
[gazebo_track_car-2] [INFO] [1781167728.995231629] [gazebo_track_car]: route segment=flat_left_mid_to_top_reverse; previous=flat_top_left_corner_reverse; distance=0.002m; decision=route/wheel_nearest: flat_left_mid_to_top_reverse
[gazebo_track_car-2] [INFO] [1781167729.020092275] [gazebo_track_car]: camera traffic-light green candidate ignored as non-lamp-shaped color patch; reason=aspect bbox=52x19px
[gazebo_track_car-2] [INFO] [1781167729.020792351] [gazebo_track_car]: camera traffic-light green candidate ignored as non-lamp-shaped color patch; reason=aspect bbox=60x10px
[gazebo_track_car-2] [INFO] [1781167729.021090322] [gazebo_track_car]: camera traffic-light green candidate ignored as non-lamp-shaped color patch; reason=aspect bbox=143x26px
[gazebo_track_car-2] [INFO] [1781167729.021499761] [gazebo_track_car]: camera traffic-light green candidate ignored as non-lamp-shaped color patch; reason=aspect bbox=153x22px
[gazebo_track_car-2] [INFO] [1781167729.022101903] [gazebo_track_car]: camera traffic-light green candidate ignored as non-lamp-shaped color patch; reason=aspect bbox=350x58px
[gazebo_track_car-2] [INFO] [1781167729.060978551] [gazebo_track_car]: camera traffic-light green candidate ignored as non-lamp-shaped color patch; reason=aspect bbox=53x19px
[gazebo_track_car-2] [INFO] [1781167729.061251814] [gazebo_track_car]: camera traffic-light green candidate ignored as non-lamp-shaped color patch; reason=aspect bbox=62x10px
[gazebo_track_car-2] [INFO] [1781167729.061432995] [gazebo_track_car]: camera traffic-light green candidate ignored as non-lamp-shaped color patch; reason=aspect bbox=141x26px
[gazebo_track_car-2] [INFO] [1781167729.061604427] [gazebo_track_car]: camera traffic-light green candidate ignored as non-lamp-shaped color patch; reason=aspect bbox=153x22px
[gazebo_track_car-2] [INFO] [1781167729.061789335] [gazebo_track_car]: camera traffic-light green candidate ignored as non-lamp-shaped color patch; reason=aspect bbox=350x58px
[gazebo_track_car-2] [INFO] [1781167729.094427354] [gazebo_track_car]: camera traffic-light green candidate ignored as non-lamp-shaped color patch; reason=aspect bbox=53x19px
[gazebo_track_car-2] [INFO] [1781167729.094786158] [gazebo_track_car]: camera traffic-light green candidate ignored as non-lamp-shaped color patch; reason=aspect bbox=62x10px
[gazebo_track_car-2] [INFO] [1781167729.094988328] [gazebo_track_car]: camera traffic-light green candidate ignored as non-lamp-shaped color patch; reason=aspect bbox=140x26px
[gazebo_track_car-2] [INFO] [1781167729.095228119] [gazebo_track_car]: camera traffic-light green candidate ignored as non-lamp-shaped color patch; reason=aspect bbox=163x23px
[gazebo_track_car-2] [INFO] [1781167729.095465886] [gazebo_track_car]: camera traffic-light green candidate ignored as non-lamp-shaped color patch; reason=aspect bbox=351x57px
[gazebo_track_car-2] [INFO] [1781167729.117223701] [gazebo_track_car]: camera traffic-light green candidate ignored as non-lamp-shaped color patch; reason=aspect bbox=52x19px
[gazebo_track_car-2] [INFO] [1781167729.117492997] [gazebo_track_car]: camera traffic-light green candidate ignored as non-lamp-shaped color patch; reason=aspect bbox=62x10px
[gazebo_track_car-2] [INFO] [1781167729.117676702] [gazebo_track_car]: camera traffic-light green candidate ignored as non-lamp-shaped color patch; reason=aspect bbox=135x26px
[gazebo_track_car-2] [INFO] [1781167729.117996424] [gazebo_track_car]: camera traffic-light green candidate ignored as non-lamp-shaped color patch; reason=aspect bbox=166x24px
[gazebo_track_car-2] [INFO] [1781167729.118306837] [gazebo_track_car]: camera traffic-light green candidate ignored as non-lamp-shaped color patch; reason=aspect bbox=353x57px
[gazebo_track_car-2] [INFO] [1781167729.158264998] [gazebo_track_car]: camera traffic-light green candidate ignored as non-lamp-shaped color patch; reason=aspect bbox=52x19px
[gazebo_track_car-2] [INFO] [1781167729.158544463] [gazebo_track_car]: camera traffic-light green candidate ignored as non-lamp-shaped color patch; reason=aspect bbox=63x10px
[gazebo_track_car-2] [INFO] [1781167729.158803360] [gazebo_track_car]: camera traffic-light green candidate ignored as non-lamp-shaped color patch; reason=aspect bbox=129x25px
[gazebo_track_car-2] [INFO] [1781167729.158987657] [gazebo_track_car]: camera traffic-light green candidate ignored as non-lamp-shaped color patch; reason=aspect bbox=177x25px
[gazebo_track_car-2] [INFO] [1781167729.159317597] [gazebo_track_car]: camera traffic-light green candidate ignored as non-lamp-shaped color patch; reason=aspect bbox=355x57px
[gazebo_track_car-2] [INFO] [1781167729.192776980] [gazebo_track_car]: camera traffic-light green candidate ignored as non-lamp-shaped color patch; reason=aspect bbox=51x19px
[gazebo_track_car-2] [INFO] [1781167729.193103935] [gazebo_track_car]: camera traffic-light green candidate ignored as non-lamp-shaped color patch; reason=aspect bbox=62x10px
[gazebo_track_car-2] [INFO] [1781167729.193300133] [gazebo_track_car]: camera traffic-light green candidate ignored as non-lamp-shaped color patch; reason=aspect bbox=123x24px
[gazebo_track_car-2] [INFO] [1781167729.193473219] [gazebo_track_car]: camera traffic-light green candidate ignored as non-lamp-shaped color patch; reason=aspect bbox=187x26px
[gazebo_track_car-2] [INFO] [1781167729.193639331] [gazebo_track_car]: camera traffic-light green candidate ignored as non-lamp-shaped color patch; reason=aspect bbox=354x57px
[gazebo_track_car-2] [INFO] [1781167729.228103654] [gazebo_track_car]: camera traffic-light green candidate ignored as non-lamp-shaped color patch; reason=aspect bbox=50x19px
[gazebo_track_car-2] [INFO] [1781167729.228375935] [gazebo_track_car]: camera traffic-light green candidate ignored as non-lamp-shaped color patch; reason=aspect bbox=63x9px
[gazebo_track_car-2] [INFO] [1781167729.228569379] [gazebo_track_car]: camera traffic-light green candidate ignored as non-lamp-shaped color patch; reason=aspect bbox=118x24px
[gazebo_track_car-2] [INFO] [1781167729.228832684] [gazebo_track_car]: camera traffic-light green candidate ignored as non-lamp-shaped color patch; reason=aspect bbox=190x27px
[gazebo_track_car-2] [INFO] [1781167729.229029154] [gazebo_track_car]: camera traffic-light green candidate ignored as non-lamp-shaped color patch; reason=aspect bbox=354x57px
[gazebo_track_car-2] [INFO] [1781167729.261725974] [gazebo_track_car]: camera traffic-light green candidate ignored as non-lamp-shaped color patch; reason=aspect bbox=50x20px
[gazebo_track_car-2] [INFO] [1781167729.261964833] [gazebo_track_car]: camera traffic-light green candidate ignored as non-lamp-shaped color patch; reason=aspect bbox=63x9px
[gazebo_track_car-2] [INFO] [1781167729.262141124] [gazebo_track_car]: camera traffic-light green candidate ignored as non-lamp-shaped color patch; reason=aspect bbox=112x23px
[gazebo_track_car-2] [INFO] [1781167729.262310923] [gazebo_track_car]: camera traffic-light green candidate ignored as non-lamp-shaped color patch; reason=aspect bbox=200x28px
[gazebo_track_car-2] [INFO] [1781167729.262476956] [gazebo_track_car]: camera traffic-light green candidate ignored as non-lamp-shaped color patch; reason=aspect bbox=353x57px
[gazebo_track_car-2] [INFO] [1781167729.298529805] [gazebo_track_car]: camera traffic-light green candidate ignored as non-lamp-shaped color patch; reason=aspect bbox=50x20px
[gazebo_track_car-2] [INFO] [1781167729.298770878] [gazebo_track_car]: camera traffic-light green candidate ignored as non-lamp-shaped color patch; reason=aspect bbox=63x10px
[gazebo_track_car-2] [INFO] [1781167729.298978668] [gazebo_track_car]: camera traffic-light green candidate ignored as non-lamp-shaped color patch; reason=aspect bbox=111x23px
[gazebo_track_car-2] [INFO] [1781167729.299191539] [gazebo_track_car]: camera traffic-light green candidate ignored as non-lamp-shaped color patch; reason=aspect bbox=202x28px
[gazebo_track_car-2] [INFO] [1781167729.299370004] [gazebo_track_car]: camera traffic-light green candidate ignored as non-lamp-shaped color patch; reason=aspect bbox=352x57px
[gazebo_track_car-2] [INFO] [1781167729.319728308] [gazebo_track_car]: camera traffic-light green candidate ignored as non-lamp-shaped color patch; reason=aspect bbox=51x20px
[gazebo_track_car-2] [INFO] [1781167729.320026488] [gazebo_track_car]: camera traffic-light green candidate ignored as non-lamp-shaped color patch; reason=aspect bbox=64x10px
[gazebo_track_car-2] [INFO] [1781167729.320222517] [gazebo_track_car]: camera traffic-light green candidate ignored as non-lamp-shaped color patch; reason=aspect bbox=105x22px
[gazebo_track_car-2] [INFO] [1781167729.320556324] [gazebo_track_car]: camera traffic-light green candidate ignored as non-lamp-shaped color patch; reason=aspect bbox=205x28px
[gazebo_track_car-2] [INFO] [1781167729.320796416] [gazebo_track_car]: camera traffic-light green candidate ignored as non-lamp-shaped color patch; reason=aspect bbox=352x57px
[gazebo_track_car-2] [INFO] [1781167729.389316683] [gazebo_track_car]: camera traffic-light green candidate ignored as non-lamp-shaped color patch; reason=aspect bbox=51x20px
[gazebo_track_car-2] [INFO] [1781167729.389617088] [gazebo_track_car]: camera traffic-light green candidate ignored as non-lamp-shaped color patch; reason=aspect bbox=64x10px
[gazebo_track_car-2] [INFO] [1781167729.389854925] [gazebo_track_car]: camera traffic-light green candidate ignored as non-lamp-shaped color patch; reason=aspect bbox=105x22px
[gazebo_track_car-2] [INFO] [1781167729.390039142] [gazebo_track_car]: camera traffic-light green candidate ignored as non-lamp-shaped color patch; reason=aspect bbox=214x28px
[gazebo_track_car-2] [INFO] [1781167729.390213880] [gazebo_track_car]: camera traffic-light green candidate ignored as non-lamp-shaped color patch; reason=aspect bbox=351x57px
[gazebo_track_car-2] [INFO] [1781167729.397495700] [gazebo_track_car]: camera traffic-light green candidate ignored as non-lamp-shaped color patch; reason=aspect bbox=50x20px
[gazebo_track_car-2] [INFO] [1781167729.397791777] [gazebo_track_car]: camera traffic-light green candidate ignored as non-lamp-shaped color patch; reason=aspect bbox=65x9px
[gazebo_track_car-2] [INFO] [1781167729.397988807] [gazebo_track_car]: camera traffic-light green candidate ignored as non-lamp-shaped color patch; reason=aspect bbox=216x27px
[gazebo_track_car-2] [INFO] [1781167729.398162934] [gazebo_track_car]: camera traffic-light green candidate ignored as non-lamp-shaped color patch; reason=aspect bbox=99x20px
[gazebo_track_car-2] [INFO] [1781167729.398391694] [gazebo_track_car]: camera traffic-light green candidate ignored as non-lamp-shaped color patch; reason=aspect bbox=350x57px
[gazebo_track_car-2] [INFO] [1781167729.430132126] [gazebo_track_car]: camera traffic-light green candidate ignored as non-lamp-shaped color patch; reason=aspect bbox=50x20px
[gazebo_track_car-2] [INFO] [1781167729.430413645] [gazebo_track_car]: camera traffic-light green candidate ignored as non-lamp-shaped color patch; reason=aspect bbox=66x9px
[gazebo_track_car-2] [INFO] [1781167729.430598923] [gazebo_track_car]: camera traffic-light green candidate ignored as non-lamp-shaped color patch; reason=aspect bbox=218x26px
[gazebo_track_car-2] [INFO] [1781167729.430769214] [gazebo_track_car]: camera traffic-light green candidate ignored as non-lamp-shaped color patch; reason=aspect bbox=98x20px
[gazebo_track_car-2] [INFO] [1781167729.431276297] [gazebo_track_car]: camera traffic-light green candidate ignored as non-lamp-shaped color patch; reason=aspect bbox=349x56px
[gazebo_track_car-2] [INFO] [1781167729.463200373] [gazebo_track_car]: camera traffic-light green candidate ignored as non-lamp-shaped color patch; reason=aspect bbox=120x20px
[gazebo_track_car-2] [INFO] [1781167729.463475460] [gazebo_track_car]: camera traffic-light green candidate ignored as non-lamp-shaped color patch; reason=aspect bbox=227x27px
[gazebo_track_car-2] [INFO] [1781167729.464289240] [gazebo_track_car]: camera traffic-light green candidate ignored as non-lamp-shaped color patch; reason=aspect bbox=92x19px
[gazebo_track_car-2] [INFO] [1781167729.464616095] [gazebo_track_car]: camera traffic-light green candidate ignored as non-lamp-shaped color patch; reason=aspect bbox=348x56px
[gazebo_track_car-2] [INFO] [1781167729.507336368] [gazebo_track_car]: camera traffic-light green candidate ignored as non-lamp-shaped color patch; reason=aspect bbox=50x20px
[gazebo_track_car-2] [INFO] [1781167729.507600575] [gazebo_track_car]: camera traffic-light green candidate ignored as non-lamp-shaped color patch; reason=aspect bbox=68x10px
[gazebo_track_car-2] [INFO] [1781167729.507781856] [gazebo_track_car]: camera traffic-light green candidate ignored as non-lamp-shaped color patch; reason=aspect bbox=216x26px
[gazebo_track_car-2] [INFO] [1781167729.507953248] [gazebo_track_car]: camera traffic-light green candidate ignored as non-lamp-shaped color patch; reason=aspect bbox=91x19px
[gazebo_track_car-2] [INFO] [1781167729.508262269] [gazebo_track_car]: camera traffic-light green candidate ignored as non-lamp-shaped color patch; reason=aspect bbox=348x55px
[gazebo_track_car-2] [INFO] [1781167729.517906931] [gazebo_track_car]: camera traffic-light green candidate ignored as non-lamp-shaped color patch; reason=aspect bbox=50x20px
[gazebo_track_car-2] [INFO] [1781167729.518195714] [gazebo_track_car]: camera traffic-light green candidate ignored as non-lamp-shaped color patch; reason=aspect bbox=69x10px
[gazebo_track_car-2] [INFO] [1781167729.518378157] [gazebo_track_car]: camera traffic-light green candidate ignored as non-lamp-shaped color patch; reason=aspect bbox=216x25px
[gazebo_track_car-2] [INFO] [1781167729.518550782] [gazebo_track_car]: camera traffic-light green candidate ignored as non-lamp-shaped color patch; reason=aspect bbox=84x18px
[gazebo_track_car-2] [INFO] [1781167729.518722675] [gazebo_track_car]: camera traffic-light green candidate ignored as non-lamp-shaped color patch; reason=aspect bbox=11x4px
[gazebo_track_car-2] [INFO] [1781167729.518962476] [gazebo_track_car]: camera traffic-light green candidate ignored as non-lamp-shaped color patch; reason=aspect bbox=347x55px
[gazebo_track_car-2] [INFO] [1781167729.571778228] [gazebo_track_car]: camera traffic-light green candidate ignored as non-lamp-shaped color patch; reason=aspect bbox=122x20px
[gazebo_track_car-2] [INFO] [1781167729.572146421] [gazebo_track_car]: camera traffic-light green candidate ignored as non-lamp-shaped color patch; reason=aspect bbox=209x24px
[gazebo_track_car-2] [INFO] [1781167729.572339013] [gazebo_track_car]: camera traffic-light green candidate ignored as non-lamp-shaped color patch; reason=aspect bbox=83x18px
[gazebo_track_car-2] [INFO] [1781167729.572618839] [gazebo_track_car]: camera traffic-light green candidate ignored as non-lamp-shaped color patch; reason=aspect bbox=10x3px
[gazebo_track_car-2] [INFO] [1781167729.572817723] [gazebo_track_car]: camera traffic-light green candidate ignored as non-lamp-shaped color patch; reason=aspect bbox=347x55px
[gazebo_track_car-2] [INFO] [1781167729.583843782] [gazebo_track_car]: camera traffic-light green candidate ignored as non-lamp-shaped color patch; reason=aspect bbox=50x20px
[gazebo_track_car-2] [INFO] [1781167729.584687157] [gazebo_track_car]: camera traffic-light green candidate ignored as non-lamp-shaped color patch; reason=aspect bbox=71x10px
[gazebo_track_car-2] [INFO] [1781167729.585242552] [gazebo_track_car]: camera traffic-light green candidate ignored as non-lamp-shaped color patch; reason=aspect bbox=206x24px
[gazebo_track_car-2] [INFO] [1781167729.585489055] [gazebo_track_car]: camera traffic-light green candidate ignored as non-lamp-shaped color patch; reason=aspect bbox=82x17px
[gazebo_track_car-2] [INFO] [1781167729.585913824] [gazebo_track_car]: camera traffic-light green candidate ignored as non-lamp-shaped color patch; reason=aspect bbox=15x4px
[gazebo_track_car-2] [INFO] [1781167729.586165527] [gazebo_track_car]: camera traffic-light green candidate ignored as non-lamp-shaped color patch; reason=aspect bbox=347x54px
[gazebo_track_car-2] [INFO] [1781167729.619157031] [gazebo_track_car]: camera traffic-light green candidate ignored as non-lamp-shaped color patch; reason=aspect bbox=50x19px
[gazebo_track_car-2] [INFO] [1781167729.619450392] [gazebo_track_car]: camera traffic-light green candidate ignored as non-lamp-shaped color patch; reason=aspect bbox=71x10px
[gazebo_track_car-2] [INFO] [1781167729.619663703] [gazebo_track_car]: camera traffic-light green candidate ignored as non-lamp-shaped color patch; reason=aspect bbox=195x23px
[gazebo_track_car-2] [INFO] [1781167729.619885190] [gazebo_track_car]: camera traffic-light green candidate ignored as non-lamp-shaped color patch; reason=aspect bbox=81x17px
[gazebo_track_car-2] [INFO] [1781167729.620081659] [gazebo_track_car]: camera traffic-light green candidate ignored as non-lamp-shaped color patch; reason=aspect bbox=15x4px
[gazebo_track_car-2] [INFO] [1781167729.620315939] [gazebo_track_car]: camera traffic-light green candidate ignored as non-lamp-shaped color patch; reason=aspect bbox=345x54px
[gazebo_track_car-2] [INFO] [1781167729.667757409] [gazebo_track_car]: camera traffic-light green candidate ignored as non-lamp-shaped color patch; reason=aspect bbox=50x19px
[gazebo_track_car-2] [INFO] [1781167729.668220570] [gazebo_track_car]: camera traffic-light green candidate ignored as non-lamp-shaped color patch; reason=aspect bbox=72x10px
[gazebo_track_car-2] [INFO] [1781167729.668402542] [gazebo_track_car]: camera traffic-light green candidate ignored as non-lamp-shaped color patch; reason=aspect bbox=197x23px
[gazebo_track_car-2] [INFO] [1781167729.668571540] [gazebo_track_car]: camera traffic-light green candidate ignored as non-lamp-shaped color patch; reason=aspect bbox=75x16px
[gazebo_track_car-2] [INFO] [1781167729.668817693] [gazebo_track_car]: camera traffic-light green candidate ignored as non-lamp-shaped color patch; reason=aspect bbox=9x3px
[gazebo_track_car-2] [INFO] [1781167729.669103550] [gazebo_track_car]: camera traffic-light green candidate ignored as non-lamp-shaped color patch; reason=aspect bbox=344x53px
[gazebo_track_car-2] [INFO] [1781167729.684091928] [gazebo_track_car]: camera traffic-light green candidate ignored as non-lamp-shaped color patch; reason=aspect bbox=50x19px
[gazebo_track_car-2] [INFO] [1781167729.684354201] [gazebo_track_car]: camera traffic-light green candidate ignored as non-lamp-shaped color patch; reason=aspect bbox=73x11px
[gazebo_track_car-2] [INFO] [1781167729.684666328] [gazebo_track_car]: camera traffic-light green candidate ignored as non-lamp-shaped color patch; reason=aspect bbox=187x22px
[gazebo_track_car-2] [INFO] [1781167729.684884668] [gazebo_track_car]: camera traffic-light green candidate ignored as non-lamp-shaped color patch; reason=aspect bbox=73x16px
[gazebo_track_car-2] [INFO] [1781167729.685066410] [gazebo_track_car]: camera traffic-light green candidate ignored as non-lamp-shaped color patch; reason=aspect bbox=13x4px
[gazebo_track_car-2] [INFO] [1781167729.685523199] [gazebo_track_car]: camera traffic-light green candidate ignored as non-lamp-shaped color patch; reason=aspect bbox=344x52px
[gazebo_track_car-2] [WARN] [1781167729.705248011] [gazebo_track_car]: JITTER events=12 reasons=speed_delta=0.130m/s pos=(+2.184,+1.969) step=0.0036/0.0239m yaw=0.004/0.000rad route=flat_left_mid_to_top_reverse
[gazebo_track_car-2] [INFO] [1781167729.716864720] [gazebo_track_car]: camera traffic-light green candidate ignored as non-lamp-shaped color patch; reason=aspect bbox=127x19px
[gazebo_track_car-2] [INFO] [1781167729.717553535] [gazebo_track_car]: camera traffic-light green candidate ignored as non-lamp-shaped color patch; reason=aspect bbox=189x22px
[gazebo_track_car-2] [INFO] [1781167729.717910947] [gazebo_track_car]: camera traffic-light green candidate ignored as non-lamp-shaped color patch; reason=aspect bbox=72x15px
[gazebo_track_car-2] [INFO] [1781167729.718182227] [gazebo_track_car]: camera traffic-light green candidate ignored as non-lamp-shaped color patch; reason=aspect bbox=9x3px
[gazebo_track_car-2] [INFO] [1781167729.718422989] [gazebo_track_car]: camera traffic-light green candidate ignored as non-lamp-shaped color patch; reason=aspect bbox=343x52px
[gazebo_track_car-2] [INFO] [1781167729.759634637] [gazebo_track_car]: camera traffic-light green candidate ignored as non-lamp-shaped color patch; reason=aspect bbox=129x19px
[gazebo_track_car-2] [INFO] [1781167729.760378555] [gazebo_track_car]: camera traffic-light green candidate ignored as non-lamp-shaped color patch; reason=aspect bbox=177x21px
[gazebo_track_car-2] [INFO] [1781167729.760898032] [gazebo_track_car]: camera traffic-light green candidate ignored as non-lamp-shaped color patch; reason=aspect bbox=71x15px
[gazebo_track_car-2] [INFO] [1781167729.761367164] [gazebo_track_car]: camera traffic-light green candidate ignored as non-lamp-shaped color patch; reason=aspect bbox=343x52px
[gazebo_track_car-2] [INFO] [1781167729.796576317] [gazebo_track_car]: camera traffic-light green candidate ignored as non-lamp-shaped color patch; reason=aspect bbox=130x19px
[gazebo_track_car-2] [INFO] [1781167729.796875920] [gazebo_track_car]: camera traffic-light green candidate ignored as non-lamp-shaped color patch; reason=aspect bbox=187x22px
[gazebo_track_car-2] [INFO] [1781167729.797329553] [gazebo_track_car]: camera traffic-light green candidate ignored as non-lamp-shaped color patch; reason=aspect bbox=70x15px
[gazebo_track_car-2] [INFO] [1781167729.797738592] [gazebo_track_car]: camera traffic-light green candidate ignored as non-lamp-shaped color patch; reason=aspect bbox=9x3px
[gazebo_track_car-2] [INFO] [1781167729.798016675] [gazebo_track_car]: camera traffic-light green candidate ignored as non-lamp-shaped color patch; reason=aspect bbox=342x51px
[gazebo_track_car-2] [INFO] [1781167729.840794977] [gazebo_track_car]: camera traffic-light green candidate ignored as non-lamp-shaped color patch; reason=aspect bbox=179x22px
[gazebo_track_car-2] [INFO] [1781167729.841057190] [gazebo_track_car]: camera traffic-light green candidate ignored as non-lamp-shaped color patch; reason=aspect bbox=51x20px
[gazebo_track_car-2] [INFO] [1781167729.841337838] [gazebo_track_car]: camera traffic-light green candidate ignored as non-lamp-shaped color patch; reason=aspect bbox=78x12px
[gazebo_track_car-2] [INFO] [1781167729.841530230] [gazebo_track_car]: camera traffic-light green candidate ignored as non-lamp-shaped color patch; reason=aspect bbox=63x14px
[gazebo_track_car-2] [INFO] [1781167729.841759801] [gazebo_track_car]: camera traffic-light green candidate ignored as non-lamp-shaped color patch; reason=aspect bbox=13x4px
[gazebo_track_car-2] [INFO] [1781167729.841938257] [gazebo_track_car]: camera traffic-light green candidate ignored as non-lamp-shaped color patch; reason=aspect bbox=341x50px
[gazebo_track_car-2] [INFO] [1781167729.856852475] [gazebo_track_car]: camera traffic-light green candidate ignored as non-lamp-shaped color patch; reason=aspect bbox=181x22px
[gazebo_track_car-2] [INFO] [1781167729.857120670] [gazebo_track_car]: camera traffic-light green candidate ignored as non-lamp-shaped color patch; reason=aspect bbox=51x20px
[gazebo_track_car-2] [INFO] [1781167729.857331997] [gazebo_track_car]: camera traffic-light green candidate ignored as non-lamp-shaped color patch; reason=aspect bbox=79x12px
[gazebo_track_car-2] [INFO] [1781167729.857504892] [gazebo_track_car]: camera traffic-light green candidate ignored as non-lamp-shaped color patch; reason=aspect bbox=61x13px
[gazebo_track_car-2] [INFO] [1781167729.857859108] [gazebo_track_car]: camera traffic-light green candidate ignored as non-lamp-shaped color patch; reason=aspect bbox=340x49px
[gazebo_track_car-2] [INFO] [1781167729.891963513] [gazebo_track_car]: camera traffic-light green candidate ignored as non-lamp-shaped color patch; reason=aspect bbox=183x22px
[gazebo_track_car-2] [INFO] [1781167729.892261975] [gazebo_track_car]: camera traffic-light green candidate ignored as non-lamp-shaped color patch; reason=aspect bbox=135x20px
[gazebo_track_car-2] [INFO] [1781167729.892453735] [gazebo_track_car]: camera traffic-light green candidate ignored as non-lamp-shaped color patch; reason=aspect bbox=59x13px
[gazebo_track_car-2] [INFO] [1781167729.892667667] [gazebo_track_car]: camera traffic-light green candidate ignored as non-lamp-shaped color patch; reason=aspect bbox=9x3px
[gazebo_track_car-2] [INFO] [1781167729.893114678] [gazebo_track_car]: camera traffic-light green candidate ignored as non-lamp-shaped color patch; reason=aspect bbox=339x49px
[gazebo_track_car-2] [INFO] [1781167729.923379094] [gazebo_track_car]: camera traffic-light green candidate ignored as non-lamp-shaped color patch; reason=aspect bbox=184x22px
[gazebo_track_car-2] [INFO] [1781167729.923655534] [gazebo_track_car]: camera traffic-light green candidate ignored as non-lamp-shaped color patch; reason=aspect bbox=51x20px
[gazebo_track_car-2] [INFO] [1781167729.923838377] [gazebo_track_car]: camera traffic-light green candidate ignored as non-lamp-shaped color patch; reason=aspect bbox=82x13px
[gazebo_track_car-2] [INFO] [1781167729.924009519] [gazebo_track_car]: camera traffic-light green candidate ignored as non-lamp-shaped color patch; reason=aspect bbox=57x13px
[gazebo_track_car-2] [INFO] [1781167729.924177856] [gazebo_track_car]: camera traffic-light green candidate ignored as non-lamp-shaped color patch; reason=aspect bbox=11x3px
[gazebo_track_car-2] [INFO] [1781167729.924397749] [gazebo_track_car]: camera traffic-light green candidate ignored as non-lamp-shaped color patch; reason=aspect bbox=338x48px
[gazebo_track_car-2] [INFO] [1781167729.956523055] [gazebo_track_car]: camera traffic-light green candidate ignored as non-lamp-shaped color patch; reason=aspect bbox=173x21px
[gazebo_track_car-2] [INFO] [1781167729.956746014] [gazebo_track_car]: camera traffic-light green candidate ignored as non-lamp-shaped color patch; reason=aspect bbox=139x20px
[gazebo_track_car-2] [INFO] [1781167729.957003228] [gazebo_track_car]: camera traffic-light green candidate ignored as non-lamp-shaped color patch; reason=aspect bbox=55x12px
[gazebo_track_car-2] [INFO] [1781167729.957205067] [gazebo_track_car]: camera traffic-light green candidate ignored as non-lamp-shaped color patch; reason=aspect bbox=337x47px
[gazebo_track_car-2] [INFO] [1781167729.995559503] [gazebo_track_car]: camera traffic-light green candidate ignored as non-lamp-shaped color patch; reason=aspect bbox=173x21px
[gazebo_track_car-2] [INFO] [1781167729.995841594] [gazebo_track_car]: camera traffic-light green candidate ignored as non-lamp-shaped color patch; reason=aspect bbox=52x20px
[gazebo_track_car-2] [INFO] [1781167729.996024898] [gazebo_track_car]: camera traffic-light green candidate ignored as non-lamp-shaped color patch; reason=aspect bbox=86x14px
[gazebo_track_car-2] [INFO] [1781167729.996199236] [gazebo_track_car]: camera traffic-light green candidate ignored as non-lamp-shaped color patch; reason=aspect bbox=52x12px
[gazebo_track_car-2] [INFO] [1781167729.996369065] [gazebo_track_car]: camera traffic-light green candidate ignored as non-lamp-shaped color patch; reason=aspect bbox=336x46px
[gazebo_track_car-2] [INFO] [1781167730.024926896] [gazebo_track_car]: camera traffic-light green candidate ignored as non-lamp-shaped color patch; reason=aspect bbox=174x21px
[gazebo_track_car-2] [INFO] [1781167730.025199248] [gazebo_track_car]: camera traffic-light green candidate ignored as non-lamp-shaped color patch; reason=aspect bbox=52x21px
[gazebo_track_car-2] [INFO] [1781167730.025568051] [gazebo_track_car]: camera traffic-light green candidate ignored as non-lamp-shaped color patch; reason=aspect bbox=88x14px
[gazebo_track_car-2] [INFO] [1781167730.025994473] [gazebo_track_car]: camera traffic-light green candidate ignored as non-lamp-shaped color patch; reason=aspect bbox=50x11px
[gazebo_track_car-2] [INFO] [1781167730.026605652] [gazebo_track_car]: camera traffic-light green candidate ignored as non-lamp-shaped color patch; reason=aspect bbox=335x45px
[gazebo_track_car-2] [INFO] [1781167730.068049501] [gazebo_track_car]: camera traffic-light green candidate ignored as non-lamp-shaped color patch; reason=aspect bbox=175x21px
[gazebo_track_car-2] [INFO] [1781167730.068346870] [gazebo_track_car]: camera traffic-light green candidate ignored as non-lamp-shaped color patch; reason=aspect bbox=145x21px
[gazebo_track_car-2] [INFO] [1781167730.068541796] [gazebo_track_car]: camera traffic-light green candidate ignored as non-lamp-shaped color patch; reason=aspect bbox=47x11px
[gazebo_track_car-2] [INFO] [1781167730.069044521] [gazebo_track_car]: camera traffic-light green candidate ignored as non-lamp-shaped color patch; reason=fill bbox=62x44px
[gazebo_track_car-2] [INFO] [1781167730.069237264] [gazebo_track_car]: camera traffic-light green candidate ignored as non-lamp-shaped color patch; reason=aspect bbox=275x44px
[gazebo_track_car-2] [INFO] [1781167730.069421390] [gazebo_track_car]: camera traffic light is RED score=45.8 area=54px bbox=8x8px fill=0.84 center=(614,222)
[gazebo_track_car-2] [INFO] [1781167730.099722399] [gazebo_track_car]: camera traffic-light green candidate ignored as non-lamp-shaped color patch; reason=aspect bbox=175x21px
[gazebo_track_car-2] [INFO] [1781167730.099996304] [gazebo_track_car]: camera traffic-light green candidate ignored as non-lamp-shaped color patch; reason=aspect bbox=52x21px
[gazebo_track_car-2] [INFO] [1781167730.100181452] [gazebo_track_car]: camera traffic-light green candidate ignored as non-lamp-shaped color patch; reason=aspect bbox=92x16px
[gazebo_track_car-2] [INFO] [1781167730.100496093] [gazebo_track_car]: camera traffic-light green candidate ignored as non-lamp-shaped color patch; reason=aspect bbox=45x11px
[gazebo_track_car-2] [INFO] [1781167730.100697181] [gazebo_track_car]: camera traffic-light green candidate ignored as non-lamp-shaped color patch; reason=aspect bbox=8x3px
[gazebo_track_car-2] [INFO] [1781167730.100872491] [gazebo_track_car]: camera traffic-light green candidate ignored as non-lamp-shaped color patch; reason=fill bbox=56x43px
[gazebo_track_car-2] [INFO] [1781167730.101112282] [gazebo_track_car]: camera traffic-light green candidate ignored as non-lamp-shaped color patch; reason=aspect bbox=274x44px
[gazebo_track_car-2] [INFO] [1781167730.121251346] [gazebo_track_car]: camera traffic-light green candidate ignored as non-lamp-shaped color patch; reason=aspect bbox=175x21px
[gazebo_track_car-2] [INFO] [1781167730.121991628] [gazebo_track_car]: camera traffic-light green candidate ignored as non-lamp-shaped color patch; reason=aspect bbox=53x21px
[gazebo_track_car-2] [INFO] [1781167730.122238662] [gazebo_track_car]: camera traffic-light green candidate ignored as non-lamp-shaped color patch; reason=aspect bbox=95x16px
[gazebo_track_car-2] [INFO] [1781167730.122427467] [gazebo_track_car]: camera traffic-light green candidate ignored as non-lamp-shaped color patch; reason=aspect bbox=47x11px
[gazebo_track_car-2] [INFO] [1781167730.122789718] [gazebo_track_car]: camera traffic-light green candidate ignored as non-lamp-shaped color patch; reason=aspect bbox=271x43px
[gazebo_track_car-2] [INFO] [1781167730.123242169] [gazebo_track_car]: camera traffic light is GREEN score=383.8 area=1287px bbox=51x42px fill=0.60 center=(614,363)
[gazebo_track_car-2] [INFO] [1781167730.157724079] [gazebo_track_car]: camera traffic-light green candidate ignored as non-lamp-shaped color patch; reason=aspect bbox=175x21px
[gazebo_track_car-2] [INFO] [1781167730.158012371] [gazebo_track_car]: camera traffic-light green candidate ignored as non-lamp-shaped color patch; reason=aspect bbox=53x21px
[gazebo_track_car-2] [INFO] [1781167730.158195345] [gazebo_track_car]: camera traffic-light green candidate ignored as non-lamp-shaped color patch; reason=aspect bbox=97x17px
[gazebo_track_car-2] [INFO] [1781167730.158368380] [gazebo_track_car]: camera traffic-light green candidate ignored as non-lamp-shaped color patch; reason=aspect bbox=44x10px
[gazebo_track_car-2] [INFO] [1781167730.158536957] [gazebo_track_car]: camera traffic-light green candidate ignored as non-lamp-shaped color patch; reason=aspect bbox=8x3px
[gazebo_track_car-2] [INFO] [1781167730.158706025] [gazebo_track_car]: camera traffic-light green candidate ignored as non-lamp-shaped color patch; reason=aspect bbox=269x42px
[gazebo_track_car-2] [INFO] [1781167730.204607354] [gazebo_track_car]: camera traffic-light green candidate ignored as non-lamp-shaped color patch; reason=aspect bbox=175x21px
[gazebo_track_car-2] [INFO] [1781167730.205069844] [gazebo_track_car]: camera traffic-light green candidate ignored as non-lamp-shaped color patch; reason=aspect bbox=54x22px
[gazebo_track_car-2] [INFO] [1781167730.205266674] [gazebo_track_car]: camera traffic-light green candidate ignored as non-lamp-shaped color patch; reason=aspect bbox=99x18px
[gazebo_track_car-2] [INFO] [1781167730.205436513] [gazebo_track_car]: camera traffic-light green candidate ignored as non-lamp-shaped color patch; reason=aspect bbox=41x10px
[gazebo_track_car-2] [INFO] [1781167730.205603197] [gazebo_track_car]: camera traffic-light green candidate ignored as non-lamp-shaped color patch; reason=aspect bbox=8x3px
[gazebo_track_car-2] [INFO] [1781167730.205836676] [gazebo_track_car]: camera traffic-light green candidate ignored as non-lamp-shaped color patch; reason=aspect bbox=266x41px
[gazebo_track_car-2] [INFO] [1781167730.230460341] [gazebo_track_car]: camera traffic-light green candidate ignored as non-lamp-shaped color patch; reason=aspect bbox=175x21px
[gazebo_track_car-2] [INFO] [1781167730.230748182] [gazebo_track_car]: camera traffic-light green candidate ignored as non-lamp-shaped color patch; reason=aspect bbox=53x22px
[gazebo_track_car-2] [INFO] [1781167730.230971762] [gazebo_track_car]: camera traffic-light green candidate ignored as non-lamp-shaped color patch; reason=aspect bbox=102x18px
[gazebo_track_car-2] [INFO] [1781167730.231166589] [gazebo_track_car]: camera traffic-light green candidate ignored as non-lamp-shaped color patch; reason=aspect bbox=37x9px
[gazebo_track_car-2] [INFO] [1781167730.231518721] [gazebo_track_car]: camera traffic-light green candidate ignored as non-lamp-shaped color patch; reason=aspect bbox=263x40px
[gazebo_track_car-2] [INFO] [1781167730.260449523] [gazebo_track_car]: camera traffic-light green candidate ignored as non-lamp-shaped color patch; reason=aspect bbox=174x21px
[gazebo_track_car-2] [INFO] [1781167730.260753836] [gazebo_track_car]: camera traffic-light green candidate ignored as non-lamp-shaped color patch; reason=aspect bbox=53x22px
[gazebo_track_car-2] [INFO] [1781167730.261025446] [gazebo_track_car]: camera traffic-light green candidate ignored as non-lamp-shaped color patch; reason=aspect bbox=105x19px
[gazebo_track_car-2] [INFO] [1781167730.261221134] [gazebo_track_car]: camera traffic-light green candidate ignored as non-lamp-shaped color patch; reason=aspect bbox=34x8px
[gazebo_track_car-2] [INFO] [1781167730.261652305] [gazebo_track_car]: camera traffic-light green candidate ignored as non-lamp-shaped color patch; reason=aspect bbox=260x38px
[gazebo_track_car-2] [INFO] [1781167730.295687464] [gazebo_track_car]: camera traffic-light green candidate ignored as non-lamp-shaped color patch; reason=aspect bbox=174x22px
[gazebo_track_car-2] [INFO] [1781167730.296322207] [gazebo_track_car]: camera traffic-light green candidate ignored as non-lamp-shaped color patch; reason=aspect bbox=108x20px
[gazebo_track_car-2] [INFO] [1781167730.296530659] [gazebo_track_car]: camera traffic-light green candidate ignored as non-lamp-shaped color patch; reason=aspect bbox=30x8px
[gazebo_track_car-2] [INFO] [1781167730.296977149] [gazebo_track_car]: camera traffic-light green candidate ignored as non-lamp-shaped color patch; reason=aspect bbox=257x37px
[gazebo_track_car-2] [INFO] [1781167730.332682679] [gazebo_track_car]: camera traffic-light green candidate ignored as non-lamp-shaped color patch; reason=aspect bbox=179x22px
[gazebo_track_car-2] [INFO] [1781167730.333136412] [gazebo_track_car]: camera traffic-light green candidate ignored as non-lamp-shaped color patch; reason=aspect bbox=110x21px
[gazebo_track_car-2] [INFO] [1781167730.333327191] [gazebo_track_car]: camera traffic-light green candidate ignored as non-lamp-shaped color patch; reason=aspect bbox=27x8px
[gazebo_track_car-2] [INFO] [1781167730.333502040] [gazebo_track_car]: camera traffic-light green candidate ignored as non-lamp-shaped color patch; reason=aspect bbox=254x36px
[gazebo_track_car-2] [INFO] [1781167730.372368964] [gazebo_track_car]: camera traffic-light green candidate ignored as non-lamp-shaped color patch; reason=aspect bbox=173x22px
[gazebo_track_car-2] [INFO] [1781167730.372938756] [gazebo_track_car]: camera traffic-light green candidate ignored as non-lamp-shaped color patch; reason=aspect bbox=111x21px
[gazebo_track_car-2] [INFO] [1781167730.373470886] [gazebo_track_car]: camera traffic-light green candidate ignored as non-lamp-shaped color patch; reason=aspect bbox=27x8px
[gazebo_track_car-2] [INFO] [1781167730.373859907] [gazebo_track_car]: camera traffic-light green candidate ignored as non-lamp-shaped color patch; reason=aspect bbox=254x36px
[gazebo_track_car-2] [INFO] [1781167730.429197688] [gazebo_track_car]: camera traffic-light green candidate ignored as non-lamp-shaped color patch; reason=aspect bbox=172x22px
[gazebo_track_car-2] [INFO] [1781167730.429825939] [gazebo_track_car]: camera traffic-light green candidate ignored as non-lamp-shaped color patch; reason=aspect bbox=111x21px
[gazebo_track_car-2] [INFO] [1781167730.430033890] [gazebo_track_car]: camera traffic-light green candidate ignored as non-lamp-shaped color patch; reason=aspect bbox=27x8px
[gazebo_track_car-2] [INFO] [1781167730.430353420] [gazebo_track_car]: camera traffic-light green candidate ignored as non-lamp-shaped color patch; reason=aspect bbox=254x36px
[gazebo_track_car-2] [INFO] [1781167730.439395761] [gazebo_track_car]: camera traffic-light green candidate ignored as non-lamp-shaped color patch; reason=aspect bbox=172x22px
[gazebo_track_car-2] [INFO] [1781167730.440231633] [gazebo_track_car]: camera traffic-light green candidate ignored as non-lamp-shaped color patch; reason=aspect bbox=111x21px
[gazebo_track_car-2] [INFO] [1781167730.440478547] [gazebo_track_car]: camera traffic-light green candidate ignored as non-lamp-shaped color patch; reason=aspect bbox=26x8px
[gazebo_track_car-2] [INFO] [1781167730.440893487] [gazebo_track_car]: camera traffic-light green candidate ignored as non-lamp-shaped color patch; reason=aspect bbox=253x36px
[gazebo_track_car-2] [INFO] [1781167730.476745051] [gazebo_track_car]: camera traffic-light green candidate ignored as non-lamp-shaped color patch; reason=aspect bbox=169x22px
[gazebo_track_car-2] [INFO] [1781167730.477169790] [gazebo_track_car]: camera traffic-light green candidate ignored as non-lamp-shaped color patch; reason=aspect bbox=114x21px
[gazebo_track_car-2] [INFO] [1781167730.477355740] [gazebo_track_car]: camera traffic-light green candidate ignored as non-lamp-shaped color patch; reason=aspect bbox=23x7px
[gazebo_track_car-2] [INFO] [1781167730.478044184] [gazebo_track_car]: camera traffic-light green candidate ignored as non-lamp-shaped color patch; reason=aspect bbox=251x35px
[gazebo_track_car-2] [INFO] [1781167730.505308594] [gazebo_track_car]: camera traffic-light green candidate ignored as non-lamp-shaped color patch; reason=aspect bbox=169x22px
[gazebo_track_car-2] [INFO] [1781167730.505594021] [gazebo_track_car]: camera traffic-light green candidate ignored as non-lamp-shaped color patch; reason=aspect bbox=56x22px
[gazebo_track_car-2] [INFO] [1781167730.505780542] [gazebo_track_car]: camera traffic-light green candidate ignored as non-lamp-shaped color patch; reason=aspect bbox=118x22px
[gazebo_track_car-2] [INFO] [1781167730.505967653] [gazebo_track_car]: camera traffic-light green candidate ignored as non-lamp-shaped color patch; reason=aspect bbox=24x6px
[gazebo_track_car-2] [INFO] [1781167730.506142312] [gazebo_track_car]: camera traffic-light green candidate ignored as non-lamp-shaped color patch; reason=aspect bbox=247x34px
[gazebo_track_car-2] [INFO] [1781167730.526030173] [gazebo_track_car]: camera traffic-light green candidate ignored as non-lamp-shaped color patch; reason=aspect bbox=56x22px
[gazebo_track_car-2] [INFO] [1781167730.526788609] [gazebo_track_car]: camera traffic-light green candidate ignored as non-lamp-shaped color patch; reason=aspect bbox=120x22px
[gazebo_track_car-2] [INFO] [1781167730.527039671] [gazebo_track_car]: camera traffic-light green candidate ignored as non-lamp-shaped color patch; reason=aspect bbox=186x21px
[gazebo_track_car-2] [INFO] [1781167730.527652242] [gazebo_track_car]: camera traffic-light green candidate ignored as non-lamp-shaped color patch; reason=aspect bbox=20x6px
[gazebo_track_car-2] [INFO] [1781167730.527903695] [gazebo_track_car]: camera traffic-light green candidate ignored as non-lamp-shaped color patch; reason=aspect bbox=244x32px
[gazebo_track_car-2] [INFO] [1781167730.561481335] [gazebo_track_car]: camera traffic-light green candidate ignored as non-lamp-shaped color patch; reason=aspect bbox=55x22px
[gazebo_track_car-2] [INFO] [1781167730.562372410] [gazebo_track_car]: camera traffic-light green candidate ignored as non-lamp-shaped color patch; reason=aspect bbox=120x22px
[gazebo_track_car-2] [INFO] [1781167730.563155342] [gazebo_track_car]: camera traffic-light green candidate ignored as non-lamp-shaped color patch; reason=aspect bbox=161x21px
[gazebo_track_car-2] [INFO] [1781167730.563681471] [gazebo_track_car]: camera traffic-light green candidate ignored as non-lamp-shaped color patch; reason=aspect bbox=19x6px
[gazebo_track_car-2] [INFO] [1781167730.564094217] [gazebo_track_car]: camera traffic-light green candidate ignored as non-lamp-shaped color patch; reason=aspect bbox=244x33px
[gazebo_track_car-2] [INFO] [1781167730.602128094] [gazebo_track_car]: camera traffic-light green candidate ignored as non-lamp-shaped color patch; reason=aspect bbox=55x22px
[gazebo_track_car-2] [INFO] [1781167730.602394265] [gazebo_track_car]: camera traffic-light green candidate ignored as non-lamp-shaped color patch; reason=aspect bbox=120x22px
[gazebo_track_car-2] [INFO] [1781167730.602577850] [gazebo_track_car]: camera traffic-light green candidate ignored as non-lamp-shaped color patch; reason=aspect bbox=161x21px
[gazebo_track_car-2] [INFO] [1781167730.602755604] [gazebo_track_car]: camera traffic-light green candidate ignored as non-lamp-shaped color patch; reason=aspect bbox=19x6px
[gazebo_track_car-2] [INFO] [1781167730.602927417] [gazebo_track_car]: camera traffic-light green candidate ignored as non-lamp-shaped color patch; reason=aspect bbox=244x33px
[gazebo_track_car-2] [INFO] [1781167730.637137666] [gazebo_track_car]: camera traffic-light green candidate ignored as non-lamp-shaped color patch; reason=aspect bbox=121x22px
[gazebo_track_car-2] [INFO] [1781167730.637434304] [gazebo_track_car]: camera traffic-light green candidate ignored as non-lamp-shaped color patch; reason=aspect bbox=163x21px
[gazebo_track_car-2] [INFO] [1781167730.637648697] [gazebo_track_car]: camera traffic-light green candidate ignored as non-lamp-shaped color patch; reason=aspect bbox=19x6px
[gazebo_track_car-2] [INFO] [1781167730.637832062] [gazebo_track_car]: camera traffic-light green candidate ignored as non-lamp-shaped color patch; reason=aspect bbox=244x32px
[gazebo_track_car-2] [INFO] [1781167730.660637398] [gazebo_track_car]: camera traffic-light green candidate ignored as non-lamp-shaped color patch; reason=aspect bbox=121x22px
[gazebo_track_car-2] [INFO] [1781167730.661379153] [gazebo_track_car]: camera traffic-light green candidate ignored as non-lamp-shaped color patch; reason=aspect bbox=160x21px
[gazebo_track_car-2] [INFO] [1781167730.661774667] [gazebo_track_car]: camera traffic-light green candidate ignored as non-lamp-shaped color patch; reason=aspect bbox=18x6px
[gazebo_track_car-2] [INFO] [1781167730.662176362] [gazebo_track_car]: camera traffic-light green candidate ignored as non-lamp-shaped color patch; reason=aspect bbox=244x32px
[gazebo_track_car-2] [INFO] [1781167730.692222311] [gazebo_track_car]: camera traffic-light green candidate ignored as non-lamp-shaped color patch; reason=aspect bbox=121x22px
[gazebo_track_car-2] [INFO] [1781167730.692501265] [gazebo_track_car]: camera traffic-light green candidate ignored as non-lamp-shaped color patch; reason=aspect bbox=162x21px
[gazebo_track_car-2] [INFO] [1781167730.693097076] [gazebo_track_car]: camera traffic-light green candidate ignored as non-lamp-shaped color patch; reason=aspect bbox=18x6px
[gazebo_track_car-2] [INFO] [1781167730.693344631] [gazebo_track_car]: camera traffic-light green candidate ignored as non-lamp-shaped color patch; reason=aspect bbox=244x32px
[gazebo_track_car-2] [INFO] [1781167730.750958432] [gazebo_track_car]: camera traffic-light green candidate ignored as non-lamp-shaped color patch; reason=aspect bbox=56x23px
[gazebo_track_car-2] [INFO] [1781167730.751241304] [gazebo_track_car]: camera traffic-light green candidate ignored as non-lamp-shaped color patch; reason=aspect bbox=122x22px
[gazebo_track_car-2] [INFO] [1781167730.751423286] [gazebo_track_car]: camera traffic-light green candidate ignored as non-lamp-shaped color patch; reason=aspect bbox=165x21px
[gazebo_track_car-2] [INFO] [1781167730.751705757] [gazebo_track_car]: camera traffic-light green candidate ignored as non-lamp-shaped color patch; reason=aspect bbox=17x5px
[gazebo_track_car-2] [INFO] [1781167730.752121639] [gazebo_track_car]: camera traffic-light green candidate ignored as non-lamp-shaped color patch; reason=aspect bbox=243x32px
[gazebo_track_car-2] [INFO] [1781167730.777033796] [gazebo_track_car]: camera traffic-light green candidate ignored as non-lamp-shaped color patch; reason=aspect bbox=56x23px
[gazebo_track_car-2] [INFO] [1781167730.777321728] [gazebo_track_car]: camera traffic-light green candidate ignored as non-lamp-shaped color patch; reason=aspect bbox=124x22px
[gazebo_track_car-2] [INFO] [1781167730.777505333] [gazebo_track_car]: camera traffic-light green candidate ignored as non-lamp-shaped color patch; reason=aspect bbox=180x21px
[gazebo_track_car-2] [INFO] [1781167730.777703766] [gazebo_track_car]: camera traffic-light green candidate ignored as non-lamp-shaped color patch; reason=aspect bbox=14x5px
[gazebo_track_car-2] [INFO] [1781167730.777877913] [gazebo_track_car]: camera traffic-light green candidate ignored as non-lamp-shaped color patch; reason=aspect bbox=240x31px
[gazebo_track_car-2] [INFO] [1781167730.798855764] [gazebo_track_car]: MOTION pos=(+2.188,+1.762) yaw=-1.603 v=0.279 step_err=0.0215m/0.000rad track_err=0.0107m footprint=road:6.00px route=flat_left_mid_to_top_reverse cmd_vel=(0.278,+0.014)
[gazebo_track_car-2] [INFO] [1781167730.809792707] [gazebo_track_car]: camera traffic-light green candidate ignored as non-lamp-shaped color patch; reason=aspect bbox=57x23px
[gazebo_track_car-2] [INFO] [1781167730.810082221] [gazebo_track_car]: camera traffic-light green candidate ignored as non-lamp-shaped color patch; reason=aspect bbox=129x22px
[gazebo_track_car-2] [INFO] [1781167730.810273861] [gazebo_track_car]: camera traffic-light green candidate ignored as non-lamp-shaped color patch; reason=aspect bbox=161x21px
[gazebo_track_car-2] [INFO] [1781167730.810617978] [gazebo_track_car]: camera traffic-light green candidate ignored as non-lamp-shaped color patch; reason=aspect bbox=11x3px
[gazebo_track_car-2] [INFO] [1781167730.810995478] [gazebo_track_car]: camera traffic-light green candidate ignored as non-lamp-shaped color patch; reason=aspect bbox=236x29px
[gazebo_track_car-2] [INFO] [1781167730.811248514] [gazebo_track_car]: camera traffic-light green candidate ignored as non-lamp-shaped color patch; reason=aspect bbox=67x26px
[gazebo_track_car-2] [INFO] [1781167730.811441987] [gazebo_track_car]: camera traffic light is RED score=62.5 area=74px bbox=10x9px fill=0.82 center=(614,221)
[gazebo_track_car-2] [INFO] [1781167730.840550324] [gazebo_track_car]: camera traffic-light green candidate ignored as non-lamp-shaped color patch; reason=aspect bbox=10x4px
[gazebo_track_car-2] [INFO] [1781167730.841407696] [gazebo_track_car]: camera traffic-light green candidate ignored as non-lamp-shaped color patch; reason=aspect bbox=57x23px
[gazebo_track_car-2] [INFO] [1781167730.841822336] [gazebo_track_car]: camera traffic-light green candidate ignored as non-lamp-shaped color patch; reason=aspect bbox=133x22px
[gazebo_track_car-2] [INFO] [1781167730.842066946] [gazebo_track_car]: camera traffic-light green candidate ignored as non-lamp-shaped color patch; reason=aspect bbox=154x21px
[gazebo_track_car-2] [INFO] [1781167730.842249359] [gazebo_track_car]: camera traffic-light green candidate ignored as non-lamp-shaped color patch; reason=aspect bbox=8x3px
[gazebo_track_car-2] [INFO] [1781167730.842598455] [gazebo_track_car]: camera traffic-light green candidate ignored as non-lamp-shaped color patch; reason=aspect bbox=229x27px
[gazebo_track_car-2] [INFO] [1781167730.842834088] [gazebo_track_car]: camera traffic-light green candidate ignored as non-lamp-shaped color patch; reason=aspect bbox=70x24px
[gazebo_track_car-2] [INFO] [1781167730.861063420] [gazebo_track_car]: camera traffic-light green candidate ignored as non-lamp-shaped color patch; reason=aspect bbox=15x5px
[gazebo_track_car-2] [INFO] [1781167730.861468422] [gazebo_track_car]: camera traffic-light green candidate ignored as non-lamp-shaped color patch; reason=aspect bbox=139x22px
[gazebo_track_car-2] [INFO] [1781167730.861651716] [gazebo_track_car]: camera traffic-light green candidate ignored as non-lamp-shaped color patch; reason=aspect bbox=163x21px
[gazebo_track_car-2] [INFO] [1781167730.862062619] [gazebo_track_car]: camera traffic-light green candidate ignored as non-lamp-shaped color patch; reason=aspect bbox=224x25px
[gazebo_track_car-2] [INFO] [1781167730.862453935] [gazebo_track_car]: camera traffic-light green candidate ignored as non-lamp-shaped color patch; reason=aspect bbox=73x22px
[gazebo_track_car-2] [INFO] [1781167730.862702462] [gazebo_track_car]: camera traffic light is GREEN score=341.6 area=1093px bbox=57x24px fill=0.80 center=(532,275)
[gazebo_track_car-2] [INFO] [1781167730.902853500] [gazebo_track_car]: camera traffic-light green candidate ignored as non-lamp-shaped color patch; reason=aspect bbox=17x5px
[gazebo_track_car-2] [INFO] [1781167730.903122396] [gazebo_track_car]: camera traffic-light green candidate ignored as non-lamp-shaped color patch; reason=aspect bbox=58x24px
[gazebo_track_car-2] [INFO] [1781167730.903304097] [gazebo_track_car]: camera traffic-light green candidate ignored as non-lamp-shaped color patch; reason=aspect bbox=143x23px
[gazebo_track_car-2] [INFO] [1781167730.903498463] [gazebo_track_car]: camera traffic-light green candidate ignored as non-lamp-shaped color patch; reason=aspect bbox=13x4px
[gazebo_track_car-2] [INFO] [1781167730.903671538] [gazebo_track_car]: camera traffic-light green candidate ignored as non-lamp-shaped color patch; reason=aspect bbox=218x23px
[gazebo_track_car-2] [INFO] [1781167730.903897282] [gazebo_track_car]: camera traffic-light green candidate ignored as non-lamp-shaped color patch; reason=aspect bbox=74x20px
[gazebo_track_car-2] [INFO] [1781167730.904086368] [gazebo_track_car]: camera traffic light is RED score=64.0 area=74px bbox=10x9px fill=0.82 center=(616,221)
[gazebo_track_car-2] [INFO] [1781167730.927558318] [gazebo_track_car]: camera traffic-light green candidate ignored as non-lamp-shaped color patch; reason=aspect bbox=59x24px
[gazebo_track_car-2] [INFO] [1781167730.927990270] [gazebo_track_car]: camera traffic-light green candidate ignored as non-lamp-shaped color patch; reason=aspect bbox=148x23px
[gazebo_track_car-2] [INFO] [1781167730.928524083] [gazebo_track_car]: camera traffic-light green candidate ignored as non-lamp-shaped color patch; reason=aspect bbox=23x5px
[gazebo_track_car-2] [INFO] [1781167730.929219591] [gazebo_track_car]: camera traffic-light green candidate ignored as non-lamp-shaped color patch; reason=aspect bbox=143x21px
[gazebo_track_car-2] [INFO] [1781167730.929599215] [gazebo_track_car]: camera traffic-light green candidate ignored as non-lamp-shaped color patch; reason=aspect bbox=10x3px
[gazebo_track_car-2] [INFO] [1781167730.929838555] [gazebo_track_car]: camera traffic-light green candidate ignored as non-lamp-shaped color patch; reason=aspect bbox=208x21px
[gazebo_track_car-2] [INFO] [1781167730.930649309] [gazebo_track_car]: camera traffic-light green candidate ignored as non-lamp-shaped color patch; reason=aspect bbox=78x18px
[gazebo_track_car-2] [INFO] [1781167730.970557211] [gazebo_track_car]: camera traffic-light green candidate ignored as non-lamp-shaped color patch; reason=aspect bbox=155x23px
[gazebo_track_car-2] [INFO] [1781167730.970832830] [gazebo_track_car]: camera traffic-light green candidate ignored as non-lamp-shaped color patch; reason=aspect bbox=24x5px
[gazebo_track_car-2] [INFO] [1781167730.971017567] [gazebo_track_car]: camera traffic-light green candidate ignored as non-lamp-shaped color patch; reason=aspect bbox=152x20px
[gazebo_track_car-2] [INFO] [1781167730.971223474] [gazebo_track_car]: camera traffic-light green candidate ignored as non-lamp-shaped color patch; reason=aspect bbox=200x19px
[gazebo_track_car-2] [INFO] [1781167730.971419192] [gazebo_track_car]: camera traffic-light green candidate ignored as non-lamp-shaped color patch; reason=aspect bbox=80x16px
[gazebo_track_car-2] [INFO] [1781167730.972101264] [gazebo_track_car]: camera traffic light is GREEN score=362.6 area=1163px bbox=58x25px fill=0.80 center=(534,276)
[gazebo_track_car-2] [INFO] [1781167730.999461624] [gazebo_track_car]: camera traffic-light green candidate ignored as non-lamp-shaped color patch; reason=aspect bbox=160x24px
[gazebo_track_car-2] [INFO] [1781167731.000260216] [gazebo_track_car]: camera traffic-light green candidate ignored as non-lamp-shaped color patch; reason=aspect bbox=30x6px
[gazebo_track_car-2] [INFO] [1781167731.000828304] [gazebo_track_car]: camera traffic-light green candidate ignored as non-lamp-shaped color patch; reason=aspect bbox=137x19px
[gazebo_track_car-2] [INFO] [1781167731.001072433] [gazebo_track_car]: camera traffic-light green candidate ignored as non-lamp-shaped color patch; reason=aspect bbox=13x4px
[gazebo_track_car-2] [INFO] [1781167731.001293328] [gazebo_track_car]: camera traffic-light green candidate ignored as non-lamp-shaped color patch; reason=aspect bbox=192x16px
[gazebo_track_car-2] [INFO] [1781167731.001705864] [gazebo_track_car]: camera traffic-light green candidate ignored as non-lamp-shaped color patch; reason=aspect bbox=84x13px
[gazebo_track_car-2] [INFO] [1781167731.075571167] [gazebo_track_car]: camera traffic-light green candidate ignored as non-lamp-shaped color patch; reason=aspect bbox=164x24px
[gazebo_track_car-2] [INFO] [1781167731.075843649] [gazebo_track_car]: camera traffic-light green candidate ignored as non-lamp-shaped color patch; reason=aspect bbox=37x7px
[gazebo_track_car-2] [INFO] [1781167731.076077309] [gazebo_track_car]: camera traffic-light green candidate ignored as non-lamp-shaped color patch; reason=aspect bbox=129x19px
[gazebo_track_car-2] [INFO] [1781167731.076273528] [gazebo_track_car]: camera traffic-light green candidate ignored as non-lamp-shaped color patch; reason=aspect bbox=10x3px
[gazebo_track_car-2] [INFO] [1781167731.076583310] [gazebo_track_car]: camera traffic-light green candidate ignored as non-lamp-shaped color patch; reason=aspect bbox=183x14px
[gazebo_track_car-2] [INFO] [1781167731.076814805] [gazebo_track_car]: camera traffic-light green candidate ignored as non-lamp-shaped color patch; reason=aspect bbox=85x11px
[gazebo_track_car-2] [INFO] [1781167731.083491379] [gazebo_track_car]: camera traffic-light green candidate ignored as non-lamp-shaped color patch; reason=aspect bbox=165x24px
[gazebo_track_car-2] [INFO] [1781167731.083742892] [gazebo_track_car]: camera traffic-light green candidate ignored as non-lamp-shaped color patch; reason=aspect bbox=45x8px
[gazebo_track_car-2] [INFO] [1781167731.084065628] [gazebo_track_car]: camera traffic-light green candidate ignored as non-lamp-shaped color patch; reason=aspect bbox=145x18px
[gazebo_track_car-2] [INFO] [1781167731.084299638] [gazebo_track_car]: camera traffic-light green candidate ignored as non-lamp-shaped color patch; reason=aspect bbox=173x11px
[gazebo_track_car-2] [INFO] [1781167731.084718065] [gazebo_track_car]: camera traffic-light green candidate ignored as non-lamp-shaped color patch; reason=aspect bbox=89x8px
[gazebo_track_car-2] [INFO] [1781167731.106780878] [gazebo_track_car]: camera traffic-light green candidate ignored as non-lamp-shaped color patch; reason=aspect bbox=164x25px
[gazebo_track_car-2] [INFO] [1781167731.107066836] [gazebo_track_car]: camera traffic-light green candidate ignored as non-lamp-shaped color patch; reason=aspect bbox=53x9px
[gazebo_track_car-2] [INFO] [1781167731.107255651] [gazebo_track_car]: camera traffic-light green candidate ignored as non-lamp-shaped color patch; reason=aspect bbox=61x25px
[gazebo_track_car-2] [INFO] [1781167731.107428326] [gazebo_track_car]: camera traffic-light green candidate ignored as non-lamp-shaped color patch; reason=aspect bbox=118x17px
[gazebo_track_car-2] [INFO] [1781167731.107608675] [gazebo_track_car]: camera traffic-light green candidate ignored as non-lamp-shaped color patch; reason=aspect bbox=13x4px
[gazebo_track_car-2] [INFO] [1781167731.107783814] [gazebo_track_car]: camera traffic-light green candidate ignored as non-lamp-shaped color patch; reason=aspect bbox=161x9px
[gazebo_track_car-2] [INFO] [1781167731.107950057] [gazebo_track_car]: camera traffic-light green candidate ignored as non-lamp-shaped color patch; reason=aspect bbox=92x6px
[gazebo_track_car-2] [INFO] [1781167731.108129133] [gazebo_track_car]: camera traffic light is RED score=66.3 area=76px bbox=10x9px fill=0.84 center=(620,220)
[gazebo_track_car-2] [INFO] [1781167731.113984372] [gazebo_track_car]: camera_sign=camera_sign_turn_left source=camera kind=turn_left_sign maneuver=left score=0.56 area=900px bbox=20x45px center=(740,155)
[gazebo_track_car-2] [INFO] [1781167731.143000981] [gazebo_track_car]: camera traffic-light green candidate ignored as non-lamp-shaped color patch; reason=aspect bbox=63x10px
[gazebo_track_car-2] [INFO] [1781167731.143832123] [gazebo_track_car]: camera traffic-light green candidate ignored as non-lamp-shaped color patch; reason=aspect bbox=62x25px
[gazebo_track_car-2] [INFO] [1781167731.144069369] [gazebo_track_car]: camera traffic-light green candidate ignored as non-lamp-shaped color patch; reason=aspect bbox=168x24px
[gazebo_track_car-2] [INFO] [1781167731.144281688] [gazebo_track_car]: camera traffic-light green candidate ignored as non-lamp-shaped color patch; reason=aspect bbox=124x17px
[gazebo_track_car-2] [INFO] [1781167731.144486213] [gazebo_track_car]: camera traffic-light green candidate ignored as non-lamp-shaped color patch; reason=aspect bbox=145x6px
[gazebo_track_car-2] [INFO] [1781167731.144769185] [gazebo_track_car]: camera traffic-light green candidate ignored as non-lamp-shaped color patch; reason=aspect bbox=69x3px
[gazebo_track_car-2] [INFO] [1781167731.173597839] [gazebo_track_car]: camera traffic-light green candidate ignored as non-lamp-shaped color patch; reason=aspect bbox=72x11px
[gazebo_track_car-2] [INFO] [1781167731.173878437] [gazebo_track_car]: camera traffic-light green candidate ignored as non-lamp-shaped color patch; reason=aspect bbox=63x26px
[gazebo_track_car-2] [INFO] [1781167731.174062102] [gazebo_track_car]: camera traffic-light green candidate ignored as non-lamp-shaped color patch; reason=aspect bbox=167x25px
[gazebo_track_car-2] [INFO] [1781167731.174235498] [gazebo_track_car]: camera traffic-light green candidate ignored as non-lamp-shaped color patch; reason=aspect bbox=123x15px
[gazebo_track_car-2] [INFO] [1781167731.174421799] [gazebo_track_car]: camera traffic-light green candidate ignored as non-lamp-shaped color patch; reason=aspect bbox=101x3px
[gazebo_track_car-2] [INFO] [1781167731.179998975] [gazebo_track_car]: camera_sign=camera_sign_turn_right source=camera kind=turn_right_sign maneuver=right score=0.52 area=58696px bbox=253x232px center=(842,141)
[gazebo_track_car-2] [INFO] [1781167731.195232017] [gazebo_track_car]: camera traffic-light green candidate ignored as non-lamp-shaped color patch; reason=aspect bbox=83x13px
[gazebo_track_car-2] [INFO] [1781167731.195520198] [gazebo_track_car]: camera traffic-light green candidate ignored as non-lamp-shaped color patch; reason=aspect bbox=63x26px
[gazebo_track_car-2] [INFO] [1781167731.195705988] [gazebo_track_car]: camera traffic-light green candidate ignored as non-lamp-shaped color patch; reason=aspect bbox=171x25px
[gazebo_track_car-2] [INFO] [1781167731.195880536] [gazebo_track_car]: camera traffic-light green candidate ignored as non-lamp-shaped color patch; reason=aspect bbox=96x15px
[gazebo_track_car-2] [INFO] [1781167731.196096813] [gazebo_track_car]: camera traffic-light green candidate ignored as non-lamp-shaped color patch; reason=aspect bbox=12x4px
[gazebo_track_car-2] [INFO] [1781167731.239887209] [gazebo_track_car]: camera traffic-light green candidate ignored as non-lamp-shaped color patch; reason=aspect bbox=86x14px
[gazebo_track_car-2] [INFO] [1781167731.240800847] [gazebo_track_car]: camera traffic-light green candidate ignored as non-lamp-shaped color patch; reason=aspect bbox=63x26px
[gazebo_track_car-2] [INFO] [1781167731.241372111] [gazebo_track_car]: camera traffic-light green candidate ignored as non-lamp-shaped color patch; reason=aspect bbox=172x25px
[gazebo_track_car-2] [INFO] [1781167731.241616190] [gazebo_track_car]: camera traffic-light green candidate ignored as non-lamp-shaped color patch; reason=aspect bbox=108x14px
[gazebo_track_car-2] [INFO] [1781167731.276681459] [gazebo_track_car]: camera traffic-light green candidate ignored as non-lamp-shaped color patch; reason=aspect bbox=171x26px
[gazebo_track_car-2] [INFO] [1781167731.276965704] [gazebo_track_car]: camera traffic-light green candidate ignored as non-lamp-shaped color patch; reason=aspect bbox=97x15px
[gazebo_track_car-2] [INFO] [1781167731.277151764] [gazebo_track_car]: camera traffic-light green candidate ignored as non-lamp-shaped color patch; reason=aspect bbox=76x12px
[gazebo_track_car-2] [INFO] [1781167731.277321863] [gazebo_track_car]: camera traffic-light green candidate ignored as non-lamp-shaped color patch; reason=aspect bbox=14x4px
[gazebo_track_car-2] [INFO] [1781167731.277603112] [gazebo_track_car]: camera traffic light is GREEN score=419.6 area=1342px bbox=64x27px fill=0.78 center=(538,277)
[gazebo_track_car-2] [INFO] [1781167731.310848402] [gazebo_track_car]: camera traffic-light green candidate ignored as non-lamp-shaped color patch; reason=aspect bbox=175x26px
[gazebo_track_car-2] [INFO] [1781167731.311289872] [gazebo_track_car]: camera traffic-light green candidate ignored as non-lamp-shaped color patch; reason=aspect bbox=110x16px
[gazebo_track_car-2] [INFO] [1781167731.311796865] [gazebo_track_car]: camera traffic-light green candidate ignored as non-lamp-shaped color patch; reason=aspect bbox=89x12px
[gazebo_track_car-2] [INFO] [1781167731.338053603] [gazebo_track_car]: camera traffic-light green candidate ignored as non-lamp-shaped color patch; reason=aspect bbox=173x27px
[gazebo_track_car-2] [INFO] [1781167731.338434960] [gazebo_track_car]: camera traffic-light green candidate ignored as non-lamp-shaped color patch; reason=aspect bbox=124x18px
[gazebo_track_car-2] [INFO] [1781167731.338637982] [gazebo_track_car]: camera traffic-light green candidate ignored as non-lamp-shaped color patch; reason=aspect bbox=72x10px
[gazebo_track_car-2] [INFO] [1781167731.387428660] [gazebo_track_car]: camera traffic-light green candidate ignored as non-lamp-shaped color patch; reason=aspect bbox=177x27px
[gazebo_track_car-2] [INFO] [1781167731.387721149] [gazebo_track_car]: camera traffic-light green candidate ignored as non-lamp-shaped color patch; reason=aspect bbox=137x20px
[gazebo_track_car-2] [INFO] [1781167731.387909143] [gazebo_track_car]: camera traffic-light green candidate ignored as non-lamp-shaped color patch; reason=aspect bbox=56x9px
[gazebo_track_car-2] [INFO] [1781167731.410244649] [gazebo_track_car]: camera traffic-light green candidate ignored as non-lamp-shaped color patch; reason=aspect bbox=66x27px
[gazebo_track_car-2] [INFO] [1781167731.410662174] [gazebo_track_car]: camera traffic-light green candidate ignored as non-lamp-shaped color patch; reason=aspect bbox=179x27px
[gazebo_track_car-2] [INFO] [1781167731.410922654] [gazebo_track_car]: camera traffic-light green candidate ignored as non-lamp-shaped color patch; reason=aspect bbox=153x22px
[gazebo_track_car-2] [INFO] [1781167731.411206307] [gazebo_track_car]: camera traffic-light green candidate ignored as non-lamp-shaped color patch; reason=aspect bbox=44x5px
[gazebo_track_car-2] [INFO] [1781167731.411415591] [gazebo_track_car]: camera traffic light is RED score=77.1 area=90px bbox=11x10px fill=0.82 center=(627,220)
[gazebo_track_car-2] [INFO] [1781167731.454499338] [gazebo_track_car]: camera traffic-light green candidate ignored as non-lamp-shaped color patch; reason=aspect bbox=181x27px
[gazebo_track_car-2] [INFO] [1781167731.454780096] [gazebo_track_car]: camera traffic-light green candidate ignored as non-lamp-shaped color patch; reason=aspect bbox=22x5px
[gazebo_track_car-2] [INFO] [1781167731.454976065] [gazebo_track_car]: camera traffic light is GREEN score=452.2 area=1441px bbox=67x28px fill=0.77 center=(541,279)
[gazebo_track_car-2] [INFO] [1781167731.462440810] [gazebo_track_car]: camera sign action allowed by route branch context; detected=turn_right_sign sign=camera_sign_turn_right next_branch=1.02m area=17835px matching 3D sign is not route-adjacent
[gazebo_track_car-2] [INFO] [1781167731.467876260] [gazebo_track_car]: camera traffic-light green candidate ignored as non-lamp-shaped color patch; reason=aspect bbox=191x28px
[gazebo_track_car-2] [INFO] [1781167731.468857806] [gazebo_track_car]: camera traffic-light green candidate ignored as non-lamp-shaped color patch; reason=aspect bbox=182x27px
[gazebo_track_car-2] [INFO] [1781167731.510250202] [gazebo_track_car]: camera traffic-light green candidate ignored as non-lamp-shaped color patch; reason=aspect bbox=205x28px
[gazebo_track_car-2] [INFO] [1781167731.515308152] [gazebo_track_car]: camera_sign=camera_sign_turn_left source=camera kind=turn_left_sign maneuver=left score=0.47 area=984px bbox=24x41px center=(897,241)
[gazebo_track_car-2] [WARN] [1781167731.519365020] [gazebo_track_car]: JITTER events=15 reasons=speed_delta=0.128m/s pos=(+2.182,+1.565) step=0.0041/0.0000m yaw=0.001/0.000rad route=flat_left_mid_to_top_reverse
[gazebo_track_car-2] [INFO] [1781167731.568413973] [gazebo_track_car]: camera traffic-light green candidate ignored as non-lamp-shaped color patch; reason=aspect bbox=185x28px
[gazebo_track_car-2] [INFO] [1781167731.568692617] [gazebo_track_car]: camera traffic-light green candidate ignored as non-lamp-shaped color patch; reason=aspect bbox=218x27px
[gazebo_track_car-2] [INFO] [1781167731.574017108] [gazebo_track_car]: camera_sign=camera_sign_turn_right source=camera kind=turn_right_sign maneuver=right score=0.47 area=2728px bbox=31x88px center=(950,166)
[gazebo_track_car-2] [INFO] [1781167731.579702538] [gazebo_track_car]: camera traffic-light green candidate ignored as non-lamp-shaped color patch; reason=aspect bbox=181x28px
[gazebo_track_car-2] [INFO] [1781167731.610197743] [gazebo_track_car]: camera traffic-light green candidate ignored as non-lamp-shaped color patch; reason=aspect bbox=224x28px
[gazebo_track_car-2] [INFO] [1781167731.611089901] [gazebo_track_car]: camera traffic-light green candidate ignored as non-lamp-shaped color patch; reason=aspect bbox=179x28px
[gazebo_track_car-2] [INFO] [1781167731.639066846] [gazebo_track_car]: camera traffic-light green candidate ignored as non-lamp-shaped color patch; reason=aspect bbox=228x29px
[gazebo_track_car-2] [INFO] [1781167731.639514337] [gazebo_track_car]: camera traffic-light green candidate ignored as non-lamp-shaped color patch; reason=aspect bbox=180x28px
[gazebo_track_car-2] [INFO] [1781167731.671150421] [gazebo_track_car]: camera traffic-light green candidate ignored as non-lamp-shaped color patch; reason=aspect bbox=240x27px
[gazebo_track_car-2] [INFO] [1781167731.675856469] [gazebo_track_car]: camera_sign=camera_sign_turn_left source=camera kind=turn_left_sign maneuver=left score=0.46 area=2448px bbox=36x68px center=(943,241)
[gazebo_track_car-2] [INFO] [1781167731.708889959] [gazebo_track_car]: camera traffic-light green candidate ignored as non-lamp-shaped color patch; reason=aspect bbox=184x29px
[gazebo_track_car-2] [INFO] [1781167731.709581600] [gazebo_track_car]: camera traffic-light green candidate ignored as non-lamp-shaped color patch; reason=aspect bbox=243x27px
[gazebo_track_car-2] [INFO] [1781167731.738525982] [gazebo_track_car]: camera traffic-light green candidate ignored as non-lamp-shaped color patch; reason=aspect bbox=188x29px
[gazebo_track_car-2] [INFO] [1781167731.738851784] [gazebo_track_car]: camera traffic-light green candidate ignored as non-lamp-shaped color patch; reason=aspect bbox=243x28px
[gazebo_track_car-2] [INFO] [1781167731.773374941] [gazebo_track_car]: camera traffic-light green candidate ignored as non-lamp-shaped color patch; reason=aspect bbox=187x30px
[gazebo_track_car-2] [INFO] [1781167731.773653374] [gazebo_track_car]: camera traffic-light green candidate ignored as non-lamp-shaped color patch; reason=aspect bbox=242x29px
[gazebo_track_car-2] [INFO] [1781167731.800576050] [gazebo_track_car]: camera traffic-light green candidate ignored as non-lamp-shaped color patch; reason=aspect bbox=192x30px
[gazebo_track_car-2] [INFO] [1781167731.800972465] [gazebo_track_car]: camera traffic-light green candidate ignored as non-lamp-shaped color patch; reason=aspect bbox=242x29px
[gazebo_track_car-2] [INFO] [1781167731.840035764] [gazebo_track_car]: camera traffic-light green candidate ignored as non-lamp-shaped color patch; reason=aspect bbox=191x31px
[gazebo_track_car-2] [INFO] [1781167731.840313907] [gazebo_track_car]: camera traffic-light green candidate ignored as non-lamp-shaped color patch; reason=aspect bbox=242x30px
[gazebo_track_car-2] [INFO] [1781167731.889093232] [gazebo_track_car]: camera traffic-light green candidate ignored as non-lamp-shaped color patch; reason=aspect bbox=194x30px
[gazebo_track_car-2] [INFO] [1781167731.913456450] [gazebo_track_car]: camera traffic-light green candidate ignored as non-lamp-shaped color patch; reason=aspect bbox=234x30px
[gazebo_track_car-2] [INFO] [1781167731.966938739] [gazebo_track_car]: camera traffic-light green candidate ignored as non-lamp-shaped color patch; reason=aspect bbox=198x31px
[gazebo_track_car-2] [INFO] [1781167731.968035011] [gazebo_track_car]: camera traffic-light green candidate ignored as non-lamp-shaped color patch; reason=aspect bbox=234x30px
[gazebo_track_car-2] [INFO] [1781167731.999325534] [gazebo_track_car]: camera traffic-light green candidate ignored as non-lamp-shaped color patch; reason=aspect bbox=201x32px
[gazebo_track_car-2] [INFO] [1781167731.999598727] [gazebo_track_car]: camera traffic-light green candidate ignored as non-lamp-shaped color patch; reason=aspect bbox=234x31px
[gazebo_track_car-2] [INFO] [1781167732.016441587] [gazebo_track_car]: camera traffic-light green candidate ignored as non-lamp-shaped color patch; reason=aspect bbox=202x33px
[gazebo_track_car-2] [INFO] [1781167732.016714219] [gazebo_track_car]: camera traffic-light green candidate ignored as non-lamp-shaped color patch; reason=aspect bbox=233x32px
[gazebo_track_car-2] [INFO] [1781167732.040693559] [gazebo_track_car]: camera traffic-light green candidate ignored as non-lamp-shaped color patch; reason=aspect bbox=205x33px
[gazebo_track_car-2] [INFO] [1781167732.041139918] [gazebo_track_car]: camera traffic-light green candidate ignored as non-lamp-shaped color patch; reason=aspect bbox=233x32px
[gazebo_track_car-2] [INFO] [1781167732.074921529] [gazebo_track_car]: camera traffic-light green candidate ignored as non-lamp-shaped color patch; reason=aspect bbox=206x34px
[gazebo_track_car-2] [INFO] [1781167732.075202086] [gazebo_track_car]: camera traffic-light green candidate ignored as non-lamp-shaped color patch; reason=aspect bbox=232x33px
[gazebo_track_car-2] [INFO] [1781167732.142216006] [gazebo_track_car]: camera traffic-light green candidate ignored as non-lamp-shaped color patch; reason=aspect bbox=209x33px
[gazebo_track_car-2] [INFO] [1781167732.142492686] [gazebo_track_car]: camera traffic-light green candidate ignored as non-lamp-shaped color patch; reason=aspect bbox=231x33px
[gazebo_track_car-2] [INFO] [1781167732.149685932] [gazebo_track_car]: camera traffic-light green candidate ignored as non-lamp-shaped color patch; reason=aspect bbox=212x34px
[gazebo_track_car-2] [INFO] [1781167732.405701941] [gazebo_track_car]: camera traffic-light green candidate ignored as non-lamp-shaped color patch; reason=aspect bbox=230x38px
[gazebo_track_car-2] [INFO] [1781167732.406440269] [gazebo_track_car]: camera traffic-light green candidate ignored as non-lamp-shaped color patch; reason=aspect bbox=217x31px
[gazebo_track_car-2] [INFO] [1781167732.439951281] [gazebo_track_car]: camera traffic-light green candidate ignored as non-lamp-shaped color patch; reason=aspect bbox=230x38px
[gazebo_track_car-2] [INFO] [1781167732.440328461] [gazebo_track_car]: camera traffic-light green candidate ignored as non-lamp-shaped color patch; reason=aspect bbox=217x31px
[gazebo_track_car-2] [INFO] [1781167732.476882465] [gazebo_track_car]: camera traffic-light green candidate ignored as non-lamp-shaped color patch; reason=aspect bbox=234x39px
[gazebo_track_car-2] [INFO] [1781167732.477168192] [gazebo_track_car]: camera traffic-light green candidate ignored as non-lamp-shaped color patch; reason=aspect bbox=217x31px
[gazebo_track_car-2] [INFO] [1781167732.512590548] [gazebo_track_car]: camera traffic-light green candidate ignored as non-lamp-shaped color patch; reason=aspect bbox=236x40px
[gazebo_track_car-2] [INFO] [1781167732.513307877] [gazebo_track_car]: camera traffic-light green candidate ignored as non-lamp-shaped color patch; reason=aspect bbox=216x31px
[gazebo_track_car-2] [INFO] [1781167732.586619228] [gazebo_track_car]: camera traffic-light green candidate ignored as non-lamp-shaped color patch; reason=aspect bbox=236x40px
[gazebo_track_car-2] [INFO] [1781167732.586899455] [gazebo_track_car]: camera traffic-light green candidate ignored as non-lamp-shaped color patch; reason=aspect bbox=215x31px
[gazebo_track_car-2] [INFO] [1781167732.592669785] [gazebo_track_car]: camera traffic-light green candidate ignored as non-lamp-shaped color patch; reason=aspect bbox=236x40px
[gazebo_track_car-2] [INFO] [1781167732.592928261] [gazebo_track_car]: camera traffic-light green candidate ignored as non-lamp-shaped color patch; reason=aspect bbox=215x31px
[gazebo_track_car-2] [INFO] [1781167732.624700534] [gazebo_track_car]: camera traffic-light green candidate ignored as non-lamp-shaped color patch; reason=aspect bbox=236x40px
[gazebo_track_car-2] [INFO] [1781167732.625431508] [gazebo_track_car]: camera traffic-light green candidate ignored as non-lamp-shaped color patch; reason=aspect bbox=215x31px
[gazebo_track_car-2] [WARN] [1781167732.634168587] [gazebo_track_car]: JITTER events=7 reasons=speed_delta=0.110m/s pos=(+2.179,+1.314) step=0.0011/0.0000m yaw=0.000/0.000rad route=flat_left_mid_to_top_reverse
[gazebo_track_car-2] [INFO] [1781167732.644827109] [gazebo_track_car]: camera traffic-light green candidate ignored as non-lamp-shaped color patch; reason=aspect bbox=236x40px
[gazebo_track_car-2] [INFO] [1781167732.645102216] [gazebo_track_car]: camera traffic-light green candidate ignored as non-lamp-shaped color patch; reason=aspect bbox=214x31px
[gazebo_track_car-2] [INFO] [1781167732.689811745] [gazebo_track_car]: camera traffic-light green candidate ignored as non-lamp-shaped color patch; reason=aspect bbox=240x41px
[gazebo_track_car-2] [INFO] [1781167732.690088355] [gazebo_track_car]: camera traffic-light green candidate ignored as non-lamp-shaped color patch; reason=aspect bbox=214x31px
[gazebo_track_car-2] [INFO] [1781167732.733947736] [gazebo_track_car]: camera traffic-light green candidate ignored as non-lamp-shaped color patch; reason=aspect bbox=239x41px
[gazebo_track_car-2] [INFO] [1781167732.734215339] [gazebo_track_car]: camera traffic-light green candidate ignored as non-lamp-shaped color patch; reason=aspect bbox=213x31px
[gazebo_track_car-2] [INFO] [1781167732.764851075] [gazebo_track_car]: camera traffic-light green candidate ignored as non-lamp-shaped color patch; reason=aspect bbox=243x41px
[gazebo_track_car-2] [INFO] [1781167732.765117796] [gazebo_track_car]: camera traffic-light green candidate ignored as non-lamp-shaped color patch; reason=aspect bbox=209x30px
[gazebo_track_car-2] [INFO] [1781167732.790044407] [gazebo_track_car]: camera traffic-light green candidate ignored as non-lamp-shaped color patch; reason=aspect bbox=247x42px
[gazebo_track_car-2] [INFO] [1781167732.790793355] [gazebo_track_car]: camera traffic-light green candidate ignored as non-lamp-shaped color patch; reason=aspect bbox=209x30px
[gazebo_track_car-2] [INFO] [1781167732.811174849] [gazebo_track_car]: MOTION pos=(+2.179,+1.266) yaw=-1.571 v=0.278 step_err=0.0116m/0.000rad track_err=0.0045m footprint=road:6.00px route=flat_left_mid_to_top_reverse cmd_vel=(0.279,+0.008)
[gazebo_track_car-2] [INFO] [1781167732.823087099] [gazebo_track_car]: camera traffic-light green candidate ignored as non-lamp-shaped color patch; reason=aspect bbox=250x43px
[gazebo_track_car-2] [INFO] [1781167732.823367185] [gazebo_track_car]: camera traffic-light green candidate ignored as non-lamp-shaped color patch; reason=aspect bbox=209x30px
[gazebo_track_car-2] [INFO] [1781167732.861678444] [gazebo_track_car]: camera traffic-light green candidate ignored as non-lamp-shaped color patch; reason=aspect bbox=250x43px
[gazebo_track_car-2] [INFO] [1781167732.861954663] [gazebo_track_car]: camera traffic-light green candidate ignored as non-lamp-shaped color patch; reason=aspect bbox=208x30px
[gazebo_track_car-2] [INFO] [1781167732.885166049] [gazebo_track_car]: camera traffic-light green candidate ignored as non-lamp-shaped color patch; reason=aspect bbox=254x44px
[gazebo_track_car-2] [INFO] [1781167732.885434784] [gazebo_track_car]: camera traffic-light green candidate ignored as non-lamp-shaped color patch; reason=aspect bbox=207x30px
[gazebo_track_car-2] [INFO] [1781167732.919943652] [gazebo_track_car]: camera traffic-light green candidate ignored as non-lamp-shaped color patch; reason=aspect bbox=256x45px
[gazebo_track_car-2] [INFO] [1781167732.920748175] [gazebo_track_car]: camera traffic-light green candidate ignored as non-lamp-shaped color patch; reason=aspect bbox=205x30px
[gazebo_track_car-2] [INFO] [1781167732.944041465] [gazebo_track_car]: camera traffic-light green candidate ignored as non-lamp-shaped color patch; reason=aspect bbox=260x46px
[gazebo_track_car-2] [INFO] [1781167732.945129851] [gazebo_track_car]: camera traffic-light green candidate ignored as non-lamp-shaped color patch; reason=aspect bbox=204x30px
[gazebo_track_car-2] [INFO] [1781167732.979388730] [gazebo_track_car]: camera traffic-light green candidate ignored as non-lamp-shaped color patch; reason=aspect bbox=260x45px
[gazebo_track_car-2] [INFO] [1781167732.979755509] [gazebo_track_car]: camera traffic-light green candidate ignored as non-lamp-shaped color patch; reason=aspect bbox=201x29px
[gazebo_track_car-2] [INFO] [1781167733.055780419] [gazebo_track_car]: camera traffic-light green candidate ignored as non-lamp-shaped color patch; reason=aspect bbox=264x46px
[gazebo_track_car-2] [INFO] [1781167733.056525610] [gazebo_track_car]: camera traffic-light green candidate ignored as non-lamp-shaped color patch; reason=aspect bbox=201x28px
[gazebo_track_car-2] [INFO] [1781167733.063647352] [gazebo_track_car]: camera traffic-light green candidate ignored as non-lamp-shaped color patch; reason=aspect bbox=267x47px
[gazebo_track_car-2] [INFO] [1781167733.063913423] [gazebo_track_car]: camera traffic-light green candidate ignored as non-lamp-shaped color patch; reason=aspect bbox=200x28px
[gazebo_track_car-2] [INFO] [1781167733.080754552] [gazebo_track_car]: camera traffic-light green candidate ignored as non-lamp-shaped color patch; reason=aspect bbox=270x48px
[gazebo_track_car-2] [INFO] [1781167733.081121131] [gazebo_track_car]: camera traffic-light green candidate ignored as non-lamp-shaped color patch; reason=aspect bbox=199x28px
[gazebo_track_car-2] [INFO] [1781167733.124003991] [gazebo_track_car]: camera traffic-light green candidate ignored as non-lamp-shaped color patch; reason=aspect bbox=271x49px
[gazebo_track_car-2] [INFO] [1781167733.124283516] [gazebo_track_car]: camera traffic-light green candidate ignored as non-lamp-shaped color patch; reason=aspect bbox=197x28px
[gazebo_track_car-2] [INFO] [1781167733.162463602] [gazebo_track_car]: camera traffic-light green candidate ignored as non-lamp-shaped color patch; reason=aspect bbox=273x49px
[gazebo_track_car-2] [INFO] [1781167733.162796258] [gazebo_track_car]: camera traffic-light green candidate ignored as non-lamp-shaped color patch; reason=aspect bbox=196x28px
[gazebo_track_car-2] [INFO] [1781167733.195487733] [gazebo_track_car]: camera traffic-light green candidate ignored as non-lamp-shaped color patch; reason=aspect bbox=277x50px
[gazebo_track_car-2] [INFO] [1781167733.195761588] [gazebo_track_car]: camera traffic-light green candidate ignored as non-lamp-shaped color patch; reason=aspect bbox=195x28px
[gazebo_track_car-2] [INFO] [1781167733.233567378] [gazebo_track_car]: camera traffic-light green candidate ignored as non-lamp-shaped color patch; reason=aspect bbox=281x50px
[gazebo_track_car-2] [INFO] [1781167733.233840852] [gazebo_track_car]: camera traffic-light green candidate ignored as non-lamp-shaped color patch; reason=aspect bbox=193x27px
[gazebo_track_car-2] [INFO] [1781167733.256152130] [gazebo_track_car]: camera traffic-light green candidate ignored as non-lamp-shaped color patch; reason=aspect bbox=284x51px
[gazebo_track_car-2] [INFO] [1781167733.256433139] [gazebo_track_car]: camera traffic-light green candidate ignored as non-lamp-shaped color patch; reason=aspect bbox=192x27px
[gazebo_track_car-2] [INFO] [1781167733.284051574] [gazebo_track_car]: camera traffic-light green candidate ignored as non-lamp-shaped color patch; reason=aspect bbox=286x52px
[gazebo_track_car-2] [INFO] [1781167733.284283921] [gazebo_track_car]: camera traffic-light green candidate ignored as non-lamp-shaped color patch; reason=aspect bbox=191x27px
[gazebo_track_car-2] [INFO] [1781167733.318431284] [gazebo_track_car]: camera traffic-light green candidate ignored as non-lamp-shaped color patch; reason=aspect bbox=289x53px
[gazebo_track_car-2] [INFO] [1781167733.318747108] [gazebo_track_car]: camera traffic-light green candidate ignored as non-lamp-shaped color patch; reason=aspect bbox=189x27px
[gazebo_track_car-2] [INFO] [1781167733.367150809] [gazebo_track_car]: camera traffic-light green candidate ignored as non-lamp-shaped color patch; reason=aspect bbox=292x54px
[gazebo_track_car-2] [INFO] [1781167733.367427670] [gazebo_track_car]: camera traffic-light green candidate ignored as non-lamp-shaped color patch; reason=aspect bbox=188x27px
[gazebo_track_car-2] [INFO] [1781167733.405072329] [gazebo_track_car]: camera traffic-light green candidate ignored as non-lamp-shaped color patch; reason=aspect bbox=295x55px
[gazebo_track_car-2] [INFO] [1781167733.405395928] [gazebo_track_car]: camera traffic-light green candidate ignored as non-lamp-shaped color patch; reason=aspect bbox=187x27px
[gazebo_track_car-2] [INFO] [1781167733.418192422] [gazebo_track_car]: camera traffic-light green candidate ignored as non-lamp-shaped color patch; reason=aspect bbox=297x56px
[gazebo_track_car-2] [INFO] [1781167733.418953843] [gazebo_track_car]: camera traffic-light green candidate ignored as non-lamp-shaped color patch; reason=aspect bbox=185x26px
[gazebo_track_car-2] [INFO] [1781167733.462766671] [gazebo_track_car]: camera traffic-light green candidate ignored as non-lamp-shaped color patch; reason=aspect bbox=301x56px
[gazebo_track_car-2] [INFO] [1781167733.463521451] [gazebo_track_car]: camera traffic-light green candidate ignored as non-lamp-shaped color patch; reason=aspect bbox=184x26px
[gazebo_track_car-2] [INFO] [1781167733.499217596] [gazebo_track_car]: camera traffic-light green candidate ignored as non-lamp-shaped color patch; reason=aspect bbox=304x57px
[gazebo_track_car-2] [INFO] [1781167733.499951576] [gazebo_track_car]: camera traffic-light green candidate ignored as non-lamp-shaped color patch; reason=aspect bbox=182x26px
[gazebo_track_car-2] [INFO] [1781167733.533399945] [gazebo_track_car]: camera traffic-light green candidate ignored as non-lamp-shaped color patch; reason=aspect bbox=307x58px
[gazebo_track_car-2] [INFO] [1781167733.533683308] [gazebo_track_car]: camera traffic-light green candidate ignored as non-lamp-shaped color patch; reason=aspect bbox=181x26px
[gazebo_track_car-2] [INFO] [1781167733.562437529] [gazebo_track_car]: camera traffic-light green candidate ignored as non-lamp-shaped color patch; reason=aspect bbox=312x59px
[gazebo_track_car-2] [INFO] [1781167733.562712065] [gazebo_track_car]: camera traffic-light green candidate ignored as non-lamp-shaped color patch; reason=aspect bbox=179x26px
[gazebo_track_car-2] [INFO] [1781167733.605469929] [gazebo_track_car]: camera traffic-light green candidate ignored as non-lamp-shaped color patch; reason=aspect bbox=310x60px
[gazebo_track_car-2] [INFO] [1781167733.605766557] [gazebo_track_car]: camera traffic-light green candidate ignored as non-lamp-shaped color patch; reason=aspect bbox=178x26px
[gazebo_track_car-2] [INFO] [1781167733.636732527] [gazebo_track_car]: camera traffic-light green candidate ignored as non-lamp-shaped color patch; reason=large bbox=132x61px
[gazebo_track_car-2] [INFO] [1781167733.637016521] [gazebo_track_car]: camera traffic-light green candidate ignored as non-lamp-shaped color patch; reason=aspect bbox=308x62px
[gazebo_track_car-2] [INFO] [1781167733.637195057] [gazebo_track_car]: camera traffic-light green candidate ignored as non-lamp-shaped color patch; reason=aspect bbox=177x25px
[gazebo_track_car-2] [INFO] [1781167733.659972226] [gazebo_track_car]: camera traffic-light green candidate ignored as non-lamp-shaped color patch; reason=large bbox=134x61px
[gazebo_track_car-2] [INFO] [1781167733.660250149] [gazebo_track_car]: camera traffic-light green candidate ignored as non-lamp-shaped color patch; reason=aspect bbox=305x62px
[gazebo_track_car-2] [INFO] [1781167733.660433694] [gazebo_track_car]: camera traffic-light green candidate ignored as non-lamp-shaped color patch; reason=aspect bbox=175x25px
[gazebo_track_car-2] [INFO] [1781167733.692379700] [gazebo_track_car]: camera traffic-light green candidate ignored as non-lamp-shaped color patch; reason=large bbox=136x62px
[gazebo_track_car-2] [INFO] [1781167733.692716143] [gazebo_track_car]: camera traffic-light green candidate ignored as non-lamp-shaped color patch; reason=aspect bbox=303x63px
[gazebo_track_car-2] [INFO] [1781167733.692898085] [gazebo_track_car]: camera traffic-light green candidate ignored as non-lamp-shaped color patch; reason=aspect bbox=174x25px
[gazebo_track_car-2] [INFO] [1781167733.729929300] [gazebo_track_car]: camera traffic-light green candidate ignored as non-lamp-shaped color patch; reason=large bbox=138x63px
[gazebo_track_car-2] [INFO] [1781167733.730173630] [gazebo_track_car]: camera traffic-light green candidate ignored as non-lamp-shaped color patch; reason=aspect bbox=301x64px
[gazebo_track_car-2] [INFO] [1781167733.730351575] [gazebo_track_car]: camera traffic-light green candidate ignored as non-lamp-shaped color patch; reason=aspect bbox=172x25px
[gazebo_track_car-2] [WARN] [1781167733.739256210] [gazebo_track_car]: JITTER events=3 reasons=speed_delta=0.129m/s pos=(+2.179,+1.011) step=0.0042/0.0000m yaw=0.001/0.000rad route=flat_left_mid_to_top_reverse
[gazebo_track_car-2] [INFO] [1781167733.762887117] [gazebo_track_car]: camera traffic-light green candidate ignored as non-lamp-shaped color patch; reason=large bbox=140x65px
[gazebo_track_car-2] [INFO] [1781167733.763110747] [gazebo_track_car]: camera traffic-light green candidate ignored as non-lamp-shaped color patch; reason=aspect bbox=299x65px
[gazebo_track_car-2] [INFO] [1781167733.763283201] [gazebo_track_car]: camera traffic-light green candidate ignored as non-lamp-shaped color patch; reason=aspect bbox=170x25px
[gazebo_track_car-2] [INFO] [1781167733.785260079] [gazebo_track_car]: camera traffic-light green candidate ignored as non-lamp-shaped color patch; reason=large bbox=140x65px
[gazebo_track_car-2] [INFO] [1781167733.785489640] [gazebo_track_car]: camera traffic-light green candidate ignored as non-lamp-shaped color patch; reason=aspect bbox=298x65px
[gazebo_track_car-2] [INFO] [1781167733.785664670] [gazebo_track_car]: camera traffic-light green candidate ignored as non-lamp-shaped color patch; reason=aspect bbox=170x25px
[gazebo_track_car-2] [INFO] [1781167733.806143549] [gazebo_track_car]: camera traffic light lost for 0.2s.
[gazebo_track_car-2] [INFO] [1781167733.815861293] [gazebo_track_car]: camera traffic-light green candidate ignored as non-lamp-shaped color patch; reason=large bbox=140x65px
[gazebo_track_car-2] [INFO] [1781167733.816127954] [gazebo_track_car]: camera traffic-light green candidate ignored as non-lamp-shaped color patch; reason=aspect bbox=298x65px
[gazebo_track_car-2] [INFO] [1781167733.816309957] [gazebo_track_car]: camera traffic-light green candidate ignored as non-lamp-shaped color patch; reason=aspect bbox=170x25px
[gazebo_track_car-2] [INFO] [1781167733.863156961] [gazebo_track_car]: camera traffic-light green candidate ignored as non-lamp-shaped color patch; reason=large bbox=141x65px
[gazebo_track_car-2] [INFO] [1781167733.863440313] [gazebo_track_car]: camera traffic-light green candidate ignored as non-lamp-shaped color patch; reason=aspect bbox=298x66px
[gazebo_track_car-2] [INFO] [1781167733.863627966] [gazebo_track_car]: camera traffic-light green candidate ignored as non-lamp-shaped color patch; reason=aspect bbox=170x25px
[gazebo_track_car-2] [INFO] [1781167733.891323607] [gazebo_track_car]: camera traffic-light green candidate ignored as non-lamp-shaped color patch; reason=large bbox=143x66px
[gazebo_track_car-2] [INFO] [1781167733.891596760] [gazebo_track_car]: camera traffic-light green candidate ignored as non-lamp-shaped color patch; reason=aspect bbox=169x25px
[gazebo_track_car-2] [INFO] [1781167733.891780336] [gazebo_track_car]: camera traffic-light green candidate ignored as non-lamp-shaped color patch; reason=aspect bbox=296x66px
[gazebo_track_car-2] [INFO] [1781167733.936477788] [gazebo_track_car]: camera traffic-light green candidate ignored as non-lamp-shaped color patch; reason=large bbox=145x67px
[gazebo_track_car-2] [INFO] [1781167733.936907336] [gazebo_track_car]: camera traffic-light green candidate ignored as non-lamp-shaped color patch; reason=aspect bbox=167x24px
[gazebo_track_car-2] [INFO] [1781167733.937091362] [gazebo_track_car]: camera traffic-light green candidate ignored as non-lamp-shaped color patch; reason=aspect bbox=293x64px
[gazebo_track_car-2] [INFO] [1781167733.970392601] [gazebo_track_car]: camera traffic-light green candidate ignored as non-lamp-shaped color patch; reason=large bbox=147x67px
[gazebo_track_car-2] [INFO] [1781167733.971123285] [gazebo_track_car]: camera traffic-light green candidate ignored as non-lamp-shaped color patch; reason=aspect bbox=166x24px
[gazebo_track_car-2] [INFO] [1781167733.971818542] [gazebo_track_car]: camera traffic-light green candidate ignored as non-lamp-shaped color patch; reason=aspect bbox=292x65px
[gazebo_track_car-2] [INFO] [1781167733.988270011] [gazebo_track_car]: camera traffic-light green candidate ignored as non-lamp-shaped color patch; reason=large bbox=148x68px
[gazebo_track_car-2] [INFO] [1781167733.988859800] [gazebo_track_car]: camera traffic-light green candidate ignored as non-lamp-shaped color patch; reason=aspect bbox=165x24px
[gazebo_track_car-2] [INFO] [1781167733.989770072] [gazebo_track_car]: camera traffic-light green candidate ignored as non-lamp-shaped color patch; reason=aspect bbox=289x66px
[gazebo_track_car-2] [INFO] [1781167734.031318505] [gazebo_track_car]: camera traffic-light green candidate ignored as non-lamp-shaped color patch; reason=large bbox=150x70px
[gazebo_track_car-2] [INFO] [1781167734.032053196] [gazebo_track_car]: camera traffic-light green candidate ignored as non-lamp-shaped color patch; reason=aspect bbox=164x24px
[gazebo_track_car-2] [INFO] [1781167734.032325008] [gazebo_track_car]: camera traffic-light green candidate ignored as non-lamp-shaped color patch; reason=aspect bbox=287x67px
[gazebo_track_car-2] [INFO] [1781167734.055244610] [gazebo_track_car]: camera traffic-light green candidate ignored as non-lamp-shaped color patch; reason=large bbox=152x71px
[gazebo_track_car-2] [INFO] [1781167734.055530708] [gazebo_track_car]: camera traffic-light green candidate ignored as non-lamp-shaped color patch; reason=aspect bbox=163x24px
[gazebo_track_car-2] [INFO] [1781167734.055718882] [gazebo_track_car]: camera traffic-light green candidate ignored as non-lamp-shaped color patch; reason=aspect bbox=285x68px
[gazebo_track_car-2] [INFO] [1781167734.090120487] [gazebo_track_car]: camera traffic-light green candidate ignored as non-lamp-shaped color patch; reason=large bbox=154x72px
[gazebo_track_car-2] [INFO] [1781167734.090459665] [gazebo_track_car]: camera traffic-light green candidate ignored as non-lamp-shaped color patch; reason=aspect bbox=162x24px
[gazebo_track_car-2] [INFO] [1781167734.090656585] [gazebo_track_car]: camera traffic-light green candidate ignored as non-lamp-shaped color patch; reason=aspect bbox=283x69px
[gazebo_track_car-2] [INFO] [1781167734.127993270] [gazebo_track_car]: camera traffic-light green candidate ignored as non-lamp-shaped color patch; reason=large bbox=156x73px
[gazebo_track_car-2] [INFO] [1781167734.128266012] [gazebo_track_car]: camera traffic-light green candidate ignored as non-lamp-shaped color patch; reason=aspect bbox=161x24px
[gazebo_track_car-2] [INFO] [1781167734.128490455] [gazebo_track_car]: camera traffic-light green candidate ignored as non-lamp-shaped color patch; reason=aspect bbox=281x70px
[gazebo_track_car-2] [INFO] [1781167734.163378542] [gazebo_track_car]: camera traffic-light green candidate ignored as non-lamp-shaped color patch; reason=large bbox=158x74px
[gazebo_track_car-2] [INFO] [1781167734.163659310] [gazebo_track_car]: camera traffic-light green candidate ignored as non-lamp-shaped color patch; reason=aspect bbox=160x24px
[gazebo_track_car-2] [INFO] [1781167734.163846612] [gazebo_track_car]: camera traffic-light green candidate ignored as non-lamp-shaped color patch; reason=aspect bbox=279x71px
[gazebo_track_car-2] [INFO] [1781167734.197565214] [gazebo_track_car]: camera traffic-light green candidate ignored as non-lamp-shaped color patch; reason=large bbox=159x75px
[gazebo_track_car-2] [INFO] [1781167734.197915212] [gazebo_track_car]: camera traffic-light green candidate ignored as non-lamp-shaped color patch; reason=aspect bbox=159x23px
[gazebo_track_car-2] [INFO] [1781167734.198116862] [gazebo_track_car]: camera traffic-light green candidate ignored as non-lamp-shaped color patch; reason=aspect bbox=277x72px
[gazebo_track_car-2] [INFO] [1781167734.223135722] [gazebo_track_car]: camera traffic-light green candidate ignored as non-lamp-shaped color patch; reason=large bbox=161x75px
[gazebo_track_car-2] [INFO] [1781167734.223440315] [gazebo_track_car]: camera traffic-light green candidate ignored as non-lamp-shaped color patch; reason=aspect bbox=158x23px
[gazebo_track_car-2] [INFO] [1781167734.223641423] [gazebo_track_car]: camera traffic-light green candidate ignored as non-lamp-shaped color patch; reason=aspect bbox=275x73px
[gazebo_track_car-2] [INFO] [1781167734.223981192] [gazebo_track_car]: camera traffic light is YELLOW score=35.3 area=85px bbox=12x10px fill=0.71 center=(644,340)
[gazebo_track_car-2] [INFO] [1781167734.224262051] [gazebo_track_car]: camera traffic light ignored outside distance gate; state=yellow segment=flat_left_mid_to_top_reverse gate<=1.70m nearby_target=palette_traffic_light_02_yaw_180 dist=2.77m forward=1.83m lateral=2.08m area=85px bbox=12x10px center=(644,340)
[gazebo_track_car-2] [INFO] [1781167734.244419408] [gazebo_track_car]: camera traffic-light green candidate ignored as non-lamp-shaped color patch; reason=large bbox=162x76px
[gazebo_track_car-2] [INFO] [1781167734.244799292] [gazebo_track_car]: camera traffic-light green candidate ignored as non-lamp-shaped color patch; reason=aspect bbox=157x23px
[gazebo_track_car-2] [INFO] [1781167734.245001463] [gazebo_track_car]: camera traffic-light green candidate ignored as non-lamp-shaped color patch; reason=aspect bbox=273x73px
[gazebo_track_car-2] [INFO] [1781167734.290777288] [gazebo_track_car]: camera traffic-light green candidate ignored as non-lamp-shaped color patch; reason=large bbox=164x77px
[gazebo_track_car-2] [INFO] [1781167734.291057214] [gazebo_track_car]: camera traffic-light green candidate ignored as non-lamp-shaped color patch; reason=aspect bbox=156x23px
[gazebo_track_car-2] [INFO] [1781167734.291241200] [gazebo_track_car]: camera traffic-light green candidate ignored as non-lamp-shaped color patch; reason=aspect bbox=271x74px
[gazebo_track_car-2] [INFO] [1781167734.345007382] [gazebo_track_car]: camera traffic-light green candidate ignored as non-lamp-shaped color patch; reason=large bbox=165x78px
[gazebo_track_car-2] [INFO] [1781167734.345240340] [gazebo_track_car]: camera traffic-light green candidate ignored as non-lamp-shaped color patch; reason=aspect bbox=155x23px
[gazebo_track_car-2] [INFO] [1781167734.345416140] [gazebo_track_car]: camera traffic-light green candidate ignored as non-lamp-shaped color patch; reason=aspect bbox=269x74px
[gazebo_track_car-2] [INFO] [1781167734.367298312] [gazebo_track_car]: camera traffic-light green candidate ignored as non-lamp-shaped color patch; reason=large bbox=167x79px
[gazebo_track_car-2] [INFO] [1781167734.367574141] [gazebo_track_car]: camera traffic-light green candidate ignored as non-lamp-shaped color patch; reason=aspect bbox=154x23px
[gazebo_track_car-2] [INFO] [1781167734.367755492] [gazebo_track_car]: camera traffic-light green candidate ignored as non-lamp-shaped color patch; reason=aspect bbox=267x73px
[gazebo_track_car-2] [INFO] [1781167734.389863327] [gazebo_track_car]: camera traffic-light green candidate ignored as non-lamp-shaped color patch; reason=large bbox=169x80px
[gazebo_track_car-2] [INFO] [1781167734.390140048] [gazebo_track_car]: camera traffic-light green candidate ignored as non-lamp-shaped color patch; reason=aspect bbox=153x23px
[gazebo_track_car-2] [INFO] [1781167734.390324234] [gazebo_track_car]: camera traffic-light green candidate ignored as non-lamp-shaped color patch; reason=aspect bbox=265x73px
[gazebo_track_car-2] [INFO] [1781167734.423584563] [gazebo_track_car]: camera traffic-light green candidate ignored as non-lamp-shaped color patch; reason=large bbox=170x81px
[gazebo_track_car-2] [INFO] [1781167734.423940181] [gazebo_track_car]: camera traffic-light green candidate ignored as non-lamp-shaped color patch; reason=aspect bbox=153x23px
[gazebo_track_car-2] [INFO] [1781167734.424126572] [gazebo_track_car]: camera traffic-light green candidate ignored as non-lamp-shaped color patch; reason=aspect bbox=264x73px
[gazebo_track_car-2] [INFO] [1781167734.447618040] [gazebo_track_car]: camera traffic-light green candidate ignored as non-lamp-shaped color patch; reason=large bbox=172x82px
[gazebo_track_car-2] [INFO] [1781167734.448276859] [gazebo_track_car]: camera traffic-light green candidate ignored as non-lamp-shaped color patch; reason=aspect bbox=152x23px
[gazebo_track_car-2] [INFO] [1781167734.448682561] [gazebo_track_car]: camera traffic-light green candidate ignored as non-lamp-shaped color patch; reason=aspect bbox=262x73px
[gazebo_track_car-2] [INFO] [1781167734.522058730] [gazebo_track_car]: camera traffic-light green candidate ignored as non-lamp-shaped color patch; reason=large bbox=173x82px
[gazebo_track_car-2] [INFO] [1781167734.522350498] [gazebo_track_car]: camera traffic-light green candidate ignored as non-lamp-shaped color patch; reason=aspect bbox=152x23px
[gazebo_track_car-2] [INFO] [1781167734.522538322] [gazebo_track_car]: camera traffic-light green candidate ignored as non-lamp-shaped color patch; reason=aspect bbox=261x73px
[gazebo_track_car-2] [INFO] [1781167734.532333423] [gazebo_track_car]: camera traffic-light green candidate ignored as non-lamp-shaped color patch; reason=large bbox=174x83px
[gazebo_track_car-2] [INFO] [1781167734.532689703] [gazebo_track_car]: camera traffic-light green candidate ignored as non-lamp-shaped color patch; reason=aspect bbox=152x24px
[gazebo_track_car-2] [INFO] [1781167734.533028009] [gazebo_track_car]: camera traffic-light green candidate ignored as non-lamp-shaped color patch; reason=aspect bbox=260x73px
[gazebo_track_car-2] [INFO] [1781167734.555931811] [gazebo_track_car]: camera traffic-light green candidate ignored as non-lamp-shaped color patch; reason=large bbox=175x84px
[gazebo_track_car-2] [INFO] [1781167734.556201388] [gazebo_track_car]: camera traffic-light green candidate ignored as non-lamp-shaped color patch; reason=aspect bbox=154x24px
[gazebo_track_car-2] [INFO] [1781167734.556387168] [gazebo_track_car]: camera traffic-light green candidate ignored as non-lamp-shaped color patch; reason=aspect bbox=259x73px
[gazebo_track_car-2] [INFO] [1781167734.598289969] [gazebo_track_car]: camera traffic-light green candidate ignored as non-lamp-shaped color patch; reason=large bbox=174x84px
[gazebo_track_car-2] [INFO] [1781167734.598682397] [gazebo_track_car]: camera traffic-light green candidate ignored as non-lamp-shaped color patch; reason=aspect bbox=156x24px
[gazebo_track_car-2] [INFO] [1781167734.598887222] [gazebo_track_car]: camera traffic-light green candidate ignored as non-lamp-shaped color patch; reason=aspect bbox=260x73px
[gazebo_track_car-2] [INFO] [1781167734.612059825] [gazebo_track_car]: camera traffic-light green candidate ignored as non-lamp-shaped color patch; reason=large bbox=174x84px
[gazebo_track_car-2] [INFO] [1781167734.612329642] [gazebo_track_car]: camera traffic-light green candidate ignored as non-lamp-shaped color patch; reason=aspect bbox=156x24px
[gazebo_track_car-2] [INFO] [1781167734.612797422] [gazebo_track_car]: camera traffic-light green candidate ignored as non-lamp-shaped color patch; reason=aspect bbox=260x73px
[gazebo_track_car-2] [INFO] [1781167734.654115023] [gazebo_track_car]: camera traffic-light green candidate ignored as non-lamp-shaped color patch; reason=large bbox=174x84px
[gazebo_track_car-2] [INFO] [1781167734.654852190] [gazebo_track_car]: camera traffic-light green candidate ignored as non-lamp-shaped color patch; reason=aspect bbox=156x24px
[gazebo_track_car-2] [INFO] [1781167734.655139851] [gazebo_track_car]: camera traffic-light green candidate ignored as non-lamp-shaped color patch; reason=aspect bbox=260x73px
[gazebo_track_car-2] [INFO] [1781167734.697368234] [gazebo_track_car]: camera traffic-light green candidate ignored as non-lamp-shaped color patch; reason=large bbox=175x84px
[gazebo_track_car-2] [INFO] [1781167734.697695229] [gazebo_track_car]: camera traffic-light green candidate ignored as non-lamp-shaped color patch; reason=aspect bbox=157x24px
[gazebo_track_car-2] [INFO] [1781167734.697898952] [gazebo_track_car]: camera traffic-light green candidate ignored as non-lamp-shaped color patch; reason=aspect bbox=260x74px
[gazebo_track_car-2] [WARN] [1781167734.711188885] [gazebo_track_car]: JITTER events=7 reasons=yaw_step_error=0.057rad pos=(+2.181,+0.868) step=0.0024/0.0171m yaw=0.003/0.060rad route=flat_left_mid_to_top_reverse
[gazebo_track_car-2] [INFO] [1781167734.722262460] [gazebo_track_car]: camera traffic-light green candidate ignored as non-lamp-shaped color patch; reason=large bbox=175x84px
[gazebo_track_car-2] [INFO] [1781167734.722544731] [gazebo_track_car]: camera traffic-light green candidate ignored as non-lamp-shaped color patch; reason=aspect bbox=160x24px
[gazebo_track_car-2] [INFO] [1781167734.722932640] [gazebo_track_car]: camera traffic-light green candidate ignored as non-lamp-shaped color patch; reason=aspect bbox=261x74px
[gazebo_track_car-2] [INFO] [1781167734.759162012] [gazebo_track_car]: camera traffic-light green candidate ignored as non-lamp-shaped color patch; reason=large bbox=175x85px
[gazebo_track_car-2] [INFO] [1781167734.759442971] [gazebo_track_car]: camera traffic-light green candidate ignored as non-lamp-shaped color patch; reason=aspect bbox=163x25px
[gazebo_track_car-2] [INFO] [1781167734.759629963] [gazebo_track_car]: camera traffic-light green candidate ignored as non-lamp-shaped color patch; reason=aspect bbox=262x74px
[gazebo_track_car-2] [INFO] [1781167734.788053875] [gazebo_track_car]: camera traffic-light green candidate ignored as non-lamp-shaped color patch; reason=large bbox=175x85px
[gazebo_track_car-2] [INFO] [1781167734.788952515] [gazebo_track_car]: camera traffic-light green candidate ignored as non-lamp-shaped color patch; reason=aspect bbox=167x25px
[gazebo_track_car-2] [INFO] [1781167734.789197897] [gazebo_track_car]: camera traffic-light green candidate ignored as non-lamp-shaped color patch; reason=aspect bbox=263x74px
[gazebo_track_car-2] [INFO] [1781167734.818190819] [gazebo_track_car]: MOTION pos=(+2.182,+0.856) yaw=-1.604 v=0.117 step_err=0.0020m/0.013rad track_err=0.0041m footprint=road:8.59px route=flat_left_mid_to_top_reverse cmd_vel=(0.107,-0.271)
[gazebo_track_car-2] [INFO] [1781167734.823465477] [gazebo_track_car]: camera traffic-light green candidate ignored as non-lamp-shaped color patch; reason=large bbox=174x85px
[gazebo_track_car-2] [INFO] [1781167734.823738410] [gazebo_track_car]: camera traffic-light green candidate ignored as non-lamp-shaped color patch; reason=aspect bbox=172x25px
[gazebo_track_car-2] [INFO] [1781167734.823924931] [gazebo_track_car]: camera traffic-light green candidate ignored as non-lamp-shaped color patch; reason=aspect bbox=264x73px
[gazebo_track_car-2] [INFO] [1781167734.859967482] [gazebo_track_car]: camera traffic-light green candidate ignored as non-lamp-shaped color patch; reason=aspect bbox=176x26px
[gazebo_track_car-2] [INFO] [1781167734.860960760] [gazebo_track_car]: camera traffic-light green candidate ignored as non-lamp-shaped color patch; reason=large bbox=173x86px
[gazebo_track_car-2] [INFO] [1781167734.861328331] [gazebo_track_car]: camera traffic-light green candidate ignored as non-lamp-shaped color patch; reason=aspect bbox=266x72px
[gazebo_track_car-2] [INFO] [1781167734.904318099] [gazebo_track_car]: camera traffic-light green candidate ignored as non-lamp-shaped color patch; reason=aspect bbox=178x26px
[gazebo_track_car-2] [INFO] [1781167734.904597554] [gazebo_track_car]: camera traffic-light green candidate ignored as non-lamp-shaped color patch; reason=large bbox=174x86px
[gazebo_track_car-2] [INFO] [1781167734.904786620] [gazebo_track_car]: camera traffic-light green candidate ignored as non-lamp-shaped color patch; reason=aspect bbox=267x71px
[gazebo_track_car-2] [INFO] [1781167734.920897899] [gazebo_track_car]: camera traffic-light green candidate ignored as non-lamp-shaped color patch; reason=aspect bbox=178x26px
[gazebo_track_car-2] [INFO] [1781167734.922206029] [gazebo_track_car]: camera traffic-light green candidate ignored as non-lamp-shaped color patch; reason=large bbox=173x86px
[gazebo_track_car-2] [INFO] [1781167734.922460037] [gazebo_track_car]: camera traffic-light green candidate ignored as non-lamp-shaped color patch; reason=aspect bbox=267x71px
[gazebo_track_car-2] [INFO] [1781167734.963775503] [gazebo_track_car]: camera traffic-light green candidate ignored as non-lamp-shaped color patch; reason=aspect bbox=178x26px
[gazebo_track_car-2] [INFO] [1781167734.964539870] [gazebo_track_car]: camera traffic-light green candidate ignored as non-lamp-shaped color patch; reason=large bbox=174x86px
[gazebo_track_car-2] [INFO] [1781167734.964971231] [gazebo_track_car]: camera traffic-light green candidate ignored as non-lamp-shaped color patch; reason=aspect bbox=267x71px
[gazebo_track_car-2] [INFO] [1781167734.999715611] [gazebo_track_car]: camera traffic-light green candidate ignored as non-lamp-shaped color patch; reason=aspect bbox=178x26px
[gazebo_track_car-2] [INFO] [1781167734.999990037] [gazebo_track_car]: camera traffic-light green candidate ignored as non-lamp-shaped color patch; reason=large bbox=174x86px
[gazebo_track_car-2] [INFO] [1781167735.000176878] [gazebo_track_car]: camera traffic-light green candidate ignored as non-lamp-shaped color patch; reason=aspect bbox=267x71px
[gazebo_track_car-2] [INFO] [1781167735.022714802] [gazebo_track_car]: camera traffic-light green candidate ignored as non-lamp-shaped color patch; reason=aspect bbox=178x26px
[gazebo_track_car-2] [INFO] [1781167735.022996051] [gazebo_track_car]: camera traffic-light green candidate ignored as non-lamp-shaped color patch; reason=large bbox=174x86px
[gazebo_track_car-2] [INFO] [1781167735.023215183] [gazebo_track_car]: camera traffic-light green candidate ignored as non-lamp-shaped color patch; reason=aspect bbox=267x71px
[gazebo_track_car-2] [INFO] [1781167735.052136618] [gazebo_track_car]: camera traffic-light green candidate ignored as non-lamp-shaped color patch; reason=aspect bbox=178x26px
[gazebo_track_car-2] [INFO] [1781167735.052426463] [gazebo_track_car]: camera traffic-light green candidate ignored as non-lamp-shaped color patch; reason=large bbox=174x86px
[gazebo_track_car-2] [INFO] [1781167735.052613024] [gazebo_track_car]: camera traffic-light green candidate ignored as non-lamp-shaped color patch; reason=aspect bbox=267x71px
[gazebo_track_car-2] [INFO] [1781167735.096827178] [gazebo_track_car]: camera traffic-light green candidate ignored as non-lamp-shaped color patch; reason=aspect bbox=184x28px
[gazebo_track_car-2] [INFO] [1781167735.097616032] [gazebo_track_car]: camera traffic-light green candidate ignored as non-lamp-shaped color patch; reason=large bbox=173x86px
[gazebo_track_car-2] [INFO] [1781167735.097879227] [gazebo_track_car]: camera traffic-light green candidate ignored as non-lamp-shaped color patch; reason=aspect bbox=270x69px
[gazebo_track_car-2] [INFO] [1781167735.141841507] [gazebo_track_car]: camera traffic-light green candidate ignored as non-lamp-shaped color patch; reason=aspect bbox=189x28px
[gazebo_track_car-2] [INFO] [1781167735.142110843] [gazebo_track_car]: camera traffic-light green candidate ignored as non-lamp-shaped color patch; reason=large bbox=171x86px
[gazebo_track_car-2] [INFO] [1781167735.142296072] [gazebo_track_car]: camera traffic-light green candidate ignored as non-lamp-shaped color patch; reason=aspect bbox=272x67px
[gazebo_track_car-2] [INFO] [1781167735.174017350] [gazebo_track_car]: camera traffic-light green candidate ignored as non-lamp-shaped color patch; reason=aspect bbox=195x29px
[gazebo_track_car-2] [INFO] [1781167735.174331451] [gazebo_track_car]: camera traffic-light green candidate ignored as non-lamp-shaped color patch; reason=large bbox=171x87px
[gazebo_track_car-2] [INFO] [1781167735.174530415] [gazebo_track_car]: camera traffic-light green candidate ignored as non-lamp-shaped color patch; reason=aspect bbox=275x66px
[gazebo_track_car-2] [INFO] [1781167735.204706234] [gazebo_track_car]: camera traffic-light green candidate ignored as non-lamp-shaped color patch; reason=aspect bbox=201x29px
[gazebo_track_car-2] [INFO] [1781167735.204985319] [gazebo_track_car]: camera traffic-light green candidate ignored as non-lamp-shaped color patch; reason=large bbox=170x87px
[gazebo_track_car-2] [INFO] [1781167735.205239497] [gazebo_track_car]: camera traffic-light green candidate ignored as non-lamp-shaped color patch; reason=aspect bbox=278x64px
[gazebo_track_car-2] [INFO] [1781167735.220464303] [gazebo_track_car]: camera traffic-light green candidate ignored as non-lamp-shaped color patch; reason=aspect bbox=206x30px
[gazebo_track_car-2] [INFO] [1781167735.220782782] [gazebo_track_car]: camera traffic-light green candidate ignored as non-lamp-shaped color patch; reason=large bbox=168x86px
[gazebo_track_car-2] [INFO] [1781167735.220982047] [gazebo_track_car]: camera traffic-light green candidate ignored as non-lamp-shaped color patch; reason=aspect bbox=281x62px
[gazebo_track_car-2] [INFO] [1781167735.266768959] [gazebo_track_car]: camera traffic-light green candidate ignored as non-lamp-shaped color patch; reason=aspect bbox=212x31px
[gazebo_track_car-2] [INFO] [1781167735.267058113] [gazebo_track_car]: camera traffic-light green candidate ignored as non-lamp-shaped color patch; reason=large bbox=167x86px
[gazebo_track_car-2] [INFO] [1781167735.267514521] [gazebo_track_car]: camera traffic-light green candidate ignored as non-lamp-shaped color patch; reason=aspect bbox=275x61px
[gazebo_track_car-2] [INFO] [1781167735.300454461] [gazebo_track_car]: camera traffic-light green candidate ignored as non-lamp-shaped color patch; reason=aspect bbox=218x32px
[gazebo_track_car-2] [INFO] [1781167735.300838483] [gazebo_track_car]: camera traffic-light green candidate ignored as non-lamp-shaped color patch; reason=large bbox=166x87px
[gazebo_track_car-2] [INFO] [1781167735.301043439] [gazebo_track_car]: camera traffic-light green candidate ignored as non-lamp-shaped color patch; reason=aspect bbox=266x59px
[gazebo_track_car-2] [INFO] [1781167735.332356299] [gazebo_track_car]: camera traffic-light green candidate ignored as non-lamp-shaped color patch; reason=aspect bbox=224x32px
[gazebo_track_car-2] [INFO] [1781167735.333006071] [gazebo_track_car]: camera traffic-light green candidate ignored as non-lamp-shaped color patch; reason=large bbox=164x87px
[gazebo_track_car-2] [INFO] [1781167735.333256131] [gazebo_track_car]: camera traffic-light green candidate ignored as non-lamp-shaped color patch; reason=aspect bbox=254x56px
[gazebo_track_car-2] [INFO] [1781167735.357861847] [gazebo_track_car]: camera traffic-light green candidate ignored as non-lamp-shaped color patch; reason=aspect bbox=231x33px
[gazebo_track_car-2] [INFO] [1781167735.358196346] [gazebo_track_car]: camera traffic-light green candidate ignored as non-lamp-shaped color patch; reason=large bbox=162x86px
[gazebo_track_car-2] [INFO] [1781167735.358379701] [gazebo_track_car]: camera traffic-light green candidate ignored as non-lamp-shaped color patch; reason=aspect bbox=245x55px
[gazebo_track_car-2] [INFO] [1781167735.382723915] [gazebo_track_car]: camera traffic-light green candidate ignored as non-lamp-shaped color patch; reason=aspect bbox=237x33px
[gazebo_track_car-2] [INFO] [1781167735.383034800] [gazebo_track_car]: camera traffic-light green candidate ignored as non-lamp-shaped color patch; reason=large bbox=161x87px
[gazebo_track_car-2] [INFO] [1781167735.383266956] [gazebo_track_car]: camera traffic-light green candidate ignored as non-lamp-shaped color patch; reason=aspect bbox=234x53px
[gazebo_track_car-2] [INFO] [1781167735.422941021] [gazebo_track_car]: camera traffic-light green candidate ignored as non-lamp-shaped color patch; reason=aspect bbox=242x34px
[gazebo_track_car-2] [INFO] [1781167735.423679860] [gazebo_track_car]: camera traffic-light green candidate ignored as non-lamp-shaped color patch; reason=large bbox=160x87px
[gazebo_track_car-2] [INFO] [1781167735.424088509] [gazebo_track_car]: camera traffic-light green candidate ignored as non-lamp-shaped color patch; reason=aspect bbox=225x51px
[gazebo_track_car-2] [INFO] [1781167735.460088414] [gazebo_track_car]: camera traffic-light green candidate ignored as non-lamp-shaped color patch; reason=aspect bbox=247x35px
[gazebo_track_car-2] [INFO] [1781167735.460368020] [gazebo_track_car]: camera traffic-light green candidate ignored as non-lamp-shaped color patch; reason=large bbox=159x86px
[gazebo_track_car-2] [INFO] [1781167735.460643879] [gazebo_track_car]: camera traffic-light green candidate ignored as non-lamp-shaped color patch; reason=aspect bbox=220x51px
[gazebo_track_car-2] [INFO] [1781167735.488422081] [gazebo_track_car]: camera traffic-light green candidate ignored as non-lamp-shaped color patch; reason=aspect bbox=251x36px
[gazebo_track_car-2] [INFO] [1781167735.488647254] [gazebo_track_car]: camera traffic-light green candidate ignored as non-lamp-shaped color patch; reason=large bbox=158x87px
[gazebo_track_car-2] [INFO] [1781167735.488932521] [gazebo_track_car]: camera traffic-light green candidate ignored as non-lamp-shaped color patch; reason=aspect bbox=213x49px
[gazebo_track_car-2] [INFO] [1781167735.522832486] [gazebo_track_car]: camera traffic-light green candidate ignored as non-lamp-shaped color patch; reason=aspect bbox=257x35px
[gazebo_track_car-2] [INFO] [1781167735.523108816] [gazebo_track_car]: camera traffic-light green candidate ignored as non-lamp-shaped color patch; reason=large bbox=156x87px
[gazebo_track_car-2] [INFO] [1781167735.523294946] [gazebo_track_car]: camera traffic-light green candidate ignored as non-lamp-shaped color patch; reason=aspect bbox=205x47px
[gazebo_track_car-2] [INFO] [1781167735.561062996] [gazebo_track_car]: camera traffic-light green candidate ignored as non-lamp-shaped color patch; reason=aspect bbox=263x34px
[gazebo_track_car-2] [INFO] [1781167735.561346970] [gazebo_track_car]: camera traffic-light green candidate ignored as non-lamp-shaped color patch; reason=large bbox=155x86px
[gazebo_track_car-2] [INFO] [1781167735.561533121] [gazebo_track_car]: camera traffic-light green candidate ignored as non-lamp-shaped color patch; reason=aspect bbox=196x46px
[gazebo_track_car-2] [INFO] [1781167735.606994569] [gazebo_track_car]: camera traffic-light green candidate ignored as non-lamp-shaped color patch; reason=aspect bbox=262x33px
[gazebo_track_car-2] [INFO] [1781167735.607262853] [gazebo_track_car]: camera traffic-light green candidate ignored as non-lamp-shaped color patch; reason=large bbox=155x86px
[gazebo_track_car-2] [INFO] [1781167735.607751242] [gazebo_track_car]: camera traffic-light green candidate ignored as non-lamp-shaped color patch; reason=aspect bbox=196x46px
[gazebo_track_car-2] [INFO] [1781167735.613896136] [gazebo_track_car]: traffic light is now GREEN.
[gazebo_track_car-2] [INFO] [1781167735.631496700] [gazebo_track_car]: camera traffic-light green candidate ignored as non-lamp-shaped color patch; reason=aspect bbox=262x33px
[gazebo_track_car-2] [INFO] [1781167735.631770345] [gazebo_track_car]: camera traffic-light green candidate ignored as non-lamp-shaped color patch; reason=large bbox=155x86px
[gazebo_track_car-2] [INFO] [1781167735.631955333] [gazebo_track_car]: camera traffic-light green candidate ignored as non-lamp-shaped color patch; reason=aspect bbox=196x46px
[gazebo_track_car-2] [INFO] [1781167735.665691681] [gazebo_track_car]: camera traffic-light green candidate ignored as non-lamp-shaped color patch; reason=aspect bbox=262x33px
[gazebo_track_car-2] [INFO] [1781167735.666507465] [gazebo_track_car]: camera traffic-light green candidate ignored as non-lamp-shaped color patch; reason=large bbox=155x86px
[gazebo_track_car-2] [INFO] [1781167735.666883923] [gazebo_track_car]: camera traffic-light green candidate ignored as non-lamp-shaped color patch; reason=aspect bbox=196x46px
[gazebo_track_car-2] [INFO] [1781167735.689963378] [gazebo_track_car]: camera traffic-light green candidate ignored as non-lamp-shaped color patch; reason=aspect bbox=262x33px
[gazebo_track_car-2] [INFO] [1781167735.690668364] [gazebo_track_car]: camera traffic-light green candidate ignored as non-lamp-shaped color patch; reason=large bbox=155x86px
[gazebo_track_car-2] [INFO] [1781167735.690954643] [gazebo_track_car]: camera traffic-light green candidate ignored as non-lamp-shaped color patch; reason=aspect bbox=196x46px
[gazebo_track_car-2] [INFO] [1781167735.714684941] [gazebo_track_car]: camera traffic light lost for 0.2s.
[gazebo_track_car-2] [INFO] [1781167735.733290292] [gazebo_track_car]: camera traffic-light green candidate ignored as non-lamp-shaped color patch; reason=aspect bbox=262x33px
[gazebo_track_car-2] [INFO] [1781167735.733649508] [gazebo_track_car]: camera traffic-light green candidate ignored as non-lamp-shaped color patch; reason=large bbox=155x86px
[gazebo_track_car-2] [INFO] [1781167735.733850967] [gazebo_track_car]: camera traffic-light green candidate ignored as non-lamp-shaped color patch; reason=aspect bbox=196x46px
[gazebo_track_car-2] [INFO] [1781167735.788890979] [gazebo_track_car]: camera traffic-light green candidate ignored as non-lamp-shaped color patch; reason=aspect bbox=260x33px
[gazebo_track_car-2] [INFO] [1781167735.789171327] [gazebo_track_car]: camera traffic-light green candidate ignored as non-lamp-shaped color patch; reason=large bbox=154x86px
[gazebo_track_car-2] [INFO] [1781167735.789354782] [gazebo_track_car]: camera traffic-light green candidate ignored as non-lamp-shaped color patch; reason=aspect bbox=192x45px
[gazebo_track_car-2] [INFO] [1781167735.796131176] [gazebo_track_car]: camera traffic-light green candidate ignored as non-lamp-shaped color patch; reason=aspect bbox=247x31px
[gazebo_track_car-2] [INFO] [1781167735.797009989] [gazebo_track_car]: camera traffic-light green candidate ignored as non-lamp-shaped color patch; reason=large bbox=153x87px
[gazebo_track_car-2] [INFO] [1781167735.797256422] [gazebo_track_car]: camera traffic-light green candidate ignored as non-lamp-shaped color patch; reason=aspect bbox=185x43px
[gazebo_track_car-2] [INFO] [1781167735.830834563] [gazebo_track_car]: camera traffic-light green candidate ignored as non-lamp-shaped color patch; reason=aspect bbox=232x30px
[gazebo_track_car-2] [INFO] [1781167735.831076428] [gazebo_track_car]: camera traffic-light green candidate ignored as non-lamp-shaped color patch; reason=large bbox=152x86px
[gazebo_track_car-2] [INFO] [1781167735.831253080] [gazebo_track_car]: camera traffic-light green candidate ignored as non-lamp-shaped color patch; reason=aspect bbox=180x43px
[gazebo_track_car-2] [WARN] [1781167735.844303191] [gazebo_track_car]: JITTER events=12 reasons=speed_delta=0.074m/s,yaw_rate_delta=0.409rad/s pos=(+2.193,+0.799) step=0.0007/0.0000m yaw=0.004/0.000rad route=flat_left_mid_to_top_reverse
[gazebo_track_car-2] [INFO] [1781167735.877746010] [gazebo_track_car]: camera traffic-light green candidate ignored as non-lamp-shaped color patch; reason=aspect bbox=226x29px
[gazebo_track_car-2] [INFO] [1781167735.878020386] [gazebo_track_car]: camera traffic-light green candidate ignored as non-lamp-shaped color patch; reason=large bbox=151x86px
[gazebo_track_car-2] [INFO] [1781167735.878203059] [gazebo_track_car]: camera traffic-light green candidate ignored as non-lamp-shaped color patch; reason=aspect bbox=174x42px
[gazebo_track_car-2] [INFO] [1781167735.902933639] [gazebo_track_car]: camera traffic-light green candidate ignored as non-lamp-shaped color patch; reason=aspect bbox=226x29px
[gazebo_track_car-2] [INFO] [1781167735.903179071] [gazebo_track_car]: camera traffic-light green candidate ignored as non-lamp-shaped color patch; reason=large bbox=151x86px
[gazebo_track_car-2] [INFO] [1781167735.903524611] [gazebo_track_car]: camera traffic-light green candidate ignored as non-lamp-shaped color patch; reason=aspect bbox=174x42px
[gazebo_track_car-2] [INFO] [1781167735.925892348] [gazebo_track_car]: camera traffic-light green candidate ignored as non-lamp-shaped color patch; reason=aspect bbox=226x29px
[gazebo_track_car-2] [INFO] [1781167735.926232427] [gazebo_track_car]: camera traffic-light green candidate ignored as non-lamp-shaped color patch; reason=large bbox=151x86px
[gazebo_track_car-2] [INFO] [1781167735.926435850] [gazebo_track_car]: camera traffic-light green candidate ignored as non-lamp-shaped color patch; reason=aspect bbox=174x42px
[gazebo_track_car-2] [INFO] [1781167735.961553396] [gazebo_track_car]: camera traffic-light green candidate ignored as non-lamp-shaped color patch; reason=aspect bbox=226x28px
[gazebo_track_car-2] [INFO] [1781167735.961824365] [gazebo_track_car]: camera traffic-light green candidate ignored as non-lamp-shaped color patch; reason=large bbox=150x86px
[gazebo_track_car-2] [INFO] [1781167735.962001769] [gazebo_track_car]: camera traffic-light green candidate ignored as non-lamp-shaped color patch; reason=aspect bbox=174x41px
[gazebo_track_car-2] [INFO] [1781167736.027316239] [gazebo_track_car]: camera traffic-light green candidate ignored as non-lamp-shaped color patch; reason=aspect bbox=214x28px
[gazebo_track_car-2] [INFO] [1781167736.027593972] [gazebo_track_car]: camera traffic-light green candidate ignored as non-lamp-shaped color patch; reason=large bbox=149x87px
[gazebo_track_car-2] [INFO] [1781167736.027777397] [gazebo_track_car]: camera traffic-light green candidate ignored as non-lamp-shaped color patch; reason=aspect bbox=167x40px
[gazebo_track_car-2] [INFO] [1781167736.034023725] [gazebo_track_car]: camera traffic-light green candidate ignored as non-lamp-shaped color patch; reason=aspect bbox=205x26px
[gazebo_track_car-2] [INFO] [1781167736.034294825] [gazebo_track_car]: camera traffic-light green candidate ignored as non-lamp-shaped color patch; reason=large bbox=148x86px
[gazebo_track_car-2] [INFO] [1781167736.034530368] [gazebo_track_car]: camera traffic-light green candidate ignored as non-lamp-shaped color patch; reason=aspect bbox=163x39px
[gazebo_track_car-2] [INFO] [1781167736.057872390] [gazebo_track_car]: camera traffic-light green candidate ignored as non-lamp-shaped color patch; reason=aspect bbox=198x25px
[gazebo_track_car-2] [INFO] [1781167736.058165071] [gazebo_track_car]: camera traffic-light green candidate ignored as non-lamp-shaped color patch; reason=large bbox=147x86px
[gazebo_track_car-2] [INFO] [1781167736.058367331] [gazebo_track_car]: camera traffic-light green candidate ignored as non-lamp-shaped color patch; reason=aspect bbox=158x38px
[gazebo_track_car-2] [INFO] [1781167736.105539663] [gazebo_track_car]: camera traffic-light green candidate ignored as non-lamp-shaped color patch; reason=aspect bbox=187x24px
[gazebo_track_car-2] [INFO] [1781167736.105812857] [gazebo_track_car]: camera traffic-light green candidate ignored as non-lamp-shaped color patch; reason=large bbox=145x86px
[gazebo_track_car-2] [INFO] [1781167736.105996513] [gazebo_track_car]: camera traffic-light green candidate ignored as non-lamp-shaped color patch; reason=aspect bbox=152x37px
[gazebo_track_car-2] [INFO] [1781167736.126329615] [gazebo_track_car]: camera traffic-light green candidate ignored as non-lamp-shaped color patch; reason=aspect bbox=181x23px
[gazebo_track_car-2] [INFO] [1781167736.126601086] [gazebo_track_car]: camera traffic-light green candidate ignored as non-lamp-shaped color patch; reason=large bbox=145x86px
[gazebo_track_car-2] [INFO] [1781167736.126819176] [gazebo_track_car]: camera traffic-light green candidate ignored as non-lamp-shaped color patch; reason=aspect bbox=148x37px
[gazebo_track_car-2] [INFO] [1781167736.157881358] [gazebo_track_car]: camera traffic-light green candidate ignored as non-lamp-shaped color patch; reason=aspect bbox=174x22px
[gazebo_track_car-2] [INFO] [1781167736.158268947] [gazebo_track_car]: camera traffic-light green candidate ignored as non-lamp-shaped color patch; reason=large bbox=144x86px
[gazebo_track_car-2] [INFO] [1781167736.158478341] [gazebo_track_car]: camera traffic-light green candidate ignored as non-lamp-shaped color patch; reason=aspect bbox=144x35px
[gazebo_track_car-2] [INFO] [1781167736.211168311] [gazebo_track_car]: camera traffic-light green candidate ignored as non-lamp-shaped color patch; reason=aspect bbox=166x22px
[gazebo_track_car-2] [INFO] [1781167736.211540762] [gazebo_track_car]: camera traffic-light green candidate ignored as non-lamp-shaped color patch; reason=large bbox=143x86px
[gazebo_track_car-2] [INFO] [1781167736.211749905] [gazebo_track_car]: camera traffic-light green candidate ignored as non-lamp-shaped color patch; reason=aspect bbox=140x34px
[gazebo_track_car-2] [INFO] [1781167736.243923066] [gazebo_track_car]: camera traffic-light green candidate ignored as non-lamp-shaped color patch; reason=aspect bbox=160x21px
[gazebo_track_car-2] [INFO] [1781167736.244153079] [gazebo_track_car]: camera traffic-light green candidate ignored as non-lamp-shaped color patch; reason=large bbox=142x86px
[gazebo_track_car-2] [INFO] [1781167736.244326605] [gazebo_track_car]: camera traffic-light green candidate ignored as non-lamp-shaped color patch; reason=aspect bbox=135x34px
[gazebo_track_car-2] [INFO] [1781167736.261573213] [gazebo_track_car]: camera traffic-light green candidate ignored as non-lamp-shaped color patch; reason=aspect bbox=157x20px
[gazebo_track_car-2] [INFO] [1781167736.261874560] [gazebo_track_car]: camera traffic-light green candidate ignored as non-lamp-shaped color patch; reason=large bbox=142x85px
[gazebo_track_car-2] [INFO] [1781167736.262057985] [gazebo_track_car]: camera traffic-light green candidate ignored as non-lamp-shaped color patch; reason=aspect bbox=131x33px
[gazebo_track_car-2] [INFO] [1781167736.323746178] [gazebo_track_car]: camera traffic-light green candidate ignored as non-lamp-shaped color patch; reason=aspect bbox=150x19px
[gazebo_track_car-2] [INFO] [1781167736.324051532] [gazebo_track_car]: camera traffic-light green candidate ignored as non-lamp-shaped color patch; reason=large bbox=141x85px
[gazebo_track_car-2] [INFO] [1781167736.324250927] [gazebo_track_car]: camera traffic-light green candidate ignored as non-lamp-shaped color patch; reason=aspect bbox=128x32px
[gazebo_track_car-2] [INFO] [1781167736.339759427] [gazebo_track_car]: camera traffic-light green candidate ignored as non-lamp-shaped color patch; reason=aspect bbox=144x19px
[gazebo_track_car-2] [INFO] [1781167736.340053139] [gazebo_track_car]: camera traffic-light green candidate ignored as non-lamp-shaped color patch; reason=large bbox=140x86px
[gazebo_track_car-2] [INFO] [1781167736.340239901] [gazebo_track_car]: camera traffic-light green candidate ignored as non-lamp-shaped color patch; reason=aspect bbox=125x31px
[gazebo_track_car-2] [INFO] [1781167736.360954210] [gazebo_track_car]: camera traffic-light green candidate ignored as non-lamp-shaped color patch; reason=aspect bbox=143x19px
[gazebo_track_car-2] [INFO] [1781167736.361226252] [gazebo_track_car]: camera traffic-light green candidate ignored as non-lamp-shaped color patch; reason=large bbox=140x86px
[gazebo_track_car-2] [INFO] [1781167736.361470732] [gazebo_track_car]: camera traffic-light green candidate ignored as non-lamp-shaped color patch; reason=aspect bbox=121x30px
[gazebo_track_car-2] [INFO] [1781167736.403620118] [gazebo_track_car]: camera traffic-light green candidate ignored as non-lamp-shaped color patch; reason=aspect bbox=137x18px
[gazebo_track_car-2] [INFO] [1781167736.404378094] [gazebo_track_car]: camera traffic-light green candidate ignored as non-lamp-shaped color patch; reason=large bbox=139x86px
[gazebo_track_car-2] [INFO] [1781167736.404733262] [gazebo_track_car]: camera traffic-light green candidate ignored as non-lamp-shaped color patch; reason=aspect bbox=119x30px
[gazebo_track_car-2] [INFO] [1781167736.428726198] [gazebo_track_car]: camera traffic-light green candidate ignored as non-lamp-shaped color patch; reason=aspect bbox=132x18px
[gazebo_track_car-2] [INFO] [1781167736.429088460] [gazebo_track_car]: camera traffic-light green candidate ignored as non-lamp-shaped color patch; reason=large bbox=138x86px
[gazebo_track_car-2] [INFO] [1781167736.429277826] [gazebo_track_car]: camera traffic-light green candidate ignored as non-lamp-shaped color patch; reason=aspect bbox=115x29px
[gazebo_track_car-2] [INFO] [1781167736.463980475] [gazebo_track_car]: camera traffic-light green candidate ignored as non-lamp-shaped color patch; reason=large bbox=138x85px
[gazebo_track_car-2] [INFO] [1781167736.464343137] [gazebo_track_car]: camera traffic-light green candidate ignored as non-lamp-shaped color patch; reason=aspect bbox=113x29px
[gazebo_track_car-2] [INFO] [1781167736.518724248] [gazebo_track_car]: camera traffic-light green candidate ignored as non-lamp-shaped color patch; reason=large bbox=138x86px
[gazebo_track_car-2] [INFO] [1781167736.519021096] [gazebo_track_car]: camera traffic-light green candidate ignored as non-lamp-shaped color patch; reason=aspect bbox=110x28px
[gazebo_track_car-2] [INFO] [1781167736.544813788] [gazebo_track_car]: camera traffic-light green candidate ignored as non-lamp-shaped color patch; reason=large bbox=138x86px
[gazebo_track_car-2] [INFO] [1781167736.545200104] [gazebo_track_car]: camera traffic-light green candidate ignored as non-lamp-shaped color patch; reason=aspect bbox=107x28px
[gazebo_track_car-2] [INFO] [1781167736.565834774] [gazebo_track_car]: camera traffic-light green candidate ignored as non-lamp-shaped color patch; reason=aspect bbox=119x16px
[gazebo_track_car-2] [INFO] [1781167736.566146010] [gazebo_track_car]: camera traffic-light green candidate ignored as non-lamp-shaped color patch; reason=large bbox=137x86px
[gazebo_track_car-2] [INFO] [1781167736.566346978] [gazebo_track_car]: camera traffic-light green candidate ignored as non-lamp-shaped color patch; reason=aspect bbox=105x27px
[gazebo_track_car-2] [INFO] [1781167736.566555921] [gazebo_track_car]: camera traffic-light green candidate ignored as non-lamp-shaped color patch; reason=fill bbox=48x27px
[gazebo_track_car-2] [INFO] [1781167736.606907475] [gazebo_track_car]: camera traffic-light green candidate ignored as non-lamp-shaped color patch; reason=aspect bbox=114x15px
[gazebo_track_car-2] [INFO] [1781167736.607184436] [gazebo_track_car]: camera traffic-light green candidate ignored as non-lamp-shaped color patch; reason=large bbox=137x86px
[gazebo_track_car-2] [INFO] [1781167736.607366698] [gazebo_track_car]: camera traffic-light green candidate ignored as non-lamp-shaped color patch; reason=aspect bbox=104x27px
[gazebo_track_car-2] [INFO] [1781167736.607662505] [gazebo_track_car]: camera traffic-light green candidate ignored as non-lamp-shaped color patch; reason=fill bbox=63x35px
[gazebo_track_car-2] [INFO] [1781167736.643538841] [gazebo_track_car]: camera traffic-light green candidate ignored as non-lamp-shaped color patch; reason=aspect bbox=111x15px
[gazebo_track_car-2] [INFO] [1781167736.643914067] [gazebo_track_car]: camera traffic-light green candidate ignored as non-lamp-shaped color patch; reason=large bbox=137x86px
[gazebo_track_car-2] [INFO] [1781167736.644256191] [gazebo_track_car]: camera traffic-light green candidate ignored as non-lamp-shaped color patch; reason=aspect bbox=101x26px
[gazebo_track_car-2] [INFO] [1781167736.644454654] [gazebo_track_car]: camera traffic-light green candidate ignored as non-lamp-shaped color patch; reason=fill bbox=77x41px
[gazebo_track_car-2] [INFO] [1781167736.644912385] [gazebo_track_car]: camera traffic light is YELLOW score=69.6 area=186px bbox=26x14px fill=0.51 center=(668,293)
[gazebo_track_car-2] [INFO] [1781167736.666309409] [gazebo_track_car]: camera traffic-light green candidate ignored as non-lamp-shaped color patch; reason=aspect bbox=108x15px
[gazebo_track_car-2] [INFO] [1781167736.666626535] [gazebo_track_car]: camera traffic-light green candidate ignored as non-lamp-shaped color patch; reason=large bbox=136x86px
[gazebo_track_car-2] [INFO] [1781167736.666824548] [gazebo_track_car]: camera traffic-light green candidate ignored as non-lamp-shaped color patch; reason=aspect bbox=98x26px
[gazebo_track_car-2] [INFO] [1781167736.667001671] [gazebo_track_car]: camera traffic-light green candidate ignored as non-lamp-shaped color patch; reason=fill bbox=90x48px
[gazebo_track_car-2] [INFO] [1781167736.716487245] [gazebo_track_car]: camera traffic-light green candidate ignored as non-lamp-shaped color patch; reason=aspect bbox=108x14px
[gazebo_track_car-2] [INFO] [1781167736.716858373] [gazebo_track_car]: camera traffic-light green candidate ignored as non-lamp-shaped color patch; reason=large bbox=137x86px
[gazebo_track_car-2] [INFO] [1781167736.717052137] [gazebo_track_car]: camera traffic-light green candidate ignored as non-lamp-shaped color patch; reason=aspect bbox=97x25px
[gazebo_track_car-2] [INFO] [1781167736.717290455] [gazebo_track_car]: camera traffic-light green candidate ignored as non-lamp-shaped color patch; reason=fill bbox=103x52px
[gazebo_track_car-2] [INFO] [1781167736.740164697] [gazebo_track_car]: camera traffic-light green candidate ignored as non-lamp-shaped color patch; reason=aspect bbox=104x14px
[gazebo_track_car-2] [INFO] [1781167736.740438382] [gazebo_track_car]: camera traffic-light green candidate ignored as non-lamp-shaped color patch; reason=large bbox=137x86px
[gazebo_track_car-2] [INFO] [1781167736.740726063] [gazebo_track_car]: camera traffic-light green candidate ignored as non-lamp-shaped color patch; reason=aspect bbox=95x25px
[gazebo_track_car-2] [INFO] [1781167736.740929606] [gazebo_track_car]: camera traffic-light green candidate ignored as non-lamp-shaped color patch; reason=fill bbox=116x54px
[gazebo_track_car-2] [INFO] [1781167736.767084789] [gazebo_track_car]: camera traffic-light green candidate ignored as non-lamp-shaped color patch; reason=aspect bbox=102x14px
[gazebo_track_car-2] [INFO] [1781167736.767366719] [gazebo_track_car]: camera traffic-light green candidate ignored as non-lamp-shaped color patch; reason=large bbox=137x86px
[gazebo_track_car-2] [INFO] [1781167736.767552188] [gazebo_track_car]: camera traffic-light green candidate ignored as non-lamp-shaped color patch; reason=aspect bbox=94x25px
[gazebo_track_car-2] [INFO] [1781167736.767726646] [gazebo_track_car]: camera traffic-light green candidate ignored as non-lamp-shaped color patch; reason=fill bbox=120x54px
[gazebo_track_car-2] [INFO] [1781167736.809356143] [gazebo_track_car]: camera traffic-light green candidate ignored as non-lamp-shaped color patch; reason=aspect bbox=103x14px
[gazebo_track_car-2] [INFO] [1781167736.809665425] [gazebo_track_car]: camera traffic-light green candidate ignored as non-lamp-shaped color patch; reason=large bbox=137x86px
[gazebo_track_car-2] [INFO] [1781167736.809848910] [gazebo_track_car]: camera traffic-light green candidate ignored as non-lamp-shaped color patch; reason=aspect bbox=94x25px
[gazebo_track_car-2] [INFO] [1781167736.810019431] [gazebo_track_car]: camera traffic-light green candidate ignored as non-lamp-shaped color patch; reason=fill bbox=120x54px
[gazebo_track_car-2] [INFO] [1781167736.845364228] [gazebo_track_car]: camera traffic-light green candidate ignored as non-lamp-shaped color patch; reason=aspect bbox=102x14px
[gazebo_track_car-2] [INFO] [1781167736.845722161] [gazebo_track_car]: camera traffic-light green candidate ignored as non-lamp-shaped color patch; reason=large bbox=137x86px
[gazebo_track_car-2] [INFO] [1781167736.845926245] [gazebo_track_car]: camera traffic-light green candidate ignored as non-lamp-shaped color patch; reason=aspect bbox=94x25px
[gazebo_track_car-2] [INFO] [1781167736.846103719] [gazebo_track_car]: camera traffic-light green candidate ignored as non-lamp-shaped color patch; reason=fill bbox=120x54px
[gazebo_track_car-2] [INFO] [1781167736.875189774] [gazebo_track_car]: camera traffic-light green candidate ignored as non-lamp-shaped color patch; reason=aspect bbox=102x13px
[gazebo_track_car-2] [INFO] [1781167736.875559309] [gazebo_track_car]: camera traffic-light green candidate ignored as non-lamp-shaped color patch; reason=large bbox=137x86px
[gazebo_track_car-2] [INFO] [1781167736.875796134] [gazebo_track_car]: camera traffic-light green candidate ignored as non-lamp-shaped color patch; reason=aspect bbox=94x24px
[gazebo_track_car-2] [INFO] [1781167736.875999386] [gazebo_track_car]: camera traffic-light green candidate ignored as non-lamp-shaped color patch; reason=fill bbox=125x55px
[gazebo_track_car-2] [INFO] [1781167736.908712444] [gazebo_track_car]: camera traffic-light green candidate ignored as non-lamp-shaped color patch; reason=aspect bbox=100x13px
[gazebo_track_car-2] [INFO] [1781167736.909042946] [gazebo_track_car]: camera traffic-light green candidate ignored as non-lamp-shaped color patch; reason=large bbox=136x87px
[gazebo_track_car-2] [INFO] [1781167736.909249394] [gazebo_track_car]: camera traffic-light green candidate ignored as non-lamp-shaped color patch; reason=aspect bbox=93x24px
[gazebo_track_car-2] [INFO] [1781167736.909430535] [gazebo_track_car]: camera traffic-light green candidate ignored as non-lamp-shaped color patch; reason=fill bbox=134x56px
[gazebo_track_car-2] [INFO] [1781167736.936633378] [gazebo_track_car]: MOTION pos=(+2.199,+0.744) yaw=-2.172 v=0.047 step_err=0.0026m/0.017rad track_err=0.0192m footprint=road:8.00px route=flat_left_mid_to_top_reverse cmd_vel=(0.037,-0.373)
[gazebo_track_car-2] [INFO] [1781167736.946345164] [gazebo_track_car]: camera traffic-light green candidate ignored as non-lamp-shaped color patch; reason=aspect bbox=98x13px
[gazebo_track_car-2] [INFO] [1781167736.946615482] [gazebo_track_car]: camera traffic-light green candidate ignored as non-lamp-shaped color patch; reason=large bbox=136x87px
[gazebo_track_car-2] [INFO] [1781167736.946838662] [gazebo_track_car]: camera traffic-light green candidate ignored as non-lamp-shaped color patch; reason=aspect bbox=91x23px
[gazebo_track_car-2] [INFO] [1781167736.947039560] [gazebo_track_car]: camera traffic-light green candidate ignored as non-lamp-shaped color patch; reason=aspect bbox=143x57px
[gazebo_track_car-2] [WARN] [1781167736.955708073] [gazebo_track_car]: JITTER events=10 reasons=speed_delta=0.047m/s pos=(+2.199,+0.743) step=0.0003/0.0000m yaw=0.002/0.000rad route=flat_left_mid_to_top_reverse
[gazebo_track_car-2] [INFO] [1781167736.964685639] [gazebo_track_car]: camera traffic-light green candidate ignored as non-lamp-shaped color patch; reason=aspect bbox=96x12px
[gazebo_track_car-2] [INFO] [1781167736.964974753] [gazebo_track_car]: camera traffic-light green candidate ignored as non-lamp-shaped color patch; reason=large bbox=136x87px
[gazebo_track_car-2] [INFO] [1781167736.965165441] [gazebo_track_car]: camera traffic-light green candidate ignored as non-lamp-shaped color patch; reason=aspect bbox=91x23px
[gazebo_track_car-2] [INFO] [1781167736.965342695] [gazebo_track_car]: camera traffic-light green candidate ignored as non-lamp-shaped color patch; reason=aspect bbox=147x58px
[gazebo_track_car-2] [INFO] [1781167737.000269766] [gazebo_track_car]: camera traffic-light green candidate ignored as non-lamp-shaped color patch; reason=aspect bbox=97x12px
[gazebo_track_car-2] [INFO] [1781167737.000690798] [gazebo_track_car]: camera traffic-light green candidate ignored as non-lamp-shaped color patch; reason=large bbox=136x87px
[gazebo_track_car-2] [INFO] [1781167737.000909870] [gazebo_track_car]: camera traffic-light green candidate ignored as non-lamp-shaped color patch; reason=aspect bbox=91x23px
[gazebo_track_car-2] [INFO] [1781167737.001093225] [gazebo_track_car]: camera traffic-light green candidate ignored as non-lamp-shaped color patch; reason=aspect bbox=147x58px
[gazebo_track_car-2] [INFO] [1781167737.050515485] [gazebo_track_car]: camera traffic-light green candidate ignored as non-lamp-shaped color patch; reason=aspect bbox=97x12px
[gazebo_track_car-2] [INFO] [1781167737.050800161] [gazebo_track_car]: camera traffic-light green candidate ignored as non-lamp-shaped color patch; reason=large bbox=136x87px
[gazebo_track_car-2] [INFO] [1781167737.050984698] [gazebo_track_car]: camera traffic-light green candidate ignored as non-lamp-shaped color patch; reason=aspect bbox=91x23px
[gazebo_track_car-2] [INFO] [1781167737.051164035] [gazebo_track_car]: camera traffic-light green candidate ignored as non-lamp-shaped color patch; reason=aspect bbox=147x58px
[gazebo_track_car-2] [INFO] [1781167737.067501544] [gazebo_track_car]: camera traffic-light green candidate ignored as non-lamp-shaped color patch; reason=aspect bbox=97x12px
[gazebo_track_car-2] [INFO] [1781167737.067783395] [gazebo_track_car]: camera traffic-light green candidate ignored as non-lamp-shaped color patch; reason=large bbox=136x87px
[gazebo_track_car-2] [INFO] [1781167737.067967110] [gazebo_track_car]: camera traffic-light green candidate ignored as non-lamp-shaped color patch; reason=aspect bbox=91x23px
[gazebo_track_car-2] [INFO] [1781167737.068141378] [gazebo_track_car]: camera traffic-light green candidate ignored as non-lamp-shaped color patch; reason=aspect bbox=147x58px
[gazebo_track_car-2] [INFO] [1781167737.112920163] [gazebo_track_car]: camera traffic-light green candidate ignored as non-lamp-shaped color patch; reason=aspect bbox=97x12px
[gazebo_track_car-2] [INFO] [1781167737.113396078] [gazebo_track_car]: camera traffic-light green candidate ignored as non-lamp-shaped color patch; reason=large bbox=136x87px
[gazebo_track_car-2] [INFO] [1781167737.113601745] [gazebo_track_car]: camera traffic-light green candidate ignored as non-lamp-shaped color patch; reason=aspect bbox=91x23px
[gazebo_track_car-2] [INFO] [1781167737.113845353] [gazebo_track_car]: camera traffic-light green candidate ignored as non-lamp-shaped color patch; reason=aspect bbox=147x58px
[gazebo_track_car-2] [INFO] [1781167737.148212463] [gazebo_track_car]: camera traffic-light green candidate ignored as non-lamp-shaped color patch; reason=aspect bbox=97x12px
[gazebo_track_car-2] [INFO] [1781167737.148459728] [gazebo_track_car]: camera traffic-light green candidate ignored as non-lamp-shaped color patch; reason=large bbox=136x87px
[gazebo_track_car-2] [INFO] [1781167737.148664393] [gazebo_track_car]: camera traffic-light green candidate ignored as non-lamp-shaped color patch; reason=aspect bbox=91x23px
[gazebo_track_car-2] [INFO] [1781167737.148976390] [gazebo_track_car]: camera traffic-light green candidate ignored as non-lamp-shaped color patch; reason=aspect bbox=147x58px
[gazebo_track_car-2] [INFO] [1781167737.189119889] [gazebo_track_car]: camera traffic-light green candidate ignored as non-lamp-shaped color patch; reason=aspect bbox=96x12px
[gazebo_track_car-2] [INFO] [1781167737.189400397] [gazebo_track_car]: camera traffic-light green candidate ignored as non-lamp-shaped color patch; reason=large bbox=137x87px
[gazebo_track_car-2] [INFO] [1781167737.189619790] [gazebo_track_car]: camera traffic-light green candidate ignored as non-lamp-shaped color patch; reason=aspect bbox=90x23px
[gazebo_track_car-2] [INFO] [1781167737.189859561] [gazebo_track_car]: camera traffic-light green candidate ignored as non-lamp-shaped color patch; reason=aspect bbox=150x57px
[gazebo_track_car-2] [INFO] [1781167737.209772366] [gazebo_track_car]: camera traffic-light green candidate ignored as non-lamp-shaped color patch; reason=aspect bbox=96x12px
[gazebo_track_car-2] [INFO] [1781167737.210063553] [gazebo_track_car]: camera traffic-light green candidate ignored as non-lamp-shaped color patch; reason=large bbox=137x88px
[gazebo_track_car-2] [INFO] [1781167737.210370771] [gazebo_track_car]: camera traffic-light green candidate ignored as non-lamp-shaped color patch; reason=aspect bbox=88x23px
[gazebo_track_car-2] [INFO] [1781167737.210596726] [gazebo_track_car]: camera traffic-light green candidate ignored as non-lamp-shaped color patch; reason=aspect bbox=158x58px
[gazebo_track_car-2] [INFO] [1781167737.243604782] [gazebo_track_car]: camera traffic-light green candidate ignored as non-lamp-shaped color patch; reason=aspect bbox=93x13px
[gazebo_track_car-2] [INFO] [1781167737.243888416] [gazebo_track_car]: camera traffic-light green candidate ignored as non-lamp-shaped color patch; reason=large bbox=138x88px
[gazebo_track_car-2] [INFO] [1781167737.244094844] [gazebo_track_car]: camera traffic-light green candidate ignored as non-lamp-shaped color patch; reason=aspect bbox=88x22px
[gazebo_track_car-2] [INFO] [1781167737.244307374] [gazebo_track_car]: camera traffic-light green candidate ignored as non-lamp-shaped color patch; reason=aspect bbox=166x59px
[gazebo_track_car-2] [INFO] [1781167737.272616581] [gazebo_track_car]: camera traffic-light green candidate ignored as non-lamp-shaped color patch; reason=aspect bbox=91x12px
[gazebo_track_car-2] [INFO] [1781167737.273003719] [gazebo_track_car]: camera traffic-light green candidate ignored as non-lamp-shaped color patch; reason=large bbox=138x88px
[gazebo_track_car-2] [INFO] [1781167737.273265351] [gazebo_track_car]: camera traffic-light green candidate ignored as non-lamp-shaped color patch; reason=aspect bbox=86x23px
[gazebo_track_car-2] [INFO] [1781167737.273510542] [gazebo_track_car]: camera traffic-light green candidate ignored as non-lamp-shaped color patch; reason=aspect bbox=173x59px
[gazebo_track_car-2] [INFO] [1781167737.309103681] [gazebo_track_car]: camera traffic-light green candidate ignored as non-lamp-shaped color patch; reason=aspect bbox=91x12px
[gazebo_track_car-2] [INFO] [1781167737.309439482] [gazebo_track_car]: camera traffic-light green candidate ignored as non-lamp-shaped color patch; reason=large bbox=137x88px
[gazebo_track_car-2] [INFO] [1781167737.309640741] [gazebo_track_car]: camera traffic-light green candidate ignored as non-lamp-shaped color patch; reason=aspect bbox=85x22px
[gazebo_track_car-2] [INFO] [1781167737.309847179] [gazebo_track_car]: camera traffic-light green candidate ignored as non-lamp-shaped color patch; reason=aspect bbox=181x59px
[gazebo_track_car-2] [INFO] [1781167737.345945508] [gazebo_track_car]: camera traffic-light green candidate ignored as non-lamp-shaped color patch; reason=aspect bbox=89x12px
[gazebo_track_car-2] [INFO] [1781167737.346231536] [gazebo_track_car]: camera traffic-light green candidate ignored as non-lamp-shaped color patch; reason=large bbox=138x88px
[gazebo_track_car-2] [INFO] [1781167737.346417125] [gazebo_track_car]: camera traffic-light green candidate ignored as non-lamp-shaped color patch; reason=aspect bbox=84x22px
[gazebo_track_car-2] [INFO] [1781167737.346590441] [gazebo_track_car]: camera traffic-light green candidate ignored as non-lamp-shaped color patch; reason=aspect bbox=188x60px
[gazebo_track_car-2] [INFO] [1781167737.367495752] [gazebo_track_car]: camera traffic-light green candidate ignored as non-lamp-shaped color patch; reason=aspect bbox=87x11px
[gazebo_track_car-2] [INFO] [1781167737.367777342] [gazebo_track_car]: camera traffic-light green candidate ignored as non-lamp-shaped color patch; reason=large bbox=138x88px
[gazebo_track_car-2] [INFO] [1781167737.368131556] [gazebo_track_car]: camera traffic-light green candidate ignored as non-lamp-shaped color patch; reason=aspect bbox=83x22px
[gazebo_track_car-2] [INFO] [1781167737.368343885] [gazebo_track_car]: camera traffic-light green candidate ignored as non-lamp-shaped color patch; reason=aspect bbox=194x60px
[gazebo_track_car-2] [INFO] [1781167737.397011800] [gazebo_track_car]: camera traffic-light green candidate ignored as non-lamp-shaped color patch; reason=aspect bbox=86x11px
[gazebo_track_car-2] [INFO] [1781167737.397285916] [gazebo_track_car]: camera traffic-light green candidate ignored as non-lamp-shaped color patch; reason=large bbox=138x89px
[gazebo_track_car-2] [INFO] [1781167737.397469621] [gazebo_track_car]: camera traffic-light green candidate ignored as non-lamp-shaped color patch; reason=aspect bbox=82x21px
[gazebo_track_car-2] [INFO] [1781167737.397844406] [gazebo_track_car]: camera traffic-light green candidate ignored as non-lamp-shaped color patch; reason=aspect bbox=201x60px
[gazebo_track_car-2] [INFO] [1781167737.449559298] [gazebo_track_car]: camera traffic-light green candidate ignored as non-lamp-shaped color patch; reason=aspect bbox=86x11px
[gazebo_track_car-2] [INFO] [1781167737.449842280] [gazebo_track_car]: camera traffic-light green candidate ignored as non-lamp-shaped color patch; reason=large bbox=139x89px
[gazebo_track_car-2] [INFO] [1781167737.450080057] [gazebo_track_car]: camera traffic-light green candidate ignored as non-lamp-shaped color patch; reason=aspect bbox=82x21px
[gazebo_track_car-2] [INFO] [1781167737.450301584] [gazebo_track_car]: camera traffic-light green candidate ignored as non-lamp-shaped color patch; reason=aspect bbox=208x61px
[gazebo_track_car-2] [INFO] [1781167737.483079757] [gazebo_track_car]: camera traffic-light green candidate ignored as non-lamp-shaped color patch; reason=aspect bbox=84x10px
[gazebo_track_car-2] [INFO] [1781167737.483378880] [gazebo_track_car]: camera traffic-light green candidate ignored as non-lamp-shaped color patch; reason=large bbox=139x89px
[gazebo_track_car-2] [INFO] [1781167737.483614884] [gazebo_track_car]: camera traffic-light green candidate ignored as non-lamp-shaped color patch; reason=aspect bbox=81x21px
[gazebo_track_car-2] [INFO] [1781167737.483815571] [gazebo_track_car]: camera traffic-light green candidate ignored as non-lamp-shaped color patch; reason=aspect bbox=213x61px
[gazebo_track_car-2] [INFO] [1781167737.520322177] [gazebo_track_car]: camera traffic-light green candidate ignored as non-lamp-shaped color patch; reason=aspect bbox=82x11px
[gazebo_track_car-2] [INFO] [1781167737.521248450] [gazebo_track_car]: camera traffic-light green candidate ignored as non-lamp-shaped color patch; reason=large bbox=139x89px
[gazebo_track_car-2] [INFO] [1781167737.521758068] [gazebo_track_car]: camera traffic-light green candidate ignored as non-lamp-shaped color patch; reason=aspect bbox=80x20px
[gazebo_track_car-2] [INFO] [1781167737.521998240] [gazebo_track_car]: camera traffic-light green candidate ignored as non-lamp-shaped color patch; reason=aspect bbox=220x61px
[gazebo_track_car-2] [INFO] [1781167737.534000786] [gazebo_track_car]: camera traffic-light green candidate ignored as non-lamp-shaped color patch; reason=aspect bbox=81x11px
[gazebo_track_car-2] [INFO] [1781167737.534273659] [gazebo_track_car]: camera traffic-light green candidate ignored as non-lamp-shaped color patch; reason=large bbox=140x90px
[gazebo_track_car-2] [INFO] [1781167737.534458246] [gazebo_track_car]: camera traffic-light green candidate ignored as non-lamp-shaped color patch; reason=aspect bbox=80x20px
[gazebo_track_car-2] [INFO] [1781167737.534632834] [gazebo_track_car]: camera traffic-light green candidate ignored as non-lamp-shaped color patch; reason=aspect bbox=225x61px
[gazebo_track_car-2] [INFO] [1781167737.571571303] [gazebo_track_car]: camera traffic-light green candidate ignored as non-lamp-shaped color patch; reason=aspect bbox=81x11px
[gazebo_track_car-2] [INFO] [1781167737.571858914] [gazebo_track_car]: camera traffic-light green candidate ignored as non-lamp-shaped color patch; reason=large bbox=141x90px
[gazebo_track_car-2] [INFO] [1781167737.572057367] [gazebo_track_car]: camera traffic-light green candidate ignored as non-lamp-shaped color patch; reason=aspect bbox=79x20px
[gazebo_track_car-2] [INFO] [1781167737.572235442] [gazebo_track_car]: camera traffic-light green candidate ignored as non-lamp-shaped color patch; reason=aspect bbox=231x62px
[gazebo_track_car-2] [INFO] [1781167737.615501012] [gazebo_track_car]: camera traffic-light green candidate ignored as non-lamp-shaped color patch; reason=aspect bbox=81x11px
[gazebo_track_car-2] [INFO] [1781167737.615781449] [gazebo_track_car]: camera traffic-light green candidate ignored as non-lamp-shaped color patch; reason=large bbox=142x90px
[gazebo_track_car-2] [INFO] [1781167737.615967609] [gazebo_track_car]: camera traffic-light green candidate ignored as non-lamp-shaped color patch; reason=aspect bbox=78x20px
[gazebo_track_car-2] [INFO] [1781167737.616152698] [gazebo_track_car]: camera traffic-light green candidate ignored as non-lamp-shaped color patch; reason=aspect bbox=236x61px
[gazebo_track_car-2] [INFO] [1781167737.674439010] [gazebo_track_car]: camera traffic-light green candidate ignored as non-lamp-shaped color patch; reason=aspect bbox=79x10px
[gazebo_track_car-2] [INFO] [1781167737.674714378] [gazebo_track_car]: camera traffic-light green candidate ignored as non-lamp-shaped color patch; reason=large bbox=143x91px
[gazebo_track_car-2] [INFO] [1781167737.674898465] [gazebo_track_car]: camera traffic-light green candidate ignored as non-lamp-shaped color patch; reason=aspect bbox=78x20px
[gazebo_track_car-2] [INFO] [1781167737.675072071] [gazebo_track_car]: camera traffic-light green candidate ignored as non-lamp-shaped color patch; reason=aspect bbox=240x61px
[gazebo_track_car-2] [INFO] [1781167737.686241390] [gazebo_track_car]: camera traffic-light green candidate ignored as non-lamp-shaped color patch; reason=aspect bbox=78x10px
[gazebo_track_car-2] [INFO] [1781167737.686501469] [gazebo_track_car]: camera traffic-light green candidate ignored as non-lamp-shaped color patch; reason=large bbox=143x91px
[gazebo_track_car-2] [INFO] [1781167737.686678071] [gazebo_track_car]: camera traffic-light green candidate ignored as non-lamp-shaped color patch; reason=aspect bbox=78x20px
[gazebo_track_car-2] [INFO] [1781167737.686850325] [gazebo_track_car]: camera traffic-light green candidate ignored as non-lamp-shaped color patch; reason=aspect bbox=244x62px
[gazebo_track_car-2] [INFO] [1781167737.710862942] [gazebo_track_car]: camera traffic-light green candidate ignored as non-lamp-shaped color patch; reason=aspect bbox=78x10px
[gazebo_track_car-2] [INFO] [1781167737.711147377] [gazebo_track_car]: camera traffic-light green candidate ignored as non-lamp-shaped color patch; reason=large bbox=142x91px
[gazebo_track_car-2] [INFO] [1781167737.711331703] [gazebo_track_car]: camera traffic-light green candidate ignored as non-lamp-shaped color patch; reason=aspect bbox=78x20px
[gazebo_track_car-2] [INFO] [1781167737.711505260] [gazebo_track_car]: camera traffic-light green candidate ignored as non-lamp-shaped color patch; reason=aspect bbox=244x62px
[gazebo_track_car-2] [INFO] [1781167737.732298460] [gazebo_track_car]: camera traffic-light green candidate ignored as non-lamp-shaped color patch; reason=aspect bbox=78x10px
[gazebo_track_car-2] [INFO] [1781167737.732573287] [gazebo_track_car]: camera traffic-light green candidate ignored as non-lamp-shaped color patch; reason=large bbox=143x91px
[gazebo_track_car-2] [INFO] [1781167737.732872610] [gazebo_track_car]: camera traffic-light green candidate ignored as non-lamp-shaped color patch; reason=aspect bbox=78x20px
[gazebo_track_car-2] [INFO] [1781167737.733076904] [gazebo_track_car]: camera traffic-light green candidate ignored as non-lamp-shaped color patch; reason=aspect bbox=244x62px
[gazebo_track_car-2] [INFO] [1781167737.788273406] [gazebo_track_car]: camera traffic-light green candidate ignored as non-lamp-shaped color patch; reason=aspect bbox=78x10px
[gazebo_track_car-2] [INFO] [1781167737.788553382] [gazebo_track_car]: camera traffic-light green candidate ignored as non-lamp-shaped color patch; reason=large bbox=144x91px
[gazebo_track_car-2] [INFO] [1781167737.788901978] [gazebo_track_car]: camera traffic-light green candidate ignored as non-lamp-shaped color patch; reason=aspect bbox=77x20px
[gazebo_track_car-2] [INFO] [1781167737.789107715] [gazebo_track_car]: camera traffic-light green candidate ignored as non-lamp-shaped color patch; reason=aspect bbox=246x61px
[gazebo_track_car-2] [INFO] [1781167737.815638708] [gazebo_track_car]: camera traffic-light green candidate ignored as non-lamp-shaped color patch; reason=aspect bbox=77x10px
[gazebo_track_car-2] [INFO] [1781167737.815880714] [gazebo_track_car]: camera traffic-light green candidate ignored as non-lamp-shaped color patch; reason=large bbox=143x91px
[gazebo_track_car-2] [INFO] [1781167737.816058508] [gazebo_track_car]: camera traffic-light green candidate ignored as non-lamp-shaped color patch; reason=aspect bbox=76x19px
[gazebo_track_car-2] [INFO] [1781167737.816406993] [gazebo_track_car]: camera traffic-light green candidate ignored as non-lamp-shaped color patch; reason=aspect bbox=249x61px
[gazebo_track_car-2] [INFO] [1781167737.847382746] [gazebo_track_car]: camera traffic-light green candidate ignored as non-lamp-shaped color patch; reason=aspect bbox=76x10px
[gazebo_track_car-2] [INFO] [1781167737.847615174] [gazebo_track_car]: camera traffic-light green candidate ignored as non-lamp-shaped color patch; reason=large bbox=144x91px
[gazebo_track_car-2] [INFO] [1781167737.847790073] [gazebo_track_car]: camera traffic-light green candidate ignored as non-lamp-shaped color patch; reason=aspect bbox=76x19px
[gazebo_track_car-2] [INFO] [1781167737.847960062] [gazebo_track_car]: camera traffic-light green candidate ignored as non-lamp-shaped color patch; reason=aspect bbox=255x62px
[gazebo_track_car-2] [INFO] [1781167737.848128609] [gazebo_track_car]: camera traffic-light green candidate ignored as non-lamp-shaped color patch; reason=aspect bbox=27x5px
[gazebo_track_car-2] [INFO] [1781167737.900043916] [gazebo_track_car]: camera traffic-light green candidate ignored as non-lamp-shaped color patch; reason=aspect bbox=76x10px
[gazebo_track_car-2] [INFO] [1781167737.900278888] [gazebo_track_car]: camera traffic-light green candidate ignored as non-lamp-shaped color patch; reason=large bbox=145x92px
[gazebo_track_car-2] [INFO] [1781167737.900480638] [gazebo_track_car]: camera traffic-light green candidate ignored as non-lamp-shaped color patch; reason=aspect bbox=75x19px
[gazebo_track_car-2] [INFO] [1781167737.900755515] [gazebo_track_car]: camera traffic-light green candidate ignored as non-lamp-shaped color patch; reason=aspect bbox=258x61px
[gazebo_track_car-2] [INFO] [1781167737.900952375] [gazebo_track_car]: camera traffic-light green candidate ignored as non-lamp-shaped color patch; reason=aspect bbox=45x7px
[gazebo_track_car-2] [INFO] [1781167737.911557423] [gazebo_track_car]: camera traffic-light green candidate ignored as non-lamp-shaped color patch; reason=aspect bbox=75x9px
[gazebo_track_car-2] [INFO] [1781167737.911830456] [gazebo_track_car]: camera traffic-light green candidate ignored as non-lamp-shaped color patch; reason=large bbox=145x92px
[gazebo_track_car-2] [INFO] [1781167737.912021846] [gazebo_track_car]: camera traffic-light green candidate ignored as non-lamp-shaped color patch; reason=aspect bbox=75x19px
[gazebo_track_car-2] [INFO] [1781167737.912197206] [gazebo_track_car]: camera traffic-light green candidate ignored as non-lamp-shaped color patch; reason=aspect bbox=261x61px
[gazebo_track_car-2] [INFO] [1781167737.912370161] [gazebo_track_car]: camera traffic-light green candidate ignored as non-lamp-shaped color patch; reason=aspect bbox=57x10px
[gazebo_track_car-2] [INFO] [1781167737.939535740] [gazebo_track_car]: camera traffic-light green candidate ignored as non-lamp-shaped color patch; reason=aspect bbox=74x9px
[gazebo_track_car-2] [INFO] [1781167737.939758820] [gazebo_track_car]: camera traffic-light green candidate ignored as non-lamp-shaped color patch; reason=large bbox=146x92px
[gazebo_track_car-2] [INFO] [1781167737.939932216] [gazebo_track_car]: camera traffic-light green candidate ignored as non-lamp-shaped color patch; reason=aspect bbox=74x19px
[gazebo_track_car-2] [INFO] [1781167737.940377263] [gazebo_track_car]: camera traffic-light green candidate ignored as non-lamp-shaped color patch; reason=aspect bbox=266x62px
[gazebo_track_car-2] [INFO] [1781167737.940800419] [gazebo_track_car]: camera traffic-light green candidate ignored as non-lamp-shaped color patch; reason=aspect bbox=65x12px
[gazebo_track_car-2] [INFO] [1781167737.977303288] [gazebo_track_car]: camera traffic-light green candidate ignored as non-lamp-shaped color patch; reason=aspect bbox=73x9px
[gazebo_track_car-2] [INFO] [1781167737.977536637] [gazebo_track_car]: camera traffic-light green candidate ignored as non-lamp-shaped color patch; reason=large bbox=147x93px
[gazebo_track_car-2] [INFO] [1781167737.977712257] [gazebo_track_car]: camera traffic-light green candidate ignored as non-lamp-shaped color patch; reason=aspect bbox=74x18px
[gazebo_track_car-2] [INFO] [1781167737.977883289] [gazebo_track_car]: camera traffic-light green candidate ignored as non-lamp-shaped color patch; reason=aspect bbox=269x61px
[gazebo_track_car-2] [INFO] [1781167737.978054661] [gazebo_track_car]: camera traffic-light green candidate ignored as non-lamp-shaped color patch; reason=aspect bbox=75x14px
[gazebo_track_car-2] [INFO] [1781167738.022156475] [gazebo_track_car]: camera traffic-light green candidate ignored as non-lamp-shaped color patch; reason=aspect bbox=72x9px
[gazebo_track_car-2] [INFO] [1781167738.022473240] [gazebo_track_car]: camera traffic-light green candidate ignored as non-lamp-shaped color patch; reason=large bbox=148x93px
[gazebo_track_car-2] [INFO] [1781167738.022667937] [gazebo_track_car]: camera traffic-light green candidate ignored as non-lamp-shaped color patch; reason=aspect bbox=73x18px
[gazebo_track_car-2] [INFO] [1781167738.022842766] [gazebo_track_car]: camera traffic-light green candidate ignored as non-lamp-shaped color patch; reason=aspect bbox=272x61px
[gazebo_track_car-2] [INFO] [1781167738.023120538] [gazebo_track_car]: camera traffic-light green candidate ignored as non-lamp-shaped color patch; reason=aspect bbox=84x16px
[gazebo_track_car-2] [INFO] [1781167738.042403770] [gazebo_track_car]: camera traffic-light green candidate ignored as non-lamp-shaped color patch; reason=aspect bbox=72x9px
[gazebo_track_car-2] [INFO] [1781167738.042704976] [gazebo_track_car]: camera traffic-light green candidate ignored as non-lamp-shaped color patch; reason=large bbox=148x94px
[gazebo_track_car-2] [INFO] [1781167738.042890706] [gazebo_track_car]: camera traffic-light green candidate ignored as non-lamp-shaped color patch; reason=aspect bbox=73x18px
[gazebo_track_car-2] [INFO] [1781167738.043062789] [gazebo_track_car]: camera traffic-light green candidate ignored as non-lamp-shaped color patch; reason=aspect bbox=275x61px
[gazebo_track_car-2] [INFO] [1781167738.043252506] [gazebo_track_car]: camera traffic-light green candidate ignored as non-lamp-shaped color patch; reason=aspect bbox=93x18px
[gazebo_track_car-2] [WARN] [1781167738.066412011] [gazebo_track_car]: JITTER events=4 reasons=speed_delta=0.033m/s pos=(+2.196,+0.712) step=0.0001/0.0000m yaw=0.001/0.000rad route=flat_left_mid_to_top_reverse
[gazebo_track_car-2] [INFO] [1781167738.086987574] [gazebo_track_car]: camera traffic-light green candidate ignored as non-lamp-shaped color patch; reason=aspect bbox=71x9px
[gazebo_track_car-2] [INFO] [1781167738.087354504] [gazebo_track_car]: camera traffic-light green candidate ignored as non-lamp-shaped color patch; reason=large bbox=149x94px
[gazebo_track_car-2] [INFO] [1781167738.087557165] [gazebo_track_car]: camera traffic-light green candidate ignored as non-lamp-shaped color patch; reason=aspect bbox=73x18px
[gazebo_track_car-2] [INFO] [1781167738.087736152] [gazebo_track_car]: camera traffic-light green candidate ignored as non-lamp-shaped color patch; reason=aspect bbox=276x60px
[gazebo_track_car-2] [INFO] [1781167738.087909979] [gazebo_track_car]: camera traffic-light green candidate ignored as non-lamp-shaped color patch; reason=aspect bbox=97x19px
[gazebo_track_car-2] [INFO] [1781167738.109921283] [gazebo_track_car]: camera traffic-light green candidate ignored as non-lamp-shaped color patch; reason=aspect bbox=71x9px
[gazebo_track_car-2] [INFO] [1781167738.110156466] [gazebo_track_car]: camera traffic-light green candidate ignored as non-lamp-shaped color patch; reason=large bbox=149x94px
[gazebo_track_car-2] [INFO] [1781167738.110333298] [gazebo_track_car]: camera traffic-light green candidate ignored as non-lamp-shaped color patch; reason=aspect bbox=73x18px
[gazebo_track_car-2] [INFO] [1781167738.110733822] [gazebo_track_car]: camera traffic-light green candidate ignored as non-lamp-shaped color patch; reason=aspect bbox=276x60px
[gazebo_track_car-2] [INFO] [1781167738.110989563] [gazebo_track_car]: camera traffic-light green candidate ignored as non-lamp-shaped color patch; reason=aspect bbox=97x19px
[gazebo_track_car-2] [INFO] [1781167738.139627070] [gazebo_track_car]: camera traffic-light green candidate ignored as non-lamp-shaped color patch; reason=aspect bbox=71x9px
[gazebo_track_car-2] [INFO] [1781167738.139909582] [gazebo_track_car]: camera traffic-light green candidate ignored as non-lamp-shaped color patch; reason=large bbox=149x94px
[gazebo_track_car-2] [INFO] [1781167738.140092105] [gazebo_track_car]: camera traffic-light green candidate ignored as non-lamp-shaped color patch; reason=aspect bbox=73x18px
[gazebo_track_car-2] [INFO] [1781167738.140481538] [gazebo_track_car]: camera traffic-light green candidate ignored as non-lamp-shaped color patch; reason=aspect bbox=276x60px
[gazebo_track_car-2] [INFO] [1781167738.140973122] [gazebo_track_car]: camera traffic-light green candidate ignored as non-lamp-shaped color patch; reason=aspect bbox=97x19px
[gazebo_track_car-2] [INFO] [1781167738.179022726] [gazebo_track_car]: camera traffic-light green candidate ignored as non-lamp-shaped color patch; reason=aspect bbox=71x9px
[gazebo_track_car-2] [INFO] [1781167738.179249372] [gazebo_track_car]: camera traffic-light green candidate ignored as non-lamp-shaped color patch; reason=large bbox=149x94px
[gazebo_track_car-2] [INFO] [1781167738.179422027] [gazebo_track_car]: camera traffic-light green candidate ignored as non-lamp-shaped color patch; reason=aspect bbox=73x18px
[gazebo_track_car-2] [INFO] [1781167738.179589842] [gazebo_track_car]: camera traffic-light green candidate ignored as non-lamp-shaped color patch; reason=aspect bbox=276x60px
[gazebo_track_car-2] [INFO] [1781167738.179922959] [gazebo_track_car]: camera traffic-light green candidate ignored as non-lamp-shaped color patch; reason=aspect bbox=97x19px
[gazebo_track_car-2] [INFO] [1781167738.207824984] [gazebo_track_car]: camera traffic-light green candidate ignored as non-lamp-shaped color patch; reason=aspect bbox=71x9px
[gazebo_track_car-2] [INFO] [1781167738.208064594] [gazebo_track_car]: camera traffic-light green candidate ignored as non-lamp-shaped color patch; reason=large bbox=149x94px
[gazebo_track_car-2] [INFO] [1781167738.208240415] [gazebo_track_car]: camera traffic-light green candidate ignored as non-lamp-shaped color patch; reason=aspect bbox=73x18px
[gazebo_track_car-2] [INFO] [1781167738.208639456] [gazebo_track_car]: camera traffic-light green candidate ignored as non-lamp-shaped color patch; reason=aspect bbox=276x60px
[gazebo_track_car-2] [INFO] [1781167738.209046441] [gazebo_track_car]: camera traffic-light green candidate ignored as non-lamp-shaped color patch; reason=aspect bbox=97x19px
[gazebo_track_car-2] [INFO] [1781167738.252930518] [gazebo_track_car]: camera traffic-light green candidate ignored as non-lamp-shaped color patch; reason=aspect bbox=71x9px
[gazebo_track_car-2] [INFO] [1781167738.253452330] [gazebo_track_car]: camera traffic-light green candidate ignored as non-lamp-shaped color patch; reason=large bbox=149x94px
[gazebo_track_car-2] [INFO] [1781167738.253662034] [gazebo_track_car]: camera traffic-light green candidate ignored as non-lamp-shaped color patch; reason=aspect bbox=73x18px
[gazebo_track_car-2] [INFO] [1781167738.253841081] [gazebo_track_car]: camera traffic-light green candidate ignored as non-lamp-shaped color patch; reason=aspect bbox=276x60px
[gazebo_track_car-2] [INFO] [1781167738.254086773] [gazebo_track_car]: camera traffic-light green candidate ignored as non-lamp-shaped color patch; reason=aspect bbox=97x19px
[gazebo_track_car-2] [INFO] [1781167738.296519040] [gazebo_track_car]: camera traffic-light green candidate ignored as non-lamp-shaped color patch; reason=aspect bbox=71x9px
[gazebo_track_car-2] [INFO] [1781167738.297031704] [gazebo_track_car]: camera traffic-light green candidate ignored as non-lamp-shaped color patch; reason=large bbox=149x94px
[gazebo_track_car-2] [INFO] [1781167738.297246779] [gazebo_track_car]: camera traffic-light green candidate ignored as non-lamp-shaped color patch; reason=aspect bbox=73x18px
[gazebo_track_car-2] [INFO] [1781167738.297525914] [gazebo_track_car]: camera traffic-light green candidate ignored as non-lamp-shaped color patch; reason=aspect bbox=280x61px
[gazebo_track_car-2] [INFO] [1781167738.297917971] [gazebo_track_car]: camera traffic-light green candidate ignored as non-lamp-shaped color patch; reason=aspect bbox=103x20px
[gazebo_track_car-2] [INFO] [1781167738.326350664] [gazebo_track_car]: camera traffic-light green candidate ignored as non-lamp-shaped color patch; reason=aspect bbox=70x8px
[gazebo_track_car-2] [INFO] [1781167738.326666138] [gazebo_track_car]: camera traffic-light green candidate ignored as non-lamp-shaped color patch; reason=large bbox=150x94px
[gazebo_track_car-2] [INFO] [1781167738.326869500] [gazebo_track_car]: camera traffic-light green candidate ignored as non-lamp-shaped color patch; reason=aspect bbox=73x18px
[gazebo_track_car-2] [INFO] [1781167738.327050681] [gazebo_track_car]: camera traffic-light green candidate ignored as non-lamp-shaped color patch; reason=aspect bbox=283x61px
[gazebo_track_car-2] [INFO] [1781167738.327226642] [gazebo_track_car]: camera traffic-light green candidate ignored as non-lamp-shaped color patch; reason=aspect bbox=111x22px
[gazebo_track_car-2] [INFO] [1781167738.351628443] [gazebo_track_car]: camera traffic-light green candidate ignored as non-lamp-shaped color patch; reason=aspect bbox=69x8px
[gazebo_track_car-2] [INFO] [1781167738.351958464] [gazebo_track_car]: camera traffic-light green candidate ignored as non-lamp-shaped color patch; reason=large bbox=151x95px
[gazebo_track_car-2] [INFO] [1781167738.352158501] [gazebo_track_car]: camera traffic-light green candidate ignored as non-lamp-shaped color patch; reason=aspect bbox=73x18px
[gazebo_track_car-2] [INFO] [1781167738.352336686] [gazebo_track_car]: camera traffic-light green candidate ignored as non-lamp-shaped color patch; reason=aspect bbox=285x60px
[gazebo_track_car-2] [INFO] [1781167738.352678368] [gazebo_track_car]: camera traffic-light green candidate ignored as non-lamp-shaped color patch; reason=aspect bbox=120x24px
[gazebo_track_car-2] [INFO] [1781167738.378660562] [gazebo_track_car]: camera traffic-light green candidate ignored as non-lamp-shaped color patch; reason=aspect bbox=71x9px
[gazebo_track_car-2] [INFO] [1781167738.378950187] [gazebo_track_car]: camera traffic-light green candidate ignored as non-lamp-shaped color patch; reason=large bbox=152x95px
[gazebo_track_car-2] [INFO] [1781167738.379302940] [gazebo_track_car]: camera traffic-light green candidate ignored as non-lamp-shaped color patch; reason=aspect bbox=72x18px
[gazebo_track_car-2] [INFO] [1781167738.379514318] [gazebo_track_car]: camera traffic-light green candidate ignored as non-lamp-shaped color patch; reason=aspect bbox=288x60px
[gazebo_track_car-2] [INFO] [1781167738.379795887] [gazebo_track_car]: camera traffic-light green candidate ignored as non-lamp-shaped color patch; reason=aspect bbox=129x26px
[gazebo_track_car-2] [INFO] [1781167738.415926240] [gazebo_track_car]: camera traffic-light green candidate ignored as non-lamp-shaped color patch; reason=aspect bbox=69x9px
[gazebo_track_car-2] [INFO] [1781167738.416221465] [gazebo_track_car]: camera traffic-light green candidate ignored as non-lamp-shaped color patch; reason=large bbox=152x96px
[gazebo_track_car-2] [INFO] [1781167738.416405451] [gazebo_track_car]: camera traffic-light green candidate ignored as non-lamp-shaped color patch; reason=aspect bbox=72x17px
[gazebo_track_car-2] [INFO] [1781167738.416577956] [gazebo_track_car]: camera traffic-light green candidate ignored as non-lamp-shaped color patch; reason=aspect bbox=292x61px
[gazebo_track_car-2] [INFO] [1781167738.416847292] [gazebo_track_car]: camera traffic-light green candidate ignored as non-lamp-shaped color patch; reason=aspect bbox=136x27px
[gazebo_track_car-2] [INFO] [1781167738.450866263] [gazebo_track_car]: camera traffic-light green candidate ignored as non-lamp-shaped color patch; reason=aspect bbox=69x9px
[gazebo_track_car-2] [INFO] [1781167738.451155127] [gazebo_track_car]: camera traffic-light green candidate ignored as non-lamp-shaped color patch; reason=large bbox=154x96px
[gazebo_track_car-2] [INFO] [1781167738.451340906] [gazebo_track_car]: camera traffic-light green candidate ignored as non-lamp-shaped color patch; reason=aspect bbox=71x17px
[gazebo_track_car-2] [INFO] [1781167738.451515044] [gazebo_track_car]: camera traffic-light green candidate ignored as non-lamp-shaped color patch; reason=aspect bbox=294x60px
[gazebo_track_car-2] [INFO] [1781167738.451684813] [gazebo_track_car]: camera traffic-light green candidate ignored as non-lamp-shaped color patch; reason=aspect bbox=144x29px
[gazebo_track_car-2] [INFO] [1781167738.484388408] [gazebo_track_car]: camera traffic-light green candidate ignored as non-lamp-shaped color patch; reason=aspect bbox=68x9px
[gazebo_track_car-2] [INFO] [1781167738.484627909] [gazebo_track_car]: camera traffic-light green candidate ignored as non-lamp-shaped color patch; reason=large bbox=154x97px
[gazebo_track_car-2] [INFO] [1781167738.484885604] [gazebo_track_car]: camera traffic-light green candidate ignored as non-lamp-shaped color patch; reason=aspect bbox=70x17px
[gazebo_track_car-2] [INFO] [1781167738.485111208] [gazebo_track_car]: camera traffic-light green candidate ignored as non-lamp-shaped color patch; reason=aspect bbox=297x59px
[gazebo_track_car-2] [INFO] [1781167738.485304602] [gazebo_track_car]: camera traffic-light green candidate ignored as non-lamp-shaped color patch; reason=aspect bbox=152x31px
[gazebo_track_car-2] [INFO] [1781167738.532818889] [gazebo_track_car]: camera traffic-light green candidate ignored as non-lamp-shaped color patch; reason=aspect bbox=67x9px
[gazebo_track_car-2] [INFO] [1781167738.533047509] [gazebo_track_car]: camera traffic-light green candidate ignored as non-lamp-shaped color patch; reason=large bbox=155x97px
[gazebo_track_car-2] [INFO] [1781167738.533224161] [gazebo_track_car]: camera traffic-light green candidate ignored as non-lamp-shaped color patch; reason=aspect bbox=71x17px
[gazebo_track_car-2] [INFO] [1781167738.533394912] [gazebo_track_car]: camera traffic-light green candidate ignored as non-lamp-shaped color patch; reason=aspect bbox=299x59px
[gazebo_track_car-2] [INFO] [1781167738.533566054] [gazebo_track_car]: camera traffic-light green candidate ignored as non-lamp-shaped color patch; reason=aspect bbox=161x32px
[gazebo_track_car-2] [INFO] [1781167738.549167583] [gazebo_track_car]: camera traffic-light green candidate ignored as non-lamp-shaped color patch; reason=aspect bbox=22x7px
[gazebo_track_car-2] [INFO] [1781167738.549437351] [gazebo_track_car]: camera traffic-light green candidate ignored as non-lamp-shaped color patch; reason=aspect bbox=67x9px
[gazebo_track_car-2] [INFO] [1781167738.549624994] [gazebo_track_car]: camera traffic-light green candidate ignored as non-lamp-shaped color patch; reason=aspect bbox=293x58px
[gazebo_track_car-2] [INFO] [1781167738.549801165] [gazebo_track_car]: camera traffic-light green candidate ignored as non-lamp-shaped color patch; reason=large bbox=157x97px
[gazebo_track_car-2] [INFO] [1781167738.549974301] [gazebo_track_car]: camera traffic-light green candidate ignored as non-lamp-shaped color patch; reason=aspect bbox=71x17px
[gazebo_track_car-2] [INFO] [1781167738.550146344] [gazebo_track_car]: camera traffic-light green candidate ignored as non-lamp-shaped color patch; reason=aspect bbox=168x33px
[gazebo_track_car-2] [INFO] [1781167738.586032197] [gazebo_track_car]: camera traffic-light green candidate ignored as non-lamp-shaped color patch; reason=aspect bbox=22x7px
[gazebo_track_car-2] [INFO] [1781167738.586296545] [gazebo_track_car]: camera traffic-light green candidate ignored as non-lamp-shaped color patch; reason=aspect bbox=66x9px
[gazebo_track_car-2] [INFO] [1781167738.586478898] [gazebo_track_car]: camera traffic-light green candidate ignored as non-lamp-shaped color patch; reason=aspect bbox=288x57px
[gazebo_track_car-2] [INFO] [1781167738.587106779] [gazebo_track_car]: camera traffic-light green candidate ignored as non-lamp-shaped color patch; reason=large bbox=157x98px
[gazebo_track_car-2] [INFO] [1781167738.587363231] [gazebo_track_car]: camera traffic-light green candidate ignored as non-lamp-shaped color patch; reason=aspect bbox=71x17px
[gazebo_track_car-2] [INFO] [1781167738.587585189] [gazebo_track_car]: camera traffic-light green candidate ignored as non-lamp-shaped color patch; reason=aspect bbox=173x34px
[gazebo_track_car-2] [INFO] [1781167738.634659788] [gazebo_track_car]: camera traffic-light green candidate ignored as non-lamp-shaped color patch; reason=aspect bbox=22x7px
[gazebo_track_car-2] [INFO] [1781167738.634929776] [gazebo_track_car]: camera traffic-light green candidate ignored as non-lamp-shaped color patch; reason=aspect bbox=66x9px
[gazebo_track_car-2] [INFO] [1781167738.635114784] [gazebo_track_car]: camera traffic-light green candidate ignored as non-lamp-shaped color patch; reason=aspect bbox=288x57px
[gazebo_track_car-2] [INFO] [1781167738.635293540] [gazebo_track_car]: camera traffic-light green candidate ignored as non-lamp-shaped color patch; reason=large bbox=157x98px
[gazebo_track_car-2] [INFO] [1781167738.635462247] [gazebo_track_car]: camera traffic-light green candidate ignored as non-lamp-shaped color patch; reason=aspect bbox=71x17px
[gazebo_track_car-2] [INFO] [1781167738.635640693] [gazebo_track_car]: camera traffic-light green candidate ignored as non-lamp-shaped color patch; reason=aspect bbox=172x34px
[gazebo_track_car-2] [INFO] [1781167738.635840529] [gazebo_track_car]: camera traffic light lost for 0.2s.
[gazebo_track_car-2] [INFO] [1781167738.660859095] [gazebo_track_car]: camera traffic-light green candidate ignored as non-lamp-shaped color patch; reason=aspect bbox=22x7px
[gazebo_track_car-2] [INFO] [1781167738.661712611] [gazebo_track_car]: camera traffic-light green candidate ignored as non-lamp-shaped color patch; reason=aspect bbox=66x9px
[gazebo_track_car-2] [INFO] [1781167738.662119576] [gazebo_track_car]: camera traffic-light green candidate ignored as non-lamp-shaped color patch; reason=aspect bbox=288x57px
[gazebo_track_car-2] [INFO] [1781167738.662467301] [gazebo_track_car]: camera traffic-light green candidate ignored as non-lamp-shaped color patch; reason=large bbox=157x98px
[gazebo_track_car-2] [INFO] [1781167738.662709977] [gazebo_track_car]: camera traffic-light green candidate ignored as non-lamp-shaped color patch; reason=aspect bbox=71x17px
[gazebo_track_car-2] [INFO] [1781167738.662946382] [gazebo_track_car]: camera traffic-light green candidate ignored as non-lamp-shaped color patch; reason=aspect bbox=172x34px
[gazebo_track_car-2] [INFO] [1781167738.691245969] [gazebo_track_car]: camera traffic-light green candidate ignored as non-lamp-shaped color patch; reason=aspect bbox=19x6px
[gazebo_track_car-2] [INFO] [1781167738.691530765] [gazebo_track_car]: camera traffic-light green candidate ignored as non-lamp-shaped color patch; reason=aspect bbox=66x8px
[gazebo_track_car-2] [INFO] [1781167738.691825129] [gazebo_track_car]: camera traffic-light green candidate ignored as non-lamp-shaped color patch; reason=aspect bbox=287x57px
[gazebo_track_car-2] [INFO] [1781167738.692039091] [gazebo_track_car]: camera traffic-light green candidate ignored as non-lamp-shaped color patch; reason=large bbox=158x98px
[gazebo_track_car-2] [INFO] [1781167738.692219260] [gazebo_track_car]: camera traffic-light green candidate ignored as non-lamp-shaped color patch; reason=aspect bbox=71x17px
[gazebo_track_car-2] [INFO] [1781167738.692457859] [gazebo_track_car]: camera traffic-light green candidate ignored as non-lamp-shaped color patch; reason=aspect bbox=177x35px
[gazebo_track_car-2] [INFO] [1781167738.713803351] [gazebo_track_car]: camera traffic-light green candidate ignored as non-lamp-shaped color patch; reason=aspect bbox=20x6px
[gazebo_track_car-2] [INFO] [1781167738.714082546] [gazebo_track_car]: camera traffic-light green candidate ignored as non-lamp-shaped color patch; reason=aspect bbox=66x8px
[gazebo_track_car-2] [INFO] [1781167738.714309684] [gazebo_track_car]: camera traffic-light green candidate ignored as non-lamp-shaped color patch; reason=aspect bbox=279x55px
[gazebo_track_car-2] [INFO] [1781167738.714531972] [gazebo_track_car]: camera traffic-light green candidate ignored as non-lamp-shaped color patch; reason=large bbox=159x98px
[gazebo_track_car-2] [INFO] [1781167738.714772404] [gazebo_track_car]: camera traffic-light green candidate ignored as non-lamp-shaped color patch; reason=aspect bbox=70x17px
[gazebo_track_car-2] [INFO] [1781167738.715012606] [gazebo_track_car]: camera traffic-light green candidate ignored as non-lamp-shaped color patch; reason=aspect bbox=184x36px
[gazebo_track_car-2] [INFO] [1781167738.744617634] [gazebo_track_car]: camera traffic-light green candidate ignored as non-lamp-shaped color patch; reason=aspect bbox=17x5px
[gazebo_track_car-2] [INFO] [1781167738.744908291] [gazebo_track_car]: camera traffic-light green candidate ignored as non-lamp-shaped color patch; reason=aspect bbox=66x8px
[gazebo_track_car-2] [INFO] [1781167738.745128826] [gazebo_track_car]: camera traffic-light green candidate ignored as non-lamp-shaped color patch; reason=aspect bbox=274x54px
[gazebo_track_car-2] [INFO] [1781167738.745326307] [gazebo_track_car]: camera traffic-light green candidate ignored as non-lamp-shaped color patch; reason=large bbox=160x99px
[gazebo_track_car-2] [INFO] [1781167738.745507668] [gazebo_track_car]: camera traffic-light green candidate ignored as non-lamp-shaped color patch; reason=aspect bbox=70x16px
[gazebo_track_car-2] [INFO] [1781167738.745679832] [gazebo_track_car]: camera traffic-light green candidate ignored as non-lamp-shaped color patch; reason=aspect bbox=191x37px
[gazebo_track_car-2] [INFO] [1781167738.783094851] [gazebo_track_car]: camera traffic-light green candidate ignored as non-lamp-shaped color patch; reason=aspect bbox=14x4px
[gazebo_track_car-2] [INFO] [1781167738.783405205] [gazebo_track_car]: camera traffic-light green candidate ignored as non-lamp-shaped color patch; reason=aspect bbox=65x8px
[gazebo_track_car-2] [INFO] [1781167738.783619398] [gazebo_track_car]: camera traffic-light green candidate ignored as non-lamp-shaped color patch; reason=aspect bbox=265x52px
[gazebo_track_car-2] [INFO] [1781167738.783802192] [gazebo_track_car]: camera traffic-light green candidate ignored as non-lamp-shaped color patch; reason=large bbox=160x99px
[gazebo_track_car-2] [INFO] [1781167738.783981249] [gazebo_track_car]: camera traffic-light green candidate ignored as non-lamp-shaped color patch; reason=aspect bbox=70x16px
[gazebo_track_car-2] [INFO] [1781167738.784224917] [gazebo_track_car]: camera traffic-light green candidate ignored as non-lamp-shaped color patch; reason=aspect bbox=197x39px
[gazebo_track_car-2] [INFO] [1781167738.828462150] [gazebo_track_car]: camera traffic-light green candidate ignored as non-lamp-shaped color patch; reason=aspect bbox=12x4px
[gazebo_track_car-2] [INFO] [1781167738.828821476] [gazebo_track_car]: camera traffic-light green candidate ignored as non-lamp-shaped color patch; reason=aspect bbox=66x8px
[gazebo_track_car-2] [INFO] [1781167738.829023776] [gazebo_track_car]: camera traffic-light green candidate ignored as non-lamp-shaped color patch; reason=aspect bbox=259x51px
[gazebo_track_car-2] [INFO] [1781167738.829203574] [gazebo_track_car]: camera traffic-light green candidate ignored as non-lamp-shaped color patch; reason=large bbox=162x100px
[gazebo_track_car-2] [INFO] [1781167738.829478181] [gazebo_track_car]: camera traffic-light green candidate ignored as non-lamp-shaped color patch; reason=aspect bbox=70x16px
[gazebo_track_car-2] [INFO] [1781167738.829754661] [gazebo_track_car]: camera traffic-light green candidate ignored as non-lamp-shaped color patch; reason=aspect bbox=201x40px
[gazebo_track_car-2] [INFO] [1781167738.872601177] [gazebo_track_car]: camera traffic-light green candidate ignored as non-lamp-shaped color patch; reason=aspect bbox=10x3px
[gazebo_track_car-2] [INFO] [1781167738.872872257] [gazebo_track_car]: camera traffic-light green candidate ignored as non-lamp-shaped color patch; reason=aspect bbox=63x8px
[gazebo_track_car-2] [INFO] [1781167738.873060361] [gazebo_track_car]: camera traffic-light green candidate ignored as non-lamp-shaped color patch; reason=aspect bbox=253x50px
[gazebo_track_car-2] [INFO] [1781167738.873238055] [gazebo_track_car]: camera traffic-light green candidate ignored as non-lamp-shaped color patch; reason=large bbox=163x100px
[gazebo_track_car-2] [INFO] [1781167738.873414156] [gazebo_track_car]: camera traffic-light green candidate ignored as non-lamp-shaped color patch; reason=aspect bbox=69x16px
[gazebo_track_car-2] [INFO] [1781167738.873583585] [gazebo_track_car]: camera traffic-light green candidate ignored as non-lamp-shaped color patch; reason=aspect bbox=204x41px
[gazebo_track_car-2] [INFO] [1781167738.886429218] [gazebo_track_car]: camera traffic-light green candidate ignored as non-lamp-shaped color patch; reason=aspect bbox=66x8px
[gazebo_track_car-2] [INFO] [1781167738.886657507] [gazebo_track_car]: camera traffic-light green candidate ignored as non-lamp-shaped color patch; reason=aspect bbox=250x50px
[gazebo_track_car-2] [INFO] [1781167738.886832376] [gazebo_track_car]: camera traffic-light green candidate ignored as non-lamp-shaped color patch; reason=large bbox=164x101px
[gazebo_track_car-2] [INFO] [1781167738.887003518] [gazebo_track_car]: camera traffic-light green candidate ignored as non-lamp-shaped color patch; reason=aspect bbox=69x16px
[gazebo_track_car-2] [INFO] [1781167738.887172186] [gazebo_track_car]: camera traffic-light green candidate ignored as non-lamp-shaped color patch; reason=aspect bbox=208x42px
[gazebo_track_car-2] [INFO] [1781167738.952095130] [gazebo_track_car]: camera traffic-light green candidate ignored as non-lamp-shaped color patch; reason=aspect bbox=65x8px
[gazebo_track_car-2] [INFO] [1781167738.952399012] [gazebo_track_car]: camera traffic-light green candidate ignored as non-lamp-shaped color patch; reason=aspect bbox=245x49px
[gazebo_track_car-2] [INFO] [1781167738.952678708] [gazebo_track_car]: camera traffic-light green candidate ignored as non-lamp-shaped color patch; reason=large bbox=165x101px
[gazebo_track_car-2] [INFO] [1781167738.952868344] [gazebo_track_car]: camera traffic-light green candidate ignored as non-lamp-shaped color patch; reason=aspect bbox=69x16px
[gazebo_track_car-2] [INFO] [1781167738.953042251] [gazebo_track_car]: camera traffic-light green candidate ignored as non-lamp-shaped color patch; reason=aspect bbox=211x43px
[gazebo_track_car-2] [INFO] [1781167738.964465920] [gazebo_track_car]: camera traffic-light green candidate ignored as non-lamp-shaped color patch; reason=aspect bbox=65x8px
[gazebo_track_car-2] [INFO] [1781167738.964827109] [gazebo_track_car]: camera traffic-light green candidate ignored as non-lamp-shaped color patch; reason=aspect bbox=240x48px
[gazebo_track_car-2] [INFO] [1781167738.965031483] [gazebo_track_car]: camera traffic-light green candidate ignored as non-lamp-shaped color patch; reason=large bbox=166x102px
[gazebo_track_car-2] [INFO] [1781167738.965210690] [gazebo_track_car]: camera traffic-light green candidate ignored as non-lamp-shaped color patch; reason=aspect bbox=69x16px
[gazebo_track_car-2] [INFO] [1781167738.965385279] [gazebo_track_car]: camera traffic-light green candidate ignored as non-lamp-shaped color patch; reason=aspect bbox=215x43px
[gazebo_track_car-2] [INFO] [1781167738.991060355] [gazebo_track_car]: camera traffic-light green candidate ignored as non-lamp-shaped color patch; reason=aspect bbox=64x8px
[gazebo_track_car-2] [INFO] [1781167738.991334060] [gazebo_track_car]: camera traffic-light green candidate ignored as non-lamp-shaped color patch; reason=aspect bbox=235x47px
[gazebo_track_car-2] [INFO] [1781167738.991524708] [gazebo_track_car]: camera traffic-light green candidate ignored as non-lamp-shaped color patch; reason=large bbox=167x102px
[gazebo_track_car-2] [INFO] [1781167738.991742097] [gazebo_track_car]: camera traffic-light green candidate ignored as non-lamp-shaped color patch; reason=aspect bbox=69x16px
[gazebo_track_car-2] [INFO] [1781167738.992158811] [gazebo_track_car]: camera traffic-light green candidate ignored as non-lamp-shaped color patch; reason=aspect bbox=218x44px
[gazebo_track_car-2] [INFO] [1781167739.031076560] [gazebo_track_car]: camera traffic-light green candidate ignored as non-lamp-shaped color patch; reason=aspect bbox=65x8px
[gazebo_track_car-2] [INFO] [1781167739.031784612] [gazebo_track_car]: camera traffic-light green candidate ignored as non-lamp-shaped color patch; reason=aspect bbox=231x47px
[gazebo_track_car-2] [INFO] [1781167739.032036747] [gazebo_track_car]: camera traffic-light green candidate ignored as non-lamp-shaped color patch; reason=large bbox=168x103px
[gazebo_track_car-2] [INFO] [1781167739.032364163] [gazebo_track_car]: camera traffic-light green candidate ignored as non-lamp-shaped color patch; reason=aspect bbox=69x16px
[gazebo_track_car-2] [INFO] [1781167739.032832804] [gazebo_track_car]: camera traffic-light green candidate ignored as non-lamp-shaped color patch; reason=aspect bbox=221x45px
[gazebo_track_car-2] [INFO] [1781167739.037764441] [gazebo_track_car]: MOTION pos=(+2.188,+0.690) yaw=-2.560 v=0.032 step_err=0.0020m/0.012rad track_err=0.0084m footprint=road:8.00px route=flat_left_mid_to_top_reverse cmd_vel=(0.028,-0.188)
[gazebo_track_car-2] [INFO] [1781167739.078620629] [gazebo_track_car]: camera traffic-light green candidate ignored as non-lamp-shaped color patch; reason=aspect bbox=64x8px
[gazebo_track_car-2] [INFO] [1781167739.078887791] [gazebo_track_car]: camera traffic-light green candidate ignored as non-lamp-shaped color patch; reason=aspect bbox=226x46px
[gazebo_track_car-2] [INFO] [1781167739.079076997] [gazebo_track_car]: camera traffic-light green candidate ignored as non-lamp-shaped color patch; reason=large bbox=169x103px
[gazebo_track_car-2] [INFO] [1781167739.079249872] [gazebo_track_car]: camera traffic-light green candidate ignored as non-lamp-shaped color patch; reason=aspect bbox=69x16px
[gazebo_track_car-2] [INFO] [1781167739.079642481] [gazebo_track_car]: camera traffic-light green candidate ignored as non-lamp-shaped color patch; reason=aspect bbox=224x46px
[gazebo_track_car-2] [INFO] [1781167739.100950564] [gazebo_track_car]: camera traffic-light green candidate ignored as non-lamp-shaped color patch; reason=aspect bbox=64x8px
[gazebo_track_car-2] [INFO] [1781167739.101244648] [gazebo_track_car]: camera traffic-light green candidate ignored as non-lamp-shaped color patch; reason=aspect bbox=221x45px
[gazebo_track_car-2] [INFO] [1781167739.101431950] [gazebo_track_car]: camera traffic-light green candidate ignored as non-lamp-shaped color patch; reason=large bbox=170x104px
[gazebo_track_car-2] [INFO] [1781167739.101621156] [gazebo_track_car]: camera traffic-light green candidate ignored as non-lamp-shaped color patch; reason=aspect bbox=70x16px
[gazebo_track_car-2] [INFO] [1781167739.101795734] [gazebo_track_car]: camera traffic-light green candidate ignored as non-lamp-shaped color patch; reason=aspect bbox=226x47px
[gazebo_track_car-2] [INFO] [1781167739.140763740] [gazebo_track_car]: camera traffic-light green candidate ignored as non-lamp-shaped color patch; reason=aspect bbox=63x7px
[gazebo_track_car-2] [INFO] [1781167739.141485528] [gazebo_track_car]: camera traffic-light green candidate ignored as non-lamp-shaped color patch; reason=aspect bbox=221x45px
[gazebo_track_car-2] [INFO] [1781167739.141700182] [gazebo_track_car]: camera traffic-light green candidate ignored as non-lamp-shaped color patch; reason=large bbox=171x104px
[gazebo_track_car-2] [INFO] [1781167739.141947427] [gazebo_track_car]: camera traffic-light green candidate ignored as non-lamp-shaped color patch; reason=aspect bbox=69x16px
[gazebo_track_car-2] [INFO] [1781167739.142141281] [gazebo_track_car]: camera traffic-light green candidate ignored as non-lamp-shaped color patch; reason=aspect bbox=229x47px
[gazebo_track_car-2] [INFO] [1781167739.159997141] [gazebo_track_car]: camera traffic-light green candidate ignored as non-lamp-shaped color patch; reason=aspect bbox=64x7px
[gazebo_track_car-2] [INFO] [1781167739.160499806] [gazebo_track_car]: camera traffic-light green candidate ignored as non-lamp-shaped color patch; reason=aspect bbox=217x44px
[gazebo_track_car-2] [INFO] [1781167739.160704331] [gazebo_track_car]: camera traffic-light green candidate ignored as non-lamp-shaped color patch; reason=large bbox=173x105px
[gazebo_track_car-2] [INFO] [1781167739.161028862] [gazebo_track_car]: camera traffic-light green candidate ignored as non-lamp-shaped color patch; reason=aspect bbox=69x16px
[gazebo_track_car-2] [INFO] [1781167739.161232976] [gazebo_track_car]: camera traffic-light green candidate ignored as non-lamp-shaped color patch; reason=aspect bbox=232x48px
[gazebo_track_car-2] [INFO] [1781167739.181326023] [gazebo_track_car]: camera traffic-light green candidate ignored as non-lamp-shaped color patch; reason=aspect bbox=64x7px
[gazebo_track_car-2] [INFO] [1781167739.181637479] [gazebo_track_car]: camera traffic-light green candidate ignored as non-lamp-shaped color patch; reason=aspect bbox=213x43px
[gazebo_track_car-2] [INFO] [1781167739.181836524] [gazebo_track_car]: camera traffic-light green candidate ignored as non-lamp-shaped color patch; reason=large bbox=174x105px
[gazebo_track_car-2] [INFO] [1781167739.182098166] [gazebo_track_car]: camera traffic-light green candidate ignored as non-lamp-shaped color patch; reason=aspect bbox=69x16px
[gazebo_track_car-2] [INFO] [1781167739.182370228] [gazebo_track_car]: camera traffic-light green candidate ignored as non-lamp-shaped color patch; reason=aspect bbox=234x49px
[gazebo_track_car-2] [INFO] [1781167739.225138079] [gazebo_track_car]: camera traffic-light green candidate ignored as non-lamp-shaped color patch; reason=aspect bbox=63x7px
[gazebo_track_car-2] [INFO] [1781167739.225548902] [gazebo_track_car]: camera traffic-light green candidate ignored as non-lamp-shaped color patch; reason=aspect bbox=208x42px
[gazebo_track_car-2] [INFO] [1781167739.225739200] [gazebo_track_car]: camera traffic-light green candidate ignored as non-lamp-shaped color patch; reason=large bbox=175x106px
[gazebo_track_car-2] [INFO] [1781167739.226161374] [gazebo_track_car]: camera traffic-light green candidate ignored as non-lamp-shaped color patch; reason=aspect bbox=69x15px
[gazebo_track_car-2] [INFO] [1781167739.226403300] [gazebo_track_car]: camera traffic-light green candidate ignored as non-lamp-shaped color patch; reason=aspect bbox=237x49px
[gazebo_track_car-2] [INFO] [1781167739.268131587] [gazebo_track_car]: camera traffic-light green candidate ignored as non-lamp-shaped color patch; reason=aspect bbox=63x7px
[gazebo_track_car-2] [INFO] [1781167739.268427895] [gazebo_track_car]: camera traffic-light green candidate ignored as non-lamp-shaped color patch; reason=aspect bbox=208x42px
[gazebo_track_car-2] [INFO] [1781167739.268719503] [gazebo_track_car]: camera traffic-light green candidate ignored as non-lamp-shaped color patch; reason=large bbox=176x106px
[gazebo_track_car-2] [INFO] [1781167739.268916033] [gazebo_track_car]: camera traffic-light green candidate ignored as non-lamp-shaped color patch; reason=aspect bbox=69x15px
[gazebo_track_car-2] [INFO] [1781167739.269091944] [gazebo_track_car]: camera traffic-light green candidate ignored as non-lamp-shaped color patch; reason=aspect bbox=240x50px
[gazebo_track_car-2] [INFO] [1781167739.269340211] [gazebo_track_car]: camera traffic light is YELLOW score=70.1 area=189px bbox=30x11px fill=0.57 center=(838,304)
[gazebo_track_car-2] [INFO] [1781167739.299007068] [gazebo_track_car]: camera traffic-light green candidate ignored as non-lamp-shaped color patch; reason=aspect bbox=63x7px
[gazebo_track_car-2] [INFO] [1781167739.299290441] [gazebo_track_car]: camera traffic-light green candidate ignored as non-lamp-shaped color patch; reason=aspect bbox=203x41px
[gazebo_track_car-2] [INFO] [1781167739.299482352] [gazebo_track_car]: camera traffic-light green candidate ignored as non-lamp-shaped color patch; reason=large bbox=178x107px
[gazebo_track_car-2] [INFO] [1781167739.299654105] [gazebo_track_car]: camera traffic-light green candidate ignored as non-lamp-shaped color patch; reason=aspect bbox=68x15px
[gazebo_track_car-2] [INFO] [1781167739.299823584] [gazebo_track_car]: camera traffic-light green candidate ignored as non-lamp-shaped color patch; reason=aspect bbox=242x51px
[gazebo_track_car-2] [INFO] [1781167739.355174588] [gazebo_track_car]: camera traffic-light green candidate ignored as non-lamp-shaped color patch; reason=aspect bbox=63x7px
[gazebo_track_car-2] [INFO] [1781167739.355462329] [gazebo_track_car]: camera traffic-light green candidate ignored as non-lamp-shaped color patch; reason=aspect bbox=199x40px
[gazebo_track_car-2] [INFO] [1781167739.355651074] [gazebo_track_car]: camera traffic-light green candidate ignored as non-lamp-shaped color patch; reason=large bbox=179x108px
[gazebo_track_car-2] [INFO] [1781167739.355827807] [gazebo_track_car]: camera traffic-light green candidate ignored as non-lamp-shaped color patch; reason=aspect bbox=68x15px
[gazebo_track_car-2] [INFO] [1781167739.356004549] [gazebo_track_car]: camera traffic-light green candidate ignored as non-lamp-shaped color patch; reason=aspect bbox=244x51px
[gazebo_track_car-2] [INFO] [1781167739.363137077] [gazebo_track_car]: camera traffic-light green candidate ignored as non-lamp-shaped color patch; reason=aspect bbox=63x7px
[gazebo_track_car-2] [INFO] [1781167739.363403989] [gazebo_track_car]: camera traffic-light green candidate ignored as non-lamp-shaped color patch; reason=aspect bbox=199x41px
[gazebo_track_car-2] [INFO] [1781167739.363595610] [gazebo_track_car]: camera traffic-light green candidate ignored as non-lamp-shaped color patch; reason=large bbox=180x108px
[gazebo_track_car-2] [INFO] [1781167739.363771571] [gazebo_track_car]: camera traffic-light green candidate ignored as non-lamp-shaped color patch; reason=aspect bbox=68x15px
[gazebo_track_car-2] [INFO] [1781167739.363985243] [gazebo_track_car]: camera traffic-light green candidate ignored as non-lamp-shaped color patch; reason=aspect bbox=246x52px
[gazebo_track_car-2] [INFO] [1781167739.396846699] [gazebo_track_car]: camera traffic-light green candidate ignored as non-lamp-shaped color patch; reason=aspect bbox=62x7px
[gazebo_track_car-2] [INFO] [1781167739.397142316] [gazebo_track_car]: camera traffic-light green candidate ignored as non-lamp-shaped color patch; reason=aspect bbox=194x40px
[gazebo_track_car-2] [INFO] [1781167739.397356719] [gazebo_track_car]: camera traffic-light green candidate ignored as non-lamp-shaped color patch; reason=large bbox=181x109px
[gazebo_track_car-2] [INFO] [1781167739.397532820] [gazebo_track_car]: camera traffic-light green candidate ignored as non-lamp-shaped color patch; reason=aspect bbox=68x15px
[gazebo_track_car-2] [INFO] [1781167739.397705485] [gazebo_track_car]: camera traffic-light green candidate ignored as non-lamp-shaped color patch; reason=aspect bbox=248x52px
[gazebo_track_car-2] [INFO] [1781167739.421244997] [gazebo_track_car]: camera traffic-light green candidate ignored as non-lamp-shaped color patch; reason=aspect bbox=62x7px
[gazebo_track_car-2] [INFO] [1781167739.421517299] [gazebo_track_car]: camera traffic-light green candidate ignored as non-lamp-shaped color patch; reason=aspect bbox=194x40px
[gazebo_track_car-2] [INFO] [1781167739.421744456] [gazebo_track_car]: camera traffic-light green candidate ignored as non-lamp-shaped color patch; reason=large bbox=182x109px
[gazebo_track_car-2] [INFO] [1781167739.421942018] [gazebo_track_car]: camera traffic-light green candidate ignored as non-lamp-shaped color patch; reason=aspect bbox=68x15px
[gazebo_track_car-2] [INFO] [1781167739.422119121] [gazebo_track_car]: camera traffic-light green candidate ignored as non-lamp-shaped color patch; reason=aspect bbox=251x53px
[gazebo_track_car-2] [INFO] [1781167739.465653185] [gazebo_track_car]: camera traffic-light green candidate ignored as non-lamp-shaped color patch; reason=aspect bbox=63x7px
[gazebo_track_car-2] [INFO] [1781167739.465942339] [gazebo_track_car]: camera traffic-light green candidate ignored as non-lamp-shaped color patch; reason=aspect bbox=189x39px
[gazebo_track_car-2] [INFO] [1781167739.466274684] [gazebo_track_car]: camera traffic-light green candidate ignored as non-lamp-shaped color patch; reason=large bbox=185x110px
[gazebo_track_car-2] [INFO] [1781167739.466458139] [gazebo_track_car]: camera traffic-light green candidate ignored as non-lamp-shaped color patch; reason=aspect bbox=68x15px
[gazebo_track_car-2] [INFO] [1781167739.467006561] [gazebo_track_car]: camera traffic-light green candidate ignored as non-lamp-shaped color patch; reason=aspect bbox=253x54px
[gazebo_track_car-2] [INFO] [1781167739.486274504] [gazebo_track_car]: camera traffic-light green candidate ignored as non-lamp-shaped color patch; reason=aspect bbox=63x7px
[gazebo_track_car-2] [INFO] [1781167739.486637347] [gazebo_track_car]: camera traffic-light green candidate ignored as non-lamp-shaped color patch; reason=aspect bbox=185x38px
[gazebo_track_car-2] [INFO] [1781167739.486841130] [gazebo_track_car]: camera traffic-light green candidate ignored as non-lamp-shaped color patch; reason=large bbox=186x110px
[gazebo_track_car-2] [INFO] [1781167739.487018213] [gazebo_track_car]: camera traffic-light green candidate ignored as non-lamp-shaped color patch; reason=aspect bbox=68x15px
[gazebo_track_car-2] [INFO] [1781167739.487192180] [gazebo_track_car]: camera traffic-light green candidate ignored as non-lamp-shaped color patch; reason=aspect bbox=255x54px
[gazebo_track_car-2] [INFO] [1781167739.538861162] [gazebo_track_car]: camera traffic-light green candidate ignored as non-lamp-shaped color patch; reason=aspect bbox=63x7px
[gazebo_track_car-2] [INFO] [1781167739.539137882] [gazebo_track_car]: camera traffic-light green candidate ignored as non-lamp-shaped color patch; reason=aspect bbox=186x38px
[gazebo_track_car-2] [INFO] [1781167739.539361593] [gazebo_track_car]: camera traffic-light green candidate ignored as non-lamp-shaped color patch; reason=large bbox=187x111px
[gazebo_track_car-2] [INFO] [1781167739.539883074] [gazebo_track_car]: camera traffic-light green candidate ignored as non-lamp-shaped color patch; reason=aspect bbox=68x15px
[gazebo_track_car-2] [INFO] [1781167739.540548846] [gazebo_track_car]: camera traffic-light green candidate ignored as non-lamp-shaped color patch; reason=fill bbox=11x6px
[gazebo_track_car-2] [INFO] [1781167739.540881041] [gazebo_track_car]: camera traffic-light green candidate ignored as non-lamp-shaped color patch; reason=aspect bbox=257x55px
[gazebo_track_car-2] [INFO] [1781167739.544958842] [gazebo_track_car]: camera traffic light lost for 0.2s.
[gazebo_track_car-2] [INFO] [1781167739.569528662] [gazebo_track_car]: camera traffic-light green candidate ignored as non-lamp-shaped color patch; reason=aspect bbox=63x7px
[gazebo_track_car-2] [INFO] [1781167739.569799091] [gazebo_track_car]: camera traffic-light green candidate ignored as non-lamp-shaped color patch; reason=aspect bbox=181x37px
[gazebo_track_car-2] [INFO] [1781167739.570011350] [gazebo_track_car]: camera traffic-light green candidate ignored as non-lamp-shaped color patch; reason=large bbox=188x111px
[gazebo_track_car-2] [INFO] [1781167739.570189635] [gazebo_track_car]: camera traffic-light green candidate ignored as non-lamp-shaped color patch; reason=aspect bbox=68x15px
[gazebo_track_car-2] [INFO] [1781167739.570435348] [gazebo_track_car]: camera traffic-light green candidate ignored as non-lamp-shaped color patch; reason=aspect bbox=259x55px
[gazebo_track_car-2] [INFO] [1781167739.586135983] [gazebo_track_car]: camera traffic-light green candidate ignored as non-lamp-shaped color patch; reason=aspect bbox=63x7px
[gazebo_track_car-2] [INFO] [1781167739.586426109] [gazebo_track_car]: camera traffic-light green candidate ignored as non-lamp-shaped color patch; reason=aspect bbox=181x37px
[gazebo_track_car-2] [INFO] [1781167739.586615135] [gazebo_track_car]: camera traffic-light green candidate ignored as non-lamp-shaped color patch; reason=large bbox=190x111px
[gazebo_track_car-2] [INFO] [1781167739.586788992] [gazebo_track_car]: camera traffic-light green candidate ignored as non-lamp-shaped color patch; reason=aspect bbox=69x15px
[gazebo_track_car-2] [INFO] [1781167739.587268844] [gazebo_track_car]: camera traffic-light green candidate ignored as non-lamp-shaped color patch; reason=aspect bbox=261x56px
[gazebo_track_car-2] [INFO] [1781167739.639406534] [gazebo_track_car]: camera traffic-light green candidate ignored as non-lamp-shaped color patch; reason=aspect bbox=63x7px
[gazebo_track_car-2] [INFO] [1781167739.639680760] [gazebo_track_car]: camera traffic-light green candidate ignored as non-lamp-shaped color patch; reason=aspect bbox=177x36px
[gazebo_track_car-2] [INFO] [1781167739.640004078] [gazebo_track_car]: camera traffic-light green candidate ignored as non-lamp-shaped color patch; reason=large bbox=191x112px
[gazebo_track_car-2] [INFO] [1781167739.640415071] [gazebo_track_car]: camera traffic-light green candidate ignored as non-lamp-shaped color patch; reason=aspect bbox=69x15px
[gazebo_track_car-2] [INFO] [1781167739.640898821] [gazebo_track_car]: camera traffic-light green candidate ignored as non-lamp-shaped color patch; reason=aspect bbox=263x56px
[gazebo_track_car-2] [INFO] [1781167739.661684382] [gazebo_track_car]: camera traffic-light green candidate ignored as non-lamp-shaped color patch; reason=aspect bbox=62x7px
[gazebo_track_car-2] [INFO] [1781167739.661958227] [gazebo_track_car]: camera traffic-light green candidate ignored as non-lamp-shaped color patch; reason=aspect bbox=176x36px
[gazebo_track_car-2] [INFO] [1781167739.662173923] [gazebo_track_car]: camera traffic-light green candidate ignored as non-lamp-shaped color patch; reason=large bbox=192x112px
[gazebo_track_car-2] [INFO] [1781167739.662378928] [gazebo_track_car]: camera traffic-light green candidate ignored as non-lamp-shaped color patch; reason=aspect bbox=69x15px
[gazebo_track_car-2] [INFO] [1781167739.662558256] [gazebo_track_car]: camera traffic-light green candidate ignored as non-lamp-shaped color patch; reason=fill bbox=12x6px
[gazebo_track_car-2] [INFO] [1781167739.662729898] [gazebo_track_car]: camera traffic-light green candidate ignored as non-lamp-shaped color patch; reason=aspect bbox=264x56px
[gazebo_track_car-2] [INFO] [1781167739.701210767] [gazebo_track_car]: camera traffic-light green candidate ignored as non-lamp-shaped color patch; reason=aspect bbox=62x7px
[gazebo_track_car-2] [INFO] [1781167739.701479182] [gazebo_track_car]: camera traffic-light green candidate ignored as non-lamp-shaped color patch; reason=aspect bbox=176x37px
[gazebo_track_car-2] [INFO] [1781167739.701892009] [gazebo_track_car]: camera traffic-light green candidate ignored as non-lamp-shaped color patch; reason=large bbox=193x113px
[gazebo_track_car-2] [INFO] [1781167739.702132541] [gazebo_track_car]: camera traffic-light green candidate ignored as non-lamp-shaped color patch; reason=aspect bbox=69x15px
[gazebo_track_car-2] [INFO] [1781167739.702431353] [gazebo_track_car]: camera traffic-light green candidate ignored as non-lamp-shaped color patch; reason=aspect bbox=266x57px
[gazebo_track_car-2] [INFO] [1781167739.733126886] [gazebo_track_car]: camera traffic-light green candidate ignored as non-lamp-shaped color patch; reason=aspect bbox=62x7px
[gazebo_track_car-2] [INFO] [1781167739.733652254] [gazebo_track_car]: camera traffic-light green candidate ignored as non-lamp-shaped color patch; reason=aspect bbox=172x36px
[gazebo_track_car-2] [INFO] [1781167739.733862510] [gazebo_track_car]: camera traffic-light green candidate ignored as non-lamp-shaped color patch; reason=large bbox=195x113px
[gazebo_track_car-2] [INFO] [1781167739.734063448] [gazebo_track_car]: camera traffic-light green candidate ignored as non-lamp-shaped color patch; reason=aspect bbox=70x15px
[gazebo_track_car-2] [INFO] [1781167739.734407465] [gazebo_track_car]: camera traffic-light green candidate ignored as non-lamp-shaped color patch; reason=aspect bbox=268x57px
[gazebo_track_car-2] [INFO] [1781167739.755996748] [gazebo_track_car]: camera traffic-light green candidate ignored as non-lamp-shaped color patch; reason=aspect bbox=62x7px
[gazebo_track_car-2] [INFO] [1781167739.756284249] [gazebo_track_car]: camera traffic-light green candidate ignored as non-lamp-shaped color patch; reason=aspect bbox=172x36px
[gazebo_track_car-2] [INFO] [1781167739.756468695] [gazebo_track_car]: camera traffic-light green candidate ignored as non-lamp-shaped color patch; reason=large bbox=197x114px
[gazebo_track_car-2] [INFO] [1781167739.756639136] [gazebo_track_car]: camera traffic-light green candidate ignored as non-lamp-shaped color patch; reason=aspect bbox=69x15px
[gazebo_track_car-2] [INFO] [1781167739.757223425] [gazebo_track_car]: camera traffic-light green candidate ignored as non-lamp-shaped color patch; reason=aspect bbox=269x58px
[gazebo_track_car-2] [INFO] [1781167739.757690955] [gazebo_track_car]: camera traffic light is YELLOW score=44.2 area=124px bbox=21x8px fill=0.74 center=(782,296)
[gazebo_track_car-2] [INFO] [1781167739.806271823] [gazebo_track_car]: camera traffic-light green candidate ignored as non-lamp-shaped color patch; reason=aspect bbox=62x7px
[gazebo_track_car-2] [INFO] [1781167739.806546620] [gazebo_track_car]: camera traffic-light green candidate ignored as non-lamp-shaped color patch; reason=aspect bbox=172x36px
[gazebo_track_car-2] [INFO] [1781167739.806730546] [gazebo_track_car]: camera traffic-light green candidate ignored as non-lamp-shaped color patch; reason=large bbox=197x114px
[gazebo_track_car-2] [INFO] [1781167739.806902299] [gazebo_track_car]: camera traffic-light green candidate ignored as non-lamp-shaped color patch; reason=aspect bbox=69x15px
[gazebo_track_car-2] [INFO] [1781167739.807284388] [gazebo_track_car]: camera traffic-light green candidate ignored as non-lamp-shaped color patch; reason=aspect bbox=269x58px
[gazebo_track_car-2] [INFO] [1781167739.834667390] [gazebo_track_car]: camera traffic-light green candidate ignored as non-lamp-shaped color patch; reason=aspect bbox=62x7px
[gazebo_track_car-2] [INFO] [1781167739.834974878] [gazebo_track_car]: camera traffic-light green candidate ignored as non-lamp-shaped color patch; reason=aspect bbox=172x36px
[gazebo_track_car-2] [INFO] [1781167739.835181827] [gazebo_track_car]: camera traffic-light green candidate ignored as non-lamp-shaped color patch; reason=large bbox=197x114px
[gazebo_track_car-2] [INFO] [1781167739.835360393] [gazebo_track_car]: camera traffic-light green candidate ignored as non-lamp-shaped color patch; reason=aspect bbox=69x15px
[gazebo_track_car-2] [INFO] [1781167739.835716113] [gazebo_track_car]: camera traffic-light green candidate ignored as non-lamp-shaped color patch; reason=aspect bbox=269x58px
[gazebo_track_car-2] [INFO] [1781167739.859863307] [gazebo_track_car]: camera traffic-light green candidate ignored as non-lamp-shaped color patch; reason=aspect bbox=62x7px
[gazebo_track_car-2] [INFO] [1781167739.860190413] [gazebo_track_car]: camera traffic-light green candidate ignored as non-lamp-shaped color patch; reason=aspect bbox=172x36px
[gazebo_track_car-2] [INFO] [1781167739.860397893] [gazebo_track_car]: camera traffic-light green candidate ignored as non-lamp-shaped color patch; reason=large bbox=197x114px
[gazebo_track_car-2] [INFO] [1781167739.860577862] [gazebo_track_car]: camera traffic-light green candidate ignored as non-lamp-shaped color patch; reason=aspect bbox=69x15px
[gazebo_track_car-2] [INFO] [1781167739.861262570] [gazebo_track_car]: camera traffic-light green candidate ignored as non-lamp-shaped color patch; reason=aspect bbox=269x58px
[gazebo_track_car-2] [WARN] [1781167739.882483059] [gazebo_track_car]: JITTER events=4 reasons=speed_delta=0.032m/s pos=(+2.175,+0.673) step=0.0005/0.0000m yaw=0.003/0.000rad route=flat_left_mid_to_top_reverse
[gazebo_track_car-2] [INFO] [1781167739.907380526] [gazebo_track_car]: camera traffic-light green candidate ignored as non-lamp-shaped color patch; reason=aspect bbox=61x7px
[gazebo_track_car-2] [INFO] [1781167739.907666233] [gazebo_track_car]: camera traffic-light green candidate ignored as non-lamp-shaped color patch; reason=aspect bbox=167x35px
[gazebo_track_car-2] [INFO] [1781167739.908007205] [gazebo_track_car]: camera traffic-light green candidate ignored as non-lamp-shaped color patch; reason=large bbox=198x114px
[gazebo_track_car-2] [INFO] [1781167739.908218312] [gazebo_track_car]: camera traffic-light green candidate ignored as non-lamp-shaped color patch; reason=aspect bbox=69x15px
[gazebo_track_car-2] [INFO] [1781167739.908685731] [gazebo_track_car]: camera traffic-light green candidate ignored as non-lamp-shaped color patch; reason=aspect bbox=271x58px
[gazebo_track_car-2] [INFO] [1781167739.944641920] [gazebo_track_car]: camera traffic-light green candidate ignored as non-lamp-shaped color patch; reason=aspect bbox=61x7px
[gazebo_track_car-2] [INFO] [1781167739.944989985] [gazebo_track_car]: camera traffic-light green candidate ignored as non-lamp-shaped color patch; reason=aspect bbox=166x35px
[gazebo_track_car-2] [INFO] [1781167739.945225167] [gazebo_track_car]: camera traffic-light green candidate ignored as non-lamp-shaped color patch; reason=large bbox=199x115px
[gazebo_track_car-2] [INFO] [1781167739.945465990] [gazebo_track_car]: camera traffic-light green candidate ignored as non-lamp-shaped color patch; reason=aspect bbox=70x15px
[gazebo_track_car-2] [INFO] [1781167739.945758491] [gazebo_track_car]: camera traffic-light green candidate ignored as non-lamp-shaped color patch; reason=fill bbox=12x6px
[gazebo_track_car-2] [INFO] [1781167739.945998713] [gazebo_track_car]: camera traffic-light green candidate ignored as non-lamp-shaped color patch; reason=aspect bbox=273x58px
[gazebo_track_car-2] [INFO] [1781167739.956199051] [gazebo_track_car]: camera traffic-light green candidate ignored as non-lamp-shaped color patch; reason=aspect bbox=61x7px
[gazebo_track_car-2] [INFO] [1781167739.956495919] [gazebo_track_car]: camera traffic-light green candidate ignored as non-lamp-shaped color patch; reason=aspect bbox=167x35px
[gazebo_track_car-2] [INFO] [1781167739.956807926] [gazebo_track_car]: camera traffic-light green candidate ignored as non-lamp-shaped color patch; reason=large bbox=201x116px
[gazebo_track_car-2] [INFO] [1781167739.957008343] [gazebo_track_car]: camera traffic-light green candidate ignored as non-lamp-shaped color patch; reason=aspect bbox=70x15px
[gazebo_track_car-2] [INFO] [1781167739.957397024] [gazebo_track_car]: camera traffic-light green candidate ignored as non-lamp-shaped color patch; reason=fill bbox=11x6px
[gazebo_track_car-2] [INFO] [1781167739.957683523] [gazebo_track_car]: camera traffic-light green candidate ignored as non-lamp-shaped color patch; reason=aspect bbox=274x59px
[gazebo_track_car-2] [INFO] [1781167740.004341675] [gazebo_track_car]: camera traffic-light green candidate ignored as non-lamp-shaped color patch; reason=aspect bbox=62x7px
[gazebo_track_car-2] [INFO] [1781167740.005396549] [gazebo_track_car]: camera traffic-light green candidate ignored as non-lamp-shaped color patch; reason=aspect bbox=163x34px
[gazebo_track_car-2] [INFO] [1781167740.005895728] [gazebo_track_car]: camera traffic-light green candidate ignored as non-lamp-shaped color patch; reason=large bbox=202x116px
[gazebo_track_car-2] [INFO] [1781167740.006308294] [gazebo_track_car]: camera traffic-light green candidate ignored as non-lamp-shaped color patch; reason=aspect bbox=70x15px
[gazebo_track_car-2] [INFO] [1781167740.006677349] [gazebo_track_car]: camera traffic-light green candidate ignored as non-lamp-shaped color patch; reason=fill bbox=11x6px
[gazebo_track_car-2] [INFO] [1781167740.007026866] [gazebo_track_car]: camera traffic-light green candidate ignored as non-lamp-shaped color patch; reason=aspect bbox=276x59px
[gazebo_track_car-2] [INFO] [1781167740.035521012] [gazebo_track_car]: camera traffic-light green candidate ignored as non-lamp-shaped color patch; reason=aspect bbox=62x7px
[gazebo_track_car-2] [INFO] [1781167740.035795218] [gazebo_track_car]: camera traffic-light green candidate ignored as non-lamp-shaped color patch; reason=aspect bbox=163x34px
[gazebo_track_car-2] [INFO] [1781167740.035982741] [gazebo_track_car]: camera traffic-light green candidate ignored as non-lamp-shaped color patch; reason=large bbox=203x117px
[gazebo_track_car-2] [INFO] [1781167740.036156998] [gazebo_track_car]: camera traffic-light green candidate ignored as non-lamp-shaped color patch; reason=aspect bbox=70x15px
[gazebo_track_car-2] [INFO] [1781167740.036327880] [gazebo_track_car]: camera traffic-light green candidate ignored as non-lamp-shaped color patch; reason=fill bbox=12x6px
[gazebo_track_car-2] [INFO] [1781167740.036494724] [gazebo_track_car]: camera traffic-light green candidate ignored as non-lamp-shaped color patch; reason=aspect bbox=277x60px
[gazebo_track_car-2] [INFO] [1781167740.060267297] [gazebo_track_car]: camera traffic-light green candidate ignored as non-lamp-shaped color patch; reason=aspect bbox=61x7px
[gazebo_track_car-2] [INFO] [1781167740.060542996] [gazebo_track_car]: camera traffic-light green candidate ignored as non-lamp-shaped color patch; reason=aspect bbox=158x33px
[gazebo_track_car-2] [INFO] [1781167740.060844553] [gazebo_track_car]: camera traffic-light green candidate ignored as non-lamp-shaped color patch; reason=large bbox=206x118px
[gazebo_track_car-2] [INFO] [1781167740.061054398] [gazebo_track_car]: camera traffic-light green candidate ignored as non-lamp-shaped color patch; reason=aspect bbox=70x15px
[gazebo_track_car-2] [INFO] [1781167740.061447357] [gazebo_track_car]: camera traffic-light green candidate ignored as non-lamp-shaped color patch; reason=aspect bbox=280x60px
[gazebo_track_car-2] [INFO] [1781167740.104639403] [gazebo_track_car]: camera traffic-light green candidate ignored as non-lamp-shaped color patch; reason=aspect bbox=61x7px
[gazebo_track_car-2] [INFO] [1781167740.104983040] [gazebo_track_car]: camera traffic-light green candidate ignored as non-lamp-shaped color patch; reason=aspect bbox=158x33px
[gazebo_track_car-2] [INFO] [1781167740.105168749] [gazebo_track_car]: camera traffic-light green candidate ignored as non-lamp-shaped color patch; reason=large bbox=207x118px
[gazebo_track_car-2] [INFO] [1781167740.105340422] [gazebo_track_car]: camera traffic-light green candidate ignored as non-lamp-shaped color patch; reason=aspect bbox=70x15px
[gazebo_track_car-2] [INFO] [1781167740.106093609] [gazebo_track_car]: camera traffic-light green candidate ignored as non-lamp-shaped color patch; reason=aspect bbox=281x60px
[gazebo_track_car-2] [INFO] [1781167740.126710124] [gazebo_track_car]: camera traffic-light green candidate ignored as non-lamp-shaped color patch; reason=aspect bbox=61x7px
[gazebo_track_car-2] [INFO] [1781167740.127029315] [gazebo_track_car]: camera traffic-light green candidate ignored as non-lamp-shaped color patch; reason=aspect bbox=158x33px
[gazebo_track_car-2] [INFO] [1781167740.127236304] [gazebo_track_car]: camera traffic-light green candidate ignored as non-lamp-shaped color patch; reason=large bbox=208x119px
[gazebo_track_car-2] [INFO] [1781167740.127417555] [gazebo_track_car]: camera traffic-light green candidate ignored as non-lamp-shaped color patch; reason=aspect bbox=69x15px
[gazebo_track_car-2] [INFO] [1781167740.128011723] [gazebo_track_car]: camera traffic-light green candidate ignored as non-lamp-shaped color patch; reason=aspect bbox=282x61px
[gazebo_track_car-2] [INFO] [1781167740.159447654] [gazebo_track_car]: camera traffic-light green candidate ignored as non-lamp-shaped color patch; reason=aspect bbox=61x6px
[gazebo_track_car-2] [INFO] [1781167740.159733351] [gazebo_track_car]: camera traffic-light green candidate ignored as non-lamp-shaped color patch; reason=aspect bbox=154x32px
[gazebo_track_car-2] [INFO] [1781167740.159919141] [gazebo_track_car]: camera traffic-light green candidate ignored as non-lamp-shaped color patch; reason=large bbox=210x119px
[gazebo_track_car-2] [INFO] [1781167740.160097015] [gazebo_track_car]: camera traffic-light green candidate ignored as non-lamp-shaped color patch; reason=aspect bbox=70x15px
[gazebo_track_car-2] [INFO] [1781167740.160713715] [gazebo_track_car]: camera traffic-light green candidate ignored as non-lamp-shaped color patch; reason=aspect bbox=284x61px
[gazebo_track_car-2] [INFO] [1781167740.205022303] [gazebo_track_car]: camera traffic-light green candidate ignored as non-lamp-shaped color patch; reason=aspect bbox=60x6px
[gazebo_track_car-2] [INFO] [1781167740.205534667] [gazebo_track_car]: camera traffic-light green candidate ignored as non-lamp-shaped color patch; reason=aspect bbox=154x32px
[gazebo_track_car-2] [INFO] [1781167740.205787683] [gazebo_track_car]: camera traffic-light green candidate ignored as non-lamp-shaped color patch; reason=large bbox=211x121px
[gazebo_track_car-2] [INFO] [1781167740.205995023] [gazebo_track_car]: camera traffic-light green candidate ignored as non-lamp-shaped color patch; reason=aspect bbox=70x15px
[gazebo_track_car-2] [INFO] [1781167740.206174029] [gazebo_track_car]: camera traffic-light green candidate ignored as non-lamp-shaped color patch; reason=aspect bbox=13x5px
[gazebo_track_car-2] [INFO] [1781167740.206419431] [gazebo_track_car]: camera traffic-light green candidate ignored as non-lamp-shaped color patch; reason=aspect bbox=285x61px
[gazebo_track_car-2] [INFO] [1781167740.250847149] [gazebo_track_car]: camera traffic-light green candidate ignored as non-lamp-shaped color patch; reason=aspect bbox=61x6px
[gazebo_track_car-2] [INFO] [1781167740.251668775] [gazebo_track_car]: camera traffic-light green candidate ignored as non-lamp-shaped color patch; reason=aspect bbox=155x32px
[gazebo_track_car-2] [INFO] [1781167740.252192029] [gazebo_track_car]: camera traffic-light green candidate ignored as non-lamp-shaped color patch; reason=large bbox=214x121px
[gazebo_track_car-2] [INFO] [1781167740.252544102] [gazebo_track_car]: camera traffic-light green candidate ignored as non-lamp-shaped color patch; reason=aspect bbox=70x15px
[gazebo_track_car-2] [INFO] [1781167740.252908728] [gazebo_track_car]: camera traffic-light green candidate ignored as non-lamp-shaped color patch; reason=fill bbox=12x6px
[gazebo_track_car-2] [INFO] [1781167740.253180920] [gazebo_track_car]: camera traffic-light green candidate ignored as non-lamp-shaped color patch; reason=aspect bbox=286x62px
[gazebo_track_car-2] [INFO] [1781167740.263923883] [gazebo_track_car]: camera traffic-light green candidate ignored as non-lamp-shaped color patch; reason=aspect bbox=61x6px
[gazebo_track_car-2] [INFO] [1781167740.264156911] [gazebo_track_car]: camera traffic-light green candidate ignored as non-lamp-shaped color patch; reason=aspect bbox=155x32px
[gazebo_track_car-2] [INFO] [1781167740.264340196] [gazebo_track_car]: camera traffic-light green candidate ignored as non-lamp-shaped color patch; reason=large bbox=215x121px
[gazebo_track_car-2] [INFO] [1781167740.264511408] [gazebo_track_car]: camera traffic-light green candidate ignored as non-lamp-shaped color patch; reason=aspect bbox=71x15px
[gazebo_track_car-2] [INFO] [1781167740.264681178] [gazebo_track_car]: camera traffic-light green candidate ignored as non-lamp-shaped color patch; reason=fill bbox=12x6px
[gazebo_track_car-2] [INFO] [1781167740.264975151] [gazebo_track_car]: camera traffic-light green candidate ignored as non-lamp-shaped color patch; reason=aspect bbox=288x62px
[gazebo_track_car-2] [INFO] [1781167740.313740572] [gazebo_track_car]: camera traffic-light green candidate ignored as non-lamp-shaped color patch; reason=aspect bbox=60x6px
[gazebo_track_car-2] [INFO] [1781167740.314496093] [gazebo_track_car]: camera traffic-light green candidate ignored as non-lamp-shaped color patch; reason=aspect bbox=151x31px
[gazebo_track_car-2] [INFO] [1781167740.314736876] [gazebo_track_car]: camera traffic-light green candidate ignored as non-lamp-shaped color patch; reason=large bbox=216x121px
[gazebo_track_car-2] [INFO] [1781167740.314951761] [gazebo_track_car]: camera traffic-light green candidate ignored as non-lamp-shaped color patch; reason=aspect bbox=70x15px
[gazebo_track_car-2] [INFO] [1781167740.315147629] [gazebo_track_car]: camera traffic-light green candidate ignored as non-lamp-shaped color patch; reason=fill bbox=13x6px
[gazebo_track_car-2] [INFO] [1781167740.315322027] [gazebo_track_car]: camera traffic-light green candidate ignored as non-lamp-shaped color patch; reason=aspect bbox=289x62px
[gazebo_track_car-2] [INFO] [1781167740.356669312] [gazebo_track_car]: camera traffic-light green candidate ignored as non-lamp-shaped color patch; reason=aspect bbox=60x6px
[gazebo_track_car-2] [INFO] [1781167740.356919332] [gazebo_track_car]: camera traffic-light green candidate ignored as non-lamp-shaped color patch; reason=aspect bbox=151x31px
[gazebo_track_car-2] [INFO] [1781167740.357100173] [gazebo_track_car]: camera traffic-light green candidate ignored as non-lamp-shaped color patch; reason=large bbox=218x121px
[gazebo_track_car-2] [INFO] [1781167740.357271044] [gazebo_track_car]: camera traffic-light green candidate ignored as non-lamp-shaped color patch; reason=aspect bbox=70x15px
[gazebo_track_car-2] [INFO] [1781167740.357724707] [gazebo_track_car]: camera traffic-light green candidate ignored as non-lamp-shaped color patch; reason=aspect bbox=290x63px
[gazebo_track_car-2] [INFO] [1781167740.368078004] [gazebo_track_car]: camera traffic-light green candidate ignored as non-lamp-shaped color patch; reason=aspect bbox=60x6px
[gazebo_track_car-2] [INFO] [1781167740.369078326] [gazebo_track_car]: camera traffic-light green candidate ignored as non-lamp-shaped color patch; reason=aspect bbox=151x32px
[gazebo_track_car-2] [INFO] [1781167740.369338015] [gazebo_track_car]: camera traffic-light green candidate ignored as non-lamp-shaped color patch; reason=large bbox=220x121px
[gazebo_track_car-2] [INFO] [1781167740.369522783] [gazebo_track_car]: camera traffic-light green candidate ignored as non-lamp-shaped color patch; reason=aspect bbox=70x15px
[gazebo_track_car-2] [INFO] [1781167740.369898720] [gazebo_track_car]: camera traffic-light green candidate ignored as non-lamp-shaped color patch; reason=aspect bbox=291x63px
[gazebo_track_car-2] [INFO] [1781167740.396608268] [gazebo_track_car]: camera traffic-light green candidate ignored as non-lamp-shaped color patch; reason=aspect bbox=60x6px
[gazebo_track_car-2] [INFO] [1781167740.396986771] [gazebo_track_car]: camera traffic-light green candidate ignored as non-lamp-shaped color patch; reason=aspect bbox=147x31px
[gazebo_track_car-2] [INFO] [1781167740.397192387] [gazebo_track_car]: camera traffic-light green candidate ignored as non-lamp-shaped color patch; reason=large bbox=221x121px
[gazebo_track_car-2] [INFO] [1781167740.397373859] [gazebo_track_car]: camera traffic-light green candidate ignored as non-lamp-shaped color patch; reason=aspect bbox=71x15px
[gazebo_track_car-2] [INFO] [1781167740.397722505] [gazebo_track_car]: camera traffic-light green candidate ignored as non-lamp-shaped color patch; reason=aspect bbox=293x63px
[gazebo_track_car-2] [INFO] [1781167740.435913803] [gazebo_track_car]: camera traffic-light green candidate ignored as non-lamp-shaped color patch; reason=aspect bbox=60x6px
[gazebo_track_car-2] [INFO] [1781167740.436183631] [gazebo_track_car]: camera traffic-light green candidate ignored as non-lamp-shaped color patch; reason=aspect bbox=146x31px
[gazebo_track_car-2] [INFO] [1781167740.436366665] [gazebo_track_car]: camera traffic-light green candidate ignored as non-lamp-shaped color patch; reason=large bbox=222x121px
[gazebo_track_car-2] [INFO] [1781167740.436536645] [gazebo_track_car]: camera traffic-light green candidate ignored as non-lamp-shaped color patch; reason=aspect bbox=70x15px
[gazebo_track_car-2] [INFO] [1781167740.436949141] [gazebo_track_car]: camera traffic-light green candidate ignored as non-lamp-shaped color patch; reason=aspect bbox=294x63px
[gazebo_track_car-2] [INFO] [1781167740.460195684] [gazebo_track_car]: camera traffic-light green candidate ignored as non-lamp-shaped color patch; reason=aspect bbox=59x6px
[gazebo_track_car-2] [INFO] [1781167740.460472715] [gazebo_track_car]: camera traffic-light green candidate ignored as non-lamp-shaped color patch; reason=aspect bbox=146x31px
[gazebo_track_car-2] [INFO] [1781167740.460809729] [gazebo_track_car]: camera traffic-light green candidate ignored as non-lamp-shaped color patch; reason=large bbox=225x121px
[gazebo_track_car-2] [INFO] [1781167740.461419356] [gazebo_track_car]: camera traffic-light green candidate ignored as non-lamp-shaped color patch; reason=aspect bbox=71x15px
[gazebo_track_car-2] [INFO] [1781167740.461858622] [gazebo_track_car]: camera traffic-light green candidate ignored as non-lamp-shaped color patch; reason=fill bbox=13x6px
[gazebo_track_car-2] [INFO] [1781167740.462318397] [gazebo_track_car]: camera traffic-light green candidate ignored as non-lamp-shaped color patch; reason=aspect bbox=295x64px
[gazebo_track_car-2] [INFO] [1781167740.507773329] [gazebo_track_car]: camera traffic-light green candidate ignored as non-lamp-shaped color patch; reason=aspect bbox=60x6px
[gazebo_track_car-2] [INFO] [1781167740.508605074] [gazebo_track_car]: camera traffic-light green candidate ignored as non-lamp-shaped color patch; reason=aspect bbox=135x30px
[gazebo_track_car-2] [INFO] [1781167740.508885492] [gazebo_track_car]: camera traffic-light green candidate ignored as non-lamp-shaped color patch; reason=aspect bbox=71x15px
[gazebo_track_car-2] [INFO] [1781167740.509272700] [gazebo_track_car]: camera traffic-light green candidate ignored as non-lamp-shaped color patch; reason=large bbox=226x120px
[gazebo_track_car-2] [INFO] [1781167740.509555342] [gazebo_track_car]: camera traffic-light green candidate ignored as non-lamp-shaped color patch; reason=aspect bbox=9x3px
[gazebo_track_car-2] [INFO] [1781167740.509965153] [gazebo_track_car]: camera traffic-light green candidate ignored as non-lamp-shaped color patch; reason=aspect bbox=295x64px
[gazebo_track_car-2] [INFO] [1781167740.564263884] [gazebo_track_car]: camera traffic-light green candidate ignored as non-lamp-shaped color patch; reason=aspect bbox=58x6px
[gazebo_track_car-2] [INFO] [1781167740.564585759] [gazebo_track_car]: camera traffic-light green candidate ignored as non-lamp-shaped color patch; reason=aspect bbox=136x30px
[gazebo_track_car-2] [INFO] [1781167740.564917964] [gazebo_track_car]: camera traffic-light green candidate ignored as non-lamp-shaped color patch; reason=large bbox=227x121px
[gazebo_track_car-2] [INFO] [1781167740.565134622] [gazebo_track_car]: camera traffic-light green candidate ignored as non-lamp-shaped color patch; reason=aspect bbox=70x15px
[gazebo_track_car-2] [INFO] [1781167740.565640343] [gazebo_track_car]: camera traffic-light green candidate ignored as non-lamp-shaped color patch; reason=aspect bbox=296x64px
[gazebo_track_car-2] [INFO] [1781167740.579032898] [gazebo_track_car]: camera traffic-light green candidate ignored as non-lamp-shaped color patch; reason=aspect bbox=60x6px
[gazebo_track_car-2] [INFO] [1781167740.579309478] [gazebo_track_car]: camera traffic-light green candidate ignored as non-lamp-shaped color patch; reason=aspect bbox=142x30px
[gazebo_track_car-2] [INFO] [1781167740.579494356] [gazebo_track_car]: camera traffic-light green candidate ignored as non-lamp-shaped color patch; reason=aspect bbox=71x15px
[gazebo_track_car-2] [INFO] [1781167740.579669786] [gazebo_track_car]: camera traffic-light green candidate ignored as non-lamp-shaped color patch; reason=large bbox=229x120px
[gazebo_track_car-2] [INFO] [1781167740.579990169] [gazebo_track_car]: camera traffic-light green candidate ignored as non-lamp-shaped color patch; reason=aspect bbox=298x64px
[gazebo_track_car-2] [INFO] [1781167740.606819753] [gazebo_track_car]: camera traffic-light green candidate ignored as non-lamp-shaped color patch; reason=aspect bbox=59x6px
[gazebo_track_car-2] [INFO] [1781167740.607560155] [gazebo_track_car]: camera traffic-light green candidate ignored as non-lamp-shaped color patch; reason=aspect bbox=141x30px
[gazebo_track_car-2] [INFO] [1781167740.607825645] [gazebo_track_car]: camera traffic-light green candidate ignored as non-lamp-shaped color patch; reason=aspect bbox=71x15px
[gazebo_track_car-2] [INFO] [1781167740.608029699] [gazebo_track_car]: camera traffic-light green candidate ignored as non-lamp-shaped color patch; reason=large bbox=230x120px
[gazebo_track_car-2] [INFO] [1781167740.608417919] [gazebo_track_car]: camera traffic-light green candidate ignored as non-lamp-shaped color patch; reason=aspect bbox=299x64px
[gazebo_track_car-2] [INFO] [1781167740.642417992] [gazebo_track_car]: camera traffic-light green candidate ignored as non-lamp-shaped color patch; reason=aspect bbox=60x6px
[gazebo_track_car-2] [INFO] [1781167740.642698099] [gazebo_track_car]: camera traffic-light green candidate ignored as non-lamp-shaped color patch; reason=aspect bbox=142x30px
[gazebo_track_car-2] [INFO] [1781167740.642929725] [gazebo_track_car]: camera traffic-light green candidate ignored as non-lamp-shaped color patch; reason=aspect bbox=71x15px
[gazebo_track_car-2] [INFO] [1781167740.643134710] [gazebo_track_car]: camera traffic-light green candidate ignored as non-lamp-shaped color patch; reason=large bbox=231x120px
[gazebo_track_car-2] [INFO] [1781167740.643486983] [gazebo_track_car]: camera traffic-light green candidate ignored as non-lamp-shaped color patch; reason=aspect bbox=299x65px
[gazebo_track_car-2] [INFO] [1781167740.648887384] [gazebo_track_car]: traffic light is now YELLOW.
[gazebo_track_car-2] [INFO] [1781167740.673248083] [gazebo_track_car]: camera traffic-light green candidate ignored as non-lamp-shaped color patch; reason=aspect bbox=59x6px
[gazebo_track_car-2] [INFO] [1781167740.673546674] [gazebo_track_car]: camera traffic-light green candidate ignored as non-lamp-shaped color patch; reason=aspect bbox=130x29px
[gazebo_track_car-2] [INFO] [1781167740.673732153] [gazebo_track_car]: camera traffic-light green candidate ignored as non-lamp-shaped color patch; reason=aspect bbox=71x15px
[gazebo_track_car-2] [INFO] [1781167740.673910779] [gazebo_track_car]: camera traffic-light green candidate ignored as non-lamp-shaped color patch; reason=large bbox=233x120px
[gazebo_track_car-2] [INFO] [1781167740.674097361] [gazebo_track_car]: camera traffic-light green candidate ignored as non-lamp-shaped color patch; reason=aspect bbox=9x3px
[gazebo_track_car-2] [INFO] [1781167740.674544462] [gazebo_track_car]: camera traffic-light green candidate ignored as non-lamp-shaped color patch; reason=aspect bbox=300x65px
[gazebo_track_car-2] [INFO] [1781167740.707784786] [gazebo_track_car]: camera traffic-light green candidate ignored as non-lamp-shaped color patch; reason=aspect bbox=59x6px
[gazebo_track_car-2] [INFO] [1781167740.708064272] [gazebo_track_car]: camera traffic-light green candidate ignored as non-lamp-shaped color patch; reason=aspect bbox=130x29px
[gazebo_track_car-2] [INFO] [1781167740.708253367] [gazebo_track_car]: camera traffic-light green candidate ignored as non-lamp-shaped color patch; reason=aspect bbox=72x15px
[gazebo_track_car-2] [INFO] [1781167740.708587897] [gazebo_track_car]: camera traffic-light green candidate ignored as non-lamp-shaped color patch; reason=large bbox=235x120px
[gazebo_track_car-2] [INFO] [1781167740.708797100] [gazebo_track_car]: camera traffic-light green candidate ignored as non-lamp-shaped color patch; reason=aspect bbox=8x3px
[gazebo_track_car-2] [INFO] [1781167740.709214055] [gazebo_track_car]: camera traffic-light green candidate ignored as non-lamp-shaped color patch; reason=aspect bbox=300x65px
[gazebo_track_car-2] [INFO] [1781167740.728706495] [gazebo_track_car]: camera traffic-light green candidate ignored as non-lamp-shaped color patch; reason=aspect bbox=60x6px
[gazebo_track_car-2] [INFO] [1781167740.728982244] [gazebo_track_car]: camera traffic-light green candidate ignored as non-lamp-shaped color patch; reason=aspect bbox=132x29px
[gazebo_track_car-2] [INFO] [1781167740.729166972] [gazebo_track_car]: camera traffic-light green candidate ignored as non-lamp-shaped color patch; reason=aspect bbox=71x15px
[gazebo_track_car-2] [INFO] [1781167740.729341470] [gazebo_track_car]: camera traffic-light green candidate ignored as non-lamp-shaped color patch; reason=large bbox=236x120px
[gazebo_track_car-2] [INFO] [1781167740.729886465] [gazebo_track_car]: camera traffic-light green candidate ignored as non-lamp-shaped color patch; reason=aspect bbox=301x65px
[gazebo_track_car-2] [INFO] [1781167740.771030388] [gazebo_track_car]: camera traffic-light green candidate ignored as non-lamp-shaped color patch; reason=aspect bbox=59x6px
[gazebo_track_car-2] [INFO] [1781167740.771344909] [gazebo_track_car]: camera traffic-light green candidate ignored as non-lamp-shaped color patch; reason=aspect bbox=133x29px
[gazebo_track_car-2] [INFO] [1781167740.771539646] [gazebo_track_car]: camera traffic-light green candidate ignored as non-lamp-shaped color patch; reason=aspect bbox=72x15px
[gazebo_track_car-2] [INFO] [1781167740.771757225] [gazebo_track_car]: camera traffic-light green candidate ignored as non-lamp-shaped color patch; reason=large bbox=238x120px
[gazebo_track_car-2] [INFO] [1781167740.772185531] [gazebo_track_car]: camera traffic-light green candidate ignored as non-lamp-shaped color patch; reason=aspect bbox=302x65px
[gazebo_track_car-2] [INFO] [1781167740.826721158] [gazebo_track_car]: camera traffic-light green candidate ignored as non-lamp-shaped color patch; reason=aspect bbox=60x6px
[gazebo_track_car-2] [INFO] [1781167740.827109288] [gazebo_track_car]: camera traffic-light green candidate ignored as non-lamp-shaped color patch; reason=aspect bbox=138x29px
[gazebo_track_car-2] [INFO] [1781167740.827309945] [gazebo_track_car]: camera traffic-light green candidate ignored as non-lamp-shaped color patch; reason=large bbox=239x120px
[gazebo_track_car-2] [INFO] [1781167740.827559535] [gazebo_track_car]: camera traffic-light green candidate ignored as non-lamp-shaped color patch; reason=aspect bbox=72x14px
[gazebo_track_car-2] [INFO] [1781167740.827898803] [gazebo_track_car]: camera traffic-light green candidate ignored as non-lamp-shaped color patch; reason=aspect bbox=303x65px
[gazebo_track_car-2] [INFO] [1781167740.840856239] [gazebo_track_car]: camera traffic-light green candidate ignored as non-lamp-shaped color patch; reason=aspect bbox=60x6px
[gazebo_track_car-2] [INFO] [1781167740.841625466] [gazebo_track_car]: camera traffic-light green candidate ignored as non-lamp-shaped color patch; reason=aspect bbox=137x29px
[gazebo_track_car-2] [INFO] [1781167740.841868313] [gazebo_track_car]: camera traffic-light green candidate ignored as non-lamp-shaped color patch; reason=large bbox=240x120px
[gazebo_track_car-2] [INFO] [1781167740.842050175] [gazebo_track_car]: camera traffic-light green candidate ignored as non-lamp-shaped color patch; reason=aspect bbox=72x14px
[gazebo_track_car-2] [INFO] [1781167740.842430711] [gazebo_track_car]: camera traffic-light green candidate ignored as non-lamp-shaped color patch; reason=aspect bbox=304x66px
[gazebo_track_car-2] [INFO] [1781167740.861684333] [gazebo_track_car]: camera traffic-light green candidate ignored as non-lamp-shaped color patch; reason=aspect bbox=59x6px
[gazebo_track_car-2] [INFO] [1781167740.862369973] [gazebo_track_car]: camera traffic-light green candidate ignored as non-lamp-shaped color patch; reason=aspect bbox=124x28px
[gazebo_track_car-2] [INFO] [1781167740.862709472] [gazebo_track_car]: camera traffic-light green candidate ignored as non-lamp-shaped color patch; reason=large bbox=242x120px
[gazebo_track_car-2] [INFO] [1781167740.862951487] [gazebo_track_car]: camera traffic-light green candidate ignored as non-lamp-shaped color patch; reason=aspect bbox=72x14px
[gazebo_track_car-2] [INFO] [1781167740.863200826] [gazebo_track_car]: camera traffic-light green candidate ignored as non-lamp-shaped color patch; reason=aspect bbox=11x3px
[gazebo_track_car-2] [INFO] [1781167740.863503887] [gazebo_track_car]: camera traffic-light green candidate ignored as non-lamp-shaped color patch; reason=aspect bbox=304x66px
[gazebo_track_car-2] [INFO] [1781167740.911445728] [gazebo_track_car]: camera traffic-light green candidate ignored as non-lamp-shaped color patch; reason=aspect bbox=60x6px
[gazebo_track_car-2] [INFO] [1781167740.911739551] [gazebo_track_car]: camera traffic-light green candidate ignored as non-lamp-shaped color patch; reason=aspect bbox=124x28px
[gazebo_track_car-2] [INFO] [1781167740.911998267] [gazebo_track_car]: camera traffic-light green candidate ignored as non-lamp-shaped color patch; reason=large bbox=243x120px
[gazebo_track_car-2] [INFO] [1781167740.912203093] [gazebo_track_car]: camera traffic-light green candidate ignored as non-lamp-shaped color patch; reason=aspect bbox=72x14px
[gazebo_track_car-2] [INFO] [1781167740.912381057] [gazebo_track_car]: camera traffic-light green candidate ignored as non-lamp-shaped color patch; reason=aspect bbox=9x3px
[gazebo_track_car-2] [INFO] [1781167740.912760271] [gazebo_track_car]: camera traffic-light green candidate ignored as non-lamp-shaped color patch; reason=aspect bbox=305x66px
[gazebo_track_car-2] [INFO] [1781167740.953204357] [gazebo_track_car]: camera traffic-light green candidate ignored as non-lamp-shaped color patch; reason=aspect bbox=59x6px
[gazebo_track_car-2] [INFO] [1781167740.953471069] [gazebo_track_car]: camera traffic-light green candidate ignored as non-lamp-shaped color patch; reason=aspect bbox=126x28px
[gazebo_track_car-2] [INFO] [1781167740.953657430] [gazebo_track_car]: camera traffic-light green candidate ignored as non-lamp-shaped color patch; reason=large bbox=245x120px
[gazebo_track_car-2] [INFO] [1781167740.953830996] [gazebo_track_car]: camera traffic-light green candidate ignored as non-lamp-shaped color patch; reason=aspect bbox=72x14px
[gazebo_track_car-2] [INFO] [1781167740.954002439] [gazebo_track_car]: camera traffic-light green candidate ignored as non-lamp-shaped color patch; reason=aspect bbox=9x3px
[gazebo_track_car-2] [INFO] [1781167740.954382213] [gazebo_track_car]: camera traffic-light green candidate ignored as non-lamp-shaped color patch; reason=aspect bbox=305x66px
[gazebo_track_car-2] [INFO] [1781167740.967286580] [gazebo_track_car]: camera traffic-light green candidate ignored as non-lamp-shaped color patch; reason=aspect bbox=60x6px
[gazebo_track_car-2] [INFO] [1781167740.968055767] [gazebo_track_car]: camera traffic-light green candidate ignored as non-lamp-shaped color patch; reason=aspect bbox=126x28px
[gazebo_track_car-2] [INFO] [1781167740.968437154] [gazebo_track_car]: camera traffic-light green candidate ignored as non-lamp-shaped color patch; reason=large bbox=245x120px
[gazebo_track_car-2] [INFO] [1781167740.968908140] [gazebo_track_car]: camera traffic-light green candidate ignored as non-lamp-shaped color patch; reason=aspect bbox=72x14px
[gazebo_track_car-2] [INFO] [1781167740.969425413] [gazebo_track_car]: camera traffic-light green candidate ignored as non-lamp-shaped color patch; reason=aspect bbox=306x66px
[gazebo_track_car-2] [INFO] [1781167741.002860175] [gazebo_track_car]: camera traffic-light green candidate ignored as non-lamp-shaped color patch; reason=aspect bbox=59x6px
[gazebo_track_car-2] [INFO] [1781167741.003597062] [gazebo_track_car]: camera traffic-light green candidate ignored as non-lamp-shaped color patch; reason=aspect bbox=127x28px
[gazebo_track_car-2] [INFO] [1781167741.003839548] [gazebo_track_car]: camera traffic-light green candidate ignored as non-lamp-shaped color patch; reason=large bbox=248x120px
[gazebo_track_car-2] [INFO] [1781167741.004194386] [gazebo_track_car]: camera traffic-light green candidate ignored as non-lamp-shaped color patch; reason=aspect bbox=72x14px
[gazebo_track_car-2] [INFO] [1781167741.004681272] [gazebo_track_car]: camera traffic-light green candidate ignored as non-lamp-shaped color patch; reason=aspect bbox=306x66px
[gazebo_track_car-2] [INFO] [1781167741.047043652] [gazebo_track_car]: camera traffic-light green candidate ignored as non-lamp-shaped color patch; reason=aspect bbox=60x6px
[gazebo_track_car-2] [INFO] [1781167741.047348235] [gazebo_track_car]: camera traffic-light green candidate ignored as non-lamp-shaped color patch; reason=aspect bbox=129x28px
[gazebo_track_car-2] [INFO] [1781167741.047725916] [gazebo_track_car]: camera traffic-light green candidate ignored as non-lamp-shaped color patch; reason=large bbox=248x120px
[gazebo_track_car-2] [INFO] [1781167741.047933296] [gazebo_track_car]: camera traffic-light green candidate ignored as non-lamp-shaped color patch; reason=aspect bbox=73x14px
[gazebo_track_car-2] [INFO] [1781167741.048318230] [gazebo_track_car]: camera traffic-light green candidate ignored as non-lamp-shaped color patch; reason=aspect bbox=307x66px
[gazebo_track_car-2] [INFO] [1781167741.052995309] [gazebo_track_car]: MOTION pos=(+2.149,+0.651) yaw=-2.790 v=0.029 step_err=0.0006m/0.001rad track_err=0.0331m footprint=road:10.00px route=flat_left_mid_to_top_reverse cmd_vel=(0.028,-0.070)
[gazebo_track_car-2] [INFO] [1781167741.053479861] [gazebo_track_car]: camera traffic light lost for 0.2s.
[gazebo_track_car-2] [INFO] [1781167741.066871194] [gazebo_track_car]: camera traffic-light green candidate ignored as non-lamp-shaped color patch; reason=aspect bbox=59x6px
[gazebo_track_car-2] [INFO] [1781167741.067599074] [gazebo_track_car]: camera traffic-light green candidate ignored as non-lamp-shaped color patch; reason=aspect bbox=133x28px
[gazebo_track_car-2] [INFO] [1781167741.068036076] [gazebo_track_car]: camera traffic-light green candidate ignored as non-lamp-shaped color patch; reason=large bbox=251x120px
[gazebo_track_car-2] [INFO] [1781167741.068414829] [gazebo_track_car]: camera traffic-light green candidate ignored as non-lamp-shaped color patch; reason=aspect bbox=72x14px
[gazebo_track_car-2] [INFO] [1781167741.068763645] [gazebo_track_car]: camera traffic-light green candidate ignored as non-lamp-shaped color patch; reason=fill bbox=14x7px
[gazebo_track_car-2] [INFO] [1781167741.069011802] [gazebo_track_car]: camera traffic-light green candidate ignored as non-lamp-shaped color patch; reason=aspect bbox=308x66px
[gazebo_track_car-2] [INFO] [1781167741.110676680] [gazebo_track_car]: camera traffic-light green candidate ignored as non-lamp-shaped color patch; reason=aspect bbox=59x6px
[gazebo_track_car-2] [INFO] [1781167741.110971996] [gazebo_track_car]: camera traffic-light green candidate ignored as non-lamp-shaped color patch; reason=aspect bbox=133x28px
[gazebo_track_car-2] [INFO] [1781167741.111162734] [gazebo_track_car]: camera traffic-light green candidate ignored as non-lamp-shaped color patch; reason=large bbox=251x120px
[gazebo_track_car-2] [INFO] [1781167741.111339798] [gazebo_track_car]: camera traffic-light green candidate ignored as non-lamp-shaped color patch; reason=aspect bbox=73x14px
[gazebo_track_car-2] [INFO] [1781167741.111512402] [gazebo_track_car]: camera traffic-light green candidate ignored as non-lamp-shaped color patch; reason=aspect bbox=309x66px
[gazebo_track_car-2] [INFO] [1781167741.152658796] [gazebo_track_car]: camera traffic-light green candidate ignored as non-lamp-shaped color patch; reason=aspect bbox=60x6px
[gazebo_track_car-2] [INFO] [1781167741.152929224] [gazebo_track_car]: camera traffic-light green candidate ignored as non-lamp-shaped color patch; reason=aspect bbox=120x27px
[gazebo_track_car-2] [INFO] [1781167741.153112940] [gazebo_track_car]: camera traffic-light green candidate ignored as non-lamp-shaped color patch; reason=large bbox=254x120px
[gazebo_track_car-2] [INFO] [1781167741.153287148] [gazebo_track_car]: camera traffic-light green candidate ignored as non-lamp-shaped color patch; reason=aspect bbox=73x14px
[gazebo_track_car-2] [INFO] [1781167741.153454553] [gazebo_track_car]: camera traffic-light green candidate ignored as non-lamp-shaped color patch; reason=aspect bbox=11x3px
[gazebo_track_car-2] [INFO] [1781167741.153687180] [gazebo_track_car]: camera traffic-light green candidate ignored as non-lamp-shaped color patch; reason=aspect bbox=309x67px
[gazebo_track_car-2] [INFO] [1781167741.176077696] [gazebo_track_car]: camera traffic-light green candidate ignored as non-lamp-shaped color patch; reason=aspect bbox=59x6px
[gazebo_track_car-2] [INFO] [1781167741.176358815] [gazebo_track_car]: camera traffic-light green candidate ignored as non-lamp-shaped color patch; reason=aspect bbox=121x27px
[gazebo_track_car-2] [INFO] [1781167741.176640675] [gazebo_track_car]: camera traffic-light green candidate ignored as non-lamp-shaped color patch; reason=large bbox=254x120px
[gazebo_track_car-2] [INFO] [1781167741.176839248] [gazebo_track_car]: camera traffic-light green candidate ignored as non-lamp-shaped color patch; reason=aspect bbox=73x14px
[gazebo_track_car-2] [INFO] [1781167741.177017143] [gazebo_track_car]: camera traffic-light green candidate ignored as non-lamp-shaped color patch; reason=aspect bbox=10x3px
[gazebo_track_car-2] [INFO] [1781167741.177247687] [gazebo_track_car]: camera traffic-light green candidate ignored as non-lamp-shaped color patch; reason=aspect bbox=310x67px
[gazebo_track_car-2] [INFO] [1781167741.199043693] [gazebo_track_car]: camera traffic-light green candidate ignored as non-lamp-shaped color patch; reason=aspect bbox=60x6px
[gazebo_track_car-2] [INFO] [1781167741.199324501] [gazebo_track_car]: camera traffic-light green candidate ignored as non-lamp-shaped color patch; reason=aspect bbox=121x27px
[gazebo_track_car-2] [INFO] [1781167741.199510902] [gazebo_track_car]: camera traffic-light green candidate ignored as non-lamp-shaped color patch; reason=large bbox=256x120px
[gazebo_track_car-2] [INFO] [1781167741.199718473] [gazebo_track_car]: camera traffic-light green candidate ignored as non-lamp-shaped color patch; reason=aspect bbox=73x14px
[gazebo_track_car-2] [INFO] [1781167741.199918108] [gazebo_track_car]: camera traffic-light green candidate ignored as non-lamp-shaped color patch; reason=aspect bbox=9x3px
[gazebo_track_car-2] [INFO] [1781167741.200092897] [gazebo_track_car]: camera traffic-light green candidate ignored as non-lamp-shaped color patch; reason=aspect bbox=310x67px
[gazebo_track_car-2] [INFO] [1781167741.235694478] [gazebo_track_car]: camera traffic-light green candidate ignored as non-lamp-shaped color patch; reason=aspect bbox=60x6px
[gazebo_track_car-2] [INFO] [1781167741.236573842] [gazebo_track_car]: camera traffic-light green candidate ignored as non-lamp-shaped color patch; reason=aspect bbox=122x27px
[gazebo_track_car-2] [INFO] [1781167741.237908453] [gazebo_track_car]: camera traffic-light green candidate ignored as non-lamp-shaped color patch; reason=large bbox=257x120px
[gazebo_track_car-2] [INFO] [1781167741.238655449] [gazebo_track_car]: camera traffic-light green candidate ignored as non-lamp-shaped color patch; reason=aspect bbox=73x14px
[gazebo_track_car-2] [INFO] [1781167741.239131064] [gazebo_track_car]: camera traffic-light green candidate ignored as non-lamp-shaped color patch; reason=aspect bbox=311x67px
[gazebo_track_car-2] [INFO] [1781167741.277697492] [gazebo_track_car]: camera traffic-light green candidate ignored as non-lamp-shaped color patch; reason=aspect bbox=59x6px
[gazebo_track_car-2] [INFO] [1781167741.277975635] [gazebo_track_car]: camera traffic-light green candidate ignored as non-lamp-shaped color patch; reason=aspect bbox=122x27px
[gazebo_track_car-2] [INFO] [1781167741.278453825] [gazebo_track_car]: camera traffic-light green candidate ignored as non-lamp-shaped color patch; reason=large bbox=258x120px
[gazebo_track_car-2] [INFO] [1781167741.278702513] [gazebo_track_car]: camera traffic-light green candidate ignored as non-lamp-shaped color patch; reason=aspect bbox=73x14px
[gazebo_track_car-2] [INFO] [1781167741.279127683] [gazebo_track_car]: camera traffic-light green candidate ignored as non-lamp-shaped color patch; reason=aspect bbox=311x67px
[gazebo_track_car-2] [INFO] [1781167741.311089894] [gazebo_track_car]: camera traffic-light green candidate ignored as non-lamp-shaped color patch; reason=aspect bbox=60x6px
[gazebo_track_car-2] [INFO] [1781167741.311384198] [gazebo_track_car]: camera traffic-light green candidate ignored as non-lamp-shaped color patch; reason=aspect bbox=123x27px
[gazebo_track_car-2] [INFO] [1781167741.311621514] [gazebo_track_car]: camera traffic-light green candidate ignored as non-lamp-shaped color patch; reason=large bbox=260x120px
[gazebo_track_car-2] [INFO] [1781167741.311962947] [gazebo_track_car]: camera traffic-light green candidate ignored as non-lamp-shaped color patch; reason=aspect bbox=74x14px
[gazebo_track_car-2] [INFO] [1781167741.312227915] [gazebo_track_car]: camera traffic-light green candidate ignored as non-lamp-shaped color patch; reason=aspect bbox=312x67px
[gazebo_track_car-2] [INFO] [1781167741.312720943] [gazebo_track_car]: camera traffic-light green candidate ignored as non-lamp-shaped color patch; reason=fill bbox=14x7px
[gazebo_track_car-2] [INFO] [1781167741.341189316] [gazebo_track_car]: camera traffic-light green candidate ignored as non-lamp-shaped color patch; reason=aspect bbox=59x6px
[gazebo_track_car-2] [INFO] [1781167741.341598786] [gazebo_track_car]: camera traffic-light green candidate ignored as non-lamp-shaped color patch; reason=aspect bbox=123x27px
[gazebo_track_car-2] [INFO] [1781167741.341822257] [gazebo_track_car]: camera traffic-light green candidate ignored as non-lamp-shaped color patch; reason=large bbox=261x120px
[gazebo_track_car-2] [INFO] [1781167741.342008167] [gazebo_track_car]: camera traffic-light green candidate ignored as non-lamp-shaped color patch; reason=aspect bbox=73x14px
[gazebo_track_car-2] [INFO] [1781167741.342209966] [gazebo_track_car]: camera traffic-light green candidate ignored as non-lamp-shaped color patch; reason=aspect bbox=312x67px
[gazebo_track_car-2] [INFO] [1781167741.382461995] [gazebo_track_car]: camera traffic-light green candidate ignored as non-lamp-shaped color patch; reason=aspect bbox=59x6px
[gazebo_track_car-2] [INFO] [1781167741.382753764] [gazebo_track_car]: camera traffic-light green candidate ignored as non-lamp-shaped color patch; reason=aspect bbox=124x27px
[gazebo_track_car-2] [INFO] [1781167741.382940345] [gazebo_track_car]: camera traffic-light green candidate ignored as non-lamp-shaped color patch; reason=large bbox=263x119px
[gazebo_track_car-2] [INFO] [1781167741.383339966] [gazebo_track_car]: camera traffic-light green candidate ignored as non-lamp-shaped color patch; reason=aspect bbox=74x14px
[gazebo_track_car-2] [INFO] [1781167741.383545663] [gazebo_track_car]: camera traffic-light green candidate ignored as non-lamp-shaped color patch; reason=aspect bbox=312x67px
[gazebo_track_car-2] [INFO] [1781167741.413027301] [gazebo_track_car]: camera traffic-light green candidate ignored as non-lamp-shaped color patch; reason=aspect bbox=60x6px
[gazebo_track_car-2] [INFO] [1781167741.413260329] [gazebo_track_car]: camera traffic-light green candidate ignored as non-lamp-shaped color patch; reason=aspect bbox=130x27px
[gazebo_track_car-2] [INFO] [1781167741.413482206] [gazebo_track_car]: camera traffic-light green candidate ignored as non-lamp-shaped color patch; reason=large bbox=264x120px
[gazebo_track_car-2] [INFO] [1781167741.413679678] [gazebo_track_car]: camera traffic-light green candidate ignored as non-lamp-shaped color patch; reason=aspect bbox=74x14px
[gazebo_track_car-2] [INFO] [1781167741.413918978] [gazebo_track_car]: camera traffic-light green candidate ignored as non-lamp-shaped color patch; reason=aspect bbox=313x67px
[gazebo_track_car-2] [INFO] [1781167741.447083645] [gazebo_track_car]: camera traffic-light green candidate ignored as non-lamp-shaped color patch; reason=aspect bbox=59x6px
[gazebo_track_car-2] [INFO] [1781167741.447447459] [gazebo_track_car]: camera traffic-light green candidate ignored as non-lamp-shaped color patch; reason=aspect bbox=130x27px
[gazebo_track_car-2] [INFO] [1781167741.447655621] [gazebo_track_car]: camera traffic-light green candidate ignored as non-lamp-shaped color patch; reason=large bbox=266x120px
[gazebo_track_car-2] [INFO] [1781167741.447832594] [gazebo_track_car]: camera traffic-light green candidate ignored as non-lamp-shaped color patch; reason=aspect bbox=74x14px
[gazebo_track_car-2] [INFO] [1781167741.448001772] [gazebo_track_car]: camera traffic-light green candidate ignored as non-lamp-shaped color patch; reason=aspect bbox=313x67px
[gazebo_track_car-2] [INFO] [1781167741.448171492] [gazebo_track_car]: camera traffic-light green candidate ignored as non-lamp-shaped color patch; reason=aspect bbox=15x6px
[gazebo_track_car-2] [INFO] [1781167741.497294160] [gazebo_track_car]: camera traffic-light green candidate ignored as non-lamp-shaped color patch; reason=aspect bbox=59x6px
[gazebo_track_car-2] [INFO] [1781167741.498051514] [gazebo_track_car]: camera traffic-light green candidate ignored as non-lamp-shaped color patch; reason=aspect bbox=129x27px
[gazebo_track_car-2] [INFO] [1781167741.498499547] [gazebo_track_car]: camera traffic-light green candidate ignored as non-lamp-shaped color patch; reason=large bbox=266x119px
[gazebo_track_car-2] [INFO] [1781167741.498948452] [gazebo_track_car]: camera traffic-light green candidate ignored as non-lamp-shaped color patch; reason=aspect bbox=74x14px
[gazebo_track_car-2] [INFO] [1781167741.499379944] [gazebo_track_car]: camera traffic-light green candidate ignored as non-lamp-shaped color patch; reason=aspect bbox=314x67px
[gazebo_track_car-2] [INFO] [1781167741.527621847] [gazebo_track_car]: camera traffic-light green candidate ignored as non-lamp-shaped color patch; reason=aspect bbox=59x6px
[gazebo_track_car-2] [INFO] [1781167741.527943051] [gazebo_track_car]: camera traffic-light green candidate ignored as non-lamp-shaped color patch; reason=aspect bbox=116x26px
[gazebo_track_car-2] [INFO] [1781167741.528140473] [gazebo_track_car]: camera traffic-light green candidate ignored as non-lamp-shaped color patch; reason=large bbox=269x120px
[gazebo_track_car-2] [INFO] [1781167741.528441569] [gazebo_track_car]: camera traffic-light green candidate ignored as non-lamp-shaped color patch; reason=aspect bbox=75x14px
[gazebo_track_car-2] [INFO] [1781167741.528674978] [gazebo_track_car]: camera traffic-light green candidate ignored as non-lamp-shaped color patch; reason=aspect bbox=11x3px
[gazebo_track_car-2] [INFO] [1781167741.528918376] [gazebo_track_car]: camera traffic-light green candidate ignored as non-lamp-shaped color patch; reason=aspect bbox=315x68px
[gazebo_track_car-2] [INFO] [1781167741.529112452] [gazebo_track_car]: camera traffic-light green candidate ignored as non-lamp-shaped color patch; reason=aspect bbox=15x6px
[gazebo_track_car-2] [INFO] [1781167741.543552379] [gazebo_track_car]: camera traffic-light green candidate ignored as non-lamp-shaped color patch; reason=aspect bbox=59x6px
[gazebo_track_car-2] [INFO] [1781167741.543843557] [gazebo_track_car]: camera traffic-light green candidate ignored as non-lamp-shaped color patch; reason=aspect bbox=116x26px
[gazebo_track_car-2] [INFO] [1781167741.544262555] [gazebo_track_car]: camera traffic-light green candidate ignored as non-lamp-shaped color patch; reason=large bbox=269x120px
[gazebo_track_car-2] [INFO] [1781167741.544601613] [gazebo_track_car]: camera traffic-light green candidate ignored as non-lamp-shaped color patch; reason=aspect bbox=75x14px
[gazebo_track_car-2] [INFO] [1781167741.544855630] [gazebo_track_car]: camera traffic-light green candidate ignored as non-lamp-shaped color patch; reason=aspect bbox=11x3px
[gazebo_track_car-2] [INFO] [1781167741.545038805] [gazebo_track_car]: camera traffic-light green candidate ignored as non-lamp-shaped color patch; reason=aspect bbox=315x68px
[gazebo_track_car-2] [INFO] [1781167741.545209997] [gazebo_track_car]: camera traffic-light green candidate ignored as non-lamp-shaped color patch; reason=aspect bbox=15x6px
[gazebo_track_car-2] [INFO] [1781167741.644051959] [gazebo_track_car]: camera traffic-light green candidate ignored as non-lamp-shaped color patch; reason=aspect bbox=59x6px
[gazebo_track_car-2] [INFO] [1781167741.645046751] [gazebo_track_car]: camera traffic-light green candidate ignored as non-lamp-shaped color patch; reason=aspect bbox=116x26px
[gazebo_track_car-2] [INFO] [1781167741.645303514] [gazebo_track_car]: camera traffic-light green candidate ignored as non-lamp-shaped color patch; reason=large bbox=269x120px
[gazebo_track_car-2] [INFO] [1781167741.645636340] [gazebo_track_car]: camera traffic-light green candidate ignored as non-lamp-shaped color patch; reason=aspect bbox=75x14px
[gazebo_track_car-2] [INFO] [1781167741.645840034] [gazebo_track_car]: camera traffic-light green candidate ignored as non-lamp-shaped color patch; reason=aspect bbox=11x3px
[gazebo_track_car-2] [INFO] [1781167741.646502670] [gazebo_track_car]: camera traffic-light green candidate ignored as non-lamp-shaped color patch; reason=aspect bbox=315x68px
[gazebo_track_car-2] [INFO] [1781167741.646914906] [gazebo_track_car]: camera traffic-light green candidate ignored as non-lamp-shaped color patch; reason=aspect bbox=15x6px
[gazebo_track_car-2] [INFO] [1781167741.654997462] [gazebo_track_car]: camera traffic-light green candidate ignored as non-lamp-shaped color patch; reason=aspect bbox=59x6px
[gazebo_track_car-2] [INFO] [1781167741.655879081] [gazebo_track_car]: camera traffic-light green candidate ignored as non-lamp-shaped color patch; reason=aspect bbox=117x26px
[gazebo_track_car-2] [INFO] [1781167741.656128160] [gazebo_track_car]: camera traffic-light green candidate ignored as non-lamp-shaped color patch; reason=large bbox=270x119px
[gazebo_track_car-2] [INFO] [1781167741.656471115] [gazebo_track_car]: camera traffic-light green candidate ignored as non-lamp-shaped color patch; reason=aspect bbox=74x14px
[gazebo_track_car-2] [INFO] [1781167741.656893590] [gazebo_track_car]: camera traffic-light green candidate ignored as non-lamp-shaped color patch; reason=aspect bbox=9x3px
[gazebo_track_car-2] [INFO] [1781167741.657314131] [gazebo_track_car]: camera traffic-light green candidate ignored as non-lamp-shaped color patch; reason=aspect bbox=316x68px
[gazebo_track_car-2] [INFO] [1781167741.661494906] [gazebo_track_car]: traffic light is now RED.
[gazebo_track_car-2] [INFO] [1781167741.683700794] [gazebo_track_car]: camera traffic-light green candidate ignored as non-lamp-shaped color patch; reason=aspect bbox=60x6px
[gazebo_track_car-2] [INFO] [1781167741.684898978] [gazebo_track_car]: camera traffic-light green candidate ignored as non-lamp-shaped color patch; reason=aspect bbox=117x26px
[gazebo_track_car-2] [INFO] [1781167741.685146333] [gazebo_track_car]: camera traffic-light green candidate ignored as non-lamp-shaped color patch; reason=large bbox=272x119px
[gazebo_track_car-2] [INFO] [1781167741.685354244] [gazebo_track_car]: camera traffic-light green candidate ignored as non-lamp-shaped color patch; reason=aspect bbox=75x14px
[gazebo_track_car-2] [INFO] [1781167741.685528863] [gazebo_track_car]: camera traffic-light green candidate ignored as non-lamp-shaped color patch; reason=aspect bbox=8x3px
[gazebo_track_car-2] [INFO] [1781167741.685698502] [gazebo_track_car]: camera traffic-light green candidate ignored as non-lamp-shaped color patch; reason=aspect bbox=316x68px
[gazebo_track_car-2] [INFO] [1781167741.685866057] [gazebo_track_car]: camera traffic-light green candidate ignored as non-lamp-shaped color patch; reason=aspect bbox=14x5px
[gazebo_track_car-2] [WARN] [1781167741.715897899] [gazebo_track_car]: JITTER events=1 reasons=cmd_xy_error=0.0502m pos=(+2.135,+0.644) step=0.0006/0.0000m yaw=0.001/0.000rad route=flat_left_mid_to_top_reverse
[gazebo_track_car-2] [INFO] [1781167741.755795031] [gazebo_track_car]: camera traffic-light green candidate ignored as non-lamp-shaped color patch; reason=aspect bbox=60x6px
[gazebo_track_car-2] [INFO] [1781167741.758395073] [gazebo_track_car]: camera traffic-light green candidate ignored as non-lamp-shaped color patch; reason=aspect bbox=117x27px
[gazebo_track_car-2] [INFO] [1781167741.760328190] [gazebo_track_car]: camera traffic-light green candidate ignored as non-lamp-shaped color patch; reason=large bbox=272x119px
[gazebo_track_car-2] [INFO] [1781167741.773336954] [gazebo_track_car]: camera traffic-light green candidate ignored as non-lamp-shaped color patch; reason=aspect bbox=75x14px
[gazebo_track_car-2] [INFO] [1781167741.774311006] [gazebo_track_car]: camera traffic-light green candidate ignored as non-lamp-shaped color patch; reason=aspect bbox=8x3px
[gazebo_track_car-2] [INFO] [1781167741.775155786] [gazebo_track_car]: camera traffic-light green candidate ignored as non-lamp-shaped color patch; reason=aspect bbox=316x68px
[gazebo_track_car-2] [INFO] [1781167741.785427091] [gazebo_track_car]: camera traffic-light green candidate ignored as non-lamp-shaped color patch; reason=aspect bbox=59x6px
[gazebo_track_car-2] [INFO] [1781167741.786131707] [gazebo_track_car]: camera traffic-light green candidate ignored as non-lamp-shaped color patch; reason=aspect bbox=118x27px
[gazebo_track_car-2] [INFO] [1781167741.786594067] [gazebo_track_car]: camera traffic-light green candidate ignored as non-lamp-shaped color patch; reason=large bbox=274x119px
[gazebo_track_car-2] [INFO] [1781167741.787160462] [gazebo_track_car]: camera traffic-light green candidate ignored as non-lamp-shaped color patch; reason=aspect bbox=75x14px
[gazebo_track_car-2] [INFO] [1781167741.787770761] [gazebo_track_car]: camera traffic-light green candidate ignored as non-lamp-shaped color patch; reason=aspect bbox=317x68px
[gazebo_track_car-2] [INFO] [1781167741.797495216] [gazebo_track_car]: camera traffic-light green candidate ignored as non-lamp-shaped color patch; reason=aspect bbox=60x6px
[gazebo_track_car-2] [INFO] [1781167741.798390190] [gazebo_track_car]: camera traffic-light green candidate ignored as non-lamp-shaped color patch; reason=aspect bbox=118x27px
[gazebo_track_car-2] [INFO] [1781167741.798802606] [gazebo_track_car]: camera traffic-light green candidate ignored as non-lamp-shaped color patch; reason=large bbox=276x119px
[gazebo_track_car-2] [INFO] [1781167741.799272701] [gazebo_track_car]: camera traffic-light green candidate ignored as non-lamp-shaped color patch; reason=aspect bbox=75x14px
[gazebo_track_car-2] [INFO] [1781167741.800066825] [gazebo_track_car]: camera traffic-light green candidate ignored as non-lamp-shaped color patch; reason=aspect bbox=317x68px
[gazebo_track_car-2] [INFO] [1781167741.800543602] [gazebo_track_car]: camera traffic-light green candidate ignored as non-lamp-shaped color patch; reason=aspect bbox=15x6px
[gazebo_track_car-2] [INFO] [1781167741.822276809] [gazebo_track_car]: camera traffic-light green candidate ignored as non-lamp-shaped color patch; reason=aspect bbox=60x6px
[gazebo_track_car-2] [INFO] [1781167741.823098826] [gazebo_track_car]: camera traffic-light green candidate ignored as non-lamp-shaped color patch; reason=aspect bbox=118x27px
[gazebo_track_car-2] [INFO] [1781167741.823364085] [gazebo_track_car]: camera traffic-light green candidate ignored as non-lamp-shaped color patch; reason=large bbox=276x119px
[gazebo_track_car-2] [INFO] [1781167741.823756774] [gazebo_track_car]: camera traffic-light green candidate ignored as non-lamp-shaped color patch; reason=aspect bbox=75x14px
[gazebo_track_car-2] [INFO] [1781167741.824111030] [gazebo_track_car]: camera traffic-light green candidate ignored as non-lamp-shaped color patch; reason=aspect bbox=317x68px
[gazebo_track_car-2] [INFO] [1781167741.825256045] [gazebo_track_car]: camera traffic-light green candidate ignored as non-lamp-shaped color patch; reason=aspect bbox=15x6px
[gazebo_track_car-2] [INFO] [1781167741.835629241] [gazebo_track_car]: camera traffic-light green candidate ignored as non-lamp-shaped color patch; reason=aspect bbox=60x6px
[gazebo_track_car-2] [INFO] [1781167741.843922313] [gazebo_track_car]: camera traffic-light green candidate ignored as non-lamp-shaped color patch; reason=aspect bbox=118x27px
[gazebo_track_car-2] [INFO] [1781167741.845327677] [gazebo_track_car]: camera traffic-light green candidate ignored as non-lamp-shaped color patch; reason=large bbox=276x119px
[gazebo_track_car-2] [INFO] [1781167741.846191122] [gazebo_track_car]: camera traffic-light green candidate ignored as non-lamp-shaped color patch; reason=aspect bbox=75x15px
[gazebo_track_car-2] [INFO] [1781167741.846901989] [gazebo_track_car]: camera traffic-light green candidate ignored as non-lamp-shaped color patch; reason=aspect bbox=317x68px
[gazebo_track_car-2] [INFO] [1781167741.884946006] [gazebo_track_car]: camera traffic-light green candidate ignored as non-lamp-shaped color patch; reason=aspect bbox=59x6px
[gazebo_track_car-2] [INFO] [1781167741.885227335] [gazebo_track_car]: camera traffic-light green candidate ignored as non-lamp-shaped color patch; reason=aspect bbox=118x27px
[gazebo_track_car-2] [INFO] [1781167741.885419306] [gazebo_track_car]: camera traffic-light green candidate ignored as non-lamp-shaped color patch; reason=large bbox=279x119px
[gazebo_track_car-2] [INFO] [1781167741.886572916] [gazebo_track_car]: camera traffic-light green candidate ignored as non-lamp-shaped color patch; reason=aspect bbox=76x14px
[gazebo_track_car-2] [INFO] [1781167741.887843627] [gazebo_track_car]: camera traffic-light green candidate ignored as non-lamp-shaped color patch; reason=aspect bbox=318x68px
[gazebo_track_car-2] [INFO] [1781167741.888703665] [gazebo_track_car]: camera traffic-light green candidate ignored as non-lamp-shaped color patch; reason=aspect bbox=15x6px
[gazebo_track_car-2] [INFO] [1781167741.916886097] [gazebo_track_car]: camera traffic-light green candidate ignored as non-lamp-shaped color patch; reason=aspect bbox=59x6px
[gazebo_track_car-2] [INFO] [1781167741.917232749] [gazebo_track_car]: camera traffic-light green candidate ignored as non-lamp-shaped color patch; reason=aspect bbox=119x27px
[gazebo_track_car-2] [INFO] [1781167741.917444387] [gazebo_track_car]: camera traffic-light green candidate ignored as non-lamp-shaped color patch; reason=large bbox=279x119px
[gazebo_track_car-2] [INFO] [1781167741.917627752] [gazebo_track_car]: camera traffic-light green candidate ignored as non-lamp-shaped color patch; reason=aspect bbox=75x15px
[gazebo_track_car-2] [INFO] [1781167741.917874015] [gazebo_track_car]: camera traffic-light green candidate ignored as non-lamp-shaped color patch; reason=aspect bbox=318x68px
[gazebo_track_car-2] [INFO] [1781167741.946556087] [gazebo_track_car]: camera traffic-light green candidate ignored as non-lamp-shaped color patch; reason=aspect bbox=60x6px
[gazebo_track_car-2] [INFO] [1781167741.946855961] [gazebo_track_car]: camera traffic-light green candidate ignored as non-lamp-shaped color patch; reason=aspect bbox=120x27px
[gazebo_track_car-2] [INFO] [1781167741.947044366] [gazebo_track_car]: camera traffic-light green candidate ignored as non-lamp-shaped color patch; reason=large bbox=281x119px
[gazebo_track_car-2] [INFO] [1781167741.947264620] [gazebo_track_car]: camera traffic-light green candidate ignored as non-lamp-shaped color patch; reason=aspect bbox=76x15px
[gazebo_track_car-2] [INFO] [1781167741.947746286] [gazebo_track_car]: camera traffic-light green candidate ignored as non-lamp-shaped color patch; reason=aspect bbox=318x68px
[gazebo_track_car-2] [INFO] [1781167741.985929013] [gazebo_track_car]: camera traffic-light green candidate ignored as non-lamp-shaped color patch; reason=aspect bbox=59x6px
[gazebo_track_car-2] [INFO] [1781167741.986231963] [gazebo_track_car]: camera traffic-light green candidate ignored as non-lamp-shaped color patch; reason=aspect bbox=121x27px
[gazebo_track_car-2] [INFO] [1781167741.986417743] [gazebo_track_car]: camera traffic-light green candidate ignored as non-lamp-shaped color patch; reason=large bbox=283x119px
[gazebo_track_car-2] [INFO] [1781167741.986592221] [gazebo_track_car]: camera traffic-light green candidate ignored as non-lamp-shaped color patch; reason=aspect bbox=76x15px
[gazebo_track_car-2] [INFO] [1781167741.987101159] [gazebo_track_car]: camera traffic-light green candidate ignored as non-lamp-shaped color patch; reason=aspect bbox=318x68px
[gazebo_track_car-2] [INFO] [1781167742.012531164] [gazebo_track_car]: camera traffic-light green candidate ignored as non-lamp-shaped color patch; reason=aspect bbox=59x6px
[gazebo_track_car-2] [INFO] [1781167742.013376344] [gazebo_track_car]: camera traffic-light green candidate ignored as non-lamp-shaped color patch; reason=aspect bbox=126x27px
[gazebo_track_car-2] [INFO] [1781167742.013622988] [gazebo_track_car]: camera traffic-light green candidate ignored as non-lamp-shaped color patch; reason=large bbox=283x119px
[gazebo_track_car-2] [INFO] [1781167742.013847821] [gazebo_track_car]: camera traffic-light green candidate ignored as non-lamp-shaped color patch; reason=aspect bbox=76x15px
[gazebo_track_car-2] [INFO] [1781167742.014245219] [gazebo_track_car]: camera traffic-light green candidate ignored as non-lamp-shaped color patch; reason=aspect bbox=319x68px
[gazebo_track_car-2] [INFO] [1781167742.014883309] [gazebo_track_car]: camera traffic-light green candidate ignored as non-lamp-shaped color patch; reason=aspect bbox=15x6px
[gazebo_track_car-2] [INFO] [1781167742.041089788] [gazebo_track_car]: camera traffic-light green candidate ignored as non-lamp-shaped color patch; reason=aspect bbox=60x6px
[gazebo_track_car-2] [INFO] [1781167742.041432462] [gazebo_track_car]: camera traffic-light green candidate ignored as non-lamp-shaped color patch; reason=aspect bbox=126x27px
[gazebo_track_car-2] [INFO] [1781167742.041712599] [gazebo_track_car]: camera traffic-light green candidate ignored as non-lamp-shaped color patch; reason=aspect bbox=286x119px
[gazebo_track_car-2] [INFO] [1781167742.041960756] [gazebo_track_car]: camera traffic-light green candidate ignored as non-lamp-shaped color patch; reason=aspect bbox=76x15px
[gazebo_track_car-2] [INFO] [1781167742.042147177] [gazebo_track_car]: camera traffic-light green candidate ignored as non-lamp-shaped color patch; reason=aspect bbox=319x68px
[gazebo_track_car-2] [INFO] [1781167742.085713837] [gazebo_track_car]: camera traffic-light green candidate ignored as non-lamp-shaped color patch; reason=aspect bbox=60x6px
[gazebo_track_car-2] [INFO] [1781167742.085994475] [gazebo_track_car]: camera traffic-light green candidate ignored as non-lamp-shaped color patch; reason=aspect bbox=111x26px
[gazebo_track_car-2] [INFO] [1781167742.086358150] [gazebo_track_car]: camera traffic-light green candidate ignored as non-lamp-shaped color patch; reason=aspect bbox=286x119px
[gazebo_track_car-2] [INFO] [1781167742.086644609] [gazebo_track_car]: camera traffic-light green candidate ignored as non-lamp-shaped color patch; reason=aspect bbox=76x15px
[gazebo_track_car-2] [INFO] [1781167742.086852630] [gazebo_track_car]: camera traffic-light green candidate ignored as non-lamp-shaped color patch; reason=aspect bbox=11x3px
[gazebo_track_car-2] [INFO] [1781167742.087031867] [gazebo_track_car]: camera traffic-light green candidate ignored as non-lamp-shaped color patch; reason=aspect bbox=319x68px
[gazebo_track_car-2] [INFO] [1781167742.087554471] [gazebo_track_car]: camera traffic-light green candidate ignored as non-lamp-shaped color patch; reason=aspect bbox=15x6px
[gazebo_track_car-2] [INFO] [1781167742.120156572] [gazebo_track_car]: camera traffic-light green candidate ignored as non-lamp-shaped color patch; reason=aspect bbox=60x6px
[gazebo_track_car-2] [INFO] [1781167742.120439634] [gazebo_track_car]: camera traffic-light green candidate ignored as non-lamp-shaped color patch; reason=aspect bbox=111x26px
[gazebo_track_car-2] [INFO] [1781167742.120719270] [gazebo_track_car]: camera traffic-light green candidate ignored as non-lamp-shaped color patch; reason=aspect bbox=286x119px
[gazebo_track_car-2] [INFO] [1781167742.120921741] [gazebo_track_car]: camera traffic-light green candidate ignored as non-lamp-shaped color patch; reason=aspect bbox=76x15px
[gazebo_track_car-2] [INFO] [1781167742.121098824] [gazebo_track_car]: camera traffic-light green candidate ignored as non-lamp-shaped color patch; reason=aspect bbox=11x3px
[gazebo_track_car-2] [INFO] [1781167742.121274345] [gazebo_track_car]: camera traffic-light green candidate ignored as non-lamp-shaped color patch; reason=aspect bbox=319x68px
[gazebo_track_car-2] [INFO] [1781167742.121443152] [gazebo_track_car]: camera traffic-light green candidate ignored as non-lamp-shaped color patch; reason=aspect bbox=15x6px
[gazebo_track_car-2] [INFO] [1781167742.136634295] [gazebo_track_car]: camera traffic-light green candidate ignored as non-lamp-shaped color patch; reason=aspect bbox=60x6px
[gazebo_track_car-2] [INFO] [1781167742.137396228] [gazebo_track_car]: camera traffic-light green candidate ignored as non-lamp-shaped color patch; reason=aspect bbox=111x26px
[gazebo_track_car-2] [INFO] [1781167742.137766094] [gazebo_track_car]: camera traffic-light green candidate ignored as non-lamp-shaped color patch; reason=aspect bbox=286x119px
[gazebo_track_car-2] [INFO] [1781167742.138155387] [gazebo_track_car]: camera traffic-light green candidate ignored as non-lamp-shaped color patch; reason=aspect bbox=76x15px
[gazebo_track_car-2] [INFO] [1781167742.138559978] [gazebo_track_car]: camera traffic-light green candidate ignored as non-lamp-shaped color patch; reason=aspect bbox=11x3px
[gazebo_track_car-2] [INFO] [1781167742.138834384] [gazebo_track_car]: camera traffic-light green candidate ignored as non-lamp-shaped color patch; reason=aspect bbox=319x68px
[gazebo_track_car-2] [INFO] [1781167742.139075718] [gazebo_track_car]: camera traffic-light green candidate ignored as non-lamp-shaped color patch; reason=aspect bbox=15x6px
[gazebo_track_car-2] [INFO] [1781167742.170035489] [gazebo_track_car]: camera traffic-light green candidate ignored as non-lamp-shaped color patch; reason=aspect bbox=60x6px
[gazebo_track_car-2] [INFO] [1781167742.170316889] [gazebo_track_car]: camera traffic-light green candidate ignored as non-lamp-shaped color patch; reason=aspect bbox=111x26px
[gazebo_track_car-2] [INFO] [1781167742.170504171] [gazebo_track_car]: camera traffic-light green candidate ignored as non-lamp-shaped color patch; reason=aspect bbox=286x119px
[gazebo_track_car-2] [INFO] [1781167742.170676625] [gazebo_track_car]: camera traffic-light green candidate ignored as non-lamp-shaped color patch; reason=aspect bbox=76x15px
[gazebo_track_car-2] [INFO] [1781167742.170926656] [gazebo_track_car]: camera traffic-light green candidate ignored as non-lamp-shaped color patch; reason=aspect bbox=11x3px
[gazebo_track_car-2] [INFO] [1781167742.171169072] [gazebo_track_car]: camera traffic-light green candidate ignored as non-lamp-shaped color patch; reason=aspect bbox=319x68px
[gazebo_track_car-2] [INFO] [1781167742.171419142] [gazebo_track_car]: camera traffic-light green candidate ignored as non-lamp-shaped color patch; reason=aspect bbox=15x6px
[gazebo_track_car-2] [INFO] [1781167742.202915954] [gazebo_track_car]: camera traffic-light green candidate ignored as non-lamp-shaped color patch; reason=aspect bbox=59x6px
[gazebo_track_car-2] [INFO] [1781167742.203272084] [gazebo_track_car]: camera traffic-light green candidate ignored as non-lamp-shaped color patch; reason=aspect bbox=111x26px
[gazebo_track_car-2] [INFO] [1781167742.203458014] [gazebo_track_car]: camera traffic-light green candidate ignored as non-lamp-shaped color patch; reason=aspect bbox=288x119px
[gazebo_track_car-2] [INFO] [1781167742.203629457] [gazebo_track_car]: camera traffic-light green candidate ignored as non-lamp-shaped color patch; reason=aspect bbox=77x15px
[gazebo_track_car-2] [INFO] [1781167742.203798515] [gazebo_track_car]: camera traffic-light green candidate ignored as non-lamp-shaped color patch; reason=aspect bbox=11x3px
[gazebo_track_car-2] [INFO] [1781167742.204229085] [gazebo_track_car]: camera traffic-light green candidate ignored as non-lamp-shaped color patch; reason=aspect bbox=320x68px
[gazebo_track_car-2] [INFO] [1781167742.245540142] [gazebo_track_car]: camera traffic-light green candidate ignored as non-lamp-shaped color patch; reason=aspect bbox=59x6px
[gazebo_track_car-2] [INFO] [1781167742.245814879] [gazebo_track_car]: camera traffic-light green candidate ignored as non-lamp-shaped color patch; reason=aspect bbox=112x26px
[gazebo_track_car-2] [INFO] [1781167742.246000588] [gazebo_track_car]: camera traffic-light green candidate ignored as non-lamp-shaped color patch; reason=aspect bbox=289x119px
[gazebo_track_car-2] [INFO] [1781167742.246178373] [gazebo_track_car]: camera traffic-light green candidate ignored as non-lamp-shaped color patch; reason=aspect bbox=77x15px
[gazebo_track_car-2] [INFO] [1781167742.246391674] [gazebo_track_car]: camera traffic-light green candidate ignored as non-lamp-shaped color patch; reason=aspect bbox=11x3px
[gazebo_track_car-2] [INFO] [1781167742.246639150] [gazebo_track_car]: camera traffic-light green candidate ignored as non-lamp-shaped color patch; reason=aspect bbox=320x68px
[gazebo_track_car-2] [INFO] [1781167742.267664419] [gazebo_track_car]: camera traffic-light green candidate ignored as non-lamp-shaped color patch; reason=aspect bbox=60x6px
[gazebo_track_car-2] [INFO] [1781167742.268416034] [gazebo_track_car]: camera traffic-light green candidate ignored as non-lamp-shaped color patch; reason=aspect bbox=112x26px
[gazebo_track_car-2] [INFO] [1781167742.268871420] [gazebo_track_car]: camera traffic-light green candidate ignored as non-lamp-shaped color patch; reason=aspect bbox=291x119px
[gazebo_track_car-2] [INFO] [1781167742.269212001] [gazebo_track_car]: camera traffic-light green candidate ignored as non-lamp-shaped color patch; reason=aspect bbox=76x15px
[gazebo_track_car-2] [INFO] [1781167742.269695180] [gazebo_track_car]: camera traffic-light green candidate ignored as non-lamp-shaped color patch; reason=aspect bbox=9x3px
[gazebo_track_car-2] [INFO] [1781167742.269937777] [gazebo_track_car]: camera traffic-light green candidate ignored as non-lamp-shaped color patch; reason=aspect bbox=320x68px
[gazebo_track_car-2] [INFO] [1781167742.314329970] [gazebo_track_car]: camera traffic-light green candidate ignored as non-lamp-shaped color patch; reason=aspect bbox=60x6px
[gazebo_track_car-2] [INFO] [1781167742.314634493] [gazebo_track_car]: camera traffic-light green candidate ignored as non-lamp-shaped color patch; reason=aspect bbox=112x26px
[gazebo_track_car-2] [INFO] [1781167742.314833217] [gazebo_track_car]: camera traffic-light green candidate ignored as non-lamp-shaped color patch; reason=aspect bbox=292x119px
[gazebo_track_car-2] [INFO] [1781167742.315008717] [gazebo_track_car]: camera traffic-light green candidate ignored as non-lamp-shaped color patch; reason=aspect bbox=76x15px
[gazebo_track_car-2] [INFO] [1781167742.315178447] [gazebo_track_car]: camera traffic-light green candidate ignored as non-lamp-shaped color patch; reason=aspect bbox=9x3px
[gazebo_track_car-2] [INFO] [1781167742.315348968] [gazebo_track_car]: camera traffic-light green candidate ignored as non-lamp-shaped color patch; reason=aspect bbox=320x68px
[gazebo_track_car-2] [INFO] [1781167742.357487762] [gazebo_track_car]: camera traffic-light green candidate ignored as non-lamp-shaped color patch; reason=aspect bbox=60x6px
[gazebo_track_car-2] [INFO] [1781167742.357770784] [gazebo_track_car]: camera traffic-light green candidate ignored as non-lamp-shaped color patch; reason=aspect bbox=112x26px
[gazebo_track_car-2] [INFO] [1781167742.357953148] [gazebo_track_car]: camera traffic-light green candidate ignored as non-lamp-shaped color patch; reason=aspect bbox=292x119px
[gazebo_track_car-2] [INFO] [1781167742.358233385] [gazebo_track_car]: camera traffic-light green candidate ignored as non-lamp-shaped color patch; reason=aspect bbox=76x15px
[gazebo_track_car-2] [INFO] [1781167742.358594434] [gazebo_track_car]: camera traffic-light green candidate ignored as non-lamp-shaped color patch; reason=aspect bbox=9x3px
[gazebo_track_car-2] [INFO] [1781167742.359011910] [gazebo_track_car]: camera traffic-light green candidate ignored as non-lamp-shaped color patch; reason=aspect bbox=320x68px
[gazebo_track_car-2] [INFO] [1781167742.385272288] [gazebo_track_car]: camera traffic-light green candidate ignored as non-lamp-shaped color patch; reason=aspect bbox=60x6px
[gazebo_track_car-2] [INFO] [1781167742.385553838] [gazebo_track_car]: camera traffic-light green candidate ignored as non-lamp-shaped color patch; reason=aspect bbox=112x26px
[gazebo_track_car-2] [INFO] [1781167742.385739868] [gazebo_track_car]: camera traffic-light green candidate ignored as non-lamp-shaped color patch; reason=aspect bbox=292x119px
[gazebo_track_car-2] [INFO] [1781167742.385913875] [gazebo_track_car]: camera traffic-light green candidate ignored as non-lamp-shaped color patch; reason=aspect bbox=76x15px
[gazebo_track_car-2] [INFO] [1781167742.386132286] [gazebo_track_car]: camera traffic-light green candidate ignored as non-lamp-shaped color patch; reason=aspect bbox=9x3px
[gazebo_track_car-2] [INFO] [1781167742.386332874] [gazebo_track_car]: camera traffic-light green candidate ignored as non-lamp-shaped color patch; reason=aspect bbox=320x68px
[gazebo_track_car-2] [INFO] [1781167742.415681964] [gazebo_track_car]: camera traffic-light green candidate ignored as non-lamp-shaped color patch; reason=aspect bbox=60x6px
[gazebo_track_car-2] [INFO] [1781167742.415914091] [gazebo_track_car]: camera traffic-light green candidate ignored as non-lamp-shaped color patch; reason=aspect bbox=112x26px
[gazebo_track_car-2] [INFO] [1781167742.416090363] [gazebo_track_car]: camera traffic-light green candidate ignored as non-lamp-shaped color patch; reason=aspect bbox=291x119px
[gazebo_track_car-2] [INFO] [1781167742.416261254] [gazebo_track_car]: camera traffic-light green candidate ignored as non-lamp-shaped color patch; reason=aspect bbox=77x15px
[gazebo_track_car-2] [INFO] [1781167742.416511575] [gazebo_track_car]: camera traffic-light green candidate ignored as non-lamp-shaped color patch; reason=aspect bbox=9x3px
[gazebo_track_car-2] [INFO] [1781167742.416699649] [gazebo_track_car]: camera traffic-light green candidate ignored as non-lamp-shaped color patch; reason=aspect bbox=320x68px
[gazebo_track_car-2] [INFO] [1781167742.451480590] [gazebo_track_car]: camera traffic-light green candidate ignored as non-lamp-shaped color patch; reason=aspect bbox=60x6px
[gazebo_track_car-2] [INFO] [1781167742.452144309] [gazebo_track_car]: camera traffic-light green candidate ignored as non-lamp-shaped color patch; reason=aspect bbox=112x26px
[gazebo_track_car-2] [INFO] [1781167742.452816293] [gazebo_track_car]: camera traffic-light green candidate ignored as non-lamp-shaped color patch; reason=aspect bbox=293x119px
[gazebo_track_car-2] [INFO] [1781167742.453062947] [gazebo_track_car]: camera traffic-light green candidate ignored as non-lamp-shaped color patch; reason=aspect bbox=77x15px
[gazebo_track_car-2] [INFO] [1781167742.453250951] [gazebo_track_car]: camera traffic-light green candidate ignored as non-lamp-shaped color patch; reason=aspect bbox=9x3px
[gazebo_track_car-2] [INFO] [1781167742.453727588] [gazebo_track_car]: camera traffic-light green candidate ignored as non-lamp-shaped color patch; reason=aspect bbox=321x69px
[gazebo_track_car-2] [INFO] [1781167742.454268125] [gazebo_track_car]: camera traffic-light green candidate ignored as non-lamp-shaped color patch; reason=aspect bbox=15x6px
[gazebo_track_car-2] [INFO] [1781167742.478454561] [gazebo_track_car]: camera traffic-light green candidate ignored as non-lamp-shaped color patch; reason=aspect bbox=59x6px
[gazebo_track_car-2] [INFO] [1781167742.478746190] [gazebo_track_car]: camera traffic-light green candidate ignored as non-lamp-shaped color patch; reason=aspect bbox=113x26px
[gazebo_track_car-2] [INFO] [1781167742.478931659] [gazebo_track_car]: camera traffic-light green candidate ignored as non-lamp-shaped color patch; reason=aspect bbox=294x119px
[gazebo_track_car-2] [INFO] [1781167742.479105275] [gazebo_track_car]: camera traffic-light green candidate ignored as non-lamp-shaped color patch; reason=aspect bbox=77x16px
[gazebo_track_car-2] [INFO] [1781167742.479274504] [gazebo_track_car]: camera traffic-light green candidate ignored as non-lamp-shaped color patch; reason=aspect bbox=8x3px
[gazebo_track_car-2] [INFO] [1781167742.479444584] [gazebo_track_car]: camera traffic-light green candidate ignored as non-lamp-shaped color patch; reason=aspect bbox=321x69px
[gazebo_track_car-2] [INFO] [1781167742.479618361] [gazebo_track_car]: camera traffic-light green candidate ignored as non-lamp-shaped color patch; reason=aspect bbox=15x6px
[gazebo_track_car-2] [INFO] [1781167742.512947008] [gazebo_track_car]: camera traffic-light green candidate ignored as non-lamp-shaped color patch; reason=aspect bbox=59x6px
[gazebo_track_car-2] [INFO] [1781167742.513224230] [gazebo_track_car]: camera traffic-light green candidate ignored as non-lamp-shaped color patch; reason=aspect bbox=113x26px
[gazebo_track_car-2] [INFO] [1781167742.513409829] [gazebo_track_car]: camera traffic-light green candidate ignored as non-lamp-shaped color patch; reason=aspect bbox=295x119px
[gazebo_track_car-2] [INFO] [1781167742.513584948] [gazebo_track_car]: camera traffic-light green candidate ignored as non-lamp-shaped color patch; reason=aspect bbox=77x16px
[gazebo_track_car-2] [INFO] [1781167742.513760198] [gazebo_track_car]: camera traffic-light green candidate ignored as non-lamp-shaped color patch; reason=aspect bbox=8x3px
[gazebo_track_car-2] [INFO] [1781167742.513932252] [gazebo_track_car]: camera traffic-light green candidate ignored as non-lamp-shaped color patch; reason=aspect bbox=321x68px
[gazebo_track_car-2] [INFO] [1781167742.514102252] [gazebo_track_car]: camera traffic-light green candidate ignored as non-lamp-shaped color patch; reason=aspect bbox=15x6px
[gazebo_track_car-2] [INFO] [1781167742.597750277] [gazebo_track_car]: camera traffic-light green candidate ignored as non-lamp-shaped color patch; reason=aspect bbox=59x6px
[gazebo_track_car-2] [INFO] [1781167742.598021176] [gazebo_track_car]: camera traffic-light green candidate ignored as non-lamp-shaped color patch; reason=aspect bbox=113x26px
[gazebo_track_car-2] [INFO] [1781167742.598202668] [gazebo_track_car]: camera traffic-light green candidate ignored as non-lamp-shaped color patch; reason=aspect bbox=295x119px
[gazebo_track_car-2] [INFO] [1781167742.598394288] [gazebo_track_car]: camera traffic-light green candidate ignored as non-lamp-shaped color patch; reason=aspect bbox=77x16px
[gazebo_track_car-2] [INFO] [1781167742.598565029] [gazebo_track_car]: camera traffic-light green candidate ignored as non-lamp-shaped color patch; reason=aspect bbox=8x3px
[gazebo_track_car-2] [INFO] [1781167742.598802376] [gazebo_track_car]: camera traffic-light green candidate ignored as non-lamp-shaped color patch; reason=aspect bbox=321x69px
[gazebo_track_car-2] [INFO] [1781167742.599036316] [gazebo_track_car]: camera traffic-light green candidate ignored as non-lamp-shaped color patch; reason=aspect bbox=15x6px
[gazebo_track_car-2] [INFO] [1781167742.605306433] [gazebo_track_car]: camera traffic-light green candidate ignored as non-lamp-shaped color patch; reason=aspect bbox=59x6px
[gazebo_track_car-2] [INFO] [1781167742.605581401] [gazebo_track_car]: camera traffic-light green candidate ignored as non-lamp-shaped color patch; reason=aspect bbox=113x26px
[gazebo_track_car-2] [INFO] [1781167742.605764976] [gazebo_track_car]: camera traffic-light green candidate ignored as non-lamp-shaped color patch; reason=aspect bbox=295x119px
[gazebo_track_car-2] [INFO] [1781167742.605937521] [gazebo_track_car]: camera traffic-light green candidate ignored as non-lamp-shaped color patch; reason=aspect bbox=77x16px
[gazebo_track_car-2] [INFO] [1781167742.606108522] [gazebo_track_car]: camera traffic-light green candidate ignored as non-lamp-shaped color patch; reason=aspect bbox=8x3px
[gazebo_track_car-2] [INFO] [1781167742.606539724] [gazebo_track_car]: camera traffic-light green candidate ignored as non-lamp-shaped color patch; reason=aspect bbox=321x69px
[gazebo_track_car-2] [INFO] [1781167742.607050505] [gazebo_track_car]: camera traffic-light green candidate ignored as non-lamp-shaped color patch; reason=aspect bbox=15x6px
[gazebo_track_car-2] [INFO] [1781167742.614867420] [gazebo_track_car]: camera traffic-light green candidate ignored as non-lamp-shaped color patch; reason=aspect bbox=59x6px
[gazebo_track_car-2] [INFO] [1781167742.615142046] [gazebo_track_car]: camera traffic-light green candidate ignored as non-lamp-shaped color patch; reason=aspect bbox=113x26px
[gazebo_track_car-2] [INFO] [1781167742.615325451] [gazebo_track_car]: camera traffic-light green candidate ignored as non-lamp-shaped color patch; reason=aspect bbox=295x119px
[gazebo_track_car-2] [INFO] [1781167742.615498357] [gazebo_track_car]: camera traffic-light green candidate ignored as non-lamp-shaped color patch; reason=aspect bbox=77x16px
[gazebo_track_car-2] [INFO] [1781167742.615669489] [gazebo_track_car]: camera traffic-light green candidate ignored as non-lamp-shaped color patch; reason=aspect bbox=8x3px
[gazebo_track_car-2] [INFO] [1781167742.615838757] [gazebo_track_car]: camera traffic-light green candidate ignored as non-lamp-shaped color patch; reason=aspect bbox=321x68px
[gazebo_track_car-2] [INFO] [1781167742.616006102] [gazebo_track_car]: camera traffic-light green candidate ignored as non-lamp-shaped color patch; reason=aspect bbox=15x6px
[gazebo_track_car-2] [INFO] [1781167742.648272083] [gazebo_track_car]: camera traffic-light green candidate ignored as non-lamp-shaped color patch; reason=aspect bbox=59x6px
[gazebo_track_car-2] [INFO] [1781167742.649016414] [gazebo_track_car]: camera traffic-light green candidate ignored as non-lamp-shaped color patch; reason=aspect bbox=113x26px
[gazebo_track_car-2] [INFO] [1781167742.649260112] [gazebo_track_car]: camera traffic-light green candidate ignored as non-lamp-shaped color patch; reason=aspect bbox=295x119px
[gazebo_track_car-2] [INFO] [1781167742.649444078] [gazebo_track_car]: camera traffic-light green candidate ignored as non-lamp-shaped color patch; reason=aspect bbox=77x16px
[gazebo_track_car-2] [INFO] [1781167742.649675003] [gazebo_track_car]: camera traffic-light green candidate ignored as non-lamp-shaped color patch; reason=aspect bbox=8x3px
[gazebo_track_car-2] [INFO] [1781167742.649855773] [gazebo_track_car]: camera traffic-light green candidate ignored as non-lamp-shaped color patch; reason=aspect bbox=321x68px
[gazebo_track_car-2] [INFO] [1781167742.650245496] [gazebo_track_car]: camera traffic-light green candidate ignored as non-lamp-shaped color patch; reason=aspect bbox=15x6px
[gazebo_track_car-2] [INFO] [1781167742.694838008] [gazebo_track_car]: camera traffic-light green candidate ignored as non-lamp-shaped color patch; reason=aspect bbox=59x6px
[gazebo_track_car-2] [INFO] [1781167742.695120168] [gazebo_track_car]: camera traffic-light green candidate ignored as non-lamp-shaped color patch; reason=aspect bbox=113x26px
[gazebo_track_car-2] [INFO] [1781167742.695326657] [gazebo_track_car]: camera traffic-light green candidate ignored as non-lamp-shaped color patch; reason=aspect bbox=295x119px
[gazebo_track_car-2] [INFO] [1781167742.695556399] [gazebo_track_car]: camera traffic-light green candidate ignored as non-lamp-shaped color patch; reason=aspect bbox=77x16px
[gazebo_track_car-2] [INFO] [1781167742.695754141] [gazebo_track_car]: camera traffic-light green candidate ignored as non-lamp-shaped color patch; reason=aspect bbox=8x3px
[gazebo_track_car-2] [INFO] [1781167742.695928099] [gazebo_track_car]: camera traffic-light green candidate ignored as non-lamp-shaped color patch; reason=aspect bbox=321x69px
[gazebo_track_car-2] [INFO] [1781167742.696191194] [gazebo_track_car]: camera traffic-light green candidate ignored as non-lamp-shaped color patch; reason=aspect bbox=15x6px
[gazebo_track_car-2] [INFO] [1781167742.716611664] [gazebo_track_car]: camera traffic-light green candidate ignored as non-lamp-shaped color patch; reason=aspect bbox=60x6px
[gazebo_track_car-2] [INFO] [1781167742.716945652] [gazebo_track_car]: camera traffic-light green candidate ignored as non-lamp-shaped color patch; reason=aspect bbox=112x26px
[gazebo_track_car-2] [INFO] [1781167742.717146490] [gazebo_track_car]: camera traffic-light green candidate ignored as non-lamp-shaped color patch; reason=aspect bbox=295x119px
[gazebo_track_car-2] [INFO] [1781167742.717323994] [gazebo_track_car]: camera traffic-light green candidate ignored as non-lamp-shaped color patch; reason=aspect bbox=78x15px
[gazebo_track_car-2] [INFO] [1781167742.717677840] [gazebo_track_car]: camera traffic-light green candidate ignored as non-lamp-shaped color patch; reason=aspect bbox=321x69px
[gazebo_track_car-2] [INFO] [1781167742.718538400] [gazebo_track_car]: camera traffic-light green candidate ignored as non-lamp-shaped color patch; reason=aspect bbox=15x6px
[gazebo_track_car-2] [INFO] [1781167742.771467968] [gazebo_track_car]: camera traffic-light green candidate ignored as non-lamp-shaped color patch; reason=aspect bbox=60x6px
[gazebo_track_car-2] [INFO] [1781167742.771920580] [gazebo_track_car]: camera traffic-light green candidate ignored as non-lamp-shaped color patch; reason=aspect bbox=113x26px
[gazebo_track_car-2] [INFO] [1781167742.774390577] [gazebo_track_car]: camera traffic-light green candidate ignored as non-lamp-shaped color patch; reason=aspect bbox=297x119px
[gazebo_track_car-2] [INFO] [1781167742.774678659] [gazebo_track_car]: camera traffic-light green candidate ignored as non-lamp-shaped color patch; reason=aspect bbox=77x15px
[gazebo_track_car-2] [INFO] [1781167742.775140969] [gazebo_track_car]: camera traffic-light green candidate ignored as non-lamp-shaped color patch; reason=aspect bbox=321x69px
[gazebo_track_car-2] [WARN] [1781167742.780335382] [gazebo_track_car]: JITTER events=52 reasons=cmd_xy_error=0.0736m pos=(+2.120,+0.637) step=0.0006/0.0027m yaw=0.001/0.010rad route=flat_left_mid_to_top_reverse
[gazebo_track_car-2] [INFO] [1781167742.790161658] [gazebo_track_car]: camera traffic-light green candidate ignored as non-lamp-shaped color patch; reason=aspect bbox=60x6px
[gazebo_track_car-2] [INFO] [1781167742.790459859] [gazebo_track_car]: camera traffic-light green candidate ignored as non-lamp-shaped color patch; reason=aspect bbox=112x26px
[gazebo_track_car-2] [INFO] [1781167742.790671477] [gazebo_track_car]: camera traffic-light green candidate ignored as non-lamp-shaped color patch; reason=aspect bbox=298x119px
[gazebo_track_car-2] [INFO] [1781167742.790857938] [gazebo_track_car]: camera traffic-light green candidate ignored as non-lamp-shaped color patch; reason=aspect bbox=77x16px
[gazebo_track_car-2] [INFO] [1781167742.791456043] [gazebo_track_car]: camera traffic-light green candidate ignored as non-lamp-shaped color patch; reason=aspect bbox=322x69px
[gazebo_track_car-2] [INFO] [1781167742.811443452] [gazebo_track_car]: camera traffic-light green candidate ignored as non-lamp-shaped color patch; reason=aspect bbox=59x6px
[gazebo_track_car-2] [INFO] [1781167742.811826312] [gazebo_track_car]: camera traffic-light green candidate ignored as non-lamp-shaped color patch; reason=aspect bbox=113x26px
[gazebo_track_car-2] [INFO] [1781167742.812019846] [gazebo_track_car]: camera traffic-light green candidate ignored as non-lamp-shaped color patch; reason=aspect bbox=298x119px
[gazebo_track_car-2] [INFO] [1781167742.812194084] [gazebo_track_car]: camera traffic-light green candidate ignored as non-lamp-shaped color patch; reason=aspect bbox=78x16px
[gazebo_track_car-2] [INFO] [1781167742.812697301] [gazebo_track_car]: camera traffic-light green candidate ignored as non-lamp-shaped color patch; reason=aspect bbox=322x69px
[gazebo_track_car-2] [INFO] [1781167742.845688485] [gazebo_track_car]: camera traffic-light green candidate ignored as non-lamp-shaped color patch; reason=aspect bbox=59x6px
[gazebo_track_car-2] [INFO] [1781167742.845981225] [gazebo_track_car]: camera traffic-light green candidate ignored as non-lamp-shaped color patch; reason=aspect bbox=113x26px
[gazebo_track_car-2] [INFO] [1781167742.846166584] [gazebo_track_car]: camera traffic-light green candidate ignored as non-lamp-shaped color patch; reason=aspect bbox=298x119px
[gazebo_track_car-2] [INFO] [1781167742.846374094] [gazebo_track_car]: camera traffic-light green candidate ignored as non-lamp-shaped color patch; reason=aspect bbox=78x16px
[gazebo_track_car-2] [INFO] [1781167742.846722600] [gazebo_track_car]: camera traffic-light green candidate ignored as non-lamp-shaped color patch; reason=aspect bbox=322x69px
[gazebo_track_car-2] [INFO] [1781167742.879581474] [gazebo_track_car]: camera traffic-light green candidate ignored as non-lamp-shaped color patch; reason=aspect bbox=59x6px
[gazebo_track_car-2] [INFO] [1781167742.880510642] [gazebo_track_car]: camera traffic-light green candidate ignored as non-lamp-shaped color patch; reason=aspect bbox=113x26px
[gazebo_track_car-2] [INFO] [1781167742.880755543] [gazebo_track_car]: camera traffic-light green candidate ignored as non-lamp-shaped color patch; reason=aspect bbox=298x119px
[gazebo_track_car-2] [INFO] [1781167742.880940220] [gazebo_track_car]: camera traffic-light green candidate ignored as non-lamp-shaped color patch; reason=aspect bbox=78x16px
[gazebo_track_car-2] [INFO] [1781167742.881546501] [gazebo_track_car]: camera traffic-light green candidate ignored as non-lamp-shaped color patch; reason=aspect bbox=322x69px
[gazebo_track_car-2] [INFO] [1781167742.919871740] [gazebo_track_car]: camera traffic-light green candidate ignored as non-lamp-shaped color patch; reason=aspect bbox=59x6px
[gazebo_track_car-2] [INFO] [1781167742.920148020] [gazebo_track_car]: camera traffic-light green candidate ignored as non-lamp-shaped color patch; reason=aspect bbox=113x26px
[gazebo_track_car-2] [INFO] [1781167742.920332728] [gazebo_track_car]: camera traffic-light green candidate ignored as non-lamp-shaped color patch; reason=aspect bbox=300x119px
[gazebo_track_car-2] [INFO] [1781167742.920752517] [gazebo_track_car]: camera traffic-light green candidate ignored as non-lamp-shaped color patch; reason=aspect bbox=78x16px
[gazebo_track_car-2] [INFO] [1781167742.921488833] [gazebo_track_car]: camera traffic-light green candidate ignored as non-lamp-shaped color patch; reason=aspect bbox=322x69px
[gazebo_track_car-2] [INFO] [1781167742.979957231] [gazebo_track_car]: camera traffic-light green candidate ignored as non-lamp-shaped color patch; reason=aspect bbox=60x6px
[gazebo_track_car-2] [INFO] [1781167742.980284627] [gazebo_track_car]: camera traffic-light green candidate ignored as non-lamp-shaped color patch; reason=aspect bbox=113x26px
[gazebo_track_car-2] [INFO] [1781167742.980482910] [gazebo_track_car]: camera traffic-light green candidate ignored as non-lamp-shaped color patch; reason=aspect bbox=301x119px
[gazebo_track_car-2] [INFO] [1781167742.980728493] [gazebo_track_car]: camera traffic-light green candidate ignored as non-lamp-shaped color patch; reason=aspect bbox=77x15px
[gazebo_track_car-2] [INFO] [1781167742.981250475] [gazebo_track_car]: camera traffic-light green candidate ignored as non-lamp-shaped color patch; reason=aspect bbox=322x69px
[gazebo_track_car-2] [INFO] [1781167742.991114794] [gazebo_track_car]: camera traffic-light green candidate ignored as non-lamp-shaped color patch; reason=aspect bbox=60x6px
[gazebo_track_car-2] [INFO] [1781167742.991421702] [gazebo_track_car]: camera traffic-light green candidate ignored as non-lamp-shaped color patch; reason=aspect bbox=113x26px
[gazebo_track_car-2] [INFO] [1781167742.991626707] [gazebo_track_car]: camera traffic-light green candidate ignored as non-lamp-shaped color patch; reason=aspect bbox=303x119px
[gazebo_track_car-2] [INFO] [1781167742.991807287] [gazebo_track_car]: camera traffic-light green candidate ignored as non-lamp-shaped color patch; reason=aspect bbox=78x16px
[gazebo_track_car-2] [INFO] [1781167742.991980323] [gazebo_track_car]: camera traffic-light green candidate ignored as non-lamp-shaped color patch; reason=aspect bbox=323x69px
[gazebo_track_car-2] [INFO] [1781167743.023292948] [gazebo_track_car]: camera traffic-light green candidate ignored as non-lamp-shaped color patch; reason=aspect bbox=60x6px
[gazebo_track_car-2] [INFO] [1781167743.023781397] [gazebo_track_car]: camera traffic-light green candidate ignored as non-lamp-shaped color patch; reason=aspect bbox=114x26px
[gazebo_track_car-2] [INFO] [1781167743.023994809] [gazebo_track_car]: camera traffic-light green candidate ignored as non-lamp-shaped color patch; reason=aspect bbox=305x119px
[gazebo_track_car-2] [INFO] [1781167743.024402987] [gazebo_track_car]: camera traffic-light green candidate ignored as non-lamp-shaped color patch; reason=aspect bbox=78x15px
[gazebo_track_car-2] [INFO] [1781167743.024717689] [gazebo_track_car]: camera traffic-light green candidate ignored as non-lamp-shaped color patch; reason=aspect bbox=323x69px
[gazebo_track_car-2] [INFO] [1781167743.024954765] [gazebo_track_car]: camera traffic-light green candidate ignored as non-lamp-shaped color patch; reason=aspect bbox=15x6px
[gazebo_track_car-2] [INFO] [1781167743.046379999] [gazebo_track_car]: camera traffic-light green candidate ignored as non-lamp-shaped color patch; reason=aspect bbox=59x6px
[gazebo_track_car-2] [INFO] [1781167743.047132606] [gazebo_track_car]: camera traffic-light green candidate ignored as non-lamp-shaped color patch; reason=aspect bbox=115x26px
[gazebo_track_car-2] [INFO] [1781167743.047378719] [gazebo_track_car]: camera traffic-light green candidate ignored as non-lamp-shaped color patch; reason=aspect bbox=305x119px
[gazebo_track_car-2] [INFO] [1781167743.047604293] [gazebo_track_car]: camera traffic-light green candidate ignored as non-lamp-shaped color patch; reason=aspect bbox=78x15px
[gazebo_track_car-2] [INFO] [1781167743.047802516] [gazebo_track_car]: camera traffic-light green candidate ignored as non-lamp-shaped color patch; reason=aspect bbox=323x69px
[gazebo_track_car-2] [INFO] [1781167743.048042928] [gazebo_track_car]: camera traffic-light green candidate ignored as non-lamp-shaped color patch; reason=aspect bbox=15x6px
[gazebo_track_car-2] [INFO] [1781167743.052159895] [gazebo_track_car]: camera_sign=camera_sign_turn_right source=camera kind=turn_right_sign maneuver=right score=0.50 area=624px bbox=24x26px center=(41,232)
[gazebo_track_car-2] [INFO] [1781167743.086148748] [gazebo_track_car]: camera traffic-light green candidate ignored as non-lamp-shaped color patch; reason=aspect bbox=60x6px
[gazebo_track_car-2] [INFO] [1781167743.086425078] [gazebo_track_car]: camera traffic-light green candidate ignored as non-lamp-shaped color patch; reason=aspect bbox=115x26px
[gazebo_track_car-2] [INFO] [1781167743.086618292] [gazebo_track_car]: camera traffic-light green candidate ignored as non-lamp-shaped color patch; reason=aspect bbox=307x119px
[gazebo_track_car-2] [INFO] [1781167743.087103385] [gazebo_track_car]: camera traffic-light green candidate ignored as non-lamp-shaped color patch; reason=aspect bbox=78x15px
[gazebo_track_car-2] [INFO] [1781167743.087380616] [gazebo_track_car]: camera traffic-light green candidate ignored as non-lamp-shaped color patch; reason=aspect bbox=323x69px
[gazebo_track_car-2] [INFO] [1781167743.122215312] [gazebo_track_car]: camera traffic-light green candidate ignored as non-lamp-shaped color patch; reason=aspect bbox=60x6px
[gazebo_track_car-2] [INFO] [1781167743.122489738] [gazebo_track_car]: camera traffic-light green candidate ignored as non-lamp-shaped color patch; reason=aspect bbox=115x26px
[gazebo_track_car-2] [INFO] [1781167743.122673895] [gazebo_track_car]: camera traffic-light green candidate ignored as non-lamp-shaped color patch; reason=aspect bbox=308x119px
[gazebo_track_car-2] [INFO] [1781167743.122847752] [gazebo_track_car]: camera traffic-light green candidate ignored as non-lamp-shaped color patch; reason=aspect bbox=78x15px
[gazebo_track_car-2] [INFO] [1781167743.123015598] [gazebo_track_car]: camera traffic-light green candidate ignored as non-lamp-shaped color patch; reason=aspect bbox=324x69px
[gazebo_track_car-2] [INFO] [1781167743.167182821] [gazebo_track_car]: camera traffic-light green candidate ignored as non-lamp-shaped color patch; reason=aspect bbox=60x6px
[gazebo_track_car-2] [INFO] [1781167743.167456255] [gazebo_track_car]: camera traffic-light green candidate ignored as non-lamp-shaped color patch; reason=aspect bbox=116x26px
[gazebo_track_car-2] [INFO] [1781167743.167643317] [gazebo_track_car]: camera traffic-light green candidate ignored as non-lamp-shaped color patch; reason=aspect bbox=310x119px
[gazebo_track_car-2] [INFO] [1781167743.167817465] [gazebo_track_car]: camera traffic-light green candidate ignored as non-lamp-shaped color patch; reason=aspect bbox=78x15px
[gazebo_track_car-2] [INFO] [1781167743.168013524] [gazebo_track_car]: camera traffic-light green candidate ignored as non-lamp-shaped color patch; reason=aspect bbox=324x69px
[gazebo_track_car-2] [INFO] [1781167743.171860625] [gazebo_track_car]: camera sign action allowed by route branch context; detected=turn_right_sign sign=camera_sign_turn_right next_branch=0.00m area=624px matching 3D sign is not route-adjacent
[gazebo_track_car-2] [INFO] [1781167743.173684036] [gazebo_track_car]: MOTION pos=(+2.113,+0.633) yaw=-2.863 v=0.028 step_err=0.0022m/0.009rad track_err=0.0841m footprint=road:10.60px route=flat_left_mid_to_top_reverse cmd_vel=(0.028,-0.039)
[gazebo_track_car-2] [INFO] [1781167743.189853611] [gazebo_track_car]: camera traffic-light green candidate ignored as non-lamp-shaped color patch; reason=aspect bbox=60x6px
[gazebo_track_car-2] [INFO] [1781167743.190566463] [gazebo_track_car]: camera traffic-light green candidate ignored as non-lamp-shaped color patch; reason=aspect bbox=116x26px
[gazebo_track_car-2] [INFO] [1781167743.190810091] [gazebo_track_car]: camera traffic-light green candidate ignored as non-lamp-shaped color patch; reason=aspect bbox=79x15px
[gazebo_track_car-2] [INFO] [1781167743.191036056] [gazebo_track_car]: camera traffic-light green candidate ignored as non-lamp-shaped color patch; reason=aspect bbox=311x118px
[gazebo_track_car-2] [INFO] [1781167743.191432933] [gazebo_track_car]: camera traffic-light green candidate ignored as non-lamp-shaped color patch; reason=aspect bbox=324x69px
[gazebo_track_car-2] [INFO] [1781167743.221985401] [gazebo_track_car]: camera traffic-light green candidate ignored as non-lamp-shaped color patch; reason=aspect bbox=60x6px
[gazebo_track_car-2] [INFO] [1781167743.222255039] [gazebo_track_car]: camera traffic-light green candidate ignored as non-lamp-shaped color patch; reason=aspect bbox=116x26px
[gazebo_track_car-2] [INFO] [1781167743.222437402] [gazebo_track_car]: camera traffic-light green candidate ignored as non-lamp-shaped color patch; reason=aspect bbox=78x15px
[gazebo_track_car-2] [INFO] [1781167743.222608724] [gazebo_track_car]: camera traffic-light green candidate ignored as non-lamp-shaped color patch; reason=aspect bbox=312x118px
[gazebo_track_car-2] [INFO] [1781167743.222777722] [gazebo_track_car]: camera traffic-light green candidate ignored as non-lamp-shaped color patch; reason=aspect bbox=324x69px
[gazebo_track_car-2] [INFO] [1781167743.251809228] [gazebo_track_car]: camera traffic-light green candidate ignored as non-lamp-shaped color patch; reason=aspect bbox=60x6px
[gazebo_track_car-2] [INFO] [1781167743.252588985] [gazebo_track_car]: camera traffic-light green candidate ignored as non-lamp-shaped color patch; reason=aspect bbox=121x26px
[gazebo_track_car-2] [INFO] [1781167743.254861572] [gazebo_track_car]: camera traffic-light green candidate ignored as non-lamp-shaped color patch; reason=aspect bbox=78x16px
[gazebo_track_car-2] [INFO] [1781167743.255119767] [gazebo_track_car]: camera traffic-light green candidate ignored as non-lamp-shaped color patch; reason=aspect bbox=314x118px
[gazebo_track_car-2] [INFO] [1781167743.255304485] [gazebo_track_car]: camera traffic-light green candidate ignored as non-lamp-shaped color patch; reason=aspect bbox=325x69px
[gazebo_track_car-2] [INFO] [1781167743.255480126] [gazebo_track_car]: camera traffic-light green candidate ignored as non-lamp-shaped color patch; reason=aspect bbox=15x6px
[gazebo_track_car-2] [INFO] [1781167743.260538043] [gazebo_track_car]: route segment=flat_left_mid_to_mid_top_right_entry; previous=flat_left_mid_to_top_reverse; distance=0.001m; decision=route/right from camera_sign_turn_right: flat_left_mid_to_mid_top_right_entry delta=-90.0deg
[gazebo_track_car-2] [INFO] [1781167743.276217556] [gazebo_track_car]: ROUTE_PROGRESS_SYNC actual=(+2.110,+0.632) cmd_error=0.085m route_dist=0.051m yaw_error=0.275rad segment=flat_left_mid_to_mid_top_right_entry@0.069m->flat_left_mid_to_mid_top_right_entry@0.070m
[gazebo_track_car-2] [INFO] [1781167743.281017517] [gazebo_track_car]: camera traffic-light green candidate ignored as non-lamp-shaped color patch; reason=aspect bbox=60x6px
[gazebo_track_car-2] [INFO] [1781167743.281832901] [gazebo_track_car]: camera traffic-light green candidate ignored as non-lamp-shaped color patch; reason=aspect bbox=121x26px
[gazebo_track_car-2] [INFO] [1781167743.282083713] [gazebo_track_car]: camera traffic-light green candidate ignored as non-lamp-shaped color patch; reason=aspect bbox=79x16px
[gazebo_track_car-2] [INFO] [1781167743.282343482] [gazebo_track_car]: camera traffic-light green candidate ignored as non-lamp-shaped color patch; reason=aspect bbox=315x118px
[gazebo_track_car-2] [INFO] [1781167743.282580348] [gazebo_track_car]: camera traffic-light green candidate ignored as non-lamp-shaped color patch; reason=aspect bbox=325x69px
[gazebo_track_car-2] [INFO] [1781167743.323773878] [gazebo_track_car]: camera traffic-light green candidate ignored as non-lamp-shaped color patch; reason=aspect bbox=60x6px
[gazebo_track_car-2] [INFO] [1781167743.324067080] [gazebo_track_car]: camera traffic-light green candidate ignored as non-lamp-shaped color patch; reason=aspect bbox=121x26px
[gazebo_track_car-2] [INFO] [1781167743.324263710] [gazebo_track_car]: camera traffic-light green candidate ignored as non-lamp-shaped color patch; reason=aspect bbox=79x16px
[gazebo_track_car-2] [INFO] [1781167743.324571799] [gazebo_track_car]: camera traffic-light green candidate ignored as non-lamp-shaped color patch; reason=aspect bbox=318x118px
[gazebo_track_car-2] [INFO] [1781167743.324774060] [gazebo_track_car]: camera traffic-light green candidate ignored as non-lamp-shaped color patch; reason=aspect bbox=324x69px
[gazebo_track_car-2] [INFO] [1781167743.359147327] [gazebo_track_car]: camera traffic-light green candidate ignored as non-lamp-shaped color patch; reason=aspect bbox=60x6px
[gazebo_track_car-2] [INFO] [1781167743.359429117] [gazebo_track_car]: camera traffic-light green candidate ignored as non-lamp-shaped color patch; reason=aspect bbox=107x25px
[gazebo_track_car-2] [INFO] [1781167743.359618644] [gazebo_track_car]: camera traffic-light green candidate ignored as non-lamp-shaped color patch; reason=aspect bbox=80x16px
[gazebo_track_car-2] [INFO] [1781167743.359935280] [gazebo_track_car]: camera traffic-light green candidate ignored as non-lamp-shaped color patch; reason=aspect bbox=329x118px
[gazebo_track_car-2] [INFO] [1781167743.360305566] [gazebo_track_car]: camera traffic-light green candidate ignored as non-lamp-shaped color patch; reason=aspect bbox=11x3px
[gazebo_track_car-2] [INFO] [1781167743.360662548] [gazebo_track_car]: camera traffic-light green candidate ignored as non-lamp-shaped color patch; reason=aspect bbox=326x69px
[gazebo_track_car-2] [INFO] [1781167743.384263466] [gazebo_track_car]: camera traffic-light green candidate ignored as non-lamp-shaped color patch; reason=aspect bbox=61x6px
[gazebo_track_car-2] [INFO] [1781167743.384540297] [gazebo_track_car]: camera traffic-light green candidate ignored as non-lamp-shaped color patch; reason=aspect bbox=109x25px
[gazebo_track_car-2] [INFO] [1781167743.384952733] [gazebo_track_car]: camera traffic-light green candidate ignored as non-lamp-shaped color patch; reason=aspect bbox=82x17px
[gazebo_track_car-2] [INFO] [1781167743.385191442] [gazebo_track_car]: camera traffic-light green candidate ignored as non-lamp-shaped color patch; reason=aspect bbox=343x118px
[gazebo_track_car-2] [INFO] [1781167743.385600041] [gazebo_track_car]: camera traffic-light green candidate ignored as non-lamp-shaped color patch; reason=aspect bbox=327x69px
[gazebo_track_car-2] [INFO] [1781167743.437746491] [gazebo_track_car]: camera traffic-light green candidate ignored as non-lamp-shaped color patch; reason=aspect bbox=61x6px
[gazebo_track_car-2] [INFO] [1781167743.438068918] [gazebo_track_car]: camera traffic-light green candidate ignored as non-lamp-shaped color patch; reason=aspect bbox=110x25px
[gazebo_track_car-2] [INFO] [1781167743.438356098] [gazebo_track_car]: camera traffic-light green candidate ignored as non-lamp-shaped color patch; reason=aspect bbox=83x18px
[gazebo_track_car-2] [INFO] [1781167743.438557728] [gazebo_track_car]: camera traffic-light green candidate ignored as non-lamp-shaped color patch; reason=aspect bbox=359x118px
[gazebo_track_car-2] [INFO] [1781167743.438741133] [gazebo_track_car]: camera traffic-light green candidate ignored as non-lamp-shaped color patch; reason=aspect bbox=329x69px
[gazebo_track_car-2] [INFO] [1781167743.438977708] [gazebo_track_car]: camera traffic-light green candidate ignored as non-lamp-shaped color patch; reason=aspect bbox=17x7px
[gazebo_track_car-2] [INFO] [1781167743.464476186] [gazebo_track_car]: camera traffic-light green candidate ignored as non-lamp-shaped color patch; reason=aspect bbox=61x6px
[gazebo_track_car-2] [INFO] [1781167743.464873393] [gazebo_track_car]: camera traffic-light green candidate ignored as non-lamp-shaped color patch; reason=aspect bbox=117x25px
[gazebo_track_car-2] [INFO] [1781167743.465554044] [gazebo_track_car]: camera traffic-light green candidate ignored as non-lamp-shaped color patch; reason=aspect bbox=376x117px
[gazebo_track_car-2] [INFO] [1781167743.466005984] [gazebo_track_car]: camera traffic-light green candidate ignored as non-lamp-shaped color patch; reason=aspect bbox=85x18px
[gazebo_track_car-2] [INFO] [1781167743.466275271] [gazebo_track_car]: camera traffic-light green candidate ignored as non-lamp-shaped color patch; reason=aspect bbox=331x69px
[gazebo_track_car-2] [INFO] [1781167743.505659527] [gazebo_track_car]: camera traffic-light green candidate ignored as non-lamp-shaped color patch; reason=aspect bbox=61x6px
[gazebo_track_car-2] [INFO] [1781167743.505952859] [gazebo_track_car]: camera traffic-light green candidate ignored as non-lamp-shaped color patch; reason=aspect bbox=104x24px
[gazebo_track_car-2] [INFO] [1781167743.506168705] [gazebo_track_car]: camera traffic-light green candidate ignored as non-lamp-shaped color patch; reason=aspect bbox=395x117px
[gazebo_track_car-2] [INFO] [1781167743.506349385] [gazebo_track_car]: camera traffic-light green candidate ignored as non-lamp-shaped color patch; reason=aspect bbox=86x18px
[gazebo_track_car-2] [INFO] [1781167743.506526108] [gazebo_track_car]: camera traffic-light green candidate ignored as non-lamp-shaped color patch; reason=aspect bbox=8x3px
[gazebo_track_car-2] [INFO] [1781167743.506694565] [gazebo_track_car]: camera traffic-light green candidate ignored as non-lamp-shaped color patch; reason=aspect bbox=333x69px
[gazebo_track_car-2] [INFO] [1781167743.507066354] [gazebo_track_car]: camera traffic light is RED score=39.3 area=53px bbox=15x6px fill=0.59 center=(70,233)
[gazebo_track_car-2] [INFO] [1781167743.507286519] [gazebo_track_car]: camera traffic light ignored outside distance gate; state=red segment=flat_left_mid_to_mid_top_right_entry gate<=1.70m nearby_target=palette_traffic_light_02_yaw_180 dist=2.48m forward=2.24m lateral=1.07m area=53px bbox=15x6px center=(70,233)
[gazebo_track_car-2] [INFO] [1781167743.525808360] [gazebo_track_car]: camera traffic-light green candidate ignored as non-lamp-shaped color patch; reason=aspect bbox=61x6px
[gazebo_track_car-2] [INFO] [1781167743.526083598] [gazebo_track_car]: camera traffic-light green candidate ignored as non-lamp-shaped color patch; reason=aspect bbox=105x24px
[gazebo_track_car-2] [INFO] [1781167743.526265771] [gazebo_track_car]: camera traffic-light green candidate ignored as non-lamp-shaped color patch; reason=aspect bbox=89x19px
[gazebo_track_car-2] [INFO] [1781167743.526437594] [gazebo_track_car]: camera traffic-light green candidate ignored as non-lamp-shaped color patch; reason=aspect bbox=392x116px
[gazebo_track_car-2] [INFO] [1781167743.526621069] [gazebo_track_car]: camera traffic-light green candidate ignored as non-lamp-shaped color patch; reason=aspect bbox=335x69px
[gazebo_track_car-2] [INFO] [1781167743.562596701] [gazebo_track_car]: camera traffic-light green candidate ignored as non-lamp-shaped color patch; reason=aspect bbox=62x6px
[gazebo_track_car-2] [INFO] [1781167743.562894692] [gazebo_track_car]: camera traffic-light green candidate ignored as non-lamp-shaped color patch; reason=aspect bbox=106x24px
[gazebo_track_car-2] [INFO] [1781167743.563335942] [gazebo_track_car]: camera traffic-light green candidate ignored as non-lamp-shaped color patch; reason=aspect bbox=90x20px
[gazebo_track_car-2] [INFO] [1781167743.563548512] [gazebo_track_car]: camera traffic-light green candidate ignored as non-lamp-shaped color patch; reason=aspect bbox=389x116px
[gazebo_track_car-2] [INFO] [1781167743.563803972] [gazebo_track_car]: camera traffic-light green candidate ignored as non-lamp-shaped color patch; reason=aspect bbox=336x69px
[gazebo_track_car-2] [INFO] [1781167743.578828733] [gazebo_track_car]: camera traffic-light green candidate ignored as non-lamp-shaped color patch; reason=aspect bbox=62x6px
[gazebo_track_car-2] [INFO] [1781167743.579097790] [gazebo_track_car]: camera traffic-light green candidate ignored as non-lamp-shaped color patch; reason=aspect bbox=113x24px
[gazebo_track_car-2] [INFO] [1781167743.579312674] [gazebo_track_car]: camera traffic-light green candidate ignored as non-lamp-shaped color patch; reason=aspect bbox=92x20px
[gazebo_track_car-2] [INFO] [1781167743.579515736] [gazebo_track_car]: camera traffic-light green candidate ignored as non-lamp-shaped color patch; reason=aspect bbox=385x115px
[gazebo_track_car-2] [INFO] [1781167743.579692689] [gazebo_track_car]: camera traffic-light green candidate ignored as non-lamp-shaped color patch; reason=aspect bbox=338x69px
[gazebo_track_car-2] [INFO] [1781167743.631759710] [gazebo_track_car]: camera traffic-light green candidate ignored as non-lamp-shaped color patch; reason=aspect bbox=62x6px
[gazebo_track_car-2] [INFO] [1781167743.632054264] [gazebo_track_car]: camera traffic-light green candidate ignored as non-lamp-shaped color patch; reason=aspect bbox=99x23px
[gazebo_track_car-2] [INFO] [1781167743.632437636] [gazebo_track_car]: camera traffic-light green candidate ignored as non-lamp-shaped color patch; reason=aspect bbox=382x115px
[gazebo_track_car-2] [INFO] [1781167743.632693537] [gazebo_track_car]: camera traffic-light green candidate ignored as non-lamp-shaped color patch; reason=aspect bbox=10x3px
[gazebo_track_car-2] [INFO] [1781167743.633015844] [gazebo_track_car]: camera traffic-light green candidate ignored as non-lamp-shaped color patch; reason=aspect bbox=340x69px
[gazebo_track_car-2] [INFO] [1781167743.633417850] [gazebo_track_car]: camera traffic light is GREEN score=38.8 area=133px bbox=21x10px fill=0.63 center=(399,346)
[gazebo_track_car-2] [INFO] [1781167743.667149359] [gazebo_track_car]: camera traffic-light green candidate ignored as non-lamp-shaped color patch; reason=aspect bbox=63x6px
[gazebo_track_car-2] [INFO] [1781167743.667449164] [gazebo_track_car]: camera traffic-light green candidate ignored as non-lamp-shaped color patch; reason=aspect bbox=99x23px
[gazebo_track_car-2] [INFO] [1781167743.667649841] [gazebo_track_car]: camera traffic-light green candidate ignored as non-lamp-shaped color patch; reason=aspect bbox=378x114px
[gazebo_track_car-2] [INFO] [1781167743.667824961] [gazebo_track_car]: camera traffic-light green candidate ignored as non-lamp-shaped color patch; reason=aspect bbox=341x69px
[gazebo_track_car-2] [INFO] [1781167743.692016430] [gazebo_track_car]: camera traffic-light green candidate ignored as non-lamp-shaped color patch; reason=aspect bbox=63x6px
[gazebo_track_car-2] [INFO] [1781167743.692302970] [gazebo_track_car]: camera traffic-light green candidate ignored as non-lamp-shaped color patch; reason=aspect bbox=101x23px
[gazebo_track_car-2] [INFO] [1781167743.692493789] [gazebo_track_car]: camera traffic-light green candidate ignored as non-lamp-shaped color patch; reason=aspect bbox=374x113px
[gazebo_track_car-2] [INFO] [1781167743.692665893] [gazebo_track_car]: camera traffic-light green candidate ignored as non-lamp-shaped color patch; reason=aspect bbox=343x69px
[gazebo_track_car-2] [INFO] [1781167743.715271918] [gazebo_track_car]: camera traffic-light green candidate ignored as non-lamp-shaped color patch; reason=aspect bbox=63x6px
[gazebo_track_car-2] [INFO] [1781167743.716039833] [gazebo_track_car]: camera traffic-light green candidate ignored as non-lamp-shaped color patch; reason=aspect bbox=102x23px
[gazebo_track_car-2] [INFO] [1781167743.716286447] [gazebo_track_car]: camera traffic-light green candidate ignored as non-lamp-shaped color patch; reason=aspect bbox=372x113px
[gazebo_track_car-2] [INFO] [1781167743.716468790] [gazebo_track_car]: camera traffic-light green candidate ignored as non-lamp-shaped color patch; reason=aspect bbox=344x69px
[gazebo_track_car-2] [INFO] [1781167743.769303756] [gazebo_track_car]: camera traffic-light green candidate ignored as non-lamp-shaped color patch; reason=aspect bbox=63x6px
[gazebo_track_car-2] [INFO] [1781167743.769573423] [gazebo_track_car]: camera traffic-light green candidate ignored as non-lamp-shaped color patch; reason=aspect bbox=109x23px
[gazebo_track_car-2] [INFO] [1781167743.769758982] [gazebo_track_car]: camera traffic-light green candidate ignored as non-lamp-shaped color patch; reason=aspect bbox=368x112px
[gazebo_track_car-2] [INFO] [1781167743.769938189] [gazebo_track_car]: camera traffic-light green candidate ignored as non-lamp-shaped color patch; reason=aspect bbox=345x69px
[gazebo_track_car-2] [INFO] [1781167743.770268771] [gazebo_track_car]: camera traffic light is YELLOW score=61.5 area=144px bbox=19x13px fill=0.58 center=(346,383)
[gazebo_track_car-2] [INFO] [1781167743.770527719] [gazebo_track_car]: camera traffic light ignored outside distance gate; state=yellow segment=flat_left_mid_to_mid_top_right_entry gate<=1.70m nearby_target=palette_traffic_light_02_yaw_180 dist=2.43m forward=2.10m lateral=1.22m area=144px bbox=19x13px center=(346,383)
[gazebo_track_car-2] [INFO] [1781167743.791547389] [gazebo_track_car]: camera traffic-light green candidate ignored as non-lamp-shaped color patch; reason=aspect bbox=64x6px
[gazebo_track_car-2] [INFO] [1781167743.791870688] [gazebo_track_car]: camera traffic-light green candidate ignored as non-lamp-shaped color patch; reason=aspect bbox=109x23px
[gazebo_track_car-2] [INFO] [1781167743.793601705] [gazebo_track_car]: camera traffic-light green candidate ignored as non-lamp-shaped color patch; reason=aspect bbox=364x111px
[gazebo_track_car-2] [INFO] [1781167743.793921857] [gazebo_track_car]: camera traffic-light green candidate ignored as non-lamp-shaped color patch; reason=aspect bbox=347x69px
[gazebo_track_car-2] [INFO] [1781167743.794350073] [gazebo_track_car]: camera traffic light is GREEN score=53.9 area=184px bbox=25x11px fill=0.67 center=(384,355)
[gazebo_track_car-2] [INFO] [1781167743.798080081] [gazebo_track_car]: camera_sign=camera_sign_parking source=camera kind=parking_sign maneuver=parking score=0.32 area=960px bbox=32x30px center=(10,230)
[gazebo_track_car-2] [INFO] [1781167743.812743663] [gazebo_track_car]: camera traffic-light green candidate ignored as non-lamp-shaped color patch; reason=aspect bbox=64x6px
[gazebo_track_car-2] [INFO] [1781167743.813020464] [gazebo_track_car]: camera traffic-light green candidate ignored as non-lamp-shaped color patch; reason=aspect bbox=95x22px
[gazebo_track_car-2] [INFO] [1781167743.813221472] [gazebo_track_car]: camera traffic-light green candidate ignored as non-lamp-shaped color patch; reason=aspect bbox=360x110px
[gazebo_track_car-2] [INFO] [1781167743.813401891] [gazebo_track_car]: camera traffic-light green candidate ignored as non-lamp-shaped color patch; reason=aspect bbox=8x3px
[gazebo_track_car-2] [INFO] [1781167743.813574907] [gazebo_track_car]: camera traffic-light green candidate ignored as non-lamp-shaped color patch; reason=aspect bbox=348x69px
[gazebo_track_car-2] [INFO] [1781167743.816757095] [gazebo_track_car]: parking stub armed from camera sign camera_sign_parking; next_branch=1.52m
[gazebo_track_car-2] [INFO] [1781167743.850159505] [gazebo_track_car]: camera traffic-light green candidate ignored as non-lamp-shaped color patch; reason=aspect bbox=65x6px
[gazebo_track_car-2] [INFO] [1781167743.850471723] [gazebo_track_car]: camera traffic-light green candidate ignored as non-lamp-shaped color patch; reason=aspect bbox=96x22px
[gazebo_track_car-2] [INFO] [1781167743.850672641] [gazebo_track_car]: camera traffic-light green candidate ignored as non-lamp-shaped color patch; reason=aspect bbox=112x27px
[gazebo_track_car-2] [INFO] [1781167743.850851337] [gazebo_track_car]: camera traffic-light green candidate ignored as non-lamp-shaped color patch; reason=aspect bbox=355x109px
[gazebo_track_car-2] [INFO] [1781167743.851023030] [gazebo_track_car]: camera traffic-light green candidate ignored as non-lamp-shaped color patch; reason=aspect bbox=349x69px
[gazebo_track_car-2] [INFO] [1781167743.891665814] [gazebo_track_car]: camera traffic-light green candidate ignored as non-lamp-shaped color patch; reason=aspect bbox=65x6px
[gazebo_track_car-2] [INFO] [1781167743.891942094] [gazebo_track_car]: camera traffic-light green candidate ignored as non-lamp-shaped color patch; reason=aspect bbox=97x22px
[gazebo_track_car-2] [INFO] [1781167743.892123826] [gazebo_track_car]: camera traffic-light green candidate ignored as non-lamp-shaped color patch; reason=aspect bbox=115x28px
[gazebo_track_car-2] [INFO] [1781167743.892301049] [gazebo_track_car]: camera traffic-light green candidate ignored as non-lamp-shaped color patch; reason=aspect bbox=351x108px
[gazebo_track_car-2] [INFO] [1781167743.892474696] [gazebo_track_car]: camera traffic-light green candidate ignored as non-lamp-shaped color patch; reason=aspect bbox=351x69px
[gazebo_track_car-2] [INFO] [1781167743.918049388] [gazebo_track_car]: camera traffic-light green candidate ignored as non-lamp-shaped color patch; reason=aspect bbox=66x5px
[gazebo_track_car-2] [INFO] [1781167743.918334515] [gazebo_track_car]: camera traffic-light green candidate ignored as non-lamp-shaped color patch; reason=aspect bbox=97x22px
[gazebo_track_car-2] [INFO] [1781167743.918521136] [gazebo_track_car]: camera traffic-light green candidate ignored as non-lamp-shaped color patch; reason=aspect bbox=118x29px
[gazebo_track_car-2] [INFO] [1781167743.918696516] [gazebo_track_car]: camera traffic-light green candidate ignored as non-lamp-shaped color patch; reason=aspect bbox=346x107px
[gazebo_track_car-2] [INFO] [1781167743.918868620] [gazebo_track_car]: camera traffic-light green candidate ignored as non-lamp-shaped color patch; reason=aspect bbox=352x68px
[gazebo_track_car-2] [INFO] [1781167743.986625873] [gazebo_track_car]: camera traffic-light green candidate ignored as non-lamp-shaped color patch; reason=aspect bbox=65x6px
[gazebo_track_car-2] [INFO] [1781167743.986939843] [gazebo_track_car]: camera traffic-light green candidate ignored as non-lamp-shaped color patch; reason=aspect bbox=97x22px
[gazebo_track_car-2] [INFO] [1781167743.987170327] [gazebo_track_car]: camera traffic-light green candidate ignored as non-lamp-shaped color patch; reason=aspect bbox=123x30px
[gazebo_track_car-2] [INFO] [1781167743.987354985] [gazebo_track_car]: camera traffic-light green candidate ignored as non-lamp-shaped color patch; reason=aspect bbox=342x106px
[gazebo_track_car-2] [INFO] [1781167743.987528571] [gazebo_track_car]: camera traffic-light green candidate ignored as non-lamp-shaped color patch; reason=aspect bbox=352x68px
[gazebo_track_car-2] [INFO] [1781167743.995358244] [gazebo_track_car]: camera traffic-light green candidate ignored as non-lamp-shaped color patch; reason=aspect bbox=67x6px
[gazebo_track_car-2] [INFO] [1781167743.995639443] [gazebo_track_car]: camera traffic-light green candidate ignored as non-lamp-shaped color patch; reason=aspect bbox=99x22px
[gazebo_track_car-2] [INFO] [1781167743.995824621] [gazebo_track_car]: camera traffic-light green candidate ignored as non-lamp-shaped color patch; reason=aspect bbox=126x32px
[gazebo_track_car-2] [INFO] [1781167743.996027593] [gazebo_track_car]: camera traffic-light green candidate ignored as non-lamp-shaped color patch; reason=aspect bbox=337x105px
[gazebo_track_car-2] [INFO] [1781167743.996234583] [gazebo_track_car]: camera traffic-light green candidate ignored as non-lamp-shaped color patch; reason=aspect bbox=353x68px
[gazebo_track_car-2] [WARN] [1781167744.000713921] [gazebo_track_car]: JITTER events=31 reasons=speed_delta=0.129m/s pos=(+1.951,+0.588) step=0.0036/0.0000m yaw=0.005/0.000rad route=flat_left_mid_to_mid_top_right_entry
[gazebo_track_car-2] [INFO] [1781167744.016882817] [gazebo_track_car]: camera traffic-light green candidate ignored as non-lamp-shaped color patch; reason=aspect bbox=65x6px
[gazebo_track_car-2] [INFO] [1781167744.017650682] [gazebo_track_car]: camera traffic-light green candidate ignored as non-lamp-shaped color patch; reason=aspect bbox=105x22px
[gazebo_track_car-2] [INFO] [1781167744.018130395] [gazebo_track_car]: camera traffic-light green candidate ignored as non-lamp-shaped color patch; reason=aspect bbox=129x33px
[gazebo_track_car-2] [INFO] [1781167744.018552379] [gazebo_track_car]: camera traffic-light green candidate ignored as non-lamp-shaped color patch; reason=aspect bbox=332x104px
[gazebo_track_car-2] [INFO] [1781167744.019049765] [gazebo_track_car]: camera traffic-light green candidate ignored as non-lamp-shaped color patch; reason=aspect bbox=355x68px
[gazebo_track_car-2] [INFO] [1781167744.019291730] [gazebo_track_car]: camera traffic-light green candidate ignored as non-lamp-shaped color patch; reason=aspect bbox=34x14px
[gazebo_track_car-2] [INFO] [1781167744.048984424] [gazebo_track_car]: camera traffic-light green candidate ignored as non-lamp-shaped color patch; reason=aspect bbox=66x6px
[gazebo_track_car-2] [INFO] [1781167744.049408241] [gazebo_track_car]: camera traffic-light green candidate ignored as non-lamp-shaped color patch; reason=aspect bbox=105x22px
[gazebo_track_car-2] [INFO] [1781167744.049611474] [gazebo_track_car]: camera traffic-light green candidate ignored as non-lamp-shaped color patch; reason=aspect bbox=130x33px
[gazebo_track_car-2] [INFO] [1781167744.049787114] [gazebo_track_car]: camera traffic-light green candidate ignored as non-lamp-shaped color patch; reason=aspect bbox=331x104px
[gazebo_track_car-2] [INFO] [1781167744.049958918] [gazebo_track_car]: camera traffic-light green candidate ignored as non-lamp-shaped color patch; reason=aspect bbox=355x68px
[gazebo_track_car-2] [INFO] [1781167744.050404145] [gazebo_track_car]: camera traffic-light green candidate ignored as non-lamp-shaped color patch; reason=aspect bbox=34x14px
[gazebo_track_car-2] [INFO] [1781167744.092941018] [gazebo_track_car]: camera traffic-light green candidate ignored as non-lamp-shaped color patch; reason=aspect bbox=66x6px
[gazebo_track_car-2] [INFO] [1781167744.093245111] [gazebo_track_car]: camera traffic-light green candidate ignored as non-lamp-shaped color patch; reason=aspect bbox=105x22px
[gazebo_track_car-2] [INFO] [1781167744.093435198] [gazebo_track_car]: camera traffic-light green candidate ignored as non-lamp-shaped color patch; reason=aspect bbox=130x33px
[gazebo_track_car-2] [INFO] [1781167744.093617902] [gazebo_track_car]: camera traffic-light green candidate ignored as non-lamp-shaped color patch; reason=aspect bbox=331x104px
[gazebo_track_car-2] [INFO] [1781167744.093800546] [gazebo_track_car]: camera traffic-light green candidate ignored as non-lamp-shaped color patch; reason=aspect bbox=355x68px
[gazebo_track_car-2] [INFO] [1781167744.093988239] [gazebo_track_car]: camera traffic-light green candidate ignored as non-lamp-shaped color patch; reason=aspect bbox=34x14px
[gazebo_track_car-2] [INFO] [1781167744.125059377] [gazebo_track_car]: camera traffic-light green candidate ignored as non-lamp-shaped color patch; reason=aspect bbox=66x6px
[gazebo_track_car-2] [INFO] [1781167744.125352178] [gazebo_track_car]: camera traffic-light green candidate ignored as non-lamp-shaped color patch; reason=aspect bbox=104x22px
[gazebo_track_car-2] [INFO] [1781167744.125567353] [gazebo_track_car]: camera traffic-light green candidate ignored as non-lamp-shaped color patch; reason=aspect bbox=130x33px
[gazebo_track_car-2] [INFO] [1781167744.125752491] [gazebo_track_car]: camera traffic-light green candidate ignored as non-lamp-shaped color patch; reason=aspect bbox=331x104px
[gazebo_track_car-2] [INFO] [1781167744.125923553] [gazebo_track_car]: camera traffic-light green candidate ignored as non-lamp-shaped color patch; reason=aspect bbox=355x68px
[gazebo_track_car-2] [INFO] [1781167744.161865637] [gazebo_track_car]: camera traffic-light green candidate ignored as non-lamp-shaped color patch; reason=aspect bbox=68x6px
[gazebo_track_car-2] [INFO] [1781167744.162146395] [gazebo_track_car]: camera traffic-light green candidate ignored as non-lamp-shaped color patch; reason=aspect bbox=105x22px
[gazebo_track_car-2] [INFO] [1781167744.162331474] [gazebo_track_car]: camera traffic-light green candidate ignored as non-lamp-shaped color patch; reason=aspect bbox=133x34px
[gazebo_track_car-2] [INFO] [1781167744.162516011] [gazebo_track_car]: camera traffic-light green candidate ignored as non-lamp-shaped color patch; reason=aspect bbox=327x103px
[gazebo_track_car-2] [INFO] [1781167744.162690629] [gazebo_track_car]: camera traffic-light green candidate ignored as non-lamp-shaped color patch; reason=aspect bbox=355x67px
[gazebo_track_car-2] [INFO] [1781167744.184993166] [gazebo_track_car]: camera traffic-light green candidate ignored as non-lamp-shaped color patch; reason=aspect bbox=68x6px
[gazebo_track_car-2] [INFO] [1781167744.185285896] [gazebo_track_car]: camera traffic-light green candidate ignored as non-lamp-shaped color patch; reason=aspect bbox=105x22px
[gazebo_track_car-2] [INFO] [1781167744.185474862] [gazebo_track_car]: camera traffic-light green candidate ignored as non-lamp-shaped color patch; reason=aspect bbox=138x36px
[gazebo_track_car-2] [INFO] [1781167744.185652566] [gazebo_track_car]: camera traffic-light green candidate ignored as non-lamp-shaped color patch; reason=aspect bbox=322x101px
[gazebo_track_car-2] [INFO] [1781167744.185830211] [gazebo_track_car]: camera traffic-light green candidate ignored as non-lamp-shaped color patch; reason=aspect bbox=355x67px
[gazebo_track_car-2] [INFO] [1781167744.189211624] [gazebo_track_car]: camera_sign=camera_sign_turn_right source=camera kind=turn_right_sign maneuver=right score=0.51 area=2108px bbox=68x31px center=(24,232)
[gazebo_track_car-2] [INFO] [1781167744.217151389] [gazebo_track_car]: camera traffic-light green candidate ignored as non-lamp-shaped color patch; reason=aspect bbox=69x6px
[gazebo_track_car-2] [INFO] [1781167744.217466242] [gazebo_track_car]: camera traffic-light green candidate ignored as non-lamp-shaped color patch; reason=aspect bbox=105x22px
[gazebo_track_car-2] [INFO] [1781167744.217668362] [gazebo_track_car]: camera traffic-light green candidate ignored as non-lamp-shaped color patch; reason=aspect bbox=142x38px
[gazebo_track_car-2] [INFO] [1781167744.217946896] [gazebo_track_car]: camera traffic-light green candidate ignored as non-lamp-shaped color patch; reason=aspect bbox=316x100px
[gazebo_track_car-2] [INFO] [1781167744.218245468] [gazebo_track_car]: camera traffic-light green candidate ignored as non-lamp-shaped color patch; reason=aspect bbox=355x67px
[gazebo_track_car-2] [INFO] [1781167744.218489648] [gazebo_track_car]: camera traffic-light green candidate ignored as non-lamp-shaped color patch; reason=aspect bbox=38x14px
[gazebo_track_car-2] [INFO] [1781167744.259969893] [gazebo_track_car]: camera traffic-light green candidate ignored as non-lamp-shaped color patch; reason=aspect bbox=68x6px
[gazebo_track_car-2] [INFO] [1781167744.260261361] [gazebo_track_car]: camera traffic-light green candidate ignored as non-lamp-shaped color patch; reason=aspect bbox=105x22px
[gazebo_track_car-2] [INFO] [1781167744.260485062] [gazebo_track_car]: camera traffic-light green candidate ignored as non-lamp-shaped color patch; reason=aspect bbox=148x39px
[gazebo_track_car-2] [INFO] [1781167744.260684187] [gazebo_track_car]: camera traffic-light green candidate ignored as non-lamp-shaped color patch; reason=aspect bbox=310x98px
[gazebo_track_car-2] [INFO] [1781167744.261018726] [gazebo_track_car]: camera traffic-light green candidate ignored as non-lamp-shaped color patch; reason=aspect bbox=356x66px
[gazebo_track_car-2] [INFO] [1781167744.261258928] [gazebo_track_car]: camera traffic-light green candidate ignored as non-lamp-shaped color patch; reason=aspect bbox=40x11px
[gazebo_track_car-2] [INFO] [1781167744.261521082] [gazebo_track_car]: camera traffic light is YELLOW score=630.1 area=1173px bbox=80x29px fill=0.51 center=(363,369)
[gazebo_track_car-2] [INFO] [1781167744.283722959] [gazebo_track_car]: camera traffic-light green candidate ignored as non-lamp-shaped color patch; reason=aspect bbox=69x6px
[gazebo_track_car-2] [INFO] [1781167744.284005099] [gazebo_track_car]: camera traffic-light green candidate ignored as non-lamp-shaped color patch; reason=aspect bbox=105x22px
[gazebo_track_car-2] [INFO] [1781167744.284192943] [gazebo_track_car]: camera traffic-light green candidate ignored as non-lamp-shaped color patch; reason=aspect bbox=153x42px
[gazebo_track_car-2] [INFO] [1781167744.284365668] [gazebo_track_car]: camera traffic-light green candidate ignored as non-lamp-shaped color patch; reason=aspect bbox=303x97px
[gazebo_track_car-2] [INFO] [1781167744.284534946] [gazebo_track_car]: camera traffic-light green candidate ignored as non-lamp-shaped color patch; reason=aspect bbox=356x66px
[gazebo_track_car-2] [INFO] [1781167744.285028134] [gazebo_track_car]: camera traffic-light green candidate ignored as non-lamp-shaped color patch; reason=aspect bbox=42x8px
[gazebo_track_car-2] [INFO] [1781167744.288464952] [gazebo_track_car]: camera sign action allowed by route branch context; detected=turn_right_sign sign=camera_sign_turn_right next_branch=1.42m area=775px matching 3D sign is not route-adjacent
[gazebo_track_car-2] [INFO] [1781167744.317692681] [gazebo_track_car]: camera traffic-light green candidate ignored as non-lamp-shaped color patch; reason=aspect bbox=69x6px
[gazebo_track_car-2] [INFO] [1781167744.317970845] [gazebo_track_car]: camera traffic-light green candidate ignored as non-lamp-shaped color patch; reason=aspect bbox=105x22px
[gazebo_track_car-2] [INFO] [1781167744.318155151] [gazebo_track_car]: camera traffic-light green candidate ignored as non-lamp-shaped color patch; reason=aspect bbox=158x43px
[gazebo_track_car-2] [INFO] [1781167744.318370256] [gazebo_track_car]: camera traffic-light green candidate ignored as non-lamp-shaped color patch; reason=aspect bbox=296x95px
[gazebo_track_car-2] [INFO] [1781167744.318638060] [gazebo_track_car]: camera traffic-light green candidate ignored as non-lamp-shaped color patch; reason=aspect bbox=356x65px
[gazebo_track_car-2] [INFO] [1781167744.319159992] [gazebo_track_car]: camera traffic-light green candidate ignored as non-lamp-shaped color patch; reason=aspect bbox=44x6px
[gazebo_track_car-2] [INFO] [1781167744.355126502] [gazebo_track_car]: camera traffic-light green candidate ignored as non-lamp-shaped color patch; reason=aspect bbox=69x7px
[gazebo_track_car-2] [INFO] [1781167744.356104853] [gazebo_track_car]: camera traffic-light green candidate ignored as non-lamp-shaped color patch; reason=aspect bbox=105x22px
[gazebo_track_car-2] [INFO] [1781167744.356352719] [gazebo_track_car]: camera traffic-light green candidate ignored as non-lamp-shaped color patch; reason=aspect bbox=164x45px
[gazebo_track_car-2] [INFO] [1781167744.356958880] [gazebo_track_car]: camera traffic-light green candidate ignored as non-lamp-shaped color patch; reason=aspect bbox=289x94px
[gazebo_track_car-2] [INFO] [1781167744.357212207] [gazebo_track_car]: camera traffic-light green candidate ignored as non-lamp-shaped color patch; reason=aspect bbox=356x65px
[gazebo_track_car-2] [INFO] [1781167744.357413245] [gazebo_track_car]: camera traffic-light green candidate ignored as non-lamp-shaped color patch; reason=aspect bbox=32x2px
[gazebo_track_car-2] [INFO] [1781167744.398721526] [gazebo_track_car]: camera traffic-light green candidate ignored as non-lamp-shaped color patch; reason=aspect bbox=69x7px
[gazebo_track_car-2] [INFO] [1781167744.399039354] [gazebo_track_car]: camera traffic-light green candidate ignored as non-lamp-shaped color patch; reason=aspect bbox=105x22px
[gazebo_track_car-2] [INFO] [1781167744.399314342] [gazebo_track_car]: camera traffic-light green candidate ignored as non-lamp-shaped color patch; reason=aspect bbox=170x48px
[gazebo_track_car-2] [INFO] [1781167744.399516873] [gazebo_track_car]: camera traffic-light green candidate ignored as non-lamp-shaped color patch; reason=aspect bbox=268x92px
[gazebo_track_car-2] [INFO] [1781167744.399711639] [gazebo_track_car]: camera traffic-light green candidate ignored as non-lamp-shaped color patch; reason=aspect bbox=356x64px
[gazebo_track_car-2] [INFO] [1781167744.427174808] [gazebo_track_car]: camera traffic-light green candidate ignored as non-lamp-shaped color patch; reason=aspect bbox=70x7px
[gazebo_track_car-2] [INFO] [1781167744.427461337] [gazebo_track_car]: camera traffic-light green candidate ignored as non-lamp-shaped color patch; reason=aspect bbox=104x22px
[gazebo_track_car-2] [INFO] [1781167744.427647587] [gazebo_track_car]: camera traffic-light green candidate ignored as non-lamp-shaped color patch; reason=aspect bbox=177x51px
[gazebo_track_car-2] [INFO] [1781167744.427819531] [gazebo_track_car]: camera traffic-light green candidate ignored as non-lamp-shaped color patch; reason=aspect bbox=260x90px
[gazebo_track_car-2] [INFO] [1781167744.428082997] [gazebo_track_car]: camera traffic-light green candidate ignored as non-lamp-shaped color patch; reason=aspect bbox=356x64px
[gazebo_track_car-2] [INFO] [1781167744.465841668] [gazebo_track_car]: camera traffic-light green candidate ignored as non-lamp-shaped color patch; reason=aspect bbox=71x6px
[gazebo_track_car-2] [INFO] [1781167744.466120733] [gazebo_track_car]: camera traffic-light green candidate ignored as non-lamp-shaped color patch; reason=aspect bbox=97x22px
[gazebo_track_car-2] [INFO] [1781167744.466421449] [gazebo_track_car]: camera traffic-light green candidate ignored as non-lamp-shaped color patch; reason=aspect bbox=184x53px
[gazebo_track_car-2] [INFO] [1781167744.466670668] [gazebo_track_car]: camera traffic-light green candidate ignored as non-lamp-shaped color patch; reason=aspect bbox=252x88px
[gazebo_track_car-2] [INFO] [1781167744.467402856] [gazebo_track_car]: camera traffic-light green candidate ignored as non-lamp-shaped color patch; reason=aspect bbox=355x63px
[gazebo_track_car-2] [INFO] [1781167744.472524584] [gazebo_track_car]: camera traffic light lost for 0.2s.
[gazebo_track_car-2] [INFO] [1781167744.501341159] [gazebo_track_car]: camera traffic-light green candidate ignored as non-lamp-shaped color patch; reason=aspect bbox=71x6px
[gazebo_track_car-2] [INFO] [1781167744.501610085] [gazebo_track_car]: camera traffic-light green candidate ignored as non-lamp-shaped color patch; reason=aspect bbox=97x22px
[gazebo_track_car-2] [INFO] [1781167744.501994980] [gazebo_track_car]: camera traffic-light green candidate ignored as non-lamp-shaped color patch; reason=aspect bbox=191x55px
[gazebo_track_car-2] [INFO] [1781167744.502247776] [gazebo_track_car]: camera traffic-light green candidate ignored as non-lamp-shaped color patch; reason=aspect bbox=243x86px
[gazebo_track_car-2] [INFO] [1781167744.502440248] [gazebo_track_car]: camera traffic-light green candidate ignored as non-lamp-shaped color patch; reason=aspect bbox=355x62px
[gazebo_track_car-2] [INFO] [1781167744.533796782] [gazebo_track_car]: camera traffic-light green candidate ignored as non-lamp-shaped color patch; reason=aspect bbox=70x6px
[gazebo_track_car-2] [INFO] [1781167744.534116474] [gazebo_track_car]: camera traffic-light green candidate ignored as non-lamp-shaped color patch; reason=aspect bbox=96x22px
[gazebo_track_car-2] [INFO] [1781167744.534302363] [gazebo_track_car]: camera traffic-light green candidate ignored as non-lamp-shaped color patch; reason=aspect bbox=199x58px
[gazebo_track_car-2] [INFO] [1781167744.534637143] [gazebo_track_car]: camera traffic-light green candidate ignored as non-lamp-shaped color patch; reason=aspect bbox=234x83px
[gazebo_track_car-2] [INFO] [1781167744.534882555] [gazebo_track_car]: camera traffic-light green candidate ignored as non-lamp-shaped color patch; reason=aspect bbox=355x62px
[gazebo_track_car-2] [INFO] [1781167744.556760113] [gazebo_track_car]: camera traffic-light green candidate ignored as non-lamp-shaped color patch; reason=aspect bbox=72x6px
[gazebo_track_car-2] [INFO] [1781167744.557058234] [gazebo_track_car]: camera traffic-light green candidate ignored as non-lamp-shaped color patch; reason=aspect bbox=105x23px
[gazebo_track_car-2] [INFO] [1781167744.557505636] [gazebo_track_car]: camera traffic-light green candidate ignored as non-lamp-shaped color patch; reason=aspect bbox=207x62px
[gazebo_track_car-2] [INFO] [1781167744.558076560] [gazebo_track_car]: camera traffic-light green candidate ignored as non-lamp-shaped color patch; reason=aspect bbox=224x81px
[gazebo_track_car-2] [INFO] [1781167744.558334496] [gazebo_track_car]: camera traffic-light green candidate ignored as non-lamp-shaped color patch; reason=aspect bbox=354x61px
[gazebo_track_car-2] [INFO] [1781167744.558557115] [gazebo_track_car]: camera traffic light is RED score=70.8 area=82px bbox=8x14px fill=0.73 center=(316,210)
[gazebo_track_car-2] [INFO] [1781167744.559194995] [gazebo_track_car]: camera traffic light ignored outside distance gate; state=red segment=flat_left_mid_to_mid_top_right_entry gate<=1.70m nearby_target=palette_traffic_light_02_yaw_180 dist=2.28m forward=1.75m lateral=1.46m area=82px bbox=8x14px center=(316,210)
[gazebo_track_car-2] [INFO] [1781167744.602687617] [gazebo_track_car]: camera traffic-light green candidate ignored as non-lamp-shaped color patch; reason=aspect bbox=71x6px
[gazebo_track_car-2] [INFO] [1781167744.603749645] [gazebo_track_car]: camera traffic-light green candidate ignored as non-lamp-shaped color patch; reason=aspect bbox=107x23px
[gazebo_track_car-2] [INFO] [1781167744.604349343] [gazebo_track_car]: camera traffic-light green candidate ignored as non-lamp-shaped color patch; reason=aspect bbox=217x65px
[gazebo_track_car-2] [INFO] [1781167744.604848473] [gazebo_track_car]: camera traffic-light green candidate ignored as non-lamp-shaped color patch; reason=aspect bbox=213x78px
[gazebo_track_car-2] [INFO] [1781167744.605471495] [gazebo_track_car]: camera traffic-light green candidate ignored as non-lamp-shaped color patch; reason=aspect bbox=354x60px
[gazebo_track_car-2] [INFO] [1781167744.622592702] [gazebo_track_car]: camera traffic-light green candidate ignored as non-lamp-shaped color patch; reason=aspect bbox=73x6px
[gazebo_track_car-2] [INFO] [1781167744.623327094] [gazebo_track_car]: camera traffic-light green candidate ignored as non-lamp-shaped color patch; reason=aspect bbox=108x23px
[gazebo_track_car-2] [INFO] [1781167744.623745100] [gazebo_track_car]: camera traffic-light green candidate ignored as non-lamp-shaped color patch; reason=aspect bbox=226x69px
[gazebo_track_car-2] [INFO] [1781167744.624077846] [gazebo_track_car]: camera traffic-light green candidate ignored as non-lamp-shaped color patch; reason=aspect bbox=202x75px
[gazebo_track_car-2] [INFO] [1781167744.624541659] [gazebo_track_car]: camera traffic-light green candidate ignored as non-lamp-shaped color patch; reason=aspect bbox=353x60px
[gazebo_track_car-2] [INFO] [1781167744.669989068] [gazebo_track_car]: camera traffic-light green candidate ignored as non-lamp-shaped color patch; reason=aspect bbox=72x7px
[gazebo_track_car-2] [INFO] [1781167744.671115708] [gazebo_track_car]: camera traffic-light green candidate ignored as non-lamp-shaped color patch; reason=aspect bbox=109x23px
[gazebo_track_car-2] [INFO] [1781167744.671811337] [gazebo_track_car]: camera traffic-light green candidate ignored as non-lamp-shaped color patch; reason=aspect bbox=238x73px
[gazebo_track_car-2] [INFO] [1781167744.672261775] [gazebo_track_car]: camera traffic-light green candidate ignored as non-lamp-shaped color patch; reason=aspect bbox=190x71px
[gazebo_track_car-2] [INFO] [1781167744.672784568] [gazebo_track_car]: camera traffic-light green candidate ignored as non-lamp-shaped color patch; reason=aspect bbox=352x59px
[gazebo_track_car-2] [INFO] [1781167744.692114071] [gazebo_track_car]: camera traffic-light green candidate ignored as non-lamp-shaped color patch; reason=aspect bbox=73x7px
[gazebo_track_car-2] [INFO] [1781167744.692432180] [gazebo_track_car]: camera traffic-light green candidate ignored as non-lamp-shaped color patch; reason=aspect bbox=108x23px
[gazebo_track_car-2] [INFO] [1781167744.693132778] [gazebo_track_car]: camera traffic-light green candidate ignored as non-lamp-shaped color patch; reason=aspect bbox=248x77px
[gazebo_track_car-2] [INFO] [1781167744.693388209] [gazebo_track_car]: camera traffic-light green candidate ignored as non-lamp-shaped color patch; reason=aspect bbox=177x68px
[gazebo_track_car-2] [INFO] [1781167744.693606990] [gazebo_track_car]: camera traffic-light green candidate ignored as non-lamp-shaped color patch; reason=aspect bbox=351x58px
[gazebo_track_car-2] [INFO] [1781167744.747238540] [gazebo_track_car]: camera traffic-light green candidate ignored as non-lamp-shaped color patch; reason=aspect bbox=73x7px
[gazebo_track_car-2] [INFO] [1781167744.747542472] [gazebo_track_car]: camera traffic-light green candidate ignored as non-lamp-shaped color patch; reason=aspect bbox=108x23px
[gazebo_track_car-2] [INFO] [1781167744.747739553] [gazebo_track_car]: camera traffic-light green candidate ignored as non-lamp-shaped color patch; reason=aspect bbox=260x81px
[gazebo_track_car-2] [INFO] [1781167744.747937655] [gazebo_track_car]: camera traffic-light green candidate ignored as non-lamp-shaped color patch; reason=aspect bbox=164x64px
[gazebo_track_car-2] [INFO] [1781167744.748174080] [gazebo_track_car]: camera traffic-light green candidate ignored as non-lamp-shaped color patch; reason=aspect bbox=350x57px
[gazebo_track_car-2] [INFO] [1781167744.761092669] [gazebo_track_car]: camera traffic-light green candidate ignored as non-lamp-shaped color patch; reason=aspect bbox=73x7px
[gazebo_track_car-2] [INFO] [1781167744.761869501] [gazebo_track_car]: camera traffic-light green candidate ignored as non-lamp-shaped color patch; reason=aspect bbox=109x23px
[gazebo_track_car-2] [INFO] [1781167744.762313156] [gazebo_track_car]: camera traffic-light green candidate ignored as non-lamp-shaped color patch; reason=aspect bbox=275x87px
[gazebo_track_car-2] [INFO] [1781167744.762607349] [gazebo_track_car]: camera traffic-light green candidate ignored as non-lamp-shaped color patch; reason=aspect bbox=147x59px
[gazebo_track_car-2] [INFO] [1781167744.762878389] [gazebo_track_car]: camera traffic-light green candidate ignored as non-lamp-shaped color patch; reason=aspect bbox=349x56px
[gazebo_track_car-2] [INFO] [1781167744.798455176] [gazebo_track_car]: camera traffic-light green candidate ignored as non-lamp-shaped color patch; reason=aspect bbox=75x7px
[gazebo_track_car-2] [INFO] [1781167744.798728370] [gazebo_track_car]: camera traffic-light green candidate ignored as non-lamp-shaped color patch; reason=aspect bbox=109x24px
[gazebo_track_car-2] [INFO] [1781167744.798913618] [gazebo_track_car]: camera traffic-light green candidate ignored as non-lamp-shaped color patch; reason=aspect bbox=288x92px
[gazebo_track_car-2] [INFO] [1781167744.799283735] [gazebo_track_car]: camera traffic-light green candidate ignored as non-lamp-shaped color patch; reason=aspect bbox=348x56px
[gazebo_track_car-2] [INFO] [1781167744.799603877] [gazebo_track_car]: camera traffic light is GREEN score=1657.2 area=5193px bbox=131x55px fill=0.72 center=(67,366)
[gazebo_track_car-2] [INFO] [1781167744.803232725] [gazebo_track_car]: camera speed-limit candidate ignored as solid red lamp-like blob; segment=flat_left_mid_to_mid_top_right_entry component_bbox=21x16px red_fill=0.83
[gazebo_track_car-2] [INFO] [1781167744.832937330] [gazebo_track_car]: camera traffic-light green candidate ignored as non-lamp-shaped color patch; reason=aspect bbox=74x7px
[gazebo_track_car-2] [INFO] [1781167744.833235812] [gazebo_track_car]: camera traffic-light green candidate ignored as non-lamp-shaped color patch; reason=aspect bbox=110x24px
[gazebo_track_car-2] [INFO] [1781167744.833423535] [gazebo_track_car]: camera traffic-light green candidate ignored as non-lamp-shaped color patch; reason=aspect bbox=304x97px
[gazebo_track_car-2] [INFO] [1781167744.833597002] [gazebo_track_car]: camera traffic-light green candidate ignored as non-lamp-shaped color patch; reason=aspect bbox=347x55px
[gazebo_track_car-2] [INFO] [1781167744.836793006] [gazebo_track_car]: camera speed-limit candidate ignored as solid red lamp-like blob; segment=flat_left_mid_to_mid_top_right_entry component_bbox=22x17px red_fill=0.78
[gazebo_track_car-2] [INFO] [1781167744.867434065] [gazebo_track_car]: camera traffic-light green candidate ignored as non-lamp-shaped color patch; reason=aspect bbox=74x7px
[gazebo_track_car-2] [INFO] [1781167744.867717237] [gazebo_track_car]: camera traffic-light green candidate ignored as non-lamp-shaped color patch; reason=aspect bbox=113x24px
[gazebo_track_car-2] [INFO] [1781167744.867903077] [gazebo_track_car]: camera traffic-light green candidate ignored as non-lamp-shaped color patch; reason=aspect bbox=322x105px
[gazebo_track_car-2] [INFO] [1781167744.868076353] [gazebo_track_car]: camera traffic-light green candidate ignored as non-lamp-shaped color patch; reason=aspect bbox=346x54px
[gazebo_track_car-2] [INFO] [1781167744.871320347] [gazebo_track_car]: camera speed-limit candidate ignored as solid red lamp-like blob; segment=flat_left_mid_to_mid_top_right_entry component_bbox=22x18px red_fill=0.77
[gazebo_track_car-2] [INFO] [1781167744.889502131] [gazebo_track_car]: camera traffic-light green candidate ignored as non-lamp-shaped color patch; reason=aspect bbox=76x7px
[gazebo_track_car-2] [INFO] [1781167744.890285445] [gazebo_track_car]: camera traffic-light green candidate ignored as non-lamp-shaped color patch; reason=aspect bbox=112x24px
[gazebo_track_car-2] [INFO] [1781167744.890532740] [gazebo_track_car]: camera traffic-light green candidate ignored as non-lamp-shaped color patch; reason=aspect bbox=342x107px
[gazebo_track_car-2] [INFO] [1781167744.890893008] [gazebo_track_car]: camera traffic-light green candidate ignored as non-lamp-shaped color patch; reason=aspect bbox=345x53px
[gazebo_track_car-2] [INFO] [1781167744.891561236] [gazebo_track_car]: camera traffic light is RED score=255.2 area=287px bbox=21x17px fill=0.80 center=(291,207)
[gazebo_track_car-2] [INFO] [1781167744.919970595] [gazebo_track_car]: camera traffic-light green candidate ignored as non-lamp-shaped color patch; reason=aspect bbox=112x25px
[gazebo_track_car-2] [INFO] [1781167744.920292480] [gazebo_track_car]: camera traffic-light green candidate ignored as non-lamp-shaped color patch; reason=aspect bbox=77x7px
[gazebo_track_car-2] [INFO] [1781167744.920719073] [gazebo_track_car]: camera traffic-light green candidate ignored as non-lamp-shaped color patch; reason=aspect bbox=363x107px
[gazebo_track_car-2] [INFO] [1781167744.920916775] [gazebo_track_car]: camera traffic-light green candidate ignored as non-lamp-shaped color patch; reason=aspect bbox=343x52px
[gazebo_track_car-2] [INFO] [1781167744.952754546] [gazebo_track_car]: camera traffic-light green candidate ignored as non-lamp-shaped color patch; reason=aspect bbox=112x25px
[gazebo_track_car-2] [INFO] [1781167744.953037458] [gazebo_track_car]: camera traffic-light green candidate ignored as non-lamp-shaped color patch; reason=aspect bbox=76x7px
[gazebo_track_car-2] [INFO] [1781167744.953222045] [gazebo_track_car]: camera traffic-light green candidate ignored as non-lamp-shaped color patch; reason=aspect bbox=387x107px
[gazebo_track_car-2] [INFO] [1781167744.953398497] [gazebo_track_car]: camera traffic-light green candidate ignored as non-lamp-shaped color patch; reason=aspect bbox=342x51px
[gazebo_track_car-2] [INFO] [1781167744.999701372] [gazebo_track_car]: camera traffic-light green candidate ignored as non-lamp-shaped color patch; reason=aspect bbox=77x7px
[gazebo_track_car-2] [INFO] [1781167744.999996487] [gazebo_track_car]: camera traffic-light green candidate ignored as non-lamp-shaped color patch; reason=aspect bbox=114x24px
[gazebo_track_car-2] [INFO] [1781167745.000182607] [gazebo_track_car]: camera traffic-light green candidate ignored as non-lamp-shaped color patch; reason=aspect bbox=414x106px
[gazebo_track_car-2] [INFO] [1781167745.000358388] [gazebo_track_car]: camera traffic-light green candidate ignored as non-lamp-shaped color patch; reason=aspect bbox=340x50px
[gazebo_track_car-2] [INFO] [1781167745.034676825] [gazebo_track_car]: camera traffic-light green candidate ignored as non-lamp-shaped color patch; reason=aspect bbox=76x7px
[gazebo_track_car-2] [INFO] [1781167745.034960268] [gazebo_track_car]: camera traffic-light green candidate ignored as non-lamp-shaped color patch; reason=aspect bbox=116x24px
[gazebo_track_car-2] [INFO] [1781167745.035145196] [gazebo_track_car]: camera traffic-light green candidate ignored as non-lamp-shaped color patch; reason=aspect bbox=437x106px
[gazebo_track_car-2] [INFO] [1781167745.035317771] [gazebo_track_car]: camera traffic-light green candidate ignored as non-lamp-shaped color patch; reason=aspect bbox=339x49px
[gazebo_track_car-2] [INFO] [1781167745.066370287] [gazebo_track_car]: camera traffic-light green candidate ignored as non-lamp-shaped color patch; reason=aspect bbox=76x7px
[gazebo_track_car-2] [INFO] [1781167745.066685340] [gazebo_track_car]: camera traffic-light green candidate ignored as non-lamp-shaped color patch; reason=aspect bbox=115x25px
[gazebo_track_car-2] [INFO] [1781167745.066887050] [gazebo_track_car]: camera traffic-light green candidate ignored as non-lamp-shaped color patch; reason=aspect bbox=437x106px
[gazebo_track_car-2] [INFO] [1781167745.067108467] [gazebo_track_car]: camera traffic-light green candidate ignored as non-lamp-shaped color patch; reason=aspect bbox=337x48px
[gazebo_track_car-2] [INFO] [1781167745.110518539] [gazebo_track_car]: camera traffic-light green candidate ignored as non-lamp-shaped color patch; reason=aspect bbox=77x7px
[gazebo_track_car-2] [INFO] [1781167745.110792023] [gazebo_track_car]: camera traffic-light green candidate ignored as non-lamp-shaped color patch; reason=aspect bbox=115x25px
[gazebo_track_car-2] [INFO] [1781167745.110975428] [gazebo_track_car]: camera traffic-light green candidate ignored as non-lamp-shaped color patch; reason=aspect bbox=436x106px
[gazebo_track_car-2] [INFO] [1781167745.111148745] [gazebo_track_car]: camera traffic-light green candidate ignored as non-lamp-shaped color patch; reason=aspect bbox=335x47px
[gazebo_track_car-2] [INFO] [1781167745.122254724] [gazebo_track_car]: camera traffic-light green candidate ignored as non-lamp-shaped color patch; reason=aspect bbox=77x7px
[gazebo_track_car-2] [INFO] [1781167745.123115824] [gazebo_track_car]: camera traffic-light green candidate ignored as non-lamp-shaped color patch; reason=aspect bbox=116x25px
[gazebo_track_car-2] [INFO] [1781167745.123363510] [gazebo_track_car]: camera traffic-light green candidate ignored as non-lamp-shaped color patch; reason=aspect bbox=436x105px
[gazebo_track_car-2] [INFO] [1781167745.123548528] [gazebo_track_car]: camera traffic-light green candidate ignored as non-lamp-shaped color patch; reason=aspect bbox=333x46px
[gazebo_track_car-2] [INFO] [1781167745.127614710] [gazebo_track_car]: camera_sign=camera_sign_turn_right source=camera kind=turn_right_sign maneuver=right score=0.48 area=864px bbox=18x48px center=(4,175)
[gazebo_track_car-2] [INFO] [1781167745.157586574] [gazebo_track_car]: camera traffic-light green candidate ignored as non-lamp-shaped color patch; reason=aspect bbox=80x8px
[gazebo_track_car-2] [INFO] [1781167745.157880757] [gazebo_track_car]: camera traffic-light green candidate ignored as non-lamp-shaped color patch; reason=aspect bbox=118x25px
[gazebo_track_car-2] [INFO] [1781167745.158071757] [gazebo_track_car]: camera traffic-light green candidate ignored as non-lamp-shaped color patch; reason=aspect bbox=436x105px
[gazebo_track_car-2] [INFO] [1781167745.158383533] [gazebo_track_car]: camera traffic-light green candidate ignored as non-lamp-shaped color patch; reason=aspect bbox=331x44px
[gazebo_track_car-2] [INFO] [1781167745.201620198] [gazebo_track_car]: camera traffic-light green candidate ignored as non-lamp-shaped color patch; reason=aspect bbox=80x8px
[gazebo_track_car-2] [INFO] [1781167745.201976669] [gazebo_track_car]: camera traffic-light green candidate ignored as non-lamp-shaped color patch; reason=aspect bbox=118x26px
[gazebo_track_car-2] [INFO] [1781167745.202159453] [gazebo_track_car]: camera traffic-light green candidate ignored as non-lamp-shaped color patch; reason=aspect bbox=436x105px
[gazebo_track_car-2] [INFO] [1781167745.202333681] [gazebo_track_car]: camera traffic-light green candidate ignored as non-lamp-shaped color patch; reason=aspect bbox=329x43px
[gazebo_track_car-2] [WARN] [1781167745.207168309] [gazebo_track_car]: JITTER events=5 reasons=speed_delta=0.129m/s pos=(+1.657,+0.576) step=0.0042/0.0000m yaw=0.000/0.000rad route=flat_left_mid_to_mid_top_right_entry
[gazebo_track_car-2] [INFO] [1781167745.246067992] [gazebo_track_car]: camera traffic-light green candidate ignored as non-lamp-shaped color patch; reason=aspect bbox=80x8px
[gazebo_track_car-2] [INFO] [1781167745.246354151] [gazebo_track_car]: camera traffic-light green candidate ignored as non-lamp-shaped color patch; reason=aspect bbox=118x26px
[gazebo_track_car-2] [INFO] [1781167745.246896732] [gazebo_track_car]: camera traffic-light green candidate ignored as non-lamp-shaped color patch; reason=aspect bbox=435x105px
[gazebo_track_car-2] [INFO] [1781167745.247299861] [gazebo_track_car]: camera traffic-light green candidate ignored as non-lamp-shaped color patch; reason=aspect bbox=328x42px
[gazebo_track_car-2] [INFO] [1781167745.251389998] [gazebo_track_car]: camera_sign=camera_sign_parking source=camera kind=parking_sign maneuver=parking score=0.34 area=728px bbox=28x26px center=(11,232)
[gazebo_track_car-2] [INFO] [1781167745.272210238] [gazebo_track_car]: camera traffic-light green candidate ignored as non-lamp-shaped color patch; reason=aspect bbox=79x8px
[gazebo_track_car-2] [INFO] [1781167745.272552552] [gazebo_track_car]: camera traffic-light green candidate ignored as non-lamp-shaped color patch; reason=aspect bbox=118x26px
[gazebo_track_car-2] [INFO] [1781167745.272760503] [gazebo_track_car]: camera traffic-light green candidate ignored as non-lamp-shaped color patch; reason=aspect bbox=434x105px
[gazebo_track_car-2] [INFO] [1781167745.273035891] [gazebo_track_car]: camera traffic-light green candidate ignored as non-lamp-shaped color patch; reason=aspect bbox=329x43px
[gazebo_track_car-2] [INFO] [1781167745.276902287] [gazebo_track_car]: camera sign action blocked; no matching facing 3D sign is close enough; detected=parking_sign sign=camera_sign_parking detection_dist<=3.40m action_dist<=1.35m
[gazebo_track_car-2] [INFO] [1781167745.278591486] [gazebo_track_car]: MOTION pos=(+1.656,+0.576) yaw=+3.122 v=0.000 step_err=0.0000m/0.000rad track_err=0.0128m footprint=road:4.00px route=flat_left_mid_to_mid_top_right_entry cmd_vel=(0.279,-0.003)
[gazebo_track_car-2] [INFO] [1781167745.301496049] [gazebo_track_car]: camera traffic-light green candidate ignored as non-lamp-shaped color patch; reason=aspect bbox=79x8px
[gazebo_track_car-2] [INFO] [1781167745.301847892] [gazebo_track_car]: camera traffic-light green candidate ignored as non-lamp-shaped color patch; reason=aspect bbox=118x26px
[gazebo_track_car-2] [INFO] [1781167745.302318888] [gazebo_track_car]: camera traffic-light green candidate ignored as non-lamp-shaped color patch; reason=aspect bbox=434x105px
[gazebo_track_car-2] [INFO] [1781167745.302708591] [gazebo_track_car]: camera traffic-light green candidate ignored as non-lamp-shaped color patch; reason=aspect bbox=329x43px
[gazebo_track_car-2] [INFO] [1781167745.328400289] [gazebo_track_car]: camera traffic-light green candidate ignored as non-lamp-shaped color patch; reason=aspect bbox=79x8px
[gazebo_track_car-2] [INFO] [1781167745.329242173] [gazebo_track_car]: camera traffic-light green candidate ignored as non-lamp-shaped color patch; reason=aspect bbox=118x26px
[gazebo_track_car-2] [INFO] [1781167745.329485160] [gazebo_track_car]: camera traffic-light green candidate ignored as non-lamp-shaped color patch; reason=aspect bbox=434x105px
[gazebo_track_car-2] [INFO] [1781167745.329707489] [gazebo_track_car]: camera traffic-light green candidate ignored as non-lamp-shaped color patch; reason=aspect bbox=329x43px
[gazebo_track_car-2] [INFO] [1781167745.359451842] [gazebo_track_car]: camera traffic-light green candidate ignored as non-lamp-shaped color patch; reason=aspect bbox=79x8px
[gazebo_track_car-2] [INFO] [1781167745.360079323] [gazebo_track_car]: camera traffic-light green candidate ignored as non-lamp-shaped color patch; reason=aspect bbox=118x26px
[gazebo_track_car-2] [INFO] [1781167745.360373316] [gazebo_track_car]: camera traffic-light green candidate ignored as non-lamp-shaped color patch; reason=aspect bbox=434x105px
[gazebo_track_car-2] [INFO] [1781167745.360979668] [gazebo_track_car]: camera traffic-light green candidate ignored as non-lamp-shaped color patch; reason=aspect bbox=329x43px
[gazebo_track_car-2] [INFO] [1781167745.425238883] [gazebo_track_car]: camera traffic-light green candidate ignored as non-lamp-shaped color patch; reason=aspect bbox=79x8px
[gazebo_track_car-2] [INFO] [1781167745.425916568] [gazebo_track_car]: camera traffic-light green candidate ignored as non-lamp-shaped color patch; reason=aspect bbox=118x26px
[gazebo_track_car-2] [INFO] [1781167745.426154556] [gazebo_track_car]: camera traffic-light green candidate ignored as non-lamp-shaped color patch; reason=aspect bbox=434x105px
[gazebo_track_car-2] [INFO] [1781167745.426402492] [gazebo_track_car]: camera traffic-light green candidate ignored as non-lamp-shaped color patch; reason=aspect bbox=329x43px
[gazebo_track_car-2] [INFO] [1781167745.436215278] [gazebo_track_car]: camera traffic-light green candidate ignored as non-lamp-shaped color patch; reason=aspect bbox=79x8px
[gazebo_track_car-2] [INFO] [1781167745.436678350] [gazebo_track_car]: camera traffic-light green candidate ignored as non-lamp-shaped color patch; reason=aspect bbox=118x26px
[gazebo_track_car-2] [INFO] [1781167745.438218498] [gazebo_track_car]: camera traffic-light green candidate ignored as non-lamp-shaped color patch; reason=aspect bbox=434x105px
[gazebo_track_car-2] [INFO] [1781167745.438473368] [gazebo_track_car]: camera traffic-light green candidate ignored as non-lamp-shaped color patch; reason=aspect bbox=329x43px
[gazebo_track_car-2] [INFO] [1781167745.458252750] [gazebo_track_car]: camera traffic-light green candidate ignored as non-lamp-shaped color patch; reason=aspect bbox=79x8px
[gazebo_track_car-2] [INFO] [1781167745.458543387] [gazebo_track_car]: camera traffic-light green candidate ignored as non-lamp-shaped color patch; reason=aspect bbox=118x26px
[gazebo_track_car-2] [INFO] [1781167745.458727884] [gazebo_track_car]: camera traffic-light green candidate ignored as non-lamp-shaped color patch; reason=aspect bbox=434x105px
[gazebo_track_car-2] [INFO] [1781167745.458985048] [gazebo_track_car]: camera traffic-light green candidate ignored as non-lamp-shaped color patch; reason=aspect bbox=329x43px
[gazebo_track_car-2] [INFO] [1781167745.492961526] [gazebo_track_car]: camera traffic-light green candidate ignored as non-lamp-shaped color patch; reason=aspect bbox=79x8px
[gazebo_track_car-2] [INFO] [1781167745.493324459] [gazebo_track_car]: camera traffic-light green candidate ignored as non-lamp-shaped color patch; reason=aspect bbox=118x26px
[gazebo_track_car-2] [INFO] [1781167745.493513275] [gazebo_track_car]: camera traffic-light green candidate ignored as non-lamp-shaped color patch; reason=aspect bbox=434x105px
[gazebo_track_car-2] [INFO] [1781167745.493708813] [gazebo_track_car]: camera traffic-light green candidate ignored as non-lamp-shaped color patch; reason=aspect bbox=329x43px
[gazebo_track_car-2] [INFO] [1781167745.527124736] [gazebo_track_car]: camera traffic-light green candidate ignored as non-lamp-shaped color patch; reason=aspect bbox=79x8px
[gazebo_track_car-2] [INFO] [1781167745.527869307] [gazebo_track_car]: camera traffic-light green candidate ignored as non-lamp-shaped color patch; reason=aspect bbox=118x26px
[gazebo_track_car-2] [INFO] [1781167745.528113136] [gazebo_track_car]: camera traffic-light green candidate ignored as non-lamp-shaped color patch; reason=aspect bbox=434x105px
[gazebo_track_car-2] [INFO] [1781167745.528297813] [gazebo_track_car]: camera traffic-light green candidate ignored as non-lamp-shaped color patch; reason=aspect bbox=329x43px
[gazebo_track_car-2] [INFO] [1781167745.577660857] [gazebo_track_car]: camera traffic-light green candidate ignored as non-lamp-shaped color patch; reason=aspect bbox=79x8px
[gazebo_track_car-2] [INFO] [1781167745.577974167] [gazebo_track_car]: camera traffic-light green candidate ignored as non-lamp-shaped color patch; reason=aspect bbox=118x26px
[gazebo_track_car-2] [INFO] [1781167745.578392164] [gazebo_track_car]: camera traffic-light green candidate ignored as non-lamp-shaped color patch; reason=aspect bbox=434x105px
[gazebo_track_car-2] [INFO] [1781167745.578706382] [gazebo_track_car]: camera traffic-light green candidate ignored as non-lamp-shaped color patch; reason=aspect bbox=329x43px
[gazebo_track_car-2] [INFO] [1781167745.595624852] [gazebo_track_car]: camera traffic-light green candidate ignored as non-lamp-shaped color patch; reason=aspect bbox=79x8px
[gazebo_track_car-2] [INFO] [1781167745.595904047] [gazebo_track_car]: camera traffic-light green candidate ignored as non-lamp-shaped color patch; reason=aspect bbox=118x26px
[gazebo_track_car-2] [INFO] [1781167745.596091721] [gazebo_track_car]: camera traffic-light green candidate ignored as non-lamp-shaped color patch; reason=aspect bbox=434x105px
[gazebo_track_car-2] [INFO] [1781167745.596302537] [gazebo_track_car]: camera traffic-light green candidate ignored as non-lamp-shaped color patch; reason=aspect bbox=329x43px
[gazebo_track_car-2] [INFO] [1781167745.628511940] [gazebo_track_car]: camera traffic-light green candidate ignored as non-lamp-shaped color patch; reason=aspect bbox=79x8px
[gazebo_track_car-2] [INFO] [1781167745.629408427] [gazebo_track_car]: camera traffic-light green candidate ignored as non-lamp-shaped color patch; reason=aspect bbox=118x26px
[gazebo_track_car-2] [INFO] [1781167745.629654280] [gazebo_track_car]: camera traffic-light green candidate ignored as non-lamp-shaped color patch; reason=aspect bbox=434x104px
[gazebo_track_car-2] [INFO] [1781167745.629899582] [gazebo_track_car]: camera traffic-light green candidate ignored as non-lamp-shaped color patch; reason=aspect bbox=328x42px
[gazebo_track_car-2] [INFO] [1781167745.662302899] [gazebo_track_car]: camera traffic-light green candidate ignored as non-lamp-shaped color patch; reason=aspect bbox=80x8px
[gazebo_track_car-2] [INFO] [1781167745.662571424] [gazebo_track_car]: camera traffic-light green candidate ignored as non-lamp-shaped color patch; reason=aspect bbox=118x26px
[gazebo_track_car-2] [INFO] [1781167745.662753778] [gazebo_track_car]: camera traffic-light green candidate ignored as non-lamp-shaped color patch; reason=aspect bbox=434x104px
[gazebo_track_car-2] [INFO] [1781167745.663104868] [gazebo_track_car]: camera traffic-light green candidate ignored as non-lamp-shaped color patch; reason=aspect bbox=327x41px
[gazebo_track_car-2] [INFO] [1781167745.709498204] [gazebo_track_car]: camera traffic-light green candidate ignored as non-lamp-shaped color patch; reason=aspect bbox=80x8px
[gazebo_track_car-2] [INFO] [1781167745.709800803] [gazebo_track_car]: camera traffic-light green candidate ignored as non-lamp-shaped color patch; reason=aspect bbox=120x26px
[gazebo_track_car-2] [INFO] [1781167745.709999147] [gazebo_track_car]: camera traffic-light green candidate ignored as non-lamp-shaped color patch; reason=aspect bbox=434x104px
[gazebo_track_car-2] [INFO] [1781167745.710185537] [gazebo_track_car]: camera traffic-light green candidate ignored as non-lamp-shaped color patch; reason=aspect bbox=324x40px
[gazebo_track_car-2] [INFO] [1781167745.713568834] [gazebo_track_car]: camera_sign=camera_sign_turn_right source=camera kind=turn_right_sign maneuver=right score=0.50 area=464px bbox=16x29px center=(5,232)
[gazebo_track_car-2] [INFO] [1781167745.730130871] [gazebo_track_car]: camera traffic-light green candidate ignored as non-lamp-shaped color patch; reason=aspect bbox=80x8px
[gazebo_track_car-2] [INFO] [1781167745.730544249] [gazebo_track_car]: camera traffic-light green candidate ignored as non-lamp-shaped color patch; reason=aspect bbox=122x26px
[gazebo_track_car-2] [INFO] [1781167745.730743183] [gazebo_track_car]: camera traffic-light green candidate ignored as non-lamp-shaped color patch; reason=aspect bbox=434x104px
[gazebo_track_car-2] [INFO] [1781167745.730918874] [gazebo_track_car]: camera traffic-light green candidate ignored as non-lamp-shaped color patch; reason=aspect bbox=323x39px
[gazebo_track_car-2] [INFO] [1781167745.767241527] [gazebo_track_car]: camera traffic-light green candidate ignored as non-lamp-shaped color patch; reason=aspect bbox=80x8px
[gazebo_track_car-2] [INFO] [1781167745.768038447] [gazebo_track_car]: camera traffic-light green candidate ignored as non-lamp-shaped color patch; reason=aspect bbox=121x26px
[gazebo_track_car-2] [INFO] [1781167745.768287225] [gazebo_track_car]: camera traffic-light green candidate ignored as non-lamp-shaped color patch; reason=aspect bbox=434x104px
[gazebo_track_car-2] [INFO] [1781167745.768473495] [gazebo_track_car]: camera traffic-light green candidate ignored as non-lamp-shaped color patch; reason=aspect bbox=323x39px
[gazebo_track_car-2] [INFO] [1781167745.814607603] [gazebo_track_car]: camera traffic-light green candidate ignored as non-lamp-shaped color patch; reason=aspect bbox=80x8px
[gazebo_track_car-2] [INFO] [1781167745.814895124] [gazebo_track_car]: camera traffic-light green candidate ignored as non-lamp-shaped color patch; reason=aspect bbox=121x26px
[gazebo_track_car-2] [INFO] [1781167745.815085793] [gazebo_track_car]: camera traffic-light green candidate ignored as non-lamp-shaped color patch; reason=aspect bbox=434x104px
[gazebo_track_car-2] [INFO] [1781167745.815258858] [gazebo_track_car]: camera traffic-light green candidate ignored as non-lamp-shaped color patch; reason=aspect bbox=323x39px
[gazebo_track_car-2] [INFO] [1781167745.819484771] [gazebo_track_car]: camera sign action allowed by route branch context; detected=turn_right_sign sign=camera_sign_turn_right next_branch=1.14m area=1144px matching 3D sign is not route-adjacent
[gazebo_track_car-2] [INFO] [1781167745.846100028] [gazebo_track_car]: camera traffic-light green candidate ignored as non-lamp-shaped color patch; reason=aspect bbox=80x8px
[gazebo_track_car-2] [INFO] [1781167745.846382179] [gazebo_track_car]: camera traffic-light green candidate ignored as non-lamp-shaped color patch; reason=aspect bbox=122x27px
[gazebo_track_car-2] [INFO] [1781167745.846566295] [gazebo_track_car]: camera traffic-light green candidate ignored as non-lamp-shaped color patch; reason=aspect bbox=434x104px
[gazebo_track_car-2] [INFO] [1781167745.846738640] [gazebo_track_car]: camera traffic-light green candidate ignored as non-lamp-shaped color patch; reason=aspect bbox=322x38px
[gazebo_track_car-2] [INFO] [1781167745.859677358] [gazebo_track_car]: camera traffic-light green candidate ignored as non-lamp-shaped color patch; reason=aspect bbox=80x8px
[gazebo_track_car-2] [INFO] [1781167745.860494276] [gazebo_track_car]: camera traffic-light green candidate ignored as non-lamp-shaped color patch; reason=aspect bbox=121x27px
[gazebo_track_car-2] [INFO] [1781167745.861026667] [gazebo_track_car]: camera traffic-light green candidate ignored as non-lamp-shaped color patch; reason=aspect bbox=433x104px
[gazebo_track_car-2] [INFO] [1781167745.861214321] [gazebo_track_car]: camera traffic-light green candidate ignored as non-lamp-shaped color patch; reason=aspect bbox=320x37px
[gazebo_track_car-2] [INFO] [1781167745.890986066] [gazebo_track_car]: camera traffic-light green candidate ignored as non-lamp-shaped color patch; reason=aspect bbox=88x9px
[gazebo_track_car-2] [INFO] [1781167745.891276853] [gazebo_track_car]: camera traffic-light green candidate ignored as non-lamp-shaped color patch; reason=aspect bbox=121x27px
[gazebo_track_car-2] [INFO] [1781167745.891474876] [gazebo_track_car]: camera traffic-light green candidate ignored as non-lamp-shaped color patch; reason=aspect bbox=433x103px
[gazebo_track_car-2] [INFO] [1781167745.891651729] [gazebo_track_car]: camera traffic-light green candidate ignored as non-lamp-shaped color patch; reason=aspect bbox=318x35px
[gazebo_track_car-2] [INFO] [1781167745.935257018] [gazebo_track_car]: camera traffic-light green candidate ignored as non-lamp-shaped color patch; reason=aspect bbox=86x9px
[gazebo_track_car-2] [INFO] [1781167745.936089716] [gazebo_track_car]: camera traffic-light green candidate ignored as non-lamp-shaped color patch; reason=aspect bbox=123x27px
[gazebo_track_car-2] [INFO] [1781167745.936798750] [gazebo_track_car]: camera traffic-light green candidate ignored as non-lamp-shaped color patch; reason=aspect bbox=432x103px
[gazebo_track_car-2] [INFO] [1781167745.937047839] [gazebo_track_car]: camera traffic-light green candidate ignored as non-lamp-shaped color patch; reason=aspect bbox=317x35px
[gazebo_track_car-2] [INFO] [1781167745.965489759] [gazebo_track_car]: camera traffic-light green candidate ignored as non-lamp-shaped color patch; reason=aspect bbox=85x9px
[gazebo_track_car-2] [INFO] [1781167745.965759907] [gazebo_track_car]: camera traffic-light green candidate ignored as non-lamp-shaped color patch; reason=aspect bbox=122x27px
[gazebo_track_car-2] [INFO] [1781167745.965945406] [gazebo_track_car]: camera traffic-light green candidate ignored as non-lamp-shaped color patch; reason=aspect bbox=432x103px
[gazebo_track_car-2] [INFO] [1781167745.966122319] [gazebo_track_car]: camera traffic-light green candidate ignored as non-lamp-shaped color patch; reason=aspect bbox=317x35px
[gazebo_track_car-2] [INFO] [1781167746.011267048] [gazebo_track_car]: camera traffic-light green candidate ignored as non-lamp-shaped color patch; reason=aspect bbox=85x9px
[gazebo_track_car-2] [INFO] [1781167746.011651001] [gazebo_track_car]: camera traffic-light green candidate ignored as non-lamp-shaped color patch; reason=aspect bbox=122x27px
[gazebo_track_car-2] [INFO] [1781167746.011851117] [gazebo_track_car]: camera traffic-light green candidate ignored as non-lamp-shaped color patch; reason=aspect bbox=432x103px
[gazebo_track_car-2] [INFO] [1781167746.012148798] [gazebo_track_car]: camera traffic-light green candidate ignored as non-lamp-shaped color patch; reason=aspect bbox=317x35px
[gazebo_track_car-2] [INFO] [1781167746.042791226] [gazebo_track_car]: camera traffic-light green candidate ignored as non-lamp-shaped color patch; reason=aspect bbox=85x9px
[gazebo_track_car-2] [INFO] [1781167746.043083296] [gazebo_track_car]: camera traffic-light green candidate ignored as non-lamp-shaped color patch; reason=aspect bbox=122x27px
[gazebo_track_car-2] [INFO] [1781167746.043271941] [gazebo_track_car]: camera traffic-light green candidate ignored as non-lamp-shaped color patch; reason=aspect bbox=431x103px
[gazebo_track_car-2] [INFO] [1781167746.043448814] [gazebo_track_car]: camera traffic-light green candidate ignored as non-lamp-shaped color patch; reason=aspect bbox=317x35px
[gazebo_track_car-2] [INFO] [1781167746.076237190] [gazebo_track_car]: camera traffic-light green candidate ignored as non-lamp-shaped color patch; reason=aspect bbox=84x8px
[gazebo_track_car-2] [INFO] [1781167746.077148886] [gazebo_track_car]: camera traffic-light green candidate ignored as non-lamp-shaped color patch; reason=aspect bbox=121x27px
[gazebo_track_car-2] [INFO] [1781167746.077599284] [gazebo_track_car]: camera traffic-light green candidate ignored as non-lamp-shaped color patch; reason=aspect bbox=430x103px
[gazebo_track_car-2] [INFO] [1781167746.077982154] [gazebo_track_car]: camera traffic-light green candidate ignored as non-lamp-shaped color patch; reason=aspect bbox=317x35px
[gazebo_track_car-2] [INFO] [1781167746.092937961] [gazebo_track_car]: camera traffic-light green candidate ignored as non-lamp-shaped color patch; reason=aspect bbox=83x8px
[gazebo_track_car-2] [INFO] [1781167746.093221404] [gazebo_track_car]: camera traffic-light green candidate ignored as non-lamp-shaped color patch; reason=aspect bbox=125x28px
[gazebo_track_car-2] [INFO] [1781167746.093422793] [gazebo_track_car]: camera traffic-light green candidate ignored as non-lamp-shaped color patch; reason=aspect bbox=430x102px
[gazebo_track_car-2] [INFO] [1781167746.093639892] [gazebo_track_car]: camera traffic-light green candidate ignored as non-lamp-shaped color patch; reason=aspect bbox=314x34px
[gazebo_track_car-2] [INFO] [1781167746.127599993] [gazebo_track_car]: camera traffic-light green candidate ignored as non-lamp-shaped color patch; reason=aspect bbox=83x8px
[gazebo_track_car-2] [INFO] [1781167746.128304118] [gazebo_track_car]: camera traffic-light green candidate ignored as non-lamp-shaped color patch; reason=aspect bbox=125x28px
[gazebo_track_car-2] [INFO] [1781167746.128802105] [gazebo_track_car]: camera traffic-light green candidate ignored as non-lamp-shaped color patch; reason=aspect bbox=430x102px
[gazebo_track_car-2] [INFO] [1781167746.129329698] [gazebo_track_car]: camera traffic-light green candidate ignored as non-lamp-shaped color patch; reason=aspect bbox=311x32px
[gazebo_track_car-2] [INFO] [1781167746.192586265] [gazebo_track_car]: camera traffic-light green candidate ignored as non-lamp-shaped color patch; reason=aspect bbox=82x8px
[gazebo_track_car-2] [INFO] [1781167746.192949469] [gazebo_track_car]: camera traffic-light green candidate ignored as non-lamp-shaped color patch; reason=aspect bbox=124x28px
[gazebo_track_car-2] [INFO] [1781167746.193149285] [gazebo_track_car]: camera traffic-light green candidate ignored as non-lamp-shaped color patch; reason=aspect bbox=430x101px
[gazebo_track_car-2] [INFO] [1781167746.193325196] [gazebo_track_car]: camera traffic-light green candidate ignored as non-lamp-shaped color patch; reason=aspect bbox=308x29px
[gazebo_track_car-2] [INFO] [1781167746.204792747] [gazebo_track_car]: camera traffic-light green candidate ignored as non-lamp-shaped color patch; reason=aspect bbox=91x9px
[gazebo_track_car-2] [INFO] [1781167746.205646133] [gazebo_track_car]: camera traffic-light green candidate ignored as non-lamp-shaped color patch; reason=aspect bbox=128x29px
[gazebo_track_car-2] [INFO] [1781167746.206200255] [gazebo_track_car]: camera traffic-light green candidate ignored as non-lamp-shaped color patch; reason=aspect bbox=430x101px
[gazebo_track_car-2] [INFO] [1781167746.206452600] [gazebo_track_car]: camera traffic-light green candidate ignored as non-lamp-shaped color patch; reason=aspect bbox=305x27px
[gazebo_track_car-2] [INFO] [1781167746.236133478] [gazebo_track_car]: camera traffic-light green candidate ignored as non-lamp-shaped color patch; reason=aspect bbox=91x9px
[gazebo_track_car-2] [INFO] [1781167746.236407284] [gazebo_track_car]: camera traffic-light green candidate ignored as non-lamp-shaped color patch; reason=aspect bbox=127x29px
[gazebo_track_car-2] [INFO] [1781167746.236681620] [gazebo_track_car]: camera traffic-light green candidate ignored as non-lamp-shaped color patch; reason=aspect bbox=430x101px
[gazebo_track_car-2] [INFO] [1781167746.236916231] [gazebo_track_car]: camera traffic-light green candidate ignored as non-lamp-shaped color patch; reason=aspect bbox=301x25px
[gazebo_track_car-2] [INFO] [1781167746.270749846] [gazebo_track_car]: camera traffic-light green candidate ignored as non-lamp-shaped color patch; reason=aspect bbox=90x9px
[gazebo_track_car-2] [INFO] [1781167746.271019944] [gazebo_track_car]: camera traffic-light green candidate ignored as non-lamp-shaped color patch; reason=aspect bbox=128x28px
[gazebo_track_car-2] [INFO] [1781167746.271204572] [gazebo_track_car]: camera traffic-light green candidate ignored as non-lamp-shaped color patch; reason=aspect bbox=429x101px
[gazebo_track_car-2] [INFO] [1781167746.271376145] [gazebo_track_car]: camera traffic-light green candidate ignored as non-lamp-shaped color patch; reason=aspect bbox=298x22px
[gazebo_track_car-2] [INFO] [1781167746.297882308] [gazebo_track_car]: camera traffic-light green candidate ignored as non-lamp-shaped color patch; reason=aspect bbox=90x9px
[gazebo_track_car-2] [INFO] [1781167746.298161524] [gazebo_track_car]: camera traffic-light green candidate ignored as non-lamp-shaped color patch; reason=aspect bbox=130x29px
[gazebo_track_car-2] [INFO] [1781167746.298346352] [gazebo_track_car]: camera traffic-light green candidate ignored as non-lamp-shaped color patch; reason=aspect bbox=430x101px
[gazebo_track_car-2] [INFO] [1781167746.298519688] [gazebo_track_car]: camera traffic-light green candidate ignored as non-lamp-shaped color patch; reason=aspect bbox=294x20px
[gazebo_track_car-2] [INFO] [1781167746.327212928] [gazebo_track_car]: camera traffic-light green candidate ignored as non-lamp-shaped color patch; reason=aspect bbox=92x9px
[gazebo_track_car-2] [INFO] [1781167746.327813408] [gazebo_track_car]: camera traffic-light green candidate ignored as non-lamp-shaped color patch; reason=aspect bbox=130x29px
[gazebo_track_car-2] [INFO] [1781167746.328067547] [gazebo_track_car]: camera traffic-light green candidate ignored as non-lamp-shaped color patch; reason=aspect bbox=430x100px
[gazebo_track_car-2] [INFO] [1781167746.328412646] [gazebo_track_car]: camera traffic-light green candidate ignored as non-lamp-shaped color patch; reason=aspect bbox=291x18px
[gazebo_track_car-2] [INFO] [1781167746.363378009] [gazebo_track_car]: camera traffic-light green candidate ignored as non-lamp-shaped color patch; reason=aspect bbox=91x9px
[gazebo_track_car-2] [INFO] [1781167746.363676481] [gazebo_track_car]: camera traffic-light green candidate ignored as non-lamp-shaped color patch; reason=aspect bbox=132x29px
[gazebo_track_car-2] [INFO] [1781167746.364316235] [gazebo_track_car]: camera traffic-light green candidate ignored as non-lamp-shaped color patch; reason=aspect bbox=429x100px
[gazebo_track_car-2] [INFO] [1781167746.364559232] [gazebo_track_car]: camera traffic-light green candidate ignored as non-lamp-shaped color patch; reason=aspect bbox=287x15px
[gazebo_track_car-2] [INFO] [1781167746.396116061] [gazebo_track_car]: camera traffic-light green candidate ignored as non-lamp-shaped color patch; reason=aspect bbox=88x9px
[gazebo_track_car-2] [INFO] [1781167746.397045440] [gazebo_track_car]: camera traffic-light green candidate ignored as non-lamp-shaped color patch; reason=aspect bbox=133x30px
[gazebo_track_car-2] [INFO] [1781167746.397298737] [gazebo_track_car]: camera traffic-light green candidate ignored as non-lamp-shaped color patch; reason=aspect bbox=429x100px
[gazebo_track_car-2] [INFO] [1781167746.397612257] [gazebo_track_car]: camera traffic-light green candidate ignored as non-lamp-shaped color patch; reason=aspect bbox=283x12px
[gazebo_track_car-2] [WARN] [1781167746.411188006] [gazebo_track_car]: JITTER events=16 reasons=speed_delta=0.130m/s pos=(+1.496,+0.580) step=0.0040/0.0000m yaw=0.001/0.000rad route=flat_left_mid_to_mid_top_right_entry
[gazebo_track_car-2] [INFO] [1781167746.431866812] [gazebo_track_car]: camera traffic-light green candidate ignored as non-lamp-shaped color patch; reason=aspect bbox=88x9px
[gazebo_track_car-2] [INFO] [1781167746.432146889] [gazebo_track_car]: camera traffic-light green candidate ignored as non-lamp-shaped color patch; reason=aspect bbox=133x30px
[gazebo_track_car-2] [INFO] [1781167746.432329883] [gazebo_track_car]: camera traffic-light green candidate ignored as non-lamp-shaped color patch; reason=aspect bbox=429x99px
[gazebo_track_car-2] [INFO] [1781167746.432500885] [gazebo_track_car]: camera traffic-light green candidate ignored as non-lamp-shaped color patch; reason=aspect bbox=279x11px
[gazebo_track_car-2] [INFO] [1781167746.435811085] [gazebo_track_car]: camera_sign=camera_sign_parking source=camera kind=parking_sign maneuver=parking score=0.32 area=1170px bbox=39x30px center=(17,231)
[gazebo_track_car-2] [INFO] [1781167746.476721447] [gazebo_track_car]: camera traffic-light green candidate ignored as non-lamp-shaped color patch; reason=aspect bbox=88x9px
[gazebo_track_car-2] [INFO] [1781167746.476993539] [gazebo_track_car]: camera traffic-light green candidate ignored as non-lamp-shaped color patch; reason=aspect bbox=133x30px
[gazebo_track_car-2] [INFO] [1781167746.477177626] [gazebo_track_car]: camera traffic-light green candidate ignored as non-lamp-shaped color patch; reason=aspect bbox=429x99px
[gazebo_track_car-2] [INFO] [1781167746.477357344] [gazebo_track_car]: camera traffic-light green candidate ignored as non-lamp-shaped color patch; reason=aspect bbox=280x12px
[gazebo_track_car-2] [INFO] [1781167746.481523735] [gazebo_track_car]: camera_sign=camera_sign_turn_right source=camera kind=turn_right_sign maneuver=right score=0.52 area=1140px bbox=38x30px center=(14,231)
[gazebo_track_car-2] [INFO] [1781167746.505483187] [gazebo_track_car]: camera traffic-light green candidate ignored as non-lamp-shaped color patch; reason=aspect bbox=88x9px
[gazebo_track_car-2] [INFO] [1781167746.505765768] [gazebo_track_car]: camera traffic-light green candidate ignored as non-lamp-shaped color patch; reason=aspect bbox=133x30px
[gazebo_track_car-2] [INFO] [1781167746.505951288] [gazebo_track_car]: camera traffic-light green candidate ignored as non-lamp-shaped color patch; reason=aspect bbox=429x99px
[gazebo_track_car-2] [INFO] [1781167746.506125125] [gazebo_track_car]: camera traffic-light green candidate ignored as non-lamp-shaped color patch; reason=aspect bbox=280x12px
[gazebo_track_car-2] [INFO] [1781167746.533665464] [gazebo_track_car]: camera traffic-light green candidate ignored as non-lamp-shaped color patch; reason=aspect bbox=88x9px
[gazebo_track_car-2] [INFO] [1781167746.533950010] [gazebo_track_car]: camera traffic-light green candidate ignored as non-lamp-shaped color patch; reason=aspect bbox=133x30px
[gazebo_track_car-2] [INFO] [1781167746.534499173] [gazebo_track_car]: camera traffic-light green candidate ignored as non-lamp-shaped color patch; reason=aspect bbox=429x99px
[gazebo_track_car-2] [INFO] [1781167746.534879639] [gazebo_track_car]: camera traffic-light green candidate ignored as non-lamp-shaped color patch; reason=aspect bbox=278x11px
[gazebo_track_car-2] [INFO] [1781167746.539238523] [gazebo_track_car]: camera_sign=camera_sign_parking source=camera kind=parking_sign maneuver=parking score=0.34 area=1080px bbox=36x30px center=(14,231)
[gazebo_track_car-2] [INFO] [1781167746.571572683] [gazebo_track_car]: camera traffic-light green candidate ignored as non-lamp-shaped color patch; reason=aspect bbox=87x9px
[gazebo_track_car-2] [INFO] [1781167746.572273432] [gazebo_track_car]: camera traffic-light green candidate ignored as non-lamp-shaped color patch; reason=aspect bbox=135x30px
[gazebo_track_car-2] [INFO] [1781167746.572520457] [gazebo_track_car]: camera traffic-light green candidate ignored as non-lamp-shaped color patch; reason=aspect bbox=428x99px
[gazebo_track_car-2] [INFO] [1781167746.572705004] [gazebo_track_car]: camera traffic-light green candidate ignored as non-lamp-shaped color patch; reason=aspect bbox=270x8px
[gazebo_track_car-2] [INFO] [1781167746.576762791] [gazebo_track_car]: camera sign action blocked; no matching facing 3D sign is close enough; detected=parking_sign sign=camera_sign_parking detection_dist<=3.40m action_dist<=1.35m
[gazebo_track_car-2] [INFO] [1781167746.613966336] [gazebo_track_car]: camera traffic-light green candidate ignored as non-lamp-shaped color patch; reason=aspect bbox=87x9px
[gazebo_track_car-2] [INFO] [1781167746.614908360] [gazebo_track_car]: camera traffic-light green candidate ignored as non-lamp-shaped color patch; reason=aspect bbox=136x31px
[gazebo_track_car-2] [INFO] [1781167746.615302321] [gazebo_track_car]: camera traffic-light green candidate ignored as non-lamp-shaped color patch; reason=aspect bbox=428x99px
[gazebo_track_car-2] [INFO] [1781167746.615510072] [gazebo_track_car]: camera traffic-light green candidate ignored as non-lamp-shaped color patch; reason=aspect bbox=259x5px
[gazebo_track_car-2] [INFO] [1781167746.634538380] [gazebo_track_car]: camera traffic-light green candidate ignored as non-lamp-shaped color patch; reason=aspect bbox=86x9px
[gazebo_track_car-2] [INFO] [1781167746.634827364] [gazebo_track_car]: camera traffic-light green candidate ignored as non-lamp-shaped color patch; reason=aspect bbox=137x31px
[gazebo_track_car-2] [INFO] [1781167746.635017041] [gazebo_track_car]: camera traffic-light green candidate ignored as non-lamp-shaped color patch; reason=aspect bbox=428x98px
[gazebo_track_car-2] [INFO] [1781167746.635192231] [gazebo_track_car]: camera traffic-light green candidate ignored as non-lamp-shaped color patch; reason=aspect bbox=59x2px
[gazebo_track_car-2] [INFO] [1781167746.673419215] [gazebo_track_car]: camera traffic-light green candidate ignored as non-lamp-shaped color patch; reason=aspect bbox=87x9px
[gazebo_track_car-2] [INFO] [1781167746.673700695] [gazebo_track_car]: camera traffic-light green candidate ignored as non-lamp-shaped color patch; reason=aspect bbox=139x32px
[gazebo_track_car-2] [INFO] [1781167746.673883800] [gazebo_track_car]: camera traffic-light green candidate ignored as non-lamp-shaped color patch; reason=aspect bbox=428x98px
[gazebo_track_car-2] [INFO] [1781167746.705603575] [gazebo_track_car]: camera traffic-light green candidate ignored as non-lamp-shaped color patch; reason=aspect bbox=95x10px
[gazebo_track_car-2] [INFO] [1781167746.706168177] [gazebo_track_car]: camera traffic-light green candidate ignored as non-lamp-shaped color patch; reason=aspect bbox=140x32px
[gazebo_track_car-2] [INFO] [1781167746.706371450] [gazebo_track_car]: camera traffic-light green candidate ignored as non-lamp-shaped color patch; reason=aspect bbox=428x98px
[gazebo_track_car-2] [INFO] [1781167746.750541981] [gazebo_track_car]: camera traffic-light green candidate ignored as non-lamp-shaped color patch; reason=aspect bbox=95x10px
[gazebo_track_car-2] [INFO] [1781167746.750825745] [gazebo_track_car]: camera traffic-light green candidate ignored as non-lamp-shaped color patch; reason=aspect bbox=141x32px
[gazebo_track_car-2] [INFO] [1781167746.751583201] [gazebo_track_car]: camera traffic-light green candidate ignored as non-lamp-shaped color patch; reason=aspect bbox=428x98px
[gazebo_track_car-2] [INFO] [1781167746.790683190] [gazebo_track_car]: camera traffic-light green candidate ignored as non-lamp-shaped color patch; reason=aspect bbox=143x33px
[gazebo_track_car-2] [INFO] [1781167746.790978206] [gazebo_track_car]: camera traffic-light green candidate ignored as non-lamp-shaped color patch; reason=aspect bbox=95x9px
[gazebo_track_car-2] [INFO] [1781167746.791189163] [gazebo_track_car]: camera traffic-light green candidate ignored as non-lamp-shaped color patch; reason=aspect bbox=428x97px
[gazebo_track_car-2] [INFO] [1781167746.812864484] [gazebo_track_car]: camera traffic-light green candidate ignored as non-lamp-shaped color patch; reason=aspect bbox=144x33px
[gazebo_track_car-2] [INFO] [1781167746.813221225] [gazebo_track_car]: camera traffic-light green candidate ignored as non-lamp-shaped color patch; reason=aspect bbox=95x9px
[gazebo_track_car-2] [INFO] [1781167746.813425149] [gazebo_track_car]: camera traffic-light green candidate ignored as non-lamp-shaped color patch; reason=aspect bbox=428x97px
[gazebo_track_car-2] [INFO] [1781167746.851127944] [gazebo_track_car]: camera traffic-light green candidate ignored as non-lamp-shaped color patch; reason=aspect bbox=144x33px
[gazebo_track_car-2] [INFO] [1781167746.851423991] [gazebo_track_car]: camera traffic-light green candidate ignored as non-lamp-shaped color patch; reason=aspect bbox=95x9px
[gazebo_track_car-2] [INFO] [1781167746.851612005] [gazebo_track_car]: camera traffic-light green candidate ignored as non-lamp-shaped color patch; reason=aspect bbox=428x97px
[gazebo_track_car-2] [INFO] [1781167746.881967152] [gazebo_track_car]: camera traffic-light green candidate ignored as non-lamp-shaped color patch; reason=aspect bbox=144x33px
[gazebo_track_car-2] [INFO] [1781167746.882299407] [gazebo_track_car]: camera traffic-light green candidate ignored as non-lamp-shaped color patch; reason=aspect bbox=95x9px
[gazebo_track_car-2] [INFO] [1781167746.882500536] [gazebo_track_car]: camera traffic-light green candidate ignored as non-lamp-shaped color patch; reason=aspect bbox=428x97px
[gazebo_track_car-2] [INFO] [1781167746.886899514] [gazebo_track_car]: camera_sign=camera_sign_turn_right source=camera kind=turn_right_sign maneuver=right score=0.54 area=841px bbox=29x29px center=(11,232)
[gazebo_track_car-2] [INFO] [1781167746.898989067] [gazebo_track_car]: camera traffic-light green candidate ignored as non-lamp-shaped color patch; reason=aspect bbox=144x33px
[gazebo_track_car-2] [INFO] [1781167746.899412734] [gazebo_track_car]: camera traffic-light green candidate ignored as non-lamp-shaped color patch; reason=aspect bbox=95x9px
[gazebo_track_car-2] [INFO] [1781167746.899624042] [gazebo_track_car]: camera traffic-light green candidate ignored as non-lamp-shaped color patch; reason=aspect bbox=428x97px
[gazebo_track_car-2] [INFO] [1781167746.955983096] [gazebo_track_car]: camera traffic-light green candidate ignored as non-lamp-shaped color patch; reason=aspect bbox=145x33px
[gazebo_track_car-2] [INFO] [1781167746.956360447] [gazebo_track_car]: camera traffic-light green candidate ignored as non-lamp-shaped color patch; reason=aspect bbox=95x9px
[gazebo_track_car-2] [INFO] [1781167746.957011782] [gazebo_track_car]: camera traffic-light green candidate ignored as non-lamp-shaped color patch; reason=aspect bbox=428x97px
[gazebo_track_car-2] [INFO] [1781167746.960943181] [gazebo_track_car]: camera_sign=camera_sign_parking source=camera kind=parking_sign maneuver=parking score=0.33 area=812px bbox=28x29px center=(10,232)
[gazebo_track_car-2] [INFO] [1781167746.973031962] [gazebo_track_car]: camera traffic-light green candidate ignored as non-lamp-shaped color patch; reason=aspect bbox=95x9px
[gazebo_track_car-2] [INFO] [1781167746.973357604] [gazebo_track_car]: camera traffic-light green candidate ignored as non-lamp-shaped color patch; reason=aspect bbox=146x33px
[gazebo_track_car-2] [INFO] [1781167746.973555617] [gazebo_track_car]: camera traffic-light green candidate ignored as non-lamp-shaped color patch; reason=aspect bbox=428x97px
[gazebo_track_car-2] [INFO] [1781167746.977124063] [gazebo_track_car]: camera_sign=camera_sign_turn_right source=camera kind=turn_right_sign maneuver=right score=0.55 area=841px bbox=29x29px center=(11,232)
[gazebo_track_car-2] [INFO] [1781167747.006680738] [gazebo_track_car]: camera traffic-light green candidate ignored as non-lamp-shaped color patch; reason=aspect bbox=92x9px
[gazebo_track_car-2] [INFO] [1781167747.007086372] [gazebo_track_car]: camera traffic-light green candidate ignored as non-lamp-shaped color patch; reason=aspect bbox=145x33px
[gazebo_track_car-2] [INFO] [1781167747.007729472] [gazebo_track_car]: camera traffic-light green candidate ignored as non-lamp-shaped color patch; reason=aspect bbox=427x96px
[gazebo_track_car-2] [INFO] [1781167747.012182332] [gazebo_track_car]: camera_sign=camera_sign_parking source=camera kind=parking_sign maneuver=parking score=0.33 area=840px bbox=28x30px center=(10,232)
[gazebo_track_car-2] [INFO] [1781167747.033027514] [gazebo_track_car]: camera traffic-light green candidate ignored as non-lamp-shaped color patch; reason=aspect bbox=91x9px
[gazebo_track_car-2] [INFO] [1781167747.033308252] [gazebo_track_car]: camera traffic-light green candidate ignored as non-lamp-shaped color patch; reason=aspect bbox=147x34px
[gazebo_track_car-2] [INFO] [1781167747.033552873] [gazebo_track_car]: camera traffic-light green candidate ignored as non-lamp-shaped color patch; reason=aspect bbox=427x96px
[gazebo_track_car-2] [INFO] [1781167747.037143380] [gazebo_track_car]: camera_sign=camera_sign_turn_right source=camera kind=turn_right_sign maneuver=right score=0.53 area=810px bbox=27x30px center=(10,232)
[gazebo_track_car-2] [INFO] [1781167747.066498687] [gazebo_track_car]: camera traffic-light green candidate ignored as non-lamp-shaped color patch; reason=aspect bbox=90x8px
[gazebo_track_car-2] [INFO] [1781167747.066802438] [gazebo_track_car]: camera traffic-light green candidate ignored as non-lamp-shaped color patch; reason=aspect bbox=149x34px
[gazebo_track_car-2] [INFO] [1781167747.066992817] [gazebo_track_car]: camera traffic-light green candidate ignored as non-lamp-shaped color patch; reason=aspect bbox=427x96px
[gazebo_track_car-2] [INFO] [1781167747.106583812] [gazebo_track_car]: camera traffic-light green candidate ignored as non-lamp-shaped color patch; reason=aspect bbox=90x8px
[gazebo_track_car-2] [INFO] [1781167747.106854902] [gazebo_track_car]: camera traffic-light green candidate ignored as non-lamp-shaped color patch; reason=aspect bbox=150x34px
[gazebo_track_car-2] [INFO] [1781167747.107038788] [gazebo_track_car]: camera traffic-light green candidate ignored as non-lamp-shaped color patch; reason=aspect bbox=427x95px
[gazebo_track_car-2] [INFO] [1781167747.137961364] [gazebo_track_car]: camera traffic-light green candidate ignored as non-lamp-shaped color patch; reason=aspect bbox=97x9px
[gazebo_track_car-2] [INFO] [1781167747.138229428] [gazebo_track_car]: camera traffic-light green candidate ignored as non-lamp-shaped color patch; reason=aspect bbox=151x34px
[gazebo_track_car-2] [INFO] [1781167747.138450945] [gazebo_track_car]: camera traffic-light green candidate ignored as non-lamp-shaped color patch; reason=aspect bbox=427x95px
[gazebo_track_car-2] [INFO] [1781167747.141895158] [gazebo_track_car]: camera sign action allowed by route branch context; detected=turn_right_sign sign=camera_sign_turn_right next_branch=0.88m area=690px matching 3D sign is not route-adjacent
[gazebo_track_car-2] [INFO] [1781167747.183971981] [gazebo_track_car]: camera traffic-light green candidate ignored as non-lamp-shaped color patch; reason=aspect bbox=98x9px
[gazebo_track_car-2] [INFO] [1781167747.184256696] [gazebo_track_car]: camera traffic-light green candidate ignored as non-lamp-shaped color patch; reason=aspect bbox=153x34px
[gazebo_track_car-2] [INFO] [1781167747.184687597] [gazebo_track_car]: camera traffic-light green candidate ignored as non-lamp-shaped color patch; reason=aspect bbox=426x94px
[gazebo_track_car-2] [INFO] [1781167747.198746387] [gazebo_track_car]: camera traffic-light green candidate ignored as non-lamp-shaped color patch; reason=aspect bbox=98x9px
[gazebo_track_car-2] [INFO] [1781167747.199031504] [gazebo_track_car]: camera traffic-light green candidate ignored as non-lamp-shaped color patch; reason=aspect bbox=154x35px
[gazebo_track_car-2] [INFO] [1781167747.199217464] [gazebo_track_car]: camera traffic-light green candidate ignored as non-lamp-shaped color patch; reason=aspect bbox=426x94px
[gazebo_track_car-2] [INFO] [1781167747.241405886] [gazebo_track_car]: camera traffic-light green candidate ignored as non-lamp-shaped color patch; reason=aspect bbox=98x9px
[gazebo_track_car-2] [INFO] [1781167747.241882142] [gazebo_track_car]: camera traffic-light green candidate ignored as non-lamp-shaped color patch; reason=aspect bbox=156x35px
[gazebo_track_car-2] [INFO] [1781167747.242086387] [gazebo_track_car]: camera traffic-light green candidate ignored as non-lamp-shaped color patch; reason=aspect bbox=426x94px
[gazebo_track_car-2] [INFO] [1781167747.283097813] [gazebo_track_car]: camera traffic-light green candidate ignored as non-lamp-shaped color patch; reason=aspect bbox=98x9px
[gazebo_track_car-2] [INFO] [1781167747.283384953] [gazebo_track_car]: camera traffic-light green candidate ignored as non-lamp-shaped color patch; reason=aspect bbox=157x36px
[gazebo_track_car-2] [INFO] [1781167747.283569932] [gazebo_track_car]: camera traffic-light green candidate ignored as non-lamp-shaped color patch; reason=aspect bbox=426x93px
[gazebo_track_car-2] [INFO] [1781167747.302428995] [gazebo_track_car]: camera traffic-light green candidate ignored as non-lamp-shaped color patch; reason=aspect bbox=98x9px
[gazebo_track_car-2] [INFO] [1781167747.302717799] [gazebo_track_car]: camera traffic-light green candidate ignored as non-lamp-shaped color patch; reason=aspect bbox=159x36px
[gazebo_track_car-2] [INFO] [1781167747.302981265] [gazebo_track_car]: camera traffic-light green candidate ignored as non-lamp-shaped color patch; reason=aspect bbox=426x93px
[gazebo_track_car-2] [INFO] [1781167747.346750792] [gazebo_track_car]: camera traffic-light green candidate ignored as non-lamp-shaped color patch; reason=aspect bbox=96x9px
[gazebo_track_car-2] [INFO] [1781167747.347033234] [gazebo_track_car]: camera traffic-light green candidate ignored as non-lamp-shaped color patch; reason=aspect bbox=161x37px
[gazebo_track_car-2] [INFO] [1781167747.347221087] [gazebo_track_car]: camera traffic-light green candidate ignored as non-lamp-shaped color patch; reason=aspect bbox=425x93px
[gazebo_track_car-2] [INFO] [1781167747.389217638] [gazebo_track_car]: camera traffic-light green candidate ignored as non-lamp-shaped color patch; reason=aspect bbox=94x9px
[gazebo_track_car-2] [INFO] [1781167747.389499288] [gazebo_track_car]: camera traffic-light green candidate ignored as non-lamp-shaped color patch; reason=aspect bbox=161x37px
[gazebo_track_car-2] [INFO] [1781167747.389687362] [gazebo_track_car]: camera traffic-light green candidate ignored as non-lamp-shaped color patch; reason=aspect bbox=425x92px
[gazebo_track_car-2] [INFO] [1781167747.397242621] [gazebo_track_car]: MOTION pos=(+1.289,+0.583) yaw=-3.140 v=0.277 step_err=0.0227m/0.000rad track_err=0.0059m footprint=road:4.00px route=flat_left_mid_to_mid_top_right_entry cmd_vel=(0.278,+0.014)
[gazebo_track_car-2] [INFO] [1781167747.405003635] [gazebo_track_car]: camera traffic-light green candidate ignored as non-lamp-shaped color patch; reason=aspect bbox=93x9px
[gazebo_track_car-2] [INFO] [1781167747.405876959] [gazebo_track_car]: camera traffic-light green candidate ignored as non-lamp-shaped color patch; reason=aspect bbox=163x38px
[gazebo_track_car-2] [INFO] [1781167747.406409261] [gazebo_track_car]: camera traffic-light green candidate ignored as non-lamp-shaped color patch; reason=aspect bbox=424x92px
[gazebo_track_car-2] [INFO] [1781167747.444140405] [gazebo_track_car]: camera traffic-light green candidate ignored as non-lamp-shaped color patch; reason=aspect bbox=100x10px
[gazebo_track_car-2] [INFO] [1781167747.444436002] [gazebo_track_car]: camera traffic-light green candidate ignored as non-lamp-shaped color patch; reason=aspect bbox=163x38px
[gazebo_track_car-2] [INFO] [1781167747.444744312] [gazebo_track_car]: camera traffic-light green candidate ignored as non-lamp-shaped color patch; reason=aspect bbox=424x92px
[gazebo_track_car-2] [INFO] [1781167747.469890730] [gazebo_track_car]: camera traffic-light green candidate ignored as non-lamp-shaped color patch; reason=aspect bbox=101x10px
[gazebo_track_car-2] [INFO] [1781167747.471210153] [gazebo_track_car]: camera traffic-light green candidate ignored as non-lamp-shaped color patch; reason=aspect bbox=166x39px
[gazebo_track_car-2] [INFO] [1781167747.471434024] [gazebo_track_car]: camera traffic-light green candidate ignored as non-lamp-shaped color patch; reason=aspect bbox=424x91px
[gazebo_track_car-2] [INFO] [1781167747.510150058] [gazebo_track_car]: camera traffic-light green candidate ignored as non-lamp-shaped color patch; reason=aspect bbox=101x10px
[gazebo_track_car-2] [INFO] [1781167747.510862088] [gazebo_track_car]: camera traffic-light green candidate ignored as non-lamp-shaped color patch; reason=aspect bbox=167x39px
[gazebo_track_car-2] [INFO] [1781167747.511102070] [gazebo_track_car]: camera traffic-light green candidate ignored as non-lamp-shaped color patch; reason=aspect bbox=423x91px
[gazebo_track_car-2] [INFO] [1781167747.533997613] [gazebo_track_car]: camera traffic-light green candidate ignored as non-lamp-shaped color patch; reason=aspect bbox=101x10px
[gazebo_track_car-2] [INFO] [1781167747.534721215] [gazebo_track_car]: camera traffic-light green candidate ignored as non-lamp-shaped color patch; reason=aspect bbox=169x39px
[gazebo_track_car-2] [INFO] [1781167747.534992465] [gazebo_track_car]: camera traffic-light green candidate ignored as non-lamp-shaped color patch; reason=aspect bbox=423x90px
[gazebo_track_car-2] [INFO] [1781167747.576845686] [gazebo_track_car]: camera traffic-light green candidate ignored as non-lamp-shaped color patch; reason=aspect bbox=101x9px
[gazebo_track_car-2] [INFO] [1781167747.577194914] [gazebo_track_car]: camera traffic-light green candidate ignored as non-lamp-shaped color patch; reason=aspect bbox=169x39px
[gazebo_track_car-2] [INFO] [1781167747.577391764] [gazebo_track_car]: camera traffic-light green candidate ignored as non-lamp-shaped color patch; reason=aspect bbox=423x90px
[gazebo_track_car-2] [INFO] [1781167747.612306987] [gazebo_track_car]: camera traffic-light green candidate ignored as non-lamp-shaped color patch; reason=aspect bbox=101x9px
[gazebo_track_car-2] [INFO] [1781167747.612599687] [gazebo_track_car]: camera traffic-light green candidate ignored as non-lamp-shaped color patch; reason=aspect bbox=172x40px
[gazebo_track_car-2] [INFO] [1781167747.613125888] [gazebo_track_car]: camera traffic-light green candidate ignored as non-lamp-shaped color patch; reason=aspect bbox=423x90px
[gazebo_track_car-2] [INFO] [1781167747.640013362] [gazebo_track_car]: camera traffic-light green candidate ignored as non-lamp-shaped color patch; reason=aspect bbox=99x9px
[gazebo_track_car-2] [INFO] [1781167747.640287838] [gazebo_track_car]: camera traffic-light green candidate ignored as non-lamp-shaped color patch; reason=aspect bbox=173x40px
[gazebo_track_car-2] [INFO] [1781167747.640562144] [gazebo_track_car]: camera traffic-light green candidate ignored as non-lamp-shaped color patch; reason=aspect bbox=422x89px
[gazebo_track_car-2] [INFO] [1781167747.644097318] [gazebo_track_car]: camera_sign=camera_sign_parking source=camera kind=parking_sign maneuver=parking score=0.33 area=1170px bbox=45x26px center=(36,232)
[gazebo_track_car-2] [INFO] [1781167747.674956888] [gazebo_track_car]: camera traffic-light green candidate ignored as non-lamp-shaped color patch; reason=aspect bbox=103x10px
[gazebo_track_car-2] [INFO] [1781167747.675244108] [gazebo_track_car]: camera traffic-light green candidate ignored as non-lamp-shaped color patch; reason=aspect bbox=175x41px
[gazebo_track_car-2] [INFO] [1781167747.675431240] [gazebo_track_car]: camera traffic-light green candidate ignored as non-lamp-shaped color patch; reason=aspect bbox=422x89px
[gazebo_track_car-2] [INFO] [1781167747.678837732] [gazebo_track_car]: camera sign action blocked; no matching facing 3D sign is close enough; detected=parking_sign sign=camera_sign_parking detection_dist<=3.40m action_dist<=1.35m
[gazebo_track_car-2] [INFO] [1781167747.710608636] [gazebo_track_car]: camera traffic-light green candidate ignored as non-lamp-shaped color patch; reason=aspect bbox=105x10px
[gazebo_track_car-2] [INFO] [1781167747.710886489] [gazebo_track_car]: camera traffic-light green candidate ignored as non-lamp-shaped color patch; reason=aspect bbox=177x42px
[gazebo_track_car-2] [INFO] [1781167747.711074272] [gazebo_track_car]: camera traffic-light green candidate ignored as non-lamp-shaped color patch; reason=aspect bbox=421x88px
[gazebo_track_car-2] [INFO] [1781167747.742751902] [gazebo_track_car]: camera traffic-light green candidate ignored as non-lamp-shaped color patch; reason=aspect bbox=105x10px
[gazebo_track_car-2] [INFO] [1781167747.743027621] [gazebo_track_car]: camera traffic-light green candidate ignored as non-lamp-shaped color patch; reason=aspect bbox=179x42px
[gazebo_track_car-2] [INFO] [1781167747.743212279] [gazebo_track_car]: camera traffic-light green candidate ignored as non-lamp-shaped color patch; reason=aspect bbox=421x88px
[gazebo_track_car-2] [INFO] [1781167747.747374893] [gazebo_track_car]: camera_sign=camera_sign_turn_right source=camera kind=turn_right_sign maneuver=right score=0.49 area=1274px bbox=49x26px center=(29,232)
[gazebo_track_car-2] [INFO] [1781167747.821241154] [gazebo_track_car]: camera traffic-light green candidate ignored as non-lamp-shaped color patch; reason=aspect bbox=105x10px
[gazebo_track_car-2] [INFO] [1781167747.821515370] [gazebo_track_car]: camera traffic-light green candidate ignored as non-lamp-shaped color patch; reason=aspect bbox=182x43px
[gazebo_track_car-2] [INFO] [1781167747.821706549] [gazebo_track_car]: camera traffic-light green candidate ignored as non-lamp-shaped color patch; reason=aspect bbox=420x87px
[gazebo_track_car-2] [INFO] [1781167747.824732274] [gazebo_track_car]: camera_sign=camera_sign_parking source=camera kind=parking_sign maneuver=parking score=0.33 area=676px bbox=26x26px center=(31,232)
[gazebo_track_car-2] [INFO] [1781167747.829582613] [gazebo_track_car]: camera traffic-light green candidate ignored as non-lamp-shaped color patch; reason=aspect bbox=105x10px
[gazebo_track_car-2] [INFO] [1781167747.829828566] [gazebo_track_car]: camera traffic-light green candidate ignored as non-lamp-shaped color patch; reason=aspect bbox=182x43px
[gazebo_track_car-2] [INFO] [1781167747.830015527] [gazebo_track_car]: camera traffic-light green candidate ignored as non-lamp-shaped color patch; reason=aspect bbox=420x87px
[gazebo_track_car-2] [INFO] [1781167747.843180817] [gazebo_track_car]: camera traffic-light green candidate ignored as non-lamp-shaped color patch; reason=aspect bbox=105x10px
[gazebo_track_car-2] [INFO] [1781167747.843492423] [gazebo_track_car]: camera traffic-light green candidate ignored as non-lamp-shaped color patch; reason=aspect bbox=185x44px
[gazebo_track_car-2] [INFO] [1781167747.843771559] [gazebo_track_car]: camera traffic-light green candidate ignored as non-lamp-shaped color patch; reason=aspect bbox=419x86px
[gazebo_track_car-2] [INFO] [1781167747.866230267] [gazebo_track_car]: camera traffic-light green candidate ignored as non-lamp-shaped color patch; reason=aspect bbox=105x11px
[gazebo_track_car-2] [INFO] [1781167747.866514161] [gazebo_track_car]: camera traffic-light green candidate ignored as non-lamp-shaped color patch; reason=aspect bbox=185x45px
[gazebo_track_car-2] [INFO] [1781167747.866700512] [gazebo_track_car]: camera traffic-light green candidate ignored as non-lamp-shaped color patch; reason=aspect bbox=419x86px
[gazebo_track_car-2] [INFO] [1781167747.919342828] [gazebo_track_car]: camera traffic-light green candidate ignored as non-lamp-shaped color patch; reason=aspect bbox=108x11px
[gazebo_track_car-2] [INFO] [1781167747.919619789] [gazebo_track_car]: camera traffic-light green candidate ignored as non-lamp-shaped color patch; reason=aspect bbox=188x45px
[gazebo_track_car-2] [INFO] [1781167747.919841656] [gazebo_track_car]: camera traffic-light green candidate ignored as non-lamp-shaped color patch; reason=aspect bbox=419x85px
[gazebo_track_car-2] [INFO] [1781167747.942779778] [gazebo_track_car]: camera traffic-light green candidate ignored as non-lamp-shaped color patch; reason=aspect bbox=108x11px
[gazebo_track_car-2] [INFO] [1781167747.943462012] [gazebo_track_car]: camera traffic-light green candidate ignored as non-lamp-shaped color patch; reason=aspect bbox=190x45px
[gazebo_track_car-2] [INFO] [1781167747.943934291] [gazebo_track_car]: camera traffic-light green candidate ignored as non-lamp-shaped color patch; reason=aspect bbox=418x85px
[gazebo_track_car-2] [INFO] [1781167747.947553813] [gazebo_track_car]: camera_sign=camera_sign_turn_right source=camera kind=turn_right_sign maneuver=right score=0.52 area=1044px bbox=36x29px center=(15,232)
[gazebo_track_car-2] [INFO] [1781167747.978982374] [gazebo_track_car]: camera traffic-light green candidate ignored as non-lamp-shaped color patch; reason=aspect bbox=108x10px
[gazebo_track_car-2] [INFO] [1781167747.979788060] [gazebo_track_car]: camera traffic-light green candidate ignored as non-lamp-shaped color patch; reason=aspect bbox=191x45px
[gazebo_track_car-2] [INFO] [1781167747.980036868] [gazebo_track_car]: camera traffic-light green candidate ignored as non-lamp-shaped color patch; reason=aspect bbox=418x84px
[gazebo_track_car-2] [INFO] [1781167747.983875443] [gazebo_track_car]: camera_sign=camera_sign_parking source=camera kind=parking_sign maneuver=parking score=0.33 area=928px bbox=32x29px center=(13,232)
[gazebo_track_car-2] [INFO] [1781167748.009717740] [gazebo_track_car]: camera traffic-light green candidate ignored as non-lamp-shaped color patch; reason=aspect bbox=108x10px
[gazebo_track_car-2] [INFO] [1781167748.010057099] [gazebo_track_car]: camera traffic-light green candidate ignored as non-lamp-shaped color patch; reason=aspect bbox=194x46px
[gazebo_track_car-2] [INFO] [1781167748.010241997] [gazebo_track_car]: camera traffic-light green candidate ignored as non-lamp-shaped color patch; reason=aspect bbox=417x84px
[gazebo_track_car-2] [INFO] [1781167748.042314811] [gazebo_track_car]: camera traffic-light green candidate ignored as non-lamp-shaped color patch; reason=aspect bbox=108x10px
[gazebo_track_car-2] [INFO] [1781167748.042587835] [gazebo_track_car]: camera traffic-light green candidate ignored as non-lamp-shaped color patch; reason=aspect bbox=196x47px
[gazebo_track_car-2] [INFO] [1781167748.042771160] [gazebo_track_car]: camera traffic-light green candidate ignored as non-lamp-shaped color patch; reason=aspect bbox=416x83px
[gazebo_track_car-2] [INFO] [1781167748.079127170] [gazebo_track_car]: camera traffic-light green candidate ignored as non-lamp-shaped color patch; reason=aspect bbox=108x10px
[gazebo_track_car-2] [INFO] [1781167748.079415753] [gazebo_track_car]: camera traffic-light green candidate ignored as non-lamp-shaped color patch; reason=aspect bbox=198x47px
[gazebo_track_car-2] [INFO] [1781167748.079600421] [gazebo_track_car]: camera traffic-light green candidate ignored as non-lamp-shaped color patch; reason=aspect bbox=416x83px
[gazebo_track_car-2] [INFO] [1781167748.083545336] [gazebo_track_car]: camera_sign=camera_sign_turn_right source=camera kind=turn_right_sign maneuver=right score=0.60 area=630px bbox=21x30px center=(7,232)
[gazebo_track_car-2] [INFO] [1781167748.122976643] [gazebo_track_car]: camera traffic-light green candidate ignored as non-lamp-shaped color patch; reason=aspect bbox=111x11px
[gazebo_track_car-2] [INFO] [1781167748.123243205] [gazebo_track_car]: camera traffic-light green candidate ignored as non-lamp-shaped color patch; reason=aspect bbox=201x48px
[gazebo_track_car-2] [INFO] [1781167748.123425097] [gazebo_track_car]: camera traffic-light green candidate ignored as non-lamp-shaped color patch; reason=aspect bbox=415x82px
[gazebo_track_car-2] [INFO] [1781167748.143370517] [gazebo_track_car]: camera traffic-light green candidate ignored as non-lamp-shaped color patch; reason=aspect bbox=112x11px
[gazebo_track_car-2] [INFO] [1781167748.143643160] [gazebo_track_car]: camera traffic-light green candidate ignored as non-lamp-shaped color patch; reason=aspect bbox=202x49px
[gazebo_track_car-2] [INFO] [1781167748.143828279] [gazebo_track_car]: camera traffic-light green candidate ignored as non-lamp-shaped color patch; reason=aspect bbox=415x82px
[gazebo_track_car-2] [INFO] [1781167748.177591425] [gazebo_track_car]: camera traffic-light green candidate ignored as non-lamp-shaped color patch; reason=aspect bbox=112x11px
[gazebo_track_car-2] [INFO] [1781167748.177901288] [gazebo_track_car]: camera traffic-light green candidate ignored as non-lamp-shaped color patch; reason=aspect bbox=204x50px
[gazebo_track_car-2] [INFO] [1781167748.178091967] [gazebo_track_car]: camera traffic-light green candidate ignored as non-lamp-shaped color patch; reason=aspect bbox=414x81px
[gazebo_track_car-2] [INFO] [1781167748.181562121] [gazebo_track_car]: camera sign action allowed by route branch context; detected=turn_right_sign sign=camera_sign_turn_right next_branch=0.61m area=390px matching 3D sign is not route-adjacent
[gazebo_track_car-2] [INFO] [1781167748.209261857] [gazebo_track_car]: camera traffic-light green candidate ignored as non-lamp-shaped color patch; reason=aspect bbox=112x11px
[gazebo_track_car-2] [INFO] [1781167748.209552103] [gazebo_track_car]: camera traffic-light green candidate ignored as non-lamp-shaped color patch; reason=aspect bbox=207x50px
[gazebo_track_car-2] [INFO] [1781167748.209818715] [gazebo_track_car]: camera traffic-light green candidate ignored as non-lamp-shaped color patch; reason=aspect bbox=413x80px
[gazebo_track_car-2] [INFO] [1781167748.245236639] [gazebo_track_car]: camera traffic-light green candidate ignored as non-lamp-shaped color patch; reason=aspect bbox=111x11px
[gazebo_track_car-2] [INFO] [1781167748.245506958] [gazebo_track_car]: camera traffic-light green candidate ignored as non-lamp-shaped color patch; reason=aspect bbox=208x51px
[gazebo_track_car-2] [INFO] [1781167748.245694370] [gazebo_track_car]: camera traffic-light green candidate ignored as non-lamp-shaped color patch; reason=aspect bbox=413x80px
[gazebo_track_car-2] [INFO] [1781167748.280963162] [gazebo_track_car]: camera traffic-light green candidate ignored as non-lamp-shaped color patch; reason=aspect bbox=111x12px
[gazebo_track_car-2] [INFO] [1781167748.281683107] [gazebo_track_car]: camera traffic-light green candidate ignored as non-lamp-shaped color patch; reason=aspect bbox=210x52px
[gazebo_track_car-2] [INFO] [1781167748.282101274] [gazebo_track_car]: camera traffic-light green candidate ignored as non-lamp-shaped color patch; reason=aspect bbox=412x79px
[gazebo_track_car-2] [INFO] [1781167748.318760764] [gazebo_track_car]: camera traffic-light green candidate ignored as non-lamp-shaped color patch; reason=aspect bbox=115x12px
[gazebo_track_car-2] [INFO] [1781167748.319026504] [gazebo_track_car]: camera traffic-light green candidate ignored as non-lamp-shaped color patch; reason=aspect bbox=213x52px
[gazebo_track_car-2] [INFO] [1781167748.319279059] [gazebo_track_car]: camera traffic-light green candidate ignored as non-lamp-shaped color patch; reason=aspect bbox=412x79px
[gazebo_track_car-2] [INFO] [1781167748.322278925] [gazebo_track_car]: camera speed-limit candidate ignored as solid red lamp-like blob; segment=flat_left_mid_to_mid_top_right_entry component_bbox=9x16px red_fill=0.64
[gazebo_track_car-2] [INFO] [1781167748.341634406] [gazebo_track_car]: camera traffic-light green candidate ignored as non-lamp-shaped color patch; reason=aspect bbox=114x11px
[gazebo_track_car-2] [INFO] [1781167748.341938098] [gazebo_track_car]: camera traffic-light green candidate ignored as non-lamp-shaped color patch; reason=aspect bbox=215x52px
[gazebo_track_car-2] [INFO] [1781167748.342158914] [gazebo_track_car]: camera traffic-light green candidate ignored as non-lamp-shaped color patch; reason=aspect bbox=411x78px
[gazebo_track_car-2] [INFO] [1781167748.345909904] [gazebo_track_car]: camera speed-limit candidate ignored as solid red lamp-like blob; segment=flat_left_mid_to_mid_top_right_entry component_bbox=9x17px red_fill=0.64
[gazebo_track_car-2] [INFO] [1781167748.370701373] [gazebo_track_car]: camera traffic-light green candidate ignored as non-lamp-shaped color patch; reason=aspect bbox=114x11px
[gazebo_track_car-2] [INFO] [1781167748.371221933] [gazebo_track_car]: camera traffic-light green candidate ignored as non-lamp-shaped color patch; reason=aspect bbox=218x53px
[gazebo_track_car-2] [INFO] [1781167748.371618760] [gazebo_track_car]: camera traffic-light green candidate ignored as non-lamp-shaped color patch; reason=aspect bbox=411x77px
[gazebo_track_car-2] [INFO] [1781167748.410647912] [gazebo_track_car]: camera traffic-light green candidate ignored as non-lamp-shaped color patch; reason=aspect bbox=114x11px
[gazebo_track_car-2] [INFO] [1781167748.410918962] [gazebo_track_car]: camera traffic-light green candidate ignored as non-lamp-shaped color patch; reason=aspect bbox=220x54px
[gazebo_track_car-2] [INFO] [1781167748.411107688] [gazebo_track_car]: camera traffic-light green candidate ignored as non-lamp-shaped color patch; reason=aspect bbox=410x77px
[gazebo_track_car-2] [INFO] [1781167748.413902558] [gazebo_track_car]: camera_sign=camera_sign_speed_limit source=camera kind=speed_limit_sign maneuver=- score=0.43 area=600px bbox=20x30px center=(703,198)
[gazebo_track_car-2] [WARN] [1781167748.417997936] [gazebo_track_car]: JITTER events=10 reasons=speed_delta=0.129m/s pos=(+1.005,+0.582) step=0.0042/0.0000m yaw=0.001/0.000rad route=flat_left_mid_to_mid_top_right_entry
[gazebo_track_car-2] [INFO] [1781167748.446684189] [gazebo_track_car]: camera traffic-light green candidate ignored as non-lamp-shaped color patch; reason=aspect bbox=114x11px
[gazebo_track_car-2] [INFO] [1781167748.447475869] [gazebo_track_car]: camera traffic-light green candidate ignored as non-lamp-shaped color patch; reason=aspect bbox=222x55px
[gazebo_track_car-2] [INFO] [1781167748.447900579] [gazebo_track_car]: camera traffic-light green candidate ignored as non-lamp-shaped color patch; reason=aspect bbox=409x76px
[gazebo_track_car-2] [INFO] [1781167748.451060426] [gazebo_track_car]: camera speed-limit candidate ignored as solid red lamp-like blob; segment=flat_left_mid_to_mid_top_right_entry component_bbox=9x16px red_fill=0.71
[gazebo_track_car-2] [INFO] [1781167748.478170883] [gazebo_track_car]: camera traffic-light green candidate ignored as non-lamp-shaped color patch; reason=aspect bbox=114x11px
[gazebo_track_car-2] [INFO] [1781167748.478447424] [gazebo_track_car]: camera traffic-light green candidate ignored as non-lamp-shaped color patch; reason=aspect bbox=222x55px
[gazebo_track_car-2] [INFO] [1781167748.478631400] [gazebo_track_car]: camera traffic-light green candidate ignored as non-lamp-shaped color patch; reason=aspect bbox=409x76px
[gazebo_track_car-2] [INFO] [1781167748.504479279] [gazebo_track_car]: camera traffic-light green candidate ignored as non-lamp-shaped color patch; reason=aspect bbox=114x11px
[gazebo_track_car-2] [INFO] [1781167748.505248497] [gazebo_track_car]: camera traffic-light green candidate ignored as non-lamp-shaped color patch; reason=aspect bbox=222x55px
[gazebo_track_car-2] [INFO] [1781167748.505493739] [gazebo_track_car]: camera traffic-light green candidate ignored as non-lamp-shaped color patch; reason=aspect bbox=409x76px
[gazebo_track_car-2] [INFO] [1781167748.545710314] [gazebo_track_car]: camera traffic-light green candidate ignored as non-lamp-shaped color patch; reason=aspect bbox=113x11px
[gazebo_track_car-2] [INFO] [1781167748.546016380] [gazebo_track_car]: camera traffic-light green candidate ignored as non-lamp-shaped color patch; reason=aspect bbox=222x55px
[gazebo_track_car-2] [INFO] [1781167748.546213201] [gazebo_track_car]: camera traffic-light green candidate ignored as non-lamp-shaped color patch; reason=aspect bbox=409x76px
[gazebo_track_car-2] [INFO] [1781167748.549924816] [gazebo_track_car]: camera speed-limit candidate ignored as solid red lamp-like blob; segment=flat_left_mid_to_mid_top_right_entry component_bbox=10x17px red_fill=0.64
[gazebo_track_car-2] [INFO] [1781167748.580969949] [gazebo_track_car]: camera traffic-light green candidate ignored as non-lamp-shaped color patch; reason=aspect bbox=119x12px
[gazebo_track_car-2] [INFO] [1781167748.581266988] [gazebo_track_car]: camera traffic-light green candidate ignored as non-lamp-shaped color patch; reason=aspect bbox=222x55px
[gazebo_track_car-2] [INFO] [1781167748.581448911] [gazebo_track_car]: camera traffic-light green candidate ignored as non-lamp-shaped color patch; reason=aspect bbox=407x75px
[gazebo_track_car-2] [INFO] [1781167748.584563774] [gazebo_track_car]: camera speed-limit candidate ignored as solid red lamp-like blob; segment=flat_left_mid_to_mid_top_right_entry component_bbox=9x17px red_fill=0.69
[gazebo_track_car-2] [INFO] [1781167748.601285617] [gazebo_track_car]: camera traffic-light green candidate ignored as non-lamp-shaped color patch; reason=aspect bbox=118x12px
[gazebo_track_car-2] [INFO] [1781167748.601555064] [gazebo_track_car]: camera traffic-light green candidate ignored as non-lamp-shaped color patch; reason=aspect bbox=226x56px
[gazebo_track_car-2] [INFO] [1781167748.601738319] [gazebo_track_car]: camera traffic-light green candidate ignored as non-lamp-shaped color patch; reason=aspect bbox=407x74px
[gazebo_track_car-2] [INFO] [1781167748.604350663] [gazebo_track_car]: camera sign seen but action is waiting until closer; detected=speed_limit_sign sign=camera_sign_speed_limit scene_sign=palette_speed_limit_03_yaw_270 sign_dist=2.768m action_dist<=0.95m
[gazebo_track_car-2] [INFO] [1781167748.648013486] [gazebo_track_car]: camera traffic-light green candidate ignored as non-lamp-shaped color patch; reason=aspect bbox=118x12px
[gazebo_track_car-2] [INFO] [1781167748.648282523] [gazebo_track_car]: camera traffic-light green candidate ignored as non-lamp-shaped color patch; reason=aspect bbox=228x57px
[gazebo_track_car-2] [INFO] [1781167748.648561899] [gazebo_track_car]: camera traffic-light green candidate ignored as non-lamp-shaped color patch; reason=aspect bbox=406x73px
[gazebo_track_car-2] [INFO] [1781167748.651678485] [gazebo_track_car]: camera speed-limit candidate ignored as solid red lamp-like blob; segment=flat_left_mid_to_mid_top_right_entry component_bbox=10x17px red_fill=0.67
[gazebo_track_car-2] [INFO] [1781167748.681119097] [gazebo_track_car]: camera traffic-light green candidate ignored as non-lamp-shaped color patch; reason=aspect bbox=118x12px
[gazebo_track_car-2] [INFO] [1781167748.681483162] [gazebo_track_car]: camera traffic-light green candidate ignored as non-lamp-shaped color patch; reason=aspect bbox=230x58px
[gazebo_track_car-2] [INFO] [1781167748.681691104] [gazebo_track_car]: camera traffic-light green candidate ignored as non-lamp-shaped color patch; reason=aspect bbox=405x73px
[gazebo_track_car-2] [INFO] [1781167748.685946132] [gazebo_track_car]: camera speed-limit candidate ignored as solid red lamp-like blob; segment=flat_left_mid_to_mid_top_right_entry component_bbox=10x18px red_fill=0.67
[gazebo_track_car-2] [INFO] [1781167748.724948191] [gazebo_track_car]: camera traffic-light green candidate ignored as non-lamp-shaped color patch; reason=aspect bbox=117x12px
[gazebo_track_car-2] [INFO] [1781167748.725218059] [gazebo_track_car]: camera traffic-light green candidate ignored as non-lamp-shaped color patch; reason=aspect bbox=233x58px
[gazebo_track_car-2] [INFO] [1781167748.725458271] [gazebo_track_car]: camera traffic-light green candidate ignored as non-lamp-shaped color patch; reason=aspect bbox=405x72px
[gazebo_track_car-2] [INFO] [1781167748.751001328] [gazebo_track_car]: camera traffic-light green candidate ignored as non-lamp-shaped color patch; reason=aspect bbox=122x13px
[gazebo_track_car-2] [INFO] [1781167748.751277328] [gazebo_track_car]: camera traffic-light green candidate ignored as non-lamp-shaped color patch; reason=aspect bbox=235x59px
[gazebo_track_car-2] [INFO] [1781167748.751461885] [gazebo_track_car]: camera traffic-light green candidate ignored as non-lamp-shaped color patch; reason=aspect bbox=404x71px
[gazebo_track_car-2] [INFO] [1781167748.755399376] [gazebo_track_car]: camera speed-limit candidate ignored as solid red lamp-like blob; segment=flat_left_mid_to_mid_top_right_entry component_bbox=11x19px red_fill=0.62
Cannot run the event loop while another loop is running
