t_wall,stamp_ns,segment,distance_on_segment_m,segment_length_m,segment_progress,decision,pending_maneuver,pending_source,camera_parking_armed,visible_instruction,applied_instruction,parking_route,stopped_at_terminal,effective_speed_mps,active_speed_mps,traffic_light_state,camera_traffic_light_state,traffic_light_control_state,map_x,map_y,yaw,actual_map_x,actual_map_y,actual_yaw
0.13658559000032255,51212000000,inner_middle_cross_reverse,1.7736828242306117,5.461513532244725,0.32476030934626543,route/left from camera_sign_turn_left: inner_middle_cross_reverse delta=+92.1deg,,,,camera_sign_speed_limit,camera_sign_turn_left,False,False,0.14,0.28,red,red,red,182.37688079345835,125.8,3.141592653589793,179.84943953446822,125.84726688485163,3.134876175172211
0.13680874199963,51315000000,inner_middle_cross_reverse,1.7880798087731118,5.461513532244725,0.3273963889709886,route/left from camera_sign_turn_left: inner_middle_cross_reverse delta=+92.1deg,,,,camera_sign_speed_limit,camera_sign_turn_left,False,False,0.14,0.28,red,red,red,181.76260945297835,125.8,3.141592653589793,179.2531007532093,125.84109254298238,3.1355734079150164
0.30699514000025374,51512000000,inner_middle_cross_reverse,1.8156033816882073,5.461513532244725,0.3324359394092685,route/left from camera_sign_turn_left: inner_middle_cross_reverse delta=+92.1deg,,,,camera_sign_speed_limit,camera_sign_turn_left,False,False,0.14,0.28,red,red,red,180.5882703419343,125.8,3.141592653589793,178.06032487649802,125.8303939579736,3.1368384739196054
0.5083505980001064,51710000000,inner_middle_cross_reverse,1.8433024865909964,5.461513532244725,0.3375076296539697,route/left from camera_sign_turn_left: inner_middle_cross_reverse delta=+92.1deg,,,,camera_sign_speed_limit,camera_sign_turn_left,False,False,0.14,0.28,red,red,red,179.40644186608196,125.8,3.141592653589793,176.9877377807457,125.82343088439927,3.137570202624335
0.608002889999625,51810000000,inner_middle_cross_reverse,1.8572857503796398,5.461513532244725,0.3400679572455954,route/left from camera_sign_turn_left: inner_middle_cross_reverse delta=+92.1deg,,,,camera_sign_speed_limit,camera_sign_turn_left,False,False,0.14,0.28,red,red,red,178.80982261109983,125.8,3.141592653589793,176.39170417640327,125.81977942425044,3.137999954068086
0.7081064040003184,51910000000,inner_middle_cross_reverse,1.871288187349204,5.461513532244725,0.3426317954356674,route/left from camera_sign_turn_left: inner_middle_cross_reverse delta=+92.1deg,,,,camera_sign_speed_limit,camera_sign_turn_left,False,False,0.14,0.28,red,red,red,178.21238530039844,125.8,3.141592653589793,175.79562281689826,125.81646957684093,3.138399881282028
0.9088396659999489,52111000000,inner_middle_cross_reverse,1.8994063852554817,5.461513532244725,0.34778022136929704,route/left from camera_sign_turn_left: inner_middle_cross_reverse delta=+92.1deg,,,,camera_sign_speed_limit,camera_sign_turn_left,False,False,0.14,0.28,red,red,red,177.0126755230639,125.8,3.141592653589793,174.60373035230458,125.81138030066046,3.13896041271107
1.0094411660002152,52215000000,inner_middle_cross_reverse,1.913952826601953,5.461513532244725,0.3504436664492349,route/left from camera_sign_turn_left: inner_middle_cross_reverse delta=+92.1deg,,,,camera_sign_speed_limit,camera_sign_turn_left,False,False,0.14,0.28,red,red,red,176.39202735894781,125.8,3.141592653589793,173.88802116949347,125.80844637665862,3.1393760746608623
1.2105257809998875,52416000000,inner_middle_cross_reverse,1.942093614564127,5.461513532244725,0.355596228609162,route/left from camera_sign_turn_left: inner_middle_cross_reverse delta=+92.1deg,,,,camera_sign_speed_limit,camera_sign_turn_left,False,False,0.14,0.28,red,red,red,175.1913537392284,125.8,3.141592653589793,172.69433863873994,125.80439102020902,3.1400683738919386
1.3110459370000171,52516000000,inner_middle_cross_reverse,1.9560861037763302,5.461513532244725,0.3581582453705582,route/left from camera_sign_turn_left: inner_middle_cross_reverse delta=+92.1deg,,,,camera_sign_speed_limit,camera_sign_turn_left,False,False,0.28,0.28,red,red,red,174.59434086617438,125.8,3.141592653589793,172.0974187363545,125.80292519991133,3.140335333310166
1.5291753100000278,52714000000,inner_middle_cross_reverse,2.01149349632153,5.461513532244725,0.3683033072143264,route/left from camera_sign_turn_left: inner_middle_cross_reverse delta=+92.1deg,,,,camera_sign_speed_limit,camera_sign_turn_left,False,False,0.28,0.28,red,red,red,172.23029211757918,125.8,3.141592653589793,169.9044662885244,125.79885833381627,3.14110238037149
1.72069294099947,52916000000,inner_middle_cross_reverse,2.0680326325653797,5.461513532244725,0.3786555906811792,route/left from camera_sign_turn_left: inner_middle_cross_reverse delta=+92.1deg,,,,camera_sign_turn_left,camera_sign_turn_left,False,False,0.28,0.28,red,red,red,169.8179556378416,125.8,3.141592653589793,167.51603108963428,125.79725290607387,3.141286240423398
1.9150902189994667,53114000000,inner_middle_cross_reverse,2.123453805712707,5.461513532244725,0.38880317574530493,route/left from camera_sign_turn_left: inner_middle_cross_reverse delta=+92.1deg,,,,camera_sign_turn_left,camera_sign_turn_left,False,False,0.28,0.28,red,red,red,167.45331891688897,125.8,3.141592653589793,165.12751694668322,125.79619386248477,3.1414252180745112
2.015178829999968,53216000000,inner_middle_cross_reverse,2.152004755696946,5.461513532244725,0.39403083833657654,route/left from camera_sign_turn_left: inner_middle_cross_reverse delta=+92.1deg,,,,camera_sign_turn_left,camera_sign_turn_left,False,False,0.28,0.28,red,red,red,166.23514505089477,125.8,3.141592653589793,163.93323218423868,125.79584237412337,3.1414748903114886
2.1151483359999474,53316000000,inner_middle_cross_reverse,2.179996211123764,5.461513532244725,0.3991560577948011,route/left from camera_sign_turn_left: inner_middle_cross_reverse delta=+92.1deg,,,,camera_sign_turn_left,camera_sign_turn_left,False,False,0.28,0.28,red,red,red,165.04084295268387,125.8,3.141592653589793,162.7389321631453,125.79558536397418,3.141512070142151
2.2213407339995683,53416000000,inner_middle_cross_reverse,2.207987862336306,5.461513532244725,0.4042813131012798,route/left from camera_sign_turn_left: inner_middle_cross_reverse delta=+92.1deg,,,,camera_sign_speed_limit,camera_sign_turn_left,False,False,0.28,0.28,red,red,red,163.84653250094874,125.8,3.141592653589793,161.54462218627395,125.79539951832459,3.1415395352765603
2.3213219179997395,53519000000,inner_middle_cross_reverse,2.236819350605249,5.461513532244725,0.40956034209181913,route/left from camera_sign_turn_left: inner_middle_cross_reverse delta=+92.1deg,,,,camera_sign_speed_limit,camera_sign_turn_left,False,False,0.28,0.28,red,red,red,162.61638900147383,125.8,3.141592653589793,160.35030675481318,125.79526713130713,3.141559549451175
2.4187408039997536,53620000000,inner_middle_cross_reverse,2.265091025769694,5.461513532244725,0.41473686962352424,route/left from camera_sign_turn_left: inner_middle_cross_reverse delta=+92.1deg,,,,camera_sign_speed_limit,camera_sign_turn_left,False,False,0.28,0.28,red,red,red,161.4101308611242,125.8,3.141592653589793,159.1559901995491,125.79518170813814,3.1415715605340306
2.6189129269996556,53822000000,inner_middle_cross_reverse,2.321634427308767,5.461513532244725,0.4250899340634897,route/left from camera_sign_turn_left: inner_middle_cross_reverse delta=+92.1deg,,,,camera_sign_turn_right,camera_sign_turn_left,False,False,0.28,0.28,red,red,red,158.99761239545708,125.8,3.141592653589793,156.7673572825408,125.79507889023785,3.141585353180845
2.820609049000268,54022000000,inner_middle_cross_reverse,2.377617915520648,5.461513532244725,0.4353404786939031,route/left from camera_sign_turn_left: inner_middle_cross_reverse delta=+92.1deg,,,,camera_sign_turn_right,camera_sign_turn_left,False,False,0.28,0.28,red,red,red,156.6089835650835,125.8,3.141592653589793,154.37872487702907,125.79502820973809,3.1415909984028736
2.9206610519995593,54123000000,inner_middle_cross_reverse,2.4058894119298575,5.461513532244725,0.44051697349562696,route/left from camera_sign_turn_left: inner_middle_cross_reverse delta=+92.1deg,,,,camera_sign_turn_right,camera_sign_turn_left,False,False,0.28,0.28,red,red,red,155.40273305162387,125.8,3.141592653589793,153.18441474543496,125.79501129727959,3.141592243069526
3.1269380439998713,54319000000,inner_middle_cross_reverse,2.4607015182916,5.461513532244725,0.4505530387801186,route/left from camera_sign_turn_left: inner_middle_cross_reverse delta=+92.1deg,,,,camera_sign_turn_right,camera_sign_turn_left,False,False,0.28,0.28,red,red,red,153.06408318018953,125.8,3.141592653589793,150.79648307546887,125.79496367841676,-3.1415061556772854
3.2405379069996343,54421000000,inner_middle_cross_reverse,2.4892615182916003,5.461513532244725,0.45578235842409315,route/left from camera_sign_turn_left: inner_middle_cross_reverse delta=+92.1deg,,,,camera_sign_speed_limit,camera_sign_turn_left,False,False,0.28,0.28,red,red,red,151.84552318018953,125.8,3.141592653589793,149.6026217454844,125.79506612084349,-3.14143093698696
3.3263178619999962,54531000000,inner_middle_cross_reverse,2.5200431040528053,5.461513532244725,0.4614184491486644,route/left from camera_sign_turn_left: inner_middle_cross_reverse delta=+92.1deg,,,,camera_sign_speed_limit,camera_sign_turn_left,False,False,0.28,0.28,red,red,red,150.53217552104476,125.8,3.141592653589793,148.17010566968088,125.79529471738043,-3.141337041354581
3.4302916010001354,54631000000,inner_middle_cross_reverse,2.548036771445885,5.461513532244725,0.4665440736166449,route/left from camera_sign_turn_left: inner_middle_cross_reverse delta=+92.1deg,,,,camera_sign_speed_limit,camera_sign_turn_left,False,False,0.28,0.28,red,yellow,yellow,149.3377790456067,125.8,3.141592653589793,146.97581622116772,125.79549308296656,-3.141284586647716
3.531133815999965,54731000000,inner_middle_cross_reverse,2.5760314948705982,5.461513532244725,0.4716698914434126,route/left from camera_sign_turn_left: inner_middle_cross_reverse delta=+92.1deg,,,,camera_sign_speed_limit,camera_sign_turn_left,False,False,0.28,0.28,red,yellow,yellow,148.14333751281893,125.8,3.141592653589793,145.78138358413986,125.79570617968173,-3.1412320163825638
3.7254883349996817,54911000000,inner_middle_cross_reverse,2.6264280589187736,5.461513532244725,0.4808974734590269,route/left from camera_sign_turn_left: inner_middle_cross_reverse delta=+92.1deg,,,,camera_sign_turn_right,camera_sign_turn_left,False,False,0.28,0.28,red,green,green,145.99308411343011,125.8,3.141592653589793,143.87128607373137,125.79638432450704,-3.141171390261655
3.825812852999661,55018000000,inner_middle_cross_reverse,2.6563880589187736,5.461513532244725,0.4863831323012354,route/left from camera_sign_turn_left: inner_middle_cross_reverse delta=+92.1deg,,,,camera_sign_turn_right,camera_sign_turn_left,False,False,0.28,0.28,red,green,green,144.7147907800968,125.8,3.141592653589793,142.43900714653492,125.79693332250119,-3.141162668177938
3.9298832940003194,55118000000,inner_middle_cross_reverse,2.6843880589187736,5.461513532244725,0.49150991626591634,route/left from camera_sign_turn_left: inner_middle_cross_reverse delta=+92.1deg,,,,camera_sign_turn_right,camera_sign_turn_left,False,False,0.28,0.28,red,green,green,143.52012411343011,125.8,3.141592653589793,141.2457381377533,125.79745632761819,-3.141184340647509
4.026629392999894,55224000000,inner_middle_cross_reverse,2.7140344883383483,5.461513532244725,0.49693816051442774,route/left from camera_sign_turn_left: inner_middle_cross_reverse delta=+92.1deg,,,,camera_sign_turn_right,camera_sign_turn_left,False,False,0.28,0.28,red,green,green,142.25520979152827,125.8,3.141592653589793,140.05181737591238,125.79789359952842,-3.141151048923293
4.227555198000118,55420000000,inner_middle_cross_reverse,2.768897257286472,5.461513532244725,0.5069835020894718,route/left from camera_sign_turn_left: inner_middle_cross_reverse delta=+92.1deg,,,,camera_sign_turn_right,camera_sign_turn_left,False,False,0.28,0.28,red,green,green,139.91439831640832,125.8,3.141592653589793,137.66398269715438,125.79907082147102,-3.140877367025998
4.42887013499967,55620000000,inner_middle_cross_reverse,2.8248693314551643,5.461513532244725,0.517231956815114,route/left from camera_sign_turn_left: inner_middle_cross_reverse delta=+92.1deg,,,,camera_sign_turn_right,camera_sign_turn_left,False,False,0.28,0.28,red,green,green,137.52625648521078,125.8,3.141592653589793,135.27693112471374,125.8004752769979,-3.140541276204078
4.5303912029994535,55720000000,inner_middle_cross_reverse,2.8528522196874633,5.461513532244725,0.5223556076249286,route/left from camera_sign_turn_left: inner_middle_cross_reverse delta=+92.1deg,,,,camera_sign_turn_right,camera_sign_turn_left,False,False,0.28,0.28,red,green,green,136.3323199206327,125.8,3.141592653589793,134.08373098957006,125.8013243411929,-3.1403711481967975
4.629129019999709,55823000000,inner_middle_cross_reverse,2.881673191081404,5.461513532244725,0.527632710981678,route/left from camera_sign_turn_left: inner_middle_cross_reverse delta=+92.1deg,,,,camera_sign_turn_right,camera_sign_turn_left,False,False,0.28,0.28,red,green,green,135.1026251411579,125.8,3.141592653589793,132.8906811752021,125.80246434458935,-3.1402379330501846
4.729599883999981,55924000000,inner_middle_cross_reverse,2.909931780769731,5.461513532244725,0.5328068425701998,route/left from camera_sign_turn_left: inner_middle_cross_reverse delta=+92.1deg,,,,camera_sign_turn_right,camera_sign_turn_left,False,False,0.28,0.28,red,green,green,133.89692531445596,125.8,3.141592653589793,131.69774696517428,125.8040457654256,-3.1401876155049173
4.830789700999958,56025000000,inner_middle_cross_reverse,2.9381875479594837,5.461513532244725,0.5379804573608491,route/left from camera_sign_turn_left: inner_middle_cross_reverse delta=+92.1deg,,,,camera_sign_turn_right,camera_sign_turn_left,False,False,0.28,0.28,green,green,green,132.69134591435983,125.8,3.141592653589793,130.50493188039306,125.80591292234837,-3.1402068614212846
5.030855340000016,56226000000,inner_middle_cross_reverse,2.9944124044145797,5.461513532244725,0.548275196378366,route/left from camera_sign_turn_left: inner_middle_cross_reverse delta=+92.1deg,,,,camera_sign_turn_right,camera_sign_turn_left,False,False,0.28,0.28,green,green,green,130.29241870560907,125.8,3.141592653589793,128.11959139151597,125.80986266937208,-3.1403856877959386
5.2314079139996466,56424000000,inner_middle_cross_reverse,3.0497934739727435,5.461513532244725,0.5584154384982828,route/left from camera_sign_turn_left: inner_middle_cross_reverse delta=+92.1deg,,,,camera_sign_turn_right,camera_sign_turn_left,False,False,0.28,0.28,green,green,green,127.92949307112741,125.8,3.141592653589793,125.73447440641557,125.8134666483522,-3.140660381960496
5.4329180120003,56623000000,inner_middle_cross_reverse,3.105454490275969,5.461513532244725,0.5686069387068978,route/left from camera_sign_turn_left: inner_middle_cross_reverse delta=+92.1deg,,,,camera_sign_turn_right,camera_sign_turn_left,False,False,0.28,0.28,green,green,green,125.55462304218979,125.8,3.141592653589793,123.34937786989263,125.81653900149605,-3.1409564906174356
5.533463908000158,56724000000,inner_middle_cross_reverse,3.1337048964034997,5.461513532244725,0.5737795718901245,route/left from camera_sign_turn_left: inner_middle_cross_reverse delta=+92.1deg,,,,camera_sign_turn_right,camera_sign_turn_left,False,False,0.28,0.28,green,green,green,124.34927238074847,125.8,3.141592653589793,122.1568133634317,125.81782677978661,-3.141097020590937
5.640290213999833,56825000000,inner_middle_cross_reverse,3.161955437880985,5.461513532244725,0.5789522298558504,route/left from camera_sign_turn_left: inner_middle_cross_reverse delta=+92.1deg,,,,camera_sign_turn_right,camera_sign_turn_left,False,False,0.28,0.28,green,green,green,123.14391594437576,125.8,3.141592653589793,120.96423717681864,125.81889949190924,-3.141226943264363
5.835835642999882,57024000000,inner_middle_cross_reverse,3.2176178505997868,5.461513532244725,0.5891439857473576,route/left from camera_sign_turn_left: inner_middle_cross_reverse delta=+92.1deg,,,,camera_sign_turn_right,camera_sign_turn_left,False,False,0.28,0.28,green,green,green,120.76898633504022,125.8,3.141592653589793,118.57905875469514,125.82034931872742,-3.1414423164320127
5.9403723759996865,57126000000,inner_middle_cross_reverse,3.246148994182945,5.461513532244725,0.5943680217979341,route/left from camera_sign_turn_left: inner_middle_cross_reverse delta=+92.1deg,,,,camera_sign_turn_right,camera_sign_turn_left,False,False,0.28,0.28,green,green,green,119.55165754215881,125.8,3.141592653589793,117.38644626033773,125.82078424954851,-3.141520418828488
6.040780190999612,57226000000,inner_middle_cross_reverse,3.2741212152618058,5.461513532244725,0.5994897194580632,route/left from camera_sign_turn_left: inner_middle_cross_reverse delta=+92.1deg,,,,camera_sign_turn_right,camera_sign_turn_left,False,False,0.28,0.28,green,green,green,118.35817610946076,125.8,3.141592653589793,116.19381855289583,125.82110938554052,-3.1415826049683653
6.237263130999963,57423000000,inner_middle_cross_reverse,3.3292266738557528,5.461513532244725,0.6095794973682716,route/left from camera_sign_turn_left: inner_middle_cross_reverse delta=+92.1deg,,,,camera_sign_turn_right,camera_sign_turn_left,False,False,0.28,0.28,green,green,green,116.00700987611901,125.8,3.141592653589793,113.80853457717173,125.82150137333363,3.141526277636077
6.337566350000088,57525000000,inner_middle_cross_reverse,3.357758179795692,5.461513532244725,0.6148035997661673,route/left from camera_sign_turn_left: inner_middle_cross_reverse delta=+92.1deg,,,,camera_sign_turn_right,camera_sign_turn_left,False,False,0.28,0.28,green,green,green,114.7896656226816,125.8,3.141592653589793,112.61588532204576,125.82161035752043,3.1414922094772337
6.44403998999951,57626000000,inner_middle_cross_reverse,3.3860097729028427,5.461513532244725,0.6199764502846825,route/left from camera_sign_turn_left: inner_middle_cross_reverse delta=+92.1deg,,,,camera_sign_turn_right,camera_sign_turn_left,False,False,0.28,0.28,green,green,green,113.58426431677651,125.8,3.141592653589793,111.18467989209178,125.82167588740819,3.141444165269876
6.54089345400007,57726000000,inner_middle_cross_reverse,3.4139816332583854,5.461513532244725,0.6250980818965787,route/left from camera_sign_turn_left: inner_middle_cross_reverse delta=+92.1deg,,,,camera_sign_turn_right,camera_sign_turn_left,False,False,0.28,0.28,green,green,green,112.39079827494002,125.8,3.141592653589793,110.23053717435305,125.82168577991662,3.141406979788653
6.638672265999958,57826000000,inner_middle_cross_reverse,3.441954496681315,5.461513532244725,0.6302198971695389,route/left from camera_sign_turn_left: inner_middle_cross_reverse delta=+92.1deg,,,,camera_sign_turn_right,camera_sign_turn_left,False,False,0.28,0.28,green,green,green,111.19728943556169,125.8,3.141592653589793,109.03780158095746,125.82167361978883,3.1413624790577876
6.744147299999895,57926000000,inner_middle_cross_reverse,3.469928047588602,5.461513532244725,0.6353418383204911,route/left from camera_sign_turn_left: inner_middle_cross_reverse delta=+92.1deg,,,,camera_sign_turn_right,camera_sign_turn_left,False,False,0.28,0.28,green,green,green,110.00375126351746,125.8,3.141592653589793,107.84501651182501,125.82165000261469,3.1413213150112695
6.840019790999577,58028000000,inner_middle_cross_reverse,3.4984615587640513,5.461513532244725,0.6405663078758602,route/left from camera_sign_turn_left: inner_middle_cross_reverse delta=+92.1deg,,,,camera_sign_turn_right,camera_sign_turn_left,False,False,0.28,0.28,green,green,green,108.78632145336495,125.8,3.141592653589793,106.6521906295335,125.82161537798572,3.1412826813943933
6.940611514999546,58130000000,inner_middle_cross_reverse,3.526995288402037,5.461513532244725,0.6457908174315947,route/left from camera_sign_turn_left: inner_middle_cross_reverse delta=+92.1deg,,,,camera_sign_turn_right,camera_sign_turn_left,False,False,0.28,0.28,green,green,green,107.56888232214423,125.8,3.141592653589793,105.45932511158263,125.8215540691551,3.141243686326744
7.041215502000341,58230000000,inner_middle_cross_reverse,3.554969557742041,5.461513532244725,0.650912890127166,route/left from camera_sign_turn_left: inner_middle_cross_reverse delta=+92.1deg,,,,camera_sign_turn_right,camera_sign_turn_left,False,False,0.28,0.28,green,green,green,106.37531349697072,125.8,3.141592653589793,104.26642045301833,125.82144615058888,3.1412010428477974
7.2446995929994955,58429000000,inner_middle_cross_reverse,3.610639314855582,5.461513532244725,0.661105990773144,route/left from camera_sign_turn_left: inner_middle_cross_reverse delta=+92.1deg,,,,camera_sign_turn_right,camera_sign_turn_left,False,False,0.28,0.28,green,yellow,yellow,104.00007052679297,125.8,3.141592653589793,101.88047475358714,125.82107916473569,3.141103050875894
7.3432762109996474,58529000000,inner_middle_cross_reverse,3.63861567475978,5.461513532244725,0.666228446249822,route/left from camera_sign_turn_left: inner_middle_cross_reverse delta=+92.1deg,,,,camera_sign_turn_right,camera_sign_turn_left,False,False,0.28,0.28,green,yellow,yellow,102.80641250421384,125.8,3.141592653589793,100.68740916619062,125.82086274559444,3.141049584713678
7.444111595000322,58631000000,inner_middle_cross_reverse,3.6671527173525886,5.461513532244725,0.6714535624056872,route/left from camera_sign_turn_left: inner_middle_cross_reverse delta=+92.1deg,,,,camera_sign_turn_right,camera_sign_turn_left,False,False,0.28,0.28,green,yellow,yellow,101.58883202025402,125.8,3.141592653589793,99.49424896209251,125.82064834535807,3.140996632619183
7.646759467000265,58832000000,inner_middle_cross_reverse,3.723389728929808,5.461513532244725,0.6817505270191038,route/left from camera_sign_turn_left: inner_middle_cross_reverse delta=+92.1deg,,,,camera_sign_turn_right,camera_sign_turn_left,False,False,0.28,0.28,green,,,99.18938619295932,125.8,3.141592653589793,96.86902457276112,125.82012860691863,3.1408683466369633
7.745143832999929,58932000000,inner_middle_cross_reverse,3.7513674372516626,5.461513532244725,0.6868732293902824,route/left from camera_sign_turn_left: inner_middle_cross_reverse delta=+92.1deg,,,,camera_sign_turn_right,camera_sign_turn_left,False,False,0.28,0.28,green,,,97.99567063789353,125.8,3.141592653589793,95.67572909580389,125.8197882055419,3.140758426948415
7.945456075000038,59134000000,inner_middle_cross_reverse,3.807775207950168,5.461513532244725,0.6972014599010145,route/left from camera_sign_turn_left: inner_middle_cross_reverse delta=+92.1deg,,,,camera_sign_turn_right,camera_sign_turn_left,False,False,0.28,0.28,green,,,95.58893908809063,125.8,3.141592653589793,93.28990622055905,125.81873106694242,3.1403163215677283
8.04636253300032,59236000000,inner_middle_cross_reverse,3.83633061745956,5.461513532244725,0.7024299390287876,route/left from camera_sign_turn_left: inner_middle_cross_reverse delta=+92.1deg,,,,camera_sign_turn_right,camera_sign_turn_left,False,False,0.28,0.28,green,,,94.37057494902322,125.8,3.141592653589793,92.09621626156769,125.81780619022825,3.1401310242564917
8.146443390999593,59337000000,inner_middle_cross_reverse,3.8645867546741295,5.461513532244725,0.7076036215707688,route/left from camera_sign_turn_left: inner_middle_cross_reverse delta=+92.1deg,,,,camera_sign_turn_right,camera_sign_turn_left,False,False,0.28,0.28,green,,,93.16497976120161,125.8,3.141592653589793,90.90211845557448,125.81659581384264,3.1399430004178077
8.347222956999758,59534000000,inner_middle_cross_reverse,3.9197374401932144,5.461513532244725,0.717701680505069,route/left from camera_sign_turn_left: inner_middle_cross_reverse delta=+92.1deg,,,,camera_sign_turn_right,camera_sign_turn_left,False,False,0.28,0.28,green,,,90.81188384572064,125.8,3.141592653589793,88.51415124479678,125.812912826582,3.13982457219493
8.447612518999449,59634000000,inner_middle_cross_reverse,3.9477259029937937,5.461513532244725,0.7228263520151432,route/left from camera_sign_turn_left: inner_middle_cross_reverse delta=+92.1deg,,,,camera_sign_speed_limit,camera_sign_turn_left,False,False,0.28,0.28,green,green,green,89.61770943289594,125.8,3.141592653589793,87.32066125956916,125.81098055678241,3.1397969254663574
8.55122481699982,59737000000,inner_middle_cross_reverse,3.9765289180414523,5.461513532244725,0.7281001675751717,route/left from camera_sign_turn_left: inner_middle_cross_reverse delta=+92.1deg,,,,camera_sign_turn_right,camera_sign_speed_limit,False,False,0.28,0.28,green,green,green,88.38878079086251,125.8,3.141592653589793,86.12687774363557,125.80874272099821,3.1398917563037654
8.748380748999807,59936000000,inner_middle_cross_reverse,4.032218418604927,5.461513532244725,0.7382968832355257,route/left from camera_sign_turn_left: inner_middle_cross_reverse delta=+92.1deg,,,,camera_sign_turn_right,camera_sign_speed_limit,False,False,0.28,0.28,green,green,green,86.01269543348758,125.8,3.141592653589793,83.73900696586966,125.80436787557096,3.1402543386515944
8.85010042399972,60037000000,inner_middle_cross_reverse,4.060455869737711,5.461513532244725,0.7434671443666335,route/left from camera_sign_turn_left: inner_middle_cross_reverse delta=+92.1deg,,,,camera_sign_turn_right,camera_sign_speed_limit,False,False,0.28,0.28,green,green,green,84.80789751848877,125.8,3.141592653589793,82.5451261342941,125.80251824360337,3.140450497478657
8.95081540999945,60138000000,inner_middle_cross_reverse,4.088672287031463,5.461513532244725,0.7486335542138604,route/left from camera_sign_turn_left: inner_middle_cross_reverse delta=+92.1deg,,,,camera_sign_turn_right,camera_sign_speed_limit,False,False,0.28,0.28,green,,,83.60399704728869,125.8,3.141592653589793,81.35153876657839,125.80095087245049,3.1405970350735752
9.051327342999684,60240000000,inner_middle_cross_reverse,4.117231252623442,5.461513532244725,0.7538626844583185,route/left from camera_sign_turn_left: inner_middle_cross_reverse delta=+92.1deg,,,,camera_sign_turn_right,camera_sign_speed_limit,False,False,0.28,0.28,green,,,82.38548118203096,125.8,3.141592653589793,80.1582275888129,125.79953064471744,3.14070834322003
9.25226621999991,60438000000,inner_middle_cross_reverse,4.172641278913915,5.461513532244725,0.7640082285393379,route/left from camera_sign_turn_left: inner_middle_cross_reverse delta=+92.1deg,,,,camera_sign_turn_left,camera_sign_speed_limit,False,False,0.28,0.28,green,,,80.0213200603041,125.8,3.141592653589793,77.77090791684165,125.79705740436835,3.141000552784245
9.354277776000345,60540000000,inner_middle_cross_reverse,4.201183004743695,5.461513532244725,0.7692342021932106,route/left from camera_sign_turn_left: inner_middle_cross_reverse delta=+92.1deg,,,,camera_sign_turn_left,camera_sign_speed_limit,False,False,0.28,0.28,green,,,78.80353975823348,125.8,3.141592653589793,76.57697755271153,125.79617818791755,3.1411492107285772
9.45438729899979,60640000000,inner_middle_cross_reverse,4.229132861644077,5.461513532244725,0.774351804985068,route/left from camera_sign_turn_left: inner_middle_cross_reverse delta=+92.1deg,,,,camera_sign_turn_left,camera_sign_speed_limit,False,False,0.28,0.28,green,,,77.61101253048386,125.8,3.141592653589793,75.38308293347225,125.79549021987103,3.141284636010572
9.55482350999955,60740000000,inner_middle_cross_reverse,4.2571328616440764,5.461513532244725,0.7794785889497488,route/left from camera_sign_turn_left: inner_middle_cross_reverse delta=+92.1deg,,,,camera_sign_turn_left,camera_sign_speed_limit,False,False,0.28,0.28,green,,,76.41634586381721,125.8,3.141592653589793,74.18901114228092,125.79510779575685,3.1414207968728123
9.65566955400027,60841000000,inner_middle_cross_reverse,4.285412861644076,5.461513532244725,0.7846566407540765,route/left from camera_sign_turn_left: inner_middle_cross_reverse delta=+92.1deg,,,,,camera_sign_speed_limit,False,False,0.28,0.28,green,,,75.20973253048388,125.8,3.141592653589793,72.99526135462068,125.79480029619684,3.1415063535576153
9.857661909999479,61039000000,inner_middle_cross_reverse,4.3407619283265575,5.461513532244725,0.7947910231657835,route/left from camera_sign_turn_left: inner_middle_cross_reverse delta=+92.1deg,,,,,camera_sign_speed_limit,False,False,0.28,0.28,yellow,,,72.84817235203136,125.8,3.141592653589793,70.60793055812078,125.7945208747029,-3.1415288294387915
9.957534066000335,61143000000,inner_middle_cross_reverse,4.369827549377581,5.461513532244725,0.8001129217346363,route/left from camera_sign_turn_left: inner_middle_cross_reverse delta=+92.1deg,,,,,camera_sign_speed_limit,False,False,0.28,0.28,yellow,,,71.6080391871877,125.8,3.141592653589793,69.41407791784954,125.79457634015598,-3.141461749961315
10.159510120999585,61345000000,inner_middle_cross_reverse,4.426248941115212,5.461513532244725,0.8104436462498316,route/left from camera_sign_turn_left: inner_middle_cross_reverse delta=+92.1deg,,,,,camera_sign_speed_limit,False,False,0.28,0.28,yellow,,,69.20072647304877,125.8,3.141592653589793,67.02645227482006,125.79493766188537,-3.141335252066191
10.259877507000056,61445000000,inner_middle_cross_reverse,4.454242473324345,5.461513532244725,0.8155692459657088,route/left from camera_sign_turn_left: inner_middle_cross_reverse delta=+92.1deg,,,,,camera_sign_speed_limit,False,False,0.28,0.28,yellow,,,68.00633576545908,125.8,3.141592653589793,65.83207429514263,125.7951162608907,-3.141291191380633
10.360119244000089,61546000000,inner_middle_cross_reverse,4.482516736304517,5.461513532244725,0.8207462473249916,route/left from camera_sign_turn_left: inner_middle_cross_reverse delta=+92.1deg,,,,,camera_sign_speed_limit,False,False,0.28,0.28,yellow,,,66.7999672116384,125.8,3.141592653589793,64.63765389471675,125.79532250306588,-3.1412403120182417
10.464614091999465,61647000000,inner_middle_cross_reverse,4.51079114709319,5.461513532244725,0.8259232757479262,route/left from camera_sign_turn_left: inner_middle_cross_reverse delta=+92.1deg,,,,,camera_sign_speed_limit,False,False,0.28,0.28,yellow,,,65.59359235132169,125.8,3.141592653589793,63.44336091113408,125.79563821588377,-3.1411895354853954
10.661766498999896,61846000000,inner_middle_cross_reverse,4.566434567333434,5.461513532244725,0.8361115541274862,route/left from camera_sign_turn_left: inner_middle_cross_reverse delta=+92.1deg,,,,,camera_sign_speed_limit,False,False,0.28,0.28,yellow,,,63.21947308773797,125.8,3.141592653589793,61.05663455120488,125.79656056353433,-3.1411984781220017
10.761766906999583,61946000000,inner_middle_cross_reverse,4.594429505927372,5.461513532244725,0.8412374113516158,route/left from camera_sign_turn_left: inner_middle_cross_reverse delta=+92.1deg,,,,,camera_sign_speed_limit,False,False,0.28,0.28,yellow,,,62.0250223743966,125.8,3.141592653589793,59.86276013788779,125.79694738125481,-3.141151293935582
10.962849235999784,62144000000,inner_middle_cross_reverse,4.649821986400433,5.461513532244725,0.8513797428035154,route/left from camera_sign_turn_left: inner_middle_cross_reverse delta=+92.1deg,,,,,camera_sign_speed_limit,False,False,0.28,0.28,red,,,59.66160987421267,125.8,3.141592653589793,57.474796232441506,125.7981243169522,-3.1408769580310425
11.063447692999944,62245000000,inner_middle_cross_reverse,4.678066247976937,5.461513532244725,0.8565512509229681,route/left from camera_sign_turn_left: inner_middle_cross_reverse delta=+92.1deg,,,,,camera_sign_speed_limit,False,False,0.28,0.28,red,,,58.45652138028181,125.8,3.141592653589793,56.281071719620385,125.79881329484127,-3.140707092664393
11.163971570000285,62348000000,inner_middle_cross_reverse,4.70670719191467,5.461513532244725,0.8617953913555857,route/left from camera_sign_turn_left: inner_middle_cross_reverse delta=+92.1deg,,,,,camera_sign_speed_limit,False,False,0.28,0.28,red,,,57.2345077722719,125.8,3.141592653589793,55.09362590369615,125.79217229081495,-3.1380262252258118
11.364200838000215,62547000000,inner_middle_cross_reverse,4.758369929710835,5.461513532244725,0.8712548090593318,route/left from camera_sign_turn_left: inner_middle_cross_reverse delta=+92.1deg,,,,,camera_sign_speed_limit,False,False,0.28,0.28,red,,,55.03023095963552,125.8,3.141592653589793,52.86149431592854,125.64177489536931,-3.075956573342747
11.46501335999983,62649000000,inner_middle_cross_reverse,4.783257575422374,5.461513532244725,0.8758117227362096,route/left from camera_sign_turn_left: inner_middle_cross_reverse delta=+92.1deg,,,,,camera_sign_speed_limit,False,False,0.28,0.28,red,,,53.968358075943186,125.8,3.141592653589793,51.80723395435311,125.54889885306302,-3.0201758405069685
11.666365097999915,62846000000,inner_middle_cross_reverse,4.830623971684521,5.461513532244725,0.8844844827655489,route/left from camera_sign_turn_left: inner_middle_cross_reverse delta=+92.1deg,,,,,camera_sign_speed_limit,False,False,0.28,0.28,red,,,51.94739183542488,125.8,3.141592653589793,49.74284848511219,125.46745068621672,-2.8825202199535953
11.766734800999984,62948000000,inner_middle_cross_reverse,4.854903640963776,5.461513532244725,0.8889300763058573,route/left from camera_sign_turn_left: inner_middle_cross_reverse delta=+92.1deg,,,,,camera_sign_speed_limit,False,False,0.28,0.28,red,,,50.91145927951004,125.8,3.141592653589793,48.72133275868039,125.51834724787365,-2.808987627591183
11.870630688000347,63050000000,inner_middle_cross_reverse,4.879432781034053,5.461513532244725,0.8934213478051327,route/left from camera_sign_turn_left: inner_middle_cross_reverse delta=+92.1deg,,,,,camera_sign_speed_limit,False,False,0.28,0.28,red,,,49.86488263651154,125.8,3.141592653589793,47.49701543502756,125.68950727919592,-2.7232308148542397
12.068361898999683,63249000000,inner_middle_cross_reverse,4.928331682070342,5.461513532244725,0.902374708580967,route/left from camera_sign_turn_left: inner_middle_cross_reverse delta=+92.1deg,,,,,camera_sign_speed_limit,False,False,0.28,0.28,red,green,green,47.77852952562989,125.8,-3.003397078360683,45.693143286915145,126.17291827584737,-2.6047410279369374
12.169137250999484,63349000000,inner_middle_cross_reverse,4.952917965911517,5.461513532244725,0.9068764430719682,route/left from camera_sign_turn_left: inner_middle_cross_reverse delta=+92.1deg,,,,,camera_sign_speed_limit,False,False,0.28,0.28,red,green,green,46.7295147484064,125.8,-2.75443881895679,44.71895537731531,126.5535253665346,-2.5453780816470823
12.269739651000236,63453000000,inner_middle_cross_reverse,4.978896361689963,5.461513532244725,0.911633072461435,route/left from camera_sign_turn_left: inner_middle_cross_reverse delta=+92.1deg,,,,,camera_sign_speed_limit,False,False,0.28,0.28,red,green,green,45.6211031951927,125.8,-2.4912781820950296,43.57845154729665,127.11433930579494,-2.481787892537675
12.470385171000089,63650000000,inner_middle_cross_reverse,5.029273073463767,5.461513532244725,0.9208570195369812,route/left from camera_sign_turn_left: inner_middle_cross_reverse delta=+92.1deg,,,,,camera_sign_speed_limit,False,False,0.28,0.28,red,green,green,43.919326462080875,126.88067353791912,-2.3561944901923444,41.92801349589412,128.16430305478525,-2.404496678628741
12.571408492000046,63753000000,inner_middle_cross_reverse,5.056454527406681,5.461513532244725,0.9258339281873827,route/left from camera_sign_turn_left: inner_middle_cross_reverse delta=+92.1deg,,,,,camera_sign_speed_limit,False,False,0.28,0.28,red,green,green,43.09926500477765,127.70073499522235,-2.3561944901923444,40.871370687482326,128.98594018359617,-2.367093788369164
12.672387077000167,63856000000,inner_middle_cross_reverse,5.083703886235798,5.461513532244725,0.9308232701835596,route/left from camera_sign_turn_left: inner_middle_cross_reverse delta=+92.1deg,,,,,camera_sign_speed_limit,False,False,0.28,0.28,red,green,green,42.277154864572665,128.52284513542733,-2.3561944901923466,40.016044115022,129.72289868909158,-2.3416408010960503
12.773420096000336,63957000000,inner_middle_cross_reverse,5.110326913740497,5.461513532244725,0.9356979312729292,route/left from camera_sign_turn_left: inner_middle_cross_reverse delta=+92.1deg,,,,,camera_sign_speed_limit,False,False,0.28,0.28,red,green,green,41.47394107110971,129.3260589288903,-2.356194490192346,39.17910167377164,130.4741756254703,-2.314738293437572
12.974093333999917,64151000000,inner_middle_cross_reverse,5.158593744935183,5.461513532244725,0.9445355604227461,route/left from camera_sign_turn_left: inner_middle_cross_reverse delta=+92.1deg,,,,,camera_sign_speed_limit,False,False,0.28,0.28,red,green,green,40.01773611562602,130.78226388437398,-2.3561944901923466,37.71022835691036,131.74590127893114,-2.2285892410790726
13.1755537680001,64353000000,inner_middle_cross_reverse,5.207099046253463,5.461513532244725,0.9534168533156238,route/left from camera_sign_turn_left: inner_middle_cross_reverse delta=+92.1deg,,,,,camera_sign_speed_limit,False,False,0.28,0.28,red,green,green,38.554336542904835,132.24566345709516,-2.356194490192342,36.05907718168372,133.3087938012398,-2.079376893357383
13.276594912999826,64455000000,inner_middle_cross_reverse,5.231656212761611,5.461513532244725,0.9579132564396228,route/left from camera_sign_turn_left: inner_middle_cross_reverse delta=+92.1deg,,,,camera_sign_turn_right,camera_sign_speed_limit,False,False,0.28,0.28,red,green,green,37.81344954708025,132.98655045291974,-2.356194490192342,35.387678702555945,134.07838807812703,-2.006634699066348
13.477065406999827,64655000000,inner_middle_cross_reverse,5.279791016940596,5.461513532244725,0.9667267115184754,route/left from camera_sign_turn_left: inner_middle_cross_reverse delta=+92.1deg,,,,camera_sign_turn_right,camera_sign_speed_limit,False,False,0.28,0.28,red,green,green,36.361227832048925,134.43877216795107,-2.3561944901923457,34.22622537141682,135.7707359668834,-1.8651947264831574
13.585802995999984,64757000000,inner_middle_cross_reverse,5.304757854300935,5.461513532244725,0.9712981251408963,route/left from camera_sign_turn_left: inner_middle_cross_reverse delta=+92.1deg,,,,camera_sign_turn_right,camera_sign_speed_limit,False,False,0.28,0.28,red,green,green,35.607981111951744,135.19201888804827,-2.356194490192346,33.74952523809543,136.69598356353669,-1.8004321961892231
13.677525692999552,64857000000,inner_middle_cross_reverse,5.329567933124733,5.461513532244725,0.9758408363650504,route/left from camera_sign_turn_left: inner_middle_cross_reverse delta=+92.1deg,,,,camera_sign_turn_right,camera_sign_speed_limit,False,False,0.28,0.28,red,green,green,34.859463779553664,135.94053622044635,-2.183875045414511,33.34631346336829,137.66991701705018,-1.7412146822160521
13.88205774800008,65053000000,inner_middle_cross_reverse,5.379120231585847,5.461513532244725,0.9849138338351762,route/left from camera_sign_turn_left: inner_middle_cross_reverse delta=+92.1deg,,,,camera_sign_turn_right,camera_sign_speed_limit,False,False,0.28,0.28,red,red,red,33.36447641890369,137.4355235810963,-1.6820565779512404,32.759640418480146,139.7394363223885,-1.6419814402699655
13.97954157499953,65155000000,inner_middle_cross_reverse,5.405312796136183,5.461513532244725,0.9897096774041237,route/left from camera_sign_turn_left: inner_middle_cross_reverse delta=+92.1deg,,,,camera_sign_turn_right,camera_sign_speed_limit,False,False,0.28,0.28,red,red,red,33.0,138.40210192603556,-1.563071277098377,32.57035283121378,140.8225822942931,-1.6027009270302435
14.180449315999795,65358000000,inner_middle_cross_reverse,5.458897463319862,5.461513532244725,0.999520999278054,route/left from camera_sign_turn_left: inner_middle_cross_reverse delta=+92.1deg,,,,camera_sign_turn_right,camera_sign_speed_limit,False,False,0.28,0.28,red,red,red,33.0,140.68838105920585,-1.5456772353984507,32.37208956649839,143.05695675392738,-1.5449396633213979
14.282067436000034,65459000000,outer_left_lower_to_mid_reverse,0.024551985893728864,1.8052961635923481,0.013599976773269719,route/default: outer_left_lower_to_mid_reverse,,,,camera_sign_turn_right,camera_sign_speed_limit,False,False,0.28,0.28,red,green,green,33.02719995354654,141.84719821154178,-1.5448281395833408,32.34430435374803,144.20061060401588,-1.5245089555732239
14.389316848999442,65559000000,outer_left_lower_to_mid_reverse,0.05184808121996409,1.8052961635923481,0.028719986374308747,route/default: outer_left_lower_to_mid_reverse,,,,camera_sign_turn_right,camera_sign_speed_limit,False,False,0.28,0.28,red,green,green,33.057439972748625,143.01143895082177,-1.5448281395833408,32.354258915156564,145.35743916091195,-1.5088546063217703
14.483403571000053,65660000000,outer_left_lower_to_mid_reverse,0.07945785272981942,1.8052961635923481,0.04401374928516256,route/default: outer_left_lower_to_mid_reverse,,,,camera_sign_turn_right,camera_sign_speed_limit,False,False,0.28,0.28,red,green,green,33.08802749857033,144.1890586949575,-1.5448281395833408,32.394696069924194,146.52263550515457,-1.4974917206983402
14.694231606999892,65856000000,outer_left_lower_to_mid_reverse,0.13376777825581943,1.8052961635923481,0.07409741457026958,route/default: outer_left_lower_to_mid_reverse,,,,camera_sign_turn_right,camera_sign_speed_limit,False,False,0.28,0.28,red,green,green,33.148194829140536,146.50550092191077,-1.5448281395833352,32.545683253745764,148.87710593192293,-1.4864004578499546
14.792827971999941,65957000000,outer_left_lower_to_mid_reverse,0.16204030467554456,1.8052961635923481,0.0897582944801154,route/default: outer_left_lower_to_mid_reverse,,,,camera_sign_turn_right,camera_sign_speed_limit,False,False,0.28,0.28,red,green,green,33.179516588960226,147.71138867496887,-1.5448281395833408,32.64380736054362,150.0652607793607,-1.4854560469497473
14.985516335000284,66159000000,outer_left_lower_to_mid_reverse,0.21832428933288348,1.8052961635923481,0.12093544191576924,route/default: outer_left_lower_to_mid_reverse,,,,camera_sign_turn_right,camera_sign_speed_limit,False,False,0.28,0.28,red,green,green,33.24187088383154,150.11202902751424,-1.5448281395833408,32.857865012357195,152.432126917297,-1.4899242318671022
15.090686681999614,66264000000,outer_left_lower_to_mid_reverse,0.24746297887559182,1.8052961635923481,0.13707611186807528,route/default: outer_left_lower_to_mid_reverse,,,,camera_sign_turn_right,camera_sign_speed_limit,False,False,0.28,0.28,red,green,green,33.27415222373615,151.3548606138418,-1.5448281395833408,32.96600865143033,153.61066712937188,-1.4943155420848835
15.287619503000315,66463000000,outer_left_lower_to_mid_reverse,0.3025885601626725,1.8052961635923481,0.1676115898681983,route/default: outer_left_lower_to_mid_reverse,,,,camera_sign_turn_right,camera_sign_speed_limit,False,False,0.28,0.28,red,red,red,33.33522317973639,153.70609241985127,-1.5448281395833408,33.17225925713417,155.96421655160688,-1.5055797775808935
15.489324850999765,66665000000,outer_left_lower_to_mid_reverse,0.35852575333512227,1.8052961635923481,0.19859664057652124,route/default: outer_left_lower_to_mid_reverse,,,,camera_sign_speed_limit,camera_sign_speed_limit,False,False,0.28,0.28,red,red,red,33.39719328115304,156.09194132439214,-1.5448281395833408,33.35306957743144,158.318494177248,-1.5175308094358666
15.589392267999756,66766000000,outer_left_lower_to_mid_reverse,0.3865136133706145,1.8052961635923481,0.21409983645093078,route/default: outer_left_lower_to_mid_reverse,,,,camera_sign_speed_limit,camera_sign_speed_limit,False,False,0.28,0.28,red,red,red,33.42819967290187,157.28568740672168,-1.5448281395833408,33.43200687432132,159.4971628671923,-1.5231693531961443
15.790217433999715,66967000000,outer_left_lower_to_mid_reverse,0.44228374806482973,1.8052961635923481,0.24499234916930857,route/default: outer_left_lower_to_mid_reverse,,,,camera_sign_speed_limit,camera_sign_speed_limit,False,False,0.28,0.28,red,,,33.48998469833862,159.66441088603676,-1.5448281395833408,33.566480799781615,161.85881826242976,-1.533041150016398
15.89172301599956,67067000000,outer_left_lower_to_mid_reverse,0.4700717198082868,1.8052961635923481,0.2603848217751119,route/default: outer_left_lower_to_mid_reverse,,,,camera_sign_speed_limit,camera_sign_speed_limit,False,False,0.28,0.28,red,,,33.520769643550224,160.84963127668362,-1.5448281395833408,33.6227360195349,163.0419872210319,-1.5371162078536442
15.992734474999452,67168000000,outer_left_lower_to_mid_reverse,0.4981670749754504,1.8052961635923481,0.2759475619690847,route/default: outer_left_lower_to_mid_reverse,,,,camera_sign_speed_limit,camera_sign_speed_limit,False,False,0.28,0.28,red,yellow,yellow,33.551895123938166,162.04796227161953,-1.5448281395833408,33.6724922330351,164.226701694779,-1.5405774577519737
16.195508027999495,67366000000,outer_left_lower_to_mid_reverse,0.5533290989979455,1.8052961635923481,0.30650322653812057,route/default: outer_left_lower_to_mid_reverse,,,,camera_sign_speed_limit,camera_sign_speed_limit,False,False,0.28,0.28,red,,,33.61300645307624,164.40074844343528,-1.5448281395833408,33.75553962369763,166.60040981911848,-1.5457129894283785
16.29534129500007,67467000000,outer_left_lower_to_mid_reverse,0.5815064598667142,1.8052961635923481,0.32211139180043347,route/default: outer_left_lower_to_mid_reverse,,,,,camera_sign_speed_limit,False,False,0.28,0.28,red,,,33.64422278360087,165.6025771686334,-1.5448281395833408,33.79040745298978,167.78916935304855,-1.5474689980973602
16.395692897999652,67567000000,outer_left_lower_to_mid_reverse,0.6094276461838989,1.8052961635923481,0.33757765538658346,route/default: outer_left_lower_to_mid_reverse,,,,,camera_sign_speed_limit,False,False,0.28,0.28,red,,,33.675155310773164,166.79347946476693,-1.5448281395833408,33.8218299230594,168.97902418045263,-1.548746311193205
16.596979447000194,67769000000,outer_left_lower_to_mid_reverse,0.6658855748655765,1.8052961635923481,0.3688511548933527,route/default: outer_left_lower_to_mid_reverse,,,,,camera_sign_speed_limit,False,False,0.28,0.28,red,,,33.7377023097867,169.20153892678815,-1.5448281395833408,33.87723468533011,171.36141275494728,-1.5500977254589645
16.697713591999673,67869000000,outer_left_lower_to_mid_reverse,0.6938572987230122,1.8052961635923481,0.3843454125235106,route/default: outer_left_lower_to_mid_reverse,,,,,camera_sign_speed_limit,False,False,0.28,0.28,red,,,33.76869082504702,170.3945967643103,-1.5448281395833352,33.90250984716154,172.55366491323855,-1.5502848067465862
16.897233292000237,68067000000,outer_left_lower_to_mid_reverse,0.7492713090102681,1.8052961635923481,0.41504065876886237,route/default: outer_left_lower_to_mid_reverse,,,,,camera_sign_speed_limit,False,False,0.28,0.28,red,,,33.83008131753773,172.7581307252024,-1.5448281395833408,33.95090792879817,174.93957713549858,-1.549991867018688
16.998524681999697,68169000000,outer_left_lower_to_mid_reverse,0.7778285415159071,1.8052961635923481,0.4308592447059272,route/default: outer_left_lower_to_mid_reverse,,,,,camera_sign_speed_limit,False,False,0.28,0.28,red,,,33.86171848941184,173.9761618423564,-1.5448281395833408,33.97480396848739,176.13301309549925,-1.5496254217964656
17.19922729799964,68367000000,outer_left_lower_to_mid_reverse,0.8332685415159071,1.8052961635923481,0.4615688873219511,route/default: outer_left_lower_to_mid_reverse,,,,,camera_sign_speed_limit,False,False,0.28,0.28,red,,,33.923137774643905,176.34080432379022,-1.5448281395833408,34.02327756470255,178.52038637771875,-1.5486521560850048
17.29952079299983,68468000000,outer_left_lower_to_mid_reverse,0.8615485415159071,1.8052961635923481,0.4772339070402259,route/default: outer_left_lower_to_mid_reverse,,,,,camera_sign_speed_limit,False,False,0.28,0.28,red,,,33.954467814080445,177.5470108420974,-1.5448281395833408,34.04825750890636,179.7141241124702,-1.5481125054541973
17.399846133999745,68569000000,outer_left_lower_to_mid_reverse,0.8898285415159071,1.8052961635923481,0.49289892675850067,route/default: outer_left_lower_to_mid_reverse,,,,,camera_sign_speed_limit,False,False,0.28,0.28,red,,,33.985797853517,178.75321736040456,-1.5448281395833408,34.07390210571755,180.90784517373189,-1.547568909150704
17.501182539000183,68672000000,outer_left_lower_to_mid_reverse,0.918668541515907,1.8052961635923481,0.5088741448870383,route/default: outer_left_lower_to_mid_reverse,,,,,camera_sign_speed_limit,False,False,0.28,0.28,red,,,34.017748289774076,179.98330915630194,-1.5448281395833408,34.105627859767196,182.3402649032069,-1.5469394101522023
17.60030543299945,68773000000,outer_left_lower_to_mid_reverse,0.946948541515907,1.8052961635923481,0.5245391646053131,route/default: outer_left_lower_to_mid_reverse,,,,,camera_sign_speed_limit,False,False,0.28,0.28,red,,,34.049078329210616,181.1895156746091,-1.5448281395833408,34.132915874562244,183.53382428187442,-1.5464720247260564
17.800993953000216,68971000000,outer_left_lower_to_mid_reverse,1.0023831749684384,1.8052961635923481,0.5552458345525989,route/default: outer_left_lower_to_mid_reverse,,,,,camera_sign_speed_limit,False,False,0.28,0.28,red,,,34.1104916691052,183.55392926055012,-1.5448281395833408,34.18366715101307,185.6819602754142,-1.545755098132958
18.001635824000005,69169000000,outer_left_lower_to_mid_reverse,1.0578082771635493,1.8052961635923481,0.5859472248911353,route/default: outer_left_lower_to_mid_reverse,,,,,camera_sign_speed_limit,False,False,0.28,0.28,red,,,34.17189444978227,185.9179363166174,-1.5448281395833408,34.242227361014145,188.06836423779376,-1.5451284464793003
18.10286739899948,69271000000,outer_left_lower_to_mid_reverse,1.08635617867442,1.8052961635923481,0.6017606421500871,route/default: outer_left_lower_to_mid_reverse,,,,,camera_sign_speed_limit,False,False,0.28,0.28,red,,,34.203521284300166,187.1355694455567,-1.5448281395833352,34.27231833324821,189.26135328062784,-1.5448988258130532
18.203710681999837,69372000000,outer_left_lower_to_mid_reverse,1.1146219514106823,1.8052961635923481,0.6174177810208729,route/default: outer_left_lower_to_mid_reverse,,,,,camera_sign_speed_limit,False,False,0.28,0.28,red,,,34.23483556204174,188.3411691386072,-1.544828139583341,34.308977074114395,190.69279385638413,-1.5446844755309648
18.30419556800007,69472000000,outer_left_lower_to_mid_reverse,1.142605029064645,1.8052961635923481,0.63291832781109,route/default: outer_left_lower_to_mid_reverse,,,,,camera_sign_speed_limit,False,False,0.28,0.28,red,,,34.26583665562218,189.53471124145395,-1.5448281395833408,34.339922284527574,191.88553559337046,-1.5445672536806836
18.404471949999788,69573000000,outer_left_lower_to_mid_reverse,1.1708661859216853,1.8052961635923481,0.6485729098275962,route/default: outer_left_lower_to_mid_reverse,,,,,camera_sign_speed_limit,False,False,0.28,0.28,red,,,34.2971458196552,190.7401140567249,-1.5448281395833408,34.37110121596464,193.07818678495198,-1.5444956663788187
18.50652093000008,69673000000,outer_left_lower_to_mid_reverse,1.1988460752743098,1.8052961635923481,0.6640716905356587,route/default: outer_left_lower_to_mid_reverse,,,,,camera_sign_speed_limit,False,False,0.28,0.28,red,,,34.328143381071314,191.93352017124573,-1.5448281395833408,34.402428068144275,194.27077011417265,-1.5444560082091883
18.605716852000114,69774000000,outer_left_lower_to_mid_reverse,1.2271044564921225,1.8052961635923481,0.6797247350541723,route/default: outer_left_lower_to_mid_reverse,,,,,camera_sign_speed_limit,False,False,0.28,0.28,red,,,34.359449470108345,193.13880459917127,-1.5448281395833408,34.43386959968079,195.46329690666664,-1.5444403752599023
18.706255068000246,69876000000,outer_left_lower_to_mid_reverse,1.255641439107729,1.8052961635923481,0.6955321040560656,route/default: outer_left_lower_to_mid_reverse,,,,,camera_sign_speed_limit,False,False,0.28,0.28,red,,,34.39106420811213,194.35597201231707,-1.5448281395833352,34.46540270827212,196.6557748008919,-1.544441968937652
18.908165951999763,70077000000,outer_left_lower_to_mid_reverse,1.3118740057247609,1.8052961635923481,0.7266807697160729,route/default: outer_left_lower_to_mid_reverse,,,,,camera_sign_speed_limit,False,False,0.28,0.28,green,,,34.45336153943214,196.7544192681376,-1.5448281395833352,34.528626888346636,199.04062071493473,-1.544485588716019
19.10809073099972,70274000000,outer_left_lower_to_mid_reverse,1.3669865540844346,1.8052961635923481,0.7572090284423338,route/default: outer_left_lower_to_mid_reverse,,,,,camera_sign_speed_limit,False,False,0.28,0.28,green,,,34.514418056884665,199.10509519005973,-1.5448281395833408,34.59178996159358,201.4254103333784,-1.5445765355038223
19.20880490499985,70378000000,outer_left_lower_to_mid_reverse,1.3960812562148304,1.8052961635923481,0.773325332635049,route/default: outer_left_lower_to_mid_reverse,,,,,camera_sign_speed_limit,False,False,0.28,0.28,green,,,34.54665066527009,200.34605061289878,-1.5448281395833408,34.62327028833168,202.61779823185262,-1.544628805464838
19.409960709000188,70573000000,outer_left_lower_to_mid_reverse,1.4506337277154946,1.8052961635923481,0.803543350376864,route/default: outer_left_lower_to_mid_reverse,,,,,camera_sign_speed_limit,False,False,0.28,0.28,green,,,34.607086700753726,202.67283797901854,-1.5448281395833408,34.68605534426638,205.0025850586229,-1.5447194472012806
19.511971666000136,70677000000,outer_left_lower_to_mid_reverse,1.4797283550557614,1.8052961635923481,0.8196596131414021,route/default: outer_left_lower_to_mid_reverse,,,,,camera_sign_speed_limit,False,False,0.28,0.28,green,,,34.63931922628281,203.91379021188794,-1.5448281395833408,34.717392292947736,206.19497560772402,-1.5447588767611458
19.71316478999961,70878000000,outer_left_lower_to_mid_reverse,1.5345255151198918,1.8052961635923481,0.850013170174997,route/default: outer_left_lower_to_mid_reverse,,,,,camera_sign_speed_limit,False,False,0.28,0.28,green,,,34.70002634034999,206.25101410347477,-1.5448281395833408,34.702082073833495,208.52479006259597,-1.5191011081897559
19.813296985000306,70978000000,outer_left_lower_to_mid_reverse,1.5599871538187056,1.8052961635923481,0.8641170270447461,route/default: outer_left_lower_to_mid_reverse,,,,,camera_sign_speed_limit,False,False,0.28,0.28,green,,,34.7282340540895,207.33701108244546,-1.5448281395833408,34.641029977348225,209.6169071794762,-1.4787577370139535
19.91457063100006,71080000000,outer_left_lower_to_mid_reverse,1.58525295213023,1.8052961635923481,0.8781124028844911,route/default: outer_left_lower_to_mid_reverse,,,,,camera_sign_speed_limit,False,False,0.28,0.28,green,,,34.75622480576898,208.41465502210582,-1.5448281395833408,34.579823868743446,210.6778698627848,-1.42436095643405
20.015826156999537,71183000000,outer_left_lower_to_mid_reverse,1.6100268848076238,1.8052961635923481,0.8918353216925032,route/default: outer_left_lower_to_mid_reverse,,,,,camera_sign_speed_limit,False,False,0.28,0.28,green,,,34.78367064338501,209.47131977032274,-1.5448281395833408,34.52506015235578,211.70985389497446,-1.354521181928913
20.216526328000327,71384000000,outer_left_lower_to_mid_reverse,1.6555478441157936,1.8052961635923481,0.9170505524264942,route/default: outer_left_lower_to_mid_reverse,,,,,camera_sign_speed_limit,False,False,0.28,0.28,green,,,34.83410110485299,211.41289253684005,-1.5448281395833408,34.40915529905958,213.66471138545774,-1.1473956175778917
20.417372267000246,71582000000,outer_left_lower_to_mid_reverse,1.6993192973825013,1.8052961635923481,0.9412966867447587,route/default: outer_left_lower_to_mid_reverse,,,,,camera_sign_speed_limit,False,False,0.28,0.28,green,green,green,34.88259337348951,213.27984487934643,-1.5448281395833408,34.50754048550685,215.53847921011493,-0.8808121910590929
20.519986106999568,71683000000,outer_left_lower_to_mid_reverse,1.7214422171409933,1.8052961635923481,0.9535511412795038,route/default: outer_left_lower_to_mid_reverse,,,,camera_sign_turn_right,camera_sign_speed_limit,False,False,0.28,0.28,green,green,green,34.907102282558995,214.2234378785218,-1.5448281395833352,34.73020002035874,216.4445935847865,-0.7452706545100185
20.621187226000075,71784000000,outer_left_lower_to_mid_reverse,1.7436051317007357,1.8052961635923481,0.9658277499638321,route/default: outer_left_lower_to_mid_reverse,,,,camera_sign_turn_right,camera_sign_speed_limit,False,False,0.28,0.28,green,green,green,34.93165549992767,215.16873674721506,-1.258502065831975,35.09354549010071,217.3097926064683,-0.6147470889701684
20.71932728399952,71884000000,outer_left_lower_to_mid_reverse,1.7660154038501716,1.8052961635923481,0.9782413763822486,route/default: outer_left_lower_to_mid_reverse,,,,camera_sign_turn_right,camera_sign_speed_limit,False,False,0.28,0.28,green,green,green,34.9564827527645,216.12458598143314,-0.9518257297667322,35.608882621752045,218.10690619411264,-0.4954188611095686
20.82059152199963,71987000000,outer_left_lower_to_mid_reverse,1.7891670454500965,1.8052961635923481,0.9910656664166635,route/default: outer_left_lower_to_mid_reverse,,,,camera_sign_turn_right,camera_sign_speed_limit,False,False,0.28,0.28,green,green,green,34.98213133283332,217.11205631408308,-0.7059802902005409,36.24364352213985,218.82154874945365,-0.3847477013570658
20.921232568999585,72087000000,outer_bottom_left_corner_reverse,0.006757348649214262,0.3709787607362388,0.018214920541013535,route/default: outer_bottom_left_corner_reverse,,,,camera_sign_turn_right,camera_sign_speed_limit,False,False,0.28,0.28,green,green,green,35.28831354236648,217.8,-0.6296476539286718,37.005171646128304,219.44327452313712,-0.28594017309491215
21.025400124000043,72194000000,outer_bottom_left_corner_reverse,0.031929929996823606,0.3709787607362388,0.08606942870113629,route/default: outer_bottom_left_corner_reverse,,,,,camera_sign_speed_limit,False,False,0.28,0.28,green,green,green,36.256215673152255,218.05621567315228,-0.5749664304366423,38.045396458975276,220.04829030411605,-0.18405211251888312
21.125897322000128,72294000000,outer_bottom_left_corner_reverse,0.05676023068969786,0.3709787607362388,0.15300129467534038,route/default: outer_bottom_left_corner_reverse,,,,,camera_sign_speed_limit,False,False,0.28,0.28,green,green,green,37.005343097102454,218.80534309710242,-0.3200140981660514,39.000679088041565,220.43656708058217,-0.11230609111640186
21.32317535600032,72489000000,outer_bottom_left_corner_reverse,0.10565368001165887,0.3709787607362388,0.28479711291821713,route/default: outer_bottom_left_corner_reverse,,,,,camera_sign_speed_limit,False,False,0.28,0.28,green,green,green,38.67946322241791,219.8,0.0,40.86985702395366,220.87915915586336,-0.01576151863705043
21.524483178000082,72691000000,outer_bottom_left_corner_reverse,0.15865143054232891,0.3709787607362388,0.4276563710210032,route/default: outer_bottom_left_corner_reverse,,,,,camera_sign_speed_limit,False,False,0.28,0.28,green,green,green,40.94070057839319,219.8,0.0,43.086317739217606,221.06073466581006,0.05137461338924117
21.727634812999895,72891000000,outer_bottom_left_corner_reverse,0.21298857479226327,0.3709787607362388,0.5741260614747038,route/default: outer_bottom_left_corner_reverse,,,,,camera_sign_speed_limit,False,False,0.28,0.28,green,green,green,43.2590853997237,219.8,0.0,45.62409459501818,221.00072783999838,0.08737795166588012
21.92705150399979,73090000000,outer_bottom_left_corner_reverse,0.26815880141078235,0.3709787607362388,0.7228413855246011,route/default: outer_bottom_left_corner_reverse,,,,,camera_sign_speed_limit,False,False,0.28,0.28,green,green,green,45.61301506878053,219.8,0.0,47.743011309243855,220.83352219680148,0.0966800893727261
22.12830496300012,73287000000,outer_bottom_left_corner_reverse,0.32290059507514063,0.3709787607362388,0.8704018376532312,route/default: outer_bottom_left_corner_reverse,,,,,camera_sign_speed_limit,False,False,0.28,0.28,green,green,green,47.94866493179315,219.8,0.0,50.103713830994266,220.5896024252009,0.09118865669244343
22.227862658999584,73390000000,outer_bottom_left_corner_reverse,0.35137573815294804,0.3709787607362388,0.9471586390973248,route/default: outer_bottom_left_corner_reverse,,,,,camera_sign_speed_limit,False,False,0.28,0.28,green,green,green,49.16360436977959,219.8,0.0,51.27612490176975,220.46381111572884,0.08472480949068535
22.329032009000002,73491000000,outer_bottom_left_mid_to_bottom_left_reverse,0.008225314248645796,0.796875,0.010321962978692763,route/default: outer_bottom_left_mid_to_bottom_left_reverse,,,,,camera_sign_speed_limit,False,False,0.28,0.28,green,green,green,50.35094674127555,219.8,0.0,52.444816389389445,220.3417812037274,0.07667396155902828
22.42893542799993,73591000000,outer_bottom_left_mid_to_bottom_left_reverse,0.035696546176591556,0.796875,0.044795665790232544,route/default: outer_bottom_left_mid_to_bottom_left_reverse,,,,,camera_sign_speed_limit,False,False,0.28,0.28,green,green,green,51.5230526368679,219.8,0.0,53.612389803474585,220.22717442747336,0.06779593853400549
22.630372013999477,73790000000,outer_bottom_left_mid_to_bottom_left_reverse,0.09023374680333082,0.796875,0.11323450579241515,route/default: outer_bottom_left_mid_to_bottom_left_reverse,,,,,camera_sign_speed_limit,False,False,0.28,0.28,green,green,green,53.849973196942116,219.8,0.0,55.94996408104252,220.02638611183716,0.048985376130899407
22.73630383699947,73892000000,outer_bottom_left_mid_to_bottom_left_reverse,0.11828985288715252,0.796875,0.14844216832897572,route/default: outer_bottom_left_mid_to_bottom_left_reverse,,,,,camera_sign_speed_limit,False,False,0.28,0.28,green,green,green,55.04703372318518,219.8,0.0,57.35551866856507,219.9278040319694,0.03804325100309918
22.831764857000053,73993000000,outer_bottom_left_mid_to_bottom_left_reverse,0.1460840709806213,0.796875,0.18332118711293652,route/default: outer_bottom_left_mid_to_bottom_left_reverse,,,,,camera_sign_speed_limit,False,False,0.28,0.28,green,green,green,56.232920361839845,219.8,0.0,58.52871122088263,219.85948781137841,0.029648156061467767
23.0334672150002,74194000000,outer_bottom_left_mid_to_bottom_left_reverse,0.2015602317055306,0.796875,0.252938329983411,route/default: outer_bottom_left_mid_to_bottom_left_reverse,,,,,camera_sign_speed_limit,False,False,0.28,0.28,green,green,green,58.59990321943597,219.8,0.0,60.88164255465635,219.7585202300753,0.015401736253462764
23.233483930000148,74394000000,outer_bottom_left_mid_to_bottom_left_reverse,0.2569364553295398,0.796875,0.3224300615900107,route/default: outer_bottom_left_mid_to_bottom_left_reverse,,,,,camera_sign_speed_limit,False,False,0.28,0.28,green,green,green,60.962622094060364,219.8,0.0,63.24354496515973,219.69835933708367,0.0044303297783768805
23.337394166000195,74494000000,outer_bottom_left_mid_to_bottom_left_reverse,0.284684648874269,0.796875,0.35725132407751403,route/default: outer_bottom_left_mid_to_bottom_left_reverse,,,,,camera_sign_speed_limit,False,False,0.28,0.28,green,green,green,62.14654501863548,219.8,0.0,64.42785692269482,219.6814796528932,0.0003342845494836848
23.54055510299986,74693000000,outer_bottom_left_mid_to_bottom_left_reverse,0.3400213830717045,0.796875,0.4266935003252762,route/default: outer_bottom_left_mid_to_bottom_left_reverse,,,,,camera_sign_speed_limit,False,False,0.28,0.28,green,green,green,64.50757901105939,219.8,0.0,66.80181088470135,219.66826619598993,-0.005354776915208623
23.634917974999553,74794000000,outer_bottom_left_mid_to_bottom_left_reverse,0.36816281866547745,0.796875,0.46200824303118737,route/default: outer_bottom_left_mid_to_bottom_left_reverse,,,,,camera_sign_speed_limit,False,False,0.28,0.28,green,green,green,65.70828026306037,219.8,0.0,67.99115987366773,219.6698119229195,-0.007051697377335461
23.736604779999652,74895000000,outer_bottom_left_mid_to_bottom_left_reverse,0.3963606829705344,0.796875,0.4973937982375334,route/default: outer_bottom_left_mid_to_bottom_left_reverse,,,,,camera_sign_speed_limit,False,False,0.28,0.28,green,green,green,66.91138914007612,219.8,0.0,69.18151702469947,219.6743992876996,-0.008388779245394138
23.83592931899966,74996000000,outer_bottom_left_mid_to_bottom_left_reverse,0.42458172298542174,0.796875,0.532808436687588,route/default: outer_bottom_left_mid_to_bottom_left_reverse,,,,,camera_sign_speed_limit,False,False,0.28,0.28,green,green,green,68.11548684737798,219.8,0.0,70.37242739301712,219.68090328440337,-0.00963890677030669
24.036430524000025,75197000000,outer_bottom_left_mid_to_bottom_left_reverse,0.4808127805146709,0.796875,0.6033729010380184,route/default: outer_bottom_left_mid_to_bottom_left_reverse,,,,,camera_sign_speed_limit,False,False,0.14,0.28,yellow,yellow,yellow,70.51467863529263,219.8,0.0,72.75995396687858,219.70261344290066,-0.010179328052292332
24.13688643200021,75297000000,outer_bottom_left_mid_to_bottom_left_reverse,0.49481248857696564,0.796875,0.6209411621358,route/default: outer_bottom_left_mid_to_bottom_left_reverse,,,,,camera_sign_speed_limit,False,False,0.14,0.28,yellow,yellow,yellow,71.11199951261719,219.8,0.0,73.53680752881107,219.71064508741404,-0.009876471183034344
24.24028958100007,75397000000,outer_bottom_left_mid_to_bottom_left_reverse,0.5087940259022092,0.796875,0.6384866207400273,route/default: outer_bottom_left_mid_to_bottom_left_reverse,,,,,camera_sign_speed_limit,False,False,0.14,0.28,yellow,yellow,yellow,71.70854510516094,219.8,0.0,74.1331375900655,219.7179292960285,-0.009428623449810374
24.339017926999986,75498000000,outer_bottom_left_mid_to_bottom_left_reverse,0.5229282784422301,0.796875,0.6562237219667202,route/default: outer_bottom_left_mid_to_bottom_left_reverse,,,,,camera_sign_speed_limit,False,False,0.14,0.28,yellow,yellow,yellow,72.31160654686849,219.8,0.0,74.7294009861777,219.72515061787595,-0.008916127640888071
24.43955025899959,75599000000,outer_bottom_left_mid_to_bottom_left_reverse,0.5370609489252892,0.796875,0.6739588378670296,route/default: outer_bottom_left_mid_to_bottom_left_reverse,,,,,camera_sign_speed_limit,False,False,0.14,0.28,yellow,yellow,yellow,72.91460048747902,219.8,0.0,75.32559965453345,219.73218797658774,-0.0083623984641661
24.539981836000152,75700000000,outer_bottom_left_mid_to_bottom_left_reverse,0.5511926036106944,0.796875,0.6916926790408715,route/default: outer_bottom_left_mid_to_bottom_left_reverse,,,,,camera_sign_speed_limit,False,False,0.14,0.28,yellow,yellow,yellow,73.51755108738962,219.8,0.0,75.92176702899795,219.73897163390768,-0.007783446781090143
24.63980947300024,75800000000,outer_bottom_left_mid_to_bottom_left_reverse,0.5651837865199933,0.796875,0.7092502419074427,route/default: outer_bottom_left_mid_to_bottom_left_reverse,,,,,camera_sign_speed_limit,False,False,0.14,0.28,yellow,yellow,yellow,74.11450822485304,219.8,0.0,76.51792328576332,219.74544172452983,-0.007193860032029751
24.74070129000029,75901000000,outer_bottom_left_mid_to_bottom_left_reverse,0.5793147215854805,0.796875,0.7269831800288382,route/default: outer_bottom_left_mid_to_bottom_left_reverse,,,,,camera_sign_speed_limit,False,False,0.14,0.28,yellow,yellow,yellow,74.71742812098049,219.8,0.0,77.11408545768205,219.7515537834796,-0.006606008036407051
24.843030379999618,76002000000,outer_bottom_left_mid_to_bottom_left_reverse,0.5934458405637324,0.796875,0.744716348942723,route/default: outer_bottom_left_mid_to_bottom_left_reverse,,,,,camera_sign_speed_limit,False,False,0.14,0.28,red,yellow,yellow,75.32035586405257,219.8,0.0,77.71026817167487,219.75728427702023,-0.006027991615784644
24.942069317999994,76103000000,outer_bottom_left_mid_to_bottom_left_reverse,0.6075705280017019,0.796875,0.7624414469040964,route/default: outer_bottom_left_mid_to_bottom_left_reverse,,,,camera_sign_speed_limit,camera_sign_speed_limit,False,False,0.14,0.28,red,red,red,75.92300919473928,219.8,0.0,78.30629319116048,219.76228397425962,-0.0055279086821998
25.043215964999945,76206000000,outer_bottom_left_mid_to_bottom_left_reverse,0.6219749377462573,0.796875,0.7805175689364798,route/default: outer_bottom_left_mid_to_bottom_left_reverse,,,,camera_sign_speed_limit,camera_sign_speed_limit,False,False,0.14,0.28,red,red,red,76.5375973438403,219.8,0.0,78.90287432549286,219.7672145252783,-0.004925041581932065
25.243430706000254,76401000000,outer_bottom_left_mid_to_bottom_left_reverse,0.6492511595175291,0.796875,0.8147465531200365,route/default: outer_bottom_left_mid_to_bottom_left_reverse,,,,camera_sign_speed_limit,camera_sign_speed_limit,False,False,0.14,0.28,red,red,red,77.70138280608123,219.8,0.0,80.0962129912293,219.77551337974762,-0.003852938502414175
25.343538140999954,76502000000,outer_bottom_left_mid_to_bottom_left_reverse,0.6633933752306141,0.796875,0.8324936473482216,route/default: outer_bottom_left_mid_to_bottom_left_reverse,,,,camera_sign_speed_limit,camera_sign_speed_limit,False,False,0.14,0.28,red,red,red,78.30478400983955,219.8,0.0,80.69293188448441,219.77893515664277,-0.0034030891220313015
25.448893877000046,76602000000,outer_bottom_left_mid_to_bottom_left_reverse,0.6773828010951106,0.796875,0.850049005295825,route/default: outer_bottom_left_mid_to_bottom_left_reverse,,,,camera_sign_speed_limit,camera_sign_speed_limit,False,False,0.14,0.28,red,red,red,78.90166618005804,219.8,0.0,81.28942008407347,219.7818491889638,-0.0030415647338483637
25.544537220000166,76703000000,outer_bottom_left_mid_to_bottom_left_reverse,0.6914070257705269,0.796875,0.8676480323394847,route/default: outer_bottom_left_mid_to_bottom_left_reverse,,,,camera_sign_speed_limit,camera_sign_speed_limit,False,False,0.14,0.28,red,red,red,79.50003309954249,219.8,0.0,81.88550086710137,219.78430084387645,-0.002797084840983353
25.6464976569996,76804000000,outer_bottom_left_mid_to_bottom_left_reverse,0.7055375648745484,0.796875,0.8853804735680608,route/default: outer_bottom_left_mid_to_bottom_left_reverse,,,,camera_sign_speed_limit,camera_sign_speed_limit,False,False,0.14,0.28,red,red,red,80.10293610131407,219.8,0.0,82.48198256511873,219.7866638627002,-0.0025112928070112066
25.853579634000198,77006000000,outer_bottom_left_mid_to_bottom_left_reverse,0.7337219802693279,0.796875,0.9207491517105291,route/default: outer_bottom_left_mid_to_bottom_left_reverse,,,,camera_sign_speed_limit,camera_sign_speed_limit,False,False,0.14,0.28,red,red,red,81.30547115815799,219.8,0.0,83.7937777407171,219.79087313813272,-0.0020380784143492064
25.946899298000062,77106000000,outer_bottom_left_mid_to_bottom_left_reverse,0.7477157885590323,0.796875,0.9383100091721189,route/default: outer_bottom_left_mid_to_bottom_left_reverse,,,,camera_sign_speed_limit,camera_sign_speed_limit,False,False,0.14,0.28,red,red,red,81.90254031185205,219.8,0.0,84.27078073283025,219.79227960392296,-0.0018802689906812302
26.148000627999863,77305000000,outer_bottom_left_mid_to_bottom_left_reverse,0.7755255926835787,0.796875,0.9732085868970399,route/default: outer_bottom_left_mid_to_bottom_left_reverse,,,,camera_sign_speed_limit,camera_sign_speed_limit,False,False,0.14,0.28,red,red,red,83.08909195449937,219.8,0.0,85.46330121597217,219.7953351213191,-0.0015301425250019312
26.34877237099954,77507000000,outer_bottom_mid_to_bottom_left_mid_reverse,0.006823727411266391,0.984375,0.006932040544778555,route/default: outer_bottom_mid_to_bottom_left_mid_reverse,,,,camera_sign_speed_limit,camera_sign_speed_limit,False,False,0.14,0.28,red,red,red,84.2911457028807,219.8,0.0,86.65630141846648,219.79796250491864,-0.0011571275264904883
26.451257226999587,77609000000,outer_bottom_mid_to_bottom_left_mid_reverse,0.021094996110520146,0.984375,0.02142983731862364,route/default: outer_bottom_mid_to_bottom_left_mid_reverse,,,,camera_sign_speed_limit,camera_sign_speed_limit,False,False,0.14,0.28,red,red,red,84.9000531673822,219.8,0.0,87.25319905548189,219.79902098513355,-0.0009647140674602953
26.549872642999617,77709000000,outer_bottom_mid_to_bottom_left_mid_reverse,0.03508883355175674,0.984375,0.03564579916368939,route/default: outer_bottom_mid_to_bottom_left_mid_reverse,,,,camera_sign_speed_limit,camera_sign_speed_limit,False,False,0.14,0.28,red,red,red,85.49712356487495,219.8,0.0,87.8501256120665,219.7998641526341,-0.0008024845654121344
26.651016156999503,77811000000,outer_bottom_mid_to_bottom_left_mid_reverse,0.04936239348839164,0.984375,0.05014592354376293,route/default: outer_bottom_mid_to_bottom_left_mid_reverse,,,,camera_sign_speed_limit,camera_sign_speed_limit,False,False,0.14,0.28,red,red,red,86.10612878883805,219.8,0.0,88.44700116676452,219.80055397667644,-0.0006557043204347974
26.75203287000022,77911000000,outer_bottom_mid_to_bottom_left_mid_reverse,0.06335132218079607,0.984375,0.06435689872334839,route/default: outer_bottom_mid_to_bottom_left_mid_reverse,,,,camera_sign_speed_limit,camera_sign_speed_limit,False,False,0.14,0.28,red,red,red,86.70298974638064,219.8,0.0,89.04368021026258,219.80107804694126,-0.0005503007926378604
26.957667601999674,78109000000,outer_bottom_mid_to_bottom_left_mid_reverse,0.0910620787456764,0.984375,0.09250750856703634,route/default: outer_bottom_mid_to_bottom_left_mid_reverse,,,,camera_sign_speed_limit,camera_sign_speed_limit,False,False,0.14,0.28,red,red,red,87.88531535981554,219.8,0.0,90.35670847732854,219.80229145423942,-0.00033724931028917366
27.05227438499969,78211000000,outer_bottom_mid_to_bottom_left_mid_reverse,0.10533776522953583,0.984375,0.10700979324905227,route/default: outer_bottom_mid_to_bottom_left_mid_reverse,,,,camera_sign_speed_limit,camera_sign_speed_limit,False,False,0.14,0.28,red,red,red,88.4944113164602,219.8,0.0,90.83431849630867,219.80267096018048,-0.00026846849019408964
27.152788946999863,78311000000,outer_bottom_mid_to_bottom_left_mid_reverse,0.1193293689864181,0.984375,0.12122348595445649,route/default: outer_bottom_mid_to_bottom_left_mid_reverse,,,,camera_sign_speed_limit,camera_sign_speed_limit,False,False,0.14,0.28,red,red,red,89.09138641008718,219.8,0.0,91.43106627402008,219.8029235403103,-0.00020980722172205197
27.353944669000157,78506000000,outer_bottom_mid_to_bottom_left_mid_reverse,0.1325029137900026,0.984375,0.13460613464381216,route/default: outer_bottom_mid_to_bottom_left_mid_reverse,,,,camera_sign_speed_limit,camera_sign_speed_limit,False,False,0.0,0.28,red,red,red,89.65345765504011,219.8,0.0,92.20915264592733,219.80314947851593,-0.00013325178695356517
27.456152370999916,78609000000,outer_bottom_mid_to_bottom_left_mid_reverse,0.1325140953066257,0.984375,0.13461749364482611,route/default: outer_bottom_mid_to_bottom_left_mid_reverse,,,,camera_sign_speed_limit,camera_sign_speed_limit,False,False,0.0,0.28,red,red,red,89.6539347330827,219.8,0.0,92.20916545445007,219.80302558702363,-0.00015453887389219574
27.55797438599984,78709000000,outer_bottom_mid_to_bottom_left_mid_reverse,0.13252495116816077,0.984375,0.13462852182162363,route/default: outer_bottom_mid_to_bottom_left_mid_reverse,,,,camera_sign_speed_limit,camera_sign_speed_limit,False,False,0.0,0.28,red,red,red,89.6543979165082,219.8,0.0,92.20917498045495,219.80287452359573,-0.00018035376787553414
27.65617087800001,78811000000,outer_bottom_mid_to_bottom_left_mid_reverse,0.1325389917635751,0.984375,0.13464278528363183,route/default: outer_bottom_mid_to_bottom_left_mid_reverse,,,,camera_sign_speed_limit,camera_sign_speed_limit,False,False,0.0,0.28,red,red,red,89.65499698191255,219.8,0.0,92.2091760009261,219.802771100403,-0.0001978431053818396
27.756244602999686,78915000000,outer_bottom_mid_to_bottom_left_mid_reverse,0.1325533077995694,0.984375,0.1346573285582927,route/default: outer_bottom_mid_to_bottom_left_mid_reverse,,,,camera_sign_speed_limit,camera_sign_speed_limit,False,False,0.0,0.28,red,red,red,89.65560779944829,219.8,0.0,92.20918553432739,219.8026200408642,-0.0002236570895148083
27.95629281299989,79114000000,outer_bottom_mid_to_bottom_left_mid_reverse,0.13257580659231974,0.984375,0.1346801844747375,route/default: outer_bottom_mid_to_bottom_left_mid_reverse,,,,camera_sign_speed_limit,camera_sign_speed_limit,False,False,0.0,0.28,red,red,red,89.65656774793896,219.8,0.0,92.20919921428833,219.8023709608495,-0.0002665131912764288
28.063898843999596,79216000000,outer_bottom_mid_to_bottom_left_mid_reverse,0.13258984765043652,0.984375,0.13469444840679265,route/default: outer_bottom_mid_to_bottom_left_mid_reverse,,,,camera_sign_speed_limit,camera_sign_speed_limit,False,False,0.0,0.28,red,red,red,89.65716683308528,219.8,0.0,92.20920938695872,219.80224240278397,-0.00028818962711805714
28.26543313899947,79414000000,outer_bottom_mid_to_bottom_left_mid_reverse,0.1326130979493394,0.984375,0.13471806775805908,route/default: outer_bottom_mid_to_bottom_left_mid_reverse,,,,camera_sign_speed_limit,camera_sign_speed_limit,False,False,0.0,0.28,red,red,red,89.65815884583847,219.8,0.0,92.20922308495051,219.8019933327136,-0.00033104345600781234
28.460816222000176,79615000000,outer_bottom_mid_to_bottom_left_mid_reverse,0.13263779948313192,0.984375,0.13474316137968959,route/default: outer_bottom_mid_to_bottom_left_mid_reverse,,,,camera_sign_speed_limit,camera_sign_speed_limit,False,False,0.0,0.28,red,red,red,89.65921277794696,219.8,0.0,92.20924656487887,219.8017416263683,-0.0003739478083790677
28.565127181999742,79718000000,outer_bottom_mid_to_bottom_left_mid_reverse,0.13264989433489,0.984375,0.13475544821322158,route/default: outer_bottom_mid_to_bottom_left_mid_reverse,,,,camera_sign_speed_limit,camera_sign_speed_limit,False,False,0.0,0.28,red,red,red,89.6597288249553,219.8,0.0,92.20924698294668,219.80161571999872,-0.0003955702517584651
28.661788680999962,79818000000,outer_bottom_mid_to_bottom_left_mid_reverse,0.13266366072713126,0.984375,0.13476943311962541,route/default: outer_bottom_mid_to_bottom_left_mid_reverse,,,,camera_sign_speed_limit,camera_sign_speed_limit,False,False,0.0,0.28,red,red,red,89.66031619102426,219.8,0.0,92.20925717421322,219.80148717283646,-0.00041724430572663356
28.76248785000007,79920000000,outer_bottom_mid_to_bottom_left_mid_reverse,0.1326747339044784,0.984375,0.13478068206169233,route/default: outer_bottom_mid_to_bottom_left_mid_reverse,,,,camera_sign_speed_limit,camera_sign_speed_limit,False,False,0.0,0.28,red,red,red,89.66078864659107,219.8,0.0,92.20927048102038,219.80136402479593,-0.0004384722183350291
28.863326828000027,80024000000,outer_bottom_mid_to_bottom_left_mid_reverse,0.13268694618138852,0.984375,0.1347930881842677,route/default: outer_bottom_mid_to_bottom_left_mid_reverse,,,,camera_sign_speed_limit,camera_sign_speed_limit,False,False,0.0,0.28,red,red,red,89.66130970373925,219.8,0.0,92.2092709082809,219.80123812272512,-0.0004600935745058016
29.064331278999816,80221000000,outer_bottom_mid_to_bottom_left_mid_reverse,0.13271112689640213,0.984375,0.13481765272015456,route/default: outer_bottom_mid_to_bottom_left_mid_reverse,,,,camera_sign_speed_limit,camera_sign_speed_limit,False,False,0.0,0.28,red,red,red,89.6623414142465,219.8,0.0,92.20929442449984,219.80098643866495,-0.0005029931556003245
29.26657662999969,80420000000,outer_bottom_mid_to_bottom_left_mid_reverse,0.13273653933037433,0.984375,0.13484346852609455,route/default: outer_bottom_mid_to_bottom_left_mid_reverse,,,,camera_sign_speed_limit,camera_sign_speed_limit,False,False,0.0,0.28,red,red,red,89.66342567809596,219.8,0.0,92.20930507081827,219.80073200464744,-0.0005462850944944645
29.46601022699997,80618000000,outer_bottom_mid_to_bottom_left_mid_reverse,0.13275891207109772,0.984375,0.13486619638968658,route/default: outer_bottom_mid_to_bottom_left_mid_reverse,,,,camera_sign_speed_limit,camera_sign_speed_limit,False,False,0.0,0.28,red,red,red,89.66438024836683,219.8,0.0,92.20931884096291,219.80048297450213,-0.0005891298028404735
29.566874027999802,80721000000,outer_bottom_mid_to_bottom_left_mid_reverse,0.13277309245849014,0.984375,0.13488060186259315,route/default: outer_bottom_mid_to_bottom_left_mid_reverse,,,,camera_sign_speed_limit,camera_sign_speed_limit,False,False,0.0,0.28,red,red,red,89.66498527822891,219.8,0.0,92.20932906012735,219.80035444371492,-0.0006108002807472852
29.667773485999533,80822000000,outer_bottom_mid_to_bottom_left_mid_reverse,0.13278405722521644,0.984375,0.13489174067323575,route/default: outer_bottom_mid_to_bottom_left_mid_reverse,,,,camera_sign_speed_limit,camera_sign_speed_limit,False,False,0.0,0.28,red,red,red,89.6654531082759,219.8,0.0,92.20934239347183,219.8002313127268,-0.0006320246138933869
29.76807098900008,80925000000,outer_bottom_mid_to_bottom_left_mid_reverse,0.1327961520746249,0.984375,0.13490402750438085,route/default: outer_bottom_mid_to_bottom_left_mid_reverse,,,,camera_sign_speed_limit,camera_sign_speed_limit,False,False,0.0,0.28,red,red,red,89.665969155184,219.8,0.0,92.20934284831031,219.80010542355262,-0.0006536427093295983
29.868899029000204,81031000000,outer_bottom_mid_to_bottom_left_mid_reverse,0.13281074582739277,0.984375,0.13491885290401806,route/default: outer_bottom_mid_to_bottom_left_mid_reverse,,,,camera_sign_speed_limit,camera_sign_speed_limit,False,False,0.0,0.28,red,red,red,89.66659182196875,219.8,0.0,92.20935307677436,219.79997689822466,-0.0006753119953390892
30.073148260999915,81227000000,outer_bottom_mid_to_bottom_left_mid_reverse,0.13283292812897451,0.984375,0.1349413873056249,route/default: outer_bottom_mid_to_bottom_left_mid_reverse,,,,camera_sign_speed_limit,camera_sign_speed_limit,False,False,0.0,0.28,red,red,red,89.66753826683625,219.8,0.0,92.20936688301839,219.7997278880896,-0.0007181521350527909
30.17051187600009,81334000000,outer_bottom_mid_to_bottom_left_mid_reverse,0.1328454926803952,0.984375,0.13495415129436972,route/default: outer_bottom_mid_to_bottom_left_mid_reverse,,,,camera_sign_speed_limit,camera_sign_speed_limit,False,False,0.0,0.28,red,red,red,89.66807435436354,219.8,0.0,92.20937650457745,219.7995768782692,-0.0007439549246888997
30.37430378299996,81533000000,outer_bottom_mid_to_bottom_left_mid_reverse,0.13286997946826953,0.984375,0.13497902676141668,route/default: outer_bottom_mid_to_bottom_left_mid_reverse,,,,camera_sign_speed_limit,camera_sign_speed_limit,False,False,0.0,0.28,red,red,red,89.6691191239795,219.8,0.0,92.20940010071585,219.799325243395,-0.0007868439796109274
30.47085379500004,81633000000,outer_bottom_mid_to_bottom_left_mid_reverse,0.13288172203910162,0.984375,0.13499095572226197,route/default: outer_bottom_mid_to_bottom_left_mid_reverse,,,,camera_sign_speed_limit,camera_sign_speed_limit,False,False,0.0,0.28,red,red,red,89.66962014033501,219.8,0.0,92.20940057766666,219.7991993646342,-0.0008084594465079881
30.571004884000104,81734000000,outer_bottom_mid_to_bottom_left_mid_reverse,0.13289562819787065,0.984375,0.13500508261370986,route/default: outer_bottom_mid_to_bottom_left_mid_reverse,,,,camera_sign_speed_limit,camera_sign_speed_limit,False,False,0.0,0.28,red,red,red,89.6702134697758,219.8,0.0,92.20941082851164,219.79907085252853,-0.0008301258469956842
30.673229600000013,81834000000,outer_bottom_mid_to_bottom_left_mid_reverse,0.13290648456776857,0.984375,0.1350161113069395,route/default: outer_bottom_mid_to_bottom_left_mid_reverse,,,,camera_sign_speed_limit,camera_sign_speed_limit,False,False,0.0,0.28,red,red,red,89.67067667489147,219.8,0.0,92.20942419200401,219.79894774100768,-0.0008513460952373044
30.877775172999463,82030000000,outer_bottom_mid_to_bottom_left_mid_reverse,0.1329334712896498,0.984375,0.13504352638948552,route/default: outer_bottom_mid_to_bottom_left_mid_reverse,,,,camera_sign_speed_limit,camera_sign_speed_limit,False,False,0.0,0.28,red,red,red,89.6718281083584,219.8,0.0,92.2094349383434,219.79869335999894,-0.0008946256635351021
30.971733147000123,82134000000,outer_bottom_mid_to_bottom_left_mid_reverse,0.13294476196469507,0.984375,0.13505499628159498,route/default: outer_bottom_mid_to_bottom_left_mid_reverse,,,,camera_sign_speed_limit,camera_sign_speed_limit,False,False,0.0,0.28,red,red,red,89.67230984382698,219.8,0.0,92.20944831070838,219.79857025421478,-0.0009158447083094327
31.172978927999793,82332000000,outer_bottom_mid_to_bottom_left_mid_reverse,0.13296712613032,0.984375,0.13507771543397587,route/default: outer_bottom_mid_to_bottom_left_mid_reverse,,,,camera_sign_speed_limit,camera_sign_speed_limit,False,False,0.0,0.28,red,red,red,89.673264048227,219.8,0.0,92.20946279509067,219.7983437696243,-0.0009545421951245235
31.27293391799958,82433000000,outer_bottom_mid_to_bottom_left_mid_reverse,0.132978091161715,0.984375,0.13508885451348826,route/default: outer_bottom_mid_to_bottom_left_mid_reverse,,,,camera_sign_speed_limit,camera_sign_speed_limit,False,False,0.0,0.28,red,red,red,89.67373188956651,219.8,0.0,92.20947245682873,219.7981927830162,-0.000980339819303234
31.47383069999978,82632000000,outer_bottom_mid_to_bottom_left_mid_reverse,0.13300348575853835,0.984375,0.13511465219915006,route/default: outer_bottom_mid_to_bottom_left_mid_reverse,,,,camera_sign_speed_limit,camera_sign_speed_limit,False,False,0.0,0.28,red,red,red,89.67481539236431,219.8,0.0,92.20948324025773,219.7979384217328,-0.0010236147891282126
31.573730176000026,82735000000,outer_bottom_mid_to_bottom_left_mid_reverse,0.1330146679687262,0.984375,0.13512601190473775,route/default: outer_bottom_mid_to_bottom_left_mid_reverse,,,,camera_sign_speed_limit,camera_sign_speed_limit,False,False,0.0,0.28,red,red,red,89.67529249999899,219.8,0.0,92.20949663037354,219.79781532744312,-0.001044831424913803
31.674425893999796,82836000000,outer_bottom_mid_to_bottom_left_mid_reverse,0.1330265279628576,0.984375,0.13513806015274424,route/default: outer_bottom_mid_to_bottom_left_mid_reverse,,,,camera_sign_speed_limit,camera_sign_speed_limit,False,False,0.0,0.28,red,red,red,89.67579852641526,219.8,0.0,92.20949714420215,219.79768946609738,-0.0010664425022693614
31.781304944000112,82940000000,outer_bottom_mid_to_bottom_left_mid_reverse,0.13304084853554934,0.984375,0.13515260803611362,route/default: outer_bottom_mid_to_bottom_left_mid_reverse,,,,camera_sign_speed_limit,camera_sign_speed_limit,False,False,0.0,0.28,red,red,red,89.67640953751678,219.8,0.0,92.20950743236321,219.79756097607816,-0.0010881040887048962
31.975656761999744,83136000000,outer_bottom_mid_to_bottom_left_mid_reverse,0.13306300454345746,0.984375,0.13517511572668695,route/default: outer_bottom_mid_to_bottom_left_mid_reverse,,,,camera_sign_speed_limit,camera_sign_speed_limit,False,False,0.0,0.28,red,red,red,89.67735486052085,219.8,0.0,92.20952135441526,219.7973120305886,-0.0011309294947043213
32.17726283399952,83337000000,outer_bottom_mid_to_bottom_left_mid_reverse,0.13308765242481774,0.984375,0.1352001548442593,route/default: outer_bottom_mid_to_bottom_left_mid_reverse,,,,camera_sign_speed_limit,camera_sign_speed_limit,False,False,0.0,0.28,red,red,red,89.67840650345889,219.8,0.0,92.20954505979091,219.79706046336486,-0.00117380409664045
32.37906928600023,83536000000,outer_bottom_mid_to_bottom_left_mid_reverse,0.1331130682830153,0.984375,0.13522597412877746,route/default: outer_bottom_mid_to_bottom_left_mid_reverse,,,,camera_sign_speed_limit,camera_sign_speed_limit,False,False,0.0,0.28,red,red,red,89.67949091340864,219.8,0.0,92.20955589890463,219.79680613185843,-0.001217072144927874
32.47951082399959,83638000000,outer_bottom_mid_to_bottom_left_mid_reverse,0.1331241420760862,0.984375,0.13523722369634153,route/default: outer_bottom_mid_to_bottom_left_mid_reverse,,,,camera_sign_speed_limit,camera_sign_speed_limit,False,False,0.0,0.28,red,red,red,89.67996339524635,219.8,0.0,92.20956931566742,219.79668305489713,-0.001238285156079544
32.58044839000013,83739000000,outer_bottom_mid_to_bottom_left_mid_reverse,0.1331360020683518,0.984375,0.13524927194245262,route/default: outer_bottom_mid_to_bottom_left_mid_reverse,,,,camera_sign_speed_limit,camera_sign_speed_limit,False,False,0.0,0.28,red,red,red,89.68046942158301,219.8,0.0,92.20956985717588,219.7965572067015,-0.0012598929291726402
32.680484761000116,83839000000,outer_bottom_mid_to_bottom_left_mid_reverse,0.13314977283491747,0.984375,0.13526326129261457,route/default: outer_bottom_mid_to_bottom_left_mid_reverse,,,,camera_sign_speed_limit,camera_sign_speed_limit,False,False,0.0,0.28,red,red,red,89.68105697428982,219.8,0.0,92.20958017334554,219.79642873334467,-0.0012815508919262377
32.78125242799979,83940000000,outer_bottom_mid_to_bottom_left_mid_reverse,0.13316073811099158,0.984375,0.13527440062068985,route/default: outer_bottom_mid_to_bottom_left_mid_reverse,,,,camera_sign_speed_limit,camera_sign_speed_limit,False,False,0.0,0.28,red,red,red,89.68152482606897,219.8,0.0,92.2095935989917,219.796305662171,-0.00130276269280789
32.98262805600007,84141000000,outer_bottom_mid_to_bottom_left_mid_reverse,0.1331864300537295,0.984375,0.13530050037204266,route/default: outer_bottom_mid_to_bottom_left_mid_reverse,,,,camera_sign_speed_limit,camera_sign_speed_limit,False,False,0.28,0.28,green,green,green,89.68262101562578,219.8,0.0,92.20960447523416,219.79605135057244,-0.0013460261165243947
33.18307319700034,84340000000,outer_bottom_mid_to_bottom_left_mid_reverse,0.18886975366498254,0.984375,0.1918676862628394,route/default: outer_bottom_mid_to_bottom_left_mid_reverse,,,,camera_sign_speed_limit,camera_sign_speed_limit,False,False,0.28,0.28,green,green,green,92.05844282303926,219.8,0.0,94.06751171281266,219.80193194444524,0.0006694454329761664
33.38390458699996,84540000000,outer_bottom_mid_to_bottom_left_mid_reverse,0.24484687043215547,0.984375,0.24873332869298334,route/default: outer_bottom_mid_to_bottom_left_mid_reverse,,,,camera_sign_speed_limit,camera_sign_speed_limit,False,False,0.28,0.28,green,green,green,94.4467998051053,219.8,0.0,96.45447283138351,219.80057734412838,0.0009111771435714233
33.48927444800029,84642000000,outer_bottom_mid_to_bottom_left_mid_reverse,0.27339224859589617,0.984375,0.2777318080974183,route/default: outer_bottom_mid_to_bottom_left_mid_reverse,,,,camera_sign_speed_limit,camera_sign_speed_limit,False,False,0.28,0.28,green,green,green,95.66473594009156,219.8,0.0,97.64788642107806,219.79978058635425,0.0010934603112804189
33.684855198999685,84841000000,outer_bottom_mid_to_bottom_left_mid_reverse,0.3290765618134513,0.984375,0.3342999993025537,route/default: outer_bottom_mid_to_bottom_left_mid_reverse,,,,camera_sign_speed_limit,camera_sign_speed_limit,False,False,0.28,0.28,green,green,green,98.04059997070725,219.8,0.0,100.03411510058265,219.79759204209677,0.0013988387561367978
33.886239694000324,85044000000,outer_bottom_mid_to_bottom_left_mid_reverse,0.3858687413075117,0.984375,0.3919936419631865,route/default: outer_bottom_mid_to_bottom_left_mid_reverse,,,,camera_sign_speed_limit,camera_sign_speed_limit,False,False,0.28,0.28,green,green,green,100.46373296245383,219.8,0.0,102.41980036091559,219.79412974867614,0.0014097312490449756
33.98784715399961,85145000000,outer_bottom_mid_to_bottom_left_mid_reverse,0.4141219366743812,0.984375,0.4206953007485777,route/default: outer_bottom_mid_to_bottom_left_mid_reverse,,,,camera_sign_speed_limit,camera_sign_speed_limit,False,False,0.28,0.28,green,,,101.66920263144026,219.8,0.0,103.61249812062587,219.7921550156521,0.0013338427665806666
34.188514610999846,85345000000,outer_bottom_mid_to_bottom_left_mid_reverse,0.4700650651181702,0.984375,0.47752641535814117,route/default: outer_bottom_mid_to_bottom_left_mid_reverse,,,,camera_sign_speed_limit,camera_sign_speed_limit,False,False,0.28,0.28,green,,,104.05610944504193,219.8,0.0,105.99772219804987,219.7881674056356,0.0010920509415349223
34.28867834099947,85446000000,outer_bottom_mid_to_bottom_left_mid_reverse,0.49831496190159946,0.984375,0.5062247232016248,route/default: outer_bottom_mid_to_bottom_left_mid_reverse,,,,camera_sign_speed_limit,camera_sign_speed_limit,False,False,0.28,0.28,green,,,105.26143837446824,219.8,0.0,107.19027876813526,219.7863343502175,0.0009468799546249252
34.494923344999734,85648000000,outer_bottom_mid_to_bottom_left_mid_reverse,0.5548139650121443,0.984375,0.563620535885353,route/default: outer_bottom_mid_to_bottom_left_mid_reverse,,,,camera_sign_speed_limit,camera_sign_speed_limit,False,False,0.28,0.28,green,,,107.67206250718482,219.8,0.0,109.81385728310681,219.7830289373378,0.0006221566027774542
34.69055905499954,85839000000,outer_bottom_mid_to_bottom_left_mid_reverse,0.6082378894717739,0.984375,0.617892459145929,route/default: outer_bottom_mid_to_bottom_left_mid_reverse,,,,camera_sign_speed_limit,camera_sign_speed_limit,False,False,0.28,0.28,green,yellow,yellow,109.95148328412903,219.8,0.0,111.96046729499537,219.78100245966255,0.00037648592775701674
34.89409427699957,86038000000,outer_bottom_mid_to_bottom_left_mid_reverse,0.6639015213570317,0.984375,0.6744396407436513,route/default: outer_bottom_mid_to_bottom_left_mid_reverse,,,,camera_sign_speed_limit,camera_sign_speed_limit,False,False,0.28,0.28,green,,,112.32646491123336,219.8,0.0,114.3456824126649,219.77939871179132,0.00016251702541722005
35.09137491799993,86234000000,outer_bottom_mid_to_bottom_left_mid_reverse,0.7187258211721598,0.984375,0.7301341675399718,route/default: outer_bottom_mid_to_bottom_left_mid_reverse,,,,camera_sign_speed_limit,camera_sign_speed_limit,False,False,0.28,0.28,green,,,114.66563503667882,219.8,0.0,116.73092135195863,219.77854872291925,1.600801042589175e-05
35.19124571100019,86336000000,outer_bottom_mid_to_bottom_left_mid_reverse,0.7472567635908339,0.984375,0.7591179820605297,route/default: outer_bottom_mid_to_bottom_left_mid_reverse,,,,camera_sign_speed_limit,camera_sign_speed_limit,False,False,0.28,0.28,green,,,115.88295524654225,219.8,0.0,117.92353412887866,219.7783797683611,-3.0073592204490753e-05
35.399838588999955,86536000000,outer_bottom_mid_to_bottom_left_mid_reverse,0.8032011574370383,0.984375,0.8159503821582612,route/default: outer_bottom_mid_to_bottom_left_mid_reverse,,,,camera_sign_speed_limit,camera_sign_speed_limit,False,False,0.28,0.28,green,,,118.26991605064697,219.8,0.0,120.30881617118906,219.77817979036098,-0.00010238076323595013
35.493608259999746,86637000000,outer_bottom_mid_to_bottom_left_mid_reverse,0.8314536168431153,0.984375,0.8446512933009425,route/default: outer_bottom_mid_to_bottom_left_mid_reverse,,,,camera_sign_speed_limit,camera_sign_speed_limit,False,False,0.28,0.28,green,,,119.47535431863959,219.8,0.0,121.50149777784878,219.77809030948907,-0.00013527084028318288
35.59351529000014,86737000000,outer_bottom_mid_to_bottom_left_mid_reverse,0.859426346043067,0.984375,0.8730680340754966,route/default: outer_bottom_mid_to_bottom_left_mid_reverse,,,,camera_sign_speed_limit,camera_sign_speed_limit,False,False,0.28,0.28,green,,,120.66885743117086,219.8,0.0,122.69420368078205,219.7780216545043,-0.0001694201088284452
35.79597695099983,86938000000,outer_bottom_mid_to_bottom_left_mid_reverse,0.9156512069606213,0.984375,0.9301853531028533,route/default: outer_bottom_mid_to_bottom_left_mid_reverse,,,,camera_sign_speed_limit,camera_sign_speed_limit,False,False,0.28,0.28,green,,,123.06778483031984,219.8,0.0,125.0796841297327,219.7780193263245,-0.0002530361372594962
35.89621908400022,87039000000,outer_bottom_mid_to_bottom_left_mid_reverse,0.943904126042504,0.984375,0.9588867312177818,route/default: outer_bottom_mid_to_bottom_left_mid_reverse,,,,camera_sign_speed_limit,camera_sign_speed_limit,False,False,0.28,0.28,green,,,124.27324271114684,219.8,0.0,126.27248027813604,219.77808830987306,-0.0003004341123914097
35.99723012399954,87142000000,outer_bottom_mid_to_bottom_left_mid_reverse,0.9727173500090257,0.984375,0.9881573079456769,route/default: outer_bottom_mid_to_bottom_left_mid_reverse,,,,camera_sign_speed_limit,camera_sign_speed_limit,False,False,0.28,0.28,green,,,125.50260693371843,219.8,0.0,127.46532973782595,219.77818241955754,-0.00034653890067731113
36.098188244000085,87239000000,outer_bottom_right_mid_to_bottom_mid_reverse,0.015477876241774553,0.984375,0.015723556817040817,route/default: outer_bottom_right_mid_to_bottom_mid_reverse,,,,camera_sign_speed_limit,camera_sign_speed_limit,False,False,0.28,0.28,green,,,126.66038938631571,219.8,0.0,128.65823461570488,219.7782883739095,-0.0003886462676172524
36.198776195999926,87339000000,outer_bottom_right_mid_to_bottom_mid_reverse,0.043453040050443155,0.984375,0.04414277084489463,route/default: outer_bottom_right_mid_to_bottom_mid_reverse,,,,camera_sign_speed_limit,camera_sign_speed_limit,False,False,0.28,0.28,green,,,127.85399637548558,219.8,0.0,129.85118350746336,219.7784088214358,-0.0004285596835291659
36.29869399200015,87442000000,outer_bottom_right_mid_to_bottom_mid_reverse,0.0722676412543197,0.984375,0.07341474667105494,route/default: outer_bottom_right_mid_to_bottom_mid_reverse,,,,camera_sign_speed_limit,camera_sign_speed_limit,False,False,0.28,0.28,green,,,129.0834193601843,219.8,0.0,131.04417574954905,219.77856167544894,-0.0004694455133163137
36.39953669999977,87542000000,outer_bottom_right_mid_to_bottom_mid_reverse,0.10024318317561823,0.984375,0.10183434481332646,route/default: outer_bottom_right_mid_to_bottom_mid_reverse,,,,camera_sign_speed_limit,camera_sign_speed_limit,False,False,0.28,0.28,green,,,130.27704248215971,219.8,0.0,132.23722285514876,219.77875362520302,-0.0005169093425242923
36.600420881999526,87740000000,outer_bottom_right_mid_to_bottom_mid_reverse,0.1556372100194343,0.984375,0.1581076419245047,route/default: outer_bottom_right_mid_to_bottom_mid_reverse,,,,camera_sign_speed_limit,camera_sign_speed_limit,False,False,0.28,0.28,green,,,132.6405209608292,219.8,0.0,134.6235284825353,219.7792395892859,-0.0006369017633284881
36.70208637399992,87842000000,outer_bottom_right_mid_to_bottom_mid_reverse,0.1841755804739735,0.984375,0.1870990023862588,route/default: outer_bottom_right_mid_to_bottom_mid_reverse,,,,camera_sign_speed_limit,camera_sign_speed_limit,False,False,0.28,0.28,green,,,133.85815810022288,219.8,0.0,135.81682138369686,219.77950781431997,-0.0007030996777604943
36.80828860299971,87946000000,outer_bottom_right_mid_to_bottom_mid_reverse,0.21327483774885542,0.984375,0.21666015263375787,route/default: outer_bottom_right_mid_to_bottom_mid_reverse,,,,camera_sign_speed_limit,camera_sign_speed_limit,False,False,0.28,0.28,green,,,135.09972641061782,219.8,0.0,137.01021402025566,219.77978120742443,-0.0007705529436515585
36.903335885999695,88046000000,outer_bottom_right_mid_to_bottom_mid_reverse,0.24125589278879528,0.984375,0.24508535140449045,route/default: outer_bottom_right_mid_to_bottom_mid_reverse,,,,camera_sign_speed_limit,camera_sign_speed_limit,False,False,0.28,0.28,green,,,136.2935847589886,219.8,0.0,138.20368964492496,219.7800724941319,-0.0008424002995588014
37.104348961999676,88246000000,outer_bottom_right_mid_to_bottom_mid_reverse,0.2971904595410965,0.984375,0.30190776842270123,route/default: outer_bottom_right_mid_to_bottom_mid_reverse,,,,camera_sign_speed_limit,camera_sign_speed_limit,False,False,0.28,0.28,green,,,138.68012627375344,219.8,0.0,140.5912312914965,219.78107133802524,-0.0011329327488424567
37.305091377999815,88444000000,outer_bottom_right_mid_to_bottom_mid_reverse,0.3526211012126415,0.984375,0.3582182615493501,route/default: outer_bottom_right_mid_to_bottom_mid_reverse,,,,camera_sign_speed_limit,camera_sign_speed_limit,False,False,0.28,0.28,green,green,green,141.0451669850727,219.8,0.0,142.97885055357804,219.78285881708496,-0.001491563505774745
37.406487160000324,88544000000,outer_bottom_right_mid_to_bottom_mid_reverse,0.3806138609445494,0.984375,0.3866553508008121,route/default: outer_bottom_right_mid_to_bottom_mid_reverse,,,,camera_sign_speed_limit,camera_sign_speed_limit,False,False,0.28,0.28,green,yellow,yellow,142.2395247336341,219.8,0.0,144.17298818622643,219.78413240891103,-0.0016188627401572157
37.514921494999726,88646000000,outer_bottom_right_mid_to_bottom_mid_reverse,0.4091711318934435,0.984375,0.415665911764768,route/default: outer_bottom_right_mid_to_bottom_mid_reverse,,,,camera_sign_speed_limit,camera_sign_speed_limit,False,False,0.28,0.28,green,yellow,yellow,143.45796829412026,219.8,0.0,145.3671667791116,219.78567714234669,-0.001671981878343838
37.60781456099994,88748000000,outer_bottom_right_mid_to_bottom_mid_reverse,0.4377234180620026,0.984375,0.44467140882489153,route/default: outer_bottom_right_mid_to_bottom_mid_reverse,,,,camera_sign_speed_limit,camera_sign_speed_limit,False,False,0.28,0.28,green,yellow,yellow,144.67619917064545,219.8,0.0,146.56138624951222,219.7875210588494,-0.0016727879042521309
37.82349096799953,88949000000,outer_bottom_right_mid_to_bottom_mid_reverse,0.49399772816279985,0.984375,0.5018389619431618,route/default: outer_bottom_right_mid_to_bottom_mid_reverse,,,,camera_sign_speed_limit,camera_sign_speed_limit,False,False,0.28,0.28,green,green,green,147.0772364016128,219.8,0.0,149.18860747022063,219.7918397262962,-0.001457183208054179
38.01159256200026,89145000000,outer_bottom_right_mid_to_bottom_mid_reverse,0.5488488266430143,0.984375,0.5575607127802049,route/default: outer_bottom_right_mid_to_bottom_mid_reverse,,,,camera_sign_speed_limit,camera_sign_speed_limit,False,False,0.28,0.28,yellow,green,green,149.4175499367686,219.8,0.0,151.33786740717207,219.79505474473768,-0.0012430233229235893
38.111880251,89251000000,outer_bottom_right_mid_to_bottom_mid_reverse,0.5785231474010244,0.984375,0.5877060545026279,route/default: outer_bottom_right_mid_to_bottom_mid_reverse,,,,camera_sign_speed_limit,camera_sign_speed_limit,False,False,0.28,0.28,yellow,green,green,150.68365428911036,219.8,0.0,152.5318491390732,219.79668782279487,-0.0011068589684498104
38.21755970399954,89357000000,outer_bottom_right_mid_to_bottom_mid_reverse,0.6081842768484598,0.984375,0.6178379955285941,route/default: outer_bottom_right_mid_to_bottom_mid_reverse,,,,camera_sign_speed_limit,camera_sign_speed_limit,False,False,0.28,0.28,yellow,green,green,151.94919581220094,219.8,0.0,153.9644451697961,219.79866567665294,-0.000940992974455648
38.31414489300005,89457000000,outer_bottom_right_mid_to_bottom_mid_reverse,0.6361648458751072,0.984375,0.6462627005715376,route/default: outer_bottom_right_mid_to_bottom_mid_reverse,,,,camera_sign_speed_limit,camera_sign_speed_limit,False,False,0.28,0.28,yellow,green,green,153.14303342400459,219.8,0.0,155.15826495967218,219.80009540770254,-0.0008009582761917926
38.42297179399975,89558000000,outer_bottom_right_mid_to_bottom_mid_reverse,0.6644448458751072,0.984375,0.6749915894604264,route/default: outer_bottom_right_mid_to_bottom_mid_reverse,,,,camera_sign_speed_limit,camera_sign_speed_limit,False,False,0.28,0.28,yellow,green,green,154.3496467573379,219.8,0.0,156.35159171376156,219.80125001547583,-0.0007145735092308716
38.5235042409995,89659000000,outer_bottom_right_mid_to_bottom_mid_reverse,0.6927113375498096,0.984375,0.7037067556061558,route/default: outer_bottom_right_mid_to_bottom_mid_reverse,,,,camera_sign_speed_limit,camera_sign_speed_limit,False,False,0.28,0.28,yellow,green,green,155.55568373545856,219.8,0.0,157.545062570175,219.8022498866407,-0.0006291037551109071
38.71978023199972,89855000000,outer_bottom_right_mid_to_bottom_mid_reverse,0.7475599090641055,0.984375,0.7594259393667103,route/default: outer_bottom_right_mid_to_bottom_mid_reverse,,,,camera_sign_speed_limit,camera_sign_speed_limit,False,False,0.28,0.28,yellow,yellow,yellow,157.89588945340182,219.8,0.0,159.9329956838761,219.80388586728463,-0.00036612288363831684
38.82134609399964,89957000000,outer_bottom_right_mid_to_bottom_mid_reverse,0.7760765415424364,0.984375,0.7883952168050148,route/default: outer_bottom_right_mid_to_bottom_mid_reverse,,,,camera_sign_speed_limit,camera_sign_speed_limit,False,False,0.28,0.28,yellow,yellow,yellow,159.11259910581063,219.8,0.0,161.12691247817497,219.80445260703465,-0.00024346387476656932
39.0170202219997,90154000000,outer_bottom_right_mid_to_bottom_mid_reverse,0.8312184456005645,0.984375,0.8444123891815258,route/default: outer_bottom_right_mid_to_bottom_mid_reverse,,,,camera_sign_speed_limit,camera_sign_speed_limit,False,False,0.28,0.28,red,,,161.4653203456241,219.8,0.0,163.51449616453124,219.80522517555545,-8.129906546804086e-05
39.11997420700027,90254000000,outer_bottom_right_mid_to_bottom_mid_reverse,0.8592074624632671,0.984375,0.8728456761531602,route/default: outer_bottom_right_mid_to_bottom_mid_reverse,,,,camera_sign_speed_limit,camera_sign_speed_limit,False,False,0.28,0.28,red,,,162.65951839843274,219.8,0.0,164.7080430021699,219.80537670149494,-4.1386486726884125e-05
39.21763205099978,90354000000,outer_bottom_right_mid_to_bottom_mid_reverse,0.8871623344567008,0.984375,0.9012442762734738,route/default: outer_bottom_right_mid_to_bottom_mid_reverse,,,,camera_sign_speed_limit,camera_sign_speed_limit,False,False,0.28,0.28,red,,,163.8522596034859,219.8,0.0,165.90177825012802,219.8055199650001,3.330696098142401e-05
39.31845306899959,90455000000,outer_bottom_right_mid_to_bottom_mid_reverse,0.915432437350134,0.984375,0.9299631109588663,route/default: outer_bottom_right_mid_to_bottom_mid_reverse,right,camera_sign_turn_right,,camera_sign_turn_right,camera_sign_turn_right,False,False,0.28,0.28,red,,,165.0584506602724,219.8,0.0,167.0954646873548,219.80555037073964,9.009854007087302e-05
39.41903506499966,90556000000,outer_bottom_right_mid_to_bottom_mid_reverse,0.9437038424076614,0.984375,0.9586832684776242,route/default: outer_bottom_right_mid_to_bottom_mid_reverse,right,camera_sign_turn_right,,camera_sign_turn_right,camera_sign_turn_right,False,False,0.28,0.28,red,,,166.26469727606022,219.8,0.0,168.28909984458582,219.8054567388807,0.00014265075058803286
39.51944253199963,90656000000,outer_bottom_right_mid_to_bottom_mid_reverse,0.9716712504129629,0.984375,0.987094603594121,route/default: outer_bottom_right_mid_to_bottom_mid_reverse,right,camera_sign_turn_right,,camera_sign_turn_right,camera_sign_turn_right,False,False,0.28,0.28,red,,,167.45797335095307,219.8,0.0,169.4831647182686,219.80536877362078,0.00021407119067607964
39.620377784000084,90757000000,outer_bottom_right_to_bottom_right_mid_reverse,0.015573443688593855,0.8671875,0.017958565694955075,route/default: outer_bottom_right_to_bottom_right_mid_reverse,right,camera_sign_turn_right,,camera_sign_turn_right,camera_sign_turn_right,False,False,0.28,0.28,red,,,168.66446693071333,219.8,0.0,170.67748960223753,219.80529089924698,0.0002757821799806593
39.722401824999906,90859000000,outer_bottom_right_to_bottom_right_mid_reverse,0.04413344368859386,0.8671875,0.05089261974900913,route/default: outer_bottom_right_to_bottom_right_mid_reverse,right,camera_sign_turn_right,,camera_sign_turn_right,camera_sign_turn_right,False,False,0.28,0.28,red,,,169.88302693071333,219.8,0.0,171.87187723374961,219.80510924292645,0.0003265482295400342
39.82241772299949,90961000000,outer_bottom_right_to_bottom_right_mid_reverse,0.07268828229187921,0.8671875,0.08382072192216701,route/default: outer_bottom_right_to_bottom_right_mid_reverse,right,camera_sign_turn_right,,camera_sign_turn_right,camera_sign_turn_right,False,False,0.28,0.28,red,,,171.1013667111202,219.8,0.0,173.06631568590143,219.80488634860149,0.00038060144943762204
40.021204777000094,91155000000,outer_bottom_right_to_bottom_right_mid_reverse,0.12700092528406437,0.8671875,0.14645151744468685,route/default: outer_bottom_right_to_bottom_right_mid_reverse,right,camera_sign_turn_right,,camera_sign_turn_right,camera_sign_turn_right,False,False,0.28,0.28,red,,,173.4187061454534,219.8,0.0,175.45507404893465,219.8042191519574,0.0005053587240921249
40.222008810999796,91350000000,outer_bottom_right_to_bottom_right_mid_reverse,0.1815793451458712,0.8671875,0.20938879440244607,route/default: outer_bottom_right_to_bottom_right_mid_reverse,right,camera_sign_turn_right,,camera_sign_turn_right,camera_sign_turn_right,False,False,0.28,0.28,red,,,175.7473853928905,219.8,0.0,177.60402636667007,219.80320554113234,0.0006974677685612175
40.322250363999956,91456000000,outer_bottom_right_to_bottom_right_mid_reverse,0.21124913288415045,0.8671875,0.24360260368622755,route/default: outer_bottom_right_to_bottom_right_mid_reverse,right,camera_sign_turn_right,,camera_sign_turn_right,camera_sign_turn_right,False,False,0.28,0.28,red,,,177.01329633639043,219.8,0.0,179.03663206439342,219.80234312858386,0.0009101121289335719
40.52479798999957,91652000000,outer_bottom_right_to_bottom_right_mid_reverse,0.2661011734743154,0.8671875,0.306855407249661,route/default: outer_bottom_right_to_bottom_right_mid_reverse,right,camera_sign_turn_right,,camera_sign_turn_right,camera_sign_turn_right,False,False,0.28,0.28,red,,,179.35365006823744,219.8,0.0,181.42352172989362,219.80067090117097,0.0012955582542604276
40.724747958999615,91849000000,outer_bottom_right_to_bottom_right_mid_reverse,0.3212245844621231,0.8671875,0.3704211424428086,route/default: outer_bottom_right_to_bottom_right_mid_reverse,right,camera_sign_turn_right,,camera_sign_turn_right,camera_sign_turn_right,False,False,0.28,0.28,red,,,181.70558227038393,219.8,0.0,183.57102000849298,219.79829673134157,0.0015247457366096486
40.92661565399976,92052000000,outer_bottom_right_to_bottom_right_mid_reverse,0.3780158278293419,0.8671875,0.4359101438032051,route/default: outer_bottom_right_to_bottom_right_mid_reverse,right,camera_sign_turn_right,,camera_sign_turn_right,camera_sign_turn_right,False,False,0.28,0.28,red,,,184.1286753207186,219.8,0.0,186.19520082118447,219.79387944703768,0.0014753693972521297
41.128658071000245,92251000000,outer_bottom_right_to_bottom_right_mid_reverse,0.43367866496708896,0.8671875,0.5000979199620486,route/default: outer_bottom_right_to_bottom_right_mid_reverse,right,camera_sign_turn_right,,camera_sign_turn_right,camera_sign_turn_right,False,False,0.28,0.28,red,,,186.5036230385958,219.8,0.0,188.58042566351068,219.78960342762497,0.0012421906776732094
41.326637938000204,92449000000,outer_bottom_right_to_bottom_right_mid_reverse,0.489057825127995,0.8671875,0.5639585731205708,route/default: outer_bottom_right_to_bottom_right_mid_reverse,right,camera_sign_turn_right,,camera_sign_turn_right,camera_sign_turn_right,False,False,0.28,0.28,red,,,188.86646720546113,219.8,0.0,190.72695438946658,219.7861656908775,0.0009567678095893878
41.4275165199997,92550000000,outer_bottom_right_to_bottom_right_mid_reverse,0.5173074361534515,0.8671875,0.5965347011499261,route/default: outer_bottom_right_to_bottom_right_mid_reverse,right,camera_sign_turn_right,,camera_sign_turn_right,camera_sign_turn_right,False,False,0.28,0.28,red,,,190.07178394254726,219.8,0.0,191.91948013356946,219.78450527656958,0.0007972449809191938
41.527358182999706,92654000000,outer_bottom_right_to_bottom_right_mid_reverse,0.5463965830276497,0.8671875,0.630078942590443,route/default: outer_bottom_right_to_bottom_right_mid_reverse,right,camera_sign_turn_right,,camera_sign_turn_right,camera_sign_turn_right,False,False,0.28,0.28,red,,,191.3129208758464,219.8,0.0,193.35053441986537,219.78274124027843,0.0006157035342556616
41.62822310999945,92755000000,outer_bottom_right_to_bottom_right_mid_reverse,0.5746466114319138,0.8671875,0.6626555519214862,route/default: outer_bottom_right_to_bottom_right_mid_reverse,right,camera_sign_turn_right,,camera_sign_turn_right,camera_sign_turn_right,False,False,0.28,0.28,red,,,192.51825542109498,219.8,0.0,194.5430858801971,219.78146124165693,0.0004691669437637652
41.735447426000064,92856000000,outer_bottom_right_to_bottom_right_mid_reverse,0.6028968569816058,0.8671875,0.6952324116544644,route/default: outer_bottom_right_to_bottom_right_mid_reverse,right,camera_sign_turn_right,,camera_sign_turn_right,camera_sign_turn_right,False,False,0.28,0.28,red,,,193.7235992312152,219.8,0.0,195.73565088356727,219.78040932807238,0.0003349669261651274
41.828325884999686,92960000000,outer_bottom_right_to_bottom_right_mid_reverse,0.6319864642123659,0.8671875,0.7287771839566022,route/default: outer_bottom_right_to_bottom_right_mid_reverse,right,camera_sign_turn_right,,camera_sign_turn_right,camera_sign_turn_right,False,False,0.28,0.28,red,,,194.9647558063943,219.8,0.0,196.92823031423785,219.77960944468225,0.00021850995562259552
42.029092980000314,93153000000,outer_bottom_right_to_bottom_right_mid_reverse,0.68597147127965,0.8671875,0.791030165079236,route/default: outer_bottom_right_to_bottom_right_mid_reverse,right,camera_sign_turn_right,,camera_sign_turn_right,camera_sign_turn_right,False,False,0.28,0.28,red,,,197.26811610793175,219.8,0.0,199.31344022070883,219.77864383391193,4.685391943380823e-05
42.232305081999584,93352000000,outer_bottom_right_to_bottom_right_mid_reverse,0.741636369433105,0.8671875,0.8552203179048418,route/default: outer_bottom_right_to_bottom_right_mid_reverse,right,camera_sign_turn_right,,camera_sign_turn_right,camera_sign_turn_right,False,False,0.28,0.28,red,,,199.64315176247914,219.8,0.0,201.69871201406676,219.7781828102569,-4.652822827889384e-05
42.33070857999974,93452000000,outer_bottom_right_to_bottom_right_mid_reverse,0.7696085605630315,0.8671875,0.8874765383069192,route/default: outer_bottom_right_to_bottom_right_mid_reverse,right,camera_sign_turn_right,,camera_sign_turn_right,camera_sign_turn_right,False,False,0.28,0.28,red,,,200.836631917356,219.8,0.0,202.65282406793898,219.77806987102548,-7.096409443308064e-05
42.43169287799992,93553000000,outer_bottom_right_to_bottom_right_mid_reverse,0.7978605248566547,0.8671875,0.9200553800148811,route/default: outer_bottom_right_to_bottom_right_mid_reverse,right,camera_sign_turn_right,,camera_sign_turn_right,camera_sign_turn_right,False,False,0.28,0.28,red,,,202.0420490605506,219.8,0.0,204.08401919090034,219.7779455171309,-0.00011031460132316973
42.53389120199972,93653000000,outer_bottom_right_to_bottom_right_mid_reverse,0.8258323271917785,0.8671875,0.9523111520770058,route/default: outer_bottom_right_to_bottom_right_mid_reverse,right,camera_sign_turn_right,,camera_sign_turn_right,camera_sign_turn_right,False,False,0.28,0.28,red,,,203.23551262684921,219.8,0.0,205.27668894738633,219.77789299953065,-0.00015091627116638927
42.73271343400029,93855000000,outer_bottom_right_corner_reverse,0.015123046180014983,0.3944162607362388,0.03834285673665047,route/default: outer_bottom_right_corner_reverse,right,camera_sign_turn_right,,camera_sign_turn_right,camera_sign_turn_right,False,False,0.28,0.28,red,,,205.64524997034732,219.8,0.024844885107074274,207.6619035800211,219.779452623821,0.000289453818614107
42.83766687299976,93958000000,outer_bottom_right_corner_reverse,0.04244693423672167,0.3944162607362388,0.10761963555328048,route/default: outer_bottom_right_corner_reverse,right,camera_sign_turn_right,,camera_sign_turn_right,camera_sign_turn_right,False,False,0.28,0.28,red,,,206.81106919410013,219.8,0.09214471808566102,208.80615289383275,219.836243961194,0.01958574341667887
43.039791776999664,94158000000,outer_bottom_right_corner_reverse,0.09359161122932594,0.3944162607362388,0.2372914622095518,route/default: outer_bottom_right_corner_reverse,right,camera_sign_turn_right,,camera_sign_turn_right,camera_sign_turn_right,False,False,0.28,0.28,red,,,208.99324207911792,219.8,0.16553371520442514,210.99188579785516,219.98557770636972,0.10015370053758017
43.235539463999885,94353000000,outer_bottom_right_corner_reverse,0.14064258629512238,0.3944162607362388,0.35658414800797333,route/default: outer_bottom_right_corner_reverse,right,camera_sign_turn_right,,camera_sign_turn_right,camera_sign_turn_right,False,False,0.28,0.28,red,,,211.0007503485919,219.8,0.37558771709033806,213.0762718279874,220.10011392326072,0.23008707156355682
43.33577831299954,94459000000,outer_bottom_right_corner_reverse,0.16482089832965902,0.3944162607362388,0.4178856572038774,route/default: outer_bottom_right_corner_reverse,right,camera_sign_turn_right,,camera_sign_turn_right,camera_sign_turn_right,False,False,0.28,0.28,red,,,212.03235832873213,219.8,0.5036637504109985,214.05512313823886,220.17077177664805,0.3295294931180194
43.53626800599977,94656000000,outer_bottom_right_corner_reverse,0.20864247889757603,0.3944162607362388,0.528990560653135,route/default: outer_bottom_right_corner_reverse,right,camera_sign_turn_right,,camera_sign_turn_right,camera_sign_turn_right,False,False,0.28,0.28,red,,,213.90207909962993,219.8,0.7568035229967182,215.96467578428405,220.16600533657038,0.5693430021912301
43.64251045400033,94759000000,outer_bottom_right_corner_reverse,0.2314584263589093,0.3944162607362388,0.5868379410292477,route/default: outer_bottom_right_corner_reverse,right,camera_sign_turn_right,,camera_sign_turn_right,camera_sign_turn_right,False,False,0.28,0.28,red,green,green,214.8755595246468,219.8,0.8912302326055005,216.89338155482346,220.03941245111787,0.7016481422363853
43.74062214599962,94859000000,outer_bottom_right_corner_reverse,0.2537771179219962,0.3944162607362388,0.6434245825673669,route/default: outer_bottom_right_corner_reverse,right,camera_sign_turn_right,,camera_sign_turn_right,camera_sign_turn_right,False,False,0.28,0.28,red,green,green,215.82782369800515,219.8,1.018563084071118,217.7964913601959,219.78960336126465,0.8330113393287175
43.8384433199999,94962000000,outer_bottom_right_corner_reverse,0.27670911581689317,0.3944162607362388,0.7015661963337234,route/default: outer_bottom_right_corner_reverse,right,camera_sign_turn_right,,camera_sign_speed_limit,camera_sign_turn_right,False,False,0.28,0.28,red,yellow,yellow,216.80625560818743,219.8,1.1412676694743964,218.65357024386196,219.4045574223643,0.9590354813377909
44.04022741399967,95161000000,outer_bottom_right_corner_reverse,0.32136542315749933,0.3944162607362388,0.8147874597198939,route/default: outer_bottom_right_corner_reverse,right,camera_sign_turn_right,,camera_sign_speed_limit,camera_sign_turn_right,False,False,0.28,0.28,red,red,red,218.50317109592646,219.29682890407355,1.3211640638332067,220.14969955014266,218.2210149112804,1.1796595423478067
44.13976407100017,95261000000,outer_bottom_right_corner_reverse,0.34448574070167365,0.3944162607362388,0.8734065376986179,route/default: outer_bottom_right_corner_reverse,right,camera_sign_turn_right,,camera_sign_turn_right,camera_sign_turn_right,False,False,0.28,0.28,red,red,red,219.20070851752308,218.59929148247687,1.382254286603655,220.7608191333755,217.4540486514366,1.2727929163598588
44.24088173000018,95363000000,outer_bottom_right_corner_reverse,0.36895022265700744,0.3944162607362388,0.9354335999441425,route/default: outer_bottom_right_corner_reverse,right,camera_sign_turn_right,,camera_sign_turn_right,camera_sign_turn_right,False,False,0.28,0.28,red,red,red,219.93879923064662,217.8612007693534,1.4451028231258585,221.2730956817673,216.5892800228243,1.353945237858644
44.341370752999865,95463000000,outer_bottom_right_corner_reverse,0.3933671650990683,0.3944162607362388,0.9973401308677989,route/default: outer_bottom_right_corner_reverse,right,camera_sign_turn_right,,camera_sign_turn_right,camera_sign_turn_right,False,False,0.28,0.28,red,red,red,220.9552385861474,217.8,1.5309422279055158,221.68880932406387,215.63774152766064,1.4235847496812715
44.44211900499977,95563000000,outer_right_mid_to_lower_reverse,0.02381662987711465,1.289914491170345,0.01846372766578172,route/default: outer_right_mid_to_lower_reverse,right,camera_sign_turn_right,,camera_sign_turn_right,camera_sign_turn_right,False,False,0.28,0.28,red,red,red,221.03692745533158,216.78449497838199,1.5344487057758764,222.00432079480186,214.62610096573076,1.4806126702457931
44.54165034400012,95664000000,outer_right_mid_to_lower_reverse,0.04945117152291045,1.289914491170345,0.03833678267932566,route/default: outer_right_mid_to_lower_reverse,right,camera_sign_turn_right,,camera_sign_turn_right,camera_sign_turn_right,False,False,0.28,0.28,red,red,red,221.07667356535865,215.69147695263706,1.5344487057758749,222.23055632926423,213.5681406109423,1.5261278033001622
44.74284609499955,95861000000,outer_right_mid_to_lower_reverse,0.10138595457984192,1.289914491170345,0.0785989732450048,route/default: outer_right_mid_to_lower_reverse,right,camera_sign_turn_right,,camera_sign_turn_right,camera_sign_turn_right,False,False,0.28,0.28,red,red,red,221.15719794649,213.47705647152475,1.5344487057758764,222.46209904989888,211.35044774448176,1.5871532637781751
44.84378065799956,95963000000,outer_right_mid_to_lower_reverse,0.12908855867502111,1.289914491170345,0.10007528371737145,route/default: outer_right_mid_to_lower_reverse,right,camera_sign_turn_right,,camera_sign_turn_right,camera_sign_turn_right,False,False,0.28,0.28,red,red,red,221.20015056743472,212.29585939554457,1.5344487057758749,222.4946173263112,210.2025261529198,1.6055614374161216
44.94437805599955,96064000000,outer_right_mid_to_lower_reverse,0.15676690253613082,1.289914491170345,0.12153278656005757,route/default: outer_right_mid_to_lower_reverse,right,camera_sign_turn_right,,camera_sign_turn_right,camera_sign_turn_right,False,False,0.28,0.28,red,red,red,221.24306557312013,211.11569673919684,1.5344487057758764,222.48688216046583,209.037500874425,1.6174967889400433
45.04501475199959,96168000000,outer_right_mid_to_lower_reverse,0.18544500512035722,1.289914491170345,0.14376534754028708,route/default: outer_right_mid_to_lower_reverse,right,camera_sign_turn_right,,camera_sign_turn_right,camera_sign_turn_right,False,False,0.28,0.28,red,red,red,221.2875306950806,209.89290588528422,1.5344487057758764,222.45160248088848,207.8619082799757,1.6246267230699898
45.24570910700004,96365000000,outer_right_mid_to_lower_reverse,0.24044696910783547,1.289914491170345,0.18640535535783995,route/default: outer_right_mid_to_lower_reverse,right,camera_sign_turn_right,,camera_sign_turn_right,camera_sign_turn_right,False,False,0.28,0.28,red,red,red,221.37281071071567,207.5477054553188,1.5344487057758764,222.32358121652754,205.4877191044834,1.6259372368878664
45.34580129099959,96467000000,outer_right_mid_to_lower_reverse,0.2687632121193648,1.289914491170345,0.20835738644622465,route/default: outer_right_mid_to_lower_reverse,right,camera_sign_turn_right,,camera_sign_turn_right,camera_sign_turn_right,False,False,0.28,0.28,red,green,green,221.41671477289248,206.34034374545763,1.5344487057758764,222.24649023498006,204.3061032779193,1.6218458914890201
45.54780583499996,96664000000,outer_right_mid_to_lower_reverse,0.32308083969675194,1.289914491170345,0.2504668657560543,route/default: outer_right_mid_to_lower_reverse,right,camera_sign_turn_right,,camera_sign_turn_right,camera_sign_turn_right,False,False,0.28,0.28,red,red,red,221.50093373151213,204.02432238341703,1.5344487057758764,222.09415899731505,201.95553652921294,1.6078749138508412
45.64826022000034,96766000000,outer_right_mid_to_lower_reverse,0.35118604872302395,1.289914491170345,0.2722552937632256,route/default: outer_right_mid_to_lower_reverse,right,camera_sign_turn_right,,camera_sign_turn_right,camera_sign_turn_right,False,False,0.28,0.28,red,red,red,221.54451058752647,202.8259588430226,1.5344487057758764,222.02565533220962,200.78250433048117,1.599116841749656
45.848645799000224,96975000000,outer_right_mid_to_lower_reverse,0.408745861358273,1.289914491170345,0.3168782614322102,route/default: outer_right_mid_to_lower_reverse,right,camera_sign_turn_right,,camera_sign_turn_right,camera_sign_turn_right,False,False,0.28,0.28,red,red,red,221.63375652286442,200.37169562122844,1.5344487057758764,221.9093786090291,198.2020575312084,1.5789276577635665
45.94974219999949,97079000000,outer_right_mid_to_lower_reverse,0.4374208597197477,1.289914491170345,0.3391084158786943,route/default: outer_right_mid_to_lower_reverse,right,camera_sign_turn_right,,camera_sign_turn_right,camera_sign_turn_right,False,False,0.28,0.28,red,red,red,221.67821683175737,199.14903712667183,1.5344487057758764,221.87527929667937,197.0273565458093,1.5702739232235212
46.15053870199972,97271000000,outer_right_mid_to_lower_reverse,0.490448574594142,1.289914491170345,0.3802178965748,route/default: outer_right_mid_to_lower_reverse,right,camera_sign_turn_right,,camera_sign_turn_right,camera_sign_turn_right,False,False,0.28,0.28,red,red,red,221.7604357931496,196.88801568838602,1.5344487057758749,221.84363055123623,194.9089455874014,1.5563241290173335
46.35949586700008,97468000000,outer_right_mid_to_lower_reverse,0.5450161737186051,1.289914491170345,0.4225211651232087,route/default: outer_right_mid_to_lower_reverse,right,camera_sign_turn_right,,camera_sign_turn_right,camera_sign_turn_right,False,False,0.28,0.28,red,red,red,221.84504233024643,194.5613359182235,1.5344487057758749,221.85340257204922,192.31234687046611,1.5428290228478925
46.453040196000075,97568000000,outer_right_mid_to_lower_reverse,0.5727645025831941,1.289914491170345,0.44403292350295437,route/default: outer_right_mid_to_lower_reverse,right,camera_sign_turn_right,,camera_sign_turn_right,camera_sign_turn_right,False,False,0.28,0.28,red,red,red,221.88806584700592,193.37818920733753,1.5344487057758749,221.86827612311964,191.36587532511015,1.5389602583096982
46.56178008000006,97670000000,outer_right_mid_to_lower_reverse,0.6010522409422381,1.289914491170345,0.465962856496713,route/default: outer_right_mid_to_lower_reverse,right,camera_sign_turn_right,,camera_sign_turn_right,camera_sign_turn_right,False,False,0.28,0.28,red,red,red,221.9319257129934,192.1720428926808,1.5344487057758764,221.89926624667686,189.94614195279954,1.5337076040104067
46.65365623799971,97773000000,outer_right_mid_to_lower_reverse,0.6296860274865679,1.289914491170345,0.4881610616803374,route/default: outer_right_mid_to_lower_reverse,right,camera_sign_turn_right,,camera_sign_turn_right,camera_sign_turn_right,False,False,0.28,0.28,red,red,red,221.97632212336066,190.95114160758143,1.5344487057758764,221.93389698131296,188.76104193474623,1.5303841824336655
46.75481355899956,97873000000,outer_right_mid_to_lower_reverse,0.6574547620257838,1.289914491170345,0.5096886394611105,route/default: outer_right_mid_to_lower_reverse,right,camera_sign_turn_right,,camera_sign_turn_right,camera_sign_turn_right,False,False,0.28,0.28,red,red,red,222.0193772789222,189.76712482963893,1.5344487057758764,221.97484259872476,187.57392167481842,1.5279036254527756
46.8589734950001,97974000000,outer_right_mid_to_lower_reverse,0.6856498561365526,1.289914491170345,0.5315467504473568,route/default: outer_right_mid_to_lower_reverse,right,camera_sign_turn_right,,camera_sign_turn_right,camera_sign_turn_right,False,False,0.28,0.28,red,red,red,222.0630935008947,188.5649287253954,1.5344487057758764,222.02101268272492,186.38501229970382,1.5261916549656094
46.957891770999595,98074000000,outer_right_mid_to_lower_reverse,0.7135080848196985,1.289914491170345,0.5531437081324123,route/default: outer_right_mid_to_lower_reverse,right,camera_sign_turn_right,,camera_sign_turn_right,camera_sign_turn_right,False,False,0.28,0.28,green,red,red,222.10628741626482,187.37709605271732,1.5344487057758749,222.0711577204455,185.19452650106376,1.5251433932563645
47.0567153840002,98175000000,outer_right_mid_to_lower_reverse,0.7417755387138263,1.289914491170345,0.5750579156923883,route/default: outer_right_mid_to_lower_reverse,right,camera_sign_turn_right,,camera_sign_turn_right,camera_sign_turn_right,False,False,0.28,0.28,green,green,green,222.15011583138477,186.17181463691864,1.5344487057758764,222.12417920328966,184.00227073933786,1.5246810717629147
47.261678056000164,98373000000,outer_right_mid_to_lower_reverse,0.7971875330408135,1.289914491170345,0.6180157975568766,route/default: outer_right_mid_to_lower_reverse,right,camera_sign_turn_right,,camera_sign_turn_right,camera_sign_turn_right,False,False,0.28,0.28,green,green,green,222.23603159511373,183.8091311343718,1.5344487057758749,222.23482115371792,181.61717671670823,1.525043059255638
47.45865128999958,98572000000,outer_right_mid_to_lower_reverse,0.8528351237833175,1.289914491170345,0.6611563244084004,route/default: outer_right_mid_to_lower_reverse,right,camera_sign_turn_right,,camera_sign_turn_right,camera_sign_turn_right,False,False,0.28,0.28,green,green,green,222.32231264881682,181.43640215753797,1.5344487057758764,222.33529215893964,179.47278723962484,1.5262042787752976
47.55894899699979,98674000000,outer_right_mid_to_lower_reverse,0.8813386907395608,1.289914491170345,0.6832535774832007,route/default: outer_right_mid_to_lower_reverse,right,camera_sign_turn_right,,camera_sign_turn_right,camera_sign_turn_right,False,False,0.28,0.28,green,green,green,222.36650715496643,180.22105323842396,1.5344487057758764,222.40152107200436,178.0442186638318,1.5271456553818188
47.65922274900004,98776000000,outer_right_mid_to_lower_reverse,0.9098493241887644,1.289914491170345,0.7053563088226523,route/default: outer_right_mid_to_lower_reverse,right,camera_sign_turn_right,,camera_sign_turn_right,camera_sign_turn_right,False,False,0.28,0.28,green,green,green,222.4107126176453,179.0054030147541,1.5344487057758764,222.4558801962246,176.8538868537919,1.52802838817534
47.86106880599982,98974000000,outer_right_mid_to_lower_reverse,0.9651622955635327,1.289914491170345,0.7482374236201011,route/default: outer_right_mid_to_lower_reverse,right,camera_sign_turn_right,,camera_sign_turn_right,camera_sign_turn_right,False,False,0.28,0.28,green,green,green,222.49647484724022,176.64694170089444,1.5344487057758764,222.56171672389797,174.47214874088323,1.5300387452347535
47.96146785899964,99075000000,outer_right_mid_to_lower_reverse,0.9934030046141372,1.289914491170345,0.7701308973688777,route/default: outer_right_mid_to_lower_reverse,right,camera_sign_turn_right,,camera_sign_turn_right,camera_sign_turn_right,False,False,0.28,0.28,green,green,green,222.54026179473777,175.44280064471172,1.5348712798173618,222.61272558629713,173.2809331187468,1.5310017068113257
48.06151617999967,99177000000,outer_right_mid_to_lower_reverse,1.0218616336041217,1.289914491170345,0.7921933125016545,route/default: outer_right_mid_to_lower_reverse,right,camera_sign_turn_right,,camera_sign_turn_right,camera_sign_turn_right,False,False,0.28,0.28,green,green,green,222.58438662500333,174.229367812409,1.5383187818515327,222.66406615098873,172.09204817033844,1.532496287928247
48.16204311599995,99277000000,outer_right_mid_to_lower_reverse,1.0496876683099614,1.289914491170345,0.813765311960776,route/default: outer_right_mid_to_lower_reverse,right,camera_sign_turn_right,,camera_sign_turn_right,camera_sign_turn_right,False,False,0.28,0.28,green,green,green,222.62753062392153,173.04290784215732,1.5416899802820494,222.7164351384476,170.9053290712065,1.534929165988257
48.263283133000186,99378000000,outer_right_mid_to_lower_reverse,1.0777849394955052,1.289914491170345,0.8355475861951331,route/default: outer_right_mid_to_lower_reverse,right,camera_sign_turn_right,,camera_sign_turn_right,camera_sign_turn_right,False,False,0.28,0.28,green,green,green,222.67109517239027,171.84488275926768,1.5450942916529056,222.76784836508813,169.72020612262864,1.5380814003651815
48.46418444000028,99577000000,outer_right_mid_to_lower_reverse,1.1330268523795153,1.289914491170345,0.8783736132396769,route/default: outer_right_mid_to_lower_reverse,right,camera_sign_turn_right,,camera_sign_turn_right,camera_sign_turn_right,False,False,0.28,0.28,green,green,green,222.75674722647938,169.48945127181779,1.5517879269773924,222.86202207095027,167.35190819150634,1.5456511395667516
48.56448573000034,99680000000,outer_right_mid_to_lower_reverse,1.1616220309251508,1.289914491170345,0.9005418877581615,route/default: outer_right_mid_to_lower_reverse,right,camera_sign_turn_right,,camera_sign_turn_right,camera_sign_turn_right,False,False,0.28,0.28,green,green,green,222.8010837755163,168.27019617330112,1.5552528579100005,222.9028698211804,166.1680713695658,1.5496205487269952
48.66480975200011,99782000000,outer_right_mid_to_lower_reverse,1.1899782977359887,1.289914491170345,0.922524947104297,route/default: outer_right_mid_to_lower_reverse,right,camera_sign_turn_right,,camera_sign_turn_right,camera_sign_turn_right,False,False,0.28,0.28,green,green,green,222.8450498942086,167.06112790926366,1.5586887773245832,222.93852030385352,164.98356319264497,1.5534412351740359
48.86666078399958,99983000000,outer_right_mid_to_lower_reverse,1.2459040353259794,1.289914491170345,0.9658811059604154,route/default: outer_right_mid_to_lower_reverse,left,camera_sign_turn_left,,camera_sign_turn_left,camera_sign_turn_left,False,False,0.28,0.28,green,green,green,222.93176221192084,164.67653917217714,1.611554348468099,222.99456322132284,162.61300063116542,1.5603044057829887
48.96712768099951,100083000000,outer_right_mid_to_lower_reverse,1.2726528617866328,1.289914491170345,0.986618004912829,route/default: outer_right_mid_to_lower_reverse,left,camera_sign_turn_left,,camera_sign_turn_left,camera_sign_turn_left,False,False,0.28,0.28,green,green,green,222.97323600982565,163.53600972979442,1.6196051481122031,223.0629625872724,161.4631789009559,1.5797206875896688
49.068100006999884,100183000000,inner_middle_cross_reverse,0.009691927242919895,5.461513532244725,0.0017745863277091318,route/left from camera_sign_turn_left: inner_middle_cross_reverse delta=+92.1deg,,,,camera_sign_turn_left,camera_sign_turn_left,False,False,0.28,0.28,green,green,green,222.9776800309931,162.38708057337234,1.6247978271708634,223.10502520888582,160.31669530559273,1.598334944276232
49.26837805299965,100383000000,inner_middle_cross_reverse,0.0641539004082728,5.461513532244725,0.01174654242445959,route/left from camera_sign_turn_left: inner_middle_cross_reverse delta=+92.1deg,,,,camera_sign_turn_left,camera_sign_turn_left,False,False,0.28,0.28,green,green,green,222.85225713803925,160.06675705372606,1.6247978271708632,223.10305789171537,157.99763016707365,1.6271251337220536
49.3741739269999,100483000000,inner_middle_cross_reverse,0.09152516832318884,5.461513532244725,0.016758205904430175,route/left from camera_sign_turn_left: inner_middle_cross_reverse delta=+92.1deg,,,,camera_sign_turn_left,camera_sign_turn_left,False,False,0.28,0.28,green,green,green,222.78922263146194,158.90061868204614,1.6247978271708687,223.06538178408113,156.8288613172225,1.6371673655759464
49.570995809000124,100680000000,inner_middle_cross_reverse,0.14596559527746197,5.461513532244725,0.026726216902271224,route/left from camera_sign_turn_left: inner_middle_cross_reverse delta=+92.1deg,,,,camera_sign_turn_left,camera_sign_turn_left,False,False,0.28,0.28,green,green,green,222.663849358233,156.58121312731043,1.6247978271708632,222.93641155953856,154.47919031229156,1.6501073184899921
49.67159142499986,100782000000,inner_middle_cross_reverse,0.17435693799259178,5.461513532244725,0.031924655493974344,route/left from camera_sign_turn_left: inner_middle_cross_reverse delta=+92.1deg,,,,camera_sign_turn_left,camera_sign_turn_left,False,False,0.28,0.28,green,green,green,222.59846567616614,155.371615009074,1.6247978271708632,222.8518350349886,153.29714572233343,1.6535280587507455
49.77227077899988,100882000000,inner_middle_cross_reverse,0.20229419887090944,5.461513532244725,0.037039951961405276,route/left from camera_sign_turn_left: inner_middle_cross_reverse delta=+92.1deg,,,,camera_sign_turn_right,camera_sign_turn_left,False,False,0.28,0.28,green,green,green,222.53412771929618,154.18136280697982,1.6247978271708632,222.7579275781348,152.11066285642985,1.6551950011131367
49.875696457999766,100983000000,inner_middle_cross_reverse,0.2305527504544389,5.461513532244725,0.04221407657296052,route/left from camera_sign_turn_left: inner_middle_cross_reverse delta=+92.1deg,,,,camera_sign_turn_right,camera_sign_turn_left,False,False,0.28,0.28,green,green,green,222.46904984781457,152.97742218456926,1.6247978271708632,222.65794608264474,150.92228182791968,1.6554822293353877
50.07354767200013,101182000000,inner_middle_cross_reverse,0.28608165956695497,5.461513532244725,0.05238138803061304,route/left from camera_sign_turn_left: inner_middle_cross_reverse delta=+92.1deg,,,,camera_sign_turn_right,camera_sign_turn_left,False,False,0.28,0.28,green,green,green,222.34116986075793,150.6116424240218,1.6247978271708632,222.4499022907969,148.55104449889456,1.6528627090610462
50.17734733799989,101284000000,inner_middle_cross_reverse,0.3144947838931705,5.461513532244725,0.05758381482283184,route/left from camera_sign_turn_left: inner_middle_cross_reverse delta=+92.1deg,,,,camera_sign_turn_right,camera_sign_turn_left,False,False,0.28,0.28,green,green,green,222.2757360168531,149.40111631178218,1.6247978271708632,222.3456151418738,147.367683474838,1.6504787234765497
50.376008850999824,101485000000,inner_middle_cross_reverse,0.3704421991170963,5.461513532244725,0.06782775450980924,route/left from camera_sign_turn_left: inner_middle_cross_reverse delta=+92.1deg,,,,camera_sign_turn_right,camera_sign_turn_left,False,False,0.28,0.28,green,green,green,222.14689223351513,147.01750632002967,1.6247978271708632,222.1432543470085,145.00255504859936,1.6446670503353376
50.57770590899963,101687000000,inner_middle_cross_reverse,0.4266624441589917,5.461513532244725,0.07812164918020996,route/left from camera_sign_turn_left: inner_middle_cross_reverse delta=+92.1deg,,,,camera_sign_turn_right,camera_sign_turn_left,False,False,0.28,0.28,green,green,green,222.01742013829153,144.62227255839326,1.6247978271708634,221.95439169936543,142.63680954794108,1.638587251621044
50.778223684000295,101889000000,inner_middle_cross_reverse,0.4829168386521227,5.461513532244725,0.08842179659557488,route/left from camera_sign_turn_left: inner_middle_cross_reverse delta=+92.1deg,,,,,camera_sign_turn_left,False,False,0.28,0.28,green,green,green,221.8878693987824,142.22558387747506,1.6247978271708632,221.78138247582905,140.26854087146083,1.633140637281657
50.87945706899973,101989000000,inner_middle_cross_reverse,0.51078470908904,5.461513532244725,0.0935243877129246,route/left from camera_sign_turn_left: inner_middle_cross_reverse delta=+92.1deg,,,,,camera_sign_turn_left,False,False,0.28,0.28,green,green,green,221.8236912442369,141.03828801838247,1.624797827170869,221.70068370476417,139.08319017863917,1.6308140840737928
50.97980854399975,102090000000,inner_middle_cross_reverse,0.5389461608493343,5.461513532244725,0.09868073340245359,route/left from camera_sign_turn_left: inner_middle_cross_reverse delta=+92.1deg,,,,,camera_sign_turn_left,False,False,0.28,0.28,green,green,green,221.7588369882438,139.83848428250965,1.6247978271708632,221.62353711267832,137.89698578516612,1.628785674333027
51.08003455200014,102191000000,inner_middle_cross_reverse,0.5671227378757276,5.461513532244725,0.10383984851954321,route/left from camera_sign_turn_left: inner_middle_cross_reverse delta=+92.1deg,,,,,camera_sign_turn_left,False,False,0.28,0.28,green,green,green,221.69394789960467,138.63803614268613,1.6247978271708632,221.54962502639313,136.709935209065,1.6270588283900962
51.28100254200035,102388000000,inner_middle_cross_reverse,0.6179331368165104,5.461513532244725,0.1131432034669948,route/left from camera_sign_turn_left: inner_middle_cross_reverse delta=+92.1deg,,,,,camera_sign_turn_left,False,False,0.28,0.28,green,green,green,221.57693437885058,136.47328600873558,1.6247978271708687,221.588527702112,134.47126705554535,1.6870378171576874
51.380890632000046,102490000000,inner_middle_cross_reverse,0.64223304737028,5.461513532244725,0.11759250317307503,route/left from camera_sign_turn_left: inner_middle_cross_reverse delta=+92.1deg,,,,,camera_sign_turn_left,False,False,0.28,0.28,green,green,green,221.5209730373303,135.43800119061072,1.6247978271708634,221.6865055768909,133.44770876345194,1.760512525152053
51.48170996099998,102590000000,inner_middle_cross_reverse,0.6645747277751202,5.461513532244725,0.12168325206034503,route/left from camera_sign_turn_left: inner_middle_cross_reverse delta=+92.1deg,,,,,camera_sign_turn_left,False,False,0.28,0.28,green,green,green,221.4695213908518,134.4861457307584,1.6247978271708687,221.81213595260414,132.48251724688865,1.8635076128052426
51.68239454600007,102791000000,inner_middle_cross_reverse,0.7084736843031495,5.461513532244725,0.1297211258601352,route/left from camera_sign_turn_left: inner_middle_cross_reverse delta=+92.1deg,,,,,camera_sign_turn_left,False,False,0.28,0.28,green,green,green,221.36842453729707,132.61585393999536,1.6247978271708687,221.96037258912907,130.61201565510171,2.1288092750486998
51.883617839999715,102991000000,inner_middle_cross_reverse,0.7518014638145845,5.461513532244725,0.13765441747529428,route/left from camera_sign_turn_left: inner_middle_cross_reverse delta=+92.1deg,,,,,camera_sign_turn_left,False,False,0.28,0.28,green,green,green,221.26864307262093,130.76989684348698,1.6247978271708632,221.67827964548394,128.78095510988186,2.413397258731781
51.984270332999586,103093000000,inner_middle_cross_reverse,0.7740569082835504,5.461513532244725,0.14172937661209217,route/left from camera_sign_turn_left: inner_middle_cross_reverse delta=+92.1deg,,,,,camera_sign_turn_left,False,False,0.28,0.28,yellow,green,green,221.217390022703,129.82171542000572,1.6247978271708687,221.23292939512532,127.75464432857882,2.5754124767844813
52.18492796600003,103292000000,inner_middle_cross_reverse,0.8190635002255401,5.461513532244725,0.1499700578218468,route/left from camera_sign_turn_left: inner_middle_cross_reverse delta=+92.1deg,,,,,camera_sign_turn_left,False,False,0.28,0.28,yellow,green,green,221.1137423464387,127.90423340911599,2.1643542741000505,220.00137304443376,126.30603323298038,2.802924147308365
52.390112543000214,103492000000,inner_middle_cross_reverse,0.866791707192022,5.461513532244725,0.15870906518394431,route/left from camera_sign_turn_left: inner_middle_cross_reverse delta=+92.1deg,,,,,camera_sign_turn_left,False,False,0.28,0.28,yellow,green,green,221.00382694225272,125.87079843167513,3.120438319368617,218.32479079875674,125.25257342118113,2.9856782775151087
52.4908656460002,103592000000,inner_middle_cross_reverse,0.8917593667901287,5.461513532244725,0.1632806293576295,route/left from camera_sign_turn_left: inner_middle_cross_reverse delta=+92.1deg,,,,,camera_sign_turn_left,False,False,0.28,0.28,yellow,green,green,220.00561497758565,125.8,3.141592653589793,217.3599645737997,124.89796988957275,3.055123098054231
52.5918528330003,103692000000,inner_middle_cross_reverse,0.91655234424821,5.461513532244725,0.1678202093315147,route/left from camera_sign_turn_left: inner_middle_cross_reverse delta=+92.1deg,,,,,camera_sign_turn_left,False,False,0.28,0.28,yellow,green,green,218.94778127270752,125.8,3.141592653589793,216.3345321419152,124.64148537208422,3.113401870307129
52.78693002899945,103890000000,inner_middle_cross_reverse,0.9673520926537348,5.461513532244725,0.17712161417206002,route/left from camera_sign_turn_left: inner_middle_cross_reverse delta=+92.1deg,,,,,camera_sign_turn_left,False,False,0.28,0.28,yellow,green,green,216.78032534073844,125.8,3.141592653589793,214.38021028044324,124.41274707504506,-3.095507880063495
52.88723344400023,103994000000,inner_middle_cross_reverse,0.9951582668726657,5.461513532244725,0.18221290874722926,route/left from camera_sign_turn_left: inner_middle_cross_reverse delta=+92.1deg,,,,camera_sign_turn_left,camera_sign_turn_left,False,False,0.28,0.28,yellow,green,green,215.59392857406408,125.8,3.141592653589793,213.02764139704806,124.38763438787302,-3.0628385319699363
52.9896218140002,104096000000,inner_middle_cross_reverse,1.022698865827528,5.461513532244725,0.18725557664363982,route/left from camera_sign_turn_left: inner_middle_cross_reverse delta=+92.1deg,,,,camera_sign_turn_left,camera_sign_turn_left,False,False,0.28,0.28,red,green,green,214.41886301865662,125.8,3.141592653589793,211.87878718991146,124.42848558385558,-3.0447542761775934
53.08991344900005,104198000000,inner_middle_cross_reverse,1.0506958038203669,5.461513532244725,0.19238179995656307,route/left from camera_sign_turn_left: inner_middle_cross_reverse delta=+92.1deg,,,,camera_sign_turn_left,camera_sign_turn_left,False,False,0.28,0.28,red,green,green,213.2243269976288,125.8,3.141592653589793,210.71503686510792,124.5109480011407,-3.033649180851694
53.289010476999465,104394000000,inner_middle_cross_reverse,1.1052806324392046,5.461513532244725,0.20237625081648852,route/left from camera_sign_turn_left: inner_middle_cross_reverse delta=+92.1deg,,,,camera_sign_turn_left,camera_sign_turn_left,False,False,0.28,0.28,red,green,green,210.89537430989174,125.8,3.141592653589793,208.35487104270135,124.76341889506145,-3.03039113180685
53.39196833999995,104497000000,inner_middle_cross_reverse,1.1338223000438514,5.461513532244725,0.20760221380937266,route/left from camera_sign_turn_left: inner_middle_cross_reverse delta=+92.1deg,,,,,camera_sign_turn_left,False,False,0.28,0.28,red,green,green,209.67759649209347,125.8,3.141592653589793,207.18049605777614,124.9083510764919,-3.0350963759717122
53.59375533399998,104696000000,inner_middle_cross_reverse,1.1885064683912532,5.461513532244725,0.2176148537167073,route/left from camera_sign_turn_left: inner_middle_cross_reverse delta=+92.1deg,,,,camera_sign_speed_limit,camera_sign_turn_left,False,False,0.28,0.28,red,red,red,207.344405309271,125.8,3.141592653589793,204.84856695528796,125.19788439297781,-3.0523450509827166
53.795925677000014,104897000000,inner_middle_cross_reverse,1.2436267900372793,5.461513532244725,0.22770735304323944,route/left from camera_sign_turn_left: inner_middle_cross_reverse delta=+92.1deg,,,,camera_sign_speed_limit,camera_sign_turn_left,False,False,0.28,0.28,red,red,red,204.99260491904056,125.8,3.141592653589793,202.52499284854036,125.45521551037123,-3.074270449837235
53.89486816099998,104999000000,inner_middle_cross_reverse,1.2715893598189114,5.461513532244725,0.2328272835563731,route/left from camera_sign_turn_left: inner_middle_cross_reverse delta=+92.1deg,,,,camera_sign_speed_limit,camera_sign_turn_left,False,False,0.28,0.28,red,red,red,203.79953527502425,125.8,3.141592653589793,201.36252791245175,125.56534127460095,-3.0855575054102697
53.99323746299979,105100000000,inner_middle_cross_reverse,1.2993238579858604,5.461513532244725,0.2379054542874726,route/left from camera_sign_turn_left: inner_middle_cross_reverse delta=+92.1deg,,,,camera_sign_speed_limit,camera_sign_turn_left,False,False,0.28,0.28,red,red,red,202.61619668656778,125.8,3.141592653589793,200.19724826484202,125.66219728787375,-3.096705398352548
54.197866344999966,105297000000,inner_middle_cross_reverse,1.3535261529655829,5.461513532244725,0.24782986345714922,route/left from camera_sign_turn_left: inner_middle_cross_reverse delta=+92.1deg,,,,camera_sign_speed_limit,camera_sign_turn_left,False,False,0.28,0.28,red,red,red,200.3035654340996,125.8,3.141592653589793,197.85686120048,125.81072275812679,-3.116395202961228
54.29515500599973,105400000000,inner_middle_cross_reverse,1.3818904999851587,5.461513532244725,0.25302335915245655,route/left from camera_sign_turn_left: inner_middle_cross_reverse delta=+92.1deg,,,,camera_sign_speed_limit,camera_sign_turn_left,False,False,0.28,0.28,red,red,red,199.0933532945977,125.8,3.141592653589793,196.6828883597007,125.8632585038296,-3.1245329937433457
54.39498192700012,105501000000,inner_middle_cross_reverse,1.4098116647056966,5.461513532244725,0.25813570842261613,route/left from camera_sign_turn_left: inner_middle_cross_reverse delta=+92.1deg,,,,camera_sign_speed_limit,camera_sign_turn_left,False,False,0.28,0.28,red,red,red,197.90205026652143,125.8,3.141592653589793,195.50648083065954,125.90304180220727,-3.131571760925276
54.49556781499996,105601000000,inner_middle_cross_reverse,1.4374878776133986,5.461513532244725,0.2632032071561269,route/left from camera_sign_turn_left: inner_middle_cross_reverse delta=+92.1deg,,,,camera_sign_speed_limit,camera_sign_turn_left,False,False,0.28,0.28,red,red,red,196.72119851579282,125.8,3.141592653589793,194.32684842275395,125.93158782620701,-3.1375632530546915
54.60335398999996,105702000000,inner_middle_cross_reverse,1.465518864139552,5.461513532244725,0.2683356647360008,route/left from camera_sign_turn_left: inner_middle_cross_reverse delta=+92.1deg,,,,camera_sign_speed_limit,camera_sign_turn_left,False,False,0.28,0.28,red,red,red,195.5252097573436,125.8,3.141592653589793,193.1443475498599,125.95007059143383,3.1407347001643684
54.69646866199946,105802000000,inner_middle_cross_reverse,1.493324144286299,5.461513532244725,0.2734267956070652,route/left from camera_sign_turn_left: inner_middle_cross_reverse delta=+92.1deg,,,,camera_sign_speed_limit,camera_sign_turn_left,False,False,0.28,0.28,red,red,red,194.33885113774903,125.8,3.141592653589793,191.9593642486033,125.95986264458254,3.1369170734256318
54.80623156599995,105904000000,inner_middle_cross_reverse,1.5217335161740189,5.461513532244725,0.2786285353299444,route/left from camera_sign_turn_left: inner_middle_cross_reverse delta=+92.1deg,,,,camera_sign_speed_limit,camera_sign_turn_left,False,False,0.28,0.28,red,red,red,193.1267179372063,125.8,3.141592653589793,190.5347872971995,125.9622893444394,3.1335819945429435
54.898638865000066,106005000000,inner_middle_cross_reverse,1.5499091248478385,5.461513532244725,0.28378747314223235,route/left from camera_sign_turn_left: inner_middle_cross_reverse delta=+92.1deg,,,,camera_sign_speed_limit,camera_sign_turn_left,False,False,0.28,0.28,red,red,red,191.92455863379004,125.8,3.141592653589793,189.58363796090023,125.95922145322561,3.1320543628492916
54.99883826399946,106105000000,inner_middle_cross_reverse,1.5777212653551258,5.461513532244725,0.28887986014138284,route/left from camera_sign_turn_left: inner_middle_cross_reverse delta=+92.1deg,,,,camera_sign_speed_limit,camera_sign_turn_left,False,False,0.28,0.28,red,red,red,190.7379073054791,125.8,3.141592653589793,188.3935049651822,125.95243019903046,3.1304656746310267
55.09980182500021,106208000000,inner_middle_cross_reverse,1.6064902648221917,5.461513532244725,0.2941474474680852,route/left from camera_sign_turn_left: inner_middle_cross_reverse delta=+92.1deg,,,,camera_sign_speed_limit,camera_sign_turn_left,False,False,0.28,0.28,red,red,red,189.51042999488428,125.8,3.141592653589793,187.20288599935077,125.94308719613326,3.1291112367956195
55.300751529999616,106404000000,inner_middle_cross_reverse,1.6478018036685462,5.461513532244725,0.30171156657214887,route/left from camera_sign_turn_left: inner_middle_cross_reverse delta=+92.1deg,,,,camera_sign_speed_limit,camera_sign_turn_left,False,False,0.14,0.28,red,red,red,187.74780433743982,125.8,3.141592653589793,185.2342858441554,125.92125475519906,3.128245745882266
55.40062380600011,106505000000,inner_middle_cross_reverse,1.6619135323342549,5.461513532244725,0.3042954160091947,route/left from camera_sign_turn_left: inner_middle_cross_reverse delta=+92.1deg,,,,camera_sign_speed_limit,camera_sign_turn_left,False,False,0.14,0.28,red,red,red,187.1457039143696,125.8,3.141592653589793,184.63816390993142,125.91176899677336,3.128803252899354
55.501310495000325,106605000000,inner_middle_cross_reverse,1.6758763153023857,5.461513532244725,0.3068519935743137,route/left from camera_sign_turn_left: inner_middle_cross_reverse delta=+92.1deg,,,,camera_sign_speed_limit,camera_sign_turn_left,False,False,0.14,0.28,red,red,red,186.54995850772934,125.8,3.141592653589793,184.0418012643037,125.90199915616024,3.1295806350499
55.7013019850001,106804000000,inner_middle_cross_reverse,1.7036905551490293,5.461513532244725,0.311944764961298,route/left from camera_sign_turn_left: inner_middle_cross_reverse delta=+92.1deg,,,,camera_sign_speed_limit,camera_sign_turn_left,False,False,0.14,0.28,red,red,red,185.3632176076059,125.8,3.141592653589793,182.84939852302332,125.8836574893412,3.1311982395628415
55.80300571499993,106906000000,inner_middle_cross_reverse,1.717965731335575,5.461513532244725,0.31455854154580437,route/left from camera_sign_turn_left: inner_middle_cross_reverse delta=+92.1deg,,,,camera_sign_speed_limit,camera_sign_turn_left,False,False,0.14,0.28,red,red,red,184.7541434236466,125.8,3.141592653589793,182.25374534735872,125.87555228959337,3.131881301199666
56.00351544299974,107106000000,inner_middle_cross_reverse,1.7458507362115239,5.461513532244725,0.31966426996912806,route/left from camera_sign_turn_left: inner_middle_cross_reverse delta=+92.1deg,,,,camera_sign_speed_limit,camera_sign_turn_left,False,False,0.14,0.28,red,red,red,183.5643832156061,125.8,3.141592653589793,181.06233846654195,125.86024843408418,3.1333160989235234
56.1112238529995,107208000000,inner_middle_cross_reverse,1.76007373465996,5.461513532244725,0.3222684928396682,route/left from camera_sign_turn_left: inner_middle_cross_reverse delta=+92.1deg,,,,camera_sign_speed_limit,camera_sign_turn_left,False,False,0.14,0.28,red,red,red,182.95753528180617,125.8,3.141592653589793,180.34748268556004,125.85181220937446,3.1341736132998497
56.30412953099949,107411000000,inner_middle_cross_reverse,1.7884538633465124,5.461513532244725,0.3274648781491609,route/left from camera_sign_turn_left: inner_middle_cross_reverse delta=+92.1deg,,,,camera_sign_speed_limit,camera_sign_turn_left,False,False,0.14,0.28,red,red,red,181.74664979117995,125.8,3.141592653589793,179.27504772980586,125.84050278555813,3.1353904107191983
56.5083912150003,107607000000,inner_middle_cross_reverse,1.815856094551408,5.461513532244725,0.3324822109897944,route/left from camera_sign_turn_left: inner_middle_cross_reverse delta=+92.1deg,,,,camera_sign_speed_limit,camera_sign_turn_left,False,False,0.14,0.28,red,red,red,180.57748792643773,125.8,3.141592653589793,178.08356484081813,125.83012756768551,3.136533158022309
56.6053675080002,107707000000,inner_middle_cross_reverse,1.8298359329473903,5.461513532244725,0.3350419113939856,route/left from camera_sign_turn_left: inner_middle_cross_reverse delta=+92.1deg,,,,camera_sign_speed_limit,camera_sign_turn_left,False,False,0.14,0.28,red,red,red,179.9810148215425,125.8,3.141592653589793,177.4875722421482,125.8254192106337,3.1371102866399005
56.81070665399966,107906000000,inner_middle_cross_reverse,1.8576430330578952,5.461513532244725,0.3401333754993718,route/left from camera_sign_turn_left: inner_middle_cross_reverse delta=+92.1deg,,,,camera_sign_speed_limit,camera_sign_turn_left,False,False,0.14,0.28,red,red,red,178.79457855016094,125.8,3.141592653589793,176.29443292500477,125.81731441138129,3.1382633354974336
56.91183118299978,108007000000,inner_middle_cross_reverse,1.871768427533467,5.461513532244725,0.34271972713837723,route/left from camera_sign_turn_left: inner_middle_cross_reverse delta=+92.1deg,,,,camera_sign_speed_limit,camera_sign_turn_left,False,False,0.14,0.28,red,red,red,178.19189505253655,125.8,3.141592653589793,175.57837411544594,125.81348844426681,3.13884634043922
57.00707245899957,108109000000,inner_middle_cross_reverse,1.8860520286782443,5.461513532244725,0.3453350463279109,route/left from camera_sign_turn_left: inner_middle_cross_reverse delta=+92.1deg,,,,camera_sign_speed_limit,camera_sign_turn_left,False,False,0.14,0.28,red,red,red,177.58246140369272,125.8,3.141592653589793,175.1009584763603,125.81136692446144,3.139175216811198
57.107290304000344,108209000000,inner_middle_cross_reverse,1.9000425587735648,5.461513532244725,0.34789670437612785,route/left from camera_sign_turn_left: inner_middle_cross_reverse delta=+92.1deg,,,,camera_sign_speed_limit,camera_sign_turn_left,False,False,0.14,0.28,red,red,red,176.9855321196257,125.8,3.141592653589793,174.50438022293213,125.80917106547038,3.139497821885349
57.21187688600003,108312000000,inner_middle_cross_reverse,1.914446971794052,5.461513532244725,0.3505341441509162,route/left from camera_sign_turn_left: inner_middle_cross_reverse delta=+92.1deg,,,,camera_sign_speed_limit,camera_sign_turn_left,False,False,0.14,0.28,red,red,red,176.3709438307516,125.8,3.141592653589793,173.78862329137297,125.80712395701097,3.139757424071329
57.410553316000005,108511000000,inner_middle_cross_reverse,1.9422184748417646,5.461513532244725,0.3556190904544912,route/left from camera_sign_turn_left: inner_middle_cross_reverse delta=+92.1deg,,,,camera_sign_speed_limit,camera_sign_turn_left,False,False,0.14,0.28,red,red,red,175.1860263673825,125.8,3.141592653589793,172.71536569722983,125.80450914350935,3.140072650815909
57.5111012440002,108611000000,inner_middle_cross_reverse,1.9561743472818427,5.461513532244725,0.35817440270588136,route/left from camera_sign_turn_left: inner_middle_cross_reverse delta=+92.1deg,,,,camera_sign_speed_limit,camera_sign_turn_left,False,False,0.28,0.28,red,red,red,174.59057580993917,125.8,3.141592653589793,172.11908472941093,125.80313493502192,3.1402485326091027
57.611891710000236,108711000000,inner_middle_cross_reverse,1.9841599527684772,5.461513532244725,0.36329855104340864,route/left from camera_sign_turn_left: inner_middle_cross_reverse delta=+92.1deg,,,,camera_sign_speed_limit,camera_sign_turn_left,False,False,0.28,0.28,red,red,red,173.3965233091761,125.8,3.141592653589793,171.24005161541828,125.80026112963108,3.1408729230798507
57.71708994599976,108815000000,inner_middle_cross_reverse,2.013266383226208,5.461513532244725,0.3686279217912584,route/left from camera_sign_turn_left: inner_middle_cross_reverse delta=+92.1deg,,,,camera_sign_speed_limit,camera_sign_turn_left,False,False,0.28,0.28,red,red,red,172.1546489429796,125.8,3.141592653589793,169.80726032042327,125.79907619963345,3.14104736878043
57.91387458899953,109008000000,inner_middle_cross_reverse,2.0672671292687363,5.461513532244725,0.37851542746595984,route/left from camera_sign_turn_left: inner_middle_cross_reverse delta=+92.1deg,,,,camera_sign_speed_limit,camera_sign_turn_left,False,False,0.28,0.28,red,red,red,169.85061711183172,125.8,3.141592653589793,167.65793402082463,125.79795180383205,3.141207463589969
58.01446339999984,109109000000,inner_middle_cross_reverse,2.095533426189809,5.461513532244725,0.3836909702443836,route/left from camera_sign_turn_left: inner_middle_cross_reverse delta=+92.1deg,,,,camera_sign_turn_left,camera_sign_turn_left,False,False,0.28,0.28,red,red,red,168.6445884431993,125.8,3.141592653589793,166.46402814080074,125.79746820861425,3.1412752035420115
58.21443930100031,109309000000,inner_middle_cross_reverse,2.151491225861867,5.461513532244725,0.3939368113178669,route/left from camera_sign_turn_left: inner_middle_cross_reverse delta=+92.1deg,,,,camera_sign_turn_left,camera_sign_turn_left,False,False,0.28,0.28,red,red,red,166.25705565719147,125.8,3.141592653589793,164.07608611171798,125.79664899592595,3.1413834879597866
58.31489941899963,109411000000,inner_middle_cross_reverse,2.1800047411442187,5.461513532244725,0.39915761963666135,route/left from camera_sign_turn_left: inner_middle_cross_reverse delta=+92.1deg,,,,camera_sign_turn_left,camera_sign_turn_left,False,False,0.28,0.28,red,red,red,165.04047900514448,125.8,3.141592653589793,162.88250212595693,125.79637134461203,3.141397951247035
58.52323128599983,109613000000,inner_middle_cross_reverse,2.236562927140727,5.461513532244725,0.4095133911023163,route/left from camera_sign_turn_left: inner_middle_cross_reverse delta=+92.1deg,,,,camera_sign_speed_limit,camera_sign_turn_left,False,False,0.28,0.28,red,red,red,162.6273297359601,125.8,3.141592653589793,160.2561594534272,125.7958383938089,3.1415199194328975
58.71642549999979,109811000000,inner_middle_cross_reverse,2.2919888378356412,5.461513532244725,0.4196618436086921,route/left from camera_sign_turn_left: inner_middle_cross_reverse delta=+92.1deg,,,,camera_sign_turn_right,camera_sign_turn_left,False,False,0.28,0.28,red,red,red,160.26249087964376,125.8,3.141592653589793,158.10710753219286,125.7956745985771,-3.1415877475088987
58.81554325700017,109913000000,inner_middle_cross_reverse,2.320541238369136,5.461513532244725,0.4248897717947016,route/left from camera_sign_turn_left: inner_middle_cross_reverse delta=+92.1deg,,,,camera_sign_turn_right,camera_sign_turn_left,False,False,0.28,0.28,red,red,red,159.044255123548,125.8,3.141592653589793,156.67419338461178,125.79564751061451,-3.1415436853001264
59.01642705500035,110110000000,inner_middle_cross_reverse,2.375701238369136,5.461513532244725,0.434989536205123,route/left from camera_sign_turn_left: inner_middle_cross_reverse delta=+92.1deg,,,,camera_sign_speed_limit,camera_sign_turn_left,False,False,0.28,0.28,red,red,red,156.69076179021468,125.8,3.141592653589793,154.52515507570436,125.79579067090953,-3.1414303103057226
59.11670195700026,110213000000,inner_middle_cross_reverse,2.4045330099733606,5.461513532244725,0.4402686170741902,route/left from camera_sign_turn_left: inner_middle_cross_reverse delta=+92.1deg,,,,camera_sign_turn_right,camera_sign_turn_left,False,False,0.28,0.28,red,red,red,155.46060620176775,125.8,3.141592653589793,153.09261043656642,125.79598218988681,-3.1413654644455304
59.31820615000015,110410000000,inner_middle_cross_reverse,2.4596576204131817,5.461513532244725,0.45036190167641005,route/left from camera_sign_turn_left: inner_middle_cross_reverse delta=+92.1deg,,,,camera_sign_speed_limit,camera_sign_turn_left,False,False,0.28,0.28,red,red,red,153.10862282300204,125.8,3.141592653589793,150.94301997015586,125.79638819555626,-3.14126971517306
59.41897979100031,110511000000,inner_middle_cross_reverse,2.4879315640763693,5.461513532244725,0.4555388445689358,route/left from camera_sign_turn_left: inner_middle_cross_reverse delta=+92.1deg,,,,camera_sign_turn_right,camera_sign_turn_left,False,False,0.28,0.28,red,red,red,151.9022678933727,125.8,3.141592653589793,149.7486042736572,125.7966342720503,-3.1412156933069153
59.619513495999854,110710000000,inner_middle_cross_reverse,2.543640751857374,5.461513532244725,0.4657391649475448,route/left from camera_sign_turn_left: inner_middle_cross_reverse delta=+92.1deg,,,,camera_sign_speed_limit,camera_sign_turn_left,False,False,0.28,0.28,red,yellow,yellow,149.52534254804985,125.8,3.141592653589793,147.36080903444437,125.79754465863576,-3.141132419622588
59.82005504799963,110912000000,inner_middle_cross_reverse,2.6001623485608745,5.461513532244725,0.47608823693460434,route/left from camera_sign_turn_left: inner_middle_cross_reverse delta=+92.1deg,,,,camera_sign_turn_right,camera_sign_turn_left,False,False,0.28,0.28,red,yellow,yellow,147.11375442203382,125.8,3.141592653589793,144.73503142858456,125.79860646331836,-3.141090150962481
60.02064632299971,111113000000,inner_middle_cross_reverse,2.6564231675918673,5.461513532244725,0.4863895606791725,route/left from camera_sign_turn_left: inner_middle_cross_reverse delta=+92.1deg,,,,camera_sign_turn_right,camera_sign_turn_left,False,False,0.28,0.28,red,green,green,144.7132928100448,125.8,3.141592653589793,142.34742057880914,125.79975963882416,-3.1408475882623574
60.22252976799973,111311000000,inner_middle_cross_reverse,2.71183407829669,5.461513532244725,0.4965352666959529,route/left from camera_sign_turn_left: inner_middle_cross_reverse delta=+92.1deg,,,,camera_sign_turn_right,camera_sign_turn_left,False,False,0.28,0.28,red,green,green,142.3490939533057,125.8,3.141592653589793,140.19919141071375,125.80106906489301,-3.1405403526818496
60.322686438000346,111414000000,inner_middle_cross_reverse,2.740655907084877,5.461513532244725,0.5018125270410977,route/left from camera_sign_turn_left: inner_middle_cross_reverse delta=+92.1deg,,,,camera_sign_turn_right,camera_sign_turn_left,False,False,0.28,0.28,red,green,green,141.11936259167638,125.8,3.141592653589793,138.7673871269109,125.80212280408527,-3.140334678339273
60.527735601999666,111616000000,inner_middle_cross_reverse,2.797172789151714,5.461513532244725,0.5121607357808842,route/left from camera_sign_turn_left: inner_middle_cross_reverse delta=+92.1deg,,,,camera_sign_turn_right,camera_sign_turn_left,False,False,0.28,0.28,red,green,green,138.70797562349134,125.8,3.141592653589793,136.38151949646527,125.80502474844548,-3.140217163564806
60.62759911899957,111717000000,inner_middle_cross_reverse,2.8254275603973347,5.461513532244725,0.5173341682147333,route/left from camera_sign_turn_left: inner_middle_cross_reverse delta=+92.1deg,,,,camera_sign_turn_right,camera_sign_turn_left,False,False,0.28,0.28,red,green,green,137.50243871701153,125.8,3.141592653589793,135.18875137567412,125.80689116253949,-3.140259478325624
60.72488403100033,111817000000,inner_middle_cross_reverse,2.853400640831253,5.461513532244725,0.5224560232222812,route/left from camera_sign_turn_left: inner_middle_cross_reverse delta=+92.1deg,,,,camera_sign_turn_right,camera_sign_turn_left,False,False,0.28,0.28,red,green,green,136.30892061849767,125.8,3.141592653589793,133.996068168052,125.80885790766865,-3.1403452723406606
60.825489117999496,111917000000,inner_middle_cross_reverse,2.881372080696986,5.461513532244725,0.5275775778427338,route/left from camera_sign_turn_left: inner_middle_cross_reverse delta=+92.1deg,,,,camera_sign_turn_right,camera_sign_turn_left,False,False,0.28,0.28,red,green,green,135.11547251755974,125.8,3.141592653589793,132.80345237815632,125.81080535355355,-3.140462112470217
60.929031716999816,112019000000,inner_middle_cross_reverse,2.9099017312694113,5.461513532244725,0.5328013405239004,route/left from camera_sign_turn_left: inner_middle_cross_reverse delta=+92.1deg,,,,camera_sign_turn_right,camera_sign_turn_left,False,False,0.28,0.28,green,green,green,133.89820742646958,125.8,3.141592653589793,131.6108873255567,125.81263357945127,-3.1405984560807516
61.1274956139996,112217000000,inner_middle_cross_reverse,2.9652822115705844,5.461513532244725,0.5429414747511996,route/left from camera_sign_turn_left: inner_middle_cross_reverse delta=+92.1deg,,,,camera_sign_turn_right,camera_sign_turn_left,False,False,0.28,0.28,green,green,green,131.53530693361952,125.8,3.141592653589793,129.2258105429886,125.81576594648381,-3.1408921401093206
61.2380162569998,112319000000,inner_middle_cross_reverse,2.9938121039720103,5.461513532244725,0.5481652817111176,route/left from camera_sign_turn_left: inner_middle_cross_reverse delta=+92.1deg,,,,camera_sign_turn_right,camera_sign_turn_left,False,False,0.28,0.28,green,green,green,130.31803152449203,125.8,3.141592653589793,128.0332578337423,125.81708054420524,-3.141036517878937
61.33037428999978,112423000000,inner_middle_cross_reverse,3.022901937861598,5.461513532244725,0.5534916136368451,route/left from camera_sign_turn_left: inner_middle_cross_reverse delta=+92.1deg,,,,camera_sign_turn_right,camera_sign_turn_left,False,False,0.28,0.28,green,green,green,129.07686527853627,125.8,3.141592653589793,126.84068447295054,125.818228985272,-3.1411701582706426
61.54048285499994,112619000000,inner_middle_cross_reverse,3.077725877566159,5.461513532244725,0.5635298455996298,route/left from camera_sign_turn_left: inner_middle_cross_reverse delta=+92.1deg,,,,camera_sign_turn_right,camera_sign_turn_left,False,False,0.28,0.28,green,green,green,126.73771051780835,125.8,3.141592653589793,124.45548369189508,125.8199659723278,-3.14139396771478
61.63025326499974,112723000000,inner_middle_cross_reverse,3.1068160508207585,5.461513532244725,0.5688562396628967,route/left from camera_sign_turn_left: inner_middle_cross_reverse delta=+92.1deg,,,,camera_sign_turn_right,camera_sign_turn_left,False,False,0.28,0.28,green,green,green,125.49652979227876,125.8,3.141592653589793,123.26287629757805,125.82052608425785,-3.1414835460630477
61.73243659400032,112823000000,inner_middle_cross_reverse,3.1347876215611183,5.461513532244725,0.5739778182464186,route/left from camera_sign_turn_left: inner_middle_cross_reverse delta=+92.1deg,,,,camera_sign_turn_right,camera_sign_turn_left,False,False,0.28,0.28,green,green,green,124.30307610735674,125.8,3.141592653589793,122.07026286460612,125.82088155331202,-3.1415521056774476
61.93197041199983,113020000000,inner_middle_cross_reverse,3.1898925836896046,5.461513532244725,0.5840675052540855,route/left from camera_sign_turn_left: inner_middle_cross_reverse delta=+92.1deg,,,,camera_sign_turn_right,camera_sign_turn_left,False,False,0.28,0.28,green,green,green,121.95193105654134,125.8,3.141592653589793,119.68500853753945,125.82124217659806,3.1415470963469163
62.03249779299949,113122000000,inner_middle_cross_reverse,3.2184244540545714,5.461513532244725,0.589291674377995,route/left from camera_sign_turn_left: inner_middle_cross_reverse delta=+92.1deg,,,,camera_sign_turn_right,camera_sign_turn_left,False,False,0.28,0.28,green,green,green,120.73457125430275,125.8,3.141592653589793,118.49236372131408,125.82136965262308,3.1415160373197772
62.13256723900031,113224000000,inner_middle_cross_reverse,3.2469563577012734,5.461513532244725,0.5945158495957711,route/left from camera_sign_turn_left: inner_middle_cross_reverse delta=+92.1deg,,,,camera_sign_turn_right,camera_sign_turn_left,False,False,0.28,0.28,green,green,green,119.51721003204347,125.8,3.141592653589793,117.29969904066459,125.82148258424611,3.1414851047317547
62.33376391799993,113422000000,inner_middle_cross_reverse,3.302341350587633,5.461513532244725,0.6046568100748337,route/left from camera_sign_turn_left: inner_middle_cross_reverse delta=+92.1deg,,,,camera_sign_turn_right,camera_sign_turn_left,False,False,0.28,0.28,green,green,green,117.15411700222546,125.8,3.141592653589793,114.91431458980195,125.82159308673488,3.1414094779697863
62.4418064169995,113525000000,inner_middle_cross_reverse,3.3311531218107335,5.461513532244725,0.6099322288855711,route/left from camera_sign_turn_left: inner_middle_cross_reverse delta=+92.1deg,,,,camera_sign_turn_right,camera_sign_turn_left,False,False,0.28,0.28,green,green,green,115.92481476337316,125.8,3.141592653589793,113.48303300157939,125.8215702973776,3.141354730904409
62.635515080000005,113726000000,inner_middle_cross_reverse,3.3873798077948885,5.461513532244725,0.6202273028888109,route/left from camera_sign_turn_left: inner_middle_cross_reverse delta=+92.1deg,,,,camera_sign_turn_right,camera_sign_turn_left,False,False,0.28,0.28,green,green,green,113.52580949471589,125.8,3.141592653589793,111.33600204169242,125.82147197017527,3.141273039117365
62.83642913600033,113924000000,inner_middle_cross_reverse,3.4427693839891296,5.461513532244725,0.6303691025689219,route/left from camera_sign_turn_left: inner_middle_cross_reverse delta=+92.1deg,,,,camera_sign_turn_right,camera_sign_turn_left,False,False,0.28,0.28,green,green,green,111.16252091042827,125.8,3.141592653589793,108.95021470191902,125.82130209284074,3.1411931550027274
62.94505654600016,114025000000,inner_middle_cross_reverse,3.471023607283977,5.461513532244725,0.6355424346732982,route/left from camera_sign_turn_left: inner_middle_cross_reverse delta=+92.1deg,,,,camera_sign_turn_right,camera_sign_turn_left,False,False,0.28,0.28,green,green,green,109.95700738318145,125.8,3.141592653589793,107.51867167276016,125.8211231772901,3.14113999713388
63.03836432099979,114125000000,inner_middle_cross_reverse,3.498998272585478,5.461513532244725,0.6406645798691929,route/left from camera_sign_turn_left: inner_middle_cross_reverse delta=+92.1deg,,,,camera_sign_turn_right,camera_sign_turn_left,False,False,0.28,0.28,green,green,green,108.76342166365073,125.8,3.141592653589793,106.56428764935461,125.8209605522038,3.1410991184494415
63.14422694299992,114225000000,inner_middle_cross_reverse,3.526974377731832,5.461513532244725,0.6457869886998555,route/left from camera_sign_turn_left: inner_middle_cross_reverse delta=+92.1deg,,,,camera_sign_turn_right,camera_sign_turn_left,False,False,0.28,0.28,green,green,green,107.56977451073963,125.8,3.141592653589793,105.37121548388616,125.82073398356914,3.14104315320338
63.23947807500008,114326000000,inner_middle_cross_reverse,3.5552315094705174,5.461513532244725,0.650960853338633,route/left from camera_sign_turn_left: inner_middle_cross_reverse delta=+92.1deg,,,,camera_sign_turn_right,camera_sign_turn_left,False,False,0.28,0.28,green,green,green,106.36413688988905,125.8,3.141592653589793,104.17806458877232,125.82049203083513,3.140983407101557
63.34370708699953,114426000000,inner_middle_cross_reverse,3.5832100502327826,5.461513532244725,0.656083708129174,route/left from camera_sign_turn_left: inner_middle_cross_reverse delta=+92.1deg,,,,camera_sign_turn_right,camera_sign_turn_left,False,False,0.28,0.28,green,green,green,105.17038581736574,125.8,3.141592653589793,102.98480900039822,125.82024922658294,3.140923470400627
63.545375263000096,114625000000,inner_middle_cross_reverse,3.6388895109627653,5.461513532244725,0.6662785855017653,route/left from camera_sign_turn_left: inner_middle_cross_reverse delta=+92.1deg,,,,camera_sign_turn_right,camera_sign_turn_left,False,False,0.28,0.28,green,yellow,yellow,102.79472882621981,125.8,3.141592653589793,100.5980437717649,125.81972075420038,3.140793081608126
63.640098779000255,114727000000,inner_middle_cross_reverse,3.6674417610953736,5.461513532244725,0.6715064861494587,route/left from camera_sign_turn_left: inner_middle_cross_reverse delta=+92.1deg,,,,camera_sign_turn_right,camera_sign_turn_left,False,False,0.28,0.28,green,yellow,yellow,101.57649948722853,125.8,3.141592653589793,99.40503581871226,125.81938604406291,3.140593500457766
63.841608761000316,114929000000,inner_middle_cross_reverse,3.7239055986366734,5.461513532244725,0.6818449824669974,route/left from camera_sign_turn_left: inner_middle_cross_reverse delta=+92.1deg,,,,camera_sign_turn_right,camera_sign_turn_left,False,False,0.28,0.28,green,,,99.16737575213307,125.8,3.141592653589793,97.01889354847124,125.81801606815209,3.140155246152363
63.94649801000014,115029000000,inner_middle_cross_reverse,3.7519000581288147,5.461513532244725,0.6869707519678624,route/left from camera_sign_turn_left: inner_middle_cross_reverse delta=+92.1deg,,,,camera_sign_turn_right,camera_sign_turn_left,False,False,0.28,0.28,green,,,97.97294548046837,125.8,3.141592653589793,95.58624505878228,125.81665283329417,3.1399501929952867
64.0429643790003,115129000000,inner_middle_cross_reverse,3.7798998033674622,5.461513532244725,0.6920974892858855,route/left from camera_sign_turn_left: inner_middle_cross_reverse delta=+92.1deg,,,,camera_sign_turn_right,camera_sign_turn_left,False,False,0.28,0.28,green,,,96.7782896836194,125.8,3.141592653589793,94.63108733720941,125.81555264687685,3.139856257477518
64.14404075899984,115230000000,inner_middle_cross_reverse,3.8081696886695315,5.461513532244725,0.6972736890948147,route/left from camera_sign_turn_left: inner_middle_cross_reverse delta=+92.1deg,,,,camera_sign_turn_right,camera_sign_turn_left,False,False,0.28,0.28,green,,,95.57210791073112,125.8,3.141592653589793,93.43683730075858,125.81372129801308,3.13984193140132
64.24329445100011,115331000000,inner_middle_cross_reverse,3.8364407315401916,5.461513532244725,0.7024501008538899,route/left from camera_sign_turn_left: inner_middle_cross_reverse delta=+92.1deg,,,,camera_sign_turn_right,camera_sign_turn_left,False,False,0.28,0.28,green,,,94.36587674824963,125.8,3.141592653589793,92.24271753012545,125.81165896285223,3.139897051328658
64.44891729600022,115529000000,inner_middle_cross_reverse,3.8918681611162027,5.461513532244725,0.7125988314665247,route/left from camera_sign_turn_left: inner_middle_cross_reverse delta=+92.1deg,,,,camera_sign_turn_right,camera_sign_turn_left,False,False,0.28,0.28,green,,,92.00097308633983,125.8,3.141592653589793,89.61556915566169,125.80731159957905,3.1401430473585226
64.64727097499963,115723000000,inner_middle_cross_reverse,3.9461372605921796,5.461513532244725,0.7225354725012072,route/left from camera_sign_turn_left: inner_middle_cross_reverse delta=+92.1deg,,,,camera_sign_turn_right,camera_sign_turn_left,False,False,0.28,0.28,green,green,green,89.68549150869814,125.8,3.141592653589793,87.4663105061091,125.80406871094132,3.1403998830308715
64.7460182879995,115835000000,inner_middle_cross_reverse,3.977474850518807,5.461513532244725,0.7282733672700493,route/left from camera_sign_turn_left: inner_middle_cross_reverse delta=+92.1deg,,,,camera_sign_turn_right,camera_sign_speed_limit,False,False,0.28,0.28,green,green,green,88.34842100516204,125.8,3.141592653589793,86.03362972686088,125.80216701476768,3.1405751662654553
64.9473072969995,116027000000,inner_middle_cross_reverse,4.031184119106415,5.461513532244725,0.7381075035896811,route/left from camera_sign_turn_left: inner_middle_cross_reverse delta=+92.1deg,,,,camera_sign_turn_right,camera_sign_speed_limit,False,False,0.28,0.28,green,green,green,86.05682554542409,125.8,3.141592653589793,83.88542939419395,125.7997438267582,3.1407452632266146
65.04838385600033,116129000000,inner_middle_cross_reverse,4.0597326269194856,5.461513532244725,0.7433347190208103,route/left from camera_sign_turn_left: inner_middle_cross_reverse delta=+92.1deg,,,,camera_sign_turn_right,camera_sign_speed_limit,False,False,0.28,0.28,green,green,green,84.83875587873308,125.8,3.141592653589793,82.69214869981369,125.79851493755044,3.1408370148826457
65.15282005500012,116230000000,inner_middle_cross_reverse,4.08797587747641,5.461513532244725,0.7485060420231568,route/left from camera_sign_turn_left: inner_middle_cross_reverse delta=+92.1deg,,,,camera_sign_turn_right,camera_sign_speed_limit,False,False,0.28,0.28,green,,,83.63371052163765,125.8,3.141592653589793,81.25952958196112,125.7971997505372,3.141015667719321
65.34923726699981,116429000000,inner_middle_cross_reverse,4.143663824492349,5.461513532244725,0.7587024732298467,route/left from camera_sign_turn_left: inner_middle_cross_reverse delta=+92.1deg,,,,camera_sign_turn_right,camera_sign_speed_limit,False,False,0.28,0.28,green,,,81.25769144895756,125.8,3.141592653589793,79.11039358601789,125.79579984655216,3.1412595188683294
65.45012255799975,116529000000,inner_middle_cross_reverse,4.1716458168308534,5.461513532244725,0.7638259600020206,route/left from camera_sign_turn_left: inner_middle_cross_reverse delta=+92.1deg,,,,camera_sign_turn_right,camera_sign_speed_limit,False,False,0.28,0.28,green,,,80.06379310918138,125.8,3.141592653589793,77.91657952153949,125.79522375161655,3.141376433468875
65.55094015299983,116631000000,inner_middle_cross_reverse,4.200188577654223,5.461513532244725,0.7690521231626268,route/left from camera_sign_turn_left: inner_middle_cross_reverse delta=+92.1deg,,,,camera_sign_turn_right,camera_sign_speed_limit,False,False,0.28,0.28,green,,,78.8459686473843,125.8,3.141592653589793,76.72250537609779,125.79463528666608,3.1414931760794547
65.7512857720003,116824000000,inner_middle_cross_reverse,4.254110296421993,5.461513532244725,0.7789251589885781,route/left from camera_sign_turn_left: inner_middle_cross_reverse delta=+92.1deg,,,,camera_sign_turn_right,camera_sign_speed_limit,False,False,0.28,0.28,green,,,76.54530864662613,125.8,3.141592653589793,74.33494764725916,125.79432832658179,-3.1415448707616056
65.85140872099964,116924000000,inner_middle_cross_reverse,4.282110296421992,5.461513532244725,0.7840519429532589,route/left from camera_sign_turn_left: inner_middle_cross_reverse delta=+92.1deg,,,,,camera_sign_speed_limit,False,False,0.28,0.28,green,,,75.35064197995948,125.8,3.141592653589793,73.14111157275806,125.79432975201783,-3.1414781530905054
66.05251789199974,117124000000,inner_middle_cross_reverse,4.338084428935941,5.461513532244725,0.7943007745607388,route/left from camera_sign_turn_left: inner_middle_cross_reverse delta=+92.1deg,,,,,camera_sign_speed_limit,False,False,0.28,0.28,yellow,,,72.96241232603097,125.8,3.141592653589793,70.75380201473274,125.79460488627524,-3.141367519208496
66.15428655300002,117228000000,inner_middle_cross_reverse,4.367201559315325,5.461513532244725,0.7996321044581155,route/left from camera_sign_turn_left: inner_middle_cross_reverse delta=+92.1deg,,,,,camera_sign_speed_limit,False,False,0.28,0.28,yellow,,,71.72008142984393,125.8,3.141592653589793,69.55947948941349,125.79469459948061,-3.1413105414811073
66.35424010800034,117429000000,inner_middle_cross_reverse,4.423476498267358,5.461513532244725,0.8099360135521397,route/left from camera_sign_turn_left: inner_middle_cross_reverse delta=+92.1deg,,,,,camera_sign_speed_limit,False,False,0.28,0.28,yellow,,,69.31901736789052,125.8,3.141592653589793,67.17065999922556,125.79514687071503,-3.141215944328672
66.45521485399968,117529000000,inner_middle_cross_reverse,4.451472192101786,5.461513532244725,0.8150620090603705,route/left from camera_sign_turn_left: inner_middle_cross_reverse delta=+92.1deg,,,,,camera_sign_speed_limit,False,False,0.28,0.28,yellow,,,68.12453443095492,125.8,3.141592653589793,65.97617905394767,125.79540254157587,-3.1411528725087035
66.55556510199949,117630000000,inner_middle_cross_reverse,4.479729796873356,5.461513532244725,0.8202359603111982,route/left from camera_sign_turn_left: inner_middle_cross_reverse delta=+92.1deg,,,,,camera_sign_speed_limit,False,False,0.28,0.28,yellow,,,66.91887662736795,125.8,3.141592653589793,64.78204959968284,125.79584461401828,-3.141107016328408
66.65554131299996,117731000000,inner_middle_cross_reverse,4.507995841359874,5.461513532244725,0.8254114568689996,route/left from camera_sign_turn_left: inner_middle_cross_reverse delta=+92.1deg,,,,,camera_sign_speed_limit,False,False,0.28,0.28,yellow,,,65.71285872927649,125.8,3.141592653589793,63.588203797457766,125.7963212637603,-3.1410258128070647
66.75656289899962,117831000000,inner_middle_cross_reverse,4.535971592772446,5.461513532244725,0.8305338009312093,route/left from camera_sign_turn_left: inner_middle_cross_reverse delta=+92.1deg,,,,,camera_sign_speed_limit,False,False,0.28,0.28,yellow,,,64.51922666900677,125.8,3.141592653589793,62.39415808982277,125.79695966126755,-3.140871671682052
66.85699564300012,117931000000,inner_middle_cross_reverse,4.563939016323234,5.461513532244725,0.8356546201666957,route/left from camera_sign_turn_left: inner_middle_cross_reverse delta=+92.1deg,,,,,camera_sign_speed_limit,False,False,0.28,0.28,yellow,,,63.325949930839826,125.8,3.141592653589793,61.200340589721065,125.7976801833693,-3.140694002095492
66.95859771399955,118033000000,inner_middle_cross_reverse,4.592456147947082,5.461513532244725,0.840876090635547,route/left from camera_sign_turn_left: inner_middle_cross_reverse delta=+92.1deg,,,,,camera_sign_speed_limit,False,False,0.28,0.28,red,,,62.10921898155566,125.8,3.141592653589793,59.76803606624324,125.79864235607795,-3.140458771599617
67.15752551700007,118232000000,inner_middle_cross_reverse,4.648068229370727,5.461513532244725,0.8510586308957354,route/left from camera_sign_turn_left: inner_middle_cross_reverse delta=+92.1deg,,,,,camera_sign_speed_limit,False,False,0.28,0.28,red,,,59.73643684081344,125.8,3.141592653589793,57.62027239247105,125.80045901500449,-3.140129488245979
67.25850344999981,118333000000,inner_middle_cross_reverse,4.6762877663902565,5.461513532244725,0.8562256119629654,route/left from camera_sign_turn_left: inner_middle_cross_reverse delta=+92.1deg,,,,,camera_sign_speed_limit,False,False,0.28,0.28,red,,,58.53240326131352,125.8,3.141592653589793,56.18867389381886,125.80233904639856,-3.1400215145400665
67.36366918800013,118433000000,inner_middle_cross_reverse,4.704193202677276,5.461513532244725,0.8613350813659553,route/left from camera_sign_turn_left: inner_middle_cross_reverse delta=+92.1deg,,,,,camera_sign_speed_limit,False,False,0.28,0.28,red,,,57.341771313067355,125.8,3.141592653589793,54.99797517444493,125.8006041228692,-3.1387042295683716
67.56004930499967,118631000000,inner_middle_cross_reverse,4.755439250472676,5.461513532244725,0.8707182033691957,route/left from camera_sign_turn_left: inner_middle_cross_reverse delta=+92.1deg,,,,,camera_sign_speed_limit,False,False,0.28,0.28,red,,,55.15527327379694,125.8,3.141592653589793,52.974474304456905,125.67114596576538,-3.087440843025302
67.6607642959998,118731000000,inner_middle_cross_reverse,4.779897199401046,5.461513532244725,0.8751964398111581,route/left from camera_sign_turn_left: inner_middle_cross_reverse delta=+92.1deg,,,,,camera_sign_speed_limit,False,False,0.28,0.28,red,,,54.11173411951984,125.8,3.141592653589793,51.912741740250794,125.56929448862554,-3.0328424124086624
67.76033487699988,118833000000,inner_middle_cross_reverse,4.804327679667269,5.461513532244725,0.8796696467568126,route/left from camera_sign_turn_left: inner_middle_cross_reverse delta=+92.1deg,,,,,camera_sign_speed_limit,False,False,0.28,0.28,red,,,53.069366961494325,125.8,3.141592653589793,50.66601958878856,125.47884213728867,-2.952491319015589
67.8612576659998,118935000000,inner_middle_cross_reverse,4.828644096868311,5.461513532244725,0.8841219688205553,route/left from camera_sign_turn_left: inner_middle_cross_reverse delta=+92.1deg,,,,,camera_sign_speed_limit,False,False,0.28,0.28,red,,,52.031866494249854,125.8,3.141592653589793,49.634069179861214,125.46115945031151,-2.879362253917522
67.96201236700017,119038000000,inner_middle_cross_reverse,4.853255855865386,5.461513532244725,0.8886283677980122,route/left from camera_sign_turn_left: inner_middle_cross_reverse delta=+92.1deg,,,,,camera_sign_speed_limit,False,False,0.28,0.28,red,,,50.981764777041306,125.8,3.141592653589793,48.60877543277428,125.51666155357442,-2.8060054028947214
68.16257081499953,119238000000,inner_middle_cross_reverse,4.901119561049247,5.461513532244725,0.8973921848061133,route/left from camera_sign_turn_left: inner_middle_cross_reverse delta=+92.1deg,,,,,camera_sign_speed_limit,False,False,0.28,0.28,red,yellow,yellow,48.93958002252994,125.8,3.141592653589793,46.583460749850516,125.86912471727041,-2.664429570053408
68.26312312499977,119338000000,inner_middle_cross_reverse,4.9253382308907305,5.461513532244725,0.9018266093842997,route/left from camera_sign_turn_left: inner_middle_cross_reverse delta=+92.1deg,,,,,camera_sign_speed_limit,False,False,0.28,0.28,red,green,green,47.906250109293296,125.8,-3.032204827957678,45.59199053447871,126.1693296609816,-2.598973459027336
68.36397501099964,119438000000,inner_middle_cross_reverse,4.94991296638525,5.461513532244725,0.9063262293796418,route/left from camera_sign_turn_left: inner_middle_cross_reverse delta=+92.1deg,,,,,camera_sign_speed_limit,False,False,0.28,0.28,red,green,green,46.85772806152711,125.8,-2.7855402507050435,44.62074140073399,126.55495915854453,-2.539609507166511
68.56445456799975,119634000000,inner_middle_cross_reverse,4.999496512820664,5.461513532244725,0.9154049483359664,route/left from camera_sign_turn_left: inner_middle_cross_reverse delta=+92.1deg,,,,,camera_sign_speed_limit,False,False,0.28,0.28,red,green,green,44.817682001329985,125.98231799867001,-2.356194490192344,42.74341294406361,127.56710160410853,-2.439172862640709
68.66472002399951,119735000000,inner_middle_cross_reverse,5.025458311459249,5.461513532244725,0.9201585387986297,route/left from camera_sign_turn_left: inner_middle_cross_reverse delta=+92.1deg,,,,,camera_sign_speed_limit,False,False,0.28,0.28,red,green,green,44.03441740957987,126.76558259042014,-2.3561944901923466,41.84130604528538,128.18673494502028,-2.400514081354546
68.76461337399996,119836000000,inner_middle_cross_reverse,5.051979123955589,5.461513532244725,0.9250144843785064,route/left from camera_sign_turn_left: inner_middle_cross_reverse delta=+92.1deg,,,,,camera_sign_speed_limit,False,False,0.28,0.28,red,green,green,43.234287431607,127.565712568393,-2.3561944901923444,40.96194264172527,128.87091256697713,-2.369067801304041
68.86442792100024,119938000000,inner_middle_cross_reverse,5.079158095961052,5.461513532244725,0.929990938587582,route/left from camera_sign_turn_left: inner_middle_cross_reverse delta=+92.1deg,,,,,camera_sign_speed_limit,False,False,0.28,0.28,red,green,green,42.414300854082,128.385699145918,-2.3561944901923426,40.105702513632494,129.60712379205975,-2.344087858834241
69.06588571700013,120137000000,inner_middle_cross_reverse,5.131080608756646,5.461513532244725,0.9394979209449531,route/left from camera_sign_turn_left: inner_middle_cross_reverse delta=+92.1deg,,,,,camera_sign_speed_limit,False,False,0.28,0.28,red,green,green,40.847804389270934,129.95219561072906,-2.3561944901923457,38.44051304042836,131.08259453751154,-2.2783176697782546
69.16648587799955,120237000000,inner_middle_cross_reverse,5.155623347343286,5.461513532244725,0.9439916823247867,route/left from camera_sign_turn_left: inner_middle_cross_reverse delta=+92.1deg,,,,,camera_sign_speed_limit,False,False,0.28,0.28,red,green,green,40.10735268224151,130.69264731775849,-2.3561944901923466,37.63666705441777,131.77919571228784,-2.2237937230489777
69.26764974300022,120340000000,inner_middle_cross_reverse,5.180536706541367,5.461513532244725,0.9485533041263244,route/left from camera_sign_turn_left: inner_middle_cross_reverse delta=+92.1deg,,,,,camera_sign_speed_limit,False,False,0.28,0.28,red,green,green,39.355719392381275,131.44428060761874,-2.3561944901923466,36.868719201597116,132.47800001907822,-2.1600186140899513
69.4688221890001,120538000000,inner_middle_cross_reverse,5.227724555063775,5.461513532244725,0.9571933721667699,route/left from camera_sign_turn_left: inner_middle_cross_reverse delta=+92.1deg,,,,camera_sign_turn_right,camera_sign_speed_limit,False,False,0.28,0.28,red,green,green,37.93206722470988,132.86793277529011,-2.356194490192346,35.46015722490502,133.96041637523103,-2.0166708380620286
69.57106969300003,120640000000,inner_middle_cross_reverse,5.252045338880722,5.461513532244725,0.9616464937553839,route/left from camera_sign_turn_left: inner_middle_cross_reverse delta=+92.1deg,,,,camera_sign_turn_right,camera_sign_speed_limit,False,False,0.28,0.28,red,green,green,37.1983118685185,133.6016881314815,-2.356194490192342,34.83991801176852,134.7712899522045,-1.9446312694755425
69.6713595379997,120746000000,inner_middle_cross_reverse,5.27747369964396,5.461513532244725,0.9663024120485658,route/left from camera_sign_turn_left: inner_middle_cross_reverse delta=+92.1deg,,,,camera_sign_turn_right,camera_sign_speed_limit,False,False,0.28,0.28,red,green,green,36.43114103843237,134.36885896156764,-2.3561944901923457,34.2823108712123,135.63488646948528,-1.874627600020358
69.77435558799971,120854000000,inner_middle_cross_reverse,5.303648182732984,5.461513532244725,0.9710949449123022,route/left from camera_sign_turn_left: inner_middle_cross_reverse delta=+92.1deg,,,,camera_sign_turn_right,camera_sign_speed_limit,False,False,0.28,0.28,red,green,green,35.64145978035016,135.15854021964984,-2.356194490192342,33.70224526948665,136.741580395824,-1.7949888572717783
69.97326684600012,121051000000,inner_middle_cross_reverse,5.353294084045774,5.461513532244725,0.9801850810109644,route/left from camera_sign_turn_left: inner_middle_cross_reverse delta=+92.1deg,,,,camera_sign_turn_right,camera_sign_speed_limit,False,False,0.28,0.28,red,red,red,34.14364843202412,136.6563515679759,-1.9418245404671937,33.040520292382766,138.53148136773285,-1.6930083338285533
70.07357226000022,121152000000,inner_middle_cross_reverse,5.379107144187063,5.461513532244725,0.9849114375399538,route/left from camera_sign_turn_left: inner_middle_cross_reverse delta=+92.1deg,,,,camera_sign_turn_right,camera_sign_speed_limit,False,False,0.28,0.28,red,red,red,33.364871264276644,137.43512873572334,-1.682181652774228,32.72814205180896,139.78938569316097,-1.6361417032486378
70.27787902399996,121353000000,inner_middle_cross_reverse,5.431591534364636,5.461513532244725,0.9945212993241838,route/left from camera_sign_turn_left: inner_middle_cross_reverse delta=+92.1deg,,,,camera_sign_turn_right,camera_sign_speed_limit,False,False,0.28,0.28,red,red,red,33.0,139.52332809044955,-1.554540717941172,32.4221806775915,141.97657226315388,-1.5624165044744383
70.37451016900013,121454000000,inner_middle_cross_reverse,5.458593984686151,5.461513532244725,0.9994654325140208,route/left from camera_sign_turn_left: inner_middle_cross_reverse delta=+92.1deg,,,,camera_sign_turn_right,camera_sign_speed_limit,False,False,0.28,0.28,red,red,red,33.0,140.67543263750085,-1.545775736420268,32.35827065490081,143.10509006001047,-1.5362190133696014
70.47567766100019,121555000000,outer_left_lower_to_mid_reverse,0.024278039834116364,1.8052961635923481,0.01344823100150262,route/default: outer_left_lower_to_mid_reverse,,,,camera_sign_turn_right,camera_sign_speed_limit,False,False,0.28,0.28,red,red,red,33.026896462002995,141.8355137871157,-1.5448281395833408,32.34692267677572,144.25504742868938,-1.5178951744778766
70.67651893499988,121751000000,outer_left_lower_to_mid_reverse,0.07787689109192404,1.8052961635923481,0.043138013951659476,route/default: outer_left_lower_to_mid_reverse,,,,camera_sign_turn_right,camera_sign_speed_limit,False,False,0.28,0.28,red,green,green,33.08627602790331,144.12162707427777,-1.5448281395833408,32.411110851207596,146.35033151854907,-1.4970320192355584
70.7776978689999,121852000000,outer_left_lower_to_mid_reverse,0.10579179921123241,1.8052961635923481,0.058600799882451385,route/default: outer_left_lower_to_mid_reverse,,,,camera_sign_turn_right,camera_sign_speed_limit,False,False,0.28,0.28,red,green,green,33.1172015997649,145.31226159094876,-1.5448281395833408,32.494142682646256,147.75884223418595,-1.4889897178243303
70.87825930700001,121957000000,outer_left_lower_to_mid_reverse,0.13495946229347597,1.8052961635923481,0.07475751902387082,route/default: outer_left_lower_to_mid_reverse,,,,camera_sign_turn_right,camera_sign_speed_limit,False,False,0.28,0.28,red,green,green,33.14951503804774,146.55632896483806,-1.5448281395833352,32.58363199561653,148.94236917018526,-1.48621022369253
70.97704221599997,122057000000,outer_left_lower_to_mid_reverse,0.1628760290823455,1.8052961635923481,0.09022122373441456,route/default: outer_left_lower_to_mid_reverse,,,,camera_sign_turn_right,camera_sign_speed_limit,False,False,0.28,0.28,red,green,green,33.18044244746882,147.74703422754993,-1.5448281395833408,32.68472518751055,150.12950280631003,-1.4862640075558196
71.17889839700001,122256000000,outer_left_lower_to_mid_reverse,0.21819225972546516,1.8052961635923481,0.12086230731875355,route/default: outer_left_lower_to_mid_reverse,,,,camera_sign_turn_right,camera_sign_speed_limit,False,False,0.28,0.28,red,green,green,33.241724614637505,150.10639766354402,-1.5448281395833408,32.89941487067988,152.49298369893293,-1.4920766016049787
71.2790774619998,122358000000,outer_left_lower_to_mid_reverse,0.24647435242248783,1.8052961635923481,0.13652848623575978,route/default: outer_left_lower_to_mid_reverse,,,,camera_sign_turn_right,camera_sign_speed_limit,False,False,0.28,0.28,red,green,green,33.27305697247152,151.3126934401535,-1.5448281395833408,33.0058979913382,153.67047827754945,-1.4968482691277387
71.48016713600009,122560000000,outer_left_lower_to_mid_reverse,0.3023340598859821,1.8052961635923481,0.16747061561598256,route/default: outer_left_lower_to_mid_reverse,,,,camera_sign_turn_right,camera_sign_speed_limit,False,False,0.28,0.28,red,red,red,33.33494123123195,153.69523740243065,-1.5448281395833352,33.206411492190924,156.023497411557,-1.5083464544922667
71.58057417199961,122660000000,outer_left_lower_to_mid_reverse,0.3299802671176443,1.8052961635923481,0.18278456121073147,route/default: outer_left_lower_to_mid_reverse,,,,camera_sign_turn_right,camera_sign_speed_limit,False,False,0.28,0.28,red,red,red,33.36556912242146,154.87441121322632,-1.5448281395833408,33.297283750262,157.20046836866862,-1.514393338290142
71.78407997900013,122861000000,outer_left_lower_to_mid_reverse,0.38559173254757145,1.8052961635923481,0.21358918294064547,route/default: outer_left_lower_to_mid_reverse,,,,camera_sign_speed_limit,camera_sign_speed_limit,False,False,0.28,0.28,red,yellow,yellow,33.42717836588129,157.2463670864297,-1.5448281395833408,33.455731076638926,159.55759197200155,-1.5257415629265578
71.8833809609996,122962000000,outer_left_lower_to_mid_reverse,0.4135703142654844,1.8052961635923481,0.22908723931619246,route/default: outer_left_lower_to_mid_reverse,,,,camera_sign_speed_limit,camera_sign_speed_limit,False,False,0.28,0.28,red,yellow,yellow,33.45817447863239,158.4397174273468,-1.5448281395833408,33.523167340252016,160.73826961669903,-1.530737168349713
71.9837865999998,123062000000,outer_left_lower_to_mid_reverse,0.4412999995726274,1.8052961635923481,0.24444742556505916,route/default: outer_left_lower_to_mid_reverse,,,,camera_sign_speed_limit,camera_sign_speed_limit,False,False,0.28,0.28,red,,,33.48889485113011,159.62245176850956,-1.5448281395833408,33.583154638825604,161.9205087380775,-1.5351614237963926
72.18457270999988,123260000000,outer_left_lower_to_mid_reverse,0.49629288615086353,1.8052961635923481,0.27490940055137175,route/default: outer_left_lower_to_mid_reverse,,,,camera_sign_speed_limit,camera_sign_speed_limit,False,False,0.28,0.28,red,,,33.549818801102745,161.96802384245564,-1.5448281395833408,33.6831378135803,164.28967629320445,-1.5421863912099982
72.28466259800007,123360000000,outer_left_lower_to_mid_reverse,0.5241104910450393,1.8052961635923481,0.2903182877218965,route/default: outer_left_lower_to_mid_reverse,,,,camera_sign_speed_limit,camera_sign_speed_limit,False,False,0.28,0.28,red,,,33.58063657544379,163.15450815458604,-1.5448281395833408,33.72454135836803,165.47645532495903,-1.5447990450644555
72.3853894900003,123463000000,outer_left_lower_to_mid_reverse,0.5527905772635436,1.8052961635923481,0.3062049254918644,route/default: outer_left_lower_to_mid_reverse,,,,camera_sign_speed_limit,camera_sign_speed_limit,False,False,0.28,0.28,red,,,33.61240985098374,164.37777926287356,-1.5448281395833408,33.76125010600674,166.66455286156835,-1.5468471486828619
72.4857497869998,123563000000,outer_left_lower_to_mid_reverse,0.5806605705178235,1.8052961635923481,0.32164283192314025,route/default: outer_left_lower_to_mid_reverse,,,,,camera_sign_speed_limit,False,False,0.28,0.28,red,,,33.64328566384627,165.5664980580818,-1.5448281395833408,33.79405975319008,167.85384921105825,-1.5483684246883542
72.58699501799947,123665000000,outer_left_lower_to_mid_reverse,0.6091103094112728,1.8052961635923481,0.3374018743823217,route/default: outer_left_lower_to_mid_reverse,,,,,camera_sign_speed_limit,False,False,0.28,0.28,red,,,33.674803748764646,166.77994432743878,-1.5448281395833408,33.82378941700847,169.0441820026045,-1.549422937863503
72.78843575500014,123866000000,outer_left_lower_to_mid_reverse,0.6652277428620527,1.8052961635923481,0.3684867648188649,route/default: outer_left_lower_to_mid_reverse,,,,,camera_sign_speed_limit,False,False,0.28,0.28,red,,,33.73697352963774,169.1734808910526,-1.5448281395833408,33.87688435392583,171.4273668079511,-1.5503908782245104
72.98970919600015,124063000000,outer_left_lower_to_mid_reverse,0.7202789387657277,1.8052961635923481,0.39898103884098934,route/default: outer_left_lower_to_mid_reverse,,,,,camera_sign_speed_limit,False,False,0.28,0.28,red,,,33.79796207768197,171.52153999075617,-1.5448281395833408,33.925341131440575,173.8129537766864,-1.5502716834367414
73.09131595899999,124166000000,outer_left_lower_to_mid_reverse,0.7490746738814248,1.8052961635923481,0.41493173751106055,route/default: outer_left_lower_to_mid_reverse,,,,,camera_sign_speed_limit,False,False,0.28,0.28,red,,,33.82986347502212,172.74974378835165,-1.5448281395833408,33.94896581877738,175.00631337647422,-1.5499467430292784
73.2926140769996,124363000000,outer_left_lower_to_mid_reverse,0.8041637012285531,1.8052961635923481,0.4454469673432156,route/default: outer_left_lower_to_mid_reverse,,,,,camera_sign_speed_limit,False,False,0.28,0.28,red,,,33.89089393468642,175.0994164854276,-1.5448281395833352,33.99668403258569,177.39365826830124,-1.5489779752173916
73.39281426300022,124470000000,outer_left_lower_to_mid_reverse,0.8340851257251056,1.8052961635923481,0.462021214328271,route/default: outer_left_lower_to_mid_reverse,,,,,camera_sign_speed_limit,False,False,0.28,0.28,red,,,33.92404242865655,176.37563350327687,-1.5448281395833408,34.02127261945584,178.587359404701,-1.54841888169212
73.49387143900003,124570000000,outer_left_lower_to_mid_reverse,0.8620485780844755,1.8052961635923481,0.47751089016280307,route/default: outer_left_lower_to_mid_reverse,,,,,camera_sign_speed_limit,False,False,0.28,0.28,red,,,33.955021780325595,177.56833854253583,-1.5448281395833408,34.046503642992164,179.78102111447456,-1.547847379595546
73.69413299999997,124769000000,outer_left_lower_to_mid_reverse,0.9176983745662147,1.8052961635923481,0.5083367444486738,route/default: outer_left_lower_to_mid_reverse,,,,,camera_sign_speed_limit,False,False,0.28,0.28,red,,,34.016673488897354,179.94192932254788,-1.5448281395833408,34.099124932600844,182.16839457727195,-1.546775576135254
73.79455415299981,124870000000,outer_left_lower_to_mid_reverse,0.9459403599298105,1.8052961635923481,0.5239807068816285,route/default: outer_left_lower_to_mid_reverse,,,,,camera_sign_speed_limit,False,False,0.28,0.28,red,,,34.04796141376325,181.1465144298854,-1.5448281395833408,34.126524027780576,183.361980315826,-1.5463016411139725
73.99910736400034,125068000000,outer_left_lower_to_mid_reverse,1.0012975957091925,1.8052961635923481,0.5546445042661124,route/default: outer_left_lower_to_mid_reverse,,,,,camera_sign_speed_limit,False,False,0.28,0.28,red,,,34.10928900853223,183.50762682849066,-1.5448281395833408,34.1834379880538,185.7487507820822,-1.5455054229280873
74.09605895099958,125171000000,outer_left_lower_to_mid_reverse,1.0300901280321169,1.8052961635923481,0.5705934288268506,route/default: outer_left_lower_to_mid_reverse,,,,,camera_sign_speed_limit,False,False,0.28,0.28,red,,,34.14118685765369,184.7356940196675,-1.5448281395833408,34.21284469723753,186.94195347057018,-1.5451820480483414
74.19555936500001,125273000000,outer_left_lower_to_mid_reverse,1.058600188886799,1.8052961635923481,0.5863858851726006,route/default: outer_left_lower_to_mid_reverse,,,,,camera_sign_speed_limit,False,False,0.28,0.28,red,,,34.17277177034521,185.95171315829026,-1.5448281395833408,34.24885461062756,188.37362912820174,-1.5448741182395795
74.39723212199988,125471000000,outer_left_lower_to_mid_reverse,1.1139343534580965,1.8052961635923481,0.6170369028212441,route/default: outer_left_lower_to_mid_reverse,,,,,camera_sign_speed_limit,False,False,0.28,0.28,red,,,34.23407380564248,188.3118415172358,-1.5448281395833408,34.304050718537766,190.5207402805651,-1.5445963145852564
74.5975045539999,125663000000,outer_left_lower_to_mid_reverse,1.1675848048335784,1.8052961635923481,0.6467552684043866,route/default: outer_left_lower_to_mid_reverse,,,,,camera_sign_speed_limit,False,False,0.28,0.28,red,,,34.29351053680877,190.60015566713776,-1.5448281395833408,34.36635406849403,192.90608392917426,-1.544426436763622
74.79973275999964,125859000000,outer_left_lower_to_mid_reverse,1.2223466935086593,1.8052961635923481,0.677089287707962,route/default: outer_left_lower_to_mid_reverse,,,,,camera_sign_speed_limit,False,False,0.28,0.28,red,,,34.354178575415915,192.93587515351305,-1.5448281395833352,34.42944817312309,195.29110310031234,-1.5443904391434782
74.89958689299965,125963000000,outer_left_lower_to_mid_reverse,1.251402397745182,1.8052961635923481,0.693183989963743,route/default: outer_left_lower_to_mid_reverse,,,,,camera_sign_speed_limit,False,False,0.28,0.28,red,,,34.3863679799275,194.1751672272082,-1.5448281395833408,34.46112951050533,196.48354524353627,-1.544411261996664
75.1002127519996,126155000000,outer_left_lower_to_mid_reverse,1.3050421101197165,1.8052961635923481,0.7228964069379181,route/default: outer_left_lower_to_mid_reverse,,,,,camera_sign_speed_limit,False,False,0.28,0.28,green,,,34.445792813875826,196.4630233342197,-1.5448281395833408,34.52441972784838,198.86835669718698,-1.5444940923564296
75.20092851899972,126256000000,outer_left_lower_to_mid_reverse,1.3332581747792989,1.8052961635923481,0.7385260112259123,route/default: outer_left_lower_to_mid_reverse,,,,,camera_sign_speed_limit,False,False,0.28,0.28,green,,,34.477052022451815,197.66650286439526,-1.5448281395833408,34.556001208880105,200.060733331989,-1.544546881617946
75.30117447500015,126360000000,outer_left_lower_to_mid_reverse,1.3623121988593467,1.8052961635923481,0.7546197827997871,route/default: outer_left_lower_to_mid_reverse,,,,,camera_sign_speed_limit,False,False,0.28,0.28,green,,,34.50923956559957,198.90572327558363,-1.5448281395833408,34.587539925083604,201.25310021058334,-1.5445985989980142
75.40068125400012,126460000000,outer_left_lower_to_mid_reverse,1.3902489569765804,1.8052961635923481,0.7700946720066874,route/default: outer_left_lower_to_mid_reverse,,,,,camera_sign_speed_limit,False,False,0.28,0.28,green,,,34.54018934401337,200.0972897445149,-1.5448281395833408,34.61903922899113,202.44546973114575,-1.544646709735452
75.5012971569995,126561000000,outer_left_lower_to_mid_reverse,1.4184652366797512,1.8052961635923481,0.7857243954128589,route/default: outer_left_lower_to_mid_reverse,,,,,camera_sign_speed_limit,False,False,0.28,0.28,green,,,34.57144879082573,201.30077844679013,-1.5448281395833408,34.650499509480824,203.63785087103923,-1.5446955933496664
75.60338969799977,126661000000,outer_left_lower_to_mid_reverse,1.4464022857150327,1.8052961635923481,0.8011994457667518,route/default: outer_left_lower_to_mid_reverse,,,,,camera_sign_speed_limit,False,False,0.28,0.28,green,,,34.6023988915335,202.49235732403992,-1.5448281395833408,34.68188706597971,204.83024428758532,-1.544744737981055
75.70168735199968,126764000000,outer_left_lower_to_mid_reverse,1.4751776352784598,1.8052961635923481,0.8171388523548472,route/default: outer_left_lower_to_mid_reverse,,,,,camera_sign_speed_limit,False,False,0.28,0.28,green,,,34.63427770470969,203.71969163132326,-1.5448281395833408,34.71317556939732,206.02264922135112,-1.5447914734353232
75.80240981499992,126865000000,outer_left_lower_to_mid_reverse,1.5033946181490172,1.8052961635923481,0.8327689652635284,route/default: outer_left_lower_to_mid_reverse,,,,,camera_sign_speed_limit,False,False,0.28,0.28,green,,,34.665537930527066,204.92321032529168,-1.5448281395833408,34.744364325384296,207.21506952105977,-1.544831184051213
76.003860283,127067000000,outer_left_lower_to_mid_reverse,1.5557944929106464,1.8052961635923481,0.8617946042796547,route/default: outer_left_lower_to_mid_reverse,,,,,camera_sign_speed_limit,False,False,0.28,0.28,green,,,34.723589208559304,207.1581845295334,-1.5448281395833408,34.64992446921485,209.45489582180625,-1.484603523923306
76.20537970999976,127261000000,outer_left_lower_to_mid_reverse,1.6027321059750699,1.8052961635923481,0.8877945559834364,route/default: outer_left_lower_to_mid_reverse,,,,,camera_sign_speed_limit,False,False,0.28,0.28,green,,,34.77558911196688,209.16018081072463,-1.5448281395833408,34.5181053240522,211.54388698771925,-1.3575881092165392
76.30521932699958,127364000000,outer_left_lower_to_mid_reverse,1.6267028379505888,1.8052961635923481,0.901072561254228,route/default: outer_left_lower_to_mid_reverse,,,,,camera_sign_speed_limit,False,False,0.28,0.28,green,,,34.80214512250846,210.18258721657554,-1.5448281395833408,34.48176182399867,212.54795605366704,-1.2731147984226536
76.40572965999945,127468000000,outer_left_lower_to_mid_reverse,1.6499816194101005,1.8052961635923481,0.9139672773285087,route/default: outer_left_lower_to_mid_reverse,,,,,camera_sign_speed_limit,False,False,0.28,0.28,green,,,34.82793455465702,211.1754803542952,-1.5448281395833408,34.43981224232908,213.51040901914973,-1.1639172979720578
76.50665386499986,127571000000,outer_left_lower_to_mid_reverse,1.6727848457772443,1.8052961635923481,0.9265985711998521,route/default: outer_left_lower_to_mid_reverse,,,,,camera_sign_speed_limit,False,False,0.28,0.28,green,green,green,34.85319714239971,212.14808998238863,-1.5448281395833408,34.431673034351505,214.4567445775416,-1.0346478802207826
76.61007554600019,127671000000,outer_left_lower_to_mid_reverse,1.6945239354453554,1.8052961635923481,0.9386404123705843,route/default: outer_left_lower_to_mid_reverse,,,,,camera_sign_speed_limit,False,False,0.28,0.28,green,green,green,34.87728082474116,213.075311752535,-1.5448281395833408,34.55098582750634,215.572946483512,-0.8736006346755646
76.80893116399966,127867000000,outer_left_lower_to_mid_reverse,1.7377139075679973,1.8052961635923481,0.9625644493201219,route/default: outer_left_lower_to_mid_reverse,,,,camera_sign_turn_right,camera_sign_speed_limit,False,False,0.28,0.28,green,green,green,34.92512889864025,214.91746259764938,-1.364016129657512,35.081583541722296,217.1663650538116,-0.6388695569990801
76.90900193699963,127969000000,outer_left_lower_to_mid_reverse,1.76049118066372,1.8052961635923481,0.9751813670065798,route/default: outer_left_lower_to_mid_reverse,,,,camera_sign_turn_right,camera_sign_speed_limit,False,False,0.28,0.28,green,green,green,34.950362734013154,215.88896525950662,-1.0159311725269575,35.563237182522585,217.97670072772206,-0.5166382689923292
77.0096396910003,128070000000,outer_left_lower_to_mid_reverse,1.7831269464605757,1.8052961635923481,0.9877199001588426,route/default: outer_left_lower_to_mid_reverse,,,,camera_sign_turn_right,camera_sign_speed_limit,False,False,0.28,0.28,green,green,green,34.97543980031769,216.85443231223087,-0.7658741952645316,36.173039154594434,218.7112528640311,-0.40251499632626436
77.11285781799961,128171000000,outer_bottom_left_corner_reverse,0.001114797566033731,0.3709787607362388,0.003005017224763274,route/default: outer_bottom_left_corner_reverse,,,,camera_sign_turn_right,camera_sign_speed_limit,False,False,0.28,0.28,green,green,green,35.047564696150786,217.8,-0.5737489894409384,37.063614912098004,219.46294926307456,-0.2819370760725646
77.31078061500011,128368000000,outer_bottom_left_corner_reverse,0.0477118989957699,0.3709787607362388,0.12861086413971945,route/default: outer_bottom_left_corner_reverse,,,,,camera_sign_speed_limit,False,False,0.28,0.28,green,green,green,36.73235593126985,218.53235593126982,-0.4135813329640988,38.67388028993486,220.30154187846722,-0.13717902291710843
77.41097211499982,128469000000,outer_bottom_left_corner_reverse,0.07250250094044365,0.3709787607362388,0.19543571927556255,route/default: outer_bottom_left_corner_reverse,,,,,camera_sign_speed_limit,False,False,0.28,0.28,green,green,green,37.480285648380246,219.28028564838024,-0.1611008927899011,39.66636945355695,220.62222124152606,-0.07394299298080013
77.51170271499996,128571000000,outer_bottom_left_corner_reverse,0.09835450475961413,0.3709787607362388,0.26512165969938895,route/default: outer_bottom_left_corner_reverse,,,,,camera_sign_speed_limit,False,False,0.28,0.28,green,green,green,38.36803174499734,219.8,0.0,40.71168112281076,220.84665137611887,-0.022570104292479493
77.71281690900014,128770000000,outer_bottom_left_corner_reverse,0.15021236058930393,0.3709787607362388,0.404908249440466,route/default: outer_bottom_left_corner_reverse,,,,,camera_sign_speed_limit,False,False,0.28,0.28,green,green,green,40.58063359373078,219.8,0.0,42.91546643755984,221.04918150951647,0.047717873073053314
77.81418928499988,128872000000,outer_bottom_left_corner_reverse,0.1776526158232697,0.3709787607362388,0.4788754360780736,route/default: outer_bottom_left_corner_reverse,,,,,camera_sign_speed_limit,False,False,0.28,0.28,green,green,green,41.75141781704666,219.8,0.0,44.284599017827375,221.05244549748596,0.07328143891350984
77.91438316600033,128972000000,outer_bottom_left_corner_reverse,0.20474478412599728,0.3709787607362388,0.5519043292927711,route/default: outer_bottom_left_corner_reverse,,,,,camera_sign_speed_limit,False,False,0.28,0.28,green,green,green,42.90735033129636,219.8,0.0,45.20921530093075,221.01895594253938,0.08517464623307351
78.11584734099961,129171000000,outer_bottom_left_corner_reverse,0.2598646946861425,0.3709787607362388,0.700484022779145,route/default: outer_bottom_left_corner_reverse,,,,,camera_sign_speed_limit,False,False,0.28,0.28,green,green,green,45.25913318186255,219.8,0.0,47.55316942354058,220.84541301272043,0.0991289574622055
78.21599686300033,129274000000,outer_bottom_left_corner_reverse,0.28857168998450405,0.3709787607362388,0.7778657986020792,route/default: outer_bottom_left_corner_reverse,,,,,camera_sign_speed_limit,False,False,0.28,0.28,green,green,green,46.48396498125932,219.8,0.0,48.97218694336934,220.69957423694427,0.09756503684147744
78.31589954999981,129375000000,outer_bottom_left_corner_reverse,0.3165373515409936,0.3709787607362388,0.8532492558679057,route/default: outer_bottom_left_corner_reverse,,,,,camera_sign_speed_limit,False,False,0.28,0.28,green,green,green,47.677166541002876,219.8,0.0,50.14871418607507,220.57134169461978,0.09308245581323235
78.41684468399944,129476000000,outer_bottom_left_corner_reverse,0.34443264343709395,0.3709787607362388,0.9284430266399568,route/default: outer_bottom_left_corner_reverse,,,,,camera_sign_speed_limit,False,False,0.28,0.28,green,green,green,48.86736566190315,219.8,0.0,51.31993965735603,220.4420583180884,0.08617756566984015
78.51755865199993,129574000000,outer_bottom_left_mid_to_bottom_left_reverse,0.00043567870099712677,0.796875,0.0005467340561532572,route/default: outer_bottom_left_mid_to_bottom_left_reverse,,,,,camera_sign_speed_limit,False,False,0.28,0.28,green,green,green,50.018588957909216,219.8,0.0,52.487710046765145,220.31679775892587,0.0776270634432102
78.71992961999968,129773000000,outer_bottom_left_mid_to_bottom_left_reverse,0.05511840955406672,0.796875,0.06916820022471118,route/default: outer_bottom_left_mid_to_bottom_left_reverse,,,,,camera_sign_speed_limit,False,False,0.28,0.28,green,green,green,52.35171880764018,219.8,0.0,54.82165293989941,220.0913695622209,0.0582355784948363
78.81832993900025,129875000000,outer_bottom_left_mid_to_bottom_left_reverse,0.08309867563127515,0.796875,0.10428069098826687,route/default: outer_bottom_left_mid_to_bottom_left_reverse,,,,,camera_sign_speed_limit,False,False,0.28,0.28,green,green,green,53.54554349360107,219.8,0.0,55.988397823801165,219.99567590188707,0.0485180274955726
78.91859059099988,129975000000,outer_bottom_left_mid_to_bottom_left_reverse,0.11058406914719796,0.796875,0.13877216520432684,route/default: outer_bottom_left_mid_to_bottom_left_reverse,,,,,camera_sign_speed_limit,False,False,0.28,0.28,green,green,green,54.71825361694711,219.8,0.0,57.15681960083036,219.91177493107688,0.03887238226954188
79.01964813900031,130076000000,outer_bottom_left_mid_to_bottom_left_reverse,0.1384243590445215,0.796875,0.17370899958528188,route/default: outer_bottom_left_mid_to_bottom_left_reverse,,,,,camera_sign_speed_limit,False,False,0.28,0.28,green,green,green,55.906105985899586,219.8,0.0,58.32816074061455,219.84079600553264,0.02980291476193378
79.21949715400024,130276000000,outer_bottom_left_mid_to_bottom_left_reverse,0.19352200373228448,0.796875,0.24285114193855306,route/default: outer_bottom_left_mid_to_bottom_left_reverse,,,,,camera_sign_speed_limit,False,False,0.28,0.28,green,green,green,58.25693882591081,219.8,0.0,60.67933583103944,219.73673021525985,0.01424581992883456
79.420158463,130473000000,outer_bottom_left_mid_to_bottom_left_reverse,0.24803132404055037,0.796875,0.31125499487441616,route/default: outer_bottom_left_mid_to_bottom_left_reverse,,,,,camera_sign_speed_limit,False,False,0.28,0.28,green,green,green,60.58266982573015,219.8,0.0,63.040443386243524,219.67854657758875,0.0028676459477952167
79.52077167199968,130574000000,outer_bottom_left_mid_to_bottom_left_reverse,0.27605100236351066,0.796875,0.3464169441424447,route/default: outer_bottom_left_mid_to_bottom_left_reverse,,,,,camera_sign_speed_limit,False,False,0.28,0.28,green,green,green,61.77817610084311,219.8,0.0,64.2245065239905,219.6631842950855,-0.001351253057714047
79.62140066499978,130678000000,outer_bottom_left_mid_to_bottom_left_reverse,0.3049507128899904,0.796875,0.3826832475482233,route/default: outer_bottom_left_mid_to_bottom_left_reverse,,,,,camera_sign_speed_limit,False,False,0.28,0.28,green,green,green,63.01123041663959,219.8,0.0,65.41059939306064,219.65556471449412,-0.00461327271827812
79.72168059900014,130778000000,outer_bottom_left_mid_to_bottom_left_reverse,0.3327815524643791,0.796875,0.4176082227003973,route/default: outer_bottom_left_mid_to_bottom_left_reverse,,,,,camera_sign_speed_limit,False,False,0.28,0.28,green,green,green,64.1986795718135,219.8,0.0,66.59855785516598,219.65435231523855,-0.006985863758128921
79.82754448299966,130880000000,outer_bottom_left_mid_to_bottom_left_reverse,0.3612041178114532,0.796875,0.45327575568496087,route/default: outer_bottom_left_mid_to_bottom_left_reverse,,,,,camera_sign_speed_limit,False,False,0.28,0.28,green,green,green,65.41137569328868,219.8,0.0,67.78809159433999,219.6581926408595,-0.008569916088940652
80.03002653200019,131081000000,outer_bottom_left_mid_to_bottom_left_reverse,0.4173330592495252,0.796875,0.5237120743523453,route/default: outer_bottom_left_mid_to_bottom_left_reverse,,,,,camera_sign_speed_limit,False,False,0.28,0.28,yellow,green,green,67.80621052797974,219.8,0.0,70.17071599797754,219.67309021561135,-0.011001963003881423
80.22303867099981,131276000000,outer_bottom_left_mid_to_bottom_left_reverse,0.4583557004288509,0.796875,0.5751914672048325,route/default: outer_bottom_left_mid_to_bottom_left_reverse,,,,,camera_sign_speed_limit,False,False,0.14,0.28,yellow,yellow,yellow,69.5565098849643,219.8,0.0,72.14109230250548,219.69436807894664,-0.010996803855058671
80.32921317699947,131379000000,outer_bottom_left_mid_to_bottom_left_reverse,0.4727756442914419,0.796875,0.5932870830323977,route/default: outer_bottom_left_mid_to_bottom_left_reverse,,,,,camera_sign_speed_limit,False,False,0.14,0.28,yellow,yellow,yellow,70.17176082310152,219.8,0.0,72.73760943633965,219.70190595003362,-0.010682530880535949
80.42427834799946,131479000000,outer_bottom_left_mid_to_bottom_left_reverse,0.48677176808021544,0.796875,0.6108508462183095,route/default: outer_bottom_left_mid_to_bottom_left_reverse,,,,,camera_sign_speed_limit,False,False,0.14,0.28,yellow,yellow,yellow,70.76892877142254,219.8,0.0,73.33398357592071,219.7095780634512,-0.010264712609080837
80.5306696890002,131579000000,outer_bottom_left_mid_to_bottom_left_reverse,0.5007650586036985,0.796875,0.6284110539340529,route/default: outer_bottom_left_mid_to_bottom_left_reverse,,,,,camera_sign_speed_limit,False,False,0.14,0.28,yellow,yellow,yellow,71.3659758337578,219.8,0.0,73.9302409491215,219.71726464177937,-0.009761188285114498
80.63062499599982,131680000000,outer_bottom_left_mid_to_bottom_left_reverse,0.5148962097411166,0.796875,0.6461442632045384,route/default: outer_bottom_left_mid_to_bottom_left_reverse,,,,,camera_sign_speed_limit,False,False,0.14,0.28,yellow,yellow,yellow,71.9689049489543,219.8,0.0,74.52641794035242,219.7248357074787,-0.009197596097681497
80.82640043799984,131879000000,outer_bottom_left_mid_to_bottom_left_reverse,0.5427412434478811,0.796875,0.6810870506012625,route/default: outer_bottom_left_mid_to_bottom_left_reverse,,,,,camera_sign_speed_limit,False,False,0.14,0.28,yellow,yellow,yellow,73.15695972044293,219.8,0.0,75.71858682183017,219.7392195174411,-0.007988556501849587
80.92667431599966,131980000000,outer_bottom_left_mid_to_bottom_left_reverse,0.5568620726502659,0.796875,0.6988073068552356,route/default: outer_bottom_left_mid_to_bottom_left_reverse,,,,,camera_sign_speed_limit,False,False,0.14,0.28,yellow,yellow,yellow,73.759448433078,219.8,0.0,76.31464369706887,219.74553364324248,-0.0074048820840734745
81.12679118300002,132181000000,outer_bottom_left_mid_to_bottom_left_reverse,0.5849863744485538,0.796875,0.734100548327597,route/default: outer_bottom_left_mid_to_bottom_left_reverse,,,,camera_sign_speed_limit,camera_sign_speed_limit,False,False,0.14,0.28,red,red,red,74.95941864313829,219.8,0.0,77.50732999453874,219.757493089508,-0.006085299962961923
81.23187430899998,132281000000,outer_bottom_left_mid_to_bottom_left_reverse,0.598986484911272,0.796875,0.7516693143984591,route/default: outer_bottom_left_mid_to_bottom_left_reverse,,,,camera_sign_speed_limit,camera_sign_speed_limit,False,False,0.14,0.28,red,red,red,75.5567566895476,219.8,0.0,78.10348341455037,219.7626776936043,-0.005521569273411704
81.32747143899996,132381000000,outer_bottom_left_mid_to_bottom_left_reverse,0.6129673964315528,0.796875,0.7692139876788114,route/default: outer_bottom_left_mid_to_bottom_left_reverse,,,,camera_sign_speed_limit,camera_sign_speed_limit,False,False,0.14,0.28,red,red,red,76.15327558107958,219.8,0.0,78.69948383313059,219.76716123356647,-0.005047821142461185
81.42814652099969,132481000000,outer_bottom_left_mid_to_bottom_left_reverse,0.6269510567900501,0.796875,0.7867621104816316,route/default: outer_bottom_left_mid_to_bottom_left_reverse,,,,camera_sign_speed_limit,camera_sign_speed_limit,False,False,0.14,0.28,red,red,red,76.74991175637547,219.8,0.0,79.29541290852893,219.7715299803205,-0.004582234113194024
81.62985998800013,132680000000,outer_bottom_left_mid_to_bottom_left_reverse,0.6547835628666266,0.796875,0.8216891769306688,route/default: outer_bottom_left_mid_to_bottom_left_reverse,,,,camera_sign_speed_limit,camera_sign_speed_limit,False,False,0.14,0.28,red,red,red,77.93743201564274,219.8,0.0,80.48744178985427,219.7792973079175,-0.0037043322681554196
81.73013832499964,132781000000,outer_bottom_left_mid_to_bottom_left_reverse,0.6689083478238047,0.796875,0.8394143972690883,route/default: outer_bottom_left_mid_to_bottom_left_reverse,,,,camera_sign_speed_limit,camera_sign_speed_limit,False,False,0.14,0.28,red,red,red,78.54008950714899,219.8,0.0,81.08353125977024,219.78268376774696,-0.0033015768350823467
81.83086259399988,132884000000,outer_bottom_left_mid_to_bottom_left_reverse,0.6833303530903038,0.796875,0.8575125999564597,route/default: outer_bottom_left_mid_to_bottom_left_reverse,,,,camera_sign_speed_limit,camera_sign_speed_limit,False,False,0.14,0.28,red,red,red,79.15542839851963,219.8,0.0,81.67956681262393,219.7855555831316,-0.002969640056837482
82.03218791800009,133085000000,outer_bottom_left_mid_to_bottom_left_reverse,0.7114500681397361,0.796875,0.8928000855086884,route/default: outer_bottom_left_mid_to_bottom_left_reverse,,,,camera_sign_speed_limit,camera_sign_speed_limit,False,False,0.14,0.28,red,red,red,80.35520290729542,219.8,0.0,82.87224181937921,219.79083122458565,-0.002276054493192266
82.13426992199948,133187000000,outer_bottom_left_mid_to_bottom_left_reverse,0.7257197012311433,0.796875,0.910707076054768,route/default: outer_bottom_left_mid_to_bottom_left_reverse,,,,camera_sign_speed_limit,camera_sign_speed_limit,False,False,0.14,0.28,red,red,red,80.96404058586211,219.8,0.0,83.46898490265309,219.79307145396643,-0.0019239699436084763
82.33471014599945,133387000000,outer_bottom_left_mid_to_bottom_left_reverse,0.7536779509088856,0.796875,0.9457919383954643,route/default: outer_bottom_left_mid_to_bottom_left_reverse,,,,camera_sign_speed_limit,camera_sign_speed_limit,False,False,0.14,0.28,red,red,red,82.15692590544577,219.8,0.0,84.66262813517852,219.7964793912298,-0.0013573259218474622
82.4402871100001,133490000000,outer_bottom_left_mid_to_bottom_left_reverse,0.7680525039151682,0.796875,0.9638305931484464,route/default: outer_bottom_left_mid_to_bottom_left_reverse,,,,camera_sign_speed_limit,camera_sign_speed_limit,False,False,0.14,0.28,red,red,red,82.77024016704718,219.8,0.0,85.37888627260395,219.79797879358364,-0.0010879962374385533
82.63704141800008,133687000000,outer_bottom_left_mid_to_bottom_left_reverse,0.7956236945637005,0.796875,0.9984297343544477,route/default: outer_bottom_left_mid_to_bottom_left_reverse,,,,camera_sign_speed_limit,camera_sign_speed_limit,False,False,0.14,0.28,red,red,red,83.94661096805123,219.8,0.0,86.45310778881418,219.79993653348913,-0.000766969336200204
82.7382245079998,133786000000,outer_bottom_mid_to_bottom_left_mid_reverse,0.01259287563843885,0.984375,0.012792762553334705,route/default: outer_bottom_mid_to_bottom_left_mid_reverse,,,,camera_sign_speed_limit,camera_sign_speed_limit,False,False,0.14,0.28,red,red,red,84.53729602724005,219.8,0.0,87.04942893438596,219.8004879522117,-0.0006816278792123239
82.83781315299984,133887000000,outer_bottom_mid_to_bottom_left_mid_reverse,0.026695924357948965,0.984375,0.02711966918902752,route/default: outer_bottom_mid_to_bottom_left_mid_reverse,,,,camera_sign_speed_limit,camera_sign_speed_limit,False,False,0.14,0.28,red,red,red,85.13902610593917,219.8,0.0,87.64573378404816,219.8009929507582,-0.0006218140037936691
82.93836700999964,133987000000,outer_bottom_mid_to_bottom_left_mid_reverse,0.04057088714514363,0.984375,0.04121486948078083,route/default: outer_bottom_mid_to_bottom_left_mid_reverse,,,,camera_sign_speed_limit,camera_sign_speed_limit,False,False,0.14,0.28,red,red,red,85.7310245181928,219.8,0.0,88.24196207145297,219.80141128533535,-0.000585920213118103
83.0396859020002,134091000000,outer_bottom_mid_to_bottom_left_mid_reverse,0.05501930818425732,0.984375,0.05589263053638839,route/default: outer_bottom_mid_to_bottom_left_mid_reverse,,,,camera_sign_speed_limit,camera_sign_speed_limit,False,False,0.14,0.28,red,red,red,86.34749048252831,219.8,0.0,88.8383326338672,219.8017500999258,-0.0005610372649230432
83.24948042300002,134290000000,outer_bottom_mid_to_bottom_left_mid_reverse,0.0828687744470108,0.984375,0.08418415181918557,route/default: outer_bottom_mid_to_bottom_left_mid_reverse,,,,camera_sign_speed_limit,camera_sign_speed_limit,False,False,0.14,0.28,red,red,red,87.5357343764058,219.8,0.0,90.15137742990535,219.80259971094551,-0.00035217987023910944
83.34142573200006,134393000000,outer_bottom_mid_to_bottom_left_mid_reverse,0.0972915187074231,0.984375,0.09883582852817585,route/default: outer_bottom_mid_to_bottom_left_mid_reverse,,,,camera_sign_speed_limit,camera_sign_speed_limit,False,False,0.14,0.28,red,red,red,88.15110479818338,219.8,0.0,90.74833285621831,219.80288681749636,-0.000248022365551255
83.54344040999968,134591000000,outer_bottom_mid_to_bottom_left_mid_reverse,0.12498441373868949,0.984375,0.12696829332184328,route/default: outer_bottom_mid_to_bottom_left_mid_reverse,,,,camera_sign_speed_limit,camera_sign_speed_limit,False,False,0.0,0.28,red,red,red,89.33266831951741,219.8,0.0,91.822545461271,219.8031837017765,-0.00011732370181595496
83.6531882319996,134691000000,outer_bottom_mid_to_bottom_left_mid_reverse,0.12498470139106718,0.984375,0.12696858554013174,route/default: outer_bottom_mid_to_bottom_left_mid_reverse,,,,camera_sign_speed_limit,camera_sign_speed_limit,False,False,0.0,0.28,red,red,red,89.33268059268553,219.8,0.0,92.12478303527317,219.80236558745634,-0.00030331810718336007
83.74372321699957,134794000000,outer_bottom_mid_to_bottom_left_mid_reverse,0.12498485366616985,0.984375,0.12696874023229954,route/default: outer_bottom_mid_to_bottom_left_mid_reverse,,,,camera_sign_speed_limit,camera_sign_speed_limit,False,False,0.0,0.28,red,red,red,89.33268708975658,219.8,0.0,92.12478244084684,219.80237411807457,-0.00030472007445305215
83.94421595099993,134994000000,outer_bottom_mid_to_bottom_left_mid_reverse,0.1249850570395167,0.984375,0.12696894683379475,route/default: outer_bottom_mid_to_bottom_left_mid_reverse,,,,camera_sign_speed_limit,camera_sign_speed_limit,False,False,0.0,0.28,red,red,red,89.33269576701937,219.8,0.0,92.12478176707064,219.802383656012,-0.0003062875889188721
84.0534564239997,135095000000,outer_bottom_mid_to_bottom_left_mid_reverse,0.12498513247906709,0.984375,0.1269690234707983,route/default: outer_bottom_mid_to_bottom_left_mid_reverse,,,,camera_sign_speed_limit,camera_sign_speed_limit,False,False,0.0,0.28,red,red,red,89.33269898577353,219.8,0.0,92.12478152068553,219.80238713528786,-0.0003068593915852494
84.25375565800005,135294000000,outer_bottom_mid_to_bottom_left_mid_reverse,0.12498524691198308,0.984375,0.12696913972010979,route/default: outer_bottom_mid_to_bottom_left_mid_reverse,,,,camera_sign_speed_limit,camera_sign_speed_limit,False,False,0.0,0.28,red,red,red,89.33270386824461,219.8,0.0,92.12478114169863,219.8023924862929,-0.00030773880391919754
84.446533843,135496000000,outer_bottom_mid_to_bottom_left_mid_reverse,0.1249853284231694,0.984375,0.12696922252512446,route/default: outer_bottom_mid_to_bottom_left_mid_reverse,,,,camera_sign_speed_limit,camera_sign_speed_limit,False,False,0.0,0.28,red,red,red,89.33270734605523,219.8,0.0,92.12478087531557,219.8023962467538,-0.0003083568171752611
84.54701929099974,135596000000,outer_bottom_mid_to_bottom_left_mid_reverse,0.12498535899309902,0.984375,0.12696925358029107,route/default: outer_bottom_mid_to_bottom_left_mid_reverse,,,,camera_sign_speed_limit,camera_sign_speed_limit,False,False,0.0,0.28,red,red,red,89.33270865037223,219.8,0.0,92.12478077379244,219.80239767901202,-0.00030859220116715146
84.74768601799951,135799000000,outer_bottom_mid_to_bottom_left_mid_reverse,0.12498542927974282,0.984375,0.1269693249825959,route/default: outer_bottom_mid_to_bottom_left_mid_reverse,,,,camera_sign_speed_limit,camera_sign_speed_limit,False,False,0.0,0.28,red,red,red,89.33271164926902,219.8,0.0,92.12478222396268,219.8023964290482,-0.00030822736271088856
84.95287479200033,135997000000,outer_bottom_mid_to_bottom_left_mid_reverse,0.12498998029932329,0.984375,0.1269739482405824,route/default: outer_bottom_mid_to_bottom_left_mid_reverse,,,,camera_sign_speed_limit,camera_sign_speed_limit,False,False,0.0,0.28,red,red,red,89.33290582610445,219.8,0.0,92.12481514467059,219.80236755089197,-0.00030707867201917156
85.04892336099965,136097000000,outer_bottom_mid_to_bottom_left_mid_reverse,0.12499489753227344,0.984375,0.1269789435248492,route/default: outer_bottom_mid_to_bottom_left_mid_reverse,,,,camera_sign_speed_limit,camera_sign_speed_limit,False,False,0.0,0.28,red,red,red,89.33311562804366,219.8,0.0,92.12488578870929,219.80231053651625,-0.0003023162404570237
85.14888523100035,136198000000,outer_bottom_mid_to_bottom_left_mid_reverse,0.12501171211959586,0.984375,0.1269960250103831,route/default: outer_bottom_mid_to_bottom_left_mid_reverse,,,,camera_sign_speed_limit,camera_sign_speed_limit,False,False,0.0,0.28,red,red,red,89.33383305043608,219.8,0.0,92.12496110704726,219.80226676172418,-0.00029882975827466937
85.34953176699946,136397000000,outer_bottom_mid_to_bottom_left_mid_reverse,0.1250261775815991,0.984375,0.12701072008289432,route/default: outer_bottom_mid_to_bottom_left_mid_reverse,,,,camera_sign_speed_limit,camera_sign_speed_limit,False,False,0.0,0.28,red,red,red,89.33445024348157,219.8,0.0,92.12512039563744,219.80217813036614,-0.0002921833373419852
85.45040548900033,136497000000,outer_bottom_mid_to_bottom_left_mid_reverse,0.12503732385637636,0.984375,0.12702204328266806,route/default: outer_bottom_mid_to_bottom_left_mid_reverse,,,,camera_sign_speed_limit,camera_sign_speed_limit,False,False,0.0,0.28,red,red,red,89.33492581787206,219.8,0.0,92.12520161943016,219.80213213618913,-0.0002899451047833877
85.55142379399967,136597000000,outer_bottom_mid_to_bottom_left_mid_reverse,0.1250432377705693,0.984375,0.12702805106851484,route/default: outer_bottom_mid_to_bottom_left_mid_reverse,,,,camera_sign_speed_limit,camera_sign_speed_limit,False,False,0.0,0.28,red,red,red,89.33517814487763,219.8,0.0,92.12527276761192,219.80207701806228,-0.00028527934432197847
85.65241267300007,136698000000,outer_bottom_mid_to_bottom_left_mid_reverse,0.12504984049935206,0.984375,0.12703475860251637,route/default: outer_bottom_mid_to_bottom_left_mid_reverse,,,,camera_sign_speed_limit,camera_sign_speed_limit,False,False,0.0,0.28,red,red,red,89.33545986130568,219.8,0.0,92.12534387594584,219.80203598747693,-0.00028308246040028445
85.75481740800024,136798000000,outer_bottom_mid_to_bottom_left_mid_reverse,0.12506310625371075,0.984375,0.12704823492440456,route/default: outer_bottom_mid_to_bottom_left_mid_reverse,,,,camera_sign_speed_limit,camera_sign_speed_limit,False,False,0.0,0.28,red,red,red,89.336025866825,219.8,0.0,92.12542293781897,219.8019888800357,-0.00027835686751464937
85.85377239599984,136900000000,outer_bottom_mid_to_bottom_left_mid_reverse,0.12507218340307646,0.984375,0.12705745615550626,route/default: outer_bottom_mid_to_bottom_left_mid_reverse,,,,camera_sign_speed_limit,camera_sign_speed_limit,False,False,0.0,0.28,red,red,red,89.33641315853126,219.8,0.0,92.12550490181258,219.80193374264866,-0.0002757418531527219
86.05515679499968,137105000000,outer_bottom_mid_to_bottom_left_mid_reverse,0.12508998492205417,0.984375,0.12707554023827725,route/default: outer_bottom_mid_to_bottom_left_mid_reverse,,,,camera_sign_speed_limit,camera_sign_speed_limit,False,False,0.0,0.28,red,red,red,89.33717269000763,219.8,0.0,92.12565128443686,219.80183896955594,-0.0002708582178275549
86.15535590400032,137205000000,outer_bottom_mid_to_bottom_left_mid_reverse,0.12510765896525647,0.984375,0.12709349482184784,route/default: outer_bottom_mid_to_bottom_left_mid_reverse,,,,camera_sign_speed_limit,camera_sign_speed_limit,False,False,0.0,0.28,red,red,red,89.3379267825176,219.8,0.0,92.1257295957873,219.8017897166435,-0.00026612615309067533
86.25578133900035,137307000000,outer_bottom_mid_to_bottom_left_mid_reverse,0.12511330493928002,0.984375,0.1270992304145067,route/default: outer_bottom_mid_to_bottom_left_mid_reverse,,,,camera_sign_speed_limit,camera_sign_speed_limit,False,False,0.0,0.28,red,red,red,89.33816767740927,219.8,0.0,92.12580935682827,219.80175406664057,-0.0002641564272688696
86.45594108600017,137485000000,outer_bottom_mid_to_bottom_left_mid_reverse,0.12512868322636936,0.984375,0.1271148528013911,route/default: outer_bottom_mid_to_bottom_left_mid_reverse,,,,camera_sign_speed_limit,camera_sign_speed_limit,False,False,0.0,0.28,red,red,red,89.33882381765844,219.8,0.0,92.12594675836058,219.80166373697324,-0.0002566181640654461
86.56095388599988,137596000000,outer_bottom_mid_to_bottom_left_mid_reverse,0.125137727023602,0.984375,0.12712404015096077,route/default: outer_bottom_mid_to_bottom_left_mid_reverse,,,,camera_sign_speed_limit,camera_sign_speed_limit,False,False,0.0,0.28,red,red,red,89.33920968634035,219.8,0.0,92.12603519722927,219.80161119629366,-0.0002540088724161571
86.66013278799983,137699000000,outer_bottom_mid_to_bottom_left_mid_reverse,0.1251407902749338,0.984375,0.12712715202532957,route/default: outer_bottom_mid_to_bottom_left_mid_reverse,,,,camera_sign_speed_limit,camera_sign_speed_limit,False,False,0.0,0.28,red,red,red,89.33934038506385,219.8,0.0,92.12611556089453,219.8015550339602,-0.00024953625784710447
86.75705472699974,137800000000,outer_bottom_mid_to_bottom_left_mid_reverse,0.1251453906292932,0.984375,0.12713182540118673,route/default: outer_bottom_mid_to_bottom_left_mid_reverse,,,,camera_sign_speed_limit,camera_sign_speed_limit,False,False,0.0,0.28,red,red,red,89.33953666684985,219.8,0.0,92.1261924175792,219.8015102186988,-0.0002478026086428395
86.85761032800019,137901000000,outer_bottom_mid_to_bottom_left_mid_reverse,0.1251503570718093,0.984375,0.12713687067612373,route/default: outer_bottom_mid_to_bottom_left_mid_reverse,,,,camera_sign_speed_limit,camera_sign_speed_limit,False,False,0.0,0.28,red,red,red,89.3397485683972,219.8,0.0,92.12626305545311,219.80145320508188,-0.000243040728991575
86.95742448500005,138001000000,outer_bottom_mid_to_bottom_left_mid_reverse,0.12516700545527304,0.984375,0.12715378331964244,route/default: outer_bottom_mid_to_bottom_left_mid_reverse,,,,camera_sign_speed_limit,camera_sign_speed_limit,False,False,0.0,0.28,red,red,red,89.34045889942499,219.8,0.0,92.12633836955521,219.8014094159252,-0.0002395540095394073
87.07952735700019,138105000000,outer_bottom_mid_to_bottom_left_mid_reverse,0.12517290532920888,0.984375,0.12715977684237093,route/default: outer_bottom_mid_to_bottom_left_mid_reverse,,,,camera_sign_speed_limit,camera_sign_speed_limit,False,False,0.0,0.28,red,red,red,89.34071062737958,219.8,0.0,92.12641846551443,219.80136891932176,-0.00023610355825153697
87.26124930100013,138301000000,outer_bottom_mid_to_bottom_left_mid_reverse,0.12520632612449425,0.984375,0.12719372812647037,route/default: outer_bottom_mid_to_bottom_left_mid_reverse,,,,camera_sign_speed_limit,camera_sign_speed_limit,False,False,0.0,0.28,red,red,red,89.34213658131176,219.8,0.0,92.12657886675333,219.8012747462492,-0.00023066801095438243
87.35982555600003,138401000000,outer_bottom_mid_to_bottom_left_mid_reverse,0.12521223983029475,0.984375,0.12719973570061688,route/default: outer_bottom_mid_to_bottom_left_mid_reverse,,,,camera_sign_speed_limit,camera_sign_speed_limit,False,False,0.0,0.28,red,red,red,89.34238889942591,219.8,0.0,92.12665000766057,219.80121961342059,-0.00022600165805540057
87.46278042799986,138501000000,outer_bottom_mid_to_bottom_left_mid_reverse,0.1252187758298951,0.984375,0.12720637544624264,route/default: outer_bottom_mid_to_bottom_left_mid_reverse,,,,camera_sign_speed_limit,camera_sign_speed_limit,False,False,0.0,0.28,red,red,red,89.34266776874219,219.8,0.0,92.1267211127254,219.80117856872766,-0.00022380461434938292
87.57150171299963,138603000000,outer_bottom_mid_to_bottom_left_mid_reverse,0.12522379146017554,0.984375,0.12721147068970212,route/default: outer_bottom_mid_to_bottom_left_mid_reverse,,,,camera_sign_speed_limit,camera_sign_speed_limit,False,False,0.0,0.28,red,red,red,89.34288176896749,219.8,0.0,92.12681393530548,219.80111019917513,-0.00021932840275953698
87.76154164699983,138801000000,outer_bottom_mid_to_bottom_left_mid_reverse,0.12523866541264264,0.984375,0.12722658073665286,route/default: outer_bottom_mid_to_bottom_left_mid_reverse,,,,camera_sign_speed_limit,camera_sign_speed_limit,False,False,0.0,0.28,red,red,red,89.34351639093941,219.8,0.0,92.12695824982299,219.8010278385392,-0.00021331330184905424
87.86200855100014,138902000000,outer_bottom_mid_to_bottom_left_mid_reverse,0.12524977698802556,0.984375,0.12723786868624817,route/default: outer_bottom_mid_to_bottom_left_mid_reverse,,,,camera_sign_speed_limit,camera_sign_speed_limit,False,False,0.0,0.28,red,red,red,89.34399048482243,219.8,0.0,92.12702849848546,219.80098149141014,-0.00021157848268132278
