t_wall,stamp_ns,segment,distance_on_segment_m,segment_length_m,segment_progress,parking_route,terminal_stop,stopped_at_terminal,decision,pending_maneuver,pending_source,visible_instruction,applied_instruction,x,y,yaw,yaw_jump,map_x,map_y,command_yaw,command_map_x,command_map_y,actual_yaw,actual_yaw_jump,actual_map_x,actual_map_y,effective_speed_mps,active_speed_mps
0.12389742699997441,38567000000,outer_left_upper_to_top_reverse,0.6133916324087858,0.9143629313967732,0.6708404413024202,False,False,False,route/default: outer_left_upper_to_top_reverse,,,camera_sign_speed_limit,,-2.2422853228430255,1.1914974091220065,-1.5964317353165756,0.0,32.32915955869758,89.9627772107944,-1.5964317353165756,32.32925066846808,89.95922392974546,-1.8142985999508976,0.0,27.080159897910946,90.37866666589622,0.28,0.28
0.1627904969991505,38671000000,outer_left_upper_to_top_reverse,0.6134730136544612,0.9143629313967732,0.6709294445230024,False,False,False,route/default: outer_left_upper_to_top_reverse,,,camera_sign_speed_limit,,-2.242287408856008,1.191416054615693,-1.5964317353165756,0.0,32.329070555477,89.96624833639709,-1.5964317353165756,32.32915955869758,89.9627772107944,-1.8143971336036233,-9.853365272571857e-05,27.079541291865368,90.38198601008756,0.28,0.28
0.3637981199990463,38870000000,outer_left_upper_to_top_reverse,0.6136119681672627,0.9143629313967732,0.6710814131866809,False,False,False,route/default: outer_left_upper_to_top_reverse,,,camera_sign_speed_limit,,-2.242290970621563,1.1912771457590496,-1.5964317353165756,0.0,32.328918586813316,89.97217511428056,-1.5964317353165756,32.32899160223049,89.96932751301071,-1.8145762909439829,-0.00017915734035955921,27.07841687533606,90.3879385827208,0.28,0.28
0.4638649339995027,38971000000,outer_left_upper_to_top_reverse,0.6136727555044328,0.9143629313967732,0.6711478937220163,False,False,False,route/default: outer_left_upper_to_top_reverse,,,camera_sign_speed_limit,,-2.24229252875911,1.1912163783947194,-1.5964317353165756,0.0,32.32885210627798,89.97476785515863,-1.5964317353165756,32.328918586813316,89.97217511428056,-1.8146552655845245,-7.897464054162917e-05,27.077921201245104,90.39053018942545,0.28,0.28
0.6663528919998498,39176000000,outer_left_upper_to_top_reverse,0.6137788836508952,0.9143629313967732,0.6712639615795576,False,False,False,route/default: outer_left_upper_to_top_reverse,,,camera_sign_speed_limit,,-2.242295249099521,1.1911102851186857,-1.5964317353165756,0.0,32.328736038420445,89.97929450160274,-1.5964317353165756,32.32879346225968,89.97705497187272,-1.814794097167622,-0.00013883158309746513,27.07705113060615,90.39495454540113,0.28,0.28
0.8674041779995605,39373000000,outer_left_upper_to_top_reverse,0.6138653688336265,0.9143629313967732,0.6713585467598636,False,False,False,route/default: outer_left_upper_to_top_reverse,,,camera_sign_speed_limit,,-2.2422974659396844,1.191023828352312,-1.5964317353165756,0.0,32.32864145324014,89.9829833236347,-1.5964317353165756,32.32868720856386,89.9811988660091,-1.8149157434844572,-0.0001216463168352,27.07629028421428,90.39867224097284,0.28,0.28
0.9680055339995306,39474000000,outer_left_upper_to_top_reverse,0.6139023659407551,0.9143629313967732,0.6713990089285039,False,False,False,route/default: outer_left_upper_to_top_reverse,,,camera_sign_speed_limit,,-2.2422984142717617,1.1909868434012894,-1.5964317353165756,0.0,32.3286009910715,89.98456134821166,-1.5964317353165756,32.32864145324014,89.9829833236347,-1.8149690135123524,-5.327002789523583e-05,27.075957256640848,90.40025613291499,0.28,0.28
1.070395759999883,39576000000,outer_left_upper_to_top_reverse,0.6139342818214644,0.9143629313967732,0.6714339139750816,False,False,False,route/default: outer_left_upper_to_top_reverse,,,camera_sign_speed_limit,,-2.242299232358791,1.190954938007152,-1.5964317353165756,0.0,32.32856608602492,89.98592264502818,-1.5964317353165756,32.3286009910715,89.98456134821166,-1.815016244070147,-4.7230557794541994e-05,27.075662348289697,90.40161594144644,0.28,0.28
1.2696172390005813,39777000000,outer_left_upper_to_top_reverse,0.6139864579979432,0.9143629313967732,0.6714909768487909,False,False,False,route/default: outer_left_upper_to_top_reverse,,,camera_sign_speed_limit,,-2.2423005697698937,1.1909027789741522,-1.59643173531657,5.551115123125783e-15,32.3285090231512,89.98814809710285,-1.5964317353165756,32.32853660791265,89.98707229140697,-1.815097840428232,-8.159635808513423e-05,27.075154908989575,90.40380506885796,0.28,0.28
1.47072486199977,39975000000,outer_left_upper_to_top_reverse,0.614027961620952,0.9143629313967732,0.6715363676029255,False,False,False,route/default: outer_left_upper_to_top_reverse,,,camera_sign_speed_limit,,-2.2423016336156936,1.1908612889879509,-1.5964317353165756,-5.551115123125783e-15,32.328463632397074,89.98991833651411,-1.5964317353165756,32.32848456291997,89.98910204612153,-1.8151690876764688,-7.124724823670547e-05,27.074713550064814,90.40557490737018,0.28,0.28
1.5710560900006385,40075000000,outer_left_upper_to_top_reverse,0.6140431326930851,0.9143629313967732,0.671552959561777,False,False,False,route/default: outer_left_upper_to_top_reverse,,,camera_sign_speed_limit,,-2.242302022489729,1.1908461229005631,-1.5964317353165756,0.0,32.32844704043822,89.9905654229093,-1.5964317353165756,32.328463632397074,89.98991833651411,-1.8151986825861002,-2.9594909631391886e-05,27.07453105029289,90.40624676298853,0.28,0.28
1.6716200949995255,40175000000,outer_left_upper_to_top_reverse,0.614473498333528,0.9143629313967732,0.6720236322297793,False,False,False,route/default: outer_left_upper_to_top_reverse,,,camera_sign_speed_limit,,-2.2423130538803853,1.1904158986649673,-1.5964317353165756,0.0,32.32797636777023,90.0089216569614,-1.5964317353165756,32.32844704043822,89.9905654229093,-1.8152034567525714,-4.774166471266383e-06,27.074305459963412,90.40689075983084,0.28,0.28
1.7717912110001635,40278000000,outer_left_upper_to_top_reverse,0.6155033394804563,0.9143629313967732,0.6731499258617347,False,False,False,route/default: outer_left_upper_to_top_reverse,,,camera_sign_speed_limit,,-2.242339451387384,1.1893863958920081,-1.5964317353165756,0.0,32.32685007413828,90.05284710860766,-1.5964317353165756,32.32797636777023,90.0089216569614,-1.8109249201985627,0.004278536554008783,27.056406259218804,90.42583375098849,0.28,0.28
1.8719446220002283,40379000000,outer_left_upper_to_top_reverse,0.6175597207539039,0.9143629313967732,0.6753989029394759,False,False,False,route/default: outer_left_upper_to_top_reverse,,,camera_sign_speed_limit,,-2.242392161787644,1.1873306902818852,-1.5964317353165756,0.0,32.32460109706052,90.14055721463956,-1.5964317353165756,32.32685007413828,90.05284710860766,-1.7957195995851314,0.015205320613431272,26.992159825582107,90.4890301109103,0.28,0.28
1.9722729129989602,40479000000,outer_left_upper_to_top_reverse,0.6195325782905525,0.9143629313967732,0.6775565336448621,False,False,False,route/default: outer_left_upper_to_top_reverse,,,camera_sign_speed_limit,,-2.2424427312573014,1.185358480965243,-1.5964317353165756,0.0,32.32244346635514,90.22470481214964,-1.5964317353165756,32.32460109706052,90.14055721463956,-1.776559717037895,0.01915988254723633,26.910425091200025,90.57869801662278,0.28,0.28
2.179471512999953,40681000000,outer_left_upper_to_top_reverse,0.6221143869705308,0.9143629313967732,0.6803801484167715,False,False,False,route/default: outer_left_upper_to_top_reverse,,,camera_sign_speed_limit,,-2.2425089097285182,1.1827775205877948,-1.59643173531657,5.551115123125783e-15,32.31961985158323,90.33482578825408,-1.5964317353165756,32.3210737424547,90.27812404426678,-1.7766168384058136,-5.71213679185778e-05,26.884132399075284,90.70181247764748,0.28,0.28
2.3749817610005266,40879000000,outer_left_upper_to_top_reverse,0.6243931423571887,0.9143629313967732,0.6828723266409881,False,False,False,route/default: outer_left_upper_to_top_reverse,,,,,-2.242567320155648,1.1804995139297219,-1.5964317353165756,-5.551115123125783e-15,32.317127673359025,90.43202073899855,-1.5964317353165756,32.318371872964505,90.38349695438481,-1.7786109793693878,-0.001994140963574198,26.871667165910537,90.79046942665545,0.28,0.28
2.475660030000654,40981000000,outer_left_upper_to_top_reverse,0.6254723136052399,0.9143629313967732,0.6840525705146135,False,False,False,route/default: outer_left_upper_to_top_reverse,,,,,-2.242594982121436,1.179420697263986,-1.5964317353165756,0.0,32.31594742948539,90.47805025006994,-1.5964317353165756,32.317127673359025,90.43202073899855,-1.7798544021691047,-0.0012434227997168978,26.86389164137499,90.84526636392008,0.28,0.28
2.5765156380002736,41082000000,outer_left_upper_to_top_reverse,0.6264507103948745,0.9143629313967732,0.685122601632498,False,False,False,route/default: outer_left_upper_to_top_reverse,,,,,-2.242620060975762,1.1784426219452948,-1.59643173531657,5.551115123125783e-15,32.3148773983675,90.51978146366741,-1.5964317353165756,32.31594742948539,90.47805025006994,-1.7808060742596639,-0.0009516720905591304,26.85793871238677,90.88696136854355,0.28,0.28
2.677223986000172,41183000000,outer_left_upper_to_top_reverse,0.6273662207757411,0.9143629313967732,0.6861238565493701,False,False,False,route/default: outer_left_upper_to_top_reverse,,,,,-2.242643527887876,1.1775274123728412,-1.5964317353165756,-5.551115123125783e-15,32.31387614345063,90.55883040542545,-1.59643173531657,32.3148773983675,90.51978146366741,-1.7816966020209999,-0.0008905277613360241,26.85236677773362,90.92579632830069,0.28,0.28
2.7809525249995204,41285000000,outer_left_upper_to_top_reverse,0.6282318220531045,0.9143629313967732,0.687070527994199,False,False,False,route/default: outer_left_upper_to_top_reverse,,,,,-2.242665715499864,1.1766620955053027,-1.5964317353165756,0.0,32.312929472005806,90.59575059177376,-1.5964317353165756,32.31387614345063,90.55883040542545,-1.7825340084199275,-0.0008374063989275982,26.84712620846473,90.9621394427289,0.28,0.28
2.978447180999865,41482000000,outer_left_upper_to_top_reverse,0.6297493865504503,0.9143629313967732,0.6887302239915286,False,False,False,route/default: outer_left_upper_to_top_reverse,,,,,-2.2427046146248015,1.1751450296327435,-1.5964317353165756,0.0,32.31126977600847,90.66047873566961,-1.5964317353165756,32.31207663575073,90.62901120572175,-1.7840649118582796,-0.00153090343835216,26.83754396276025,91.028075305886,0.28,0.28
3.078974078000101,41582000000,outer_left_upper_to_top_reverse,0.6304469693911878,0.9143629313967732,0.6894931407905199,False,False,False,route/default: outer_left_upper_to_top_reverse,,,,,-2.242722495487278,1.1744476759961655,-1.59643173531657,5.551115123125783e-15,32.31050685920947,90.69023249083028,-1.5964317353165756,32.31126977600847,90.66047873566961,-1.7847629544388055,-0.0006980425805258594,26.83317372850138,91.05793424308973,0.28,0.28
3.1795256299992616,41684000000,outer_left_upper_to_top_reverse,0.6311120705007994,0.9143629313967732,0.6902205336963058,False,False,False,route/default: outer_left_upper_to_top_reverse,,,,,-2.2427395437585074,1.1737827934182206,-1.59643173531657,0.0,32.30977946630368,90.71860081415593,-1.59643173531657,32.31050685920947,90.69023249083028,-1.7854182095882873,-0.000655255149481837,26.829070495647287,91.08586390380702,0.28,0.28
3.280261198999142,41784000000,outer_left_upper_to_top_reverse,0.6317215315718975,0.9143629313967732,0.6908870754492256,False,False,False,route/default: outer_left_upper_to_top_reverse,,,,,-2.2427551658308413,1.1731735325971924,-1.59643173531657,0.0,32.309112924550774,90.7445959425198,-1.59643173531657,32.30977946630368,90.71860081415593,-1.7860328590963137,-0.0006146495080263659,26.825220912511554,91.1119688190146,0.28,0.28
3.4810965599990595,41986000000,outer_left_upper_to_top_reverse,0.6328346060956855,0.9143629313967732,0.6921043978991719,False,False,False,route/default: outer_left_upper_to_top_reverse,,,,,-2.2427836968257617,1.172060823795288,-1.5964317353165756,-5.551115123125783e-15,32.30789560210083,90.7920715180677,-1.59643173531657,32.30849613866063,90.76865059223533,-1.7871513464708655,-0.0011184873745517798,26.81821540281628,91.1591563401382,0.28,0.28
3.5830610029988748,42088000000,outer_left_upper_to_top_reverse,0.6333445092065155,0.9143629313967732,0.6926620573288375,False,False,False,route/default: outer_left_upper_to_top_reverse,,,,,-2.242796766968645,1.1715510882228595,-1.59643173531657,5.551115123125783e-15,32.307337942671154,90.81382023582466,-1.5964317353165756,32.30789560210083,90.7920715180677,-1.7876613722418988,-0.0005100257710333178,26.815020767887106,91.18052767372228,0.28,0.28
3.6877223720002803,42191000000,outer_left_upper_to_top_reverse,0.6338261252419342,0.9143629313967732,0.693188780382541,False,False,False,route/default: outer_left_upper_to_top_reverse,,,,,-2.2428091120402156,1.1710696304315835,-1.5964317353165756,-5.551115123125783e-15,32.30681121961747,90.83436243491911,-1.59643173531657,32.307337942671154,90.81382023582466,-1.788140500736959,-0.0004791284950602659,26.812019222800885,91.2005397642503,0.28,0.28
3.8837470389989903,42386000000,outer_left_upper_to_top_reverse,0.6346471635796871,0.9143629313967732,0.6940867152282797,False,False,False,route/default: outer_left_upper_to_top_reverse,,,,,-2.2428301573881626,1.1702488618616504,-1.5964317353165756,0.0,32.305913284771734,90.86938189390293,-1.5964317353165756,32.306352939401975,90.85223536332305,-1.7890086768959008,-0.0008681761589417469,26.806579501330305,91.23663768323965,0.28,0.28
3.983939264999208,42486000000,outer_left_upper_to_top_reverse,0.6350263366385769,0.9143629313967732,0.6945014007386716,False,False,False,route/default: outer_left_upper_to_top_reverse,,,,,-2.2428398765798128,1.169869813387308,-1.59643173531657,5.551115123125783e-15,32.30549859926133,90.8855546288082,-1.5964317353165756,32.305913284771734,90.86938189390293,-1.7894013811762528,-0.00039270428035198535,26.804119124807997,91.25285730903133,0.28,0.28
4.08559485799924,42586000000,outer_left_upper_to_top_reverse,0.6353813124100337,0.9143629313967732,0.6948896227009449,False,False,False,route/default: outer_left_upper_to_top_reverse,,,,,-2.2428489755320533,1.1695149542499177,-1.5964317353165756,-5.551115123125783e-15,32.30511037729906,90.90069528533684,-1.59643173531657,32.30549859926133,90.8855546288082,-1.7897704505993053,-0.0003690694230524816,26.801807051929927,91.2680251394878,0.28,0.28
4.289271473999179,42787000000,outer_left_upper_to_top_reverse,0.6360246879521236,0.9143629313967732,0.6955932552739618,False,False,False,route/default: outer_left_upper_to_top_reverse,,,,,-2.2428654669204833,1.1688717901011443,-1.5964317353165756,0.0,32.30440674472605,90.92813695568452,-1.5964317353165756,32.30475465109686,90.9145686072228,-1.790441238942646,-0.000670788343340778,26.797604425982456,91.29545002335587,0.28,0.28
4.387681913000051,42889000000,outer_left_upper_to_top_reverse,0.636317820383127,0.9143629313967732,0.6959138417948475,False,False,False,route/default: outer_left_upper_to_top_reverse,,,,,-2.242872980667067,1.1685787539843973,-1.59643173531657,5.551115123125783e-15,32.30408615820515,90.94063982999904,-1.5964317353165756,32.30440674472605,90.92813695568452,-1.7907437823778147,-0.00030254343516866733,26.795708659201708,91.30776578667175,0.28,0.28
4.487611184000343,42989000000,outer_left_upper_to_top_reverse,0.6365856083119624,0.9143629313967732,0.696206710107462,False,False,False,route/default: outer_left_upper_to_top_reverse,,,,,-2.2428798447681437,1.168311054042398,-1.5964317353165756,-5.551115123125783e-15,32.30379328989254,90.95206169419103,-1.59643173531657,32.30408615820515,90.94063982999904,-1.791026636719205,-0.00028285434139019294,26.793936492856332,91.31922651367142,0.28,0.28
4.688445624000451,43189000000,outer_left_upper_to_top_reverse,0.6370696363699356,0.9143629313967732,0.6967360710880453,False,False,False,route/default: outer_left_upper_to_top_reverse,,,,,-2.242892251666126,1.1678271850210837,-1.5964317353165756,0.0,32.30326392891196,90.97270677243375,-1.5964317353165756,32.303525012971136,90.962524494126,-1.7915416282529384,-0.0005149915337334666,26.790710950095274,91.33991296416846,0.28,0.28
4.789417865998985,43290000000,outer_left_upper_to_top_reverse,0.6372901866416677,0.9143629313967732,0.6969772775763652,False,False,False,route/default: outer_left_upper_to_top_reverse,,,,,-2.242897904943196,1.1676067072153535,-1.5964317353165756,0.0,32.303022722423634,90.98211382547825,-1.5964317353165756,32.30326392891196,90.97270677243375,-1.791775666956503,-0.00023403870356464296,26.789245116185825,91.34925413515185,0.28,0.28
4.889913318998879,43390000000,outer_left_upper_to_top_reverse,0.6374927324090155,0.9143629313967732,0.6971987933010221,False,False,False,route/default: outer_left_upper_to_top_reverse,,,,,-2.242903096717993,1.1674042279982846,-1.59643173531657,5.551115123125783e-15,32.30280120669897,90.99075293873986,-1.5964317353165756,32.303022722423634,90.98211382547825,-1.7919938815092311,-0.00021821455272807988,26.787878228398355,91.35793950043123,0.28,0.28
4.996643684000446,43491000000,outer_left_upper_to_top_reverse,0.6376822214528178,0.9143629313967732,0.697406029440301,False,False,False,route/default: outer_left_upper_to_top_reverse,,,,,-2.242907953815007,1.1672148012147248,-1.59643173531657,0.0,32.3025939705597,90.99883514817174,-1.59643173531657,32.30280120669897,90.99075293873986,-1.792196873174884,-0.0002029916656529629,26.786606808184743,91.3659827119304,0.28,0.28
5.095306899000207,43592000000,outer_left_upper_to_top_reverse,0.6378587117821212,0.9143629313967732,0.6975990494362381,False,False,False,route/default: outer_left_upper_to_top_reverse,,,,,-2.2429124777211618,1.1670383688746886,-1.5964317353165756,-5.551115123125783e-15,32.302400950563765,91.00636292801329,-1.59643173531657,32.3025939705597,90.99883514817174,-1.7923866967727187,-0.00018982359783459302,26.785418293101728,91.37345047895039,0.28,0.28
5.1960328109998954,43692000000,outer_left_upper_to_top_reverse,0.6380223152947038,0.9143629313967732,0.6977779756666931,False,False,False,route/default: outer_left_upper_to_top_reverse,,,,,-2.242916671304688,1.1668748191171634,-1.5964317353165756,0.0,32.30222202433332,91.01334105100102,-1.5964317353165756,32.302400950563765,91.00636292801329,-1.7925653845218261,-0.00017868774910745347,26.784299929499483,91.38042504629607,0.28,0.28
5.29221890000008,43792000000,outer_left_upper_to_top_reverse,0.6381751748890229,0.9143629313967732,0.6979451517289221,False,False,False,route/default: outer_left_upper_to_top_reverse,,,,,-2.2429205894936466,1.1667220097477822,-1.5964317353165756,0.0,32.302054848271084,91.01986091742796,-1.5964317353165756,32.30222202433332,91.01334105100102,-1.7927335370857027,-0.00016815256387658906,26.783247626570656,91.38695020747878,0.28,0.28
5.3930691160003335,43894000000,outer_left_upper_to_top_reverse,0.63831967463417,0.9143629313967732,0.6981031849782867,False,False,False,route/default: outer_left_upper_to_top_reverse,,,,,-2.2429242933979285,1.1665775574807848,-1.5964317353165756,0.0,32.30189681502172,91.02602421415318,-1.5964317353165756,32.302054848271084,91.01986091742796,-1.7928905701053262,-0.00015703301962344263,26.782264793744545,91.39302120816299,0.28,0.28
5.493012222999823,43995000000,outer_left_upper_to_top_reverse,0.6384516200021794,0.9143629313967732,0.6982474880372568,False,False,False,route/default: outer_left_upper_to_top_reverse,,,,,-2.2429276755008734,1.166445655465945,-1.59643173531657,5.551115123125783e-15,32.30175251196273,91.03165203345301,-1.5964317353165756,32.30189681502172,91.02602421415318,-1.7930362846091121,-0.0001457145037859764,26.781352779894178,91.39863015299497,0.28,0.28
5.694657312000345,44194000000,outer_left_upper_to_top_reverse,0.6386838190321376,0.9143629313967732,0.6985014342789351,False,False,False,route/default: outer_left_upper_to_top_reverse,,,,,-2.2429336273659124,1.1662135327294108,-1.5964317353165756,-5.551115123125783e-15,32.301498565721076,91.04155593687847,-1.59643173531657,32.301621727897654,91.03675261199146,-1.7932988680023798,-0.00026258339326767915,26.779710422442577,91.40860239844648,0.28,0.28
5.801121816999512,44294000000,outer_left_upper_to_top_reverse,0.6387894303473239,0.9143629313967732,0.6986169369000059,False,False,False,route/default: outer_left_upper_to_top_reverse,,,,,-2.242936334458594,1.1661079561148382,-1.5964317353165756,0.0,32.30138306309999,91.04606053910024,-1.5964317353165756,32.301498565721076,91.04155593687847,-1.7934426889324608,-0.00014382093008102892,26.77881156057559,91.4139787085517,0.28,0.28
5.998959692000426,44494000000,outer_left_upper_to_top_reverse,0.6389747193122177,0.9143629313967732,0.6988195795909238,False,False,False,route/default: outer_left_upper_to_top_reverse,,,,,-2.242941083896662,1.1659227280301714,-1.5964317353165756,0.0,32.30118042040908,91.05396360404603,-1.59643173531657,32.301279607718655,91.05009529897191,-1.793635693493954,-0.00019300456149307088,26.77760527795415,91.42112128868717,0.28,0.28
6.0977240480006,44597000000,outer_left_upper_to_top_reverse,0.6390593895977139,0.9143629313967732,0.6989121798950141,False,False,False,route/default: outer_left_upper_to_top_reverse,,,,,-2.2429432542162893,1.1658380855647137,-1.5964317353165756,0.0,32.301087820104996,91.05757501590554,-1.5964317353165756,32.30118042040908,91.05396360404603,-1.7937321364952878,-9.644300133393456e-05,26.77700261503422,91.42465319240682,0.28,0.28
6.200388762999864,44698000000,outer_left_upper_to_top_reverse,0.6391363801345196,0.9143629313967732,0.6989963811833231,False,False,False,route/default: outer_left_upper_to_top_reverse,,,,,-2.2429452276839843,1.1657611203246188,-1.59643173531657,5.551115123125783e-15,32.301003618816665,91.0608588661496,-1.5964317353165756,32.301087820104996,91.05757501590554,-1.7938399412126569,-0.00010780471736904218,26.776329554572456,91.42854047681828,0.28,0.28
6.397936063000088,44896000000,outer_left_upper_to_top_reverse,0.639269344662183,0.9143629313967732,0.6991417988540288,False,False,False,route/default: outer_left_upper_to_top_reverse,,,,,-2.242948635910641,1.1656281994849893,-1.5964317353165756,-5.551115123125783e-15,32.30085820114597,91.06653015530713,-1.59643173531657,32.30092971115329,91.06374126502152,-1.7939871722825655,-0.00014723106990865986,26.77541136821715,91.4337251786726,0.28,0.28
6.501415582999471,44996000000,outer_left_upper_to_top_reverse,0.6393302793627155,0.9143629313967732,0.6992084405544305,False,False,False,route/default: outer_left_upper_to_top_reverse,,,,,-2.2429501978254947,1.1655672848057157,-1.59643173531657,5.551115123125783e-15,32.30079155944556,91.0691291816228,-1.5964317353165756,32.30085820114597,91.06653015530713,-1.7940618937730486,-7.472149048304288e-05,26.774945368602687,91.43632410872146,0.28,0.28
6.598838652998893,45096000000,outer_left_upper_to_top_reverse,0.639385008346299,0.9143629313967732,0.6992682953251176,False,False,False,route/default: outer_left_upper_to_top_reverse,,,,,-2.2429516006716823,1.1655125738043846,-1.5964317353165756,-5.551115123125783e-15,32.30073170467489,91.0714635176796,-1.59643173531657,32.30079155944556,91.0691291816228,-1.7941306887449249,-6.87949718762848e-05,26.77451639908712,91.43868754663166,0.28,0.28
6.69912975599982,45196000000,outer_left_upper_to_top_reverse,0.6394341596167391,0.9143629313967732,0.6993220499872461,False,False,False,route/default: outer_left_upper_to_top_reverse,,,,,-2.242952860546576,1.165463438683533,-1.5964317353165756,0.0,32.300677950012755,91.0735599495026,-1.5964317353165756,32.30073170467489,91.0714635176796,-1.794193580059146,-6.289131422110295e-05,26.774124657518612,91.44079926858092,0.28,0.28
6.8005950869992375,45296000000,outer_left_upper_to_top_reverse,0.6394792569774617,0.9143629313967732,0.6993713710600653,False,False,False,route/default: outer_left_upper_to_top_reverse,,,,,-2.2429540165092203,1.165418356140409,-1.5964317353165756,0.0,32.30062862893993,91.07548347134255,-1.5964317353165756,32.300677950012755,91.0735599495026,-1.7942521579899906,-5.85779308446277e-05,26.773760376686383,91.44271027679679,0.28,0.28
6.900780224999835,45398000000,outer_left_upper_to_top_reverse,0.6395219879978303,0.9143629313967732,0.6994181041666923,False,False,False,route/default: outer_left_upper_to_top_reverse,,,,,-2.242955111816407,1.1653756391601329,-1.59643173531657,5.551115123125783e-15,32.300581895833304,91.07730606250101,-1.5964317353165756,32.30062862893993,91.07548347134255,-1.7943076184164781,-5.546042648751914e-05,26.77341589545682,91.4444753689155,0.28,0.28
7.000619546999587,45499000000,outer_left_upper_to_top_reverse,0.6395605000028063,0.9143629313967732,0.6994602231149277,False,False,False,route/default: outer_left_upper_to_top_reverse,,,,,-2.2429560989792563,1.1653371398090113,-1.59643173531657,0.0,32.30053977688506,91.07894870148218,-1.59643173531657,32.300581895833304,91.07730606250101,-1.794359627124377,-5.200870789878742e-05,26.773092983932358,91.44609984602047,0.28,0.28
7.1021777679998195,45602000000,outer_left_upper_to_top_reverse,0.6395943985576678,0.9143629313967732,0.6994972965282272,False,False,False,route/default: outer_left_upper_to_top_reverse,,,,,-2.2429569678873804,1.1653032523921674,-1.5964317353165756,-5.551115123125783e-15,32.300502703471764,91.08039456460085,-1.59643173531657,32.30053977688506,91.07894870148218,-1.794416756810506,-5.71296861291426e-05,26.77273835725198,91.44785023312366,0.28,0.28
7.202480243000537,45702000000,outer_left_upper_to_top_reverse,0.6396211353113219,0.9143629313967732,0.6995265373829646,False,False,False,route/default: outer_left_upper_to_top_reverse,,,,,-2.2429576532199134,1.1652765244233838,-1.59643173531657,5.551115123125783e-15,32.300473462617035,91.08153495793562,-1.5964317353165756,32.300502703471764,91.08039456460085,-1.7944575516734018,-4.0794862895765505e-05,26.77248587891495,91.44902259955634,0.28,0.28
7.302917148999768,45803000000,outer_left_upper_to_top_reverse,0.6396448281615712,0.9143629313967732,0.6995524492495065,False,False,False,route/default: outer_left_upper_to_top_reverse,,,,,-2.2429582605292855,1.165252839357873,-1.59643173531657,0.0,32.30044755075049,91.08254552073075,-1.59643173531657,32.300473462617035,91.08153495793562,-1.7944942971457083,-3.67454723064764e-05,26.77225928771975,91.45001508132194,0.28,0.28
7.403277535999223,45903000000,outer_left_upper_to_top_reverse,0.6396664384616537,0.9143629313967732,0.6995760835191609,False,False,False,route/default: outer_left_upper_to_top_reverse,,,,,-2.2429588144574804,1.165231236158267,-1.5964317353165756,-5.551115123125783e-15,32.30042391648084,91.08346725724726,-1.59643173531657,32.30044755075049,91.08254552073075,-1.7945290709632782,-3.477381756988862e-05,26.772045520515462,91.45090751793379,0.28,0.28
7.503621879999628,46003000000,outer_left_upper_to_top_reverse,0.6396859663951523,0.9143629313967732,0.6995974403927042,False,False,False,route/default: outer_left_upper_to_top_reverse,,,,,-2.242959315009204,1.165211714641044,-1.5964317353165756,0.0,32.30040255960729,91.08430017531546,-1.5964317353165756,32.30042391648084,91.08346725724726,-1.7945620959480781,-3.3024984799956414e-05,26.771842870414886,91.45172406769882,0.28,0.28
7.604356468998958,46103000000,outer_left_upper_to_top_reverse,0.639702207357602,0.9143629313967732,0.6996152024452678,False,False,False,route/default: outer_left_upper_to_top_reverse,,,,,-2.242959731307311,1.1651954790148724,-1.59643173531657,5.551115123125783e-15,32.30038479755473,91.08499289536545,-1.5964317353165756,32.30040255960729,91.08430017531546,-1.7945921331226309,-3.0037174552743906e-05,26.771659020749766,91.45242945664793,0.28,0.28
7.705171805999271,46203000000,outer_left_upper_to_top_reverse,0.6397144642652496,0.9143629313967732,0.6996286073058836,False,False,False,route/default: outer_left_upper_to_top_reverse,,,,,-2.2429600454837315,1.1651832261344657,-1.5964317353165756,-5.551115123125783e-15,32.30037139269412,91.08551568492948,-1.59643173531657,32.30038479755473,91.08499289536545,-1.7946180945866512,-2.596146402034094e-05,26.771501181920243,91.45297622286094,0.28,0.28
7.909138103999794,46402000000,outer_left_upper_to_top_reverse,0.6427521804634713,0.9143629313967732,0.7029508288154337,False,False,False,route/default: outer_left_upper_to_top_reverse,,,,,-2.243037910050362,1.1621465080358926,-1.59643173531657,5.551115123125783e-15,32.297049171184554,91.21508232380191,-1.5964317353165756,32.30034080077603,91.08670876973542,-1.7840063091267138,0.010611785459937462,26.72747483251557,91.49800693744757,0.28,0.28
8.016412605000369,46503000000,outer_left_upper_to_top_reverse,0.6493885500366012,0.9143629313967732,0.7102087450599083,False,False,False,route/default: outer_left_upper_to_top_reverse,,,,,-2.2432080174623414,1.1555123189686776,-1.5964317353165756,-5.551115123125783e-15,32.2897912549401,91.49814105733643,-1.59643173531657,32.297049171184554,91.21508232380191,-1.754167894645016,0.02983841448169766,26.60764835290682,91.61655832727311,0.28,0.28
8.110194625000076,46607000000,outer_left_upper_to_top_reverse,0.6530678824515405,0.9143629313967732,0.7142326750428514,False,False,False,route/default: outer_left_upper_to_top_reverse,,,,,-2.2433023283213167,1.1518341954686435,-1.5964317353165756,0.0,32.28576732495715,91.65507432667121,-1.5964317353165756,32.2897912549401,91.49814105733643,-1.733467880512175,0.02070001413284106,26.49655775566883,91.85584908661005,0.28,0.28
8.210630311999921,46709000000,outer_left_upper_to_top_reverse,0.6557584277518623,0.9143629313967732,0.7171752104496748,False,False,False,route/default: outer_left_upper_to_top_reverse,,,,,-2.2433712939949144,1.1491445341983442,-1.59643173531657,5.551115123125783e-15,32.28282478955032,91.76983320753732,-1.5964317353165756,32.28576732495715,91.65507432667121,-1.722108180186217,0.011359700325958011,26.441316620398823,91.97950592463403,0.28,0.28
8.41221328500069,46906000000,outer_left_upper_to_top_reverse,0.6606074552198757,0.9143629313967732,0.7224783863566487,False,False,False,route/default: outer_left_upper_to_top_reverse,,,camera_sign_speed_limit,,-2.243495587180234,1.144297099970876,-1.5964317353165756,-5.551115123125783e-15,32.277521613643344,91.97665706790929,-1.5964317353165756,32.280115930732094,91.87547870144871,-1.724595096076236,-0.002486915890018926,26.416988729687986,92.18897565777198,0.28,0.28
8.5133067200004,47006000000,outer_left_upper_to_top_reverse,0.6629104793400461,0.9143629313967732,0.7249971062665342,False,False,False,route/default: outer_left_upper_to_top_reverse,,,camera_sign_speed_limit,,-2.2435546196781218,1.141994832553246,-1.5964317353165756,0.0,32.27500289373347,92.07488714439484,-1.5964317353165756,32.277521613643344,91.97665706790929,-1.7253382395479702,-0.0007431434717342089,26.403650023367376,92.2894910062154,0.28,0.28
8.613722518999566,47109000000,outer_left_upper_to_top_reverse,0.6651998134084027,0.9143629313967732,0.7275008539467464,False,False,False,route/default: outer_left_upper_to_top_reverse,,,camera_sign_speed_limit,,-2.243613301264377,1.139706250689302,-1.5964317353165756,0.0,32.27249914605325,92.1725333039231,-1.5964317353165756,32.27500289373347,92.07488714439484,-1.726940644171482,-0.0016024046235119105,26.39378123865754,92.38454696152667,0.28,0.28
8.816023895999024,47310000000,outer_left_upper_to_top_reverse,0.6693583921604042,0.9143629313967732,0.7320489153446956,False,False,False,route/default: outer_left_upper_to_top_reverse,,,camera_sign_speed_limit,,-2.243719896453391,1.1355490383177391,-1.5964317353165756,0.0,32.26795108465531,92.34990769844313,-1.59643173531657,32.27020326984517,92.2620724760383,-1.7299570980728547,-0.003016453901372618,26.37504546293178,92.56199404797076,0.28,0.28
8.915834845000063,47410000000,outer_left_upper_to_top_reverse,0.6719218307435814,0.9143629313967732,0.7348524395200046,False,False,False,route/default: outer_left_upper_to_top_reverse,,,camera_sign_speed_limit,,-2.2437856040512503,1.1329864420012459,-1.59643173531657,5.551115123125783e-15,32.26514756047999,92.45924514128018,-1.5964317353165756,32.26795108465531,92.34990769844313,-1.7300261664806607,-6.906840780596113e-05,26.361207447206667,92.64696492311569,0.28,0.28
9.116162112999518,47608000000,outer_left_upper_to_top_reverse,0.6756877381260152,0.9143629313967732,0.7389710528770456,False,False,False,route/default: outer_left_upper_to_top_reverse,,,,,-2.243882134051806,1.1292217719795756,-1.5964317353165756,-5.551115123125783e-15,32.26102894712295,92.61987106220477,-1.5964317353165756,32.26310389962997,92.5389479144313,-1.730532176624401,-0.0005060101437404096,26.33596489905672,92.81210681625706,0.28,0.28
9.21659437299968,47710000000,outer_left_upper_to_top_reverse,0.6775159763223245,0.9143629313967732,0.7409705195368723,False,False,False,route/default: outer_left_upper_to_top_reverse,,,,,-2.2439289965516456,1.1273941344858276,-1.59643173531657,5.551115123125783e-15,32.25902948046313,92.69785026193802,-1.5964317353165756,32.26102894712295,92.61987106220477,-1.731791808113476,-0.0012596314890749305,26.327525000761185,92.8887263771555,0.28,0.28
9.31698273999973,47812000000,outer_left_upper_to_top_reverse,0.679260445850709,0.9143629313967732,0.7428783719535484,False,False,False,route/default: outer_left_upper_to_top_reverse,,,,,-2.2439737118426613,1.1256502381362097,-1.5964317353165756,-5.551115123125783e-15,32.25712162804645,92.7722565061884,-1.59643173531657,32.25902948046313,92.69785026193802,-1.7328282980532317,-0.0010364899397556915,26.318761536926857,92.96246096682222,0.28,0.28
9.519543397000234,48014000000,outer_left_upper_to_top_reverse,0.6827814587716701,0.9143629313967732,0.7467291546133206,False,False,False,route/default: outer_left_upper_to_top_reverse,,,,,-2.2440639645612497,1.1221303821112616,-1.5964317353165756,0.0,32.25327084538668,92.92243702991951,-1.5964317353165756,32.25522789221611,92.84611220357175,-1.7320250299492956,0.0008032681039360501,26.291127194205686,93.11024551816209,0.28,0.28
9.61932174499998,48116000000,outer_left_upper_to_top_reverse,0.6844794082352054,0.9143629313967732,0.7485861300059489,False,False,False,route/default: outer_left_upper_to_top_reverse,,,,,-2.2441074874220144,1.1204329905414374,-1.5964317353165756,0.0,32.25141386999405,92.994859070232,-1.5964317353165756,32.25327084538668,92.92243702991951,-1.7316009930193392,0.0004240369299564062,26.27811744642314,93.18201718412749,0.28,0.28
9.720140282999637,48216000000,outer_left_upper_to_top_reverse,0.6860451003169363,0.9143629313967732,0.7502984611033384,False,False,False,route/default: outer_left_upper_to_top_reverse,,,,,-2.2441476201821096,1.1188678128977299,-1.5964317353165756,0.0,32.24970153889666,93.0616399830302,-1.5964317353165756,32.25141386999405,92.994859070232,-1.732426813730642,-0.0008258207113027716,26.269734729662233,93.24952552276667,0.28,0.28
9.920508289000281,48413000000,outer_left_upper_to_top_reverse,0.6889603427800584,0.9143629313967732,0.753486738277555,False,False,False,route/default: outer_left_upper_to_top_reverse,,,,,-2.2442223454283803,1.1159535282931725,-1.5964317353165756,0.0,32.24651326172244,93.18598279282463,-1.5964317353165756,32.24809349861634,93.12435355396303,-1.7342069554376753,-0.0017801417070333338,26.254561237612663,93.37606776992834,0.28,0.28
10.024814348000291,48516000000,outer_left_upper_to_top_reverse,0.6909273662079191,0.9143629313967732,0.7556379884653287,False,False,False,route/default: outer_left_upper_to_top_reverse,,,,,-2.244272765354656,1.1139871511684105,-1.5964317353165756,0.0,32.244362011534676,93.26988155014783,-1.5964317353165756,32.24651326172244,93.18598279282463,-1.7331175053015309,0.0010894501361444764,26.239006408384896,93.4414171245175,0.28,0.28
10.221531154000331,48715000000,outer_left_upper_to_top_reverse,0.6939809775494987,0.9143629313967732,0.7589775938197529,False,False,False,route/default: outer_left_upper_to_top_reverse,,,,,-2.2443510373551505,1.1109345431491322,-1.5964317353165756,0.0,32.24102240618025,93.40012615897035,-1.5964317353165756,32.24265604787631,93.33641413282407,-1.7308994739114727,0.0022180313900581616,26.211043276303727,93.57093458563176,0.28,0.28
10.322480634000385,48816000000,outer_left_upper_to_top_reverse,0.6953979368023052,0.9143629313967732,0.7605272621233903,False,False,False,route/default: outer_left_upper_to_top_reverse,,,,,-2.244387357706017,1.1095180494653385,-1.5964317353165756,0.0,32.23947273787661,93.46056322281223,-1.5964317353165756,32.24102240618025,93.40012615897035,-1.7317359285281206,-0.0008364546166479414,26.203942955024957,93.63100091880585,0.28,0.28
10.526734241000668,49018000000,outer_left_upper_to_top_reverse,0.698142417403481,0.9143629313967732,0.7635287842837247,False,False,False,route/default: outer_left_upper_to_top_reverse,,,,,-2.2444577058816497,1.1067744706156577,-1.5964317353165756,0.0,32.23647121571628,93.57762258706526,-1.5964317353165756,32.23801844296331,93.51728072443109,-1.7330163337995639,-0.0012804052714432412,26.187451576814567,93.75655873428937,0.28,0.28
10.623960425000405,49118000000,outer_left_upper_to_top_reverse,0.6996779003700333,0.9143629313967732,0.7652080769516884,False,False,False,route/default: outer_left_upper_to_top_reverse,,,,,-2.2444970643035553,1.1052394921613473,-1.59643173531657,5.551115123125783e-15,32.234791923048306,93.64311500111586,-1.5964317353165756,32.23647121571628,93.57762258706526,-1.7323248219027667,0.0006915118967971702,26.176426401844196,93.80284521772703,0.28,0.28
10.825955426998917,49318000000,outer_left_upper_to_top_reverse,0.7024164768817132,0.9143629313967732,0.7682031420594748,False,False,False,route/default: outer_left_upper_to_top_reverse,,,,,-2.244567261142019,1.1025018154612614,-1.59643173531657,0.0,32.23179685794052,93.75992254031951,-1.5964317353165756,32.23321837823242,93.70448324893562,-1.7298852527555886,0.0024395691471781333,26.14986179368708,93.92125654716091,0.28,0.28
10.926665921999302,49420000000,outer_left_upper_to_top_reverse,0.703708432863644,0.9143629313967732,0.7696160995816671,False,False,False,route/default: outer_left_upper_to_top_reverse,,,,,-2.244600377333945,1.1012102839761324,-1.5964317353165756,-5.551115123125783e-15,32.230383900418346,93.81502788368502,-1.59643173531657,32.23179685794052,93.75992254031951,-1.7310046027335741,-0.0011193499779855731,26.14295451009133,93.98591099881708,0.28,0.28
11.026651530999516,49521000000,outer_left_upper_to_top_reverse,0.704809065240333,0.9143629313967732,0.7708198145824575,False,False,False,route/default: outer_left_upper_to_top_reverse,,,,,-2.2446285894042766,1.1001100132332224,-1.59643173531657,5.551115123125783e-15,32.22918018541753,93.86197276871584,-1.5964317353165756,32.230383900418346,93.81502788368502,-1.7317935864361385,-0.0007889837025643054,26.137130603663863,94.03377951786877,0.28,0.28
11.23159011899952,49720000000,outer_left_upper_to_top_reverse,0.7068145408292714,0.9143629313967732,0.7730131182697306,False,False,False,route/default: outer_left_upper_to_top_reverse,,,,,-2.244679994959447,1.0981051965815745,-1.59643173531657,0.0,32.22698688173027,93.94751161251949,-1.5964317353165756,32.228060792967185,93.90562907428034,-1.7333346961683798,-0.001541109732241308,26.127630178805347,94.12020609806103,0.28,0.28
11.329094241998973,49820000000,outer_left_upper_to_top_reverse,0.7077483691357583,0.9143629313967732,0.774034406725793,False,False,False,route/default: outer_left_upper_to_top_reverse,,,,,-2.244703931407636,1.0971716751022047,-1.5964317353165756,-5.551115123125783e-15,32.22596559327421,93.98734186230593,-1.59643173531657,32.22698688173027,93.94751161251949,-1.73405453093682,-0.0007198347684402862,26.123191661049532,94.16021194267734,0.28,0.28
11.429534798999157,49920000000,outer_left_upper_to_top_reverse,0.708635984803258,0.9143629313967732,0.7750051543764482,False,False,False,route/default: outer_left_upper_to_top_reverse,,,,,-2.244726683305698,1.0962843510777778,-1.5964317353165756,0.0,32.224994845623556,94.0252010206815,-1.5964317353165756,32.22596559327421,93.98734186230593,-1.7347424466838894,-0.0006879157470693897,26.11894908878395,94.19824687245841,0.28,0.28
11.630563811000684,50121000000,outer_left_upper_to_top_reverse,0.7103013928910097,0.9143629313967732,0.776826540645036,False,False,False,route/default: outer_left_upper_to_top_reverse,,,,,-2.244769372046368,1.0946194901916468,-1.59643173531657,5.551115123125783e-15,32.22317345935495,94.0962350851564,-1.59643173531657,32.22408250972366,94.06078212077688,-1.7360292099348142,-0.001286763250924805,26.111010315430406,94.26894793718452,0.28,0.28
11.73067922500013,50222000000,outer_left_upper_to_top_reverse,0.7110670869088054,0.9143629313967732,0.7776639477527652,False,False,False,route/default: outer_left_upper_to_top_reverse,,,,,-2.2447889987754555,1.093854047757238,-1.5964317353165756,-5.551115123125783e-15,32.22233605224723,94.12889396235784,-1.59643173531657,32.22317345935495,94.0962350851564,-1.7366273973697686,-0.0005981874349543226,26.107318907696666,94.30158402406732,0.28,0.28
11.832416014000046,50323000000,outer_left_upper_to_top_reverse,0.7117943670184451,0.9143629313967732,0.7784593431965948,False,False,False,route/default: outer_left_upper_to_top_reverse,,,,,-2.24480764085617,1.0931270066093626,-1.5964317353165756,0.0,32.22154065680341,94.15991438466719,-1.5964317353165756,32.22233605224723,94.12889396235784,-1.737195934447049,-0.0005685370772803289,26.10381033219818,94.33243006432733,0.28,0.28
12.037351365999712,50521000000,outer_left_upper_to_top_reverse,0.7131134119065805,0.9143629313967732,0.7799019267078494,False,False,False,route/default: outer_left_upper_to_top_reverse,,,,,-2.2448414514072152,1.0918083951186064,-1.5964317353165756,0.0,32.22009807329215,94.21617514160613,-1.5964317353165756,32.220814474841674,94.18823548117521,-1.7382561514410597,-0.0010602169940108208,26.097266363160145,94.38954984248812,0.28,0.28
12.133746490999329,50627000000,outer_left_upper_to_top_reverse,0.7137648576671026,0.9143629313967732,0.7806143853368611,False,False,False,route/default: outer_left_upper_to_top_reverse,,,,,-2.244858149656333,1.0911571634030253,-1.59643173531657,5.551115123125783e-15,32.219385614663125,94.24396102813759,-1.5964317353165756,32.22009807329215,94.21617514160613,-1.7387479905016832,-0.0004918390606234446,26.094229662857856,94.41590634903511,0.28,0.28
12.340326190998894,50825000000,outer_left_upper_to_top_reverse,0.7148894513546967,0.9143629313967732,0.7818443058082392,False,False,False,route/default: outer_left_upper_to_top_reverse,,,,,-2.2448869759173804,1.0900329392221564,-1.5964317353165756,-5.551115123125783e-15,32.218155694191765,94.29192792652134,-1.5964317353165756,32.21876012955153,94.26835494749065,-1.7396624006986343,-0.0009144101969511542,26.088583288405104,94.46460593463999,0.28,0.28
12.435108596999271,50927000000,outer_left_upper_to_top_reverse,0.7154246219986466,0.9143629313967732,0.782429599268389,False,False,False,route/default: outer_left_upper_to_top_reverse,,,,,-2.244900693732853,1.0894979444187383,-1.5964317353165756,0.0,32.21757040073162,94.31475437146716,-1.5964317353165756,32.218155694191765,94.29192792652134,-1.7400875479655447,-0.00042514726691034177,26.085958191784854,94.48707026555161,0.28,0.28
12.635261639999953,51125000000,outer_left_upper_to_top_reverse,0.7163829629263658,0.9143629313967732,0.7834776961397869,False,False,False,route/default: outer_left_upper_to_top_reverse,,,,,-2.2449252585032764,1.0885399183722262,-1.59643173531657,5.551115123125783e-15,32.2165223038602,94.35563014945168,-1.5964317353165756,32.2170525411272,94.33495089603906,-1.7408782161932146,-0.0007906682276699328,26.08107542578834,94.5286049454671,0.28,0.28
12.735884629999418,51226000000,outer_left_upper_to_top_reverse,0.7168328865239961,0.9143629313967732,0.7839697585169689,False,False,False,route/default: outer_left_upper_to_top_reverse,,,,,-2.2449367912152414,1.0880901426055831,-1.5964317353165756,-5.551115123125783e-15,32.21603024148304,94.37482058216179,-1.59643173531657,32.2165223038602,94.35563014945168,-1.741243583510517,-0.0003653673173023009,26.078818557575957,94.54771165433837,0.28,0.28
12.841090201000043,51326000000,outer_left_upper_to_top_reverse,0.717254335616237,0.9143629313967732,0.7844306795339628,False,False,False,route/default: outer_left_upper_to_top_reverse,,,,,-2.244947594051577,1.087668831988487,-1.5964317353165756,0.0,32.215569320466045,94.39279650182456,-1.5964317353165756,32.21603024148304,94.37482058216179,-1.7415905548216866,-0.00034697131116967483,26.0766753499356,94.56577992109311,0.28,0.28
13.03626828400047,51525000000,outer_left_upper_to_top_reverse,0.7180288087495407,0.9143629313967732,0.7852776879883854,False,False,False,route/default: outer_left_upper_to_top_reverse,,,,,-2.244967445812228,1.0868946133231165,-1.59643173531657,5.551115123125783e-15,32.2147223120116,94.42582983154702,-1.5964317353165756,32.215136777597365,94.40966567370307,-1.7422357473654655,-0.0006451925437789274,26.072690804150014,94.59910540500096,0.28,0.28
13.137159579999206,51627000000,outer_left_upper_to_top_reverse,0.7183949956855284,0.9143629313967732,0.785678171126332,False,False,False,route/default: outer_left_upper_to_top_reverse,,,,,-2.2449768321357735,1.0865285467048373,-1.5964317353165756,-5.551115123125783e-15,32.214321828873665,94.44144867392694,-1.59643173531657,32.2147223120116,94.42582983154702,-1.7425354136137263,-0.00029966624826083255,26.070840064714446,94.61448513949952,0.28,0.28
13.339908534000642,51828000000,outer_left_upper_to_top_reverse,0.719056271632408,0.9143629313967732,0.7864013806136954,False,False,False,route/default: outer_left_upper_to_top_reverse,,,,,-2.2449937823581334,1.085867488032794,-1.5964317353165756,0.0,32.2135986193863,94.46965384393411,-1.5964317353165756,32.21396191256021,94.4554854101516,-1.7430914482731117,-0.0005560346593853627,26.06740529316683,94.6429097637835,0.28,0.28
13.444941624999046,51928000000,outer_left_upper_to_top_reverse,0.719358398008376,0.9143629313967732,0.7867318034311497,False,False,False,route/default: outer_left_upper_to_top_reverse,,,,,-2.2450015266429175,1.0855654609262149,-1.5964317353165756,0.0,32.21326819656885,94.48254033381482,-1.5964317353165756,32.2135986193863,94.46965384393411,-1.7433465707461513,-0.000255122473039604,26.065829612107834,94.65585246203923,0.28,0.28
13.539158440999017,52030000000,outer_left_upper_to_top_reverse,0.7196506214652842,0.9143629313967732,0.7870513958455774,False,False,False,route/default: outer_left_upper_to_top_reverse,,,,,-2.2450090170901307,1.0852733334849018,-1.5964317353165756,0.0,32.21294860415442,94.49500443797751,-1.5964317353165756,32.21326819656885,94.48254033381482,-1.7435897272469383,-0.00024315650078698958,26.06432821733334,94.66810762819841,0.28,0.28
13.63977005400011,52133000000,outer_left_upper_to_top_reverse,0.7199307157383363,0.9143629313967732,0.7873577230854888,False,False,False,route/default: outer_left_upper_to_top_reverse,,,,,-2.245016196634816,1.0849933312421705,-1.5964317353165756,0.0,32.21264227691451,94.50695120033407,-1.5964317353165756,32.21294860415442,94.49500443797751,-1.7438217267165177,-0.00023199946957941364,26.062895819995674,94.67974066614795,0.28,0.28
13.840677959999084,52331000000,outer_left_upper_to_top_reverse,0.7204248833649598,0.9143629313967732,0.78789817328273,False,False,False,route/default: outer_left_upper_to_top_reverse,,,,,-2.245028863436314,1.0844993259837545,-1.5964317353165756,0.0,32.21210182671727,94.52802875802647,-1.59643173531657,32.212363754512694,94.51781357400458,-1.7442506277667023,-0.00042890105018456026,26.060247173236405,94.70115484144921,0.28,0.28
14.04254529299942,52532000000,outer_left_upper_to_top_reverse,0.7208696198069438,0.9143629313967732,0.7883845626875418,False,False,False,route/default: outer_left_upper_to_top_reverse,,,,,-2.245040263187989,1.0840547356684187,-1.5964317353165756,0.0,32.21161543731246,94.54699794481414,-1.59643173531657,32.21185540187325,94.53763932694318,-1.7446345833955927,-0.0003839556288904866,26.057876718508638,94.72012573016931,0.28,0.28
14.245760064999558,52730000000,outer_left_upper_to_top_reverse,0.7212630020947415,0.9143629313967732,0.7888147882295995,False,False,False,route/default: outer_left_upper_to_top_reverse,,,,,-2.245050346599131,1.0836614826338817,-1.5964317353165756,0.0,32.2111852117704,94.56377674095438,-1.5964317353165756,32.21139429172297,94.55562262280421,-1.7449833230542515,-0.00034873965865878104,26.05572476486357,94.73711991413808,0.28,0.28
14.443943988000683,52931000000,outer_left_upper_to_top_reverse,0.7216155459181894,0.9143629313967732,0.7892003504733679,False,False,False,route/default: outer_left_upper_to_top_reverse,,,,,-2.2450593832142194,1.0833090546454371,-1.5964317353165756,0.0,32.210799649526635,94.57881366846135,-1.5964317353165756,32.21099274603546,94.57128290461708,-1.7452953076156146,-0.0003119845613630545,26.05379927819189,94.75220681956867,0.28,0.28
14.544389626000338,53033000000,outer_left_upper_to_top_reverse,0.7217788117401607,0.9143629313967732,0.7893789073859079,False,False,False,route/default: outer_left_upper_to_top_reverse,,,,,-2.245063568141857,1.0831458424675686,-1.5964317353165756,0.0,32.21062109261409,94.58577738805042,-1.5964317353165756,32.210799649526635,94.57881366846135,-1.745438591077991,-0.0001432834623764645,26.052915340287186,94.75906254447523,0.28,0.28
14.64501334399938,53134000000,outer_left_upper_to_top_reverse,0.7219320694559329,0.9143629313967732,0.7895465188567033,False,False,False,route/default: outer_left_upper_to_top_reverse,,,,,-2.245067496535704,1.0829926351075447,-1.5964317353165756,0.0,32.210453481143304,94.59231423541144,-1.5964317353165756,32.21062109261409,94.58577738805042,-1.7455754050793417,-0.00013681400135068245,26.052071786168753,94.76554183363922,0.28,0.28
14.74526368700026,53236000000,outer_left_upper_to_top_reverse,0.7220788440420296,0.9143629313967732,0.7897070400032381,False,False,False,route/default: outer_left_upper_to_top_reverse,,,,,-2.245071258750076,1.0828459087470401,-1.5964317353165756,0.0,32.210292959996764,94.59857456012628,-1.5964317353165756,32.210453481143304,94.59231423541144,-1.7457062246443702,-0.0001308195650284727,26.051265407140306,94.77168732634158,0.28,0.28
14.946063708999645,53435000000,outer_left_upper_to_top_reverse,0.7223396269724816,0.9143629313967732,0.7899922472458957,False,False,False,route/default: outer_left_upper_to_top_reverse,,,,,-2.2450779432948256,1.0825852115017986,-1.5964317353165756,0.0,32.21000775275411,94.60969764258994,-1.59643173531657,32.21014616233539,94.60429966891931,-1.7459473499014195,-0.00024112525704933496,26.04977879623287,94.78294221238744,0.28,0.28
15.047673066999778,53536000000,outer_left_upper_to_top_reverse,0.7224590255077709,0.9143629313967732,0.7901228283654812,False,False,False,route/default: outer_left_upper_to_top_reverse,,,,,-2.245081003789816,1.0824658521971773,-1.5964317353165756,0.0,32.20987717163452,94.61479030625378,-1.5964317353165756,32.21000775275411,94.60969764258994,-1.7460572910493222,-0.00010994114790263687,26.049101129976293,94.78802022361862,0.28,0.28
15.148520815000666,53637000000,outer_left_upper_to_top_reverse,0.7225715625667042,0.9143629313967732,0.7902459053790708,False,False,False,route/default: outer_left_upper_to_top_reverse,,,,,-2.245083888407322,1.082353352114443,-1.59643173531657,5.551115123125783e-15,32.20975409462092,94.61959030978377,-1.5964317353165756,32.20987717163452,94.61479030625378,-1.7461617492329196,-0.00010445818359738901,26.048457742202743,94.79278242610701,0.28,0.28
15.24887689299976,53737000000,outer_left_upper_to_top_reverse,0.7226772888286361,0.9143629313967732,0.7903615337125274,False,False,False,route/default: outer_left_upper_to_top_reverse,,,,,-2.2450865984463872,1.0822476605908928,-1.5964317353165756,-5.551115123125783e-15,32.20963846628747,94.62409981478856,-1.59643173531657,32.20975409462092,94.61959030978377,-1.746261850147704,-0.00010010091478451777,26.04784159334376,94.79728772264829,0.28,0.28
15.349184421000245,53838000000,outer_left_upper_to_top_reverse,0.7227781353029713,0.9143629313967732,0.7904718252290275,False,False,False,route/default: outer_left_upper_to_top_reverse,,,,,-2.245089183403805,1.082146847251592,-1.5964317353165756,0.0,32.20952817477098,94.62840118393208,-1.5964317353165756,32.20963846628747,94.62409981478856,-1.7463574406192182,-9.559047151408429e-05,26.047253272551757,94.80155483858039,0.28,0.28
15.550355683999442,54038000000,outer_left_upper_to_top_reverse,0.72295758908176,0.9143629313967732,0.7906680862241168,False,False,False,route/default: outer_left_upper_to_top_reverse,,,,,-2.2450937832708777,1.0819674524357683,-1.5964317353165756,0.0,32.209331913775884,94.63605536274056,-1.5964317353165756,32.20942725207202,94.63233716919154,-1.7465320567321068,-0.00017461611288860368,26.046178363766714,94.80927961926389,0.28,0.28
15.650486157999694,54139000000,outer_left_upper_to_top_reverse,0.7230389304986331,0.9143629313967732,0.7907570458856255,False,False,False,route/default: outer_left_upper_to_top_reverse,,,,,-2.2450958682629443,1.0818861377451705,-1.5964317353165756,0.0,32.20924295411437,94.6395247895394,-1.5964317353165756,32.209331913775884,94.63605536274056,-1.7466116284396904,-7.957170758365885e-05,26.04568892845971,94.81273169526906,0.28,0.28
15.752412023999568,54240000000,outer_left_upper_to_top_reverse,0.7231160515021541,0.9143629313967732,0.7908413898598536,False,False,False,route/default: outer_left_upper_to_top_reverse,,,,,-2.2450978450748402,1.0818090420812276,-1.5964317353165756,0.0,32.20915861014015,94.64281420453429,-1.5964317353165756,32.20924295411437,94.6395247895394,-1.7467037685789242,-9.214013923375397e-05,26.045122768457063,94.81666052858463,0.28,0.28
15.8515275259997,54341000000,outer_left_upper_to_top_reverse,0.7231872606937929,0.9143629313967732,0.7909192683358872,False,False,False,route/default: outer_left_upper_to_top_reverse,,,,,-2.2450996703516224,1.0817378562867281,-1.5964317353165756,0.0,32.209080731664116,94.64585146509961,-1.5964317353165756,32.20915861014015,94.64281420453429,-1.7467759533165967,-7.218473767256484e-05,26.044679528920895,94.81967858699298,0.28,0.28
16.05249641699993,54537000000,outer_left_upper_to_top_reverse,0.7233104169967757,0.9143629313967732,0.7910539591667969,False,False,False,route/default: outer_left_upper_to_top_reverse,,,,,-2.2451028271679716,1.0816147404490999,-1.5964317353165756,0.0,32.20894604083321,94.65110440750507,-1.5964317353165756,32.20900963474644,94.6486242448893,-1.7468948060446727,-0.00011885272807599101,26.043949679752075,94.82457034658987,0.28,0.28
16.153301185999226,54640000000,outer_left_upper_to_top_reverse,0.723367956121657,0.9143629313967732,0.7911168872699664,False,False,False,route/default: outer_left_upper_to_top_reverse,,,,,-2.24510430204539,1.0815572202297963,-1.59643173531657,5.551115123125783e-15,32.20888311273002,94.6535586035287,-1.5964317353165756,32.20894604083321,94.65110440750507,-1.7469663308916743,-7.152484700156947e-05,26.043510781371324,94.82744228746736,0.28,0.28
16.25373378400036,54742000000,outer_left_upper_to_top_reverse,0.7234194709089791,0.9143629313967732,0.7911732268103755,False,False,False,route/default: outer_left_upper_to_top_reverse,,,,,-2.245105622503368,1.0815057223686413,-1.5964317353165756,-5.551115123125783e-15,32.20882677318963,94.65575584560463,-1.59643173531657,32.20888311273002,94.6535586035287,-1.7470221842195501,-5.5853327875832186e-05,26.043168721576436,94.82960376825093,0.28,0.28
16.454316478999317,54938000000,outer_left_upper_to_top_reverse,0.723509036591249,0.9143629313967732,0.7912711810025179,False,False,False,route/default: outer_left_upper_to_top_reverse,,,,,-2.2451079183047464,1.081416186114886,-1.5964317353165756,0.0,32.208728818997486,94.65957605909819,-1.5964317353165756,32.20877534261372,94.65776163806461,-1.747116304889595,-9.412067004488378e-05,26.042593176387413,94.83311569563395,0.28,0.28
16.55912348399943,55041000000,outer_left_upper_to_top_reverse,0.723550584878761,0.9143629313967732,0.7913166206043274,False,False,False,route/default: outer_left_upper_to_top_reverse,,,,,-2.245108983295414,1.081374651478857,-1.59643173531657,5.551115123125783e-15,32.208683379395666,94.66134820356876,-1.5964317353165756,32.208728818997486,94.65957605909819,-1.7471735508712978,-5.7245981702758186e-05,26.042243164613822,94.83519913669386,0.28,0.28
16.655655016998935,55142000000,outer_left_upper_to_top_reverse,0.7235849930408799,0.9143629313967732,0.7913542513534942,False,False,False,route/default: outer_left_upper_to_top_reverse,,,,,-2.2451098652660977,1.0813402546221966,-1.59643173531657,0.0,32.208645748646504,94.66281580278627,-1.59643173531657,32.208683379395666,94.66134820356876,-1.7472165674645792,-4.3016593281430815e-05,26.04198061630268,94.8366927965333,0.28,0.28
16.756481772999905,55243000000,outer_left_upper_to_top_reverse,0.7236155336233089,0.9143629313967732,0.791387652294609,False,False,False,route/default: outer_left_upper_to_top_reverse,,,,,-2.245110648100655,1.0813097240744591,-1.5964317353165756,-5.551115123125783e-15,32.2086123477054,94.66411843948976,-1.59643173531657,32.208645748646504,94.66281580278627,-1.7472560098528451,-3.944238826592006e-05,26.041740582341845,94.83798855633844,0.28,0.28
16.8566897540004,55343000000,outer_left_upper_to_top_reverse,0.7236435003044581,0.9143629313967732,0.7914182382689403,False,False,False,route/default: outer_left_upper_to_top_reverse,,,,,-2.245111364959428,1.081281766582297,-1.5964317353165756,0.0,32.20858176173107,94.66531129248867,-1.5964317353165756,32.2086123477054,94.66411843948976,-1.7472936027194375,-3.7592866592328626e-05,26.041512493522234,94.83916056345689,0.28,0.28
17.057282968000436,55544000000,outer_left_upper_to_top_reverse,0.7236924602987735,0.9143629313967732,0.7914717837404749,False,False,False,route/default: outer_left_upper_to_top_reverse,,,,,-2.2451126199314175,1.081232822674722,-1.59643173531657,5.551115123125783e-15,32.20852821625952,94.66739956587853,-1.59643173531657,32.20855393930539,94.66639636708942,-1.7473638228058719,-7.02200864344249e-05,26.041087501336847,94.84123200130566,0.28,0.28
17.259494451000137,55745000000,outer_left_upper_to_top_reverse,0.7238449510893153,0.9143629313967732,0.7916385564576375,False,False,False,route/default: outer_left_upper_to_top_reverse,,,,,-2.245116528666976,1.0810803819879409,-1.5964317353165756,-5.551115123125783e-15,32.20836144354236,94.67390370184785,-1.5964317353165756,32.20850784134613,94.66819418750086,-1.7459788339028508,0.0013849889030210782,26.035130328286016,94.84941376781723,0.28,0.28
17.36037103200033,55847000000,outer_left_upper_to_top_reverse,0.7244194002302708,0.9143629313967732,0.7922668071458823,False,False,False,route/default: outer_left_upper_to_top_reverse,,,,,-2.2451312532924814,1.080506121593217,-1.5964317353165756,0.0,32.20773319285412,94.69840547868941,-1.5964317353165756,32.20836144354236,94.67390370184785,-1.7432054868582645,0.002773347044586316,26.022787318761047,94.86446062128252,0.28,0.28
17.563821900999756,56043000000,outer_left_upper_to_top_reverse,0.7255334593045162,0.9143629313967732,0.7934852063569521,False,False,False,route/default: outer_left_upper_to_top_reverse,,,,,-2.245159809523991,1.0793924285643484,-1.5964317353165756,0.0,32.20651479364305,94.74592304792114,-1.5964317353165756,32.20758268825561,94.70427515803112,-1.7357889145037884,0.007416572354476125,25.988614243252457,94.91215713606044,0.28,0.28
17.663448936998975,56147000000,outer_left_upper_to_top_reverse,0.7264249556719538,0.9143629313967732,0.794460198164719,False,False,False,route/default: outer_left_upper_to_top_reverse,,,,,-2.2451826608944856,1.0785012251150614,-1.5964317353165756,0.0,32.205539801835286,94.78394772842404,-1.5964317353165756,32.20651479364305,94.74592304792114,-1.7307536552727352,0.005035259231053191,25.967113042611047,94.94637226322519,0.28,0.28
17.763946192999356,56249000000,outer_left_upper_to_top_reverse,0.7272166858139691,0.9143629313967732,0.7953260798784559,False,False,False,route/default: outer_left_upper_to_top_reverse,,,,,-2.2452029549971515,1.077709755111099,-1.59643173531657,5.551115123125783e-15,32.204673920121536,94.81771711525977,-1.5964317353165756,32.205539801835286,94.78394772842404,-1.72882482264693,0.0019288326258051216,25.95573311583702,94.97937635612135,0.28,0.28
17.867460692999884,56350000000,outer_left_upper_to_top_reverse,0.7280293954991662,0.9143629313967732,0.7962149060297475,False,False,False,route/default: outer_left_upper_to_top_reverse,,,,,-2.2452237868600724,1.076897312457184,-1.59643173531657,0.0,32.20378509397024,94.85238133516015,-1.59643173531657,32.204673920121536,94.81771711525977,-1.7281040803118122,0.0007207423351178743,25.94818799315931,95.01243450303085,0.28,0.28
17.965699492999192,56451000000,outer_left_upper_to_top_reverse,0.7287868551619889,0.9143629313967732,0.7970433075723009,False,False,False,route/default: outer_left_upper_to_top_reverse,,,,,-2.245243202521226,1.0761401016721936,-1.5964317353165756,-5.551115123125783e-15,32.20295669242769,94.88468899531975,-1.59643173531657,32.20378509397024,94.85238133516015,-1.7277238388779441,0.000380241433868056,25.941744386450623,95.04544575285519,0.28,0.28
18.16912224999942,56651000000,outer_left_upper_to_top_reverse,0.730192509926767,0.9143629313967732,0.7985806126363095,False,False,False,route/default: outer_left_upper_to_top_reverse,,,,,-2.2452792331086635,1.0747349087621232,-1.5964317353165756,0.0,32.201419387363686,94.94464389281609,-1.5964317353165756,32.20217771794954,94.91506899996804,-1.7287050799593648,-0.000981241081420725,25.93525634863181,95.10554394419668,0.28,0.28
18.368043754999235,56852000000,outer_left_upper_to_top_reverse,0.7315413282900235,0.9143629313967732,0.8000557581359156,False,False,False,route/default: outer_left_upper_to_top_reverse,,,,,-2.2453138068313105,1.0733865335788897,-1.5964317353165756,0.0,32.19994424186409,95.0021745673007,-1.59643173531657,32.20071683009819,94.97204362617069,-1.7292339305002329,-0.0005288505408680421,25.927977290693775,95.16134274353425,0.28,0.28
18.574899850998918,57053000000,outer_left_upper_to_top_reverse,0.7329082791462261,0.9143629313967732,0.8015507343748522,False,False,False,route/default: outer_left_upper_to_top_reverse,,,,,-2.2453488453369106,1.0720200318604867,-1.5964317353165756,0.0,32.19844926562514,95.06047864061924,-1.59643173531657,32.19917568284097,95.03214836920185,-1.7280443961925576,0.0011895343076753218,25.9158589409069,95.21373394159298,0.28,0.28
18.674984526000117,57154000000,outer_left_upper_to_top_reverse,0.7335465971973826,0.9143629313967732,0.8022488357843017,False,False,False,route/default: outer_left_upper_to_top_reverse,,,,,-2.2453652070886947,1.0713819235409117,-1.59643173531657,5.551115123125783e-15,32.19775116421569,95.08770459558778,-1.5964317353165756,32.19844926562514,95.06047864061924,-1.7285749325972752,-0.0005305364047176742,25.912402392639933,95.2458569469699,0.28,0.28
18.771480105999217,57256000000,outer_left_upper_to_top_reverse,0.7343399826109005,0.9143629313967732,0.8031165277983534,False,False,False,route/default: outer_left_upper_to_top_reverse,,,,,-2.245385543620274,1.0705887988093177,-1.5964317353165756,-5.551115123125783e-15,32.19688347220165,95.12154458413579,-1.59643173531657,32.19775116421569,95.08770459558778,-1.7277697529354274,0.0008051796618477879,25.904265377411164,95.27469389868006,0.28,0.28
18.979213115000675,57450000000,outer_left_upper_to_top_reverse,0.7357063901701997,0.9143629313967732,0.8046109098564842,False,False,False,route/default: outer_left_upper_to_top_reverse,,,,,-2.245420568199761,1.0692228402093074,-1.5964317353165756,0.0,32.19538909014352,95.1798254844029,-1.5964317353165756,32.19600010187578,95.15599602684443,-1.7242347205343294,0.0035350324010980923,25.88150193943038,95.33919591665142,0.28,0.28
19.17663514599917,57650000000,outer_left_upper_to_top_reverse,0.7374154520777405,0.9143629313967732,0.8064800384583295,False,False,False,route/default: outer_left_upper_to_top_reverse,,,,,-2.245464375901367,1.0675143398466833,-1.5964317353165756,0.0,32.19351996154167,95.25272149987484,-1.5964317353165756,32.19438384338376,95.21903010803385,-1.7219131987715364,0.002321521762792989,25.864288727958808,95.40437820573308,0.28,0.28
19.274695789999896,57754000000,outer_left_upper_to_top_reverse,0.7381980149152061,0.9143629313967732,0.8073358942794641,False,False,False,route/default: outer_left_upper_to_top_reverse,,,,,-2.245484435022175,1.0667320341351774,-1.5964317353165756,0.0,32.19266410572054,95.2860998768991,-1.5964317353165756,32.19351996154167,95.25272149987484,-1.7224149134825721,-0.0005017147110357724,25.86098778264092,95.43616759123785,0.28,0.28
19.375086857000497,57856000000,outer_left_upper_to_top_reverse,0.738934458676087,0.9143629313967732,0.8081413116204272,False,False,False,route/default: outer_left_upper_to_top_reverse,,,,,-2.245503311991104,1.0659958323469532,-1.5964317353165756,0.0,32.19185868837957,95.31751115319668,-1.5964317353165756,32.19266410572054,95.2860998768991,-1.7229253645749465,-0.0005104510923743533,25.857847677898278,95.46706188651885,0.28,0.28
19.476078804998906,57956000000,outer_left_upper_to_top_reverse,0.7395292405822702,0.9143629313967732,0.8087917993925798,False,False,False,route/default: outer_left_upper_to_top_reverse,,,,,-2.2455185577982637,1.06540124586772,-1.59643173531657,5.551115123125783e-15,32.19120820060742,95.34288017631062,-1.5964317353165756,32.19185868837957,95.31751115319668,-1.723385887651634,-0.00046052307668742465,25.85472313277559,95.49325079783108,0.28,0.28
19.575965891999658,58057000000,outer_left_upper_to_top_reverse,0.7400981295266934,0.9143629313967732,0.8094139691294415,False,False,False,route/default: outer_left_upper_to_top_reverse,,,,,-2.2455331399014713,1.0648325438426198,-1.5964317353165756,-5.551115123125783e-15,32.19058603087056,95.36714479604822,-1.59643173531657,32.19120820060742,95.34288017631062,-1.7238009415799551,-0.00041505392832119625,25.852173973682497,95.51742009935663,0.28,0.28
19.68149862499922,58157000000,outer_left_upper_to_top_reverse,0.7406357062084692,0.9143629313967732,0.8100018939712268,False,False,False,route/default: outer_left_upper_to_top_reverse,,,,,-2.2455469193899504,1.0642951437919255,-1.5964317353165756,0.0,32.18999810602878,95.39007386487785,-1.5964317353165756,32.19058603087056,95.36714479604822,-1.7242772587121202,-0.00047631713216511606,25.849248698883045,95.54499256119857,0.28,0.28
19.877348534999328,58360000000,outer_left_upper_to_top_reverse,0.7416385735164697,0.9143629313967732,0.8110986874583256,False,False,False,route/default: outer_left_upper_to_top_reverse,,,,,-2.2455726254873043,1.0632926059951244,-1.5964317353165756,0.0,32.18890131254169,95.4328488108747,-1.5964317353165756,32.18945479919792,95.41126283128136,-1.72493995354792,-0.0006626948357997264,25.84517817930208,95.58311454714709,0.28,0.28
20.078315893999388,58560000000,outer_left_upper_to_top_reverse,0.7425204722139395,0.9143629313967732,0.8120631827010654,False,False,False,route/default: outer_left_upper_to_top_reverse,,,,,-2.245595230844556,1.0624109970623075,-1.5964317353165756,0.0,32.18793681729893,95.47046412534155,-1.5964317353165756,32.188430173189246,95.45122324561942,-1.72567671758999,-0.000736764042070126,25.84065172209931,95.62521102379714,0.28,0.28
20.278287883000303,58758000000,outer_left_upper_to_top_reverse,0.7433211446407486,0.9143629313967732,0.8129388442128307,False,False,False,route/default: outer_left_upper_to_top_reverse,,,,,-2.2456157541612383,1.0616105877117095,-1.5964317353165756,0.0,32.18706115578716,95.5046149243004,-1.5964317353165756,32.187497223074544,95.48760830009283,-1.7262266394936578,-0.0005499219036677605,25.837273872920434,95.65629167310163,0.28,0.28
20.47957623000002,58958000000,outer_left_upper_to_top_reverse,0.744060560228258,0.9143629313967732,0.8137475117146725,False,False,False,route/default: outer_left_upper_to_top_reverse,,,,,-2.2456347073058125,1.0608714150733072,-1.5964317353165756,0.0,32.186252488285334,95.53615295687223,-1.5964317353165756,32.18665011095793,95.52064567264102,-1.7267915919570287,-0.0005649524633708491,25.833803130273566,95.6880072935486,0.28,0.28
20.580590789999405,59059000000,outer_left_upper_to_top_reverse,0.7444052400892497,0.9143629313967732,0.8141244734758686,False,False,False,route/default: outer_left_upper_to_top_reverse,,,,,-2.2456435423470906,1.0605268484634638,-1.5964317353165756,0.0,32.18587552652413,95.55085446555887,-1.5964317353165756,32.186252488285334,95.53615295687223,-1.7270537236501775,-0.0002621316931488149,25.832192511941273,95.7026528847415,0.28,0.28
20.681545920000644,59159000000,outer_left_upper_to_top_reverse,0.7447295013173622,0.9143629313967732,0.8144791042433441,False,False,False,route/default: outer_left_upper_to_top_reverse,,,,,-2.2456518540057036,1.0602026937775682,-1.59643173531657,5.551115123125783e-15,32.18552089575665,95.56468506549044,-1.5964317353165756,32.18587552652413,95.55085446555887,-1.7273062653338764,-0.0002525416836989258,25.83064106414487,95.71669198430243,0.28,0.28
20.786965039998904,59261000000,outer_left_upper_to_top_reverse,0.7450444234061261,0.9143629313967732,0.814823521189778,False,False,False,route/default: outer_left_upper_to_top_reverse,,,,,-2.2456599262778854,1.0598878751624685,-1.5964317353165756,-5.551115123125783e-15,32.18517647881022,95.57811732640135,-1.59643173531657,32.18552089575665,95.56468506549044,-1.7275955010705415,-0.0002892357366650611,25.828864654016442,95.73265693021403,0.28,0.28
20.984033045000615,59464000000,outer_left_upper_to_top_reverse,0.7456127666594566,0.9143629313967732,0.8154450941274105,False,False,False,route/default: outer_left_upper_to_top_reverse,,,,,-2.245674494393611,1.0593197186491639,-1.5964317353165756,0.0,32.18455490587259,95.60235867096901,-1.5964317353165756,32.1848649228873,95.59026800739525,-1.7280352185514187,-0.00043971748087723306,25.826164058189406,95.75672994348034,0.28,0.28
21.18702208600007,59662000000,outer_left_upper_to_top_reverse,0.7461103656213944,0.9143629313967732,0.8159892970307124,False,False,False,route/default: outer_left_upper_to_top_reverse,,,,,-2.2456872491491575,1.0588222831828644,-1.59643173531657,5.551115123125783e-15,32.184010702969275,95.62358258419778,-1.5964317353165756,32.184275312283546,95.61326282094194,-1.728432042301978,-0.000396823750559383,25.8237266604646,95.77829827513534,0.28,0.28
21.285751923000134,59762000000,outer_left_upper_to_top_reverse,0.7463426229174531,0.9143629313967732,0.8162433069955564,False,False,False,route/default: outer_left_upper_to_top_reverse,,,,,-2.2456932025077085,1.0585901021993742,-1.59643173531657,0.0,32.18375669300444,95.63348897282671,-1.59643173531657,32.184010702969275,95.62358258419778,-1.7286169396931377,-0.00018489739115956638,25.82259153428862,95.78823817384045,0.28,0.28
21.390172211999015,59863000000,outer_left_upper_to_top_reverse,0.7465660894132793,0.9143629313967732,0.8164877028346186,False,False,False,route/default: outer_left_upper_to_top_reverse,,,,,-2.245698930535186,1.0583667091277316,-1.5964317353165756,-5.551115123125783e-15,32.18351229716539,95.64302041055012,-1.59643173531657,32.18375669300444,95.63348897282671,-1.7287942010493265,-0.0001772613561887848,25.821503557965755,95.79769994866797,0.28,0.28
21.4871098120002,59964000000,outer_left_upper_to_top_reverse,0.7467783451105923,0.9143629313967732,0.8167198378983058,False,False,False,route/default: outer_left_upper_to_top_reverse,,,,,-2.2457043712007416,1.0581545231710798,-1.5964317353165756,0.0,32.183280162101696,95.65207367803393,-1.5964317353165756,32.18351229716539,95.64302041055012,-1.7289635797292502,-0.00016937867992372624,25.820463883822285,95.80670373572846,0.28,0.28
21.587915575999432,60065000000,outer_left_upper_to_top_reverse,0.7469788457951092,0.9143629313967732,0.816939117002513,False,False,False,route/default: outer_left_upper_to_top_reverse,,,,,-2.245709510554746,1.0579540883648906,-1.5964317353165756,0.0,32.183060882997495,95.660625563098,-1.5964317353165756,32.183280162101696,95.65207367803393,-1.729124403343914,-0.00016082361466374095,25.81947652943215,95.81522997130989,0.28,0.28
21.688681843999802,60166000000,outer_left_upper_to_top_reverse,0.7471679685500476,0.9143629313967732,0.8171459525471796,False,False,False,route/default: outer_left_upper_to_top_reverse,,,,,-2.2457143582628247,1.0577650277498436,-1.59643173531657,5.551115123125783e-15,32.18285404745281,95.66869214934002,-1.5964317353165756,32.183060882997495,95.660625563098,-1.7292768418428601,-0.00015243849894619466,25.818540717267084,95.82327256421652,0.28,0.28
21.7883706169996,60266000000,outer_left_upper_to_top_reverse,0.7473453952134744,0.9143629313967732,0.8173399965720787,False,False,False,route/default: outer_left_upper_to_top_reverse,,,,,-2.245718906169658,1.0575876593833344,-1.5964317353165756,-5.551115123125783e-15,32.18266000342793,95.67625986631106,-1.59643173531657,32.18285404745281,95.66869214934002,-1.7294221354968924,-0.00014529365403226358,25.817649167712148,95.8308720487465,0.28,0.28
21.88845499600029,60368000000,outer_left_upper_to_top_reverse,0.7475176941653265,0.9143629313967732,0.8175284326360702,False,False,False,route/default: outer_left_upper_to_top_reverse,,,,,-2.245723322639908,1.057415417043592,-1.59643173531657,5.551115123125783e-15,32.18247156736392,95.68360887280673,-1.5964317353165756,32.18266000342793,95.67625986631106,-1.729561502983604,-0.0001393674867116168,25.816794417449785,95.83808977835801,0.28,0.28
21.989166837000084,60469000000,outer_left_upper_to_top_reverse,0.7476801536724124,0.9143629313967732,0.8177061077161805,False,False,False,route/default: outer_left_upper_to_top_reverse,,,,,-2.245727486899598,1.0572530109156788,-1.5964317353165756,-5.551115123125783e-15,32.18229389228382,95.69053820093103,-1.59643173531657,32.18247156736392,95.68360887280673,-1.7296952359164033,-0.00013373293279927978,25.815974357205405,95.84496690373439,0.28,0.28
22.08990668200022,60570000000,outer_left_upper_to_top_reverse,0.7478337055612955,0.9143629313967732,0.8178740409116443,False,False,False,route/default: outer_left_upper_to_top_reverse,,,,,-2.2457314228338667,1.0570995094792002,-1.5964317353165756,0.0,32.18212595908835,95.69708759555414,-1.5964317353165756,32.18229389228382,95.69053820093103,-1.729822558565063,-0.00012732264865977785,25.815193456020552,95.85149050786703,0.28,0.28
22.29031301699979,60768000000,outer_left_upper_to_top_reverse,0.7481078088789415,0.9143629313967732,0.818173816097442,False,False,False,route/default: outer_left_upper_to_top_reverse,,,,,-2.245738448814784,1.056825496223432,-1.5964317353165756,0.0,32.18182618390256,95.70877882780024,-1.5964317353165756,32.181974416102136,95.70299777201714,-1.7300569020417111,-0.0002343434766480801,25.813756274466357,95.86339670052388,0.28,0.28
22.39048989100047,60869000000,outer_left_upper_to_top_reverse,0.7482364225229139,0.9143629313967732,0.8183144753909852,False,False,False,route/default: outer_left_upper_to_top_reverse,,,,,-2.2457417455169764,1.0566969248379277,-1.59643173531657,5.551115123125783e-15,32.18168552460901,95.71426454024842,-1.5964317353165756,32.18182618390256,95.70877882780024,-1.7301658841101966,-0.00010898206848541925,25.813088524977204,95.86883900666564,0.28,0.28
22.592141320999872,61067000000,outer_left_upper_to_top_reverse,0.7484703192432918,0.9143629313967732,0.8185702783247509,False,False,False,route/default: outer_left_upper_to_top_reverse,,,,,-2.2457477408982363,1.0564631049687825,-1.5964317353165756,-5.551115123125783e-15,32.18142972167526,95.72424085466528,-1.5964317353165756,32.18155411751353,95.71938941697289,-1.730371073976931,-0.00020518986673434547,25.81183194098952,95.87893644339673,0.28,0.28
22.692146102999686,61169000000,outer_left_upper_to_top_reverse,0.7485801090197456,0.9143629313967732,0.8186903507518846,False,False,False,route/default: outer_left_upper_to_top_reverse,,,,,-2.2457505550957473,1.0563533512658556,-1.5964317353165756,0.0,32.18130964924812,95.72892367932349,-1.5964317353165756,32.18142972167526,95.72424085466528,-1.7304659303236292,-9.485634669825772e-05,25.811250895879468,95.88356713080188,0.28,0.28
22.893253549998917,61370000000,outer_left_upper_to_top_reverse,0.7487762170354397,0.9143629313967732,0.8189048257803009,False,False,False,route/default: outer_left_upper_to_top_reverse,,,,,-2.2457555818542256,1.0561573076851938,-1.5964317353165756,0.0,32.181095174219706,95.73728820543172,-1.5964317353165756,32.18120071540062,95.7331720993761,-1.7306403109980542,-0.00017438067442498983,25.810183298876368,95.89194997750042,0.28,0.28
22.993093355999008,61470000000,outer_left_upper_to_top_reverse,0.7488662709740042,0.9143629313967732,0.819003313957667,False,False,False,route/default: outer_left_upper_to_top_reverse,,,,,-2.245757890170883,1.05606728333557,-1.59643173531657,5.551115123125783e-15,32.18099668604232,95.74112924434903,-1.5964317353165756,32.181095174219706,95.73728820543172,-1.7307220915384818,-8.178054042762284e-05,25.80968329078111,95.89578660366743,0.28,0.28
23.094179945999713,61572000000,outer_left_upper_to_top_reverse,0.7489536141142409,0.9143629313967732,0.8190988374497483,False,False,False,route/default: outer_left_upper_to_top_reverse,,,,,-2.2457601290027283,1.0559799688935896,-1.5964317353165756,-5.551115123125783e-15,32.180901162550256,95.74485466054017,-1.59643173531657,32.18099668604232,95.74112924434903,-1.7308008753918263,-7.878385334447735e-05,25.809201781914737,95.89943867834378,0.28,0.28
23.295529148999776,61772000000,outer_left_upper_to_top_reverse,0.7491086584447155,0.9143629313967732,0.8192684028653517,False,False,False,route/default: outer_left_upper_to_top_reverse,,,,,-2.2457641031921565,1.0558249755058893,-1.5964317353165756,0.0,32.18073159713465,95.75146771174872,-1.5964317353165756,32.18081401436736,95.74825343967308,-1.7309463550438717,-0.00014547965204547708,25.808312383855636,95.90611191813983,0.28,0.28
23.396035944999312,61874000000,outer_left_upper_to_top_reverse,0.749179293262802,0.9143629313967732,0.8193456531733652,False,False,False,route/default: outer_left_upper_to_top_reverse,,,,,-2.2457659137462507,1.055754363896221,-1.5964317353165756,0.0,32.18065434682664,95.75448047376125,-1.5964317353165756,32.18073159713465,95.75146771174872,-1.731012708162783,-6.635311891134421e-05,25.807906988651567,95.90909091756836,0.28,0.28
23.59801043600055,62073000000,outer_left_upper_to_top_reverse,0.7493054235646615,0.9143629313967732,0.8194835965408492,False,False,False,route/default: outer_left_upper_to_top_reverse,,,,,-2.245769146793926,1.05562827503688,-1.5964317353165756,0.0,32.18051640345915,95.75986026509312,-1.5964317353165756,32.18058453047071,95.75720331164197,-1.7311372786586137,-0.00012457049583058932,25.807147338190305,95.91448861799162,0.28,0.28
23.69769717700001,62175000000,outer_left_upper_to_top_reverse,0.7493644172525218,0.9143629313967732,0.8195481154379246,False,False,False,route/default: outer_left_upper_to_top_reverse,,,,,-2.245770658955576,1.0555693007325222,-1.5964317353165756,0.0,32.18045188456209,95.76237650207906,-1.5964317353165756,32.18051640345915,95.75986026509312,-1.7311958190320684,-5.854037345476293e-05,25.8067906137115,95.91695986044269,0.28,0.28
23.798229420999633,62275000000,outer_left_upper_to_top_reverse,0.7494173327943638,0.9143629313967732,0.8196059869242076,False,False,False,route/default: outer_left_upper_to_top_reverse,,,,,-2.2457720153185363,1.0555164025770916,-1.59643173531657,5.551115123125783e-15,32.180394013075784,95.7646334900441,-1.5964317353165756,32.18045188456209,95.76237650207906,-1.7312507343880739,-5.491535600543607e-05,25.80645594461521,95.91924595317528,0.28,0.28
23.898567547999846,62375000000,outer_left_upper_to_top_reverse,0.7494649074329817,0.9143629313967732,0.819658017290908,False,False,False,route/default: outer_left_upper_to_top_reverse,,,,,-2.2457732347802555,1.0554688435700292,-1.5964317353165756,-5.551115123125783e-15,32.180341982709095,95.76666267434541,-1.59643173531657,32.180394013075784,95.7646334900441,-1.7313015754496839,-5.0841061610018556e-05,25.806146324846495,95.92130929210384,0.28,0.28
24.100158224999177,62574000000,outer_left_upper_to_top_reverse,0.7495479692435739,0.9143629313967732,0.8197488584741408,False,False,False,route/default: outer_left_upper_to_top_reverse,,,,,-2.2457753638704876,1.0553858090509807,-1.5964317353165756,0.0,32.18025114152586,95.77020548049148,-1.5964317353165756,32.18029564042472,95.76847002343644,-1.7313945887027593,-9.301325307542463e-05,25.805581545263863,95.92486877910974,0.28,0.28
24.200103273999048,62677000000,outer_left_upper_to_top_reverse,0.7495868141093336,0.9143629313967732,0.8197913414581134,False,False,False,route/default: outer_left_upper_to_top_reverse,,,,,-2.2457763595654243,1.0553469769484431,-1.5964317353165756,0.0,32.1802086585419,95.77186231686642,-1.5964317353165756,32.18025114152586,95.77020548049148,-1.7314384077329086,-4.3819030149272464e-05,25.805316065495262,95.9264640592354,0.28,0.28
24.400377693000337,62876000000,outer_left_upper_to_top_reverse,0.7496502619685808,0.9143629313967732,0.8198607316937283,False,False,False,route/default: outer_left_upper_to_top_reverse,,,,,-2.2457779858990716,1.0552835499362014,-1.5964317353165756,0.0,32.18013926830628,95.7745685360554,-1.5964317353165756,32.18017164613707,95.77330580065453,-1.731517768458646,-7.93607257374429e-05,25.80483576866932,95.92922965698739,0.28,0.28
24.601728188999914,63079000000,outer_left_upper_to_top_reverse,0.7500189121743932,0.9143629313967732,0.8202639088055228,False,False,False,route/default: outer_left_upper_to_top_reverse,,,,,-2.2457874353626295,1.0549150208574518,-1.5964317353165756,0.0,32.17973609119447,95.79029244341538,-1.59643173531657,32.18011100430245,95.77567083220416,-1.7294383570152732,0.0020794114433728694,25.796467751012017,95.94106291743648,0.28,0.28
24.802918213999874,63277000000,outer_left_upper_to_top_reverse,0.7504443685453218,0.9143629313967732,0.8207292124134443,False,False,False,route/default: outer_left_upper_to_top_reverse,,,,,-2.24579834091594,1.054489704278336,-1.5964317353165756,0.0,32.17927078758656,95.80843928412432,-1.5964317353165756,32.17952000663138,95.79871974137615,-1.7285424327734094,0.0008959242418637992,25.790556423733975,95.9610445271382,0.28,0.28
24.903278173000217,63377000000,outer_left_upper_to_top_reverse,0.7506647002753792,0.9143629313967732,0.8209701798919934,False,False,False,route/default: outer_left_upper_to_top_reverse,,,,,-2.2458039885912187,1.0542694449424748,-1.5964317353165756,0.0,32.179029820108,95.81783701578775,-1.5964317353165756,32.17927078758656,95.80843928412432,-1.728705108265707,-0.0001626754922976481,25.789552937162753,95.97046476545768,0.28,0.28
25.003343578000568,63477000000,outer_left_upper_to_top_reverse,0.7508782784458544,0.9143629313967732,0.8212037612885499,False,False,False,route/default: outer_left_upper_to_top_reverse,,,,,-2.2458094631552004,1.054055936947185,-1.5964317353165756,0.0,32.178796238711456,95.82694669025344,-1.5964317353165756,32.179029820108,95.81783701578775,-1.7288532372611407,-0.00014812899543370506,25.788568510430864,95.97948878496487,0.28,0.28
25.204305802999443,63677000000,outer_left_upper_to_top_reverse,0.751330949947526,0.9143629313967732,0.8216988289319638,False,False,False,route/default: outer_left_upper_to_top_reverse,,,,,-2.245821066303093,1.0536034141793769,-1.59643173531657,5.551115123125783e-15,32.17830117106803,95.84625432834659,-1.5964317353165756,32.17852909264694,95.83736538676945,-1.7283627189746216,0.0004905182865191371,25.78391694538432,95.99875777311937,0.28,0.28
25.30472233799992,63778000000,outer_left_upper_to_top_reverse,0.7515400149491342,0.9143629313967732,0.8219274744669363,False,False,False,route/default: outer_left_upper_to_top_reverse,,,,,-2.245826425182819,1.053394417870066,-1.5964317353165756,-5.551115123125783e-15,32.17807252553307,95.85517150421052,-1.59643173531657,32.17830117106803,95.84625432834659,-1.7285149148362833,-0.00015219586166170807,25.782976613472712,96.00753107628398,0.28,0.28
25.406476394999117,63880000000,outer_left_upper_to_top_reverse,0.7517415414878894,0.9143629313967732,0.8221478755044622,False,False,False,route/default: outer_left_upper_to_top_reverse,,,,,-2.245831590832136,1.0531929575467025,-1.59643173531657,5.551115123125783e-15,32.17785212449553,95.86376714467403,-1.5964317353165756,32.17807252553307,95.85517150421052,-1.7286903322713083,-0.00017541743502502705,25.781894436730894,96.01766517814113,0.28,0.28
25.60653522800021,64080000000,outer_left_upper_to_top_reverse,0.7521374296972485,0.9143629313967732,0.8225808416667654,False,False,False,route/default: outer_left_upper_to_top_reverse,,,,,-2.2458417384765648,1.0527971994139724,-1.5964317353165756,-5.551115123125783e-15,32.17741915833324,95.88065282500384,-1.59643173531657,32.177651616421244,95.87158695957135,-1.7288053340865395,-0.00011500181523116382,25.779671689001688,96.03367622540375,0.28,0.28
25.80795131999912,64280000000,outer_left_upper_to_top_reverse,0.7525360481331275,0.9143629313967732,0.823016793762144,False,False,False,route/default: outer_left_upper_to_top_reverse,,,,,-2.2458519561038,1.0523987119517901,-1.5964317353165756,0.0,32.176983206237864,95.89765495672361,-1.5964317353165756,32.17718832773504,95.88965521833353,-1.7284764826511236,0.00032885143541583345,25.775919487794184,96.05049811683638,0.28,0.28
26.00874415599901,64480000000,outer_left_upper_to_top_reverse,0.7528833699449045,0.9143629313967732,0.8233966449129845,False,False,False,route/default: outer_left_upper_to_top_reverse,,,,,-2.245860858865148,1.0520515042592251,-1.5964317353165756,0.0,32.176603355087025,95.91246915160639,-1.59643173531657,32.17679829625405,95.90486644609192,-1.728733185860808,-0.0002567032096842947,25.774335594349523,96.06529067574964,0.28,0.28
26.108562048999374,64581000000,outer_left_upper_to_top_reverse,0.7530509537315787,0.9143629313967732,0.8235799242005846,False,False,False,route/default: outer_left_upper_to_top_reverse,,,,,-2.245865154473451,1.0518839755354032,-1.5964317353165756,0.0,32.17642007579941,95.9196170438228,-1.5964317353165756,32.176603355087025,95.91246915160639,-1.728839876994001,-0.00010669113319305978,25.773552846362364,96.072225265997,0.28,0.28
26.209026881000682,64682000000,outer_left_upper_to_top_reverse,0.7532510757183685,0.9143629313967732,0.8237987891391315,False,False,False,route/default: outer_left_upper_to_top_reverse,,,,,-2.2458702841204485,1.0516839193025125,-1.59643173531657,5.551115123125783e-15,32.17620121086087,95.92815277642615,-1.5964317353165756,32.17642007579941,95.9196170438228,-1.7285855331126285,0.0002543438813724652,25.77153140566206,96.07974953630004,0.28,0.28
26.309809016000145,64782000000,outer_left_upper_to_top_reverse,0.7534108349860226,0.9143629313967732,0.8239735110817742,False,False,False,route/default: outer_left_upper_to_top_reverse,,,,,-2.245874379165979,1.0515242125268158,-1.59643173531657,0.0,32.176026488918225,95.93496693218918,-1.59643173531657,32.17620121086087,95.92815277642615,-1.7283844045648682,0.00020112854776033195,25.76967805593779,96.08732271048046,0.28,0.28
26.511154732999785,64983000000,outer_left_upper_to_top_reverse,0.7537273184814469,0.9143629313967732,0.8243196356725216,False,False,False,route/default: outer_left_upper_to_top_reverse,,,,,-2.245882491461075,1.0512078330180858,-1.59643173531657,0.0,32.17568036432748,95.94846579122833,-1.5964317353165756,32.17585343360459,95.94171608942077,-1.7286179288769523,-0.00023352431208412128,25.768237056095188,96.10073078762129,0.28,0.28
26.611322802998984,65083000000,outer_left_upper_to_top_reverse,0.7538746715279434,0.9143629313967732,0.8244807894566885,False,False,False,route/default: outer_left_upper_to_top_reverse,,,,,-2.245886268502891,1.0510605283872456,-1.5964317353165756,-5.551115123125783e-15,32.175519210543314,95.95475078881086,-1.59643173531657,32.17568036432748,95.94846579122833,-1.7287267149835772,-0.00010878610662490296,25.76756561548332,96.10701598611847,0.28,0.28
26.715571159998944,65186000000,outer_left_upper_to_top_reverse,0.7540428018371047,0.9143629313967732,0.8246646664527785,False,False,False,route/default: outer_left_upper_to_top_reverse,,,,,-2.245890578119987,1.050892453320507,-1.59643173531657,5.551115123125783e-15,32.17533533354721,95.96192199165836,-1.5964317353165756,32.175519210543314,95.95475078881086,-1.7287303568965595,-3.641912982299545e-06,25.766562272457747,96.11326757068954,0.28,0.28
26.812064935000308,65286000000,outer_left_upper_to_top_reverse,0.7542105639092724,0.9143629313967732,0.8248481407236694,False,False,False,route/default: outer_left_upper_to_top_reverse,,,,,-2.245894878298211,1.050724746369771,-1.5964317353165756,-5.551115123125783e-15,32.17515185927634,95.96907748822309,-1.59643173531657,32.17533533354721,95.96192199165836,-1.7283697596772183,0.0003605972193412299,25.764279165473155,96.12035083510028,0.28,0.28
27.014226150999093,65487000000,outer_left_upper_to_top_reverse,0.754499833088105,0.9143629313967732,0.8251645021693271,False,False,False,route/default: outer_left_upper_to_top_reverse,,,,,-2.2459022930195935,1.0504355722358494,-1.5964317353165756,0.0,32.17483549783067,95.98141558460375,-1.5964317353165756,32.174993297182695,95.97526140987537,-1.7285082101080216,-0.0001384504308032941,25.762701271905314,96.13275455718438,0.28,0.28
27.1138345950003,65588000000,outer_left_upper_to_top_reverse,0.7546360788868678,0.9143629313967732,0.8253135084272194,False,False,False,route/default: outer_left_upper_to_top_reverse,,,,,-2.245905785353763,1.050299371203245,-1.5964317353165756,0.0,32.174686491572785,95.98722682866156,-1.5964317353165756,32.17483549783067,95.98141558460375,-1.72860860472167,-0.00010039461364841351,25.76208162872814,96.13853570983729,0.28,0.28
27.214629152998896,65688000000,outer_left_upper_to_top_reverse,0.754767297204129,0.9143629313967732,0.8254570163415886,False,False,False,route/default: outer_left_upper_to_top_reverse,,,,,-2.245909148820506,1.0501681960002667,-1.5964317353165756,0.0,32.17454298365841,95.99282363732195,-1.5964317353165756,32.174686491572785,95.98722682866156,-1.7287007016961973,-9.209697452727816e-05,25.761476372097164,96.14407795498282,0.28,0.28
27.415643067999554,65887000000,outer_left_upper_to_top_reverse,0.7550549704249921,0.9143629313967732,0.8257716323556298,False,False,False,route/default: outer_left_upper_to_top_reverse,,,,,-2.245916522633335,1.0498806172999322,-1.5964317353165756,0.0,32.174228367644375,96.00509366186957,-1.5964317353165756,32.174368209643646,95.99963982389784,-1.7283056777687622,0.00039502392743506753,25.75825785231497,96.15625601930874,0.28,0.28
27.616271416000018,66086000000,outer_left_upper_to_top_reverse,0.7553078410956848,0.9143629313967732,0.8260481862950009,False,False,False,route/default: outer_left_upper_to_top_reverse,,,,,-2.245923004366289,1.049627829714726,-1.5964317353165756,0.0,32.173951813705,96.01587926550503,-1.5964317353165756,32.17408742772932,96.0105903185568,-1.7284948188239526,-0.00018914105519041158,25.757090419084193,96.1670686794564,0.28,0.28
27.817154664000554,66288000000,outer_left_upper_to_top_reverse,0.7555576009258834,0.9143629313967732,0.826321338039918,False,False,False,route/default: outer_left_upper_to_top_reverse,,,,,-2.2459294063603106,1.0493781519478875,-1.5964317353165756,0.0,32.17367866196008,96.0265321835568,-1.5964317353165756,32.17382585459957,96.0207916706166,-1.7286155630713465,-0.0001207442473938336,25.755843960432927,96.1770985947398,0.28,0.28
27.91742880200036,66389000000,outer_left_upper_to_top_reverse,0.7556988695541716,0.9143629313967732,0.8264758375536642,False,False,False,route/default: outer_left_upper_to_top_reverse,,,,,-2.245933027442664,1.0492369297361037,-1.5964317353165756,0.0,32.17352416244633,96.03255766459291,-1.5964317353165756,32.17367866196008,96.0265321835568,-1.728303015183151,0.00031254788819534696,25.753928351856473,96.18282639034747,0.28,0.28
28.017481303999375,66490000000,outer_left_upper_to_top_reverse,0.7558179512756926,0.9143629313967732,0.8266060721874534,False,False,False,route/default: outer_left_upper_to_top_reverse,,,,,-2.2459360798168935,1.049117887141156,-1.5964317353165756,0.0,32.17339392781254,96.03763681531068,-1.5964317353165756,32.17352416244633,96.03255766459291,-1.7283060526362413,-3.037453090160014e-06,25.753095699781326,96.18800428194302,0.28,0.28
28.218926681000084,66690000000,outer_left_upper_to_top_reverse,0.7560416809242109,0.9143629313967732,0.8268507558254663,False,False,False,route/default: outer_left_upper_to_top_reverse,,,,,-2.2459418145896595,1.0488942310032847,-1.5964317353165756,0.0,32.173149244174525,96.04717947719318,-1.59643173531657,32.17327102968302,96.04242984236164,-1.72847342407018,-0.00016737143393874554,25.752062455720093,96.19757617193623,0.28,0.28
28.31945323599939,66790000000,outer_left_upper_to_top_reverse,0.7561470708270019,0.9143629313967732,0.8269660162971808,False,False,False,route/default: outer_left_upper_to_top_reverse,,,,,-2.2459445160069653,1.0487888757283583,-1.59643173531657,5.551115123125783e-15,32.17303398370281,96.05167463559005,-1.5964317353165756,32.173149244174525,96.04717947719318,-1.7285503452695796,-7.69211993996155e-05,25.751579234144117,96.20205924361449,0.28,0.28
28.523108358000172,66990000000,outer_left_upper_to_top_reverse,0.7563799496176885,0.9143629313967732,0.8272207059643689,False,False,False,route/default: outer_left_upper_to_top_reverse,,,,,-2.24595048529604,1.048556073454444,-1.5964317353165756,-5.551115123125783e-15,32.172779294035635,96.0616075326104,-1.5964317353165756,32.172893801355826,96.05714174712266,-1.7282230882488447,0.0003272570207348835,25.748948062477325,96.21189421707064,0.28,0.28
28.62101894300031,67091000000,outer_left_upper_to_top_reverse,0.7564863969419654,0.9143629313967732,0.8273371228931635,False,False,False,route/default: outer_left_upper_to_top_reverse,,,,,-2.2459532138178084,1.0484496611054677,-1.5964317353165756,0.0,32.172662877106845,96.06614779283338,-1.5964317353165756,32.172779294035635,96.0616075326104,-1.7283015345440542,-7.844629520947777e-05,25.748463716679467,96.21634615750902,0.28,0.28
28.721818841999266,67194000000,outer_left_upper_to_top_reverse,0.7565899403107199,0.9143629313967732,0.8274503638888329,False,False,False,route/default: outer_left_upper_to_top_reverse,,,,,-2.2459558679036444,1.0483461517578636,-1.5964317353165756,0.0,32.17254963611117,96.07056419166449,-1.5964317353165756,32.172662877106845,96.06614779283338,-1.72837703076393,-7.549621987568145e-05,25.747997583016627,96.22064990711628,0.28,0.28
28.822719562000202,67295000000,outer_left_upper_to_top_reverse,0.7566871947700884,0.9143629313967732,0.8275567269707439,False,False,False,route/default: outer_left_upper_to_top_reverse,,,,,-2.245958360788377,1.0482489292533044,-1.5964317353165756,0.0,32.17244327302926,96.07471235185902,-1.5964317353165756,32.17254963611117,96.07056419166449,-1.7284485089719004,-7.147820797048787e-05,25.74755535588828,96.22476724940664,0.28,0.28
29.02368257099988,67496000000,outer_left_upper_to_top_reverse,0.7569222558196294,0.9143629313967732,0.827813803281987,False,False,False,route/default: outer_left_upper_to_top_reverse,,,,,-2.2459643860144216,1.0480139454375588,-1.5964317353165756,0.0,32.172186196718016,96.0847383279975,-1.5964317353165756,32.172317839687764,96.0796042521773,-1.7281139220540203,0.00033458691788013084,25.745021807093977,96.23384468498972,0.28,0.28
29.12577261200022,67596000000,outer_left_upper_to_top_reverse,0.7570220985725731,0.9143629313967732,0.8279229970709251,False,False,False,route/default: outer_left_upper_to_top_reverse,,,,,-2.24596694524385,1.0479141354898576,-1.59643173531657,5.551115123125783e-15,32.17207700292907,96.08899688576608,-1.5964317353165756,32.172186196718016,96.0847383279975,-1.7281179791920362,-4.057138015989281e-06,25.74432067958172,96.23821917717085,0.28,0.28
29.326694954999766,67797000000,outer_left_upper_to_top_reverse,0.7572122982534891,0.9143629313967732,0.8281310104039081,False,False,False,route/default: outer_left_upper_to_top_reverse,,,,,-2.2459718205563415,1.0477239983026778,-1.5964317353165756,-5.551115123125783e-15,32.17186898959609,96.09710940575242,-1.5964317353165756,32.171972069137254,96.09308930364755,-1.7282599905241929,-0.00014201133215663297,25.743443790933213,96.24631050125605,0.28,0.28
29.531301990999054,67998000000,outer_left_upper_to_top_reverse,0.7574197025012842,0.9143629313967732,0.8283578396427951,False,False,False,route/default: outer_left_upper_to_top_reverse,,,,,-2.245977136866628,1.0475166622015077,-1.59643173531657,5.551115123125783e-15,32.171642160357194,96.105955746069,-1.5964317353165756,32.171771347412076,96.10091745092903,-1.7280656833665626,0.00019430715763024686,25.74136442420466,96.25532250168912,0.28,0.28
29.627304580999407,68098000000,outer_left_upper_to_top_reverse,0.7575107272038827,0.9143629313967732,0.8284573895036577,False,False,False,route/default: outer_left_upper_to_top_reverse,,,,,-2.245979470066492,1.047425667406813,-1.59643173531657,0.0,32.17154261049633,96.10983819064265,-1.59643173531657,32.171642160357194,96.105955746069,-1.7279647220506318,0.00010096131593084756,25.740488188392376,96.25876746144414,0.28,0.28
29.82823169400035,68303000000,outer_left_upper_to_top_reverse,0.7576951967556725,0.9143629313967732,0.8286591360371791,False,False,False,route/default: outer_left_upper_to_top_reverse,,,,,-2.2459841985008713,1.047241258466016,-1.5964317353165756,-5.551115123125783e-15,32.171340863962826,96.11770630544999,-1.5964317353165756,32.171442756393574,96.11373250065051,-1.7281129775214799,-0.00014825547084806876,25.73957266866404,96.26718038892862,0.28,0.28
29.928115757998967,68403000000,outer_left_upper_to_top_reverse,0.7577778546526903,0.9143629313967732,0.8287495354772477,False,False,False,route/default: outer_left_upper_to_top_reverse,,,,,-2.245986317237748,1.0471586277278284,-1.5964317353165756,0.0,32.17125046452276,96.12123188361265,-1.5964317353165756,32.171340863962826,96.11770630544999,-1.728174459078968,-6.148155748819661e-05,25.739190735409295,96.27072573784909,0.28,0.28
30.028958237999177,68506000000,outer_left_upper_to_top_reverse,0.7578871723751961,0.9143629313967732,0.8288690916389775,False,False,False,route/default: outer_left_upper_to_top_reverse,,,,,-2.2459891193352886,1.047049345923747,-1.5964317353165756,0.0,32.17113090836102,96.12589457392012,-1.5964317353165756,32.17125046452276,96.12123188361265,-1.7281155705587863,5.888852018176571e-05,25.73840275781383,96.27440597416847,0.28,0.28
30.12899159399967,68606000000,outer_left_upper_to_top_reverse,0.7579789783147005,0.9143629313967732,0.8289694959055461,False,False,False,route/default: outer_left_upper_to_top_reverse,,,,,-2.245991472560286,1.0469575701488367,-1.5964317353165756,0.0,32.17103050409446,96.1298103403163,-1.5964317353165756,32.17113090836102,96.12589457392012,-1.7278464328643837,0.00026913769440262136,25.73686065714395,96.278671324184,0.28,0.28
30.229342427999654,68706000000,outer_left_upper_to_top_reverse,0.7580653634918096,0.9143629313967732,0.8290639717139401,False,False,False,route/default: outer_left_upper_to_top_reverse,,,,,-2.2459936868370454,1.0468712133552267,-1.5964317353165756,0.0,32.170936028286064,96.13349489684366,-1.5964317353165756,32.17103050409446,96.1298103403163,-1.7278958979781618,-4.946511377812435e-05,25.736412182270143,96.28234488932392,0.28,0.28
30.329409893000047,68807000000,outer_left_upper_to_top_reverse,0.7581487092183637,0.9143629313967732,0.8291551234040319,False,False,False,route/default: outer_left_upper_to_top_reverse,,,,,-2.245995823204782,1.0467878950135021,-1.5964317353165756,0.0,32.17084487659598,96.13704981275724,-1.5964317353165756,32.170936028286064,96.13349489684366,-1.727958283606497,-6.238562833527084e-05,25.736026904001903,96.2858824066901,0.28,0.28
30.430424948999644,68908000000,outer_left_upper_to_top_reverse,0.7582287418242291,0.9143629313967732,0.8292426516743906,False,False,False,route/default: outer_left_upper_to_top_reverse,,,,,-2.2459978746486184,1.0467078887038772,-1.5964317353165756,0.0,32.17075734832561,96.14046341530124,-1.5964317353165756,32.17084487659598,96.13704981275724,-1.7280173871033395,-5.9103496842460856e-05,25.735661834242535,96.28925226305425,0.28,0.28
30.631429110999306,69107000000,outer_left_upper_to_top_reverse,0.7584128877699495,0.9143629313967732,0.8294440442936639,False,False,False,route/default: outer_left_upper_to_top_reverse,,,,,-2.246002594788133,1.0465238032628228,-1.5964317353165756,0.0,32.170555955706334,96.14831772745289,-1.5964317353165756,32.170671592448585,96.14380789450537,-1.7278355827594822,0.0001818043438572836,25.733929013803774,96.29636184377968,0.28,0.28
30.73167257299974,69210000000,outer_left_upper_to_top_reverse,0.7584957515035572,0.9143629313967732,0.8295346688484905,False,False,False,route/default: outer_left_upper_to_top_reverse,,,,,-2.2460047188011365,1.0464409667556767,-1.5964317353165756,0.0,32.170465331151505,96.15185208509114,-1.5964317353165756,32.170555955706334,96.14831772745289,-1.7277428173973886,9.276536209368302e-05,25.73303195259365,96.300087323003,0.28,0.28
30.832356695998897,69310000000,outer_left_upper_to_top_reverse,0.7585754413804701,0.9143629313967732,0.829621822290714,False,False,False,route/default: outer_left_upper_to_top_reverse,,,,,-2.2460067614599386,1.0463613030623942,-1.5964317353165756,0.0,32.17037817770928,96.15525106933785,-1.5964317353165756,32.170465331151505,96.15185208509114,-1.7278027231123125,-5.9905714923980113e-05,25.732657402183023,96.30348175583832,0.28,0.28
31.033525943999848,69507000000,outer_left_upper_to_top_reverse,0.7587224757511671,0.9143629313967732,0.8297826275526601,False,False,False,route/default: outer_left_upper_to_top_reverse,,,,,-2.2460105303332654,1.0462143170026468,-1.5964317353165756,0.0,32.17021737244734,96.16152247455373,-1.5964317353165756,32.17029684164096,96.15842317600256,-1.727914067026922,-0.00011134391460942972,25.731969570597656,96.30983250310642,0.28,0.28
31.1335034549993,69609000000,outer_left_upper_to_top_reverse,0.7588131732568618,0.9143629313967732,0.8298818195721311,False,False,False,route/default: outer_left_upper_to_top_reverse,,,,,-2.2460128551462217,1.046123649297349,-1.5964317353165756,0.0,32.17011818042788,96.16539096331311,-1.5964317353165756,32.17021737244734,96.16152247455373,-1.727900031645027,1.4035381894927923e-05,25.731410104062874,96.31297760882745,0.28,0.28
31.338190512999063,69808000000,outer_left_upper_to_top_reverse,0.7589737087956857,0.9143629313967732,0.8300573904896645,False,False,False,route/default: outer_left_upper_to_top_reverse,,,,,-2.2460169700896015,1.0459631665055409,-1.5964317353165756,0.0,32.16994260951033,96.17223822909692,-1.5964317353165756,32.17002760742008,96.16892331061703,-1.7276276661958008,0.000272365449226264,25.729376956026385,96.32016361036699,0.28,0.28
31.43395052699998,69908000000,outer_left_upper_to_top_reverse,0.7590474796924229,0.9143629313967732,0.8301380705940347,False,False,False,route/default: outer_left_upper_to_top_reverse,,,,,-2.2460188610295475,1.04588941984764,-1.5964317353165756,0.0,32.16986192940597,96.17538475316736,-1.5964317353165756,32.16994260951033,96.17223822909692,-1.7276838383832345,-5.617218743370067e-05,25.729030001583638,96.32332536482146,0.28,0.28
31.634467328000028,70109000000,outer_left_upper_to_top_reverse,0.7591878189479113,0.9143629313967732,0.8302915536921235,False,False,False,route/default: outer_left_upper_to_top_reverse,,,,,-2.246022458289659,1.0457491267032935,-1.5964317353165756,0.0,32.16970844630788,96.18137059399281,-1.59643173531657,32.169785547683716,96.17836364033475,-1.7277849107395027,-0.00010107235626821698,25.728384187359595,96.32923409307753,0.28,0.28
31.735154535999754,70211000000,outer_left_upper_to_top_reverse,0.759289131177854,0.9143629313967732,0.8304023545857993,False,False,False,route/default: outer_left_upper_to_top_reverse,,,,,-2.2460250551856045,1.0456478477614177,-1.5964317353165756,0.0,32.169597645414214,96.18569182884617,-1.5964317353165756,32.16970844630788,96.18137059399281,-1.7276282904732452,0.00015662026625751221,25.727347346659485,96.33253818183108,0.28,0.28
31.84289610399901,70314000000,outer_left_upper_to_top_reverse,0.7593615217593723,0.9143629313967732,0.8304815250978931,False,False,False,route/default: outer_left_upper_to_top_reverse,,,,,-2.2460269107444817,1.0455754809652071,-1.5964317353165756,0.0,32.16951847490212,96.18877947881784,-1.5964317353165756,32.169597645414214,96.18569182884617,-1.72748556146421,0.00014272900903522512,25.72623522519075,96.33660282625442,0.28,0.28
31.937683427999218,70416000000,outer_left_upper_to_top_reverse,0.7594336365962934,0.9143629313967732,0.8305603940398031,False,False,False,route/default: outer_left_upper_to_top_reverse,,,,,-2.246028759235308,1.0455033898229926,-1.5964317353165756,0.0,32.16943960596019,96.19185536755232,-1.5964317353165756,32.16951847490212,96.18877947881784,-1.7275283995494601,-4.283808525018529e-05,25.725970556698996,96.33899691476996,0.28,0.28
32.13922411800013,70616000000,outer_left_upper_to_top_reverse,0.7595680116751086,0.9143629313967732,0.8307073543705439,False,False,False,route/default: outer_left_upper_to_top_reverse,,,,,-2.2460322036180598,1.0453690588956748,-1.59643173531657,5.551115123125783e-15,32.169292645629454,96.1975868204512,-1.5964317353165756,32.16936527898493,96.19475411958767,-1.7276292892127831,-0.00010088966332300053,25.725347240129267,96.34473082511597,0.28,0.28
32.24039343000004,70721000000,outer_left_upper_to_top_reverse,0.7596536696484728,0.9143629313967732,0.8308010348670108,False,False,False,route/default: outer_left_upper_to_top_reverse,,,,,-2.2460343992546954,1.0452834290668729,-1.5964317353165756,-5.551115123125783e-15,32.16919896513299,96.20124035981343,-1.59643173531657,32.169292645629454,96.1975868204512,-1.7276148457041385,1.4443508644657044e-05,25.724741056424435,96.34815408759593,0.28,0.28
32.443029608999495,70919000000,outer_left_upper_to_top_reverse,0.7598056091704886,0.9143629313967732,0.8309672046851416,False,False,False,route/default: outer_left_upper_to_top_reverse,,,,,-2.246038293859808,1.0451315394674876,-1.5964317353165756,0.0,32.16903279531486,96.20772098272053,-1.5964317353165756,32.169108630466965,96.20476341178816,-1.7273207315945702,0.0002941141095682554,25.72272740882839,96.3547849760356,0.28,0.28
32.64470603100017,71120000000,outer_left_upper_to_top_reverse,0.7599402782374152,0.9143629313967732,0.8311144865382247,False,False,False,route/default: outer_left_upper_to_top_reverse,,,,,-2.2460417457782396,1.044996914648654,-1.5964317353165756,0.0,32.168885513461774,96.21346497499077,-1.59643173531657,32.16896001767314,96.21055931074724,-1.7274216813208454,-0.00010094972627516796,25.722103786416127,96.36049108812263,0.28,0.28
32.843565294000655,71321000000,outer_left_upper_to_top_reverse,0.7600917974525522,0.9143629313967732,0.8312801966845291,False,False,False,route/default: outer_left_upper_to_top_reverse,,,,,-2.2460456296097937,1.0448454452180476,-1.5964317353165756,0.0,32.16871980331547,96.21992767069663,-1.59643173531657,32.168817545489205,96.21611572592099,-1.7273294083344246,9.227298642078274e-05,25.72087312149857,96.36624395457468,0.28,0.28
32.9439167799992,71421000000,outer_left_upper_to_top_reverse,0.7601554104520445,0.9143629313967732,0.8313497675270337,False,False,False,route/default: outer_left_upper_to_top_reverse,,,,,-2.246047260176415,1.0447818531198207,-1.59643173531657,5.551115123125783e-15,32.168650232472956,96.22264093355432,-1.5964317353165756,32.16871980331547,96.21992767069663,-1.727188300419185,0.00014110791523958,25.71990832425449,96.36943639022452,0.28,0.28
33.04579487199953,71522000000,outer_left_upper_to_top_reverse,0.7602212942939808,0.9143629313967732,0.8314218218937125,False,False,False,route/default: outer_left_upper_to_top_reverse,,,,,-2.2460489489506337,1.0447159909252783,-1.5964317353165756,-5.551115123125783e-15,32.1685781781063,96.2254510538548,-1.59643173531657,32.168650232472956,96.22264093355432,-1.7272380613498572,-4.9760930672215764e-05,25.719600753356232,96.37221071876884,0.28,0.28
33.146128373000465,71622000000,outer_left_upper_to_top_reverse,0.7602837661524717,0.9143629313967732,0.8314901447186498,False,False,False,route/default: outer_left_upper_to_top_reverse,,,,,-2.2460505502668435,1.0446535395931091,-1.59643173531657,5.551115123125783e-15,32.16850985528134,96.22811564402734,-1.5964317353165756,32.1685781781063,96.2254510538548,-1.7272852741479499,-4.72127980926107e-05,25.71930906530791,96.37488223387987,0.28,0.28
33.246473257000616,71724000000,outer_left_upper_to_top_reverse,0.7603449353751107,0.9143629313967732,0.8315570429059435,False,False,False,route/default: outer_left_upper_to_top_reverse,,,,,-2.246052118193108,1.044592390468786,-1.5964317353165756,-5.551115123125783e-15,32.16844295709406,96.2307246733318,-1.59643173531657,32.16850985528134,96.22811564402734,-1.7273300274477665,-4.475329981667997e-05,25.719032474328174,96.37743941277085,0.28,0.28
33.347170492999794,71824000000,outer_left_upper_to_top_reverse,0.7604129861952553,0.9143629313967732,0.831631467204882,False,False,False,route/default: outer_left_upper_to_top_reverse,,,,,-2.2460538625126145,1.0445243620080376,-1.5964317353165756,0.0,32.168368532795114,96.2336272209904,-1.5964317353165756,32.16844295709406,96.2307246733318,-1.727339733765661,-9.706317894542238e-06,25.718644526140338,96.3799927547726,0.28,0.28
33.44801464000011,71924000000,outer_left_upper_to_top_reverse,0.7604873698607509,0.9143629313967732,0.8317128174684825,False,False,False,route/default: outer_left_upper_to_top_reverse,,,,,-2.2460557691594176,1.0444500027827153,-1.5964317353165756,0.0,32.168287182531515,96.23679988127081,-1.5964317353165756,32.168368532795114,96.2336272209904,-1.7271170818644042,0.0002226519012569206,25.71743457031876,96.38309432330796,0.28,0.28
33.54855989099997,72026000000,outer_left_upper_to_top_reverse,0.7605503556656877,0.9143629313967732,0.8317817023748736,False,False,False,route/default: outer_left_upper_to_top_reverse,,,,,-2.2460573836494113,1.0443870376729671,-1.59643173531657,5.551115123125783e-15,32.16821829762512,96.23948639262007,-1.5964317353165756,32.168287182531515,96.23679988127081,-1.7271220399888334,-4.958124429244037e-06,25.717001042471395,96.38581275790905,0.28,0.28
33.750097206000646,72224000000,outer_left_upper_to_top_reverse,0.7606665203066579,0.9143629313967732,0.83190874672125,False,False,False,route/default: outer_left_upper_to_top_reverse,,,,,-2.2460603612512795,1.0442709112001074,-1.59643173531657,0.0,32.168091253278746,96.24444112212875,-1.59643173531657,32.16815408129173,96.24199082962222,-1.727211090239672,-8.905025083860707e-05,25.71645077667762,96.39081439248558,0.28,0.28
33.951015984999685,72417000000,outer_left_upper_to_top_reverse,0.7607905219432293,0.9143629313967732,0.8320443620576919,False,False,False,route/default: outer_left_upper_to_top_reverse,,,,,-2.246063539735727,1.044146950306641,-1.5964317353165756,-5.551115123125783e-15,32.16795563794231,96.24973012024999,-1.5964317353165756,32.168034963675396,96.2466364166596,-1.7272081324770778,2.9577625941801244e-06,25.715725649854107,96.39518754474781,0.28,0.28
34.05143267499989,72522000000,outer_left_upper_to_top_reverse,0.7608481017244682,0.9143629313967732,0.8321073346249973,False,False,False,route/default: outer_left_upper_to_top_reverse,,,,,-2.2460650156552733,1.0440893894443384,-1.5964317353165756,0.0,32.16789266537501,96.2521860503749,-1.5964317353165756,32.16795563794231,96.24973012024999,-1.7270270501651026,0.0001810823119752225,25.714603270691768,96.39855890032204,0.28,0.28
34.15178338899932,72625000000,outer_left_upper_to_top_reverse,0.7609065513252832,0.9143629313967732,0.8321712584771221,False,False,False,route/default: outer_left_upper_to_top_reverse,,,,,-2.2460665138705576,1.0440309590482555,-1.5964317353165756,0.0,32.16782874152288,96.25467908060777,-1.5964317353165756,32.16789266537501,96.2521860503749,-1.7270702910637978,-4.324089869522929e-05,25.714335380445917,96.40095457233578,0.28,0.28
34.252997049999976,72726000000,outer_left_upper_to_top_reverse,0.7609611357937976,0.9143629313967732,0.8322309551978007,False,False,False,route/default: outer_left_upper_to_top_reverse,,,,,-2.2460679130124483,1.0439763925145105,-1.5964317353165756,0.0,32.1677690448022,96.25700725271422,-1.5964317353165756,32.16782874152288,96.25467908060777,-1.7271114669381116,-4.1175874313736927e-05,25.7140809118293,96.40326604047074,0.28,0.28
34.35326622200046,72827000000,outer_left_upper_to_top_reverse,0.7610143109214601,0.9143629313967732,0.8322891105820979,False,False,False,route/default: outer_left_upper_to_top_reverse,,,,,-2.2460692760292678,1.0439232348585512,-1.5964317353165756,0.0,32.167710889417904,96.25927531270182,-1.5964317353165756,32.1677690448022,96.25700725271422,-1.7271504084478047,-3.894150969308008e-05,25.71384014627951,96.40547955248125,0.28,0.28
34.555079706999095,73023000000,outer_left_upper_to_top_reverse,0.7611363831564089,0.9143629313967732,0.8324226158137265,False,False,False,route/default: outer_left_upper_to_top_reverse,,,,,-2.2460724050581344,1.0438012027327657,-1.59643173531657,5.551115123125783e-15,32.16757738418626,96.26448201673533,-1.5964317353165756,32.16765030982235,96.26163791692882,-1.7269841890079067,0.00016621943989791885,25.712519214104873,96.41032511601645,0.28,0.28
34.75627772400003,73217000000,outer_left_upper_to_top_reverse,0.7612389698315257,0.9143629313967732,0.8325348105140958,False,False,False,route/default: outer_left_upper_to_top_reverse,,,,,-2.246075034621424,1.0436986497644591,-1.5964317353165756,-5.551115123125783e-15,32.167465189485895,96.26885761004975,-1.5964317353165756,32.167519848725945,96.26672589968793,-1.7270093496269587,-2.51606190520004e-05,25.711908541936324,96.41445396284115,0.28,0.28
34.856975452999905,73321000000,outer_left_upper_to_top_reverse,0.7612909462579716,0.9143629313967732,0.8325916549296567,False,False,False,route/default: outer_left_upper_to_top_reverse,,,,,-2.2460763669124137,1.0436466904158608,-1.5964317353165756,0.0,32.16740834507034,96.27107454225661,-1.5964317353165756,32.167465189485895,96.26885761004975,-1.7270550494102643,-4.5699783305597215e-05,25.711626032591553,96.4170110823499,0.28,0.28
35.05812598000011,73506000000,outer_left_upper_to_top_reverse,0.7613907084255988,0.9143629313967732,0.8327007605858482,False,False,False,route/default: outer_left_upper_to_top_reverse,,,,,-2.246078924076231,1.043546961026998,-1.5964317353165756,0.0,32.16729923941415,96.27532966284808,-1.59643173531657,32.16735718731695,96.27306969463866,-1.7270698015518178,-1.47521415534424e-05,25.71105812294148,96.42074998227629,0.28,0.28
35.157858288999705,73617000000,outer_left_upper_to_top_reverse,0.7614495899943805,0.9143629313967732,0.8327651568630374,False,False,False,route/default: outer_left_upper_to_top_reverse,,,,,-2.2460804333639772,1.0434880988048798,-1.5964317353165756,0.0,32.16723484313697,96.27784111765847,-1.5964317353165756,32.16729923941415,96.27532966284808,-1.7268935365217144,0.00017626503010337302,25.710089171171447,96.42326230639749,0.28,0.28
35.25918237899896,73720000000,outer_left_upper_to_top_reverse,0.7615013720387975,0.9143629313967732,0.8328217886912086,False,False,False,route/default: outer_left_upper_to_top_reverse,,,,,-2.24608176067245,1.0434363337744421,-1.5964317353165756,0.0,32.167178211308794,96.28004975895713,-1.5964317353165756,32.16723484313697,96.27784111765847,-1.7269255123481149,-3.197582640046548e-05,25.709832186140204,96.42538574873569,0.28,0.28
35.460426342000574,73922000000,outer_left_upper_to_top_reverse,0.7615949813683238,0.9143629313967732,0.8329241652490414,False,False,False,route/default: outer_left_upper_to_top_reverse,,,,,-2.2460841601230244,1.043342755202048,-1.5964317353165756,0.0,32.16707583475096,96.28404244471263,-1.5964317353165756,32.16712794711556,96.28201006249306,-1.7270034098632514,-7.789751513653798e-05,25.7093505077177,96.42974057204873,0.28,0.28
35.560607146999246,74022000000,outer_left_upper_to_top_reverse,0.761642352614026,0.9143629313967732,0.832975973173527,False,False,False,route/default: outer_left_upper_to_top_reverse,,,,,-2.2460853743712543,1.043295399521073,-1.5964317353165756,0.0,32.16702402682648,96.28606295376755,-1.5964317353165756,32.16707583475096,96.28404244471263,-1.7270276173043688,-2.420744111741868e-05,25.709117480964053,96.4316229969731,0.28,0.28
35.66106377200049,74123000000,outer_left_upper_to_top_reverse,0.7617032365422459,0.9143629313967732,0.8330425593464014,False,False,False,route/default: outer_left_upper_to_top_reverse,,,,,-2.2460869349846813,1.04323453559743,-1.5964317353165756,0.0,32.166957440653604,96.28865981450966,-1.5964317353165756,32.16702402682648,96.28606295376755,-1.7268719467120452,0.00015567059232357575,25.708249983811086,96.43389344965685,0.28,0.28
35.76203951500065,74223000000,outer_left_upper_to_top_reverse,0.7617494117176973,0.9143629313967732,0.8330930591795265,False,False,False,route/default: outer_left_upper_to_top_reverse,,,,,-2.2460881185745203,1.0431883755937141,-1.59643173531657,5.551115123125783e-15,32.16690694082047,96.29062930800153,-1.5964317353165756,32.166957440653604,96.28865981450966,-1.7268534899411343,1.845677091094622e-05,25.707846670608873,96.43596295022321,0.28,0.28
35.86747026900048,74324000000,outer_left_upper_to_top_reverse,0.761794341889367,0.9143629313967732,0.8331421974047617,False,False,False,route/default: outer_left_upper_to_top_reverse,,,,,-2.246089270251674,1.04314346018471,-1.5964317353165756,-5.551115123125783e-15,32.166857802595246,96.2925456987857,-1.59643173531657,32.16690694082047,96.29062930800153,-1.726888055689224,-3.456574808979873e-05,25.707632924110968,96.43786389231789,0.28,0.28
35.96259927000028,74425000000,outer_left_upper_to_top_reverse,0.761836957579005,0.9143629313967732,0.8331888043790547,False,False,False,route/default: outer_left_upper_to_top_reverse,,,,,-2.2460903626026343,1.0431008584972703,-1.59643173531657,5.551115123125783e-15,32.16681119562094,96.29436337078313,-1.5964317353165756,32.166857802595246,96.2925456987857,-1.7269207003581943,-3.2644668970238655e-05,25.707431019220266,96.43967794493885,0.28,0.28
36.16396514299959,74622000000,outer_left_upper_to_top_reverse,0.7619311650817442,0.9143629313967732,0.8332918351335881,False,False,False,route/default: outer_left_upper_to_top_reverse,,,,,-2.2460927773859436,1.0430066819482047,-1.59643173531657,0.0,32.16670816486641,96.29838157020994,-1.5964317353165756,32.16676739107112,96.29607174822624,-1.7269181819866313,2.518371563065003e-06,25.706825266958404,96.44328442711044,0.28,0.28
36.2728146419995,74727000000,outer_left_upper_to_top_reverse,0.7619739521978237,0.9143629313967732,0.8333386295897174,False,False,False,route/default: outer_left_upper_to_top_reverse,,,,,-2.246093874131009,1.0429639088906488,-1.5964317353165756,-5.551115123125783e-15,32.16666137041028,96.30020655399899,-1.59643173531657,32.16670816486641,96.29838157020994,-1.7267798776490282,0.00013830433760309013,25.70603483986214,96.44543269681994,0.28,0.28
36.366018631999395,74832000000,outer_left_upper_to_top_reverse,0.7620181786848945,0.9143629313967732,0.8333869982249192,False,False,False,route/default: outer_left_upper_to_top_reverse,,,,,-2.2460950077708963,1.0429196969350347,-1.5964317353165756,0.0,32.16661300177509,96.30209293077185,-1.5964317353165756,32.16666137041028,96.30020655399899,-1.7268124441841737,-3.2566535145495124e-05,25.705828708151827,96.44723235682751,0.28,0.28
36.46938374700039,74932000000,outer_left_upper_to_top_reverse,0.762058437422964,0.9143629313967732,0.8334310275011366,False,False,False,route/default: outer_left_upper_to_top_reverse,,,,,-2.2460960397070577,1.0428794514247421,-1.5964317353165756,0.0,32.166568972498865,96.30381007254434,-1.5964317353165756,32.16661300177509,96.30209293077185,-1.7268437835411539,-3.133935698018675e-05,25.70563485695739,96.44895627991502,0.28,0.28
36.66694724700028,75131000000,outer_left_upper_to_top_reverse,0.7621370785496702,0.9143629313967732,0.8335170339696907,False,False,False,route/default: outer_left_upper_to_top_reverse,,,,,-2.2460980554836647,1.0428008361370797,-1.5964317353165756,0.0,32.1664829660303,96.30716432481793,-1.59643173531657,32.166526889393666,96.30545131364661,-1.7268976751689111,-5.3891627757263194e-05,25.705263202406684,96.45222176113631,0.28,0.28
36.86669964599969,75328000000,outer_left_upper_to_top_reverse,0.7622299095291778,0.9143629313967732,0.8336185592790838,False,False,False,route/default: outer_left_upper_to_top_reverse,,,,,-2.2461004349831035,1.0427080356589624,-1.5964317353165756,0.0,32.16638144072091,96.31112381188427,-1.5964317353165756,32.166424153028856,96.30945803187483,-1.7267391047176905,0.00015857045122058544,25.704131384672948,96.45599593104534,0.28,0.28
37.06800949799981,75525000000,outer_left_upper_to_top_reverse,0.7623048895568729,0.9143629313967732,0.8337005617587563,False,False,False,route/default: outer_left_upper_to_top_reverse,,,,,-2.246102356916221,1.0426330802673869,-1.59643173531657,5.551115123125783e-15,32.16629943824124,96.3143219085915,-1.5964317353165756,32.1663394783763,96.31276034332463,-1.7267978550682297,-5.8750350539149565e-05,25.70376787299564,96.4592140840591,0.28,0.28
37.170935215999634,75626000000,outer_left_upper_to_top_reverse,0.7623417393149859,0.9143629313967732,0.8337408627780208,False,False,False,route/default: outer_left_upper_to_top_reverse,,,,,-2.24610330147136,1.0425962426169653,-1.59643173531657,0.0,32.16625913722197,96.31589364834282,-1.59643173531657,32.16629943824124,96.3143219085915,-1.7268248539422746,-2.6998874044892315e-05,25.703600681226888,96.46072894732355,0.28,0.28
37.368621937999706,75825000000,outer_left_upper_to_top_reverse,0.7624253019150857,0.9143629313967732,0.8338322516535215,False,False,False,route/default: outer_left_upper_to_top_reverse,,,,,-2.2461054433981293,1.042512707472953,-1.5964317353165756,-5.551115123125783e-15,32.16616774834648,96.31945781448734,-1.59643173531657,32.16620861243071,96.31786411520191,-1.7266718512132126,0.00015300272906193513,25.702537152409136,96.46421170149365,0.28,0.28
37.47399154099912,75927000000,outer_left_upper_to_top_reverse,0.7624633208433039,0.9143629313967732,0.8338738313445968,False,False,False,route/default: outer_left_upper_to_top_reverse,,,,,-2.246106417922139,1.0424747010365794,-1.5964317353165756,0.0,32.16612616865541,96.32107942243928,-1.5964317353165756,32.16616774834648,96.31945781448734,-1.7266997988663402,-2.794765312752467e-05,25.702353449879,96.4657841669747,0.28,0.28
37.67083284999899,76127000000,outer_left_upper_to_top_reverse,0.7625322971892254,0.9143629313967732,0.8339492678518665,False,False,False,route/default: outer_left_upper_to_top_reverse,,,,,-2.2461081859652783,1.0424057473541533,-1.59643173531657,5.551115123125783e-15,32.16605073214812,96.3240214462228,-1.59643173531657,32.16608870585121,96.32254047180268,-1.7267531860010716,-5.338713473146406e-05,25.702022986363986,96.4687097636901,0.28,0.28
37.77103483599967,76230000000,outer_left_upper_to_top_reverse,0.7625674669508024,0.9143629313967732,0.8339877315300946,False,False,False,route/default: outer_left_upper_to_top_reverse,,,,,-2.2461090874577367,1.0423705891482729,-1.59643173531657,0.0,32.1660122684699,96.3255215296737,-1.59643173531657,32.16605073214812,96.3240214462228,-1.7267760680414073,-2.2882040335625575e-05,25.70186284063398,96.47011750243277,0.28,0.28
37.972091317999,76432000000,outer_left_upper_to_top_reverse,0.7626513638064443,0.9143629313967732,0.8340794859667205,False,False,False,route/default: outer_left_upper_to_top_reverse,,,,,-2.246111237952345,1.0422867198585446,-1.5964317353165756,-5.551115123125783e-15,32.16592051403329,96.3290999527021,-1.59643173531657,32.16595944214275,96.32758175643258,-1.7266348538913807,0.00014121415002654736,25.700862181394868,96.47341222316065,0.28,0.28
38.07325065800069,76532000000,outer_left_upper_to_top_reverse,0.7626851813724395,0.9143629313967732,0.8341164708059282,False,False,False,route/default: outer_left_upper_to_top_reverse,,,,,-2.246112104784514,1.0422529134039562,-1.59643173531657,5.551115123125783e-15,32.16588352919406,96.3305423614312,-1.5964317353165756,32.16592051403329,96.3290999527021,-1.7266617939949795,-2.6940103598827037e-05,25.700695419877377,96.47484988865615,0.28,0.28
38.17385686600028,76633000000,outer_left_upper_to_top_reverse,0.7627177794946028,0.9143629313967732,0.8341521219910802,False,False,False,route/default: outer_left_upper_to_top_reverse,,,,,-2.2461129403591658,1.0422203259925282,-1.5964317353165756,-5.551115123125783e-15,32.16584787800893,96.33193275765213,-1.59643173531657,32.16588352919406,96.3305423614312,-1.7266868572951293,-2.506330014973024e-05,25.700540246120156,96.47622399290303,0.28,0.28
38.37443001700012,76831000000,outer_left_upper_to_top_reverse,0.7627884299714673,0.9143629313967732,0.8342293894244358,False,False,False,route/default: outer_left_upper_to_top_reverse,,,,,-2.2461147513146353,1.0421496987292267,-1.59643173531657,5.551115123125783e-15,32.165770610575564,96.334946187553,-1.59643173531657,32.16581356705018,96.33327088504277,-1.7267078760480856,-2.1018752956347697e-05,25.700154675457057,96.47891141701594,0.28,0.28
38.47449858099935,76932000000,outer_left_upper_to_top_reverse,0.7628235524547221,0.9143629313967732,0.8342678013963659,False,False,False,route/default: outer_left_upper_to_top_reverse,,,,,-2.246115651595227,1.0421145877861342,-1.5964317353165756,-5.551115123125783e-15,32.165732198603635,96.33644425445827,-1.59643173531657,32.165770610575564,96.334946187553,-1.7265766524188144,0.00013122362927120435,25.699459206574844,96.48059309683705,0.28,0.28
38.67509645899918,77131000000,outer_left_upper_to_top_reverse,0.7628865484851998,0.9143629313967732,0.8343366974859979,False,False,False,route/default: outer_left_upper_to_top_reverse,,,,,-2.246117266347328,1.042051612454205,-1.5964317353165756,0.0,32.165663302514005,96.33913120195392,-1.5964317353165756,32.16569704149494,96.33781538169721,-1.7266235978163995,-4.694539758509642e-05,25.69913686735856,96.48329216342016,0.28,0.28
38.77509989099963,77231000000,outer_left_upper_to_top_reverse,0.7629163183721579,0.9143629313967732,0.8343692555501274,False,False,False,route/default: outer_left_upper_to_top_reverse,,,,,-2.246118029426956,1.0420218523487117,-1.5964317353165756,0.0,32.16563074444987,96.34040096645496,-1.5964317353165756,32.165663302514005,96.33913120195392,-1.7266464527504974,-2.2854934097926716e-05,25.698995281567548,96.48453922839676,0.28,0.28
38.97601910499907,77431000000,outer_left_upper_to_top_reverse,0.7629900403030497,0.9143629313967732,0.8344498821026269,False,False,False,route/default: outer_left_upper_to_top_reverse,,,,,-2.24611991911178,1.0419481546405676,-1.5964317353165756,0.0,32.16555011789738,96.34354540200245,-1.5964317353165756,32.16559827510086,96.34166727106673,-1.7265922568796184,5.4195870879070185e-05,25.69837639758667,96.48720452162304,0.28,0.28
39.076259052999376,77532000000,outer_left_upper_to_top_reverse,0.7630203982531877,0.9143629313967732,0.8344830833065423,False,False,False,route/default: outer_left_upper_to_top_reverse,,,,,-2.246120697264997,1.0419178066651136,-1.59643173531657,5.551115123125783e-15,32.16551691669345,96.34484024895515,-1.5964317353165756,32.16555011789738,96.34354540200245,-1.7265421798194154,5.007706020299097e-05,25.697972593527993,96.4886566441216,0.28,0.28
39.276412893999805,77731000000,outer_left_upper_to_top_reverse,0.7630780988205738,0.9143629313967732,0.8345461879725395,False,False,False,route/default: outer_left_upper_to_top_reverse,,,,,-2.2461221762806063,1.0418601250563506,-1.5964317353165756,-5.551115123125783e-15,32.165453812027465,96.34730133092904,-1.5964317353165756,32.16548486803559,96.34609014661213,-1.7265882781398005,-4.6098320385157265e-05,25.697687043947482,96.4911124075965,0.28,0.28
39.37648847299897,77832000000,outer_left_upper_to_top_reverse,0.7631063717000426,0.9143629313967732,0.8345771088230006,False,False,False,route/default: outer_left_upper_to_top_reverse,,,,,-2.246122900988039,1.041831861466476,-1.5964317353165756,0.0,32.165422891177,96.34850724409702,-1.5964317353165756,32.165453812027465,96.34730133092904,-1.7266092037698808,-2.0925630080270707e-05,25.697557302985317,96.49226628256622,0.28,0.28
39.47684178199961,77933000000,outer_left_upper_to_top_reverse,0.7631394578507615,0.9143629313967732,0.8346132937443079,False,False,False,route/default: outer_left_upper_to_top_reverse,,,,,-2.246123749072132,1.0417987861868436,-1.5964317353165756,0.0,32.16538670625569,96.349918456028,-1.5964317353165756,32.165422891177,96.34850724409702,-1.726615035816595,-5.8320467142269905e-06,25.69737663145804,96.49344425156316,0.28,0.28
39.68028632599999,78132000000,outer_left_upper_to_top_reverse,0.7632007043502881,0.9143629313967732,0.8346802764460597,False,False,False,route/default: outer_left_upper_to_top_reverse,,,,,-2.2461253189792045,1.0417375598110237,-1.5964317353165756,0.0,32.165319723553935,96.35253078139633,-1.5964317353165756,32.1653512408612,96.3513016064134,-1.7265094232071045,0.00010561260949049078,25.696576939277122,96.4961562796569,0.28,0.28
39.78123727499951,78237000000,outer_left_upper_to_top_reverse,0.7632288260006018,0.9143629313967732,0.8347110319036007,False,False,False,route/default: outer_left_upper_to_top_reverse,,,,,-2.2461260398102407,1.041709447400615,-1.5964317353165756,0.0,32.16528896809639,96.35373024424042,-1.5964317353165756,32.165319723553935,96.35253078139633,-1.7265311880128855,-2.176480578097717e-05,25.6964420962275,96.49730570366206,0.28,0.28
39.98536569600037,78438000000,outer_left_upper_to_top_reverse,0.7632819435201944,0.9143629313967732,0.8347691242843925,False,False,False,route/default: outer_left_upper_to_top_reverse,,,,,-2.2461274013504156,1.0416563473337974,-1.59643173531657,5.551115123125783e-15,32.16523087571561,96.35599584709131,-1.5964317353165756,32.16526101699071,96.3548203373626,-1.7265731051999886,-4.191718710311321e-05,25.69616653083729,96.49970054290931,0.28,0.28
40.185617511999226,78639000000,outer_left_upper_to_top_reverse,0.7633467414814904,0.9143629313967732,0.8348399910694195,False,False,False,route/default: outer_left_upper_to_top_reverse,,,,,-2.2461290622906893,1.0415915706631087,-1.5964317353165756,-5.551115123125783e-15,32.165160008930584,96.35875965170736,-1.5964317353165756,32.165189612224594,96.3576051232407,-1.7264580024698175,0.00011510273017112381,25.695407015093622,96.50201814536074,0.28,0.28
40.286713924999276,78742000000,outer_left_upper_to_top_reverse,0.763373682714296,0.9143629313967732,0.8348694555543418,False,False,False,route/default: outer_left_upper_to_top_reverse,,,,,-2.246129752864555,1.0415646382823596,-1.5964317353165756,0.0,32.16513054444566,96.35990876661933,-1.5964317353165756,32.165160008930584,96.35875965170736,-1.7264835716940228,-2.556922420526853e-05,25.695248541846425,96.5033455857017,0.28,0.28
40.48691113899986,78941000000,outer_left_upper_to_top_reverse,0.7634213337051818,0.9143629313967732,0.834921569424283,False,False,False,route/default: outer_left_upper_to_top_reverse,,,,,-2.2461309742833815,1.0415170029481162,-1.5964317353165756,0.0,32.16507843057572,96.36194120754705,-1.5964317353165756,32.16510464227845,96.3609189511404,-1.7265212074542367,-3.763576021387216e-05,25.695015103488558,96.50538283774759,0.28,0.28
40.587423078999564,79043000000,outer_left_upper_to_top_reverse,0.7634522877548813,0.9143629313967732,0.8349554225570343,False,False,False,route/default: outer_left_upper_to_top_reverse,,,,,-2.2461317677161805,1.0414860590689607,-1.5964317353165756,0.0,32.16504457744297,96.36326147972434,-1.5964317353165756,32.16507843057572,96.36194120754705,-1.726516933860038,4.273594198744846e-06,25.69482247433409,96.50642883814974,0.28,0.28
40.68804646100034,79144000000,outer_left_upper_to_top_reverse,0.7634764794605812,0.9143629313967732,0.834981880000648,False,False,False,route/default: outer_left_upper_to_top_reverse,,,,,-2.2461323878125152,1.0414618753119078,-1.5964317353165756,0.0,32.165018119999345,96.36429332002527,-1.5964317353165756,32.16504457744297,96.36326147972434,-1.7264124551421784,0.0001044787178594575,25.694272076582777,96.50772830781477,0.28,0.28
40.78908081100053,79245000000,outer_left_upper_to_top_reverse,0.7635008702941684,0.9143629313967732,0.8350085552219957,False,False,False,route/default: outer_left_upper_to_top_reverse,,,,,-2.2461330130130155,1.0414374924923946,-1.5964317353165756,0.0,32.16499144477801,96.36533365365783,-1.5964317353165756,32.165018119999345,96.36429332002527,-1.7264320053435145,-1.955020133603824e-05,25.694144487153324,96.50877550544045,0.28,0.28
40.89025429299909,79345000000,outer_left_upper_to_top_reverse,0.7635237439329233,0.9143629313967732,0.8350335711516332,False,False,False,route/default: outer_left_upper_to_top_reverse,,,,,-2.2461335993238665,1.0414146263692103,-1.5964317353165756,0.0,32.16496642884836,96.36630927491369,-1.5964317353165756,32.16499144477801,96.36533365365783,-1.7264508597217585,-1.8854378244004266e-05,25.69402757550948,96.50975782866547,0.28,0.28
40.9970308890006,79447000000,outer_left_upper_to_top_reverse,0.7635460507793368,0.9143629313967732,0.8350579672044997,False,False,False,route/default: outer_left_upper_to_top_reverse,,,,,-2.2461341711063554,1.041392326852137,-1.5964317353165756,0.0,32.16494203279551,96.3672607209755,-1.5964317353165756,32.16496642884836,96.36630927491369,-1.7264683995528038,-1.7539831045354504e-05,25.693918753565143,96.51069204088172,0.28,0.28
41.192986539999765,79645000000,outer_left_upper_to_top_reverse,0.7636016395465645,0.9143629313967732,0.8351187622841326,False,False,False,route/default: outer_left_upper_to_top_reverse,,,,,-2.2461355959910345,1.04133675634966,-1.59643173531657,5.551115123125783e-15,32.16488123771586,96.36963172908118,-1.59643173531657,32.16491791602158,96.36820127515817,-1.7264172862947766,5.111325802720223e-05,25.69340679853825,96.51274345894207,0.28,0.28
41.293248039999526,79745000000,outer_left_upper_to_top_reverse,0.7636239918526261,0.9143629313967732,0.8351432080542903,False,False,False,route/default: outer_left_upper_to_top_reverse,,,,,-2.246136168938772,1.0413144113878752,-1.5964317353165756,-5.551115123125783e-15,32.164856791945724,96.37058511411733,-1.59643173531657,32.16488123771586,96.36963172908118,-1.7263830782214262,3.420807335041687e-05,25.693107062793516,96.51384770515625,0.28,0.28
41.393725325999185,79845000000,outer_left_upper_to_top_reverse,0.7636464228311237,0.9143629313967732,0.8351677398651581,False,False,False,route/default: outer_left_upper_to_top_reverse,,,,,-2.2461367439030897,1.041291987779504,-1.5964317353165756,0.0,32.164832260134844,96.37154185474117,-1.5964317353165756,32.164856791945724,96.37058511411733,-1.7264017474022535,-1.866918082726876e-05,25.69299124991487,96.51479324877575,0.28,0.28
41.49454256299941,79946000000,outer_left_upper_to_top_reverse,0.7636677882681769,0.9143629313967732,0.8351911063384913,False,False,False,route/default: outer_left_upper_to_top_reverse,,,,,-2.2461372915548083,1.0412706293624727,-1.5964317353165756,0.0,32.164808893661515,96.37245314720117,-1.5964317353165756,32.164832260134844,96.37154185474117,-1.7264187602156396,-1.701281338606364e-05,25.692885699938884,96.51569214553291,0.28,0.28
41.59556404400064,80048000000,outer_left_upper_to_top_reverse,0.7636895953618948,0.9143629313967732,0.8352149558330072,False,False,False,route/default: outer_left_upper_to_top_reverse,,,,,-2.246137850527336,1.0412488294338917,-1.5964317353165756,0.0,32.16478504416699,96.37338327748729,-1.5964317353165756,32.164808893661515,96.37245314720117,-1.72643487560927,-1.6115393630444782e-05,25.692785599467825,96.51656147489669,0.28,0.28
41.796768267000516,80247000000,outer_left_upper_to_top_reverse,0.7637385018317887,0.9143629313967732,0.8352684427671495,False,False,False,route/default: outer_left_upper_to_top_reverse,,,,,-2.246139104127355,1.0411999390331523,-1.5964317353165756,0.0,32.164731557232855,96.37546926791883,-1.5964317353165756,32.164757401314446,96.37446134873629,-1.7263381592026756,9.671640659436598e-05,25.69212625393196,96.51862013736884,0.28,0.28
41.99758047999967,80449000000,outer_left_upper_to_top_reverse,0.763780825518595,0.9143629313967732,0.8353147303903166,False,False,False,route/default: outer_left_upper_to_top_reverse,,,,,-2.246140188993523,1.0411576292526012,-1.5964317353165756,0.0,32.16468526960968,96.37727448522234,-1.5964317353165756,32.16470808896973,96.37638453018063,-1.726371169689432,-3.3010486756301916e-05,25.69190287082229,96.52041055704755,0.28,0.28
42.099637752999115,80552000000,outer_left_upper_to_top_reverse,0.763801106726997,0.9143629313967732,0.8353369110887083,False,False,False,route/default: outer_left_upper_to_top_reverse,,,,,-2.2461407088536416,1.0411373547079776,-1.5964317353165756,0.0,32.1646630889113,96.37813953245963,-1.5964317353165756,32.16468526960968,96.37727448522234,-1.7263868593631582,-1.568967372622687e-05,25.691805446597755,96.52122952063363,0.28,0.28
42.29947535099927,80750000000,outer_left_upper_to_top_reverse,0.7638522542646873,0.9143629313967732,0.8353928489837541,False,False,False,route/default: outer_left_upper_to_top_reverse,,,,,-2.246142019898057,1.0410862239757872,-1.5964317353165756,0.0,32.16460715101624,96.38032111036641,-1.5964317353165756,32.16464152465828,96.37898053832738,-1.7263534367865154,3.342257664273873e-05,25.691392074928217,96.52301487119131,0.28,0.28
42.39971169300043,80850000000,outer_left_upper_to_top_reverse,0.7638724950377327,0.9143629313967732,0.8354149854597096,False,False,False,route/default: outer_left_upper_to_top_reverse,,,,,-2.246142538721712,1.0410659898532342,-1.5964317353165756,0.0,32.16458501454029,96.38118443292868,-1.5964317353165756,32.16460715101624,96.38032111036641,-1.726312562522323,4.087426419241425e-05,25.69108814692116,96.52401535890333,0.28,0.28
42.60357955499967,81051000000,outer_left_upper_to_top_reverse,0.7639103367238241,0.9143629313967732,0.83545637130858,False,False,False,route/default: outer_left_upper_to_top_reverse,,,,,-2.246143508702545,1.0410281606007512,-1.59643173531657,5.551115123125783e-15,32.16454362869142,96.38279848103461,-1.5964317353165756,32.16456433479648,96.38199094293698,-1.7263447065656572,-3.2144043334181305e-05,25.690888589499238,96.52564310960737,0.28,0.28
42.70127559100001,81152000000,outer_left_upper_to_top_reverse,0.7639293887091372,0.9143629313967732,0.8354772076577569,False,False,False,route/default: outer_left_upper_to_top_reverse,,,,,-2.2461439970544785,1.0410091148753315,-1.5964317353165756,-5.551115123125783e-15,32.164522792342254,96.38361109865252,-1.59643173531657,32.16454362869142,96.38279848103461,-1.726359074762597,-1.4368196939784639e-05,25.69079926669872,96.5264068863733,0.28,0.28
42.80132540200066,81253000000,outer_left_upper_to_top_reverse,0.7639510157934919,0.9143629313967732,0.8355008602836587,False,False,False,route/default: outer_left_upper_to_top_reverse,,,,,-2.246144551412898,1.0409874948969682,-1.5964317353165756,0.0,32.16449913971634,96.38453355106269,-1.5964317353165756,32.164522792342254,96.38361109865252,-1.726366605904559,-7.531141962058285e-06,25.690686132010455,96.5271977194097,0.28,0.28
43.00237835999906,81453000000,outer_left_upper_to_top_reverse,0.7639930828962748,0.9143629313967732,0.8355468672917497,False,False,False,route/default: outer_left_upper_to_top_reverse,,,,,-2.2461456297021503,1.040945441616135,-1.5964317353165756,0.0,32.16445313270826,96.38632782437824,-1.59643173531657,32.16447457291322,96.38549165638396,-1.7262878722693547,7.873363520438659e-05,25.690106405028132,96.52905070398997,0.28,0.28
43.10317199199926,81554000000,outer_left_upper_to_top_reverse,0.7640109247736371,0.9143629313967732,0.8355663801971285,False,False,False,route/default: outer_left_upper_to_top_reverse,,,,,-2.24614608703587,1.0409276056010621,-1.5964317353165756,0.0,32.16443361980288,96.38708882768802,-1.5964317353165756,32.16445313270826,96.38632782437824,-1.726303074871029,-1.5202601674424443e-05,25.69001200048433,96.52981115605265,0.28,0.28
43.2031327450004,81655000000,outer_left_upper_to_top_reverse,0.7640278174115096,0.9143629313967732,0.8355848549594931,False,False,False,route/default: outer_left_upper_to_top_reverse,,,,,-2.246146520038113,1.0409107185135884,-1.5964317353165756,0.0,32.16441514504051,96.38780934342023,-1.5964317353165756,32.16443361980288,96.38708882768802,-1.7263171992300965,-1.412435906744669e-05,25.689924238562455,96.53052939709679,0.28,0.28
43.30446888000006,81756000000,outer_left_upper_to_top_reverse,0.7640451928054409,0.9143629313967732,0.8356038576917066,False,False,False,route/default: outer_left_upper_to_top_reverse,,,,,-2.2461469654146495,1.0408933488286745,-1.59643173531657,5.551115123125783e-15,32.16439614230829,96.38855044997656,-1.5964317353165756,32.16441514504051,96.38780934342023,-1.7263302463089507,-1.3047078854189209e-05,25.689842403398686,96.53125070594132,0.28,0.28
43.40472237599897,81857000000,outer_left_upper_to_top_reverse,0.7640720490893469,0.9143629313967732,0.8356332292716163,False,False,False,route/default: outer_left_upper_to_top_reverse,,,,,-2.2461476538110534,1.0408665013689133,-1.5964317353165756,-5.551115123125783e-15,32.16436677072839,96.38969594159303,-1.59643173531657,32.16439614230829,96.38855044997656,-1.7262981233704373,3.212293851340142e-05,25.6895943211117,96.53207805343447,0.28,0.28
43.60603613499916,82058000000,outer_left_upper_to_top_reverse,0.7641058618878042,0.9143629313967732,0.8356702088967697,False,False,False,route/default: outer_left_upper_to_top_reverse,,,,,-2.246148520521018,1.0408326996802963,-1.5964317353165756,0.0,32.16432979110323,96.39113814697403,-1.5964317353165756,32.16434852885408,96.39040737469092,-1.7262668052594452,3.1318110992106796e-05,25.689194711135897,96.53371171986726,0.28,0.28
43.807411661000515,82256000000,outer_left_upper_to_top_reverse,0.7641380774575607,0.9143629313967732,0.8357054417005617,False,False,False,route/default: outer_left_upper_to_top_reverse,,,,,-2.2461493462898567,1.0408004946955804,-1.5964317353165756,0.0,32.164294558299446,96.3925122263219,-1.5964317353165756,32.16431234513398,96.39181853977469,-1.7262930656132442,-2.6260353799045788e-05,25.68903139786586,96.53506022494646,0.28,0.28
43.908457489000284,82358000000,outer_left_upper_to_top_reverse,0.7641562090994283,0.9143629313967732,0.8357252715091038,False,False,False,route/default: outer_left_upper_to_top_reverse,,,,,-2.2461498110509948,1.0407823690112097,-1.59643173531657,5.551115123125783e-15,32.164274728490895,96.39328558885505,-1.5964317353165756,32.164294558299446,96.3925122263219,-1.7263022176358722,-9.152022627967327e-06,25.688940675458355,96.53574716707685,0.28,0.28
44.12187351300054,82555000000,outer_left_upper_to_top_reverse,0.7641942495776914,0.9143629313967732,0.8357668747685503,False,False,False,route/default: outer_left_upper_to_top_reverse,,,,,-2.2461507861273877,1.040744341031872,-1.5964317353165756,-5.551115123125783e-15,32.16423312523146,96.39490811597346,-1.5964317353165756,32.16425122283751,96.39420230933726,-1.7262315588266857,7.065880918655232e-05,25.68839374415687,96.53752243299841,0.28,0.28
44.2094005580002,82657000000,outer_left_upper_to_top_reverse,0.7642094865380562,0.9143629313967732,0.8357835387865693,False,False,False,route/default: outer_left_upper_to_top_reverse,,,,,-2.24615117669031,1.0407291090779016,-1.5964317353165756,0.0,32.16421646121343,96.3955580126762,-1.5964317353165756,32.16423312523146,96.39490811597346,-1.7262421504743821,-1.0591647696456262e-05,25.688327901664636,96.5380425400112,0.28,0.28
44.31326568899931,82761000000,outer_left_upper_to_top_reverse,0.7642253603131558,0.9143629313967732,0.8358008992618845,False,False,False,route/default: outer_left_upper_to_top_reverse,,,,,-2.2461515835764505,1.0407132405184338,-1.5964317353165756,0.0,32.16419910073812,96.3962350712135,-1.5964317353165756,32.16421646121343,96.3955580126762,-1.726257063035077,-1.4912560694968492e-05,25.688235125693097,96.53878870898221,0.28,0.28
44.51580313600061,82960000000,outer_left_upper_to_top_reverse,0.764266046635142,0.9143629313967732,0.8358453961685165,False,False,False,route/default: outer_left_upper_to_top_reverse,,,,,-2.2461526264726994,1.0406725675647155,-1.5964317353165756,0.0,32.16415460383149,96.39797045057215,-1.5964317353165756,32.164182728757865,96.39687357844294,-1.726225804654696,3.125838038098294e-05,25.687890360406826,96.54018198833003,0.28,0.28
44.61195966000014,83060000000,outer_left_upper_to_top_reverse,0.7642817059263871,0.9143629313967732,0.8358625220719269,False,False,False,route/default: outer_left_upper_to_top_reverse,,,,,-2.2461530278610606,1.0406569134186294,-1.5964317353165756,0.0,32.16413747792808,96.39863836080515,-1.5964317353165756,32.16415460383149,96.39797045057215,-1.7261987197489836,2.7084905712460028e-05,25.687665892039675,96.54094953112589,0.28,0.28
44.82002718699914,83261000000,outer_left_upper_to_top_reverse,0.7643109231706865,0.9143629313967732,0.835894475734194,False,False,False,route/default: outer_left_upper_to_top_reverse,,,,,-2.2461537767750204,1.0406277057742135,-1.59643173531657,5.551115123125783e-15,32.16410552426579,96.39988455363356,-1.59643173531657,32.164121793574964,96.39925005057607,-1.7262240966171172,-2.5376868133530905e-05,25.687508039810098,96.5421796493619,0.28,0.28
45.014650600000095,83463000000,outer_left_upper_to_top_reverse,0.7643428435222962,0.9143629313967732,0.835929385670406,False,False,False,route/default: outer_left_upper_to_top_reverse,,,,,-2.24615459497665,1.0405957959106447,-1.5964317353165756,-5.551115123125783e-15,32.1640706143296,96.40124604114582,-1.5964317353165756,32.16409030312627,96.40047817807523,-1.7262405161760175,-1.6419558900304665e-05,25.687343945913312,96.54338040309824,0.28,0.28
