t_wall,stamp_ns,name,x,y,z,roll,pitch,yaw,map_x,map_y,linear_x,linear_y,linear_z,speed_xy,angular_z
12.311653289999413,1780932901458302718,track_preview_car,-2.2108911587498046,-0.5919418089602246,-0.00199963964330594,-1.0894588622085319e-07,-4.212124383911508e-06,-1.5449330197243876,33.66864389334167,166.0561838489696,0.0090387992538376,-0.15809617551982297,0.003727123949236359,0.15835435139567794,-0.11862183020570516
12.425742100999742,1780932901572387230,track_preview_car,-2.211135497102688,-0.5939376098101293,0.003217053118304547,-6.318928707483059e-08,-0.001373392371869401,-1.5448272027185794,33.65821879028532,166.1413380185655,3.723896939085808e-11,-3.24667962770489e-11,-0.5684000000532123,4.9404794319870026e-11,1.3885104899543211e-08
12.532434435999676,1780932901679080888,track_preview_car,-2.2108290252294562,-0.6036407272661432,-0.002002760761750543,4.071513880957815e-05,-1.7967552088695096e-06,-1.5438137360701547,33.6712949235432,166.55533769668878,0.008129872912804377,-0.28021857039781595,-0.0031420284502858354,0.28033648001887673,0.004810934365702846
12.63876610599982,1780932901785411195,track_preview_car,-2.210082315499825,-0.6315993138409504,-0.002000178032701852,-1.011603823474155e-05,9.540861422098365e-06,-1.543636750277106,33.70315453867414,167.74823739054722,0.007686460612834032,-0.27930627451525686,-0.00020324931336549096,0.27941201953449435,0.0006462010903971136
12.741653010999471,1780932901888298141,track_preview_car,-2.2093158451287818,-0.659547088718638,-0.0019999863814120483,4.119454800631647e-09,-1.279562437062278e-07,-1.5437523319308073,33.73585727450531,168.94067578532855,0.00764660130399971,-0.2795566722582054,0.0023560902997040727,0.2796612299114484,-0.0010532063156781675
12.842408748999333,1780932901989054169,track_preview_car,-2.2085495063827794,-0.6875006947399691,-0.0019999858989025164,2.551778732988705e-09,-1.3968833613322958e-07,-1.543911370905982,33.76855439433474,170.13336297557203,0.007792392941560089,-0.27958117845592584,0.00580804669938651,0.2796897508571952,-0.0028205747683806215
12.942625904999659,1780932902089285091,track_preview_car,-2.2078007067792678,-0.7154517827392595,-0.0020014103889558336,1.8481263961138112e-05,8.401736510432902e-07,-1.5438511742578123,33.80050317741791,171.3259427302084,0.0076126399780503924,-0.27971509260526795,0.00028894376550953266,0.2798186650647327,0.0017106476979018737
13.045190759999969,1780932902191837663,track_preview_car,-2.2070482342806184,-0.743402430682426,-0.0020013995409609822,1.8213908512783623e-05,9.286269256875414e-07,-1.5438116850138048,33.83260867069362,172.51850370911683,0.0076599366551433345,-0.2796920292817051,0.0003005499612504945,0.27979690111450306,0.0012768474013194417
13.14721010499943,1780932902293855275,track_preview_car,-2.2062914531471094,-0.7713509138635493,-0.002001410459639077,1.8110673425131442e-05,1.1218136994204075e-06,-1.5438108303234397,33.864897999056666,173.71097232484476,0.007694017725997667,-0.27966973122487393,0.00031134410862091117,0.27977554659433906,0.0008915840098154533
13.264546268999766,1780932902411189084,track_preview_car,-2.205380328152666,-0.8048868046474872,-0.0020014173753549066,1.8020757715793274e-05,1.2627606899796574e-06,-1.5438466812106166,33.90377266548626,175.14183699829277,0.007706811939514085,-0.2796514837866165,0.0003174440505609461,0.2797576582228398,0.0006081992129284991
13.382951648999551,1780932902529596588,track_preview_car,-2.2044683690081293,-0.8384208057114015,-0.002001411647354186,1.807038530438185e-05,1.1648633348056095e-06,-1.5439188379955364,33.94268292231982,176.57262104368647,0.007715985641186874,-0.2796345696402016,0.00031089416147793436,0.279741003380405,0.00020504859707807504
13.484305132999907,1780932902630949261,track_preview_car,-2.2037097727834087,-0.866365331272623,-0.002001401428762955,1.818193655034477e-05,9.727540773837512e-07,-1.5439973846291983,33.975049694574565,177.76492080096526,0.0076993980109267305,-0.2796327608639891,0.0003008491295459117,0.2797387382507963,9.574976766269785e-05
13.601615916999435,1780932902748261297,track_preview_car,-2.202802316560423,-0.8998984780200782,-0.002001394656521185,1.8269033516895426e-05,8.354553969163644e-07,-1.5441040846750034,34.013767826755284,179.19566839552334,0.007670280352884642,-0.2796336631439798,0.0002949370527884932,0.2797388402850284,6.90963011670644e-05
13.7201445339997,1780932902866789734,track_preview_car,-2.201898235359124,-0.9334317070624114,-0.0020014007778004507,1.8213787377588344e-05,9.417636594920286e-07,-1.5442111996436365,34.0523419580107,180.62641950132956,0.007641877230446877,-0.27963478930123886,0.00030173791684570786,0.2797391886653593,9.197705369393811e-05
13.841539293999631,1780932902988184133,track_preview_car,-2.2009971635913965,-0.9669650854733063,-0.0020014128606925643,1.80801867668366e-05,1.1702100001076116e-06,-1.544311950213825,34.09078768676709,182.0571769801944,0.007613501431058553,-0.2796343769963922,0.00031350591226597874,0.2797380027851081,0.00014037999541941927
13.96134620599969,1780932903107989121,track_preview_car,-2.2000993483309337,-1.000498487202965,-0.0020014172491639,1.801956704860886e-05,1.262343648541771e-06,-1.54440476191602,34.12909447121349,183.48793545399317,0.007583512487509623,-0.2796344132756562,0.0003170927802993983,0.279737224461938,0.00018804077283153677
14.063635522999903,1780932903210280442,track_preview_car,-2.1993540075261455,-1.028443283619197,-0.002001411059981472,1.8077445945205395e-05,1.1533293039865811e-06,-1.5444786951760157,34.16089567888446,184.6802467677524,0.0075590836305140345,-0.2796390982818405,0.00031049795105644103,0.279741246571209,0.00020664269470545851
14.182187932999113,1780932903328833193,track_preview_car,-2.19846336134387,-1.0619776831498187,-0.0020013990175575583,1.8211224757046473e-05,9.251703119939613e-07,-1.5445653540426658,34.19889658266153,186.11104781439226,0.007523158111694215,-0.2796482307679722,0.00029877859395227693,0.279749407290937,0.000306918127556353
14.299389814999813,1780932903446034674,track_preview_car,-2.1975769383038966,-1.0955128978012685,-0.0020013949451142227,1.8270688733117006e-05,8.372317222540949e-07,-1.5446419229952355,34.23671729903374,187.5418836395208,0.007493190628300308,-0.2796551054770195,0.00029529676464940126,0.27975547523713445,0.0004113215846169276
14.399936741999227,1780932903546582312,track_preview_car,-2.1968406283092703,-1.123459483382523,-0.0020014014040738272,1.8207557248189602e-05,9.530693904806758e-07,-1.5446947962301387,34.268133192137796,188.73427129098766,0.007474898403651995,-0.27965877334347433,0.0003022480947087865,0.2797586524383503,0.0004957344810840202
14.500747915999455,1780932903647393136,track_preview_car,-2.1961055986356426,-1.1514063202497704,-0.0020014116332942515,1.809395906464674e-05,1.146842687041142e-06,-1.5447395351778688,34.29949445821258,189.9266696639902,0.007459155995785779,-0.2796601509540875,0.00031236353723006357,0.279759609378896,0.0005763317233207959
14.604154274999928,1780932903750800206,track_preview_car,-2.1953719045986655,-1.1793533090639146,-0.0020014173484313026,1.8022988250724606e-05,1.2607862374511687e-06,-1.544775072197975,34.3307987371236,191.11907452006037,0.007443991408402941,-0.27966060842275453,0.0003174784170829245,0.27975966276694286,0.0006483834139396697
14.704243780999604,1780932903850889401,track_preview_car,-2.1946396212888244,-1.2073005128296008,-0.0020014139664261987,1.80497116682224e-05,1.2049337061439494e-06,-1.5448050252432755,34.362042825010164,192.31148854739632,0.007433214827510606,-0.2796631269448619,0.00031354842308882095,0.27976189385842,0.0006577512529119793
14.805078358999708,1780932903951724701,track_preview_car,-2.1939088091755345,-1.235248120166859,-0.002001404204560448,1.8153580258226424e-05,1.0234523517904207e-06,-1.5448342232197183,34.39322414184386,193.503919793786,0.007418478465332235,-0.27966913293007944,0.000303770301108962,0.2797675065775206,0.0007014435833073456
14.921972111999821,1780932904068617001,track_preview_car,-2.193034026773293,-1.2687858086885115,-0.0020013950787922943,1.826212629855684e-05,8.451210258837932e-07,-1.5448651453555748,34.43054819100617,194.93486117070984,0.007404575947598889,-0.2796731109879787,0.0002952139039380982,0.27977111493979867,0.0007366885159373576
15.043074147999505,1780932904189725930,track_preview_car,-2.1921607442823605,-1.3023238787018778,-0.0020013983588502795,1.823769642469287e-05,8.981640418697717e-07,-1.5448903855838603,34.46780824395262,196.36581882461346,0.007394998466291265,-0.2796760893839657,0.00029912472293518866,0.2797738389760994,0.0007978476294565701
15.146396099999947,1780932904293042732,track_preview_car,-2.1914335164835412,-1.330272559144418,-0.0020014082760988422,1.8131347692227084e-05,1.083160266521374e-06,-1.5449031970224656,34.49883663003557,197.55829585682852,0.007390643533659429,-0.2796767063147556,0.00030904566290664183,0.279774340615632,0.0008530929437699913
15.247169902999303,1780932904393817738,track_preview_car,-2.1907063880493647,-1.3582212371819733,-0.0020014163496664245,1.803735454754002e-05,1.2393805810599662e-06,-1.5449099881775983,34.52986077656044,198.75077278643084,0.00738618560162782,-0.27967543400674444,0.0003166455064781108,0.27977295102386607,0.0009044886271367726
15.364443100999779,1780932904511086858,track_preview_car,-2.189834171567875,-1.3917595852123916,-0.002001414926780062,1.804109397943793e-05,1.2215683369241752e-06,-1.5449141854156352,34.567075346437335,200.18174230239538,0.007382849918336079,-0.279676396199493,0.0003146453660968489,0.27977382483722896,0.0009138257583802191
15.464795636999952,1780932904611438372,track_preview_car,-2.18910784782517,-1.4197084342715385,-0.0020014056089956616,1.8138328809139745e-05,1.0497911896437006e-06,-1.5449193192603814,34.59806515945941,201.374226528919,0.007379357059610163,-0.2796795810546762,0.0003052924169583968,0.2797769164343842,0.0009024191648972739
15.564810081999894,1780932904711453879,track_preview_car,-2.1883822785609217,-1.447657503915493,-0.00200139660877813,1.8242567199416083e-05,8.760467316711264e-07,-1.5449258691891459,34.62902278140068,202.56672016706102,0.007374578054384719,-0.27968182205049813,0.000296600634561253,0.2797790306419813,0.0009053634931267306
15.665635167999426,1780932904812278253,track_preview_car,-2.1876573232814627,-1.475606776287236,-0.002001395230713563,1.8267479091494422e-05,8.426596195337031e-07,-1.544930488007698,34.65995420665759,203.75922245492205,0.0073715578356547,-0.27968358989524,0.00029573503686938655,0.27978071828060846,0.0009319679223407885
15.783253655999943,1780932904929899216,track_preview_car,-2.1870170968410028,-1.5089819892282406,-0.002001571820507042,2.1019189060374767e-05,6.144322503009423e-07,-1.5414191533617303,34.68727053478388,205.18323154040493,0.006040956476102527,-0.278411892808556,0.0015163648996747044,0.278477423164588,0.03164028923288817
15.889586416999919,1780932905036232197,track_preview_car,-2.1882109407873243,-1.535344167308643,-0.0020021185650935048,7.1610575148370445e-06,-3.575833309408585e-05,-1.5124615317634473,34.636333193074165,206.3080178051688,-0.017401093812752254,-0.2544807437268499,-0.0021253951197378225,0.25507498308076165,0.40430121455118256
15.99509155799933,1780932905141736548,track_preview_car,-2.1897240444712427,-1.5607781518262895,-0.0019998646498654753,1.4542970400283784e-06,-3.230961390178402e-07,-1.4678733795036123,34.57177410256031,207.39320114458837,-0.012473936348733707,-0.2513480520960511,0.00011554902856876605,0.25165739087201766,0.48569911953806927
16.09841418799988,1780932905245060149,track_preview_car,-2.1907952278756153,-1.585788071994594,-0.0019997926820111414,1.5334282905883344e-05,-1.3812289470704542e-05,-1.4141640341468806,34.526070277307085,208.46029107176935,-0.01321660110978663,-0.2449094008616858,0.00020022073594847797,0.24526576029956793,0.6518838175762449
16.216235613999743,1780932905362880924,track_preview_car,-2.1916046136990515,-1.614896532720494,-0.001999917402196076,-2.9349618611722688e-09,-8.815065879444343e-07,-1.332941081263608,34.4915364821738,209.70225206274108,-0.0031241418481836314,-0.2400981396971387,-2.804557692204335e-06,0.24011846440520623,0.7445484161702429
16.31765616099983,1780932905464301320,track_preview_car,-2.191871753006622,-1.6384009518337626,-0.0020032992124574614,2.3298652334186914e-08,3.473482497249742e-05,-1.2481288645722177,34.48013853838414,210.70510727824052,-0.0030393902854227465,-0.2305765652550458,-0.0035495021156745445,0.23059659654496534,0.9790605666130349
16.43469895099952,1780932905581346144,track_preview_car,-2.1909630026231177,-1.6659008144343133,-0.002003397204211815,4.725997484297955e-08,3.575938087459376e-05,-1.128739710616259,34.51891188808031,211.87843474919737,0.016219334198738316,-0.22631596477372454,0.0007218598725374948,0.22689641406005534,1.0524677538407843
16.5359490919991,1780932905682593651,track_preview_car,-2.188440135274715,-1.6884451731500318,-0.001999936119812691,-8.743764462401716e-09,-6.634281063475323e-07,-1.0210954868098168,34.626554228278835,212.8403273877347,0.03210549288662343,-0.22109074577304866,0.004454985040089847,0.22340966975486057,1.106954116254922
16.653514429999632,1780932905800162465,track_preview_car,-2.182902588749441,-1.7147792988977417,-0.0019998556763625884,-1.984754202074702e-06,-6.124701807581492e-08,-0.886440349889935,34.86282288002384,213.9639167529703,0.05840630012125779,-0.21508555435964155,0.00599014108960614,0.22287460956342417,1.1382918072038932
16.75431994599967,1780932905900967420,track_preview_car,-2.175516211139101,-1.7360086322113677,-0.0020057779021430814,-3.8609445588372334e-05,-3.1597990692787506e-05,-0.7756035790084039,35.17797499139836,214.86970164101837,0.09062162826299153,-0.20955586326374961,-0.005959928312405159,0.22831105828945553,1.0655379000720688
16.875967228999798,1780932906022612740,track_preview_car,-2.1631958527056705,-1.7601575339877766,-0.0019997735008845307,-1.8847162188806999e-06,-9.517278668304721e-07,-0.6471518194686169,35.70364361789139,215.90005478347848,0.11799409885877697,-0.19503747115447254,0.00023714004574951444,0.22795223736525713,1.0392874018050107
16.995493128999442,1780932906142138539,track_preview_car,-2.147024739831641,-1.7822528257597756,-0.002002785639896347,3.420517809208229e-05,3.3867832435314765e-06,-0.5292151032807996,36.39361110051665,216.8427872324171,0.1567926189214516,-0.17299450997024465,-0.0028486259601368472,0.23347596413355404,0.8554972813928282
17.095513874999597,1780932906242159686,track_preview_car,-2.130856203594275,-1.7989316739140704,-0.0019999191147931565,-4.791533375375793e-07,-5.05664748111111e-07,-0.43853780829671046,37.08346864664428,217.55441808700033,0.1768254586580311,-0.15393342003577534,0.008381334101132258,0.234441337296846,0.8080610552367371
17.21282067499942,1780932906359466225,track_preview_car,-2.1086851483454097,-1.816357176910998,-0.00199999025096333,-1.2429300128833052e-06,8.46832580761906e-07,-0.34184226417175345,38.02943367059585,218.29790621486927,0.19572197729080568,-0.13372452147325115,0.0011754932577596722,0.23704290758820998,0.7559166501429563
17.31681774399931,1780932906463463715,track_preview_car,-2.088179406843623,-1.8287880281139328,-0.001999912275408071,1.235759298095817e-09,-9.172406368902278e-07,-0.2706357893894146,38.90434530800542,218.82828919952777,0.21362016901318898,-0.11303276250920614,0.0013896718890667084,0.24168157151443306,0.6544964220111701
17.436036265999974,1780932906582681776,track_preview_car,-2.061472195836761,-1.841299146863017,-0.001999880243520445,-9.93796098431833e-07,-5.0471380048482e-07,-0.19498332255787484,40.043852977631545,219.36209693282206,0.2306176074315932,-0.09399898020767991,0.00016908985818467402,0.2490387301958397,0.596411135457987
17.556255731999954,1780932906702901393,track_preview_car,-2.033020430841536,-1.8510269785266822,-0.001999867698908016,-6.302668659696268e-09,-1.4193916653049332e-06,-0.13234094965374563,41.25779495076114,219.7771510838051,0.24521961263866587,-0.07426635963851991,0.00010246512119528752,0.2562189505025249,0.5085113922685206
17.676963336999506,1780932906823608677,track_preview_car,-2.0033742194382285,-1.858395436757261,-0.0019999461402469875,-7.037855574326465e-06,4.7684780984489394e-06,-0.07961599033516824,42.522699970635585,220.09153863497647,0.25107229319545626,-0.054414976488538484,0.000671052304147818,0.25690131583289594,0.42948322493203694
17.779897580999204,1780932906926542770,track_preview_car,-1.9776550708160043,-1.8627498736256378,-0.0020096734051583396,2.878823565164939e-07,-8.197168743942206e-07,-0.045486162151795295,43.62005031185048,220.27732794136057,0.25976692152544933,-0.039492046780876554,-0.009741023031439196,0.2627517369642909,0.34073889391974643
17.898938036999425,1780932907045585702,track_preview_car,-1.946194481666898,-1.8662921105004482,-0.002003084146339395,-4.301500175887928e-05,-1.2899803768679454e-07,-0.012297527432277333,44.96236878221235,220.42846338135246,0.26811935677621557,-0.02146688561209772,-0.0031643707222882133,0.2689773534258497,0.2255910358158036
18.0168950949992,1780932907163540365,track_preview_car,-1.9140714726369723,-1.8682366459527822,-0.002000209110549923,7.18288445259267e-08,-4.036945462784641e-06,0.01243660876191308,46.33295050082252,220.51143022731873,0.27129990037369345,-0.010183402380725503,-0.0002461626295699367,0.27149095312150595,0.16708338778197562
18.119019323999964,1780932907265665666,track_preview_car,-1.886912417605987,-1.8688637966462796,-0.001999707788852668,3.451577604100739e-06,-4.5897544318493433e-07,0.02723810387943771,47.491736848811215,220.53818865690795,0.272485886128259,-0.001982051100340621,0.0016659023087392951,0.27249309471189703,0.12032706754831989
18.237547446999997,1780932907384193568,track_preview_car,-1.8539965531039921,-1.8687188886415151,-0.001999964452423005,1.700298354961695e-09,-3.7410901340404374e-07,0.03942265539194339,48.89614706756301,220.53200591537131,0.275763989389506,0.004226108764247988,0.002715163046956769,0.27579637024316117,0.08322015205490252
18.34013287399921,1780932907486778585,track_preview_car,-1.826424236983147,-1.8680896508106903,-0.002004302028375645,-1.032754087734968e-07,-5.391743339668304e-05,0.04651269483776838,50.07256588871907,220.50515843458948,0.2768519048792686,0.00880654141957843,-0.004291480091951895,0.2769919356354158,0.04890772527774334
18.444399942999553,1780932907591043820,track_preview_car,-1.798697946498485,-1.8670547328540084,-0.002001411177155937,1.849089280393182e-05,8.40510020051239e-07,0.05052705595520696,51.25555428273131,220.46100193510438,0.2782316701465189,0.011735703414314706,0.0003488773631581971,0.27847906385786,0.03195844780102896
18.561788955999873,1780932907708436751,track_preview_car,-1.765240092345034,-1.8654643790717134,-0.0020009389065804507,1.2348809841370153e-05,5.249156780208718e-07,0.052361218841110155,52.68308939327855,220.39314684039311,0.27954501082729316,0.01421572863706337,0.0005128028300075324,0.2799062343341321,0.0080746315954592
18.662356173999797,1780932907809001564,track_preview_car,-1.7373770534892632,-1.8639477351740037,-0.0020013281445188254,1.7106744814141405e-05,1.016479113720559e-06,0.05163507544576473,53.8719123844581,220.3284367007575,0.2787528483844732,0.015527220930090648,0.0002386399996654285,0.27918496569885154,-0.011351528948463304
18.782125011999597,1780932907928768288,track_preview_car,-1.7040279558697065,-1.862030298890095,-0.0020066863221738667,-2.6386845667417635e-05,-1.2646620879415127e-05,0.04863274034320239,55.29480721622586,220.24662608597737,0.2779339428914214,0.015745602208962872,-0.006696199026355322,0.2783795980313478,-0.02885659816192966
18.903554487999827,1780932908050201140,track_preview_car,-1.6707530837140399,-1.8601299987057698,-0.002001990038054469,-2.6406832825281182e-05,9.43311490813392e-07,0.044134430858163654,56.71453509486763,220.1655466114462,0.27682632191465467,0.014706799854047032,-0.0009377026566143097,0.2772167066876436,-0.03515537048735202
19.015149177999774,1780932908161795760,track_preview_car,-1.6375022316725412,-1.8583310436657083,-0.002001688707695823,-2.1415439850386234e-05,1.5479138569887523e-06,0.03899822284221528,58.133238115304906,220.08879119640358,0.2767567962268643,0.014447430867610116,-0.00025689507021123563,0.2771336365662466,-0.047222167978933485
19.116188822999902,1780932908262834443,track_preview_car,-1.6098042285367884,-1.8569375208867702,-0.00200171354438168,-2.168186011247795e-05,1.607016959148535e-06,0.03434069437882018,59.31501958243037,220.02933422450218,0.2767585438370018,0.013254639676811286,-0.00031121170976904187,0.2770757605055696,-0.04840393757762018
19.2202067799999,1780932908366853613,track_preview_car,-1.5821041786910794,-1.8556674884889452,-0.002001711998897331,-2.1661927624885208e-05,1.6058644242955464e-06,0.029597985429850492,60.49688837584728,219.97514617552832,0.2768543964865168,0.011880080536033557,-0.00030918576071556326,0.2771091719295052,-0.0476425162904399
19.32140429499941,1780932908468049575,track_preview_car,-1.5543935051901332,-1.854535957964029,-0.0020017141500863604,-2.175641818797406e-05,1.5574893847288182e-06,0.024953959365162304,61.67921044522099,219.9268675397986,0.2770119836894905,0.010415175629422532,-0.0003078948680155826,0.27720771091544016,-0.04552283378715364
19.441072763999728,1780932908587718304,track_preview_car,-1.5211181252013437,-1.8533706534354182,-0.002001713552746148,-2.1838559931325837e-05,1.4897457490117339e-06,0.01971005974709597,63.09895999140933,219.87714787991115,0.2772183872508493,0.008702681909748638,-0.00030365211170865395,0.27735495471035687,-0.04242005731857085
19.542792323999493,1780932908689437504,track_preview_car,-1.4933666607687954,-1.8525570564392286,-0.0020017134066506034,-2.184927078919513e-05,1.4802814350678877e-06,0.0156980004253911,64.28302247386472,219.84243440807376,0.27743973595238586,0.007288041794359363,-0.00030321117799447886,0.2775354439319885,-0.03866048041752
19.654386011999122,1780932908801031582,track_preview_car,-1.4600348678294126,-1.8517608147402342,-0.002001711141069756,-2.174405092297166e-05,1.5356449679070117e-06,0.01140630877966016,65.70517897261172,219.80846142891664,0.2776796869594525,0.005773275745553617,-0.0003027685672962099,0.2777396969515408,-0.0344763858413584
19.757626091999555,1780932908904271903,track_preview_car,-1.432232450229539,-1.8512361252406782,-0.002001710046855529,-2.164500662876e-05,1.5985806363582112e-06,0.008298216429024551,66.891415456873,219.78607467693558,0.27791463272300193,0.004571994321219271,-0.00030609254658473846,0.2779522372884131,-0.030112013688707102
19.860938809999425,1780932909007582998,track_preview_car,-1.4113651834282965,-1.8509127331107855,-0.001999553563716252,-1.1805783344015136e-08,-4.746018715907003e-06,0.006017552908955856,67.781752173726,219.77227661272684,0.13916394980266503,0.0028943574810315143,-8.629378992708741e-07,0.13919404523867634,-0.025798423918420157
19.9790155339997,1780932909125660824,track_preview_car,-1.394656495674238,-1.8506116918788398,-0.0019996460352926303,-1.015728540364414e-08,-3.7661670664136305e-06,0.0031955126296894175,68.49465618456586,219.7594321868305,0.13927854525101888,0.0022281383589824516,-6.901115825122817e-07,0.13929636667116227,-0.022355711599466387
20.082484886999737,1780932909229130959,track_preview_car,-1.38071798246808,-1.8504296150380146,-0.001999708897537688,-8.722895813740133e-09,-3.0988343314980363e-06,0.0012968124056817177,69.08936608136193,219.75166357495527,0.13941336779008806,0.001625856765456937,-5.749078101413702e-07,0.13942284794392973,-0.01812242917907081
20.202200086999255,1780932909348845738,track_preview_car,-1.363976983007479,-1.8502794349731901,-0.001999770790417626,-6.982520220432302e-09,-2.4405091955562412e-06,-0.0005132611346235918,69.80364872501423,219.74525589218945,0.13952806536597312,0.0010808799055240326,-4.638778240800279e-07,0.13953225192098578,-0.014456946033483752
20.3022377289999,1780932909448884332,track_preview_car,-1.350014613001647,-1.850204205302342,-0.001999813199619566,-5.642444088699312e-09,-1.9888581244890225e-06,-0.0016483574803635322,70.39937651192972,219.7420460928999,0.13962361002038262,0.0006725162111474582,-3.8941105208913084e-07,0.13962522964413757,-0.011329346049699037
20.421929779999118,1780932909568574920,track_preview_car,-1.3332489566086683,-1.850161052480517,-0.001999855128558859,-4.372923464867132e-09,-1.5426040301475325e-06,-0.0026483719866428274,71.11471118469683,219.7402049058354,0.1397688089188244,0.00014083285614080535,-3.158328555325496e-07,0.13976887987130834,-0.006433540398433451
20.54229775299973,1780932909688943224,track_preview_car,-1.3164751187858617,-1.8501567853516443,-0.0019998891950305203,-3.565231933977929e-09,-1.180869697860887e-06,-0.0033405704289526956,71.83039493180323,219.74002284167017,0.13981369203375155,-0.0001135570048302976,-2.5453628858607134e-07,0.13981373814937526,-0.004459172076121864
20.65993711399915,1780932909806582264,track_preview_car,-1.2996951989605972,-1.850181702955315,-0.001999915926732039,-1.526143196966126e-09,-8.958277794343358e-07,-0.003784742370579808,72.54633817768118,219.74108599276008,0.1398535133302372,-0.0002876500218559336,-1.8920217217775758e-07,0.13985380914850304,-0.0030371286256202926
20.779210482999588,1780932909925856404,track_preview_car,-1.282910363710045,-1.8502189263467328,-0.0019999296753003253,2.212598569700913e-09,-7.313771447809447e-07,-0.004145258457121714,73.26249114837142,219.74267419079393,0.13964903300552634,-0.0003147012343034455,0.0037343943351860216,0.13964938759710138,-0.0033170722176058555
20.880938296999375,1780932910027583457,track_preview_car,-1.2689199989295423,-1.850259343481007,-0.0019999368689200834,2.327652410307072e-09,-6.508950626350715e-07,-0.004381563676956558,73.85941337900618,219.74439865518963,0.1396776265650999,-0.0003078111168547199,0.0036913325781730514,0.13967796573025815,-0.0032427477011148453
21.001916952999636,1780932910148564287,track_preview_car,-1.2521352691864562,-1.8503169585146622,-0.0019999892938767066,-8.55452750914335e-08,-1.7604483797163856e-07,-0.004610878727169546,74.57556184804454,219.74685689662556,0.13997014516739842,-0.0005206217914150415,-1.458497595769631e-06,0.13997111339570134,-0.0015003954354094948
21.106361883999853,1780932910253007585,track_preview_car,-1.2381461387185673,-1.8503731227265736,-0.0019999772502822316,-6.77155868060001e-10,-2.4271014754459717e-07,-0.004670112478153849,75.17243141467446,219.7492532363338,0.1399362684076483,-0.000676871484882666,-3.843006505732438e-06,0.139937905411166,-0.00047119795209742956
21.222318669999368,1780932910368964331,track_preview_car,-1.2213617033213353,-1.8504469590742765,-0.002003710705467419,-1.478075130636827e-10,3.9059097989898164e-05,-0.004644445548814395,75.88856732495637,219.7524035871691,0.13889140023746965,-0.0003192051985343618,1.671165372596084e-05,0.1388917670414044,-0.00337366044768906
21.340588243999264,1780932910487231891,track_preview_car,-1.2045796506208695,-1.8505268899770118,-0.00199996133841159,-1.225647744439398e-07,-3.1135291044307104e-07,-0.004530458987479988,76.60460157350957,219.75581397235248,0.1398744270119446,-0.0008382744041961611,-9.577702936271844e-06,0.13987693889950747,0.0018042384693135924
21.4424141089994,1780932910589059879,track_preview_car,-1.1905972755888663,-1.850595872821359,-0.002002202469186747,-7.271242125964268e-08,-2.8367595358400323e-05,-0.0043892350122390665,77.20118290820838,219.75875724037797,0.1400191387686301,-0.0008273853730488485,-0.003222768959865746,0.1400215832936638,0.0023650854936295186
21.54319626799952,1780932910689841298,track_preview_car,-1.1766150306693415,-1.850665940262009,-0.002000072287006879,-1.1019559697868778e-05,9.112615040500846e-06,-0.004212771443894659,77.79775869144143,219.76174678451235,0.13991590494364245,-0.0008858726810582981,-0.00010314171121520777,0.1399187093515568,0.002088636925569895
21.662691539999287,1780932910809336860,track_preview_car,-1.1598374287898667,-1.850738232358069,-0.002002806519473132,4.170572421999631e-08,-3.6068610554686725e-05,-0.004087601732497664,78.51360303829901,219.76483124727758,0.14005660010524543,-0.0010061787286741559,-0.003307162066870245,0.14006021429611862,0.003983173145307811
21.781455347999326,1780932910928100788,track_preview_car,-1.143067799135583,-1.8508214068638051,-0.002002930460012261,3.660676532629821e-08,-3.773671277698106e-05,-0.0038526965280688257,79.22910723688179,219.768380026189,0.14005436554158254,-0.0009877712980420525,-0.0033710681293740888,0.14005784876040492,0.004254981668172181
21.881956112999433,1780932911028601092,track_preview_car,-1.1290937197377628,-1.8508890187942382,-0.0020013047486248307,2.7316771469718692e-08,-1.7459846425792266e-05,-0.0036380302682624205,79.82533462452213,219.77126480188747,0.13993357692037814,-0.0008331850348315321,-0.0013486371582095643,0.1399360573513262,0.0035867508171771203
21.98208796399922,1780932911128736741,track_preview_car,-1.1151231562968082,-1.850947411069976,-0.002002724032719793,3.571199778755941e-05,1.6079783611198148e-06,-0.003490957455130288,80.42141199800284,219.77375620565232,0.1398727785645617,-0.00048270415728129056,-0.002679356743100395,0.1398736114736242,0.004521731768090425
22.100764399999207,1780932911247409129,track_preview_car,-1.098336484062025,-1.851025707075674,-0.002002732806052629,-3.7062706244381424e-08,-3.540588736602424e-05,-0.0031072847222400764,81.13764334668693,219.77709683522875,0.13998002596386086,-0.0006515906557815509,-0.002759064970113368,0.13998154249480843,0.003469274555786936
22.220639591999316,1780932911367295442,track_preview_car,-1.0815486522070825,-1.8510941577396207,-0.001999949605322932,-2.190010226946895e-09,-5.397054397911558e-07,-0.00276594415430493,81.85392417249781,219.78001739689046,0.13981478269660966,-0.0006146904144575083,0.0008243626879797372,0.1398161339216823,0.0019927604281210686
22.320960338999612,1780932911467606060,track_preview_car,-1.0675586067401142,-1.8511461009262682,-0.0019999865343574078,1.030671286068317e-09,-1.3874907081949393e-07,-0.002494470989217782,82.45083277908847,219.78223363952077,0.13977804034995345,-0.00018386036187651982,0.004236971807857804,0.13977816127244586,0.0019769277840136334
22.425097229999665,1780932911571742359,track_preview_car,-1.0535675541338545,-1.8511920165990536,-0.0020000698772418535,-1.1034530318471713e-05,9.098604993178886e-06,-0.0022603889344939283,83.04778435695553,219.78419270822627,0.13993015859900285,-0.0006148419807523156,-0.0001029647434579196,0.13993150937584925,0.0017508278797525242
22.543678065999302,1780932911690325159,track_preview_car,-1.0367793746104443,-1.8512391004791084,-0.001999964768453946,-5.381502476234428e-10,-3.7300955645978495e-07,-0.002014883072160389,83.76408001662105,219.78620162044194,0.13993244698331755,-0.0003401858747377175,3.305714293477087e-05,0.13993286049090953,0.0011172904739564801
22.643695350999224,1780932911790340581,track_preview_car,-1.0227891623954468,-1.8512727240079896,-0.002001121224017217,1.48511917112241e-05,5.463834276465383e-07,-0.0018454682388670974,84.36099573779427,219.78763622434087,0.14012504983922264,-4.8682668973199514e-05,-0.0008873250062031092,0.1401250582959625,0.004128173138604813
22.746421014999214,1780932911893069370,track_preview_car,-1.0087946914049144,-1.8513002450506928,-0.001999958462074754,8.476232749607878e-10,-4.340173685419805e-07,-0.0016950160747653755,84.95809316672364,219.78881045549622,0.13994027458298333,-0.0002931339319480399,3.435849938672374e-05,0.13994058159755815,0.0008531280168702848
22.863487859999623,1780932912010133180,track_preview_car,-0.9920095454925321,-1.851334223917056,-0.0019999680996840583,-1.7471480583478704e-08,-3.199565948184941e-07,-0.0015380241302995568,85.67425939231863,219.79026022046105,0.13987565124171333,-0.0004033555708371304,-3.2245988422868745e-07,0.13987623281319075,0.0016448388874275353
22.96473783699912,1780932912111382576,track_preview_car,-0.9780313795931009,-1.8513610188802498,-0.0020026810955064162,3.636056928160535e-08,-3.4223155721203606e-05,-0.0014510662063882051,86.27066113736103,219.79140347222398,0.1400805863426416,-0.0005138600253842386,-0.0032367379874969444,0.1400815288402577,0.0026318499697414403
23.083594589999848,1780932912230239389,track_preview_car,-0.9612574008089885,-1.8513920536670156,-0.00199997085082293,1.0216104225792335e-07,-3.817663205533762e-07,-0.0013429275911640028,86.98635089881648,219.79272762312598,0.1398832245957445,-0.00035298468962897234,-4.021184791795584e-06,0.13988366996005866,0.0018287033997220303
23.20257331799985,1780932912349219039,track_preview_car,-0.9444763183307022,-1.8514219991567606,-0.002003461996954385,1.4733145530315676e-07,-4.4107997539868155e-05,-0.0012136441156908437,87.70234375122337,219.7940052973551,0.14006537640845337,-0.0003376929855665153,-0.0038772024775833684,0.14006578349116613,0.002130486014489936
23.304178733999834,1780932912450824745,track_preview_car,-0.9304921892601765,-1.851445847118391,-0.001999964028375813,-4.9720561553897464e-08,-4.148722097824231e-07,-0.0011110272615965013,88.29899992489914,219.7950228103847,0.13993361082162684,-0.0002619557880230675,1.0594629562553638e-06,0.1399338560120938,0.0012348806383011312
23.424985009999546,1780932912571629749,track_preview_car,-0.9137148150513813,-1.8514688659875993,-0.0020030354239231984,3.212009456286248e-08,-3.874578309198856e-05,-0.0010335274136671823,89.01483455780773,219.79600494880424,0.14009015617835865,-0.0004523466852755958,-0.003416497019457128,0.14009088648302787,0.0023975685528685067
23.544308153999737,1780932912690952111,track_preview_car,-0.8969274627695517,-1.8514885526429148,-0.00199997789466689,-3.0333239742613293e-10,-2.2867765403857162e-07,-0.0009142551898146305,89.73109492183247,219.79684491276436,0.1398828893995186,3.663447992927356e-05,0.0027322767279606606,0.1398828941966925,0.001139737472084994
23.664983049999137,1780932912811628561,track_preview_car,-0.880137775937068,-1.8515058992186388,-0.001999982406727705,-6.162752775133311e-10,-1.8259318334601402e-07,-0.0007932819133579003,90.44745489335176,219.79758503332857,0.139880070519413,3.6473852630629e-05,0.0027215580981552858,0.13988007527470764,0.0011374590762939004
23.784640886999114,1780932912931284423,track_preview_car,-0.8633505721109844,-1.8515196089614285,-0.001999970598316873,2.367296477075758e-08,-3.249798825674623e-07,-0.0007021601767535448,91.16370892326466,219.7981699823543,0.13988390430123732,-0.00023462257663445303,-9.460809802587372e-07,0.13988410106338456,0.000815720129610532
23.90285719699932,1780932913049502778,track_preview_car,-0.8465700279070901,-1.8515314648985157,-0.001999983715870161,9.517548971951057e-10,-1.6346946187600208e-07,-0.0006482566974528791,91.87967880929749,219.79867583567,0.1397272079082118,-0.00010645216143590036,0.005216435467017523,0.1397272484588719,-0.00038628383603620756
24.023985860999346,1780932913170631382,track_preview_car,-0.842293057180424,-1.8513552946085583,-0.0019999164669423646,-2.5485576656763594e-07,-6.867301723204054e-07,-0.0029383403598634773,92.06216289363525,219.7911592366318,-2.261691929646374e-07,-8.792142784769089e-07,-1.0343510890034602e-07,9.078382297105287e-07,-6.026308030398501e-06
24.12404179999976,1780932913270688493,track_preview_car,-0.8422930627159342,-1.8513553581812092,-0.0019999274493582866,-2.2173613391380633e-07,-5.961719574008311e-07,-0.002938697960454789,92.06216265745348,219.79116194906493,-1.2378752269590662e-08,-5.717062763821037e-07,-1.0323738723212738e-07,5.718402748691651e-07,-2.9458448057379847e-06
24.226252065999688,1780932913372900933,track_preview_car,-0.8422930604137726,-1.851355410304492,-0.0019999368872738728,-1.8618804737324294e-07,-5.237472482542432e-07,-0.002938941595789749,92.06216275567903,219.79116417299167,3.852939789420831e-08,-4.969539660362415e-07,-8.63214951485891e-08,4.984453418994304e-07,-2.202944274695959e-06
24.32790781699987,1780932913474553558,track_preview_car,-0.842293053542718,-1.8513554557144625,-0.0019999447763917643,-1.5647849892303098e-07,-4.6320446266093007e-07,-0.002939118537353177,92.06216304884404,219.79116611048374,8.092571982375761e-08,-4.348462027279499e-07,-7.215290959844411e-08,4.423123242188834e-07,-1.5849700255549498e-06
24.44609078599933,1780932913592735014,track_preview_car,-0.8422930407559894,-1.8513555033849458,-0.0019999525203429343,-1.2834019183546804e-07,-4.029950169601288e-07,-0.0029392638225153316,92.06216359441112,219.79116814442438,1.1148022065904376e-07,-3.864738850020119e-07,-5.802035468027711e-08,4.0223115665837905e-07,-1.1217666448851724e-06
24.567066190999867,1780932913713711921,track_preview_car,-0.8422930237666257,-1.851355544603959,-0.001999958767892393,-1.0601418321372522e-07,-3.54135210898039e-07,-0.0029393463779131363,92.06216431929064,219.79116990310223,1.447294185572148e-07,-3.357749122347457e-07,-4.689042107516861e-08,3.656383408262332e-07,-6.271513040996443e-07
24.66789396399963,1780932913814540546,track_preview_car,-0.8422930069331592,-1.8513555748501873,-0.0019999630477790103,-9.083686677797408e-08,-3.205752319040253e-07,-0.002939375260304652,92.06216503751854,219.79117119360797,1.6755706605610015e-07,-3.009652571221294e-07,-3.926954552288531e-08,3.4446401318558344e-07,-2.875526523927944e-07
24.768295353999747,1780932913914940774,track_preview_car,-0.8422929880915124,-1.8513556020147088,-0.0019999666316409636,-7.823755389054731e-08,-2.9239003643664984e-07,-0.002939374174355829,92.0621658414288,219.7911723526276,1.8671892867877175e-07,-2.7174017103473037e-07,-3.2890640448465794e-08,3.297069591029779e-07,-2.456758412473178e-09
24.88765840399992,1780932914034304766,track_preview_car,-0.8422929632904815,-1.8513556312464008,-0.0019999701720374193,-6.593352169092439e-08,-2.6443898868460664e-07,-0.00293934015674525,92.06216689960613,219.79117359984645,2.0571123369242276e-07,-2.42763326859332e-07,-2.659186988406004e-08,3.18199849992217e-07,2.801737747901253e-07
24.988167025999246,1780932914134812246,track_preview_car,-0.8422929411143112,-1.851355653285731,-0.00199997259837133,-5.7616372717482584e-08,-2.451963210524907e-07,-0.0029392892685261036,92.06216784578939,219.7911745401912,2.1878039540539405e-07,-2.2281334764257808e-07,-2.2277037087958806e-08,3.122669519840883e-07,4.7471464566126397e-07
25.104457571999774,1780932914251103573,track_preview_car,-0.8422929130243525,-1.8513556774551583,-0.0019999749959813246,-4.952553898946835e-08,-2.260848488625602e-07,-0.002939206093896488,92.0621690442943,219.79117557142007,2.31757093624956e-07,-2.0299212906433145e-07,-1.8015127511109008e-08,3.080862783500051e-07,6.679442927906315e-07
25.205087021999134,1780932914351733655,track_preview_car,-0.8422928885972195,-1.8513556960241546,-0.001999976639638557,-4.4075881203441964e-08,-2.1290994203861562e-07,-0.0029391215340089974,92.06217008651863,219.79117636369728,2.407026831969366e-07,-1.893186178286702e-07,-1.5094709520810377e-08,3.0623409469679057e-07,8.011984952483009e-07
25.325123660999452,1780932914471767659,track_preview_car,-0.8422928582849889,-1.851355716761457,-0.0019999782643621996,-3.878940633704375e-08,-1.9981095711435674e-07,-0.002939005087059746,92.06217137984046,219.79117724848885,2.497345379324139e-07,-1.7553549822196752e-07,-1.220683987415705e-08,3.052540754393799e-07,9.35634134820576e-07
25.42966048299968,1780932914576306254,track_preview_car,-0.8422928323353696,-1.8513557329747314,-0.001999979378532499,-3.52363116610597e-08,-1.9077369971565743e-07,-0.002938897710687045,92.06217248702424,219.79117794025518,2.558505094558395e-07,-1.6616793638346356e-07,-1.0229440565875936e-08,3.050758369172351e-07,1.0268342574561255e-06
25.54834002899952,1780932914694985730,track_preview_car,-0.8422928005185859,-1.8513557513797325,-0.001999980480230594,-3.179336007800566e-08,-1.8178446885096626e-07,-0.0029387586947724714,92.06217384454033,219.79117872553525,2.6193538493007215e-07,-1.5684134243573237e-07,-8.275173975821892e-09,3.053020677550477e-07,1.1176039737285945e-06
25.667511010999988,1780932914814164406,track_preview_car,-0.8422927680963813,-1.8513557688436024,-0.0019999813718136533,-2.9067900383031522e-08,-1.7446371090848815e-07,-0.0029386105844410983,92.06217522788774,219.79117947066038,2.6689300179731286e-07,-1.4923729336884058e-07,-6.694505387469518e-09,3.057836557771488e-07,1.191584097334319e-06
25.785849106999194,1780932914932494797,track_preview_car,-0.8422927351839121,-1.8513557855440554,-0.00199998209349737,-2.690844482465005e-08,-1.6850277964515138e-07,-0.00293845510324976,92.06217663215308,219.79118018321304,2.7093205033592244e-07,-1.4303853971102075e-07,-5.415760823343496e-09,3.063726484885491e-07,1.251874536632104e-06
25.889095188999818,1780932915035741941,track_preview_car,-0.8422927074500745,-1.8513557989827043,-0.0019999825887504546,-2.5453929221555167e-08,-1.6439142537359305e-07,-0.002938320920004618,92.06217781546349,219.7911807565954,2.737194555885482e-07,-1.387587767970359e-07,-4.538657976491112e-09,3.068816359867447e-07,1.2934910708860214e-06
26.006724460999976,1780932915153371034,track_preview_car,-0.8422926738676608,-1.8513558146378495,-0.001999983078789036,-2.4039139894096572e-08,-1.6030493517433818e-07,-0.0029381553564737295,92.06217924831313,219.79118142454826,2.764916305221891e-07,-1.3450086771836948e-07,-3.67120351237038e-09,3.0747049478903346e-07,1.3348875063104339e-06
26.109232282999983,1780932915255877783,track_preview_car,-0.8422926455739211,-1.851355827246354,-0.001999983422786506,-2.281614881852456e-08,-1.5761155261463496e-07,-0.0029380129663924073,92.0621804555127,219.79118196251108,2.7950917722726913e-07,-1.3055161005153484e-07,-3.152162424649441e-09,3.0849489953857093e-07,1.3764841233410563e-06
26.225198964999436,1780932915371842852,track_preview_car,-0.8422926113668433,-1.8513558420545126,-0.001999983761906342,-2.155998980832975e-08,-1.5499488795156423e-07,-0.0029378386427002657,92.06218191501469,219.79118259432585,2.814918641245827e-07,-1.2807146995715614e-07,-2.5262151601562754e-09,3.092571276225001e-07,1.4032631777805274e-06
26.325338116999774,1780932915471980822,track_preview_car,-0.8422925834990354,-1.8513558410271311,-0.001999982880196675,-1.6087622981786665e-08,-1.6846338209302002e-07,-0.00293754631296637,92.06218310404117,219.79118255049093,-8.052571516519235e-08,-6.294985393959985e-07,7.900448532917325e-08,6.346280815600276e-07,-3.733822657234936e-06
26.428789591999703,1780932915575433088,track_preview_car,-0.8422925587496183,-1.8513558587175902,-0.001999982795786463,-2.4839222396070958e-08,-1.62677845534286e-07,-0.0029374549694894786,92.06218416001629,219.79118330528382,2.746389591941987e-07,-1.3732814120420967e-07,-4.14276101884381e-09,3.0705956470019963e-07,1.30732699658644e-06
26.530018400999325,1780932915676665444,track_preview_car,-0.8422925306764125,-1.8513558716304157,-0.001999983178823798,-2.3714352052032333e-08,-1.594982054119284e-07,-0.0029373156974472755,92.0621853578064,219.79118385623104,2.7797630985426106e-07,-1.325009127451135e-07,-3.589041732601772e-09,3.079404499549878e-07,1.355627631862167e-06
26.63006108599984,1780932915776706386,track_preview_car,-0.8422925023159448,-1.8513558841530595,-0.0019999835073664686,-2.2503035829163405e-08,-1.5695878085316935e-07,-0.00293717239462421,92.06218656785302,219.79118439053053,2.8000393324557787e-07,-1.2993031600216444e-07,-2.9962164165980853e-09,3.0868121039256073e-07,1.38317960754545e-06
26.740205821999552,1780932915886851042,track_preview_car,-0.8422924737815208,-1.8513558964574686,-0.00199998378080639,-2.1490163818601735e-08,-1.5484891779216036e-07,-0.0029370267393122986,92.06218778532178,219.79118491551867,2.816021422611889e-07,-1.2793346747938538e-07,-2.491246643823719e-09,3.0930040191921807e-07,1.4047540138818753e-06
26.858142878999388,1780932916004787037,track_preview_car,-0.8422924431473962,-1.8513559020773667,-0.0019999825225027637,-2.4199659137902594e-08,-1.660461719293546e-07,-0.002936747494159377,92.06218909237776,219.79118515530098,2.472166421964827e-07,-1.7759471598061044e-07,-1.5120506429711078e-09,3.0439440093920497e-07,9.08322010655375e-07
26.97630006899999,1780932916122945710,track_preview_car,-0.8422924100133136,-1.8513559183949009,-0.0019999829869164565,-2.4302177296367668e-08,-1.6107274088218057e-07,-0.002936588474866722,92.06219050609863,219.79118585151576,2.7595906010545e-07,-1.3531681418977507e-07,-3.832409115639423e-09,3.0735003344192676e-07,1.3269477165817994e-06
27.096122769999965,1780932916242767478,track_preview_car,-0.8422923761176528,-1.851355933601453,-0.001999983408496237,-2.286942730517436e-08,-1.5772155713559742e-07,-0.0029364183996213908,92.06219195231347,219.79118650032865,2.794249288989802e-07,-1.3065625546639148e-07,-3.1784054702888034e-09,3.084628794242495e-07,1.3753521093880322e-06
27.198143940999216,1780932916344788710,track_preview_car,-0.842292347635124,-1.8513559459706654,-0.0019999836985732534,-2.1794931213363188e-08,-1.5548330128824753e-07,-0.0029362734445205047,92.06219316756804,219.7911870280817,2.811212558188851e-07,-1.2853244533270118e-07,-2.643187701184546e-09,3.091112258983663e-07,1.3982728430036334e-06
27.31489909299944,1780932916461542800,track_preview_car,-0.8422923121806407,-1.8513559448201575,-0.001999983320817957,-1.2432788540463639e-08,-1.6660707396717915e-07,-0.002935925400105297,92.06219468029266,219.79118697899338,-4.23209628486326e-07,-1.0886482964183275e-06,1.8044740610953514e-07,1.16801605422959e-06,-8.529540749697475e-06
27.417795843999556,1780932916564441595,track_preview_car,-0.8422922892781308,-1.8513559650514553,-0.0019999827789178503,-2.4884260437064918e-08,-1.6282131003704664e-07,-0.0029358601907785897,92.06219565746642,219.79118784219543,2.744697370001537e-07,-1.3758146659189923e-07,-4.163943450818941e-09,3.070216547387357e-07,1.304838742124882e-06
27.536068312999305,1780932916682716028,track_preview_car,-0.842292255564035,-1.8513559805107234,-0.0019999832352071037,-2.350959106137066e-08,-1.5906001606076993e-07,-0.002935692693505403,92.06219709593451,219.79118850179088,2.783759390766777e-07,-1.319825369720676e-07,-3.4934007607650974e-09,3.0807881057029115e-07,1.3611162729270265e-06
27.636670782999317,1780932916783316274,track_preview_car,-0.8422922271729714,-1.8513559929946108,-0.0019999835543705134,-2.232927136715928e-08,-1.5659583025106665e-07,-0.0029355489748718613,92.06219830728656,219.79118903443674,2.8027825905819815e-07,-1.2958551350108948e-07,-2.9094268261808944e-09,3.087852130689478e-07,1.3868951953712489e-06
27.73745911399965,1780932916884103022,track_preview_car,-0.8422921986139326,-1.8513560052681772,-0.00199998381988996,-2.1345760791893102e-08,-1.545470726547647e-07,-0.0029354029866480295,92.06219952580554,219.7911895581089,2.818302030864332e-07,-1.2764829556186019e-07,-2.4189279879821557e-09,3.0939028868338484e-07,1.407835943159207e-06
27.838696629999504,1780932916985342281,track_preview_car,-0.8422921735564475,-1.851356008235286,-0.0019999825178624773,-2.3790237725974528e-08,-1.664073105791861e-07,-0.0029351509743065934,92.06220059492492,219.79118968470556,2.391191621417392e-07,-1.8940278775096479e-07,-4.60748202285588e-10,3.0504325875390914e-07,7.90884500401665e-07
27.94010135299959,1780932917086754558,track_preview_car,-0.8422921461534144,-1.851356022141468,-0.001999982893054766,-2.457014450719145e-08,-1.618577609633692e-07,-0.0029350215042500435,92.06220176412099,219.79119027803597,2.753852405726381e-07,-1.3619388460003789e-07,-3.9935805720564546e-09,3.0722272853371087e-07,1.3184046156295588e-06
28.05942421099917,1780932917206070432,track_preview_car,-0.8422921123398454,-1.8513560374600315,-0.0019999833305120234,-2.3158424390530745e-08,-1.5832320144845786e-07,-0.0029348525832053897,92.06220320683326,219.79119093162802,2.7896406314196333e-07,-1.3123523353513823e-07,-3.321517799956264e-09,3.0829147741333294e-07,1.3691174191568783e-06
28.16418127399993,1780932917310826544,track_preview_car,-0.8422920838983323,-1.8513560498804889,-0.001999983633695431,-2.2035604876849694e-08,-1.5598362893481706e-07,-0.002934708181520243,92.06220442033782,219.7911914615675,2.8074166738923e-07,-1.2900528497015303e-07,-2.7629597364048355e-09,3.089631812347799e-07,1.3931580543348719e-06
28.280551291999473,1780932917427196803,track_preview_car,-0.8422920495609187,-1.8513560645257683,-0.0019999839309319764,-2.0934683705320534e-08,-1.536901064774262e-07,-0.0029345320978278635,92.0622058854008,219.79119208643277,2.8247924122186707e-07,-1.2684088833944285e-07,-2.2134928552991486e-09,3.09650016431488e-07,1.4165808653318153e-06
28.396753123999588,1780932917543397131,track_preview_car,-0.8422920198072781,-1.8513560713849355,-0.0019999827622059576,-2.4927658175399705e-08,-1.629643734300236e-07,-0.00293426541326366,92.06220715488948,219.7911923790906,2.742798155609336e-07,-1.3786505339272466e-07,-4.182302403482608e-09,3.0697913637756976e-07,1.3020501077470534e-06
28.516941400999713,1780932917663586591,track_preview_car,-0.8422919861083019,-1.8513560868658558,-0.001999983221156926,-2.3561388099199224e-08,-1.5916862115943888e-07,-0.002934098133420926,92.06220859271245,219.79119303960982,2.7828229678941834e-07,-1.321015370582224e-07,-3.5179053172185172e-09,3.0804521226524334e-07,1.3598448832651145e-06
28.63548455,1780932917782128477,track_preview_car,-0.8422919520267653,-1.8513561018310327,-0.001999983600173128,-2.215995841004447e-08,-1.56242150555385e-07,-0.002933925504449384,92.06221004685801,219.79119367812405,2.8054555321623186e-07,-1.2924985980424072e-07,-2.824822357708201e-09,3.088872507709204e-07,1.3905140515077534e-06
28.73717765499987,1780932917883822735,track_preview_car,-0.8422919234437407,-1.8513561140745698,-0.001999983857972323,-2.1205070162247086e-08,-1.5425295109088815e-07,-0.0029337791919320866,92.0622112664004,219.79119420051495,2.820524421141177e-07,-1.2737060751526538e-07,-2.3484401233120344e-09,3.0947835426947956e-07,1.4108382353290168e-06
28.855182140999204,1780932918001825928,track_preview_car,-0.8158844699146555,-1.8511214859137166,-0.0019994977605787578,7.600615300081118e-09,-5.257145151594952e-06,-0.008985274730722607,93.18892928364136,219.78118339898526,0.278582124383907,-0.0046273446081073,1.592763887265998e-05,0.27862055262376606,0.02627617053676695
28.955897113999526,1780932918102540971,track_preview_car,-0.7880264346816994,-1.8515453156312207,-0.00199957684885932,3.4394690260490677e-09,-4.441002433902486e-06,-0.006372718391041575,94.37753878691416,219.7992668002654,0.2785945877912368,-0.0038936695585771682,2.4780901891213987e-05,0.27862179564635736,0.02624557487159703
29.057434812999418,1780932918204080123,track_preview_car,-0.7601484272679673,-1.8518711985409722,-0.0019996417132891737,1.2671105507428905e-10,-3.771234526796167e-06,-0.004125775928520785,95.56700043656673,219.81317113774816,0.2789737124554274,-0.0026934547815249733,2.2688111020290892e-05,0.2789867146296103,0.019074621893394744
29.157747683999332,1780932918304391692,track_preview_car,-0.7322520620375813,-1.8521122666971876,-0.001999694221787638,-1.8357640178303445e-07,-3.318567270210786e-06,-0.0022285610542320407,96.7572453530632,219.82345671241336,0.2790142157685396,-0.002176054242665188,-4.590269955556836e-06,0.27902270125027495,0.019110291119429343
29.258389399999942,1780932918405032536,track_preview_car,-0.7043318021539877,-1.8522695305754884,-0.0020034883256751313,3.214677248745855e-08,-4.973325987570265e-05,-0.0007862871285388423,97.9485097747632,219.8301666378875,0.2795012783686636,-0.0012745281651890324,-0.0037556663994805445,0.27950418428309987,0.012415895619940635
29.37648941599946,1780932918523133855,track_preview_car,-0.6708060716702505,-1.8523778494100627,-0.0019997763192162623,-8.198067580646962e-11,-2.355139461117547e-06,0.0005160550021350032,99.3789409420693,219.83478824149603,0.2795465754701155,-0.000524208693546357,3.3662269732194772e-06,0.27954706697052534,0.008122878351256788
29.476534218999404,1780932918623179739,track_preview_car,-0.6428508953237794,-1.8524129499330995,-0.001999816807122854,-1.6113322190991882e-07,-2.228571022110373e-06,0.0012675160715478594,100.57169513285208,219.83628586381224,0.27970617469591186,-0.0001160448308698036,-1.3092346883063502e-05,0.27970619876831965,0.005641394203903243
29.57734273799997,1780932918723987467,track_preview_car,-0.614883703862285,-1.8524118161015453,-0.001999826627557262,-1.359283203603216e-07,-1.7191848119011281e-06,0.0017856039228519454,101.76496196854251,219.83623748699927,0.2797529413312278,0.00023890676206799448,5.007645354257947e-06,0.2797530433434359,0.0032117646798650082
29.695446390999678,1780932918842090709,track_preview_car,-0.5813114190328471,-1.8523800679803724,-0.0019998713178950335,7.060813087571703e-08,-1.7002712279451367e-06,0.0022191199901610685,103.19737945459852,219.83488290049587,0.27985758457953974,0.0003614436064934911,-1.7321503015235204e-05,0.27985781798651777,0.0032002254409200103
29.795854697999857,1780932918942501651,track_preview_car,-0.5533276685045501,-1.8523388766600433,-0.0019999216802514532,3.2161807831698043e-07,-1.858101444982817e-06,0.0025319465528478168,104.39135281047253,219.83312540416182,0.2799359537481954,0.0005323512803571069,-5.09560974040604e-05,0.27993645993117344,0.0023952657950263435
29.914859024999714,1780932919061503063,track_preview_car,-0.5197457893332871,-1.8522795115548338,-0.00200178379840285,-2.272576391479003e-05,1.5576733635736613e-06,0.0029669054371939917,105.82417965511308,219.83059249300624,0.2796561970882013,0.00033838291605670854,-0.0003281967502262562,0.2796564018091357,0.003867602259459909
30.017545002999213,1780932919164189652,track_preview_car,-0.4917687781985579,-1.8522198366021991,-0.0020017084195448594,-2.160206141862456e-05,1.6144871348008454e-06,0.003367123782447023,107.0178654635282,219.82804636169385,0.2795413291952267,0.0005884223327857904,-0.0003155642025290006,0.2795419484962423,0.002381308052323723
30.13781607799956,1780932919284460837,track_preview_car,-0.4582075371745265,-1.8521178639857239,-0.0020017113844347043,-2.1615950595110127e-05,1.634918426996129e-06,0.0036138423994861134,108.4498117472202,219.82369553005753,0.27944783622747943,0.0008207731950946811,-0.0003109200071477281,0.27944904158156986,0.00039647688876730773
30.239696365999407,1780932919386344652,track_preview_car,-0.4302492128293936,-1.852014285390883,-0.002001712166349523,-2.1684268972298194e-05,1.5918090115682404e-06,0.0036253709369115407,109.64270025261254,219.81927617667765,0.27936912133579916,0.0009445522397226814,-0.0003080540474589725,0.2793707181056562,-0.0012075097685191095
30.358045757999207,1780932919504692581,track_preview_car,-0.3967072663571382,-1.851880628798608,-0.002001713461863811,-2.1800471739389124e-05,1.5181721600329618e-06,0.0034786336198530045,111.07382330209543,219.8135734954073,0.27930803179517916,0.0009869435497361705,-0.00030372262724133827,0.27930977548748126,-0.0024267906515173464
30.461377684999206,1780932919608023987,track_preview_car,-0.36876111168829684,-1.8517670307684857,-0.002001713281086358,-2.1828423945560788e-05,1.4953246627153994e-06,0.0032498894243089805,112.266192567966,219.80872664612207,0.2792642903680698,0.0009885222229945494,-0.0003022431189279012,0.27926603991707794,-0.003294128820470849
30.580322571999204,1780932919726967532,track_preview_car,-0.33522940068267437,-1.8516339108307374,-0.0020017117829573584,-2.1748137721878226e-05,1.5398900455984966e-06,0.0028980453937201404,113.69687890420589,219.80304686211144,0.279219620351986,0.0009749144801390273,-0.0003044145265989915,0.27922132233722907,-0.0042261600530642185
30.69986121799957,1780932919846506037,track_preview_car,-0.301699450727509,-1.851508503984179,-0.002001710859934024,-2.163757692094954e-05,1.6131530510784968e-06,0.0025014445602012767,115.12749010229295,219.79769616999164,0.2792123864200161,0.0008898945636750395,-0.0003086617705181499,0.2792138045346162,-0.004369034255287121
30.800527951999356,1780932919947172941,track_preview_car,-0.27375824753061145,-1.8514126809832072,-0.00200171115423267,-2.1612392855464223e-05,1.6350905214314837e-06,0.0021589862299823998,116.31964810536059,219.7936077219502,0.2792120509221734,0.0007989218997594709,-0.0003101645027391666,0.27921319391527377,-0.004379206110826722
30.91945289299929,1780932920066098072,track_preview_car,-0.24022859778495365,-1.8513109265134517,-0.002001712753916572,-2.1696306522883126e-05,1.5888459029010165e-06,0.0017525210934367908,117.75024649450864,219.7892661979073,0.27921648636829915,0.0006689107276893513,-0.0003079112507723439,0.279217287612032,-0.004293025661323637
31.019607843999438,1780932920166253765,track_preview_car,-0.21228657926406438,-1.851238643989878,-0.0020017137078210813,-2.179265418984376e-05,1.5265618145329638e-06,0.0014307210060662348,118.94243928473325,219.7861821435681,0.27922482930038856,0.0005515490605575017,-0.00030439799635931594,0.2792253740335884,-0.004107426101137179
31.11964109499968,1780932920266286275,track_preview_car,-0.18434358841714402,-1.851177837789795,-0.002001713335792294,-2.182879709157478e-05,1.4956025656950314e-06,0.001134091631212312,120.13467356086852,219.7835877456979,0.2792371235831029,0.00044054499586711925,-0.00030229916959316635,0.27923747110095815,-0.0038330986956369158
31.2208123599994,1780932920367457289,track_preview_car,-0.15639919314656403,-1.851127277040119,-0.0020017120456786025,-2.177722042805056e-05,1.520838517940753e-06,0.0008666193110774878,121.32696775907993,219.7814304870451,0.27925248662156793,0.00034685628200717135,-0.00030341062810601316,0.2792527020345718,-0.003529952437831018
31.33921657099927,1780932920485861580,track_preview_car,-0.12286373913495025,-1.8510780152621233,-0.002001710642649436,-2.1658913152210522e-05,1.5949186658581801e-06,0.0005855227139965353,122.75781379690879,219.7793286511839,0.2792689428769392,0.00025524204249116047,-0.00030752647734949047,0.27926905951806297,-0.003185274653476894
31.440223870999944,1780932920586869071,track_preview_car,-0.09491564189306646,-1.8510457118304948,-0.0020017106191938683,-2.160429795876827e-05,1.6356184703894085e-06,0.0003887362309434988,123.95026594589584,219.77795037143443,0.27928463407351667,0.00017948697090081707,-0.00030997223401739514,0.27928469174867215,-0.002835639572904201
31.56050505099938,1780932920707150391,track_preview_car,-0.06137632832991928,-1.8510165676663497,-0.002001712102062481,-2.1656875481314405e-05,1.6116522975072542e-06,0.00019083677343390573,125.38127665792345,219.7767068870976,0.279296150420955,9.48877534585793e-05,-0.00030910600832958075,0.27929616653948275,-0.0025411818064891107
31.678920466999443,1780932920825565196,track_preview_car,-0.027835519723508492,-1.850998355757331,-0.0020017131765560654,-2.1768060074451177e-05,1.5395101550890424e-06,4.1833071602745737e-05,126.81235115846364,219.77592984564615,0.2793140523205294,-1.1335154964477828e-05,-0.00030519515381347766,0.27931405255053166,-0.0019365253193860312
31.785313497999596,1780932920931959750,track_preview_car,0.0001155604927720601,-1.8509903569960642,-0.002001712218764168,-2.180469584647111e-05,1.5020763668859194e-06,-4.8432588964545435e-05,128.00493058102495,219.77558856516538,0.27931577228269866,-6.880785677666462e-05,-0.0003025109088827703,0.2793157807579112,-0.0016424791829034056
31.901919743999315,1780932921048564884,track_preview_car,0.03365721832169075,-1.850986777902515,-0.0020017103532939174,-2.1740797797457453e-05,1.5305759024033779e-06,-0.0001195321143127299,129.43604131505882,219.775435857174,0.2793223400032298,-9.91823318354961e-05,-0.00030347099256300197,0.27932235761215907,-0.0014271437949977055
32.022177514999385,1780932921168825019,track_preview_car,0.06719995548594249,-1.8509852747423834,-0.0020017092759518724,-2.1631533242573287e-05,1.6012616595475987e-06,-0.00017387863868393558,130.86719810073356,219.77537172234167,0.279335825928032,-0.0001032529072185328,-0.00030732643365633417,0.2793358450110881,-0.0013577773205225646
32.12270694199924,1780932921269352191,track_preview_car,0.09515331672728822,-1.850984357005317,-0.0020017100610728693,-2.1596475084601563e-05,1.6357174874380093e-06,-0.00021663808714245117,132.05987484703095,219.77533256556018,0.27934975042126625,-0.00010978005172119007,-0.00030972750726294257,0.27934977199218103,-0.0013098024782569045
32.239534103999176,1780932921386179153,track_preview_car,0.12869852113266866,-1.8509841735649164,-0.002001712692248682,-2.1676533395036216e-05,1.6031062661758347e-06,-0.0002693330308310918,133.49113690166052,219.77532473876977,0.2793656777550795,-0.00012588017049824286,-0.00030875547746201434,0.27936570611542894,-0.001329000198337495
32.35766194499956,1780932921504305382,track_preview_car,0.16224494187414978,-1.8509857166839492,-0.0020017149189909605,-2.1815173757277088e-05,1.5223688777536373e-06,-0.0003290115819694602,134.92245085329705,219.77539057851516,0.2793837648487024,-0.0001490717028118773,-0.0003047362777410192,0.2793838046190359,-0.0013876262156704323
32.45975279199956,1780932921606398673,track_preview_car,0.19020151210897393,-1.8509885087865818,-0.0020017151501082278,-2.1876614483001736e-05,1.4787173930769477e-06,-0.0003834767718136654,136.11526451664955,219.7755097082275,0.27940364380419414,-0.00016759875340382696,-0.00030223197659194623,0.2794036940707892,-0.0013890008903454985
32.56003885999962,1780932921706682457,track_preview_car,0.21815929012700627,-1.8509923261244658,-0.0020017142103206254,-2.1845391999312268e-05,1.492334120598624e-06,-0.00043967062877805645,137.3081297120856,219.77567258131052,0.27942315238257537,-0.00017941378722373697,-0.0003028725636457475,0.2794232099821398,-0.0013479970577362124
32.67878328199913,1780932921825428853,track_preview_car,0.25171083276143386,-1.850997648504086,-0.002001714090919885,-2.1760474200409254e-05,1.5546581963650383e-06,-0.0005030015848166687,138.7396621978212,219.77589966950768,0.27946687538559595,-0.0001909749476543806,-0.00030696081662619175,0.27946694063738353,-0.0011700374019875765
32.798625605999405,1780932921945270075,track_preview_car,0.2852647737056216,-1.8510033664414995,-0.002001714944774462,-2.1720226054945476e-05,1.5937702527489929e-06,-0.0005632880620826779,140.17129701143986,219.7761436348373,0.2794911180989631,-0.00019276156562689323,-0.00030980027779997865,0.2794911845715885,-0.0011880324064864275
32.89895205599987,1780932922045609038,track_preview_car,0.3132281923289163,-1.851008570246704,-0.0020017173347173602,-2.1794921160345035e-05,1.5627585486161697e-06,-0.0006181272870349702,141.36440287270042,219.7763656638594,0.2795195293117648,-0.00020042978729094426,-0.0003089673471394919,0.2795196011709558,-0.0012689153590223095
33.00119601099959,1780932922147841672,track_preview_car,0.34119341459698,-1.8510146478468654,-0.0020017194987491946,-2.192249538996483e-05,1.4897897574212129e-06,-0.0006821425512790193,142.55758568947115,219.77662497479957,0.2795519255938876,-0.00021307326813904123,-0.000305509754797044,0.27955200679563735,-0.0014027957537583668
33.12193341699913,1780932922268578967,track_preview_car,0.3747510158608407,-1.8510226825429597,-0.0020055796876426316,3.132497637957969e-08,-4.43936697832994e-05,-0.0008294074358647559,143.9893766767292,219.77696778849963,0.2798219542239144,3.048807066972136e-05,-0.005596705973957306,0.2798219558848321,-0.0031554512513469733
33.222393543999715,1780932922369039225,track_preview_car,0.40270480252357205,-1.85103088544985,-0.001999982893289952,3.405044258410841e-09,-1.6773550173268814e-07,-0.0010846917989758129,145.18207157433906,219.7773177791936,0.2798585060929173,-5.809668372326022e-05,0.0042099086065913146,0.27985851212315144,-0.002695744590115069
33.341147323999394,1780932922487792304,track_preview_car,0.43625263607001896,-1.8510493036258873,-0.002004937918375669,-2.9193780858665495e-05,-3.163336020480217e-05,-0.001369931180696183,146.61344580565415,219.7781036213712,0.2800322467938666,-0.00034752161613424524,-0.005389843985761933,0.28003246243193786,-0.0030115481608000757
33.44321584699992,1780932922589860376,track_preview_car,0.4642338269738078,-1.8510721228757143,-0.001999986700184226,1.2696654283643158e-09,-1.3324024372693337e-07,-0.0015678593486324157,147.80730995088246,219.77907724269716,0.2796317192106876,-0.00021379761752399502,0.003576564825471451,0.2796318009421426,-0.0022490194043427465
33.5433626719996,1780932922690010126,track_preview_car,0.49221990531493864,-1.851101799627908,-0.002001124128769522,1.4872407956012685e-05,5.61043891612469e-07,-0.0017459157438518957,149.00138262677072,219.78034345079072,0.2801790421256638,-3.7966290808910144e-05,-0.0008869202681343228,0.2801790446980176,0.0010399169346634988
33.66397148999931,1780932922810616649,track_preview_car,0.5258042251662596,-1.851148367712284,-0.0020034646671562577,8.125693803032417e-08,-4.4014713605007316e-05,-0.001861821173839339,150.43431360709374,219.78233035572413,0.28008403582872304,-0.000562276252092626,-0.003870437898588783,0.28008460022052095,0.000391734061794666
33.78061380999952,1780932922927258770,track_preview_car,0.5593938044300911,-1.8512052993612078,-0.0019999425435326917,-2.86560588924252e-09,-6.166456274578508e-07,-0.001860653412197206,151.86746898901723,219.78475943941152,0.2799476694437966,-0.0005946468396807093,3.832627083066239e-06,0.2799483009983757,0.00029004146737977794
33.882248163999975,1780932923028893213,track_preview_car,0.5873830081473489,-1.8512562057426047,-0.0020001764424555767,-2.495746344528544e-05,2.0772410235821062e-05,-0.0017881600263095507,153.0616750142869,219.78693144501779,0.27993649201209553,-0.0006915448757529296,-0.00022177714524816553,0.2799373461943818,0.00039186401962708854
34.00320853899939,1780932923149853919,track_preview_car,0.6209675563627282,-1.85131623813041,-0.0020007825988462014,-1.9631912119976651e-07,-1.1077260789344581e-05,-0.0016551911944747875,154.49461573814307,219.78949282689751,0.27993129908662184,-0.000616458020603275,-0.0008061845877693054,0.2799319778603632,0.0016214130454065211
34.104632391999985,1780932923251276680,track_preview_car,0.6489529980747984,-1.851365941876214,-0.002004203723820989,2.7353045429541104e-05,-2.6170519220537132e-05,-0.0015094518220800331,155.6886612511914,219.79161352005178,0.28002161897711475,-0.000372822120809925,-0.004131292048845963,0.2800218671655808,0.0038739011949339777
34.205228064999574,1780932923351873685,track_preview_car,0.6769339282668407,-1.8514115655893464,-0.002003726532878943,-1.3912684062953874e-07,-4.7305816250973586e-05,-0.0013684739440404771,156.88251427271854,219.79356013181211,0.2800046004571136,-0.0007274719963793052,-0.003763855628717694,0.28000554546768064,0.002713522942950961
34.32301282099979,1780932923469657991,track_preview_car,0.7105011326093011,-1.8514601107860995,-0.0019999492627630505,1.0855187297422985e-07,2.0617224678898164e-07,-0.0012435224261899602,158.3147149913302,219.79563139354025,0.27989136595295483,-0.0002806376262962712,0.0039589023909652535,0.27989150664585766,0.0008604773417229013
34.42403662999914,1780932923570680608,track_preview_car,0.7384822395255682,-1.8514996745228587,-0.0020026901748288156,5.7541795193254303e-08,-3.477327002327698e-05,-0.0011068599097482053,159.5085755530909,219.79731944630862,0.2799481584189427,-0.0006045556435033096,-0.002732813316551392,0.279948811195339,0.0025711239352225056
34.54304703499929,1780932923689692495,track_preview_car,0.7720642982477662,-1.8515410375742005,-0.002003126693141074,7.793992746242268e-09,-4.05229846232545e-05,-0.0009081199222492428,160.94141005857136,219.79908426983258,0.2799923927711746,-0.0004366146682202026,-0.0031589032790134194,0.27999273319516027,0.0020077532318479815
34.66456215499966,1780932923811208197,track_preview_car,0.805644693115806,-1.851575232559589,-0.001999943401802985,-1.0463832272691428e-09,-6.003262471531545e-07,-0.0007389722854874217,162.37417357294106,219.80054325587577,0.2798663941538272,-0.0003954337723952593,2.733402289853859e-06,0.27986667351532535,0.001513185254931649
34.78293766899969,1780932923929583360,track_preview_car,0.8392236171058104,-1.8516028891766267,-0.0019999672458246237,-1.2241623009453686e-07,-4.354653882294443e-07,-0.0005839229536922509,163.80687432984791,219.80172327153605,0.27989049598932764,-0.00028562494953002107,-5.188974305439159e-06,0.27989064172773553,0.0008144617890546846
34.90212466899993,1780932924048770851,track_preview_car,0.8727906816366737,-1.8516236825850305,-0.0019999965539451996,-5.1269515588319724e-11,-3.704281919592241e-08,-0.000537590635299244,165.23906908316474,219.8026104569613,0.27983361531525347,-0.0002834877390560191,-2.5979779850984765e-06,0.27983375891000617,0.0013205343999110463
35.00305630799994,1780932924149702189,track_preview_car,0.9007723507434514,-1.8516434779588473,-0.001998977269069307,3.7715897130287844e-08,1.2339145661751315e-05,-0.0004076317916626503,166.43295363172058,219.80345505957746,0.27987428478172643,-8.815478375965942e-05,0.004727209732685052,0.27987429866522,0.0008302937283943646
35.123314602999926,1780932924269960354,track_preview_car,0.9343477201974828,-1.8516591019634807,-0.002000075308705904,5.43291374189136e-06,4.90998273975094e-06,-0.00028706894023845526,167.86550272842592,219.80412168377518,0.279416928976098,-0.00018467593821778534,0.0009592274127205884,0.2794169900053251,-0.002058663947704305
35.224016887999824,1780932924370661957,track_preview_car,0.962321756261703,-1.8516676858283778,-0.0019999491064849463,1.9723086240874797e-09,-5.301004640633948e-07,-0.00024453775900995305,169.05906160049932,219.80448792867747,0.27928842066411164,-0.00021285509904783837,0.0026502603796176266,0.279288501776115,-0.0022426042997012864
35.34401969099963,1780932924490666564,track_preview_car,0.9959039135870704,-1.8516759663288138,-0.0019999566228087176,-5.066194284444132e-10,-4.5902236135601004e-07,-0.00013943738967571293,170.49190031304835,219.8048412300294,0.2799026137024629,-0.00019927247724514785,-1.794041410242253e-06,0.279902684636983,0.000947539051159817
35.447885779999524,1780932924594530929,track_preview_car,1.0238838580786505,-1.8516799868103027,-0.00200393299226572,1.310694971321572e-11,4.139986661349455e-05,-5.310825284751716e-05,171.6857112780224,219.8050127705729,0.2793892939671672,0.0002520060287545979,-0.003970567293175329,0.2793894076204585,0.0026527307260004324
35.548550185999375,1780932924695193953,track_preview_car,1.0518697390064817,-1.8516808909308329,-0.00199998409948724,-2.0656723625781786e-09,-1.717623220935889e-07,-1.5741138372749823e-05,172.87977553094322,219.80505134638219,0.2798937059717689,-9.93756405339547e-06,6.017597486203396e-08,0.2798937061481844,4.1490347538437316e-05
35.66514924999956,1780932924811795602,track_preview_car,1.0854532738876248,-1.8516816430467544,-0.0019999937040964004,-1.709413255651092e-09,-6.767549191030412e-08,2.9243897531044655e-05,174.31267301920533,219.8050834366615,0.2797919507163744,6.288162195809667e-05,0.00041546496699972036,0.2797919577825147,0.0009227686782437372
35.76765263699963,1780932924914297065,track_preview_car,1.1134288336698122,-1.8516812488471888,-0.0019999954920424255,-1.1340299833789997e-09,-4.971322515982984e-08,6.580351465223795e-05,175.50629690324533,219.80506661748007,0.2797890632161011,6.276814022863786e-05,0.00032158652661862946,0.27978907025683264,0.0009381222005433337
35.8841837129994,1780932925030826839,track_preview_car,1.1470043659285503,-1.851679326930786,-0.002003886264468668,1.144618799427602e-05,-3.5578554507104774e-05,0.00013615559990252062,176.9388529462848,219.80498461571352,0.27995801256058367,1.3899290572399063e-06,-0.004439869432465077,0.27995801256403396,6.113631186825658e-05
35.987557498999195,1780932925134205463,track_preview_car,1.1749849840782152,-1.8516761735637743,-0.0019999993435860976,7.920078389262389e-10,-5.5334236585019245e-09,0.00020456682379792397,178.13269265400385,219.80485007205436,0.27988704067767933,0.00023080745053832936,0.005847838535457377,0.279887135844769,0.0014716537280546615
36.108041658999355,1780932925254686288,track_preview_car,1.2085644653847434,-1.8516697906082118,-0.0019999510228844585,-1.8160540282907619e-09,-5.238171976112185e-07,0.0002749839957054431,179.56541718974904,219.80457773261702,0.27995462494972634,3.94617780780279e-05,-4.151284303727243e-08,0.2799546277309483,0.0004153677040178133
36.22488880799938,1780932925371533827,track_preview_car,1.24215921110766,-1.8516644255840864,-0.001999955691758203,-2.2389014755611774e-09,-4.776873830608596e-07,0.00033145471335040085,180.99879300726016,219.80434882492102,0.2799605251202007,4.912468412183006e-05,-3.793832223875082e-08,0.27996052943015576,0.0005170678782177793
36.326085167999736,1780932925472730838,track_preview_car,1.2701548275872796,-1.8516587090129408,-0.0019999859578273874,8.085159624867686e-10,-1.5064317899306912e-07,0.0003898938555508278,182.19327264372393,219.80410491788547,0.2798618155263061,0.00016050761076233573,0.005764694742735376,0.2798618615538268,0.0010865741475868235
36.44581640099932,1780932925592461661,track_preview_car,1.3037223317604882,-1.8516459327638002,-0.0020011424897717193,8.573322143006003e-08,-1.4777827524970168e-05,0.00040046325069745503,183.62548615511417,219.80355979792216,0.28005476049853173,0.00013297491566188605,-0.0026970730473086,0.2800547920679419,-0.0005142891433691863
36.54911477399946,1780932925695759403,track_preview_car,1.3316966606090883,-1.8516359202741277,-0.002003684156048805,1.4179932714530398e-11,3.8779641937877715e-05,0.0004078660115317385,184.8190575193211,219.80313259836277,0.2789048842087641,2.98337717905348e-05,4.1716506304701654e-05,0.27890488580438677,0.0003175492454525747
36.669465162999586,1780932925816110373,track_preview_car,1.3652597683861234,-1.8516219226394155,-0.001999990640793852,1.366372132827666e-09,-9.397618795706157e-08,0.0003874212170219008,186.25108345114126,219.80253536594842,0.2799716752746084,0.0001682122625042514,0.004202442361388691,0.27997172580715374,-6.107559563263766e-05
36.78587530299956,1780932925932518610,track_preview_car,1.3988348526243009,-1.851610278349759,-0.002000268634155155,-1.5493914074693086e-05,1.457010234145359e-05,0.00044691304856212883,187.68362037863685,219.80203854292307,0.2796666116099618,0.00013936567926060503,-0.00028181998323771905,0.27966664633486377,0.0017903021780683686
36.88587814099992,1780932926032521598,track_preview_car,1.4268186456484115,-1.8515982954169836,-0.0020002778686756314,-1.531094437528692e-05,1.4528551787593287e-05,0.0005118159860926888,188.87759554766555,219.80152727112466,0.2796329520901116,0.00012654967465377265,-0.0002775652803100658,0.279632980725541,0.001654713614215828
36.98702547499943,1780932926133668871,track_preview_car,1.4547909672114079,-1.851583692428774,-0.002001408399598089,1.813922043331071e-05,1.0788727367102883e-06,0.0006122367041002375,190.07108126768674,219.80090421029433,0.27991060105276616,0.00029880937636518574,0.00029021059139596806,0.2799107605447926,0.0023037588579455626
37.090039603999685,1780932926236683702,track_preview_car,1.4827690908819426,-1.8515693529411392,-0.0020014154571225636,1.7838567033613668e-05,1.3812488310347809e-06,0.0007630874644721638,191.26481454429623,219.80029239215526,0.27988489212063034,0.0002994189053094989,0.0003042878341862008,0.27988505227871274,0.002310319542782814
37.20836261599925,1780932926355010110,track_preview_car,1.5163369092446977,-1.8515506557581647,-0.0020014152116764002,1.7857173781395058e-05,1.3648582500202689e-06,0.0009597279100901501,192.69704146110712,219.7994946456817,0.2798628318125127,0.00031598701016542004,0.00030202665191945874,0.2798630101994713,0.0024840137104293223
37.32844431099966,1780932926475090352,track_preview_car,1.54989659623384,-1.851528178157312,-0.002001406128195723,1.8114782712299833e-05,1.0745329173350974e-06,0.0011573948508368094,194.1289214393105,219.79853560137866,0.2798249694214808,0.00032654046218922114,0.000304559525162711,0.2798251599488618,0.0025928162907538637
37.42940320899925,1780932926576048028,track_preview_car,1.577859968434723,-1.851504567437909,-0.002001401486324972,1.828335536441324e-05,8.965101255100836e-07,0.0013224486044872722,195.3220253198815,219.7975282106841,0.2798130398960749,0.00042410024631253673,0.00030697878063634107,0.2798133612908814,0.001994029432683377
37.54819872099961,1780932926694845254,track_preview_car,1.6114125863018651,-1.8514623134032733,-0.0020014003155882573,1.8320755101499896e-05,8.558372012758136e-07,0.0014152259841242556,196.7536036822129,219.795725371873,0.27978339869928287,0.0005233207195521391,0.0003106142973520642,0.27978388812134514,0.0011508649226188374
37.648336824999205,1780932926794982977,track_preview_car,1.639369614453586,-1.8514190227755536,-0.0020014038189432592,1.8219325832518528e-05,9.695948133336303e-07,0.0014064600295817969,197.946436883353,219.7938783050903,0.279747877804887,0.0005774891687142805,0.0003091663199830396,0.27974847386550294,0.00040763527525410694
37.767811844999414,1780932926914455622,track_preview_car,1.6729142986606005,-1.8513636049040545,-0.0020014095206582266,1.8047464647005647e-05,1.1598658727240423e-06,0.0013181099789832279,199.3776767428523,219.79151380923963,0.27972597831509205,0.0005730578970994956,0.0003047210323947684,0.27972656530921186,5.286570882126426e-05
37.868189821999295,1780932927014834751,track_preview_car,1.7008663674691948,-1.851318452349891,-0.0020014108295112703,1.799038087060025e-05,1.2169075885725684e-06,0.0012114981694591955,200.5702983453523,219.78958730026199,0.2797127657623692,0.0005582273172882698,0.00030247388443409507,0.279713322793484,-0.00017489265077483875
37.97269333499935,1780932927119336852,track_preview_car,1.7288175821175398,-1.8512750894248104,-0.0020014080483813064,1.8067248526846243e-05,1.1293827575055082e-06,0.001086432644242352,201.76288350368168,219.7877371487919,0.27970805117930225,0.0005393470157298325,0.00030341695172946123,0.27970857117672765,-0.00033195576222104956
38.08859326699985,1780932927235238457,track_preview_car,1.762358923780443,-1.8512261458931683,-0.0020014025542293627,1.824552581454491e-05,9.364416788194634e-07,0.0009278103074708981,203.19398074796555,219.78564889144184,0.2797108947990371,0.000505504595894983,0.0003073799195098522,0.2797113515826171,-0.0003635389775680044
38.207500159999654,1780932927354145520,track_preview_car,1.795900050412169,-1.8511808990178438,-0.0020014006661472987,1.832456398418885e-05,8.56669880860291e-07,0.000761862088867233,204.62506881758588,219.7837183580947,0.2797084230116657,0.00046941103224057743,0.00031015732550590265,0.27970881689784133,-0.00044556794046484344
38.309543601999394,1780932927456188691,track_preview_car,1.8238510647341208,-1.8511476169390586,-0.0020014035880586605,1.8243225057088584e-05,9.4907215642486e-07,0.0006263913004674348,205.81764542865582,219.78229832273314,0.2797083071924173,0.0004240088208134323,0.0003092311439829768,0.2797086285689589,-0.00039496130374079395
38.40979311599949,1780932927556440620,track_preview_car,1.8518290222644098,-1.8511417489555293,-0.002000471328584469,1.940796938868581e-07,-7.247026421740971e-06,0.0008269272267082171,207.01137161661484,219.78204795543593,0.27984681735037537,1.3589643048496839e-06,-0.0005278614201632328,0.279846817353675,0.002578915150864923
38.52900669099927,1780932927675650999,track_preview_car,1.883761718241333,-1.8530148822002794,-0.0019999961818942783,1.0014912728793194e-08,-2.1326595905767495e-08,0.029627738615567743,208.37383331163022,219.8619683072119,0.25400091913469247,-0.02489280498884299,0.004229101580247362,0.2552177867263196,0.40552497598156106
38.62901701999999,1780932927775663612,track_preview_car,1.9093792026838599,-1.854966643835404,-0.001999963163829536,1.138370210855447e-08,-3.7781553094846495e-07,0.07018407505063606,209.46684598117804,219.94524347031057,0.2554235178023849,-0.014083613356336979,0.0030257222770298593,0.25581149624619304,0.4006094210025269
38.73264164599914,1780932927879286155,track_preview_car,1.934994053854199,-1.8561278692442515,-0.002000004855974316,5.401994281585015e-09,3.579382476421301e-08,0.11386140329874697,210.55974629777916,219.99478908775473,0.2527813956942174,-0.019108945160794328,0.005700914507313255,0.2535026346890201,0.6061002135823017
38.84904041399932,1780932927995684021,track_preview_car,1.9645466391342579,-1.8574988642756391,-0.001999918049295386,-1.466662719078269e-07,-9.778251537533666e-07,0.1852328902869941,211.82065660306165,220.0532848757606,0.23775792203452017,-0.015900794003584386,2.694591199587619e-05,0.23828903613074057,0.7502519081672675
38.94939984099983,1780932928096044820,track_preview_car,1.9881184642030496,-1.8588859857621,-0.0020047835638080267,-2.3255979824811083e-05,2.9557070507899583e-05,0.2680768464914176,212.82638780599677,220.11246872584962,0.22780010713644935,-0.016903463818370653,-0.0049361165603975755,0.22842639055161026,0.9647932862598786
39.05133940699943,1780932928197986430,track_preview_car,2.010929898682571,-1.8599098513271788,-0.0019999734803321343,7.317346808680745e-08,-2.1803135506713233e-07,0.36977911830273896,213.79967567712305,220.15615365662632,0.22394160404246258,-0.0065436253529302536,0.0024272245108292916,0.22403718676565862,1.0997544799466181
39.170998987999155,1780932928317643677,track_preview_car,2.0378750218786577,-1.8595061471837109,-0.001999961975434272,2.875146962019881e-08,-3.5372067957494394e-07,0.5089266607925962,214.94933426682275,220.13892894650502,0.22017326962033218,0.011730135433333524,0.005164129756610594,0.22048552046016953,1.2191796030508835
39.28984986699925,1780932928436496239,track_preview_car,2.0643187399662746,-1.8561288370980003,-0.00199980659582907,6.4418243003921805e-09,-2.0308635270924967e-06,0.6571012997803763,216.07759957189438,219.99483038284802,0.2167128611535089,0.04251065584127406,-0.0002536906818718409,0.22084297600194416,1.2368159406986348
39.39137352099988,1780932928538022077,track_preview_car,2.085872318376101,-1.8504377074976133,-0.001999897045357782,-1.3684517089206923e-07,-1.0125174712630327e-06,0.7811451515096338,216.99721891738034,219.75200885323147,0.20938272494670784,0.06852850081320164,0.005452906688215647,0.22031178118705705,1.2385554723663224
39.5092382569992,1780932928655883617,track_preview_car,2.1103027174367144,-1.8395397012449761,-0.001999962884047408,1.7094488866588113e-08,-3.7378715279827075e-07,0.9213528294480337,218.03958261063315,219.287027253119,0.19631303697673186,0.10320263376935304,0.005192284759755157,0.22178726767774318,1.1781923167914907
39.61237832899951,1780932928759024610,track_preview_car,2.1291955849005646,-1.8275292518069974,-0.001999943130197452,-2.03837662783096e-07,-4.4284538123342306e-07,1.033579422463187,218.84567828909076,218.7745814104319,0.18167686682683604,0.13113662844294505,1.4909172831216317e-06,0.22406092756078408,1.1109106434241451
39.71448793599939,1780932928861137344,track_preview_car,2.14627515545269,-1.8125618323015666,-0.001999979643559945,-1.2071742664279972e-09,-2.198222099229555e-07,1.1349498119641321,219.5744066326481,218.1359715115335,0.16288565916277928,0.1585535211301712,-7.446775341771183e-09,0.22731246561433613,1.0077531917913236
39.81476883799951,1780932928961415099,track_preview_car,2.161439437690835,-1.7947973857967525,-0.002008588642846358,-1.4584055527289558e-05,-1.560679069408709e-06,1.2253371237512902,220.22141600814228,217.37802179399478,0.14177763670173285,0.18239869220834506,-0.008682008236757527,0.2310198718466512,0.8969630301112833
39.930959539999094,1780932929077604870,track_preview_car,2.176789509522908,-1.7706544177970773,-0.00199994808312523,3.2928009801679055e-09,-5.358634920336283e-07,1.320588592403666,220.87635240631073,216.34792182600864,0.10978508614684078,0.21373802748419493,0.0017009329881876813,0.24028464273253858,0.6732122517930043
40.031718013999125,1780932929178364416,track_preview_car,2.186997099028305,-1.7485573567073667,-0.0020032681476325914,-7.463076699897554e-07,-5.140634382160207e-05,1.385839700152491,221.3118762252077,215.40511388618097,0.08611348810935075,0.23534748612984108,-0.003737309865173377,0.2506072067239788,0.5156929857708749
40.132922697999675,1780932929279568379,track_preview_car,2.194913936859463,-1.7247587207996975,-0.0019999446812675754,-5.160764033507755e-07,-9.583704340658675e-07,1.4364490333351294,221.64966130600374,214.3897054207871,0.06990866652233246,0.24203225434789066,0.0005981348617785057,0.2519262467462506,0.4642107044308304
40.24926882499949,1780932929395913694,track_preview_car,2.202572906442406,-1.6952988664405468,-0.001999972794829708,2.1884560880353247e-08,-2.2272250165170404e-07,1.4929361134827182,221.97644400820934,213.13275163479665,0.05225830275172033,0.2494105969210172,0.0036843902270055607,0.25482656074865623,0.40582316474081515
40.35045401699972,1780932929497099467,track_preview_car,2.2070738989247154,-1.669830293782298,-0.0020000136498776098,3.957719653791012e-09,1.448017470313659e-07,1.5307106477371426,222.16848635412117,212.04609253471136,0.03582690265781004,0.25728782879367124,0.003736010139559479,0.2597702712001773,0.3191213120879054
40.45271066299938,1780932929599359239,track_preview_car,2.210052812002663,-1.643661020287966,-0.002004039103154326,6.228216383058782e-09,4.2517405801442863e-05,1.5599445939619199,222.29558664544697,210.92953686561987,0.02374406642715265,0.2655455606480984,-0.004210072377640573,0.26660499895990314,0.2571956073380844
40.57176600599996,1780932929718413149,track_preview_car,2.211973140583665,-1.6115717027610124,-0.0019999968901299806,2.257032561100192e-09,-3.08431585770733e-08,1.585179393046626,222.37752066490305,209.5603926511365,0.009718450960485297,0.2700339481079267,0.004566835432377179,0.27020877376544566,0.17948532095582484
40.674115484999675,1780932929820761587,track_preview_car,2.212471919651876,-1.5843733000193179,-0.00200608404158757,3.9311963176331895e-05,-2.8664667014171606e-05,1.5989769899201491,222.39880190514668,208.3999274674909,0.0012496048175134427,0.27330823289834194,-0.006124232392754487,0.2733110895705007,0.10875580554194694
40.79428492699935,1780932929940930678,track_preview_car,2.2121273190131885,-1.551375190565572,-0.002003766048264851,2.4502466476960907e-09,3.964180794579894e-05,1.6086511976179292,222.3840989445627,206.99200813079773,-0.0055971258540279635,0.2750725548348218,-0.0005380044349927327,0.27512949358653255,0.06077201133758009
40.91351044199928,1780932930060157075,track_preview_car,2.211164166949664,-1.518104522166831,-0.002000084619040763,1.0681898876038328e-05,8.986162950100492e-06,1.6134830099971282,222.343004456519,205.57245961245144,-0.009024017146221149,0.2779268802325949,-9.643644057450769e-05,0.2780733421982021,0.03604048993494157
41.01502491999963,1780932930161670160,track_preview_car,2.2099785588319056,-1.4901707355770777,-0.001999987910908725,-6.018166398849326e-10,-1.3080651868747903e-07,1.6135951694912012,222.29241851016133,204.38061805128865,-0.011821298440698996,0.2794669099750077,0.005642381605444286,0.2797168154898864,-0.0006642199240173731
41.136148859999594,1780932930282794561,track_preview_car,2.2083180075748303,-1.4568308741336535,-0.002007231721565212,-1.2308212735686703e-05,-1.7394954763139205e-05,1.6100153980062561,222.22156832319274,202.9581172963692,-0.014795062309669305,0.277162179718416,-0.007257289093381708,0.2775567829021848,-0.04849811425963713
41.25553002799916,1780932930402175107,track_preview_car,2.2066070621885663,-1.4236304645559188,-0.0020019773284736934,-2.5347817254272834e-05,1.6072478986436692e-06,1.6037063529145572,222.14856798671218,201.5415664877192,-0.013931907204602592,0.27605461233046236,-0.00040075192658221533,0.27640594607800956,-0.06314494540382543
41.3771769519999,1780932930523825498,track_preview_car,2.205000888835915,-1.3905039171434166,-0.002001721671280214,-2.1772254047189712e-05,1.6235010281216836e-06,1.5957227668921639,222.0800379236657,200.12816713145244,-0.012526157938812576,0.2756492480706879,-0.00028840059805194896,0.27593371050787496,-0.0721436665744776
41.49446808599987,1780932930641113345,track_preview_car,2.2036047665800975,-1.3574097187043743,-0.0020017294122436726,-2.1898950211279993e-05,1.6090846680603647e-06,1.586831554342938,222.0204700407508,198.71614799805332,-0.010414984050995602,0.27553353939707775,-0.00031434674251492944,0.27573030886259764,-0.07651935664356634
41.596531276999485,1780932930743176767,track_preview_car,2.2026504227137056,-1.3298364032493242,-0.0020017102382120025,-2.173185860348962e-05,1.5344534922326407e-06,1.5791624006139091,221.9797513691181,197.53968653863785,-0.008396343590630706,0.27552876529817993,-0.00030383880017101415,0.2756566688698669,-0.07776805874394793
41.71696895399964,1780932930863639101,track_preview_car,2.2017976092186853,-1.2967316454740676,-0.0020016921630500073,-2.158390517848181e-05,1.4570077786891734e-06,1.5701408731985687,221.94336465999726,196.1272168735602,-0.005720038374457117,0.27569625605719905,-0.00029498020919782776,0.2757555882352376,-0.07554244679113535
41.817261796999446,1780932930963905905,track_preview_car,2.2013511129917553,-1.2691139654443007,-0.0020016953313610857,-2.1620757883369628e-05,1.4625439609401411e-06,1.5631459115970197,221.9243141543149,194.9488625256235,-0.003289969519750848,0.2760288865880287,-0.0002953477838002129,0.2760484923531873,-0.06935366723563646
41.91963775699969,1780932931066283217,track_preview_car,2.2011300778916727,-1.2414699770448114,-0.0020017127863466875,-2.177287794259372e-05,1.5305427185724432e-06,1.55665511035346,221.91488332337804,193.7693856872453,-0.0012013760424050268,0.2762242478829401,-0.0003050541375582681,0.27622686042977646,-0.06560273084809609
42.03481873799956,1780932931181463006,track_preview_car,2.2011622709457463,-1.2082515027407548,-0.002001738395558507,-2.199348598551789e-05,1.6324179334241445e-06,1.5497931118396353,221.91625689368516,192.3520641169389,0.0018278697699289003,0.27688508173866294,-0.0003213343958444041,0.2768911150566625,-0.051597671855755145
42.152532101999896,1780932931299202049,track_preview_car,2.201481022592898,-1.1749914862817694,-0.002001738831586835,-2.2018467125343992e-05,1.6183767293858906e-06,1.5438451630373313,221.92985696396363,190.9329700813555,0.004118949870009202,0.2773176011943502,-0.0003222632112953399,0.2773481885288244,-0.0434435875638195
42.253952503999244,1780932931400597904,track_preview_car,2.2019269820693324,-1.1472619660866614,-0.0020022436060958522,7.540539357994542e-08,-2.885858358787022e-05,1.5393793567767402,221.94888456829153,189.74984388636423,0.0054848645075602255,0.2775953538644316,-0.0032457189117104453,0.27764953489207456,-0.0404516794897657
42.35418526399917,1780932931500830594,track_preview_car,2.202522418257511,-1.1195169421126345,-0.001999980159084783,8.511790053898653e-09,-1.7963731963999496e-07,1.5352521542071678,221.9742898456538,188.56605619680573,0.006908190835114358,0.27812746304310615,0.006177836856704655,0.27821324339328046,-0.0346717005804496
42.47294019999936,1780932931619584067,track_preview_car,2.203481100788232,-1.0861490059466445,-0.001999983461683456,-8.899692911795774e-10,-1.7818346422872117e-07,1.5316358761249607,222.0151936336312,187.14235758705684,0.00895755552699559,0.2782478263698299,-1.9918765174888746e-06,0.27839197308930125,-0.024600986119807614
42.59448453099958,1780932931741129320,track_preview_car,2.204622776964919,-1.0527291074910305,-0.0020027043625192673,4.391743357627262e-08,-3.475207936532167e-05,1.5289757672932343,222.06390515050322,185.7164419196173,0.01056286272188997,0.2789028814970409,-0.00325468137173631,0.27910283297780036,-0.015107474371537826
42.69594730299923,1780932931842592753,track_preview_car,2.205696453209476,-1.0248456707998912,-0.001999963792366604,3.82169186895035e-09,-3.6662402530555043e-07,1.5275731370682117,222.10971533693765,184.52674862079536,0.010977735659615332,0.27880917880773615,0.003369480751529379,0.27902521188533586,-0.013037668058344035
42.8150737219994,1780932931961719353,track_preview_car,2.207077416506195,-0.9913467867208471,-0.0020030969257132337,3.7151370971682236e-07,-3.951082824808511e-05,1.5264967809513568,222.16863643759763,183.09746290008948,0.012008485566889035,0.2795800647487726,-0.003689767661661207,0.27983783934725137,-0.004873984273884878
42.93478762399991,1780932932081432764,track_preview_car,2.208543740990012,-0.9578051342289466,-0.002004235702045234,3.756993335859705e-08,-5.36691504486336e-05,1.5261839628751916,222.23119961557387,181.6663523937684,0.012469167376338979,0.27984899201507224,-0.004258821135443709,0.28012664719178565,-0.0004493508168028468
43.039744704999976,1780932932186390576,track_preview_car,2.2097990682461077,-0.929854117646907,-0.0020007873533536354,-3.677608882986968e-07,-1.0977140200044608e-05,1.5263974681275723,222.28476024516726,180.47377568626803,0.012640880088984674,0.2796126678411535,-0.0008102425015603275,0.27989825984930905,0.00246215616373272
43.1576472859997,1780932932304293087,track_preview_car,2.2113205871953765,-0.8963276816769676,-0.002000783140968906,-3.7328796410413815e-07,-1.09469992778552e-05,1.5270163378497688,222.3496783870027,179.04331441821728,0.012764120451733876,0.27940753411326436,-0.0008070312588753856,0.2796989325867394,0.006366261407201697
43.26000912699965,1780932932406655028,track_preview_car,2.2125801387380606,-0.8683947030760254,-0.0019999671719635272,2.107121791508518e-09,-3.3758433435362957e-07,1.5276651474509804,222.40341925282394,177.85150733124374,0.012333905250866804,0.2793235316869303,0.0014120722923192154,0.27959570914589676,0.006210703124616399
43.380761512999925,1780932932527407103,track_preview_car,2.214063343888953,-0.8348924773453188,-0.0020036727522208396,2.740175267428747e-07,-4.7112079383601606e-05,1.5284042656474992,222.46670267259532,176.42207903340028,0.012559241922990405,0.2793791441255282,-0.0037219816321383786,0.27966129644624205,0.007716018889281231
43.49628090199985,1780932932642926763,track_preview_car,2.215532127420347,-0.8014025639144422,-0.0019999698182155004,1.9670721203014625e-09,-3.125770879071409e-07,1.529187700788604,222.52937076993481,174.99317606034953,0.0119904782712354,0.27890367427157847,0.004311253183683075,0.27916129941551665,0.0055964008905429975
43.59753016099967,1780932932744173658,track_preview_car,2.216740642138522,-0.7734938419382261,-0.0020009533426043904,3.075640266665711e-08,-1.2664708925911138e-05,1.5299175891421146,222.58093406457692,173.80240392269764,0.012167378728300945,0.27927704237710793,-0.0009812236085412992,0.2795419673394728,0.008691052724064731
43.69767049299935,1780932932844316194,track_preview_car,2.2179691682570755,-0.7456014627950573,-0.0020042350848763733,2.755015538073888e-05,-2.6300354151475475e-05,1.5312972854777054,222.63335117896855,172.61232907925577,0.012307114286458138,0.27885517250176056,-0.004169097621921254,0.27912662412075023,0.020785052391526244
43.79807236799934,1780932932944717968,track_preview_car,2.219220029997388,-0.7177607778768523,-0.0019989823025512,-1.2161791531462635e-07,1.243405230014126e-05,1.5336257521579504,222.68672127988856,171.42445985607904,0.012179820008858788,0.2780820216617482,0.004725722796305523,0.2783486281391256,0.026281848468239135
43.91735666399927,1780932933064001843,track_preview_car,2.220685152378629,-0.6844126441166567,-0.00199995357552352,5.406473041681814e-07,-7.884131740597701e-08,1.5372431474173642,222.74923316815483,170.00160614897734,0.011678426435497418,0.2774783216200331,0.003787102218573813,0.27772397198131793,0.0291050879401668
44.01777067399962,1780932933164416114,track_preview_car,2.221848919000393,-0.6566521863556758,-0.0020042456641899227,1.9841606084425537e-07,-5.383819391990501e-05,1.5407579263975988,222.79888721068346,168.8171599511755,0.011367270187904418,0.2778507848225865,-0.004268850200956738,0.2780832131899588,0.03740678400512694
44.11921422999967,1780932933265859550,track_preview_car,2.2229333868689123,-0.6288966996299761,-0.002002214201165827,1.2978596792518252e-07,-2.837298313535633e-05,1.544569746312489,222.84515783974024,167.632925850879,0.010633902673225833,0.2778944965740492,-0.002246567183262963,0.27809788045256273,0.04076943940536411
44.219574046999696,1780932933366221240,track_preview_car,2.2239086251206523,-0.6011536505146807,-0.0019999701935245547,1.9864368754499063e-09,-3.0673740078233016e-07,1.548353779023003,222.88676800514781,166.44922242195972,0.009490019931794519,0.277792080563984,5.2775274824743856e-05,0.2779541338105495,0.039966773323342704
44.3203966129995,1780932933467042113,track_preview_car,2.2247837777431707,-0.5733927423018078,-0.0019999626393981274,-3.2250668817346284e-09,-4.1021451747953764e-07,1.552205405408822,222.92410785037526,165.26475700487714,0.008278905588859483,0.27764842093379555,0.002772520761217318,0.27777182348967533,0.038266585468738366
44.43965566299994,1780932933586302196,track_preview_car,2.2256749449887128,-0.540070224312401,-0.0019998453158522073,-5.850658153008864e-08,1.0666912695206496e-06,1.556605615484192,222.96213098618506,163.84299623732912,0.007042452178491915,0.27800854824302773,0.00012446705743340104,0.278097732872604,0.038019267350767695
44.558335999999144,1780932933704981651,track_preview_car,2.226735149466705,-0.5068583864529377,-0.0020052206360232955,-3.7351495867109454e-05,-3.6328173273153375e-05,1.5649721807658346,223.00736637724606,162.425957821992,0.03444526217606742,0.2610802441293117,-0.005513546630742497,0.26334268541388994,0.3999364193895542
44.67969152899968,1780932933826337500,track_preview_car,2.2284145732934504,-0.47465384186930104,-0.002002330049012439,-1.0113753895356075e-05,-4.394390044675078e-05,1.5886886628627095,223.07902179385388,161.05189725309017,0.009250427199691519,0.26978271869154535,-0.0023708172353906734,0.2699412634407313,0.16909377873740913
44.79778184399947,1780932933944429989,track_preview_car,2.2290385762576403,-0.44219192837039933,-0.002000759282999152,6.916842960804152e-08,-1.0652105761066338e-05,1.6078995360326505,223.10564592032597,159.66685561047038,0.0021575236732627187,0.27222587969903517,-0.0007767868051440295,0.27223442928166575,0.15086445799469167
44.899335617999895,1780932934045981209,track_preview_car,2.2288703513356953,-0.41495882042123494,-0.0019999710387620467,2.765411799662327e-09,-3.0274144982596844e-07,1.6208390001509374,223.09846832365633,158.50490967130602,-0.004586742247216551,0.27279851468846933,0.0032633346382155426,0.2728370719324583,0.10908044089019685
45.0166292189997,1780932934163274098,track_preview_car,2.227992385310113,-0.3821000220052534,-0.0020000009867043437,-8.667076363112624e-08,-5.309168806515297e-08,1.6331502994325189,223.06100843989816,157.10293427222413,-0.00945716344905253,0.2740447502473694,0.004602186491225449,0.27420788296226123,0.09706884513726056
45.11784011799955,1780932934264484807,track_preview_car,2.226826492960415,-0.3546505497219103,-0.0020025060015207746,-1.444524735552693e-07,-3.1570087186602363e-05,1.6414829013108425,223.01126369964436,155.93175678813483,-0.013126092175877286,0.27470896664770633,-0.002233404825388707,0.27502238209364027,0.0789165543107229
45.219803173999935,1780932934366448804,track_preview_car,2.2252624491138606,-0.327061512721154,-0.002000003160109168,-3.4856716440268916e-10,2.926953648117481e-08,1.6474491666255175,222.94453116219137,154.75462454276925,-0.016713205811178206,0.2754675479868281,0.003843529675014108,0.27597409523787236,0.057504900619570705
45.3368787039999,1780932934483524324,track_preview_car,2.2229901239838346,-0.2938328214929022,-0.0020037275163152933,1.556055587673679e-09,3.923605820116621e-05,1.6519391801488172,222.84757862331026,153.33686705036382,-0.01943350545385342,0.2762054005369428,6.011056070768725e-06,0.276888216470109,0.03608922363179648
45.440070482999545,1780932934586715843,track_preview_car,2.2208502494089153,-0.26602012453115026,-0.0020017053031402936,-2.1528954159853075e-05,1.6372058255226914e-06,1.6538049989800117,222.75627730811374,152.15019197999575,-0.021536054430779696,0.2780030695088635,-0.0003974977414867658,0.27883598816651245,0.0179539377467153
45.5585636729993,1780932934705207189,track_preview_car,2.2180716551736146,-0.2325699557644892,-0.0020015940087948197,2.104679138165639e-05,8.283108671844412e-07,1.6539596521841382,222.6377239540742,150.72298477928487,-0.02415447914620804,0.27847254534688326,0.001552062213836394,0.27951815213827624,-0.006519901643941056
45.66067684999962,1780932934807322962,track_preview_car,2.215692762626912,-0.20475368412368344,-0.0020014859172326916,1.913968557987218e-05,1.1365326522014576e-06,1.6530940456007925,222.53622453874823,149.53615718927716,-0.02429453007259064,0.2779944588016882,0.00016310058216032532,0.2790540150506556,-0.01418705927774774
45.77999971199915,1780932934926644872,track_preview_car,2.2128085354079245,-0.1714268058623511,-0.002001396431567431,1.8192607149026406e-05,9.124940851408347e-07,1.6510532506171607,222.41316417740478,148.11421038346032,-0.024188835727641682,0.2777019770452255,0.0003000661350384136,0.2787534534829762,-0.020350218890667158
45.880575304999184,1780932935027220695,track_preview_car,2.2104216219850312,-0.1436814295095319,-0.0020013948301709616,1.819171132423421e-05,8.964073668880141e-07,1.6487661095234536,222.31132253802798,146.93040765907335,-0.023875522476601862,0.2775260175736365,0.00029683819721487313,0.2785511281682649,-0.024571346231366434
45.999071175999234,1780932935145716676,track_preview_car,2.2076142933812384,-0.11040360516678992,-0.0020014068878655604,1.8113455336536367e-05,1.0826936300321318e-06,1.645574902095805,222.19154318426615,145.5105538204497,-0.023171236046432942,0.2774722035134312,0.0003055915112568093,0.278438018062402,-0.026901079002666677
46.099495840999225,1780932935246141221,track_preview_car,2.2053455039691148,-0.08267442875318042,-0.002001416100256048,1.8005710634929558e-05,1.261339838027442e-06,1.6427491209335416,222.0947415026822,144.32744229346903,-0.022451358734095064,0.2774881572918453,0.00031437253081514595,0.2783949369981985,-0.02772153095646763
46.200765500999296,1780932935347410450,track_preview_car,2.2031553442387084,-0.05493903756304733,-0.0020014181555843722,1.797408199756907e-05,1.3069272421061881e-06,1.639925083064777,222.00129468751823,143.14406560269003,-0.021620964955206032,0.27758078419123455,0.0003160431714067021,0.2784215470789123,-0.027123065847755968
46.32049531999928,1780932935467141041,track_preview_car,2.200638544647618,-0.02164187722257982,-0.0020014092599960147,1.8063231180517244e-05,1.1457076111436132e-06,1.636658010760067,221.89391123829836,141.72338676149673,-0.020620228100591335,0.2777181629703662,0.00030774922635238335,0.2784826239652221,-0.025935969646198185
46.421921905999625,1780932935568577736,track_preview_car,2.1986370162446702,0.006122458088786319,-0.002001399154965565,1.8176044835489945e-05,9.537955874638014e-07,1.6341257111506073,221.8085126931059,140.53877512154511,-0.019765051426149087,0.27787517578152526,0.0002981592694447988,0.27857722551115316,-0.024003774178216947
46.53953674799959,1780932935686181697,track_preview_car,2.1963462006744847,0.039461559652487196,-0.0020013960486251338,1.823052105599026e-05,8.797575421410021e-07,1.6313755068896434,221.71077122877801,139.11630678816056,-0.018811411502671346,0.2780594922340119,0.00029448661959971317,0.27869508503767937,-0.02155956767136294
46.659745362999274,1780932935806390974,track_preview_car,2.1941723651662173,0.07282949605639973,-0.0020014046505307625,1.8134032574196686e-05,1.043317687974849e-06,1.6290499075228602,221.61802091375858,137.69260816826028,-0.017737736420040135,0.27839495506927897,0.0003058603217944058,0.27895945637553266,-0.01600662779000198
46.760217812999144,1780932935906864325,track_preview_car,2.1928933797379084,0.10041470388981714,-0.0019995023263137375,-9.891534208145873e-09,-5.2779208920589805e-06,1.632957042179338,221.56345086881743,136.51563930070114,0.013379962495173751,0.2608342551824948,-5.373500052299058e-07,0.26117720435171804,0.36502244648368454
46.878553601999556,1780932936025198181,track_preview_car,2.1930256855133994,0.132116224258606,-0.001999655134729581,-5.877812415385229e-09,-3.6537438966512665e-06,1.664028087412013,221.5690959152384,135.1630410982995,0.014305814852807809,0.252414369096082,-3.6157658667146376e-07,0.2528194416273715,0.470987228947073
46.97937955799989,1780932936126024057,track_preview_car,2.1947300850705687,0.1568471981157187,-0.0019996651860821535,-8.582600528499145e-09,-3.558805703543737e-06,1.7215647917153156,221.6418169630109,134.107852880396,0.025382006252472285,0.2380934560913161,-3.104555184315336e-06,0.23944256111833587,0.7600349191264868
47.100148578999324,1780932936246793448,track_preview_car,2.1976780077522946,0.18490060682766446,-0.001999843078095136,-5.878368163873982e-09,-1.675588935373341e-06,1.826989584655494,221.76759499743122,132.91090744201966,0.023528176831462036,0.22915089257773766,-4.537989614993937e-06,0.230355609165886,1.0099018408643845
47.20162301599976,1780932936348267685,track_preview_car,2.1999105733869175,0.20745978267049697,-0.0020056957685734354,-4.2834256015463885e-05,-2.2251606372553044e-05,1.939606241727918,221.86285113117515,131.9483826060588,0.019383776978815978,0.22323329808643452,-0.006051852475042503,0.22407328306719523,1.2329565183805546
47.30270179699983,1780932936449346336,track_preview_car,2.201715864073661,0.22931378852131976,-0.0019998930134478834,1.8109193812756916e-06,2.4465871666648504e-07,2.076604706908664,221.93987686714286,131.01594502309035,0.012093542178881917,0.2159184860617125,8.115435969693637e-05,0.21625689904743928,1.4425874510715837
47.40274299399971,1780932936549388374,track_preview_car,2.2012574323261864,0.2510551410979402,-0.001999967200658574,2.4591067531550334e-08,-3.7161518298081607e-07,2.2211350254745827,221.92031711258397,130.0883139798212,-0.016912120765813176,0.2147178383827338,0.004734701559900668,0.21538284506559768,1.4645076353791842
47.502796246999424,1780932936649442719,track_preview_car,2.197608774826305,0.27253036429330413,-0.0020077853084617464,-3.8758233870114596e-05,8.511325011742605e-06,2.364882635007731,221.76464105925567,129.17203779015236,-0.050681370514306566,0.21061068358047755,-0.007843061331543062,0.2166228551086991,1.4304097901683215
47.62233635999928,1780932936769008029,track_preview_car,2.188449185922628,0.29709347843353473,-0.001999889226507742,5.16648233363362e-09,-1.1471822469382639e-06,2.5277123831280073,221.3738319326988,128.12401158683585,-0.09342357021026597,0.1969117715072991,0.0014557410015437766,0.21795001543696957,1.341790595321438
47.722391142999186,1780932936869063063,track_preview_car,2.17687130968858,0.31589549229749114,-0.0019999160907217674,5.941748909990148e-07,-4.0639944012578754e-07,2.652597644585329,220.87984254671272,127.32179232864038,-0.1271274186059214,0.18157327560862446,0.003404409684444186,0.2216534118317394,1.247441392226705
47.82281684499958,1780932936969462276,track_preview_car,2.161885774184576,0.3330266267731498,-0.0019998966035270345,1.0933973673624547e-05,7.188746579052057e-06,2.76979780226679,220.24045969854188,126.59086392434561,-0.16350070453659307,0.15438672493346187,-8.175690023898978e-05,0.22487272226671406,1.059898778822076
47.92602984599944,1780932937072677751,track_preview_car,2.144101207519717,0.347266560298898,-0.002007667608529795,-4.174034018518368e-05,9.411171016071432e-06,2.8687253132729134,219.48165152084124,125.98329342724702,-0.1867218957645868,0.13200365353723756,-0.007710913011026804,0.22867013557764876,0.9579296174430624
48.043823651999446,1780932937190469022,track_preview_car,2.1196522603459806,0.36119275385256244,-0.0019996759183898154,4.342483419294787e-09,-3.4085567984972457e-06,2.97204297007107,218.43849644142853,125.38910916895733,-0.20924396979999482,0.1029455782889442,-0.00026034273042577796,0.23319697894035055,0.8317700860262142
48.162710424999204,1780932937309355465,track_preview_car,2.0927587391225213,0.37151058271816895,-0.0019999739037720155,4.001535039763207e-09,-2.631698374062268e-07,3.058160450549831,217.29103953589424,124.9488818040248,-0.22899298216918912,0.07318627022220238,0.0016410046493074881,0.24040386026804103,0.6790715733111583
48.26465434599959,1780932937411299997,track_preview_car,2.0684660301003066,0.37733872126995954,-0.001999909916271427,-7.023497851937029e-07,-4.391437793786967e-07,3.114131021409744,216.25455061761306,124.70021455914839,-0.24760210573583818,0.05292650262969121,0.003359731712709171,0.25319561103113913,0.5832958310687073
48.38193645899992,1780932937528581358,track_preview_car,2.0379995274284344,0.3814734175502457,-0.0019999199406696513,-1.0695373540349264e-06,-4.891782215635754e-08,-3.117570375759736,214.95464650361322,124.52380085118952,-0.26196442126912983,0.02376393138706545,0.0010925968317391141,0.2630400776418667,0.3817560657555352
48.48257944999932,1780932937629224841,track_preview_car,2.011849541702881,0.38298087282050514,-0.002000082603357061,-1.0910893546527965e-05,9.133895321191599e-06,-3.0853997160960396,213.83891377932292,124.45948275965844,-0.26513715768095386,0.007501155018197968,-2.8469366749679425e-05,0.2652432463037316,0.2759853711903119
48.59858791199986,1780932937745232590,track_preview_car,1.9797537955043734,0.3828207671980627,-0.002002554935928221,2.7321704271650123e-08,-3.245719083322597e-05,-3.0590920916937714,212.46949527485327,124.46631393288266,-0.27258168289110923,-0.009879240469861276,-0.003172743023303428,0.27276065192767557,0.15581837818416616
48.70281292599975,1780932937849457795,track_preview_car,1.95258223284632,0.3814382537595325,-0.001999967730224864,-1.4377620133297989e-09,-3.433456072508253e-07,-3.0457067688419124,211.31017526810967,124.52530117292662,-0.27313968184611653,-0.01849050116169606,0.0010548293680333473,0.2737648341774532,0.09660293069727281
48.82296895899981,1780932937969614349,track_preview_car,1.9196602071766053,0.37877528096567686,-0.001999979224775185,-1.431050703387291e-07,-1.1101345905419315e-07,-3.0373452692644682,209.9055021728685,124.63892134546445,-0.2766232823778857,-0.025811587628046688,1.6004751646044743e-05,0.2778249060278718,0.03840252422753459
48.941638057999626,1780932938088284881,track_preview_car,1.8863971683880878,0.3753265213658534,-0.002001417140420636,1.8154464329783244e-05,1.1590900783441658e-06,-3.036537661710166,208.4862791845584,124.78606842172358,-0.27779151277362885,-0.03004629146160322,0.00034817461308555095,0.2794117109207429,-0.0065998231339623485
49.04300519199933,1780932938189654840,track_preview_car,1.8588106106006126,0.3721635592946731,-0.002003726950002978,-1.742091370844081e-09,3.923010125098548e-05,-3.0402702752697177,207.30925271895947,124.92102147009395,-0.2740941662637522,-0.030837036764885008,4.60063699857155e-07,0.27582337612367147,-0.04047567210705934
49.161309300999164,1780932938307956044,track_preview_car,1.8258807587075698,0.36830397848594376,-0.002001196229737836,1.5115292132110262e-05,1.1383245578801253e-06,-3.0482131692877346,205.9042457048563,125.08569691793306,-0.2745489971481325,-0.03162095096376639,0.0006794637256703227,0.2763639563599027,-0.0707569179039962
49.28118967699993,1780932938427834746,track_preview_car,1.793090011145462,0.3645355228956026,-0.002000431466319347,-3.0218435317437192e-05,2.743909067098494e-05,-3.0591128140792905,204.50517380887305,125.24648435645429,-0.2721254045505194,-0.030099629254374486,-0.0004406301382907453,0.27378499499248427,-0.09498434159470358
49.381911717999174,1780932938528556707,track_preview_car,1.7657806042324065,0.3615928404806599,-0.0020018111686774098,-2.323171527410053e-05,1.4615060204280065e-06,-3.069397298147927,203.33997244724935,125.37203880615851,-0.2727880295955719,-0.02840525460031022,-0.001722576967077105,0.2742629533486852,-0.10963825888874107
49.48413035699923,1780932938630775918,track_preview_car,1.738475832842925,0.3589119059866281,-0.0020031314466197997,4.161611764411432e-05,1.425956458541112e-06,-3.08001836172153,202.17496886796482,125.48642534457053,-0.2734553495548803,-0.02537029020093448,-0.0022876550093182575,0.27462971402428654,-0.10456941511351488
49.603829951999614,1780932938750475472,track_preview_car,1.7056743484395012,0.3561047210561733,-0.0019999821027606433,2.7612332908441097e-10,-1.818070430355966e-07,-3.09240664085939,200.77543886675204,125.60619856826995,-0.27315448014997024,-0.021806046034382312,0.0034754602857547173,0.2740234910909174,-0.10652324458315265
49.715178702999765,1780932938861826026,track_preview_car,1.672819095035878,0.3537372922203385,-0.0019999804123411514,3.5199634858444414e-09,-2.017014571461195e-07,-3.104354107305043,199.37361472153077,125.70720886526556,-0.27419200848155606,-0.017945317405236538,0.006796012607383213,0.27477862349885296,-0.09722613425504091
49.83464403599919,1780932938981289075,track_preview_car,1.6398735039331473,0.35182627074196177,-0.0019999702906408376,8.324645776643551e-09,-2.7233025180071593e-07,-3.1152323093721352,197.9679361678143,125.7887457816763,-0.27454156478642094,-0.01393322703090957,0.004634695725876551,0.27489489920853655,-0.08501447259426485
49.95251150099921,1780932939099156160,track_preview_car,1.6068408922981228,0.35034803731244274,-0.002004832080989185,-1.996788982873105e-09,5.0863963700702054e-05,-3.1248938382979836,196.55854473805323,125.85181707466911,-0.2755954593524429,-0.010862500181493063,-0.0048507701596278855,0.2758094471294936,-0.07821250929309245
50.07094857999982,1780932939217594701,track_preview_car,1.5736952164718991,0.3492875115209611,-0.0020016474443325756,-2.0772196538899698e-05,1.5999031509252883e-06,-3.1329275303961106,195.14432923613435,125.89706617510566,-0.27614109053679303,-0.007540274094067635,-0.0004405412519522014,0.27624401824521555,-0.0657956563249163
50.17234191599982,1780932939318985522,track_preview_car,1.5460065153473137,0.34868961085682215,-0.00200402515373628,-8.675055656478529e-08,-1.4147082857132078e-05,-3.138309252823095,193.96294465481873,125.92257660344225,-0.2771895270758761,-0.005445250712947341,-0.005054562569038749,0.27724300654096706,-0.05489224746357545
50.27426320599989,1780932939420908215,track_preview_car,1.518267552352972,0.34830874431372266,-0.0020043517964041364,-3.169813497884859e-05,-2.244261849693667e-05,3.140479878538996,192.77941556706014,125.93882690928116,-0.2776380636566638,-0.003364942925226615,-0.004249810670215986,0.27765845427775426,-0.0494846876451808
50.37488649199986,1780932939521531060,track_preview_car,1.4904876765904813,0.3481162690897407,-0.0020016641558374608,-3.647021288635402e-05,-1.0123986246802873e-05,3.1370725231708008,191.59414086786055,125.9470391855044,-0.27760813259651446,-0.0011688622963198251,-0.001670377804655167,0.2776105933187559,-0.03535208112225367
50.49212588299997,1780932939638771984,track_preview_car,1.4570818556099114,0.3480844664160256,-0.002000694891627226,8.962996662236055e-06,5.227710117873177e-07,3.134093359825845,190.16882583935623,125.94839609958291,-0.2789719728529694,0.0006238378824082262,0.0006800872275535017,0.27897267036607976,-0.015704169225768304
50.594120127999304,1780932939740765107,track_preview_car,1.4292029422700547,0.34818340514080076,-0.002002159748885355,2.3688036973873876e-08,2.2715760488446693e-05,3.132439727759566,188.97932553685567,125.9441747139925,-0.2784668063646738,0.0012049302440247747,-0.0026423156209316,0.27846941322851543,-0.013240561392744108
50.71300040599999,1780932939859643372,track_preview_car,1.3957076401709219,0.3483828875267844,-0.0019999684592141415,1.7995995952383767e-07,-1.9577575816500497e-07,3.1308047009828206,187.55019264729268,125.93566346552386,-0.27941368490229673,0.001968015336770804,0.0040861650435269,0.27942061555126124,-0.012358080707993449
50.81315945799997,1780932939959804737,track_preview_car,1.3677837967399957,0.3486117318419903,-0.001999945206176441,1.3550747638603477e-11,-5.751665194782764e-07,3.129756222812652,186.35877532757314,125.92589944140842,-0.2786766602581378,0.0023332004323350854,0.0013953017211999277,0.27868642736395866,-0.013249155000534427
50.913254409999354,1780932940059899058,track_preview_car,1.3438906177762533,0.3488424779034787,-0.0020035885690219773,8.60917053191251e-08,-4.827800763980556e-05,3.129293213826233,185.33933302512014,125.91605427611825,-0.13997021874290075,0.0021323099208742846,-0.0037350002731510873,0.1399864596328307,0.004303404474884612
51.01801956499912,1780932940164665055,track_preview_car,1.3299126518109785,0.349042726333758,-0.0019998718679698478,6.7710499755961355e-09,-1.3225639705035302e-06,3.1296790088531683,184.74293981060174,125.907510343093,-0.13975768580548845,0.0020740150542126693,7.901699762307789e-05,0.13977307423159413,0.004973938712549331
51.13408267899922,1780932940280726557,track_preview_car,1.3131445503483388,0.34928866458357566,-0.001999891647811266,8.696974841652912e-09,-1.1068242177532971e-06,3.130322682918863,184.02750081486246,125.89701697776744,-0.1397220076267383,0.0020495494562465474,0.00017317340132954579,0.1397370389990425,0.0058729315624941715
51.23621749199992,1780932940382862121,track_preview_car,1.2991738698541948,0.34949159118630385,-0.001999905612853307,9.654930427627437e-09,-9.56091768893339e-07,3.130946137145955,183.43141844711232,125.88835877605104,-0.1396960354142486,0.0020100565388344433,0.0002482574508791142,0.1397104958038168,0.006521527037890489
51.35123864399975,1780932940497883944,track_preview_car,1.282411017369075,0.34972818827303775,-0.0019999194952458675,9.884563616074423e-09,-8.090957987535645e-07,3.131759409602946,182.7162034077472,125.87826396701706,-0.13967847437246447,0.0019228234742604117,0.00033424968784848325,0.1396917086055303,0.006897562239019531
51.470728825999686,1780932940617373806,track_preview_car,1.2656493533546258,0.34995409066053673,-0.0019999302141313147,9.18945820214342e-09,-6.990326577077683e-07,3.1326147631509547,182.00103907646402,125.86862546515043,-0.13966605059597287,0.0018191050044505646,0.00041623229878941313,0.1396778967198965,0.007123779441446528
51.57354499199937,1780932940720189600,track_preview_car,1.2516822181867788,0.3501316651418261,-0.0019999385204388545,5.685661258818745e-07,-2.1581365549175516e-07,3.1333302579064655,181.40510797596923,125.86104895394875,-0.1395895601531768,0.0016625991921742386,0.0027997812735962523,0.13959946110150706,0.005421570084331433
51.691314694999164,1780932940837960586,track_preview_car,1.2349237773331954,0.35032293124214736,-0.00200079442539821,-2.1238162859260675e-07,-1.099373380587029e-05,3.1341355285783017,180.69008116621634,125.85288826700172,-0.13982887301757674,0.001685654478768816,-0.0008057268388352019,0.1398390330357994,0.007909954239035708
51.792589507999764,1780932940939235590,track_preview_car,1.2209496618307496,0.3504749974412805,-0.001999576110979264,-5.993183171858902e-12,-4.4620312887786806e-06,3.1348822612277227,180.093852238112,125.84640010917204,-0.13927207524657745,0.000685035518309341,0.0004226922396070893,0.13927375997347696,0.002743665798825017
51.893971573999806,1780932941040615241,track_preview_car,1.206985309490193,0.350607874822866,-0.002003880809397366,2.6237100189138603e-12,4.085051706778525e-05,3.1354887663084074,179.49803987158157,125.84073067422439,-0.13882391066292066,0.00030142634470050396,-0.00430735955016044,0.1388242379038612,0.00011680172398382835
52.01274811299936,1780932941159394716,track_preview_car,1.1902164576469247,0.350766061350804,-0.0019999935962877963,-1.4227129004396498e-10,-6.845398100000722e-08,3.1362718228535518,178.78256885960212,125.83398138236569,-0.13977536218796202,0.0012659133565735433,7.045524378350432e-08,0.13978109461369342,0.006521631810727348
52.11490285399941,1780932941261552562,track_preview_car,1.17623797466304,0.3508866336594359,-0.0019999918530209607,-1.5084220849223648e-07,-1.9789894658575699e-07,3.136905574891249,178.18615358562303,125.82883696386406,-0.13985687196634056,0.001099835053911054,9.855340641384548e-07,0.13986119645332362,0.006103057953605955
52.21731178899972,1780932941363957370,track_preview_car,1.1622575400711164,0.3509941879333989,-0.0019999897886757707,-8.793413308977749e-08,-1.7272402572626504e-07,3.137489466372596,177.5896550430343,125.82424798150831,-0.13985323334627964,0.001008964069321086,-1.196605981565485e-06,0.139856872859013,0.005415741863247226
52.33386894399973,1780932941480515006,track_preview_car,1.1454871155762054,0.3510970911117577,-0.0019999655020583548,2.0054539598391103e-09,-3.5737978164818634e-07,3.138016112375,176.87411693125142,125.81985744589834,-0.1395065158942958,0.0006307850728659393,0.00417519737103679,0.13950794194874197,0.002349807584897818
52.43532062199938,1780932941581967404,track_preview_car,1.1315164201606087,0.35117324879942957,-0.002001460531510901,3.472841378104844e-08,-1.92865415196221e-05,3.138400784491075,176.27803392685263,125.81660805122434,-0.13990844131731925,0.0008990569402581797,-0.0014999007096107356,0.13991132997446487,0.005147157981085827
52.536285076999775,1780932941682932821,track_preview_car,1.1175450888166831,0.35124168887409823,-0.001999957747582773,2.2044088537550255e-10,-4.4595120315110625e-07,3.138755167318268,175.6819237895118,125.81368794137181,-0.13950192524239097,0.0004723686907247493,0.004289289589280731,0.1395027249859787,0.0017591045977964988
52.65506732199992,1780932941801712852,track_preview_car,1.1007836986889612,0.3513071537901443,-0.0020027270056462085,1.8749320542197738e-08,-3.538972930169812e-05,3.1390562341307087,174.96677114406233,125.81089477162051,-0.13996695632744477,0.0006334664136261375,-0.0027497813736519455,0.13996838980021892,0.004322491977316748
52.7572514579997,1780932941903895726,track_preview_car,1.086798215238219,0.3513654958376645,-0.0019999336422691816,-5.120836946313494e-10,-7.009669081435494e-07,3.1394370481237384,174.37005718349735,125.80840551092632,-0.13988885236195248,0.0006908782400405104,2.066710252381393e-06,0.13989055839436307,0.003984363137765374
52.87548660799985,1780932942022129574,track_preview_car,1.0700134550636458,0.35142388475557634,-0.00200273389703103,-6.3387526907757e-08,-3.534467318246366e-05,3.13984364581943,173.6539074160489,125.80591425042874,-0.13997843410381267,0.0004761809242032307,-0.0027578197780364186,0.13997924404149353,0.003620644528457065
52.99533404399972,1780932942141979054,track_preview_car,1.0532257873315165,0.3514701405399809,-0.0020007896269403753,-2.411603146615647e-07,-1.104717230681131e-05,3.1401871796716256,172.93763359281138,125.80394067029415,-0.139975736385747,0.0004097961180354144,-0.0008067060870169581,0.13997633624863345,0.002575509659933455
53.09609382899998,1780932942242739460,track_preview_car,1.0392347169937142,0.3515013812931922,-0.0020042123338906755,2.735188315779906e-05,-2.620053852852112e-05,3.140433542885073,172.34068125839846,125.80260773149047,-0.14008547213042624,0.00015034122732653958,-0.004144287470242926,0.14008555280430976,0.004346185934616537
53.19635650799955,1780932942343001437,track_preview_car,1.0241331346766942,0.351534987507349,-0.002003673048806353,1.6475605287625715e-07,-4.9791776529216246e-05,3.1406374657840836,171.69634707953895,125.80117386635311,-0.25035331577731307,0.002335474858846949,-0.0038431114857080547,0.25036420903058676,0.024153857357871043
53.2977266529997,1780932942444372103,track_preview_car,0.9962276470848601,0.35156227759490155,-0.0019999914374563216,1.5088145092440178e-10,-9.016343333320363e-08,3.1407609731956083,170.50571294228737,125.80000948928421,-0.2798705732223443,1.0893753444854316e-05,0.0017318613471860903,0.2798705734343599,0.000656452585138713
53.39997955999934,1780932942546624590,track_preview_car,0.968257075189424,0.35159207654594726,-0.0019999862645077447,5.662112389921724e-08,-1.852564438026656e-07,3.1408613679940713,169.31230187474875,125.79873806737291,-0.279796428899439,0.00037003733615944694,-1.1632236888497738e-06,0.27979667359085775,0.002052051708031472
53.50010309699974,1780932942646749719,track_preview_car,0.9402851448956384,0.3516180675876919,-0.0020042240406475654,1.363736335486139e-07,-5.3636735439909485e-05,3.1409746197468036,168.11883284888057,125.79762911625848,-0.2799949225531619,0.00036860948726833364,-0.004262936637844769,0.2799951651877318,0.002418666305731018
53.6193529229995,1780932942765998433,track_preview_car,0.9067137343010441,0.3516448938226291,-0.0020000395338941796,-1.0860523798742774e-05,8.647288993458108e-06,3.1411181038595553,166.6864526635112,125.7964845302345,-0.2798645481394329,0.000396501129028962,-0.0001049909733631804,0.2798648290129259,0.0011813766578132826
53.73828950999996,1780932942884935381,track_preview_car,0.8731333566745784,0.35166433308657397,-0.0020027040191328695,3.579023343668806e-05,1.3380726837882618e-06,3.1412760103144834,165.253689884782,125.79565512163951,-0.2798608491718063,-6.688338551024588e-05,-0.002645087731889014,0.2798608571639696,0.0027310026072594833
53.85764615199969,1780932943004291692,track_preview_car,0.8395555249441697,0.3516773116147646,-0.0019999860865856085,-1.383323736642207e-07,-4.295750898479218e-08,3.141415533322987,163.82103573095125,125.79510137110337,-0.27990636882048064,-2.9095577494962737e-05,0.0039609862361108415,0.2799063703326874,0.0006285211029726291
53.9776718739995,1780932943124315251,track_preview_car,0.8059734214008856,0.3516886072406161,-0.0019999872070058226,-7.513141177098183e-10,-1.3813739517630974e-07,3.141504437784259,162.38819931310445,125.79461942440038,-0.2798652933360596,7.537802243305044e-05,6.469416566302066e-07,0.2798653034870971,0.000702202799729434
54.0988845819993,1780932943245529862,track_preview_car,0.7723943997910035,0.3516953213054859,-0.001999675213001646,3.885622324816516e-06,-4.731102507900434e-07,3.141585624716537,160.95549439108282,125.7943329576326,-0.27979713070534895,-0.00013327317884946434,0.0019466555797373799,0.2797971624457373,0.0017762984415815553
54.21883744799925,1780932943365484281,track_preview_car,0.738827497023961,0.3516991215315433,-0.0020085783078569704,4.5293178827562913e-08,1.4596192153990962e-05,-3.1415391767553835,159.523306539689,125.79417081465415,-0.27988184355332163,0.00016194012052998732,-0.009204604327732005,0.27988189040273515,0.0011354021938908615
54.339811125999404,1780932943486459562,track_preview_car,0.7052518651016545,0.3516987077062332,-0.0019999515311696836,-1.9972501187206316e-09,-5.182896986684203e-07,-3.141452101631339,158.09074624433725,125.79418847120071,-0.2799304582577464,1.2385743816293927e-05,3.742624511125375e-05,0.27993045853175486,0.0002964677217017488
54.44258090099993,1780932943589226000,track_preview_car,0.6772750707810358,0.3516957239953771,-0.0020074867992667324,-1.4149984383164244e-05,-1.7690573307932156e-06,-3.1413759838280817,156.89706968665752,125.79431577619724,-0.2798013025329557,-0.00013318272585461982,-0.007820072061679699,0.2798013342298015,0.0018587298112312178
54.56049677699957,1780932943707141916,track_preview_car,0.6436903961004863,0.3516909688846632,-0.0019999749873099546,-7.393374916353346e-10,-2.6482830140775907e-07,-3.141318251736305,155.46412356695407,125.79451866092103,-0.2799182595444016,-4.178509832252417e-05,7.25769051909686e-08,0.2799182626631593,0.00043983341783859455
54.66532579499926,1780932943811970744,track_preview_car,0.6156974273358379,0.3516865353461599,-0.0019999695710562317,-1.0171521143842424e-09,-3.244997959379278e-07,-3.141271584583955,154.2697568996624,125.79470782523052,-0.27993285757933495,-4.817686391023273e-05,4.306144885538044e-08,0.2799328617249901,0.0005071019892538492
54.76571651499944,1780932943912360062,track_preview_car,0.5877033929237987,0.3516813777772776,-0.0019999677052903353,-3.442143597889873e-10,-3.428667813014607e-07,-3.1412172974656096,153.07534476474873,125.79492788150282,-0.2799411385598303,-5.60881543133056e-05,1.8369766027065415e-09,0.27994114417865623,0.0005903639873139693
54.86760483599937,1780932944014249776,track_preview_car,0.5597085366428375,0.3516753816901847,-0.0019999693808470252,1.8474721295899676e-10,-3.243539836914848e-07,-3.1411541853841918,151.88089756342774,125.79518371455212,-0.2799494067638538,-6.516391075328288e-05,-2.5813899741683466e-08,0.27994941434796566,0.000685881294974433
54.98721192099947,1780932944133857201,track_preview_car,0.5261337503536669,0.3516623192565949,-0.0020041911291099556,1.5113223106251753e-11,4.411683727645585e-05,-3.14112463344011,150.44837334842313,125.79574104505195,-0.27924043102116963,-4.795598528188919e-05,-0.003050295465479553,0.27924043513908425,0.0005070509957818299
55.09170872499999,1780932944238353093,track_preview_car,0.498165265807924,0.3516499162015893,-0.0019984545024731982,2.474430104291454e-09,1.9135375194533254e-05,-3.141128993884427,149.25505134113808,125.79627024206552,-0.2798928309757796,-0.00021644722258810657,0.005109000940156161,0.2798929146674429,-0.0001673132597987954
55.21210274199984,1780932944358747651,track_preview_car,0.46458337931420873,0.3516349825389766,-0.0020013799161429113,1.7602017219724716e-05,1.1860830540006074e-06,-3.1409987310676453,147.8222241840729,125.79690741167033,-0.2799250766561894,-0.0002928603752513362,0.0003333269488599539,0.27992522985285356,0.0022503866191682692
55.32970975099943,1780932944476367635,track_preview_car,0.4310038796534315,0.3516161464988224,-0.002001409532191595,1.8080136903804783e-05,1.135788129223466e-06,-3.1408005528456258,146.38949886521308,125.79771108271692,-0.27990085497987627,-0.00031110747323700153,0.00030753440535223744,0.2799010278765079,0.002431747925171748
55.449353916999826,1780932944595998686,track_preview_car,0.3974324122220642,0.35159537447486483,-0.002001412052640075,1.7998645324758504e-05,1.2244279050897819e-06,-3.140582057169288,144.95711625480808,125.7985973557391,-0.279870097325353,-0.0003265469735938447,0.0003074132957329784,0.27987028782960965,0.0025935807077823382
55.54983696199997,1780932944696481891,track_preview_car,0.3694626059827244,0.35157592855391007,-0.00200141228412717,1.796208301361655e-05,1.2548919352644967e-06,-3.140395123830137,143.76373785526292,125.79942704836651,-0.27984343469508516,-0.0003380201869468494,0.0003036894424983282,0.27984363884067326,0.002714221980016142
55.652081844999884,1780932944798727475,track_preview_car,0.3414980912393766,0.3515533719146839,-0.0020014083539607198,1.804546388788456e-05,1.14909782207048e-06,-3.140212809830023,142.5705852262134,125.80038946497349,-0.27982318051198224,-0.000361661098228258,0.00030211919192596584,0.2798234142286728,0.00275633341207041
55.754072884999914,1780932944900718366,track_preview_car,0.3135368468969828,0.35152081542129554,-0.002001405238857597,1.814268006707279e-05,1.042612363749307e-06,-3.1401004773351935,141.37757213427128,125.80177854202472,-0.2798000916298907,-0.0004952089272055594,0.0003041053294611446,0.27980052985649767,0.001641971676571273
55.87109101099941,1780932945017736321,track_preview_car,0.2799871125531555,0.35146883268794576,-0.0020014009078964047,1.8299954202996133e-05,8.778377367408155e-07,-3.140081801709425,139.94611680226797,125.80399647198098,-0.2797696286893891,-0.0005738304840885689,0.00030809363185131276,0.2797702171754941,0.0008408300209803722
55.972054065999146,1780932945118699717,track_preview_car,0.25203219214004824,0.3514196112212792,-0.0020014012745190744,1.8316047295817496e-05,8.695111812243282e-07,-3.140138570707399,138.75337353130874,125.80609658789209,-0.2797430659583293,-0.0006069494749506577,0.00031021946779482174,0.2797437243968689,0.00025705370266106446
56.09175764899919,1780932945238401686,track_preview_car,0.2184890579424344,0.35135928959407803,-0.002001406201322794,1.8173087962216887e-05,1.029725233789907e-06,-3.1402638556552684,137.32219980554387,125.80867031065267,-0.2797202008644326,-0.0005996347016283171,0.00030868308980792046,0.27972084358054894,-0.0001551088164816106
56.21159498899942,1780932945358240048,track_preview_car,0.18494844471695676,0.3513016072380365,-0.0020014107276059537,1.801407148104237e-05,1.1978894536206729e-06,-3.1404348556254664,135.89113364125683,125.81113142451045,-0.2796948310550171,-0.0005776672790966181,0.00030420888897291507,0.2796954275964838,-0.0005770562492017517
56.311988536999706,1780932945458634367,track_preview_car,0.15699880851964634,0.3512577483294665,-0.0020014102192555546,1.8001009998072814e-05,1.202438128811964e-06,-3.1405915837764864,134.69861583017158,125.81300273794277,-0.2796914702703304,-0.0005362613897081594,0.00030216959676440485,0.2796919843654037,-0.0006300408542559356
56.427898520999406,1780932945574543070,track_preview_car,0.12345935557418787,0.3512102350622303,-0.0020014051174642045,1.8143663799046985e-05,1.0406254587031723e-06,-3.1407855135341345,133.26759917116536,125.81502997067817,-0.2796956396117428,-0.000487888053315986,0.00030406476626508046,0.2796960651360231,-0.0006297571862906559
56.5305703289996,1780932945677215589,track_preview_car,0.0955094210886776,0.35117495310518027,-0.002001401117578683,1.8284559922476954e-05,8.917419107299419e-07,-3.1409429171355474,132.0750686331169,125.81653533417898,-0.2797011676360682,-0.0004453195987081544,0.0003076341371371681,0.2797015221383769,-0.0005701095986650539
56.64989394099939,1780932945796539391,track_preview_car,0.06196891922778985,0.35113835649013647,-0.002001401274724381,1.8313164503506322e-05,8.71719775775752e-07,-3.1411195893731847,130.6440072203857,125.81809678975418,-0.2797054683865954,-0.00038965802026974425,0.00031036777370473605,0.27970573980298913,-0.00046892238080450304
56.75065882599938,1780932945897303665,track_preview_car,0.03401816662464509,0.35111332199141726,-0.002001405470382312,1.8200547411972734e-05,1.0012353810348444e-06,-3.141255482534346,129.45144177598485,125.81916492836619,-0.2797083919507488,-0.00033382660722636014,0.0003090953050146464,0.27970859115850805,-0.00031030314650824206
56.86879925999983,1780932946015445522,track_preview_car,0.0004767460420602724,0.3510910811443542,-0.002001410038605404,1.8035981641749748e-05,1.1740439808946383e-06,-3.1413942602698794,128.02034116446123,125.82011387117421,-0.2797089658700876,-0.0002692542957705517,0.00030489264947144144,0.2797090954652523,-0.00010864866363392495
56.972983453999404,1780932946119628413,track_preview_car,-0.027474743081422493,0.3510785452683596,-0.0020014097812793594,1.801059921734483e-05,1.1905810459921238e-06,-3.1414872144426913,126.82774429519264,125.82064873521665,-0.2797117920814586,-0.0002213805723902581,0.00030221244529757176,0.2797118796883303,0.00010787648000395421
57.09144209299939,1780932946238085470,track_preview_car,-0.06101689957250267,0.35106843502322516,-0.002001404663253472,1.8145885004221122e-05,1.0341956479735635e-06,-3.1415752618936432,125.39661228490655,125.82108010567572,-0.2797162913837791,-0.00018666208509339203,0.00030331301946234183,0.2797163536660473,0.0002729951607868593
57.193373266999515,1780932946340021242,track_preview_car,-0.08896917866362818,0.35106303865994876,-0.0020014000658119166,1.8298628957554465e-05,8.700635444960266e-07,3.1415603066381315,124.20398171035187,125.82131035050885,-0.27972131673695994,-0.00016240868980662014,0.0003067850498192477,0.2797213638849224,0.0004603775815071309
57.311529376999715,1780932946458176079,track_preview_car,-0.12251221537333869,0.35105866335306657,-0.002001399804895892,1.8350091445897247e-05,8.297655549323923e-07,3.141518989132734,122.77281214407088,125.82149703026916,-0.27972493494156664,-0.0001402992280403404,0.0003101576218378187,0.27972497012590253,0.000632832106562003
57.43236262799928,1780932946579007477,track_preview_car,-0.15605570696679807,0.35105561050350587,-0.0020014052790634984,1.8204449818475667e-05,9.977341296489465e-07,3.1414800249112176,121.34162316941662,125.82162728518375,-0.27972341667498396,-0.0001339425772026862,0.0003088601372589623,0.27972344874346994,0.0005666717884732541
57.55101603899948,1780932946697660537,track_preview_car,-0.18959977639881515,0.35105406082540674,-0.0020014105529675926,1.8021914530409493e-05,1.1915426661314338e-06,3.1414327367021655,119.91040954031722,125.82169340478265,-0.2797207924575392,-0.00012535140210722209,0.00030451872286485775,0.2797208205444274,0.0004776176572487087
57.671407501999965,1780932946818053744,track_preview_car,-0.2231447275342977,0.35105409978438507,-0.0020014102290157047,1.7993911169555783e-05,1.2092972034854752e-06,3.1413783183752053,118.47915829186996,125.8216917425329,-0.27972270895738566,-0.00011884865974038733,0.00030185490820488716,0.2797227342056098,0.00040976783000289693
57.7791120969996,1780932946925758369,track_preview_car,-0.2510998059479686,0.3510548856240217,-0.0020014062428339295,1.810321508538799e-05,1.0844349985147435e-06,3.1413316286920256,117.28640827955334,125.82165821337507,-0.2797298028397504,-0.00011683398752179913,0.00030327966567619873,0.27972982723861656,0.0003880578857920048
57.88241814999947,1780932947029064001,track_preview_car,-0.27905597699018836,0.35105597352027545,-0.002001402416685072,1.823568535687591e-05,9.437122179874613e-07,3.141287641635,116.09361164841863,125.82161179646825,-0.27973557731684084,-0.00011543626359000813,0.0003069419064049298,0.27973560113492385,0.00037239886663391813
57.98331474599945,1780932947129960246,track_preview_car,-0.3070130856590073,0.35105736121133685,-0.0020014024977501963,1.826773455470627e-05,9.202180207160615e-07,3.1412457548353103,114.90077501188236,125.8215525883163,-0.2797404376357384,-0.0001131813873142288,0.0003098574604091804,0.2797404605320097,0.00034817859871053925
58.10303797199958,1780932947249681809,track_preview_car,-0.340562810019421,0.3510599550330562,-0.0020014078827823483,1.813024702194296e-05,1.0810369896717936e-06,3.141194075546445,113.46932010583804,125.8214419185896,-0.27974181041413215,-0.00010661253953002493,0.0003093242664546186,0.2797418307297102,0.00027965084331545885
58.22051912199913,1780932947367164562,track_preview_car,-0.3741141109527143,0.3510643016600416,-0.0020014142359387546,1.7919807697462145e-05,1.3072620483671006e-06,3.1411372207910904,112.03779793268419,125.82125646250489,-0.27974713715117266,-9.996620055589357e-05,0.00030520918319633286,0.2797471550123759,0.00021120312305489218
58.32052513599956,1780932947467169384,track_preview_car,-0.40207480351567537,0.3510692934795057,-0.0020014153218364038,1.7847703323444034e-05,1.373210897488439e-06,3.141084372916527,110.84480838333118,125.82104347820776,-0.27975354885401266,-9.470129113347994e-05,0.00030213301144632317,0.27975356488300374,0.0001566235595930657
58.4207401299991,1780932947567385530,track_preview_car,-0.4300374446798536,0.3510747960070303,-0.002001412288173398,1.7913417048135836e-05,1.291393048016725e-06,3.141026384462596,109.65173569365957,125.82080870370004,-0.27976613316096494,-9.187680181539903e-05,0.0003021648795407263,0.2797661482473987,0.00012679172322204807
58.54261678199964,1780932947689262823,track_preview_car,-0.46359547586583094,0.3510815863189229,-0.0020014079309235086,1.8065329980432048e-05,1.1302854156036121e-06,3.1409548473898155,108.21992636305788,125.82051898372596,-0.279779947636363,-8.95917295353382e-05,0.0003056085699083905,0.27977996198098964,0.0001017443230769738
58.65796126299938,1780932947804606883,track_preview_car,-0.4971564645760286,0.351088544617557,-0.002001408028935107,1.8092010004760128e-05,1.1109774260859926e-06,3.1408815674022805,106.78799084475611,125.82022209631756,-0.2797908194328032,-8.538407858495395e-05,0.00030904562744687173,0.27979083246118047,5.702232496675837e-05
58.76128787199923,1780932947907933313,track_preview_car,-0.525126279146343,0.35109489920671305,-0.0020014129190977685,1.796191358204646e-05,1.2609220753680714e-06,3.1408146729834514,105.59461208975603,125.81995096718025,-0.2797986113522573,-7.873237328259047e-05,0.0003085896719897231,0.2797986224294861,-1.2380985437491e-05
58.87908896299996,1780932948025733992,track_preview_car,-0.5586884661627087,0.35110502203804317,-0.001999971302743864,1.422778251998245e-07,-4.093103653503262e-07,3.1406780645802166,104.16262544372442,125.81951905971016,-0.27978242817047794,0.00019817035717066417,1.872399185859293e-05,0.2797824983526652,-0.002092134469726231
58.98172517999956,1780932948128373155,track_preview_car,-0.58664732729195,0.35111616917976324,-0.002004178925806986,-6.090690993312872e-11,4.398836805274958e-05,3.1404515437481635,102.96971403554346,125.8190434483301,-0.27906494012840916,0.00019490800815186052,-0.002977994121612964,0.2790650081934391,-0.0020511555851264445
59.10105251599998,1780932948247696524,track_preview_car,-0.6202204122178452,0.35113796371612815,-0.001999983173131705,1.243519574781028e-09,-1.7046699466533074e-07,3.140223589560063,101.5372624120386,125.81811354811187,-0.2798674450530846,0.00020364810578305553,-1.329317116077755e-07,0.27986751914627805,-0.0021441252689084036
59.22034290399915,1780932948366988174,track_preview_car,-0.6538000918465512,0.3511665060848477,-0.001999969063440369,1.0823338307354685e-08,-3.3132187200835936e-07,3.1400270692622523,100.10452941454714,125.81689574037983,-0.2799140281864963,0.00039658325071556744,-2.030610331485161e-07,0.2799143091266779,-0.001252537312887869
59.34021179999945,1780932948486858453,track_preview_car,-0.6873891152340644,0.3512075466179756,-0.0020037317724928886,-1.1011140687301078e-10,3.928086059660313e-05,3.1399168788282075,98.67139775001326,125.81514467763304,-0.2789006300965007,0.0002425334343617993,5.776860755879451e-06,0.2789007355506469,-0.0025549288684795363
59.440218681999795,1780932948586864513,track_preview_car,-0.7153785932131576,0.3512543794421559,-0.0019999901033546145,-6.245718471021007e-08,-1.500539869853797e-07,3.139911840981952,97.47718002290527,125.81314647713468,-0.27992306963936175,0.0005008071873423931,1.6440710628946865e-07,0.27992351763323114,0.00036165120074642583
59.54078227199989,1780932948687427532,track_preview_car,-0.7433680281759028,0.35129866070025917,-0.001999977088940867,1.0771637189081574e-09,-2.3743106253563843e-07,3.1399334426617,96.28296413116148,125.8112571434556,-0.27990061074120204,0.00021401504973717793,0.002735603561015747,0.27990069256030686,0.0002645641113870221
59.64097174699964,1780932948787617548,track_preview_car,-0.7713565141128526,0.3513447256208374,-0.0019999424437508427,-2.5163058319380153e-09,-6.16305037502027e-07,3.1400186867899373,95.08878873118496,125.80929170684428,-0.27989665308850886,0.000591480714855394,4.865911368311271e-06,0.2798972780496179,0.0012752070749113538
59.740989478999836,1780932948887635070,track_preview_car,-0.7993432110644019,0.35139001367630945,-0.002002713144852141,3.5696784024334155e-05,1.5049577638817122e-06,3.140132109209645,93.89468966125219,125.80735941647747,-0.279851687400656,0.00026590396714884143,-0.002667536250617198,0.27985181372632595,0.002788265202066086
59.86104249699929,1780932949007687777,track_preview_car,-0.8329255129608791,0.3514421409103826,-0.0020026942893719615,3.580278404301142e-05,1.2261293594615443e-06,3.140299034941829,92.46184478033582,125.80513532115701,-0.27985015539021596,0.00022567263292013615,-0.002632482143899433,0.2798502463819985,0.0029783639432636386
59.98078741699919,1780932949127433398,track_preview_car,-0.8665075207641252,0.351489867535772,-0.0020042000440142075,2.7347161488885308e-05,-2.6165901042999505e-05,3.1404913211407965,91.02901244739732,125.8030989851404,-0.2800242302143487,0.00026109338752748336,-0.004127094262914096,0.2800243519354979,0.0038983682629354865
60.081521637999685,1780932949228186155,track_preview_car,-0.8944887873812687,0.35152178854469757,-0.0019999657347158114,-4.1995851370595003e-10,-3.629268714312193e-07,3.1406162028728435,89.83514507173254,125.80173702209291,-0.27981769432807274,0.0004527448991404524,-4.477679045496966e-06,0.279818060598351,0.0012208016318002053
60.18386988899965,1780932949330515901,track_preview_car,-0.922463758246513,0.35155242313082613,-0.0019999703866865667,4.1826920504068066e-10,-3.1103040348649203e-07,3.140712704616499,88.64154631481544,125.80042994641809,-0.2797209451484872,0.00033128147571607954,0.0013890428217299994,0.2797211413214581,0.0007351860511916863
60.28417604599963,1780932949430822147,track_preview_car,-0.9504336323758548,0.3515824121663011,-0.0019999616294815543,1.45176144212939e-10,-4.039149738777487e-07,3.140813483585123,87.44816501863019,125.79915041423781,-0.2798400384819957,0.00040718621978664155,3.3852098533376784e-07,0.2798403347236106,0.0018507812331114153
60.40109663599924,1780932949547741345,track_preview_car,-0.9840042740248642,0.35161193849933514,-0.002002732119784619,-6.264857615630924e-08,-3.55419180937799e-05,3.140936974841575,86.01581764160579,125.79789062402837,-0.27992866111910064,0.00026981896361607654,-0.0027678277585084085,0.27992879115626074,0.0018220705236583112
60.51992064099977,1780932949666565661,track_preview_car,-1.0175837745397571,0.3516382643646692,-0.0019999488631407434,-4.9155292948328695e-09,-5.530658993535781e-07,3.141103951247712,84.5830922863037,125.79676738710745,-0.2796428013262178,7.711538554664266e-05,0.0027913370850523637,0.27964281195903684,-0.0005199775216694113
60.640954265999426,1780932949787599035,track_preview_car,-1.0511625458887828,0.35165851085358046,-0.001999991676245172,-7.525828976996309e-10,-8.352912038778098e-08,3.1412660444322014,83.15039804207859,125.7959035369139,-0.27958032299919566,6.60408998735536e-07,0.003753668920386536,0.27958032299997565,-4.430909572303864e-06
60.742307408999295,1780932949888953360,track_preview_car,-1.079141765052804,0.3516694411075507,-0.0019999712127405193,-1.8409622998901812e-09,-3.033551844840647e-07,3.1413884908952334,81.9566180244137,125.79543717941117,-0.27950273357721883,3.124592021286774e-05,0.00374330702565637,0.2795027353237268,-0.0003283660990377074
60.84238023099988,1780932949989025731,track_preview_car,-1.1071224637376889,0.35167928312865476,-0.0019999810340270933,-4.1985958663484815e-08,-2.2999962194986097e-07,3.141478546900524,80.76277488052528,125.79501725317739,-0.279898649999435,9.030253603823838e-05,2.182504390753348e-06,0.2798986645664002,0.0007131602700137972
60.95299561899992,1780932950099640328,track_preview_car,-1.135100710359389,0.35168407817619224,-0.0020085762304625525,3.6470206300248895e-08,1.4549659877834396e-05,3.1415320883873528,79.56903635799941,125.79481266448246,-0.27987550515413456,0.0001847397862232478,-0.009203803960840624,0.2798755661255027,0.0012697210328199097
61.06743524999911,1780932950214080460,track_preview_car,-1.1686754499014091,0.35168855021732026,-0.002001158674065643,-6.051479445801987e-09,-1.5174853192548823e-05,-3.1415691491426405,78.13651413753988,125.79462185739433,-0.27989230438688095,-3.804919202512991e-05,-0.0011772381060179118,0.2798923069731275,0.0008200812673270128
61.16859636499976,1780932950315241685,track_preview_car,-1.1966528318329919,0.35168928357409707,-0.0020000637673440597,-1.049749669200181e-05,8.626554180110625e-06,-3.1415051861925956,76.94281250845901,125.7945905675052,-0.27988190138812896,7.865430272254821e-05,-0.00010413164511440754,0.2798819124401105,-0.00060575756139956
61.286442359999455,1780932950433089724,track_preview_car,-1.2302268414613091,0.3516860201018377,-0.002002940055493639,6.7575884547533225e-06,-4.5111605052432956e-05,-3.1414245302403243,75.51032143098413,125.79472980898825,-0.28001435273880143,-6.789191461922623e-05,-0.0029387984602043653,0.28001436096929383,0.0009643136201216142
61.38734227399982,1780932950533988646,track_preview_car,-1.2582072118375451,0.35168151707565354,-0.0020001873614493215,9.9884188329247e-06,9.54201255657003e-06,-3.1413561939919257,74.31649229493141,125.79492193810545,-0.279663058396056,9.323164282785482e-05,0.0002665221727591671,0.27966307393643347,-0.0011968363463137014
61.50489148899942,1780932950651535607,track_preview_car,-1.291790148559463,0.35167497879820275,-0.0019999796939277675,2.85446347373971e-10,-2.1285112434717893e-07,-3.14127600379174,72.88362032812958,125.79520090461001,-0.2799478721125822,-4.685070375770971e-05,4.079176397168746e-06,0.2799478760329343,0.0004934160124400648
61.62388295999972,1780932950770528390,track_preview_car,-1.3253830740177976,0.35166789175211705,-0.0019999772772583187,1.7376289575668392e-09,-2.336868437516059e-07,-3.141222552154628,71.45032217524064,125.795503285243,-0.2799590532915646,-5.323699762385757e-05,2.84318586077765e-05,0.2799590583533368,0.0005612171423772775
61.725010713999836,1780932950871656114,track_preview_car,-1.3533785833718694,0.3516602569833263,-0.001999978511792624,1.3257915044211597e-09,-2.2321724309978248e-07,-3.1411844379386915,70.25584710946691,125.79582903537808,-0.2799690986560542,-5.609092763219519e-05,6.669544707350505e-05,0.2799691042748745,0.0005905343123661809
61.825972204999744,1780932950972618076,track_preview_car,-1.381353393828928,0.35164953808745497,-0.0019984519200095035,1.4332761201219129e-08,1.9117671385011713e-05,-3.14117333480804,69.0622551966324,125.79628637493525,-0.27991729187388825,-0.00020414909635144612,0.00511213954891742,0.27991736631882114,-0.000206364766491876
61.94460488999994,1780932951091250581,track_preview_car,-1.4149321165034519,0.3516363410123193,-0.002001414883710968,1.8036388100397138e-05,1.2248178679200055e-06,-3.1410897043373485,67.62956302918604,125.79684945014104,-0.279935125347839,-0.00028670185097679846,0.00030492981574015946,0.27993527216387304,0.0021741693780008456
62.045582962999106,1780932951192228133,track_preview_car,-1.4429180542266922,0.3516217751784194,-0.002001409660619528,1.8051668906988224e-05,1.1585376635770708e-06,-3.140936421469237,66.43549635299448,125.79747092572077,-0.2799125749885694,-0.0002979980319373171,0.0003079757071685741,0.27991273361452945,0.0022943954615370675
62.146239429999696,1780932951292885110,track_preview_car,-1.4708989173991027,0.3516058033845782,-0.0020014115897993307,1.8026807703300347e-05,1.197998102471297e-06,-3.140768385340373,65.24164619097161,125.79815238892466,-0.2798843304733878,-0.0003088468689318848,0.000308305969622431,0.2798845008765669,0.002407792618490253
62.246246493999934,1780932951392893096,track_preview_car,-1.4988740091343153,0.3515886296973361,-0.0020014135471099694,1.7961867533161664e-05,1.268141911455305e-06,-3.14058927620059,64.04804227693589,125.79888513291365,-0.2798537420317113,-0.0003191144973100459,0.0003053647956012134,0.27985392397322933,0.002515749730561189
62.36779849699997,1780932951514443056,track_preview_car,-1.5324364387980487,0.35156529699026096,-0.0020014107577140234,1.797716604726181e-05,1.227514849314033e-06,-3.14037073923184,62.61604527794992,125.79988066174886,-0.27983134589628034,-0.000335849418475491,0.00030250435544479246,0.27983154743694566,0.002691456756031632
62.48493760099973,1780932951631582511,track_preview_car,-1.5659926407984295,0.3515345982729564,-0.0020014051582298974,1.8130588313285238e-05,1.0509396101193394e-06,-3.1401821395552254,61.18431399260034,125.8011904736872,-0.27981722882171206,-0.00042114722420159503,0.00030311348858587205,0.2798175457515965,0.0022250170171898664
62.588241412999196,1780932951734886964,track_preview_car,-1.593952821567963,0.35149766043630265,-0.00200140139958638,1.8265047478306814e-05,9.094630047484278e-07,-3.1401113633375273,59.991346279766915,125.80276648805109,-0.2797882613414114,-0.0005267140720431789,0.0003066360243816283,0.2797887571225184,0.0012884445033307472
62.70607619199927,1780932951852721522,track_preview_car,-1.6275011791051373,0.3514432422749528,-0.002001400916774381,1.8323426948540304e-05,8.601467854144681e-07,-3.140125829302612,58.55994969151415,125.80508832960201,-0.2797587905156077,-0.0005834662938018794,0.00031003806815836426,0.2797593989550158,0.0005925589736101544
62.80777332899925,1780932951954419651,track_preview_car,-1.655455167220465,0.3513940516287281,-0.0020014048148329524,1.822723504190094e-05,9.7408980907962e-07,-3.140201577143774,57.36724619859349,125.8071871305076,-0.279733132575267,-0.0005998874303323079,0.00030989857257782437,0.2797337758035324,8.960009122991136e-05
62.924921339999855,1780932952071566339,track_preview_car,-1.6889974005907669,0.351335725117618,-0.002001410078038464,1.8049528407008866e-05,1.1641754007997259e-06,-3.1403413962096804,55.936110908127276,125.80967572831497,-0.27971187674733144,-0.0005795071712735757,0.00030612136142609437,0.2797124770582748,-0.00024654302735794274
63.02577032499994,1780932952172417468,track_preview_car,-1.716866716137975,0.3514140889523897,-0.0020026350117542746,5.414409366611e-08,-3.406688786940525e-05,-3.1385825716440925,54.7470201114464,125.80633220469804,-0.27912543349701374,0.0010024980867165932,-0.0032242084351375285,0.2791272337614331,0.02161395099773132
63.12631099399914,1780932952272955292,track_preview_car,-1.7434174493832115,0.3530007880119193,-0.0020041582835778975,7.399080409858164e-09,4.3771123328228474e-05,-3.113689277262899,53.61418882631631,125.73863304482478,-0.26440104411441545,0.012840767938951003,-0.003035894764025623,0.2647126696062262,0.25273128946255163
63.227597677999256,1780932952374260962,track_preview_car,-1.7687734218888478,0.3553984945048524,-0.001999866308142258,-1.7763951172358648e-06,-7.438629199265681e-08,-3.0675912583426217,52.53233399940916,125.6363309011263,-0.2566185592119004,0.021278474963700108,0.005412240516563133,0.2574992396663968,0.5072052616188711
63.349425591999534,1780932952496071994,track_preview_car,-1.7982527648105475,0.3579609107734245,-0.001999858848242028,1.4458428483095982e-06,-3.8625293272187314e-07,-2.995186918247033,51.274548701416634,125.52700114033388,-0.24186693858488847,0.019989358344169234,0.0017604875743567555,0.24269155409168616,0.6840584780137656
63.451949446999606,1780932952598603713,track_preview_car,-1.8223727088017365,0.35916785046648064,-0.0019998682591162937,1.5515959491160667e-06,-2.082245738560871e-07,-2.925598908499281,50.24543109112591,125.47550504676349,-0.241008479022097,0.005233156047007313,0.00012959926327330552,0.24106528759395637,0.7027887500829761
63.57098952999968,1780932952717637384,track_preview_car,-1.8511261714990992,0.3586877467459074,-0.0019999891170367,-5.067780340139066e-07,2.481689151866959e-07,-2.8379609830687995,49.0186166827051,125.49598947217461,-0.23737349094652704,-0.01288189705707338,0.005317407432225984,0.23772277441576775,0.741230989856396
63.67144261999965,1780932952818087779,track_preview_car,-1.8750282627933947,0.3563293928933011,-0.002001165215060227,9.663567927895539e-07,-1.7640912176414983e-05,-2.7651600722252305,47.99879412081516,125.59661256988582,-0.23940848716045585,-0.033995596440731655,-0.002654345006320543,0.2418100996687674,0.7235277852936641
63.79010257799928,1780932952936747918,track_preview_car,-1.9034387844695988,0.3510734778682904,-0.0020002087506934005,2.8989210923069442e-05,2.415124513238504e-05,-2.679900403348008,46.78661186263045,125.82086494428627,-0.23319951834056374,-0.05436403417350273,-0.00027142416834343715,0.2394524244310103,0.6951941306780596
63.8902789219992,1780932953036925464,track_preview_car,-1.9267717935367734,0.344417945292656,-0.002002390834337169,4.242615902062964e-05,-7.003226708222966e-06,-2.6140720486144806,45.791070142430996,126.10483433418001,-0.230135869746964,-0.07557669328115788,-0.002432915633605778,0.2422278991187964,0.6380629482362581
64.00948966399937,1780932953156136266,track_preview_car,-1.9541284122332845,0.33403952067277304,-0.002005094774970938,-6.0833583294935165e-05,7.540062588534335e-06,-2.5403182628242034,44.62385441137987,126.54764711796169,-0.2248514143374424,-0.09630875808742662,-0.005197013500214193,0.24460894385506565,0.5957656227528101
64.12802245299918,1780932953274666942,track_preview_car,-1.9807327189524433,0.3209234082144287,-0.001999980016074897,9.981415158447773e-09,-2.2058590930464072e-07,-2.474884246957946,43.48873732469575,127.10726791618437,-0.21825132122111696,-0.11931080680467265,0.0037523318644122183,0.24873421122785885,0.5140210608645597
64.2303796139995,1780932953377025765,track_preview_car,-2.0023512720572034,0.30769676389509426,-0.0020054434199385804,-3.2228396543530594e-05,3.287492196732773e-05,-2.430657164532632,42.566345725559316,127.67160474047597,-0.21236846883554972,-0.13714066251351426,-0.005465944531782991,0.2528001737938514,0.43026637695006636
64.33301737299917,1780932953479661771,track_preview_car,-2.0234101085671363,0.2928755378937102,-0.001999977981957728,1.2507585811632324e-07,-1.2972699751537171e-07,-2.3931627157797846,41.667835367802184,128.30397704986837,-0.20700848288379378,-0.15225590050382837,0.0040534628616886266,0.25697153777039516,0.36822203165517986
64.45030797899926,1780932953596953279,track_preview_car,-2.0479523544215827,0.27325313951005314,-0.00199999043699307,1.0544869391729543e-08,-8.545818460191779e-08,-2.3567213194471606,40.62069954467914,129.1411993809044,-0.20022493713210757,-0.17290237813255097,0.005142281255330007,0.2645472695255955,0.24053747545444426
64.57013431999985,1780932953716779950,track_preview_car,-2.0717798509281233,0.2521579572038695,-0.001999961127684516,-1.8676580829337183e-09,-4.171772080674132e-07,-2.32687970901351,39.604059693733404,130.0412604926349,-0.1951323158482035,-0.17766076907274952,4.018694605173512e-06,0.2638938603980848,0.2509194534771723
64.68834544399942,1780932953834991225,track_preview_car,-2.0950684606082888,0.231553163182521,-0.001999999326888881,9.168512146779522e-08,6.932843542656489e-08,-2.284090357804392,38.61041234737968,130.9203983708791,-0.1920255939308302,-0.16676751819645405,0.0028730455152357125,0.2543329193201162,0.4437026637190064
64.78940490999958,1780932953936050190,track_preview_car,-2.1138962560098147,0.2150522901082419,-0.001999943050285852,-1.6738061056480433e-06,6.730108885835716e-07,-2.2336171287142723,37.80709307691457,131.62443562204834,-0.1846851090814396,-0.1628785081156728,-0.00015224941139945983,0.24624783841165093,0.5674564458069271
64.88948247899953,1780932954036131366,track_preview_car,-2.132109057930891,0.1986305084992975,-0.0020029421219317114,-3.7471119822559536e-05,2.5895483797986824e-06,-2.1714147201441856,37.030013528281984,132.32509830402998,-0.17841472632784985,-0.16564484762341775,-0.0034390902747944104,0.243454369677003,0.6665834009182922
65.00637057699987,1780932954153014775,track_preview_car,-2.1528335343850213,0.17826976233680245,-0.002003026430966867,-4.0241116965102354e-05,1.3953670823001288e-06,-2.0869196104626737,36.14576919957243,133.19382347362975,-0.16589770828799072,-0.17575373459572977,-0.0030166670703002073,0.24168455647714332,0.7129010996656165
65.10895014299967,1780932954255593940,track_preview_car,-2.168722896420119,0.16031581329359923,-0.001999981341243456,-1.6781490037147774e-07,-3.1387104942115096e-07,-2.014414141248755,35.46782308607493,133.95985863280643,-0.15409238057627486,-0.18420531358662984,0.003156744775341879,0.2401584046108155,0.7395658962869263
65.20961900199927,1780932954356263451,track_preview_car,-2.183284197884883,0.14118068687066,-0.001999937441234224,-4.268221502510507e-07,-3.5037713244079623e-07,-1.941943771146994,34.84654089024498,134.77629069351852,-0.13621869218427377,-0.19685980637942968,0.008320776909406908,0.23939364124416604,0.6987325022117793
65.31147075399986,1780932954458116134,track_preview_car,-2.1962768186995807,0.1207391592871545,-0.002002892759315862,-9.154292404763468e-07,-3.809999589953296e-05,-1.872849455061258,34.29218906881789,135.6484625370814,-0.12755108706573492,-0.21470842696121253,-0.0029325096505416165,0.2497378393832401,0.7256861858073965
65.4304108919996,1780932954577056483,track_preview_car,-2.2098228983975634,0.09467590704028149,-0.001999579681145063,4.015086705185949e-06,-1.3831472464101389e-06,-1.793904272223864,33.71422300170396,136.760494632948,-0.10788524265462793,-0.22323085294214987,0.0004135224142285056,0.24793394137940794,0.6821258985630725
65.54726575299992,1780932954693909270,track_preview_car,-2.2206672932368114,0.06707500943893921,-0.0020085463382497827,-2.7846668321463573e-06,9.908612475610512e-06,-1.7249435361589216,33.251528821896045,137.93813293060526,-0.08010445101577958,-0.24258302338558202,-0.00918445604694785,0.25546672250496594,0.5114645671522969
65.65019805799966,1780932954796841684,track_preview_car,-2.22795876453538,0.04304902725121752,-0.002005018880087387,1.4351949175371189e-08,5.283027994359276e-05,-1.6729606409839373,32.94042604649046,138.96324150394804,-0.06857807370596719,-0.24595882002825661,-0.005121556327017157,0.25534034805121064,0.5316032052788188
65.77025157099979,1780932954916896260,track_preview_car,-2.2343403383200977,0.013035155276463184,-0.001999972949400062,5.228757964730772e-09,-2.921176996004556e-07,-1.621548763814242,32.66814556500917,140.24383337487092,-0.04236181964483028,-0.252895201537038,0.002920223294253522,0.2564186161808073,0.3699972217139729
65.87136593299965,1780932955018011934,track_preview_car,-2.237999915464685,-0.01269034455717647,-0.0019997620092153476,1.50609841426613e-05,-1.3924027204036765e-05,-1.5861522045930603,32.51200360684011,141.3414547011062,-0.030302052736595603,-0.26162935007384086,0.00019851175321445455,0.2633783043838497,0.32729333403135225
65.98987731299985,1780932955136521591,track_preview_car,-2.2406198652264364,-0.04418230569258414,-0.0020021701399537467,1.241025618748274e-07,-2.7684081998902637e-05,-1.5523734790849588,32.40021908367204,142.68511170955026,-0.014136571022270034,-0.2672619264258076,-0.003229503153591508,0.26763553567697523,0.2365241111674483
66.09018369399928,1780932955236828012,track_preview_car,-2.241531240484244,-0.07086654778752392,-0.001999359825256918,1.5607231707629944e-07,7.204794958408829e-06,-1.5309926338275277,32.36133373933893,143.82363937226768,-0.004192338040744238,-0.27102084371746094,0.0006092713714053518,0.27105326677162966,0.18622038547872102
66.20860837199962,1780932955355251838,track_preview_car,-2.2414528039478463,-0.10332197457865601,-0.0020054735860346546,-2.4079746391263145e-05,3.936634731812117e-05,-1.5114371977971364,32.364680364891896,145.20840424868933,0.00502726202061031,-0.2711290920873869,-0.005603655411530176,0.2711756957021676,0.1365888093428307
66.30870247199982,1780932955455346770,track_preview_car,-2.240604034059336,-0.1306191910194898,-0.001999734109197116,1.2718178972978018e-05,-1.2439200733400175e-05,-1.4995420988172776,32.400894546801666,146.37308548349824,0.011111720487812896,-0.27274219383040244,0.00028632934631806704,0.27296844987584207,0.1045565345760826
66.4098855939992,1780932955556531715,track_preview_car,-2.239154769393427,-0.1580740136325132,-0.0020017519138012954,2.6497241149120557e-05,-1.641900701713711e-06,-1.4916443941677815,32.46272983921379,147.54449124832055,0.01697119720699293,-0.275118727826859,-0.0017640625260036133,0.27564168033101955,0.06433496102778118
66.51167023699963,1780932955658315327,track_preview_car,-2.237235319894793,-0.18572504111039467,-0.0019999705430977072,3.0111727150795344e-10,-3.098602153123098e-07,-1.4873488851030536,32.5446263511555,148.72426842071016,0.02101617706636413,-0.2774024523618489,0.0004906609548128895,0.2781974124158106,0.027450411239289492
66.62962146399968,1780932955776267405,track_preview_car,-2.2345119556390483,-0.21911653176823928,-0.001999977520991875,-7.934337247952772e-09,-2.68909062398533e-07,-1.4860232338209765,32.66082322606728,150.14897202211154,0.02363966578064139,-0.2789769118428834,0.0036216906779701096,0.27997669749393855,-0.0005381836085245173
66.7319186629993,1780932955878563723,track_preview_car,-2.23204607012759,-0.2468860400978473,-0.002003688064096591,1.150771772340622e-05,3.009971815156969e-05,-1.4875467588517501,32.766034341222834,151.33380437750816,0.0245666284364664,-0.2771387502790942,-0.003966887207956648,0.2782254591855201,-0.01638858616899845
66.84938067799976,1780932955996026148,track_preview_car,-2.2290101468839656,-0.28010665903001475,-0.0019999861692482075,-2.1195632844530946e-07,1.4056839000000996e-08,-1.4916457036411297,32.89556706628413,152.7512174519473,0.024793670131028248,-0.2766214478108178,0.004744417459132667,0.2777303574827917,-0.0356167702851474
66.95063618599943,1780932956097280244,track_preview_car,-2.2265051165802974,-0.30772262082625906,-0.0020023424794270196,3.097638653526377e-05,1.1829010382226914e-06,-1.4963750976880965,33.002448359240645,153.92949848858706,0.02464455652927592,-0.2764046775781079,-0.0005226902865690293,0.2775011710850649,-0.0468143595195583
67.07048591799958,1780932956217131108,track_preview_car,-2.223609184589531,-0.3408202767171156,-0.0020014094879082546,1.8087061124615303e-05,1.1307293806442015e-06,-1.503038907360388,33.12600812418002,155.34166513993026,0.023653178602184566,-0.2759217558263942,0.0002779830146784432,0.2769337252779212,-0.05860688267315512
67.17077307299951,1780932956317418604,track_preview_car,-2.221339506467491,-0.3683993703965153,-0.0020014156098258416,1.7945008289500225e-05,1.3028304840309045e-06,-1.5089795295213733,33.22284772405372,156.518373136918,0.022033883519291267,-0.2760393644091393,0.0003153336847775586,0.2769173572139227,-0.05886467008358296
67.28992264699991,1780932956436568488,track_preview_car,-2.2188338240391086,-0.40151261162321616,-0.0020014188725341274,1.7974306441184644e-05,1.3149414346950738e-06,-1.5160833540820007,33.32975684099803,157.93120476259057,0.019964980194190837,-0.2762628320162692,0.00031498162366379654,0.2769833077782916,-0.05746485118520801
67.39058780299911,1780932956537233234,track_preview_car,-2.2169404946144855,-0.4291321457858466,-0.0020014119116212744,1.8089416857454922e-05,1.1543735594044265e-06,-1.5217772699230638,33.410538896448614,159.10963822019613,0.018120575965404607,-0.27655640178459057,0.00030722076415311435,0.2771494157333872,-0.05398509732366761
67.49277600799996,1780932956639421388,track_preview_car,-2.2152304709443262,-0.4567824454285955,-0.0020014023986124918,1.8206819885594314e-05,9.651608900014686e-07,-1.527079723955393,33.483499906375414,160.28938433828674,0.01628603778502386,-0.2768920747910068,0.0002968380194489272,0.2773706114728158,-0.04931484018697893
67.6089049129996,1780932956755550935,track_preview_car,-2.21341480926738,-0.49000826605245135,-0.002001396190031324,1.8197246403242976e-05,9.069424003753678e-07,-1.532776715824499,33.560968137925116,161.70701935157126,0.014270730737335474,-0.2772658862062713,0.0002933499904074066,0.2776328968431633,-0.04377008371839057
67.7270644629998,1780932956873709893,track_preview_car,-2.211838742279104,-0.5232852083044174,-0.0020014043420465994,1.808513040823119e-05,1.077596523582265e-06,-1.5376616791071205,33.62821366275823,163.12683555432181,0.012442615327077102,-0.27763984973826167,0.0003026168948826827,0.27791852194278477,-0.03772827578302216
67.82835966099992,1780932956975003818,track_preview_car,-2.210692876391759,-0.5510566593824957,-0.002001413742527206,1.79916706889053e-05,1.2472482038480942e-06,-1.5410411742795822,33.67710394061828,164.31175080031983,0.01102137680917601,-0.27799123315916746,0.00031269664497401945,0.278209626828628,-0.03156178600123689
67.9328019249997,1780932957079447336,track_preview_car,-2.209679269146551,-0.5788619422817147,-0.002001417075803524,1.7982744717181086e-05,1.2889719696608607e-06,-1.5438194715155846,33.72035118308048,165.49810953735317,0.009780933589325875,-0.2783220067568519,0.00031810995701596275,0.2784938169996597,-0.025598127466399584
68.03481844599992,1780932957181464989,track_preview_car,-2.208779286255522,-0.6066984937193745,-0.0020014115543094506,1.8070011507094073e-05,1.1646028085634197e-06,-1.5460340846860965,33.75875045309773,166.6858023986933,0.0087267795822679,-0.2786272729160354,0.00031475516784588243,0.27876390349990504,-0.020047661914892007
68.15400011199927,1780932957300656513,track_preview_car,-2.2078214826622555,-0.6401375748174175,-0.002001400750460716,1.822422444877544e-05,9.338890078093268e-07,-1.5480466252485343,33.79961673974377,168.11253652554313,0.0077570359527527,-0.27890547471170446,0.0003021228322537729,0.2790133248268504,-0.01492352813468235
68.2731216409993,1780932957419766951,track_preview_car,-2.2069770589197577,-0.6736159296610966,-0.002001395173118837,1.8250206856245423e-05,8.552989437102933e-07,-1.5493292581489353,33.83564548609034,169.5409463322068,0.006702853308189566,-0.27935238429119064,0.0002982494025337075,0.27943278771762653,-0.006197738003422761
68.37453082699994,1780932957521176147,track_preview_car,-2.2063333656441446,-0.7015356379406535,-0.002001400744805722,1.8170960493863712e-05,9.739346393754362e-07,-1.549984439245316,33.86310973251649,170.73218721880122,0.006244777058311634,-0.2795303494123638,0.0003014234693649695,0.27960009564216215,-0.0027182418449338054
68.49371738599984,1780932957640362826,track_preview_car,-2.2056131774605356,-0.7350621343941524,-0.002001413752522248,1.806821414292735e-05,1.1886693329382515e-06,-1.5503184221817732,33.89383776168381,172.16265106748384,0.0059293794498061535,-0.2796743154663737,0.0003088127355626901,0.27973716283726857,0.0001493897103605471
68.6117178909999,1780932957758363351,track_preview_car,-2.204925983311108,-0.7686067806670057,-0.0020014167321145615,1.8028886263228846e-05,1.2497932415495124e-06,-1.5502859393458013,33.923158045392725,173.5938893084589,0.0057662678334482725,-0.2797838972515553,0.0003169506812729573,0.27984331152628233,0.0023654785320417412
68.71561383699918,1780932957862258967,track_preview_car,-2.2043655662706207,-0.7965713346491687,-0.002001410887608473,1.8117297306537448e-05,1.121233026282255e-06,-1.5500486096284969,33.94706917245351,174.78704361169787,0.005702043630169252,-0.2798695994677484,0.00031332201314049585,0.27992767996001805,0.0040208650107619445
68.83069673299997,1780932957977342935,track_preview_car,-2.2036952401629395,-0.8301373851716375,-0.0020013990362007916,1.8247350544357715e-05,8.97885931118243e-07,-1.5495960745122812,33.97566975304791,176.21919510065652,0.0057372805066815925,-0.2799256958047894,0.00030235658258206185,0.2799844844976375,0.005126471705807942
68.95779722099996,1780932958104443263,track_preview_car,-2.203018866948766,-0.8637100669806358,-0.0020013949899123857,1.8270867651339847e-05,8.374467908622355e-07,-1.549009859647233,34.004528343519326,177.65162952450711,0.005825334765090382,-0.2799683303629854,0.00029536599275947756,0.28002892802595075,0.006039582466316521
69.05957822799974,1780932958206224209,track_preview_car,-2.202443396140525,-0.8916888762572104,-0.002001401094490907,1.8180498532686364e-05,9.701901998977261e-07,-1.5484729072963108,34.029081764670934,178.84539205364098,0.005949726462265052,-0.2799754657654405,0.0002994389682766172,0.2800386771064867,0.006373046143615339
69.17376562199934,1780932958320409639,track_preview_car,-2.2017332802367235,-0.9252621412593734,-0.0020014127979933205,1.8052244421355876e-05,1.1905894064557342e-06,-1.5478140473604827,34.05938004323313,180.27785136039992,0.0061283905964058145,-0.2799620900516805,0.00031102373924714045,0.2800291574772302,0.006490557032238365
69.2749887609998,1780932958421633469,track_preview_car,-2.2011236591426715,-0.953239230917662,-0.0020014169817837613,1.8030720438664124e-05,1.2509487368151982e-06,-1.5472671054451683,34.08539054324602,181.4715405191536,0.00630912767450275,-0.2799580280435174,0.0003168537949937471,0.2800291101975436,0.006185454898481546
69.39071858099942,1780932958537365283,track_preview_car,-2.2003687630023365,-0.986810795106765,-0.0020014104277160587,1.812890255582312e-05,1.107563737208191e-06,-1.5466537459208378,34.11759944523364,182.90392725788863,0.0065350623088978686,-0.2799244282408384,0.00031245010029913654,0.28000070100866087,0.005508606355783185
69.49539695099975,1780932958642042621,track_preview_car,-2.199719986747877,-1.0147836726287054,-0.0020014002130247606,1.8234854630427796e-05,9.197425131044683e-07,-1.5462112124761276,34.1452805654239,184.09743669882477,0.006678515081860393,-0.2799090658325644,0.0003035661041649264,0.27998872780695566,0.005216194070846297
69.59621061899998,1780932958742855698,track_preview_car,-2.1990569154776067,-1.0427543801253953,-0.0020013946045361847,1.8274281746248858e-05,8.308321611395044e-07,-1.5458085831587056,34.173571606288775,185.29085355201687,0.006830319221593879,-0.27987946835767896,0.00029630001258170493,0.27996280122338735,0.004674482049666629
69.69717977899927,1780932958843824889,track_preview_car,-2.198379394059083,-1.0707220369815524,-0.002001398047881619,1.821050879187142e-05,9.154230508777626e-07,-1.5454610117483654,34.20247918681247,186.48414024454624,0.006970460970617987,-0.2798479578892571,0.00029735669337996394,0.2799347546499547,0.004122590476506302
69.8157460959992,1780932958962390945,track_preview_car,-2.197548636493283,-1.1042791051460992,-0.0020014099483708866,1.8077172483232998e-05,1.1417616487580676e-06,-1.5451150826978701,34.23792484295326,187.91590848623358,0.007112318258364048,-0.2798151227142182,0.00030775098356264184,0.27990549828572725,0.0035921867007756747
69.93383174799965,1780932959080477378,track_preview_car,-2.1967009623908273,-1.1378318685525457,-0.002001417100878084,1.802282733837731e-05,1.2582499854520475e-06,-1.5448390633798725,34.274092271324704,189.34749305824195,0.007232803845440681,-0.2797847189615211,0.0003165162352237399,0.2798781921047868,0.003090631236508498
70.0366105159992,1780932959183256006,track_preview_car,-2.195983397318861,-1.1657893912772472,-0.0020014134683741646,1.8087107170404493e-05,1.171310785101394e-06,-1.5446662358335421,34.30470838106193,190.54034736116256,0.007324275602909434,-0.2797598450181161,0.00031516474988732167,0.2798557054942203,0.0025611831001770592
