t_wall,stamp_ns,visible,stable,stable_count,name,kind,maneuver,score,area_px,bbox_w,bbox_h,center_x,center_y,last_applied
12.475475350999659,11873000000,False,False,0,,,,0.0,0,0,0,0,0,
12.483139887999641,11873000000,False,False,0,,,,0.0,0,0,0,0,0,
12.504561655999169,11873000000,False,False,0,,,,0.0,0,0,0,0,0,
12.553407359999255,11873000000,False,False,0,,,,0.0,0,0,0,0,0,
12.60958768799992,11967000000,False,False,0,,,,0.0,0,0,0,0,0,
12.633351661999768,11967000000,False,False,0,,,,0.0,0,0,0,0,0,
12.653199107999171,11967000000,False,False,0,,,,0.0,0,0,0,0,0,
12.671518992999154,12062000000,False,False,0,,,,0.0,0,0,0,0,0,
12.716056551999827,12062000000,False,False,0,,,,0.0,0,0,0,0,0,
12.762399368999468,12160000000,False,False,0,,,,0.0,0,0,0,0,0,
12.782785579999654,12160000000,False,False,0,,,,0.0,0,0,0,0,0,
12.817112054999598,12160000000,False,False,0,,,,0.0,0,0,0,0,0,
12.848238013999435,12160000000,False,False,0,,,,0.0,0,0,0,0,0,
12.883457900999929,12261000000,False,False,0,,,,0.0,0,0,0,0,0,
12.926245836999442,12261000000,False,False,0,,,,0.0,0,0,0,0,0,
12.952637061999667,12261000000,False,False,0,,,,0.0,0,0,0,0,0,
12.996488609999687,12360000000,False,False,0,,,,0.0,0,0,0,0,0,
13.033070630999646,12360000000,False,False,0,,,,0.0,0,0,0,0,0,
13.047158854999907,12360000000,False,False,0,,,,0.0,0,0,0,0,0,
13.07788292799978,12458000000,False,False,0,,,,0.0,0,0,0,0,0,
13.114295840999148,12458000000,False,False,0,,,,0.0,0,0,0,0,0,
13.18249158099934,12559000000,False,False,0,,,,0.0,0,0,0,0,0,
13.189444720999745,12559000000,False,False,0,,,,0.0,0,0,0,0,0,
13.263795788999232,12661000000,False,False,0,,,,0.0,0,0,0,0,0,
13.267733301999215,12661000000,False,False,0,,,,0.0,0,0,0,0,0,
13.288514765999935,12661000000,False,False,0,,,,0.0,0,0,0,0,0,
13.330259476999345,12661000000,False,False,0,,,,0.0,0,0,0,0,0,
13.373693017999358,12764000000,False,False,0,,,,0.0,0,0,0,0,0,
13.406392610999319,12764000000,False,False,0,,,,0.0,0,0,0,0,0,
13.411333101999844,12764000000,False,False,0,,,,0.0,0,0,0,0,0,
13.457348072999594,12764000000,False,False,0,,,,0.0,0,0,0,0,0,
13.479171728999972,12862000000,False,False,0,,,,0.0,0,0,0,0,0,
13.518916729999546,12862000000,False,False,0,,,,0.0,0,0,0,0,0,
13.560931765999158,12964000000,False,False,0,,,,0.0,0,0,0,0,0,
13.584230057999775,12964000000,False,False,0,,,,0.0,0,0,0,0,0,
13.607033238999975,12964000000,False,False,0,,,,0.0,0,0,0,0,0,
13.647443487999226,12964000000,False,False,0,,,,0.0,0,0,0,0,0,
13.681544427999142,13067000000,False,False,0,,,,0.0,0,0,0,0,0,
13.715489163999337,13067000000,False,False,0,,,,0.0,0,0,0,0,0,
13.75089648499943,13067000000,False,False,0,,,,0.0,0,0,0,0,0,
13.805177521999212,13168000000,False,False,0,,,,0.0,0,0,0,0,0,
13.810456254999735,13168000000,False,False,0,,,,0.0,0,0,0,0,0,
13.864145774999997,13267000000,False,False,0,,,,0.0,0,0,0,0,0,
13.893227535999358,13267000000,False,False,0,,,,0.0,0,0,0,0,0,
13.916004577999956,13267000000,False,False,0,,,,0.0,0,0,0,0,0,
13.936260221999873,13267000000,False,False,0,,,,0.0,0,0,0,0,0,
14.00556570199933,13367000000,False,False,0,,,,0.0,0,0,0,0,0,
14.016297956999551,13367000000,False,False,0,,,,0.0,0,0,0,0,0,
14.05303436899976,13367000000,False,False,0,,,,0.0,0,0,0,0,0,
14.086297432999345,13464000000,False,False,0,,,,0.0,0,0,0,0,0,
14.1192584169994,13464000000,False,False,0,,,,0.0,0,0,0,0,0,
14.153838940999776,13464000000,False,False,0,,,,0.0,0,0,0,0,0,
14.186671724999542,13565000000,False,False,0,,,,0.0,0,0,0,0,0,
14.216525097999693,13565000000,False,False,0,,,,0.0,0,0,0,0,0,
14.248947538999346,13565000000,False,False,0,,,,0.0,0,0,0,0,0,
14.270271588999094,13670000000,False,False,0,,,,0.0,0,0,0,0,0,
14.30258140299975,13670000000,False,False,0,,,,0.0,0,0,0,0,0,
14.349801893999938,13670000000,False,False,0,,,,0.0,0,0,0,0,0,
14.394322461999764,13770000000,False,False,0,,,,0.0,0,0,0,0,0,
14.416174030999173,13770000000,False,False,0,,,,0.0,0,0,0,0,0,
14.448421973999757,13770000000,False,False,0,,,,0.0,0,0,0,0,0,
14.493165029999545,13870000000,False,False,0,,,,0.0,0,0,0,0,0,
14.51608388799923,13870000000,False,False,0,,,,0.0,0,0,0,0,0,
14.560959809999986,13870000000,False,False,0,,,,0.0,0,0,0,0,0,
14.584613350999462,13970000000,False,False,0,,,,0.0,0,0,0,0,0,
14.61860099399928,13970000000,False,False,0,,,,0.0,0,0,0,0,0,
14.64646038399951,13970000000,False,False,0,,,,0.0,0,0,0,0,0,
14.686987463999685,14066000000,False,False,0,,,,0.0,0,0,0,0,0,
14.743315694999183,14066000000,False,False,0,,,,0.0,0,0,0,0,0,
14.752643010999236,14066000000,False,False,0,,,,0.0,0,0,0,0,0,
14.796281136999824,14170000000,False,False,0,,,,0.0,0,0,0,0,0,
14.819769477999216,14170000000,False,False,0,,,,0.0,0,0,0,0,0,
14.869621391999317,14268000000,False,False,0,,,,0.0,0,0,0,0,0,
14.880979355999443,14268000000,False,False,0,,,,0.0,0,0,0,0,0,
14.928114324999115,14268000000,False,False,0,,,,0.0,0,0,0,0,0,
14.961901745999967,14268000000,False,False,0,,,,0.0,0,0,0,0,0,
14.997154911999132,14369000000,False,False,0,,,,0.0,0,0,0,0,0,
15.015353087999756,14369000000,False,False,0,,,,0.0,0,0,0,0,0,
15.049837545999253,14369000000,False,False,0,,,,0.0,0,0,0,0,0,
15.122414138999375,14468000000,False,False,0,,,,0.0,0,0,0,0,0,
15.132705053999416,14468000000,False,False,0,,,,0.0,0,0,0,0,0,
15.157222766999439,14468000000,False,False,0,,,,0.0,0,0,0,0,0,
15.189729671999885,14568000000,False,False,0,,,,0.0,0,0,0,0,0,
15.233622227999149,14568000000,False,False,0,,,,0.0,0,0,0,0,0,
15.25976001699928,14568000000,False,False,0,,,,0.0,0,0,0,0,0,
15.285412831999565,14668000000,False,False,0,,,,0.0,0,0,0,0,0,
15.319703514999674,14668000000,False,False,0,,,,0.0,0,0,0,0,0,
15.346141955999883,14668000000,False,False,0,,,,0.0,0,0,0,0,0,
15.37517687899981,14769000000,False,False,0,,,,0.0,0,0,0,0,0,
15.420329165999647,14769000000,False,False,0,,,,0.0,0,0,0,0,0,
15.45230032299969,14769000000,False,False,0,,,,0.0,0,0,0,0,0,
15.4982781839999,14869000000,False,False,0,,,,0.0,0,0,0,0,0,
15.510915525999735,14869000000,False,False,0,,,,0.0,0,0,0,0,0,
15.552465831999143,14869000000,False,False,0,,,,0.0,0,0,0,0,0,
15.587480457999845,14970000000,False,False,0,,,,0.0,0,0,0,0,0,
15.642063880999558,14970000000,False,False,0,,,,0.0,0,0,0,0,0,
15.663564218999454,14970000000,False,False,0,,,,0.0,0,0,0,0,0,
15.702842747999966,15070000000,False,False,0,,,,0.0,0,0,0,0,0,
15.733409111999208,15070000000,False,False,0,,,,0.0,0,0,0,0,0,
15.758343327999683,15070000000,False,False,0,,,,0.0,0,0,0,0,0,
15.808642373999646,15173000000,False,False,0,,,,0.0,0,0,0,0,0,
15.818676825999319,15173000000,False,False,0,,,,0.0,0,0,0,0,0,
15.859919068999261,15173000000,False,False,0,,,,0.0,0,0,0,0,0,
15.87960825799928,15271000000,False,False,0,,,,0.0,0,0,0,0,0,
15.952042305999385,15271000000,False,False,0,,,,0.0,0,0,0,0,0,
15.956372472999647,15271000000,False,False,0,,,,0.0,0,0,0,0,0,
15.997454614999697,15363000000,False,False,0,,,,0.0,0,0,0,0,0,
16.053087196999513,15363000000,False,False,0,,,,0.0,0,0,0,0,0,
16.0567921869997,15363000000,False,False,0,,,,0.0,0,0,0,0,0,
16.100712288999603,15462000000,False,False,0,,,,0.0,0,0,0,0,0,
16.133013882999876,15462000000,False,False,0,,,,0.0,0,0,0,0,0,
16.175187146999633,15561000000,False,False,0,,,,0.0,0,0,0,0,0,
16.210620356999243,15561000000,False,False,0,,,,0.0,0,0,0,0,0,
16.220313180999256,15561000000,False,False,0,,,,0.0,0,0,0,0,0,
16.255725805999646,15561000000,False,False,0,,,,0.0,0,0,0,0,0,
16.290022515999226,15662000000,False,False,0,,,,0.0,0,0,0,0,0,
16.333865071999753,15662000000,False,False,0,,,,0.0,0,0,0,0,0,
16.366809350999574,15662000000,False,False,0,,,,0.0,0,0,0,0,0,
16.412631593999322,15763000000,False,False,0,,,,0.0,0,0,0,0,0,
16.42128276299991,15763000000,False,False,0,,,,0.0,0,0,0,0,0,
16.47648165499959,15865000000,False,False,0,,,,0.0,0,0,0,0,0,
16.51369921099922,15865000000,False,False,0,,,,0.0,0,0,0,0,0,
16.531879039999694,15865000000,False,False,0,,,,0.0,0,0,0,0,0,
16.565569608999795,15865000000,False,False,0,,,,0.0,0,0,0,0,0,
16.58889296899997,15964000000,False,False,0,,,,0.0,0,0,0,0,0,
16.61989663999975,15964000000,False,False,0,,,,0.0,0,0,0,0,0,
16.688132004999716,16069000000,False,False,0,,,,0.0,0,0,0,0,0,
16.720684600999448,16069000000,False,False,0,,,,0.0,0,0,0,0,0,
16.733509375999347,16069000000,True,False,1,camera_sign_turn_right,turn_right_sign,right,0.5194273230488571,690,23,30,7,231,
16.778194012999847,16168000000,True,True,2,camera_sign_turn_right,turn_right_sign,right,0.5293630625694571,780,30,26,52,231,
16.810785942999246,16168000000,True,True,2,camera_sign_turn_right,turn_right_sign,right,0.5293630625694571,780,30,26,52,231,
16.84198392899998,16168000000,True,True,2,camera_sign_turn_right,turn_right_sign,right,0.5293630625694571,780,30,26,52,231,
16.85328902299989,16168000000,True,True,2,camera_sign_turn_right,turn_right_sign,right,0.5293630625694571,780,30,26,52,231,
16.88819720399988,16267000000,True,True,2,camera_sign_turn_right,turn_right_sign,right,0.5293630625694571,780,30,26,52,231,
16.95538837499953,16267000000,True,True,2,camera_sign_turn_right,turn_right_sign,right,0.5293630625694571,780,30,26,52,231,
16.96641739399911,16267000000,True,True,2,camera_sign_turn_right,turn_right_sign,right,0.5293630625694571,780,30,26,52,231,
17.00985938699978,16369000000,True,True,2,camera_sign_turn_right,turn_right_sign,right,0.5293630625694571,780,30,26,52,231,
17.04230129499956,16369000000,True,True,2,camera_sign_turn_right,turn_right_sign,right,0.5293630625694571,780,30,26,52,231,
17.06280341799993,16369000000,True,True,2,camera_sign_turn_right,turn_right_sign,right,0.5293630625694571,780,30,26,52,231,
17.09774705199925,16469000000,True,True,2,camera_sign_turn_right,turn_right_sign,right,0.5293630625694571,780,30,26,52,231,
17.122048222999183,16469000000,True,True,2,camera_sign_turn_right,turn_right_sign,right,0.5293630625694571,780,30,26,52,231,
17.154075938999995,16469000000,True,True,2,camera_sign_turn_right,turn_right_sign,right,0.5293630625694571,780,30,26,52,231,
17.186177268999927,16569000000,True,True,2,camera_sign_turn_right,turn_right_sign,right,0.5293630625694571,780,30,26,52,231,
17.231151751999278,16569000000,True,True,2,camera_sign_turn_right,turn_right_sign,right,0.5293630625694571,780,30,26,52,231,
17.26349201799985,16569000000,True,True,2,camera_sign_turn_right,turn_right_sign,right,0.5293630625694571,780,30,26,52,231,
17.32123401899935,16669000000,False,False,0,,,,0.0,0,0,0,0,0,
17.34305180499996,16669000000,False,False,0,,,,0.0,0,0,0,0,0,
17.355877699999837,16669000000,False,False,0,,,,0.0,0,0,0,0,0,
17.399410399999397,16769000000,False,False,0,,,,0.0,0,0,0,0,0,
17.432752061999963,16769000000,False,False,0,,,,0.0,0,0,0,0,0,
17.45487255899934,16769000000,False,False,0,,,,0.0,0,0,0,0,0,
17.508950906999416,16870000000,False,False,0,,,,0.0,0,0,0,0,0,
17.530702292999194,16870000000,False,False,0,,,,0.0,0,0,0,0,0,
17.565434311999525,16870000000,False,False,0,,,,0.0,0,0,0,0,0,
17.62090230099966,16971000000,False,False,0,,,,0.0,0,0,0,0,0,
17.631229323999833,16971000000,False,False,0,,,,0.0,0,0,0,0,0,
17.653443525999137,16971000000,False,False,0,,,,0.0,0,0,0,0,0,
17.691241859,17069000000,False,False,0,,,,0.0,0,0,0,0,0,
17.724926125999446,17069000000,False,False,0,,,,0.0,0,0,0,0,0,
17.76858208699923,17069000000,False,False,0,,,,0.0,0,0,0,0,0,
17.803467935999834,17166000000,False,False,0,,,,0.0,0,0,0,0,0,
17.83790384799977,17166000000,False,False,0,,,,0.0,0,0,0,0,0,
17.862382654999237,17166000000,False,False,0,,,,0.0,0,0,0,0,0,
17.903865293999843,17268000000,False,False,0,,,,0.0,0,0,0,0,0,
17.95731068999976,17268000000,False,False,0,,,,0.0,0,0,0,0,0,
17.968043636999937,17268000000,False,False,0,,,,0.0,0,0,0,0,0,
18.00301778299945,17369000000,False,False,0,,,,0.0,0,0,0,0,0,
18.045614143999956,17369000000,False,False,0,,,,0.0,0,0,0,0,0,
18.05704477999916,17369000000,False,False,0,,,,0.0,0,0,0,0,0,
18.110740397999507,17470000000,False,False,0,,,,0.0,0,0,0,0,0,
18.137036353999974,17470000000,False,False,0,,,,0.0,0,0,0,0,0,
18.156740080999953,17470000000,False,False,0,,,,0.0,0,0,0,0,0,
18.202077016999283,17570000000,False,False,0,,,,0.0,0,0,0,0,0,
18.23378162699919,17570000000,False,False,0,,,,0.0,0,0,0,0,0,
18.255427097999927,17570000000,False,False,0,,,,0.0,0,0,0,0,0,
18.302083457999288,17672000000,False,False,0,,,,0.0,0,0,0,0,0,
18.3479878979997,17672000000,False,False,0,,,,0.0,0,0,0,0,0,
18.37154459299927,17672000000,False,False,0,,,,0.0,0,0,0,0,0,
18.418589974999122,17769000000,False,False,0,,,,0.0,0,0,0,0,0,
18.442893080999966,17769000000,False,False,0,,,,0.0,0,0,0,0,0,
18.474155538999185,17769000000,False,False,0,,,,0.0,0,0,0,0,0,
18.530367718999514,17867000000,False,False,0,,,,0.0,0,0,0,0,0,
18.541995068999313,17867000000,False,False,0,,,,0.0,0,0,0,0,0,
18.58552658699955,17968000000,False,False,0,,,,0.0,0,0,0,0,0,
18.618855034999797,17968000000,False,False,0,,,,0.0,0,0,0,0,0,
18.63163030099986,17968000000,False,False,0,,,,0.0,0,0,0,0,0,
18.662570787999357,17968000000,False,False,0,,,,0.0,0,0,0,0,0,
18.704674515999614,18069000000,False,False,0,,,,0.0,0,0,0,0,0,
18.738987596999323,18069000000,False,False,0,,,,0.0,0,0,0,0,0,
18.759491326999523,18069000000,False,False,0,,,,0.0,0,0,0,0,0,
18.796312211999975,18169000000,False,False,0,,,,0.0,0,0,0,0,0,
18.82741086199985,18169000000,False,False,0,,,,0.0,0,0,0,0,0,
18.86648058799983,18169000000,False,False,0,,,,0.0,0,0,0,0,0,
18.913424760999987,18273000000,False,False,0,,,,0.0,0,0,0,0,0,
18.93915399099933,18273000000,False,False,0,,,,0.0,0,0,0,0,0,
18.969749297999442,18273000000,False,False,0,,,,0.0,0,0,0,0,0,
18.985963669999364,18377000000,False,False,0,,,,0.0,0,0,0,0,0,
19.033383446999323,18377000000,False,False,0,,,,0.0,0,0,0,0,0,
19.055550020999362,18377000000,False,False,0,,,,0.0,0,0,0,0,0,
19.08858018599949,18477000000,False,False,0,,,,0.0,0,0,0,0,0,
19.13516636499935,18477000000,False,False,0,,,,0.0,0,0,0,0,0,
19.178030309999485,18477000000,False,False,0,,,,0.0,0,0,0,0,0,
19.20061742999951,18576000000,False,False,0,,,,0.0,0,0,0,0,0,
19.241569176999292,18576000000,False,False,0,,,,0.0,0,0,0,0,0,
19.271036341999206,18576000000,False,False,0,,,,0.0,0,0,0,0,0,
19.314924532999612,18675000000,False,False,0,,,,0.0,0,0,0,0,0,
19.34067337399938,18675000000,False,False,0,,,,0.0,0,0,0,0,0,
19.382741229999738,18675000000,False,False,0,,,,0.0,0,0,0,0,0,
19.416169434999574,18774000000,False,False,0,,,,0.0,0,0,0,0,0,
19.448299922999468,18774000000,False,False,0,,,,0.0,0,0,0,0,0,
19.471364836999783,18774000000,False,False,0,,,,0.0,0,0,0,0,0,
19.49331316899952,18875000000,False,False,0,,,,0.0,0,0,0,0,0,
19.537801407999723,18875000000,False,False,0,,,,0.0,0,0,0,0,0,
19.58442872699925,18875000000,False,False,0,,,,0.0,0,0,0,0,0,
19.619412466999165,18976000000,False,False,0,,,,0.0,0,0,0,0,0,
19.625139017999572,18976000000,False,False,0,,,,0.0,0,0,0,0,0,
19.664007134999338,18976000000,False,False,0,,,,0.0,0,0,0,0,0,
19.688627978999648,18976000000,False,False,0,,,,0.0,0,0,0,0,0,
19.745116855999186,19081000000,False,False,0,,,,0.0,0,0,0,0,0,
19.765721893999398,19081000000,False,False,0,,,,0.0,0,0,0,0,0,
19.814470753999558,19180000000,False,False,0,,,,0.0,0,0,0,0,0,
19.83761492799931,19180000000,False,False,0,,,,0.0,0,0,0,0,0,
19.8592199729992,19180000000,False,False,0,,,,0.0,0,0,0,0,0,
19.90309143599916,19278000000,False,False,0,,,,0.0,0,0,0,0,0,
19.9466042439999,19278000000,False,False,0,,,,0.0,0,0,0,0,0,
19.959074129999863,19278000000,False,False,0,,,,0.0,0,0,0,0,0,
20.002865696999834,19379000000,False,False,0,,,,0.0,0,0,0,0,0,
20.03583251499913,19379000000,False,False,0,,,,0.0,0,0,0,0,0,
20.058316655999988,19379000000,False,False,0,,,,0.0,0,0,0,0,0,
20.10729311399973,19477000000,False,False,0,,,,0.0,0,0,0,0,0,
20.148489424999752,19477000000,False,False,0,,,,0.0,0,0,0,0,0,
20.171091117999822,19477000000,False,False,0,,,,0.0,0,0,0,0,0,
20.206161574999896,19577000000,False,False,0,,,,0.0,0,0,0,0,0,
20.22745383199981,19577000000,False,False,0,,,,0.0,0,0,0,0,0,
20.274196274999667,19577000000,False,False,0,,,,0.0,0,0,0,0,0,
20.330957981999745,19676000000,False,False,0,,,,0.0,0,0,0,0,0,
20.33791628199924,19676000000,False,False,0,,,,0.0,0,0,0,0,0,
20.372267053999167,19676000000,False,False,0,,,,0.0,0,0,0,0,0,
20.393959755999276,19676000000,False,False,0,,,,0.0,0,0,0,0,0,
20.438665773999674,19779000000,False,False,0,,,,0.0,0,0,0,0,0,
20.47797069399985,19779000000,False,False,0,,,,0.0,0,0,0,0,0,
20.504856957999436,19880000000,False,False,0,,,,0.0,0,0,0,0,0,
20.558185585999126,19880000000,False,False,0,,,,0.0,0,0,0,0,0,
20.563863685999422,19880000000,False,False,0,,,,0.0,0,0,0,0,0,
20.59545346499999,19979000000,False,False,0,,,,0.0,0,0,0,0,0,
20.645807963999687,19979000000,False,False,0,,,,0.0,0,0,0,0,0,
20.669068475999666,19979000000,False,False,0,,,,0.0,0,0,0,0,0,
20.70185911199951,20083000000,False,False,0,,,,0.0,0,0,0,0,0,
20.749260373999277,20083000000,True,False,1,camera_sign_speed_limit,speed_limit_sign,,0.42600555713434085,3127,59,53,342,182,
20.791969944999437,20083000000,True,True,2,camera_sign_speed_limit,speed_limit_sign,,0.4242746066698466,3186,59,54,341,182,camera_sign_speed_limit
20.813451908999923,20183000000,True,True,3,camera_sign_speed_limit,speed_limit_sign,,0.42410764697214043,3240,60,54,340,182,camera_sign_speed_limit
20.824895303999256,20183000000,True,True,4,camera_sign_speed_limit,speed_limit_sign,,0.434262571771154,3465,63,55,339,181,camera_sign_speed_limit
20.85792356699949,20183000000,True,True,5,camera_sign_speed_limit,speed_limit_sign,,0.4251224059728544,3339,63,53,338,181,camera_sign_speed_limit
20.90598075499929,20282000000,True,True,6,camera_sign_speed_limit,speed_limit_sign,,0.4337674007904101,3465,63,55,337,181,camera_sign_speed_limit
20.94780375999926,20282000000,True,True,7,camera_sign_speed_limit,speed_limit_sign,,0.4223525592502563,3402,63,54,336,180,camera_sign_speed_limit
20.95876164099991,20282000000,True,True,8,camera_sign_speed_limit,speed_limit_sign,,0.424307525040278,3520,64,55,336,180,camera_sign_speed_limit
21.01800950299912,20381000000,True,True,9,camera_sign_speed_limit,speed_limit_sign,,0.41901847235682943,3520,64,55,335,180,camera_sign_speed_limit
21.063459071999205,20381000000,True,True,10,camera_sign_speed_limit,speed_limit_sign,,0.42333657000771974,3520,64,55,334,179,camera_sign_speed_limit
21.108726498999204,20476000000,True,True,11,camera_sign_speed_limit,speed_limit_sign,,0.41689053770214457,3520,64,55,333,179,camera_sign_speed_limit
21.131183638999573,20476000000,True,True,12,camera_sign_speed_limit,speed_limit_sign,,0.42351954971620354,3712,64,58,332,178,camera_sign_speed_limit
21.142782465999517,20476000000,True,True,13,camera_sign_speed_limit,speed_limit_sign,,0.4177294318387784,3575,65,55,331,178,camera_sign_speed_limit
21.174705378,20476000000,True,True,14,camera_sign_speed_limit,speed_limit_sign,,0.4251513415535676,3770,65,58,330,178,camera_sign_speed_limit
21.222536269999182,20580000000,True,True,15,camera_sign_speed_limit,speed_limit_sign,,0.42495434529573417,3944,68,58,329,177,camera_sign_speed_limit
21.26332603099945,20580000000,True,True,16,camera_sign_speed_limit,speed_limit_sign,,0.4280758803127259,4012,68,59,328,177,camera_sign_speed_limit
21.284787220999533,20580000000,True,True,17,camera_sign_speed_limit,speed_limit_sign,,0.42324853733479695,3944,68,58,327,176,camera_sign_speed_limit
21.30603003499982,20683000000,True,True,18,camera_sign_speed_limit,speed_limit_sign,,0.424780056427603,4012,68,59,326,176,camera_sign_speed_limit
21.338853311999628,20683000000,True,True,19,camera_sign_speed_limit,speed_limit_sign,,0.421171217936093,4071,69,59,325,176,camera_sign_speed_limit
21.362481376999312,20683000000,True,True,20,camera_sign_speed_limit,speed_limit_sign,,0.43229122784039464,4140,69,60,324,175,camera_sign_speed_limit
21.39528353499918,20683000000,True,True,21,camera_sign_speed_limit,speed_limit_sign,,0.42567165841327237,4200,70,60,323,175,camera_sign_speed_limit
21.43012099399948,20783000000,True,True,22,camera_sign_speed_limit,speed_limit_sign,,0.4292029663923342,4410,70,63,322,174,camera_sign_speed_limit
21.473748792999686,20783000000,True,True,23,camera_sign_speed_limit,speed_limit_sign,,0.4256472638033749,4410,70,63,321,174,camera_sign_speed_limit
21.49448074599968,20783000000,True,True,24,camera_sign_speed_limit,speed_limit_sign,,0.42539894177221027,4410,70,63,320,173,camera_sign_speed_limit
21.54974416099958,20884000000,True,True,25,camera_sign_speed_limit,speed_limit_sign,,0.4315064339326189,4599,73,63,318,173,camera_sign_speed_limit
21.574276538999584,20884000000,True,True,26,camera_sign_speed_limit,speed_limit_sign,,0.428354788817379,4672,73,64,317,173,camera_sign_speed_limit
21.628886934999173,20983000000,True,True,27,camera_sign_speed_limit,speed_limit_sign,,0.4325814725868735,4672,73,64,316,172,camera_sign_speed_limit
21.63954236599966,20983000000,True,True,28,camera_sign_speed_limit,speed_limit_sign,,0.42743001694072824,4736,74,64,315,172,camera_sign_speed_limit
21.671203915999286,20983000000,True,True,29,camera_sign_speed_limit,speed_limit_sign,,0.4262666325514858,4810,74,65,314,171,camera_sign_speed_limit
21.69634115199915,20983000000,True,True,30,camera_sign_speed_limit,speed_limit_sign,,0.4245361986356535,4800,75,64,313,171,camera_sign_speed_limit
21.743446587999642,21083000000,True,True,31,camera_sign_speed_limit,speed_limit_sign,,0.43361363100973077,5070,78,65,311,170,camera_sign_speed_limit
21.784593615999256,21083000000,True,True,32,camera_sign_speed_limit,speed_limit_sign,,0.4366607842482909,5304,78,68,310,170,camera_sign_speed_limit
21.806159147999097,21185000000,True,True,33,camera_sign_speed_limit,speed_limit_sign,,0.4314437866817638,5135,79,65,309,169,camera_sign_speed_limit
21.840106661999926,21185000000,True,True,34,camera_sign_speed_limit,speed_limit_sign,,0.43150269699856547,5304,78,68,308,169,camera_sign_speed_limit
21.87147116199958,21185000000,True,True,35,camera_sign_speed_limit,speed_limit_sign,,0.43437783535549307,5451,79,69,306,168,camera_sign_speed_limit
21.9077637219998,21285000000,True,True,36,camera_sign_speed_limit,speed_limit_sign,,0.4323228434983284,5440,80,68,305,168,camera_sign_speed_limit
21.94337843499943,21285000000,True,True,37,camera_sign_speed_limit,speed_limit_sign,,0.43051826901049184,5520,80,69,304,167,camera_sign_speed_limit
21.974198329999126,21285000000,True,True,38,camera_sign_speed_limit,speed_limit_sign,,0.43584513382719625,5810,83,70,302,166,camera_sign_speed_limit
22.029046439999547,21386000000,True,True,39,camera_sign_speed_limit,speed_limit_sign,,0.431098259872692,5727,83,69,301,166,camera_sign_speed_limit
22.03889654899922,21386000000,True,True,40,camera_sign_speed_limit,speed_limit_sign,,0.43203314793040715,5880,84,70,300,165,camera_sign_speed_limit
22.059925150999334,21386000000,True,True,41,camera_sign_speed_limit,speed_limit_sign,,0.4377649788812841,6205,85,73,298,165,camera_sign_speed_limit
22.10427169799914,21487000000,True,True,42,camera_sign_speed_limit,speed_limit_sign,,0.4264381450997887,5950,85,70,297,164,camera_sign_speed_limit
22.150058095999157,21487000000,True,True,43,camera_sign_speed_limit,speed_limit_sign,,0.4320225991910843,6205,85,73,296,164,camera_sign_speed_limit
22.19473005099917,21487000000,True,True,44,camera_sign_speed_limit,speed_limit_sign,,0.4370493538345497,6512,88,74,294,163,camera_sign_speed_limit
22.203354147999562,21588000000,True,True,45,camera_sign_speed_limit,speed_limit_sign,,0.4375705527124364,6512,88,74,293,162,camera_sign_speed_limit
22.240901799999847,21588000000,True,True,46,camera_sign_speed_limit,speed_limit_sign,,0.43561453732297883,6675,89,75,291,162,camera_sign_speed_limit
22.269361050999578,21588000000,True,True,47,camera_sign_speed_limit,speed_limit_sign,,0.4327975201617799,6660,90,74,290,161,camera_sign_speed_limit
22.304308517999743,21588000000,True,True,48,camera_sign_speed_limit,speed_limit_sign,,0.42992512422662205,6750,90,75,288,161,camera_sign_speed_limit
22.339414112999293,21688000000,True,True,49,camera_sign_speed_limit,speed_limit_sign,,0.43708062292623473,6975,93,75,286,160,camera_sign_speed_limit
22.360236574999362,21688000000,True,True,50,camera_sign_speed_limit,speed_limit_sign,,0.44297429842477365,7332,94,78,285,159,camera_sign_speed_limit
22.42943995599944,21788000000,True,True,51,camera_sign_speed_limit,speed_limit_sign,,0.4416870338273914,7332,94,78,283,158,camera_sign_speed_limit
22.462393418999454,21788000000,True,True,52,camera_sign_speed_limit,speed_limit_sign,,0.4401996801731802,7505,95,79,281,158,camera_sign_speed_limit
22.46849788899999,21788000000,True,True,53,camera_sign_speed_limit,speed_limit_sign,,0.4420250617657743,7840,98,80,280,157,camera_sign_speed_limit
22.520566151999446,21888000000,True,True,54,camera_sign_speed_limit,speed_limit_sign,,0.44143876893732575,7840,98,80,278,156,camera_sign_speed_limit
22.55131273399911,21888000000,True,True,55,camera_sign_speed_limit,speed_limit_sign,,0.4440928280446518,8217,99,83,276,156,camera_sign_speed_limit
22.574080334999962,21888000000,True,True,56,camera_sign_speed_limit,speed_limit_sign,,0.44327230734712403,8217,99,83,275,155,camera_sign_speed_limit
22.608333012999537,21989000000,True,True,57,camera_sign_speed_limit,speed_limit_sign,,0.4480500613816354,8652,103,84,273,154,camera_sign_speed_limit
22.674587691999477,21989000000,True,True,58,camera_sign_speed_limit,speed_limit_sign,,0.4487666866475125,8736,104,84,271,153,camera_sign_speed_limit
22.68562963199929,21989000000,True,True,59,camera_sign_speed_limit,speed_limit_sign,,0.44464475458930036,8840,104,85,269,153,camera_sign_speed_limit
22.719959635999658,22089000000,True,True,60,camera_sign_speed_limit,speed_limit_sign,,0.4452623762194792,8925,105,85,267,152,camera_sign_speed_limit
22.754157440999734,22089000000,True,True,61,camera_sign_speed_limit,speed_limit_sign,,0.4494973305520641,9504,108,88,265,151,camera_sign_speed_limit
22.77729734699915,22089000000,True,True,62,camera_sign_speed_limit,speed_limit_sign,,0.4476710239322078,9504,108,88,263,150,camera_sign_speed_limit
22.820332540999516,22190000000,True,True,63,camera_sign_speed_limit,speed_limit_sign,,0.4470408424217627,9790,110,89,261,149,camera_sign_speed_limit
22.843047745999684,22190000000,True,True,64,camera_sign_speed_limit,speed_limit_sign,,0.449600975913082,10057,113,89,259,148,camera_sign_speed_limit
22.87328476499988,22190000000,True,True,65,camera_sign_speed_limit,speed_limit_sign,,0.44788020395408074,10057,113,89,257,148,camera_sign_speed_limit
22.930710311999974,22292000000,True,True,66,camera_sign_speed_limit,speed_limit_sign,,0.4437683712288674,10260,114,90,254,147,camera_sign_speed_limit
22.95376317499995,22292000000,True,True,67,camera_sign_speed_limit,speed_limit_sign,,0.4556000471301216,10974,118,93,252,146,camera_sign_speed_limit
22.984837529999822,22292000000,True,True,68,camera_sign_speed_limit,speed_limit_sign,,0.44972253008579544,11092,118,94,250,145,camera_sign_speed_limit
23.0311311079995,22391000000,True,True,69,camera_sign_speed_limit,speed_limit_sign,,0.4484096439124033,11186,119,94,248,144,camera_sign_speed_limit
23.042892090999885,22391000000,True,True,70,camera_sign_speed_limit,speed_limit_sign,,0.45331056016685456,11760,120,98,245,143,camera_sign_speed_limit
23.098459889999504,22391000000,True,True,71,camera_sign_speed_limit,speed_limit_sign,,0.45368585187266836,12054,123,98,243,142,camera_sign_speed_limit
23.108771253999294,22391000000,True,True,72,camera_sign_speed_limit,speed_limit_sign,,0.45306013515883925,12152,124,98,240,141,camera_sign_speed_limit
23.140619485999196,22493000000,True,True,73,camera_sign_speed_limit,speed_limit_sign,,0.45718411141005305,12800,128,100,238,140,camera_sign_speed_limit
23.184762113999568,22493000000,True,True,74,camera_sign_speed_limit,speed_limit_sign,,0.4542434287369893,12900,129,100,235,139,camera_sign_speed_limit
23.218493811999906,22594000000,True,True,75,camera_sign_speed_limit,speed_limit_sign,,0.4540180986914192,13200,132,100,232,138,camera_sign_speed_limit
23.2513679449994,22594000000,True,True,76,camera_sign_speed_limit,speed_limit_sign,,0.4576348448296145,13699,133,103,230,137,camera_sign_speed_limit
23.27482555899951,22594000000,True,True,77,camera_sign_speed_limit,speed_limit_sign,,0.45630554079165575,14248,137,104,227,135,camera_sign_speed_limit
23.32032690699998,22693000000,True,True,78,camera_sign_speed_limit,speed_limit_sign,,0.4571265002938225,14490,138,105,224,134,camera_sign_speed_limit
23.331853207999302,22693000000,True,True,79,camera_sign_speed_limit,speed_limit_sign,,0.46421328121951033,15336,142,108,221,133,camera_sign_speed_limit
23.379021422999358,22693000000,True,True,80,camera_sign_speed_limit,speed_limit_sign,,0.4588997930250309,15587,143,109,218,132,camera_sign_speed_limit
23.400841914999546,22693000000,True,True,81,camera_sign_speed_limit,speed_limit_sign,,0.4613292387669573,16170,147,110,215,130,camera_sign_speed_limit
23.453706985999816,22794000000,True,True,82,camera_sign_speed_limit,speed_limit_sign,,0.4650245600316158,16837,149,113,212,129,camera_sign_speed_limit
23.475266907999867,22794000000,True,True,83,camera_sign_speed_limit,speed_limit_sign,,0.46373569981428453,17176,152,113,209,128,camera_sign_speed_limit
23.52278315899912,22893000000,True,True,84,camera_sign_speed_limit,speed_limit_sign,,0.4618568741754519,17710,154,115,205,127,camera_sign_speed_limit
23.54215505999946,22893000000,True,True,85,camera_sign_speed_limit,speed_limit_sign,,0.4663164226653884,18526,157,118,202,125,camera_sign_speed_limit
23.586868192999646,22893000000,True,True,86,camera_sign_speed_limit,speed_limit_sign,,0.464648125162212,18802,158,119,199,124,camera_sign_speed_limit
23.610806832999515,22893000000,True,True,87,camera_sign_speed_limit,speed_limit_sign,,0.4667412783114128,19560,163,120,195,122,camera_sign_speed_limit
23.645623032999538,22994000000,True,True,88,camera_sign_speed_limit,speed_limit_sign,,0.4699112267463176,20541,167,123,191,121,camera_sign_speed_limit
23.69858628899965,22994000000,True,True,89,camera_sign_speed_limit,speed_limit_sign,,0.46828647536326984,20832,168,124,188,119,camera_sign_speed_limit
23.705741539999508,22994000000,True,True,90,camera_sign_speed_limit,speed_limit_sign,,0.47087785269241733,21844,172,127,184,118,camera_sign_speed_limit
23.770149567999397,23094000000,True,True,91,camera_sign_speed_limit,speed_limit_sign,,0.4706346942696178,22656,177,128,180,116,camera_sign_speed_limit
23.77664221699979,23094000000,True,True,92,camera_sign_speed_limit,speed_limit_sign,,0.47354701729708454,23496,178,132,176,114,camera_sign_speed_limit
23.821749533000002,23197000000,True,True,93,camera_sign_speed_limit,speed_limit_sign,,0.47447158843910286,24339,183,133,172,113,camera_sign_speed_limit
23.847882363999815,23197000000,True,True,94,camera_sign_speed_limit,speed_limit_sign,,0.4726125623754883,25058,187,134,167,111,camera_sign_speed_limit
23.872507375999703,23197000000,True,True,95,camera_sign_speed_limit,speed_limit_sign,,0.47481107516694643,26304,192,137,163,109,camera_sign_speed_limit
23.91820093499973,23298000000,True,True,96,camera_sign_speed_limit,speed_limit_sign,,0.46720121226821,26792,197,136,158,107,camera_sign_speed_limit
23.94236093299969,23298000000,True,True,97,camera_sign_speed_limit,speed_limit_sign,,0.4570680669774262,27064,199,136,154,105,camera_sign_speed_limit
23.986689080999895,23298000000,True,True,98,camera_sign_speed_limit,speed_limit_sign,,0.4528353863731327,27405,203,135,150,104,camera_sign_speed_limit
24.01043479799955,23298000000,True,True,99,camera_sign_speed_limit,speed_limit_sign,,0.4527683260708887,27405,203,135,150,104,camera_sign_speed_limit
24.053472291999242,23399000000,True,True,100,camera_sign_speed_limit,speed_limit_sign,,0.4527683260708887,27405,203,135,150,104,camera_sign_speed_limit
24.088037643999996,23399000000,True,True,101,camera_sign_speed_limit,speed_limit_sign,,0.4527683260708887,27405,203,135,150,104,camera_sign_speed_limit
24.110005533999356,23399000000,True,True,102,camera_sign_speed_limit,speed_limit_sign,,0.4527683260708887,27405,203,135,150,104,camera_sign_speed_limit
24.13418967599955,23498000000,True,True,103,camera_sign_speed_limit,speed_limit_sign,,0.452717120803832,27405,203,135,150,104,camera_sign_speed_limit
24.18808708099914,23498000000,True,True,104,camera_sign_speed_limit,speed_limit_sign,,0.452717120803832,27405,203,135,150,104,camera_sign_speed_limit
24.212378966999495,23498000000,True,True,105,camera_sign_speed_limit,speed_limit_sign,,0.452717120803832,27405,203,135,150,104,camera_sign_speed_limit
24.25817532899964,23597000000,True,True,106,camera_sign_speed_limit,speed_limit_sign,,0.452717120803832,27405,203,135,150,104,camera_sign_speed_limit
24.288731608999115,23597000000,True,True,107,camera_sign_speed_limit,speed_limit_sign,,0.452717120803832,27405,203,135,150,104,camera_sign_speed_limit
24.316946279999684,23597000000,True,True,108,camera_sign_speed_limit,speed_limit_sign,,0.452717120803832,27405,203,135,150,104,camera_sign_speed_limit
24.34829901899957,23695000000,True,True,109,camera_sign_speed_limit,speed_limit_sign,,0.452717120803832,27405,203,135,150,104,camera_sign_speed_limit
24.37973748999957,23695000000,True,True,110,camera_sign_speed_limit,speed_limit_sign,,0.452717120803832,27405,203,135,150,104,camera_sign_speed_limit
24.412201189999905,23695000000,True,True,111,camera_sign_speed_limit,speed_limit_sign,,0.452717120803832,27405,203,135,150,104,camera_sign_speed_limit
24.44559574899995,23796000000,True,True,112,camera_sign_speed_limit,speed_limit_sign,,0.452717120803832,27405,203,135,150,104,camera_sign_speed_limit
24.481713388999196,23796000000,True,True,113,camera_sign_speed_limit,speed_limit_sign,,0.452717120803832,27405,203,135,150,104,camera_sign_speed_limit
24.513384982999924,23796000000,True,True,114,camera_sign_speed_limit,speed_limit_sign,,0.452717120803832,27405,203,135,150,104,camera_sign_speed_limit
24.535972379999293,23897000000,True,True,115,camera_sign_speed_limit,speed_limit_sign,,0.452717120803832,27405,203,135,150,104,camera_sign_speed_limit
24.58951549699941,23897000000,True,True,116,camera_sign_speed_limit,speed_limit_sign,,0.452717120803832,27405,203,135,150,104,camera_sign_speed_limit
24.613583219999782,23897000000,True,True,117,camera_sign_speed_limit,speed_limit_sign,,0.452717120803832,27405,203,135,150,104,camera_sign_speed_limit
24.671329471999343,23996000000,True,True,118,camera_sign_speed_limit,speed_limit_sign,,0.452717120803832,27405,203,135,150,104,camera_sign_speed_limit
24.679438639999717,23996000000,True,True,119,camera_sign_speed_limit,speed_limit_sign,,0.452717120803832,27405,203,135,150,104,camera_sign_speed_limit
24.702200824999636,23996000000,True,True,120,camera_sign_speed_limit,speed_limit_sign,,0.452717120803832,27405,203,135,150,104,camera_sign_speed_limit
24.758503397999448,24097000000,True,True,121,camera_sign_speed_limit,speed_limit_sign,,0.452717120803832,27405,203,135,150,104,camera_sign_speed_limit
24.804030202999456,24097000000,True,True,122,camera_sign_speed_limit,speed_limit_sign,,0.452717120803832,27405,203,135,150,104,camera_sign_speed_limit
24.826195744999495,24198000000,True,True,123,camera_sign_speed_limit,speed_limit_sign,,0.452717120803832,27405,203,135,150,104,camera_sign_speed_limit
24.861480456999743,24198000000,True,True,124,camera_sign_speed_limit,speed_limit_sign,,0.452717120803832,27405,203,135,150,104,camera_sign_speed_limit
24.880321028999788,24198000000,True,True,125,camera_sign_speed_limit,speed_limit_sign,,0.452717120803832,27405,203,135,150,104,camera_sign_speed_limit
24.901810327999556,24198000000,True,True,126,camera_sign_speed_limit,speed_limit_sign,,0.452717120803832,27405,203,135,150,104,camera_sign_speed_limit
24.94655086399962,24299000000,True,True,127,camera_sign_speed_limit,speed_limit_sign,,0.452717120803832,27405,203,135,150,104,camera_sign_speed_limit
24.984077536999393,24299000000,True,True,128,camera_sign_speed_limit,speed_limit_sign,,0.452717120803832,27405,203,135,150,104,camera_sign_speed_limit
25.02739487299914,24400000000,True,True,129,camera_sign_speed_limit,speed_limit_sign,,0.452717120803832,27405,203,135,150,104,camera_sign_speed_limit
25.056821309999577,24400000000,True,True,130,camera_sign_speed_limit,speed_limit_sign,,0.452717120803832,27405,203,135,150,104,camera_sign_speed_limit
25.076632363999124,24400000000,True,True,131,camera_sign_speed_limit,speed_limit_sign,,0.452717120803832,27405,203,135,150,104,camera_sign_speed_limit
25.12140017099955,24400000000,True,True,132,camera_sign_speed_limit,speed_limit_sign,,0.452717120803832,27405,203,135,150,104,camera_sign_speed_limit
25.169472197999312,24502000000,True,True,133,camera_sign_speed_limit,speed_limit_sign,,0.452717120803832,27405,203,135,150,104,camera_sign_speed_limit
25.188640253999438,24502000000,True,True,134,camera_sign_speed_limit,speed_limit_sign,,0.452717120803832,27405,203,135,150,104,camera_sign_speed_limit
25.197747112999423,24502000000,True,True,135,camera_sign_speed_limit,speed_limit_sign,,0.452717120803832,27405,203,135,150,104,camera_sign_speed_limit
25.258490537999933,24602000000,True,True,136,camera_sign_speed_limit,speed_limit_sign,,0.452717120803832,27405,203,135,150,104,camera_sign_speed_limit
25.267100738999943,24602000000,True,True,137,camera_sign_speed_limit,speed_limit_sign,,0.452717120803832,27405,203,135,150,104,camera_sign_speed_limit
25.321091153999987,24602000000,True,True,138,camera_sign_speed_limit,speed_limit_sign,,0.452717120803832,27405,203,135,150,104,camera_sign_speed_limit
25.366779222999867,24705000000,True,True,139,camera_sign_speed_limit,speed_limit_sign,,0.452717120803832,27405,203,135,150,104,camera_sign_speed_limit
25.37769743499939,24705000000,True,True,140,camera_sign_speed_limit,speed_limit_sign,,0.452717120803832,27405,203,135,150,104,camera_sign_speed_limit
25.41441589599981,24705000000,True,True,141,camera_sign_speed_limit,speed_limit_sign,,0.452717120803832,27405,203,135,150,104,camera_sign_speed_limit
25.448165287999473,24802000000,True,True,142,camera_sign_speed_limit,speed_limit_sign,,0.452717120803832,27405,203,135,150,104,camera_sign_speed_limit
25.48123811499954,24802000000,True,True,143,camera_sign_speed_limit,speed_limit_sign,,0.452717120803832,27405,203,135,150,104,camera_sign_speed_limit
25.524936688999333,24802000000,True,True,144,camera_sign_speed_limit,speed_limit_sign,,0.452717120803832,27405,203,135,150,104,camera_sign_speed_limit
25.560500416999275,24902000000,True,True,145,camera_sign_speed_limit,speed_limit_sign,,0.452717120803832,27405,203,135,150,104,camera_sign_speed_limit
25.580095558999346,24902000000,True,True,146,camera_sign_speed_limit,speed_limit_sign,,0.452717120803832,27405,203,135,150,104,camera_sign_speed_limit
25.61172910499954,24902000000,True,True,147,camera_sign_speed_limit,speed_limit_sign,,0.452717120803832,27405,203,135,150,104,camera_sign_speed_limit
25.646832317999724,25004000000,True,True,148,camera_sign_speed_limit,speed_limit_sign,,0.452717120803832,27405,203,135,150,104,camera_sign_speed_limit
25.701686042999427,25004000000,True,True,149,camera_sign_speed_limit,speed_limit_sign,,0.452717120803832,27405,203,135,150,104,camera_sign_speed_limit
25.71341437599949,25004000000,True,True,150,camera_sign_speed_limit,speed_limit_sign,,0.452717120803832,27405,203,135,150,104,camera_sign_speed_limit
25.734965610999097,25107000000,True,True,151,camera_sign_speed_limit,speed_limit_sign,,0.452717120803832,27405,203,135,150,104,camera_sign_speed_limit
25.79010040599951,25107000000,True,True,152,camera_sign_speed_limit,speed_limit_sign,,0.452717120803832,27405,203,135,150,104,camera_sign_speed_limit
25.90163508799924,25206000000,True,True,153,camera_sign_speed_limit,speed_limit_sign,,0.452717120803832,27405,203,135,150,104,camera_sign_speed_limit
25.909409114999107,25206000000,True,True,154,camera_sign_speed_limit,speed_limit_sign,,0.452717120803832,27405,203,135,150,104,camera_sign_speed_limit
25.91731786499986,25206000000,True,True,155,camera_sign_speed_limit,speed_limit_sign,,0.452717120803832,27405,203,135,150,104,camera_sign_speed_limit
25.93437017999986,25307000000,True,True,156,camera_sign_speed_limit,speed_limit_sign,,0.452717120803832,27405,203,135,150,104,camera_sign_speed_limit
25.943581683999582,25307000000,True,True,157,camera_sign_speed_limit,speed_limit_sign,,0.452717120803832,27405,203,135,150,104,camera_sign_speed_limit
25.990891445999296,25307000000,True,True,158,camera_sign_speed_limit,speed_limit_sign,,0.452717120803832,27405,203,135,150,104,camera_sign_speed_limit
26.015294199999516,25307000000,True,True,159,camera_sign_speed_limit,speed_limit_sign,,0.452717120803832,27405,203,135,150,104,camera_sign_speed_limit
26.046160283999598,25407000000,True,True,160,camera_sign_speed_limit,speed_limit_sign,,0.452717120803832,27405,203,135,150,104,camera_sign_speed_limit
26.077405310999893,25407000000,True,True,161,camera_sign_speed_limit,speed_limit_sign,,0.452717120803832,27405,203,135,150,104,camera_sign_speed_limit
26.137367163999443,25506000000,True,True,162,camera_sign_speed_limit,speed_limit_sign,,0.452717120803832,27405,203,135,150,104,camera_sign_speed_limit
26.159902672999124,25506000000,True,True,163,camera_sign_speed_limit,speed_limit_sign,,0.452717120803832,27405,203,135,150,104,camera_sign_speed_limit
26.16880055599995,25506000000,True,True,164,camera_sign_speed_limit,speed_limit_sign,,0.452717120803832,27405,203,135,150,104,camera_sign_speed_limit
26.214564221999353,25506000000,True,True,165,camera_sign_speed_limit,speed_limit_sign,,0.452717120803832,27405,203,135,150,104,camera_sign_speed_limit
26.245810736999374,25609000000,True,True,166,camera_sign_speed_limit,speed_limit_sign,,0.452717120803832,27405,203,135,150,104,camera_sign_speed_limit
26.278254921999178,25609000000,True,True,167,camera_sign_speed_limit,speed_limit_sign,,0.452717120803832,27405,203,135,150,104,camera_sign_speed_limit
26.31119572099942,25609000000,True,True,168,camera_sign_speed_limit,speed_limit_sign,,0.452717120803832,27405,203,135,150,104,camera_sign_speed_limit
26.367513252999743,25711000000,True,True,169,camera_sign_speed_limit,speed_limit_sign,,0.452717120803832,27405,203,135,150,104,camera_sign_speed_limit
26.377548170999944,25711000000,True,True,170,camera_sign_speed_limit,speed_limit_sign,,0.452717120803832,27405,203,135,150,104,camera_sign_speed_limit
26.42756731499958,25711000000,True,True,171,camera_sign_speed_limit,speed_limit_sign,,0.452717120803832,27405,203,135,150,104,camera_sign_speed_limit
26.449176544999318,25807000000,True,True,172,camera_sign_speed_limit,speed_limit_sign,,0.452717120803832,27405,203,135,150,104,camera_sign_speed_limit
26.497988342999633,25807000000,True,True,173,camera_sign_speed_limit,speed_limit_sign,,0.452717120803832,27405,203,135,150,104,camera_sign_speed_limit
26.511237079999773,25807000000,True,True,174,camera_sign_speed_limit,speed_limit_sign,,0.452717120803832,27405,203,135,150,104,camera_sign_speed_limit
26.602205631999823,25907000000,True,True,175,camera_sign_speed_limit,speed_limit_sign,,0.452717120803832,27405,203,135,150,104,camera_sign_speed_limit
26.610108370999114,25907000000,True,True,176,camera_sign_speed_limit,speed_limit_sign,,0.452717120803832,27405,203,135,150,104,camera_sign_speed_limit
26.61749560899989,25907000000,True,True,177,camera_sign_speed_limit,speed_limit_sign,,0.452717120803832,27405,203,135,150,104,camera_sign_speed_limit
26.6737444019991,26007000000,True,True,178,camera_sign_speed_limit,speed_limit_sign,,0.452717120803832,27405,203,135,150,104,camera_sign_speed_limit
26.68161835599949,26007000000,True,True,179,camera_sign_speed_limit,speed_limit_sign,,0.452717120803832,27405,203,135,150,104,camera_sign_speed_limit
26.704762951999328,26007000000,True,True,180,camera_sign_speed_limit,speed_limit_sign,,0.452717120803832,27405,203,135,150,104,camera_sign_speed_limit
26.759839157999522,26101000000,True,True,181,camera_sign_speed_limit,speed_limit_sign,,0.452717120803832,27405,203,135,150,104,camera_sign_speed_limit
26.782768737999504,26101000000,True,True,182,camera_sign_speed_limit,speed_limit_sign,,0.452717120803832,27405,203,135,150,104,camera_sign_speed_limit
26.83607794099953,26199000000,True,True,183,camera_sign_speed_limit,speed_limit_sign,,0.452717120803832,27405,203,135,150,104,camera_sign_speed_limit
26.846494908999375,26199000000,True,True,184,camera_sign_speed_limit,speed_limit_sign,,0.4527683260708887,27405,203,135,150,104,camera_sign_speed_limit
26.88007779199961,26199000000,True,True,185,camera_sign_speed_limit,speed_limit_sign,,0.4527683260708887,27405,203,135,150,104,camera_sign_speed_limit
26.923146593999263,26199000000,True,True,186,camera_sign_speed_limit,speed_limit_sign,,0.4527683260708887,27405,203,135,150,104,camera_sign_speed_limit
26.95464776299923,26303000000,True,True,187,camera_sign_speed_limit,speed_limit_sign,,0.4527683260708887,27405,203,135,150,104,camera_sign_speed_limit
26.98914529599915,26303000000,True,True,188,camera_sign_speed_limit,speed_limit_sign,,0.4527683260708887,27405,203,135,150,104,camera_sign_speed_limit
27.0230040689994,26303000000,True,True,189,camera_sign_speed_limit,speed_limit_sign,,0.4527683260708887,27405,203,135,150,104,camera_sign_speed_limit
27.054746617999626,26403000000,True,True,190,camera_sign_speed_limit,speed_limit_sign,,0.4527683260708887,27405,203,135,150,104,camera_sign_speed_limit
27.076289785999506,26403000000,True,True,191,camera_sign_speed_limit,speed_limit_sign,,0.4527683260708887,27405,203,135,150,104,camera_sign_speed_limit
27.134085082999263,26403000000,True,True,192,camera_sign_speed_limit,speed_limit_sign,,0.4527683260708887,27405,203,135,150,104,camera_sign_speed_limit
27.157494497999323,26501000000,True,True,193,camera_sign_speed_limit,speed_limit_sign,,0.4527683260708887,27405,203,135,150,104,camera_sign_speed_limit
27.18404846299927,26501000000,True,True,194,camera_sign_speed_limit,speed_limit_sign,,0.4527683260708887,27405,203,135,150,104,camera_sign_speed_limit
27.225292525999976,26501000000,True,True,195,camera_sign_speed_limit,speed_limit_sign,,0.4527683260708887,27405,203,135,150,104,camera_sign_speed_limit
27.246264410999174,26602000000,True,True,196,camera_sign_speed_limit,speed_limit_sign,,0.4527683260708887,27405,203,135,150,104,camera_sign_speed_limit
27.312262148999253,26602000000,True,True,197,camera_sign_speed_limit,speed_limit_sign,,0.4527683260708887,27405,203,135,150,104,camera_sign_speed_limit
27.331184164999286,26602000000,True,True,198,camera_sign_speed_limit,speed_limit_sign,,0.4527683260708887,27405,203,135,150,104,camera_sign_speed_limit
27.355453897999723,26704000000,True,True,199,camera_sign_speed_limit,speed_limit_sign,,0.4527683260708887,27405,203,135,150,104,camera_sign_speed_limit
27.38792487399951,26704000000,True,True,200,camera_sign_speed_limit,speed_limit_sign,,0.4527683260708887,27405,203,135,150,104,camera_sign_speed_limit
27.42470830899947,26704000000,True,True,201,camera_sign_speed_limit,speed_limit_sign,,0.4527683260708887,27405,203,135,150,104,camera_sign_speed_limit
27.45979148999959,26802000000,True,True,202,camera_sign_speed_limit,speed_limit_sign,,0.4527683260708887,27405,203,135,150,104,camera_sign_speed_limit
27.52939649199925,26802000000,True,True,203,camera_sign_speed_limit,speed_limit_sign,,0.4527683260708887,27405,203,135,150,104,camera_sign_speed_limit
27.53749197399975,26903000000,True,True,204,camera_sign_speed_limit,speed_limit_sign,,0.4527683260708887,27405,203,135,150,104,camera_sign_speed_limit
27.5468579519993,26903000000,True,True,205,camera_sign_speed_limit,speed_limit_sign,,0.4527683260708887,27405,203,135,150,104,camera_sign_speed_limit
27.587323755999932,26903000000,True,True,206,camera_sign_speed_limit,speed_limit_sign,,0.4527683260708887,27405,203,135,150,104,camera_sign_speed_limit
27.62196369799949,26903000000,True,True,207,camera_sign_speed_limit,speed_limit_sign,,0.4527683260708887,27405,203,135,150,104,camera_sign_speed_limit
27.67183489999934,27004000000,True,True,208,camera_sign_speed_limit,speed_limit_sign,,0.4527683260708887,27405,203,135,150,104,camera_sign_speed_limit
27.729127496999354,27004000000,True,True,209,camera_sign_speed_limit,speed_limit_sign,,0.4527683260708887,27405,203,135,150,104,camera_sign_speed_limit
27.736963019999166,27103000000,True,True,210,camera_sign_speed_limit,speed_limit_sign,,0.4527683260708887,27405,203,135,150,104,camera_sign_speed_limit
27.75644998899952,27103000000,True,True,211,camera_sign_speed_limit,speed_limit_sign,,0.4527683260708887,27405,203,135,150,104,camera_sign_speed_limit
27.81244157799938,27103000000,True,True,212,camera_sign_speed_limit,speed_limit_sign,,0.4527683260708887,27405,203,135,150,104,camera_sign_speed_limit
27.83457117299986,27103000000,True,True,213,camera_sign_speed_limit,speed_limit_sign,,0.4527683260708887,27405,203,135,150,104,camera_sign_speed_limit
27.868914033999317,27204000000,True,True,214,camera_sign_speed_limit,speed_limit_sign,,0.4527683260708887,27405,203,135,150,104,camera_sign_speed_limit
27.88102998499926,27204000000,True,True,215,camera_sign_speed_limit,speed_limit_sign,,0.4527683260708887,27405,203,135,150,104,camera_sign_speed_limit
27.927900158999364,27204000000,True,True,216,camera_sign_speed_limit,speed_limit_sign,,0.4527683260708887,27405,203,135,150,104,camera_sign_speed_limit
27.951340152999364,27302000000,True,True,217,camera_sign_speed_limit,speed_limit_sign,,0.4527683260708887,27405,203,135,150,104,camera_sign_speed_limit
27.996433567999702,27302000000,True,True,218,camera_sign_speed_limit,speed_limit_sign,,0.4527683260708887,27405,203,135,150,104,camera_sign_speed_limit
28.037825935999535,27302000000,True,True,219,camera_sign_speed_limit,speed_limit_sign,,0.4527683260708887,27405,203,135,150,104,camera_sign_speed_limit
28.06119449399921,27403000000,True,True,220,camera_sign_speed_limit,speed_limit_sign,,0.4527683260708887,27405,203,135,150,104,camera_sign_speed_limit
28.103846266999426,27403000000,True,True,221,camera_sign_speed_limit,speed_limit_sign,,0.4527683260708887,27405,203,135,150,104,camera_sign_speed_limit
28.13353381899924,27403000000,True,True,222,camera_sign_speed_limit,speed_limit_sign,,0.4527683260708887,27405,203,135,150,104,camera_sign_speed_limit
28.174176467999132,27500000000,True,True,223,camera_sign_speed_limit,speed_limit_sign,,0.4527683260708887,27405,203,135,150,104,camera_sign_speed_limit
28.207769284999813,27500000000,True,True,224,camera_sign_speed_limit,speed_limit_sign,,0.4527683260708887,27405,203,135,150,104,camera_sign_speed_limit
28.228529767999134,27500000000,True,True,225,camera_sign_speed_limit,speed_limit_sign,,0.4527683260708887,27405,203,135,150,104,camera_sign_speed_limit
28.2920991839992,27603000000,True,True,226,camera_sign_speed_limit,speed_limit_sign,,0.4527683260708887,27405,203,135,150,104,camera_sign_speed_limit
28.29943657899912,27603000000,True,True,227,camera_sign_speed_limit,speed_limit_sign,,0.4527683260708887,27405,203,135,150,104,camera_sign_speed_limit
28.338354702999823,27603000000,True,True,228,camera_sign_speed_limit,speed_limit_sign,,0.4527683260708887,27405,203,135,150,104,camera_sign_speed_limit
28.36880106099943,27705000000,True,True,229,camera_sign_speed_limit,speed_limit_sign,,0.4527683260708887,27405,203,135,150,104,camera_sign_speed_limit
28.389700264999192,27705000000,True,True,230,camera_sign_speed_limit,speed_limit_sign,,0.4527683260708887,27405,203,135,150,104,camera_sign_speed_limit
28.445858047,27809000000,True,True,231,camera_sign_speed_limit,speed_limit_sign,,0.4527683260708887,27405,203,135,150,104,camera_sign_speed_limit
28.455031648999466,27809000000,True,True,232,camera_sign_speed_limit,speed_limit_sign,,0.4527683260708887,27405,203,135,150,104,camera_sign_speed_limit
28.499616276999404,27809000000,True,True,233,camera_sign_speed_limit,speed_limit_sign,,0.4527683260708887,27405,203,135,150,104,camera_sign_speed_limit
28.520439523999812,27809000000,True,True,234,camera_sign_speed_limit,speed_limit_sign,,0.4527683260708887,27405,203,135,150,104,camera_sign_speed_limit
28.55558822399962,27909000000,True,True,235,camera_sign_speed_limit,speed_limit_sign,,0.4527683260708887,27405,203,135,150,104,camera_sign_speed_limit
28.589279375999467,27909000000,True,True,236,camera_sign_speed_limit,speed_limit_sign,,0.4527683260708887,27405,203,135,150,104,camera_sign_speed_limit
28.621349476999967,27909000000,True,True,237,camera_sign_speed_limit,speed_limit_sign,,0.4527683260708887,27405,203,135,150,104,camera_sign_speed_limit
28.643383056999483,28010000000,True,True,238,camera_sign_speed_limit,speed_limit_sign,,0.4527683260708887,27405,203,135,150,104,camera_sign_speed_limit
28.699040771999535,28010000000,True,True,239,camera_sign_speed_limit,speed_limit_sign,,0.5685583064223405,884,26,34,416,222,camera_sign_speed_limit
28.71104913199997,28010000000,True,True,240,camera_sign_speed_limit,speed_limit_sign,,0.5685583064223405,884,26,34,416,222,camera_sign_speed_limit
28.765667234999455,28109000000,True,True,241,camera_sign_speed_limit,speed_limit_sign,,0.5685583064223405,884,26,34,416,222,camera_sign_speed_limit
28.810993821999546,28109000000,True,True,242,camera_sign_speed_limit,speed_limit_sign,,0.5616641605068647,899,31,29,428,233,camera_sign_speed_limit
28.844475196999156,28210000000,True,True,243,camera_sign_speed_limit,speed_limit_sign,,0.5799929689455472,930,31,30,416,221,camera_sign_speed_limit
28.854636913999457,28210000000,True,True,243,camera_sign_speed_limit,speed_limit_sign,,0.5799929689455472,930,31,30,416,221,camera_sign_speed_limit
28.887500824999734,28210000000,True,True,244,camera_sign_speed_limit,speed_limit_sign,,0.5962395823014729,1054,31,34,416,221,camera_sign_speed_limit
28.92025316499985,28210000000,True,True,245,camera_sign_speed_limit,speed_limit_sign,,0.5996761992177563,1054,31,34,415,221,camera_sign_speed_limit
28.954784749999817,28311000000,True,True,246,camera_sign_speed_limit,speed_limit_sign,,0.5854223313374118,1054,31,34,427,232,camera_sign_speed_limit
29.00938718499947,28311000000,True,True,247,camera_sign_speed_limit,speed_limit_sign,,0.5446732103996312,1496,44,34,421,231,camera_sign_speed_limit
29.015483321999454,28311000000,True,True,248,camera_sign_speed_limit,speed_limit_sign,,0.5182044901995578,1936,44,44,420,226,camera_sign_speed_limit
29.054643712999678,28411000000,True,True,249,camera_sign_speed_limit,speed_limit_sign,,0.5957505056249264,1085,31,35,414,221,camera_sign_speed_limit
29.08722869199937,28411000000,True,True,249,camera_sign_speed_limit,speed_limit_sign,,0.5957505056249264,1085,31,35,414,221,camera_sign_speed_limit
29.113286483999218,28411000000,True,True,250,camera_sign_speed_limit,speed_limit_sign,,0.5653141376167761,1054,34,31,414,219,camera_sign_speed_limit
29.155485073999444,28511000000,True,True,251,camera_sign_speed_limit,speed_limit_sign,,0.5190364357758035,1980,44,45,419,227,camera_sign_speed_limit
29.211881736999203,28511000000,True,True,252,camera_sign_speed_limit,speed_limit_sign,,0.5180023621344417,1980,44,45,420,225,camera_sign_speed_limit
29.21983445999922,28511000000,True,True,253,camera_sign_speed_limit,speed_limit_sign,,0.5186657716246276,2025,45,45,419,226,camera_sign_speed_limit
29.257840436999686,28610000000,True,True,254,camera_sign_speed_limit,speed_limit_sign,,0.5369636585647304,1620,45,36,420,221,camera_sign_speed_limit
29.277694757999598,28610000000,True,True,255,camera_sign_speed_limit,speed_limit_sign,,0.5167231732631365,2025,45,45,419,226,camera_sign_speed_limit
29.3442556279997,28610000000,True,True,256,camera_sign_speed_limit,speed_limit_sign,,0.5193422962496341,2025,45,45,419,225,camera_sign_speed_limit
29.354956754999876,28712000000,True,True,257,camera_sign_speed_limit,speed_limit_sign,,0.5218891575974893,2160,45,48,418,225,camera_sign_speed_limit
29.39991232199918,28712000000,True,True,258,camera_sign_speed_limit,speed_limit_sign,,0.5202981464610975,2160,45,48,418,226,camera_sign_speed_limit
29.410789485999885,28712000000,True,True,259,camera_sign_speed_limit,speed_limit_sign,,0.5967367089290518,1260,35,36,411,219,camera_sign_speed_limit
29.478545815999496,28812000000,True,True,260,camera_sign_speed_limit,speed_limit_sign,,0.5127298883369672,2304,48,48,418,225,camera_sign_speed_limit
29.510337662999518,28812000000,True,True,261,camera_sign_speed_limit,speed_limit_sign,,0.5156316193673484,2304,48,48,417,226,camera_sign_speed_limit
29.518860970999413,28812000000,True,True,262,camera_sign_speed_limit,speed_limit_sign,,0.5232414856754407,1872,48,39,416,221,camera_sign_speed_limit
29.57697823199942,28915000000,True,True,263,camera_sign_speed_limit,speed_limit_sign,,0.5164958614774655,2304,48,48,417,225,camera_sign_speed_limit
29.610833122999793,28915000000,True,True,264,camera_sign_speed_limit,speed_limit_sign,,0.5149598090245768,2450,49,50,416,226,camera_sign_speed_limit
29.62214774699987,28915000000,True,True,265,camera_sign_speed_limit,speed_limit_sign,,0.5920067024034856,1365,35,39,409,219,camera_sign_speed_limit
29.677238134999243,29014000000,True,True,266,camera_sign_speed_limit,speed_limit_sign,,0.5171248332310562,2450,49,50,415,225,camera_sign_speed_limit
29.682489535999593,29014000000,True,True,267,camera_sign_speed_limit,speed_limit_sign,,0.5159964740510373,2450,49,50,415,225,camera_sign_speed_limit
29.72050403999947,29014000000,True,True,268,camera_sign_speed_limit,speed_limit_sign,,0.5173738791912983,2450,49,50,414,225,camera_sign_speed_limit
29.75514687499981,29116000000,True,True,269,camera_sign_speed_limit,speed_limit_sign,,0.5172509455930889,2450,49,50,414,225,camera_sign_speed_limit
29.784135202999096,29116000000,True,True,270,camera_sign_speed_limit,speed_limit_sign,,0.5167828353872683,2650,50,53,414,225,camera_sign_speed_limit
29.82051981799941,29116000000,True,True,271,camera_sign_speed_limit,speed_limit_sign,,0.5191404238079199,2597,49,53,413,225,camera_sign_speed_limit
29.867054881999138,29216000000,True,True,272,camera_sign_speed_limit,speed_limit_sign,,0.517821953273025,2650,50,53,413,225,camera_sign_speed_limit
29.897441864999564,29216000000,True,True,273,camera_sign_speed_limit,speed_limit_sign,,0.5181845229787827,2650,50,53,412,225,camera_sign_speed_limit
29.907422174999738,29216000000,True,True,274,camera_sign_speed_limit,speed_limit_sign,,0.513211814250412,2809,53,53,412,225,camera_sign_speed_limit
29.96523944299952,29317000000,True,True,275,camera_sign_speed_limit,speed_limit_sign,,0.5199660165295957,2700,50,54,411,224,camera_sign_speed_limit
30.00759212399953,29317000000,True,True,276,camera_sign_speed_limit,speed_limit_sign,,0.5162241925268032,2862,53,54,411,224,camera_sign_speed_limit
30.01300226999956,29317000000,True,True,277,camera_sign_speed_limit,speed_limit_sign,,0.514397256464089,2862,53,54,411,224,camera_sign_speed_limit
30.054454555999655,29416000000,True,True,278,camera_sign_speed_limit,speed_limit_sign,,0.5167400990797829,2862,53,54,410,224,camera_sign_speed_limit
30.096788491999177,29416000000,True,True,279,camera_sign_speed_limit,speed_limit_sign,,0.515139096785839,2862,53,54,410,224,camera_sign_speed_limit
30.122410141999353,29416000000,True,True,280,camera_sign_speed_limit,speed_limit_sign,,0.5153632108171095,2970,54,55,409,224,camera_sign_speed_limit
30.14642641899991,29416000000,True,True,281,camera_sign_speed_limit,speed_limit_sign,,0.5166191308361584,2915,53,55,409,224,camera_sign_speed_limit
30.179275806999613,29516000000,True,True,282,camera_sign_speed_limit,speed_limit_sign,,0.5162096687247683,2970,54,55,408,224,camera_sign_speed_limit
30.220968235999862,29516000000,True,True,283,camera_sign_speed_limit,speed_limit_sign,,0.5169177633204369,2970,54,55,408,224,camera_sign_speed_limit
30.25831322799968,29616000000,True,True,284,camera_sign_speed_limit,speed_limit_sign,,0.5176404108923176,2970,54,55,408,224,camera_sign_speed_limit
30.309921654999926,29616000000,True,True,285,camera_sign_speed_limit,speed_limit_sign,,0.5170840003461992,3190,55,58,407,223,camera_sign_speed_limit
30.321509973999127,29616000000,True,True,286,camera_sign_speed_limit,speed_limit_sign,,0.5186101116271916,3132,54,58,407,223,camera_sign_speed_limit
30.38183843999923,29716000000,True,True,287,camera_sign_speed_limit,speed_limit_sign,,0.5179881878226733,3190,55,58,406,223,camera_sign_speed_limit
30.388331584999833,29716000000,True,True,288,camera_sign_speed_limit,speed_limit_sign,,0.5185647057267901,3190,55,58,405,223,camera_sign_speed_limit
30.424940009999773,29716000000,True,True,289,camera_sign_speed_limit,speed_limit_sign,,0.5191224668276847,3190,55,58,405,223,camera_sign_speed_limit
30.456030076999923,29815000000,True,True,290,camera_sign_speed_limit,speed_limit_sign,,0.5152702465667277,3422,58,59,404,223,camera_sign_speed_limit
30.513689245999558,29815000000,True,True,291,camera_sign_speed_limit,speed_limit_sign,,0.5161251712530657,3422,58,59,404,223,camera_sign_speed_limit
30.518687726999815,29815000000,True,True,292,camera_sign_speed_limit,speed_limit_sign,,0.5151765880538987,3422,58,59,403,223,camera_sign_speed_limit
30.570051133999186,29916000000,True,True,293,camera_sign_speed_limit,speed_limit_sign,,0.5146152639864677,3422,58,59,403,223,camera_sign_speed_limit
30.589774538999336,29916000000,True,True,294,camera_sign_speed_limit,speed_limit_sign,,0.5125182901151046,3540,59,60,402,222,camera_sign_speed_limit
30.636923569999453,29916000000,True,True,295,camera_sign_speed_limit,speed_limit_sign,,0.5108597273484217,3540,59,60,401,222,camera_sign_speed_limit
30.659329765999246,30016000000,True,True,296,camera_sign_speed_limit,speed_limit_sign,,0.5112409378018015,3540,59,60,401,222,camera_sign_speed_limit
30.70141644099931,30016000000,True,True,297,camera_sign_speed_limit,speed_limit_sign,,0.5121312375345615,3540,59,60,400,222,camera_sign_speed_limit
30.711945209999612,30016000000,True,True,298,camera_sign_speed_limit,speed_limit_sign,,0.5122097510990248,3780,60,63,400,222,camera_sign_speed_limit
30.760028878999947,30118000000,True,True,299,camera_sign_speed_limit,speed_limit_sign,,0.5119200440233953,3780,60,63,399,222,camera_sign_speed_limit
30.776872894999542,30118000000,True,True,300,camera_sign_speed_limit,speed_limit_sign,,0.5108632593048382,3780,60,63,398,222,camera_sign_speed_limit
30.823938809999163,30118000000,True,True,301,camera_sign_speed_limit,speed_limit_sign,,0.5132696183298747,3840,60,64,397,221,camera_sign_speed_limit
30.858225754999694,30218000000,True,True,302,camera_sign_speed_limit,speed_limit_sign,,0.5078523459521418,4032,63,64,397,221,camera_sign_speed_limit
30.889974761999838,30218000000,True,True,303,camera_sign_speed_limit,speed_limit_sign,,0.5091800804704504,4032,63,64,396,221,camera_sign_speed_limit
30.9116096559992,30218000000,True,True,304,camera_sign_speed_limit,speed_limit_sign,,0.5100284058256789,4096,64,64,395,221,camera_sign_speed_limit
30.97001782499956,30318000000,True,True,305,camera_sign_speed_limit,speed_limit_sign,,0.5116729353902757,4160,64,65,395,221,camera_sign_speed_limit
30.98010011899987,30318000000,True,True,306,camera_sign_speed_limit,speed_limit_sign,,0.511048869043189,4160,64,65,394,221,camera_sign_speed_limit
31.03460954899947,30318000000,True,True,307,camera_sign_speed_limit,speed_limit_sign,,0.5130939598672373,4160,64,65,393,221,camera_sign_speed_limit
31.069549707999613,30420000000,True,True,308,camera_sign_speed_limit,speed_limit_sign,,0.5115947400412708,4420,65,68,393,220,camera_sign_speed_limit
31.079706656999406,30420000000,True,True,309,camera_sign_speed_limit,speed_limit_sign,,0.513301974753546,4420,65,68,392,220,camera_sign_speed_limit
31.146997462999934,30420000000,True,True,310,camera_sign_speed_limit,speed_limit_sign,,0.5133664341733238,4420,65,68,391,220,camera_sign_speed_limit
31.15696454799945,30519000000,True,True,311,camera_sign_speed_limit,speed_limit_sign,,0.5090512676833587,4692,68,69,390,220,camera_sign_speed_limit
31.18963056099983,30519000000,True,True,312,camera_sign_speed_limit,speed_limit_sign,,0.508060218461553,4692,68,69,389,220,camera_sign_speed_limit
31.225794059999316,30519000000,True,True,313,camera_sign_speed_limit,speed_limit_sign,,0.5063267972301139,4761,69,69,389,220,camera_sign_speed_limit
31.26863773599962,30620000000,True,True,314,camera_sign_speed_limit,speed_limit_sign,,0.5069179160250525,4830,69,70,388,219,camera_sign_speed_limit
31.311436997999408,30620000000,True,True,315,camera_sign_speed_limit,speed_limit_sign,,0.5068186758329216,4830,69,70,387,219,camera_sign_speed_limit
31.316399570999238,30620000000,True,True,316,camera_sign_speed_limit,speed_limit_sign,,0.506484132263361,4900,70,70,386,219,camera_sign_speed_limit
31.3501575399996,30620000000,True,True,317,camera_sign_speed_limit,speed_limit_sign,,0.5084191103114991,5110,70,73,385,219,camera_sign_speed_limit
31.376926875999743,30723000000,True,True,318,camera_sign_speed_limit,speed_limit_sign,,0.5083402539397017,5110,70,73,384,219,camera_sign_speed_limit
31.411795626999265,30723000000,True,True,319,camera_sign_speed_limit,speed_limit_sign,,0.505577124806372,5475,75,73,383,219,camera_sign_speed_limit
31.458454991999133,30821000000,True,True,320,camera_sign_speed_limit,speed_limit_sign,,0.5036728233538574,5772,78,74,382,219,camera_sign_speed_limit
31.513995932999933,30821000000,True,True,321,camera_sign_speed_limit,speed_limit_sign,,0.5103294177640774,5402,73,74,382,218,camera_sign_speed_limit
31.53376052599924,30821000000,True,True,322,camera_sign_speed_limit,speed_limit_sign,,0.5109837973407079,5550,74,75,381,218,camera_sign_speed_limit
31.546642729999803,30821000000,True,True,323,camera_sign_speed_limit,speed_limit_sign,,0.5130418610373173,5850,75,78,380,218,camera_sign_speed_limit
31.625258903999566,30922000000,True,True,324,camera_sign_speed_limit,speed_limit_sign,,0.5155726268150332,5850,75,78,379,218,camera_sign_speed_limit
31.630622286999824,30922000000,True,True,325,camera_sign_speed_limit,speed_limit_sign,,0.5175503066104867,5925,75,79,378,218,camera_sign_speed_limit
31.66947425699982,31022000000,True,True,326,camera_sign_speed_limit,speed_limit_sign,,0.5133958210809229,6162,78,79,377,218,camera_sign_speed_limit
31.68193440199957,31022000000,True,True,327,camera_sign_speed_limit,speed_limit_sign,,0.5152034708390524,6240,78,80,376,217,camera_sign_speed_limit
31.7376408909995,31022000000,True,True,328,camera_sign_speed_limit,speed_limit_sign,,0.515564670710169,6320,79,80,375,217,camera_sign_speed_limit
31.75981227199918,31118000000,True,True,329,camera_sign_speed_limit,speed_limit_sign,,0.5159839557326853,6557,79,83,374,217,camera_sign_speed_limit
31.799018922999494,31118000000,True,True,330,camera_sign_speed_limit,speed_limit_sign,,0.5169776159319931,6557,79,83,373,216,camera_sign_speed_limit
31.829873435999616,31118000000,True,True,331,camera_sign_speed_limit,speed_limit_sign,,0.5172361701160314,6720,80,84,372,216,camera_sign_speed_limit
31.84951331299999,31118000000,True,True,332,camera_sign_speed_limit,speed_limit_sign,,0.513320446893872,6972,83,84,371,216,camera_sign_speed_limit
31.89101487699918,31222000000,True,True,333,camera_sign_speed_limit,speed_limit_sign,,0.5140892198661137,6972,83,84,370,216,camera_sign_speed_limit
31.916735989999324,31222000000,True,True,334,camera_sign_speed_limit,speed_limit_sign,,0.5150087407737289,7140,84,85,369,216,camera_sign_speed_limit
31.959847299999637,31322000000,True,True,335,camera_sign_speed_limit,speed_limit_sign,,0.5159918044590813,7392,84,88,367,215,camera_sign_speed_limit
31.993678286999966,31322000000,True,True,336,camera_sign_speed_limit,speed_limit_sign,,0.5162858540140304,7480,85,88,366,215,camera_sign_speed_limit
32.03789899599997,31322000000,True,True,337,camera_sign_speed_limit,speed_limit_sign,,0.5164633907124007,7565,85,89,365,215,camera_sign_speed_limit
32.07143264299975,31424000000,True,True,338,camera_sign_speed_limit,speed_limit_sign,,0.5137211888122655,7832,88,89,364,215,camera_sign_speed_limit
32.08528326099986,31424000000,True,True,339,camera_sign_speed_limit,speed_limit_sign,,0.5144683539584133,7920,88,90,362,214,camera_sign_speed_limit
32.14915228799964,31424000000,True,True,340,camera_sign_speed_limit,speed_limit_sign,,0.5144539790071688,8010,89,90,361,214,camera_sign_speed_limit
32.15450407999924,31424000000,True,True,341,camera_sign_speed_limit,speed_limit_sign,,0.5153782871452735,8277,89,93,360,214,camera_sign_speed_limit
32.180375529999765,31526000000,True,True,342,camera_sign_speed_limit,speed_limit_sign,,0.5167357996105763,8370,90,93,358,214,camera_sign_speed_limit
32.21362304899958,31526000000,True,True,343,camera_sign_speed_limit,speed_limit_sign,,0.5132271456302367,8742,93,94,357,213,camera_sign_speed_limit
32.28058816099929,31627000000,True,True,344,camera_sign_speed_limit,speed_limit_sign,,0.514189232783149,8930,94,95,355,213,camera_sign_speed_limit
32.29121425699941,31627000000,True,True,345,camera_sign_speed_limit,speed_limit_sign,,0.5142340484084129,9025,95,95,354,213,camera_sign_speed_limit
32.33484330199917,31627000000,True,True,346,camera_sign_speed_limit,speed_limit_sign,,0.5162785953714539,9306,94,99,352,212,camera_sign_speed_limit
32.37123262299974,31730000000,True,True,347,camera_sign_speed_limit,speed_limit_sign,,0.5167045877586752,9500,95,100,351,212,camera_sign_speed_limit
32.38939385999947,31730000000,True,True,348,camera_sign_speed_limit,speed_limit_sign,,0.5137921513125592,9800,98,100,349,212,camera_sign_speed_limit
32.42335412099965,31730000000,True,True,349,camera_sign_speed_limit,speed_limit_sign,,0.5141467618578284,10197,99,103,348,211,camera_sign_speed_limit
32.450064189999466,31730000000,True,True,350,camera_sign_speed_limit,speed_limit_sign,,0.5157807176796206,10296,99,104,346,211,camera_sign_speed_limit
32.49028934599937,31828000000,True,True,351,camera_sign_speed_limit,speed_limit_sign,,0.5157558040500223,10500,100,105,344,210,camera_sign_speed_limit
32.524917984999774,31828000000,True,True,352,camera_sign_speed_limit,speed_limit_sign,,0.5140172364364375,10920,104,105,343,210,camera_sign_speed_limit
32.57085222999922,31928000000,True,True,353,camera_sign_speed_limit,speed_limit_sign,,0.5158941468138944,11232,104,108,341,210,camera_sign_speed_limit
32.59155406699938,31928000000,True,True,354,camera_sign_speed_limit,speed_limit_sign,,0.514954585517865,11445,105,109,339,209,camera_sign_speed_limit
32.611103368999466,31928000000,True,True,355,camera_sign_speed_limit,speed_limit_sign,,0.516073661064262,11550,105,110,337,209,camera_sign_speed_limit
32.64783592499953,31928000000,True,True,356,camera_sign_speed_limit,speed_limit_sign,,0.5140891631575426,12317,109,113,335,208,camera_sign_speed_limit
32.72564646699993,32030000000,True,True,357,camera_sign_speed_limit,speed_limit_sign,,0.5157689793348814,12426,109,114,333,208,camera_sign_speed_limit
32.737161977999676,32030000000,True,True,358,camera_sign_speed_limit,speed_limit_sign,,0.5137448743321446,12995,113,115,331,207,camera_sign_speed_limit
32.77006071899996,32129000000,True,True,359,camera_sign_speed_limit,speed_limit_sign,,0.5159471447307195,13334,113,118,329,207,camera_sign_speed_limit
32.790825364999364,32129000000,True,True,360,camera_sign_speed_limit,speed_limit_sign,,0.515418555673322,13452,114,118,327,206,camera_sign_speed_limit
32.84590947699962,32129000000,True,True,361,camera_sign_speed_limit,speed_limit_sign,,0.5135206226409194,14160,118,120,324,206,camera_sign_speed_limit
32.85168756699932,32129000000,True,True,362,camera_sign_speed_limit,speed_limit_sign,,0.5132711514862832,14280,119,120,322,206,camera_sign_speed_limit
32.88799355299943,32230000000,True,True,363,camera_sign_speed_limit,speed_limit_sign,,0.5157941847368753,14756,119,124,320,205,camera_sign_speed_limit
32.947359627999504,32230000000,True,True,364,camera_sign_speed_limit,speed_limit_sign,,0.5145170912713798,15621,123,127,317,204,camera_sign_speed_limit
32.97041307099971,32330000000,True,True,365,camera_sign_speed_limit,speed_limit_sign,,0.5155312002472294,15872,124,128,315,203,camera_sign_speed_limit
32.99287637799989,32330000000,True,True,366,camera_sign_speed_limit,speed_limit_sign,,0.5136795758817941,16383,127,129,312,203,camera_sign_speed_limit
33.04154845799985,32330000000,True,True,367,camera_sign_speed_limit,speed_limit_sign,,0.5143092187305847,16896,128,132,309,202,camera_sign_speed_limit
33.06286664599975,32330000000,True,True,368,camera_sign_speed_limit,speed_limit_sign,,0.5131324606058029,17556,132,133,307,201,camera_sign_speed_limit
33.08498847699957,32431000000,True,True,369,camera_sign_speed_limit,speed_limit_sign,,0.5139568551462825,17822,133,134,304,200,camera_sign_speed_limit
33.152309799999784,32431000000,True,True,370,camera_sign_speed_limit,speed_limit_sign,,0.5159671479541658,18358,134,137,300,199,camera_sign_speed_limit
33.16298260499934,32431000000,True,True,371,camera_sign_speed_limit,speed_limit_sign,,0.5142789617330934,19044,138,138,297,198,camera_sign_speed_limit
33.18336255599934,32531000000,True,True,372,camera_sign_speed_limit,speed_limit_sign,,0.5142711593465492,20164,142,142,294,197,camera_sign_speed_limit
33.23834185599935,32531000000,True,True,373,camera_sign_speed_limit,speed_limit_sign,,0.5154470122435882,20306,143,142,291,196,camera_sign_speed_limit
33.2612456249999,32531000000,True,True,374,camera_sign_speed_limit,speed_limit_sign,,0.515791857972851,20736,144,144,287,194,camera_sign_speed_limit
33.303488670999286,32629000000,True,True,375,camera_sign_speed_limit,speed_limit_sign,,0.5141495635202856,21756,148,147,284,192,camera_sign_speed_limit
33.3255283719991,32629000000,True,True,376,camera_sign_speed_limit,speed_limit_sign,,0.5134948859145156,22496,152,148,280,191,camera_sign_speed_limit
33.37046006199944,32731000000,True,True,377,camera_sign_speed_limit,speed_limit_sign,,0.5136393711822156,23408,154,152,276,189,camera_sign_speed_limit
33.39288890899934,32731000000,True,True,378,camera_sign_speed_limit,speed_limit_sign,,0.5125063841334654,24174,158,153,272,187,camera_sign_speed_limit
33.4369601519993,32731000000,True,True,379,camera_sign_speed_limit,speed_limit_sign,,0.51154355574858,25434,162,157,268,186,camera_sign_speed_limit
33.49018796999917,32831000000,True,True,380,camera_sign_speed_limit,speed_limit_sign,,0.5112903914085368,25754,163,158,263,184,camera_sign_speed_limit
33.49754062399916,32831000000,True,True,381,camera_sign_speed_limit,speed_limit_sign,,0.5119122506345231,27216,168,162,259,182,camera_sign_speed_limit
33.53044167899952,32831000000,True,True,382,camera_sign_speed_limit,speed_limit_sign,,0.5126471593997228,28036,172,163,254,181,camera_sign_speed_limit
33.56541487699997,32831000000,True,True,383,camera_sign_speed_limit,speed_limit_sign,,0.5148417876615659,28536,174,164,249,179,camera_sign_speed_limit
33.593889633999424,32930000000,True,True,384,camera_sign_speed_limit,speed_limit_sign,,0.5163197073757417,30082,178,169,244,177,camera_sign_speed_limit
33.63011399299921,32930000000,True,True,385,camera_sign_speed_limit,speed_limit_sign,,0.5163093697163423,31476,183,172,238,175,camera_sign_speed_limit
33.693250977999924,33031000000,True,True,386,camera_sign_speed_limit,speed_limit_sign,,0.5151089979716026,33276,188,177,232,173,camera_sign_speed_limit
33.70377948799978,33031000000,True,True,387,camera_sign_speed_limit,speed_limit_sign,,0.5146332036741866,34354,193,178,226,171,camera_sign_speed_limit
33.728803586999675,33031000000,True,True,388,camera_sign_speed_limit,speed_limit_sign,,0.5144860716532191,36036,198,182,220,169,camera_sign_speed_limit
33.763194717999795,33031000000,True,True,389,camera_sign_speed_limit,speed_limit_sign,,0.5135591442743928,37536,204,184,213,166,camera_sign_speed_limit
33.79030007199981,33134000000,True,True,390,camera_sign_speed_limit,speed_limit_sign,,0.5138701950775285,39104,208,188,206,164,camera_sign_speed_limit
33.83685515399975,33134000000,True,True,391,camera_sign_speed_limit,speed_limit_sign,,0.5133008002116728,41904,216,194,199,161,camera_sign_speed_limit
33.848638561999906,33134000000,True,True,392,camera_sign_speed_limit,speed_limit_sign,,0.5133324272470075,43956,222,198,191,159,camera_sign_speed_limit
33.89175912999963,33234000000,True,True,393,camera_sign_speed_limit,speed_limit_sign,,0.513141065022876,46081,227,203,183,156,camera_sign_speed_limit
33.914113338999414,33234000000,True,True,394,camera_sign_speed_limit,speed_limit_sign,,0.5130556246131919,49088,236,208,174,153,camera_sign_speed_limit
33.95951789799983,33234000000,True,True,395,camera_sign_speed_limit,speed_limit_sign,,0.5135838868545404,51546,242,213,165,150,camera_sign_speed_limit
33.992116955999336,33334000000,True,True,396,camera_sign_speed_limit,speed_limit_sign,,0.5134732753274432,54718,251,218,155,146,camera_sign_speed_limit
34.02627195099922,33334000000,True,True,397,camera_sign_speed_limit,speed_limit_sign,,0.5150188808143616,57311,257,223,144,143,camera_sign_speed_limit
34.074260647999836,33431000000,True,True,398,camera_sign_speed_limit,speed_limit_sign,,0.5145787617569731,60609,267,227,133,139,camera_sign_speed_limit
34.08362872299949,33431000000,True,True,399,camera_sign_speed_limit,speed_limit_sign,,0.5084177751851418,60116,266,226,121,135,camera_sign_speed_limit
34.16236937999929,33431000000,True,True,400,camera_sign_speed_limit,speed_limit_sign,,0.5102492906419912,58793,259,227,108,130,camera_sign_speed_limit
34.16871045899916,33431000000,True,True,401,camera_sign_speed_limit,speed_limit_sign,,0.5601125946685284,56952,252,226,94,126,camera_sign_speed_limit
34.186035688999254,33531000000,True,True,402,camera_sign_speed_limit,speed_limit_sign,,0.5666646603711939,54918,243,226,82,121,camera_sign_speed_limit
34.266180706999876,33531000000,True,True,403,camera_sign_speed_limit,speed_limit_sign,,0.5393252361974202,51076,226,226,95,109,camera_sign_speed_limit
34.30734808699981,33632000000,True,True,404,camera_sign_speed_limit,speed_limit_sign,,0.5388011787065002,47460,210,226,91,108,camera_sign_speed_limit
34.31853337699977,33632000000,True,True,405,camera_sign_speed_limit,speed_limit_sign,,0.5472257011776532,43456,194,224,88,110,camera_sign_speed_limit
34.32559042399953,33632000000,True,True,406,camera_sign_speed_limit,speed_limit_sign,,0.5496594278660851,38896,176,221,81,113,camera_sign_speed_limit
34.36158905299999,33632000000,True,True,407,camera_sign_speed_limit,speed_limit_sign,,0.5620126521593712,33635,155,217,72,116,camera_sign_speed_limit
34.417506945999776,33734000000,True,True,408,camera_sign_speed_limit,speed_limit_sign,,0.5782384228090857,28542,134,213,60,118,camera_sign_speed_limit
34.42890544799957,33734000000,True,True,408,camera_sign_speed_limit,speed_limit_sign,,0.5782384228090857,28542,134,213,60,118,camera_sign_speed_limit
34.471493367999756,33734000000,True,True,409,camera_sign_speed_limit,speed_limit_sign,,0.6043404083773485,2640,60,44,17,237,camera_sign_speed_limit
34.49430323899924,33835000000,True,True,410,camera_sign_speed_limit,speed_limit_sign,,0.6056556549113917,1155,33,35,9,235,camera_sign_speed_limit
34.52712906399938,33835000000,True,True,411,camera_sign_speed_limit,speed_limit_sign,,0.510535859967526,920,23,40,58,240,camera_sign_speed_limit
34.55034648799938,33835000000,True,True,412,camera_sign_speed_limit,speed_limit_sign,,0.5116402675528096,1100,25,44,35,240,camera_sign_speed_limit
34.615174677999676,33936000000,True,True,412,camera_sign_speed_limit,speed_limit_sign,,0.5116402675528096,1100,25,44,35,240,camera_sign_speed_limit
34.62527894199957,33936000000,True,True,412,camera_sign_speed_limit,speed_limit_sign,,0.5116402675528096,1100,25,44,35,240,camera_sign_speed_limit
34.67240966099962,33936000000,True,True,412,camera_sign_speed_limit,speed_limit_sign,,0.5116402675528096,1100,25,44,35,240,camera_sign_speed_limit
34.69365710499915,34035000000,True,True,412,camera_sign_speed_limit,speed_limit_sign,,0.5116402675528096,1100,25,44,35,240,camera_sign_speed_limit
34.71366988099999,34035000000,True,True,412,camera_sign_speed_limit,speed_limit_sign,,0.5116402675528096,1100,25,44,35,240,camera_sign_speed_limit
34.74893458299994,34035000000,True,True,412,camera_sign_speed_limit,speed_limit_sign,,0.5116402675528096,1100,25,44,35,240,camera_sign_speed_limit
34.80463173499993,34137000000,True,True,412,camera_sign_speed_limit,speed_limit_sign,,0.5116402675528096,1100,25,44,35,240,camera_sign_speed_limit
34.84869681699911,34137000000,True,True,412,camera_sign_speed_limit,speed_limit_sign,,0.5116402675528096,1100,25,44,35,240,camera_sign_speed_limit
34.854490153999905,34137000000,True,True,412,camera_sign_speed_limit,speed_limit_sign,,0.5116402675528096,1100,25,44,35,240,camera_sign_speed_limit
34.87900988099955,34241000000,True,True,412,camera_sign_speed_limit,speed_limit_sign,,0.5116402675528096,1100,25,44,35,240,camera_sign_speed_limit
34.9360017959998,34241000000,True,True,412,camera_sign_speed_limit,speed_limit_sign,,0.5116402675528096,1100,25,44,35,240,camera_sign_speed_limit
34.9483180849993,34241000000,True,True,412,camera_sign_speed_limit,speed_limit_sign,,0.5116402675528096,1100,25,44,35,240,camera_sign_speed_limit
35.01466259099925,34339000000,False,False,0,,,,0.0,0,0,0,0,0,camera_sign_speed_limit
35.03815998199934,34339000000,True,False,1,camera_sign_turn_right,turn_right_sign,right,0.5181903008334349,624,24,26,316,231,camera_sign_speed_limit
35.07055821299946,34339000000,True,True,2,camera_sign_turn_right,turn_right_sign,right,0.5209050051994335,650,25,26,316,231,camera_sign_turn_right
35.09373447899998,34441000000,True,True,3,camera_sign_turn_right,turn_right_sign,right,0.5169508614258772,650,25,26,315,231,camera_sign_turn_right
35.13678499499929,34441000000,True,True,4,camera_sign_turn_right,turn_right_sign,right,0.5238062926467527,650,25,26,315,231,camera_sign_turn_right
35.16001942099956,34441000000,True,True,5,camera_sign_turn_right,turn_right_sign,right,0.5188118139363853,676,26,26,314,231,camera_sign_turn_right
35.183851863999735,34540000000,True,True,6,camera_sign_turn_right,turn_right_sign,right,0.5299556110290046,650,25,26,313,231,camera_sign_turn_right
35.219603287999234,34540000000,True,True,7,camera_sign_turn_right,turn_right_sign,right,0.5282131294968004,650,25,26,313,231,camera_sign_turn_right
35.24790121699971,34540000000,True,True,8,camera_sign_turn_right,turn_right_sign,right,0.5329562247840525,650,25,26,312,231,camera_sign_turn_right
35.321300464999695,34641000000,True,True,9,camera_sign_turn_right,turn_right_sign,right,0.5276732658674493,676,26,26,311,231,camera_sign_turn_right
35.32667502199911,34641000000,True,True,10,camera_sign_turn_right,turn_right_sign,right,0.532235074559199,650,25,26,311,231,camera_sign_turn_right
35.34919651799919,34641000000,True,True,11,camera_sign_turn_right,turn_right_sign,right,0.533387269955814,676,26,26,310,231,camera_sign_turn_right
35.39535315299963,34740000000,True,True,12,camera_sign_turn_right,turn_right_sign,right,0.5306232042165161,676,26,26,309,231,camera_sign_turn_right
35.430012544999954,34740000000,True,True,13,camera_sign_turn_right,turn_right_sign,right,0.5363354592841381,676,26,26,309,231,camera_sign_turn_right
35.525542092999785,34839000000,True,True,14,camera_sign_turn_right,turn_right_sign,right,0.5397484501771046,676,26,26,308,231,camera_sign_turn_right
35.54634622099911,34839000000,True,True,15,camera_sign_turn_right,turn_right_sign,right,0.5354836446276336,676,26,26,307,231,camera_sign_turn_right
35.55223458299952,34839000000,True,True,16,camera_sign_turn_right,turn_right_sign,right,0.5184494320186498,754,26,29,307,231,camera_sign_turn_right
35.563643072999184,34839000000,True,True,17,camera_sign_turn_right,turn_right_sign,right,0.4997939640975527,841,29,29,306,231,camera_sign_turn_right
35.5963765839997,34941000000,True,True,18,camera_sign_turn_right,turn_right_sign,right,0.4976351586928027,870,30,29,305,231,camera_sign_turn_right
35.630451169999105,34941000000,True,True,19,camera_sign_turn_right,turn_right_sign,right,0.5054746411808625,841,29,29,305,231,camera_sign_turn_right
35.66569349599922,34941000000,True,True,20,camera_sign_turn_right,turn_right_sign,right,0.5290394726387414,754,26,29,304,231,camera_sign_turn_right
35.741871805999835,35042000000,True,True,21,camera_sign_turn_right,turn_right_sign,right,0.5092305813320861,841,29,29,303,231,camera_sign_turn_right
35.74845934399946,35042000000,True,True,22,camera_sign_turn_right,turn_right_sign,right,0.5075806883536813,870,30,29,303,230,camera_sign_turn_right
35.76502612099921,35042000000,True,True,23,camera_sign_turn_right,turn_right_sign,right,0.5128132313979393,841,29,29,302,230,camera_sign_turn_right
35.8203232829992,35139000000,True,True,24,camera_sign_turn_right,turn_right_sign,right,0.5150461148669865,841,29,29,301,230,camera_sign_turn_right
35.832202211999174,35139000000,True,True,25,camera_sign_turn_right,turn_right_sign,right,0.5155720958605562,841,29,29,301,230,camera_sign_turn_right
35.8745711319998,35139000000,True,True,26,camera_sign_turn_right,turn_right_sign,right,0.5130492606454145,870,30,29,300,230,camera_sign_turn_right
35.88374787199973,35244000000,True,True,27,camera_sign_turn_right,turn_right_sign,right,0.516348782754124,870,30,29,299,230,camera_sign_turn_right
35.93753488999937,35244000000,True,True,28,camera_sign_turn_right,turn_right_sign,right,0.5159706175504359,870,30,29,298,230,camera_sign_turn_right
35.9501195569992,35244000000,True,True,29,camera_sign_turn_right,turn_right_sign,right,0.5217216864722106,870,30,29,298,231,camera_sign_turn_right
35.996496034999836,35343000000,True,True,30,camera_sign_turn_right,turn_right_sign,right,0.5210030535872667,870,30,29,297,230,camera_sign_turn_right
36.0299067549995,35343000000,True,True,31,camera_sign_turn_right,turn_right_sign,right,0.5194574113096356,900,30,30,296,230,camera_sign_turn_right
36.054474862999996,35343000000,True,True,32,camera_sign_turn_right,turn_right_sign,right,0.5133808729286403,930,31,30,295,230,camera_sign_turn_right
36.09581708299993,35443000000,True,True,33,camera_sign_turn_right,turn_right_sign,right,0.5181649636035188,930,31,30,295,230,camera_sign_turn_right
36.14170528199975,35443000000,True,True,34,camera_sign_turn_right,turn_right_sign,right,0.5026003647607978,1020,34,30,294,230,camera_sign_turn_right
36.165077798999846,35443000000,True,True,35,camera_sign_turn_right,turn_right_sign,right,0.5231129330595277,930,31,30,293,230,camera_sign_turn_right
36.19596299999921,35544000000,True,True,36,camera_sign_turn_right,turn_right_sign,right,0.5233056137939599,930,31,30,293,230,camera_sign_turn_right
36.22725409599934,35544000000,True,True,37,camera_sign_turn_right,turn_right_sign,right,0.5245153462351586,930,31,30,292,230,camera_sign_turn_right
36.262538299999505,35544000000,True,True,38,camera_sign_turn_right,turn_right_sign,right,0.5211173642990422,930,31,30,291,230,camera_sign_turn_right
36.294134700999166,35646000000,True,True,39,camera_sign_turn_right,turn_right_sign,right,0.5068966308042717,1020,34,30,290,230,camera_sign_turn_right
36.341523715999756,35646000000,True,True,40,camera_sign_turn_right,turn_right_sign,right,0.5111220982802581,1020,34,30,289,230,camera_sign_turn_right
36.352205197999865,35646000000,True,True,41,camera_sign_turn_right,turn_right_sign,right,0.5100208142388877,1020,34,30,288,230,camera_sign_turn_right
36.383899771999495,35646000000,True,True,42,camera_sign_turn_right,turn_right_sign,right,0.5056116270885678,1050,35,30,288,230,camera_sign_turn_right
36.45135931799996,35745000000,True,True,43,camera_sign_turn_right,turn_right_sign,right,0.5184599151767859,1020,34,30,287,230,camera_sign_turn_right
36.47354575999998,35745000000,True,True,44,camera_sign_turn_right,turn_right_sign,right,0.5209840905246191,1020,34,30,286,230,camera_sign_turn_right
36.48609897699953,35845000000,True,True,45,camera_sign_turn_right,turn_right_sign,right,0.5159616085696981,1054,34,31,285,230,camera_sign_turn_right
36.56436389099963,35845000000,True,True,46,camera_sign_turn_right,turn_right_sign,right,0.5178607081298476,1054,34,31,284,230,camera_sign_turn_right
36.574865016999865,35845000000,True,True,47,camera_sign_turn_right,turn_right_sign,right,0.511878187035647,1085,35,31,283,229,camera_sign_turn_right
36.599090929999875,35945000000,True,True,48,camera_sign_turn_right,turn_right_sign,right,0.5150191310042098,1085,35,31,283,229,camera_sign_turn_right
36.61999767399993,35945000000,True,True,49,camera_sign_turn_right,turn_right_sign,right,0.5148561682137484,1085,35,31,282,229,camera_sign_turn_right
36.688560786999915,36044000000,True,True,50,camera_sign_turn_right,turn_right_sign,right,0.5180396140187485,1085,35,31,281,229,camera_sign_turn_right
36.69918091299951,36044000000,True,True,51,camera_sign_turn_right,turn_right_sign,right,0.5156305374687518,1116,36,31,280,229,camera_sign_turn_right
36.72976618999928,36044000000,True,True,52,camera_sign_turn_right,turn_right_sign,right,0.5175485822837124,1116,36,31,279,229,camera_sign_turn_right
36.76414392699917,36044000000,True,True,53,camera_sign_turn_right,turn_right_sign,right,0.5200037845974864,1116,36,31,278,229,camera_sign_turn_right
36.79863745199964,36148000000,True,True,54,camera_sign_turn_right,turn_right_sign,right,0.5227695660533839,1116,36,31,277,229,camera_sign_turn_right
36.85226304999924,36148000000,True,True,55,camera_sign_turn_right,turn_right_sign,right,0.5214391978442237,1116,36,31,276,229,camera_sign_turn_right
36.87242277699988,36148000000,True,True,56,camera_sign_turn_right,turn_right_sign,right,0.509097140267631,1209,39,31,275,229,camera_sign_turn_right
36.907108103999235,36249000000,True,True,57,camera_sign_turn_right,turn_right_sign,right,0.4932616042425003,1326,39,34,274,229,camera_sign_turn_right
36.93057278499964,36249000000,True,True,58,camera_sign_turn_right,turn_right_sign,right,0.4955129625186064,1326,39,34,273,229,camera_sign_turn_right
36.96594880199973,36249000000,True,True,59,camera_sign_turn_right,turn_right_sign,right,0.49795822628964015,1326,39,34,272,229,camera_sign_turn_right
36.996438146999935,36350000000,True,True,60,camera_sign_turn_right,turn_right_sign,right,0.5015876414702289,1326,39,34,272,229,camera_sign_turn_right
37.0581204959999,36350000000,True,True,61,camera_sign_turn_right,turn_right_sign,right,0.5039989370114558,1326,39,34,271,229,camera_sign_turn_right
37.080756785999256,36350000000,True,True,62,camera_sign_turn_right,turn_right_sign,right,0.5026975271083917,1360,40,34,270,229,camera_sign_turn_right
37.087774818999605,36350000000,True,True,63,camera_sign_turn_right,turn_right_sign,right,0.49868785540493965,1394,41,34,269,229,camera_sign_turn_right
37.157698022999284,36448000000,True,True,64,camera_sign_turn_right,turn_right_sign,right,0.5014755373626693,1394,41,34,268,228,camera_sign_turn_right
37.16417713299961,36448000000,True,True,65,camera_sign_turn_right,turn_right_sign,right,0.5021043209424394,1394,41,34,267,228,camera_sign_turn_right
37.22141392499998,36552000000,True,True,66,camera_sign_turn_right,turn_right_sign,right,0.5029875247052564,1394,41,34,266,228,camera_sign_turn_right
37.24212383299982,36552000000,True,True,67,camera_sign_turn_right,turn_right_sign,right,0.4968628059679296,1435,41,35,265,228,camera_sign_turn_right
37.27845743399939,36552000000,True,True,68,camera_sign_turn_right,turn_right_sign,right,0.49903313094948415,1435,41,35,264,228,camera_sign_turn_right
37.298738909999884,36650000000,True,True,69,camera_sign_turn_right,turn_right_sign,right,0.5002734832011084,1435,41,35,263,228,camera_sign_turn_right
37.342925613999796,36650000000,True,True,70,camera_sign_turn_right,turn_right_sign,right,0.4912584294833016,1540,44,35,262,228,camera_sign_turn_right
37.355997939999725,36650000000,True,True,71,camera_sign_turn_right,turn_right_sign,right,0.4904511428253507,1575,45,35,261,228,camera_sign_turn_right
37.401851814999645,36750000000,True,True,72,camera_sign_turn_right,turn_right_sign,right,0.4925428173893582,1575,45,35,259,228,camera_sign_turn_right
37.43266139499974,36750000000,True,True,73,camera_sign_turn_right,turn_right_sign,right,0.49406144863005835,1575,45,35,258,228,camera_sign_turn_right
37.46553116799987,36750000000,True,True,74,camera_sign_turn_right,turn_right_sign,right,0.49502179805940816,1575,45,35,257,228,camera_sign_turn_right
37.500605401999564,36851000000,True,True,75,camera_sign_turn_right,turn_right_sign,right,0.4963985289498978,1575,45,35,256,228,camera_sign_turn_right
37.53128680999998,36851000000,True,True,76,camera_sign_turn_right,turn_right_sign,right,0.4887177400424569,1680,48,35,255,228,camera_sign_turn_right
37.56519628499973,36851000000,True,True,77,camera_sign_turn_right,turn_right_sign,right,0.4843486500296742,1728,48,36,254,228,camera_sign_turn_right
37.59721755599912,36953000000,True,True,78,camera_sign_turn_right,turn_right_sign,right,0.4873905277849644,1728,48,36,253,228,camera_sign_turn_right
37.66403922999962,36953000000,True,True,79,camera_sign_turn_right,turn_right_sign,right,0.4867815163995726,1764,49,36,252,227,camera_sign_turn_right
37.67640053499963,36953000000,True,True,80,camera_sign_turn_right,turn_right_sign,right,0.48950276717905905,1764,49,36,251,227,camera_sign_turn_right
37.69841837599961,37054000000,True,True,81,camera_sign_turn_right,turn_right_sign,right,0.4916889613169672,1764,49,36,250,227,camera_sign_turn_right
37.732667835999564,37054000000,True,True,82,camera_sign_turn_right,turn_right_sign,right,0.4888068101395787,1800,50,36,248,227,camera_sign_turn_right
37.765950858,37054000000,True,True,83,camera_sign_turn_right,turn_right_sign,right,0.4916274619999767,1800,50,36,247,227,camera_sign_turn_right
37.80238577499949,37154000000,True,True,84,camera_sign_turn_right,turn_right_sign,right,0.4938025009975173,1764,49,36,246,227,camera_sign_turn_right
37.84571254099956,37154000000,True,True,85,camera_sign_turn_right,turn_right_sign,right,0.4814039354918817,1950,50,39,244,227,camera_sign_turn_right
37.86539075199926,37154000000,True,True,86,camera_sign_turn_right,turn_right_sign,right,0.4814850829020849,1950,50,39,243,227,camera_sign_turn_right
37.90343219799979,37254000000,True,True,87,camera_sign_turn_right,turn_right_sign,right,0.4741849524110687,2067,53,39,242,227,camera_sign_turn_right
37.943173183999534,37254000000,True,True,88,camera_sign_turn_right,turn_right_sign,right,0.4777818118977925,2067,53,39,240,227,camera_sign_turn_right
37.972174989999985,37254000000,True,True,89,camera_sign_turn_right,turn_right_sign,right,0.47854152290127155,2106,54,39,239,227,camera_sign_turn_right
38.00252367899975,37350000000,True,True,90,camera_sign_turn_right,turn_right_sign,right,0.47891223455068865,2106,54,39,238,227,camera_sign_turn_right
38.026828303,37350000000,True,True,91,camera_sign_turn_right,turn_right_sign,right,0.4807451588649469,2106,54,39,237,227,camera_sign_turn_right
38.091054871999404,37350000000,True,True,92,camera_sign_turn_right,turn_right_sign,right,0.48199637800649076,2106,54,39,236,227,camera_sign_turn_right
38.10036641899933,37455000000,True,True,93,camera_sign_turn_right,turn_right_sign,right,0.4774029323536613,2200,55,40,234,227,camera_sign_turn_right
38.138231096999334,37455000000,True,True,94,camera_sign_turn_right,turn_right_sign,right,0.4801116784470525,2200,55,40,233,227,camera_sign_turn_right
38.17693517099997,37455000000,True,True,95,camera_sign_turn_right,turn_right_sign,right,0.479942439677274,2200,55,40,231,226,camera_sign_turn_right
38.19775183499951,37455000000,True,True,96,camera_sign_turn_right,turn_right_sign,right,0.4825086651365928,2200,55,40,230,226,camera_sign_turn_right
38.23893291299919,37557000000,True,True,97,camera_sign_turn_right,turn_right_sign,right,0.4763130777804527,2320,58,40,229,226,camera_sign_turn_right
38.26636089299973,37557000000,True,True,98,camera_sign_turn_right,turn_right_sign,right,0.48474350460738735,2200,55,40,227,226,camera_sign_turn_right
38.31270494399996,37655000000,True,True,99,camera_sign_turn_right,turn_right_sign,right,0.47941420823109687,2320,58,40,226,226,camera_sign_turn_right
38.33788314999947,37655000000,True,True,100,camera_sign_turn_right,turn_right_sign,right,0.4781764938033688,2360,59,40,224,226,camera_sign_turn_right
38.40137282099931,37754000000,True,True,101,camera_sign_turn_right,turn_right_sign,right,0.47839919811798126,2419,59,41,223,226,camera_sign_turn_right
38.41188297099961,37754000000,True,True,102,camera_sign_turn_right,turn_right_sign,right,0.4776279166841857,2419,59,41,221,226,camera_sign_turn_right
38.43369583999993,37754000000,True,True,103,camera_sign_turn_right,turn_right_sign,right,0.48314300270958244,2419,59,41,220,226,camera_sign_turn_right
38.46684653799912,37754000000,True,True,104,camera_sign_turn_right,turn_right_sign,right,0.4814995649283469,2419,59,41,223,226,camera_sign_turn_right
38.50237992899929,37856000000,True,True,105,camera_sign_turn_right,turn_right_sign,right,0.47780440543459224,2419,59,41,225,226,camera_sign_turn_right
38.53270142299971,37856000000,True,True,106,camera_sign_turn_right,turn_right_sign,right,0.4810637211008746,2360,59,40,228,226,camera_sign_turn_right
38.56493573499938,37856000000,True,True,107,camera_sign_turn_right,turn_right_sign,right,0.479291707979395,2360,59,40,234,226,camera_sign_turn_right
38.608464289999574,37957000000,True,True,108,camera_sign_turn_right,turn_right_sign,right,0.4794344811022163,2320,58,40,239,226,camera_sign_turn_right
38.6766865339996,37957000000,True,True,109,camera_sign_turn_right,turn_right_sign,right,0.48408999380470474,2200,55,40,245,227,camera_sign_turn_right
38.6821288809997,37957000000,True,True,110,camera_sign_turn_right,turn_right_sign,right,0.4879616131187995,2106,54,39,250,227,camera_sign_turn_right
38.690230051999606,37957000000,True,True,111,camera_sign_turn_right,turn_right_sign,right,0.48659915077057064,2067,53,39,255,227,camera_sign_turn_right
38.73611402699953,38057000000,True,True,112,camera_sign_turn_right,turn_right_sign,right,0.49263826442549796,1950,50,39,261,227,camera_sign_turn_right
38.780788050999945,38057000000,True,True,113,camera_sign_turn_right,turn_right_sign,right,0.502489146450442,1800,50,36,268,227,camera_sign_turn_right
38.802886245999616,38156000000,True,True,114,camera_sign_turn_right,turn_right_sign,right,0.5016428455991336,1764,49,36,275,228,camera_sign_turn_right
38.84587757399913,38156000000,True,True,115,camera_sign_turn_right,turn_right_sign,right,0.5088641698073035,1620,45,36,281,228,camera_sign_turn_right
38.85525736499949,38156000000,True,True,116,camera_sign_turn_right,turn_right_sign,right,0.5102877431910179,1540,44,35,290,229,camera_sign_turn_right
38.898514991999946,38156000000,True,True,117,camera_sign_turn_right,turn_right_sign,right,0.5151415417597673,1435,41,35,299,229,camera_sign_turn_right
38.93123231399932,38259000000,True,True,118,camera_sign_turn_right,turn_right_sign,right,0.5201138922401479,1326,39,34,307,229,camera_sign_turn_right
38.975831237999955,38259000000,True,True,119,camera_sign_turn_right,turn_right_sign,right,0.5029764830736982,1326,39,34,317,229,camera_sign_turn_right
39.00138599299953,38259000000,True,True,120,camera_sign_turn_right,turn_right_sign,right,0.5237796179578602,1116,36,31,327,230,camera_sign_turn_right
39.03719174999969,38358000000,True,True,121,camera_sign_turn_right,turn_right_sign,right,0.5181810178865525,1054,34,31,337,230,camera_sign_turn_right
39.09199603499928,38358000000,True,True,122,camera_sign_turn_right,turn_right_sign,right,0.5222220436470753,930,31,30,347,230,camera_sign_turn_right
39.10009289299978,38358000000,True,True,123,camera_sign_turn_right,turn_right_sign,right,0.5178521696189874,930,31,30,357,230,camera_sign_turn_right
39.1448443929994,38459000000,True,True,124,camera_sign_turn_right,turn_right_sign,right,0.5150625018833838,841,29,29,366,230,camera_sign_turn_right
39.17776719199992,38459000000,True,True,125,camera_sign_turn_right,turn_right_sign,right,0.5069571370828413,841,29,29,376,230,camera_sign_turn_right
39.23254964899934,38560000000,True,True,126,camera_sign_turn_right,turn_right_sign,right,0.5170658213757565,754,26,29,385,230,camera_sign_turn_right
39.2380737099993,38560000000,True,True,127,camera_sign_turn_right,turn_right_sign,right,0.524010220473891,676,26,26,394,231,camera_sign_turn_right
39.296793730999525,38560000000,True,True,128,camera_sign_turn_right,turn_right_sign,right,0.5268440898525426,624,24,26,403,231,camera_sign_turn_right
39.32030958799987,38660000000,True,True,129,camera_sign_turn_right,turn_right_sign,right,0.5152508420333236,624,24,26,411,231,camera_sign_turn_right
39.32560714199917,38660000000,True,True,130,camera_sign_turn_right,turn_right_sign,right,0.5135495964151497,624,24,26,420,231,camera_sign_turn_right
39.35571656399952,38660000000,True,True,131,camera_sign_turn_right,turn_right_sign,right,0.5089763405036856,598,23,26,428,231,camera_sign_turn_right
39.413468686999295,38760000000,True,True,131,camera_sign_turn_right,turn_right_sign,right,0.5089763405036856,598,23,26,428,231,camera_sign_turn_right
39.43486463799945,38760000000,True,True,131,camera_sign_turn_right,turn_right_sign,right,0.5089763405036856,598,23,26,428,231,camera_sign_turn_right
39.46694455399938,38760000000,True,True,131,camera_sign_turn_right,turn_right_sign,right,0.5089763405036856,598,23,26,428,231,camera_sign_turn_right
39.48888540099961,38760000000,True,True,131,camera_sign_turn_right,turn_right_sign,right,0.5089763405036856,598,23,26,428,231,camera_sign_turn_right
39.54653552699983,38862000000,True,True,131,camera_sign_turn_right,turn_right_sign,right,0.5089763405036856,598,23,26,428,231,camera_sign_turn_right
39.57078564599942,38862000000,True,True,131,camera_sign_turn_right,turn_right_sign,right,0.5089763405036856,598,23,26,428,231,camera_sign_turn_right
39.594231250999655,38862000000,True,True,131,camera_sign_turn_right,turn_right_sign,right,0.5089763405036856,598,23,26,428,231,camera_sign_turn_right
39.64245508899967,38961000000,True,True,131,camera_sign_turn_right,turn_right_sign,right,0.5089763405036856,598,23,26,428,231,camera_sign_turn_right
39.68352609999965,38961000000,True,True,131,camera_sign_turn_right,turn_right_sign,right,0.5089763405036856,598,23,26,428,231,camera_sign_turn_right
39.7148864159999,39060000000,True,True,131,camera_sign_turn_right,turn_right_sign,right,0.5089763405036856,598,23,26,428,231,camera_sign_turn_right
39.74347624699931,39060000000,True,True,132,camera_sign_turn_right,turn_right_sign,right,0.49069130779786596,624,24,26,504,231,camera_sign_turn_right
39.762838793999435,39060000000,True,True,133,camera_sign_turn_right,turn_right_sign,right,0.500559066373832,624,24,26,509,231,camera_sign_turn_right
39.83045195899922,39158000000,True,True,134,camera_sign_turn_right,turn_right_sign,right,0.49472695982331333,624,24,26,515,231,camera_sign_turn_right
39.84823374899952,39158000000,True,True,135,camera_sign_turn_right,turn_right_sign,right,0.5060864980885473,598,23,26,521,231,camera_sign_turn_right
39.87343899499956,39158000000,True,True,136,camera_sign_turn_right,turn_right_sign,right,0.5163825154082207,624,24,26,526,231,camera_sign_turn_right
39.90642188399943,39158000000,True,True,137,camera_sign_turn_right,turn_right_sign,right,0.49157504931500223,676,26,26,531,231,camera_sign_turn_right
39.92922241499946,39260000000,True,True,138,camera_sign_turn_right,turn_right_sign,right,0.5170117478272147,624,24,26,537,231,camera_sign_turn_right
39.96859358399979,39260000000,True,True,139,camera_sign_turn_right,turn_right_sign,right,0.49493542982910793,725,25,29,542,231,camera_sign_turn_right
40.00321533799979,39260000000,True,True,140,camera_sign_turn_right,turn_right_sign,right,0.5020838109067972,725,25,29,547,231,camera_sign_turn_right
40.03741584199997,39363000000,True,True,141,camera_sign_turn_right,turn_right_sign,right,0.504587416217411,725,25,29,552,230,camera_sign_turn_right
40.068730462999156,39363000000,True,True,142,camera_sign_turn_right,turn_right_sign,right,0.510076023829954,725,25,29,556,230,camera_sign_turn_right
40.10299165699962,39363000000,True,True,143,camera_sign_turn_right,turn_right_sign,right,0.5151785066836215,725,25,29,559,231,camera_sign_turn_right
40.1389566379994,39462000000,True,True,144,camera_sign_turn_right,turn_right_sign,right,0.5215911502314535,780,26,30,564,230,camera_sign_turn_right
40.17348118299924,39462000000,True,True,145,camera_sign_turn_right,turn_right_sign,right,0.487926536144989,900,30,30,567,230,camera_sign_turn_right
40.19398138199995,39462000000,True,True,146,camera_sign_turn_right,turn_right_sign,right,0.49672675384697335,870,29,30,572,230,camera_sign_turn_right
40.23393627899986,39564000000,True,True,147,camera_sign_turn_right,turn_right_sign,right,0.5008295085853612,870,29,30,576,230,camera_sign_turn_right
40.26764060699952,39564000000,True,True,148,camera_sign_turn_right,turn_right_sign,right,0.496504812906261,900,30,30,579,230,camera_sign_turn_right
40.30211487699944,39564000000,True,True,149,camera_sign_turn_right,turn_right_sign,right,0.49935508452262994,961,31,31,583,230,camera_sign_turn_right
40.33500495899989,39666000000,True,True,150,camera_sign_turn_right,turn_right_sign,right,0.49881788177758973,961,31,31,587,230,camera_sign_turn_right
40.36759903999973,39666000000,True,True,151,camera_sign_turn_right,turn_right_sign,right,0.5185270243873251,961,31,31,591,229,camera_sign_turn_right
40.402977655999166,39666000000,True,True,152,camera_sign_turn_right,turn_right_sign,right,0.5189098175958485,961,31,31,594,229,camera_sign_turn_right
40.43844676499975,39764000000,True,True,153,camera_sign_turn_right,turn_right_sign,right,0.5072203562127096,1054,31,34,597,229,camera_sign_turn_right
40.471562447,39764000000,True,True,154,camera_sign_turn_right,turn_right_sign,right,0.5161522147967981,1054,31,34,600,229,camera_sign_turn_right
40.516001428999516,39863000000,True,True,155,camera_sign_turn_right,turn_right_sign,right,0.49985066904705205,1156,34,34,602,229,camera_sign_turn_right
40.53868878599951,39863000000,True,True,156,camera_sign_turn_right,turn_right_sign,right,0.5074591839098356,1156,34,34,605,229,camera_sign_turn_right
40.570480990999386,39863000000,True,True,157,camera_sign_turn_right,turn_right_sign,right,0.5073495101497488,1156,34,34,607,229,camera_sign_turn_right
40.5920931339997,39863000000,True,True,158,camera_sign_turn_right,turn_right_sign,right,0.5062222855142829,1190,35,34,610,229,camera_sign_turn_right
40.638281615999404,39965000000,True,True,159,camera_sign_turn_right,turn_right_sign,right,0.5005887430246391,1260,35,36,611,229,camera_sign_turn_right
40.682933007999964,39965000000,True,True,160,camera_sign_turn_right,turn_right_sign,right,0.5059435834634117,1260,35,36,613,229,camera_sign_turn_right
40.7039437279991,39965000000,True,True,161,camera_sign_turn_right,turn_right_sign,right,0.4827148206111473,1404,39,36,615,229,camera_sign_turn_right
40.72940332499911,40064000000,True,True,162,camera_sign_turn_right,turn_right_sign,right,0.5057229353135474,1296,36,36,617,229,camera_sign_turn_right
40.7715251439995,40064000000,True,True,163,camera_sign_turn_right,turn_right_sign,right,0.5091916187808582,1296,36,36,618,228,camera_sign_turn_right
40.79450380899925,40064000000,True,True,164,camera_sign_turn_right,turn_right_sign,right,0.5062108646221479,1296,36,36,619,228,camera_sign_turn_right
40.828982236999764,40163000000,True,True,165,camera_sign_turn_right,turn_right_sign,right,0.47966553276883883,1560,40,39,621,228,camera_sign_turn_right
40.87184447099935,40163000000,True,True,166,camera_sign_turn_right,turn_right_sign,right,0.4880739020435818,1521,39,39,622,228,camera_sign_turn_right
40.89413404899915,40163000000,True,True,167,camera_sign_turn_right,turn_right_sign,right,0.4821275192000864,1560,40,39,623,228,camera_sign_turn_right
40.950469027999134,40264000000,True,True,168,camera_sign_turn_right,turn_right_sign,right,0.4829342483912253,1560,40,39,624,228,camera_sign_turn_right
40.98180446999959,40264000000,True,True,169,camera_sign_turn_right,turn_right_sign,right,0.49394269095243487,1521,39,39,624,228,camera_sign_turn_right
40.996310342999095,40264000000,True,True,170,camera_sign_turn_right,turn_right_sign,right,0.49732987554637076,1521,39,39,625,228,camera_sign_turn_right
41.02746448199923,40364000000,True,True,171,camera_sign_turn_right,turn_right_sign,right,0.4899888073522524,1560,40,39,626,228,camera_sign_turn_right
41.103753533999225,40364000000,True,True,172,camera_sign_turn_right,turn_right_sign,right,0.49606979822151925,1521,39,39,627,228,camera_sign_turn_right
41.10929072899944,40364000000,True,True,173,camera_sign_turn_right,turn_right_sign,right,0.49373653295958586,1560,40,39,627,228,camera_sign_turn_right
41.14951009699962,40465000000,True,True,174,camera_sign_turn_right,turn_right_sign,right,0.5004483998665685,1560,39,40,628,228,camera_sign_turn_right
41.18367201899946,40465000000,True,True,175,camera_sign_turn_right,turn_right_sign,right,0.4964110494737541,1600,40,40,628,228,camera_sign_turn_right
41.206029083999965,40465000000,True,True,176,camera_sign_turn_right,turn_right_sign,right,0.49412156369799753,1600,40,40,628,228,camera_sign_turn_right
41.25188849099959,40565000000,True,True,177,camera_sign_turn_right,turn_right_sign,right,0.5041956095560645,1560,39,40,629,228,camera_sign_turn_right
41.2610816109991,40565000000,True,True,178,camera_sign_turn_right,turn_right_sign,right,0.5036784316176803,1600,40,40,629,228,camera_sign_turn_right
41.29152717499983,40565000000,True,True,179,camera_sign_turn_right,turn_right_sign,right,0.5015705987175195,1600,40,40,629,228,camera_sign_turn_right
41.348845788999824,40666000000,True,True,180,camera_sign_turn_right,turn_right_sign,right,0.5001705844126618,1600,40,40,629,228,camera_sign_turn_right
41.38303500299935,40666000000,True,True,181,camera_sign_turn_right,turn_right_sign,right,0.5022202458207852,1600,40,40,629,228,camera_sign_turn_right
41.41687409699989,40766000000,True,True,182,camera_sign_turn_right,turn_right_sign,right,0.5006988903850034,1600,40,40,629,227,camera_sign_turn_right
41.42592743299974,40766000000,True,True,183,camera_sign_turn_right,turn_right_sign,right,0.4998619691307653,1600,40,40,629,227,camera_sign_turn_right
41.47336027199981,40766000000,True,True,184,camera_sign_turn_right,turn_right_sign,right,0.5011235039149488,1600,40,40,630,227,camera_sign_turn_right
41.52604770599919,40867000000,True,True,185,camera_sign_turn_right,turn_right_sign,right,0.5012991536551062,1600,40,40,629,228,camera_sign_turn_right
41.53703315999974,40867000000,True,True,186,camera_sign_turn_right,turn_right_sign,right,0.4983240747095158,1640,40,41,629,227,camera_sign_turn_right
41.56065173999923,40867000000,True,True,187,camera_sign_turn_right,turn_right_sign,right,0.49928148607060246,1640,40,41,629,227,camera_sign_turn_right
41.62974608499917,40965000000,True,True,188,camera_sign_turn_right,turn_right_sign,right,0.49929867407641254,1640,40,41,629,227,camera_sign_turn_right
41.63517501299975,40965000000,True,True,189,camera_sign_turn_right,turn_right_sign,right,0.4990806962147487,1640,40,41,629,227,camera_sign_turn_right
41.67180493599972,40965000000,True,True,190,camera_sign_turn_right,turn_right_sign,right,0.5003444416682856,1640,40,41,629,227,camera_sign_turn_right
41.71723567599929,40965000000,True,True,191,camera_sign_turn_right,turn_right_sign,right,0.4995872037419419,1681,41,41,630,227,camera_sign_turn_right
41.74549134799963,41066000000,True,True,192,camera_sign_turn_right,turn_right_sign,right,0.5000886571584628,1681,41,41,630,227,camera_sign_turn_right
41.76499418499952,41066000000,True,True,193,camera_sign_turn_right,turn_right_sign,right,0.4982668291340379,1681,41,41,630,227,camera_sign_turn_right
41.79738261199964,41066000000,True,True,194,camera_sign_turn_right,turn_right_sign,right,0.49680891058062404,1681,41,41,630,227,camera_sign_turn_right
41.829248621999795,41166000000,True,True,195,camera_sign_turn_right,turn_right_sign,right,0.508636030442037,1640,40,41,630,227,camera_sign_turn_right
41.86500187999991,41166000000,True,True,196,camera_sign_turn_right,turn_right_sign,right,0.5081325722968343,1640,40,41,630,227,camera_sign_turn_right
41.897271584999544,41166000000,True,True,197,camera_sign_turn_right,turn_right_sign,right,0.507201465210098,1640,40,41,630,227,camera_sign_turn_right
41.941790157999094,41265000000,True,True,198,camera_sign_turn_right,turn_right_sign,right,0.49910874298207175,1804,41,44,631,227,camera_sign_turn_right
41.974180980999336,41265000000,True,True,199,camera_sign_turn_right,turn_right_sign,right,0.49738203348923615,1804,41,44,631,227,camera_sign_turn_right
42.00605068099958,41265000000,True,True,200,camera_sign_turn_right,turn_right_sign,right,0.49711172034374945,1804,41,44,631,227,camera_sign_turn_right
42.026738969999315,41369000000,True,True,201,camera_sign_turn_right,turn_right_sign,right,0.5040915215041692,1804,41,44,631,227,camera_sign_turn_right
42.10545589399953,41369000000,True,True,202,camera_sign_turn_right,turn_right_sign,right,0.5013430187570335,1804,41,44,632,227,camera_sign_turn_right
42.11627683899951,41369000000,True,True,203,camera_sign_turn_right,turn_right_sign,right,0.5005537872956078,1804,41,44,632,227,camera_sign_turn_right
42.14690871899984,41472000000,True,True,204,camera_sign_turn_right,turn_right_sign,right,0.5050065802827951,1804,41,44,632,227,camera_sign_turn_right
42.18099294999956,41472000000,True,True,205,camera_sign_turn_right,turn_right_sign,right,0.5025925450413982,1804,41,44,633,226,camera_sign_turn_right
42.20182833099989,41472000000,True,True,206,camera_sign_turn_right,turn_right_sign,right,0.4894478602486841,1936,44,44,633,227,camera_sign_turn_right
42.23002796699984,41571000000,True,True,207,camera_sign_turn_right,turn_right_sign,right,0.5053617177922398,1845,41,45,634,226,camera_sign_turn_right
42.29322724299982,41571000000,True,True,208,camera_sign_turn_right,turn_right_sign,right,0.49286341499569264,1980,44,45,634,226,camera_sign_turn_right
42.29954565999924,41571000000,True,True,209,camera_sign_turn_right,turn_right_sign,right,0.5082546260100759,1845,41,45,635,226,camera_sign_turn_right
42.359195109999746,41672000000,True,True,210,camera_sign_turn_right,turn_right_sign,right,0.49408036438249575,1980,44,45,635,226,camera_sign_turn_right
42.36500199599959,41672000000,True,True,211,camera_sign_turn_right,turn_right_sign,right,0.5092235374461711,1845,41,45,636,226,camera_sign_turn_right
42.413882190999175,41672000000,True,True,212,camera_sign_turn_right,turn_right_sign,right,0.49639936557280284,1980,44,45,636,226,camera_sign_turn_right
42.42669193999973,41770000000,True,True,213,camera_sign_turn_right,turn_right_sign,right,0.5124084645394705,1845,41,45,637,226,camera_sign_turn_right
42.469678447999286,41770000000,True,True,214,camera_sign_turn_right,turn_right_sign,right,0.4980111328697071,1980,44,45,637,226,camera_sign_turn_right
42.493977619999896,41770000000,True,True,215,camera_sign_turn_right,turn_right_sign,right,0.4921211714374631,2112,44,48,638,226,camera_sign_turn_right
42.53680252099912,41873000000,True,True,216,camera_sign_turn_right,turn_right_sign,right,0.5001109690999129,2112,44,48,639,226,camera_sign_turn_right
42.55769266799962,41873000000,True,True,217,camera_sign_turn_right,turn_right_sign,right,0.4918408137072064,2160,45,48,640,226,camera_sign_turn_right
42.5956893599996,41873000000,True,True,218,camera_sign_turn_right,turn_right_sign,right,0.496363474868726,2112,44,48,640,226,camera_sign_turn_right
42.63772506799978,41971000000,True,True,219,camera_sign_turn_right,turn_right_sign,right,0.4992077565244418,2112,44,48,641,226,camera_sign_turn_right
42.68576636399939,41971000000,True,True,220,camera_sign_turn_right,turn_right_sign,right,0.49951632028907883,2112,44,48,642,225,camera_sign_turn_right
42.71575464699981,41971000000,True,True,221,camera_sign_turn_right,turn_right_sign,right,0.4925163737653676,2205,45,49,643,225,camera_sign_turn_right
42.739726613999665,42071000000,True,True,222,camera_sign_turn_right,turn_right_sign,right,0.4949002476035373,2205,45,49,644,225,camera_sign_turn_right
42.783703806999256,42071000000,True,True,223,camera_sign_turn_right,turn_right_sign,right,0.4981655297789268,2205,45,49,645,225,camera_sign_turn_right
42.82849250799973,42173000000,True,True,224,camera_sign_turn_right,turn_right_sign,right,0.48968715751806363,2352,48,49,646,225,camera_sign_turn_right
42.840705042999616,42173000000,True,True,225,camera_sign_turn_right,turn_right_sign,right,0.4919649090992188,2352,48,49,647,225,camera_sign_turn_right
42.861195030999625,42173000000,True,True,226,camera_sign_turn_right,turn_right_sign,right,0.49220744189206656,2352,48,49,648,225,camera_sign_turn_right
42.94274478099942,42275000000,True,True,227,camera_sign_turn_right,turn_right_sign,right,0.4933742283738409,2400,48,50,649,225,camera_sign_turn_right
42.94916349699997,42275000000,True,True,228,camera_sign_turn_right,turn_right_sign,right,0.4932925133840616,2400,48,50,650,225,camera_sign_turn_right
42.96247997999944,42275000000,True,True,229,camera_sign_turn_right,turn_right_sign,right,0.49480563160839647,2400,48,50,651,225,camera_sign_turn_right
43.00752484399982,42275000000,True,True,230,camera_sign_turn_right,turn_right_sign,right,0.4930946390680554,2450,49,50,653,225,camera_sign_turn_right
43.04570039199916,42372000000,True,True,231,camera_sign_turn_right,turn_right_sign,right,0.4923062932657194,2450,49,50,654,225,camera_sign_turn_right
43.09279687099934,42372000000,True,True,232,camera_sign_turn_right,turn_right_sign,right,0.4936989537205411,2597,49,53,655,224,camera_sign_turn_right
43.133179776999896,42469000000,True,True,233,camera_sign_turn_right,turn_right_sign,right,0.4977091955587721,2597,49,53,657,224,camera_sign_turn_right
43.142819346999204,42469000000,True,True,234,camera_sign_turn_right,turn_right_sign,right,0.49253952309831617,2597,49,53,658,224,camera_sign_turn_right
43.17471935099911,42469000000,True,True,235,camera_sign_turn_right,turn_right_sign,right,0.4925679587747208,2650,50,53,659,224,camera_sign_turn_right
43.2103688749994,42469000000,True,True,236,camera_sign_turn_right,turn_right_sign,right,0.49257227722932434,2650,50,53,661,224,camera_sign_turn_right
43.23178992799967,42572000000,True,True,237,camera_sign_turn_right,turn_right_sign,right,0.496006813260383,2700,50,54,662,224,camera_sign_turn_right
43.276961359999405,42572000000,True,True,238,camera_sign_turn_right,turn_right_sign,right,0.5001354877050684,2650,50,53,663,224,camera_sign_turn_right
43.31014004199915,42572000000,True,True,239,camera_sign_turn_right,turn_right_sign,right,0.4896346994879219,2809,53,53,665,223,camera_sign_turn_right
43.33224851699924,42673000000,True,True,240,camera_sign_turn_right,turn_right_sign,right,0.5031150803916952,2650,50,53,666,223,camera_sign_turn_right
43.38653527399947,42673000000,True,True,241,camera_sign_turn_right,turn_right_sign,right,0.49225630014102806,2862,53,54,668,223,camera_sign_turn_right
43.40812308199929,42673000000,True,True,242,camera_sign_turn_right,turn_right_sign,right,0.49096086984373016,2916,54,54,669,223,camera_sign_turn_right
43.44238919499912,42773000000,True,True,243,camera_sign_turn_right,turn_right_sign,right,0.49573884114812694,2862,53,54,671,223,camera_sign_turn_right
43.47268141599943,42773000000,True,True,244,camera_sign_turn_right,turn_right_sign,right,0.4930667541749583,2916,54,54,672,223,camera_sign_turn_right
43.5075130009991,42773000000,True,True,245,camera_sign_turn_right,turn_right_sign,right,0.49917810082781,2970,54,55,674,222,camera_sign_turn_right
43.571136229999865,42877000000,True,True,246,camera_sign_turn_right,turn_right_sign,right,0.4959376777812214,2970,54,55,675,222,camera_sign_turn_right
43.576030730999264,42877000000,True,True,247,camera_sign_turn_right,turn_right_sign,right,0.49867874722180533,2970,54,55,677,222,camera_sign_turn_right
43.595895022999684,42877000000,True,True,248,camera_sign_turn_right,turn_right_sign,right,0.49652451270471837,3025,55,55,679,222,camera_sign_turn_right
43.65683127799912,42975000000,True,True,249,camera_sign_turn_right,turn_right_sign,right,0.49575679822299096,3190,55,58,680,222,camera_sign_turn_right
43.69882077899911,42975000000,True,True,250,camera_sign_turn_right,turn_right_sign,right,0.4848672597310226,3364,58,58,682,222,camera_sign_turn_right
43.70935367099992,42975000000,True,True,251,camera_sign_turn_right,turn_right_sign,right,0.48869817586271574,3364,58,58,684,222,camera_sign_turn_right
43.74176961199919,43076000000,True,True,252,camera_sign_turn_right,turn_right_sign,right,0.49011769773529495,3422,58,59,686,221,camera_sign_turn_right
43.774478423999426,43076000000,True,True,253,camera_sign_turn_right,turn_right_sign,right,0.4923689629256838,3422,58,59,688,221,camera_sign_turn_right
43.82118326,43076000000,True,True,254,camera_sign_turn_right,turn_right_sign,right,0.49317189941481077,3422,58,59,690,221,camera_sign_turn_right
43.85399587499978,43177000000,True,True,255,camera_sign_turn_right,turn_right_sign,right,0.4939192926654651,3540,59,60,692,221,camera_sign_turn_right
43.875046249999286,43177000000,True,True,256,camera_sign_turn_right,turn_right_sign,right,0.4950734263002931,3540,59,60,695,221,camera_sign_turn_right
43.90731294499983,43177000000,True,True,257,camera_sign_turn_right,turn_right_sign,right,0.49535511138676086,3600,60,60,697,221,camera_sign_turn_right
43.97650575699936,43277000000,True,True,258,camera_sign_turn_right,turn_right_sign,right,0.4898063160421278,3780,60,63,699,221,camera_sign_turn_right
43.982467311999244,43277000000,True,True,259,camera_sign_turn_right,turn_right_sign,right,0.4832378878634811,3969,63,63,702,220,camera_sign_turn_right
44.018078883999806,43277000000,True,True,260,camera_sign_turn_right,turn_right_sign,right,0.48111758057851495,3969,63,63,704,220,camera_sign_turn_right
44.042998915999306,43377000000,True,True,261,camera_sign_turn_right,turn_right_sign,right,0.4874782414041276,4032,63,64,707,220,camera_sign_turn_right
44.07450225299999,43377000000,True,True,262,camera_sign_turn_right,turn_right_sign,right,0.4829879794271168,4096,64,64,709,219,camera_sign_turn_right
44.107661607999944,43377000000,True,True,263,camera_sign_turn_right,turn_right_sign,right,0.4812477046160788,4352,64,68,712,219,camera_sign_turn_right
44.14206620799996,43476000000,True,True,264,camera_sign_turn_right,turn_right_sign,right,0.4803146805951638,4420,65,68,715,219,camera_sign_turn_right
44.17629000699981,43476000000,True,True,265,camera_sign_turn_right,turn_right_sign,right,0.48232665231008437,4420,65,68,718,219,camera_sign_turn_right
44.21082591399954,43476000000,True,True,266,camera_sign_turn_right,turn_right_sign,right,0.47315601030508664,4692,68,69,721,218,camera_sign_turn_right
44.234198571999514,43576000000,True,True,267,camera_sign_turn_right,turn_right_sign,right,0.47558706332922485,4761,69,69,724,218,camera_sign_turn_right
44.266339118999895,43576000000,True,True,268,camera_sign_turn_right,turn_right_sign,right,0.4785509741453998,4830,69,70,727,218,camera_sign_turn_right
44.310969402999945,43576000000,True,True,269,camera_sign_turn_right,turn_right_sign,right,0.47930971326773353,4830,69,70,730,218,camera_sign_turn_right
44.37991213299938,43675000000,True,True,270,camera_sign_turn_right,turn_right_sign,right,0.46790119184566625,5329,73,73,733,217,camera_sign_turn_right
44.38619827999992,43675000000,True,False,1,camera_sign_turn_left,turn_left_sign,left,0.4701681557886544,5329,73,73,736,217,camera_sign_turn_right
44.41350980399966,43675000000,True,False,1,camera_sign_turn_right,turn_right_sign,right,0.4715900312771784,5476,74,74,739,217,camera_sign_turn_right
44.44339476499954,43777000000,True,False,1,camera_sign_turn_left,turn_left_sign,left,0.47160552289375685,5550,75,74,743,217,camera_sign_turn_right
44.46428500799993,43777000000,True,True,2,camera_sign_turn_left,turn_left_sign,left,0.4730797808644767,5625,75,75,746,217,camera_sign_turn_left
44.51994041099988,43777000000,True,False,1,camera_sign_turn_right,turn_right_sign,right,0.47042501876645515,5850,75,78,750,216,camera_sign_turn_left
44.56522720999965,43879000000,True,False,1,camera_sign_turn_left,turn_left_sign,left,0.4678439236941314,6162,78,79,753,216,camera_sign_turn_left
44.58724827399965,43879000000,True,True,2,camera_sign_turn_left,turn_left_sign,left,0.47122170313324896,6320,79,80,759,216,camera_sign_turn_left
44.62893310599975,43879000000,True,True,3,camera_sign_turn_left,turn_left_sign,left,0.46707615509910816,6889,83,83,767,215,camera_sign_turn_left
44.63438522699926,43980000000,True,True,4,camera_sign_turn_left,turn_left_sign,left,0.46933547413587023,7140,85,84,775,215,camera_sign_turn_left
44.68615678699916,43980000000,True,True,5,camera_sign_turn_left,turn_left_sign,left,0.4710099025589091,7480,88,85,782,215,camera_sign_turn_left
44.70783613399999,43980000000,True,True,6,camera_sign_turn_left,turn_left_sign,left,0.4706351663656773,7832,89,88,790,214,camera_sign_turn_left
44.732590906999576,44079000000,True,True,7,camera_sign_turn_left,turn_left_sign,left,0.47130664724491234,8277,93,89,798,214,camera_sign_turn_left
44.77465190299972,44079000000,True,True,8,camera_sign_turn_left,turn_left_sign,left,0.4755070455262153,8460,94,90,806,213,camera_sign_turn_left
44.80843356999958,44079000000,True,True,9,camera_sign_turn_left,turn_left_sign,left,0.4730167222693353,9114,98,93,814,213,camera_sign_turn_left
44.83102196099935,44079000000,True,True,10,camera_sign_turn_left,turn_left_sign,left,0.47632806157476565,9400,100,94,822,212,camera_sign_turn_left
44.88344970699927,44180000000,True,True,11,camera_sign_turn_left,turn_left_sign,left,0.47297531546819926,10094,103,98,830,212,camera_sign_turn_left
44.90950384899952,44180000000,True,True,12,camera_sign_turn_left,turn_left_sign,left,0.4756275505956007,10395,105,99,838,211,camera_sign_turn_left
44.9521039049996,44280000000,True,True,13,camera_sign_turn_left,turn_left_sign,left,0.4757786329819758,11000,110,100,847,211,camera_sign_turn_left
44.985852789999626,44280000000,True,True,14,camera_sign_turn_left,turn_left_sign,left,0.4752759886367322,11742,114,103,855,210,camera_sign_turn_left
44.9972976199997,44280000000,True,True,15,camera_sign_turn_left,turn_left_sign,left,0.4762185907215741,12075,115,105,864,210,camera_sign_turn_left
45.03950174599959,44382000000,True,True,16,camera_sign_turn_left,turn_left_sign,left,0.4759177311109277,12852,119,108,873,209,camera_sign_turn_left
45.07181066999965,44382000000,True,True,17,camera_sign_turn_left,turn_left_sign,left,0.4774451342418931,13516,124,109,881,209,camera_sign_turn_left
45.10861784399913,44382000000,True,True,18,camera_sign_turn_left,turn_left_sign,left,0.4748394982652642,14464,128,113,891,208,camera_sign_turn_left
45.14091153999925,44481000000,True,True,19,camera_sign_turn_left,turn_left_sign,left,0.48055834201462955,14136,124,114,900,207,camera_sign_turn_left
45.162485590999495,44481000000,True,True,20,camera_sign_turn_left,turn_left_sign,left,0.4905449048265781,13340,116,115,909,207,camera_sign_turn_left
45.208257344999765,44481000000,True,True,21,camera_sign_turn_left,turn_left_sign,left,0.4794754001005809,13080,109,120,918,206,camera_sign_turn_left
45.24384679499963,44580000000,True,True,22,camera_sign_turn_left,turn_left_sign,left,0.4803597578065384,12054,98,123,924,207,camera_sign_turn_left
45.287788933999764,44580000000,True,True,23,camera_sign_turn_left,turn_left_sign,left,0.48068349056207993,11049,87,127,929,207,camera_sign_turn_left
45.29682259299989,44580000000,True,True,24,camera_sign_turn_left,turn_left_sign,left,0.483964678804133,9600,75,128,934,208,camera_sign_turn_left
45.35194643499926,44683000000,True,True,25,camera_sign_turn_left,turn_left_sign,left,0.48733308986986446,8128,64,127,938,209,camera_sign_turn_left
45.38483457999973,44683000000,True,True,26,camera_sign_turn_left,turn_left_sign,left,0.4868309002317964,6642,54,123,941,210,camera_sign_turn_left
45.409927100999994,44683000000,True,True,27,camera_sign_turn_left,turn_left_sign,left,0.4907417311951917,4830,42,115,945,210,camera_sign_turn_left
45.43532978699932,44683000000,True,False,1,camera_sign_turn_right,turn_right_sign,right,0.5151392299241827,3045,29,105,950,213,camera_sign_turn_left
45.4793932929997,44780000000,True,True,2,camera_sign_turn_right,turn_right_sign,right,0.5051426644329259,1512,18,84,954,215,camera_sign_turn_left
45.520595091999894,44780000000,True,True,2,camera_sign_turn_right,turn_right_sign,right,0.5051426644329259,1512,18,84,954,215,camera_sign_turn_left
45.558109687999604,44883000000,True,True,2,camera_sign_turn_right,turn_right_sign,right,0.5051426644329259,1512,18,84,954,215,camera_sign_turn_left
45.599099787999876,44883000000,True,True,2,camera_sign_turn_right,turn_right_sign,right,0.5051426644329259,1512,18,84,954,215,camera_sign_turn_left
45.60973485199975,44883000000,True,True,2,camera_sign_turn_right,turn_right_sign,right,0.5051426644329259,1512,18,84,954,215,camera_sign_turn_left
45.641677125999195,44982000000,True,True,2,camera_sign_turn_right,turn_right_sign,right,0.5051426644329259,1512,18,84,954,215,camera_sign_turn_left
45.66559953899923,44982000000,True,True,2,camera_sign_turn_right,turn_right_sign,right,0.5051426644329259,1512,18,84,954,215,camera_sign_turn_left
45.722245326999655,44982000000,True,True,2,camera_sign_turn_right,turn_right_sign,right,0.5051426644329259,1512,18,84,954,215,camera_sign_turn_left
45.74455277999914,45081000000,True,True,2,camera_sign_turn_right,turn_right_sign,right,0.5051426644329259,1512,18,84,954,215,camera_sign_turn_left
45.790744323999206,45081000000,True,True,2,camera_sign_turn_right,turn_right_sign,right,0.5051426644329259,1512,18,84,954,215,camera_sign_turn_left
45.797884477999105,45081000000,True,True,2,camera_sign_turn_right,turn_right_sign,right,0.5051426644329259,1512,18,84,954,215,camera_sign_turn_left
45.843059321999135,45182000000,True,True,2,camera_sign_turn_right,turn_right_sign,right,0.5051426644329259,1512,18,84,954,215,camera_sign_turn_left
45.890597906999574,45182000000,True,True,2,camera_sign_turn_right,turn_right_sign,right,0.5051426644329259,1512,18,84,954,215,camera_sign_turn_left
45.90915024899914,45182000000,True,True,2,camera_sign_turn_right,turn_right_sign,right,0.5051426644329259,1512,18,84,954,215,camera_sign_turn_left
45.957136672999695,45283000000,False,False,0,,,,0.0,0,0,0,0,0,camera_sign_turn_left
45.96867157199995,45283000000,False,False,0,,,,0.0,0,0,0,0,0,camera_sign_turn_left
46.01021385199965,45283000000,False,False,0,,,,0.0,0,0,0,0,0,camera_sign_turn_left
46.03221145599946,45283000000,False,False,0,,,,0.0,0,0,0,0,0,camera_sign_turn_left
46.06512676699913,45385000000,False,False,0,,,,0.0,0,0,0,0,0,camera_sign_turn_left
46.13384953399964,45385000000,False,False,0,,,,0.0,0,0,0,0,0,camera_sign_turn_left
46.14063219599939,45479000000,False,False,0,,,,0.0,0,0,0,0,0,camera_sign_turn_left
46.192137905999516,45479000000,False,False,0,,,,0.0,0,0,0,0,0,camera_sign_turn_left
46.21245138999984,45479000000,False,False,0,,,,0.0,0,0,0,0,0,camera_sign_turn_left
46.25932900999942,45582000000,False,False,0,,,,0.0,0,0,0,0,0,camera_sign_turn_left
46.26742589499918,45582000000,False,False,0,,,,0.0,0,0,0,0,0,camera_sign_turn_left
46.3092039889998,45582000000,False,False,0,,,,0.0,0,0,0,0,0,camera_sign_turn_left
46.36539210399951,45684000000,False,False,0,,,,0.0,0,0,0,0,0,camera_sign_turn_left
46.37586923299932,45684000000,False,False,0,,,,0.0,0,0,0,0,0,camera_sign_turn_left
46.39919986299992,45684000000,False,False,0,,,,0.0,0,0,0,0,0,camera_sign_turn_left
46.45806997899945,45784000000,False,False,0,,,,0.0,0,0,0,0,0,camera_sign_turn_left
46.47509078799976,45784000000,False,False,0,,,,0.0,0,0,0,0,0,camera_sign_turn_left
46.49740770899916,45784000000,False,False,0,,,,0.0,0,0,0,0,0,camera_sign_turn_left
46.54052530399986,45886000000,False,False,0,,,,0.0,0,0,0,0,0,camera_sign_turn_left
46.574576693999916,45886000000,False,False,0,,,,0.0,0,0,0,0,0,camera_sign_turn_left
46.60790330099917,45886000000,False,False,0,,,,0.0,0,0,0,0,0,camera_sign_turn_left
46.632636334999916,45886000000,False,False,0,,,,0.0,0,0,0,0,0,camera_sign_turn_left
46.7104916039998,45988000000,False,False,0,,,,0.0,0,0,0,0,0,camera_sign_turn_left
46.72203445199921,45988000000,False,False,0,,,,0.0,0,0,0,0,0,camera_sign_turn_left
46.74887302099978,46087000000,False,False,0,,,,0.0,0,0,0,0,0,camera_sign_turn_left
46.77869266899961,46087000000,False,False,0,,,,0.0,0,0,0,0,0,camera_sign_turn_left
46.833911940999315,46087000000,False,False,0,,,,0.0,0,0,0,0,0,camera_sign_turn_left
46.85688266299985,46188000000,False,False,0,,,,0.0,0,0,0,0,0,camera_sign_turn_left
46.86616047199914,46188000000,False,False,0,,,,0.0,0,0,0,0,0,camera_sign_turn_left
46.977287062999494,46287000000,False,False,0,,,,0.0,0,0,0,0,0,camera_sign_turn_left
46.98283472899948,46287000000,False,False,0,,,,0.0,0,0,0,0,0,camera_sign_turn_left
46.988219737999316,46287000000,False,False,0,,,,0.0,0,0,0,0,0,camera_sign_turn_left
46.997919440999794,46287000000,False,False,0,,,,0.0,0,0,0,0,0,camera_sign_turn_left
47.04318162599975,46388000000,False,False,0,,,,0.0,0,0,0,0,0,camera_sign_turn_left
47.07958727499954,46388000000,False,False,0,,,,0.0,0,0,0,0,0,camera_sign_turn_left
47.10853749499984,46388000000,True,False,1,camera_sign_turn_right,turn_right_sign,right,0.3304134213544971,765,17,45,320,263,camera_sign_turn_left
47.14630855499945,46488000000,True,False,1,camera_sign_turn_right,turn_right_sign,right,0.3304134213544971,765,17,45,320,263,camera_sign_turn_left
47.167498954999246,46488000000,True,False,1,camera_sign_turn_right,turn_right_sign,right,0.3304134213544971,765,17,45,320,263,camera_sign_turn_left
47.20089421399916,46488000000,True,False,1,camera_sign_turn_right,turn_right_sign,right,0.3304134213544971,765,17,45,320,263,camera_sign_turn_left
47.244950782999695,46587000000,True,False,1,camera_sign_turn_right,turn_right_sign,right,0.3304134213544971,765,17,45,320,263,camera_sign_turn_left
47.28117107699927,46587000000,True,False,1,camera_sign_turn_right,turn_right_sign,right,0.3304134213544971,765,17,45,320,263,camera_sign_turn_left
47.32406880999952,46587000000,True,False,1,camera_sign_turn_right,turn_right_sign,right,0.3304134213544971,765,17,45,320,263,camera_sign_turn_left
47.357254655999895,46689000000,True,False,1,camera_sign_turn_right,turn_right_sign,right,0.3304134213544971,765,17,45,320,263,camera_sign_turn_left
47.390216629999486,46689000000,True,False,1,camera_sign_turn_right,turn_right_sign,right,0.3304134213544971,765,17,45,320,263,camera_sign_turn_left
47.41460230099983,46689000000,True,True,2,camera_sign_turn_right,turn_right_sign,right,0.520792378134893,1044,36,29,15,231,camera_sign_turn_left
47.44491984099932,46789000000,True,True,2,camera_sign_turn_right,turn_right_sign,right,0.520792378134893,1044,36,29,15,231,camera_sign_turn_left
47.49547112399978,46789000000,True,True,2,camera_sign_turn_right,turn_right_sign,right,0.520792378134893,1044,36,29,15,231,camera_sign_turn_left
47.50436533099946,46789000000,True,True,2,camera_sign_turn_right,turn_right_sign,right,0.520792378134893,1044,36,29,15,231,camera_sign_turn_left
47.54736316199978,46889000000,True,True,2,camera_sign_turn_right,turn_right_sign,right,0.520792378134893,1044,36,29,15,231,camera_sign_turn_left
47.582803672999944,46889000000,True,True,2,camera_sign_turn_right,turn_right_sign,right,0.520792378134893,1044,36,29,15,231,camera_sign_turn_left
47.6136244649997,46889000000,True,True,2,camera_sign_turn_right,turn_right_sign,right,0.520792378134893,1044,36,29,15,231,camera_sign_turn_left
47.64916603799975,46990000000,True,True,2,camera_sign_turn_right,turn_right_sign,right,0.520792378134893,1044,36,29,15,231,camera_sign_turn_left
47.67160149099982,46990000000,True,True,2,camera_sign_turn_right,turn_right_sign,right,0.520792378134893,1044,36,29,15,231,camera_sign_turn_left
47.70270956399963,46990000000,True,True,2,camera_sign_turn_right,turn_right_sign,right,0.520792378134893,1044,36,29,15,231,camera_sign_turn_left
47.73802863699984,46990000000,True,True,2,camera_sign_turn_right,turn_right_sign,right,0.520792378134893,1044,36,29,15,231,camera_sign_turn_left
47.780437367999184,47092000000,True,True,2,camera_sign_turn_right,turn_right_sign,right,0.520792378134893,1044,36,29,15,231,camera_sign_turn_left
47.81404691199987,47092000000,True,True,2,camera_sign_turn_right,turn_right_sign,right,0.520792378134893,1044,36,29,15,231,camera_sign_turn_left
47.87032754399934,47191000000,False,False,0,,,,0.0,0,0,0,0,0,camera_sign_turn_left
47.875733212999876,47191000000,False,False,0,,,,0.0,0,0,0,0,0,camera_sign_turn_left
47.91703183399932,47191000000,False,False,0,,,,0.0,0,0,0,0,0,camera_sign_turn_left
47.95050096799969,47287000000,False,False,0,,,,0.0,0,0,0,0,0,camera_sign_turn_left
47.98304613399978,47287000000,False,False,0,,,,0.0,0,0,0,0,0,camera_sign_turn_left
48.01677363999988,47287000000,False,False,0,,,,0.0,0,0,0,0,0,camera_sign_turn_left
48.06045577899931,47391000000,False,False,0,,,,0.0,0,0,0,0,0,camera_sign_turn_left
48.070174958999814,47391000000,False,False,0,,,,0.0,0,0,0,0,0,camera_sign_turn_left
48.116457735999575,47391000000,False,False,0,,,,0.0,0,0,0,0,0,camera_sign_turn_left
48.15778247599974,47494000000,False,False,0,,,,0.0,0,0,0,0,0,camera_sign_turn_left
48.17145514599997,47494000000,False,False,0,,,,0.0,0,0,0,0,0,camera_sign_turn_left
48.21551671999987,47494000000,False,False,0,,,,0.0,0,0,0,0,0,camera_sign_turn_left
48.24808076499994,47494000000,False,False,0,,,,0.0,0,0,0,0,0,camera_sign_turn_left
48.27265896899917,47594000000,False,False,0,,,,0.0,0,0,0,0,0,camera_sign_turn_left
48.31444515899966,47594000000,False,False,0,,,,0.0,0,0,0,0,0,camera_sign_turn_left
48.349599931999364,47594000000,False,False,0,,,,0.0,0,0,0,0,0,camera_sign_turn_left
48.38252520699916,47693000000,False,False,0,,,,0.0,0,0,0,0,0,camera_sign_turn_left
48.40445023999928,47693000000,False,False,0,,,,0.0,0,0,0,0,0,camera_sign_turn_left
48.45079164699928,47693000000,False,False,0,,,,0.0,0,0,0,0,0,camera_sign_turn_left
48.48342277899974,47792000000,False,False,0,,,,0.0,0,0,0,0,0,camera_sign_turn_left
48.515205361999506,47792000000,True,False,1,camera_sign_turn_left,turn_left_sign,left,0.3775083938147361,720,16,45,621,263,camera_sign_turn_left
48.559377533999395,47897000000,True,False,1,camera_sign_turn_left,turn_left_sign,left,0.3775083938147361,720,16,45,621,263,camera_sign_turn_left
48.582178295999256,47897000000,True,False,1,camera_sign_turn_left,turn_left_sign,left,0.3775083938147361,720,16,45,621,263,camera_sign_turn_left
48.59879418999935,47897000000,True,False,1,camera_sign_turn_left,turn_left_sign,left,0.3775083938147361,720,16,45,621,263,camera_sign_turn_left
48.63614841799972,47897000000,True,False,1,camera_sign_turn_left,turn_left_sign,left,0.3775083938147361,720,16,45,621,263,camera_sign_turn_left
48.682310205999784,47996000000,True,False,1,camera_sign_turn_left,turn_left_sign,left,0.3775083938147361,720,16,45,621,263,camera_sign_turn_left
48.73882611999943,47996000000,True,False,1,camera_sign_turn_left,turn_left_sign,left,0.3775083938147361,720,16,45,621,263,camera_sign_turn_left
48.759171017999506,48098000000,True,False,1,camera_sign_turn_left,turn_left_sign,left,0.3775083938147361,720,16,45,621,263,camera_sign_turn_left
48.7889653179991,48098000000,True,False,1,camera_sign_turn_left,turn_left_sign,left,0.3775083938147361,720,16,45,621,263,camera_sign_turn_left
48.813786684999286,48098000000,True,False,1,camera_sign_turn_left,turn_left_sign,left,0.3775083938147361,720,16,45,621,263,camera_sign_turn_left
48.83726390999982,48098000000,True,False,1,camera_sign_turn_left,turn_left_sign,left,0.3775083938147361,720,16,45,621,263,camera_sign_turn_left
48.87035349499911,48196000000,True,False,1,camera_sign_turn_left,turn_left_sign,left,0.3775083938147361,720,16,45,621,263,camera_sign_turn_left
48.914218038999934,48196000000,True,False,1,camera_sign_turn_left,turn_left_sign,left,0.3775083938147361,720,16,45,621,263,camera_sign_turn_left
48.97052777499994,48298000000,False,False,0,,,,0.0,0,0,0,0,0,camera_sign_turn_left
48.97651327499989,48298000000,False,False,0,,,,0.0,0,0,0,0,0,camera_sign_turn_left
49.016491440999744,48298000000,False,False,0,,,,0.0,0,0,0,0,0,camera_sign_turn_left
49.05970828499994,48396000000,False,False,0,,,,0.0,0,0,0,0,0,camera_sign_turn_left
49.08364204499958,48396000000,False,False,0,,,,0.0,0,0,0,0,0,camera_sign_turn_left
49.11352737299967,48396000000,False,False,0,,,,0.0,0,0,0,0,0,camera_sign_turn_left
49.14582275199973,48396000000,False,False,0,,,,0.0,0,0,0,0,0,camera_sign_turn_left
49.19171393999932,48500000000,False,False,0,,,,0.0,0,0,0,0,0,camera_sign_turn_left
49.22529769099947,48500000000,True,False,1,camera_sign_speed_limit,speed_limit_sign,,0.38480632898915934,930,30,31,664,205,camera_sign_turn_left
49.263771458999145,48601000000,True,True,2,camera_sign_speed_limit,speed_limit_sign,,0.40052321425805415,1271,41,31,669,203,camera_sign_turn_left
49.27047233599933,48601000000,True,True,3,camera_sign_speed_limit,speed_limit_sign,,0.41209447161229806,1394,41,34,669,203,camera_sign_turn_left
49.326880437999534,48601000000,True,True,4,camera_sign_speed_limit,speed_limit_sign,,0.4077778288869588,1394,41,34,669,203,camera_sign_turn_left
49.36009885599924,48699000000,True,True,5,camera_sign_speed_limit,speed_limit_sign,,0.3808319400164514,1271,41,31,669,203,camera_sign_turn_left
49.38248254299924,48699000000,True,True,6,camera_sign_speed_limit,speed_limit_sign,,0.3810262584945405,1271,41,31,669,203,camera_sign_turn_left
49.43702036299965,48699000000,True,True,7,camera_sign_speed_limit,speed_limit_sign,,0.3803346389699835,1271,41,31,669,203,camera_sign_turn_left
49.44764498799941,48699000000,True,True,8,camera_sign_speed_limit,speed_limit_sign,,0.40387391162024056,1394,41,34,669,203,camera_sign_turn_left
49.49390824799957,48799000000,True,True,9,camera_sign_speed_limit,speed_limit_sign,,0.3937733833725217,1394,41,34,669,202,camera_sign_turn_left
49.52771256899996,48799000000,True,True,10,camera_sign_speed_limit,speed_limit_sign,,0.41091650434110516,1540,44,35,669,202,camera_sign_turn_left
49.5526153589999,48799000000,True,True,11,camera_sign_speed_limit,speed_limit_sign,,0.39971024377615294,1364,44,31,669,202,camera_sign_turn_left
49.587457020999864,48900000000,True,True,12,camera_sign_speed_limit,speed_limit_sign,,0.3998027888157455,1364,44,31,669,202,camera_sign_turn_left
49.61773880099918,48900000000,True,True,13,camera_sign_speed_limit,speed_limit_sign,,0.3739829434768419,1271,41,31,670,202,camera_sign_turn_left
49.653984538999794,48900000000,True,True,14,camera_sign_speed_limit,speed_limit_sign,,0.4027723639101952,1394,41,34,670,202,camera_sign_turn_left
49.679837652999595,49003000000,True,True,15,camera_sign_speed_limit,speed_limit_sign,,0.4120027369047302,1435,41,35,670,201,camera_sign_turn_left
49.709350628999346,49003000000,True,True,16,camera_sign_speed_limit,speed_limit_sign,,0.4051602556903877,1435,41,35,670,201,camera_sign_turn_left
49.75478904599913,49003000000,True,True,17,camera_sign_speed_limit,speed_limit_sign,,0.40636371157600276,1496,44,34,670,201,camera_sign_turn_left
49.766832290999446,49106000000,True,True,18,camera_sign_speed_limit,speed_limit_sign,,0.40460852639099626,1496,44,34,670,201,camera_sign_turn_left
49.80789201399966,49106000000,True,True,19,camera_sign_speed_limit,speed_limit_sign,,0.4026120702122491,1540,44,35,670,201,camera_sign_turn_left
49.85187666799993,49106000000,True,True,20,camera_sign_speed_limit,speed_limit_sign,,0.4115685578700404,1584,44,36,671,201,camera_sign_turn_left
49.87518731499949,49211000000,True,True,21,camera_sign_speed_limit,speed_limit_sign,,0.4054233708499154,1496,44,34,671,201,camera_sign_turn_left
49.90473577299963,49211000000,True,True,22,camera_sign_speed_limit,speed_limit_sign,,0.4083473713756025,1530,45,34,672,201,camera_sign_turn_left
49.94906211699981,49211000000,True,True,23,camera_sign_speed_limit,speed_limit_sign,,0.4104548441939981,1540,44,35,672,200,camera_sign_turn_left
49.99503826599994,49312000000,True,True,24,camera_sign_speed_limit,speed_limit_sign,,0.4128340663513782,1620,45,36,673,200,camera_sign_turn_left
50.01745692699933,49312000000,True,True,25,camera_sign_speed_limit,speed_limit_sign,,0.3988811235810732,1540,44,35,673,200,camera_sign_turn_left
50.05035498399957,49312000000,True,True,26,camera_sign_speed_limit,speed_limit_sign,,0.3991401918797638,1575,45,35,674,200,camera_sign_turn_left
50.08839021899985,49413000000,True,True,27,camera_sign_speed_limit,speed_limit_sign,,0.40016210552617804,1620,45,36,675,199,camera_sign_turn_left
50.094892604999586,49413000000,True,True,28,camera_sign_speed_limit,speed_limit_sign,,0.4168858187339134,1620,45,36,676,199,camera_sign_turn_left
50.150650010999925,49413000000,True,True,29,camera_sign_speed_limit,speed_limit_sign,,0.40797208718988276,1680,48,35,676,199,camera_sign_turn_left
50.16822564499944,49515000000,True,True,30,camera_sign_speed_limit,speed_limit_sign,,0.40991256540383014,1728,48,36,677,199,camera_sign_turn_left
50.21478077499978,49515000000,True,True,31,camera_sign_speed_limit,speed_limit_sign,,0.4211491758062617,1872,48,39,678,198,camera_sign_turn_left
50.250318850999975,49515000000,True,True,32,camera_sign_speed_limit,speed_limit_sign,,0.4052470605640158,1728,48,36,679,198,camera_sign_turn_left
50.28465885099922,49612000000,True,True,33,camera_sign_speed_limit,speed_limit_sign,,0.40740179896218304,1728,48,36,680,198,camera_sign_turn_left
50.30543942799977,49612000000,True,True,34,camera_sign_speed_limit,speed_limit_sign,,0.42494294033707997,1911,49,39,681,197,camera_sign_turn_left
50.33010676499998,49612000000,True,True,35,camera_sign_speed_limit,speed_limit_sign,,0.40758265869178045,1764,49,36,683,197,camera_sign_turn_left
50.385697077999794,49712000000,True,True,36,camera_sign_speed_limit,speed_limit_sign,,0.41467247454567446,1911,49,39,684,197,camera_sign_turn_left
50.4064275869996,49712000000,True,True,37,camera_sign_speed_limit,speed_limit_sign,,0.4100799158790911,1911,49,39,685,197,camera_sign_turn_left
50.45083988699935,49712000000,True,True,38,camera_sign_speed_limit,speed_limit_sign,,0.4257061951311977,1950,50,39,687,196,camera_sign_turn_left
50.4714098179993,49814000000,True,True,39,camera_sign_speed_limit,speed_limit_sign,,0.41805255496327776,2000,50,40,688,196,camera_sign_turn_left
50.54797806099941,49814000000,True,True,40,camera_sign_speed_limit,speed_limit_sign,,0.40952372451708485,1950,50,39,690,196,camera_sign_turn_left
50.55504230299994,49814000000,True,True,41,camera_sign_speed_limit,speed_limit_sign,,0.4221552019095193,2173,53,41,692,195,camera_sign_turn_left
50.57073492999916,49914000000,True,True,42,camera_sign_speed_limit,speed_limit_sign,,0.41613927684251906,2067,53,39,693,195,camera_sign_turn_left
50.605485773999135,49914000000,True,True,43,camera_sign_speed_limit,speed_limit_sign,,0.41573121101482813,2160,54,40,695,195,camera_sign_turn_left
50.62823603099969,49914000000,True,True,44,camera_sign_speed_limit,speed_limit_sign,,0.4178509850161595,2160,54,40,697,194,camera_sign_turn_left
50.68547982599921,50014000000,True,True,45,camera_sign_speed_limit,speed_limit_sign,,0.41619241217736724,2214,54,41,699,194,camera_sign_turn_left
50.70409269299944,50014000000,True,True,46,camera_sign_speed_limit,speed_limit_sign,,0.417670038285847,2200,55,40,700,193,camera_sign_turn_left
50.74127935999968,50014000000,True,True,47,camera_sign_speed_limit,speed_limit_sign,,0.4149749523202011,2255,55,41,703,193,camera_sign_turn_left
50.77246989199921,50114000000,True,True,48,camera_sign_speed_limit,speed_limit_sign,,0.407530962178522,2255,55,41,704,193,camera_sign_turn_left
50.827754438999364,50114000000,True,True,49,camera_sign_speed_limit,speed_limit_sign,,0.4278459855485288,2420,55,44,707,192,camera_sign_turn_left
50.834697753,50114000000,True,True,50,camera_sign_speed_limit,speed_limit_sign,,0.4125639182171813,2378,58,41,709,192,camera_sign_turn_left
50.86241943599998,50114000000,True,True,51,camera_sign_speed_limit,speed_limit_sign,,0.4263888657416747,2610,58,45,711,191,camera_sign_turn_left
50.90390055699936,50216000000,True,True,52,camera_sign_speed_limit,speed_limit_sign,,0.425491620263673,2700,60,45,713,191,camera_sign_turn_left
50.94059884699982,50216000000,True,True,53,camera_sign_speed_limit,speed_limit_sign,,0.4289555301176603,2655,59,45,714,190,camera_sign_turn_left
51.03244547799932,50315000000,True,True,54,camera_sign_speed_limit,speed_limit_sign,,0.41481070073170995,2596,59,44,716,190,camera_sign_turn_left
51.042582374999256,50315000000,True,True,55,camera_sign_speed_limit,speed_limit_sign,,0.42514889362481934,2700,60,45,717,190,camera_sign_turn_left
51.04921783999998,50315000000,True,True,56,camera_sign_speed_limit,speed_limit_sign,,0.4263205153602099,2880,60,48,718,190,camera_sign_turn_left
51.075360684999396,50414000000,True,True,57,camera_sign_speed_limit,speed_limit_sign,,0.4207923239420861,2835,63,45,720,190,camera_sign_turn_left
51.10634121899966,50414000000,True,True,58,camera_sign_speed_limit,speed_limit_sign,,0.42467694818972107,2700,60,45,721,189,camera_sign_turn_left
51.131236294999326,50414000000,True,True,59,camera_sign_speed_limit,speed_limit_sign,,0.4309900930414087,3024,63,48,722,189,camera_sign_turn_left
51.17637761199967,50516000000,True,True,60,camera_sign_speed_limit,speed_limit_sign,,0.4180118899678902,2835,63,45,724,189,camera_sign_turn_left
51.211084192999806,50516000000,True,True,61,camera_sign_speed_limit,speed_limit_sign,,0.42611537767116126,3072,64,48,725,188,camera_sign_turn_left
51.24316130199986,50516000000,True,True,62,camera_sign_speed_limit,speed_limit_sign,,0.434717945359066,3136,64,49,727,188,camera_sign_turn_left
51.28795524099951,50616000000,True,True,63,camera_sign_speed_limit,speed_limit_sign,,0.41877974720691347,2880,64,45,728,188,camera_sign_turn_left
51.31796583099913,50616000000,True,True,64,camera_sign_speed_limit,speed_limit_sign,,0.4240736647451936,3120,65,48,730,188,camera_sign_turn_left
51.36253395199947,50616000000,True,True,65,camera_sign_speed_limit,speed_limit_sign,,0.4363289140187049,3185,65,49,731,187,camera_sign_turn_left
51.36926349899932,50720000000,True,True,66,camera_sign_speed_limit,speed_limit_sign,,0.42719239959078126,3185,65,49,733,187,camera_sign_turn_left
51.424346551999406,50720000000,True,True,67,camera_sign_speed_limit,speed_limit_sign,,0.4237691633560723,3332,68,49,734,187,camera_sign_turn_left
51.43084910499965,50720000000,True,True,68,camera_sign_speed_limit,speed_limit_sign,,0.4263846513028797,3264,68,48,736,186,camera_sign_turn_left
51.45862749999924,50720000000,True,True,69,camera_sign_speed_limit,speed_limit_sign,,0.4249446111288093,3332,68,49,737,186,camera_sign_turn_left
51.50199375599914,50822000000,True,True,70,camera_sign_speed_limit,speed_limit_sign,,0.42899327616668914,3400,68,50,739,185,camera_sign_turn_left
51.535086997999315,50822000000,True,True,71,camera_sign_speed_limit,speed_limit_sign,,0.42924525575988426,3450,69,50,740,185,camera_sign_turn_left
51.58265887299967,50921000000,True,True,72,camera_sign_speed_limit,speed_limit_sign,,0.42380555521528296,3450,69,50,742,185,camera_sign_turn_left
51.60741363499983,50921000000,True,True,73,camera_sign_speed_limit,speed_limit_sign,,0.42651443973233333,3430,70,49,744,185,camera_sign_turn_left
51.640224615999614,50921000000,True,True,74,camera_sign_speed_limit,speed_limit_sign,,0.4302441932846069,3650,73,50,745,184,camera_sign_turn_left
51.672591709999324,51021000000,True,True,75,camera_sign_speed_limit,speed_limit_sign,,0.4384580326137547,3869,73,53,747,184,camera_sign_turn_left
51.70465046499976,51021000000,True,True,76,camera_sign_speed_limit,speed_limit_sign,,0.4387388900611878,3922,74,53,749,184,camera_sign_turn_left
51.75749759199971,51021000000,True,True,77,camera_sign_speed_limit,speed_limit_sign,,0.4336395659697637,3869,73,53,751,183,camera_sign_turn_left
51.767123211999206,51021000000,True,True,78,camera_sign_speed_limit,speed_limit_sign,,0.42003741024138125,3650,73,50,752,183,camera_sign_turn_left
51.79285856499973,51121000000,True,True,79,camera_sign_speed_limit,speed_limit_sign,,0.42779154508957273,3922,74,53,754,183,camera_sign_turn_left
51.82611426299991,51121000000,True,True,80,camera_sign_speed_limit,speed_limit_sign,,0.4256763539431597,3922,74,53,756,182,camera_sign_turn_left
51.85864487099934,51121000000,True,True,81,camera_sign_speed_limit,speed_limit_sign,,0.4360442131768453,4134,78,53,758,182,camera_sign_turn_left
51.89342033599951,51222000000,True,True,82,camera_sign_speed_limit,speed_limit_sign,,0.4411264340136211,4212,78,54,760,182,camera_sign_turn_left
51.966577386999234,51222000000,True,True,83,camera_sign_speed_limit,speed_limit_sign,,0.43261611559388424,4212,78,54,761,181,camera_sign_turn_left
51.97841271899961,51319000000,True,True,84,camera_sign_speed_limit,speed_limit_sign,,0.4342833632707096,4345,79,55,763,181,camera_sign_turn_left
52.007380916999864,51319000000,True,True,85,camera_sign_speed_limit,speed_limit_sign,,0.43216778166882786,4345,79,55,765,180,camera_sign_turn_left
52.0502413209997,51319000000,True,True,86,camera_sign_speed_limit,speed_limit_sign,,0.4334425560554316,4345,79,55,767,180,camera_sign_turn_left
52.06269189399973,51319000000,True,True,87,camera_sign_speed_limit,speed_limit_sign,,0.4299932532963165,4400,80,55,769,180,camera_sign_turn_left
52.10749717999988,51423000000,True,True,88,camera_sign_speed_limit,speed_limit_sign,,0.43969646593186795,4814,83,58,771,179,camera_sign_turn_left
52.13115396399917,51423000000,True,True,89,camera_sign_speed_limit,speed_limit_sign,,0.4342574947989917,4565,83,55,773,179,camera_sign_turn_left
52.161062840999875,51423000000,True,True,90,camera_sign_speed_limit,speed_limit_sign,,0.4389669575415063,4814,83,58,775,178,camera_sign_turn_left
52.19540006099942,51522000000,True,True,91,camera_sign_speed_limit,speed_limit_sign,,0.43779399842050026,4872,84,58,777,178,camera_sign_turn_left
52.23353394999958,51522000000,True,True,92,camera_sign_speed_limit,speed_limit_sign,,0.4390327198314679,5015,85,59,779,178,camera_sign_turn_left
52.27738716299973,51618000000,True,True,93,camera_sign_speed_limit,speed_limit_sign,,0.4388558551718771,4930,85,58,781,177,camera_sign_turn_left
52.297116538999944,51618000000,True,True,94,camera_sign_speed_limit,speed_limit_sign,,0.44173161480983814,5192,88,59,783,177,camera_sign_turn_left
52.35078867299944,51618000000,True,True,95,camera_sign_speed_limit,speed_limit_sign,,0.43431232311547724,5192,88,59,785,176,camera_sign_turn_left
52.360235169999214,51618000000,True,True,96,camera_sign_speed_limit,speed_limit_sign,,0.4371440516843327,5340,89,60,788,176,camera_sign_turn_left
52.41675448299975,51724000000,True,True,97,camera_sign_speed_limit,speed_limit_sign,,0.43370525196375387,5251,89,59,790,176,camera_sign_turn_left
52.4447269329994,51724000000,True,True,98,camera_sign_speed_limit,speed_limit_sign,,0.4372325279015067,5400,90,60,792,175,camera_sign_turn_left
52.47330001499995,51823000000,True,True,99,camera_sign_speed_limit,speed_limit_sign,,0.43247653779146916,5580,93,60,794,175,camera_sign_turn_left
52.5039959629994,51823000000,True,True,100,camera_sign_speed_limit,speed_limit_sign,,0.43822979860675493,5640,94,60,796,174,camera_sign_turn_left
52.544012662999194,51823000000,True,True,101,camera_sign_speed_limit,speed_limit_sign,,0.4413904037619355,5859,93,63,799,174,camera_sign_turn_left
52.58600599299916,51921000000,True,True,102,camera_sign_speed_limit,speed_limit_sign,,0.440988259465826,5985,95,63,801,173,camera_sign_turn_left
52.59604665399911,51921000000,True,True,103,camera_sign_speed_limit,speed_limit_sign,,0.4395531019094101,5985,95,63,803,173,camera_sign_turn_left
52.644380919999094,51921000000,True,True,104,camera_sign_speed_limit,speed_limit_sign,,0.43759949979368484,5985,95,63,806,172,camera_sign_turn_left
52.68485712399979,52022000000,True,True,105,camera_sign_speed_limit,speed_limit_sign,,0.44077619043273447,6272,98,64,808,172,camera_sign_turn_left
52.695163199999115,52022000000,True,True,106,camera_sign_speed_limit,speed_limit_sign,,0.4377386670500243,6237,99,63,811,171,camera_sign_turn_left
52.742526331999215,52022000000,True,True,107,camera_sign_speed_limit,speed_limit_sign,,0.43780247340997336,6400,100,64,813,171,camera_sign_turn_left
52.774566661999415,52121000000,True,True,108,camera_sign_speed_limit,speed_limit_sign,,0.44094802284973145,6695,103,65,816,170,camera_sign_turn_left
52.79550010599996,52121000000,True,True,109,camera_sign_speed_limit,speed_limit_sign,,0.4346888053443985,6656,104,64,818,170,camera_sign_turn_left
52.8385081739998,52121000000,True,True,110,camera_sign_speed_limit,speed_limit_sign,,0.4389780250932766,6760,104,65,821,169,camera_sign_turn_left
52.87310134099971,52121000000,True,True,111,camera_sign_speed_limit,speed_limit_sign,,0.44306534626344396,7140,105,68,824,169,camera_sign_turn_left
52.89543368399973,52224000000,True,True,112,camera_sign_speed_limit,speed_limit_sign,,0.43640762635733843,7020,108,65,826,168,camera_sign_turn_left
52.93972843099982,52224000000,True,True,113,camera_sign_speed_limit,speed_limit_sign,,0.4455289626763685,7344,108,68,829,168,camera_sign_turn_left
52.962078465999184,52224000000,True,True,114,camera_sign_speed_limit,speed_limit_sign,,0.4419124507636578,7521,109,69,832,167,camera_sign_turn_left
53.01674254499994,52325000000,True,True,115,camera_sign_speed_limit,speed_limit_sign,,0.4373283246860552,7480,110,68,834,167,camera_sign_turn_left
53.03827062899927,52325000000,True,True,116,camera_sign_speed_limit,speed_limit_sign,,0.44109906600349896,7797,113,69,837,166,camera_sign_turn_left
53.072269909999704,52325000000,True,True,117,camera_sign_speed_limit,speed_limit_sign,,0.43967019681268915,7910,113,70,840,165,camera_sign_turn_left
53.10618849699949,52425000000,True,True,118,camera_sign_speed_limit,speed_limit_sign,,0.440664992244272,7980,114,70,843,165,camera_sign_turn_left
53.15137104799942,52425000000,True,True,119,camera_sign_speed_limit,speed_limit_sign,,0.44785124358200723,8395,115,73,846,164,camera_sign_turn_left
53.17392431499957,52425000000,True,True,120,camera_sign_speed_limit,speed_limit_sign,,0.43868224221957225,8260,118,70,849,164,camera_sign_turn_left
53.230836121999346,52525000000,True,True,121,camera_sign_speed_limit,speed_limit_sign,,0.44524279684594303,8687,119,73,852,163,camera_sign_turn_left
53.24103320299946,52525000000,True,True,122,camera_sign_speed_limit,speed_limit_sign,,0.44716303142850045,9102,123,74,859,162,camera_sign_turn_left
53.276294006999706,52525000000,True,True,123,camera_sign_speed_limit,speed_limit_sign,,0.4427306526769038,9398,127,74,865,161,camera_sign_turn_left
53.30843229199945,52623000000,True,True,124,camera_sign_speed_limit,speed_limit_sign,,0.44272218361970517,9675,129,75,871,159,camera_sign_turn_left
53.33314878099918,52623000000,True,True,125,camera_sign_speed_limit,speed_limit_sign,,0.4483432291867647,10507,133,79,878,158,camera_sign_turn_left
53.3669198409998,52623000000,True,True,126,camera_sign_speed_limit,speed_limit_sign,,0.4483131063601229,11040,138,80,885,156,camera_sign_turn_left
53.41067048499917,52723000000,True,True,127,camera_sign_speed_limit,speed_limit_sign,,0.43979491999282816,11288,136,83,893,155,camera_sign_turn_left
53.45635076899998,52723000000,True,True,128,camera_sign_speed_limit,speed_limit_sign,,0.4281524053556319,11004,131,84,900,153,camera_sign_turn_left
53.48772777299928,52823000000,True,True,129,camera_sign_speed_limit,speed_limit_sign,,0.4271397148088354,10625,125,85,908,152,camera_sign_turn_left
53.533232833999136,52823000000,True,True,130,camera_sign_speed_limit,speed_limit_sign,,0.4126037335354601,10296,117,88,915,150,camera_sign_turn_left
53.54050470099992,52823000000,True,True,131,camera_sign_speed_limit,speed_limit_sign,,0.39222409335577746,9523,107,89,921,149,camera_sign_turn_left
53.59026983599961,52923000000,True,False,1,camera_sign_turn_left,turn_left_sign,left,0.342576571294523,13520,80,169,836,295,camera_sign_turn_left
53.61051949499961,52923000000,True,True,2,camera_sign_turn_left,turn_left_sign,left,0.3436240841407197,14359,83,173,842,296,camera_sign_turn_left
53.646806586999446,52923000000,True,True,3,camera_sign_turn_left,turn_left_sign,left,0.3434115487426004,14705,85,173,848,297,camera_sign_turn_left
53.66613835199951,52923000000,True,True,4,camera_sign_turn_left,turn_left_sign,left,0.34122411663896035,15753,89,177,854,298,camera_sign_turn_left
53.71133942899996,53027000000,True,True,5,camera_sign_turn_left,turn_left_sign,left,0.3400196914052984,16110,90,179,860,299,camera_sign_turn_left
53.74257975799992,53027000000,True,True,6,camera_sign_turn_left,turn_left_sign,left,0.3383661039950046,17202,94,183,866,300,camera_sign_turn_left
53.76767529099925,53027000000,True,True,7,camera_sign_turn_left,turn_left_sign,left,0.33947731812854137,18326,98,187,873,300,camera_sign_turn_left
53.81136867399982,53125000000,True,True,8,camera_sign_turn_left,turn_left_sign,left,0.33945959869085834,18900,100,189,880,301,camera_sign_turn_left
53.84240142099952,53125000000,True,True,9,camera_sign_turn_left,turn_left_sign,left,0.33776877439144476,19879,103,193,887,303,camera_sign_turn_left
53.88758650799991,53227000000,True,True,10,camera_sign_turn_left,turn_left_sign,left,0.33816907861040735,20952,108,194,894,304,camera_sign_turn_left
53.90770149299988,53227000000,True,True,11,camera_sign_turn_left,turn_left_sign,left,0.33669123996077893,22374,113,198,902,305,camera_sign_turn_left
53.941173699999126,53227000000,True,True,12,camera_sign_turn_left,turn_left_sign,left,0.33967461279254413,21614,107,202,910,306,camera_sign_turn_left
53.97593191799933,53227000000,True,True,13,camera_sign_turn_left,turn_left_sign,left,0.33515847525980164,20700,100,207,918,307,camera_sign_turn_left
54.010713118999774,53327000000,True,True,14,camera_sign_turn_left,turn_left_sign,left,0.32562999800357134,19646,94,209,926,309,camera_sign_turn_left
54.053167939999184,53327000000,True,True,15,camera_sign_turn_left,turn_left_sign,left,0.3242569615853553,17596,83,212,932,316,camera_sign_turn_left
54.07694616799927,53327000000,True,False,1,camera_sign_speed_limit,speed_limit_sign,,0.4146987237674299,713,23,31,190,192,camera_sign_turn_left
54.10817123799916,53427000000,True,True,2,camera_sign_speed_limit,speed_limit_sign,,0.42372744832511183,782,23,34,187,192,camera_sign_turn_left
54.13686198199957,53427000000,True,True,3,camera_sign_speed_limit,speed_limit_sign,,0.42219185355719385,782,23,34,184,191,camera_sign_turn_left
54.16636946299968,53427000000,True,True,4,camera_sign_speed_limit,speed_limit_sign,,0.4396241561430523,816,24,34,181,191,camera_sign_turn_left
54.24373067999932,53527000000,True,False,1,camera_sign_turn_right,turn_right_sign,right,0.5054108281643183,558,18,31,397,230,camera_sign_turn_left
54.266929662999246,53527000000,True,True,2,camera_sign_turn_right,turn_right_sign,right,0.4953791758397977,620,20,31,396,230,camera_sign_turn_left
54.28691713799981,53629000000,True,False,1,camera_sign_speed_limit,speed_limit_sign,,0.4399103249698988,900,25,36,172,190,camera_sign_turn_left
54.30631516899939,53629000000,True,True,2,camera_sign_speed_limit,speed_limit_sign,,0.43147537082377807,936,26,36,168,189,camera_sign_turn_left
54.344385629999124,53629000000,True,False,1,camera_sign_turn_right,turn_right_sign,right,0.4932181632487026,651,21,31,395,229,camera_sign_turn_left
54.37060471899986,53629000000,True,True,2,camera_sign_turn_right,turn_right_sign,right,0.4886352673382093,646,19,34,394,230,camera_sign_turn_left
54.421785058999376,53728000000,True,False,1,camera_sign_speed_limit,speed_limit_sign,,0.4254916335513852,1131,29,39,158,187,camera_sign_turn_left
54.44912221099912,53728000000,True,False,1,camera_sign_turn_right,turn_right_sign,right,0.49584371051985743,651,21,31,394,230,camera_sign_turn_left
54.46862710999994,53728000000,True,True,2,camera_sign_turn_right,turn_right_sign,right,0.498241082536073,646,19,34,393,230,camera_sign_turn_left
54.49918493899986,53829000000,True,False,1,camera_sign_speed_limit,speed_limit_sign,,0.44120172251443923,1200,30,40,147,186,camera_sign_turn_left
54.54477909099933,53829000000,True,False,1,camera_sign_turn_right,turn_right_sign,right,0.4894725708381003,735,21,35,393,230,camera_sign_turn_left
54.60215622999931,53927000000,True,True,2,camera_sign_turn_right,turn_right_sign,right,0.49050467086221894,700,20,35,392,229,camera_sign_turn_left
54.60939096199945,53927000000,True,False,1,camera_sign_speed_limit,speed_limit_sign,,0.43338450473157253,1394,34,41,135,184,camera_sign_turn_left
54.63996289699935,53927000000,True,False,1,camera_sign_turn_right,turn_right_sign,right,0.49021480637182857,770,22,35,392,229,camera_sign_turn_left
54.694022578999466,54023000000,True,True,2,camera_sign_turn_right,turn_right_sign,right,0.49621129573111095,680,20,34,391,229,camera_sign_turn_left
54.7561924419997,54023000000,True,True,3,camera_sign_turn_right,turn_right_sign,right,0.4887612622067918,770,22,35,391,229,camera_sign_turn_left
54.76290045299993,54023000000,True,True,4,camera_sign_turn_right,turn_right_sign,right,0.49283956258454364,770,22,35,391,230,camera_sign_turn_left
54.79524392199983,54123000000,True,False,1,camera_sign_speed_limit,speed_limit_sign,,0.43508153204544736,1872,39,48,113,180,camera_sign_turn_left
54.83176610399914,54123000000,True,False,1,camera_sign_turn_right,turn_right_sign,right,0.49565130504073307,770,22,35,390,230,camera_sign_turn_left
54.85458343799928,54123000000,True,True,2,camera_sign_turn_right,turn_right_sign,right,0.5102454983423831,680,20,34,389,229,camera_sign_turn_left
54.909395415999825,54222000000,True,True,3,camera_sign_turn_right,turn_right_sign,right,0.49685608893638333,756,21,36,389,229,camera_sign_turn_left
54.91870498499975,54222000000,True,False,1,camera_sign_speed_limit,speed_limit_sign,,0.4439056340983013,2200,44,50,94,177,camera_sign_turn_left
54.95384663599998,54222000000,True,True,2,camera_sign_speed_limit,speed_limit_sign,,0.46112842290630784,2544,48,53,89,176,camera_sign_turn_left
54.9969682029996,54323000000,True,False,1,camera_sign_turn_right,turn_right_sign,right,0.49682296162833145,828,23,36,387,229,camera_sign_turn_left
55.01822302399978,54323000000,True,False,1,camera_sign_speed_limit,speed_limit_sign,,0.4642652151776743,2597,49,53,78,175,camera_sign_turn_left
55.064863576999414,54323000000,True,False,1,camera_sign_turn_right,turn_right_sign,right,0.49631481978218045,828,23,36,387,228,camera_sign_turn_left
55.100104774999636,54420000000,True,True,2,camera_sign_turn_right,turn_right_sign,right,0.5039114053447161,792,22,36,387,229,camera_sign_turn_left
55.12232087599932,54420000000,True,True,3,camera_sign_turn_right,turn_right_sign,right,0.5066703957848222,792,22,36,385,228,camera_sign_turn_left
55.16668928999934,54420000000,True,True,4,camera_sign_turn_right,turn_right_sign,right,0.5032590693895457,828,23,36,386,229,camera_sign_turn_left
55.17798774499988,54420000000,True,True,5,camera_sign_turn_right,turn_right_sign,right,0.5066275551694464,828,23,36,385,228,camera_sign_turn_left
55.22330403399974,54520000000,True,True,6,camera_sign_turn_right,turn_right_sign,right,0.5044823751944136,828,23,36,385,229,camera_sign_turn_left
55.25859491999927,54520000000,True,False,1,camera_sign_speed_limit,speed_limit_sign,,0.48814250034018714,4032,64,63,35,168,camera_sign_turn_left
55.311948997999934,54619000000,True,True,2,camera_sign_speed_limit,speed_limit_sign,,0.5094212159715752,3840,60,64,28,167,camera_sign_turn_left
55.34593781899912,54619000000,True,True,3,camera_sign_speed_limit,speed_limit_sign,,0.5458801606050946,3520,55,64,21,166,camera_sign_turn_left
55.37822879199939,54619000000,True,True,4,camera_sign_speed_limit,speed_limit_sign,,0.5836751928754605,2898,46,63,15,166,camera_sign_turn_left
55.386502129999826,54619000000,True,True,5,camera_sign_speed_limit,speed_limit_sign,,0.5964642768542432,2204,38,58,11,167,camera_sign_turn_left
55.44172193099985,54721000000,True,False,1,camera_sign_turn_right,turn_right_sign,right,0.49815363580526517,975,25,39,382,228,camera_sign_turn_left
55.4530724389997,54721000000,True,True,2,camera_sign_turn_right,turn_right_sign,right,0.5115755245547228,897,23,39,381,228,camera_sign_turn_left
55.498944333999134,54822000000,True,True,3,camera_sign_turn_right,turn_right_sign,right,0.5015809175163946,975,25,39,381,228,camera_sign_turn_left
55.50837853499979,54822000000,True,True,4,camera_sign_turn_right,turn_right_sign,right,0.5050996691296423,960,24,40,380,227,camera_sign_turn_left
55.55324710399964,54822000000,True,True,5,camera_sign_turn_right,turn_right_sign,right,0.5046750278302238,1000,25,40,380,228,camera_sign_turn_left
55.61509607299922,54921000000,True,True,6,camera_sign_turn_right,turn_right_sign,right,0.5038298530362263,1000,25,40,379,228,camera_sign_turn_left
55.62286812699949,54921000000,True,True,7,camera_sign_turn_right,turn_right_sign,right,0.505959064285156,1000,25,40,378,228,camera_sign_turn_left
55.73545642599947,55018000000,True,True,8,camera_sign_turn_right,turn_right_sign,right,0.5079225990287685,1000,25,40,378,228,camera_sign_turn_left
55.74100056599946,55018000000,True,True,9,camera_sign_turn_right,turn_right_sign,right,0.5068715294645519,1000,25,40,378,228,camera_sign_turn_left
55.747751045999394,55018000000,True,True,10,camera_sign_turn_right,turn_right_sign,right,0.5082171154185974,1040,26,40,377,228,camera_sign_turn_left
55.76135910999983,55018000000,True,True,11,camera_sign_turn_right,turn_right_sign,right,0.5088097018469139,1040,26,40,376,228,camera_sign_turn_left
55.80245609399935,55119000000,True,True,12,camera_sign_turn_right,turn_right_sign,right,0.5073557115174644,1066,26,41,376,228,camera_sign_turn_left
55.82253673999912,55119000000,True,True,13,camera_sign_turn_right,turn_right_sign,right,0.5088150806703999,1066,26,41,375,227,camera_sign_turn_left
55.85676477599918,55119000000,True,True,14,camera_sign_turn_right,turn_right_sign,right,0.5113599520442963,1066,26,41,375,227,camera_sign_turn_left
55.876153152999905,55119000000,True,True,15,camera_sign_turn_right,turn_right_sign,right,0.5104735349425977,1066,26,41,374,227,camera_sign_turn_left
55.910009683999306,55222000000,True,True,16,camera_sign_turn_right,turn_right_sign,right,0.5172287857445443,1066,26,41,374,227,camera_sign_turn_left
55.94421724499989,55222000000,True,True,17,camera_sign_turn_right,turn_right_sign,right,0.5025993161383019,1189,29,41,373,227,camera_sign_turn_left
56.012212397999974,55322000000,True,True,18,camera_sign_turn_right,turn_right_sign,right,0.5244263249386525,1066,26,41,372,227,camera_sign_turn_left
56.05487991999962,55322000000,True,True,19,camera_sign_turn_right,turn_right_sign,right,0.5150267519385088,1144,26,44,372,227,camera_sign_turn_left
56.060981695999544,55322000000,True,True,20,camera_sign_turn_right,turn_right_sign,right,0.5020220783131191,1276,29,44,371,227,camera_sign_turn_left
56.08785239499957,55322000000,True,True,21,camera_sign_turn_right,turn_right_sign,right,0.504366124685334,1276,29,44,370,227,camera_sign_turn_left
56.12240361399927,55422000000,True,True,22,camera_sign_turn_right,turn_right_sign,right,0.5039407705662405,1276,29,44,370,227,camera_sign_turn_left
56.1542021869991,55422000000,True,True,23,camera_sign_turn_right,turn_right_sign,right,0.5056081583032096,1320,30,44,369,227,camera_sign_turn_left
56.18817860599938,55422000000,True,True,24,camera_sign_turn_right,turn_right_sign,right,0.5048365325147913,1320,30,44,368,227,camera_sign_turn_left
56.2346285399999,55523000000,True,True,25,camera_sign_turn_right,turn_right_sign,right,0.5086216717797164,1320,30,44,368,227,camera_sign_turn_left
56.245160811999995,55523000000,True,True,26,camera_sign_turn_right,turn_right_sign,right,0.5066379776129332,1350,30,45,367,227,camera_sign_turn_left
56.29091986499952,55623000000,True,True,27,camera_sign_turn_right,turn_right_sign,right,0.5064282223139189,1395,31,45,366,226,camera_sign_turn_left
56.346301255999606,55623000000,True,True,28,camera_sign_turn_right,turn_right_sign,right,0.5157587942480671,1350,30,45,366,226,camera_sign_turn_left
56.3567437239999,55623000000,True,True,29,camera_sign_turn_right,turn_right_sign,right,0.511201998011887,1395,31,45,365,226,camera_sign_turn_left
56.39220932999979,55725000000,True,True,30,camera_sign_turn_right,turn_right_sign,right,0.5132889763881967,1395,31,45,364,226,camera_sign_turn_left
56.423812005999935,55725000000,True,True,31,camera_sign_turn_right,turn_right_sign,right,0.5234112811956374,1350,30,45,364,226,camera_sign_turn_left
56.45119717699981,55725000000,True,True,32,camera_sign_turn_right,turn_right_sign,right,0.5107172821498536,1488,31,48,363,226,camera_sign_turn_left
56.48549383199952,55725000000,True,True,33,camera_sign_turn_right,turn_right_sign,right,0.4939049523048424,1680,35,48,362,226,camera_sign_turn_left
56.5201298589991,55827000000,True,True,34,camera_sign_turn_right,turn_right_sign,right,0.5116112397328996,1488,31,48,361,226,camera_sign_turn_left
56.5535723819994,55827000000,True,True,35,camera_sign_turn_right,turn_right_sign,right,0.501880634276641,1632,34,48,361,226,camera_sign_turn_left
56.610368665999886,55927000000,True,True,36,camera_sign_turn_right,turn_right_sign,right,0.5024439743121945,1680,35,48,360,226,camera_sign_turn_left
56.630732139999964,55927000000,True,True,37,camera_sign_turn_right,turn_right_sign,right,0.5058350611554177,1680,35,48,359,226,camera_sign_turn_left
56.679173182999875,55927000000,True,True,38,camera_sign_turn_right,turn_right_sign,right,0.5002957393794258,1764,36,49,358,225,camera_sign_turn_left
56.68616758299959,55927000000,True,True,39,camera_sign_turn_right,turn_right_sign,right,0.50450563903625,1764,36,49,357,225,camera_sign_turn_left
56.71843571299996,56029000000,True,True,40,camera_sign_turn_right,turn_right_sign,right,0.5103750839251405,1715,35,49,357,225,camera_sign_turn_left
56.744569156999205,56029000000,True,True,41,camera_sign_turn_right,turn_right_sign,right,0.509136539073245,1764,36,49,356,225,camera_sign_turn_left
56.80898434399933,56128000000,True,True,42,camera_sign_turn_right,turn_right_sign,right,0.5180854306875483,1715,35,49,355,225,camera_sign_turn_left
56.81461088799915,56128000000,True,True,43,camera_sign_turn_right,turn_right_sign,right,0.516783791983787,1750,35,50,354,225,camera_sign_turn_left
56.86534479799957,56128000000,True,True,44,camera_sign_turn_right,turn_right_sign,right,0.5019138032033368,1950,39,50,353,225,camera_sign_turn_left
56.8748716759992,56128000000,True,True,45,camera_sign_turn_right,turn_right_sign,right,0.5061960699594034,1950,39,50,352,225,camera_sign_turn_left
56.908055791999686,56229000000,True,True,46,camera_sign_turn_right,turn_right_sign,right,0.5034653243042364,2000,40,50,351,225,camera_sign_turn_left
56.955704883999715,56229000000,True,True,47,camera_sign_turn_right,turn_right_sign,right,0.5105169518071583,1950,39,50,351,225,camera_sign_turn_left
57.04747311099982,56326000000,True,True,48,camera_sign_turn_right,turn_right_sign,right,0.5022475227308092,2120,40,53,350,225,camera_sign_turn_left
57.05301945199972,56326000000,True,True,49,camera_sign_turn_right,turn_right_sign,right,0.5025063911328023,2173,41,53,349,225,camera_sign_turn_left
57.05854241399993,56326000000,True,True,50,camera_sign_turn_right,turn_right_sign,right,0.5054722496969011,2173,41,53,348,224,camera_sign_turn_left
57.08927024299919,56326000000,True,True,51,camera_sign_turn_right,turn_right_sign,right,0.5066740173107669,2173,41,53,347,224,camera_sign_turn_left
57.13434002399936,56428000000,True,True,52,camera_sign_turn_right,turn_right_sign,right,0.5110967055294857,2173,41,53,346,224,camera_sign_turn_left
57.145852145999925,56428000000,True,True,53,camera_sign_turn_right,turn_right_sign,right,0.5117520366660587,2214,41,54,345,224,camera_sign_turn_left
57.21543967699927,56527000000,True,True,54,camera_sign_turn_right,turn_right_sign,right,0.5020895710930271,2430,45,54,344,224,camera_sign_turn_left
57.227395349999824,56527000000,True,True,55,camera_sign_turn_right,turn_right_sign,right,0.5047629857448469,2430,45,54,343,224,camera_sign_turn_left
57.2472215759999,56527000000,True,True,56,camera_sign_turn_right,turn_right_sign,right,0.5059518990415205,2420,44,55,342,224,camera_sign_turn_left
57.27957375999995,56527000000,True,True,57,camera_sign_turn_right,turn_right_sign,right,0.5003728391138538,2610,45,58,341,224,camera_sign_turn_left
57.31325085299977,56630000000,True,True,58,camera_sign_turn_right,turn_right_sign,right,0.494080754385269,2784,48,58,340,224,camera_sign_turn_left
57.35585274099958,56630000000,True,True,59,camera_sign_turn_right,turn_right_sign,right,0.5050327983106919,2610,45,58,339,224,camera_sign_turn_left
57.41325508799946,56730000000,True,True,60,camera_sign_turn_right,turn_right_sign,right,0.49928809963893084,2784,48,58,338,223,camera_sign_turn_left
57.446483485999124,56730000000,True,True,61,camera_sign_turn_right,turn_right_sign,right,0.5000032697518981,2832,48,59,337,223,camera_sign_turn_left
57.45775103299911,56730000000,True,True,62,camera_sign_turn_right,turn_right_sign,right,0.5032939362261979,2832,48,59,336,223,camera_sign_turn_left
57.52218654299941,56830000000,True,True,63,camera_sign_turn_right,turn_right_sign,right,0.5030696949279719,2891,49,59,334,223,camera_sign_turn_left
57.53342737899948,56830000000,True,True,64,camera_sign_turn_right,turn_right_sign,right,0.5033757845532693,2950,50,59,333,223,camera_sign_turn_left
57.5647909169993,56830000000,True,True,65,camera_sign_turn_right,turn_right_sign,right,0.5090277973649593,2940,49,60,332,223,camera_sign_turn_left
57.62384723799914,56930000000,True,True,66,camera_sign_turn_right,turn_right_sign,right,0.5078560058184309,3000,50,60,331,223,camera_sign_turn_left
57.62950423999973,56930000000,True,True,67,camera_sign_turn_right,turn_right_sign,right,0.5030400652071441,3180,53,60,330,223,camera_sign_turn_left
57.644755136999265,56930000000,True,True,68,camera_sign_turn_right,turn_right_sign,right,0.5020666966106532,3240,54,60,328,223,camera_sign_turn_left
57.701085264999165,57031000000,True,True,69,camera_sign_turn_right,turn_right_sign,right,0.5009302370094951,3402,54,63,327,222,camera_sign_turn_left
57.73583156099994,57031000000,True,True,70,camera_sign_turn_right,turn_right_sign,right,0.5020462872023804,3402,54,63,326,222,camera_sign_turn_left
57.76707276699926,57031000000,True,True,71,camera_sign_turn_right,turn_right_sign,right,0.5045231035692361,3465,55,63,325,222,camera_sign_turn_left
57.79740568299985,57031000000,True,True,72,camera_sign_turn_right,turn_right_sign,right,0.5039708060717893,3520,55,64,324,222,camera_sign_turn_left
57.83205309299956,57124000000,True,True,73,camera_sign_turn_right,turn_right_sign,right,0.5003721554721154,3712,58,64,322,222,camera_sign_turn_left
57.88772807799978,57124000000,True,True,74,camera_sign_turn_right,turn_right_sign,right,0.5013195425042347,3776,59,64,321,222,camera_sign_turn_left
57.893237268999655,57124000000,True,True,75,camera_sign_turn_right,turn_right_sign,right,0.5070322076346213,3712,58,64,320,222,camera_sign_turn_left
57.9440823219993,57222000000,True,True,76,camera_sign_turn_right,turn_right_sign,right,0.5057018270745189,3835,59,65,318,221,camera_sign_turn_left
57.955331293999734,57222000000,True,True,77,camera_sign_turn_right,turn_right_sign,right,0.5074510913845445,3900,60,65,317,221,camera_sign_turn_left
57.991481443999874,57222000000,True,True,78,camera_sign_turn_right,turn_right_sign,right,0.5096973142172319,3900,60,65,315,221,camera_sign_turn_left
58.022351861999596,57322000000,True,True,79,camera_sign_turn_right,turn_right_sign,right,0.5003123947952013,4284,63,68,314,221,camera_sign_turn_left
58.05744081899957,57322000000,True,True,80,camera_sign_turn_right,turn_right_sign,right,0.5028507568082036,4352,64,68,312,221,camera_sign_turn_left
58.132966687999215,57422000000,True,True,81,camera_sign_turn_right,turn_right_sign,right,0.5032221608445419,4420,65,68,311,221,camera_sign_turn_left
58.14496815599978,57422000000,True,True,82,camera_sign_turn_right,turn_right_sign,right,0.5061972755465008,4485,65,69,309,221,camera_sign_turn_left
58.1571972039992,57422000000,True,True,83,camera_sign_turn_right,turn_right_sign,right,0.5024853352399157,4692,68,69,308,220,camera_sign_turn_left
58.18994117999955,57422000000,True,True,84,camera_sign_turn_right,turn_right_sign,right,0.5056007695780625,4692,68,69,306,220,camera_sign_turn_left
58.259320388999186,57522000000,True,True,85,camera_sign_turn_right,turn_right_sign,right,0.5041616764714661,4900,70,70,305,220,camera_sign_turn_left
58.267073547999644,57522000000,True,True,86,camera_sign_turn_right,turn_right_sign,right,0.5075661200680948,4900,70,70,303,220,camera_sign_turn_left
58.310458576999736,57625000000,True,True,87,camera_sign_turn_right,turn_right_sign,right,0.4978139715492819,5329,73,73,301,220,camera_sign_turn_left
58.35450539099929,57625000000,True,True,88,camera_sign_turn_right,turn_right_sign,right,0.5065392188903723,5180,74,70,299,219,camera_sign_turn_left
58.3870444209997,57625000000,True,True,89,camera_sign_turn_right,turn_right_sign,right,0.509473633611948,5180,74,70,298,219,camera_sign_turn_left
58.397374191999916,57625000000,True,True,90,camera_sign_turn_right,turn_right_sign,right,0.505349792796541,5475,75,73,296,219,camera_sign_turn_left
58.43327284899988,57725000000,True,True,91,camera_sign_turn_right,turn_right_sign,right,0.5023073369676293,5694,78,73,294,219,camera_sign_turn_left
58.46610221499941,57725000000,True,True,92,camera_sign_turn_right,turn_right_sign,right,0.5036251342913978,5767,79,73,292,218,camera_sign_turn_left
58.51409763999982,57825000000,True,True,93,camera_sign_turn_right,turn_right_sign,right,0.5038621824056568,5920,80,74,290,218,camera_sign_turn_left
58.532197310999436,57825000000,True,True,94,camera_sign_turn_right,turn_right_sign,right,0.5086655163773149,5840,80,73,288,218,camera_sign_turn_left
58.56854124399979,57825000000,True,True,95,camera_sign_turn_right,turn_right_sign,right,0.5049513234882308,6216,84,74,286,217,camera_sign_turn_left
58.62251591999939,57926000000,True,True,96,camera_sign_turn_right,turn_right_sign,right,0.5074427274566433,6216,84,74,284,217,camera_sign_turn_left
58.63053185299941,57926000000,True,True,97,camera_sign_turn_right,turn_right_sign,right,0.5019719943507918,6600,88,75,282,217,camera_sign_turn_left
58.65209082599995,57926000000,True,True,98,camera_sign_turn_right,turn_right_sign,right,0.5057314349582718,6586,89,74,280,216,camera_sign_turn_left
58.696717148999596,57926000000,True,True,99,camera_sign_turn_right,turn_right_sign,right,0.501107378769112,6975,93,75,278,216,camera_sign_turn_left
58.73123305199988,58027000000,True,True,100,camera_sign_turn_right,turn_right_sign,right,0.5051865686842567,6975,93,75,276,215,camera_sign_turn_left
58.76603000399973,58027000000,True,True,101,camera_sign_turn_right,turn_right_sign,right,0.5022538912694255,7332,94,78,273,215,camera_sign_turn_left
58.82321480199971,58126000000,True,True,102,camera_sign_turn_right,turn_right_sign,right,0.4994195030195146,7644,98,78,271,215,camera_sign_turn_left
58.83253241699913,58126000000,True,True,103,camera_sign_turn_right,turn_right_sign,right,0.5018734692897034,7722,99,78,269,214,camera_sign_turn_left
58.87930474899986,58126000000,True,True,104,camera_sign_turn_right,turn_right_sign,right,0.5043233067287894,7800,100,78,266,214,camera_sign_turn_left
58.89640012899963,58126000000,True,True,105,camera_sign_turn_right,turn_right_sign,right,0.5023809442175292,8137,103,79,264,213,camera_sign_turn_left
58.95299129899922,58228000000,True,True,106,camera_sign_turn_right,turn_right_sign,right,0.5063929597160213,8112,104,78,261,213,camera_sign_turn_left
58.95806498299953,58228000000,True,True,107,camera_sign_turn_right,turn_right_sign,right,0.5026981593110509,8532,108,79,258,212,camera_sign_turn_left
59.01281149799979,58326000000,True,True,108,camera_sign_turn_right,turn_right_sign,right,0.5027956264393464,8720,109,80,256,212,camera_sign_turn_left
59.02480575499976,58326000000,True,True,109,camera_sign_turn_right,turn_right_sign,right,0.5032285723148918,8927,113,79,253,211,camera_sign_turn_left
59.068483669999296,58326000000,True,True,110,camera_sign_turn_right,turn_right_sign,right,0.5031542639843335,9200,115,80,250,211,camera_sign_turn_left
59.10002176499984,58326000000,True,True,111,camera_sign_turn_right,turn_right_sign,right,0.497744842027432,9877,119,83,247,210,camera_sign_turn_left
59.13107306499933,58427000000,True,True,112,camera_sign_turn_right,turn_right_sign,right,0.5040352074213763,9600,120,80,244,210,camera_sign_turn_left
59.167890601999716,58427000000,True,True,113,camera_sign_turn_right,turn_right_sign,right,0.49913859348766354,10292,124,83,241,209,camera_sign_turn_left
59.1979718449993,58427000000,True,True,114,camera_sign_turn_right,turn_right_sign,right,0.4967324587910026,10752,128,84,238,208,camera_sign_turn_left
59.24062716399931,58527000000,True,True,115,camera_sign_turn_right,turn_right_sign,right,0.49801267919536363,10956,132,83,235,208,camera_sign_turn_left
59.27987778699935,58527000000,True,True,116,camera_sign_turn_right,turn_right_sign,right,0.49741084411899306,11256,134,84,231,207,camera_sign_turn_left
59.308593533999556,58629000000,True,True,117,camera_sign_turn_right,turn_right_sign,right,0.4966116523624402,11730,138,85,228,206,camera_sign_turn_left
59.35323961099948,58629000000,True,True,118,camera_sign_turn_right,turn_right_sign,right,0.4946640377142521,12155,143,85,224,206,camera_sign_turn_left
59.36391478299993,58629000000,True,True,119,camera_sign_turn_right,turn_right_sign,right,0.49465751013017584,12672,144,88,221,205,camera_sign_turn_left
59.40900183099984,58729000000,True,True,120,camera_sign_turn_right,turn_right_sign,right,0.49801841845165595,12665,149,85,217,204,camera_sign_turn_left
59.43265118199997,58729000000,True,True,121,camera_sign_turn_right,turn_right_sign,right,0.4944966122749523,13464,153,88,213,204,camera_sign_turn_left
59.468213354999534,58729000000,True,True,122,camera_sign_turn_right,turn_right_sign,right,0.4937913437112554,14062,158,89,210,203,camera_sign_turn_left
59.499000542999966,58729000000,True,True,123,camera_sign_turn_right,turn_right_sign,right,0.4934509907224694,14507,163,89,205,202,camera_sign_turn_left
59.543977969999105,58828000000,True,True,124,camera_sign_turn_right,turn_right_sign,right,0.49455327602600574,15030,167,90,201,201,camera_sign_turn_left
59.56929098299952,58828000000,True,True,125,camera_sign_turn_right,turn_right_sign,right,0.49529015646054986,15570,173,90,197,200,camera_sign_turn_left
59.61100972999975,58929000000,True,True,126,camera_sign_turn_right,turn_right_sign,right,0.4917704137737358,16554,178,93,193,199,camera_sign_turn_left
59.64359596399936,58929000000,True,True,127,camera_sign_turn_right,turn_right_sign,right,0.49146592266180306,17019,183,93,188,199,camera_sign_turn_left
59.66591948899986,58929000000,True,True,128,camera_sign_turn_right,turn_right_sign,right,0.49216603936635955,17672,188,94,184,198,camera_sign_turn_left
59.697919538999486,58929000000,True,True,129,camera_sign_turn_right,turn_right_sign,right,0.4903863472438243,18236,194,94,179,197,camera_sign_turn_left
59.731056044999605,59031000000,True,True,130,camera_sign_turn_right,turn_right_sign,right,0.49099906195038723,18905,199,95,174,196,camera_sign_turn_left
59.76582153799973,59031000000,True,True,131,camera_sign_turn_right,turn_right_sign,right,0.4863507751649301,20384,208,98,169,195,camera_sign_turn_left
59.79856136699982,59031000000,True,True,132,camera_sign_turn_right,turn_right_sign,right,0.4863085480177025,20874,213,98,163,193,camera_sign_turn_left
59.82181616499929,59131000000,True,True,133,camera_sign_turn_right,turn_right_sign,right,0.48488369958870603,21978,222,99,158,192,camera_sign_turn_left
59.86920516899954,59131000000,True,True,134,camera_sign_turn_right,turn_right_sign,right,0.48464986715309677,22572,228,99,152,191,camera_sign_turn_left
59.888025125999775,59131000000,True,True,135,camera_sign_turn_right,turn_right_sign,right,0.48134813347125055,24411,237,103,146,190,camera_sign_turn_left
59.93014042899995,59233000000,True,True,136,camera_sign_turn_right,turn_right_sign,right,0.4813798395283837,25029,243,103,140,189,camera_sign_turn_left
59.999749000999145,59233000000,True,True,137,camera_sign_turn_right,turn_right_sign,right,0.47715406150748,26312,253,104,132,185,camera_sign_turn_left
60.01097740899968,59333000000,True,True,138,camera_sign_turn_right,turn_right_sign,right,0.47944401312553925,27195,259,105,125,184,camera_sign_turn_left
60.03138673999911,59333000000,True,True,139,camera_sign_turn_right,turn_right_sign,right,0.4871003748375585,27864,258,108,118,182,camera_sign_turn_left
60.05450424499941,59333000000,True,True,140,camera_sign_turn_right,turn_right_sign,right,0.493303891206341,27540,255,108,111,181,camera_sign_turn_left
60.112758366999515,59432000000,True,True,141,camera_sign_turn_right,turn_right_sign,right,0.4968365155341222,27686,254,109,104,179,camera_sign_turn_left
60.157198697999775,59432000000,True,True,142,camera_sign_turn_right,turn_right_sign,right,0.4908300002930118,28476,252,113,96,177,camera_sign_turn_left
60.17887144799988,59432000000,True,True,143,camera_sign_turn_right,turn_right_sign,right,0.4695196939401783,28272,248,114,89,176,camera_sign_turn_left
60.21398414499981,59530000000,True,True,144,camera_sign_turn_right,turn_right_sign,right,0.4344290325813012,2635,85,31,104,198,camera_sign_turn_left
60.23554594599955,59530000000,True,True,145,camera_sign_turn_right,turn_right_sign,right,0.4608211402965197,1770,59,30,17,184,camera_sign_turn_left
60.27045493899914,59530000000,True,True,146,camera_sign_turn_right,turn_right_sign,right,0.44363800510662793,2670,89,30,88,195,camera_sign_turn_left
60.29399858099987,59530000000,True,False,1,camera_sign_speed_limit,speed_limit_sign,,0.4641063219262044,27306,222,123,85,171,camera_sign_turn_left
60.33471092799937,59631000000,True,True,2,camera_sign_speed_limit,speed_limit_sign,,0.4618725850051063,27178,214,127,82,170,camera_sign_speed_limit
60.379880665999735,59631000000,True,True,3,camera_sign_speed_limit,speed_limit_sign,,0.4558207176554596,26624,208,128,78,170,camera_sign_speed_limit
60.40052841599936,59631000000,True,False,1,camera_sign_turn_right,turn_right_sign,right,0.45368140747868146,25800,200,129,73,169,camera_sign_speed_limit
60.43340157699913,59734000000,True,True,2,camera_sign_turn_right,turn_right_sign,right,0.4579946737669506,24384,192,127,68,169,camera_sign_speed_limit
60.470080837999376,59734000000,True,True,3,camera_sign_turn_right,turn_right_sign,right,0.46078251029584316,23368,184,127,64,169,camera_sign_speed_limit
60.50003562799975,59734000000,True,True,4,camera_sign_turn_right,turn_right_sign,right,0.4685051150788151,21824,176,124,61,169,camera_sign_speed_limit
60.531846797999606,59835000000,True,True,5,camera_sign_turn_right,turn_right_sign,right,0.470475611664485,20418,166,123,58,169,camera_sign_speed_limit
60.565429964999566,59835000000,True,True,6,camera_sign_turn_right,turn_right_sign,right,0.47356499030262006,18683,157,119,55,170,camera_sign_speed_limit
60.5991047739999,59835000000,True,True,7,camera_sign_turn_right,turn_right_sign,right,0.4756592297723384,16758,147,114,51,170,camera_sign_speed_limit
60.68656484099938,59936000000,True,True,8,camera_sign_turn_right,turn_right_sign,right,0.4716437690230736,15070,137,110,47,171,camera_sign_speed_limit
60.693553970999346,59936000000,True,True,9,camera_sign_turn_right,turn_right_sign,right,0.4770529257067718,13230,126,105,43,172,camera_sign_speed_limit
60.70034542999929,59936000000,True,True,10,camera_sign_turn_right,turn_right_sign,right,0.48577036370304083,11385,115,99,38,172,camera_sign_speed_limit
60.73483293999925,60032000000,True,True,11,camera_sign_turn_right,turn_right_sign,right,0.4915600526635053,9870,105,94,32,173,camera_sign_speed_limit
60.75573428199914,60032000000,True,True,12,camera_sign_turn_right,turn_right_sign,right,0.4960302179493495,7735,91,85,27,174,camera_sign_speed_limit
60.80444393699963,60032000000,True,True,13,camera_sign_turn_right,turn_right_sign,right,0.4898523532774996,6162,79,78,23,175,camera_sign_speed_limit
60.832794355999795,60133000000,True,True,14,camera_sign_turn_right,turn_right_sign,right,0.4912628865188188,4488,66,68,19,176,camera_sign_speed_limit
60.86656177399982,60133000000,True,True,15,camera_sign_turn_right,turn_right_sign,right,0.4881355958418618,3068,52,59,15,177,camera_sign_speed_limit
60.90316525899925,60133000000,True,False,1,camera_sign_turn_left,turn_left_sign,left,0.49072606682539466,1710,38,45,10,178,camera_sign_speed_limit
60.96964010099964,60221000000,True,False,1,camera_sign_turn_right,turn_right_sign,right,0.5031180656894707,630,21,30,6,180,camera_sign_speed_limit
61.012326018999374,60327000000,True,False,1,camera_sign_turn_right,turn_right_sign,right,0.5031180656894707,630,21,30,6,180,camera_sign_speed_limit
61.01682508999966,60327000000,True,False,1,camera_sign_turn_right,turn_right_sign,right,0.5031180656894707,630,21,30,6,180,camera_sign_speed_limit
61.03605806699943,60327000000,True,False,1,camera_sign_turn_right,turn_right_sign,right,0.5031180656894707,630,21,30,6,180,camera_sign_speed_limit
61.0917257079991,60327000000,True,False,1,camera_sign_turn_right,turn_right_sign,right,0.5031180656894707,630,21,30,6,180,camera_sign_speed_limit
61.11345004499981,60431000000,True,False,1,camera_sign_turn_right,turn_right_sign,right,0.5031180656894707,630,21,30,6,180,camera_sign_speed_limit
61.16944453199994,60431000000,True,False,1,camera_sign_turn_right,turn_right_sign,right,0.5031180656894707,630,21,30,6,180,camera_sign_speed_limit
61.17428720099997,60431000000,True,False,1,camera_sign_turn_right,turn_right_sign,right,0.5031180656894707,630,21,30,6,180,camera_sign_speed_limit
61.204709856999216,60431000000,True,False,1,camera_sign_turn_right,turn_right_sign,right,0.5031180656894707,630,21,30,6,180,camera_sign_speed_limit
61.23830164999981,60531000000,True,False,1,camera_sign_turn_right,turn_right_sign,right,0.5031180656894707,630,21,30,6,180,camera_sign_speed_limit
61.279788639999424,60531000000,True,False,1,camera_sign_turn_right,turn_right_sign,right,0.5031180656894707,630,21,30,6,180,camera_sign_speed_limit
61.30382753599952,60531000000,True,False,1,camera_sign_turn_right,turn_right_sign,right,0.5031180656894707,630,21,30,6,180,camera_sign_speed_limit
61.32474376099981,60632000000,True,False,1,camera_sign_turn_right,turn_right_sign,right,0.5031180656894707,630,21,30,6,180,camera_sign_speed_limit
61.37382228599927,60632000000,True,False,1,camera_sign_turn_right,turn_right_sign,right,0.5031180656894707,630,21,30,6,180,camera_sign_speed_limit
61.414570113999616,60731000000,False,False,0,,,,0.0,0,0,0,0,0,camera_sign_speed_limit
61.464336744999855,60731000000,False,False,0,,,,0.0,0,0,0,0,0,camera_sign_speed_limit
61.50121923399911,60731000000,False,False,0,,,,0.0,0,0,0,0,0,camera_sign_speed_limit
61.51220315699993,60833000000,False,False,0,,,,0.0,0,0,0,0,0,camera_sign_speed_limit
61.53481792099956,60833000000,False,False,0,,,,0.0,0,0,0,0,0,camera_sign_speed_limit
61.57912177399976,60833000000,False,False,0,,,,0.0,0,0,0,0,0,camera_sign_speed_limit
61.602509633999944,60833000000,False,False,0,,,,0.0,0,0,0,0,0,camera_sign_speed_limit
61.64839503699932,60935000000,False,False,0,,,,0.0,0,0,0,0,0,camera_sign_speed_limit
61.690848105999976,60935000000,False,False,0,,,,0.0,0,0,0,0,0,camera_sign_speed_limit
61.713692040999376,61033000000,False,False,0,,,,0.0,0,0,0,0,0,camera_sign_speed_limit
61.737107692999416,61033000000,False,False,0,,,,0.0,0,0,0,0,0,camera_sign_speed_limit
61.77130341299926,61033000000,False,False,0,,,,0.0,0,0,0,0,0,camera_sign_speed_limit
61.824349107999296,61134000000,False,False,0,,,,0.0,0,0,0,0,0,camera_sign_speed_limit
61.84398299899931,61134000000,False,False,0,,,,0.0,0,0,0,0,0,camera_sign_speed_limit
61.87147886399998,61134000000,False,False,0,,,,0.0,0,0,0,0,0,camera_sign_speed_limit
61.9136690259993,61236000000,False,False,0,,,,0.0,0,0,0,0,0,camera_sign_speed_limit
61.97745110999949,61236000000,False,False,0,,,,0.0,0,0,0,0,0,camera_sign_speed_limit
61.98231064599986,61236000000,False,False,0,,,,0.0,0,0,0,0,0,camera_sign_speed_limit
62.000700628999766,61236000000,False,False,0,,,,0.0,0,0,0,0,0,camera_sign_speed_limit
62.03249754299941,61336000000,False,False,0,,,,0.0,0,0,0,0,0,camera_sign_speed_limit
62.093420670999876,61336000000,False,False,0,,,,0.0,0,0,0,0,0,camera_sign_speed_limit
62.09885985299934,61336000000,False,False,0,,,,0.0,0,0,0,0,0,camera_sign_speed_limit
62.15747255199949,61435000000,False,False,0,,,,0.0,0,0,0,0,0,camera_sign_speed_limit
62.16673640599947,61435000000,False,False,0,,,,0.0,0,0,0,0,0,camera_sign_speed_limit
62.20356709399948,61435000000,False,False,0,,,,0.0,0,0,0,0,0,camera_sign_speed_limit
62.23585186599939,61536000000,False,False,0,,,,0.0,0,0,0,0,0,camera_sign_speed_limit
62.280902065999726,61536000000,False,False,0,,,,0.0,0,0,0,0,0,camera_sign_speed_limit
62.31378434599992,61536000000,False,False,0,,,,0.0,0,0,0,0,0,camera_sign_speed_limit
62.33370024799933,61635000000,False,False,0,,,,0.0,0,0,0,0,0,camera_sign_speed_limit
62.357564416999594,61635000000,False,False,0,,,,0.0,0,0,0,0,0,camera_sign_speed_limit
62.40213761799987,61635000000,False,False,0,,,,0.0,0,0,0,0,0,camera_sign_speed_limit
62.424423211999965,61735000000,False,False,0,,,,0.0,0,0,0,0,0,camera_sign_speed_limit
62.45680756999991,61735000000,False,False,0,,,,0.0,0,0,0,0,0,camera_sign_speed_limit
62.49925871799951,61735000000,False,False,0,,,,0.0,0,0,0,0,0,camera_sign_speed_limit
62.544502392999675,61837000000,False,False,0,,,,0.0,0,0,0,0,0,camera_sign_speed_limit
62.56831820299976,61837000000,False,False,0,,,,0.0,0,0,0,0,0,camera_sign_speed_limit
62.603756688999965,61837000000,False,False,0,,,,0.0,0,0,0,0,0,camera_sign_speed_limit
62.63488209799925,61936000000,False,False,0,,,,0.0,0,0,0,0,0,camera_sign_speed_limit
62.66909278299954,61936000000,False,False,0,,,,0.0,0,0,0,0,0,camera_sign_speed_limit
62.70137907999924,61936000000,False,False,0,,,,0.0,0,0,0,0,0,camera_sign_speed_limit
62.734133779999866,62038000000,False,False,0,,,,0.0,0,0,0,0,0,camera_sign_speed_limit
62.780536536999534,62038000000,False,False,0,,,,0.0,0,0,0,0,0,camera_sign_speed_limit
62.81365511399963,62038000000,False,False,0,,,,0.0,0,0,0,0,0,camera_sign_speed_limit
62.83678330999919,62137000000,False,False,0,,,,0.0,0,0,0,0,0,camera_sign_speed_limit
62.868141316999754,62137000000,False,False,0,,,,0.0,0,0,0,0,0,camera_sign_speed_limit
62.888097053999445,62137000000,False,False,0,,,,0.0,0,0,0,0,0,camera_sign_speed_limit
62.94318327199926,62239000000,False,False,0,,,,0.0,0,0,0,0,0,camera_sign_speed_limit
62.97818710499996,62239000000,False,False,0,,,,0.0,0,0,0,0,0,camera_sign_speed_limit
63.013543761999244,62239000000,False,False,0,,,,0.0,0,0,0,0,0,camera_sign_speed_limit
63.04372848799994,62339000000,False,False,0,,,,0.0,0,0,0,0,0,camera_sign_speed_limit
63.078528388999985,62339000000,False,False,0,,,,0.0,0,0,0,0,0,camera_sign_speed_limit
63.111106543999995,62339000000,False,False,0,,,,0.0,0,0,0,0,0,camera_sign_speed_limit
63.14486941999985,62440000000,False,False,0,,,,0.0,0,0,0,0,0,camera_sign_speed_limit
63.170975958999406,62440000000,False,False,0,,,,0.0,0,0,0,0,0,camera_sign_speed_limit
63.19081341299989,62440000000,False,False,0,,,,0.0,0,0,0,0,0,camera_sign_speed_limit
63.245323335999274,62538000000,False,False,0,,,,0.0,0,0,0,0,0,camera_sign_speed_limit
63.26726468199922,62538000000,False,False,0,,,,0.0,0,0,0,0,0,camera_sign_speed_limit
63.29136492299949,62538000000,False,False,0,,,,0.0,0,0,0,0,0,camera_sign_speed_limit
63.32317105899983,62639000000,False,False,0,,,,0.0,0,0,0,0,0,camera_sign_speed_limit
63.37095079499977,62639000000,False,False,0,,,,0.0,0,0,0,0,0,camera_sign_speed_limit
63.41770049999923,62639000000,False,False,0,,,,0.0,0,0,0,0,0,camera_sign_speed_limit
63.42923972299923,62736000000,False,False,0,,,,0.0,0,0,0,0,0,camera_sign_speed_limit
63.507462517999556,62736000000,False,False,0,,,,0.0,0,0,0,0,0,camera_sign_speed_limit
63.512425882999196,62736000000,False,False,0,,,,0.0,0,0,0,0,0,camera_sign_speed_limit
63.5405867089994,62836000000,False,False,0,,,,0.0,0,0,0,0,0,camera_sign_speed_limit
63.563286284999776,62836000000,False,False,0,,,,0.0,0,0,0,0,0,camera_sign_speed_limit
63.60534465099954,62836000000,False,False,0,,,,0.0,0,0,0,0,0,camera_sign_speed_limit
63.648665154999435,62939000000,False,False,0,,,,0.0,0,0,0,0,0,camera_sign_speed_limit
63.68396314599977,62939000000,False,False,0,,,,0.0,0,0,0,0,0,camera_sign_speed_limit
63.717513711999345,62939000000,False,False,0,,,,0.0,0,0,0,0,0,camera_sign_speed_limit
63.738184039999396,63040000000,False,False,0,,,,0.0,0,0,0,0,0,camera_sign_speed_limit
63.78383270799986,63040000000,False,False,0,,,,0.0,0,0,0,0,0,camera_sign_speed_limit
63.83042763099911,63141000000,False,False,0,,,,0.0,0,0,0,0,0,camera_sign_speed_limit
63.85267351499988,63141000000,False,False,0,,,,0.0,0,0,0,0,0,camera_sign_speed_limit
63.88683715699972,63141000000,False,False,0,,,,0.0,0,0,0,0,0,camera_sign_speed_limit
63.89569126799961,63141000000,False,False,0,,,,0.0,0,0,0,0,0,camera_sign_speed_limit
63.937814962999255,63242000000,False,False,0,,,,0.0,0,0,0,0,0,camera_sign_speed_limit
63.9711513809998,63242000000,False,False,0,,,,0.0,0,0,0,0,0,camera_sign_speed_limit
64.00413932799984,63242000000,False,False,0,,,,0.0,0,0,0,0,0,camera_sign_speed_limit
64.03736120599933,63343000000,False,False,0,,,,0.0,0,0,0,0,0,camera_sign_speed_limit
64.08433537999917,63343000000,False,False,0,,,,0.0,0,0,0,0,0,camera_sign_speed_limit
64.10605089099954,63343000000,False,False,0,,,,0.0,0,0,0,0,0,camera_sign_speed_limit
64.1371068289991,63444000000,False,False,0,,,,0.0,0,0,0,0,0,camera_sign_speed_limit
64.16141995199996,63444000000,False,False,0,,,,0.0,0,0,0,0,0,camera_sign_speed_limit
64.2168609979999,63444000000,False,False,0,,,,0.0,0,0,0,0,0,camera_sign_speed_limit
64.23059658199963,63543000000,False,False,0,,,,0.0,0,0,0,0,0,camera_sign_speed_limit
64.26264686399918,63543000000,False,False,0,,,,0.0,0,0,0,0,0,camera_sign_speed_limit
64.34151643199948,63640000000,False,False,0,,,,0.0,0,0,0,0,0,camera_sign_speed_limit
64.34616710499995,63640000000,False,False,0,,,,0.0,0,0,0,0,0,camera_sign_speed_limit
64.36339235999912,63640000000,False,False,0,,,,0.0,0,0,0,0,0,camera_sign_speed_limit
64.40662615499969,63640000000,False,False,0,,,,0.0,0,0,0,0,0,camera_sign_speed_limit
64.451326462,63742000000,False,False,0,,,,0.0,0,0,0,0,0,camera_sign_speed_limit
64.483508712,63742000000,False,False,0,,,,0.0,0,0,0,0,0,camera_sign_speed_limit
64.5079370959993,63742000000,False,False,0,,,,0.0,0,0,0,0,0,camera_sign_speed_limit
64.53879351399974,63843000000,False,False,0,,,,0.0,0,0,0,0,0,camera_sign_speed_limit
64.58322350699927,63843000000,False,False,0,,,,0.0,0,0,0,0,0,camera_sign_speed_limit
64.61635366199971,63843000000,False,False,0,,,,0.0,0,0,0,0,0,camera_sign_speed_limit
64.62795326899959,63945000000,False,False,0,,,,0.0,0,0,0,0,0,camera_sign_speed_limit
64.65935091699976,63945000000,False,False,0,,,,0.0,0,0,0,0,0,camera_sign_speed_limit
64.69437574399944,63945000000,False,False,0,,,,0.0,0,0,0,0,0,camera_sign_speed_limit
64.74902414299959,64046000000,False,False,0,,,,0.0,0,0,0,0,0,camera_sign_speed_limit
64.78235915799996,64046000000,False,False,0,,,,0.0,0,0,0,0,0,camera_sign_speed_limit
64.8052544559996,64046000000,False,False,0,,,,0.0,0,0,0,0,0,camera_sign_speed_limit
64.85911057799967,64145000000,False,False,0,,,,0.0,0,0,0,0,0,camera_sign_speed_limit
64.86326475799979,64145000000,False,False,0,,,,0.0,0,0,0,0,0,camera_sign_speed_limit
64.91589298099916,64145000000,False,False,0,,,,0.0,0,0,0,0,0,camera_sign_speed_limit
64.9489646209995,64246000000,False,False,0,,,,0.0,0,0,0,0,0,camera_sign_speed_limit
64.96994152599927,64246000000,False,False,0,,,,0.0,0,0,0,0,0,camera_sign_speed_limit
65.0040537699997,64246000000,True,False,1,camera_sign_turn_left,turn_left_sign,left,0.5040124019029462,496,16,31,4,178,camera_sign_speed_limit
65.04551491699931,64351000000,True,True,2,camera_sign_turn_left,turn_left_sign,left,0.5295957490994346,3358,46,73,13,173,camera_sign_speed_limit
65.07093265499952,64351000000,True,False,1,camera_sign_turn_right,turn_right_sign,right,0.5075392305264331,7524,76,99,22,170,camera_sign_speed_limit
65.10434864799936,64351000000,True,True,2,camera_sign_turn_right,turn_right_sign,right,0.5108213273038296,11918,101,118,33,167,camera_sign_speed_limit
65.13004435099992,64351000000,True,True,3,camera_sign_turn_right,turn_right_sign,right,0.479247140310509,16884,126,134,45,164,camera_sign_speed_limit
65.2329670399995,64448000000,True,True,4,camera_sign_turn_right,turn_right_sign,right,0.478751550231301,21600,150,144,55,161,camera_sign_speed_limit
65.24095586299973,64547000000,True,True,5,camera_sign_turn_right,turn_right_sign,right,0.47932661625172984,25012,169,148,62,160,camera_sign_speed_limit
65.25186725899948,64547000000,True,True,6,camera_sign_turn_right,turn_right_sign,right,0.47387905478879744,27972,189,148,72,160,camera_sign_speed_limit
65.30022860999998,64547000000,True,True,7,camera_sign_turn_right,turn_right_sign,right,0.46435399025249086,29458,206,143,82,160,camera_sign_speed_limit
65.3211058579991,64547000000,True,True,8,camera_sign_turn_right,turn_right_sign,right,0.4746478427161862,30858,222,139,82,165,camera_sign_speed_limit
65.34446277999996,64646000000,True,True,9,camera_sign_turn_right,turn_right_sign,right,0.5092108208393407,32016,232,138,96,171,camera_sign_speed_limit
65.36547204099952,64646000000,True,True,10,camera_sign_turn_right,turn_right_sign,right,0.503989458069981,32743,239,137,111,174,camera_sign_speed_limit
65.43184329999985,64646000000,True,True,11,camera_sign_turn_right,turn_right_sign,right,0.4978013936453664,31892,238,134,126,177,camera_sign_speed_limit
65.44200510399969,64747000000,True,True,12,camera_sign_turn_right,turn_right_sign,right,0.49809787755840307,30191,227,133,138,179,camera_sign_speed_limit
65.46484841899928,64747000000,True,True,13,camera_sign_turn_right,turn_right_sign,right,0.5006078831370848,28329,213,133,151,181,camera_sign_speed_limit
65.50761884599979,64747000000,True,True,14,camera_sign_turn_right,turn_right_sign,right,0.5022230558224307,26664,202,132,160,183,camera_sign_speed_limit
65.53811837799913,64851000000,True,True,15,camera_sign_turn_right,turn_right_sign,right,0.5015601748776907,25476,193,132,169,185,camera_sign_speed_limit
65.6064096479995,64851000000,True,True,16,camera_sign_turn_right,turn_right_sign,right,0.49063579468734303,29546,187,158,178,196,camera_sign_speed_limit
65.61340236999968,64851000000,True,True,17,camera_sign_turn_right,turn_right_sign,right,0.49174836999994237,28103,179,157,185,196,camera_sign_speed_limit
65.66102704899913,64952000000,True,True,18,camera_sign_turn_right,turn_right_sign,right,0.4913252297965469,26642,173,154,192,197,camera_sign_speed_limit
65.67220045799968,64952000000,True,True,19,camera_sign_turn_right,turn_right_sign,right,0.490441835398228,25551,167,153,198,197,camera_sign_speed_limit
65.71277904699946,64952000000,True,True,20,camera_sign_turn_right,turn_right_sign,right,0.4896962758697609,24786,162,153,204,198,camera_sign_speed_limit
65.74101270399933,65050000000,True,True,21,camera_sign_turn_right,turn_right_sign,right,0.4881159527466732,24016,158,152,208,198,camera_sign_speed_limit
65.76321202599956,65050000000,True,True,22,camera_sign_turn_right,turn_right_sign,right,0.48619556104513256,23408,154,152,212,198,camera_sign_speed_limit
65.80825327899947,65050000000,True,True,23,camera_sign_turn_right,turn_right_sign,right,0.478418511339247,23104,152,152,215,198,camera_sign_speed_limit
65.84277581699916,65150000000,True,True,24,camera_sign_turn_right,turn_right_sign,right,0.4739721569989518,22648,149,152,218,198,camera_sign_speed_limit
65.88837623099971,65150000000,True,True,25,camera_sign_turn_right,turn_right_sign,right,0.471284283290912,22344,147,152,220,198,camera_sign_speed_limit
65.89851953899961,65150000000,True,True,26,camera_sign_turn_right,turn_right_sign,right,0.4721139972785448,21888,144,152,221,198,camera_sign_speed_limit
65.92903833899982,65150000000,True,True,27,camera_sign_turn_right,turn_right_sign,right,0.4722676351567644,21879,143,153,222,198,camera_sign_speed_limit
65.97440695299974,65252000000,True,True,28,camera_sign_turn_right,turn_right_sign,right,0.47238624655263234,21879,143,153,223,197,camera_sign_speed_limit
66.00722856599987,65252000000,True,True,29,camera_sign_turn_right,turn_right_sign,right,0.45041425101468,33418,217,154,214,197,camera_sign_speed_limit
66.04120124599922,65352000000,True,False,1,camera_sign_speed_limit,speed_limit_sign,,0.44416587818387976,33284,212,157,214,197,camera_sign_speed_limit
66.07485382199957,65352000000,True,False,1,camera_sign_turn_right,turn_right_sign,right,0.44547691627817587,31871,203,157,215,196,camera_sign_speed_limit
66.13085798199972,65352000000,True,True,2,camera_sign_turn_right,turn_right_sign,right,0.44459613592606095,31284,198,158,214,196,camera_sign_speed_limit
66.13695570699929,65453000000,True,True,3,camera_sign_turn_right,turn_right_sign,right,0.4479557547040443,30528,192,159,213,196,camera_sign_speed_limit
66.1740133179992,65453000000,True,True,4,camera_sign_turn_right,turn_right_sign,right,0.4461854933435828,30294,187,162,213,195,camera_sign_speed_limit
66.20810620099928,65453000000,True,True,5,camera_sign_turn_right,turn_right_sign,right,0.45178400869077673,29356,179,164,211,194,camera_sign_speed_limit
66.2302516159998,65453000000,True,True,6,camera_sign_turn_right,turn_right_sign,right,0.44967509543974193,29058,174,167,209,194,camera_sign_speed_limit
66.28498298799968,65554000000,True,True,7,camera_sign_turn_right,turn_right_sign,right,0.4497487652278446,28896,168,172,207,193,camera_sign_speed_limit
66.33972945699952,65654000000,True,True,8,camera_sign_turn_right,turn_right_sign,right,0.4558319521512052,28372,164,173,204,192,camera_sign_speed_limit
66.34496900399972,65654000000,True,True,9,camera_sign_turn_right,turn_right_sign,right,0.4571635791605649,28143,159,177,201,192,camera_sign_speed_limit
66.37542309999935,65654000000,True,True,10,camera_sign_turn_right,turn_right_sign,right,0.46487101852689133,27387,153,179,198,191,camera_sign_speed_limit
66.41693647099964,65654000000,True,True,11,camera_sign_turn_right,turn_right_sign,right,0.4643458856541755,27816,152,183,193,190,camera_sign_speed_limit
66.4395952979994,65754000000,True,True,12,camera_sign_turn_right,turn_right_sign,right,0.46234252867689957,28611,153,187,188,189,camera_sign_speed_limit
66.47453433999999,65754000000,True,True,13,camera_sign_turn_right,turn_right_sign,right,0.4640340770234976,29106,154,189,182,187,camera_sign_speed_limit
66.51660424799957,65754000000,True,True,14,camera_sign_turn_right,turn_right_sign,right,0.46036483255381216,30652,158,194,175,186,camera_sign_speed_limit
66.54124881499956,65855000000,True,True,15,camera_sign_turn_right,turn_right_sign,right,0.4593451511808778,32238,162,199,168,185,camera_sign_speed_limit
66.63013785599924,65855000000,True,True,16,camera_sign_turn_right,turn_right_sign,right,0.4591187465356468,33456,164,204,160,183,camera_sign_speed_limit
66.63585904899992,65855000000,True,True,17,camera_sign_turn_right,turn_right_sign,right,0.4591960934421784,35112,168,209,152,182,camera_sign_speed_limit
66.64182483299919,65957000000,True,True,18,camera_sign_turn_right,turn_right_sign,right,0.4542594861189285,37496,172,218,143,180,camera_sign_speed_limit
66.67399202499928,65957000000,True,True,19,camera_sign_turn_right,turn_right_sign,right,0.45127351016293804,40002,177,226,133,178,camera_sign_speed_limit
66.70619208699918,65957000000,True,True,20,camera_sign_turn_right,turn_right_sign,right,0.4515799933280252,42224,182,232,123,176,camera_sign_speed_limit
66.74430718099939,66055000000,True,True,21,camera_sign_turn_right,turn_right_sign,right,0.4526011514486857,44744,188,238,111,174,camera_sign_speed_limit
66.79861860099936,66055000000,True,True,22,camera_sign_turn_right,turn_right_sign,right,0.4525942946026998,47918,194,247,98,172,camera_sign_speed_limit
66.80560206099926,66055000000,True,True,23,camera_sign_turn_right,turn_right_sign,right,0.4671741953507456,46990,185,254,85,169,camera_sign_speed_limit
66.84091714599981,66055000000,True,True,24,camera_sign_turn_right,turn_right_sign,right,0.4732718126330773,44718,174,257,70,166,camera_sign_speed_limit
66.88861053999972,66159000000,True,True,25,camera_sign_turn_right,turn_right_sign,right,0.46029588317139425,40922,158,259,57,166,camera_sign_speed_limit
66.90245322599912,66159000000,True,True,26,camera_sign_turn_right,turn_right_sign,right,0.48270578566172,36156,138,262,47,167,camera_sign_speed_limit
66.93201546299952,66159000000,True,True,27,camera_sign_turn_right,turn_right_sign,right,0.5013860197899643,31034,118,263,39,171,camera_sign_speed_limit
66.96490263099986,66259000000,True,True,28,camera_sign_turn_right,turn_right_sign,right,0.4993420644160143,24628,94,262,30,176,camera_sign_speed_limit
67.02016813699993,66259000000,True,True,29,camera_sign_turn_right,turn_right_sign,right,0.4968981990778064,17476,68,257,22,181,camera_sign_speed_limit
67.04238676599925,66259000000,True,True,30,camera_sign_turn_right,turn_right_sign,right,0.5199579757919328,8424,39,216,12,189,camera_sign_speed_limit
67.06401062499936,66362000000,True,True,30,camera_sign_turn_right,turn_right_sign,right,0.5199579757919328,8424,39,216,12,189,camera_sign_speed_limit
67.12135163099992,66362000000,True,True,30,camera_sign_turn_right,turn_right_sign,right,0.5199579757919328,8424,39,216,12,189,camera_sign_speed_limit
67.16464135699971,66457000000,True,True,30,camera_sign_turn_right,turn_right_sign,right,0.5199579757919328,8424,39,216,12,189,camera_sign_speed_limit
67.19807328999923,66457000000,True,True,30,camera_sign_turn_right,turn_right_sign,right,0.5199579757919328,8424,39,216,12,189,camera_sign_speed_limit
67.2038797489995,66457000000,True,True,30,camera_sign_turn_right,turn_right_sign,right,0.5199579757919328,8424,39,216,12,189,camera_sign_speed_limit
67.23889215399959,66457000000,True,True,30,camera_sign_turn_right,turn_right_sign,right,0.5199579757919328,8424,39,216,12,189,camera_sign_speed_limit
67.27458426399971,66561000000,True,True,30,camera_sign_turn_right,turn_right_sign,right,0.5199579757919328,8424,39,216,12,189,camera_sign_speed_limit
67.29615820599975,66561000000,True,True,30,camera_sign_turn_right,turn_right_sign,right,0.5199579757919328,8424,39,216,12,189,camera_sign_speed_limit
67.38618014399981,66659000000,True,False,1,camera_sign_speed_limit,speed_limit_sign,,0.557493858691939,6148,106,58,37,178,camera_sign_speed_limit
67.3919772599993,66659000000,True,True,2,camera_sign_speed_limit,speed_limit_sign,,0.5556313530073951,5510,95,58,33,178,camera_sign_speed_limit
67.3975624069999,66659000000,True,True,3,camera_sign_speed_limit,speed_limit_sign,,0.5670564494607032,5133,87,59,29,177,camera_sign_speed_limit
67.43128559899924,66659000000,True,True,4,camera_sign_speed_limit,speed_limit_sign,,0.5735032010979195,4602,78,59,26,176,camera_sign_speed_limit
67.4896776429996,66760000000,True,True,5,camera_sign_speed_limit,speed_limit_sign,,0.5751141250270757,3886,67,58,22,176,camera_sign_speed_limit
67.52340499899947,66760000000,True,True,6,camera_sign_speed_limit,speed_limit_sign,,0.5670986843942422,3132,58,54,18,176,camera_sign_speed_limit
67.5449937909998,66760000000,True,True,7,camera_sign_speed_limit,speed_limit_sign,,0.5527089419352689,2350,47,50,15,176,camera_sign_speed_limit
67.57607265899969,66862000000,True,True,8,camera_sign_speed_limit,speed_limit_sign,,0.5341843392793166,1620,36,45,11,176,camera_sign_speed_limit
67.6508070459995,66964000000,True,True,9,camera_sign_speed_limit,speed_limit_sign,,0.49003228690819367,975,25,39,8,176,camera_sign_speed_limit
67.68382489099986,66964000000,True,True,9,camera_sign_speed_limit,speed_limit_sign,,0.49003228690819367,975,25,39,8,176,camera_sign_speed_limit
67.68884639399948,66964000000,True,True,9,camera_sign_speed_limit,speed_limit_sign,,0.49003228690819367,975,25,39,8,176,camera_sign_speed_limit
67.70440812499965,66964000000,True,True,9,camera_sign_speed_limit,speed_limit_sign,,0.49003228690819367,975,25,39,8,176,camera_sign_speed_limit
67.74931007299983,67065000000,True,True,9,camera_sign_speed_limit,speed_limit_sign,,0.49003228690819367,975,25,39,8,176,camera_sign_speed_limit
67.77469770799962,67065000000,True,True,9,camera_sign_speed_limit,speed_limit_sign,,0.49003228690819367,975,25,39,8,176,camera_sign_speed_limit
67.82095526299963,67065000000,True,True,9,camera_sign_speed_limit,speed_limit_sign,,0.49003228690819367,975,25,39,8,176,camera_sign_speed_limit
67.82714229399971,67065000000,True,True,9,camera_sign_speed_limit,speed_limit_sign,,0.49003228690819367,975,25,39,8,176,camera_sign_speed_limit
67.86360509399947,67164000000,True,True,9,camera_sign_speed_limit,speed_limit_sign,,0.49003228690819367,975,25,39,8,176,camera_sign_speed_limit
67.90981896699941,67164000000,True,True,9,camera_sign_speed_limit,speed_limit_sign,,0.49003228690819367,975,25,39,8,176,camera_sign_speed_limit
67.94689442699928,67164000000,True,True,9,camera_sign_speed_limit,speed_limit_sign,,0.49003228690819367,975,25,39,8,176,camera_sign_speed_limit
67.9640570799993,67262000000,True,True,9,camera_sign_speed_limit,speed_limit_sign,,0.49003228690819367,975,25,39,8,176,camera_sign_speed_limit
68.0095920549993,67262000000,True,True,9,camera_sign_speed_limit,speed_limit_sign,,0.49003228690819367,975,25,39,8,176,camera_sign_speed_limit
68.04295403599917,67262000000,True,True,9,camera_sign_speed_limit,speed_limit_sign,,0.49003228690819367,975,25,39,8,176,camera_sign_speed_limit
68.06887032799932,67361000000,True,True,9,camera_sign_speed_limit,speed_limit_sign,,0.49003228690819367,975,25,39,8,176,camera_sign_speed_limit
68.11060177099989,67361000000,True,True,9,camera_sign_speed_limit,speed_limit_sign,,0.49003228690819367,975,25,39,8,176,camera_sign_speed_limit
68.13625889899959,67361000000,True,True,9,camera_sign_speed_limit,speed_limit_sign,,0.49003228690819367,975,25,39,8,176,camera_sign_speed_limit
68.20035226499931,67461000000,False,False,0,,,,0.0,0,0,0,0,0,camera_sign_speed_limit
68.20496479099984,67461000000,False,False,0,,,,0.0,0,0,0,0,0,camera_sign_speed_limit
68.26096680499995,67561000000,False,False,0,,,,0.0,0,0,0,0,0,camera_sign_speed_limit
68.28387475999989,67561000000,False,False,0,,,,0.0,0,0,0,0,0,camera_sign_speed_limit
68.30969843399998,67561000000,False,False,0,,,,0.0,0,0,0,0,0,camera_sign_speed_limit
68.38944242099933,67662000000,False,False,0,,,,0.0,0,0,0,0,0,camera_sign_speed_limit
68.39377802499985,67662000000,False,False,0,,,,0.0,0,0,0,0,0,camera_sign_speed_limit
68.43352646299991,67662000000,False,False,0,,,,0.0,0,0,0,0,0,camera_sign_speed_limit
68.44453356799931,67662000000,False,False,0,,,,0.0,0,0,0,0,0,camera_sign_speed_limit
68.46514883999953,67764000000,False,False,0,,,,0.0,0,0,0,0,0,camera_sign_speed_limit
68.49861946099918,67764000000,False,False,0,,,,0.0,0,0,0,0,0,camera_sign_speed_limit
68.53205067399995,67764000000,False,False,0,,,,0.0,0,0,0,0,0,camera_sign_speed_limit
68.56751230499958,67864000000,False,False,0,,,,0.0,0,0,0,0,0,camera_sign_speed_limit
68.59781092899993,67864000000,False,False,0,,,,0.0,0,0,0,0,0,camera_sign_speed_limit
68.63073314299982,67864000000,False,False,0,,,,0.0,0,0,0,0,0,camera_sign_speed_limit
68.69823663499938,67965000000,False,False,0,,,,0.0,0,0,0,0,0,camera_sign_speed_limit
68.7033421139995,67965000000,False,False,0,,,,0.0,0,0,0,0,0,camera_sign_speed_limit
68.7463305579995,67965000000,False,False,0,,,,0.0,0,0,0,0,0,camera_sign_speed_limit
68.77980163699976,68062000000,False,False,0,,,,0.0,0,0,0,0,0,camera_sign_speed_limit
68.8013377089992,68062000000,False,False,0,,,,0.0,0,0,0,0,0,camera_sign_speed_limit
68.8309961469995,68062000000,False,False,0,,,,0.0,0,0,0,0,0,camera_sign_speed_limit
68.8768617349997,68169000000,False,False,0,,,,0.0,0,0,0,0,0,camera_sign_speed_limit
68.91899310099961,68169000000,False,False,0,,,,0.0,0,0,0,0,0,camera_sign_speed_limit
68.95419806399968,68169000000,False,False,0,,,,0.0,0,0,0,0,0,camera_sign_speed_limit
68.9827013819995,68263000000,False,False,0,,,,0.0,0,0,0,0,0,camera_sign_speed_limit
69.00273859799927,68263000000,False,False,0,,,,0.0,0,0,0,0,0,camera_sign_speed_limit
69.05101814099999,68263000000,False,False,0,,,,0.0,0,0,0,0,0,camera_sign_speed_limit
69.0717266269994,68359000000,False,False,0,,,,0.0,0,0,0,0,0,camera_sign_speed_limit
69.10388849899937,68359000000,False,False,0,,,,0.0,0,0,0,0,0,camera_sign_speed_limit
69.14580742999988,68359000000,False,False,0,,,,0.0,0,0,0,0,0,camera_sign_speed_limit
69.17879762699977,68466000000,False,False,0,,,,0.0,0,0,0,0,0,camera_sign_speed_limit
69.19911293199948,68466000000,False,False,0,,,,0.0,0,0,0,0,0,camera_sign_speed_limit
69.2467487319991,68466000000,False,False,0,,,,0.0,0,0,0,0,0,camera_sign_speed_limit
69.29082713499974,68565000000,False,False,0,,,,0.0,0,0,0,0,0,camera_sign_speed_limit
69.31498756999918,68565000000,False,False,0,,,,0.0,0,0,0,0,0,camera_sign_speed_limit
69.35926803199982,68672000000,False,False,0,,,,0.0,0,0,0,0,0,camera_sign_speed_limit
69.37034023199976,68672000000,False,False,0,,,,0.0,0,0,0,0,0,camera_sign_speed_limit
69.39511070599929,68672000000,False,False,0,,,,0.0,0,0,0,0,0,camera_sign_speed_limit
69.43218704299943,68672000000,False,False,0,,,,0.0,0,0,0,0,0,camera_sign_speed_limit
69.46672293599931,68767000000,False,False,0,,,,0.0,0,0,0,0,0,camera_sign_speed_limit
69.50243155699991,68767000000,False,False,0,,,,0.0,0,0,0,0,0,camera_sign_speed_limit
69.56934874599938,68866000000,False,False,0,,,,0.0,0,0,0,0,0,camera_sign_speed_limit
69.5742232549992,68866000000,False,False,0,,,,0.0,0,0,0,0,0,camera_sign_speed_limit
69.6175079529994,68866000000,False,False,0,,,,0.0,0,0,0,0,0,camera_sign_speed_limit
69.6340637379999,68866000000,False,False,0,,,,0.0,0,0,0,0,0,camera_sign_speed_limit
69.6798435339997,68965000000,False,False,0,,,,0.0,0,0,0,0,0,camera_sign_speed_limit
69.71688829199957,68965000000,False,False,0,,,,0.0,0,0,0,0,0,camera_sign_speed_limit
69.75570830099969,69065000000,False,False,0,,,,0.0,0,0,0,0,0,camera_sign_speed_limit
69.77141894499982,69065000000,False,False,0,,,,0.0,0,0,0,0,0,camera_sign_speed_limit
69.81338609199975,69065000000,False,False,0,,,,0.0,0,0,0,0,0,camera_sign_speed_limit
69.8350936779998,69065000000,False,False,0,,,,0.0,0,0,0,0,0,camera_sign_speed_limit
69.87818229599998,69169000000,False,False,0,,,,0.0,0,0,0,0,0,camera_sign_speed_limit
69.91079229299976,69169000000,False,False,0,,,,0.0,0,0,0,0,0,camera_sign_speed_limit
69.94734557999982,69169000000,False,False,0,,,,0.0,0,0,0,0,0,camera_sign_speed_limit
70.01125302699984,69270000000,False,False,0,,,,0.0,0,0,0,0,0,camera_sign_speed_limit
70.03381781799999,69270000000,False,False,0,,,,0.0,0,0,0,0,0,camera_sign_speed_limit
70.04432552399976,69270000000,False,False,0,,,,0.0,0,0,0,0,0,camera_sign_speed_limit
70.07860951299972,69367000000,False,False,0,,,,0.0,0,0,0,0,0,camera_sign_speed_limit
