t_wall,stamp_ns,name,x,y,z,roll,pitch,yaw,map_x,map_y,linear_x,linear_y,linear_z,speed_xy,angular_z
0.01656671599994297,1780929718384453295,track_preview_car,0.7471281691258308,0.3516579920092766,-0.002003426869971329,3.750018056482993e-08,-4.337758879952851e-05,3.141205761876678,159.87746854936879,125.79592567427086,-0.2799980119947585,0.0004200445309779006,-0.0034534845037606375,0.2799983270636182,0.002592156149173669
0.13236142799996742,1780929718500246043,track_preview_car,0.713559656608822,0.351673401955855,-0.0019999757251434164,-1.4034477865799078e-09,-2.5659150474553844e-07,3.1412878755582585,158.44521201530975,125.79526818321685,-0.27973789326462395,-9.266311712808463e-05,0.0017946519989758142,0.27973790861194237,0.0014697872755587314
0.23440421199984485,1780929718602289429,track_preview_car,0.6855848412230025,0.3516840605074016,-0.0020027211648128945,-3.049991983520316e-11,2.864311839711087e-05,3.1413516332484104,157.25161989218145,125.79481341835087,-0.27884586774873954,-7.233089320237889e-05,-0.0005205913646049527,0.2788458771298325,0.000531848418399632
0.3528794280000511,1780929718720773541,track_preview_car,0.6520069589956059,0.3516937973383502,-0.00200274040841394,-6.284856482179931e-08,-3.523445534061485e-05,3.141467883612126,155.81896358381252,125.79439798023039,-0.2799664804511423,0.00013325948321746007,-0.0027571430515790562,0.2799665121658119,0.0015488743953770334
0.45282382899995355,1780929718820708695,track_preview_car,0.6240274027845356,0.3516980904237569,-0.0020041983181125775,-4.024620475680263e-12,4.4192535778809556e-05,3.141561116714795,154.6251691854735,125.79421480858637,-0.2791754078495076,1.017399421385028e-05,-0.0031792675833271495,0.2791754080348931,-0.00011181396458845431
0.5560391069998332,1780929718923925226,track_preview_car,0.5960472080584011,0.35169952086099304,-0.00199998951492985,-1.2608043262918152e-09,-1.1408220135275204e-07,-3.1415519807211996,153.4313475438251,125.79415377659762,-0.27961609000039406,2.354278817327419e-05,0.0032969985184734614,0.2796160909915081,-0.00024946457817716556
0.6567335639997509,1780929719024653657,track_preview_car,0.5680690545260982,0.3516994802223849,-0.0020055395111077162,2.0026441749260518e-08,5.285517160367967e-05,-3.1414920165733755,152.23761299311352,125.79415551051157,-0.279196377138505,0.00021904722424979142,-0.005558604794456123,0.27919646306669565,-0.002476563300478194
0.7587358369996764,1780929719126621164,track_preview_car,0.5400930822932002,0.3516977329668592,-0.002000259259291467,-3.384871717605448e-05,2.8382037856674684e-05,-3.1414292002420927,151.04397151117655,125.79423006008068,-0.2798068575055379,0.00020427521433475878,-0.00028296839511517607,0.2798069320718978,0.0012805953068856372
0.8587323929996273,1780929719226638910,track_preview_car,0.5121125370609122,0.3516939446767251,-0.0019999724627364586,8.551968981054533e-10,-2.832412784282789e-07,-3.141352783679034,149.85013491459893,125.79439169379306,-0.27981118696743074,-0.00012578545625246422,0.0009475608051623991,0.27981121524003194,0.001576549845615171
0.9593797499996981,1780929719327266840,track_preview_car,0.48413736063352014,0.3516894519810435,-0.0019984468412809456,5.715814138504812e-08,1.907131369563798e-05,-3.1413028757578,148.6565273870302,125.79458338214215,-0.279910791455292,-0.0001594662123674408,0.00511584607225772,0.2799108368795336,-6.65791540363676e-05
1.0789099379999243,1780929719446795074,track_preview_car,0.4505681599824587,0.3516813018680047,-0.0020097466344648728,1.2324232488220231e-08,-5.406394970607962e-07,-3.141244207861757,147.2242414925849,125.79493112029846,-0.2797911082822763,3.2942485005605126e-05,-0.009778091089028542,0.27979111022159336,-0.00042736365413966853
1.1952336449999166,1780929719563118331,track_preview_car,0.41697769076277,0.3516713268048577,-0.0020037264632018566,-1.552544998218291e-07,-4.7088249265238435e-05,-3.1411909518128374,145.7910481392115,125.79535672299274,-0.2801494920834472,-0.00012563175833240085,-0.0037514222582241477,0.2801495202529395,9.343736245696175e-05
1.2981920019997233,1780929719666079864,track_preview_car,0.3889818358911513,0.35166145850260094,-0.0019999832044629248,4.41102987962022e-09,-1.6374765419392172e-07,-3.141168968512843,144.5965583313558,125.79577777055569,-0.2799665047451969,-2.081917976366766e-05,4.578709492388211e-05,0.27996650551928637,0.00022545743175097292
1.3984601669999392,1780929719766345193,track_preview_car,0.36100428988347455,0.35165123046607916,-0.002004310308316072,-7.71060498879345e-09,-5.42626766278004e-05,-3.1411357655820895,143.40284970169492,125.79621416678063,-0.2801051479478078,-0.00011412638422450791,-0.004323046051745128,0.28010517119770356,-0.00024371420277455303
1.5178098540000065,1780929719885695511,track_preview_car,0.3274392150580589,0.3516367856198067,-0.001998471365094673,1.1312744290912586e-07,1.8693085975980738e-05,-3.141140023223322,141.97073984247717,125.79683048022159,-0.2799272059919939,-0.0002426137137739795,0.005100688371759574,0.2799273111289755,-0.0008475442584802171
1.6182877799997186,1780929719986170792,track_preview_car,0.29946777199997865,0.3516246047647074,-0.0020043106342739164,-1.5126820347885655e-09,-5.428261358968882e-05,-3.141152748680252,140.77729160533244,125.79735019670582,-0.2800831800552677,-0.00013362745500433506,-0.004325896280601417,0.2800832119320404,-0.0005277270840718535
1.7195819829998982,1780929720087467179,track_preview_car,0.27149358507616506,0.35161306014960125,-0.0020000201395446605,2.413352717098279e-07,2.6105289638896e-08,-3.141148306703952,139.58372629658305,125.79784276695034,-0.27996048940576423,-0.0001718357977268256,0.003940711470924821,0.2799605421409532,0.0007685578121507762
1.821564364999631,1780929720189448409,track_preview_car,0.24351226071247356,0.3516010820885869,-0.0020018626905325488,-2.3843676219829547e-05,1.5423372704401646e-06,-3.1410948228322195,138.38985645706555,125.79835383088695,-0.27978720911784916,3.9354237817295644e-05,-0.0005361281875966992,0.2797872118855883,0.0004508409905654398
1.9406397939997078,1780929720308526514,track_preview_car,0.2099337190131385,0.3515841380841264,-0.0020017164173667655,-2.178924482733621e-05,1.5576118451375505e-06,-3.140916586864744,136.95717201122724,125.79907677507727,-0.27967241051418373,-9.380783669213594e-07,-0.0002955888450241533,0.279672410515757,0.0008531564511774556
2.057854799999859,1780929720425738614,track_preview_car,0.17636226704432642,0.35156555796433203,-0.0020017193178963042,-2.187550350969466e-05,1.5229789291072439e-06,-3.1407211478899235,135.52479006055793,125.79986952685516,-0.27958956427242154,-1.4556860548357792e-05,-0.0003059056520728074,0.27958956465137375,0.0009932519567759591
2.158542622999903,1780929720526436146,track_preview_car,0.1483917808174377,0.35154845575083005,-0.0020017161394076622,-2.1875887450472334e-05,1.4896186852038643e-06,-3.1405508126460226,134.33138264821068,125.80059922129792,-0.27951350018066917,-5.033239637995795e-05,-0.00030279096072643015,0.27951350471238245,0.0008642031719059346
2.262292965999677,1780929720630178082,track_preview_car,0.12042611229435107,0.3515286720771214,-0.002001710388774456,-2.1775408583617895e-05,1.5050328747144865e-06,-3.1403817048054847,133.13818079122564,125.80144332470948,-0.2794384785200621,-9.719597362031536e-05,-0.00030158189646944836,0.2794384954237059,0.0007136364747358883
2.383633592000024,1780929720751518217,track_preview_car,0.08687208767905409,0.3514960217606595,-0.002001708230544338,-2.1668505666340143e-05,1.5626451947180632e-06,-3.140225108920622,131.70654240763963,125.80283640487852,-0.2794095889496026,-0.0002218695380955337,-0.00030530069690884947,0.27940967703907077,-0.00014707057781533785
2.5008960159998423,1780929720868781684,track_preview_car,0.05332152417802572,0.3514492005524657,-0.002001709471347593,-2.159813958774762e-05,1.6283130571958992e-06,-3.1401857208435557,130.27505169826244,125.80483410976146,-0.2793796601058825,-0.00030617939204769076,-0.00030930046641579014,0.2793798278807877,-0.0008924394692869949
2.6197782589997587,1780929720987661472,track_preview_car,0.019774641576215477,0.3513951032967909,-0.0020017134713230934,-2.1656054956191505e-05,1.6265664896197328e-06,-3.1402327580260914,128.8437180405852,125.80714225933693,-0.2793539527453422,-0.00033667494123377394,-0.0003102166459752585,0.2793541556241162,-0.0014488404778458816
2.7394792959998995,1780929721107364442,track_preview_car,-0.013768987519800746,0.351339354782655,-0.0020017156389549374,-2.1777639766585312e-05,1.5579880532205167e-06,-3.1403445084816277,127.41252319915517,125.80952086260672,-0.2793203995040888,-0.00034789873275258633,-0.0003066981058397665,0.2793206161611635,-0.0021455737391566964
2.8589340759999686,1780929721226818622,track_preview_car,-0.04731069717328151,0.35128652824518103,-0.0020017137570100953,-2.182887546644546e-05,1.4999634490732354e-06,-3.1404896618446165,125.98141025393998,125.81177479487228,-0.27931140191646425,-0.00030864919141766105,-0.0003027062408133878,0.2793115724506666,-0.0022998976611989155
2.960826996999913,1780929721328711692,track_preview_car,-0.07526142028574916,0.3512456299080538,-0.0020017104075789227,-2.1771400141043193e-05,1.5081458836467953e-06,-3.1406243649188674,124.78884606780804,125.81351979058971,-0.2793076625640202,-0.00028113405609843394,-0.00030228607715532957,0.2793078040501805,-0.002392638051075244
3.0794398339999134,1780929721447323517,track_preview_car,-0.10880219199173342,0.3512002159252833,-0.0020017082607728894,-2.1650060062599714e-05,1.5767424283152924e-06,-3.140793607975013,123.35777314168604,125.81545745385458,-0.2793084091152748,-0.00024630582577691115,-0.0003058589180164776,0.27930851771663817,-0.00237363565156457
3.1800627339998755,1780929721547948061,track_preview_car,-0.13675308320342722,0.351165948806561,-0.002001709693448368,-2.159985987514463e-05,1.6293089130253016e-06,-3.1409316893110155,122.16520178332044,125.81691951758673,-0.2793105410153677,-0.00021185271782965312,-0.0003093612577312023,0.2793106213588582,-0.0023058882682889066
3.280225328999677,1780929721648114613,track_preview_car,-0.1647042327295312,0.35113565810968866,-0.0020017130806197258,-2.1643523521669245e-05,1.6318744180609175e-06,-3.141063161810238,120.97261940354001,125.81821192065328,-0.2793129773241586,-0.00016853661266942545,-0.0003104635167337866,0.27931302817139725,-0.0022320013073462673
3.400700782000058,1780929721768585428,track_preview_car,-0.19824586148741793,0.3511056877154401,-0.002001715760479068,-2.176387033304279e-05,1.5695800850259127e-06,-3.1412085254097297,119.54150990987017,125.81949065747456,-0.27931547380759925,-0.00010696697812795033,-0.0003075428637430246,0.27931549428969754,-0.002135253756204323
3.5196615629997723,1780929721887545007,track_preview_car,-0.23178769614882444,0.35108315014236685,-0.0020017137725996466,-2.1821770857575102e-05,1.5054584832159982e-06,-3.1413354801545585,118.11039163098349,125.82045226059235,-0.2793172231259181,-4.8542567722604534e-05,-0.0003030941784409676,0.27931722734402686,-0.0020066553795989976
3.619887130999814,1780929721987770725,track_preview_car,-0.2597395950214941,0.3510694386458481,-0.0020017099389625427,-2.1769170932876846e-05,1.5049445945219607e-06,-3.1414214257908486,116.91777727908291,125.82103728444382,-0.27932128324606237,-1.083626276623662e-05,-0.0003019837002689656,0.2793212834562587,-0.0018308466184245333
3.7227122909998798,1780929722090597248,track_preview_car,-0.28769190446935317,0.35105878723815037,-0.002001707195556239,-2.1663199574464924e-05,1.555804873717723e-06,-3.1414911918977215,115.7251454093076,125.82149174450558,-0.2793251158757027,1.2771057144059989e-05,-0.00030430476629521145,0.2793251161676562,-0.0016528341632619857
3.840816600999915,1780929722208701888,track_preview_car,-0.32123512802867893,0.3510487156888771,-0.0020017078680189416,-2.1576889121465775e-05,1.6275274127594254e-06,-3.141556168274032,114.29396787077637,125.82192146394124,-0.2793298440786497,4.271590055055571e-05,-0.0003087567354629772,0.2793298473447671,-0.0013523214861890383
3.9608760209998763,1780929722328761568,track_preview_car,-0.35477854445289314,0.35104163892066703,-0.0020017118154478375,-2.162023715425248e-05,1.6361776997462625e-06,3.141584670335617,112.86278210334322,125.82222340605153,-0.2793294794925249,6.50725934463089e-05,-0.00031026753219941136,0.27932948707218025,-0.0012321323465201528
4.079981340999893,1780929722447864644,track_preview_car,-0.38832174050862545,0.3510373198777593,-0.002001714887855939,-2.174828672301156e-05,1.5722129207225098e-06,3.1415499708082764,111.43160573829864,125.82240768521561,-0.279331819414033,8.40598635882733e-05,-0.0003072000078023422,0.2793318320621812,-0.0012599892272535228
4.199877367999761,1780929722567761803,track_preview_car,-0.42186479108849534,0.35103464641544313,-0.0020017130354131885,-2.1809230185596557e-05,1.5072149994944343e-06,3.141506734690806,110.0004355802242,125.8225217529411,-0.2793325877396214,9.876601811037713e-05,-0.0003027990304905602,0.27933260520039477,-0.0013615411274841445
4.302760388000024,1780929722670644893,track_preview_car,-0.44981763401704933,0.3510333453567418,-0.0020017096407762953,-2.1764286230144936e-05,1.5055298273516524e-06,3.1414653172999176,108.8077809486059,125.82257726477901,-0.279343498516424,0.00010787251394664769,-0.00030178657752437523,0.2793435193446854,-0.0013529157051799703
4.421839832999922,1780929722789723086,track_preview_car,-0.4833627063511764,0.3510323167944696,-0.0020017076703479366,-2.165596735634657e-05,1.5662001542185426e-06,3.1414194107822775,107.37652452901648,125.82262115010263,-0.27936133788906425,0.00011237336282812192,-0.00030508230007175003,0.27936136049020915,-0.0012587917345093188
4.521987383999658,1780929722889871198,track_preview_car,-0.511318017298718,0.3510316040018068,-0.00200170953501567,-2.161106930425361e-05,1.6192923000076713e-06,3.1413851345462427,106.1837645952547,125.82265156258958,-0.27937296660596544,0.00011494750947886484,-0.000308809082031576,0.2793729902534384,-0.0011964431918208974
4.623908231999849,1780929722991792818,track_preview_car,-0.5392740261388568,0.3510312166226402,-0.0020017137344649,-2.166206534459611e-05,1.624823244470072e-06,3.141351558091145,104.99097488474212,125.82266809076735,-0.27938405584148635,0.00012264853891099143,-0.0003103947524694087,0.27938408276260634,-0.0011851201110063474
4.748808558999826,1780929723116696450,track_preview_car,-0.5728218896857179,0.3510318314814364,-0.00200171751782653,-2.179861319018097e-05,1.5618766099763497e-06,3.1413061545999885,103.55959937340937,125.82264185679205,-0.2793961560136327,0.00014013772259520704,-0.0003078255116210289,0.2793961911583182,-0.0012437400465383603
4.865731199000038,1780929723233619611,track_preview_car,-0.6063705652722353,0.3510341926153713,-0.0020017169037995033,-2.1892797036994825e-05,1.4848608667636554e-06,3.1412522332026156,102.1281892150513,125.82254111507748,-0.2794240752213351,0.00016423660285071144,-0.0003032725000411462,0.27942412348786216,-0.0012333554939858928
4.982864620999862,1780929723350749237,track_preview_car,-0.6399206599327593,0.35103806976071666,-0.0020017128131699057,-2.1843660390469757e-05,1.4790637126700482e-06,3.141194228657885,100.6967185095356,125.82237569020943,-0.2794382621418825,0.00017718984605852132,-0.0003018212431532484,0.2794383183192974,-0.0012343775841925284
5.101788320999731,1780929723469673147,track_preview_car,-0.6734724126630808,0.35104271458616576,-0.0020017111467016267,-2.1736944103664157e-05,1.5416974230885171e-06,3.1411376174863106,99.26517705970855,125.82217751099026,-0.2794587527381583,0.0001839083427855173,-0.00030518296893141756,0.27945881325205263,-0.001144539657642321
5.205926248999731,1780929723573810784,track_preview_car,-0.7014338324334899,0.3510467843559848,-0.002001713376179827,-2.1703901274867782e-05,1.5896274322552116e-06,3.1410937784789357,98.07215648283777,125.82200386747797,-0.27947932888700283,0.00018533111284671806,-0.0003087540912958443,0.2794793903363017,-0.0011100543427216304
5.325965198999711,1780929723693850917,track_preview_car,-0.7349901396610707,0.35105188339332793,-0.002001718890865865,-2.1795598492792916e-05,1.5784390911013583e-06,3.1410400228198325,96.64042070779432,125.82178630855134,-0.27950996989152155,0.00019095032561988593,-0.0003100607354736611,0.27951003511642675,-0.0011690481131181212
5.443534916999852,1780929723811418541,track_preview_car,-0.7685482872067508,0.3510580546108022,-0.0020017218268263345,-2.1942160814063794e-05,1.4992723558753562e-06,3.1409750046900404,95.20860641251195,125.82152300327243,-0.2795366716288406,0.0002050602594667293,-0.00030637250920947343,0.279536746842057,-0.001318492246497575
5.544228441999621,1780929723912114410,track_preview_car,-0.7965105652348686,0.35106232320346126,-0.0020042823270734916,-5.004868975968104e-09,-5.388833780337263e-05,3.1408461562102366,94.01554921664561,125.82134087665231,-0.27986555944624186,-7.592027648384318e-05,-0.004296027155021573,0.27986556974384386,-0.0039055560607284654
5.646668892999969,1780929724014554240,track_preview_car,-0.8244655726572354,0.35106913950380086,-0.0020042810896014865,3.310461865161008e-09,-5.3909952276459424e-05,3.1406030528650066,92.8228022332913,125.82105004783783,-0.2798929598355501,1.1085737243930182e-05,-0.004295282070757283,0.2798929600550868,-0.0036019657800841786
5.764904987999671,1780929724132788251,track_preview_car,-0.8580202637359354,0.35108554487703214,-0.0020037149059937854,-5.301240806336308e-09,-4.73488870173987e-05,3.140333462367974,91.39113541393343,125.82035008524663,-0.28005604835647324,0.00024238105378655297,-0.0037549202186229562,0.2800561532436281,-0.0014339062056219407
5.865716295999846,1780929724233601543,track_preview_car,-0.8860079595435463,0.35110931259127587,-0.0020037084874700373,4.5214034753969664e-08,-4.733943049917916e-05,3.140160810286292,90.19699372614203,125.81933599610556,-0.28009846248522785,0.00036831453202423246,-0.003753624967028809,0.2800987046421013,-0.0006796548508528701
5.986736060999647,1780929724354622861,track_preview_car,-0.9195947437085268,0.35114511888884015,-0.001999967860898647,4.987741550025327e-09,-3.122717574129253e-07,3.1399749213910195,88.76395760176953,125.81780826074282,-0.27987548124827016,0.00022440985130956628,0.0006836853417466766,0.27987557121644646,-0.002294104625975833
6.102190461999726,1780929724470076300,track_preview_car,-0.9531804123320562,0.35118894031578224,-0.0019999694684178946,-2.9454771248440652e-09,-3.222094757008505e-07,3.139838190924115,87.33096907383228,125.81593854652662,-0.27957431381704045,0.00024965320823272893,0.004303331148714856,0.2795744252842048,-0.0026290138913838417
6.204221779999898,1780929724572106496,track_preview_car,-0.9811581174866512,0.35123399476530537,-0.0019999816345451916,6.065210913447018e-10,-1.9147961475217e-07,3.1397994376458658,86.13725365390289,125.81401622334697,-0.27991072591233734,0.00018238790671039923,0.0027403850997329013,0.27991078533368474,-4.319259806330736e-05
6.307431568999618,1780929724675317717,track_preview_car,-1.0091458276226601,0.351282495933495,-0.0020027144736067403,3.553529138043471e-05,1.641350437071337e-06,3.1398573313207767,84.9431113547665,125.81194684017088,-0.2798829886160133,0.00031912822817006234,-0.002682107729408494,0.27988317055417505,0.0023201979455332537
6.426048769999852,1780929724793935619,track_preview_car,-1.0427290515293703,0.351341629917647,-0.002004236061485872,2.7158014917129547e-05,-2.6190666267309046e-05,3.1399841595463847,83.51022713474686,125.80942379018039,-0.28003899126067816,0.00039378432572753663,-0.004186228818765756,0.28003926812572794,0.0035458709146662117
6.527452779999749,1780929724895337236,track_preview_car,-1.0707141570890641,0.35139006248159155,-0.0019999686981773098,-1.879359150479525e-09,-3.374993784065284e-07,3.1401310514861085,82.31619596419992,125.80735733411876,-0.27984143289450675,0.0006035037324577651,-1.3763431995551106e-06,0.2798420836493429,0.001459200688218947
6.6444365079996714,1780929725012322285,track_preview_car,-1.1042950348241962,0.35144229688204354,-0.0020002330221472746,-3.069589422708518e-05,2.5716444297207236e-05,3.1403136060991548,80.88341184750095,125.80512866636614,-0.2799237656643829,0.0006015860691215427,-0.0002597781796126063,0.2799244120999933,0.000776539787591065
6.762982632999865,1780929725130867610,track_preview_car,-1.1378627532575785,0.35148752548005496,-0.002002480586767492,1.2724183173927182e-07,-3.179976049152112e-05,3.140437639071908,79.45118919434333,125.80319891285099,-0.2799627453043759,0.0005315506550148193,-0.0033733678109768477,0.27996324991766636,0.002444828953404665
6.863506967999911,1780929725231392115,track_preview_car,-1.1658333044989424,0.3515248885262692,-0.002002717705278643,3.565609862777781e-05,1.5837825792804e-06,3.1405441761918103,78.25777900804513,125.80160475621251,-0.27982898337046047,0.00017407045282633697,-0.002670527380869124,0.2798290375115992,0.0031916377939830262
6.984379939000064,1780929725352264305,track_preview_car,-1.1994144890294305,0.35156465508368023,-0.0019999658878787976,2.294303559519072e-09,-3.5059744611384433e-07,3.1407464717093925,76.82498180141096,125.79990804976298,-0.27983839949212747,7.057419130478594e-05,0.0027432048773045896,0.2798384083914001,0.0010308706226252616
7.104556622000018,1780929725472440296,track_preview_car,-1.2329946711761515,0.3515976032311821,-0.0019999518730812117,-1.0074354129016646e-09,-5.11117939595031e-07,3.140925054237771,75.39222736315088,125.79850226213622,-0.2798406136127522,0.00040619164448203206,-6.876284774750038e-06,0.2798409084083557,0.0015514844430388243
7.205175756999779,1780929725573061384,track_preview_car,-1.2609751762102224,0.3516195635602831,-0.002001727812941012,2.3041017265464857e-05,7.246587115095889e-07,3.1410597902736996,74.19839248169717,125.79756528809459,-0.27997638883685744,-9.257125400375232e-05,-0.0015589361271605932,0.27997640414071373,0.003363245722853761
7.3069471429998885,1780929725674832079,track_preview_car,-1.2889538903300475,0.351636701194329,-0.001999973859820385,3.278297574170752e-10,-2.703792138796945e-07,3.1411616800286146,73.00463401258463,125.7968340823753,-0.2795045008996664,8.600880946936021e-05,0.004288036860255857,0.2795045141329329,-0.0009036411571869346
7.425491604999934,1780929725793443047,track_preview_car,-1.3225216055573872,0.3516561467089359,-0.0020042327279563856,7.560255414780807e-08,-5.344477584928106e-05,3.1412528289109733,71.57241149621814,125.7960044070854,-0.2800125354509441,0.0002494505681648647,-0.004253795407138267,0.2800126465630654,0.001881461233993526
7.544342427999709,1780929725912227915,track_preview_car,-1.3560897393338407,0.35166852733829473,-0.001999975979312372,-1.404500445201451e-09,-2.5404367602096985e-07,3.1413083213266844,70.14017112175614,125.79547616689942,-0.27974394258119545,-9.138928706151418e-05,0.0017713375454530393,0.27974395750913544,0.0014484878375219943
7.66466363399968,1780929726032550013,track_preview_car,-1.3896578613964714,0.3516789285890555,-0.0020013337716219435,-1.8211067347407418e-05,2.4976077334405243e-07,3.1413514864506924,68.70793124708388,125.7950323802003,-0.2798817792208782,0.0001942117780203913,-0.0015871807532792702,0.279881846603275,-0.00123843907234654
7.7671838349997415,1780929726135072829,track_preview_car,-1.4176402716238776,0.35168656723529984,-0.001999981918355621,-4.757119668366924e-10,-1.874421604487944e-07,3.1414503551751776,67.51401507738123,125.79470646462721,-0.27979718301320305,-7.235987598258354e-05,0.002729479034923388,0.27979719236989403,0.0015175081611022122
7.88669371900005,1780929726254578505,track_preview_car,-1.4512171819886805,0.3516927610806409,-0.0019989805472398277,-4.50597377203686e-08,1.2612574213177302e-05,3.1415723904713566,66.08140023514963,125.79444219389265,-0.2798345736726795,-6.236143605371467e-05,0.00473820201074785,0.27983458062133604,0.0015577488944161087
7.989823966999666,1780929726357709344,track_preview_car,-1.4791994462835527,0.35169309600469706,-0.001999987418595395,1.1136600641886532e-07,-2.144051694434977e-07,-3.1415308388562773,64.88749029190174,125.79442790379959,-0.2798651625436838,4.2011199017094066e-05,-8.350893905468379e-06,0.27986516569688236,9.270999914391513e-05
8.090973449999638,1780929726458857886,track_preview_car,-1.5071858066747679,0.3516914440690291,-0.0019999852518718508,-9.413758189865481e-10,-1.548225829260375e-07,-3.141465184916444,63.693405581876576,125.79449838638809,-0.27977125967381156,-9.26561024151934e-05,0.002754548916743179,0.27977127501697635,0.0017353759826781213
8.209449267999844,1780929726577336739,track_preview_car,-1.5407632861083367,0.35168811077939693,-0.0020097668070399874,1.1235826251990406e-08,-3.415624030492432e-07,-3.1413953905556427,62.260766459377635,125.79464060674573,-0.2798939998296988,-9.212385829098945e-06,-0.009793697851929151,0.27989399998130626,0.0001615608805429585
8.310286460000043,1780929726678172137,track_preview_car,-1.5687433978811745,0.3516845291332316,-0.0019999793331690477,3.557531646943731e-10,-2.1312817572341572e-07,-3.141334095523264,61.06694835706989,125.79479342364878,-0.27980704023734476,-0.00013748648747747522,0.0009070526746434661,0.2798070740151459,0.0016914578254783826
8.429604812999969,1780929726797490411,track_preview_car,-1.6023164160938923,0.35167724827092756,-0.002001209540755739,2.3027289411513965e-08,-1.5584728194443152e-05,-3.141268616277321,59.63449957999393,125.79510407377376,-0.28005057533337246,-3.621732891528928e-05,-0.002727237570206443,0.28005057767526176,0.0002921781185710601
8.549750866000068,1780929726917634900,track_preview_car,-1.6359065399570107,0.3516698790455529,-0.00199998328898045,-6.927163457640021e-10,-1.8058496925759335e-07,-3.1411986226531576,58.20132096183421,125.7954184940564,-0.2799470056347146,-6.0319797922735815e-05,-6.264764219346408e-09,0.2799470121332266,0.0006349020340815988
8.66680531999964,1780929727034699103,track_preview_car,-1.6694943964310949,0.3516593315973137,-0.0020003383891764323,-3.149493607334057e-07,-4.524781706349787e-06,-3.1411014781249333,56.76823908560662,125.79586851851461,-0.280045429217308,-0.00012198400001745979,-0.000329259649540336,0.2800454557845968,-0.0003150989345502552
8.769586822999827,1780929727137474434,track_preview_car,-1.6972990279735396,0.3518914876872095,-0.0020035267196924587,8.39932058988752e-09,3.712223287951739e-05,-3.1378822184915434,55.581908139795644,125.78596319201239,-0.2658690308434345,0.013626477764192459,0.0008144117132485928,0.2662179979976657,0.18247557507476395
8.886670379999941,1780929727254554033,track_preview_car,-1.7290922288432176,0.3538281894388493,-0.001999996819689496,-7.60412754408663e-07,-5.985996920583663e-07,-3.10701595564092,54.22539823602271,125.70333058394243,-0.2550366746302307,0.02258724037353314,0.005553881167295652,0.25603493674523786,0.39760163071716625
8.989275782999812,1780929727357160449,track_preview_car,-1.754390989573506,0.35600749385567965,-0.001999948928580999,1.6160817531232292e-06,-1.7632430884152815e-06,-3.0620804227871763,53.14598444486374,125.61034692882433,-0.24729690214519845,0.02351130891571561,4.2772032520728796e-05,0.24841203565355297,0.5417937097895807
9.108402864999789,1780929727476288042,track_preview_car,-1.784018623876223,0.35829915683612223,-0.0019999849342486344,-3.964623968331058e-07,-4.445898509048402e-07,-2.991388270307575,51.88187204794782,125.51256930832545,-0.2425495201034421,0.013965758325229082,0.004553801029635666,0.2429512545923745,0.6296638213134217
9.209005212999728,1780929727576892303,track_preview_car,-1.808428991835967,0.3592014679386664,-0.0020023924875206154,1.929079397447104e-05,3.978761147891436e-05,-2.9243703283558755,50.84036301499874,125.47407070128357,-0.2402513246436858,0.0016454067070427979,-0.00246378808801578,0.2402569590173764,0.6717922053390342
9.310920024999632,1780929727678805122,track_preview_car,-1.8326576834188586,0.3585537073089375,-0.0019999777961662722,-1.7170257520887315e-09,-2.2995213002401478e-07,-2.8565454703445927,49.80660550746204,125.501708488152,-0.24056230520217564,-0.013453924841678733,0.0020610709601092897,0.24093823021228955,0.6879621917777461
9.429201167999963,1780929727797084952,track_preview_car,-1.8615289772945247,0.35573150027183575,-0.001999968315708085,4.465868740095785e-07,1.2488325963600205e-08,-2.773510786636808,48.57476363543361,125.62212265506834,-0.2383016535780539,-0.03446035806901293,0.0037649637059311205,0.24078038619513717,0.6816786382270923
9.53151358399964,1780929727899397628,track_preview_car,-1.8854075318350054,0.3513379510793377,-0.0019999851994555117,1.0857540415876492e-08,-1.5646428851442114e-07,-2.7068505224895034,47.5559453083731,125.80958075394825,-0.24038535212653483,-0.05177990042361104,0.0025493406001022767,0.24589891338693878,0.693062529456708
9.64953109399994,1780929728017416652,track_preview_car,-1.9136972650830975,0.34359356536032903,-0.0019999038438532762,-1.1314150207242934e-06,-1.7590617241043964e-07,-2.6316235098389367,46.34891668978784,126.14000787795929,-0.2379523183066293,-0.07403721420745223,0.003051816448465508,0.24920436367587867,0.6623086290452989
9.769099164999716,1780929728136983811,track_preview_car,-1.941393854871255,0.3331132216106634,-0.002003928142518774,6.85672236751472e-08,-4.9674755550361634e-05,-2.5644142314334903,45.16719552549311,126.58716921127836,-0.22847208491033993,-0.10018795635491141,-0.003944669218905854,0.24947368635158942,0.5078508022436784
9.86933363099979,1780929728237218437,track_preview_car,-1.9639620059792018,0.3225218736767175,-0.0019999702095587135,-6.629584793121592e-10,-3.169533071894701e-07,-2.5135866502810944,44.204287744887395,127.03906672312672,-0.2229674204552512,-0.11157371341776043,-4.962573776383372e-08,0.2493254180991126,0.5081938350925165
9.989794690000053,1780929728357681851,track_preview_car,-1.9903750863288978,0.3075589207379707,-0.002007273251777589,-4.4678669438331796e-05,7.340202085257783e-06,-2.4602821131635966,43.07732964996703,127.67748604851325,-0.2164979446642124,-0.13752235246075573,-0.007313835185105727,0.25648344482669583,0.3703184597802536
10.108429804000025,1780929728476315582,track_preview_car,-2.0160777337767075,0.29023492850024074,-0.001999968042676046,-2.261765404678866e-09,-3.459822623944213e-07,-2.417548575699171,41.980683358860475,128.4166430506564,-0.21068561086624008,-0.15182948411051256,2.1955036383840414e-05,0.259693316955491,0.3211845581251379
10.210072408999622,1780929728577957064,track_preview_car,-2.0369659899021952,0.2744042637813258,-0.0019999955541267944,-1.956712419957454e-07,9.095473500232741e-08,-2.387568151782258,41.08945109750634,129.0920847453301,-0.20644903844567905,-0.16547100267690576,0.005472332600988382,0.26457864275493975,0.2596543446784694
10.33042922300001,1780929728698313979,track_preview_car,-2.0614247151593275,0.25421266691110583,-0.0020003480889811795,2.2325721272769386e-05,2.0580495642179486e-05,-2.3559451150799156,40.04587881986869,129.9535928784595,-0.20064478460112362,-0.17182714040282498,-0.0003651590283204636,0.26416452405015217,0.24826492687037816
10.447035902999687,1780929728814918625,track_preview_car,-2.0853047053793876,0.2346973570813519,-0.0020015449857028822,-1.1563989162293125e-06,-2.056964906386567e-05,-2.308650208343147,39.02699923714613,130.78624609786232,-0.19427467081411,-0.1635285742993227,-0.0011107558464227996,0.25393747721102516,0.42681422336668834
10.54948186799993,1780929728917365622,track_preview_car,-2.1045261124626577,0.21893474243232855,-0.001999974765489404,-8.556991174771895e-09,-2.961478503886678e-07,-2.2555365727965335,38.20688586825993,131.4587843228873,-0.18812278851137706,-0.15879071316509283,0.0010107852527246155,0.2461801660263781,0.5647512043463587
10.652955308999935,1780929729020840686,track_preview_car,-2.1230274954788797,0.20311329136028566,-0.0019999735836727897,-1.6607943386391758e-08,-2.66201488387549e-07,-2.1921397962827576,37.417493526234466,132.13383290196114,-0.18009259315885703,-0.16184441498499455,2.0434579111522356e-07,0.2421300410368708,0.6519094742703578
10.768937601999824,1780929729136823179,track_preview_car,-2.1440239547844406,0.18320687879165967,-0.001999768318026577,-2.072586988234396e-06,-8.879890617466881e-07,-2.1091486971592808,36.52164459586386,132.98317317155585,-0.16769720475941535,-0.17294526173569671,0.0041567493684299215,0.24089918231689772,0.6889319116585296
10.871537525999884,1780929729239422482,track_preview_car,-2.1603463602367268,0.16557798627331718,-0.0020052393700561834,-5.2026814657175784e-05,-2.4424699857291245e-05,-2.036337351435941,35.82522196323299,133.73533925233846,-0.16524617349669987,-0.18602174614609807,-0.00572895824322664,0.24881798145340056,0.7877112530245202
10.988026046999948,1780929729355909781,track_preview_car,-2.1733466053238018,0.1377218956761477,-0.001999813148801806,2.0545912589533193e-08,-1.9317196088869443e-06,-2.051272509348337,35.2705448395178,134.92386578448438,-0.1250589357247288,-0.20946165559605742,0.0037283402596414864,0.24395475516915677,0.5056478289435696
11.108351130999836,1780929729476238692,track_preview_car,-2.1926653608328808,0.11856029016101143,-0.001999922768628708,-1.2346928239027794e-08,-8.605034178069467e-07,-1.9219457501610284,34.44627793779709,135.74142761979684,-0.1932552036792021,-0.08084056140753855,0.009321752249082356,0.2094821474917992,2.001982287237399
11.229563394999786,1780929729597447570,track_preview_car,-2.2124575549616345,0.10311925843796582,-0.0019993837497738367,-1.174929256969313e-08,-6.555466722026972e-06,-1.7309322069117827,33.6018109883036,136.40024497331345,-0.08623670035575426,-0.22631094992443662,0.002483024659355782,0.24218467033226734,0.626744487429449
11.349174878999747,1780929729717060125,track_preview_car,-2.2207966050778136,0.07399352760081584,-0.001999989912970579,2.5817744292420697e-09,-1.0372436961310275e-07,-1.6742034370818337,33.24601151667996,137.6429428223652,-0.05685344107955838,-0.24929622992275868,0.004283012305967941,0.25569693783126884,0.38779754477985157
11.468052149999949,1780929729835937026,track_preview_car,-2.2266403973622726,0.043299009382845255,-0.0020000736479946816,7.342097929769795e-07,2.0588095706835852e-07,-1.63280995911902,32.9966763792097,138.95257559966527,-0.04195833629419119,-0.2574867371381078,0.0038620768278508177,0.2608829656888419,0.3294786940073914
11.568658770999718,1780929729936543267,track_preview_car,-2.230166322578974,0.017184699981440236,-0.002005457109845343,-2.390792453033069e-05,3.932277449408808e-05,-1.6044538299496802,32.84623690329711,140.0667861341252,-0.031365235865353246,-0.2606720515758422,-0.0056010056301037375,0.26255227383065605,0.2775562730715038
11.669779294999898,1780929730037723503,track_preview_car,-2.232625770415459,-0.009295103311286496,-0.001999989286878514,-1.8371751509466456e-08,-1.0866711193136002e-07,-1.580911231260635,32.74130046227374,141.1965910746149,-0.021298613283607302,-0.2645161790130631,0.0054511963554290796,0.2653722666132909,0.2351168909484713
11.770583079000062,1780929730138468195,track_preview_car,-2.2341801285479757,-0.03612065292160068,-0.0020097338692688952,4.431321028528292e-07,-3.679838659006673e-07,-1.5615274882848997,32.674981181953044,142.3411478579883,-0.012447262004953158,-0.26728113684020305,-0.009774959727640717,0.2675708138830005,0.18759111067277348
11.888334699999632,1780929730256219837,track_preview_car,-2.235010572795206,-0.06866701252781192,-0.00200547667101737,-3.638258986078744e-05,-3.351193045149073e-05,-1.5435105317425573,32.63954889407121,143.72979253452,-0.002893614945629052,-0.27418087112515477,-0.005513431613502639,0.27419613983133007,0.1255249440726471
11.989636627999971,1780929730357521684,track_preview_car,-2.2350017297766054,-0.09600335834506064,-0.0019994252303168944,4.592361347198452e-08,6.8825785445620505e-06,-1.5322058430630288,32.639926196198175,144.89614328938924,0.003568445622830837,-0.2746221505835686,0.004377629873149313,0.274645333831302,0.08910334045737336
12.090937021999707,1780929730458821989,track_preview_car,-2.23451045879797,-0.12352013383439983,-0.0019999649979365215,3.1611063138014305e-09,-3.645085195981706e-07,-1.5234724462222982,32.66088709128661,146.0701923769344,0.00706214475946598,-0.2758705607940696,0.003754078923693364,0.2759609396299377,0.07468365078483687
12.191144106999673,1780929730559028873,track_preview_car,-2.233643061317013,-0.15109745532087815,-0.0019999248776197617,2.8552909072993686e-07,6.515189053581706e-07,-1.516747999018137,32.697896050474114,147.24682476035747,0.011429085533249386,-0.2769118113754946,0.003982387314234762,0.2771475694921098,0.04532743834864401
12.291523937999955,1780929730659408704,track_preview_car,-2.232429098528796,-0.1788067181921521,-0.0020001054908296684,1.2166340314569709e-05,1.0331073355280942e-05,-1.512346152751853,32.7496917961047,148.42908664286514,0.013861493337484643,-0.27794759398686525,-0.000113143386583096,0.27829302183244264,0.028620671427714815
12.393003125999712,1780929730760889565,track_preview_car,-2.2309406124687157,-0.20663219986458214,-0.0019999767680505313,-4.565498322120827e-09,-2.6326471386225253e-07,-1.5101802994670712,32.81320053466813,149.61630719422217,0.016488873906401687,-0.2791408599822316,0.0008802315545639834,0.27962743548214475,0.006086550218051591
12.510293689999799,1780929730878180220,track_preview_car,-2.228930452218514,-0.24011145684959448,-0.002000254074935512,-1.4433664204801196e-05,1.3613448391563666e-05,-1.5097044181520463,32.89896737201008,151.04475549224935,0.0173766455094914,-0.27852781511712366,-0.0002819332082776016,0.27906933117610955,-0.0042117814910478495
12.612311162999958,1780929730980196129,track_preview_car,-2.2271550715985042,-0.26797154172881743,-0.00200120904156817,2.6094326341894688e-05,-7.049900450313103e-06,-1.510720293790611,32.97471694513048,152.2334524470962,0.017918942051770602,-0.2779816092530684,-0.0012273765922409866,0.27855854603149466,-0.011960376185256857
12.714458039999954,1780929731082342896,track_preview_car,-2.225358405131821,-0.29578044535027087,-0.0020017048364841645,-2.1682655846624256e-05,1.5161334283901511e-06,-1.5125158614388357,33.05137471437564,153.41996566827822,0.017967754847624456,-0.277692814702475,-0.00030030805393549203,0.27827349775292554,-0.023987311781926274
12.831939293999767,1780929731199824551,track_preview_car,-2.223220188445788,-0.3291183315385061,-0.0020016897789021148,-2.155733198446762e-05,1.45302551025965e-06,-1.515480325846088,33.142605292979724,154.84238214564292,0.017537175299561815,-0.27746578178701276,-0.00029143718763904045,0.27801944640648024,-0.02915583237850539
12.934140399999706,1780929731302025166,track_preview_car,-2.221477720031807,-0.3568742383790523,-0.002001699282255375,-2.165492813210053e-05,1.478857396162122e-06,-1.5185302119739188,33.21695061197623,156.02663417083957,0.016995714526559666,-0.27730817543931136,-0.0002999066107823453,0.2778285055168893,-0.03303516911861587
13.051957625999876,1780929731419842252,track_preview_car,-2.2194805881022055,-0.3901727220843165,-0.002001721876338638,-2.1844042409205657e-05,1.5725945945150569e-06,-1.5224876992647582,33.3021615743059,157.4473694755975,0.016008567598875194,-0.27730201741975685,-0.0003095903243915803,0.27776371811601835,-0.03429062227337975
13.153968254999654,1780929731521852741,track_preview_car,-2.2179141429748808,-0.4179248802119754,-0.0020017345668861914,-2.1941367087078608e-05,1.6319193825326423e-06,-1.5258268730296753,33.36899656640509,158.63146155571096,0.015085312687494665,-0.27735277153383475,-0.00031620711179482014,0.2777627162460416,-0.034232057111896974
13.254763141999774,1780929731622647728,track_preview_car,-2.216446838304949,-0.4456873292135593,-0.0020017297790783954,-2.1886548790583452e-05,1.6231208223745992e-06,-1.5290655151830064,33.43160156565551,159.81599271311185,0.014087250584211305,-0.2774673317660056,-0.0003143068456218677,0.2778247124112054,-0.03297514262014574
13.372641243999624,1780929731740525379,track_preview_car,-2.2148200642847304,-0.4790208862931524,-0.0020017072586477084,-2.1687647504294093e-05,1.5375060227653022e-06,-1.5327149640269757,33.50101059051816,161.23822448184117,0.012900392744627096,-0.277626670091792,-0.00030389463103460085,0.27792622776417186,-0.030912626477772626
13.473005355999703,1780929731840893318,track_preview_car,-2.213576631394643,-0.5068185067089325,-0.0020016919813613684,-2.1564595013122024e-05,1.4705560054255478e-06,-1.5354620781202273,33.5540637271619,162.42425628624778,0.011922635104243158,-0.277796850557249,-0.0002960111035956509,0.27805258388901094,-0.028309397870155385
13.59208839899975,1780929731959972604,track_preview_car,-2.212212349980337,-0.5402015877951278,-0.0020016981800320384,-2.1641563838052238e-05,1.47761878008261e-06,-1.5383408378244363,33.612273067505626,163.8486010792588,0.010630893788278794,-0.2781499958960263,-0.0002995647565074572,0.2783530781573955,-0.0221006958621028
13.693443356999978,1780929732061327802,track_preview_car,-2.2111702762361967,-0.5680404932346491,-0.002001716825953552,-2.1805354983653558e-05,1.5492753577032269e-06,-1.5404039342980342,33.65673488058894,165.0363943780117,0.009812810868634055,-0.27833538674701347,-0.0003086999809953646,0.2785083100604956,-0.018893058691564678
13.81077183799971,1780929732178657055,track_preview_car,-2.2100223249606255,-0.6014714970880539,-0.002001733006607022,-2.1917510682970193e-05,1.6339255941254534e-06,-1.5424448366514607,33.70571413501331,166.46278387575697,0.00901246050913814,-0.2785129283456354,-0.0003171591997617441,0.2786587082796621,-0.01578837447018177
13.912390034000055,1780929732280274469,track_preview_car,-2.2091380087466033,-0.6293485707805754,-0.002001731196444163,-2.188212559174709e-05,1.6416315387100033e-06,-1.5438245229955496,33.74344496014493,167.65220568663787,0.008403865300242666,-0.27867315390385483,-0.00031699036961870507,0.2787998415686533,-0.012938064546727525
14.01306871099996,1780929732380952976,track_preview_car,-2.208310162384536,-0.657241082866525,-0.002001714215850919,-2.1726367557654657e-05,1.5814292892693555e-06,-1.5449288326598423,33.77876640492646,168.84228620230508,0.007882784676984021,-0.2788184258487035,-0.00030896544248085905,0.27892983506074187,-0.01034824336317639
14.114125853999667,1780929732482010590,track_preview_car,-2.2075299892922025,-0.685147379919194,-0.0020016956305901707,-2.1572886691570983e-05,1.5027946348644198e-06,-1.54578298923925,33.81205379019936,170.03295487655228,0.00745005446637845,-0.2789452709537753,-0.0002993977530425974,0.27904474103452853,-0.008039612645617493
14.21469374399976,1780929732582577578,track_preview_car,-2.206788743827184,-0.713065688597745,-0.0020016904530407156,-2.1545607023339524e-05,1.4693222107764918e-06,-1.5464137327519687,33.843680263373486,171.22413604683712,0.007104890024529785,-0.2790564879604493,-0.00029597627123853065,0.2791469199813622,-0.005976546000540726
14.316080781999972,1780929732683964937,track_preview_car,-2.206077907609545,-0.7409943513235151,-0.0020017029477727767,-2.166702335088546e-05,1.5085983625607422e-06,-1.5468472138334357,33.87400927532609,172.41575898980332,0.006846333556579662,-0.2791507888869983,-0.000301464845231092,0.2792347313988742,-0.004180619628901867
14.419055485999706,1780929732786942807,track_preview_car,-2.205389628351516,-0.7689316724513423,-0.0020017228659949997,-2.183561143918113e-05,1.589886694533927e-06,-1.5471104377225722,33.90337585700199,173.60775135792395,0.0066612564117115,-0.27922891615598616,-0.0003113040382232479,0.2793083599798426,-0.002632807894759937
14.53658705099997,1780929732904469893,track_preview_car,-2.204583920946084,-0.8024654328464549,-0.0020017341259571243,-2.1909044622432753e-05,1.652233178498996e-06,-1.547243649160331,33.93775270630043,175.03852513478208,0.006540105762689216,-0.27928736165567725,-0.00031676475901543766,0.27936392638273144,-0.0014597942677884678
14.654467686999851,1780929733022352353,track_preview_car,-2.203791388041115,-0.8360068266486043,-0.002001721142918153,-2.17805569514128e-05,1.6132200120258144e-06,-1.5472309100886714,33.97156744357909,176.4696246036738,0.0064646715165845295,-0.2793389814449631,-0.000311440748502921,0.2794137765617987,-0.0005241193038157054
14.772710648999691,1780929733140596888,track_preview_car,-2.203004365458593,-0.8695529406905251,-0.0020016978516955142,-2.1584798645664344e-05,1.5171820338556763e-06,-1.5471328103143749,34.00514707376669,177.9009254694624,0.006432808487735989,-0.2793706679905274,-0.0002997962800494866,0.27944471932479487,5.098022073485104e-05
14.873478650999914,1780929733241363257,track_preview_car,-2.2023507199789703,-0.8975112838884146,-0.00200169016217863,-2.1537116284677716e-05,1.4727865580528149e-06,-1.5469885869091933,34.03303594756393,179.093814779239,0.006424268370308637,-0.2793976988582716,-0.00029520247912815696,0.2794715465863943,0.0005791487995129766
14.977022558000044,1780929733344907986,track_preview_car,-2.2016958319888125,-0.925471565798105,-0.0020017004704559033,-2.164271139326562e-05,1.50110247376939e-06,-1.546803201781563,34.060977835144,180.28678680738582,0.006449263145730161,-0.27941545852535393,-0.0002996084780640093,0.27948987720140533,0.0009609020462832676
15.096708622999813,1780929733464594220,track_preview_car,-2.2009044067928683,-0.9590250522031365,-0.002001723967173863,-2.1843361067844203e-05,1.595634828348125e-06,-1.5465486282041896,34.09474531017095,181.71840222733383,0.006514051167622394,-0.27942277078742883,-0.00031132411073795605,0.2794986899739217,0.0012081982921980246
15.198404836999998,1780929733566288060,track_preview_car,-2.2002385756420346,-0.9869865518762172,-0.0020017342718978343,-2.191328303955081e-05,1.6506354717231878e-06,-1.5463209331061918,34.12315410593986,182.91142621338525,0.006576405977035267,-0.2794248973078295,-0.0003171444624532198,0.2795022761107069,0.001327086155497334
15.317517545999635,1780929733685401861,track_preview_car,-2.1994305318148455,-1.020539997143988,-0.0020017234731374203,-2.179990675257862e-05,1.6230417499781785e-06,-1.546052658117851,34.15763064256659,184.3430398781435,0.006660594556293718,-0.2794187322676182,-0.00031262478983202065,0.2794981063654747,0.001174464970192544
15.41801463999991,1780929733785899827,track_preview_car,-2.1987498502085754,-1.0485006917907889,-0.0020017036021779907,-2.1629146926172677e-05,1.5438997958391936e-06,-1.5458430895921456,34.18667305776745,185.53602951640698,0.006722952963802067,-0.27941047714076594,-0.0003028366522582868,0.2794913466148532,0.0009890932518525307
15.535110941999847,1780929733902995397,track_preview_car,-2.197924794293153,-1.0820523996003297,-0.002001690113254232,-2.153384896988319e-05,1.4747291780160303e-06,-1.5456145498927512,34.22187544349214,186.96756904961407,0.006790513035011918,-0.2794009791402522,-0.0002952722093245674,0.2794834846852499,0.0008090009783363451
15.655415186000027,1780929734023299611,track_preview_car,-2.1970909701850263,-1.1156027323162305,-0.002001701609592342,-2.165415617941902e-05,1.5043917076295954e-06,-1.545408934039908,34.257451938772206,188.39904991215917,0.006864039757067947,-0.27939065491625453,-0.00030019062759300966,0.2794749596946392,0.0006512825823059125
15.757473045999632,1780929734125358163,track_preview_car,-2.1963890402906867,-1.1435599774476783,-0.0020017215111396936,-2.182527939000756e-05,1.5835716351237944e-06,-1.545257200756084,34.28740094759736,189.59189237110095,0.006931903719822514,-0.2793771551681113,-0.0003100469858783743,0.27946313910605064,0.0004702560597930454
15.8759462539997,1780929734243831211,track_preview_car,-2.1955387250636265,-1.1771068798534305,-0.002001734298515376,-2.191300258047849e-05,1.6511013044021768e-06,-1.5450991279546928,34.32368106395194,191.02322687374638,0.006999945344924712,-0.2793639486177838,-0.0003171820780437598,0.2794516327061835,0.0002950808621393804
15.978146881999692,1780929734346032800,track_preview_car,-2.194824096546091,-1.2050612663923361,-0.0020017258652339524,-2.182264907358973e-05,1.6309072490079696e-06,-1.544993518809612,34.35417188070012,192.215947366073,0.007048172035030684,-0.2793524960470003,-0.0003137880139552575,0.2794413959611652,3.35481507419395e-05
16.097152328999982,1780929734465037946,track_preview_car,-2.193961208188781,-1.2386052518657562,-0.0020017025720266398,-2.162174270114401e-05,1.5386868776025662e-06,-1.5448988747474053,34.390988450612,193.64715741293895,0.007083189190968386,-0.2793412136536785,-0.00030233002779262824,0.27943100260104475,-0.00023516443910786145
16.216762839999774,1780929734584647786,track_preview_car,-2.193094337029647,-1.2721478598848333,-0.002001690005090196,-2.1534754033516958e-05,1.4728951342048617e-06,-1.5448343248247178,34.427974953401716,195.07830868841955,0.007118135979784297,-0.2793245831361704,-0.00029512144833046745,0.27941526551715473,-0.0005745535822876593
16.317597262999698,1780929734685482099,track_preview_car,-2.1923695886829306,-1.3000992169932735,-0.002001699077668924,-2.1631714135979376e-05,1.494792706914103e-06,-1.5447956412549662,34.45889754952829,196.27089992504634,0.007140623372637702,-0.2793176882336987,-0.0002988243962719595,0.27940894663980886,-0.0006902949129691828
16.437859875999948,1780929734805745273,track_preview_car,-2.1914969746120048,-1.3336398367127593,-0.002001722578206385,-2.183497461903826e-05,1.5874022579204168e-06,-1.544762971268581,34.496129083221135,197.70196636641106,0.007166640714419835,-0.2793110983263865,-0.00031042669231176774,0.27940302501480174,-0.000741215199672733
16.54002656299963,1780929734907911600,track_preview_car,-2.190767682991631,-1.3615895502678332,-0.002001734036009602,-2.19147552666002e-05,1.6470290918275923e-06,-1.5447436595426771,34.52724552569042,198.89448747809422,0.007187313014832719,-0.2793038018733656,-0.00031682105739115065,0.2793962619815975,-0.0008234605798383967
16.656973402999938,1780929735024860443,track_preview_car,-2.189890523904179,-1.3951285280469348,-0.00200172489410067,-2.181382566399895e-05,1.6273774299813453e-06,-1.544735025305617,34.564670980088366,200.32548386333588,0.007197863322175863,-0.2793003079811979,-0.00031335081862151937,0.279393040848903,-0.0009486740946686301
16.757139369000015,1780929735125025718,track_preview_car,-2.189159033466887,-1.4230774573149927,-0.002001705285686221,-2.1643640207535154e-05,1.5505431506639225e-06,-1.5447393127772453,34.595881238746145,201.51797151210636,0.00719360486917752,-0.27929815172424693,-0.0003037790533658918,0.2793907756308256,-0.001043455665625716
16.857590034999703,1780929735225474982,track_preview_car,-2.1884279476633557,-1.4510262098097415,-0.002001691268772851,-2.1538870087472716e-05,1.4829688249304981e-06,-1.544750790118799,34.62707423303016,202.71045161854897,0.007186011180310607,-0.2792957954586388,-0.00029614830319530576,0.2793882247295998,-0.0011160293558642284
16.957699215000048,1780929735325583880,track_preview_car,-2.187697419292769,-1.4789748336657993,-0.002001694296114585,-2.1586476058113252e-05,1.4788485671934736e-06,-1.5447654798948405,34.658243443508525,203.90292623640744,0.007181565924998277,-0.27929525388993226,-0.00029670202862155373,0.27938756904088774,-0.0011278542957439239
17.058601916000043,1780929735426486862,track_preview_car,-2.1869670529570158,-1.506923320701572,-0.0020017119236028845,-2.1747927489625308e-05,1.5415804591756237e-06,-1.5447803545560095,34.68940574050066,205.0953950166004,0.007184870438764754,-0.27929403164537847,-0.0003050418308304951,0.2793864321615341,-0.0011143824404646
17.17675262099965,1780929735544643639,track_preview_car,-2.1860904302148647,-1.5404612239042883,-0.0020017318615129613,-2.1904007114839302e-05,1.632416293672276e-06,-1.5447956260908304,34.72680831083244,206.52634555324966,0.007189817521014614,-0.2792920502897168,-0.0003154697260960419,0.27938457872799494,-0.0010667065196878918
17.279131614999642,1780929735647019597,track_preview_car,-2.186967298246368,-1.5669882128866828,-0.002003296085085869,-1.4017240636465686e-05,2.4070469993229433e-05,-1.5217517224341088,34.68939527482162,207.6581637498318,-0.004122148397612502,-0.2646189295245137,-0.004412881793519275,0.26465103432654763,0.21722320661306552
17.380592097999852,1780929735748477896,track_preview_car,-2.188252300806085,-1.5928504896114988,-0.0020040721197446235,7.660362361855578e-07,-5.169615286447249e-05,-1.4843594241307845,34.63456849894038,208.76162089009063,-0.01159928082231152,-0.25654346276649714,-0.004061309654676539,0.25680555212810324,0.42263890158753786
17.483103734999986,1780929735850988802,track_preview_car,-2.1897109998724473,-1.6178942206371703,-0.002000009657542586,1.2723252886897737e-07,-1.4206005342695654e-08,-1.4310903986803596,34.57233067210892,209.8301534138526,-0.008806086261799757,-0.24751592944613432,0.003943280842325073,0.24767253074338705,0.5499598528592254
17.600018158999774,1780929735967901592,track_preview_car,-2.1909213410236874,-1.6472163648755662,-0.0020085614051305644,-1.190357459013785e-05,-2.1439302205328624e-06,-1.3505816613696606,34.520689449656004,211.08123156802418,-0.0017514593318593407,-0.2415230028236551,-0.008664617531256632,0.24152935329426622,0.6806712637050901
17.718670305999694,1780929736086555422,track_preview_car,-2.191992380636689,-1.675156307369879,-0.0019997680867437223,-8.179280228874457e-10,-2.4412521796005854e-06,-1.2428376551860314,34.474991759501265,212.27333578111484,-0.011803737769254427,-0.22483071653048492,0.00015535088937096626,0.22514035471442384,1.0635089449424253
17.819605899999715,1780929736187490465,track_preview_car,-2.1924156607143512,-1.6976356023075923,-0.0020042353979486337,8.736029876455451e-07,-5.483635324088129e-05,-1.1316966498867966,34.45693180952101,213.23245236512395,-0.0005111733173535005,-0.2236277797684559,-0.004277198021136763,0.22362836399332128,1.2144207927384583
17.921543847000066,1780929736289428572,track_preview_car,-2.191170625790276,-1.7198427523981592,-0.001999897651033677,1.973796598742429e-07,-8.047298844388762e-07,-1.0111738870426519,34.51005329961488,214.17995743565479,0.016325876784546563,-0.21873260388975463,6.372818749135419e-05,0.21934102730035823,1.2846414047805907
18.038652590999845,1780929736406538610,track_preview_car,-2.1869886946943025,-1.745986003773437,-0.001999916251924746,5.547725810782853e-09,-8.85573135129586e-07,-0.8585320571834129,34.68848235970977,215.29540282766663,0.05287636311006471,-0.215842132300133,4.3280742873238536e-05,0.22222451676539995,1.2513703276677801
18.155628283999704,1780929736523511948,track_preview_car,-2.1788331117555937,-1.7711257760173595,-0.002005535563639745,-5.716748847156983e-05,-1.2615769401309976e-06,-0.7073305374763037,35.03645389842801,216.368033110074,0.08375707253659717,-0.2041014156725177,-0.005567225503943413,0.22061875504912687,1.2543509029253486
18.258371331000035,1780929736626256046,track_preview_car,-2.168559469274441,-1.7908459388934508,-0.0020020161684243185,4.257632448890962e-05,1.0595940234193308e-05,-0.5878060329790277,35.47479597762384,217.20942672612057,0.11781495990117931,-0.18711267612370983,-0.002339182327485602,0.2211142653532169,1.1498968243886218
18.37803658699977,1780929736745924729,track_preview_car,-2.1522170487314347,-1.812300772437908,-0.0020086151277386535,-2.6267762373197464e-05,7.654182206741028e-06,-0.45667845697402176,36.172072587458786,218.12483295735075,0.1473855045823508,-0.169242550455802,-0.008659573260573072,0.22442265448429852,1.0847740188059043
18.498420652999812,1780929736866305990,track_preview_car,-2.1322488322108755,-1.8311063869818955,-0.0020010043503544796,1.3655603782883134e-05,2.032655163134799e-07,-0.3356004221554546,37.02404982566931,218.9272058445609,0.17743853197070117,-0.1442816536314525,0.0009744620688938155,0.2286954923091926,0.9757528581601224
18.59842113600007,1780929736966306102,track_preview_car,-2.11288970233266,-1.8441527836745484,-0.0019999010325783086,8.15423428844748e-07,-4.0612447382531106e-07,-0.24907492343304607,37.85003936713984,219.48385210344742,0.2016647428069002,-0.12598422915752325,0.004585581225469477,0.2377828725703105,0.8848267474040098
18.69996023299973,1780929737067844839,track_preview_car,-2.0915589864247495,-1.8548699688714394,-0.0019999066636776134,2.8164545589162897e-08,-9.53093750782383e-07,-0.17401353516165266,38.76014991254402,219.94111867184807,0.2168298081356655,-0.09748712756805715,0.004425754092004776,0.23773705167184217,0.7326635025853329
18.817710110000007,1780929737185595317,track_preview_car,-2.063792926192834,-1.8647476069061184,-0.002000020832235352,1.1504693142833525e-05,8.93306525469741e-06,-0.09857341235064823,39.94483514910576,220.3625645613277,0.23933608308231252,-0.06984853562912516,-8.456498474592521e-05,0.2493202330231479,0.5749698654270211
18.935658281999622,1780929737303543448,track_preview_car,-2.0343530365192892,-1.871524266753738,-0.0019999708351061316,-9.544714416787899e-09,-3.29394110474604e-07,-0.038804884685494805,41.20093710851033,220.6517020481595,0.25269264874553876,-0.04306169892576512,0.008556828577263871,0.25633549236188397,0.41328088282306624
19.042003762999684,1780929737409889240,track_preview_car,-2.0089789295066707,-1.8752802151792307,-0.0020055775070019757,-2.614997519345934e-05,3.889084019118801e-05,0.0025109582344517967,42.28356567438205,220.8119558476472,0.2602401630079392,-0.0314693929373509,-0.005663984938310875,0.26213596688406604,0.3911263069477504
19.15945787199962,1780929737527343580,track_preview_car,-1.977500225739388,-1.8774181819103581,-0.001999941450221796,-7.177494113634195e-09,-6.651507597862105e-07,0.03784508743704652,43.626657035119436,220.90317576150863,0.2676486275732769,-0.00964484146297778,0.0028792640790722556,0.26782234934505494,0.24389821303266368
19.28017315499983,1780929737648056438,track_preview_car,-1.945267228482086,-1.8776778651964643,-0.001999409644127497,6.161487402423763e-08,6.507694101683857e-06,0.061697110046743275,45.001931584764336,220.9142555817158,0.27184334684130435,0.003542457958894127,0.0005654175361241133,0.271866427184881,0.16473670073101107
19.397226479999972,1780929737765110004,track_preview_car,-1.9125170520927142,-1.8765420468003922,-0.002004305497230157,2.0399536733262225e-05,-3.656646588096116e-05,0.07588855565653657,46.3992724440442,220.8657939968167,0.27303415886205323,0.011530411619369409,-0.004313538221834884,0.2732775188295243,0.11416978606263492
19.49750540599962,1780929737865388419,track_preview_car,-1.885016420844763,-1.8749142671748282,-0.001999993266377827,4.073432621856409e-10,-7.001003697719286e-08,0.08304336468094096,47.57263271062344,220.796342066126,0.27552321041766503,0.017829955622189152,0.009780945773005851,0.27609952335407273,0.06329065844860492
19.5988687199997,1780929737966752704,track_preview_car,-1.857276236129143,-1.8727868275606814,-0.00200171147751553,-2.17277613931914e-05,1.5524168945306886e-06,0.08594092618589998,48.75621392515656,220.70557130925573,0.27793967649482537,0.022334944618407935,-0.0002883473801351539,0.2788356389006892,0.017910293997721538
19.699084451999624,1780929738066968366,track_preview_car,-1.829515606919719,-1.8703150375078166,-0.001999603284274672,1.8400717227232314e-05,-1.8121569150897356e-05,0.08487216855557976,49.94066743809199,220.60010826700017,0.2771548110652206,0.024870703058222296,0.0003849781499762191,0.2782684695886482,-0.014863143043177738
19.818646671999886,1780929738186532209,track_preview_car,-1.7963486197483718,-1.8671695114314892,-0.002001128166536993,-1.39585954546793e-05,1.296546085899209e-06,0.07990550806592153,51.355792224069475,220.46589915441018,0.2759916440365146,0.025669932401220664,-0.0007993524177872623,0.27718285121461145,-0.04491803381186425
19.919240629999877,1780929738287125917,track_preview_car,-1.7688307543891806,-1.8645450393132261,-0.001999983376255136,-1.5023698851540516e-07,-6.140473276252884e-08,0.07355801057883411,52.52988781272829,220.35392167736433,0.2754557810484816,0.025429100107888847,0.004667183068235549,0.27662705298890433,-0.06282394853744742
20.01996688700001,1780929738387852494,track_preview_car,-1.7413894330736677,-1.8620118514347797,-0.001999967397051997,3.1129592487089977e-07,-1.0894333447303581e-07,0.06585211121115626,53.700717522190175,220.24583899455058,0.27487793679001804,0.02419515014358068,0.003556126451828199,0.27594072810008957,-0.07689333078115233
20.122145775999797,1780929738490031213,track_preview_car,-1.71396565984248,-1.8596500183998772,-0.001999968749390406,-8.671598863016884e-10,-3.248066158478635e-07,0.057452732908288964,54.87079851338753,220.1450674517281,0.2737076987675528,0.022216135232247726,0.0031743455449302965,0.2746078313327698,-0.08383779816382265
20.242101420999916,1780929738609986758,track_preview_car,-1.6810231239124975,-1.8571097776142964,-0.001999986184196057,-7.023587358311175e-08,-9.257248304033989e-08,0.04724138614030012,56.27634671306677,220.03668384487662,0.27479960323406594,0.019670123913676663,0.002674227585371507,0.27550269637950814,-0.08326061422267857
20.361504450999746,1780929738729391001,track_preview_car,-1.648041116062443,-1.8549080318499962,-0.0020017155173619825,-2.1775156180069126e-05,1.5568479919619111e-06,0.03714916761469329,57.68357904800243,219.9427426922665,0.2749170777895366,0.01674968363363746,-0.0002601464350097758,0.2754268533788328,-0.0832036683176523
20.46151726900007,1780929738829403828,track_preview_car,-1.620503799563326,-1.8533581797704453,-0.0020017157918034846,-2.1713901324428793e-05,1.605874978776132e-06,0.029238259788230848,58.85850455196476,219.87661567020564,0.2754855027070214,0.013894927843270117,-0.0003177638368823507,0.27583569606109715,-0.07446524898998105
20.578521794999688,1780929738946408886,track_preview_car,-1.5873919416796245,-1.8518528325744272,-0.002001718645754637,-2.1779511416992474e-05,1.5865896375899974e-06,0.020814631268489425,60.27127715500269,219.81238752317557,0.2759431886710896,0.011002739675675643,-0.0003064230128114717,0.2761624588070204,-0.06727201679398055
20.68013029399981,1780929739048014669,track_preview_car,-1.5597489112550118,-1.8508670351050773,-0.002001718177944419,-2.1852872202916347e-05,1.5268858377159964e-06,0.014636333192205331,61.45071311978616,219.77032683115,0.2764108928696598,0.008636149923891655,-0.00030280166165333363,0.27654577339476827,-0.059134230380582783
20.780354310999883,1780929739148239949,track_preview_car,-1.5320592972963223,-1.8501081354874993,-0.00200171184334266,-2.182897336527426e-05,1.4789504633539227e-06,0.009295344579551253,62.63213664869025,219.7379471141333,0.27687562088335177,0.006472152067937376,-0.0002980715469456009,0.2769512559854749,-0.050656927405414054
20.882610105999902,1780929739250495312,track_preview_car,-1.5043244740569435,-1.8495529902506025,-0.002001704494858909,-2.1723446908465233e-05,1.481642867176788e-06,0.004797592753260494,63.81548910690374,219.714260917359,0.27731863979789306,0.004557105642646768,-0.000296274298345483,0.2773560801410198,-0.04230110937976144
21.00350422299971,1780929739371388778,track_preview_car,-1.4709882656064468,-1.8491177622332924,-0.0020017048720976246,-2.163655383434953e-05,1.5508851131699186e-06,0.0004510558792242832,65.2378340007916,219.69569118862046,0.27773391552072524,0.0027158261934286418,-0.00030300972799564963,0.27774719358147665,-0.034253751578989564
21.124759272999654,1780929739492643678,track_preview_car,-1.4375982844021498,-1.8488928147812491,-0.0020017122130557598,-2.164322779026354e-05,1.6225564390939525e-06,-0.002827371141562447,66.66247319884161,219.68609343066663,0.27810701181144476,0.001215493029166211,-0.00031086993802761177,0.2781096680124498,-0.02680976519342438
21.225962012999844,1780929739593846829,track_preview_car,-1.4097290038102468,-1.8488471588873006,-0.0020017243419948785,-2.179484529096025e-05,1.6355782636461577e-06,-0.00466752643302094,67.85156250409614,219.68414544585818,0.2786971579214265,-0.00027877360777822663,-0.0003180390268878736,0.27869729734643095,-0.014699310925051438
21.34340695899982,1780929739711291655,track_preview_car,-1.3762557192143539,-1.8489006129589245,-0.0020017285784316025,-2.1993574339217245e-05,1.5307814473921436e-06,-0.006244170054344436,69.27975598018756,219.68642615291412,0.2790244096850171,-0.0010620110971820541,-0.00031292670207712164,0.27902643076891986,-0.010290288634163643
21.460871522999696,1780929739828755688,track_preview_car,-1.3427533628753192,-1.849026431161861,-0.001999431702713438,1.790087871522907e-08,6.134468622612196e-06,-0.007505957209292924,70.70918985065305,219.6917943962394,0.27937151956057144,-0.0013555212689668067,0.0005327108676571004,0.27937480806166715,-0.009497024347988034
21.581254312000056,1780929739949140170,track_preview_car,-1.309222669851512,-1.8492158370866725,-0.0019989844124967734,-4.548642469522522e-08,1.2434349532025094e-05,-0.008528421667590972,72.13983275300217,219.699875715698,0.27978018705234564,-0.0016279594067235294,0.0047321381713629354,0.279784923323033,-0.005967304075488368
21.682928489000005,1780929740050815399,track_preview_car,-1.2812748881991773,-1.8494156335482426,-0.0020026905104516203,3.582348303371997e-05,1.1707588993012297e-06,-0.009130308239535543,73.3322714368351,219.70840036472504,0.2799505181407787,-0.0022418985443936187,-0.0026191715638110963,0.27995949477803717,0.0008810491632898966
21.785072902999673,1780929740152957408,track_preview_car,-1.2532932424864804,-1.8496780422258692,-0.0020000001168136027,-6.311346791904017e-10,-1.6057371522129174e-09,-0.008952246477777672,74.5261549872435,219.71959646830373,0.2796718892029935,-0.0024045068362292914,0.0026944005256426366,0.2796822255051203,0.0031039104348369027
21.902548913999908,1780929740270434081,track_preview_car,-1.2295088749163314,-1.8498870807428405,-0.002003607417851841,1.777797184837879e-07,-4.8172579505456994e-05,-0.00879570240627371,75.54095467023652,219.72851544502788,0.139937654220953,-0.001813310130619857,-0.0037502482591954167,0.13994940215125184,0.006486519105028802
22.003102685999693,1780929740370988244,track_preview_car,-1.215537887524039,-1.8500553311427956,-0.001999891576161616,2.530532161826758e-07,-1.508275470675332e-06,-0.00817415395466197,76.13705013230768,219.7356941287593,0.13974777251259357,-0.001693231512714424,-1.3113744657713116e-05,0.1397580300204151,0.006697520137805078
22.12166605199991,1780929740489552241,track_preview_car,-1.198773072113263,-1.8502479832893772,-0.0020035411873030426,1.6277384087158174e-07,-4.6779018467108357e-05,-0.007396587933173659,76.85234892316745,219.74391395368008,0.13988982955527793,-0.0016997224750260908,-0.003647498882713728,0.1399001553590875,0.00752236715493461
22.225546474999646,1780929740593431682,track_preview_car,-1.1848020586366204,-1.8503975209645906,-0.002003473610461775,2.1856786470573135e-07,-4.567648456660515e-05,-0.006761760144851461,77.44844549817086,219.7502942278225,0.13989184082173758,-0.0016001218059389915,-0.0035680994723084176,0.13990099184168858,0.007373533261740944
22.345284639000056,1780929740713169335,track_preview_car,-1.1680356850599507,-1.850562905007842,-0.0020033968219598003,2.699676844584662e-07,-4.441314017939076e-05,-0.0060320893320897125,78.16381077077543,219.75735061366794,0.13990523742474645,-0.0014576450978156365,-0.0034775661297267624,0.1399128306771965,0.006857996245879826
22.463601961999757,1780929740831485966,track_preview_car,-1.1512679481558858,-1.850713265953232,-0.0020033276298393717,3.123885663907561e-07,-4.326211846855271e-05,-0.005340804549767316,78.87923421201555,219.76376601400455,0.13991259202560496,-0.0013368340143997308,-0.0033967196857644863,0.13991897845719653,0.006545716033095991
22.584050431999913,1780929740951935408,track_preview_car,-1.134504494967934,-1.850841411429584,-0.001999942768004812,-6.088772711747915e-10,-6.05403901789979e-07,-0.00476208705978592,79.59447488136814,219.76923355432893,0.13982829621374168,-0.0012172287243485498,-7.00739769019576e-06,0.1398335942032717,0.0056916238156807155
22.685173890999977,1780929741053060260,track_preview_car,-1.1205215764620153,-1.8509429702329545,-0.00199995095411568,-3.163837754317689e-09,-5.293642087355898e-07,-0.004201126495508189,80.19107940428734,219.77356672993938,0.13974857121567114,-0.0010205421306628663,0.0008256402416497606,0.13975229752337515,0.004798227494348086
22.804709813000045,1780929741172595741,track_preview_car,-1.1037396268839197,-1.851050235538715,-0.0019999596199177967,-2.0407244919526164e-09,-4.337083357946141e-07,-0.0035801097301986786,80.90710925295275,219.77814338298515,0.13984821326075042,-0.0009592044800403243,-1.0439797437643422e-06,0.13985150276439243,0.00479026598832933
22.90688965299978,1780929741274774759,track_preview_car,-1.0897531157609202,-1.8511265406547006,-0.002000798015568306,-2.89599582948602e-07,-1.098985634040067e-05,-0.00312787965361553,81.5038670608674,219.78139906793388,0.13993179538125536,-0.0007974348030663925,-0.0008106222014355262,0.13993406754928073,0.004409482503210465
23.024410543999693,1780929741392294809,track_preview_car,-1.0729682413567314,-1.8512047486644558,-0.002000808208829001,-2.6912264583305476e-07,-1.1000304483356898e-05,-0.0026570015541616974,82.2200217021128,219.78473594301676,0.13993359943431175,-0.0006764308301629577,-0.0008145581460542506,0.1399352343382838,0.003770234575990437
23.14413619900006,1780929741512021316,track_preview_car,-1.0561862915658715,-1.8512685577680685,-0.0020042006948645017,2.7331589731197357e-05,-2.609178540805832e-05,-0.002290250769181192,82.93605155985614,219.7874584647709,0.1400637698461638,-0.00036802082653885406,-0.004121437128992938,0.14006425333698785,0.0052688026709382385
23.245602998999857,1780929741613485972,track_preview_car,-1.042205085691247,-1.851312666626524,-0.0019989802104839385,-4.6708103425127894e-08,1.2531264670465104e-05,-0.0020484248362100093,83.53258301050678,219.7893404427317,0.1398921258759454,-0.0002246620812539918,0.004728168429840489,0.13989230627572807,0.0016754901293162302
23.34673854699986,1780929741714622071,track_preview_car,-1.0282237895738322,-1.851347815890851,-0.002002204938566466,-1.7136710115459585e-06,-3.041947431255523e-05,-0.0018721326073625065,84.12911831151649,219.79084014467628,0.13970353860075257,-0.00012494288242751649,-0.002212113620632616,0.13970359447163783,-0.00010693924892102342
23.46684433199971,1780929741834728988,track_preview_car,-1.0114553723237827,-1.8513883861488896,-0.0019999679717189927,2.3479767616454968e-09,-3.2975231137168496e-07,-0.001706316351036153,84.84457078085194,219.79257114235264,0.13955581129396274,-0.0001314964473823835,0.004276009765886244,0.13955587324520533,-0.0005649586573311442
23.586090899999817,1780929741953976257,track_preview_car,-0.9946842381292874,-1.851428159905423,-0.001999964954612217,-2.9904660517186215e-09,-3.684783933935989e-07,-0.0015213089710239248,85.5601391731504,219.7942681559647,0.13954643434096786,-7.387760014520626e-05,0.004302045682067253,0.13954645389682196,-0.0007753500139530843
23.68686483800002,1780929742054750536,track_preview_car,-0.9807081352892387,-1.8514585089595204,-0.0019999596967856218,-1.144639217551363e-09,-4.1678807036649925e-07,-0.001373649949610208,86.15645289432581,219.79556304893953,0.13956288053075835,-7.037011232639397e-05,0.004276953308494449,0.13956289827169482,-0.0007346647882968876
23.804017581999688,1780929742171903039,track_preview_car,-0.9639344054778184,-1.851492240795169,-0.0019999556813967787,1.0411735735133822e-10,-4.6669262258887757e-07,-0.0011982422701847315,86.87213203294641,219.7970022739272,0.13988169884550636,-0.00037390759614061835,-3.238190271741284e-06,0.1398821985772149,0.0018998866607088673
23.90410123799984,1780929742271986796,track_preview_car,-0.9499556382055135,-1.8515166376327499,-0.001999962819532106,-2.5128304578535745e-09,-3.899271780011727e-07,-0.0010698937916710808,87.46855943656476,219.798043205664,0.13956303213676993,-5.519722270157341e-05,0.004283575185321081,0.13956304305202888,-0.0005763392354265981
24.005490354999893,1780929742373373839,track_preview_car,-0.9359696593037818,-1.851538484325644,-0.00199996691559806,-3.677303595938734e-10,-3.398787831757418e-07,-0.0009161778655377715,88.06529453637197,219.7989753312275,0.1399024852147913,3.267022457716608e-05,0.002736922355889564,0.13990248902938957,0.0011000680436974279
24.10560918400006,1780929742473494932,track_preview_car,-0.921979216546191,-1.8515563675339222,-0.0019999454682133565,-7.97181544593584e-09,-5.903408554326236e-07,-0.0007748896916949336,88.66222009402918,219.79973834811403,0.13972256012063275,-5.0543841858098654e-05,0.0027927001518577646,0.13972256926260618,-0.0005305437598371784
24.206771407999895,1780929742574655543,track_preview_car,-0.9079883624729874,-1.851571630499938,-0.0019999607927115386,-1.0167701143490533e-09,-4.172516397284576e-07,-0.0006460651120925636,89.25916320115255,219.80038956799734,0.13991667150747153,-0.0002821580572626635,-6.423998843473777e-06,0.13991695600926635,0.001280739444327536
24.30769647299985,1780929742675581489,track_preview_car,-0.8940004801420229,-1.851583746731794,-0.002003084601291306,-1.7650052234658183e-07,-3.9473888150853954e-05,-0.0005275420462187736,89.85597951394035,219.80090652722322,0.14006668799009472,-0.00024092404711032256,-0.0030973421807178464,0.14006689519265794,0.0015538654916245128
24.424304278999898,1780929742792188083,track_preview_car,-0.8772170358604425,-1.8515949198431485,-0.0019999703137551614,-4.6463877342596665e-08,-2.745372659557381e-07,-0.000404082819701338,90.57207313662113,219.80138324664102,0.139890331907814,-0.0001894787246913513,-8.192718583617115e-06,0.13989046023037266,0.0009456998462857849
24.54538336099995,1780929742913268749,track_preview_car,-0.8604351146481972,-1.851602162752605,-0.0020029717284433673,3.531775227722978e-05,4.430540934410859e-06,-0.0003288199236923449,91.28810177501026,219.8016922774445,0.13981819221787756,-5.265211929331111e-05,-0.0029970659510527835,0.13981820213162885,0.00014464184454880203
24.665141583999684,1780929743033027572,track_preview_car,-0.8478610937649992,-1.8515481599188257,-0.0020001326260787548,7.704090921902681e-06,7.235918708098231e-06,-0.0010153478661027355,91.82459333269337,219.79938815653657,-1.1247521014379514e-06,-3.0598548809352996e-06,-0.00014297636596814225,3.26002748179715e-06,-0.00019128787577822945
24.767087441000058,1780929743134972247,track_preview_car,-0.8478598150571169,-1.8515484740388293,-0.002000128377208894,7.48569239874653e-06,7.025360405272888e-06,-0.0010126646675256087,91.82464789089634,219.79940155899004,3.819934588638001e-06,-9.300347631803642e-06,-0.00013815319938383596,1.0054271049353534e-05,-0.0002532156592022771
24.868646414000068,1780929743236530840,track_preview_car,-0.8478584887035496,-1.8515485983611635,-0.0019999899704631154,-6.779071563714766e-10,-1.027499209071957e-07,-0.001010435371490357,91.82470448198188,219.79940686340962,-7.916222021875218e-05,-1.9960134707018583e-06,0.0031578514113711404,7.918738017978269e-05,-1.5467865828284783e-05
24.974007097999674,1780929743341891773,track_preview_car,-0.8478571745465485,-1.8515488532488913,-0.0019999948672669693,-7.132723210862947e-08,-1.0723125766284223e-07,-0.0010076600333153907,91.8247605526806,219.79941773861935,1.3744815765180061e-05,-6.953006406856106e-05,0.002917776073017378,7.087559361160193e-05,9.928543973079901e-05
25.091883507999682,1780929743459769797,track_preview_car,-0.8478555968580346,-1.8515490219825157,-0.002000822027902679,9.89334946408178e-06,1.1540963688263277e-06,-0.0010044607397422288,91.82482786739052,219.79942493792066,1.6337401368712717e-05,4.4405840294413654e-05,-0.0008271606368661993,4.731584656048529e-05,0.00025966350606208155
25.20751548699991,1780929743575400183,track_preview_car,-0.8478540326947497,-1.851549254614196,-0.0019999902238721228,-4.315379432110992e-10,-1.0398146620141686e-07,-0.0010015175872314828,91.82489460502401,219.79943486353903,2.8125659427924822e-06,-1.9493871923534223e-05,0.0008318036026605329,1.9695724656729744e-05,3.5500965089093184e-06
25.309154488999866,1780929743677040718,track_preview_car,-0.8478526233561982,-1.8515493862280952,-0.002003147812438266,-6.528499465988459e-08,-3.954530092276336e-05,-0.0009995260082685295,91.82495473680221,219.79944047906537,0.00011970015244818405,5.321180040005784e-05,-0.0030194311129290107,0.00013099474110793189,-0.0001762130918040512
25.42843095399985,1780929743796315299,track_preview_car,-0.8478511411643551,-1.8515496013549806,-0.001999989970416513,-6.777654940661901e-10,-1.0275041438602057e-07,-0.0009966018545432174,91.82501797698751,219.7994496578125,-7.916189595882064e-05,-1.996841858698451e-06,0.0031578396494790785,7.918707690781239e-05,-1.5465970343762967e-05
25.529093660999933,1780929743896979438,track_preview_car,-0.8478498270039491,-1.8515498562298918,-0.0019999948670609,-7.13214618379313e-08,-1.0722910940026993e-07,-0.0009938265090033431,91.8250740478315,219.7994605324754,1.374495274423372e-05,-6.952901062995868e-05,0.0029177981668818452,7.087458673687012e-05,9.92949600246721e-05
25.649123336999764,1780929744017008093,track_preview_car,-0.8478482493120589,-1.8515500249484904,-0.0020008220256811184,9.893299599885118e-06,1.15411083691198e-06,-0.0009906272214249298,91.82514136268549,219.79946773113556,1.6336368689556323e-05,4.440547358115471e-05,-0.0008271586213845652,4.731514584071094e-05,0.0002596582646575707
25.767767867999737,1780929744135651722,track_preview_car,-0.8478466851436435,-1.8515502575640328,-0.001999990223746702,-4.3121452365892345e-10,-1.0398171999427027e-07,-0.0009876840633933342,91.82520810053788,219.7994776560654,2.8132873888604176e-06,-1.9493123829423072e-05,0.0008318015063489885,1.9695087269711267e-05,3.5563708650612727e-06
25.890145972000028,1780929744258030848,track_preview_car,-0.8478451199654367,-1.851550479982962,-0.0020001283857975028,7.485978055950576e-06,7.025667248729402e-06,-0.0009849976484281801,91.82527488147471,219.79948714593974,3.8217270063654965e-06,-9.302485622286587e-06,-0.0001381619602845995,1.0056929753360715e-05,-0.0002532454814549054
26.009585480999704,1780929744377471640,track_preview_car,-0.8478434389089446,-1.8515506398867176,-0.0020031477976756753,-6.528255513640283e-08,-3.9545115358013955e-05,-0.0009822341185104972,91.8253466065517,219.79949396849997,0.00011969959921105441,5.321468709625267e-05,-0.0030194109770840236,0.00013099540821738425,-0.00017620779085968728
26.111581813999692,1780929744479466790,track_preview_car,-0.8478422176511679,-1.851550827218873,-0.002002912687868593,3.9194936417568234e-05,1.0462991920940463e-05,-0.0009795733397593765,91.82539871355017,219.7995019613386,1.4594058947881435e-05,-9.831089129894843e-06,-0.002922717471690215,1.759650164249061e-05,0.00025517712078044623
26.228426179000053,1780929744596310704,track_preview_car,-0.8478406425465241,-1.8515511098542934,-0.001999994866803358,-7.131424868978297e-08,-1.0722642344477182e-07,-0.0009765346086188922,91.82546591801497,219.79951402044986,1.374512372787782e-05,-6.952769363150397e-05,0.0029178257887545536,7.087332790275159e-05,9.930686275167677e-05
26.331201897000028,1780929744699086774,track_preview_car,-0.8478393375717909,-1.8515512604414444,-0.0019999902236213073,-4.308910407816747e-10,-1.0398197341319681e-07,-0.0009738505431189033,91.82552159693692,219.79952044550163,2.814008876497358e-06,-1.9492375627209403e-05,0.0008317994095170494,1.969444981585505e-05,3.5626460775564496e-06
26.448614067999642,1780929744816497812,track_preview_car,-0.847837772388259,-1.8515514828460813,-0.0020001283900967733,7.486121160606916e-06,7.025820934451094e-06,-0.0009711641441138201,91.82558837810095,219.79952993476616,3.822643272113704e-06,-9.303583627726378e-06,-0.00013816638493625356,1.0058293588076185e-05,-0.0002532606962734987
26.549821246999727,1780929744917704470,track_preview_car,-0.8478364460237232,-1.851551607125336,-0.0019999899703234104,-6.774821897016523e-10,-1.0275140013512637e-07,-0.0009689348313059079,91.82564496965448,219.79953523734764,-7.916124725842826e-05,-1.9984985006853255e-06,0.003157816120308729,7.918647020651481e-05,-1.546217865430968e-05
26.65090896499987,1780929745018793100,track_preview_car,-0.8478351318565089,-1.8515518619746179,-0.0019999948666488544,-7.130992063816464e-08,-1.0722481138006307e-07,-0.0009661594710303891,91.82570104078894,219.79954611091705,1.3745226167308487e-05,-6.952690329427241e-05,0.0029178423643549255,7.08725724387197e-05,9.931400597110811e-05
26.770564963999732,1780929745138448507,track_preview_car,-0.8478335541578672,-1.8515520306631708,-0.0020008220212364447,9.893199844478227e-06,1.1541397772351879e-06,-0.0009629601954362695,91.82576835593099,219.7995533082953,1.6334303230564545e-05,4.4404739868541653e-05,-0.0008271545887399188,4.7313744142911413e-05,0.00025964777998096664
26.890922984999634,1780929745258808031,track_preview_car,-0.8478319899791924,-1.8515522632464374,-0.001999990223495942,-4.305674916640133e-10,-1.0398222647624352e-07,-0.0009600170263485804,91.82583509422113,219.79956323184797,2.8147304129555524e-06,-1.9491627310407643e-05,0.0008317973121937276,1.9693812289789044e-05,3.568922236476081e-06
27.00974990399982,1780929745377634610,track_preview_car,-0.8478304247903368,-1.851552485636783,-0.0020001283943968337,7.486264288143377e-06,7.025974645860766e-06,-0.0009573306433108288,91.82590187561229,219.79957272050274,3.823559834136428e-06,-9.304681979832959e-06,-0.00013817081037197657,1.0059657874453264e-05,-0.0002532759154762453
27.110978869000064,1780929745478863675,track_preview_car,-0.8478290984222904,-1.8515526099018833,-0.001999989970276934,-6.773404781206362e-10,-1.0275189226288264e-07,-0.000955101324975367,91.82595846731562,219.79957802248038,-7.916092281523912e-05,-1.999326756329074e-06,0.003157804352910417,7.91861667744993e-05,-1.5460282458908145e-05
27.21137401499982,1780929745579258390,track_preview_car,-0.847827784251674,-1.8515528647383521,-0.0019999948664428777,-7.130414959590471e-08,-1.0722266162480568e-07,-0.0009523259573236204,91.82601453859525,219.799588895503,1.3745362591830487e-05,-6.952584937015831e-05,0.00291786446801644,7.087156498499829e-05,9.932353188971569e-05
27.329928298999675,1780929745697813025,track_preview_car,-0.8478262065496581,-1.8515530334118837,-0.002000822019013534,9.893149955163307e-06,1.1541542502093562e-06,-0.000949126687719432,91.82608185388125,219.7995960922404,1.633327038288766e-05,4.4404372787231454e-05,-0.0008271525718011065,4.731304306454972e-05,0.00025964253580163383
27.430868804000056,1780929745798753500,track_preview_car,-0.8478249140782849,-1.8515532376822874,-0.002000128397622345,7.486371649534468e-06,7.026089946304669e-06,-0.0009469555200176238,91.82613699932651,219.7996048077776,3.824247294170559e-06,-9.305505761131812e-06,-0.00013817412987893863,1.0060681131883079e-05,-0.00025328733056966646
27.533404838000024,1780929745901289593,track_preview_car,-0.8478235877076058,-1.8515533619367714,-0.0019999899702421208,-6.772342346434297e-10,-1.0275226091625752e-07,-0.000944726197532806,91.82619359114216,219.79961010930225,-7.916067944254442e-05,-1.9999479173054098e-06,0.0031577955261332625,7.91859391652155e-05,-1.5458860147010716e-05
27.635328442999707,1780929746003213099,track_preview_car,-0.8478222735344381,-1.8515536167636308,-0.0019999948662884036,-7.129982079645979e-08,-1.0722104878894166e-07,-0.0009419508243500693,91.82624966253064,219.79962098191493,1.3745464833539386e-05,-6.95250588825215e-05,0.002917881047790659,7.087080933718868e-05,9.933067690017212e-05
27.753971243999786,1780929746121855068,track_preview_car,-0.847820695829892,-1.8515537854258985,-0.0020008220173460965,9.893112533156125e-06,1.1541651060038016e-06,-0.0009387515592430318,91.82631697792462,219.79962817817164,1.6332495694131153e-05,4.440409737497689e-05,-0.0008271510588282205,4.731251715228479e-05,0.00025963860183312877
27.85477536999997,1780929746222658393,track_preview_car,-0.8478194033545683,-1.851553989687061,-0.002000128400848262,7.486479022604464e-06,7.026205259803675e-06,-0.0009365803987074587,91.82637212353842,219.79963689331458,3.824934889106641e-06,-9.306329693532795e-06,-0.0001381774497702754,1.0061704590706061e-05,-0.00025329874764395526
27.972641979999935,1780929746340526706,track_preview_car,-0.8478177222842014,-1.8515541495288752,-0.0020031477563252236,-6.527572658616334e-08,-3.95445955780999e-05,-0.0009338168565165158,91.82644384920741,219.799643713232,0.00011969804981032444,5.3222771310990005e-05,-0.0030193545753402083,0.00013099727674427758,-0.00017619293356262188
28.074953529999675,1780929746442839498,track_preview_car,-0.8478165010138562,-1.8515543368227758,-0.002002912764513569,3.919506123144608e-05,1.0462745845973697e-05,-0.0009311560786817283,91.82649595674214,219.79965170443842,1.4592787751028998e-05,-9.834287384380164e-06,-0.0029227942792295226,1.7597234518672553e-05,0.00025517172729807853
28.195382441999755,1780929746563267228,track_preview_car,-0.8478149258933112,-1.8515546194006482,-0.0019999948660824936,-7.129404947065715e-08,-1.0721889812300404e-07,-0.000928117316782785,91.82656316188539,219.79966376109434,1.3745600900686797e-05,-6.952400462411257e-05,0.0029179031572020456,7.086980148903047e-05,9.934020664987471e-05
28.31012547499995,1780929746678009951,track_preview_car,-0.8478133481853919,-1.851554788047896,-0.0020008220151225276,9.89306263077442e-06,1.1541795819765314e-06,-0.0009249180576614796,91.82663047742328,219.7996709567102,1.6331462702994673e-05,4.4403730022456184e-05,-0.0008271490411839224,4.731181579612521e-05,0.0002596333554101644
28.412940182000057,1780929746780838043,track_preview_car,-0.8478120557048009,-1.8515549922967378,-0.0020001284051501963,7.486622208289598e-06,7.026359034985129e-06,-0.0009227469066881773,91.82668562326182,219.79967967132745,3.825851898348632e-06,-9.307428516436483e-06,-0.00013818187699540557,1.006306952856199e-05,-0.00025331397367883105
28.513876657999845,1780929746881800693,track_preview_car,-0.8478107293279792,-1.8515551165264552,-0.00199998997016098,-6.769862460905907e-10,-1.0275312010839096e-07,-0.0009205175744937244,91.82674221533955,219.79968497179544,-7.916011143471486e-05,-2.0013971982939253e-06,0.0031577749261909684,7.918540795564429e-05,-1.5455540910186457e-05
28.6319598099999,1780929746999844876,track_preview_car,-0.8478091533565368,-1.8515553394038278,-0.00200291278641946,3.919509690359606e-05,1.0462675510726214e-05,-0.0009173225833888123,91.82680945678777,219.79969448123,1.4592424446949959e-05,-9.83520165570212e-06,-0.0029228162314547308,1.7597444213529094e-05,0.00025517018555701586
28.73276900599967,1780929747100654333,track_preview_car,-0.8478078374384097,-1.85155553996688,-0.002000822013454744,9.893025200277205e-06,1.1541904405964481e-06,-0.0009145429337581202,91.82686560262786,219.79970303858687,1.6330687917814307e-05,4.440345442615818e-05,-0.0008271475278284482,4.731128969754421e-05,0.0002596294199324046
28.83598998699972,1780929747203875425,track_preview_car,-0.8478065449538685,-1.8515557442064816,-0.0020001284083770894,7.486729610507297e-06,7.026474380827837e-06,-0.0009123717899408265,91.82692074863493,219.79971175280986,3.82653977376627e-06,-9.308252757545086e-06,-0.0001381851978432793,1.0064093403708102e-05,-0.00025332539495288376
28.955231832999743,1780929747323116218,track_preview_car,-0.8478048638765676,-1.851555904017327,-0.0020031477356416386,-6.527231342581342e-08,-3.9544335578033677e-05,-0.0009096082415844932,91.82699247459979,219.79971857140595,0.000119697274952141,5.322681450243339e-05,-0.003019326362710282,0.0001309982114879623,-0.00017618549703296018
29.073418167,1780929747441303143,track_preview_car,-0.8478033816539683,-1.8515561190495766,-0.0019999899701146863,-6.768444897023617e-10,-1.0275361038457076e-07,-0.0009066840803871604,91.82705571609736,219.79972774611525,-7.915978677258006e-05,-2.002225297760486e-06,0.0031577631521712084,7.918510433170707e-05,-1.5453643875648673e-05
29.193834137000067,1780929747561718953,track_preview_car,-0.8478018056784838,-1.8515563419124785,-0.0020029128083286145,3.919513258071597e-05,1.046260516320258e-05,-0.0009034890915664099,91.82712295771802,219.79973725493244,1.4592061089825271e-05,-9.836116176529152e-06,-0.002922838186895738,1.7597654056361352e-05,0.0002551686433150296
29.29406016899975,1780929747661944584,track_preview_car,-0.8478004897576267,-1.8515565424621738,-0.002000822011230226,9.89297528142808e-06,1.154204918996483e-06,-0.0009007094382505076,91.8271791036746,219.7997458117194,1.63296548869339e-05,4.440308693187607e-05,-0.000827145509166641,4.731058822088463e-05,0.000259624172692318
29.414012438999634,1780929747781897205,track_preview_car,-0.8477989255558764,-1.8515567749728339,-0.0019999902229321177,-4.291112195970842e-10,-1.0398336053468408e-07,-0.000897766244244236,91.82724584294928,219.79975573217422,2.817977723650899e-06,-1.948825878019523e-05,0.0008317878693567828,1.969094280969932e-05,3.5971736094594615e-06
29.515214342000036,1780929747883101422,track_preview_car,-0.8477975161865559,-1.8515569064826072,-0.0020031477238199365,-6.52703633412279e-08,-3.95441869737777e-05,-0.0008957747521078444,91.8273059760403,219.7997613432579,0.00011969683210154481,5.322912511690846e-05,-0.0030193102376708716,0.00013099874570337268,-0.0001761812452460391
29.6334459589998,1780929748001330234,track_preview_car,-0.847796033959227,-1.8515571215003022,-0.0019999899700684485,-6.767027222362807e-10,-1.0275410001299965e-07,-0.0008928505897405211,91.82736921773966,219.79977051734625,-7.91594620478934e-05,-2.0030533486079982e-06,0.0031577513762698858,7.918480065283518e-05,-1.545174657374756e-05
29.74912003999998,1780929748117004665,track_preview_car,-0.847794457979701,-1.851557344348736,-0.0020029128302412233,3.9195168263283576e-05,1.0462534804102849e-05,-0.0008896556031942024,91.82743645953275,219.79978002554606,1.4591697678690722e-05,-9.837030894296538e-06,-0.0029228601457455374,1.7597864017023568e-05,0.0002551671009159091
29.863159404999806,1780929748231044451,track_preview_car,-0.8477928828455329,-1.8515576268772909,-0.001999994865464892,-7.127673289599204e-08,-1.0721244278321134e-07,-0.0008866168148853391,91.82750366525727,219.79979208009775,1.3746008155440531e-05,-6.952084111543587e-05,0.002917969504421239,7.086677705107744e-05,9.936880458960948e-05
29.983397937000063,1780929748351281941,track_preview_car,-0.8477913051274966,-1.8515577954794888,-0.002000822008449253,9.892912874663675e-06,1.1542230198221618e-06,-0.0008834175737153137,91.82757098122681,219.7997992737915,1.6328363422859003e-05,4.440262727160323e-05,-0.000827142985491778,4.730971106115406e-05,0.00025961761101354897
30.10212466999974,1780929748470009666,track_preview_car,-0.8477897409193376,-1.851558027969984,-0.001999990222775608,-4.287066756336796e-10,-1.0398367411809384e-07,-0.0008804743727759234,91.82763772077493,219.79980919338595,2.818879909360563e-06,-1.9487322695033186e-05,0.0008317852446788763,1.9690145498795893e-05,3.6050243190132087e-06
30.22118460599995,1780929748589068410,track_preview_car,-0.847788175699876,-1.8515582502781835,-0.0020001284191364724,7.487087712154621e-06,7.026858970867802e-06,-0.0008777880815261715,91.82770450347195,219.79981867853581,3.8288335584264324e-06,-9.311001181223584e-06,-0.00013819627028781382,1.0067507606894538e-05,-0.00025336347893530173
30.324705881999762,1780929748692591169,track_preview_car,-0.8477868493116504,-1.8515583744619084,-0.0019999899700107117,-6.765254986539365e-10,-1.0275471140002437e-07,-0.0008755587312808791,91.82776109603626,219.7998239770414,-7.91590560547029e-05,-2.0040883570139456e-06,0.003157736653735108,7.918442097795698e-05,-1.544937466119847e-05
30.42530858200007,1780929748793193107,track_preview_car,-0.8477855351214819,-1.8515586292247181,-0.001999994865259069,-7.127095998890275e-08,-1.0721028998537031e-07,-0.0008727833211574781,91.8278171681501,219.79983484692133,1.3746143560036829e-05,-6.951978632032341e-05,0.002917991626509399,7.086576855433494e-05,9.93783406435901e-05
30.52720273199975,1780929748895087668,track_preview_car,-0.84778423012187,-1.8515587797139816,-0.001999990222681712,-4.284638053528249e-10,-1.0398386208329357e-07,-0.0008700992524762912,91.82787284813355,219.79984126779652,2.819421241608089e-06,-1.9486760983425884e-05,0.0008317836696519228,1.968966708105549e-05,3.6097352114112996e-06
30.644839347000016,1780929749012723111,track_preview_car,-0.847782664898417,-1.8515590020114698,-0.0020001284223652104,7.487195170493406e-06,7.026974378677259e-06,-0.0008674129731979188,91.82793963100087,219.79985075248936,3.8295219393208345e-06,-9.311825974735676e-06,-0.000138199592909732,1.0068532230047317e-05,-0.0002533749078370347
30.74506937499973,1780929749112955003,track_preview_car,-0.8477813385075604,-1.8515591261845814,-0.0019999899699761096,-6.764191803759077e-10,-1.0275507781147924e-07,-0.0008651836187810419,91.82799622367742,219.79985605054213,-7.915881241382694e-05,-2.00470932613893e-06,0.0031577278188792746,7.91841931337925e-05,-1.54479513172022e-05
30.85989811399986,1780929749227782129,track_preview_car,-0.8269745469757175,-1.8512476702276228,-0.0019995491286245635,8.085750168100337e-09,-4.7158171670023335e-06,-0.0062189693649859585,92.7157526623694,219.78656726304524,0.2796481165409485,-0.0017209629676633968,0.003743855083803828,0.2796534119198905,0.0006163304746539827
30.961966954999752,1780929749329851120,track_preview_car,-0.7990666667124008,-1.8515321483399094,-0.001999619627514241,1.2612765505564113e-09,-3.999255888357645e-06,-0.0045548894687324855,93.90648888693757,219.79870499583615,0.2790863893685358,-0.002636252979062971,2.662669824690986e-05,0.27909884012753544,0.016851539537918105
31.063950192999982,1780929749431834619,track_preview_car,-0.7711514700261969,-1.8517610182519788,-0.0019996760081009337,-1.7054532327225418e-07,-3.614767703922687e-06,-0.0030246648906526686,95.09753727888227,219.80847011208442,0.27920212103554004,-0.0021093447718234302,-9.11864268048318e-06,0.27921008886877774,0.015443190408043865
31.165524206999635,1780929749533407400,track_preview_car,-0.7432258351923048,-1.8519333343918916,-0.001999708618585338,2.9441350325142123e-09,-3.058294935565401e-06,-0.0016944792937646552,96.28903103179499,219.81582226738738,0.27908249495108833,-0.0013280375865265058,0.0037444175924089534,0.2790856547226236,0.011450435814082041
31.282762852999895,1780929749650647939,track_preview_car,-0.7096934917763557,-1.852064755433928,-0.0019997576789486052,-1.8740188679631368e-10,-2.5517654519811894e-06,-0.0005145496959007855,97.71974435087549,219.82142956518095,0.27955090173722913,-0.0008042298118666236,2.7217593163618298e-06,0.27955205856456905,0.008024192603500053
31.38741120099985,1780929749755295747,track_preview_car,-0.6817383294143293,-1.852128841020973,-0.0019997924753207144,3.765055328465927e-09,-2.1718516055133088e-06,0.00023768227923278484,98.91249794498862,219.82416388356154,0.2794179865556427,-0.00023199454004122616,0.0037501816082975074,0.2794180828655796,0.004506025918932139
31.490220664999924,1780929749858104991,track_preview_car,-0.6537735080146091,-1.8521592722394333,-0.001999827437515592,2.6076730440600488e-09,-1.8082617797339645e-06,0.0007981027509633055,100.10566365804334,219.82546228221582,0.2794917208140371,8.580195984863214e-05,0.00375944188688029,0.2794917339843309,0.002588420012587945
31.60655120699994,1780929749974435733,track_preview_car,-0.6202036152806749,-1.8521605594605244,-0.0019998572350857905,-2.229733734793315e-09,-1.5119442124695836e-06,0.0012466675513016212,101.53797908135788,219.82551720364904,0.2798012074478596,0.00013434536431433333,-1.6944379930668162e-07,0.2798012397005365,0.002632122424954402
31.725264411999888,1780929750093150300,track_preview_car,-0.5866250167081519,-1.8521379192398044,-0.0019998697620689657,-1.127156334677108e-09,-1.3736320073646894e-06,0.0015398060451292687,102.97066595378551,219.82455122089834,0.2798394333907167,0.0002313074981327074,-8.477309141891043e-08,0.27983952898687503,0.0024342782169536658
31.826715407999927,1780929750194601346,track_preview_car,-0.5586387479296914,-1.8521111642179908,-0.0020036108388384647,2.2160302042690209e-07,-4.790431034127754e-05,0.0017785013279769796,104.16474675499984,219.82340967330094,0.28004516690464987,0.0003531057780035922,-0.0037358441104627005,0.2800453895180988,0.0018693280668175538
31.94587827899977,1780929750313763365,track_preview_car,-0.5250538219896839,-1.8520684364547908,-0.0020015972922790043,-2.0238056532641542e-05,1.478956533180356e-06,0.0021155836650891277,105.59770359510682,219.8215866220711,0.2797219298575361,0.0002253331891437314,-0.00014515887958462968,0.2797220206173809,0.0031976652481384253
32.06536547699989,1780929750433249301,track_preview_car,-0.49147869260031907,-1.8520213936945218,-0.0020017149918422,-2.167263005861247e-05,1.6301086608422607e-06,0.002581785497040004,107.03024244905305,219.81957946429958,0.27960628727574643,0.00030673533086709857,-0.0003201839077808873,0.2796064555239926,0.003289187259094757
32.16561638599978,1780929750533503837,track_preview_car,-0.46350796148291845,-1.8519650324601697,-0.002001718132517322,-2.1721199326978426e-05,1.6263867406925026e-06,0.002864836524972046,108.22366031006214,219.81717471830058,0.27951161638408,0.0004927836002841648,-0.00031027936677324535,0.27951205077655916,0.00181653652393263
32.26828904099966,1780929750636172815,track_preview_car,-0.4355450062179788,-1.8518900057483274,-0.0020017199719081394,-2.182780042596315e-05,1.56559988041421e-06,0.0029778754363837113,109.41674640136624,219.81397357859532,0.27943195587377156,0.000649979702675258,-0.0003082301930175855,0.279432711823536,0.00011286615289527236
32.387720173999696,1780929750755607074,track_preview_car,-0.4019984457768546,-1.8517853160861282,-0.0020017122893040726,-2.1810418646684532e-05,1.4984972909929645e-06,0.00293386936612656,110.84806631352087,219.80950681967482,0.27931606564133626,0.000819108383671175,-0.00030168799310769116,0.2793172666769806,-0.002273022474951649
32.50842196299982,1780929750876310857,track_preview_car,-0.36845826137605364,-1.851673532410473,-0.002001705107482095,-2.1697230084331174e-05,1.5084868825056171e-06,0.0027518929960849616,112.27911418128838,219.80473738284684,0.27928038011147466,0.0008315352720785486,-0.00030069473933371204,0.2792816180240269,-0.0030145469977228972
32.62759267199999,1780929750995478701,track_preview_car,-0.33492219280374586,-1.8515611694412584,-0.002001705142117161,-2.1599855157722363e-05,1.5818456990660024e-06,0.002479212004620983,113.70998644037351,219.7999432294937,0.2792565186077385,0.0008078557279725168,-0.0003055943350737183,0.27925768712032156,-0.0034875048849885236
32.73181705599973,1780929751099702674,track_preview_car,-0.30697746015688926,-1.8514708871569363,-0.0020017116411939037,-2.1622347915852846e-05,1.632721364331022e-06,0.0022092750796963716,114.90229503330606,219.79609118536263,0.279242174647413,0.0007634208566079762,-0.00031026785157858,0.2792432182045262,-0.0037700012322674373
32.84755708099965,1780929751215442188,track_preview_car,-0.27344507666094897,-1.8513707683182425,-0.0020017197192916327,-2.1749360218051325e-05,1.6216958449980537e-06,0.0018598731756258164,116.33301006246617,219.791819448245,0.27923460402549294,0.0006730514120173002,-0.00031167810999445725,0.27923541516698247,-0.003911638659014715
32.964572380999925,1780929751332457788,track_preview_car,-0.2399132364248022,-1.8512831622739163,-0.0020017194834510564,-2.1844544859923065e-05,1.5478719562387074e-06,0.0015059218451095033,117.76370191254178,219.78808159035378,0.2792330049027632,0.0005600228188698955,-0.00030722289987256314,0.27923356648616626,-0.003917036989213868
33.069013557999824,1780929751436897042,track_preview_car,-0.21196987763131175,-1.8512206520749828,-0.0020017126092102054,-2.1815591412461234e-05,1.497924986474308e-06,0.0012181537448731669,118.95595188773069,219.78541448853258,0.27923689384764194,0.0004659037141398951,-0.0003023202241757274,0.2792372825250062,-0.003848669716434676
33.189427757999965,1780929751557312974,track_preview_car,-0.178436085911411,-1.8511583986261444,-0.002001704697900334,-2.168845933126023e-05,1.510786733418648e-06,0.0009039224102553861,120.38672700111313,219.78275834138213,0.27926083714026073,0.0003447035488659674,-0.0003011618901497116,0.2792610498813178,-0.003379183922622836
33.29028314099969,1780929751658168498,track_preview_car,-0.1504898037724731,-1.8511155917676574,-0.0020017043358153694,-2.1601507789986595e-05,1.5722111216198652e-06,0.0006686058421689402,121.57910170570781,219.78093191542007,0.2792742446337259,0.00026703361516298643,-0.00030477498745196986,0.2792743722984438,-0.003082537417243335
33.41004814600001,1780929751777932932,track_preview_car,-0.1169523938952085,-1.8510743749310854,-0.00200171181132231,-2.1621027204358217e-05,1.6355060936425973e-06,0.0004251687879332255,123.01003119380444,219.77917333039295,0.2792877417604662,0.0001843464131305741,-0.00031046042749300565,0.27928780260022257,-0.002772885754486106
33.5308882559998,1780929751898773694,track_preview_car,-0.08341331509947666,-1.8510437792210366,-0.0020017197662036456,-2.17494893858276e-05,1.6221182821074643e-06,0.00022261977929869235,124.44103188908899,219.7778679134309,0.2792983549610873,0.00010026672924781064,-0.00031157322822877794,0.2792983729587169,-0.002493238690825788
33.63111978999996,1780929751999004626,track_preview_car,-0.055463157769964584,-1.8510264196934254,-0.0020017195741762078,-2.1828051431405557e-05,1.5612199992178672e-06,8.568307575596931e-05,125.63357193514818,219.7771272402528,0.2793064875262639,2.660387302874585e-05,-0.0003079040752303627,0.27930648879327,-0.0022104925275961934
33.7322029689999,1780929752100088096,track_preview_car,-0.027512426186934953,-1.8510159745262296,-0.0020017125639542692,-2.1803856154581713e-05,1.5062937116714128e-06,-2.0266820550601372e-05,126.82613648269077,219.77668157978582,0.2793121832401053,-3.792735703850986e-05,-0.0003026669614946913,0.27931218581515305,-0.0019036192504779548
33.84767044299997,1780929752215554948,track_preview_car,0.006028921293374405,-1.851010263613988,-0.0020017029595121244,-2.1665910546469587e-05,1.5096142904969306e-06,-0.00011104678556243401,128.25723397518396,219.77643791419683,0.2793159961260712,-9.090054442260434e-05,-0.00030025429509117753,0.27931601091739877,-0.0015467376977154486
33.94802057900006,1780929752315905776,track_preview_car,0.03398042208717952,-1.8510087034652831,-0.002001701885396899,-2.1571502999388957e-05,1.569224639269122e-06,-0.00016356023490089234,129.44983134238632,219.7763713478521,0.27931879473348986,-0.00010114024046936166,-0.0003034335916555074,0.2793188130447315,-0.0014458791129491576
34.068122523000056,1780929752436007920,track_preview_car,0.06752319710278794,-1.8510076319907331,-0.0020017096908929873,-2.1593490997186202e-05,1.6341006415812982e-06,-0.00022121154991908826,130.88098974305228,219.7763256316046,0.2793345288250673,-0.0001074413665527342,-0.00030949444230549117,0.2793345494878312,-0.0013918476258393826
34.170776571999795,1780929752538661458,track_preview_car,0.0954765809794407,-1.8510073994937883,-0.0020017181318448653,-2.171229523098728e-05,1.6330104798734984e-06,-0.00026950691653072976,132.0736674551228,219.77631571173498,0.27935025733363594,-0.00011948569649529808,-0.0003118126903747514,0.2793502828872745,-0.0013884859259394046
34.291401240999676,1780929752659287770,track_preview_car,0.12902166176611515,-1.8510086247099569,-0.0020017212106702154,-2.1849720362723516e-05,1.5620611273909046e-06,-0.0003338470225846097,133.50492423535425,219.77636798762484,0.27936749240364617,-0.00014222950480352205,-0.0003086343210830975,0.2793675286090589,-0.001447031831229793
34.40793967599984,1780929752775823831,track_preview_car,0.16256691136623125,-1.8510119380469512,-0.0020017140178503396,-2.1845355197148673e-05,1.4903509727515755e-06,-0.0004126706943692179,134.93618821829253,219.77650935666992,0.27937294380055216,-0.000164451482614235,-0.0003024100613044004,0.2793729922023183,-0.0015662741632924534
34.51096750399984,1780929752878852400,track_preview_car,0.190523906386406,-1.8510162330138655,-0.0020017084001784243,-2.1791729283079935e-05,1.4719865371709624e-06,-0.0004766909486261241,136.12902000582,219.7766926085916,0.2794367713358483,-0.00019048519401054936,-0.0003003989352958352,0.2794368362603834,-0.0013370354279841443
34.61804909099965,1780929752985932704,track_preview_car,0.21848355590519125,-1.8510213552335102,-0.002001706803728487,-2.171000526992826e-05,1.5165471120344942e-06,-0.0005353803738307816,137.32196505195483,219.77691115662975,0.2794662414821754,-0.00019874850895968527,-0.0003028873178965131,0.27946631215433354,-0.0012524785238336588
34.72100299699969,1780929753088886290,track_preview_car,0.24644515988135376,-1.8510267385373522,-0.002001712196260055,-2.17112585920579e-05,1.571859586489034e-06,-0.0005921227750024761,138.5149934882711,219.77714084426037,0.27949117291774583,-0.0001986592452084087,-0.0003078249949047226,0.2794912435201379,-0.0012503921797438345
34.82109002699963,1780929753188973530,track_preview_car,0.27440851595090676,-1.851032371168292,-0.0020017211532916044,-2.1816769057879285e-05,1.5861927281277534e-06,-0.0006514726375350935,139.70809668057203,219.7773811698471,0.2795201872867589,-0.00020306548771483794,-0.00031135415758299116,0.27952026104813416,-0.0012962422336277302
34.92300452599966,1780929753290888961,track_preview_car,0.3023737892019436,-1.8510386790090263,-0.0020017269898865877,-2.1962122426870603e-05,1.5381707141780957e-06,-0.0007179093157427558,140.90128167261625,219.77765030438513,0.2795552854165745,-0.0002136137908043337,-0.0003104401495933987,0.27955536702984984,-0.0014076497952044242
35.041573554000024,1780929753409460955,track_preview_car,0.33592718818194206,-1.8510474507391674,-0.0019999988104282473,-3.4707970298476997e-07,7.742071444675867e-08,-0.0008920801572668246,142.33289336242953,219.77802456487115,0.27965397204896814,-0.00010309044841684903,-9.811172061242102e-06,0.27965399105037925,-0.0016458068028964775
35.14427704899981,1780929753512164720,track_preview_car,0.36388443004373516,-1.8510583397169151,-0.002001142535014483,5.991377048793864e-08,-1.4767642871014063e-05,-0.0011268825190882692,143.52573568186602,219.77848916125504,0.27988506893602805,-8.938923489234957e-05,-0.002697419671529337,0.2798850832105214,-0.003084200329039926
35.25994779199982,1780929753627832498,track_preview_car,0.3974364807263068,-1.8510782876254424,-0.0020030877215186857,4.766133813126412e-05,1.808981725836719e-05,-0.001405610863420702,144.95728984432242,219.77934027201889,0.27974792858412867,-0.00016333697083827228,-0.003103420112647147,0.27974797626806314,-0.0028108878007802197
35.36004630399975,1780929753727933174,track_preview_car,0.42541675304178805,-1.8511012066625683,-0.001999944706927599,2.2748530402011643e-09,-5.689758608674161e-07,-0.0015856463310747017,146.15111479644963,219.78031815093624,0.27988021729137824,-0.0002551105607145148,-0.0001846464443327688,0.27988033355787484,-0.0023203371197612205
35.462244389999796,1780929753830128725,track_preview_car,0.4534097492254418,-1.8511355847554578,-0.001999991207189448,-3.482083634382416e-10,-9.443899864665101e-08,-0.001737966685378052,147.34548263361884,219.7817849495662,0.27994849905241065,-0.00038159773347462827,-1.0252042999432665e-07,0.2799487591301804,-0.001327941049606178
35.56291649299965,1780929753930800778,track_preview_car,0.4814012108117519,-1.8511753953596397,-0.001999965437567633,8.516316419336906e-08,-4.284535136336116e-07,-0.0018082939224855319,148.53978499463474,219.7834835353446,0.2799817271567323,-0.0004627436338367535,2.7562681019797834e-05,0.2799821095594101,-0.00048520905152545443
35.682023344999834,1780929754049908121,track_preview_car,0.5149720416443596,-1.851228656108828,-0.0019990601194238566,1.8249221313154673e-07,1.1235447865984608e-05,-0.001891716231880356,149.97214044349266,219.78575599397664,0.2799252124478966,-0.00035672166712636674,0.0046681865880111905,0.2799254397412779,-0.00040594801106992086
35.8003084879997,1780929754168193625,track_preview_car,0.5485404551035143,-1.851290939886505,-0.00200003346364522,-1.0828397999297614e-05,8.559051887007065e-06,-0.0018681587317067837,151.40439275108326,219.78841343515757,0.2798636713749447,-0.0008018047450995316,-0.00010519649374069975,0.27986481995119056,0.0012674296254622413
35.90683923400002,1780929754274723278,track_preview_car,0.5765238736995869,-1.8513472264125719,-0.002002735641211274,-1.6174029010709235e-07,-3.530943018900585e-05,-0.0017115004973167734,152.5983519445157,219.79081499360308,0.2799264916350319,-0.000581175138605023,-0.002761751439342097,0.27992709494373585,0.002042174107026776
36.007037516999844,1780929754374921902,track_preview_car,0.6045072151013038,-1.8514014334365765,-0.002004212177123404,2.7387222168906824e-05,-2.6248218814151992e-05,-0.0015242641431846922,153.7923078443223,219.79312782662726,0.27999766507406076,-0.00040599230174674026,-0.004145573319599741,0.2799979594151982,0.004210700089501639
36.12398072099995,1780929754491865406,track_preview_car,0.638086948665538,-1.8514597781179276,-0.0020037271280643593,-1.0591358002020036e-07,-4.7311325163726573e-05,-0.0012873544711750331,155.22504314306295,219.79561719969826,0.2799909829436426,-0.0007301082457251212,-0.0037637262213142397,0.27999193486205565,0.0030267451996294197
36.241979356999764,1780929754609865084,track_preview_car,0.6716465524117133,-1.8515048686545865,-0.0019999720498021945,9.425215823780644e-10,-2.9130953393141583e-07,-0.001188262980887528,156.65691956956644,219.7975410625957,0.27975289268779513,-0.00048444888898247396,0.0008156375037339489,0.27975331214824795,0.0014106149331087087
36.34319487699986,1780929754711081216,track_preview_car,0.699614576787797,-1.8515444099887555,-0.0020024135326906977,1.574375285402935e-07,-3.1030794135084975e-05,-0.0010663468239169207,157.850221942946,219.79922815952023,0.27994358812877784,-0.0005206776575129366,-0.0033409305943304978,0.2799440723423839,0.002795613980215641
36.46167906499977,1780929754829564161,track_preview_car,0.7331784774527674,-1.851587676305536,-0.0020007608717660247,-1.435575965949626e-07,-1.1178992958702973e-05,-0.0009002091899125464,159.2822817046514,219.80107418903617,0.27989715949576777,-0.00046418465074759153,-0.0008019578829074902,0.2798975444000702,0.002406921568130134
36.580086992999895,1780929754947971017,track_preview_car,0.7667557837719318,-1.8516261192818293,-0.0019999478212499146,-1.1298208802100273e-09,-5.542495663573714e-07,-0.0006710207144962744,160.71491344093576,219.8027144226914,0.27981626741817617,-0.000443575603973772,-6.923548448377697e-06,0.2798166190045843,0.0020019421876897926
36.6805373899997,1780929755048422165,track_preview_car,0.7947381800552799,-1.8516509647945982,-0.001999966693613736,-2.1030920047689525e-09,-3.594894031078053e-07,-0.0004948628180418709,161.90882901569194,219.80377449790285,0.27983180650878564,-0.00035634717186255535,-1.0527688554569231e-06,0.27983203340089097,0.0017717670483569932
36.78165568099985,1780929755149557038,track_preview_car,0.822717097833309,-1.851669693021809,-0.0019999758291545685,1.6150279748263902e-10,-2.5491801103088885e-07,-0.0003424734350611592,163.1025961742212,219.8045735689305,0.27949588459239594,-7.549347408447386e-05,0.003748868606153411,0.27949589478801035,8.608157396460732e-05
36.88239119699983,1780929755250293486,track_preview_car,0.8507007835472278,-1.851684931943681,-0.0019999721968609265,-1.0698895591879398e-07,-3.723005294771266e-07,-0.00020773588397321832,164.29656676468173,219.80522376293038,0.27987980818686675,-0.00019476174252358716,-4.069075869911953e-06,0.2798798759519049,0.00093560435000427
36.98376260699979,1780929755351647473,track_preview_car,0.8786764684024604,-1.8516917748293091,-0.002002224854941732,1.4161271584265194e-07,-2.8491249832003096e-05,-0.0001282727142119749,165.49019598517165,219.80551572605054,0.27999134921847446,-0.00020485512553732111,-0.003244552371098016,0.2799914241593913,0.0019765492150490734
37.101524530999995,1780929755469409537,track_preview_car,0.9122472297080405,-1.851698563491025,-0.0020008903621673425,-6.508509299838433e-09,-1.1891381944334143e-05,-5.692510468432272e-05,166.92254846754307,219.80580537561707,0.27989827570572084,1.1349446563842382e-05,-0.0009127285399729206,0.27989827593582217,0.0007336804283292129
37.21819503699999,1780929755586081035,track_preview_car,0.9458208117690123,-1.8517028474043438,-0.0019999150478078234,5.806014314456282e-06,-5.294414144813023e-06,4.054272325593597e-05,168.35502130214454,219.80598815591867,0.27988957020807276,6.788968799987331e-05,7.248816515906786e-05,0.2798895784416945,0.001338004577314023
37.3190985719998,1780929755686985702,track_preview_car,0.973792793205969,-1.851702217001543,-0.001999813692890344,-2.9614265557236806e-11,-1.9611771547657918e-06,9.9887540800931e-05,169.54849251012135,219.8059612587325,0.27957061268940625,0.00010342574808548949,0.00018109136707091913,0.2795706318203244,0.0010886446240338504
37.42329371799997,1780929755791178344,track_preview_car,1.0017703167441658,-1.851698798986524,-0.002001872167648204,-2.4085524318259383e-05,1.4601864865578967e-06,0.00017105443103170983,170.7422001810844,219.80581542342503,0.2798765435699437,-6.770416913889447e-05,-0.0002547190802179092,0.2798765517590087,0.000232141585110625
37.55444464199991,1780929755922331862,track_preview_car,1.0353589562370162,-1.8516986217174827,-0.002003702485814198,-6.742067821939776e-08,-4.742113989990693e-05,0.0002559158504537835,172.1753154661127,219.8058078599459,0.28010222450850114,-1.8573893895036284e-06,-0.0037532849149192497,0.2801022245146594,0.0008755985951984671
37.66802070899985,1780929756035905364,track_preview_car,1.068949604090866,-1.851694528873612,-0.0019999530568386528,7.519938779684589e-09,-5.990548261443885e-07,0.00032589649749686006,173.60851644121027,219.80563323194076,0.2799765524455799,4.711513774368839e-05,-4.848932360234384e-06,0.2799765564099051,0.0005350229457796143
37.783230385000024,1780929756151116453,track_preview_car,1.102542356427524,-1.851687474148266,-0.0020000092265950718,1.908561004335904e-08,-1.1045075122716455e-06,0.00038462545863293435,175.04180720757435,219.80533223032603,0.2799933009997235,8.082640104617831e-05,-5.246723997665326e-05,0.27999331266590793,0.0003524028576196715
37.89577049599984,1780929756263656284,track_preview_car,1.1361272362864296,-1.851676645248266,-0.002001144122068066,2.3449124588842148e-08,-1.4770817200504964e-05,0.0004597125026397537,176.47476208155433,219.80487019725933,0.2800653921625774,0.00010409723121622294,-0.0026956533130855255,0.2800654115084757,-2.6555740544540832e-05
38.00476035899965,1780929756372645806,track_preview_car,1.164113212334196,-1.851665926096935,-0.0020041139718154325,-4.926388483023972e-05,5.968491290909322e-06,0.0005383924298922552,177.66883039292568,219.80441284680256,0.279905937423695,-2.6820023082298426e-05,-0.004162411577682536,0.2799059387086153,0.0007643354907267589
38.121376319999854,1780929756489262539,track_preview_car,1.1976943913882194,-1.851650602766565,-0.0020016011106225814,2.0611115173472525e-05,1.2338792511148885e-06,0.0006549275546642273,179.10162736589737,219.80375905137345,0.2799263155668617,0.000315649997724309,0.0002802900090127374,0.2799264935331404,0.0023795402786807906
38.24090724200005,1780929756608792930,track_preview_car,1.2312728735979652,-1.8516308337653,-0.0020013987194885006,1.778029806390034e-05,1.2492703258171688e-06,0.000862982298378939,180.53430927351317,219.80291557398613,0.27989621147496563,0.0003183007190521051,0.00033320508185788765,0.2798963924622581,0.002509293502039845
38.35898992800003,1780929756726875706,track_preview_car,1.2648431433861387,-1.8516090684254536,-0.0020014158258212025,1.7914107547673354e-05,1.3282710613383469e-06,0.001090603928008708,181.96664078447526,219.801986919486,0.27986447012707205,0.0003344613942329274,0.0003073811995539796,0.2798646699816378,0.0026770034804079186
38.479178425999635,1780929756847064324,track_preview_car,1.2984053544925043,-1.851583904889137,-0.002001410295515834,1.799729332699504e-05,1.2073629733027585e-06,0.00132240130395916,183.39862845834685,219.80091327526986,0.27984301405678846,0.00035257674138568663,0.0003017089191295554,0.2798432361640111,0.0028670843865584014
38.57967998000004,1780929756947565417,track_preview_car,1.3263688199962955,-1.8515568327637202,-0.0020014028520241134,1.815816426916801e-05,1.0057666832789806e-06,0.0014867390657340026,184.59173631984194,219.79975819791872,0.2798269121415322,0.00041940815363895434,0.00030037890800620334,0.2798272264485072,0.0024886405027428195
38.684079182999994,1780929757051965212,track_preview_car,1.354329242690596,-1.8515182359246827,-0.0020013993943620734,1.828020535155235e-05,8.768631323104812e-07,0.0015600889334834208,185.78471435479875,219.79811139945315,0.27979721363414334,0.0005315166802881059,0.00030363257022743555,0.279797718481427,0.0014830954707802518
38.78553963399963,1780929757153424350,track_preview_car,1.3822865319364404,-1.8514714308606504,-0.002001400403743782,1.832063347643783e-05,8.568598360404478e-07,0.0015547836082385714,186.9775586959548,219.79611438338776,0.27976582769255615,0.0005951492146314563,0.00030876685933069653,0.27976646072588596,0.0007432821471046069
38.90282353299972,1780929757270708549,track_preview_car,1.4158319204957701,-1.8514104066947443,-0.0020014067910682242,1.8203524491584907e-05,1.0128604866103466e-06,0.0014761641094841516,188.40882860781952,219.79351068564245,0.2797383721780096,0.0006152286811531749,0.00031205724777518033,0.27973904871349786,0.00020495888803148178
39.0184167299999,1780929757386301075,track_preview_car,1.449374025325126,-1.8513489326609052,-0.00200141209137603,1.8036970266485166e-05,1.1948889320540418e-06,0.0013354281718097841,189.83995841387204,219.79088779353197,0.27970390869492784,0.0006177698945530528,0.00030860467605440677,0.2797045909148849,-0.000410651636525575
39.121943440999985,1780929757489828397,track_preview_car,1.4773244522758608,-1.8513007704782902,-0.002001411040844559,1.799704833654927e-05,1.214086339875986e-06,0.0011947736069382322,191.03250996377005,219.78883287374038,0.2796957429841614,0.0005842695215978922,0.0003034548815292201,0.27969635323746345,-0.000543778453767895
39.22279437599991,1780929757590679222,track_preview_car,1.5052743088402087,-1.8512559975503067,-0.0020014057410293567,1.8084959650104633e-05,1.0916759916071785e-06,0.0010400247126634177,192.22503717718223,219.7869225621464,0.279695064942697,0.0005480574407924088,0.0003005566353925491,0.2796956018965223,-0.000617683252073329
39.323968312000034,1780929757691852507,track_preview_car,1.5332241191759022,-1.851214771431137,-0.002001400394191387,1.823087245046772e-05,9.24811641907689e-07,0.0008798369351262813,193.41756241817183,219.78516358106185,0.27969861419796394,0.0005080828566928733,0.0003023219946330228,0.27969907567321484,-0.0006098845571182616
39.444826636000016,1780929757812711913,track_preview_car,1.566764186866443,-1.851170337955461,-0.002001399861129884,1.831948583062414e-05,8.520462323717057e-07,0.0006917330426836559,194.84860530630158,219.78326775276633,0.27970258537934184,0.00045744986887208384,0.00030822826390419165,0.27970295945568857,-0.0005581173914904281
39.54738475199974,1780929757915269287,track_preview_car,1.5947146420410399,-1.8511382137957741,-0.0020014047846624006,1.825169338631231e-05,9.55253259368484e-07,0.0005447840260038374,196.0411580604177,219.78189712195302,0.27970541628635903,0.00040843119314853407,0.00031176825860910394,0.27970571448571613,-0.0004595763591713017
39.665691646999676,1780929758033577285,track_preview_car,1.6282556005409412,-1.8511066152515283,-0.0020014110803261626,1.8081162719256345e-05,1.150763338473204e-06,0.00038444728483846884,197.4722389564135,219.78054891739856,0.2797070286221267,0.00034291002894124684,0.0003103475434801016,0.2797072388192825,-0.0002919212872522453
39.76615897199963,1780929758134043076,track_preview_car,1.6562067316599003,-1.8510865792464564,-0.002001411650472206,1.8004151130640177e-05,1.2151294437631648e-06,0.0002682828444463228,198.6648205508224,219.7796940478488,0.2797094086813759,0.0002886320740983428,0.0003053100923808944,0.27970955760102145,-0.0001098105231023454
39.86624327399977,1780929758234129092,track_preview_car,1.6841582246607119,-1.8510716516932044,-0.0020014070905081814,1.8058234074947155e-05,1.126151419428467e-06,0.0001692526835149285,199.8574175855237,219.77905713891005,0.27971400683343445,0.00024412758428744041,0.00030096574703629745,0.27971411336772417,6.700355639490305e-05
39.96653864899963,1780929758334425058,track_preview_car,1.7121102036331968,-1.8510607199853275,-0.0020014008514725157,1.820355880104225e-05,9.503523833489813e-07,8.925285891912643e-05,201.0500353550164,219.778590719374,0.2797199142589207,0.0002089527176970546,0.0003008755350659073,0.27971999230347505,0.0002577606214435998
40.07087680699988,1780929758438760290,track_preview_car,1.7400625746618128,-1.8510524897767575,-0.002001397877911773,1.8326478501282963e-05,8.259083893092006e-07,2.6923635221687418e-05,202.24266985223733,219.7782395638083,0.2797236067949179,0.00018518269473941293,0.0003049784873438072,0.27972366809225896,0.0003949968721476721
40.187072655000065,1780929758554956459,track_preview_car,1.7736057056203873,-1.8510454118144786,-0.0020014013640992892,1.8317515142097827e-05,8.694241664009328e-07,-2.656607740595875e-05,203.6738434398032,219.77793757075108,0.27972439958079126,0.00015833067828592502,0.00031074856955239284,0.2797244443902568,0.0005612003816008479
40.287555843000064,1780929758655440880,track_preview_car,1.801558265826901,-1.8510417555679644,-0.00200140762872261,1.8187808101684175e-05,1.03513167686333e-06,-5.7076698902324395e-05,204.86648600861446,219.77778157089983,0.27972153856163684,0.00014058536682245355,0.00031173744694977003,0.2797215738900642,0.0006360938353446943
40.389113026999894,1780929758756996030,track_preview_car,1.8295109891337917,-1.8510392177970345,-0.0020014115710751193,1.8045960039249152e-05,1.18410316884096e-06,-9.038236360157107e-05,206.0591355363751,219.77767329267346,0.2797189767074263,0.0001340681073700472,0.0003081685077868872,0.27971900883655926,0.0005685828099186838
40.506737840999904,1780929758874621124,track_preview_car,1.8630547543653575,-1.851037616391848,-0.0020014092467043306,1.8021896918135414e-05,1.177830251502055e-06,-0.0001382440061196685,207.49033618625526,219.7776049660522,0.27971919701676734,0.00012665286395670042,0.00030195235201357565,0.27971922569007135,0.0004916816386015273
40.627032526999756,1780929758994918586,track_preview_car,1.894987004484145,-1.8529527341020837,-0.001999924529705628,2.8465519847215478e-09,-7.842664649181511e-07,0.02880505313993088,208.8527788579902,219.8593166550222,0.25420650304239684,-0.025033249399789213,7.504769028053406e-05,0.2554361167974415,0.40930649194466384
40.72784690499975,1780929759095731461,track_preview_car,1.920515152091262,-1.8550944406000018,-0.0019999573107745716,-7.112189418799185e-07,-9.808927730620908e-07,0.07164946577219485,209.9419798225605,219.95069613226673,0.2556824323116753,-0.018015248202987808,0.004200241787593501,0.25631631895107587,0.4477428340935246
40.844726568999704,1780929759212610844,track_preview_car,1.9508895441152037,-1.8566044894238514,-0.002004263714335906,-1.277681235056501e-07,-5.4112559616034454e-05,0.1280009216877909,211.2379538822487,220.0151248820843,0.24909014796897377,-0.011520090799446674,-0.004265875547194068,0.24935640017299082,0.5440476910858724
40.946645695999905,1780929759314530822,track_preview_car,1.975478014659711,-1.8577561047702693,-0.001999877880138126,-5.6233567269354e-09,-1.3081501846591114e-06,0.19047723892966875,212.28706195881432,220.06426047019818,0.24011276086364444,-0.013522837711276593,-3.521688717546753e-06,0.24049325368776403,0.7338618956433205
41.065000903000055,1780929759432886410,track_preview_car,2.0037102013460175,-1.8592430317808897,-0.001999926652775416,-4.802641940661637e-09,-7.915213126007728e-07,0.2923742240322444,213.49163525743006,220.12770268931797,0.23283759190687311,-0.00794586142602564,-2.675407055666032e-06,0.23297313346992007,0.9332479163302249
41.166332787999636,1780929759534217053,track_preview_car,2.0263442881444176,-1.8602573332843593,-0.002002113838089684,-2.740225277429207e-05,1.5329108186530243e-06,0.40089679008722484,214.4573562941618,220.170979553466,0.22497293153235146,-0.002841602966662482,0.00021851601795230203,0.22499087676988203,1.1375570836738547
41.26981414299962,1780929759637757881,track_preview_car,2.0485294564757686,-1.8599842072913466,-0.0020030479051806713,5.0467338087092715e-08,3.208625103420382e-05,0.5223432850595416,215.40392347629944,220.15932617776411,0.21887975881494812,0.009043473784795928,-7.826759658344507e-07,0.21906650414197543,1.2641869326832587
41.371828184999686,1780929759739711498,track_preview_car,2.0705001762117914,-1.8575186606726857,-0.002000144023716033,1.0845685625543038e-05,9.720267061650812e-06,0.6493353899490993,216.34134085170308,220.0541295220346,0.22008077461673653,0.0379030497225044,-0.00019389068758803214,0.2233208197508003,1.257074301781402
41.47400022099964,1780929759841886039,track_preview_car,2.0919662164046198,-1.8523293131578127,-0.002003916413186258,-4.830235588387918e-05,4.647781214212546e-06,0.7759732373851694,217.2572252332638,219.8327173614,0.211992234198005,0.06608342941427602,-0.003985284766230942,0.22205343276656048,1.259569838416498
41.593341338999835,1780929759961227187,track_preview_car,2.1165092576823543,-1.8422921811298185,-0.001999798434764314,1.6990554322875966e-06,-7.970116176563707e-07,0.9242286529462724,218.30439499444714,219.40446639487226,0.19926374378290762,0.10490661248569214,0.002050409823984333,0.2251920001456611,1.172306243919344
41.709350965999874,1780929760077242966,track_preview_car,2.139026994860046,-1.8278262157763876,-0.0019999113477905317,1.1991423452433583e-08,-9.178651854939777e-07,1.0619877742088952,219.2651517806953,218.78725187312585,0.17832235335639965,0.1333483868797943,0.004551204353123101,0.22266713720261452,1.1393682702239845
41.810887009,1780929760178771805,track_preview_car,2.155791889456157,-1.8125603655203828,-0.001998894029641965,-4.9442059724304996e-08,7.420961106028374e-06,1.165923521734512,219.98045395012934,218.13590892886964,0.1580874020308408,0.17033962133879094,0.0009879133015847272,0.23239452075878073,0.9601122078050464
41.92905497299989,1780929760296939618,track_preview_car,2.172846383239294,-1.7905969519557998,-0.00200003015564047,6.774713333055521e-08,2.4610370016248505e-07,1.2718049992608118,220.7081123515432,217.19880328344743,0.1266430143043238,0.19748237003140232,0.004236744503213823,0.234601235174295,0.7895013378863504
42.049042154999825,1780929760416928063,track_preview_car,2.186956765853664,-1.765907998425291,-0.0020060891264692573,-4.039101336537914e-05,-3.7680936305272265e-05,1.3661231151977995,221.31015534308966,216.14540793281242,0.10246595614404772,0.22204787838565662,-0.0061105011467239585,0.24454965234914003,0.695835608941273
42.152655304999826,1780929760520541894,track_preview_car,2.1961261268788195,-1.7432621907256631,-0.001999952379940736,-4.933658062601806e-10,-4.953594448264576e-07,1.4310105100295298,221.70138141349628,215.17918680429494,0.07805424785539052,0.23373426704336056,0.008962974935255266,0.2464227530050091,0.5622524229818351
42.271124915999735,1780929760639011075,track_preview_car,2.2042969198106124,-1.7143120581989462,-0.0019999776635957287,3.773353815851924e-09,-2.2938750395088418e-07,1.494112774204214,222.05000191191948,213.9439811498217,0.05505362450485494,0.24551865976220094,0.0005721450908183104,0.25161540863498194,0.4557886624563666
42.390154020999944,1780929760758041352,track_preview_car,2.209773430807519,-1.6839300959670145,-0.002003323302653722,-4.441457943450066e-05,1.3323581608357585e-06,1.5432298686499097,222.28366638112084,212.64768409459262,0.03794315870047275,0.25798333371767035,-0.003445168228227437,0.26075866959365346,0.3848928106408069
42.50772345999985,1780929760875609839,track_preview_car,2.2129455512894647,-1.6525627401591902,-0.001999471644276047,1.8055811775114725e-07,6.620390954601018e-06,1.5799212507487863,222.4190101883505,211.30934358012547,0.017799550314534805,0.26351254190045464,0.0043116299193206396,0.2641130131785227,0.2547667854508003
42.61334528899988,1780929760981231237,track_preview_car,2.214002663746581,-1.6257683196037553,-0.001999963484266547,7.839487680112927e-09,-3.6196597486318625e-07,1.5998839807168745,222.46411365318744,210.16611496976023,0.00649417497809761,0.2706830075353488,0.0010569209704604256,0.2707608998305107,0.18041933554530412
42.73262502699981,1780929761100509883,track_preview_car,2.2140051072854345,-1.5930529107066562,-0.0019999328587529974,6.219352737891193e-07,-2.3373889801597028e-07,1.6150215163549477,222.4642179108452,208.77025752348402,-0.0019633822500020608,0.27257108272467967,6.973504578093777e-05,0.2725781539440822,0.12308424780140788
42.83324497500007,1780929761201130833,track_preview_car,2.2132271356133844,-1.5654989963974817,-0.002000290748777035,-1.527837574955174e-05,1.4640352810026567e-05,1.621875155439876,222.43102445283773,207.59462384629256,-0.011094123898338889,0.2769478777136723,-0.0003022547411610691,0.27716999577006685,0.03889124101126596
42.949788710999655,1780929761317674178,track_preview_car,2.2117193358970146,-1.532150891874995,-0.0020002659690747295,-1.5359901933744182e-05,1.4440549659126707e-05,1.6251326408628275,222.3666916649393,206.17177138666648,-0.015711764603574256,0.27851004159454246,-0.0002818018956390261,0.27895286844904804,-0.006017975044482957
43.049842476999856,1780929761417728114,track_preview_car,2.210099597446812,-1.5042987042407792,-0.002009761253636881,-1.1047668085459984e-07,-3.289105078579883e-07,1.6236669002250663,222.2975828243973,204.9834113809399,-0.01787186786170315,0.27669422100898655,-0.00978682813581399,0.27727079831932544,-0.040656375842265516
43.16945084700001,1780929761537336234,track_preview_car,2.2079783966679023,-1.4710758901003447,-0.0020050583476073428,6.268257205404429e-05,-2.375515415111786e-06,1.618092615893097,222.20707825783052,203.56590464428137,-0.018679135540139113,0.2761300208723821,-0.005070568816407387,0.27676108565242524,-0.06306728808784563
43.28795457499973,1780929761655840353,track_preview_car,2.205891135776224,-1.4380120699249668,-0.0019996589755310783,1.2073181281437016e-10,-3.5897910041162776e-06,1.6099503599758376,222.11802179311888,202.1551816501319,-0.016411083499157916,0.27509164554004867,0.00033240489504368696,0.27558072702485586,-0.07066723632574465
43.408143652000035,1780929761776029400,track_preview_car,2.203978632181656,-1.40502890452453,-0.001999949721362108,-1.485231569912782e-10,-5.303059952326844e-07,1.6002450491377258,222.03642163975064,200.74789992637994,-0.01495084981163595,0.27462639669204675,7.95979449341493e-05,0.2750330628672624,-0.08364217598363619
43.52742579799997,1780929761895310854,track_preview_car,2.202324143104418,-1.3720595829295146,-0.0019999944994869893,-5.372953967535337e-10,-5.727566923383802e-08,1.589517119729703,221.96583010578848,199.3412088716593,-0.012595043537378177,0.275298455206061,-0.00016813266511145987,0.27558641940515144,-0.09076435007729093
43.63060756499999,1780929761998493734,track_preview_car,2.2012008680443547,-1.3445701203795684,-0.001999989705613334,-2.653067618354445e-10,-1.1100547384106146e-07,1.5803437897015722,221.91790370322582,198.16832513619494,-0.009950476137982637,0.2749177914764002,0.009777488210526892,0.2750978081440018,-0.09114488453214739
43.749951053999666,1780929762117836150,track_preview_car,2.2002253475679936,-1.3115475789591653,-0.0020001784268200012,2.1182316499882802e-05,1.7933798496559932e-05,1.569863848772858,221.8762814962344,196.75936336892437,-0.006479794911425674,0.2754463104690069,-0.0001837723345549427,0.2755225175790224,-0.08418034557467673
43.867811574999905,1780929762235696171,track_preview_car,2.1996560864020744,-1.278470440418135,-0.002002112640511023,-2.7507690556730518e-05,1.3957302923559887e-06,1.5602635067764108,221.85199301982186,195.3480721245071,-0.0027329397441750113,0.2753422464870713,-0.0022845864116725987,0.2753558092000102,-0.07321731351315874
43.988042353999845,1780929762355928552,track_preview_car,2.199482980884066,-1.2453462165971791,-0.0019999696236926673,-3.647059394395011e-07,-4.3749259457620273e-08,1.551970469840457,221.8446071843868,193.93477190814633,-0.00011903713313970673,0.2765370136252364,0.0039121543718337445,0.27653703924538436,-0.06521666958894773
44.08927976999985,1780929762457165628,track_preview_car,2.199613126577216,-1.2176933514522914,-0.002001707216418716,-2.1566817991733064e-05,1.626951674507996e-06,1.5460097503835788,221.85016006729455,192.7549163286311,0.002359386145664358,0.2765872033773674,2.221415932568159e-05,0.2765972663912237,-0.05796005223474872
44.190429200999915,1780929762558315399,track_preview_car,2.199955008094009,-1.1899888806836965,-0.002001726387169759,-2.184218875181181e-05,1.62070825111527e-06,1.5408105146283473,221.86474701201104,191.57285890917106,0.00453369917482751,0.27695609758095213,-0.0003476134193362081,0.27699320283262857,-0.04889544681588986
44.309535420999964,1780929762677423142,track_preview_car,2.2005854198574926,-1.1567254410064933,-0.0020024744277636255,2.5660500440604844e-08,-3.1365181502725205e-05,1.5351044676939498,221.89164458058633,190.15361881627706,0.00639009417613405,0.2776139933464173,-0.002245923422213992,0.2776875269170808,-0.044473307760106266
44.41015361399968,1780929762778038040,track_preview_car,2.201312604971159,-1.1289701986580234,-0.001999960867657961,-4.469384112856883e-09,-4.2747748338471674e-07,1.5311463255701776,221.92267114543614,188.96939514274234,0.00788204941743184,0.2774238870063182,0.003532090624234116,0.2775358351361374,-0.03773241931578067
44.51132770100003,1780929762879212728,track_preview_car,2.202222023237178,-1.1011647250736825,-0.0019999734442705044,-7.802411819602876e-08,-3.3722752342409253e-07,1.528218084514673,221.96147299145292,187.78302826981044,0.009811047044329535,0.27818965424910935,-9.689865283299543e-07,0.27836260592138634,-0.025428572658701673
44.61306771999989,1780929762980954099,track_preview_car,2.203279572349077,-1.0733104078319553,-0.001999641651725547,2.722171026918794e-07,3.910825919693362e-06,1.526274270172138,222.00659508689392,186.5945774008301,0.010815555647531483,0.27890848236069793,0.004198203048631489,0.2791181072175587,-0.01812405372495061
44.715826937999736,1780929763083712365,track_preview_car,2.204429459405002,-1.045424770795236,-0.001999964866092475,1.383726681977868e-06,6.789383466916378e-07,1.5248918381693102,222.0556569346134,185.40479022059674,0.01189498999394382,0.27847502087222065,0.0015295815895069835,0.27872895084066845,-0.015828792471627124
44.817099983999924,1780929763184987374,track_preview_car,2.205665968185088,-1.017500988042523,-0.002004275116688931,7.84532274863539e-08,-5.413987150423632e-05,1.5241958474477835,222.10841464256373,184.21337548981433,0.012725602923482631,0.2796236504237968,-0.00428338684528874,0.27991307015946193,-0.0039742025374588895
44.93373008299977,1780929763301615551,track_preview_car,2.20721603765401,-0.9839645221012363,-0.0019999724027951727,-7.72608926488705e-10,-2.941429236620819e-07,1.5240198482277292,222.1745509399044,182.78248627631942,0.013170172747191546,0.27957399301829206,-4.506026718710463e-06,0.27988403138154005,0.00012954382535185975
45.054666087999976,1780929763422552076,track_preview_car,2.208813145490368,-0.9504401157991251,-0.001999979633640284,1.9155297005664345e-09,-2.0796046943114062e-07,1.5245753323196902,222.242694207589,181.35211160742935,0.013127361232606893,0.27911496024607746,0.004250398500225016,0.2794234933682219,0.00649311850351013
45.15809599999966,1780929763525983110,track_preview_car,2.210146987860485,-0.9225150307461522,-0.0020007736450326466,-2.5700599724615813e-07,-1.0976967337340136e-05,1.5253127442036711,222.2996048153807,180.16064131183583,0.013432977874382029,0.27924996473401953,-0.0007994491029790233,0.27957286652771723,0.008811122172547644
45.274594637000064,1780929763642480365,track_preview_car,2.2117333235483354,-0.8890194362924051,-0.0019999911889456525,9.260918470905135e-11,-9.254880514766873e-08,1.5263829353051823,222.36728847139563,178.73149594847595,0.01289250172399729,0.2790714251692148,0.0027331354594206173,0.27936906941656925,0.009583234702524604
45.3906605709999,1780929763758548203,track_preview_car,2.213279699872715,-0.8555476315699392,-0.0020004711148929343,5.022742700015864e-09,-6.52609782562814e-06,1.5273697789091574,222.43326719456917,177.30336561365073,0.01284288997992739,0.2790971735726511,-0.0004907324264456669,0.2793925054815878,0.0103976412011656
45.491863436999665,1780929763859749125,track_preview_car,2.2145530006223706,-0.8276542455417253,-0.002003925513750427,2.581895694931255e-10,4.1320529218422304e-05,1.5283186831645825,222.48759469322113,176.1132478097803,0.012328015019517056,0.27822789192727615,-0.0012680936892646725,0.2785008793534008,0.006860647768290826
45.6113072459998,1780929763979193816,track_preview_car,2.216044081045255,-0.7941806642744322,-0.002004154782101028,-3.366866870231747e-08,-5.265863199961781e-05,1.5294637015282915,222.55121412459755,174.6850416757091,0.012467559534786338,0.2792531450787858,-0.004214196655210602,0.2795313203867267,0.011148941159564722
45.71502100099997,1780929764082911428,track_preview_car,2.2172522849870258,-0.7662793498694873,-0.0020000637313004107,-1.084083598495229e-05,8.887135631313089e-06,1.5303635444684482,222.60276415944645,173.49458559443147,0.01226770804999252,0.27915558555637,-0.00010177507869134999,0.27942501249551666,0.01002237615740735
45.814909700000044,1780929764182795658,track_preview_car,2.2184870423200476,-0.7383982846926331,-0.002001100686829585,-2.0644089807160365e-07,-1.5076924666291458e-05,1.5320625402872785,222.65544713898868,172.30499348021903,0.012326705627865624,0.278822249160495,-0.0011297010955163493,0.2790945974012274,0.018586776331751643
45.93294920399967,1780929764300835192,track_preview_car,2.2199694563008676,-0.7050057775140346,-0.001999956443050794,2.7346505147480836e-09,-4.5252166586944473e-07,1.5350986098868178,222.71869680217037,170.88024650726547,0.011871797903965232,0.2779996849092261,0.004345001352980943,0.278253058195416,0.024666494751956404
46.03311113599966,1780929764400996213,track_preview_car,2.221165685876181,-0.6772181803456531,-0.0020042768084064673,4.110908819146722e-08,-5.415929454738e-05,1.5381752966483817,222.76973593071705,169.69464236141454,0.011725442729683311,0.2780374383283392,-0.004293231287670232,0.27828457219075603,0.032899752292881355
46.13596176400006,1780929764503847471,track_preview_car,2.222309808018948,-0.6494712197732259,-0.0019993388026915545,2.1875107930970833e-07,8.026233945237457e-06,1.541817254914651,222.81855180880842,168.51077204365762,0.010775817961482307,0.277365650281236,0.004450087705820304,0.27757489477377434,0.03621949674694258
46.237691041999824,1780929764605576129,track_preview_car,2.223369507325664,-0.6217284401937915,-0.00200426620973619,4.861709057737523e-08,-5.390178607906055e-05,1.5457220400762004,222.863765645895,167.32708011493511,0.010227872866381866,0.27767039021254264,-0.004273295376295057,0.2778586960743834,0.04042251803928576
46.354240278999896,1780929764722126788,track_preview_car,2.224497415733963,-0.5884358626321237,-0.0020019126059770075,2.5533946556077816e-05,7.786588284212827e-07,1.550436074247095,222.91188973798245,165.90659680563726,0.00817392051539318,0.27738372549081886,0.0006317999407468996,0.27750413356157044,0.041458867693012685
46.454826643999695,1780929764822710859,track_preview_car,2.22531847623754,-0.560678350632027,-0.001999962563277399,1.1927949455680088e-09,-3.942656534365801e-07,1.5543533825685212,222.94692165280173,164.72227629363314,0.007723615657798147,0.2775268013576033,0.003742419078061446,0.2776342552903226,0.04013472714323831
46.57439999799999,1780929764942284895,track_preview_car,2.2261339121398622,-0.5273313910005124,-0.002004252175359265,5.3517501142347155e-08,-5.399463465279387e-05,1.558693928202458,222.98171358463412,163.29947268268853,0.006200049388035423,0.2782431459198195,-0.004275726882338782,0.2783122147225523,0.035210207483583944
46.69338017999962,1780929765061266629,track_preview_car,2.226771378458898,-0.49396733529062664,-0.0020028981590313644,2.246313118689376e-07,-3.6929935238917104e-05,1.562441892977742,223.00891214757962,161.87593963906673,0.004761666300367781,0.2783483406078766,-0.003585876801980064,0.2783890662097105,0.030369036442698297
46.79408014399996,1780929765161968897,track_preview_car,2.227859476345633,-0.46660812880862107,-0.002005301436019504,-3.5779455748797795e-05,-3.423673819475053e-05,1.5743179095799507,223.0553376574137,160.7086134958345,0.01692055773460513,0.26834196781740904,-0.0054401820165463095,0.26887490951401455,0.22257825043227178
46.89507462699976,1780929765262961476,track_preview_car,2.2291277440605652,-0.43986952993643946,-0.0020039766410668556,6.66234971261543e-09,4.185884184082657e-05,1.5949240730241419,223.10945041325078,159.56776661062142,0.008825792995727286,0.26820925502621296,-0.0018015137097323935,0.26835442814255844,0.1915130537077661
46.99743757499982,1780929765365322892,track_preview_car,2.2295909108153134,-0.4128485276622057,-0.0019998293108523563,3.1614405902790586e-08,1.4009118608033373e-06,1.6120238382151573,223.1292121947867,158.41487051358743,0.0004206554075922189,0.2716375745902593,0.00017038444986839765,0.271637900301579,0.14591485229551143
47.112096633999954,1780929765479980167,track_preview_car,2.229242450008718,-0.38017220963399306,-0.0019999867824968156,-6.401379346087655e-08,-1.8558887008200453e-07,1.628094789784967,223.11434453370532,157.0206809443837,-0.006479619051475794,0.2731316847340898,0.004159496137756272,0.27320853330145906,0.11624145280915284
47.21324417100004,1780929765581131181,track_preview_car,2.2283135971328902,-0.3527756181196222,-0.002001977215514934,-1.8158858937632334e-07,-2.4841742439060617e-05,1.6379779711228766,223.07471347767,155.8517597064372,-0.011731866626805903,0.274385474016288,-0.001580251681000581,0.27463616849514233,0.08539180935020968
47.316264422999666,1780929765684150261,track_preview_car,2.226921497532463,-0.325267109330697,-0.0020002206822399195,2.403733814749905e-05,2.053959781167418e-05,1.6450157268033763,223.01531722805174,154.67806333144307,-0.015746837729599682,0.275583209295811,-0.00022681433127272696,0.27603273020470076,0.060695645708986334
47.43299670799979,1780929765800882165,track_preview_car,2.22480613412019,-0.2921036349846596,-0.0020035634858632553,1.0728562620877302e-05,-3.18410568352854e-05,1.6506640601031781,222.92506172246146,153.26308842601213,-0.019081194176271972,0.2771459422367582,-0.004249271304347045,0.2778020253156789,0.03663849177379854
47.55189197699974,1780929765919777574,track_preview_car,2.222320746651688,-0.2587808445453973,-0.0020014935650167287,-1.870955013332896e-05,1.5441687387869333e-06,1.6536019526696601,222.81901852380537,151.84131603393695,-0.0210913426197784,0.27774546529371036,-5.2402669957321916e-05,0.2785451278064733,0.022860995192768543
47.653824088999954,1780929766021711550,track_preview_car,2.2200649844392824,-0.23092265076014387,-0.0020015958552491316,-2.0197189737454924e-05,1.4946142450103973e-06,1.6544873324973823,222.72277266940938,150.65269976576613,-0.022505730606569876,0.2784802675756079,-0.0001414092183901317,0.27938820186099067,0.008773555846997095
47.75441457199986,1780929766122300620,track_preview_car,2.217718551974549,-0.20306805763506336,-0.002001698523760295,-2.1658786187372807e-05,1.4686479765206351e-06,1.6543739796908405,222.62265821758075,149.4642371257627,-0.023335049735647474,0.27837478352554645,-0.000301831647622671,0.2793511135633076,-0.0023610912606594815
47.854475030999765,1780929766222360458,track_preview_car,2.2153219326298674,-0.1752596737666137,-0.0020016938105920853,-2.1598636689664622e-05,1.464469224750685e-06,1.6533956170128474,222.52040245887434,148.27774608070885,-0.023716582902983837,0.27791605637229205,-0.00029481466409382514,0.27892617427219185,-0.01092845732779828
47.95547860099987,1780929766323363698,track_preview_car,2.2129130936983215,-0.1474831698742754,-0.002001712745143849,-2.1776161761763675e-05,1.5286454005850772e-06,1.6517866534995043,222.41762533112836,147.0926152479691,-0.02375169686543531,0.27760344553863997,-0.00030378597986195865,0.2786176880223368,-0.017142164984068967
48.057581251999636,1780929766425468583,track_preview_car,2.210522544233625,-0.119725436066139,-0.0020017301695339548,-2.1916776309493843e-05,1.6047859449849353e-06,1.6497637312510802,222.315628553968,145.90828527215527,-0.023510445500619405,0.27741940568190004,-0.000313086708808722,0.27841384250165474,-0.021200081987413452
48.17649312399999,1780929766544378942,track_preview_car,2.2077069146375763,-0.08642829921761687,-0.0020017306665935652,-2.189380615165894e-05,1.6270937856828782e-06,1.6469975632278524,222.19549502453657,144.48760743328498,-0.02304382950626941,0.27726911126721976,-0.00031431478900621594,0.278225049449592,-0.025073896904228597
48.27977517299996,1780929766647662844,track_preview_car,2.205423736919487,-0.058680615062641085,-0.002001715226987068,-2.1752083155229008e-05,1.5723783655703324e-06,1.6445738373100336,222.0980794418981,143.3037062426727,-0.02238301208995571,0.2773122335670623,-0.00030772324330932693,0.278214079651214,-0.02532181477026125
48.39593396099963,1780929766763819188,track_preview_car,2.202773384508281,-0.025376236468990218,-0.0020016941210481286,-2.1581670328730043e-05,1.4801251001585879e-06,1.641658274918113,221.98499773902,141.88271942267693,-0.021526883130528404,0.2774010990942259,-0.00029714245540546347,0.2782351100706019,-0.024884083197751754
48.49797394899997,1780929766865859346,track_preview_car,2.200644632899812,0.002387419433039151,-0.0020016916089226834,-2.158273526665183e-05,1.4531726243964287e-06,1.6393053246906275,221.89417100372532,140.698136770857,-0.02077699087609446,0.2775160886249759,-0.0002952157005135207,0.278292764540458,-0.023686703827053717
48.598488668999835,1780929766966374237,track_preview_car,2.1985898147248717,0.030163090599944768,-0.0020017057622959493,-2.1720014428808302e-05,1.497841611196941e-06,1.637087091426408,221.80649876159453,139.5130414677357,-0.02004505946981564,0.2776455120126178,-0.00030168155833301056,0.2783681640380184,-0.022112142514105777
48.71643522899967,1780929767084319243,track_preview_car,2.1971423926960894,0.06295772628449882,-0.0019999833583796375,8.989199342718613e-10,-1.8449378590284225e-07,1.6472237807870618,221.74474208836648,138.11380367852806,-0.009683573573998528,0.271956587786458,0.005376518263767757,0.2721289349510935,0.14423520812812055
48.81781579399967,1780929767185700961,track_preview_car,2.1970718220188545,0.08934867158841368,-0.001999493980249019,-7.952792803653695e-09,-5.358214973484075e-06,1.6749802791690045,221.74173107280444,136.9877900122277,0.0041374937111069866,0.2572571790898204,-6.45117952651833e-07,0.257290448807299,0.385171434606088
48.919727046999924,1780929767287612514,track_preview_car,2.198041959971016,0.11441104722929908,-0.0019994728763505503,-1.0211914604991585e-08,-5.58928879638412e-06,1.7266147017624622,221.78312362543,135.91846198488324,0.01128370692160714,0.24557156145492376,-7.574667259039603e-07,0.245830660897501,0.6147138798787599
49.0201826739999,1780929767388067360,track_preview_car,2.1993741532444697,0.1384698303487269,-0.0019995452150974283,-1.1731618389751e-08,-4.833963239335196e-06,1.79958612870934,221.83996387176404,134.891953905121,0.011842661248016932,0.23693061553322897,-4.634252099928224e-06,0.23722640072805987,0.8152604598846431
49.138698788000056,1780929767506583584,track_preview_car,2.2006405516507037,0.16632623128506835,-0.002003367635383947,4.837339358533527e-08,3.544778803815054e-05,1.9120944106077185,221.89399687043004,133.7034141318371,0.008215388038231618,0.22558145019728876,0.0008275719279722353,0.22573099759167015,1.06484998971225
49.25674442899981,1780929767624629265,track_preview_car,2.200887552907403,0.1932468133200776,-0.001999702504273222,4.5412069461847124e-07,3.128159791481864e-06,2.050575353508296,221.90453559071585,132.5548026316767,-0.009785415041071967,0.2219833857472432,0.0039703364788185105,0.2221989601580876,1.1821095756932667
49.37456276399962,1780929767742447550,track_preview_car,2.1982374879159545,0.21974372067949507,-0.0020054901244204336,-5.9974464215692476e-05,-1.3206270630165266e-05,2.1979522508956997,221.79146615108073,131.42426791767488,-0.040382300809677495,0.22179279669271088,-0.005522369672000449,0.2254390713329379,1.2677204052007964
49.47805692499969,1780929767845941100,track_preview_car,2.193362633773512,0.24124931905902414,-0.0020002268385775324,-1.533596000567759e-05,1.4026897289410426e-05,2.3222714480612554,221.5834723743365,130.50669572014831,-0.06475129464834492,0.21135851509333803,-0.00028443048198999334,0.22105463591858365,1.2126069851385226
49.57876799499991,1780929767946652160,track_preview_car,2.1853993892076065,0.2619417111347943,-0.0020041939348774233,5.4265478795977823e-05,2.9881638286146326e-06,2.4415813015305297,221.24370727285788,129.62382032491544,-0.09645769075473193,0.20153294503856425,-0.004246650656960402,0.22342697697827907,1.1516741729291733
49.69701026299981,1780929768064894588,track_preview_car,2.171677145837293,0.28514761135960964,-0.0020028152964601097,8.60310007532371e-09,-3.660461583830963e-05,2.5743837945676176,220.65822488905786,128.63370191532331,-0.1303868856202289,0.1842380809407711,-0.003310060847598533,0.22570868483618606,1.0649197204821976
49.79701585899966,1780929768164901467,track_preview_car,2.157499672254784,0.30278310062389563,-0.002004326602840943,2.375973667179549e-08,4.554395335429172e-05,2.679092114090151,220.05331934953745,127.88125437338046,-0.15669703509428856,0.1651310985495775,-0.004504111765238122,0.2276449878989893,0.9737609403442741
49.89982077600007,1780929768267706504,track_preview_car,2.1405236900689806,0.3183444455630436,-0.0020004143035378336,-2.6990137252476688e-05,2.4836063381015464e-05,2.7717001510477366,219.3290107762765,127.2173036559768,-0.1841501359064846,0.14432015101541834,-0.0004583977674744446,0.23396490878653128,0.8452957068867477
50.01901995199978,1780929768386904818,track_preview_car,2.1173034475249684,0.33421430934378854,-0.001999787249077793,9.356336842189503e-06,-9.336754398327968e-06,2.8691174631157326,218.338280427732,126.54018946799836,-0.20469795962654558,0.11974282393594675,0.00023247929603981,0.23714889533671882,0.7540101189065107
50.12081970300005,1780929768488705120,track_preview_car,2.095820461016109,0.3451028381255809,-0.002005375970833093,-5.1327248793371875e-05,-2.4185657956930814e-05,2.9386522099058006,217.421673003354,126.07561223997521,-0.22863012644592354,0.10450597415178789,-0.005682304505011591,0.2513826432992006,0.6945202517602592
50.221737994999785,1780929768589621228,track_preview_car,2.0726224098219275,0.3538058568788253,-0.0019996566951402776,-6.227081079657634e-09,-3.638782857127169e-06,2.9960530136972876,216.43188948573555,125.70428343983679,-0.23963916843967506,0.07572076045769009,-2.471030404374158e-07,0.2513176567906637,0.5012107594649753
50.32538951499964,1780929768693275533,track_preview_car,2.0481940705014208,0.36050860906722915,-0.001999656040610476,-1.394074562628937e-07,-3.514898022098534e-06,3.042203999746679,215.3896136747273,125.41829934646489,-0.24802850918848646,0.05932933026225116,1.1918789287113929e-06,0.25502570615455683,0.42941979169679506
50.443422320999616,1780929768811307889,track_preview_car,2.018107657492317,0.36673568480508734,-0.0020091124943542767,-3.340117916688791e-05,-3.253551498077503e-05,3.0918975071550157,214.1059267196722,125.1526107816496,-0.2514437071574026,0.04454281353937805,-0.009126981956160699,0.25535857163420506,0.39913798126991507
50.56098405800003,1780929768928869565,track_preview_car,1.9872032999974205,0.37096394220641676,-0.002003984016712815,1.1097903541133856e-08,4.1936490263225185e-05,3.1340337576544726,212.78734079988993,124.97220513252621,-0.260270173120756,0.027759302803312905,-0.001823018078519524,0.26174633122249163,0.31950479081068445
50.68112109999993,1780929769049006407,track_preview_car,1.9554638550199066,0.3731289379814898,-0.002004029605195252,5.757638457875447e-09,4.241649675495122e-05,-3.118682118016961,211.43312448084936,124.87983197945644,-0.26807139297895644,0.008407226758660307,-0.002443949506384102,0.26820319385766017,0.18200665064442736
50.78206559299997,1780929769149949347,track_preview_car,1.928546997000221,0.3736583464082939,-0.0020037837978812006,1.4655101272984363e-07,-4.77381979585073e-05,-3.1011916036058023,210.28467187200943,124.85724388657945,-0.27252125040761677,-0.00016539268647073366,-0.004034273672154959,0.27252130059588314,0.13477280782141446
50.900641468999765,1780929769268526365,track_preview_car,1.8957902112749598,0.3732396860998545,-0.001999963002354832,4.919573783928568e-10,-3.7867786871604454e-07,-3.0865756205935067,208.8870490143983,124.87510672640622,-0.2743916901912019,-0.00808304559184052,0.0022025464138493295,0.2745107197761579,0.08953438798176269
51.00259736599992,1780929769370482943,track_preview_car,1.868273358518852,0.3722275563109606,-0.001999760536153894,-1.4342021080508752e-07,2.9320855231484454e-06,-3.0788123834930885,207.7129966301377,124.91829093073235,-0.2762538940795119,-0.013069154991026857,0.004132315523338412,0.27656286230489024,0.05472638325474431
51.12003007699968,1780929769487916897,track_preview_car,1.8350168539242662,0.3704279865267221,-0.0020014107843032585,1.823573769203178e-05,1.0299619236585024e-06,-3.073960037103858,206.294052434102,124.99507257485986,-0.2783860277880201,-0.017099372871553786,0.00019789357801653417,0.27891068287212073,0.024510280671083462
51.220685603999755,1780929769588570420,track_preview_car,1.8071746426479405,0.36856772969364543,-0.0020017850532094202,2.3429660284232433e-05,1.0337867731398116e-06,-3.073412823860023,205.1061180863121,125.07444353307113,-0.27881163579370943,-0.019670231835907295,-0.00019596021182885308,0.2795046444595195,-0.004902371076290565
51.32110537299968,1780929769688991411,track_preview_car,1.7793829851457947,0.36653642653750135,-0.002001394736885259,1.8165885027344403e-05,9.150632286196035e-07,-3.0752604498954845,203.9203406995539,125.16111246773328,-0.277667900320428,-0.020822528665560183,0.0003050799677968802,0.2784475544306022,-0.026755581855348237
51.44255356599979,1780929769810437210,track_preview_car,1.7461504691906815,0.3640260170263284,-0.002004248726535372,-3.118489719034528e-05,-2.1833450323922275e-05,-3.0798721635718054,202.5024200188024,125.26822327354333,-0.2768521645822328,-0.020670653678463182,-0.0041340645072649946,0.2776227601573089,-0.0489005637462603
51.55908191399976,1780929769926968082,track_preview_car,1.7129971003349898,0.3615658313736077,-0.0020017421148921122,-2.2188960303379817e-05,1.5244932685653383e-06,-3.0862463045295203,201.08787628095956,125.37319119472608,-0.2760326708493793,-0.019613407532216274,-0.00038382673888163815,0.27672860555292544,-0.055710598458933135
51.66243616899965,1780929770030321125,track_preview_car,1.685403829407072,0.3596266509165471,-0.0020017098258516297,-2.1820991746756676e-05,1.4636595265346872e-06,-3.0923915936035105,199.9105633880351,125.45592956089399,-0.2757850658942778,-0.01843549073950409,-0.000292751251568903,0.27640056058032425,-0.06242582658332276
51.76272646899997,1780929770130609862,track_preview_car,1.6578126570664764,0.3578401444464843,-0.0020017074746260083,-2.1781886642527044e-05,1.4684190795011382e-06,-3.098803373336876,198.73334003483632,125.53215383695,-0.27576167990287864,-0.01686797443769078,-0.00029945428827917066,0.27627709399168127,-0.06498082536905858
51.8638176139998,1780929770231703723,track_preview_car,1.6302107096889775,0.3562294710742512,-0.0020017049297184034,-2.1674810810170292e-05,1.5221717781926402e-06,-3.1052232369583423,197.5556569467297,125.60087590083195,-0.2758627367166988,-0.01510699993639481,-0.00030194471084387075,0.27627607742239446,-0.064980010750713
51.96443736099991,1780929770332321396,track_preview_car,1.6025871295459528,0.3548098594613116,-0.0020017091197992156,-2.1645859136299707e-05,1.5875978826436093e-06,-3.1114160394254458,196.37705086062732,125.66144599631737,-0.2760713949624842,-0.013223805416655606,-0.0003072777756676264,0.27638792330025835,-0.06264391458191884
52.08147676999988,1780929770449359913,track_preview_car,1.5694003191317678,0.3533662197457779,-0.002001721903176237,-2.1781480820889858e-05,1.6193620407325224e-06,-3.1183081528366006,194.96108028295544,125.72304129084681,-0.2765959196803428,-0.010629572451283507,-0.0003151198465253329,0.27680009139144396,-0.05394124768966502
52.202177178000056,1780929770570062676,track_preview_car,1.5361688675993475,0.35219852102989985,-0.0020017218616907363,-2.1854520590078313e-05,1.5642715380300312e-06,-3.1244755432651363,193.54320501757218,125.77286310272427,-0.27693677614039675,-0.008471234544928994,-0.00031135281506724263,0.27706630938053695,-0.04838224744425441
52.32201996200001,1780929770689906040,track_preview_car,1.5028912027531018,0.35128866906213047,-0.002001714239436345,-2.1844845953002733e-05,1.492195051104499e-06,-3.129832665447792,192.12335798413233,125.8116834533491,-0.2772763008722356,-0.006495283927806653,-0.00030039110273385127,0.277352367465456,-0.04239043250599826
52.441458710000006,1780929770809343335,track_preview_car,1.4695699186252826,0.35060824763303383,-0.0020017037268637264,-2.1714295050521164e-05,1.4806427892476974e-06,-3.134397988177207,190.7016498613454,125.84071476765722,-0.27766465512041694,-0.004650578831099967,-0.0002963850897447644,0.2777035984401433,-0.03518046322765483
52.560661071999675,1780929770928544065,track_preview_car,1.4362002883923304,0.35013581131838983,-0.00200170351950532,-2.1624694766710565e-05,1.5457580572602124e-06,-3.138037834734863,189.2778789714061,125.86087205041537,-0.27792168864864103,-0.0032603770805011,-0.00030379208626301707,0.2779408121885291,-0.03031069918504141
52.66090697199979,1780929771028792048,track_preview_car,1.408360098840356,0.3498743731617712,-0.002001709967468757,-2.1627071995631545e-05,1.6113028486557243e-06,-3.140443998832449,188.09003088385518,125.87202674509776,-0.2782003004744215,-0.0021594763056345142,-0.0003093250978983994,0.27820868160784096,-0.024814269997228633
52.76106527699994,1780929771128951666,track_preview_car,1.3805005691006902,0.3497068647477848,-0.0020017170236287783,-2.1695330273736757e-05,1.6338127211228139e-06,3.140718294053851,186.9013576149628,125.87917377076118,-0.2785189107007075,-0.0010831312210154301,-0.0003091254811998702,0.2785210167853597,-0.018419699234449163
52.862386803999925,1780929771230272071,track_preview_car,1.3526123467547098,0.34963427063319696,-0.0020017235617909943,-2.1834172790458084e-05,1.597950141084461e-06,3.1392866903320495,185.71146012820094,125.88227111965026,-0.2787197947003995,-0.00034447207411775525,-0.00031105560224372724,0.2787200075682453,-0.014321323166967216
52.96444395399976,1780929771332327347,track_preview_car,1.3372062555297275,0.3494873548957021,-0.0019998192057498875,-5.198857008753243e-09,-1.9239050110276395e-06,3.1367360931070625,185.05413356926837,125.88853952445004,-0.13958185767109402,-0.00033375531779389036,-3.872087807869351e-07,0.13958225669305432,-0.012688089435306702
53.08203543499985,1780929771449919300,track_preview_car,1.3204362817734694,0.34950836393126167,-0.0019998620173734324,-4.173545357644841e-09,-1.4693528262528182e-06,3.135884897297632,184.33861468900136,125.88764313893283,-0.13974622651131502,0.00023847627554839242,-3.311722318870142e-07,0.13974642999048584,-0.007030094666979182
53.1828273809997,1780929771550714701,track_preview_car,1.3064542803535037,0.3495533140893305,-0.0019998910858277687,-1.328921520731527e-09,-1.1550777165054032e-06,3.135406794163041,183.74204929508284,125.8857252655219,-0.13981730396712094,0.0004692874792976634,-2.5568537691671167e-07,0.1398180915310051,-0.004944518498344447
53.285170694000044,1780929771653055250,track_preview_car,1.2924688006760916,0.349610148848666,-0.0019999094087362105,2.8990042608724865e-09,-9.373824862535727e-07,3.1350122919384638,183.14533549551325,125.88330031579025,-0.13962453990330626,0.00047447782688526995,0.0037061655436430785,0.13962534609596558,-0.005001782119900547
53.385245335000036,1780929771753128158,track_preview_car,1.2784787594862947,0.349683979053616,-0.001999922598716053,4.678159177232223e-09,-7.974338841308533e-07,3.134768184266425,182.54842707141523,125.88015022704572,-0.13966390320743594,0.000540464298945191,0.003621380562452098,0.13966494893420636,-0.003924171905910783
53.50461062999966,1780929771872495175,track_preview_car,1.2616862480878661,0.3497923726224724,-0.0019999339030006675,3.7513181311363625e-09,-6.823680038510242e-07,3.134681533455215,181.83194658508228,125.87552543477452,-0.13967235272368397,0.0008023874239245231,0.0035290969305731166,0.13967465747567548,-0.0008785258906533406
53.60487297099962,1780929771972757697,track_preview_car,1.247704662983331,0.3498847617163497,-0.001999703777921154,-3.150578371207748e-08,2.8648758734714106e-06,3.1346422312726974,181.23539895395547,125.87158350010242,-0.1399075073035221,0.0011385991538952094,0.00026848321990025856,0.13991214031640836,0.0016672500438910107
53.70734612899969,1780929772075233360,track_preview_car,1.2337148709333663,0.3499876138856772,-0.0019999677843846025,-1.985080798107625e-09,-3.4753874621676124e-07,3.134790879744412,180.63850115982362,125.86719514087777,-0.13989143267882762,0.001223642587682262,-1.089028210607787e-06,0.13989678423079405,0.0024553345795153042
53.82599188799986,1780929772193935896,track_preview_car,1.2169271900673329,0.35011755335900835,-0.0020036727942032003,-3.4237482538501236e-07,-4.703640675340519e-05,3.1351213649899443,179.9222267762062,125.8616510566823,-0.14005291532603562,0.0013704112411242076,-0.003744208819478536,0.1400596198705805,0.003953931549079456
53.94563535399993,1780929772313520821,track_preview_car,1.2001516734072937,0.350241769581117,-0.001999574893988599,2.730260126363427e-12,-4.474841684854568e-06,3.1354324779229126,179.2064713987112,125.856351164539,-0.1393808178006877,0.00028380363309157895,0.0004225296038984176,0.13938110673721407,-0.0011663465121207347
54.04710852900007,1780929772414993866,track_preview_car,1.1861815926194137,0.35033762955018216,-0.0019995264595461795,6.731608698242934e-08,5.182422380601536e-06,3.1356263189124,178.6104146184283,125.85226113919222,-0.13985275525214308,0.0011652590017529683,0.0004497066743770136,0.1398576096612444,0.0037702312311871785
54.16425389400001,1780929772532139432,track_preview_car,1.1694162814051434,0.35046195310305933,-0.002002671937357176,9.705498477322039e-08,-3.4214333872187683e-05,3.135997513541745,177.8950946732861,125.8469566676028,-0.14002262477836297,0.0013297230741635862,-0.0032360505940228577,0.14002893848514383,0.005494423474684605
54.26502692599979,1780929772632912203,track_preview_car,1.1554450854557774,0.350563036790876,-0.0020030045609502486,9.634123279795576e-08,-3.849140307395329e-05,3.1363376356202575,177.29899031277984,125.8426437635893,-0.14002682438219827,0.0012956880940526256,-0.003404965130051595,0.1400328188468691,0.005627855547315966
54.383129343999826,1780929772751014460,track_preview_car,1.1386797151572923,0.3506787623389091,-0.0019994960543426223,5.986646166892847e-08,5.1478551601933135e-06,3.136756027110726,176.58366784671114,125.83770614020655,-0.13984423443786326,0.0010615679775147074,0.00046332058481650195,0.13984826360052863,0.0045265344952349715
54.48490148399969,1780929772852785118,track_preview_car,1.1247149843726683,0.3507605677259824,-0.002000237913565396,4.607536327835588e-08,-4.18484566515882e-06,3.1369920945603527,175.98783933323384,125.83421577702475,-0.13987090339068525,0.0010599979195539456,-0.0002834421422502857,0.13987491987813921,0.004738457644703368
54.585536167999635,1780929772953420443,track_preview_car,1.1107461671314667,0.35084504176258663,-0.002003900307072003,2.1448898423473794e-11,4.10551875525696e-05,3.1373094329093867,175.3918364642759,125.83061155146297,-0.13898074029535393,0.0005796238894100984,-0.0012414391933444327,0.13898194896063945,0.0005677969877430948
54.68694746899973,1780929773054833377,track_preview_car,1.0967751078053274,0.3509257555864145,-0.0019999369495710922,-7.406888745406593e-10,-6.670549744775978e-07,3.137643690025495,174.7957379330273,125.82716776164631,-0.1398739522877661,0.000988658005171183,1.806724876535243e-06,0.13987744626368992,0.004584928237698849
54.78735922799979,1780929773155244054,track_preview_car,1.0827906001626444,0.3510076683479853,-0.002000053576869992,-1.0826728693727562e-05,8.769495943402972e-06,3.1380740988953018,174.19906560693948,125.82367281715263,-0.13987039781651847,0.0009853397916993053,-0.00010425995368339305,0.13987386846675914,0.0040256753433656626
54.90546486299991,1780929773273348236,track_preview_car,1.06600742057678,0.35109278685051226,-0.0019999593394971014,-3.760664673836284e-09,-4.4336256729442115e-07,3.1385341719120747,173.48298327794262,125.82004109437814,-0.1397805186997513,0.0007036686805784882,0.0008289846978323909,0.13978228985670377,0.002895882289783412
55.00692679199983,1780929773374812109,track_preview_car,1.0520187280200102,0.3511549257922007,-0.001999987491749708,1.1517492070411186e-09,-1.2816296500991125e-07,3.1388910899632316,172.88613239552043,125.8173898328661,-0.13977494389127307,0.0002558703654990122,0.004225445862173584,0.1397751780877151,0.002401360336472809
55.10762599099962,1780929773475549700,track_preview_car,1.0380293478797709,0.35120932407887256,-0.002000070951906107,-1.1037205705158278e-05,9.11195131807996e-06,3.1392021992934303,172.28925217620355,125.81506883930143,-0.13991820276145917,0.0006775499675648313,-0.0001023291517133957,0.13991984326018717,0.0023074484098433603
55.20903081100005,1780929773576916048,track_preview_car,1.0229425290588268,0.351224740269287,-0.001999648950164345,3.879080830628402e-06,-7.571765449358536e-07,3.1389516389224834,171.64554790650993,125.81441108184376,-0.2501025065913635,-0.004230153066160327,0.002879070381070111,0.2501382777550173,-0.053816089992376734
55.32577847099992,1780929773693663307,track_preview_car,0.9894636681398806,0.3512961527917733,-0.0020042103314454472,1.1460454669813036e-07,-5.32735193214497e-05,3.138580771014499,170.21711650730157,125.811364147551,-0.27977710291311253,0.0013267035952647336,-0.004248596854040239,0.27978024851101274,0.005989316527453232
55.445166976999644,1780929773813051693,track_preview_car,0.9559251604673039,0.3514278957820217,-0.0019999486491163107,1.932633321711149e-09,-5.348751335963754e-07,3.139114148875377,168.7861401799383,125.80574311330041,-0.27929052703217344,0.0008684951681721116,0.003916981637869364,0.2792918773859461,0.0026865690641295343
55.54573810299962,1780929773913622909,track_preview_car,0.9279770442657986,0.3515227446346505,-0.001999957503622756,1.8008006024943886e-09,-4.424301110976537e-07,3.139525262922689,167.59368722200742,125.80169622892157,-0.2793184195544945,0.0007502669926925833,0.004144541866374441,0.2793194271850437,0.0028767600824089316
55.665026247999776,1780929774032933306,track_preview_car,0.8944238551173475,0.3516239800154099,-0.001999954241158481,-1.9641197691936156e-09,-4.900235714689013e-07,3.1401024988249695,166.16208448500683,125.79737685267584,-0.279674215471251,0.0008867940000033195,-1.2586869249642806e-06,0.2796756213956772,0.004925792566271012
55.766472531999625,1780929774134361236,track_preview_car,0.8664533226102223,0.3516894280603787,-0.0019999647604083447,-3.8469605803527584e-09,-3.866818020150522e-07,3.1405648891445357,164.96867509803616,125.79458440275718,-0.27960823873741364,0.0006300143424995188,0.0008340366902318705,0.2796089485118641,0.0037400346249761417
55.86683031599978,1780929774234715172,track_preview_car,0.8384796956292482,0.351737175581235,-0.0020000779419989943,-1.102311940850085e-05,9.174840658053646e-06,3.140948883360162,163.77513368018126,125.79254717520064,-0.27976502262739505,0.0005969606162334586,-0.00010537065040697795,0.2797656595218294,0.0033482056492353603
55.96936576100006,1780929774337250487,track_preview_car,0.8105172583955602,0.35176373244656567,-0.0020041819235416705,1.308914767953486e-07,-5.29273702038151e-05,3.1411625776321457,162.5820696915439,125.79141408227986,-0.27991721404168235,0.00043033161797448457,-0.004230646920129401,0.27991754482732667,0.0035775440564552183
56.08477677599967,1780929774452659528,track_preview_car,0.7769592950747191,0.35179157102145187,-0.0020028715649997608,6.870156022749641e-08,-3.677703053490771e-05,3.141399084156284,161.15026325652136,125.79022630308472,-0.2799612095637468,0.00046079705650272864,-0.00333579838876019,0.27996158878375343,0.0038299270726309927
56.184785999999804,1780929774552668792,track_preview_car,0.7489929768018522,0.3518075780272471,-0.002003920380422882,-6.799648372973795e-13,4.126650306690652e-05,3.1415703076155936,159.95703367687904,125.78954333750413,-0.2789492997369508,1.7964943616308018e-06,-0.0013162867045161564,0.2789492997427357,-1.8598937337011808e-05
56.293999948999954,1780929774661884455,track_preview_car,0.7210251010222238,0.3518127046118988,-0.0019999757814248005,-1.1095508885398744e-09,-2.463276335887332e-07,-3.1415270964137427,158.7637376436149,125.78932460322565,-0.2798128621501468,-8.857353741916266e-05,0.008707157511915128,0.27981287616892936,0.0009365775838327217
56.408612682999774,1780929774776497449,track_preview_car,0.6874564889715764,0.3518145402629946,-0.0020019899645629283,3.6698545103735614e-05,1.046598576151583e-05,-3.141387292792502,157.33147686278727,125.78924628211223,-0.279459705996922,-0.0001778259122906363,-0.002008609164138233,0.27945976257404426,-0.0005721118221143503
56.51337021599966,1780929774881255132,track_preview_car,0.6594752388742946,0.3518140514036965,-0.0019999814882872948,-1.1863601891286844e-09,-2.0007297325827226e-07,-3.1413031519324286,156.1376101919699,125.78926714010895,-0.27986244808454214,-3.241813338718221e-05,1.4138718738158917e-07,0.27986244996213483,0.0006033659225307583
56.62887717099966,1780929774996762358,track_preview_car,0.6258936120109729,0.3518094648341063,-0.0019999766689389447,-2.654805623028732e-07,-4.5000879226236265e-08,-3.1412164063266603,154.70479411246816,125.78946283374479,-0.27986592982531533,-0.00010369324176207131,3.711821812451173e-05,0.27986594903502765,0.0010670854782489597
56.73169854799971,1780929775099583835,track_preview_car,0.5979126797585658,0.3518038696053392,-0.001999989682754204,2.187105863083054e-09,-9.70755657873148e-08,-3.1411188863311947,153.51094100303214,125.78970156350553,-0.27990537446938474,-0.0001835373249892678,0.0056298120916819325,0.27990543464319545,0.0015005661287803831
56.84788736599967,1780929775215772192,track_preview_car,0.5643381760428805,0.3517941068275235,-0.002004561474460379,1.9954413025298622e-11,4.8015375313256046e-05,-3.1409864181140934,152.07842884449624,125.79011810869233,-0.2794255449919778,-7.47789232270969e-05,-0.0041717929734278346,0.2794255549980194,0.0007826829799300377
56.95033519499975,1780929775318219160,track_preview_car,0.5363600253612124,0.35178249873572975,-0.002006183863959065,-1.1644232916054942e-05,3.065127298549117e-05,-3.1408715362103576,150.88469441541173,125.79061338727553,-0.27983764859923377,-3.944696340066819e-05,-0.006208254626227462,0.27983765137952965,0.0006610035024912526
57.07152505999966,1780929775439410788,track_preview_car,0.5027839261476188,0.35176376077452437,-0.0020043734546385107,7.93322407465603e-11,4.603604756829474e-05,-3.1407459341062878,149.4521141822984,125.79141287362029,-0.2794204561105593,-0.00024520045577241015,-0.0031645479291708143,0.2794205636961899,0.0025803311109545103
57.18694839999989,1780929775554833296,track_preview_car,0.46920084439305504,0.3517399638966485,-0.0020017140152068513,-2.1792943406294515e-05,1.529949727131619e-06,-3.1404972524661527,148.01923602743702,125.79242820707633,-0.27976059597025293,-6.873673986533743e-05,-0.00030125803820341834,0.27976060441450745,0.0015663575865451794
57.289184007999665,1780929775657067221,track_preview_car,0.4412222203460675,0.3517177389708491,-0.0020017215856387403,-2.1810103563119265e-05,1.5956938549142168e-06,-3.1402634544580392,146.82548140143223,125.7933764705771,-0.27965071268199987,-9.395965759554587e-05,-0.0003119994622546618,0.27965072846672095,0.001831542367348543
57.40831201799983,1780929775776196744,track_preview_car,0.4076576408258037,0.3516867159456511,-0.0020017200263154154,-2.1779674817300454e-05,1.602306216510822e-06,-3.1399762037264356,145.39339267523428,125.79470011965222,-0.2794535186471959,-0.00017539129199469551,-0.0003097581616309949,0.27945357368694357,0.0013121442184080264
57.510301333999905,1780929775878187883,track_preview_car,0.3796930076041355,0.35165326158407934,-0.002001716136689747,-2.1826722872360627e-05,1.5264212884696948e-06,-3.1397751230701796,144.20023499110977,125.79612750574594,-0.2794206784466238,-0.00033311873378578504,-0.00030435195746905853,0.27942087701469687,-6.596334048690464e-05
57.629016918999696,1780929775996902296,track_preview_car,0.34614069442456236,0.35159545913917445,-0.0020017069447422816,-2.1743307097743084e-05,1.4931312415538845e-06,-3.139698061827196,142.76866962878134,125.79859374339523,-0.2793781652879085,-0.00042453849688654246,-0.00030015914767708815,0.2793784878486052,-0.0009875113982497092
57.72929639599988,1780929776097181473,track_preview_car,0.318183834007299,0.35153994675688505,-0.0020017016790956775,-2.1622801004627563e-05,1.5285733685807104e-06,-3.139712332519605,141.57584358431143,125.80096227170624,-0.27934046170972077,-0.0004942435348345058,-0.0003008898587460679,0.279340898947633,-0.0017905833272286122
57.8324611539997,1780929776200347593,track_preview_car,0.29023067243176737,0.3514785943331918,-0.0020017055915045323,-2.15874529704129e-05,1.595855416912914e-06,-3.1398077052114575,140.38317535708873,125.80357997511715,-0.27932149486194147,-0.000508676199955207,-0.00030618938401296797,0.2793219580401548,-0.0021525851931669645
57.932784459999766,1780929776300669116,track_preview_car,0.262279255395161,0.35141677492353635,-0.0020017141957076367,-2.164962806178304e-05,1.6389239171603875e-06,-3.1399396892890206,139.19058156352688,125.80621760326245,-0.2793050831112239,-0.0005043934267802293,-0.00031106426276857106,0.27930553854962603,-0.0024793632245248467
58.04989500099964,1780929776417779626,track_preview_car,0.22873950227966575,0.35134517694896034,-0.0020017219372562615,-2.179094361668474e-05,1.613665544882123e-06,-3.140135356612896,137.75955209726573,125.80927245017769,-0.27929329631410793,-0.00046062848793799175,-0.00031184188655417186,0.2792936761629307,-0.0026998734059763482
58.16954066299968,1780929776537425929,track_preview_car,0.1952011120094393,0.35128007117490606,-0.002001718595103329,-2.1848877826528184e-05,1.5353865501421235e-06,-3.140351318394725,136.3285807790694,125.81205029653734,-0.279286448061038,-0.0003946301515057024,-0.0003062029052319932,0.2792867268659707,-0.002812691956717078
58.27042530799963,1780929776638310385,track_preview_car,0.1672527586888955,0.3512319021005333,-0.002001709785576327,-2.1782356668800315e-05,1.4934286890339473e-06,-3.140535815647854,135.13611770405953,125.81410551037725,-0.27928636182167843,-0.0003393371965492936,-0.000301294862570821,0.27928656797154144,-0.0028424387652164376
58.37206232299968,1780929776739947510,track_preview_car,0.13930404181047001,0.35118909426107653,-0.0020017028502300007,-2.1663699479101277e-05,1.5100995389965188e-06,-3.1407170412618144,133.94363911724673,125.81593197819407,-0.27928988786011055,-0.00028881953862153485,-0.0003004864029270697,0.27929003719724593,-0.0027812432949335182
58.49147686199967,1780929776859363391,track_preview_car,0.10576492422230405,0.351144124918738,-0.0020017043722565515,-2.1583582990933452e-05,1.5860375348162119e-06,-3.14092425127468,132.5126367668183,125.81785067013385,-0.2792953217510073,-0.00023391721299908532,-0.00030544034166888446,0.279295419706914,-0.002639767910592351
58.60973111899966,1780929776977616025,track_preview_car,0.07222515213148174,0.35110594787438426,-0.0020017146200485415,-2.1653195819495683e-05,1.6406720373902858e-06,-3.141116838646407,131.08160649094322,125.8194795573596,-0.2792992508410996,-0.00017900179543841485,-0.00031140567523688003,0.2792993082018683,-0.002527961177171019
58.71100762499964,1780929777078893032,track_preview_car,0.044274621107795335,0.35108040278508895,-0.002001721429336886,-2.1771449294832342e-05,1.6229953678019466e-06,-3.1412571210173583,129.88905050059927,125.82056948116954,-0.2793057944395745,-0.0001198204576886822,-0.0003121763147862798,0.2793058201406908,-0.0023465554459141218
58.81245132999993,1780929777180335555,track_preview_car,0.01632366060112904,0.3510608656225321,-0.002001720464401992,-2.1840812309098835e-05,1.5609338940142508e-06,-3.141378206601401,128.69647618564818,125.82140306677196,-0.27931062589883016,-5.905120769117968e-05,-0.0003082317801888853,0.27931063214106505,-0.002167032107204964
58.91307688899997,1780929777280961835,track_preview_car,-0.011627657385742026,0.35104706058806195,-0.002001712203150299,-2.180097357148721e-05,1.5046910078229654e-06,-3.1414784302614516,127.50388661820834,125.82199208157603,-0.279314943130483,-5.531358080418861e-06,-0.00030259613177040386,0.2793149431852526,-0.00197141108781575
59.02918850099968,1780929777397073136,track_preview_car,-0.045169866419342224,0.35103667258611687,-0.002001701918457784,-2.1654008488908686e-05,1.5076820938826623e-06,-3.1415677434611546,126.07275236610806,125.82243530299235,-0.27932347532662144,5.442752048664393e-05,-0.0003000942118085387,0.2793234806293533,-0.0015195385867102962
59.13319200699971,1780929777501076673,track_preview_car,-0.073122090861559,0.351031312761001,-0.0020017008953380944,-2.1559192926077445e-05,1.5681228645958182e-06,3.141566140646696,124.88012412324015,125.82266398886395,-0.2793251904427612,7.489470076050589e-05,-0.00030330283192604615,0.27932520048341686,-0.0013062676234651465
59.24988748299984,1780929777617772299,track_preview_car,-0.10666511250780944,0.35102708704917046,-0.0020017099454760962,-2.1589823244197668e-05,1.6395123330306828e-06,3.1415259230533983,123.4489551996668,125.82284428590206,-0.27932931118446186,7.97302027749961e-05,-0.00030984758570641737,0.27932932256333415,-0.0012301191354568805
59.35060179099992,1780929777718489102,track_preview_car,-0.13461796690090552,0.35102425849421426,-0.0020017189409703433,-2.17134630735258e-05,1.6405802310519544e-06,3.1414952414819126,122.2563000788947,125.82296497091352,-0.2793376121361293,8.700441160476055e-05,-0.0003123413797600943,0.2793376256856248,-0.001241592604668641
59.47121139799992,1780929777839095332,track_preview_car,-0.16816188578970737,0.3510219694848759,-0.0020017210167902213,-2.1835519953081133e-05,1.5706993224303132e-06,3.1414525514335647,120.82509287297249,125.82306263531196,-0.27934774330723533,0.0001043995644357157,-0.00030882117019589484,0.27934776281565976,-0.001306400010677376
59.57202712699973,1780929777939913566,track_preview_car,-0.19611572576175548,0.3510213323931686,-0.002001714204855223,-2.182872805756882e-05,1.5047774565553319e-06,3.1414107673161324,119.63239570083176,125.82308981789147,-0.2793604632740254,0.00012125808788803425,-0.000303113751890768,0.2793604895904251,-0.0013410980477331096
59.69049936700003,1780929778058383842,track_preview_car,-0.229661408357267,0.3510218423724358,-0.0020017042362889845,-2.170925785522015e-05,1.4904335192742071e-06,3.1413563199953516,118.20111324342328,125.82306805877607,-0.2793742335131787,0.00013421448455505847,-0.0002997310993446317,0.2793742657522414,-0.0013350668963427654
59.79406251299997,1780929778161947660,track_preview_car,-0.25761741856610887,0.35102284439689707,-0.0020017028937220085,-2.1625943458038972e-05,1.538902256049977e-06,3.141312666959672,117.0083234745127,125.82302530573239,-0.27939059415432665,0.0001394836026398809,-0.0003024546034604758,0.27939062897238176,-0.0012578865864771797
59.89582496100002,1780929778263708004,track_preview_car,-0.2855743597958819,0.3510240665321127,-0.002001709551364219,-2.1635948912731864e-05,1.6008003767573718e-06,3.1412716374449685,115.81549398204237,125.82297316129652,-0.2794027958523043,0.00014248828592912876,-0.0003079775600161822,0.2794028321849943,-0.0011999798572933165
60.01552278200006,1780929778383408019,track_preview_car,-0.3191237944062835,0.3510260582300415,-0.002001721224086781,-2.1773675938738246e-05,1.6192130428189377e-06,3.141223218695669,114.38405143866524,125.8228881821849,-0.2794182050386031,0.00015255669544068928,-0.0003123124287778494,0.27941824668503695,-0.001186842189894937
60.11593666299996,1780929778483820827,track_preview_car,-0.3470826812380172,0.35102870554483073,-0.002001725329273817,-2.1898420050705508e-05,1.5684707038459085e-06,3.1411804881335588,113.1911389338446,125.82277523008722,-0.2794352021720751,0.00016956633695648445,-0.0003105425485236464,0.27943525362003113,-0.001204045523290029
60.23479863900002,1780929778602683224,track_preview_car,-0.38063469932965993,0.3510335867975052,-0.002001719661725948,-2.1938935728836242e-05,1.4789729984797104e-06,3.1411235578604,111.75958616193451,125.82256696330644,-0.27947306986974346,0.00019355121256502806,-0.0003039750327947369,0.27947313689242187,-0.0011983239617259578
60.35147031999986,1780929778719355626,track_preview_car,-0.4141890224512338,0.351039737870155,-0.0020017090505395087,-2.183446911728864e-05,1.4467689414077133e-06,3.1410587187753114,110.3279350420807,125.82230451754005,-0.2795040614055074,0.00020107946171146952,-0.00029952457893370763,0.2795041337353055,-0.0012778859364987304
60.47142185099983,1780929778839306046,track_preview_car,-0.44774625842577304,0.3510462886913864,-0.0020017069261543973,-2.173829923742628e-05,1.496777013709746e-06,3.1409896962330515,108.89615964050034,125.82202501583419,-0.2795326438015892,0.0002020675807069892,-0.0003020134316607915,0.2795327168365329,-0.0012871501690441742
60.59088086899965,1780929778958766045,track_preview_car,-0.4813063034587358,0.3510529496205096,-0.00200171641045378,-2.178642380320748e-05,1.5596128681056622e-06,3.140919538916504,107.4642643857606,125.82174081619159,-0.2795626131159167,0.00020292895657363506,-0.00030864508845888456,0.2795626867669595,-0.001294868949847053
60.69103548699968,1780929779058919742,track_preview_car,-0.5092747987490234,0.35105891115174553,-0.002001726087243755,-2.1922871708704604e-05,1.5582681344673381e-06,3.1408567692494946,106.27094192004166,125.82148645752552,-0.27959333863248065,0.00020928958068500603,-0.0003113657727552183,0.2795934169643226,-0.001361542957340688
60.79965293799978,1780929779167538796,track_preview_car,-0.5372424279057938,0.35106655114869284,-0.001999981061750821,8.639603193758709e-08,-2.6064792923543604e-07,3.140755805877274,105.0776564093528,125.82116048432243,-0.2797636381721614,0.00019819274006750037,1.4992849674843184e-06,0.27976370837491815,-0.002092317516217054
60.90153580599963,1780929779269420301,track_preview_car,-0.5652032461470301,0.35107750374140717,-0.0019999748598328337,4.2556263537596546e-10,-2.6559554575816917e-07,3.14053960886407,103.88466149772671,125.82069317369996,-0.27976582089694535,0.00021502373592152425,6.397919967799967e-06,0.2797659035289124,-0.0022638142739045417
61.00239652299979,1780929779370281158,track_preview_car,-0.5931622307074697,0.35109223147433655,-0.0019999805780962967,2.880269477163051e-09,-1.9407460014774748e-07,3.1403163255132682,102.69174482314796,125.8200647904283,-0.27991089348372383,0.00013843751805055348,0.004207561689226113,0.2799109277177349,-0.0022343990548487117
61.10241309000003,1780929779470296563,track_preview_car,-0.621138100785758,0.35111268289997777,-0.002004874820798301,-2.9157531988322046e-05,-3.374955312027723e-05,3.1401233216985327,101.49810769980766,125.81919219626761,-0.28018322860044326,0.00041236952887736643,-0.005224647184684134,0.28018353205996355,-0.003108133176724183
61.221797228000014,1780929779589680932,track_preview_car,-0.6547136304411743,0.3511450693637584,-0.001999985662879571,-7.339777367950668e-10,-1.496854982283302e-07,3.1399118349600097,100.06555176784323,125.81781037381297,-0.27993980789076733,0.00013650801621861266,0.0009288862325135712,0.2799398411737033,-0.0011798529128314163
61.32275872299988,1780929779690643749,track_preview_car,-0.6827058898740093,0.3511824351493824,-0.0020000811513146144,-1.1030198341591004e-05,9.21394801773521e-06,3.1398484312166475,98.8712153653756,125.81621610029302,-0.27994992923958417,0.0005392721967782866,-0.0001059087449054503,0.27995044864359553,-0.0010496484262236003
61.442253678999805,1780929779810139166,track_preview_car,-0.7162780276159488,0.35123379267904575,-0.001999971341718603,2.2481316490938975e-09,-2.9414700152621196e-07,3.139781422067594,97.43880415505285,125.81402484569405,-0.2796294680838928,0.00037859813510546735,0.002762410208376467,0.279629724381062,-0.0012058475162052874
61.54258786599985,1780929779910472853,track_preview_car,-0.7442514637405923,0.3512836163498054,-0.002003475468996832,2.0634161320433202e-07,-4.439615944790528e-05,3.139794842173162,96.24527088040139,125.81189903574163,-0.27999359325471773,0.0006705200571320067,-0.003884478098942316,0.2799943961239856,0.0020440970490579824
61.644065689999934,1780929780011950816,track_preview_car,-0.7722222414928649,0.3513343417182491,-0.001999930474257301,-2.5559233403921167e-09,-7.432326278875752e-07,3.139838312001086,95.05185102963776,125.8097347533547,-0.2796246303884052,0.0005117357797740375,0.0028017171598783666,0.27962509864702867,0.00026119034733983426
61.74420978799981,1780929780112097730,track_preview_car,-0.8002045615602484,0.3513887973688615,-0.001999965490210793,2.3728329362627953e-09,-3.54321796646455e-07,3.140012484970172,93.85793870676272,125.8074113122619,-0.2798487418614484,0.00032801038137028203,0.0027386086302419125,0.2798489340916736,0.0013683854792263125
61.86280742100007,1780929780230692588,track_preview_car,-0.8337836936227375,0.3514493845958227,-0.001999988005318499,1.1663791236409065e-09,-1.2272342507164119e-07,3.140250009796912,92.42522907209653,125.8048262572449,-0.2797126964049019,0.0001578815115372923,0.004221266299996145,0.27971274096235316,0.001237954084384696
61.98254047299997,1780929780350425369,track_preview_car,-0.8673622141665689,0.3515019680263228,-0.0020000820357008874,-1.11728855571511e-05,9.331432294913951e-06,3.1404824602995087,90.99254552889306,125.80258269754356,-0.2798516391474874,0.0005662440680947625,-0.00010385255476509177,0.27985221200819577,0.0016554021107065859
62.08342641599984,1780929780451311703,track_preview_car,-0.8953371809354884,0.35153413993210386,-0.002004172709431443,1.4670807439263667e-07,-5.287915303491188e-05,3.1406033420037054,89.7989469467525,125.80121002956356,-0.27998551586651893,0.0004979366171803041,-0.00423085701119107,0.27998595864063514,0.0024546384806151266
62.184484644999884,1780929780552369662,track_preview_car,-0.9233041827510672,0.35156645433818245,-0.0020026569698584724,1.8572965633650788e-07,-3.4036350237985e-05,3.1406952220573796,88.60568820262114,125.79983128157087,-0.27996400500453644,0.00045756973441840755,-0.003465557822696648,0.27996437892746634,0.0025484638480494574
62.28749434999963,1780929780655380097,track_preview_car,-0.9512737186961007,0.3515959873729092,-0.0020027310243614566,-1.1485076234186075e-08,-3.5543128945549566e-05,3.140795143140378,87.41232133563304,125.79857120542255,-0.2799240290859113,0.0003282179238330097,-0.002764679705926542,0.2799242215077067,0.0020276989886976247
62.40599028999986,1780929780773875337,track_preview_car,-0.9848520928509857,0.3516288056431054,-0.001999939142035446,-4.0439434135159995e-09,-6.577178313820832e-07,3.1409875398144163,85.97964403835795,125.7971709592275,-0.279630701534812,0.00013634013976272316,0.002795820189217362,0.27963073477263695,-0.00018986577321066796
62.52350446899982,1780929780891388443,track_preview_car,-1.018431992822217,0.35165428251159564,-0.002002688662841094,3.588537099247685e-05,1.1043142939010044e-06,3.1411682389461455,84.5469016395854,125.79608394617192,-0.27985145516085036,-1.6394854190193515e-05,-0.0026206276147747202,0.2798514556410895,0.0030514072434129074
62.6449304329999,1780929781012818465,track_preview_car,-1.0520115465491702,0.35167227860763334,-0.0019999941982780166,-6.994998844593907e-08,-1.1253878575726939e-07,3.141330731042484,83.11417401390207,125.79531611274098,-0.27989865041644035,0.00014840254993792065,-3.815321039531139e-07,0.2798986897580293,0.0011207849708667784
62.74529314499978,1780929781113184574,track_preview_car,-1.0799918993124098,0.35168049316391464,-0.0020012172654470676,2.5663688214442627e-05,1.5560270510672717e-05,3.141427077278716,81.92034562933719,125.79496562500631,-0.27970654627435165,7.799115157424685e-05,-0.00122808679745847,0.27970655714756804,8.163798982214605e-05
62.8453317489998,1780929781213219341,track_preview_car,-1.107968054509886,0.3516861021609274,-0.0020053390014160817,3.902355599321931e-05,-2.0839377871383877e-05,3.141472978603969,80.72669634091153,125.79472630780043,-0.2798787722888314,4.2670549949092006e-05,-0.0053645592322429875,0.27987877554162516,0.0007253419092510282
62.9453588209999,1780929781313243627,track_preview_car,-1.1359447020840543,0.3516907922854611,-0.002004333189668583,-1.7514550627047e-08,-5.488806536252829e-05,3.1415306764244186,79.53302604441367,125.79452619582032,-0.28005348979939765,0.00013681435055329328,-0.004357374359769808,0.28005352321830884,0.0014484433928940717
63.06561013400005,1780929781433494990,track_preview_car,-1.1695192277350526,0.35169496894949953,-0.0020038184277370494,-2.9890711304310996e-12,4.019318665099457e-05,-3.141567483392385,78.10051294997109,125.79434799148802,-0.2789636390180572,1.0085035719603684e-05,-0.0007135811350341015,0.2789636392003532,-0.00010101471754646066
63.16709901399963,1780929781534984261,track_preview_car,-1.1974933965352126,0.35169431668217416,-0.001999989613685581,2.188555513113204e-09,-1.0242618703308743e-07,-3.1415136522726206,76.9069484144976,125.79437582156056,-0.2796593592947743,-9.4671506260667e-05,0.004913915343483094,0.27965937531907953,0.00040773880159335787
63.28605294599993,1780929781653937291,track_preview_car,-1.2310689279057858,0.35169184005647464,-0.002000576556806516,-2.019794110701066e-08,-7.501271651102068e-06,-3.141445511715237,75.47439240935313,125.79448149092374,-0.2799477216534568,6.583328995073251e-05,-0.0005890231800257658,0.27994772939422713,0.0009459384129209924
63.38702889999968,1780929781754913295,track_preview_car,-1.2590506014678826,0.3516888718375025,-0.0020010991913325285,1.1073637825290531e-07,-1.4129887394383297e-05,-3.1413898169988697,74.28050767070368,125.79460813493323,-0.2800338562680312,2.516419326409689e-05,-0.0026678058969880156,0.28003385739867415,0.00047725099161569583
63.502835992999735,1780929781870719546,track_preview_car,-1.2926262081183597,0.3516828844996856,-0.0019999753939102406,2.5728284029738744e-09,-2.491447521685715e-07,-3.1413178730189455,72.84794845361665,125.79486359468008,-0.2799488133748437,3.0338123758809204e-06,0.003535109151062654,0.2799488133912824,0.0005439376489705443
63.60478910999973,1780929781972672163,track_preview_car,-1.3206195457363656,0.3516783517883174,-0.0019999785624277323,2.393937507559778e-09,-2.1714724096029293e-07,-3.1412728806041095,71.65356604858172,125.79505699036513,-0.2799125065696849,-4.842090217504152e-05,0.0005669912167747679,0.27991251075775025,0.0005112321874894728
63.70557344500003,1780929782073457099,track_preview_car,-1.3486142046861895,0.3516721686474687,-0.001999984201082578,1.301573689989142e-09,-1.629244169663446e-07,-3.1412331043898702,70.45912726672259,125.79532080437467,-0.27992317781423937,-5.1122259226910326e-05,0.0005955693065503309,0.2799231824824583,0.0005385245777195321
63.82517575499969,1780929782193059639,track_preview_car,-1.3822017098338286,0.35166273179567725,-0.0020037119368748924,-1.2389222400552742e-07,-4.727050446202273e-05,-3.141162481000345,69.0260603804233,125.79572344338443,-0.2801549536974972,-9.830109489024816e-05,-0.0037530981486021664,0.2801549709434977,5.3644957669560654e-05
63.92684499000006,1780929782294731118,track_preview_car,-1.4101971994843294,0.35165160142632396,-0.001999965740751199,-3.5659870751394758e-09,-3.791146219161133e-07,-3.1411519369043113,67.83158615533529,125.79619833914352,-0.27971884229526717,-5.4292308614254196e-05,0.003746458296041777,0.2797188475642271,0.0005671480293595302
64.04695906699999,1780929782414845677,track_preview_car,-1.4437870374479498,0.35163762330651366,-0.001999983791298674,1.2761091968418068e-09,-1.6664772647664255e-07,-3.1411213511258866,66.39841973555414,125.79679473892209,-0.27987941973034064,-0.00022528720819955093,0.002695367754782524,0.2798795104020985,0.0008373994108780079
64.16527125499988,1780929782533156030,track_preview_car,-1.4773538407336806,0.3516220269808339,-0.0020041966287453394,1.1525964895921618e-11,4.417472826813711e-05,-3.1411045487166374,64.9662361286963,125.79746018215108,-0.2791937005394734,-3.60090874720847e-05,-0.0030435003000805648,0.27919370286161455,0.00038192337787224906
64.26542226599986,1780929782633307032,track_preview_car,-1.5053271094217218,0.35160880009028167,-0.002005661325423132,2.631314576618832e-05,3.965021540393485e-05,-3.1410961458344837,63.77270999800653,125.79802452948131,-0.27952430953158086,-0.00020827824827582397,-0.005691278871632915,0.27952438712737704,0.0016358626500900645
64.36736975899976,1780929782735253072,track_preview_car,-1.5332997969809719,0.35159657301918734,-0.0019999924062926128,1.2999487945816689e-09,-7.913654409563119e-08,-3.141089096809316,62.579208662145206,125.79854621784801,-0.279707773912792,-0.00014103866252006964,0.009791844375736507,0.2797078094711585,0.001484322720385947
64.48730445299998,1780929782855191504,track_preview_car,-1.5668668257992031,0.3515829820250537,-0.00200467583065343,6.393886087272729e-12,4.9219210622947764e-05,-3.1410040791939013,61.14701543256733,125.79912610026437,-0.2793576602831745,-2.486949076519299e-05,-0.004703305456726274,0.27935766139016327,0.0002623130626692361
64.604926213,1780929782972809336,track_preview_car,-1.6004349742169293,0.3515650049812892,-0.002001281381186163,1.6541048964297372e-05,9.533767959436376e-07,-3.140896874765271,59.71477443341102,125.79989312079833,-0.2798848379186437,-0.00029367787665361716,0.000454808976218524,0.27988499199392725,0.002274629667916067
64.70743679899988,1780929783075322005,track_preview_car,-1.6284094364672876,0.3515494873236426,-0.0020014195090401216,1.8268988768535996e-05,1.0980043732798122e-06,-3.14073369921417,58.52119737739572,125.80055520752458,-0.27986567093996445,-0.0003084947030014718,0.00030320462782681756,0.2798658409660926,0.0023993424858987297
64.82590366799968,1780929783193790548,track_preview_car,-1.6619726655171088,0.351527911906427,-0.002001412781985347,1.8031292569685866e-05,1.2076426575664217e-06,-3.140527498410196,57.08916627127003,125.80147575865911,-0.27984151236225446,-0.00032349348396493145,0.00031183109107013916,0.2798416993395158,0.00256028816603705
64.94379658999969,1780929783311680895,track_preview_car,-1.695494964505092,0.35154608510237584,-0.0020027181542633986,4.143844985455382e-05,1.3671322704195851e-05,-3.1396619610628345,55.658881514449405,125.8007003689653,-0.2789095103226618,-0.00025232815068759685,-0.002739351153931096,0.27890962446269696,0.005162116548042183
65.04558575500005,1780929783413469449,track_preview_car,-1.7220998173517958,0.3529912145529043,-0.002004296277817901,1.458876107974987e-07,-5.450172808955348e-05,-3.117376772548733,54.52374112632337,125.73904151240941,-0.2664450881676007,0.012579693296105648,-0.004313602140667442,0.2667418858973307,0.235757733482051
65.14822441399974,1780929783516107316,track_preview_car,-1.7477058083176775,0.35513719445103453,-0.0019999362607118695,1.3421752016686266e-07,-5.706020495599525e-07,-3.0762779160085376,53.431218845112426,125.64747970342253,-0.2570066200487548,0.017899407699491474,6.128130080438014e-05,0.2576291744831661,0.43083977349788327
65.24974722599973,1780929783617632713,track_preview_car,-1.7725907777988092,0.3572267980289829,-0.0019999346640960877,6.183088994213714e-09,-7.014570867402253e-07,-3.0211933331697036,52.369460147250805,125.55832328409673,-0.2518657509062503,0.01708731645903193,0.005685504725799998,0.25244471248837913,0.6024612690595813
65.35214898799995,1780929783720035027,track_preview_car,-1.7970501275634427,0.3586205571349667,-0.0019999910499468834,-2.2949044789604546e-07,-2.5148308301317754e-07,-2.9572763272532905,51.32586122395978,125.49885622890808,-0.2434250259372357,0.00612640831007887,0.005168751993543819,0.24350210703672703,0.6388943556660771
65.46670001199982,1780929783834584668,track_preview_car,-1.8262218460318451,0.3586463001092349,-0.002000108172902023,2.6287656769964928e-05,2.1046770301760405e-05,-2.874920711085804,50.0812012359746,125.49775786200598,-0.24095664377655485,-0.009289327487322788,-0.00014819787779579547,0.2411356377336794,0.684421854664565
65.58719894199976,1780929783955084069,track_preview_car,-1.8552088588204894,0.3562333389233023,-0.002004413057428727,3.232549211095422e-05,-2.3921773838767686e-05,-2.7930346399008315,48.84442202365912,125.60071087260577,-0.23917122403035918,-0.029093382126582894,-0.004446492153025846,0.2409342219107606,0.6875866724766065
65.68771545399977,1780929784055600310,track_preview_car,-1.8791721088911444,0.3523649197168039,-0.0020034657271512644,4.018350177169384e-07,-4.51277989422941e-05,-2.725523514672358,47.821990020644506,125.76576342541637,-0.24172091487013203,-0.05029321924696707,-0.0034726202102352624,0.24689756699464888,0.6468449454972284
65.80616918199985,1780929784174055009,track_preview_car,-1.9076571965329816,0.34521973087779606,-0.0020028914352104095,-1.0690295153071106e-05,-2.6815224292690076e-05,-2.6489419739149507,46.60662628125945,126.0706248158807,-0.2350091716079542,-0.07076372310729556,-0.0038318440195370933,0.24543189533526985,0.6220184316110494
65.9105723849998,1780929784278458183,track_preview_car,-1.930879815751172,0.3372078817477411,-0.0020037093977879165,-1.1469104086184143e-07,-4.734521324361001e-05,-2.590784723216921,45.61579452795,126.41246371209638,-0.23028205207257574,-0.08882478281397452,-0.003755016944993715,0.24681909478139294,0.5599558854992269
66.02918338799964,1780929784397069336,track_preview_car,-1.958178973900248,0.32520278471671976,-0.0019999671325732363,-5.088966789767459e-10,-3.4873472661702694e-07,-2.528152431412467,44.45103044692276,126.92468118541996,-0.2246329314558918,-0.10907540339469152,-2.2667438670936903e-08,0.24971463217076822,0.5008840395023602
66.12960848900002,1780929784497493876,track_preview_car,-1.980413882834143,0.3132934692940408,-0.0019990429239898507,1.0582103993295969e-05,-2.0579672046977176e-06,-2.4824891389172214,43.502340999076566,127.43281197678759,-0.22053587559054863,-0.1245689645145226,0.0010191302241867415,0.253285410836689,0.45239863140933007
66.249522565,1780929784617407280,track_preview_car,-2.0064156090112135,0.29703812157077686,-0.0020026955674257462,2.9383460403386465e-08,-3.4805377023082245e-05,-2.43463094317654,42.39293401552156,128.12637347964684,-0.21333166707731685,-0.14246602649689785,-0.002745969613884345,0.2565286901767557,0.3783729931387542
66.35118180799964,1780929784719067105,track_preview_car,-2.0275740505661326,0.28184048450307875,-0.00200096725283887,1.3312443106805961e-05,8.633295669997462e-08,-2.4018964793987085,41.49017384251168,128.7748059945353,-0.20881105757558793,-0.1559704228888787,0.0009063030809004295,0.2606315993542823,0.32612309391775135
66.46839497199971,1780929784836281832,track_preview_car,-2.052274397994903,0.262117372093988,-0.0019999902539945867,1.2288206019360287e-09,-9.973517147029311e-08,-2.369340181256039,40.43629235221748,129.61632545732317,-0.20259776378146835,-0.16589134854547016,0.009722576852948363,0.26185070825087775,0.28404648106910224
66.57118306199982,1780929784939068118,track_preview_car,-2.0723345489348577,0.24591215069309574,-0.001999720545669072,-8.383327207474671e-06,3.4177023144720045e-06,-2.333152323459139,39.58039257877941,130.3077482370946,-0.21083381358966352,-0.12532114510514275,5.866990986274044e-05,0.24526778500900853,0.8196463702042253
66.69168087599974,1780929785059570191,track_preview_car,-2.0958939498259923,0.22697631926854825,-0.001999890374437283,8.279557109900988e-09,-1.1475457960311203e-06,-2.27348353005253,38.575191474091,131.11567704454194,-0.19077004748760895,-0.15918707050238473,0.0017115504685044347,0.24846274254615275,0.5209965321435414
66.80935328999976,1780929785177238457,track_preview_car,-2.1183502372632503,0.20781377268211804,-0.002001976613520174,-3.9327747639143884e-05,1.6658245226327392e-05,-2.201501853683137,37.61705654343466,131.93327903222962,-0.1827612942835464,-0.1656874827608574,-0.0020883312750610253,0.2466861014160029,0.612296079542179
66.90990507399965,1780929785277790761,track_preview_car,-2.1361487061807662,0.1913193492730647,-0.001999914224876943,5.513663371017923e-07,-4.863196657251742e-07,-2.1336425140727946,36.85765520295398,132.63704109768258,-0.17141466531588917,-0.16896416025449285,7.894009798538367e-05,0.24069041305349956,0.6857758358225892
67.01050859799989,1780929785378392953,track_preview_car,-2.15280293494023,0.17397669199891524,-0.0019999821154150547,-2.892967441560747e-10,-1.9015527120634927e-07,-2.062933817809384,36.147074775883524,133.37699447471294,-0.16004699583428603,-0.17764167995478547,-6.210880501510419e-07,0.23910584964140547,0.7132459245636084
67.1185692199997,1780929785486454908,track_preview_car,-2.1659008344601016,0.15328995602008036,-0.0019997797467296717,-7.125037600883871e-10,-2.3121911450745394e-06,-2.041221963565067,35.588231063035664,134.25962854314324,-0.09558978402459571,-0.2434379189139914,0.0012787073108592036,0.2615328414846669,-0.3135814436028217
67.229313671,1780929785597199539,track_preview_car,-2.181345581886236,0.12839768268126628,-0.0020041981715777134,2.8683453227771014e-05,-2.5571464433171493e-05,-2.0007180086741676,34.92925517285393,135.32169887226598,-0.1549376410911978,-0.17435701697541833,-0.004083094463139753,0.23325102785512253,0.8541773355747426
67.33171890499989,1780929785699603351,track_preview_car,-2.198945004409313,0.11535648765322679,-0.001999058227913412,-2.7521829769722753e-08,-1.0021750757026224e-05,-1.847585317927226,34.17834647853597,135.87812319346233,-0.18373238780948783,-0.1199349033307653,-7.535047615289572e-06,0.21941278761078636,1.800134006041114
67.43252051499985,1780929785800404900,track_preview_car,-2.2119956710439705,0.09754603555124437,-0.0019999888325617546,3.943414793234317e-08,-1.689453739182082e-08,-1.7380010120988947,33.62151803545726,136.63803581648023,-0.08963105657571764,-0.2279071379213291,0.005159115474455736,0.24489873380311958,0.6224560167297414
67.54856615499966,1780929785916450140,track_preview_car,-2.2205189054859056,0.06833762990768258,-0.0019998866921820944,-5.6136576837487145e-06,3.063926925438647e-06,-1.6824994619563178,33.25786003260136,137.88426112393887,-0.06339999573563869,-0.24935593391071242,0.0007784583788692498,0.25728960576704724,0.44141857345739016
67.65174726899977,1780929786019631955,track_preview_car,-2.2259183079697347,0.04297140868353032,-0.0019997849079474396,1.6741763661768203e-06,-9.935819063275128e-07,-1.6447769536266084,33.02748552662466,138.9665532295027,-0.0499759637930585,-0.2546917368186334,0.00024921679715374896,0.25954860385048717,0.3780530670450836
67.76818671199999,1780929786136071448,track_preview_car,-2.230609857222741,0.011907786514259538,-0.0020011409585109136,4.4419074045998145e-07,-1.5059929063665628e-05,-1.607699877557582,32.827312758496376,140.29193444205825,-0.03402807334663734,-0.26076200963823054,-0.0026852582738395576,0.2629728796782147,0.3021792841170891
67.869719411,1780929786237606762,track_preview_car,-2.2332233869983837,-0.01448865939575133,-0.002003340861121783,-1.9529386314826962e-08,-4.248299285445636e-05,-1.5829809887595236,32.71580215473563,141.4181828008854,-0.020425590645757156,-0.2676002491282659,-0.003767319981255079,0.26837864685316903,0.21315190950867446
67.98982864299978,1780929786357715943,track_preview_car,-2.2351068811470967,-0.046588275555134916,-0.002004187778377197,5.859719358436185e-09,4.4081410031457186e-05,-1.5593278966818012,32.63543973772387,142.78776642368575,-0.010636716042589528,-0.27042927872690964,-0.0023105127406415475,0.2706383833105113,0.17165731313430432
68.0898413709997,1780929786457726768,track_preview_car,-2.2358454509008854,-0.07363289404113443,-0.0019998464149583277,1.4745856485542703e-06,-4.99337801696059e-07,-1.5432940444948764,32.603927428228886,143.94167014575507,-0.0040078664228882675,-0.27158933867377366,0.00012390165885988415,0.2716189092727556,0.14239341645870732
68.20787488099995,1780929786575759707,track_preview_car,-2.235858183528581,-0.10638195961636022,-0.00200341929230725,-1.7575148372542677e-08,-4.3714315683230724e-05,-1.5285317776493563,32.60338416944721,145.33896361029804,0.0030699704402574403,-0.274753511101267,-0.0036004106017887482,0.2747706617908435,0.10591549258419025
68.31029153200006,1780929786678176238,track_preview_car,-2.2352678717958634,-0.13386591283136715,-0.0020037582132332523,3.292936068039799e-09,3.955923199842305e-05,-1.5197136631614345,32.62857080337649,146.511612280805,0.00766965170681647,-0.27485616876554453,-0.00019488007253524417,0.274963155833245,0.07791396881507466
68.41089829599969,1780929786778785797,track_preview_car,-2.234278238655139,-0.16144359180654988,-0.002003733535058517,7.676092364010035e-09,-4.7069929176001074e-05,-1.5132417248335235,32.67079515071407,147.68825991707945,0.011970414552767254,-0.2765190052146358,-0.0037511090113855894,0.2767779815474072,0.05028082356514072
68.51212844099973,1780929786880012485,track_preview_car,-2.2329396332646905,-0.1891512242705531,-0.00200526249747938,9.951109284721216e-10,5.53947045943669e-05,-1.5092462314165844,32.727908980706545,148.8704522355436,0.014272287247856816,-0.27686345910831384,-0.005288863858062868,0.27723108262369556,0.03574143802437241
68.63091569599965,1780929786998800071,track_preview_car,-2.2310226568893676,-0.22255375099021177,-0.0020014597664511713,1.877595987629273e-05,1.136274094047275e-06,-1.5068460186634338,32.80969997272031,150.2956267089157,0.016868009996626118,-0.2789742745235181,0.000362776060107537,0.2794837662676841,0.015244336238230299
68.75098987899992,1780929787118873653,track_preview_car,-2.2288870125946723,-0.25601216007088035,-0.002001673456291578,-2.1220792740328795e-05,1.5357891512161676e-06,-1.5065712826645812,32.900820795960655,151.72318549635756,0.018095282369445083,-0.2786675776891136,-0.0003666524840880746,0.2792544683602182,-0.004091014499742072
68.85448507899991,1780929787222369754,track_preview_car,-2.2269949468784302,-0.28383241701429596,-0.002001689489416824,-2.1532221545311014e-05,1.4690901995230881e-06,-1.508086691991819,32.98154893318697,152.9101831259433,0.01860431598868371,-0.2780270326362189,-0.0002821347794751439,0.27864879588813574,-0.0163814739565553
68.9724226469998,1780929787340305489,track_preview_car,-2.2247064147759015,-0.31715647962943244,-0.002001694713100053,-2.1613167986137575e-05,1.4625425926138023e-06,-1.511111988009508,33.07919296956153,154.33200979752246,0.018961099422314567,-0.2772473013336349,-0.0002919808464053634,0.27789492508515923,-0.0318299216996504
69.07252573999995,1780929787440408843,track_preview_car,-2.2228412367402464,-0.34490285346159794,-0.0020017187002392012,-2.1847492891801547e-05,1.5369493948053923e-06,-1.5141991531916577,33.15877389908282,155.51585508102818,0.018102666741467762,-0.2773013872049211,-0.0003067455205280809,0.2778916441509644,-0.03173000654808165
69.18845205799971,1780929787556336924,track_preview_car,-2.2206866202048907,-0.3781804564469778,-0.002001732085719742,-2.1925664779551954e-05,1.6177754282452984e-06,-1.518372150632603,33.25070420459133,156.93569947507106,0.017340734578246322,-0.27710705396568763,-0.00031408105464279633,0.27764909586248554,-0.03665186007735067
69.29205092899974,1780929787659936877,track_preview_car,-2.2189900766235997,-0.40591338166772295,-0.0020017274527253017,-2.1850562002455206e-05,1.6257709548349844e-06,-1.5219546369008057,33.32309006405974,158.11897095115617,0.01636591350190568,-0.27715683706429245,-0.00031386963486702217,0.277639614349672,-0.036862634283631394
69.39339967199976,1780929787761284879,track_preview_car,-2.217392787252263,-0.43365220389965575,-0.002001710475983193,-2.1691049964543814e-05,1.568380164351432e-06,-1.525542792780819,33.39124107723677,159.30249403305197,0.015337481722285363,-0.277231457216104,-0.0003064147069588123,0.2776553965183208,-0.03652879230411953
69.51042675500003,1780929787878313996,track_preview_car,-2.215618223113352,-0.4669537783673315,-0.0020016935004056385,-2.1570955370861654e-05,1.4815169629392073e-06,-1.5297058830792192,33.466955813830324,160.72336121033948,0.013926753377955984,-0.2774551296478562,-0.00029820556177600425,0.2778044337795189,-0.03343631118545398
69.62697920099981,1780929787994864658,track_preview_car,-2.214008923329919,-0.5002836537575904,-0.002001697410631153,-2.1647527898513963e-05,1.4649414111604222e-06,-1.533452537185431,33.53561927125679,162.14543589365718,0.01266548782568403,-0.2776485396536551,-0.0002957790281474737,0.2779372701774086,-0.03067765108283273
69.72841327800006,1780929788096301070,track_preview_car,-2.2127843683526605,-0.5280797271401563,-0.0020017142305549136,-2.180345393990704e-05,1.5234615484605822e-06,-1.536245119458718,33.58786695028648,163.33140169131335,0.011643118452314648,-0.27784796272319257,-0.0003034304364707691,0.27809180605822104,-0.027455324734685156
69.8301306569997,1780929788198015664,track_preview_car,-2.211658542666916,-0.5558958697709864,-0.0020017289085434136,-2.190256241591597e-05,1.6022450770631698e-06,-1.5387029395413083,33.635902179544914,164.5182237768954,0.010700127251631641,-0.2780505839638017,-0.00031171718575533335,0.27825639249766076,-0.02401875347411737
69.93158778899988,1780929788299473186,track_preview_car,-2.2106226095972925,-0.5837320798580483,-0.0020017298633176477,-2.1864731951955527e-05,1.6406227123056538e-06,-1.5408180644336045,33.680101990515524,165.7059020739434,0.009848667744254668,-0.278250375781195,-0.00031413332133995516,0.278424617946605,-0.020604118763029287
